codigo_producto,codigo_botica,fecha_venta,cantidad,precio_unitario
SKU-000028,BOT-001,2025-05-12,40,0.8
SKU-000028,BOT-001,2025-05-19,48,0.8
SKU-000028,BOT-001,2025-05-26,46,0.8
SKU-000028,BOT-001,2025-06-02,49,0.8
SKU-000028,BOT-001,2025-06-09,24,0.8
SKU-000028,BOT-001,2025-06-16,41,0.8
SKU-000028,BOT-001,2025-06-23,33,0.8
SKU-000028,BOT-001,2025-06-30,33,0.8
SKU-000028,BOT-001,2025-07-07,45,0.8
SKU-000028,BOT-001,2025-07-14,60,0.8
SKU-000028,BOT-001,2025-07-21,31,0.8
SKU-000028,BOT-001,2025-07-28,38,0.8
SKU-000028,BOT-001,2025-08-04,50,0.8
SKU-000028,BOT-001,2025-08-11,35,0.8
SKU-000028,BOT-001,2025-08-18,29,0.8
SKU-000028,BOT-001,2025-08-25,55,0.8
SKU-000028,BOT-001,2025-09-01,39,0.8
SKU-000028,BOT-001,2025-09-08,47,0.8
SKU-000028,BOT-001,2025-09-15,30,0.8
SKU-000028,BOT-001,2025-09-22,49,0.8
SKU-000028,BOT-001,2025-09-29,66,0.8
SKU-000028,BOT-001,2025-10-06,51,0.8
SKU-000028,BOT-001,2025-10-13,41,0.8
SKU-000028,BOT-001,2025-10-20,41,0.8
SKU-000028,BOT-001,2025-10-27,51,0.8
SKU-000028,BOT-001,2025-11-03,55,0.8
SKU-000028,BOT-001,2025-11-10,38,0.8
SKU-000028,BOT-001,2025-11-17,39,0.8
SKU-000028,BOT-001,2025-11-24,62,0.8
SKU-000028,BOT-001,2025-12-01,47,0.8
SKU-000028,BOT-001,2025-12-08,52,0.8
SKU-000028,BOT-001,2025-12-15,56,0.8
SKU-000028,BOT-001,2025-12-22,31,0.8
SKU-000028,BOT-001,2025-12-29,35,0.8
SKU-000028,BOT-001,2026-01-05,64,0.8
SKU-000028,BOT-001,2026-01-12,32,0.8
SKU-000028,BOT-001,2026-01-19,51,0.8
SKU-000028,BOT-001,2026-01-26,27,0.8
SKU-000028,BOT-001,2026-02-02,37,0.8
SKU-000028,BOT-001,2026-02-09,39,0.8
SKU-000028,BOT-001,2026-02-16,44,0.8
SKU-000028,BOT-001,2026-02-23,50,0.8
SKU-000028,BOT-001,2026-03-02,41,0.8
SKU-000028,BOT-001,2026-03-09,57,0.8
SKU-000028,BOT-001,2026-03-16,75,0.8
SKU-000028,BOT-001,2026-03-23,34,0.8
SKU-000028,BOT-001,2026-03-30,43,0.8
SKU-000028,BOT-001,2026-04-06,42,0.8
SKU-000028,BOT-001,2026-04-13,45,0.8
SKU-000028,BOT-001,2026-04-20,41,0.8
SKU-000028,BOT-001,2026-04-27,51,0.8
SKU-000028,BOT-001,2026-05-04,38,0.8
SKU-000028,BOT-002,2025-05-12,46,0.8
SKU-000028,BOT-002,2025-05-19,58,0.8
SKU-000028,BOT-002,2025-05-26,48,0.8
SKU-000028,BOT-002,2025-06-02,27,0.8
SKU-000028,BOT-002,2025-06-09,40,0.8
SKU-000028,BOT-002,2025-06-16,46,0.8
SKU-000028,BOT-002,2025-06-23,27,0.8
SKU-000028,BOT-002,2025-06-30,42,0.8
SKU-000028,BOT-002,2025-07-07,41,0.8
SKU-000028,BOT-002,2025-07-14,42,0.8
SKU-000028,BOT-002,2025-07-21,44,0.8
SKU-000028,BOT-002,2025-07-28,65,0.8
SKU-000028,BOT-002,2025-08-04,55,0.8
SKU-000028,BOT-002,2025-08-11,31,0.8
SKU-000028,BOT-002,2025-08-18,80,0.8
SKU-000028,BOT-002,2025-08-25,37,0.8
SKU-000028,BOT-002,2025-09-01,42,0.8
SKU-000028,BOT-002,2025-09-08,43,0.8
SKU-000028,BOT-002,2025-09-15,36,0.8
SKU-000028,BOT-002,2025-09-22,43,0.8
SKU-000028,BOT-002,2025-09-29,36,0.8
SKU-000028,BOT-002,2025-10-06,44,0.8
SKU-000028,BOT-002,2025-10-13,34,0.8
SKU-000028,BOT-002,2025-10-20,45,0.8
SKU-000028,BOT-002,2025-10-27,36,0.8
SKU-000028,BOT-002,2025-11-03,64,0.8
SKU-000028,BOT-002,2025-11-10,48,0.8
SKU-000028,BOT-002,2025-11-17,36,0.8
SKU-000028,BOT-002,2025-11-24,52,0.8
SKU-000028,BOT-002,2025-12-01,55,0.8
SKU-000028,BOT-002,2025-12-08,18,0.8
SKU-000028,BOT-002,2025-12-15,41,0.8
SKU-000028,BOT-002,2025-12-22,37,0.8
SKU-000028,BOT-002,2025-12-29,33,0.8
SKU-000028,BOT-002,2026-01-05,38,0.8
SKU-000028,BOT-002,2026-01-12,40,0.8
SKU-000028,BOT-002,2026-01-19,53,0.8
SKU-000028,BOT-002,2026-01-26,56,0.8
SKU-000028,BOT-002,2026-02-02,44,0.8
SKU-000028,BOT-002,2026-02-09,41,0.8
SKU-000028,BOT-002,2026-02-16,22,0.8
SKU-000028,BOT-002,2026-02-23,33,0.8
SKU-000028,BOT-002,2026-03-02,30,0.8
SKU-000028,BOT-002,2026-03-09,59,0.8
SKU-000028,BOT-002,2026-03-16,35,0.8
SKU-000028,BOT-002,2026-03-23,29,0.8
SKU-000028,BOT-002,2026-03-30,57,0.8
SKU-000028,BOT-002,2026-04-06,41,0.8
SKU-000028,BOT-002,2026-04-13,58,0.8
SKU-000028,BOT-002,2026-04-20,37,0.8
SKU-000028,BOT-002,2026-04-27,42,0.8
SKU-000028,BOT-002,2026-05-04,41,0.8
SKU-000028,BOT-005,2025-05-12,45,0.8
SKU-000028,BOT-005,2025-05-19,46,0.8
SKU-000028,BOT-005,2025-05-26,34,0.8
SKU-000028,BOT-005,2025-06-02,37,0.8
SKU-000028,BOT-005,2025-06-09,42,0.8
SKU-000028,BOT-005,2025-06-16,38,0.8
SKU-000028,BOT-005,2025-06-23,39,0.8
SKU-000028,BOT-005,2025-06-30,38,0.8
SKU-000028,BOT-005,2025-07-07,40,0.8
SKU-000028,BOT-005,2025-07-14,42,0.8
SKU-000028,BOT-005,2025-07-21,19,0.8
SKU-000028,BOT-005,2025-07-28,30,0.8
SKU-000028,BOT-005,2025-08-04,48,0.8
SKU-000028,BOT-005,2025-08-11,27,0.8
SKU-000028,BOT-005,2025-08-18,29,0.8
SKU-000028,BOT-005,2025-08-25,41,0.8
SKU-000028,BOT-005,2025-09-01,42,0.8
SKU-000028,BOT-005,2025-09-08,34,0.8
SKU-000028,BOT-005,2025-09-15,33,0.8
SKU-000028,BOT-005,2025-09-22,28,0.8
SKU-000028,BOT-005,2025-09-29,46,0.8
SKU-000028,BOT-005,2025-10-06,52,0.8
SKU-000028,BOT-005,2025-10-13,26,0.8
SKU-000028,BOT-005,2025-10-20,37,0.8
SKU-000028,BOT-005,2025-10-27,29,0.8
SKU-000028,BOT-005,2025-11-03,45,0.8
SKU-000028,BOT-005,2025-11-10,43,0.8
SKU-000028,BOT-005,2025-11-17,46,0.8
SKU-000028,BOT-005,2025-11-24,25,0.8
SKU-000028,BOT-005,2025-12-01,32,0.8
SKU-000028,BOT-005,2025-12-08,43,0.8
SKU-000028,BOT-005,2025-12-15,41,0.8
SKU-000028,BOT-005,2025-12-22,49,0.8
SKU-000028,BOT-005,2025-12-29,39,0.8
SKU-000028,BOT-005,2026-01-05,27,0.8
SKU-000028,BOT-005,2026-01-12,30,0.8
SKU-000028,BOT-005,2026-01-19,34,0.8
SKU-000028,BOT-005,2026-01-26,46,0.8
SKU-000028,BOT-005,2026-02-02,56,0.8
SKU-000028,BOT-005,2026-02-09,26,0.8
SKU-000028,BOT-005,2026-02-16,32,0.8
SKU-000028,BOT-005,2026-02-23,26,0.8
SKU-000028,BOT-005,2026-03-02,42,0.8
SKU-000028,BOT-005,2026-03-09,34,0.8
SKU-000028,BOT-005,2026-03-16,31,0.8
SKU-000028,BOT-005,2026-03-23,49,0.8
SKU-000028,BOT-005,2026-03-30,50,0.8
SKU-000028,BOT-005,2026-04-06,37,0.8
SKU-000028,BOT-005,2026-04-13,37,0.8
SKU-000028,BOT-005,2026-04-20,46,0.8
SKU-000028,BOT-005,2026-04-27,28,0.8
SKU-000028,BOT-005,2026-05-04,34,0.8
SKU-000028,BOT-004,2025-05-12,55,0.8
SKU-000028,BOT-004,2025-05-19,33,0.8
SKU-000028,BOT-004,2025-05-26,49,0.8
SKU-000028,BOT-004,2025-06-02,40,0.8
SKU-000028,BOT-004,2025-06-09,49,0.8
SKU-000028,BOT-004,2025-06-16,49,0.8
SKU-000028,BOT-004,2025-06-23,35,0.8
SKU-000028,BOT-004,2025-06-30,38,0.8
SKU-000028,BOT-004,2025-07-07,45,0.8
SKU-000028,BOT-004,2025-07-14,42,0.8
SKU-000028,BOT-004,2025-07-21,43,0.8
SKU-000028,BOT-004,2025-07-28,38,0.8
SKU-000028,BOT-004,2025-08-04,38,0.8
SKU-000028,BOT-004,2025-08-11,35,0.8
SKU-000028,BOT-004,2025-08-18,35,0.8
SKU-000028,BOT-004,2025-08-25,37,0.8
SKU-000028,BOT-004,2025-09-01,60,0.8
SKU-000028,BOT-004,2025-09-08,34,0.8
SKU-000028,BOT-004,2025-09-15,43,0.8
SKU-000028,BOT-004,2025-09-22,43,0.8
SKU-000028,BOT-004,2025-09-29,53,0.8
SKU-000028,BOT-004,2025-10-06,42,0.8
SKU-000028,BOT-004,2025-10-13,34,0.8
SKU-000028,BOT-004,2025-10-20,38,0.8
SKU-000028,BOT-004,2025-10-27,42,0.8
SKU-000028,BOT-004,2025-11-03,57,0.8
SKU-000028,BOT-004,2025-11-10,39,0.8
SKU-000028,BOT-004,2025-11-17,31,0.8
SKU-000028,BOT-004,2025-11-24,39,0.8
SKU-000028,BOT-004,2025-12-01,38,0.8
SKU-000028,BOT-004,2025-12-08,46,0.8
SKU-000028,BOT-004,2025-12-15,42,0.8
SKU-000028,BOT-004,2025-12-22,43,0.8
SKU-000028,BOT-004,2025-12-29,47,0.8
SKU-000028,BOT-004,2026-01-05,41,0.8
SKU-000028,BOT-004,2026-01-12,35,0.8
SKU-000028,BOT-004,2026-01-19,40,0.8
SKU-000028,BOT-004,2026-01-26,35,0.8
SKU-000028,BOT-004,2026-02-02,43,0.8
SKU-000028,BOT-004,2026-02-09,31,0.8
SKU-000028,BOT-004,2026-02-16,45,0.8
SKU-000028,BOT-004,2026-02-23,40,0.8
SKU-000028,BOT-004,2026-03-02,55,0.8
SKU-000028,BOT-004,2026-03-09,24,0.8
SKU-000028,BOT-004,2026-03-16,39,0.8
SKU-000028,BOT-004,2026-03-23,35,0.8
SKU-000028,BOT-004,2026-03-30,53,0.8
SKU-000028,BOT-004,2026-04-06,48,0.8
SKU-000028,BOT-004,2026-04-13,40,0.8
SKU-000028,BOT-004,2026-04-20,25,0.8
SKU-000028,BOT-004,2026-04-27,43,0.8
SKU-000028,BOT-004,2026-05-04,27,0.8
SKU-000028,BOT-003,2025-05-12,41,0.8
SKU-000028,BOT-003,2025-05-19,36,0.8
SKU-000028,BOT-003,2025-05-26,29,0.8
SKU-000028,BOT-003,2025-06-02,35,0.8
SKU-000028,BOT-003,2025-06-09,19,0.8
SKU-000028,BOT-003,2025-06-16,44,0.8
SKU-000028,BOT-003,2025-06-23,48,0.8
SKU-000028,BOT-003,2025-06-30,54,0.8
SKU-000028,BOT-003,2025-07-07,35,0.8
SKU-000028,BOT-003,2025-07-14,42,0.8
SKU-000028,BOT-003,2025-07-21,37,0.8
SKU-000028,BOT-003,2025-07-28,41,0.8
SKU-000028,BOT-003,2025-08-04,37,0.8
SKU-000028,BOT-003,2025-08-11,36,0.8
SKU-000028,BOT-003,2025-08-18,37,0.8
SKU-000028,BOT-003,2025-08-25,37,0.8
SKU-000028,BOT-003,2025-09-01,38,0.8
SKU-000028,BOT-003,2025-09-08,25,0.8
SKU-000028,BOT-003,2025-09-15,35,0.8
SKU-000028,BOT-003,2025-09-22,30,0.8
SKU-000028,BOT-003,2025-09-29,38,0.8
SKU-000028,BOT-003,2025-10-06,30,0.8
SKU-000028,BOT-003,2025-10-13,30,0.8
SKU-000028,BOT-003,2025-10-20,51,0.8
SKU-000028,BOT-003,2025-10-27,36,0.8
SKU-000028,BOT-003,2025-11-03,39,0.8
SKU-000028,BOT-003,2025-11-10,35,0.8
SKU-000028,BOT-003,2025-11-17,61,0.8
SKU-000028,BOT-003,2025-11-24,45,0.8
SKU-000028,BOT-003,2025-12-01,26,0.8
SKU-000028,BOT-003,2025-12-08,38,0.8
SKU-000028,BOT-003,2025-12-15,37,0.8
SKU-000028,BOT-003,2025-12-22,38,0.8
SKU-000028,BOT-003,2025-12-29,38,0.8
SKU-000028,BOT-003,2026-01-05,25,0.8
SKU-000028,BOT-003,2026-01-12,24,0.8
SKU-000028,BOT-003,2026-01-19,30,0.8
SKU-000028,BOT-003,2026-01-26,43,0.8
SKU-000028,BOT-003,2026-02-02,47,0.8
SKU-000028,BOT-003,2026-02-09,24,0.8
SKU-000028,BOT-003,2026-02-16,44,0.8
SKU-000028,BOT-003,2026-02-23,20,0.8
SKU-000028,BOT-003,2026-03-02,38,0.8
SKU-000028,BOT-003,2026-03-09,35,0.8
SKU-000028,BOT-003,2026-03-16,43,0.8
SKU-000028,BOT-003,2026-03-23,38,0.8
SKU-000028,BOT-003,2026-03-30,66,0.8
SKU-000028,BOT-003,2026-04-06,38,0.8
SKU-000028,BOT-003,2026-04-13,34,0.8
SKU-000028,BOT-003,2026-04-20,38,0.8
SKU-000028,BOT-003,2026-04-27,44,0.8
SKU-000028,BOT-003,2026-05-04,38,0.8
SKU-000004,BOT-001,2025-05-12,43,1.2
SKU-000004,BOT-001,2025-05-19,42,1.2
SKU-000004,BOT-001,2025-05-26,52,1.2
SKU-000004,BOT-001,2025-06-02,37,1.2
SKU-000004,BOT-001,2025-06-09,40,1.2
SKU-000004,BOT-001,2025-06-16,74,1.2
SKU-000004,BOT-001,2025-06-23,77,1.2
SKU-000004,BOT-001,2025-06-30,6,1.2
SKU-000004,BOT-001,2025-07-07,52,1.2
SKU-000004,BOT-001,2025-07-14,64,1.2
SKU-000004,BOT-001,2025-07-21,72,1.2
SKU-000004,BOT-001,2025-07-28,10,1.2
SKU-000004,BOT-001,2025-08-04,77,1.2
SKU-000004,BOT-001,2025-08-11,48,1.2
SKU-000004,BOT-001,2025-08-18,61,1.2
SKU-000004,BOT-001,2025-08-25,7,1.2
SKU-000004,BOT-001,2025-09-01,51,1.2
SKU-000004,BOT-001,2025-09-08,81,1.2
SKU-000004,BOT-001,2025-09-15,40,1.2
SKU-000004,BOT-001,2025-09-22,43,1.2
SKU-000004,BOT-001,2025-09-29,40,1.2
SKU-000004,BOT-001,2025-10-06,25,1.2
SKU-000004,BOT-001,2025-10-13,72,1.2
SKU-000004,BOT-001,2025-10-20,46,1.2
SKU-000004,BOT-001,2025-10-27,57,1.2
SKU-000004,BOT-001,2025-11-03,15,1.2
SKU-000004,BOT-001,2025-11-10,37,1.2
SKU-000004,BOT-001,2025-11-17,39,1.2
SKU-000004,BOT-001,2025-11-24,46,1.2
SKU-000004,BOT-001,2025-12-01,39,1.2
SKU-000004,BOT-001,2025-12-08,32,1.2
SKU-000004,BOT-001,2025-12-15,24,1.2
SKU-000004,BOT-001,2025-12-22,26,1.2
SKU-000004,BOT-001,2025-12-29,71,1.2
SKU-000004,BOT-001,2026-01-05,39,1.2
SKU-000004,BOT-001,2026-01-12,39,1.2
SKU-000004,BOT-001,2026-01-19,14,1.2
SKU-000004,BOT-001,2026-01-26,54,1.2
SKU-000004,BOT-001,2026-02-02,88,1.2
SKU-000004,BOT-001,2026-02-09,40,1.2
SKU-000004,BOT-001,2026-02-16,18,1.2
SKU-000004,BOT-001,2026-02-23,38,1.2
SKU-000004,BOT-001,2026-03-02,29,1.2
SKU-000004,BOT-001,2026-03-09,43,1.2
SKU-000004,BOT-001,2026-03-16,65,1.2
SKU-000004,BOT-001,2026-03-23,4,1.2
SKU-000004,BOT-001,2026-03-30,70,1.2
SKU-000004,BOT-001,2026-04-06,48,1.2
SKU-000004,BOT-001,2026-04-13,66,1.2
SKU-000004,BOT-001,2026-04-20,43,1.2
SKU-000004,BOT-001,2026-04-27,29,1.2
SKU-000004,BOT-001,2026-05-04,46,1.2
SKU-000004,BOT-002,2025-05-12,34,1.2
SKU-000004,BOT-002,2025-05-19,75,1.2
SKU-000004,BOT-002,2025-05-26,52,1.2
SKU-000004,BOT-002,2025-06-02,30,1.2
SKU-000004,BOT-002,2025-06-09,91,1.2
SKU-000004,BOT-002,2025-06-16,62,1.2
SKU-000004,BOT-002,2025-06-23,40,1.2
SKU-000004,BOT-002,2025-06-30,29,1.2
SKU-000004,BOT-002,2025-07-07,71,1.2
SKU-000004,BOT-002,2025-07-14,56,1.2
SKU-000004,BOT-002,2025-07-21,64,1.2
SKU-000004,BOT-002,2025-07-28,4,1.2
SKU-000004,BOT-002,2025-08-04,87,1.2
SKU-000004,BOT-002,2025-08-11,101,1.2
SKU-000004,BOT-002,2025-08-18,15,1.2
SKU-000004,BOT-002,2025-08-25,64,1.2
SKU-000004,BOT-002,2025-09-01,54,1.2
SKU-000004,BOT-002,2025-09-08,56,1.2
SKU-000004,BOT-002,2025-09-15,60,1.2
SKU-000004,BOT-002,2025-09-22,19,1.2
SKU-000004,BOT-002,2025-09-29,39,1.2
SKU-000004,BOT-002,2025-10-06,30,1.2
SKU-000004,BOT-002,2025-10-13,45,1.2
SKU-000004,BOT-002,2025-10-20,35,1.2
SKU-000004,BOT-002,2025-10-27,49,1.2
SKU-000004,BOT-002,2025-11-03,11,1.2
SKU-000004,BOT-002,2025-11-10,32,1.2
SKU-000004,BOT-002,2025-11-17,68,1.2
SKU-000004,BOT-002,2025-11-24,51,1.2
SKU-000004,BOT-002,2025-12-01,29,1.2
SKU-000004,BOT-002,2025-12-08,38,1.2
SKU-000004,BOT-002,2025-12-15,40,1.2
SKU-000004,BOT-002,2025-12-22,47,1.2
SKU-000004,BOT-002,2025-12-29,56,1.2
SKU-000004,BOT-002,2026-01-05,30,1.2
SKU-000004,BOT-002,2026-01-12,32,1.2
SKU-000004,BOT-002,2026-01-19,23,1.2
SKU-000004,BOT-002,2026-01-26,31,1.2
SKU-000004,BOT-002,2026-02-02,29,1.2
SKU-000004,BOT-002,2026-02-09,31,1.2
SKU-000004,BOT-002,2026-02-16,44,1.2
SKU-000004,BOT-002,2026-02-23,32,1.2
SKU-000004,BOT-002,2026-03-02,28,1.2
SKU-000004,BOT-002,2026-03-09,64,1.2
SKU-000004,BOT-002,2026-03-16,47,1.2
SKU-000004,BOT-002,2026-03-23,56,1.2
SKU-000004,BOT-002,2026-03-30,16,1.2
SKU-000004,BOT-002,2026-04-06,40,1.2
SKU-000004,BOT-002,2026-04-13,74,1.2
SKU-000004,BOT-002,2026-04-20,42,1.2
SKU-000004,BOT-002,2026-04-27,58,1.2
SKU-000004,BOT-002,2026-05-04,12,1.2
SKU-000004,BOT-005,2025-05-12,37,1.2
SKU-000004,BOT-005,2025-05-19,66,1.2
SKU-000004,BOT-005,2025-05-26,39,1.2
SKU-000004,BOT-005,2025-06-02,17,1.2
SKU-000004,BOT-005,2025-06-09,48,1.2
SKU-000004,BOT-005,2025-06-16,54,1.2
SKU-000004,BOT-005,2025-06-23,54,1.2
SKU-000004,BOT-005,2025-06-30,56,1.2
SKU-000004,BOT-005,2025-07-07,51,1.2
SKU-000004,BOT-005,2025-07-14,24,1.2
SKU-000004,BOT-005,2025-07-21,43,1.2
SKU-000004,BOT-005,2025-07-28,42,1.2
SKU-000004,BOT-005,2025-08-04,69,1.2
SKU-000004,BOT-005,2025-08-11,19,1.2
SKU-000004,BOT-005,2025-08-18,36,1.2
SKU-000004,BOT-005,2025-08-25,52,1.2
SKU-000004,BOT-005,2025-09-01,68,1.2
SKU-000004,BOT-005,2025-09-08,39,1.2
SKU-000004,BOT-005,2025-09-15,28,1.2
SKU-000004,BOT-005,2025-09-22,42,1.2
SKU-000004,BOT-005,2025-09-29,41,1.2
SKU-000004,BOT-005,2025-10-06,40,1.2
SKU-000004,BOT-005,2025-10-13,50,1.2
SKU-000004,BOT-005,2025-10-20,13,1.2
SKU-000004,BOT-005,2025-10-27,55,1.2
SKU-000004,BOT-005,2025-11-03,34,1.2
SKU-000004,BOT-005,2025-11-10,32,1.2
SKU-000004,BOT-005,2025-11-17,37,1.2
SKU-000004,BOT-005,2025-11-24,39,1.2
SKU-000004,BOT-005,2025-12-01,37,1.2
SKU-000004,BOT-005,2025-12-08,20,1.2
SKU-000004,BOT-005,2025-12-15,38,1.2
SKU-000004,BOT-005,2025-12-22,45,1.2
SKU-000004,BOT-005,2025-12-29,41,1.2
SKU-000004,BOT-005,2026-01-05,46,1.2
SKU-000004,BOT-005,2026-01-12,17,1.2
SKU-000004,BOT-005,2026-01-19,43,1.2
SKU-000004,BOT-005,2026-01-26,29,1.2
SKU-000004,BOT-005,2026-02-02,34,1.2
SKU-000004,BOT-005,2026-02-09,28,1.2
SKU-000004,BOT-005,2026-02-16,39,1.2
SKU-000004,BOT-005,2026-02-23,21,1.2
SKU-000004,BOT-005,2026-03-02,64,1.2
SKU-000004,BOT-005,2026-03-09,37,1.2
SKU-000004,BOT-005,2026-03-16,47,1.2
SKU-000004,BOT-005,2026-03-23,24,1.2
SKU-000004,BOT-005,2026-03-30,32,1.2
SKU-000004,BOT-005,2026-04-06,32,1.2
SKU-000004,BOT-005,2026-04-13,53,1.2
SKU-000004,BOT-005,2026-04-20,46,1.2
SKU-000004,BOT-005,2026-04-27,51,1.2
SKU-000004,BOT-005,2026-05-04,7,1.2
SKU-000004,BOT-004,2025-05-12,30,1.2
SKU-000004,BOT-004,2025-05-19,38,1.2
SKU-000004,BOT-004,2025-05-26,41,1.2
SKU-000004,BOT-004,2025-06-02,40,1.2
SKU-000004,BOT-004,2025-06-09,52,1.2
SKU-000004,BOT-004,2025-06-16,21,1.2
SKU-000004,BOT-004,2025-06-23,76,1.2
SKU-000004,BOT-004,2025-06-30,63,1.2
SKU-000004,BOT-004,2025-07-07,73,1.2
SKU-000004,BOT-004,2025-07-14,40,1.2
SKU-000004,BOT-004,2025-07-21,16,1.2
SKU-000004,BOT-004,2025-07-28,40,1.2
SKU-000004,BOT-004,2025-08-04,50,1.2
SKU-000004,BOT-004,2025-08-11,74,1.2
SKU-000004,BOT-004,2025-08-18,14,1.2
SKU-000004,BOT-004,2025-08-25,53,1.2
SKU-000004,BOT-004,2025-09-01,42,1.2
SKU-000004,BOT-004,2025-09-08,48,1.2
SKU-000004,BOT-004,2025-09-15,48,1.2
SKU-000004,BOT-004,2025-09-22,33,1.2
SKU-000004,BOT-004,2025-09-29,44,1.2
SKU-000004,BOT-004,2025-10-06,24,1.2
SKU-000004,BOT-004,2025-10-13,50,1.2
SKU-000004,BOT-004,2025-10-20,31,1.2
SKU-000004,BOT-004,2025-10-27,43,1.2
SKU-000004,BOT-004,2025-11-03,13,1.2
SKU-000004,BOT-004,2025-11-10,30,1.2
SKU-000004,BOT-004,2025-11-17,40,1.2
SKU-000004,BOT-004,2025-11-24,44,1.2
SKU-000004,BOT-004,2025-12-01,35,1.2
SKU-000004,BOT-004,2025-12-08,30,1.2
SKU-000004,BOT-004,2025-12-15,35,1.2
SKU-000004,BOT-004,2025-12-22,30,1.2
SKU-000004,BOT-004,2025-12-29,50,1.2
SKU-000004,BOT-004,2026-01-05,40,1.2
SKU-000004,BOT-004,2026-01-12,41,1.2
SKU-000004,BOT-004,2026-01-19,24,1.2
SKU-000004,BOT-004,2026-01-26,54,1.2
SKU-000004,BOT-004,2026-02-02,33,1.2
SKU-000004,BOT-004,2026-02-09,43,1.2
SKU-000004,BOT-004,2026-02-16,39,1.2
SKU-000004,BOT-004,2026-02-23,29,1.2
SKU-000004,BOT-004,2026-03-02,24,1.2
SKU-000004,BOT-004,2026-03-09,29,1.2
SKU-000004,BOT-004,2026-03-16,35,1.2
SKU-000004,BOT-004,2026-03-23,37,1.2
SKU-000004,BOT-004,2026-03-30,63,1.2
SKU-000004,BOT-004,2026-04-06,38,1.2
SKU-000004,BOT-004,2026-04-13,36,1.2
SKU-000004,BOT-004,2026-04-20,28,1.2
SKU-000004,BOT-004,2026-04-27,43,1.2
SKU-000004,BOT-004,2026-05-04,44,1.2
SKU-000004,BOT-003,2025-05-12,57,1.2
SKU-000004,BOT-003,2025-05-19,38,1.2
SKU-000004,BOT-003,2025-05-26,15,1.2
SKU-000004,BOT-003,2025-06-02,50,1.2
SKU-000004,BOT-003,2025-06-09,35,1.2
SKU-000004,BOT-003,2025-06-16,44,1.2
SKU-000004,BOT-003,2025-06-23,30,1.2
SKU-000004,BOT-003,2025-06-30,34,1.2
SKU-000004,BOT-003,2025-07-07,91,1.2
SKU-000004,BOT-003,2025-07-14,51,1.2
SKU-000004,BOT-003,2025-07-21,37,1.2
SKU-000004,BOT-003,2025-07-28,44,1.2
SKU-000004,BOT-003,2025-08-04,70,1.2
SKU-000004,BOT-003,2025-08-11,52,1.2
SKU-000004,BOT-003,2025-08-18,36,1.2
SKU-000004,BOT-003,2025-08-25,16,1.2
SKU-000004,BOT-003,2025-09-01,40,1.2
SKU-000004,BOT-003,2025-09-08,57,1.2
SKU-000004,BOT-003,2025-09-15,47,1.2
SKU-000004,BOT-003,2025-09-22,35,1.2
SKU-000004,BOT-003,2025-09-29,38,1.2
SKU-000004,BOT-003,2025-10-06,13,1.2
SKU-000004,BOT-003,2025-10-13,25,1.2
SKU-000004,BOT-003,2025-10-20,47,1.2
SKU-000004,BOT-003,2025-10-27,31,1.2
SKU-000004,BOT-003,2025-11-03,80,1.2
SKU-000004,BOT-003,2025-11-10,15,1.2
SKU-000004,BOT-003,2025-11-17,45,1.2
SKU-000004,BOT-003,2025-11-24,42,1.2
SKU-000004,BOT-003,2025-12-01,44,1.2
SKU-000004,BOT-003,2025-12-08,30,1.2
SKU-000004,BOT-003,2025-12-15,34,1.2
SKU-000004,BOT-003,2025-12-22,53,1.2
SKU-000004,BOT-003,2025-12-29,12,1.2
SKU-000004,BOT-003,2026-01-05,35,1.2
SKU-000004,BOT-003,2026-01-12,25,1.2
SKU-000004,BOT-003,2026-01-19,43,1.2
SKU-000004,BOT-003,2026-01-26,31,1.2
SKU-000004,BOT-003,2026-02-02,38,1.2
SKU-000004,BOT-003,2026-02-09,40,1.2
SKU-000004,BOT-003,2026-02-16,26,1.2
SKU-000004,BOT-003,2026-02-23,43,1.2
SKU-000004,BOT-003,2026-03-02,44,1.2
SKU-000004,BOT-003,2026-03-09,39,1.2
SKU-000004,BOT-003,2026-03-16,30,1.2
SKU-000004,BOT-003,2026-03-23,33,1.2
SKU-000004,BOT-003,2026-03-30,25,1.2
SKU-000004,BOT-003,2026-04-06,64,1.2
SKU-000004,BOT-003,2026-04-13,45,1.2
SKU-000004,BOT-003,2026-04-20,31,1.2
SKU-000004,BOT-003,2026-04-27,31,1.2
SKU-000004,BOT-003,2026-05-04,31,1.2
SKU-000009,BOT-001,2025-05-12,55,4.5
SKU-000009,BOT-001,2025-05-19,51,4.5
SKU-000009,BOT-001,2025-05-26,25,4.5
SKU-000009,BOT-001,2025-06-02,86,4.5
SKU-000009,BOT-001,2025-06-09,55,4.5
SKU-000009,BOT-001,2025-06-16,46,4.5
SKU-000009,BOT-001,2025-06-23,20,4.5
SKU-000009,BOT-001,2025-06-30,87,4.5
SKU-000009,BOT-001,2025-07-07,41,4.5
SKU-000009,BOT-001,2025-07-14,41,4.5
SKU-000009,BOT-001,2025-07-21,22,4.5
SKU-000009,BOT-001,2025-07-28,49,4.5
SKU-000009,BOT-001,2025-08-04,88,4.5
SKU-000009,BOT-001,2025-08-11,58,4.5
SKU-000009,BOT-001,2025-08-25,64,4.5
SKU-000009,BOT-001,2025-09-01,90,4.5
SKU-000009,BOT-001,2025-09-08,31,4.5
SKU-000009,BOT-001,2025-09-15,16,4.5
SKU-000009,BOT-001,2025-09-22,77,4.5
SKU-000009,BOT-001,2025-09-29,31,4.5
SKU-000009,BOT-001,2025-10-06,30,4.5
SKU-000009,BOT-001,2025-10-13,16,4.5
SKU-000009,BOT-001,2025-10-20,33,4.5
SKU-000009,BOT-001,2025-10-27,66,4.5
SKU-000009,BOT-001,2025-11-03,41,4.5
SKU-000009,BOT-001,2025-11-10,25,4.5
SKU-000009,BOT-001,2025-11-17,16,4.5
SKU-000009,BOT-001,2025-11-24,29,4.5
SKU-000009,BOT-001,2025-12-01,42,4.5
SKU-000009,BOT-001,2025-12-08,44,4.5
SKU-000009,BOT-001,2025-12-15,23,4.5
SKU-000009,BOT-001,2025-12-22,35,4.5
SKU-000009,BOT-001,2025-12-29,26,4.5
SKU-000009,BOT-001,2026-01-05,16,4.5
SKU-000009,BOT-001,2026-01-12,29,4.5
SKU-000009,BOT-001,2026-01-19,36,4.5
SKU-000009,BOT-001,2026-01-26,26,4.5
SKU-000009,BOT-001,2026-02-02,57,4.5
SKU-000009,BOT-001,2026-02-09,9,4.5
SKU-000009,BOT-001,2026-02-16,32,4.5
SKU-000009,BOT-001,2026-02-23,29,4.5
SKU-000009,BOT-001,2026-03-02,31,4.5
SKU-000009,BOT-001,2026-03-09,32,4.5
SKU-000009,BOT-001,2026-03-16,30,4.5
SKU-000009,BOT-001,2026-03-23,22,4.5
SKU-000009,BOT-001,2026-03-30,39,4.5
SKU-000009,BOT-001,2026-04-06,27,4.5
SKU-000009,BOT-001,2026-04-13,27,4.5
SKU-000009,BOT-001,2026-04-20,44,4.5
SKU-000009,BOT-001,2026-04-27,57,4.5
SKU-000009,BOT-001,2026-05-04,17,4.5
SKU-000009,BOT-002,2025-05-12,55,4.5
SKU-000009,BOT-002,2025-05-19,33,4.5
SKU-000009,BOT-002,2025-05-26,41,4.5
SKU-000009,BOT-002,2025-06-02,27,4.5
SKU-000009,BOT-002,2025-06-09,38,4.5
SKU-000009,BOT-002,2025-06-16,51,4.5
SKU-000009,BOT-002,2025-06-23,72,4.5
SKU-000009,BOT-002,2025-06-30,8,4.5
SKU-000009,BOT-002,2025-07-07,53,4.5
SKU-000009,BOT-002,2025-07-14,64,4.5
SKU-000009,BOT-002,2025-07-21,48,4.5
SKU-000009,BOT-002,2025-07-28,9,4.5
SKU-000009,BOT-002,2025-08-04,75,4.5
SKU-000009,BOT-002,2025-08-11,38,4.5
SKU-000009,BOT-002,2025-08-18,37,4.5
SKU-000009,BOT-002,2025-08-25,26,4.5
SKU-000009,BOT-002,2025-09-01,58,4.5
SKU-000009,BOT-002,2025-09-08,53,4.5
SKU-000009,BOT-002,2025-09-15,36,4.5
SKU-000009,BOT-002,2025-09-22,9,4.5
SKU-000009,BOT-002,2025-09-29,25,4.5
SKU-000009,BOT-002,2025-10-06,39,4.5
SKU-000009,BOT-002,2025-10-13,45,4.5
SKU-000009,BOT-002,2025-10-20,63,4.5
SKU-000009,BOT-002,2025-10-27,8,4.5
SKU-000009,BOT-002,2025-11-03,30,4.5
SKU-000009,BOT-002,2025-11-10,40,4.5
SKU-000009,BOT-002,2025-11-17,27,4.5
SKU-000009,BOT-002,2025-11-24,32,4.5
SKU-000009,BOT-002,2025-12-01,39,4.5
SKU-000009,BOT-002,2025-12-08,32,4.5
SKU-000009,BOT-002,2025-12-15,20,4.5
SKU-000009,BOT-002,2025-12-22,30,4.5
SKU-000009,BOT-002,2025-12-29,37,4.5
SKU-000009,BOT-002,2026-01-05,21,4.5
SKU-000009,BOT-002,2026-01-12,36,4.5
SKU-000009,BOT-002,2026-01-19,26,4.5
SKU-000009,BOT-002,2026-01-26,11,4.5
SKU-000009,BOT-002,2026-02-02,47,4.5
SKU-000009,BOT-002,2026-02-09,26,4.5
SKU-000009,BOT-002,2026-02-16,36,4.5
SKU-000009,BOT-002,2026-02-23,27,4.5
SKU-000009,BOT-002,2026-03-02,21,4.5
SKU-000009,BOT-002,2026-03-09,31,4.5
SKU-000009,BOT-002,2026-03-16,29,4.5
SKU-000009,BOT-002,2026-03-23,35,4.5
SKU-000009,BOT-002,2026-03-30,38,4.5
SKU-000009,BOT-002,2026-04-06,35,4.5
SKU-000009,BOT-002,2026-04-13,25,4.5
SKU-000009,BOT-002,2026-04-20,49,4.5
SKU-000009,BOT-002,2026-04-27,50,4.5
SKU-000009,BOT-002,2026-05-04,32,4.5
SKU-000009,BOT-005,2025-05-12,22,4.5
SKU-000009,BOT-005,2025-05-19,31,4.5
SKU-000009,BOT-005,2025-05-26,56,4.5
SKU-000009,BOT-005,2025-06-02,43,4.5
SKU-000009,BOT-005,2025-06-09,28,4.5
SKU-000009,BOT-005,2025-06-16,27,4.5
SKU-000009,BOT-005,2025-06-23,58,4.5
SKU-000009,BOT-005,2025-06-30,93,4.5
SKU-000009,BOT-005,2025-07-07,28,4.5
SKU-000009,BOT-005,2025-07-14,58,4.5
SKU-000009,BOT-005,2025-07-21,66,4.5
SKU-000009,BOT-005,2025-07-28,61,4.5
SKU-000009,BOT-005,2025-08-04,30,4.5
SKU-000009,BOT-005,2025-08-11,27,4.5
SKU-000009,BOT-005,2025-08-18,38,4.5
SKU-000009,BOT-005,2025-08-25,59,4.5
SKU-000009,BOT-005,2025-09-01,39,4.5
SKU-000009,BOT-005,2025-09-08,43,4.5
SKU-000009,BOT-005,2025-09-15,5,4.5
SKU-000009,BOT-005,2025-09-22,33,4.5
SKU-000009,BOT-005,2025-09-29,40,4.5
SKU-000009,BOT-005,2025-10-06,28,4.5
SKU-000009,BOT-005,2025-10-13,15,4.5
SKU-000009,BOT-005,2025-10-20,26,4.5
SKU-000009,BOT-005,2025-10-27,38,4.5
SKU-000009,BOT-005,2025-11-03,12,4.5
SKU-000009,BOT-005,2025-11-10,31,4.5
SKU-000009,BOT-005,2025-11-17,41,4.5
SKU-000009,BOT-005,2025-11-24,23,4.5
SKU-000009,BOT-005,2025-12-01,24,4.5
SKU-000009,BOT-005,2025-12-08,20,4.5
SKU-000009,BOT-005,2025-12-15,24,4.5
SKU-000009,BOT-005,2025-12-22,25,4.5
SKU-000009,BOT-005,2025-12-29,18,4.5
SKU-000009,BOT-005,2026-01-05,25,4.5
SKU-000009,BOT-005,2026-01-12,23,4.5
SKU-000009,BOT-005,2026-01-19,23,4.5
SKU-000009,BOT-005,2026-01-26,22,4.5
SKU-000009,BOT-005,2026-02-02,41,4.5
SKU-000009,BOT-005,2026-02-09,20,4.5
SKU-000009,BOT-005,2026-02-16,35,4.5
SKU-000009,BOT-005,2026-02-23,27,4.5
SKU-000009,BOT-005,2026-03-02,28,4.5
SKU-000009,BOT-005,2026-03-09,32,4.5
SKU-000009,BOT-005,2026-03-16,25,4.5
SKU-000009,BOT-005,2026-03-23,32,4.5
SKU-000009,BOT-005,2026-03-30,34,4.5
SKU-000009,BOT-005,2026-04-06,30,4.5
SKU-000009,BOT-005,2026-04-13,38,4.5
SKU-000009,BOT-005,2026-04-20,20,4.5
SKU-000009,BOT-005,2026-04-27,29,4.5
SKU-000009,BOT-005,2026-05-04,23,4.5
SKU-000009,BOT-004,2025-05-12,21,4.5
SKU-000009,BOT-004,2025-05-19,61,4.5
SKU-000009,BOT-004,2025-05-26,29,4.5
SKU-000009,BOT-004,2025-06-02,67,4.5
SKU-000009,BOT-004,2025-06-09,32,4.5
SKU-000009,BOT-004,2025-06-16,26,4.5
SKU-000009,BOT-004,2025-06-23,32,4.5
SKU-000009,BOT-004,2025-06-30,73,4.5
SKU-000009,BOT-004,2025-07-07,53,4.5
SKU-000009,BOT-004,2025-07-14,50,4.5
SKU-000009,BOT-004,2025-07-21,7,4.5
SKU-000009,BOT-004,2025-07-28,44,4.5
SKU-000009,BOT-004,2025-08-04,106,4.5
SKU-000009,BOT-004,2025-08-11,7,4.5
SKU-000009,BOT-004,2025-08-18,47,4.5
SKU-000009,BOT-004,2025-08-25,64,4.5
SKU-000009,BOT-004,2025-09-01,39,4.5
SKU-000009,BOT-004,2025-09-08,21,4.5
SKU-000009,BOT-004,2025-09-15,43,4.5
SKU-000009,BOT-004,2025-09-22,41,4.5
SKU-000009,BOT-004,2025-09-29,39,4.5
SKU-000009,BOT-004,2025-10-06,32,4.5
SKU-000009,BOT-004,2025-10-13,21,4.5
SKU-000009,BOT-004,2025-10-20,27,4.5
SKU-000009,BOT-004,2025-10-27,19,4.5
SKU-000009,BOT-004,2025-11-03,43,4.5
SKU-000009,BOT-004,2025-11-10,20,4.5
SKU-000009,BOT-004,2025-11-17,25,4.5
SKU-000009,BOT-004,2025-11-24,33,4.5
SKU-000009,BOT-004,2025-12-01,37,4.5
SKU-000009,BOT-004,2025-12-08,22,4.5
SKU-000009,BOT-004,2025-12-15,12,4.5
SKU-000009,BOT-004,2025-12-22,28,4.5
SKU-000009,BOT-004,2025-12-29,26,4.5
SKU-000009,BOT-004,2026-01-05,23,4.5
SKU-000009,BOT-004,2026-01-12,22,4.5
SKU-000009,BOT-004,2026-01-19,37,4.5
SKU-000009,BOT-004,2026-01-26,30,4.5
SKU-000009,BOT-004,2026-02-02,18,4.5
SKU-000009,BOT-004,2026-02-09,40,4.5
SKU-000009,BOT-004,2026-02-16,33,4.5
SKU-000009,BOT-004,2026-02-23,27,4.5
SKU-000009,BOT-004,2026-03-02,25,4.5
SKU-000009,BOT-004,2026-03-09,32,4.5
SKU-000009,BOT-004,2026-03-16,32,4.5
SKU-000009,BOT-004,2026-03-23,22,4.5
SKU-000009,BOT-004,2026-03-30,43,4.5
SKU-000009,BOT-004,2026-04-06,41,4.5
SKU-000009,BOT-004,2026-04-13,24,4.5
SKU-000009,BOT-004,2026-04-20,21,4.5
SKU-000009,BOT-004,2026-04-27,33,4.5
SKU-000009,BOT-004,2026-05-04,38,4.5
SKU-000009,BOT-003,2025-05-12,44,4.5
SKU-000009,BOT-003,2025-05-19,21,4.5
SKU-000009,BOT-003,2025-05-26,51,4.5
SKU-000009,BOT-003,2025-06-02,44,4.5
SKU-000009,BOT-003,2025-06-09,59,4.5
SKU-000009,BOT-003,2025-06-16,39,4.5
SKU-000009,BOT-003,2025-06-23,20,4.5
SKU-000009,BOT-003,2025-06-30,44,4.5
SKU-000009,BOT-003,2025-07-07,39,4.5
SKU-000009,BOT-003,2025-07-14,63,4.5
SKU-000009,BOT-003,2025-07-21,39,4.5
SKU-000009,BOT-003,2025-07-28,22,4.5
SKU-000009,BOT-003,2025-08-04,39,4.5
SKU-000009,BOT-003,2025-08-11,49,4.5
SKU-000009,BOT-003,2025-08-18,67,4.5
SKU-000009,BOT-003,2025-08-25,3,4.5
SKU-000009,BOT-003,2025-09-01,35,4.5
SKU-000009,BOT-003,2025-09-08,41,4.5
SKU-000009,BOT-003,2025-09-15,31,4.5
SKU-000009,BOT-003,2025-09-22,42,4.5
SKU-000009,BOT-003,2025-09-29,7,4.5
SKU-000009,BOT-003,2025-10-06,35,4.5
SKU-000009,BOT-003,2025-10-13,25,4.5
SKU-000009,BOT-003,2025-10-20,29,4.5
SKU-000009,BOT-003,2025-10-27,22,4.5
SKU-000009,BOT-003,2025-11-03,23,4.5
SKU-000009,BOT-003,2025-11-10,34,4.5
SKU-000009,BOT-003,2025-11-17,31,4.5
SKU-000009,BOT-003,2025-11-24,19,4.5
SKU-000009,BOT-003,2025-12-01,15,4.5
SKU-000009,BOT-003,2025-12-08,28,4.5
SKU-000009,BOT-003,2025-12-15,26,4.5
SKU-000009,BOT-003,2025-12-22,33,4.5
SKU-000009,BOT-003,2025-12-29,29,4.5
SKU-000009,BOT-003,2026-01-05,24,4.5
SKU-000009,BOT-003,2026-01-12,17,4.5
SKU-000009,BOT-003,2026-01-19,25,4.5
SKU-000009,BOT-003,2026-01-26,24,4.5
SKU-000009,BOT-003,2026-02-02,24,4.5
SKU-000009,BOT-003,2026-02-09,17,4.5
SKU-000009,BOT-003,2026-02-16,30,4.5
SKU-000009,BOT-003,2026-02-23,30,4.5
SKU-000009,BOT-003,2026-03-02,26,4.5
SKU-000009,BOT-003,2026-03-09,16,4.5
SKU-000009,BOT-003,2026-03-16,26,4.5
SKU-000009,BOT-003,2026-03-23,29,4.5
SKU-000009,BOT-003,2026-03-30,34,4.5
SKU-000009,BOT-003,2026-04-06,43,4.5
SKU-000009,BOT-003,2026-04-13,22,4.5
SKU-000009,BOT-003,2026-04-20,29,4.5
SKU-000009,BOT-003,2026-04-27,28,4.5
SKU-000009,BOT-003,2026-05-04,24,4.5
SKU-000008,BOT-001,2025-05-12,91,8.5
SKU-000008,BOT-001,2025-05-19,82,8.5
SKU-000008,BOT-001,2025-05-26,110,8.5
SKU-000008,BOT-001,2025-06-02,120,8.5
SKU-000008,BOT-001,2025-06-09,61,8.5
SKU-000008,BOT-001,2025-06-16,154,8.5
SKU-000008,BOT-001,2025-06-23,112,8.5
SKU-000008,BOT-001,2025-06-30,50,8.5
SKU-000008,BOT-001,2025-07-07,140,8.5
SKU-000008,BOT-001,2025-07-14,136,8.5
SKU-000008,BOT-001,2025-07-21,32,8.5
SKU-000008,BOT-001,2025-07-28,111,8.5
SKU-000008,BOT-001,2025-08-04,79,8.5
SKU-000008,BOT-001,2025-08-11,48,8.5
SKU-000008,BOT-001,2025-08-18,85,8.5
SKU-000008,BOT-001,2025-08-25,78,8.5
SKU-000008,BOT-001,2025-09-01,120,8.5
SKU-000008,BOT-001,2025-09-08,38,8.5
SKU-000008,BOT-001,2025-09-15,83,8.5
SKU-000008,BOT-001,2025-09-22,110,8.5
SKU-000008,BOT-001,2025-09-29,71,8.5
SKU-000008,BOT-001,2025-10-06,53,8.5
SKU-000008,BOT-001,2025-10-13,86,8.5
SKU-000008,BOT-001,2025-10-20,45,8.5
SKU-000008,BOT-001,2025-10-27,47,8.5
SKU-000008,BOT-001,2025-11-03,43,8.5
SKU-000008,BOT-001,2025-11-10,57,8.5
SKU-000008,BOT-001,2025-11-17,45,8.5
SKU-000008,BOT-001,2025-11-24,52,8.5
SKU-000008,BOT-001,2025-12-01,43,8.5
SKU-000008,BOT-001,2025-12-08,49,8.5
SKU-000008,BOT-001,2025-12-15,57,8.5
SKU-000008,BOT-001,2025-12-22,31,8.5
SKU-000008,BOT-001,2025-12-29,44,8.5
SKU-000008,BOT-001,2026-01-05,44,8.5
SKU-000008,BOT-001,2026-01-12,45,8.5
SKU-000008,BOT-001,2026-01-19,30,8.5
SKU-000008,BOT-001,2026-01-26,36,8.5
SKU-000008,BOT-001,2026-02-02,35,8.5
SKU-000008,BOT-001,2026-02-09,45,8.5
SKU-000008,BOT-001,2026-02-16,47,8.5
SKU-000008,BOT-001,2026-02-23,35,8.5
SKU-000008,BOT-001,2026-03-02,74,8.5
SKU-000008,BOT-001,2026-03-09,51,8.5
SKU-000008,BOT-001,2026-03-16,62,8.5
SKU-000008,BOT-001,2026-03-23,57,8.5
SKU-000008,BOT-001,2026-03-30,44,8.5
SKU-000008,BOT-001,2026-04-06,60,8.5
SKU-000008,BOT-001,2026-04-13,71,8.5
SKU-000008,BOT-001,2026-04-20,66,8.5
SKU-000008,BOT-001,2026-04-27,46,8.5
SKU-000008,BOT-001,2026-05-04,109,8.5
SKU-000008,BOT-002,2025-05-12,47,8.5
SKU-000008,BOT-002,2025-05-19,130,8.5
SKU-000008,BOT-002,2025-05-26,91,8.5
SKU-000008,BOT-002,2025-06-02,50,8.5
SKU-000008,BOT-002,2025-06-09,115,8.5
SKU-000008,BOT-002,2025-06-16,113,8.5
SKU-000008,BOT-002,2025-06-23,77,8.5
SKU-000008,BOT-002,2025-06-30,122,8.5
SKU-000008,BOT-002,2025-07-07,112,8.5
SKU-000008,BOT-002,2025-07-14,54,8.5
SKU-000008,BOT-002,2025-07-21,148,8.5
SKU-000008,BOT-002,2025-07-28,113,8.5
SKU-000008,BOT-002,2025-08-04,42,8.5
SKU-000008,BOT-002,2025-08-11,92,8.5
SKU-000008,BOT-002,2025-08-18,91,8.5
SKU-000008,BOT-002,2025-08-25,44,8.5
SKU-000008,BOT-002,2025-09-01,68,8.5
SKU-000008,BOT-002,2025-09-08,82,8.5
SKU-000008,BOT-002,2025-09-15,57,8.5
SKU-000008,BOT-002,2025-09-22,37,8.5
SKU-000008,BOT-002,2025-09-29,74,8.5
SKU-000008,BOT-002,2025-10-06,60,8.5
SKU-000008,BOT-002,2025-10-13,65,8.5
SKU-000008,BOT-002,2025-10-20,55,8.5
SKU-000008,BOT-002,2025-10-27,34,8.5
SKU-000008,BOT-002,2025-11-03,62,8.5
SKU-000008,BOT-002,2025-11-10,68,8.5
SKU-000008,BOT-002,2025-11-17,45,8.5
SKU-000008,BOT-002,2025-11-24,45,8.5
SKU-000008,BOT-002,2025-12-01,55,8.5
SKU-000008,BOT-002,2025-12-08,42,8.5
SKU-000008,BOT-002,2025-12-15,25,8.5
SKU-000008,BOT-002,2025-12-22,53,8.5
SKU-000008,BOT-002,2025-12-29,45,8.5
SKU-000008,BOT-002,2026-01-05,50,8.5
SKU-000008,BOT-002,2026-01-12,46,8.5
SKU-000008,BOT-002,2026-01-19,52,8.5
SKU-000008,BOT-002,2026-01-26,62,8.5
SKU-000008,BOT-002,2026-02-02,47,8.5
SKU-000008,BOT-002,2026-02-09,43,8.5
SKU-000008,BOT-002,2026-02-16,30,8.5
SKU-000008,BOT-002,2026-02-23,41,8.5
SKU-000008,BOT-002,2026-03-02,31,8.5
SKU-000008,BOT-002,2026-03-09,39,8.5
SKU-000008,BOT-002,2026-03-16,55,8.5
SKU-000008,BOT-002,2026-03-23,53,8.5
SKU-000008,BOT-002,2026-03-30,60,8.5
SKU-000008,BOT-002,2026-04-06,57,8.5
SKU-000008,BOT-002,2026-04-13,46,8.5
SKU-000008,BOT-002,2026-04-20,51,8.5
SKU-000008,BOT-002,2026-04-27,48,8.5
SKU-000008,BOT-002,2026-05-04,61,8.5
SKU-000008,BOT-005,2025-05-12,107,8.5
SKU-000008,BOT-005,2025-05-19,69,8.5
SKU-000008,BOT-005,2025-05-26,73,8.5
SKU-000008,BOT-005,2025-06-02,76,8.5
SKU-000008,BOT-005,2025-06-09,53,8.5
SKU-000008,BOT-005,2025-06-16,75,8.5
SKU-000008,BOT-005,2025-06-23,127,8.5
SKU-000008,BOT-005,2025-06-30,60,8.5
SKU-000008,BOT-005,2025-07-07,125,8.5
SKU-000008,BOT-005,2025-07-14,85,8.5
SKU-000008,BOT-005,2025-07-21,76,8.5
SKU-000008,BOT-005,2025-07-28,120,8.5
SKU-000008,BOT-005,2025-08-04,46,8.5
SKU-000008,BOT-005,2025-08-11,96,8.5
SKU-000008,BOT-005,2025-08-18,96,8.5
SKU-000008,BOT-005,2025-08-25,71,8.5
SKU-000008,BOT-005,2025-09-01,56,8.5
SKU-000008,BOT-005,2025-09-08,62,8.5
SKU-000008,BOT-005,2025-09-15,73,8.5
SKU-000008,BOT-005,2025-09-22,58,8.5
SKU-000008,BOT-005,2025-09-29,53,8.5
SKU-000008,BOT-005,2025-10-06,78,8.5
SKU-000008,BOT-005,2025-10-13,31,8.5
SKU-000008,BOT-005,2025-10-20,57,8.5
SKU-000008,BOT-005,2025-10-27,55,8.5
SKU-000008,BOT-005,2025-11-03,33,8.5
SKU-000008,BOT-005,2025-11-10,55,8.5
SKU-000008,BOT-005,2025-11-17,50,8.5
SKU-000008,BOT-005,2025-11-24,46,8.5
SKU-000008,BOT-005,2025-12-01,54,8.5
SKU-000008,BOT-005,2025-12-08,28,8.5
SKU-000008,BOT-005,2025-12-15,56,8.5
SKU-000008,BOT-005,2025-12-22,47,8.5
SKU-000008,BOT-005,2025-12-29,52,8.5
SKU-000008,BOT-005,2026-01-05,31,8.5
SKU-000008,BOT-005,2026-01-12,49,8.5
SKU-000008,BOT-005,2026-01-19,35,8.5
SKU-000008,BOT-005,2026-01-26,62,8.5
SKU-000008,BOT-005,2026-02-02,48,8.5
SKU-000008,BOT-005,2026-02-09,34,8.5
SKU-000008,BOT-005,2026-02-16,25,8.5
SKU-000008,BOT-005,2026-02-23,51,8.5
SKU-000008,BOT-005,2026-03-02,49,8.5
SKU-000008,BOT-005,2026-03-09,32,8.5
SKU-000008,BOT-005,2026-03-16,31,8.5
SKU-000008,BOT-005,2026-03-23,47,8.5
SKU-000008,BOT-005,2026-03-30,43,8.5
SKU-000008,BOT-005,2026-04-06,29,8.5
SKU-000008,BOT-005,2026-04-13,16,8.5
SKU-000008,BOT-005,2026-04-20,58,8.5
SKU-000008,BOT-005,2026-04-27,96,8.5
SKU-000008,BOT-005,2026-05-04,50,8.5
SKU-000008,BOT-004,2025-05-12,76,8.5
SKU-000008,BOT-004,2025-05-19,65,8.5
SKU-000008,BOT-004,2025-05-26,47,8.5
SKU-000008,BOT-004,2025-06-02,79,8.5
SKU-000008,BOT-004,2025-06-09,97,8.5
SKU-000008,BOT-004,2025-06-16,62,8.5
SKU-000008,BOT-004,2025-06-23,98,8.5
SKU-000008,BOT-004,2025-06-30,105,8.5
SKU-000008,BOT-004,2025-07-07,38,8.5
SKU-000008,BOT-004,2025-07-14,120,8.5
SKU-000008,BOT-004,2025-07-21,101,8.5
SKU-000008,BOT-004,2025-07-28,134,8.5
SKU-000008,BOT-004,2025-08-04,74,8.5
SKU-000008,BOT-004,2025-08-11,37,8.5
SKU-000008,BOT-004,2025-08-18,73,8.5
SKU-000008,BOT-004,2025-08-25,80,8.5
SKU-000008,BOT-004,2025-09-01,121,8.5
SKU-000008,BOT-004,2025-09-08,82,8.5
SKU-000008,BOT-004,2025-09-15,66,8.5
SKU-000008,BOT-004,2025-09-22,44,8.5
SKU-000008,BOT-004,2025-09-29,74,8.5
SKU-000008,BOT-004,2025-10-06,51,8.5
SKU-000008,BOT-004,2025-10-13,32,8.5
SKU-000008,BOT-004,2025-10-20,61,8.5
SKU-000008,BOT-004,2025-10-27,68,8.5
SKU-000008,BOT-004,2025-11-03,81,8.5
SKU-000008,BOT-004,2025-11-10,40,8.5
SKU-000008,BOT-004,2025-11-17,56,8.5
SKU-000008,BOT-004,2025-11-24,35,8.5
SKU-000008,BOT-004,2025-12-01,35,8.5
SKU-000008,BOT-004,2025-12-08,53,8.5
SKU-000008,BOT-004,2025-12-15,40,8.5
SKU-000008,BOT-004,2025-12-22,46,8.5
SKU-000008,BOT-004,2025-12-29,64,8.5
SKU-000008,BOT-004,2026-01-05,46,8.5
SKU-000008,BOT-004,2026-01-12,27,8.5
SKU-000008,BOT-004,2026-01-19,51,8.5
SKU-000008,BOT-004,2026-01-26,44,8.5
SKU-000008,BOT-004,2026-02-02,36,8.5
SKU-000008,BOT-004,2026-02-09,26,8.5
SKU-000008,BOT-004,2026-02-16,54,8.5
SKU-000008,BOT-004,2026-02-23,30,8.5
SKU-000008,BOT-004,2026-03-02,45,8.5
SKU-000008,BOT-004,2026-03-09,40,8.5
SKU-000008,BOT-004,2026-03-16,32,8.5
SKU-000008,BOT-004,2026-03-23,42,8.5
SKU-000008,BOT-004,2026-03-30,37,8.5
SKU-000008,BOT-004,2026-04-06,60,8.5
SKU-000008,BOT-004,2026-04-13,49,8.5
SKU-000008,BOT-004,2026-04-20,60,8.5
SKU-000008,BOT-004,2026-04-27,55,8.5
SKU-000008,BOT-004,2026-05-04,78,8.5
SKU-000008,BOT-003,2025-05-12,51,8.5
SKU-000008,BOT-003,2025-05-19,42,8.5
SKU-000008,BOT-003,2025-05-26,78,8.5
SKU-000008,BOT-003,2025-06-02,77,8.5
SKU-000008,BOT-003,2025-06-09,51,8.5
SKU-000008,BOT-003,2025-06-16,57,8.5
SKU-000008,BOT-003,2025-06-23,115,8.5
SKU-000008,BOT-003,2025-06-30,47,8.5
SKU-000008,BOT-003,2025-07-07,77,8.5
SKU-000008,BOT-003,2025-07-14,106,8.5
SKU-000008,BOT-003,2025-07-21,61,8.5
SKU-000008,BOT-003,2025-07-28,91,8.5
SKU-000008,BOT-003,2025-08-04,67,8.5
SKU-000008,BOT-003,2025-08-11,70,8.5
SKU-000008,BOT-003,2025-08-18,70,8.5
SKU-000008,BOT-003,2025-08-25,68,8.5
SKU-000008,BOT-003,2025-09-01,135,8.5
SKU-000008,BOT-003,2025-09-08,28,8.5
SKU-000008,BOT-003,2025-09-15,58,8.5
SKU-000008,BOT-003,2025-09-22,41,8.5
SKU-000008,BOT-003,2025-09-29,50,8.5
SKU-000008,BOT-003,2025-10-06,57,8.5
SKU-000008,BOT-003,2025-10-13,35,8.5
SKU-000008,BOT-003,2025-10-20,46,8.5
SKU-000008,BOT-003,2025-10-27,65,8.5
SKU-000008,BOT-003,2025-11-03,41,8.5
SKU-000008,BOT-003,2025-11-10,28,8.5
SKU-000008,BOT-003,2025-11-17,43,8.5
SKU-000008,BOT-003,2025-11-24,30,8.5
SKU-000008,BOT-003,2025-12-01,47,8.5
SKU-000008,BOT-003,2025-12-08,37,8.5
SKU-000008,BOT-003,2025-12-15,36,8.5
SKU-000008,BOT-003,2025-12-22,50,8.5
SKU-000008,BOT-003,2025-12-29,57,8.5
SKU-000008,BOT-003,2026-01-05,21,8.5
SKU-000008,BOT-003,2026-01-12,26,8.5
SKU-000008,BOT-003,2026-01-19,48,8.5
SKU-000008,BOT-003,2026-01-26,55,8.5
SKU-000008,BOT-003,2026-02-02,41,8.5
SKU-000008,BOT-003,2026-02-09,27,8.5
SKU-000008,BOT-003,2026-02-16,49,8.5
SKU-000008,BOT-003,2026-02-23,34,8.5
SKU-000008,BOT-003,2026-03-02,39,8.5
SKU-000008,BOT-003,2026-03-09,48,8.5
SKU-000008,BOT-003,2026-03-16,25,8.5
SKU-000008,BOT-003,2026-03-23,33,8.5
SKU-000008,BOT-003,2026-03-30,48,8.5
SKU-000008,BOT-003,2026-04-06,21,8.5
SKU-000008,BOT-003,2026-04-13,75,8.5
SKU-000008,BOT-003,2026-04-20,64,8.5
SKU-000008,BOT-003,2026-04-27,72,8.5
SKU-000008,BOT-003,2026-05-04,50,8.5
SKU-000025,BOT-001,2025-05-12,117,0.4
SKU-000025,BOT-001,2025-05-19,82,0.4
SKU-000025,BOT-001,2025-06-02,192,0.4
SKU-000025,BOT-001,2025-06-09,133,0.4
SKU-000025,BOT-001,2025-06-16,133,0.4
SKU-000025,BOT-001,2025-06-30,115,0.4
SKU-000025,BOT-001,2025-07-07,188,0.4
SKU-000025,BOT-001,2025-07-14,139,0.4
SKU-000025,BOT-001,2025-07-21,9,0.4
SKU-000025,BOT-001,2025-07-28,201,0.4
SKU-000025,BOT-001,2025-08-04,187,0.4
SKU-000025,BOT-001,2025-08-11,30,0.4
SKU-000025,BOT-001,2025-08-18,45,0.4
SKU-000025,BOT-001,2025-08-25,193,0.4
SKU-000025,BOT-001,2025-09-01,158,0.4
SKU-000025,BOT-001,2025-09-08,153,0.4
SKU-000025,BOT-001,2025-09-15,58,0.4
SKU-000025,BOT-001,2025-09-22,26,0.4
SKU-000025,BOT-001,2025-09-29,141,0.4
SKU-000025,BOT-001,2025-10-06,122,0.4
SKU-000025,BOT-001,2025-10-13,96,0.4
SKU-000025,BOT-001,2025-10-20,87,0.4
SKU-000025,BOT-001,2025-10-27,65,0.4
SKU-000025,BOT-001,2025-11-03,37,0.4
SKU-000025,BOT-001,2025-11-10,112,0.4
SKU-000025,BOT-001,2025-11-17,79,0.4
SKU-000025,BOT-001,2025-11-24,100,0.4
SKU-000025,BOT-001,2025-12-01,91,0.4
SKU-000025,BOT-001,2025-12-15,163,0.4
SKU-000025,BOT-001,2025-12-22,67,0.4
SKU-000025,BOT-001,2025-12-29,128,0.4
SKU-000025,BOT-001,2026-01-05,142,0.4
SKU-000025,BOT-001,2026-01-12,93,0.4
SKU-000025,BOT-001,2026-01-26,114,0.4
SKU-000025,BOT-001,2026-02-02,111,0.4
SKU-000025,BOT-001,2026-02-09,109,0.4
SKU-000025,BOT-001,2026-02-16,99,0.4
SKU-000025,BOT-001,2026-03-02,99,0.4
SKU-000025,BOT-001,2026-03-09,165,0.4
SKU-000025,BOT-001,2026-03-16,107,0.4
SKU-000025,BOT-001,2026-03-23,62,0.4
SKU-000025,BOT-001,2026-03-30,29,0.4
SKU-000025,BOT-001,2026-04-06,134,0.4
SKU-000025,BOT-001,2026-04-13,96,0.4
SKU-000025,BOT-001,2026-04-20,125,0.4
SKU-000025,BOT-001,2026-04-27,49,0.4
SKU-000025,BOT-001,2026-05-04,73,0.4
SKU-000025,BOT-002,2025-05-12,10,0.4
SKU-000025,BOT-002,2025-05-19,59,0.4
SKU-000025,BOT-002,2025-05-26,181,0.4
SKU-000025,BOT-002,2025-06-02,195,0.4
SKU-000025,BOT-002,2025-06-09,140,0.4
SKU-000025,BOT-002,2025-06-23,81,0.4
SKU-000025,BOT-002,2025-06-30,201,0.4
SKU-000025,BOT-002,2025-07-07,167,0.4
SKU-000025,BOT-002,2025-07-21,117,0.4
SKU-000025,BOT-002,2025-07-28,159,0.4
SKU-000025,BOT-002,2025-08-04,164,0.4
SKU-000025,BOT-002,2025-08-18,105,0.4
SKU-000025,BOT-002,2025-08-25,117,0.4
SKU-000025,BOT-002,2025-09-01,224,0.4
SKU-000025,BOT-002,2025-09-08,159,0.4
SKU-000025,BOT-002,2025-09-15,8,0.4
SKU-000025,BOT-002,2025-09-22,67,0.4
SKU-000025,BOT-002,2025-09-29,101,0.4
SKU-000025,BOT-002,2025-10-06,119,0.4
SKU-000025,BOT-002,2025-10-13,82,0.4
SKU-000025,BOT-002,2025-10-20,89,0.4
SKU-000025,BOT-002,2025-10-27,105,0.4
SKU-000025,BOT-002,2025-11-03,13,0.4
SKU-000025,BOT-002,2025-11-10,73,0.4
SKU-000025,BOT-002,2025-11-17,93,0.4
SKU-000025,BOT-002,2025-11-24,96,0.4
SKU-000025,BOT-002,2025-12-01,115,0.4
SKU-000025,BOT-002,2025-12-08,93,0.4
SKU-000025,BOT-002,2025-12-15,95,0.4
SKU-000025,BOT-002,2025-12-29,109,0.4
SKU-000025,BOT-002,2026-01-05,132,0.4
SKU-000025,BOT-002,2026-01-12,127,0.4
SKU-000025,BOT-002,2026-01-19,91,0.4
SKU-000025,BOT-002,2026-01-26,65,0.4
SKU-000025,BOT-002,2026-02-02,18,0.4
SKU-000025,BOT-002,2026-02-09,111,0.4
SKU-000025,BOT-002,2026-02-16,109,0.4
SKU-000025,BOT-002,2026-02-23,79,0.4
SKU-000025,BOT-002,2026-03-02,82,0.4
SKU-000025,BOT-002,2026-03-09,87,0.4
SKU-000025,BOT-002,2026-03-16,53,0.4
SKU-000025,BOT-002,2026-03-23,28,0.4
SKU-000025,BOT-002,2026-03-30,83,0.4
SKU-000025,BOT-002,2026-04-06,127,0.4
SKU-000025,BOT-002,2026-04-13,134,0.4
SKU-000025,BOT-002,2026-04-20,78,0.4
SKU-000025,BOT-002,2026-05-04,122,0.4
SKU-000025,BOT-005,2025-05-12,138,0.4
SKU-000025,BOT-005,2025-05-19,29,0.4
SKU-000025,BOT-005,2025-05-26,49,0.4
SKU-000025,BOT-005,2025-06-02,153,0.4
SKU-000025,BOT-005,2025-06-09,183,0.4
SKU-000025,BOT-005,2025-06-16,44,0.4
SKU-000025,BOT-005,2025-06-23,14,0.4
SKU-000025,BOT-005,2025-06-30,207,0.4
SKU-000025,BOT-005,2025-07-07,169,0.4
SKU-000025,BOT-005,2025-07-14,92,0.4
SKU-000025,BOT-005,2025-07-28,136,0.4
SKU-000025,BOT-005,2025-08-04,104,0.4
SKU-000025,BOT-005,2025-08-11,120,0.4
SKU-000025,BOT-005,2025-08-18,62,0.4
SKU-000025,BOT-005,2025-08-25,15,0.4
SKU-000025,BOT-005,2025-09-01,105,0.4
SKU-000025,BOT-005,2025-09-08,127,0.4
SKU-000025,BOT-005,2025-09-15,151,0.4
SKU-000025,BOT-005,2025-09-22,35,0.4
SKU-000025,BOT-005,2025-09-29,37,0.4
SKU-000025,BOT-005,2025-10-06,132,0.4
SKU-000025,BOT-005,2025-10-13,95,0.4
SKU-000025,BOT-005,2025-10-20,79,0.4
SKU-000025,BOT-005,2025-10-27,58,0.4
SKU-000025,BOT-005,2025-11-03,108,0.4
SKU-000025,BOT-005,2025-11-10,70,0.4
SKU-000025,BOT-005,2025-11-17,17,0.4
SKU-000025,BOT-005,2025-11-24,77,0.4
SKU-000025,BOT-005,2025-12-01,101,0.4
SKU-000025,BOT-005,2025-12-08,65,0.4
SKU-000025,BOT-005,2025-12-15,87,0.4
SKU-000025,BOT-005,2025-12-22,91,0.4
SKU-000025,BOT-005,2025-12-29,42,0.4
SKU-000025,BOT-005,2026-01-05,80,0.4
SKU-000025,BOT-005,2026-01-12,79,0.4
SKU-000025,BOT-005,2026-01-19,117,0.4
SKU-000025,BOT-005,2026-01-26,110,0.4
SKU-000025,BOT-005,2026-02-02,112,0.4
SKU-000025,BOT-005,2026-02-09,43,0.4
SKU-000025,BOT-005,2026-02-16,39,0.4
SKU-000025,BOT-005,2026-02-23,121,0.4
SKU-000025,BOT-005,2026-03-02,114,0.4
SKU-000025,BOT-005,2026-03-09,117,0.4
SKU-000025,BOT-005,2026-03-16,36,0.4
SKU-000025,BOT-005,2026-03-23,47,0.4
SKU-000025,BOT-005,2026-03-30,95,0.4
SKU-000025,BOT-005,2026-04-06,117,0.4
SKU-000025,BOT-005,2026-04-13,84,0.4
SKU-000025,BOT-005,2026-04-20,93,0.4
SKU-000025,BOT-005,2026-04-27,81,0.4
SKU-000025,BOT-005,2026-05-04,15,0.4
SKU-000025,BOT-004,2025-05-12,84,0.4
SKU-000025,BOT-004,2025-05-19,86,0.4
SKU-000025,BOT-004,2025-05-26,179,0.4
SKU-000025,BOT-004,2025-06-02,7,0.4
SKU-000025,BOT-004,2025-06-09,118,0.4
SKU-000025,BOT-004,2025-06-16,101,0.4
SKU-000025,BOT-004,2025-06-23,155,0.4
SKU-000025,BOT-004,2025-06-30,144,0.4
SKU-000025,BOT-004,2025-07-14,102,0.4
SKU-000025,BOT-004,2025-07-21,166,0.4
SKU-000025,BOT-004,2025-07-28,142,0.4
SKU-000025,BOT-004,2025-08-04,17,0.4
SKU-000025,BOT-004,2025-08-11,64,0.4
SKU-000025,BOT-004,2025-08-18,139,0.4
SKU-000025,BOT-004,2025-08-25,149,0.4
SKU-000025,BOT-004,2025-09-01,67,0.4
SKU-000025,BOT-004,2025-09-08,29,0.4
SKU-000025,BOT-004,2025-09-15,118,0.4
SKU-000025,BOT-004,2025-09-22,99,0.4
SKU-000025,BOT-004,2025-09-29,106,0.4
SKU-000025,BOT-004,2025-10-06,75,0.4
SKU-000025,BOT-004,2025-10-13,7,0.4
SKU-000025,BOT-004,2025-10-20,78,0.4
SKU-000025,BOT-004,2025-10-27,86,0.4
SKU-000025,BOT-004,2025-11-03,142,0.4
SKU-000025,BOT-004,2025-11-10,108,0.4
SKU-000025,BOT-004,2025-11-17,13,0.4
SKU-000025,BOT-004,2025-11-24,68,0.4
SKU-000025,BOT-004,2025-12-01,84,0.4
SKU-000025,BOT-004,2025-12-08,95,0.4
SKU-000025,BOT-004,2025-12-15,80,0.4
SKU-000025,BOT-004,2025-12-22,83,0.4
SKU-000025,BOT-004,2025-12-29,13,0.4
SKU-000025,BOT-004,2026-01-05,75,0.4
SKU-000025,BOT-004,2026-01-12,130,0.4
SKU-000025,BOT-004,2026-01-19,145,0.4
SKU-000025,BOT-004,2026-01-26,100,0.4
SKU-000025,BOT-004,2026-02-02,125,0.4
SKU-000025,BOT-004,2026-02-09,34,0.4
SKU-000025,BOT-004,2026-02-16,42,0.4
SKU-000025,BOT-004,2026-02-23,141,0.4
SKU-000025,BOT-004,2026-03-02,62,0.4
SKU-000025,BOT-004,2026-03-09,109,0.4
SKU-000025,BOT-004,2026-03-16,87,0.4
SKU-000025,BOT-004,2026-03-23,129,0.4
SKU-000025,BOT-004,2026-04-06,95,0.4
SKU-000025,BOT-004,2026-04-13,115,0.4
SKU-000025,BOT-004,2026-04-20,78,0.4
SKU-000025,BOT-004,2026-04-27,86,0.4
SKU-000025,BOT-004,2026-05-04,70,0.4
SKU-000025,BOT-003,2025-05-12,109,0.4
SKU-000025,BOT-003,2025-05-19,99,0.4
SKU-000025,BOT-003,2025-05-26,40,0.4
SKU-000025,BOT-003,2025-06-02,38,0.4
SKU-000025,BOT-003,2025-06-09,100,0.4
SKU-000025,BOT-003,2025-06-16,126,0.4
SKU-000025,BOT-003,2025-06-23,151,0.4
SKU-000025,BOT-003,2025-06-30,23,0.4
SKU-000025,BOT-003,2025-07-07,87,0.4
SKU-000025,BOT-003,2025-07-14,115,0.4
SKU-000025,BOT-003,2025-07-21,97,0.4
SKU-000025,BOT-003,2025-07-28,119,0.4
SKU-000025,BOT-003,2025-08-04,34,0.4
SKU-000025,BOT-003,2025-08-11,67,0.4
SKU-000025,BOT-003,2025-08-18,156,0.4
SKU-000025,BOT-003,2025-08-25,105,0.4
SKU-000025,BOT-003,2025-09-01,139,0.4
SKU-000025,BOT-003,2025-09-08,19,0.4
SKU-000025,BOT-003,2025-09-15,50,0.4
SKU-000025,BOT-003,2025-09-22,123,0.4
SKU-000025,BOT-003,2025-09-29,109,0.4
SKU-000025,BOT-003,2025-10-06,105,0.4
SKU-000025,BOT-003,2025-10-13,39,0.4
SKU-000025,BOT-003,2025-10-20,25,0.4
SKU-000025,BOT-003,2025-10-27,76,0.4
SKU-000025,BOT-003,2025-11-03,89,0.4
SKU-000025,BOT-003,2025-11-10,75,0.4
SKU-000025,BOT-003,2025-11-17,51,0.4
SKU-000025,BOT-003,2025-11-24,103,0.4
SKU-000025,BOT-003,2025-12-01,84,0.4
SKU-000025,BOT-003,2025-12-08,2,0.4
SKU-000025,BOT-003,2025-12-15,68,0.4
SKU-000025,BOT-003,2025-12-22,105,0.4
SKU-000025,BOT-003,2025-12-29,91,0.4
SKU-000025,BOT-003,2026-01-05,55,0.4
SKU-000025,BOT-003,2026-01-12,107,0.4
SKU-000025,BOT-003,2026-01-19,87,0.4
SKU-000025,BOT-003,2026-01-26,9,0.4
SKU-000025,BOT-003,2026-02-02,77,0.4
SKU-000025,BOT-003,2026-02-09,76,0.4
SKU-000025,BOT-003,2026-02-16,73,0.4
SKU-000025,BOT-003,2026-02-23,111,0.4
SKU-000025,BOT-003,2026-03-02,89,0.4
SKU-000025,BOT-003,2026-03-16,72,0.4
SKU-000025,BOT-003,2026-03-23,104,0.4
SKU-000025,BOT-003,2026-03-30,110,0.4
SKU-000025,BOT-003,2026-04-06,104,0.4
SKU-000025,BOT-003,2026-04-13,47,0.4
SKU-000025,BOT-003,2026-04-20,35,0.4
SKU-000025,BOT-003,2026-04-27,85,0.4
SKU-000025,BOT-003,2026-05-04,108,0.4
SKU-000024,BOT-001,2025-05-12,28,7.5
SKU-000024,BOT-001,2025-05-19,51,7.5
SKU-000024,BOT-001,2025-05-26,33,7.5
SKU-000024,BOT-001,2025-06-02,44,7.5
SKU-000024,BOT-001,2025-06-09,49,7.5
SKU-000024,BOT-001,2025-06-16,24,7.5
SKU-000024,BOT-001,2025-06-23,30,7.5
SKU-000024,BOT-001,2025-06-30,33,7.5
SKU-000024,BOT-001,2025-07-07,37,7.5
SKU-000024,BOT-001,2025-07-14,50,7.5
SKU-000024,BOT-001,2025-07-21,45,7.5
SKU-000024,BOT-001,2025-07-28,17,7.5
SKU-000024,BOT-001,2025-08-04,65,7.5
SKU-000024,BOT-001,2025-08-11,40,7.5
SKU-000024,BOT-001,2025-08-18,34,7.5
SKU-000024,BOT-001,2025-08-25,44,7.5
SKU-000024,BOT-001,2025-09-01,29,7.5
SKU-000024,BOT-001,2025-09-08,52,7.5
SKU-000024,BOT-001,2025-09-15,59,7.5
SKU-000024,BOT-001,2025-09-22,42,7.5
SKU-000024,BOT-001,2025-09-29,59,7.5
SKU-000024,BOT-001,2025-10-06,8,7.5
SKU-000024,BOT-001,2025-10-13,46,7.5
SKU-000024,BOT-001,2025-10-20,58,7.5
SKU-000024,BOT-001,2025-10-27,23,7.5
SKU-000024,BOT-001,2025-11-03,62,7.5
SKU-000024,BOT-001,2025-11-10,40,7.5
SKU-000024,BOT-001,2025-11-17,20,7.5
SKU-000024,BOT-001,2025-11-24,52,7.5
SKU-000024,BOT-001,2025-12-01,75,7.5
SKU-000024,BOT-001,2025-12-08,32,7.5
SKU-000024,BOT-001,2025-12-15,62,7.5
SKU-000024,BOT-001,2025-12-22,30,7.5
SKU-000024,BOT-001,2025-12-29,62,7.5
SKU-000024,BOT-001,2026-01-05,92,7.5
SKU-000024,BOT-001,2026-01-12,50,7.5
SKU-000024,BOT-001,2026-01-19,38,7.5
SKU-000024,BOT-001,2026-01-26,87,7.5
SKU-000024,BOT-001,2026-02-02,50,7.5
SKU-000024,BOT-001,2026-02-09,63,7.5
SKU-000024,BOT-001,2026-02-16,19,7.5
SKU-000024,BOT-001,2026-02-23,60,7.5
SKU-000024,BOT-001,2026-03-02,51,7.5
SKU-000024,BOT-001,2026-03-09,55,7.5
SKU-000024,BOT-001,2026-03-16,26,7.5
SKU-000024,BOT-001,2026-03-23,79,7.5
SKU-000024,BOT-001,2026-03-30,62,7.5
SKU-000024,BOT-001,2026-04-06,54,7.5
SKU-000024,BOT-001,2026-04-13,14,7.5
SKU-000024,BOT-001,2026-04-20,44,7.5
SKU-000024,BOT-001,2026-04-27,45,7.5
SKU-000024,BOT-001,2026-05-04,39,7.5
SKU-000024,BOT-002,2025-05-12,25,7.5
SKU-000024,BOT-002,2025-05-19,45,7.5
SKU-000024,BOT-002,2025-05-26,33,7.5
SKU-000024,BOT-002,2025-06-02,44,7.5
SKU-000024,BOT-002,2025-06-09,26,7.5
SKU-000024,BOT-002,2025-06-16,42,7.5
SKU-000024,BOT-002,2025-06-23,42,7.5
SKU-000024,BOT-002,2025-06-30,43,7.5
SKU-000024,BOT-002,2025-07-07,32,7.5
SKU-000024,BOT-002,2025-07-14,40,7.5
SKU-000024,BOT-002,2025-07-21,20,7.5
SKU-000024,BOT-002,2025-07-28,50,7.5
SKU-000024,BOT-002,2025-08-04,37,7.5
SKU-000024,BOT-002,2025-08-11,38,7.5
SKU-000024,BOT-002,2025-08-18,34,7.5
SKU-000024,BOT-002,2025-08-25,41,7.5
SKU-000024,BOT-002,2025-09-01,12,7.5
SKU-000024,BOT-002,2025-09-08,19,7.5
SKU-000024,BOT-002,2025-09-15,46,7.5
SKU-000024,BOT-002,2025-09-22,47,7.5
SKU-000024,BOT-002,2025-09-29,61,7.5
SKU-000024,BOT-002,2025-10-06,39,7.5
SKU-000024,BOT-002,2025-10-13,25,7.5
SKU-000024,BOT-002,2025-10-20,51,7.5
SKU-000024,BOT-002,2025-10-27,45,7.5
SKU-000024,BOT-002,2025-11-03,50,7.5
SKU-000024,BOT-002,2025-11-10,28,7.5
SKU-000024,BOT-002,2025-11-17,57,7.5
SKU-000024,BOT-002,2025-11-24,16,7.5
SKU-000024,BOT-002,2025-12-01,43,7.5
SKU-000024,BOT-002,2025-12-08,64,7.5
SKU-000024,BOT-002,2025-12-15,51,7.5
SKU-000024,BOT-002,2025-12-22,59,7.5
SKU-000024,BOT-002,2025-12-29,14,7.5
SKU-000024,BOT-002,2026-01-05,45,7.5
SKU-000024,BOT-002,2026-01-12,59,7.5
SKU-000024,BOT-002,2026-01-19,74,7.5
SKU-000024,BOT-002,2026-01-26,56,7.5
SKU-000024,BOT-002,2026-02-02,54,7.5
SKU-000024,BOT-002,2026-02-09,42,7.5
SKU-000024,BOT-002,2026-02-16,38,7.5
SKU-000024,BOT-002,2026-02-23,81,7.5
SKU-000024,BOT-002,2026-03-02,10,7.5
SKU-000024,BOT-002,2026-03-09,59,7.5
SKU-000024,BOT-002,2026-03-16,72,7.5
SKU-000024,BOT-002,2026-03-23,45,7.5
SKU-000024,BOT-002,2026-03-30,26,7.5
SKU-000024,BOT-002,2026-04-06,40,7.5
SKU-000024,BOT-002,2026-04-13,42,7.5
SKU-000024,BOT-002,2026-04-20,46,7.5
SKU-000024,BOT-002,2026-04-27,44,7.5
SKU-000024,BOT-002,2026-05-04,35,7.5
SKU-000024,BOT-005,2025-05-12,38,7.5
SKU-000024,BOT-005,2025-05-19,28,7.5
SKU-000024,BOT-005,2025-05-26,30,7.5
SKU-000024,BOT-005,2025-06-02,44,7.5
SKU-000024,BOT-005,2025-06-09,52,7.5
SKU-000024,BOT-005,2025-06-16,26,7.5
SKU-000024,BOT-005,2025-06-23,45,7.5
SKU-000024,BOT-005,2025-06-30,39,7.5
SKU-000024,BOT-005,2025-07-07,30,7.5
SKU-000024,BOT-005,2025-07-14,28,7.5
SKU-000024,BOT-005,2025-07-21,32,7.5
SKU-000024,BOT-005,2025-07-28,26,7.5
SKU-000024,BOT-005,2025-08-04,42,7.5
SKU-000024,BOT-005,2025-08-11,28,7.5
SKU-000024,BOT-005,2025-08-18,32,7.5
SKU-000024,BOT-005,2025-08-25,30,7.5
SKU-000024,BOT-005,2025-09-01,41,7.5
SKU-000024,BOT-005,2025-09-08,36,7.5
SKU-000024,BOT-005,2025-09-15,55,7.5
SKU-000024,BOT-005,2025-09-22,45,7.5
SKU-000024,BOT-005,2025-09-29,13,7.5
SKU-000024,BOT-005,2025-10-06,67,7.5
SKU-000024,BOT-005,2025-10-13,24,7.5
SKU-000024,BOT-005,2025-10-20,29,7.5
SKU-000024,BOT-005,2025-10-27,47,7.5
SKU-000024,BOT-005,2025-11-03,41,7.5
SKU-000024,BOT-005,2025-11-10,60,7.5
SKU-000024,BOT-005,2025-11-17,7,7.5
SKU-000024,BOT-005,2025-11-24,70,7.5
SKU-000024,BOT-005,2025-12-01,48,7.5
SKU-000024,BOT-005,2025-12-08,51,7.5
SKU-000024,BOT-005,2025-12-15,60,7.5
SKU-000024,BOT-005,2025-12-22,8,7.5
SKU-000024,BOT-005,2025-12-29,71,7.5
SKU-000024,BOT-005,2026-01-05,94,7.5
SKU-000024,BOT-005,2026-01-12,32,7.5
SKU-000024,BOT-005,2026-01-19,50,7.5
SKU-000024,BOT-005,2026-01-26,38,7.5
SKU-000024,BOT-005,2026-02-02,81,7.5
SKU-000024,BOT-005,2026-02-09,33,7.5
SKU-000024,BOT-005,2026-02-16,48,7.5
SKU-000024,BOT-005,2026-02-23,33,7.5
SKU-000024,BOT-005,2026-03-02,59,7.5
SKU-000024,BOT-005,2026-03-09,80,7.5
SKU-000024,BOT-005,2026-03-16,40,7.5
SKU-000024,BOT-005,2026-03-23,19,7.5
SKU-000024,BOT-005,2026-03-30,55,7.5
SKU-000024,BOT-005,2026-04-06,37,7.5
SKU-000024,BOT-005,2026-04-13,30,7.5
SKU-000024,BOT-005,2026-04-20,61,7.5
SKU-000024,BOT-005,2026-04-27,44,7.5
SKU-000024,BOT-005,2026-05-04,26,7.5
SKU-000024,BOT-004,2025-05-12,23,7.5
SKU-000024,BOT-004,2025-05-19,36,7.5
SKU-000024,BOT-004,2025-05-26,63,7.5
SKU-000024,BOT-004,2025-06-02,42,7.5
SKU-000024,BOT-004,2025-06-09,31,7.5
SKU-000024,BOT-004,2025-06-16,35,7.5
SKU-000024,BOT-004,2025-06-23,26,7.5
SKU-000024,BOT-004,2025-06-30,47,7.5
SKU-000024,BOT-004,2025-07-07,29,7.5
SKU-000024,BOT-004,2025-07-14,53,7.5
SKU-000024,BOT-004,2025-07-21,12,7.5
SKU-000024,BOT-004,2025-07-28,38,7.5
SKU-000024,BOT-004,2025-08-04,31,7.5
SKU-000024,BOT-004,2025-08-11,37,7.5
SKU-000024,BOT-004,2025-08-18,25,7.5
SKU-000024,BOT-004,2025-08-25,55,7.5
SKU-000024,BOT-004,2025-09-01,36,7.5
SKU-000024,BOT-004,2025-09-08,36,7.5
SKU-000024,BOT-004,2025-09-15,22,7.5
SKU-000024,BOT-004,2025-09-22,34,7.5
SKU-000024,BOT-004,2025-09-29,33,7.5
SKU-000024,BOT-004,2025-10-06,35,7.5
SKU-000024,BOT-004,2025-10-13,57,7.5
SKU-000024,BOT-004,2025-10-20,17,7.5
SKU-000024,BOT-004,2025-10-27,47,7.5
SKU-000024,BOT-004,2025-11-03,49,7.5
SKU-000024,BOT-004,2025-11-10,44,7.5
SKU-000024,BOT-004,2025-11-17,39,7.5
SKU-000024,BOT-004,2025-11-24,13,7.5
SKU-000024,BOT-004,2025-12-01,50,7.5
SKU-000024,BOT-004,2025-12-08,45,7.5
SKU-000024,BOT-004,2025-12-15,52,7.5
SKU-000024,BOT-004,2025-12-22,47,7.5
SKU-000024,BOT-004,2025-12-29,46,7.5
SKU-000024,BOT-004,2026-01-05,89,7.5
SKU-000024,BOT-004,2026-01-12,53,7.5
SKU-000024,BOT-004,2026-01-19,39,7.5
SKU-000024,BOT-004,2026-01-26,19,7.5
SKU-000024,BOT-004,2026-02-02,67,7.5
SKU-000024,BOT-004,2026-02-09,52,7.5
SKU-000024,BOT-004,2026-02-16,49,7.5
SKU-000024,BOT-004,2026-02-23,62,7.5
SKU-000024,BOT-004,2026-03-02,20,7.5
SKU-000024,BOT-004,2026-03-09,74,7.5
SKU-000024,BOT-004,2026-03-16,71,7.5
SKU-000024,BOT-004,2026-03-23,46,7.5
SKU-000024,BOT-004,2026-03-30,22,7.5
SKU-000024,BOT-004,2026-04-06,62,7.5
SKU-000024,BOT-004,2026-04-13,44,7.5
SKU-000024,BOT-004,2026-04-20,48,7.5
SKU-000024,BOT-004,2026-04-27,31,7.5
SKU-000024,BOT-004,2026-05-04,24,7.5
SKU-000024,BOT-003,2025-05-12,23,7.5
SKU-000024,BOT-003,2025-05-19,36,7.5
SKU-000024,BOT-003,2025-05-26,17,7.5
SKU-000024,BOT-003,2025-06-02,36,7.5
SKU-000024,BOT-003,2025-06-09,13,7.5
SKU-000024,BOT-003,2025-06-16,28,7.5
SKU-000024,BOT-003,2025-06-23,46,7.5
SKU-000024,BOT-003,2025-06-30,37,7.5
SKU-000024,BOT-003,2025-07-07,35,7.5
SKU-000024,BOT-003,2025-07-14,36,7.5
SKU-000024,BOT-003,2025-07-21,6,7.5
SKU-000024,BOT-003,2025-07-28,32,7.5
SKU-000024,BOT-003,2025-08-04,35,7.5
SKU-000024,BOT-003,2025-08-11,33,7.5
SKU-000024,BOT-003,2025-08-18,20,7.5
SKU-000024,BOT-003,2025-08-25,26,7.5
SKU-000024,BOT-003,2025-09-01,33,7.5
SKU-000024,BOT-003,2025-09-08,22,7.5
SKU-000024,BOT-003,2025-09-15,43,7.5
SKU-000024,BOT-003,2025-09-22,27,7.5
SKU-000024,BOT-003,2025-09-29,39,7.5
SKU-000024,BOT-003,2025-10-06,28,7.5
SKU-000024,BOT-003,2025-10-13,42,7.5
SKU-000024,BOT-003,2025-10-20,14,7.5
SKU-000024,BOT-003,2025-10-27,44,7.5
SKU-000024,BOT-003,2025-11-03,33,7.5
SKU-000024,BOT-003,2025-11-10,43,7.5
SKU-000024,BOT-003,2025-11-17,55,7.5
SKU-000024,BOT-003,2025-11-24,43,7.5
SKU-000024,BOT-003,2025-12-01,32,7.5
SKU-000024,BOT-003,2025-12-08,38,7.5
SKU-000024,BOT-003,2025-12-15,27,7.5
SKU-000024,BOT-003,2025-12-22,56,7.5
SKU-000024,BOT-003,2025-12-29,48,7.5
SKU-000024,BOT-003,2026-01-05,26,7.5
SKU-000024,BOT-003,2026-01-12,65,7.5
SKU-000024,BOT-003,2026-01-19,63,7.5
SKU-000024,BOT-003,2026-01-26,43,7.5
SKU-000024,BOT-003,2026-02-02,19,7.5
SKU-000024,BOT-003,2026-02-09,39,7.5
SKU-000024,BOT-003,2026-02-16,38,7.5
SKU-000024,BOT-003,2026-02-23,56,7.5
SKU-000024,BOT-003,2026-03-02,65,7.5
SKU-000024,BOT-003,2026-03-09,24,7.5
SKU-000024,BOT-003,2026-03-16,41,7.5
SKU-000024,BOT-003,2026-03-23,42,7.5
SKU-000024,BOT-003,2026-03-30,46,7.5
SKU-000024,BOT-003,2026-04-06,32,7.5
SKU-000024,BOT-003,2026-04-13,32,7.5
SKU-000024,BOT-003,2026-04-20,33,7.5
SKU-000024,BOT-003,2026-04-27,30,7.5
SKU-000024,BOT-003,2026-05-04,29,7.5
SKU-000030,BOT-001,2025-05-12,17,2.2
SKU-000030,BOT-001,2025-05-19,2,2.2
SKU-000030,BOT-001,2025-05-26,22,2.2
SKU-000030,BOT-001,2025-06-02,23,2.2
SKU-000030,BOT-001,2025-06-09,18,2.2
SKU-000030,BOT-001,2025-06-16,24,2.2
SKU-000030,BOT-001,2025-06-23,25,2.2
SKU-000030,BOT-001,2025-06-30,2,2.2
SKU-000030,BOT-001,2025-07-07,26,2.2
SKU-000030,BOT-001,2025-07-14,21,2.2
SKU-000030,BOT-001,2025-07-21,29,2.2
SKU-000030,BOT-001,2025-07-28,33,2.2
SKU-000030,BOT-001,2025-08-04,29,2.2
SKU-000030,BOT-001,2025-08-18,20,2.2
SKU-000030,BOT-001,2025-08-25,24,2.2
SKU-000030,BOT-001,2025-09-01,29,2.2
SKU-000030,BOT-001,2025-09-08,18,2.2
SKU-000030,BOT-001,2025-09-15,36,2.2
SKU-000030,BOT-001,2025-09-22,8,2.2
SKU-000030,BOT-001,2025-09-29,16,2.2
SKU-000030,BOT-001,2025-10-06,28,2.2
SKU-000030,BOT-001,2025-10-13,21,2.2
SKU-000030,BOT-001,2025-10-20,46,2.2
SKU-000030,BOT-001,2025-10-27,4,2.2
SKU-000030,BOT-001,2025-11-03,7,2.2
SKU-000030,BOT-001,2025-11-10,28,2.2
SKU-000030,BOT-001,2025-11-17,18,2.2
SKU-000030,BOT-001,2025-11-24,17,2.2
SKU-000030,BOT-001,2025-12-01,40,2.2
SKU-000030,BOT-001,2025-12-08,28,2.2
SKU-000030,BOT-001,2025-12-15,15,2.2
SKU-000030,BOT-001,2025-12-22,4,2.2
SKU-000030,BOT-001,2025-12-29,25,2.2
SKU-000030,BOT-001,2026-01-05,39,2.2
SKU-000030,BOT-001,2026-01-12,12,2.2
SKU-000030,BOT-001,2026-01-19,14,2.2
SKU-000030,BOT-001,2026-01-26,18,2.2
SKU-000030,BOT-001,2026-02-02,4,2.2
SKU-000030,BOT-001,2026-02-09,28,2.2
SKU-000030,BOT-001,2026-02-16,27,2.2
SKU-000030,BOT-001,2026-02-23,26,2.2
SKU-000030,BOT-001,2026-03-02,34,2.2
SKU-000030,BOT-001,2026-03-09,29,2.2
SKU-000030,BOT-001,2026-03-23,23,2.2
SKU-000030,BOT-001,2026-03-30,32,2.2
SKU-000030,BOT-001,2026-04-06,12,2.2
SKU-000030,BOT-001,2026-04-13,25,2.2
SKU-000030,BOT-001,2026-04-20,23,2.2
SKU-000030,BOT-001,2026-04-27,21,2.2
SKU-000030,BOT-001,2026-05-04,3,2.2
SKU-000030,BOT-002,2025-05-12,11,2.2
SKU-000030,BOT-002,2025-05-19,20,2.2
SKU-000030,BOT-002,2025-05-26,17,2.2
SKU-000030,BOT-002,2025-06-02,21,2.2
SKU-000030,BOT-002,2025-06-09,23,2.2
SKU-000030,BOT-002,2025-06-16,23,2.2
SKU-000030,BOT-002,2025-06-30,27,2.2
SKU-000030,BOT-002,2025-07-07,24,2.2
SKU-000030,BOT-002,2025-07-14,18,2.2
SKU-000030,BOT-002,2025-07-21,17,2.2
SKU-000030,BOT-002,2025-07-28,14,2.2
SKU-000030,BOT-002,2025-08-04,21,2.2
SKU-000030,BOT-002,2025-08-11,18,2.2
SKU-000030,BOT-002,2025-08-18,17,2.2
SKU-000030,BOT-002,2025-08-25,6,2.2
SKU-000030,BOT-002,2025-09-01,21,2.2
SKU-000030,BOT-002,2025-09-08,23,2.2
SKU-000030,BOT-002,2025-09-15,16,2.2
SKU-000030,BOT-002,2025-09-22,13,2.2
SKU-000030,BOT-002,2025-09-29,24,2.2
SKU-000030,BOT-002,2025-10-06,26,2.2
SKU-000030,BOT-002,2025-10-13,25,2.2
SKU-000030,BOT-002,2025-10-27,28,2.2
SKU-000030,BOT-002,2025-11-03,20,2.2
SKU-000030,BOT-002,2025-11-10,26,2.2
SKU-000030,BOT-002,2025-11-17,27,2.2
SKU-000030,BOT-002,2025-11-24,21,2.2
SKU-000030,BOT-002,2025-12-01,22,2.2
SKU-000030,BOT-002,2025-12-15,28,2.2
SKU-000030,BOT-002,2025-12-22,30,2.2
SKU-000030,BOT-002,2025-12-29,27,2.2
SKU-000030,BOT-002,2026-01-05,33,2.2
SKU-000030,BOT-002,2026-01-19,8,2.2
SKU-000030,BOT-002,2026-01-26,16,2.2
SKU-000030,BOT-002,2026-02-02,19,2.2
SKU-000030,BOT-002,2026-02-09,18,2.2
SKU-000030,BOT-002,2026-02-16,37,2.2
SKU-000030,BOT-002,2026-02-23,29,2.2
SKU-000030,BOT-002,2026-03-02,19,2.2
SKU-000030,BOT-002,2026-03-09,5,2.2
SKU-000030,BOT-002,2026-03-16,21,2.2
SKU-000030,BOT-002,2026-03-23,28,2.2
SKU-000030,BOT-002,2026-03-30,30,2.2
SKU-000030,BOT-002,2026-04-06,18,2.2
SKU-000030,BOT-002,2026-04-13,11,2.2
SKU-000030,BOT-002,2026-04-20,18,2.2
SKU-000030,BOT-002,2026-04-27,27,2.2
SKU-000030,BOT-002,2026-05-04,24,2.2
SKU-000030,BOT-005,2025-05-12,24,2.2
SKU-000030,BOT-005,2025-05-19,4,2.2
SKU-000030,BOT-005,2025-05-26,18,2.2
SKU-000030,BOT-005,2025-06-02,44,2.2
SKU-000030,BOT-005,2025-06-09,36,2.2
SKU-000030,BOT-005,2025-06-16,20,2.2
SKU-000030,BOT-005,2025-06-23,15,2.2
SKU-000030,BOT-005,2025-06-30,20,2.2
SKU-000030,BOT-005,2025-07-07,2,2.2
SKU-000030,BOT-005,2025-07-14,28,2.2
SKU-000030,BOT-005,2025-07-21,16,2.2
SKU-000030,BOT-005,2025-07-28,32,2.2
SKU-000030,BOT-005,2025-08-04,31,2.2
SKU-000030,BOT-005,2025-08-11,18,2.2
SKU-000030,BOT-005,2025-08-18,8,2.2
SKU-000030,BOT-005,2025-08-25,18,2.2
SKU-000030,BOT-005,2025-09-01,32,2.2
SKU-000030,BOT-005,2025-09-08,15,2.2
SKU-000030,BOT-005,2025-09-15,19,2.2
SKU-000030,BOT-005,2025-09-22,20,2.2
SKU-000030,BOT-005,2025-09-29,23,2.2
SKU-000030,BOT-005,2025-10-06,6,2.2
SKU-000030,BOT-005,2025-10-13,10,2.2
SKU-000030,BOT-005,2025-10-20,16,2.2
SKU-000030,BOT-005,2025-10-27,19,2.2
SKU-000030,BOT-005,2025-11-03,19,2.2
SKU-000030,BOT-005,2025-11-10,20,2.2
SKU-000030,BOT-005,2025-11-17,23,2.2
SKU-000030,BOT-005,2025-11-24,24,2.2
SKU-000030,BOT-005,2025-12-01,4,2.2
SKU-000030,BOT-005,2025-12-08,15,2.2
SKU-000030,BOT-005,2025-12-15,18,2.2
SKU-000030,BOT-005,2025-12-22,23,2.2
SKU-000030,BOT-005,2025-12-29,20,2.2
SKU-000030,BOT-005,2026-01-05,23,2.2
SKU-000030,BOT-005,2026-01-12,16,2.2
SKU-000030,BOT-005,2026-01-19,4,2.2
SKU-000030,BOT-005,2026-01-26,29,2.2
SKU-000030,BOT-005,2026-02-02,23,2.2
SKU-000030,BOT-005,2026-02-09,26,2.2
SKU-000030,BOT-005,2026-02-16,35,2.2
SKU-000030,BOT-005,2026-03-02,16,2.2
SKU-000030,BOT-005,2026-03-09,20,2.2
SKU-000030,BOT-005,2026-03-16,18,2.2
SKU-000030,BOT-005,2026-03-23,23,2.2
SKU-000030,BOT-005,2026-03-30,27,2.2
SKU-000030,BOT-005,2026-04-06,12,2.2
SKU-000030,BOT-005,2026-04-13,17,2.2
SKU-000030,BOT-005,2026-04-20,22,2.2
SKU-000030,BOT-005,2026-04-27,17,2.2
SKU-000030,BOT-005,2026-05-04,22,2.2
SKU-000030,BOT-004,2025-05-12,22,2.2
SKU-000030,BOT-004,2025-05-19,16,2.2
SKU-000030,BOT-004,2025-05-26,9,2.2
SKU-000030,BOT-004,2025-06-02,25,2.2
SKU-000030,BOT-004,2025-06-09,22,2.2
SKU-000030,BOT-004,2025-06-16,27,2.2
SKU-000030,BOT-004,2025-06-23,18,2.2
SKU-000030,BOT-004,2025-06-30,24,2.2
SKU-000030,BOT-004,2025-07-07,4,2.2
SKU-000030,BOT-004,2025-07-14,17,2.2
SKU-000030,BOT-004,2025-07-21,18,2.2
SKU-000030,BOT-004,2025-07-28,23,2.2
SKU-000030,BOT-004,2025-08-04,13,2.2
SKU-000030,BOT-004,2025-08-11,19,2.2
SKU-000030,BOT-004,2025-08-18,16,2.2
SKU-000030,BOT-004,2025-08-25,12,2.2
SKU-000030,BOT-004,2025-09-01,13,2.2
SKU-000030,BOT-004,2025-09-08,31,2.2
SKU-000030,BOT-004,2025-09-15,28,2.2
SKU-000030,BOT-004,2025-09-22,28,2.2
SKU-000030,BOT-004,2025-09-29,18,2.2
SKU-000030,BOT-004,2025-10-06,7,2.2
SKU-000030,BOT-004,2025-10-13,21,2.2
SKU-000030,BOT-004,2025-10-20,14,2.2
SKU-000030,BOT-004,2025-10-27,27,2.2
SKU-000030,BOT-004,2025-11-03,27,2.2
SKU-000030,BOT-004,2025-11-10,20,2.2
SKU-000030,BOT-004,2025-11-17,2,2.2
SKU-000030,BOT-004,2025-11-24,24,2.2
SKU-000030,BOT-004,2025-12-01,26,2.2
SKU-000030,BOT-004,2025-12-08,16,2.2
SKU-000030,BOT-004,2025-12-15,23,2.2
SKU-000030,BOT-004,2025-12-22,18,2.2
SKU-000030,BOT-004,2025-12-29,6,2.2
SKU-000030,BOT-004,2026-01-05,17,2.2
SKU-000030,BOT-004,2026-01-12,32,2.2
SKU-000030,BOT-004,2026-01-19,24,2.2
SKU-000030,BOT-004,2026-01-26,13,2.2
SKU-000030,BOT-004,2026-02-02,22,2.2
SKU-000030,BOT-004,2026-02-09,7,2.2
SKU-000030,BOT-004,2026-02-16,21,2.2
SKU-000030,BOT-004,2026-02-23,20,2.2
SKU-000030,BOT-004,2026-03-02,34,2.2
SKU-000030,BOT-004,2026-03-09,20,2.2
SKU-000030,BOT-004,2026-03-16,21,2.2
SKU-000030,BOT-004,2026-03-23,7,2.2
SKU-000030,BOT-004,2026-03-30,17,2.2
SKU-000030,BOT-004,2026-04-06,33,2.2
SKU-000030,BOT-004,2026-04-13,24,2.2
SKU-000030,BOT-004,2026-04-20,20,2.2
SKU-000030,BOT-004,2026-04-27,24,2.2
SKU-000030,BOT-003,2025-05-12,10,2.2
SKU-000030,BOT-003,2025-05-19,13,2.2
SKU-000030,BOT-003,2025-05-26,19,2.2
SKU-000030,BOT-003,2025-06-02,22,2.2
SKU-000030,BOT-003,2025-06-09,10,2.2
SKU-000030,BOT-003,2025-06-16,16,2.2
SKU-000030,BOT-003,2025-06-23,25,2.2
SKU-000030,BOT-003,2025-06-30,18,2.2
SKU-000030,BOT-003,2025-07-07,19,2.2
SKU-000030,BOT-003,2025-07-14,6,2.2
SKU-000030,BOT-003,2025-07-21,26,2.2
SKU-000030,BOT-003,2025-07-28,32,2.2
SKU-000030,BOT-003,2025-08-04,27,2.2
SKU-000030,BOT-003,2025-08-11,19,2.2
SKU-000030,BOT-003,2025-08-18,31,2.2
SKU-000030,BOT-003,2025-08-25,2,2.2
SKU-000030,BOT-003,2025-09-01,25,2.2
SKU-000030,BOT-003,2025-09-08,20,2.2
SKU-000030,BOT-003,2025-09-15,19,2.2
SKU-000030,BOT-003,2025-09-22,14,2.2
SKU-000030,BOT-003,2025-09-29,19,2.2
SKU-000030,BOT-003,2025-10-06,18,2.2
SKU-000030,BOT-003,2025-10-13,6,2.2
SKU-000030,BOT-003,2025-10-20,15,2.2
SKU-000030,BOT-003,2025-10-27,20,2.2
SKU-000030,BOT-003,2025-11-03,16,2.2
SKU-000030,BOT-003,2025-11-10,20,2.2
SKU-000030,BOT-003,2025-11-17,20,2.2
SKU-000030,BOT-003,2025-11-24,18,2.2
SKU-000030,BOT-003,2025-12-01,5,2.2
SKU-000030,BOT-003,2025-12-08,16,2.2
SKU-000030,BOT-003,2025-12-15,22,2.2
SKU-000030,BOT-003,2025-12-22,26,2.2
SKU-000030,BOT-003,2025-12-29,17,2.2
SKU-000030,BOT-003,2026-01-05,27,2.2
SKU-000030,BOT-003,2026-01-12,22,2.2
SKU-000030,BOT-003,2026-01-19,7,2.2
SKU-000030,BOT-003,2026-01-26,9,2.2
SKU-000030,BOT-003,2026-02-02,16,2.2
SKU-000030,BOT-003,2026-02-09,20,2.2
SKU-000030,BOT-003,2026-02-16,24,2.2
SKU-000030,BOT-003,2026-02-23,17,2.2
SKU-000030,BOT-003,2026-03-02,20,2.2
SKU-000030,BOT-003,2026-03-09,8,2.2
SKU-000030,BOT-003,2026-03-16,16,2.2
SKU-000030,BOT-003,2026-03-23,18,2.2
SKU-000030,BOT-003,2026-03-30,19,2.2
SKU-000030,BOT-003,2026-04-06,23,2.2
SKU-000030,BOT-003,2026-04-13,18,2.2
SKU-000030,BOT-003,2026-04-20,22,2.2
SKU-000030,BOT-003,2026-04-27,26,2.2
SKU-000030,BOT-003,2026-05-04,1,2.2
SKU-000016,BOT-001,2025-05-12,51,1.5
SKU-000016,BOT-001,2025-05-19,49,1.5
SKU-000016,BOT-001,2025-05-26,70,1.5
SKU-000016,BOT-001,2025-06-02,64,1.5
SKU-000016,BOT-001,2025-06-09,54,1.5
SKU-000016,BOT-001,2025-06-16,61,1.5
SKU-000016,BOT-001,2025-06-23,33,1.5
SKU-000016,BOT-001,2025-06-30,55,1.5
SKU-000016,BOT-001,2025-07-07,40,1.5
SKU-000016,BOT-001,2025-07-14,41,1.5
SKU-000016,BOT-001,2025-07-21,60,1.5
SKU-000016,BOT-001,2025-07-28,45,1.5
SKU-000016,BOT-001,2025-08-04,38,1.5
SKU-000016,BOT-001,2025-08-11,63,1.5
SKU-000016,BOT-001,2025-08-18,62,1.5
SKU-000016,BOT-001,2025-08-25,59,1.5
SKU-000016,BOT-001,2025-09-01,44,1.5
SKU-000016,BOT-001,2025-09-08,64,1.5
SKU-000016,BOT-001,2025-09-15,77,1.5
SKU-000016,BOT-001,2025-09-22,56,1.5
SKU-000016,BOT-001,2025-09-29,60,1.5
SKU-000016,BOT-001,2025-10-06,66,1.5
SKU-000016,BOT-001,2025-10-13,49,1.5
SKU-000016,BOT-001,2025-10-20,56,1.5
SKU-000016,BOT-001,2025-10-27,75,1.5
SKU-000016,BOT-001,2025-11-03,65,1.5
SKU-000016,BOT-001,2025-11-10,47,1.5
SKU-000016,BOT-001,2025-11-17,65,1.5
SKU-000016,BOT-001,2025-11-24,64,1.5
SKU-000016,BOT-001,2025-12-01,71,1.5
SKU-000016,BOT-001,2025-12-08,50,1.5
SKU-000016,BOT-001,2025-12-15,43,1.5
SKU-000016,BOT-001,2025-12-22,63,1.5
SKU-000016,BOT-001,2025-12-29,71,1.5
SKU-000016,BOT-001,2026-01-05,43,1.5
SKU-000016,BOT-001,2026-01-12,62,1.5
SKU-000016,BOT-001,2026-01-19,48,1.5
SKU-000016,BOT-001,2026-01-26,62,1.5
SKU-000016,BOT-001,2026-02-02,48,1.5
SKU-000016,BOT-001,2026-02-09,73,1.5
SKU-000016,BOT-001,2026-02-16,54,1.5
SKU-000016,BOT-001,2026-02-23,55,1.5
SKU-000016,BOT-001,2026-03-02,57,1.5
SKU-000016,BOT-001,2026-03-09,43,1.5
SKU-000016,BOT-001,2026-03-16,62,1.5
SKU-000016,BOT-001,2026-03-23,51,1.5
SKU-000016,BOT-001,2026-03-30,55,1.5
SKU-000016,BOT-001,2026-04-06,73,1.5
SKU-000016,BOT-001,2026-04-13,33,1.5
SKU-000016,BOT-001,2026-04-20,72,1.5
SKU-000016,BOT-001,2026-04-27,77,1.5
SKU-000016,BOT-001,2026-05-04,40,1.5
SKU-000016,BOT-002,2025-05-12,43,1.5
SKU-000016,BOT-002,2025-05-19,63,1.5
SKU-000016,BOT-002,2025-05-26,45,1.5
SKU-000016,BOT-002,2025-06-02,50,1.5
SKU-000016,BOT-002,2025-06-09,38,1.5
SKU-000016,BOT-002,2025-06-16,46,1.5
SKU-000016,BOT-002,2025-06-23,47,1.5
SKU-000016,BOT-002,2025-06-30,60,1.5
SKU-000016,BOT-002,2025-07-07,55,1.5
SKU-000016,BOT-002,2025-07-14,40,1.5
SKU-000016,BOT-002,2025-07-21,55,1.5
SKU-000016,BOT-002,2025-07-28,47,1.5
SKU-000016,BOT-002,2025-08-04,55,1.5
SKU-000016,BOT-002,2025-08-11,62,1.5
SKU-000016,BOT-002,2025-08-18,45,1.5
SKU-000016,BOT-002,2025-08-25,73,1.5
SKU-000016,BOT-002,2025-09-01,48,1.5
SKU-000016,BOT-002,2025-09-08,43,1.5
SKU-000016,BOT-002,2025-09-15,51,1.5
SKU-000016,BOT-002,2025-09-22,40,1.5
SKU-000016,BOT-002,2025-09-29,45,1.5
SKU-000016,BOT-002,2025-10-06,41,1.5
SKU-000016,BOT-002,2025-10-13,46,1.5
SKU-000016,BOT-002,2025-10-20,72,1.5
SKU-000016,BOT-002,2025-10-27,40,1.5
SKU-000016,BOT-002,2025-11-03,47,1.5
SKU-000016,BOT-002,2025-11-10,49,1.5
SKU-000016,BOT-002,2025-11-17,45,1.5
SKU-000016,BOT-002,2025-11-24,33,1.5
SKU-000016,BOT-002,2025-12-01,68,1.5
SKU-000016,BOT-002,2025-12-08,49,1.5
SKU-000016,BOT-002,2025-12-15,37,1.5
SKU-000016,BOT-002,2025-12-22,44,1.5
SKU-000016,BOT-002,2025-12-29,67,1.5
SKU-000016,BOT-002,2026-01-05,51,1.5
SKU-000016,BOT-002,2026-01-12,40,1.5
SKU-000016,BOT-002,2026-01-19,46,1.5
SKU-000016,BOT-002,2026-01-26,53,1.5
SKU-000016,BOT-002,2026-02-02,58,1.5
SKU-000016,BOT-002,2026-02-09,38,1.5
SKU-000016,BOT-002,2026-02-16,48,1.5
SKU-000016,BOT-002,2026-02-23,65,1.5
SKU-000016,BOT-002,2026-03-02,55,1.5
SKU-000016,BOT-002,2026-03-09,65,1.5
SKU-000016,BOT-002,2026-03-16,64,1.5
SKU-000016,BOT-002,2026-03-23,41,1.5
SKU-000016,BOT-002,2026-03-30,62,1.5
SKU-000016,BOT-002,2026-04-06,80,1.5
SKU-000016,BOT-002,2026-04-13,53,1.5
SKU-000016,BOT-002,2026-04-20,89,1.5
SKU-000016,BOT-002,2026-04-27,49,1.5
SKU-000016,BOT-002,2026-05-04,47,1.5
SKU-000016,BOT-005,2025-05-12,43,1.5
SKU-000016,BOT-005,2025-05-19,33,1.5
SKU-000016,BOT-005,2025-05-26,55,1.5
SKU-000016,BOT-005,2025-06-02,61,1.5
SKU-000016,BOT-005,2025-06-09,49,1.5
SKU-000016,BOT-005,2025-06-16,39,1.5
SKU-000016,BOT-005,2025-06-23,45,1.5
SKU-000016,BOT-005,2025-06-30,59,1.5
SKU-000016,BOT-005,2025-07-07,68,1.5
SKU-000016,BOT-005,2025-07-14,45,1.5
SKU-000016,BOT-005,2025-07-21,41,1.5
SKU-000016,BOT-005,2025-07-28,41,1.5
SKU-000016,BOT-005,2025-08-04,49,1.5
SKU-000016,BOT-005,2025-08-11,59,1.5
SKU-000016,BOT-005,2025-08-18,33,1.5
SKU-000016,BOT-005,2025-08-25,51,1.5
SKU-000016,BOT-005,2025-09-01,43,1.5
SKU-000016,BOT-005,2025-09-08,51,1.5
SKU-000016,BOT-005,2025-09-15,40,1.5
SKU-000016,BOT-005,2025-09-22,37,1.5
SKU-000016,BOT-005,2025-09-29,57,1.5
SKU-000016,BOT-005,2025-10-06,51,1.5
SKU-000016,BOT-005,2025-10-13,46,1.5
SKU-000016,BOT-005,2025-10-20,49,1.5
SKU-000016,BOT-005,2025-10-27,35,1.5
SKU-000016,BOT-005,2025-11-03,54,1.5
SKU-000016,BOT-005,2025-11-10,48,1.5
SKU-000016,BOT-005,2025-11-17,46,1.5
SKU-000016,BOT-005,2025-11-24,44,1.5
SKU-000016,BOT-005,2025-12-01,63,1.5
SKU-000016,BOT-005,2025-12-08,42,1.5
SKU-000016,BOT-005,2025-12-15,47,1.5
SKU-000016,BOT-005,2025-12-22,39,1.5
SKU-000016,BOT-005,2025-12-29,46,1.5
SKU-000016,BOT-005,2026-01-05,49,1.5
SKU-000016,BOT-005,2026-01-12,43,1.5
SKU-000016,BOT-005,2026-01-19,39,1.5
SKU-000016,BOT-005,2026-01-26,40,1.5
SKU-000016,BOT-005,2026-02-02,57,1.5
SKU-000016,BOT-005,2026-02-09,34,1.5
SKU-000016,BOT-005,2026-02-16,52,1.5
SKU-000016,BOT-005,2026-02-23,65,1.5
SKU-000016,BOT-005,2026-03-02,35,1.5
SKU-000016,BOT-005,2026-03-09,46,1.5
SKU-000016,BOT-005,2026-03-16,50,1.5
SKU-000016,BOT-005,2026-03-23,36,1.5
SKU-000016,BOT-005,2026-03-30,45,1.5
SKU-000016,BOT-005,2026-04-06,46,1.5
SKU-000016,BOT-005,2026-04-13,50,1.5
SKU-000016,BOT-005,2026-04-20,38,1.5
SKU-000016,BOT-005,2026-04-27,76,1.5
SKU-000016,BOT-005,2026-05-04,56,1.5
SKU-000016,BOT-004,2025-05-12,48,1.5
SKU-000016,BOT-004,2025-05-19,64,1.5
SKU-000016,BOT-004,2025-05-26,60,1.5
SKU-000016,BOT-004,2025-06-02,67,1.5
SKU-000016,BOT-004,2025-06-09,41,1.5
SKU-000016,BOT-004,2025-06-16,40,1.5
SKU-000016,BOT-004,2025-06-23,58,1.5
SKU-000016,BOT-004,2025-06-30,54,1.5
SKU-000016,BOT-004,2025-07-07,55,1.5
SKU-000016,BOT-004,2025-07-14,46,1.5
SKU-000016,BOT-004,2025-07-21,46,1.5
SKU-000016,BOT-004,2025-07-28,45,1.5
SKU-000016,BOT-004,2025-08-04,44,1.5
SKU-000016,BOT-004,2025-08-11,43,1.5
SKU-000016,BOT-004,2025-08-18,40,1.5
SKU-000016,BOT-004,2025-08-25,44,1.5
SKU-000016,BOT-004,2025-09-01,72,1.5
SKU-000016,BOT-004,2025-09-08,51,1.5
SKU-000016,BOT-004,2025-09-15,48,1.5
SKU-000016,BOT-004,2025-09-22,46,1.5
SKU-000016,BOT-004,2025-09-29,42,1.5
SKU-000016,BOT-004,2025-10-06,35,1.5
SKU-000016,BOT-004,2025-10-13,40,1.5
SKU-000016,BOT-004,2025-10-20,44,1.5
SKU-000016,BOT-004,2025-10-27,53,1.5
SKU-000016,BOT-004,2025-11-03,58,1.5
SKU-000016,BOT-004,2025-11-10,46,1.5
SKU-000016,BOT-004,2025-11-17,71,1.5
SKU-000016,BOT-004,2025-11-24,52,1.5
SKU-000016,BOT-004,2025-12-01,65,1.5
SKU-000016,BOT-004,2025-12-08,51,1.5
SKU-000016,BOT-004,2025-12-15,41,1.5
SKU-000016,BOT-004,2025-12-22,32,1.5
SKU-000016,BOT-004,2025-12-29,47,1.5
SKU-000016,BOT-004,2026-01-05,94,1.5
SKU-000016,BOT-004,2026-01-12,48,1.5
SKU-000016,BOT-004,2026-01-19,38,1.5
SKU-000016,BOT-004,2026-01-26,50,1.5
SKU-000016,BOT-004,2026-02-02,60,1.5
SKU-000016,BOT-004,2026-02-09,38,1.5
SKU-000016,BOT-004,2026-02-16,44,1.5
SKU-000016,BOT-004,2026-02-23,49,1.5
SKU-000016,BOT-004,2026-03-02,76,1.5
SKU-000016,BOT-004,2026-03-09,53,1.5
SKU-000016,BOT-004,2026-03-16,50,1.5
SKU-000016,BOT-004,2026-03-23,59,1.5
SKU-000016,BOT-004,2026-03-30,48,1.5
SKU-000016,BOT-004,2026-04-06,62,1.5
SKU-000016,BOT-004,2026-04-13,42,1.5
SKU-000016,BOT-004,2026-04-20,56,1.5
SKU-000016,BOT-004,2026-04-27,36,1.5
SKU-000016,BOT-004,2026-05-04,69,1.5
SKU-000016,BOT-003,2025-05-12,59,1.5
SKU-000016,BOT-003,2025-05-19,57,1.5
SKU-000016,BOT-003,2025-05-26,27,1.5
SKU-000016,BOT-003,2025-06-02,44,1.5
SKU-000016,BOT-003,2025-06-09,47,1.5
SKU-000016,BOT-003,2025-06-16,42,1.5
SKU-000016,BOT-003,2025-06-23,70,1.5
SKU-000016,BOT-003,2025-06-30,49,1.5
SKU-000016,BOT-003,2025-07-07,38,1.5
SKU-000016,BOT-003,2025-07-14,44,1.5
SKU-000016,BOT-003,2025-07-21,31,1.5
SKU-000016,BOT-003,2025-07-28,37,1.5
SKU-000016,BOT-003,2025-08-04,56,1.5
SKU-000016,BOT-003,2025-08-11,41,1.5
SKU-000016,BOT-003,2025-08-18,25,1.5
SKU-000016,BOT-003,2025-08-25,39,1.5
SKU-000016,BOT-003,2025-09-01,48,1.5
SKU-000016,BOT-003,2025-09-08,34,1.5
SKU-000016,BOT-003,2025-09-15,50,1.5
SKU-000016,BOT-003,2025-09-22,34,1.5
SKU-000016,BOT-003,2025-09-29,34,1.5
SKU-000016,BOT-003,2025-10-06,41,1.5
SKU-000016,BOT-003,2025-10-13,37,1.5
SKU-000016,BOT-003,2025-10-20,41,1.5
SKU-000016,BOT-003,2025-10-27,55,1.5
SKU-000016,BOT-003,2025-11-03,51,1.5
SKU-000016,BOT-003,2025-11-10,31,1.5
SKU-000016,BOT-003,2025-11-17,75,1.5
SKU-000016,BOT-003,2025-11-24,35,1.5
SKU-000016,BOT-003,2025-12-01,63,1.5
SKU-000016,BOT-003,2025-12-08,48,1.5
SKU-000016,BOT-003,2025-12-15,33,1.5
SKU-000016,BOT-003,2025-12-22,57,1.5
SKU-000016,BOT-003,2025-12-29,68,1.5
SKU-000016,BOT-003,2026-01-05,43,1.5
SKU-000016,BOT-003,2026-01-12,37,1.5
SKU-000016,BOT-003,2026-01-19,54,1.5
SKU-000016,BOT-003,2026-01-26,51,1.5
SKU-000016,BOT-003,2026-02-02,39,1.5
SKU-000016,BOT-003,2026-02-09,54,1.5
SKU-000016,BOT-003,2026-02-16,44,1.5
SKU-000016,BOT-003,2026-02-23,51,1.5
SKU-000016,BOT-003,2026-03-02,41,1.5
SKU-000016,BOT-003,2026-03-09,40,1.5
SKU-000016,BOT-003,2026-03-16,54,1.5
SKU-000016,BOT-003,2026-03-23,33,1.5
SKU-000016,BOT-003,2026-03-30,62,1.5
SKU-000016,BOT-003,2026-04-06,42,1.5
SKU-000016,BOT-003,2026-04-13,49,1.5
SKU-000016,BOT-003,2026-04-20,39,1.5
SKU-000016,BOT-003,2026-04-27,33,1.5
SKU-000016,BOT-003,2026-05-04,67,1.5
SKU-000023,BOT-001,2025-05-12,32,3.5
SKU-000023,BOT-001,2025-05-19,46,3.5
SKU-000023,BOT-001,2025-05-26,26,3.5
SKU-000023,BOT-001,2025-06-02,44,3.5
SKU-000023,BOT-001,2025-06-09,46,3.5
SKU-000023,BOT-001,2025-06-16,41,3.5
SKU-000023,BOT-001,2025-06-23,29,3.5
SKU-000023,BOT-001,2025-06-30,41,3.5
SKU-000023,BOT-001,2025-07-07,46,3.5
SKU-000023,BOT-001,2025-07-14,37,3.5
SKU-000023,BOT-001,2025-07-21,49,3.5
SKU-000023,BOT-001,2025-07-28,38,3.5
SKU-000023,BOT-001,2025-08-04,24,3.5
SKU-000023,BOT-001,2025-08-11,42,3.5
SKU-000023,BOT-001,2025-08-18,44,3.5
SKU-000023,BOT-001,2025-08-25,29,3.5
SKU-000023,BOT-001,2025-09-01,44,3.5
SKU-000023,BOT-001,2025-09-08,48,3.5
SKU-000023,BOT-001,2025-09-15,27,3.5
SKU-000023,BOT-001,2025-09-22,26,3.5
SKU-000023,BOT-001,2025-09-29,21,3.5
SKU-000023,BOT-001,2025-10-06,21,3.5
SKU-000023,BOT-001,2025-10-13,28,3.5
SKU-000023,BOT-001,2025-10-20,30,3.5
SKU-000023,BOT-001,2025-10-27,25,3.5
SKU-000023,BOT-001,2025-11-03,24,3.5
SKU-000023,BOT-001,2025-11-10,17,3.5
SKU-000023,BOT-001,2025-11-17,25,3.5
SKU-000023,BOT-001,2025-11-24,37,3.5
SKU-000023,BOT-001,2025-12-01,26,3.5
SKU-000023,BOT-001,2025-12-08,15,3.5
SKU-000023,BOT-001,2025-12-15,14,3.5
SKU-000023,BOT-001,2025-12-22,23,3.5
SKU-000023,BOT-001,2025-12-29,38,3.5
SKU-000023,BOT-001,2026-01-05,29,3.5
SKU-000023,BOT-001,2026-01-12,21,3.5
SKU-000023,BOT-001,2026-01-19,29,3.5
SKU-000023,BOT-001,2026-01-26,26,3.5
SKU-000023,BOT-001,2026-02-02,24,3.5
SKU-000023,BOT-001,2026-02-09,27,3.5
SKU-000023,BOT-001,2026-02-16,31,3.5
SKU-000023,BOT-001,2026-02-23,12,3.5
SKU-000023,BOT-001,2026-03-02,27,3.5
SKU-000023,BOT-001,2026-03-09,17,3.5
SKU-000023,BOT-001,2026-03-16,21,3.5
SKU-000023,BOT-001,2026-03-23,17,3.5
SKU-000023,BOT-001,2026-03-30,27,3.5
SKU-000023,BOT-001,2026-04-06,15,3.5
SKU-000023,BOT-001,2026-04-13,21,3.5
SKU-000023,BOT-001,2026-04-20,29,3.5
SKU-000023,BOT-001,2026-04-27,52,3.5
SKU-000023,BOT-001,2026-05-04,37,3.5
SKU-000023,BOT-002,2025-05-12,48,3.5
SKU-000023,BOT-002,2025-05-19,38,3.5
SKU-000023,BOT-002,2025-05-26,30,3.5
SKU-000023,BOT-002,2025-06-02,33,3.5
SKU-000023,BOT-002,2025-06-09,40,3.5
SKU-000023,BOT-002,2025-06-16,32,3.5
SKU-000023,BOT-002,2025-06-23,34,3.5
SKU-000023,BOT-002,2025-06-30,52,3.5
SKU-000023,BOT-002,2025-07-07,39,3.5
SKU-000023,BOT-002,2025-07-14,24,3.5
SKU-000023,BOT-002,2025-07-21,50,3.5
SKU-000023,BOT-002,2025-07-28,35,3.5
SKU-000023,BOT-002,2025-08-04,29,3.5
SKU-000023,BOT-002,2025-08-11,36,3.5
SKU-000023,BOT-002,2025-08-18,26,3.5
SKU-000023,BOT-002,2025-08-25,44,3.5
SKU-000023,BOT-002,2025-09-01,19,3.5
SKU-000023,BOT-002,2025-09-08,34,3.5
SKU-000023,BOT-002,2025-09-15,41,3.5
SKU-000023,BOT-002,2025-09-22,27,3.5
SKU-000023,BOT-002,2025-09-29,34,3.5
SKU-000023,BOT-002,2025-10-06,25,3.5
SKU-000023,BOT-002,2025-10-13,16,3.5
SKU-000023,BOT-002,2025-10-20,20,3.5
SKU-000023,BOT-002,2025-10-27,17,3.5
SKU-000023,BOT-002,2025-11-03,35,3.5
SKU-000023,BOT-002,2025-11-10,22,3.5
SKU-000023,BOT-002,2025-11-17,23,3.5
SKU-000023,BOT-002,2025-11-24,22,3.5
SKU-000023,BOT-002,2025-12-01,37,3.5
SKU-000023,BOT-002,2025-12-08,11,3.5
SKU-000023,BOT-002,2025-12-15,23,3.5
SKU-000023,BOT-002,2025-12-22,25,3.5
SKU-000023,BOT-002,2025-12-29,20,3.5
SKU-000023,BOT-002,2026-01-05,23,3.5
SKU-000023,BOT-002,2026-01-12,21,3.5
SKU-000023,BOT-002,2026-01-19,22,3.5
SKU-000023,BOT-002,2026-01-26,16,3.5
SKU-000023,BOT-002,2026-02-02,15,3.5
SKU-000023,BOT-002,2026-02-09,17,3.5
SKU-000023,BOT-002,2026-02-16,28,3.5
SKU-000023,BOT-002,2026-02-23,31,3.5
SKU-000023,BOT-002,2026-03-02,29,3.5
SKU-000023,BOT-002,2026-03-09,13,3.5
SKU-000023,BOT-002,2026-03-16,18,3.5
SKU-000023,BOT-002,2026-03-23,27,3.5
SKU-000023,BOT-002,2026-03-30,25,3.5
SKU-000023,BOT-002,2026-04-06,21,3.5
SKU-000023,BOT-002,2026-04-13,25,3.5
SKU-000023,BOT-002,2026-04-20,20,3.5
SKU-000023,BOT-002,2026-04-27,28,3.5
SKU-000023,BOT-002,2026-05-04,36,3.5
SKU-000023,BOT-005,2025-05-12,22,3.5
SKU-000023,BOT-005,2025-05-19,50,3.5
SKU-000023,BOT-005,2025-05-26,23,3.5
SKU-000023,BOT-005,2025-06-02,47,3.5
SKU-000023,BOT-005,2025-06-09,37,3.5
SKU-000023,BOT-005,2025-06-16,28,3.5
SKU-000023,BOT-005,2025-06-23,34,3.5
SKU-000023,BOT-005,2025-06-30,52,3.5
SKU-000023,BOT-005,2025-07-07,30,3.5
SKU-000023,BOT-005,2025-07-14,20,3.5
SKU-000023,BOT-005,2025-07-21,47,3.5
SKU-000023,BOT-005,2025-07-28,33,3.5
SKU-000023,BOT-005,2025-08-04,35,3.5
SKU-000023,BOT-005,2025-08-11,31,3.5
SKU-000023,BOT-005,2025-08-18,35,3.5
SKU-000023,BOT-005,2025-08-25,50,3.5
SKU-000023,BOT-005,2025-09-01,18,3.5
SKU-000023,BOT-005,2025-09-08,26,3.5
SKU-000023,BOT-005,2025-09-15,41,3.5
SKU-000023,BOT-005,2025-09-22,19,3.5
SKU-000023,BOT-005,2025-09-29,23,3.5
SKU-000023,BOT-005,2025-10-06,17,3.5
SKU-000023,BOT-005,2025-10-13,26,3.5
SKU-000023,BOT-005,2025-10-20,24,3.5
SKU-000023,BOT-005,2025-10-27,21,3.5
SKU-000023,BOT-005,2025-11-03,22,3.5
SKU-000023,BOT-005,2025-11-10,17,3.5
SKU-000023,BOT-005,2025-11-17,19,3.5
SKU-000023,BOT-005,2025-11-24,18,3.5
SKU-000023,BOT-005,2025-12-01,26,3.5
SKU-000023,BOT-005,2025-12-08,26,3.5
SKU-000023,BOT-005,2025-12-15,28,3.5
SKU-000023,BOT-005,2025-12-22,10,3.5
SKU-000023,BOT-005,2025-12-29,14,3.5
SKU-000023,BOT-005,2026-01-05,31,3.5
SKU-000023,BOT-005,2026-01-12,31,3.5
SKU-000023,BOT-005,2026-01-19,16,3.5
SKU-000023,BOT-005,2026-01-26,16,3.5
SKU-000023,BOT-005,2026-02-02,25,3.5
SKU-000023,BOT-005,2026-02-09,12,3.5
SKU-000023,BOT-005,2026-02-16,20,3.5
SKU-000023,BOT-005,2026-02-23,19,3.5
SKU-000023,BOT-005,2026-03-02,27,3.5
SKU-000023,BOT-005,2026-03-09,16,3.5
SKU-000023,BOT-005,2026-03-16,21,3.5
SKU-000023,BOT-005,2026-03-23,17,3.5
SKU-000023,BOT-005,2026-03-30,18,3.5
SKU-000023,BOT-005,2026-04-06,19,3.5
SKU-000023,BOT-005,2026-04-13,36,3.5
SKU-000023,BOT-005,2026-04-20,26,3.5
SKU-000023,BOT-005,2026-04-27,30,3.5
SKU-000023,BOT-005,2026-05-04,34,3.5
SKU-000023,BOT-004,2025-05-12,28,3.5
SKU-000023,BOT-004,2025-05-19,36,3.5
SKU-000023,BOT-004,2025-05-26,34,3.5
SKU-000023,BOT-004,2025-06-02,38,3.5
SKU-000023,BOT-004,2025-06-09,23,3.5
SKU-000023,BOT-004,2025-06-16,48,3.5
SKU-000023,BOT-004,2025-06-23,38,3.5
SKU-000023,BOT-004,2025-06-30,35,3.5
SKU-000023,BOT-004,2025-07-07,33,3.5
SKU-000023,BOT-004,2025-07-14,44,3.5
SKU-000023,BOT-004,2025-07-21,33,3.5
SKU-000023,BOT-004,2025-07-28,22,3.5
SKU-000023,BOT-004,2025-08-04,26,3.5
SKU-000023,BOT-004,2025-08-11,50,3.5
SKU-000023,BOT-004,2025-08-18,67,3.5
SKU-000023,BOT-004,2025-08-25,22,3.5
SKU-000023,BOT-004,2025-09-01,48,3.5
SKU-000023,BOT-004,2025-09-08,34,3.5
SKU-000023,BOT-004,2025-09-15,26,3.5
SKU-000023,BOT-004,2025-09-22,29,3.5
SKU-000023,BOT-004,2025-09-29,45,3.5
SKU-000023,BOT-004,2025-10-06,29,3.5
SKU-000023,BOT-004,2025-10-13,29,3.5
SKU-000023,BOT-004,2025-10-20,20,3.5
SKU-000023,BOT-004,2025-10-27,21,3.5
SKU-000023,BOT-004,2025-11-03,25,3.5
SKU-000023,BOT-004,2025-11-10,15,3.5
SKU-000023,BOT-004,2025-11-17,22,3.5
SKU-000023,BOT-004,2025-11-24,25,3.5
SKU-000023,BOT-004,2025-12-01,23,3.5
SKU-000023,BOT-004,2025-12-08,20,3.5
SKU-000023,BOT-004,2025-12-15,29,3.5
SKU-000023,BOT-004,2025-12-22,14,3.5
SKU-000023,BOT-004,2025-12-29,28,3.5
SKU-000023,BOT-004,2026-01-05,20,3.5
SKU-000023,BOT-004,2026-01-12,15,3.5
SKU-000023,BOT-004,2026-01-19,17,3.5
SKU-000023,BOT-004,2026-01-26,23,3.5
SKU-000023,BOT-004,2026-02-02,18,3.5
SKU-000023,BOT-004,2026-02-09,24,3.5
SKU-000023,BOT-004,2026-02-16,26,3.5
SKU-000023,BOT-004,2026-02-23,26,3.5
SKU-000023,BOT-004,2026-03-02,17,3.5
SKU-000023,BOT-004,2026-03-09,21,3.5
SKU-000023,BOT-004,2026-03-16,17,3.5
SKU-000023,BOT-004,2026-03-23,18,3.5
SKU-000023,BOT-004,2026-03-30,18,3.5
SKU-000023,BOT-004,2026-04-06,21,3.5
SKU-000023,BOT-004,2026-04-13,22,3.5
SKU-000023,BOT-004,2026-04-20,26,3.5
SKU-000023,BOT-004,2026-04-27,20,3.5
SKU-000023,BOT-004,2026-05-04,34,3.5
SKU-000023,BOT-003,2025-05-12,18,3.5
SKU-000023,BOT-003,2025-05-19,40,3.5
SKU-000023,BOT-003,2025-05-26,39,3.5
SKU-000023,BOT-003,2025-06-02,49,3.5
SKU-000023,BOT-003,2025-06-09,23,3.5
SKU-000023,BOT-003,2025-06-16,20,3.5
SKU-000023,BOT-003,2025-06-23,39,3.5
SKU-000023,BOT-003,2025-06-30,37,3.5
SKU-000023,BOT-003,2025-07-07,21,3.5
SKU-000023,BOT-003,2025-07-14,35,3.5
SKU-000023,BOT-003,2025-07-21,44,3.5
SKU-000023,BOT-003,2025-07-28,28,3.5
SKU-000023,BOT-003,2025-08-04,28,3.5
SKU-000023,BOT-003,2025-08-11,24,3.5
SKU-000023,BOT-003,2025-08-18,31,3.5
SKU-000023,BOT-003,2025-08-25,28,3.5
SKU-000023,BOT-003,2025-09-01,41,3.5
SKU-000023,BOT-003,2025-09-08,25,3.5
SKU-000023,BOT-003,2025-09-15,18,3.5
SKU-000023,BOT-003,2025-09-22,24,3.5
SKU-000023,BOT-003,2025-09-29,28,3.5
SKU-000023,BOT-003,2025-10-06,23,3.5
SKU-000023,BOT-003,2025-10-13,23,3.5
SKU-000023,BOT-003,2025-10-20,21,3.5
SKU-000023,BOT-003,2025-10-27,17,3.5
SKU-000023,BOT-003,2025-11-03,29,3.5
SKU-000023,BOT-003,2025-11-10,26,3.5
SKU-000023,BOT-003,2025-11-17,19,3.5
SKU-000023,BOT-003,2025-11-24,24,3.5
SKU-000023,BOT-003,2025-12-01,22,3.5
SKU-000023,BOT-003,2025-12-08,15,3.5
SKU-000023,BOT-003,2025-12-15,16,3.5
SKU-000023,BOT-003,2025-12-22,16,3.5
SKU-000023,BOT-003,2025-12-29,17,3.5
SKU-000023,BOT-003,2026-01-05,15,3.5
SKU-000023,BOT-003,2026-01-12,21,3.5
SKU-000023,BOT-003,2026-01-19,17,3.5
SKU-000023,BOT-003,2026-01-26,32,3.5
SKU-000023,BOT-003,2026-02-02,21,3.5
SKU-000023,BOT-003,2026-02-09,18,3.5
SKU-000023,BOT-003,2026-02-16,15,3.5
SKU-000023,BOT-003,2026-02-23,15,3.5
SKU-000023,BOT-003,2026-03-02,15,3.5
SKU-000023,BOT-003,2026-03-09,24,3.5
SKU-000023,BOT-003,2026-03-16,22,3.5
SKU-000023,BOT-003,2026-03-23,26,3.5
SKU-000023,BOT-003,2026-03-30,13,3.5
SKU-000023,BOT-003,2026-04-06,18,3.5
SKU-000023,BOT-003,2026-04-13,21,3.5
SKU-000023,BOT-003,2026-04-20,22,3.5
SKU-000023,BOT-003,2026-04-27,28,3.5
SKU-000023,BOT-003,2026-05-04,30,3.5
SKU-000022,BOT-001,2025-05-12,41,18.0
SKU-000022,BOT-001,2025-05-19,71,18.0
SKU-000022,BOT-001,2025-05-26,63,18.0
SKU-000022,BOT-001,2025-06-02,42,18.0
SKU-000022,BOT-001,2025-06-09,67,18.0
SKU-000022,BOT-001,2025-06-16,91,18.0
SKU-000022,BOT-001,2025-06-23,48,18.0
SKU-000022,BOT-001,2025-06-30,83,18.0
SKU-000022,BOT-001,2025-07-07,71,18.0
SKU-000022,BOT-001,2025-07-14,68,18.0
SKU-000022,BOT-001,2025-07-21,85,18.0
SKU-000022,BOT-001,2025-07-28,95,18.0
SKU-000022,BOT-001,2025-08-04,83,18.0
SKU-000022,BOT-001,2025-08-11,115,18.0
SKU-000022,BOT-001,2025-08-18,45,18.0
SKU-000022,BOT-001,2025-08-25,60,18.0
SKU-000022,BOT-001,2025-09-01,79,18.0
SKU-000022,BOT-001,2025-09-08,31,18.0
SKU-000022,BOT-001,2025-09-15,35,18.0
SKU-000022,BOT-001,2025-09-22,35,18.0
SKU-000022,BOT-001,2025-09-29,89,18.0
SKU-000022,BOT-001,2025-10-06,31,18.0
SKU-000022,BOT-001,2025-10-13,28,18.0
SKU-000022,BOT-001,2025-10-20,48,18.0
SKU-000022,BOT-001,2025-10-27,35,18.0
SKU-000022,BOT-001,2025-11-03,27,18.0
SKU-000022,BOT-001,2025-11-10,33,18.0
SKU-000022,BOT-001,2025-11-17,30,18.0
SKU-000022,BOT-001,2025-11-24,31,18.0
SKU-000022,BOT-001,2025-12-01,35,18.0
SKU-000022,BOT-001,2025-12-08,19,18.0
SKU-000022,BOT-001,2025-12-15,33,18.0
SKU-000022,BOT-001,2025-12-22,33,18.0
SKU-000022,BOT-001,2025-12-29,37,18.0
SKU-000022,BOT-001,2026-01-05,28,18.0
SKU-000022,BOT-001,2026-01-12,23,18.0
SKU-000022,BOT-001,2026-01-19,40,18.0
SKU-000022,BOT-001,2026-01-26,43,18.0
SKU-000022,BOT-001,2026-02-02,32,18.0
SKU-000022,BOT-001,2026-02-09,24,18.0
SKU-000022,BOT-001,2026-02-16,34,18.0
SKU-000022,BOT-001,2026-02-23,28,18.0
SKU-000022,BOT-001,2026-03-02,53,18.0
SKU-000022,BOT-001,2026-03-09,37,18.0
SKU-000022,BOT-001,2026-03-16,15,18.0
SKU-000022,BOT-001,2026-03-23,25,18.0
SKU-000022,BOT-001,2026-03-30,42,18.0
SKU-000022,BOT-001,2026-04-06,48,18.0
SKU-000022,BOT-001,2026-04-13,36,18.0
SKU-000022,BOT-001,2026-04-20,50,18.0
SKU-000022,BOT-001,2026-04-27,41,18.0
SKU-000022,BOT-001,2026-05-04,49,18.0
SKU-000022,BOT-002,2025-05-12,40,18.0
SKU-000022,BOT-002,2025-05-19,55,18.0
SKU-000022,BOT-002,2025-05-26,66,18.0
SKU-000022,BOT-002,2025-06-02,67,18.0
SKU-000022,BOT-002,2025-06-09,67,18.0
SKU-000022,BOT-002,2025-06-16,41,18.0
SKU-000022,BOT-002,2025-06-23,51,18.0
SKU-000022,BOT-002,2025-06-30,64,18.0
SKU-000022,BOT-002,2025-07-07,113,18.0
SKU-000022,BOT-002,2025-07-14,70,18.0
SKU-000022,BOT-002,2025-07-21,58,18.0
SKU-000022,BOT-002,2025-07-28,45,18.0
SKU-000022,BOT-002,2025-08-04,67,18.0
SKU-000022,BOT-002,2025-08-11,45,18.0
SKU-000022,BOT-002,2025-08-18,58,18.0
SKU-000022,BOT-002,2025-08-25,60,18.0
SKU-000022,BOT-002,2025-09-01,66,18.0
SKU-000022,BOT-002,2025-09-08,52,18.0
SKU-000022,BOT-002,2025-09-15,39,18.0
SKU-000022,BOT-002,2025-09-22,54,18.0
SKU-000022,BOT-002,2025-09-29,51,18.0
SKU-000022,BOT-002,2025-10-06,42,18.0
SKU-000022,BOT-002,2025-10-13,27,18.0
SKU-000022,BOT-002,2025-10-20,33,18.0
SKU-000022,BOT-002,2025-10-27,39,18.0
SKU-000022,BOT-002,2025-11-03,22,18.0
SKU-000022,BOT-002,2025-11-10,33,18.0
SKU-000022,BOT-002,2025-11-17,38,18.0
SKU-000022,BOT-002,2025-11-24,34,18.0
SKU-000022,BOT-002,2025-12-01,30,18.0
SKU-000022,BOT-002,2025-12-08,40,18.0
SKU-000022,BOT-002,2025-12-15,28,18.0
SKU-000022,BOT-002,2025-12-22,30,18.0
SKU-000022,BOT-002,2025-12-29,38,18.0
SKU-000022,BOT-002,2026-01-05,25,18.0
SKU-000022,BOT-002,2026-01-12,37,18.0
SKU-000022,BOT-002,2026-01-19,27,18.0
SKU-000022,BOT-002,2026-01-26,18,18.0
SKU-000022,BOT-002,2026-02-02,13,18.0
SKU-000022,BOT-002,2026-02-09,16,18.0
SKU-000022,BOT-002,2026-02-16,38,18.0
SKU-000022,BOT-002,2026-02-23,29,18.0
SKU-000022,BOT-002,2026-03-02,46,18.0
SKU-000022,BOT-002,2026-03-09,39,18.0
SKU-000022,BOT-002,2026-03-16,33,18.0
SKU-000022,BOT-002,2026-03-23,35,18.0
SKU-000022,BOT-002,2026-03-30,40,18.0
SKU-000022,BOT-002,2026-04-06,44,18.0
SKU-000022,BOT-002,2026-04-13,27,18.0
SKU-000022,BOT-002,2026-04-20,53,18.0
SKU-000022,BOT-002,2026-04-27,44,18.0
SKU-000022,BOT-002,2026-05-04,43,18.0
SKU-000022,BOT-005,2025-05-12,55,18.0
SKU-000022,BOT-005,2025-05-19,43,18.0
SKU-000022,BOT-005,2025-05-26,90,18.0
SKU-000022,BOT-005,2025-06-02,53,18.0
SKU-000022,BOT-005,2025-06-09,59,18.0
SKU-000022,BOT-005,2025-06-16,45,18.0
SKU-000022,BOT-005,2025-06-23,50,18.0
SKU-000022,BOT-005,2025-06-30,55,18.0
SKU-000022,BOT-005,2025-07-07,74,18.0
SKU-000022,BOT-005,2025-07-14,125,18.0
SKU-000022,BOT-005,2025-07-21,43,18.0
SKU-000022,BOT-005,2025-07-28,68,18.0
SKU-000022,BOT-005,2025-08-04,65,18.0
SKU-000022,BOT-005,2025-08-11,59,18.0
SKU-000022,BOT-005,2025-08-18,70,18.0
SKU-000022,BOT-005,2025-08-25,36,18.0
SKU-000022,BOT-005,2025-09-01,59,18.0
SKU-000022,BOT-005,2025-09-08,56,18.0
SKU-000022,BOT-005,2025-09-15,28,18.0
SKU-000022,BOT-005,2025-09-22,51,18.0
SKU-000022,BOT-005,2025-09-29,45,18.0
SKU-000022,BOT-005,2025-10-06,41,18.0
SKU-000022,BOT-005,2025-10-13,43,18.0
SKU-000022,BOT-005,2025-10-20,30,18.0
SKU-000022,BOT-005,2025-10-27,35,18.0
SKU-000022,BOT-005,2025-11-03,36,18.0
SKU-000022,BOT-005,2025-11-10,24,18.0
SKU-000022,BOT-005,2025-11-17,18,18.0
SKU-000022,BOT-005,2025-11-24,34,18.0
SKU-000022,BOT-005,2025-12-01,46,18.0
SKU-000022,BOT-005,2025-12-08,20,18.0
SKU-000022,BOT-005,2025-12-15,43,18.0
SKU-000022,BOT-005,2025-12-22,27,18.0
SKU-000022,BOT-005,2025-12-29,21,18.0
SKU-000022,BOT-005,2026-01-05,23,18.0
SKU-000022,BOT-005,2026-01-12,28,18.0
SKU-000022,BOT-005,2026-01-19,19,18.0
SKU-000022,BOT-005,2026-01-26,21,18.0
SKU-000022,BOT-005,2026-02-02,36,18.0
SKU-000022,BOT-005,2026-02-09,32,18.0
SKU-000022,BOT-005,2026-02-16,42,18.0
SKU-000022,BOT-005,2026-02-23,17,18.0
SKU-000022,BOT-005,2026-03-02,18,18.0
SKU-000022,BOT-005,2026-03-09,28,18.0
SKU-000022,BOT-005,2026-03-16,26,18.0
SKU-000022,BOT-005,2026-03-23,33,18.0
SKU-000022,BOT-005,2026-03-30,31,18.0
SKU-000022,BOT-005,2026-04-06,42,18.0
SKU-000022,BOT-005,2026-04-13,24,18.0
SKU-000022,BOT-005,2026-04-20,25,18.0
SKU-000022,BOT-005,2026-04-27,32,18.0
SKU-000022,BOT-005,2026-05-04,42,18.0
SKU-000022,BOT-004,2025-05-12,38,18.0
SKU-000022,BOT-004,2025-05-19,69,18.0
SKU-000022,BOT-004,2025-05-26,43,18.0
SKU-000022,BOT-004,2025-06-02,102,18.0
SKU-000022,BOT-004,2025-06-09,41,18.0
SKU-000022,BOT-004,2025-06-16,78,18.0
SKU-000022,BOT-004,2025-06-23,88,18.0
SKU-000022,BOT-004,2025-06-30,63,18.0
SKU-000022,BOT-004,2025-07-07,56,18.0
SKU-000022,BOT-004,2025-07-14,55,18.0
SKU-000022,BOT-004,2025-07-21,45,18.0
SKU-000022,BOT-004,2025-07-28,55,18.0
SKU-000022,BOT-004,2025-08-04,68,18.0
SKU-000022,BOT-004,2025-08-11,44,18.0
SKU-000022,BOT-004,2025-08-18,79,18.0
SKU-000022,BOT-004,2025-08-25,59,18.0
SKU-000022,BOT-004,2025-09-01,42,18.0
SKU-000022,BOT-004,2025-09-08,59,18.0
SKU-000022,BOT-004,2025-09-15,34,18.0
SKU-000022,BOT-004,2025-09-22,46,18.0
SKU-000022,BOT-004,2025-09-29,36,18.0
SKU-000022,BOT-004,2025-10-06,32,18.0
SKU-000022,BOT-004,2025-10-13,42,18.0
SKU-000022,BOT-004,2025-10-20,24,18.0
SKU-000022,BOT-004,2025-10-27,22,18.0
SKU-000022,BOT-004,2025-11-03,38,18.0
SKU-000022,BOT-004,2025-11-10,41,18.0
SKU-000022,BOT-004,2025-11-17,22,18.0
SKU-000022,BOT-004,2025-11-24,26,18.0
SKU-000022,BOT-004,2025-12-01,29,18.0
SKU-000022,BOT-004,2025-12-08,23,18.0
SKU-000022,BOT-004,2025-12-15,27,18.0
SKU-000022,BOT-004,2025-12-22,21,18.0
SKU-000022,BOT-004,2025-12-29,14,18.0
SKU-000022,BOT-004,2026-01-05,17,18.0
SKU-000022,BOT-004,2026-01-12,22,18.0
SKU-000022,BOT-004,2026-01-19,21,18.0
SKU-000022,BOT-004,2026-01-26,41,18.0
SKU-000022,BOT-004,2026-02-02,24,18.0
SKU-000022,BOT-004,2026-02-09,25,18.0
SKU-000022,BOT-004,2026-02-16,33,18.0
SKU-000022,BOT-004,2026-02-23,18,18.0
SKU-000022,BOT-004,2026-03-02,33,18.0
SKU-000022,BOT-004,2026-03-09,20,18.0
SKU-000022,BOT-004,2026-03-16,27,18.0
SKU-000022,BOT-004,2026-03-23,40,18.0
SKU-000022,BOT-004,2026-03-30,30,18.0
SKU-000022,BOT-004,2026-04-06,38,18.0
SKU-000022,BOT-004,2026-04-13,35,18.0
SKU-000022,BOT-004,2026-04-20,41,18.0
SKU-000022,BOT-004,2026-04-27,56,18.0
SKU-000022,BOT-004,2026-05-04,40,18.0
SKU-000022,BOT-003,2025-05-12,33,18.0
SKU-000022,BOT-003,2025-05-19,44,18.0
SKU-000022,BOT-003,2025-05-26,66,18.0
SKU-000022,BOT-003,2025-06-02,77,18.0
SKU-000022,BOT-003,2025-06-09,65,18.0
SKU-000022,BOT-003,2025-06-16,78,18.0
SKU-000022,BOT-003,2025-06-23,42,18.0
SKU-000022,BOT-003,2025-06-30,47,18.0
SKU-000022,BOT-003,2025-07-07,75,18.0
SKU-000022,BOT-003,2025-07-14,43,18.0
SKU-000022,BOT-003,2025-07-21,60,18.0
SKU-000022,BOT-003,2025-07-28,52,18.0
SKU-000022,BOT-003,2025-08-04,60,18.0
SKU-000022,BOT-003,2025-08-11,57,18.0
SKU-000022,BOT-003,2025-08-18,56,18.0
SKU-000022,BOT-003,2025-08-25,53,18.0
SKU-000022,BOT-003,2025-09-01,59,18.0
SKU-000022,BOT-003,2025-09-08,75,18.0
SKU-000022,BOT-003,2025-09-15,27,18.0
SKU-000022,BOT-003,2025-09-22,34,18.0
SKU-000022,BOT-003,2025-09-29,38,18.0
SKU-000022,BOT-003,2025-10-06,34,18.0
SKU-000022,BOT-003,2025-10-13,22,18.0
SKU-000022,BOT-003,2025-10-20,30,18.0
SKU-000022,BOT-003,2025-10-27,21,18.0
SKU-000022,BOT-003,2025-11-03,34,18.0
SKU-000022,BOT-003,2025-11-10,30,18.0
SKU-000022,BOT-003,2025-11-17,33,18.0
SKU-000022,BOT-003,2025-11-24,19,18.0
SKU-000022,BOT-003,2025-12-01,21,18.0
SKU-000022,BOT-003,2025-12-08,21,18.0
SKU-000022,BOT-003,2025-12-15,26,18.0
SKU-000022,BOT-003,2025-12-22,29,18.0
SKU-000022,BOT-003,2025-12-29,42,18.0
SKU-000022,BOT-003,2026-01-05,28,18.0
SKU-000022,BOT-003,2026-01-12,24,18.0
SKU-000022,BOT-003,2026-01-19,18,18.0
SKU-000022,BOT-003,2026-01-26,14,18.0
SKU-000022,BOT-003,2026-02-02,18,18.0
SKU-000022,BOT-003,2026-02-09,26,18.0
SKU-000022,BOT-003,2026-02-16,22,18.0
SKU-000022,BOT-003,2026-02-23,30,18.0
SKU-000022,BOT-003,2026-03-02,25,18.0
SKU-000022,BOT-003,2026-03-09,14,18.0
SKU-000022,BOT-003,2026-03-16,21,18.0
SKU-000022,BOT-003,2026-03-23,26,18.0
SKU-000022,BOT-003,2026-03-30,20,18.0
SKU-000022,BOT-003,2026-04-06,25,18.0
SKU-000022,BOT-003,2026-04-13,19,18.0
SKU-000022,BOT-003,2026-04-20,24,18.0
SKU-000022,BOT-003,2026-04-27,48,18.0
SKU-000022,BOT-003,2026-05-04,36,18.0
SKU-000002,BOT-001,2025-05-12,92,0.8
SKU-000002,BOT-001,2025-05-19,112,0.8
SKU-000002,BOT-001,2025-05-26,112,0.8
SKU-000002,BOT-001,2025-06-02,84,0.8
SKU-000002,BOT-001,2025-06-09,100,0.8
SKU-000002,BOT-001,2025-06-16,125,0.8
SKU-000002,BOT-001,2025-06-23,82,0.8
SKU-000002,BOT-001,2025-06-30,148,0.8
SKU-000002,BOT-001,2025-07-07,124,0.8
SKU-000002,BOT-001,2025-07-14,112,0.8
SKU-000002,BOT-001,2025-07-21,130,0.8
SKU-000002,BOT-001,2025-07-28,145,0.8
SKU-000002,BOT-001,2025-08-04,98,0.8
SKU-000002,BOT-001,2025-08-11,80,0.8
SKU-000002,BOT-001,2025-08-18,101,0.8
SKU-000002,BOT-001,2025-08-25,101,0.8
SKU-000002,BOT-001,2025-09-01,73,0.8
SKU-000002,BOT-001,2025-09-08,140,0.8
SKU-000002,BOT-001,2025-09-15,76,0.8
SKU-000002,BOT-001,2025-09-22,157,0.8
SKU-000002,BOT-001,2025-09-29,77,0.8
SKU-000002,BOT-001,2025-10-06,96,0.8
SKU-000002,BOT-001,2025-10-13,60,0.8
SKU-000002,BOT-001,2025-10-20,127,0.8
SKU-000002,BOT-001,2025-10-27,83,0.8
SKU-000002,BOT-001,2025-11-03,69,0.8
SKU-000002,BOT-001,2025-11-10,85,0.8
SKU-000002,BOT-001,2025-11-17,73,0.8
SKU-000002,BOT-001,2025-11-24,83,0.8
SKU-000002,BOT-001,2025-12-01,74,0.8
SKU-000002,BOT-001,2025-12-08,91,0.8
SKU-000002,BOT-001,2025-12-15,65,0.8
SKU-000002,BOT-001,2025-12-22,73,0.8
SKU-000002,BOT-001,2025-12-29,76,0.8
SKU-000002,BOT-001,2026-01-05,68,0.8
SKU-000002,BOT-001,2026-01-12,95,0.8
SKU-000002,BOT-001,2026-01-19,83,0.8
SKU-000002,BOT-001,2026-01-26,75,0.8
SKU-000002,BOT-001,2026-02-02,76,0.8
SKU-000002,BOT-001,2026-02-09,69,0.8
SKU-000002,BOT-001,2026-02-16,78,0.8
SKU-000002,BOT-001,2026-02-23,107,0.8
SKU-000002,BOT-001,2026-03-02,69,0.8
SKU-000002,BOT-001,2026-03-09,78,0.8
SKU-000002,BOT-001,2026-03-16,97,0.8
SKU-000002,BOT-001,2026-03-23,92,0.8
SKU-000002,BOT-001,2026-03-30,78,0.8
SKU-000002,BOT-001,2026-04-06,61,0.8
SKU-000002,BOT-001,2026-04-13,84,0.8
SKU-000002,BOT-001,2026-04-20,75,0.8
SKU-000002,BOT-001,2026-04-27,108,0.8
SKU-000002,BOT-001,2026-05-04,127,0.8
SKU-000002,BOT-002,2025-05-12,75,0.8
SKU-000002,BOT-002,2025-05-19,80,0.8
SKU-000002,BOT-002,2025-05-26,86,0.8
SKU-000002,BOT-002,2025-06-02,99,0.8
SKU-000002,BOT-002,2025-06-09,128,0.8
SKU-000002,BOT-002,2025-06-16,97,0.8
SKU-000002,BOT-002,2025-06-23,88,0.8
SKU-000002,BOT-002,2025-06-30,105,0.8
SKU-000002,BOT-002,2025-07-07,170,0.8
SKU-000002,BOT-002,2025-07-14,88,0.8
SKU-000002,BOT-002,2025-07-21,121,0.8
SKU-000002,BOT-002,2025-07-28,139,0.8
SKU-000002,BOT-002,2025-08-04,100,0.8
SKU-000002,BOT-002,2025-08-11,130,0.8
SKU-000002,BOT-002,2025-08-18,113,0.8
SKU-000002,BOT-002,2025-08-25,99,0.8
SKU-000002,BOT-002,2025-09-01,126,0.8
SKU-000002,BOT-002,2025-09-08,84,0.8
SKU-000002,BOT-002,2025-09-15,79,0.8
SKU-000002,BOT-002,2025-09-22,94,0.8
SKU-000002,BOT-002,2025-09-29,103,0.8
SKU-000002,BOT-002,2025-10-06,60,0.8
SKU-000002,BOT-002,2025-10-13,65,0.8
SKU-000002,BOT-002,2025-10-20,46,0.8
SKU-000002,BOT-002,2025-10-27,56,0.8
SKU-000002,BOT-002,2025-11-03,75,0.8
SKU-000002,BOT-002,2025-11-10,49,0.8
SKU-000002,BOT-002,2025-11-17,67,0.8
SKU-000002,BOT-002,2025-11-24,92,0.8
SKU-000002,BOT-002,2025-12-01,56,0.8
SKU-000002,BOT-002,2025-12-08,56,0.8
SKU-000002,BOT-002,2025-12-15,82,0.8
SKU-000002,BOT-002,2025-12-22,98,0.8
SKU-000002,BOT-002,2025-12-29,74,0.8
SKU-000002,BOT-002,2026-01-05,81,0.8
SKU-000002,BOT-002,2026-01-12,124,0.8
SKU-000002,BOT-002,2026-01-19,82,0.8
SKU-000002,BOT-002,2026-01-26,81,0.8
SKU-000002,BOT-002,2026-02-02,69,0.8
SKU-000002,BOT-002,2026-02-09,51,0.8
SKU-000002,BOT-002,2026-02-16,65,0.8
SKU-000002,BOT-002,2026-02-23,42,0.8
SKU-000002,BOT-002,2026-03-02,57,0.8
SKU-000002,BOT-002,2026-03-09,60,0.8
SKU-000002,BOT-002,2026-03-16,73,0.8
SKU-000002,BOT-002,2026-03-23,81,0.8
SKU-000002,BOT-002,2026-03-30,60,0.8
SKU-000002,BOT-002,2026-04-06,69,0.8
SKU-000002,BOT-002,2026-04-13,35,0.8
SKU-000002,BOT-002,2026-04-20,73,0.8
SKU-000002,BOT-002,2026-04-27,80,0.8
SKU-000002,BOT-002,2026-05-04,100,0.8
SKU-000002,BOT-005,2025-05-12,63,0.8
SKU-000002,BOT-005,2025-05-19,97,0.8
SKU-000002,BOT-005,2025-05-26,115,0.8
SKU-000002,BOT-005,2025-06-02,94,0.8
SKU-000002,BOT-005,2025-06-09,111,0.8
SKU-000002,BOT-005,2025-06-16,108,0.8
SKU-000002,BOT-005,2025-06-23,98,0.8
SKU-000002,BOT-005,2025-06-30,127,0.8
SKU-000002,BOT-005,2025-07-07,131,0.8
SKU-000002,BOT-005,2025-07-14,92,0.8
SKU-000002,BOT-005,2025-07-21,93,0.8
SKU-000002,BOT-005,2025-07-28,96,0.8
SKU-000002,BOT-005,2025-08-04,76,0.8
SKU-000002,BOT-005,2025-08-11,104,0.8
SKU-000002,BOT-005,2025-08-18,94,0.8
SKU-000002,BOT-005,2025-08-25,88,0.8
SKU-000002,BOT-005,2025-09-01,108,0.8
SKU-000002,BOT-005,2025-09-08,95,0.8
SKU-000002,BOT-005,2025-09-15,95,0.8
SKU-000002,BOT-005,2025-09-22,73,0.8
SKU-000002,BOT-005,2025-09-29,72,0.8
SKU-000002,BOT-005,2025-10-06,89,0.8
SKU-000002,BOT-005,2025-10-13,86,0.8
SKU-000002,BOT-005,2025-10-20,77,0.8
SKU-000002,BOT-005,2025-10-27,62,0.8
SKU-000002,BOT-005,2025-11-03,61,0.8
SKU-000002,BOT-005,2025-11-10,72,0.8
SKU-000002,BOT-005,2025-11-17,98,0.8
SKU-000002,BOT-005,2025-11-24,73,0.8
SKU-000002,BOT-005,2025-12-01,75,0.8
SKU-000002,BOT-005,2025-12-08,67,0.8
SKU-000002,BOT-005,2025-12-15,65,0.8
SKU-000002,BOT-005,2025-12-22,65,0.8
SKU-000002,BOT-005,2025-12-29,56,0.8
SKU-000002,BOT-005,2026-01-05,73,0.8
SKU-000002,BOT-005,2026-01-12,82,0.8
SKU-000002,BOT-005,2026-01-19,80,0.8
SKU-000002,BOT-005,2026-01-26,77,0.8
SKU-000002,BOT-005,2026-02-02,68,0.8
SKU-000002,BOT-005,2026-02-09,52,0.8
SKU-000002,BOT-005,2026-02-16,44,0.8
SKU-000002,BOT-005,2026-02-23,55,0.8
SKU-000002,BOT-005,2026-03-02,71,0.8
SKU-000002,BOT-005,2026-03-09,76,0.8
SKU-000002,BOT-005,2026-03-16,51,0.8
SKU-000002,BOT-005,2026-03-23,59,0.8
SKU-000002,BOT-005,2026-03-30,85,0.8
SKU-000002,BOT-005,2026-04-06,64,0.8
SKU-000002,BOT-005,2026-04-13,43,0.8
SKU-000002,BOT-005,2026-04-20,58,0.8
SKU-000002,BOT-005,2026-04-27,91,0.8
SKU-000002,BOT-005,2026-05-04,84,0.8
SKU-000002,BOT-004,2025-05-12,98,0.8
SKU-000002,BOT-004,2025-05-19,91,0.8
SKU-000002,BOT-004,2025-05-26,78,0.8
SKU-000002,BOT-004,2025-06-02,132,0.8
SKU-000002,BOT-004,2025-06-09,142,0.8
SKU-000002,BOT-004,2025-06-16,98,0.8
SKU-000002,BOT-004,2025-06-23,68,0.8
SKU-000002,BOT-004,2025-06-30,100,0.8
SKU-000002,BOT-004,2025-07-07,93,0.8
SKU-000002,BOT-004,2025-07-14,93,0.8
SKU-000002,BOT-004,2025-07-21,72,0.8
SKU-000002,BOT-004,2025-07-28,101,0.8
SKU-000002,BOT-004,2025-08-04,110,0.8
SKU-000002,BOT-004,2025-08-11,129,0.8
SKU-000002,BOT-004,2025-08-18,91,0.8
SKU-000002,BOT-004,2025-08-25,106,0.8
SKU-000002,BOT-004,2025-09-01,117,0.8
SKU-000002,BOT-004,2025-09-08,117,0.8
SKU-000002,BOT-004,2025-09-15,117,0.8
SKU-000002,BOT-004,2025-09-22,103,0.8
SKU-000002,BOT-004,2025-09-29,68,0.8
SKU-000002,BOT-004,2025-10-06,40,0.8
SKU-000002,BOT-004,2025-10-13,56,0.8
SKU-000002,BOT-004,2025-10-20,89,0.8
SKU-000002,BOT-004,2025-10-27,44,0.8
SKU-000002,BOT-004,2025-11-03,66,0.8
SKU-000002,BOT-004,2025-11-10,63,0.8
SKU-000002,BOT-004,2025-11-17,58,0.8
SKU-000002,BOT-004,2025-11-24,70,0.8
SKU-000002,BOT-004,2025-12-01,43,0.8
SKU-000002,BOT-004,2025-12-08,74,0.8
SKU-000002,BOT-004,2025-12-15,69,0.8
SKU-000002,BOT-004,2025-12-22,82,0.8
SKU-000002,BOT-004,2025-12-29,73,0.8
SKU-000002,BOT-004,2026-01-05,54,0.8
SKU-000002,BOT-004,2026-01-12,50,0.8
SKU-000002,BOT-004,2026-01-19,55,0.8
SKU-000002,BOT-004,2026-01-26,59,0.8
SKU-000002,BOT-004,2026-02-02,70,0.8
SKU-000002,BOT-004,2026-02-09,57,0.8
SKU-000002,BOT-004,2026-02-16,79,0.8
SKU-000002,BOT-004,2026-02-23,81,0.8
SKU-000002,BOT-004,2026-03-02,70,0.8
SKU-000002,BOT-004,2026-03-09,59,0.8
SKU-000002,BOT-004,2026-03-16,92,0.8
SKU-000002,BOT-004,2026-03-23,63,0.8
SKU-000002,BOT-004,2026-03-30,84,0.8
SKU-000002,BOT-004,2026-04-06,65,0.8
SKU-000002,BOT-004,2026-04-13,60,0.8
SKU-000002,BOT-004,2026-04-20,60,0.8
SKU-000002,BOT-004,2026-04-27,106,0.8
SKU-000002,BOT-004,2026-05-04,76,0.8
SKU-000002,BOT-003,2025-05-12,93,0.8
SKU-000002,BOT-003,2025-05-19,106,0.8
SKU-000002,BOT-003,2025-05-26,80,0.8
SKU-000002,BOT-003,2025-06-02,100,0.8
SKU-000002,BOT-003,2025-06-09,69,0.8
SKU-000002,BOT-003,2025-06-16,71,0.8
SKU-000002,BOT-003,2025-06-23,113,0.8
SKU-000002,BOT-003,2025-06-30,68,0.8
SKU-000002,BOT-003,2025-07-07,117,0.8
SKU-000002,BOT-003,2025-07-14,107,0.8
SKU-000002,BOT-003,2025-07-21,108,0.8
SKU-000002,BOT-003,2025-07-28,110,0.8
SKU-000002,BOT-003,2025-08-04,108,0.8
SKU-000002,BOT-003,2025-08-11,73,0.8
SKU-000002,BOT-003,2025-08-18,72,0.8
SKU-000002,BOT-003,2025-08-25,104,0.8
SKU-000002,BOT-003,2025-09-01,67,0.8
SKU-000002,BOT-003,2025-09-08,87,0.8
SKU-000002,BOT-003,2025-09-15,62,0.8
SKU-000002,BOT-003,2025-09-22,70,0.8
SKU-000002,BOT-003,2025-09-29,88,0.8
SKU-000002,BOT-003,2025-10-06,79,0.8
SKU-000002,BOT-003,2025-10-13,62,0.8
SKU-000002,BOT-003,2025-10-20,77,0.8
SKU-000002,BOT-003,2025-10-27,77,0.8
SKU-000002,BOT-003,2025-11-03,68,0.8
SKU-000002,BOT-003,2025-11-10,39,0.8
SKU-000002,BOT-003,2025-11-17,49,0.8
SKU-000002,BOT-003,2025-11-24,41,0.8
SKU-000002,BOT-003,2025-12-01,81,0.8
SKU-000002,BOT-003,2025-12-08,40,0.8
SKU-000002,BOT-003,2025-12-15,48,0.8
SKU-000002,BOT-003,2025-12-22,51,0.8
SKU-000002,BOT-003,2025-12-29,63,0.8
SKU-000002,BOT-003,2026-01-05,68,0.8
SKU-000002,BOT-003,2026-01-12,64,0.8
SKU-000002,BOT-003,2026-01-19,70,0.8
SKU-000002,BOT-003,2026-01-26,60,0.8
SKU-000002,BOT-003,2026-02-02,58,0.8
SKU-000002,BOT-003,2026-02-09,60,0.8
SKU-000002,BOT-003,2026-02-16,56,0.8
SKU-000002,BOT-003,2026-02-23,43,0.8
SKU-000002,BOT-003,2026-03-02,59,0.8
SKU-000002,BOT-003,2026-03-09,65,0.8
SKU-000002,BOT-003,2026-03-16,39,0.8
SKU-000002,BOT-003,2026-03-23,71,0.8
SKU-000002,BOT-003,2026-03-30,52,0.8
SKU-000002,BOT-003,2026-04-06,60,0.8
SKU-000002,BOT-003,2026-04-13,58,0.8
SKU-000002,BOT-003,2026-04-20,70,0.8
SKU-000002,BOT-003,2026-04-27,94,0.8
SKU-000002,BOT-003,2026-05-04,83,0.8
SKU-000019,BOT-001,2025-05-12,82,0.7
SKU-000019,BOT-001,2025-05-19,66,0.7
SKU-000019,BOT-001,2025-05-26,68,0.7
SKU-000019,BOT-001,2025-06-02,81,0.7
SKU-000019,BOT-001,2025-06-09,65,0.7
SKU-000019,BOT-001,2025-06-16,37,0.7
SKU-000019,BOT-001,2025-06-23,74,0.7
SKU-000019,BOT-001,2025-06-30,59,0.7
SKU-000019,BOT-001,2025-07-07,59,0.7
SKU-000019,BOT-001,2025-07-14,79,0.7
SKU-000019,BOT-001,2025-07-21,43,0.7
SKU-000019,BOT-001,2025-07-28,72,0.7
SKU-000019,BOT-001,2025-08-04,72,0.7
SKU-000019,BOT-001,2025-08-11,76,0.7
SKU-000019,BOT-001,2025-08-18,72,0.7
SKU-000019,BOT-001,2025-08-25,106,0.7
SKU-000019,BOT-001,2025-09-01,6,0.7
SKU-000019,BOT-001,2025-09-08,78,0.7
SKU-000019,BOT-001,2025-09-15,67,0.7
SKU-000019,BOT-001,2025-09-22,58,0.7
SKU-000019,BOT-001,2025-09-29,80,0.7
SKU-000019,BOT-001,2025-10-06,48,0.7
SKU-000019,BOT-001,2025-10-13,66,0.7
SKU-000019,BOT-001,2025-10-20,28,0.7
SKU-000019,BOT-001,2025-10-27,79,0.7
SKU-000019,BOT-001,2025-11-03,75,0.7
SKU-000019,BOT-001,2025-11-10,68,0.7
SKU-000019,BOT-001,2025-11-17,83,0.7
SKU-000019,BOT-001,2025-11-24,71,0.7
SKU-000019,BOT-001,2025-12-01,56,0.7
SKU-000019,BOT-001,2025-12-08,66,0.7
SKU-000019,BOT-001,2025-12-15,86,0.7
SKU-000019,BOT-001,2025-12-22,80,0.7
SKU-000019,BOT-001,2025-12-29,88,0.7
SKU-000019,BOT-001,2026-01-05,65,0.7
SKU-000019,BOT-001,2026-01-12,38,0.7
SKU-000019,BOT-001,2026-01-19,73,0.7
SKU-000019,BOT-001,2026-01-26,66,0.7
SKU-000019,BOT-001,2026-02-02,98,0.7
SKU-000019,BOT-001,2026-02-09,37,0.7
SKU-000019,BOT-001,2026-02-16,65,0.7
SKU-000019,BOT-001,2026-02-23,73,0.7
SKU-000019,BOT-001,2026-03-02,91,0.7
SKU-000019,BOT-001,2026-03-09,72,0.7
SKU-000019,BOT-001,2026-03-16,62,0.7
SKU-000019,BOT-001,2026-03-23,53,0.7
SKU-000019,BOT-001,2026-03-30,43,0.7
SKU-000019,BOT-001,2026-04-06,72,0.7
SKU-000019,BOT-001,2026-04-13,77,0.7
SKU-000019,BOT-001,2026-04-20,84,0.7
SKU-000019,BOT-001,2026-04-27,93,0.7
SKU-000019,BOT-001,2026-05-04,20,0.7
SKU-000019,BOT-002,2025-05-12,68,0.7
SKU-000019,BOT-002,2025-05-19,35,0.7
SKU-000019,BOT-002,2025-05-26,77,0.7
SKU-000019,BOT-002,2025-06-02,84,0.7
SKU-000019,BOT-002,2025-06-09,61,0.7
SKU-000019,BOT-002,2025-06-16,55,0.7
SKU-000019,BOT-002,2025-06-23,40,0.7
SKU-000019,BOT-002,2025-06-30,75,0.7
SKU-000019,BOT-002,2025-07-07,75,0.7
SKU-000019,BOT-002,2025-07-14,73,0.7
SKU-000019,BOT-002,2025-07-21,81,0.7
SKU-000019,BOT-002,2025-07-28,28,0.7
SKU-000019,BOT-002,2025-08-04,44,0.7
SKU-000019,BOT-002,2025-08-11,58,0.7
SKU-000019,BOT-002,2025-08-18,81,0.7
SKU-000019,BOT-002,2025-08-25,70,0.7
SKU-000019,BOT-002,2025-09-01,30,0.7
SKU-000019,BOT-002,2025-09-08,80,0.7
SKU-000019,BOT-002,2025-09-15,91,0.7
SKU-000019,BOT-002,2025-09-22,64,0.7
SKU-000019,BOT-002,2025-09-29,47,0.7
SKU-000019,BOT-002,2025-10-06,53,0.7
SKU-000019,BOT-002,2025-10-13,74,0.7
SKU-000019,BOT-002,2025-10-20,26,0.7
SKU-000019,BOT-002,2025-10-27,50,0.7
SKU-000019,BOT-002,2025-11-03,93,0.7
SKU-000019,BOT-002,2025-11-10,73,0.7
SKU-000019,BOT-002,2025-11-17,56,0.7
SKU-000019,BOT-002,2025-11-24,43,0.7
SKU-000019,BOT-002,2025-12-01,87,0.7
SKU-000019,BOT-002,2025-12-08,70,0.7
SKU-000019,BOT-002,2025-12-15,81,0.7
SKU-000019,BOT-002,2025-12-22,70,0.7
SKU-000019,BOT-002,2025-12-29,26,0.7
SKU-000019,BOT-002,2026-01-05,64,0.7
SKU-000019,BOT-002,2026-01-12,78,0.7
SKU-000019,BOT-002,2026-01-19,56,0.7
SKU-000019,BOT-002,2026-01-26,57,0.7
SKU-000019,BOT-002,2026-02-02,47,0.7
SKU-000019,BOT-002,2026-02-09,98,0.7
SKU-000019,BOT-002,2026-02-16,71,0.7
SKU-000019,BOT-002,2026-02-23,62,0.7
SKU-000019,BOT-002,2026-03-02,80,0.7
SKU-000019,BOT-002,2026-03-09,19,0.7
SKU-000019,BOT-002,2026-03-16,49,0.7
SKU-000019,BOT-002,2026-03-23,85,0.7
SKU-000019,BOT-002,2026-03-30,93,0.7
SKU-000019,BOT-002,2026-04-06,68,0.7
SKU-000019,BOT-002,2026-04-13,36,0.7
SKU-000019,BOT-002,2026-04-20,51,0.7
SKU-000019,BOT-002,2026-04-27,66,0.7
SKU-000019,BOT-002,2026-05-04,66,0.7
SKU-000019,BOT-005,2025-05-12,57,0.7
SKU-000019,BOT-005,2025-05-19,51,0.7
SKU-000019,BOT-005,2025-05-26,81,0.7
SKU-000019,BOT-005,2025-06-02,66,0.7
SKU-000019,BOT-005,2025-06-09,41,0.7
SKU-000019,BOT-005,2025-06-16,81,0.7
SKU-000019,BOT-005,2025-06-23,47,0.7
SKU-000019,BOT-005,2025-06-30,72,0.7
SKU-000019,BOT-005,2025-07-07,66,0.7
SKU-000019,BOT-005,2025-07-14,65,0.7
SKU-000019,BOT-005,2025-07-21,43,0.7
SKU-000019,BOT-005,2025-07-28,79,0.7
SKU-000019,BOT-005,2025-08-04,41,0.7
SKU-000019,BOT-005,2025-08-11,71,0.7
SKU-000019,BOT-005,2025-08-18,16,0.7
SKU-000019,BOT-005,2025-08-25,65,0.7
SKU-000019,BOT-005,2025-09-01,105,0.7
SKU-000019,BOT-005,2025-09-08,58,0.7
SKU-000019,BOT-005,2025-09-15,72,0.7
SKU-000019,BOT-005,2025-09-22,59,0.7
SKU-000019,BOT-005,2025-09-29,66,0.7
SKU-000019,BOT-005,2025-10-06,28,0.7
SKU-000019,BOT-005,2025-10-13,76,0.7
SKU-000019,BOT-005,2025-10-20,54,0.7
SKU-000019,BOT-005,2025-10-27,61,0.7
SKU-000019,BOT-005,2025-11-03,68,0.7
SKU-000019,BOT-005,2025-11-10,33,0.7
SKU-000019,BOT-005,2025-11-17,61,0.7
SKU-000019,BOT-005,2025-11-24,63,0.7
SKU-000019,BOT-005,2025-12-01,89,0.7
SKU-000019,BOT-005,2025-12-08,64,0.7
SKU-000019,BOT-005,2025-12-15,53,0.7
SKU-000019,BOT-005,2025-12-22,76,0.7
SKU-000019,BOT-005,2025-12-29,78,0.7
SKU-000019,BOT-005,2026-01-05,70,0.7
SKU-000019,BOT-005,2026-01-12,48,0.7
SKU-000019,BOT-005,2026-01-19,54,0.7
SKU-000019,BOT-005,2026-01-26,54,0.7
SKU-000019,BOT-005,2026-02-02,42,0.7
SKU-000019,BOT-005,2026-02-09,60,0.7
SKU-000019,BOT-005,2026-02-16,74,0.7
SKU-000019,BOT-005,2026-02-23,71,0.7
SKU-000019,BOT-005,2026-03-02,30,0.7
SKU-000019,BOT-005,2026-03-09,65,0.7
SKU-000019,BOT-005,2026-03-16,59,0.7
SKU-000019,BOT-005,2026-03-23,68,0.7
SKU-000019,BOT-005,2026-03-30,90,0.7
SKU-000019,BOT-005,2026-04-06,52,0.7
SKU-000019,BOT-005,2026-04-13,44,0.7
SKU-000019,BOT-005,2026-04-20,43,0.7
SKU-000019,BOT-005,2026-04-27,67,0.7
SKU-000019,BOT-005,2026-05-04,80,0.7
SKU-000019,BOT-004,2025-05-12,69,0.7
SKU-000019,BOT-004,2025-05-19,44,0.7
SKU-000019,BOT-004,2025-05-26,69,0.7
SKU-000019,BOT-004,2025-06-02,62,0.7
SKU-000019,BOT-004,2025-06-09,73,0.7
SKU-000019,BOT-004,2025-06-16,61,0.7
SKU-000019,BOT-004,2025-06-23,26,0.7
SKU-000019,BOT-004,2025-06-30,74,0.7
SKU-000019,BOT-004,2025-07-07,57,0.7
SKU-000019,BOT-004,2025-07-14,80,0.7
SKU-000019,BOT-004,2025-07-21,64,0.7
SKU-000019,BOT-004,2025-07-28,24,0.7
SKU-000019,BOT-004,2025-08-04,59,0.7
SKU-000019,BOT-004,2025-08-11,50,0.7
SKU-000019,BOT-004,2025-08-18,70,0.7
SKU-000019,BOT-004,2025-08-25,58,0.7
SKU-000019,BOT-004,2025-09-01,46,0.7
SKU-000019,BOT-004,2025-09-08,48,0.7
SKU-000019,BOT-004,2025-09-15,56,0.7
SKU-000019,BOT-004,2025-09-22,78,0.7
SKU-000019,BOT-004,2025-09-29,77,0.7
SKU-000019,BOT-004,2025-10-06,69,0.7
SKU-000019,BOT-004,2025-10-13,46,0.7
SKU-000019,BOT-004,2025-10-20,34,0.7
SKU-000019,BOT-004,2025-10-27,89,0.7
SKU-000019,BOT-004,2025-11-03,59,0.7
SKU-000019,BOT-004,2025-11-10,74,0.7
SKU-000019,BOT-004,2025-11-17,72,0.7
SKU-000019,BOT-004,2025-11-24,26,0.7
SKU-000019,BOT-004,2025-12-01,93,0.7
SKU-000019,BOT-004,2025-12-08,45,0.7
SKU-000019,BOT-004,2025-12-15,56,0.7
SKU-000019,BOT-004,2025-12-22,60,0.7
SKU-000019,BOT-004,2025-12-29,47,0.7
SKU-000019,BOT-004,2026-01-05,66,0.7
SKU-000019,BOT-004,2026-01-12,46,0.7
SKU-000019,BOT-004,2026-01-19,70,0.7
SKU-000019,BOT-004,2026-01-26,70,0.7
SKU-000019,BOT-004,2026-02-02,52,0.7
SKU-000019,BOT-004,2026-02-09,37,0.7
SKU-000019,BOT-004,2026-02-16,59,0.7
SKU-000019,BOT-004,2026-02-23,82,0.7
SKU-000019,BOT-004,2026-03-02,65,0.7
SKU-000019,BOT-004,2026-03-09,84,0.7
SKU-000019,BOT-004,2026-03-16,76,0.7
SKU-000019,BOT-004,2026-03-23,23,0.7
SKU-000019,BOT-004,2026-03-30,80,0.7
SKU-000019,BOT-004,2026-04-06,35,0.7
SKU-000019,BOT-004,2026-04-13,72,0.7
SKU-000019,BOT-004,2026-04-20,61,0.7
SKU-000019,BOT-004,2026-04-27,38,0.7
SKU-000019,BOT-004,2026-05-04,68,0.7
SKU-000019,BOT-003,2025-05-12,68,0.7
SKU-000019,BOT-003,2025-05-19,52,0.7
SKU-000019,BOT-003,2025-05-26,49,0.7
SKU-000019,BOT-003,2025-06-02,68,0.7
SKU-000019,BOT-003,2025-06-09,82,0.7
SKU-000019,BOT-003,2025-06-16,42,0.7
SKU-000019,BOT-003,2025-06-23,40,0.7
SKU-000019,BOT-003,2025-06-30,55,0.7
SKU-000019,BOT-003,2025-07-07,65,0.7
SKU-000019,BOT-003,2025-07-14,43,0.7
SKU-000019,BOT-003,2025-07-21,80,0.7
SKU-000019,BOT-003,2025-07-28,51,0.7
SKU-000019,BOT-003,2025-08-04,49,0.7
SKU-000019,BOT-003,2025-08-11,60,0.7
SKU-000019,BOT-003,2025-08-18,52,0.7
SKU-000019,BOT-003,2025-08-25,43,0.7
SKU-000019,BOT-003,2025-09-01,44,0.7
SKU-000019,BOT-003,2025-09-08,50,0.7
SKU-000019,BOT-003,2025-09-15,44,0.7
SKU-000019,BOT-003,2025-09-22,43,0.7
SKU-000019,BOT-003,2025-09-29,76,0.7
SKU-000019,BOT-003,2025-10-06,65,0.7
SKU-000019,BOT-003,2025-10-13,48,0.7
SKU-000019,BOT-003,2025-10-20,57,0.7
SKU-000019,BOT-003,2025-10-27,45,0.7
SKU-000019,BOT-003,2025-11-03,42,0.7
SKU-000019,BOT-003,2025-11-10,52,0.7
SKU-000019,BOT-003,2025-11-17,37,0.7
SKU-000019,BOT-003,2025-11-24,63,0.7
SKU-000019,BOT-003,2025-12-01,45,0.7
SKU-000019,BOT-003,2025-12-08,80,0.7
SKU-000019,BOT-003,2025-12-15,51,0.7
SKU-000019,BOT-003,2025-12-22,31,0.7
SKU-000019,BOT-003,2025-12-29,60,0.7
SKU-000019,BOT-003,2026-01-05,58,0.7
SKU-000019,BOT-003,2026-01-12,68,0.7
SKU-000019,BOT-003,2026-01-19,61,0.7
SKU-000019,BOT-003,2026-01-26,45,0.7
SKU-000019,BOT-003,2026-02-02,34,0.7
SKU-000019,BOT-003,2026-02-09,51,0.7
SKU-000019,BOT-003,2026-02-16,57,0.7
SKU-000019,BOT-003,2026-02-23,66,0.7
SKU-000019,BOT-003,2026-03-02,48,0.7
SKU-000019,BOT-003,2026-03-09,60,0.7
SKU-000019,BOT-003,2026-03-16,67,0.7
SKU-000019,BOT-003,2026-03-23,52,0.7
SKU-000019,BOT-003,2026-03-30,35,0.7
SKU-000019,BOT-003,2026-04-06,52,0.7
SKU-000019,BOT-003,2026-04-13,63,0.7
SKU-000019,BOT-003,2026-04-20,38,0.7
SKU-000019,BOT-003,2026-04-27,63,0.7
SKU-000019,BOT-003,2026-05-04,55,0.7
SKU-000012,BOT-001,2025-05-12,90,0.6
SKU-000012,BOT-001,2025-05-19,91,0.6
SKU-000012,BOT-001,2025-05-26,86,0.6
SKU-000012,BOT-001,2025-06-02,80,0.6
SKU-000012,BOT-001,2025-06-09,71,0.6
SKU-000012,BOT-001,2025-06-16,84,0.6
SKU-000012,BOT-001,2025-06-23,65,0.6
SKU-000012,BOT-001,2025-06-30,134,0.6
SKU-000012,BOT-001,2025-07-07,50,0.6
SKU-000012,BOT-001,2025-07-14,78,0.6
SKU-000012,BOT-001,2025-07-21,100,0.6
SKU-000012,BOT-001,2025-07-28,81,0.6
SKU-000012,BOT-001,2025-08-04,115,0.6
SKU-000012,BOT-001,2025-08-11,66,0.6
SKU-000012,BOT-001,2025-08-18,86,0.6
SKU-000012,BOT-001,2025-08-25,100,0.6
SKU-000012,BOT-001,2025-09-01,93,0.6
SKU-000012,BOT-001,2025-09-08,56,0.6
SKU-000012,BOT-001,2025-09-15,66,0.6
SKU-000012,BOT-001,2025-09-22,56,0.6
SKU-000012,BOT-001,2025-09-29,67,0.6
SKU-000012,BOT-001,2025-10-06,62,0.6
SKU-000012,BOT-001,2025-10-13,93,0.6
SKU-000012,BOT-001,2025-10-20,83,0.6
SKU-000012,BOT-001,2025-10-27,106,0.6
SKU-000012,BOT-001,2025-11-03,102,0.6
SKU-000012,BOT-001,2025-11-10,89,0.6
SKU-000012,BOT-001,2025-11-17,109,0.6
SKU-000012,BOT-001,2025-11-24,140,0.6
SKU-000012,BOT-001,2025-12-01,145,0.6
SKU-000012,BOT-001,2025-12-08,123,0.6
SKU-000012,BOT-001,2025-12-15,77,0.6
SKU-000012,BOT-001,2025-12-22,187,0.6
SKU-000012,BOT-001,2025-12-29,116,0.6
SKU-000012,BOT-001,2026-01-05,97,0.6
SKU-000012,BOT-001,2026-01-12,197,0.6
SKU-000012,BOT-001,2026-01-19,122,0.6
SKU-000012,BOT-001,2026-01-26,192,0.6
SKU-000012,BOT-001,2026-02-02,133,0.6
SKU-000012,BOT-001,2026-02-09,176,0.6
SKU-000012,BOT-001,2026-02-16,147,0.6
SKU-000012,BOT-001,2026-02-23,168,0.6
SKU-000012,BOT-001,2026-03-02,170,0.6
SKU-000012,BOT-001,2026-03-09,199,0.6
SKU-000012,BOT-001,2026-03-16,106,0.6
SKU-000012,BOT-001,2026-03-23,103,0.6
SKU-000012,BOT-001,2026-03-30,219,0.6
SKU-000012,BOT-001,2026-04-06,108,0.6
SKU-000012,BOT-001,2026-04-13,102,0.6
SKU-000012,BOT-001,2026-04-20,94,0.6
SKU-000012,BOT-001,2026-04-27,91,0.6
SKU-000012,BOT-001,2026-05-04,70,0.6
SKU-000012,BOT-002,2025-05-12,54,0.6
SKU-000012,BOT-002,2025-05-19,60,0.6
SKU-000012,BOT-002,2025-05-26,97,0.6
SKU-000012,BOT-002,2025-06-02,82,0.6
SKU-000012,BOT-002,2025-06-09,93,0.6
SKU-000012,BOT-002,2025-06-16,73,0.6
SKU-000012,BOT-002,2025-06-23,118,0.6
SKU-000012,BOT-002,2025-06-30,84,0.6
SKU-000012,BOT-002,2025-07-07,111,0.6
SKU-000012,BOT-002,2025-07-14,68,0.6
SKU-000012,BOT-002,2025-07-21,63,0.6
SKU-000012,BOT-002,2025-07-28,89,0.6
SKU-000012,BOT-002,2025-08-04,37,0.6
SKU-000012,BOT-002,2025-08-11,38,0.6
SKU-000012,BOT-002,2025-08-18,65,0.6
SKU-000012,BOT-002,2025-08-25,70,0.6
SKU-000012,BOT-002,2025-09-01,89,0.6
SKU-000012,BOT-002,2025-09-08,46,0.6
SKU-000012,BOT-002,2025-09-15,75,0.6
SKU-000012,BOT-002,2025-09-22,57,0.6
SKU-000012,BOT-002,2025-09-29,67,0.6
SKU-000012,BOT-002,2025-10-06,63,0.6
SKU-000012,BOT-002,2025-10-13,74,0.6
SKU-000012,BOT-002,2025-10-20,55,0.6
SKU-000012,BOT-002,2025-10-27,76,0.6
SKU-000012,BOT-002,2025-11-03,70,0.6
SKU-000012,BOT-002,2025-11-10,91,0.6
SKU-000012,BOT-002,2025-11-17,121,0.6
SKU-000012,BOT-002,2025-11-24,70,0.6
SKU-000012,BOT-002,2025-12-01,83,0.6
SKU-000012,BOT-002,2025-12-08,173,0.6
SKU-000012,BOT-002,2025-12-15,99,0.6
SKU-000012,BOT-002,2025-12-22,220,0.6
SKU-000012,BOT-002,2025-12-29,103,0.6
SKU-000012,BOT-002,2026-01-05,120,0.6
SKU-000012,BOT-002,2026-01-12,165,0.6
SKU-000012,BOT-002,2026-01-19,104,0.6
SKU-000012,BOT-002,2026-01-26,158,0.6
SKU-000012,BOT-002,2026-02-02,137,0.6
SKU-000012,BOT-002,2026-02-09,142,0.6
SKU-000012,BOT-002,2026-02-16,211,0.6
SKU-000012,BOT-002,2026-02-23,82,0.6
SKU-000012,BOT-002,2026-03-02,200,0.6
SKU-000012,BOT-002,2026-03-09,146,0.6
SKU-000012,BOT-002,2026-03-16,142,0.6
SKU-000012,BOT-002,2026-03-23,127,0.6
SKU-000012,BOT-002,2026-03-30,84,0.6
SKU-000012,BOT-002,2026-04-06,145,0.6
SKU-000012,BOT-002,2026-04-13,85,0.6
SKU-000012,BOT-002,2026-04-20,87,0.6
SKU-000012,BOT-002,2026-04-27,60,0.6
SKU-000012,BOT-002,2026-05-04,55,0.6
SKU-000012,BOT-005,2025-05-12,111,0.6
SKU-000012,BOT-005,2025-05-19,63,0.6
SKU-000012,BOT-005,2025-05-26,74,0.6
SKU-000012,BOT-005,2025-06-02,87,0.6
SKU-000012,BOT-005,2025-06-09,60,0.6
SKU-000012,BOT-005,2025-06-16,101,0.6
SKU-000012,BOT-005,2025-06-23,73,0.6
SKU-000012,BOT-005,2025-06-30,72,0.6
SKU-000012,BOT-005,2025-07-07,65,0.6
SKU-000012,BOT-005,2025-07-14,72,0.6
SKU-000012,BOT-005,2025-07-21,78,0.6
SKU-000012,BOT-005,2025-07-28,53,0.6
SKU-000012,BOT-005,2025-08-04,85,0.6
SKU-000012,BOT-005,2025-08-11,70,0.6
SKU-000012,BOT-005,2025-08-18,78,0.6
SKU-000012,BOT-005,2025-08-25,58,0.6
SKU-000012,BOT-005,2025-09-01,64,0.6
SKU-000012,BOT-005,2025-09-08,45,0.6
SKU-000012,BOT-005,2025-09-15,77,0.6
SKU-000012,BOT-005,2025-09-22,68,0.6
SKU-000012,BOT-005,2025-09-29,58,0.6
SKU-000012,BOT-005,2025-10-06,63,0.6
SKU-000012,BOT-005,2025-10-13,72,0.6
SKU-000012,BOT-005,2025-10-20,54,0.6
SKU-000012,BOT-005,2025-10-27,96,0.6
SKU-000012,BOT-005,2025-11-03,56,0.6
SKU-000012,BOT-005,2025-11-10,73,0.6
SKU-000012,BOT-005,2025-11-17,66,0.6
SKU-000012,BOT-005,2025-11-24,78,0.6
SKU-000012,BOT-005,2025-12-01,99,0.6
SKU-000012,BOT-005,2025-12-08,106,0.6
SKU-000012,BOT-005,2025-12-15,143,0.6
SKU-000012,BOT-005,2025-12-22,123,0.6
SKU-000012,BOT-005,2025-12-29,118,0.6
SKU-000012,BOT-005,2026-01-05,102,0.6
SKU-000012,BOT-005,2026-01-12,191,0.6
SKU-000012,BOT-005,2026-01-19,141,0.6
SKU-000012,BOT-005,2026-01-26,77,0.6
SKU-000012,BOT-005,2026-02-02,206,0.6
SKU-000012,BOT-005,2026-02-09,102,0.6
SKU-000012,BOT-005,2026-02-16,141,0.6
SKU-000012,BOT-005,2026-02-23,113,0.6
SKU-000012,BOT-005,2026-03-02,120,0.6
SKU-000012,BOT-005,2026-03-09,188,0.6
SKU-000012,BOT-005,2026-03-16,145,0.6
SKU-000012,BOT-005,2026-03-23,92,0.6
SKU-000012,BOT-005,2026-03-30,66,0.6
SKU-000012,BOT-005,2026-04-06,93,0.6
SKU-000012,BOT-005,2026-04-13,56,0.6
SKU-000012,BOT-005,2026-04-20,99,0.6
SKU-000012,BOT-005,2026-04-27,69,0.6
SKU-000012,BOT-005,2026-05-04,70,0.6
SKU-000012,BOT-004,2025-05-12,94,0.6
SKU-000012,BOT-004,2025-05-19,91,0.6
SKU-000012,BOT-004,2025-05-26,95,0.6
SKU-000012,BOT-004,2025-06-02,93,0.6
SKU-000012,BOT-004,2025-06-09,67,0.6
SKU-000012,BOT-004,2025-06-16,72,0.6
SKU-000012,BOT-004,2025-06-23,58,0.6
SKU-000012,BOT-004,2025-06-30,71,0.6
SKU-000012,BOT-004,2025-07-07,68,0.6
SKU-000012,BOT-004,2025-07-14,77,0.6
SKU-000012,BOT-004,2025-07-21,84,0.6
SKU-000012,BOT-004,2025-07-28,78,0.6
SKU-000012,BOT-004,2025-08-04,86,0.6
SKU-000012,BOT-004,2025-08-11,117,0.6
SKU-000012,BOT-004,2025-08-18,43,0.6
SKU-000012,BOT-004,2025-08-25,67,0.6
SKU-000012,BOT-004,2025-09-01,53,0.6
SKU-000012,BOT-004,2025-09-08,106,0.6
SKU-000012,BOT-004,2025-09-15,83,0.6
SKU-000012,BOT-004,2025-09-22,41,0.6
SKU-000012,BOT-004,2025-09-29,69,0.6
SKU-000012,BOT-004,2025-10-06,78,0.6
SKU-000012,BOT-004,2025-10-13,50,0.6
SKU-000012,BOT-004,2025-10-20,76,0.6
SKU-000012,BOT-004,2025-10-27,44,0.6
SKU-000012,BOT-004,2025-11-03,85,0.6
SKU-000012,BOT-004,2025-11-10,100,0.6
SKU-000012,BOT-004,2025-11-17,87,0.6
SKU-000012,BOT-004,2025-11-24,105,0.6
SKU-000012,BOT-004,2025-12-01,171,0.6
SKU-000012,BOT-004,2025-12-08,79,0.6
SKU-000012,BOT-004,2025-12-15,115,0.6
SKU-000012,BOT-004,2025-12-22,153,0.6
SKU-000012,BOT-004,2025-12-29,111,0.6
SKU-000012,BOT-004,2026-01-05,143,0.6
SKU-000012,BOT-004,2026-01-12,199,0.6
SKU-000012,BOT-004,2026-01-19,90,0.6
SKU-000012,BOT-004,2026-01-26,218,0.6
SKU-000012,BOT-004,2026-02-02,108,0.6
SKU-000012,BOT-004,2026-02-09,128,0.6
SKU-000012,BOT-004,2026-02-16,204,0.6
SKU-000012,BOT-004,2026-02-23,108,0.6
SKU-000012,BOT-004,2026-03-02,189,0.6
SKU-000012,BOT-004,2026-03-09,129,0.6
SKU-000012,BOT-004,2026-03-16,139,0.6
SKU-000012,BOT-004,2026-03-23,134,0.6
SKU-000012,BOT-004,2026-03-30,144,0.6
SKU-000012,BOT-004,2026-04-06,59,0.6
SKU-000012,BOT-004,2026-04-13,102,0.6
SKU-000012,BOT-004,2026-04-20,87,0.6
SKU-000012,BOT-004,2026-04-27,67,0.6
SKU-000012,BOT-004,2026-05-04,72,0.6
SKU-000012,BOT-003,2025-05-12,42,0.6
SKU-000012,BOT-003,2025-05-19,82,0.6
SKU-000012,BOT-003,2025-05-26,63,0.6
SKU-000012,BOT-003,2025-06-02,70,0.6
SKU-000012,BOT-003,2025-06-09,64,0.6
SKU-000012,BOT-003,2025-06-16,99,0.6
SKU-000012,BOT-003,2025-06-23,62,0.6
SKU-000012,BOT-003,2025-06-30,69,0.6
SKU-000012,BOT-003,2025-07-07,45,0.6
SKU-000012,BOT-003,2025-07-14,91,0.6
SKU-000012,BOT-003,2025-07-21,60,0.6
SKU-000012,BOT-003,2025-07-28,66,0.6
SKU-000012,BOT-003,2025-08-04,85,0.6
SKU-000012,BOT-003,2025-08-11,72,0.6
SKU-000012,BOT-003,2025-08-18,83,0.6
SKU-000012,BOT-003,2025-08-25,86,0.6
SKU-000012,BOT-003,2025-09-01,59,0.6
SKU-000012,BOT-003,2025-09-08,60,0.6
SKU-000012,BOT-003,2025-09-15,51,0.6
SKU-000012,BOT-003,2025-09-22,69,0.6
SKU-000012,BOT-003,2025-09-29,78,0.6
SKU-000012,BOT-003,2025-10-06,51,0.6
SKU-000012,BOT-003,2025-10-13,62,0.6
SKU-000012,BOT-003,2025-10-20,49,0.6
SKU-000012,BOT-003,2025-10-27,68,0.6
SKU-000012,BOT-003,2025-11-03,61,0.6
SKU-000012,BOT-003,2025-11-10,44,0.6
SKU-000012,BOT-003,2025-11-17,65,0.6
SKU-000012,BOT-003,2025-11-24,65,0.6
SKU-000012,BOT-003,2025-12-01,89,0.6
SKU-000012,BOT-003,2025-12-08,94,0.6
SKU-000012,BOT-003,2025-12-15,88,0.6
SKU-000012,BOT-003,2025-12-22,94,0.6
SKU-000012,BOT-003,2025-12-29,116,0.6
SKU-000012,BOT-003,2026-01-05,105,0.6
SKU-000012,BOT-003,2026-01-12,136,0.6
SKU-000012,BOT-003,2026-01-19,157,0.6
SKU-000012,BOT-003,2026-01-26,148,0.6
SKU-000012,BOT-003,2026-02-02,152,0.6
SKU-000012,BOT-003,2026-02-09,97,0.6
SKU-000012,BOT-003,2026-02-16,90,0.6
SKU-000012,BOT-003,2026-02-23,82,0.6
SKU-000012,BOT-003,2026-03-02,71,0.6
SKU-000012,BOT-003,2026-03-09,117,0.6
SKU-000012,BOT-003,2026-03-16,160,0.6
SKU-000012,BOT-003,2026-03-23,88,0.6
SKU-000012,BOT-003,2026-03-30,136,0.6
SKU-000012,BOT-003,2026-04-06,96,0.6
SKU-000012,BOT-003,2026-04-13,90,0.6
SKU-000012,BOT-003,2026-04-20,102,0.6
SKU-000012,BOT-003,2026-04-27,69,0.6
SKU-000012,BOT-003,2026-05-04,70,0.6
SKU-000010,BOT-001,2025-05-12,11,2.2
SKU-000010,BOT-001,2025-05-19,11,2.2
SKU-000010,BOT-001,2025-05-26,31,2.2
SKU-000010,BOT-001,2025-06-02,25,2.2
SKU-000010,BOT-001,2025-06-09,31,2.2
SKU-000010,BOT-001,2025-06-16,24,2.2
SKU-000010,BOT-001,2025-06-23,20,2.2
SKU-000010,BOT-001,2025-06-30,3,2.2
SKU-000010,BOT-001,2025-07-07,31,2.2
SKU-000010,BOT-001,2025-07-14,32,2.2
SKU-000010,BOT-001,2025-07-21,43,2.2
SKU-000010,BOT-001,2025-07-28,6,2.2
SKU-000010,BOT-001,2025-08-04,19,2.2
SKU-000010,BOT-001,2025-08-11,22,2.2
SKU-000010,BOT-001,2025-08-18,36,2.2
SKU-000010,BOT-001,2025-08-25,24,2.2
SKU-000010,BOT-001,2025-09-01,18,2.2
SKU-000010,BOT-001,2025-09-08,2,2.2
SKU-000010,BOT-001,2025-09-15,28,2.2
SKU-000010,BOT-001,2025-09-22,17,2.2
SKU-000010,BOT-001,2025-09-29,34,2.2
SKU-000010,BOT-001,2025-10-06,26,2.2
SKU-000010,BOT-001,2025-10-13,24,2.2
SKU-000010,BOT-001,2025-10-20,27,2.2
SKU-000010,BOT-001,2025-10-27,6,2.2
SKU-000010,BOT-001,2025-11-03,17,2.2
SKU-000010,BOT-001,2025-11-10,32,2.2
SKU-000010,BOT-001,2025-11-17,23,2.2
SKU-000010,BOT-001,2025-11-24,30,2.2
SKU-000010,BOT-001,2025-12-01,17,2.2
SKU-000010,BOT-001,2025-12-08,8,2.2
SKU-000010,BOT-001,2025-12-15,39,2.2
SKU-000010,BOT-001,2025-12-22,36,2.2
SKU-000010,BOT-001,2025-12-29,30,2.2
SKU-000010,BOT-001,2026-01-12,34,2.2
SKU-000010,BOT-001,2026-01-19,40,2.2
SKU-000010,BOT-001,2026-01-26,32,2.2
SKU-000010,BOT-001,2026-02-02,42,2.2
SKU-000010,BOT-001,2026-02-16,24,2.2
SKU-000010,BOT-001,2026-02-23,44,2.2
SKU-000010,BOT-001,2026-03-02,49,2.2
SKU-000010,BOT-001,2026-03-16,19,2.2
SKU-000010,BOT-001,2026-03-23,33,2.2
SKU-000010,BOT-001,2026-03-30,32,2.2
SKU-000010,BOT-001,2026-04-06,30,2.2
SKU-000010,BOT-001,2026-04-20,17,2.2
SKU-000010,BOT-001,2026-04-27,37,2.2
SKU-000010,BOT-001,2026-05-04,23,2.2
SKU-000010,BOT-002,2025-05-12,19,2.2
SKU-000010,BOT-002,2025-05-19,32,2.2
SKU-000010,BOT-002,2025-05-26,35,2.2
SKU-000010,BOT-002,2025-06-02,40,2.2
SKU-000010,BOT-002,2025-06-09,20,2.2
SKU-000010,BOT-002,2025-06-16,6,2.2
SKU-000010,BOT-002,2025-06-23,23,2.2
SKU-000010,BOT-002,2025-06-30,29,2.2
SKU-000010,BOT-002,2025-07-07,39,2.2
SKU-000010,BOT-002,2025-07-14,18,2.2
SKU-000010,BOT-002,2025-07-21,3,2.2
SKU-000010,BOT-002,2025-07-28,30,2.2
SKU-000010,BOT-002,2025-08-04,28,2.2
SKU-000010,BOT-002,2025-08-11,23,2.2
SKU-000010,BOT-002,2025-08-18,28,2.2
SKU-000010,BOT-002,2025-08-25,5,2.2
SKU-000010,BOT-002,2025-09-01,28,2.2
SKU-000010,BOT-002,2025-09-08,49,2.2
SKU-000010,BOT-002,2025-09-15,23,2.2
SKU-000010,BOT-002,2025-09-22,26,2.2
SKU-000010,BOT-002,2025-09-29,5,2.2
SKU-000010,BOT-002,2025-10-06,15,2.2
SKU-000010,BOT-002,2025-10-13,19,2.2
SKU-000010,BOT-002,2025-10-20,31,2.2
SKU-000010,BOT-002,2025-10-27,28,2.2
SKU-000010,BOT-002,2025-11-03,33,2.2
SKU-000010,BOT-002,2025-11-10,26,2.2
SKU-000010,BOT-002,2025-11-17,9,2.2
SKU-000010,BOT-002,2025-11-24,23,2.2
SKU-000010,BOT-002,2025-12-01,25,2.2
SKU-000010,BOT-002,2025-12-08,19,2.2
SKU-000010,BOT-002,2025-12-15,35,2.2
SKU-000010,BOT-002,2025-12-22,45,2.2
SKU-000010,BOT-002,2025-12-29,6,2.2
SKU-000010,BOT-002,2026-01-05,15,2.2
SKU-000010,BOT-002,2026-01-12,25,2.2
SKU-000010,BOT-002,2026-01-19,36,2.2
SKU-000010,BOT-002,2026-01-26,39,2.2
SKU-000010,BOT-002,2026-02-02,27,2.2
SKU-000010,BOT-002,2026-02-16,33,2.2
SKU-000010,BOT-002,2026-02-23,35,2.2
SKU-000010,BOT-002,2026-03-02,40,2.2
SKU-000010,BOT-002,2026-03-09,11,2.2
SKU-000010,BOT-002,2026-03-16,15,2.2
SKU-000010,BOT-002,2026-03-23,30,2.2
SKU-000010,BOT-002,2026-03-30,31,2.2
SKU-000010,BOT-002,2026-04-06,40,2.2
SKU-000010,BOT-002,2026-04-20,17,2.2
SKU-000010,BOT-002,2026-04-27,23,2.2
SKU-000010,BOT-002,2026-05-04,28,2.2
SKU-000010,BOT-005,2025-05-12,16,2.2
SKU-000010,BOT-005,2025-05-19,5,2.2
SKU-000010,BOT-005,2025-05-26,20,2.2
SKU-000010,BOT-005,2025-06-02,30,2.2
SKU-000010,BOT-005,2025-06-09,35,2.2
SKU-000010,BOT-005,2025-06-16,32,2.2
SKU-000010,BOT-005,2025-06-23,23,2.2
SKU-000010,BOT-005,2025-07-07,29,2.2
SKU-000010,BOT-005,2025-07-14,15,2.2
SKU-000010,BOT-005,2025-07-21,25,2.2
SKU-000010,BOT-005,2025-07-28,43,2.2
SKU-000010,BOT-005,2025-08-04,32,2.2
SKU-000010,BOT-005,2025-08-11,1,2.2
SKU-000010,BOT-005,2025-08-18,15,2.2
SKU-000010,BOT-005,2025-08-25,27,2.2
SKU-000010,BOT-005,2025-09-01,14,2.2
SKU-000010,BOT-005,2025-09-08,30,2.2
SKU-000010,BOT-005,2025-09-15,32,2.2
SKU-000010,BOT-005,2025-09-22,22,2.2
SKU-000010,BOT-005,2025-09-29,21,2.2
SKU-000010,BOT-005,2025-10-06,4,2.2
SKU-000010,BOT-005,2025-10-13,28,2.2
SKU-000010,BOT-005,2025-10-20,26,2.2
SKU-000010,BOT-005,2025-10-27,25,2.2
SKU-000010,BOT-005,2025-11-03,18,2.2
SKU-000010,BOT-005,2025-11-10,20,2.2
SKU-000010,BOT-005,2025-11-17,2,2.2
SKU-000010,BOT-005,2025-11-24,37,2.2
SKU-000010,BOT-005,2025-12-01,35,2.2
SKU-000010,BOT-005,2025-12-08,23,2.2
SKU-000010,BOT-005,2025-12-15,39,2.2
SKU-000010,BOT-005,2025-12-22,7,2.2
SKU-000010,BOT-005,2025-12-29,7,2.2
SKU-000010,BOT-005,2026-01-05,26,2.2
SKU-000010,BOT-005,2026-01-12,30,2.2
SKU-000010,BOT-005,2026-01-19,21,2.2
SKU-000010,BOT-005,2026-01-26,28,2.2
SKU-000010,BOT-005,2026-02-02,28,2.2
SKU-000010,BOT-005,2026-02-09,16,2.2
SKU-000010,BOT-005,2026-02-16,7,2.2
SKU-000010,BOT-005,2026-02-23,16,2.2
SKU-000010,BOT-005,2026-03-02,43,2.2
SKU-000010,BOT-005,2026-03-09,27,2.2
SKU-000010,BOT-005,2026-03-16,30,2.2
SKU-000010,BOT-005,2026-03-23,13,2.2
SKU-000010,BOT-005,2026-03-30,6,2.2
SKU-000010,BOT-005,2026-04-06,26,2.2
SKU-000010,BOT-005,2026-04-13,17,2.2
SKU-000010,BOT-005,2026-04-20,27,2.2
SKU-000010,BOT-005,2026-04-27,26,2.2
SKU-000010,BOT-005,2026-05-04,17,2.2
SKU-000010,BOT-004,2025-05-12,28,2.2
SKU-000010,BOT-004,2025-05-19,10,2.2
SKU-000010,BOT-004,2025-05-26,20,2.2
SKU-000010,BOT-004,2025-06-02,25,2.2
SKU-000010,BOT-004,2025-06-09,28,2.2
SKU-000010,BOT-004,2025-06-16,26,2.2
SKU-000010,BOT-004,2025-06-23,20,2.2
SKU-000010,BOT-004,2025-06-30,28,2.2
SKU-000010,BOT-004,2025-07-14,21,2.2
SKU-000010,BOT-004,2025-07-21,35,2.2
SKU-000010,BOT-004,2025-07-28,24,2.2
SKU-000010,BOT-004,2025-08-04,27,2.2
SKU-000010,BOT-004,2025-08-11,9,2.2
SKU-000010,BOT-004,2025-08-18,13,2.2
SKU-000010,BOT-004,2025-08-25,21,2.2
SKU-000010,BOT-004,2025-09-01,53,2.2
SKU-000010,BOT-004,2025-09-08,21,2.2
SKU-000010,BOT-004,2025-09-15,9,2.2
SKU-000010,BOT-004,2025-09-22,19,2.2
SKU-000010,BOT-004,2025-09-29,21,2.2
SKU-000010,BOT-004,2025-10-06,21,2.2
SKU-000010,BOT-004,2025-10-13,19,2.2
SKU-000010,BOT-004,2025-10-20,29,2.2
SKU-000010,BOT-004,2025-10-27,8,2.2
SKU-000010,BOT-004,2025-11-03,10,2.2
SKU-000010,BOT-004,2025-11-10,24,2.2
SKU-000010,BOT-004,2025-11-17,23,2.2
SKU-000010,BOT-004,2025-11-24,15,2.2
SKU-000010,BOT-004,2025-12-01,36,2.2
SKU-000010,BOT-004,2025-12-08,32,2.2
SKU-000010,BOT-004,2025-12-15,24,2.2
SKU-000010,BOT-004,2025-12-29,26,2.2
SKU-000010,BOT-004,2026-01-05,31,2.2
SKU-000010,BOT-004,2026-01-12,22,2.2
SKU-000010,BOT-004,2026-01-19,30,2.2
SKU-000010,BOT-004,2026-01-26,39,2.2
SKU-000010,BOT-004,2026-02-02,14,2.2
SKU-000010,BOT-004,2026-02-09,9,2.2
SKU-000010,BOT-004,2026-02-16,43,2.2
SKU-000010,BOT-004,2026-02-23,25,2.2
SKU-000010,BOT-004,2026-03-02,29,2.2
SKU-000010,BOT-004,2026-03-09,11,2.2
SKU-000010,BOT-004,2026-03-16,21,2.2
SKU-000010,BOT-004,2026-03-23,29,2.2
SKU-000010,BOT-004,2026-03-30,27,2.2
SKU-000010,BOT-004,2026-04-06,30,2.2
SKU-000010,BOT-004,2026-04-13,19,2.2
SKU-000010,BOT-004,2026-04-20,4,2.2
SKU-000010,BOT-004,2026-04-27,23,2.2
SKU-000010,BOT-004,2026-05-04,20,2.2
SKU-000010,BOT-003,2025-05-12,6,2.2
SKU-000010,BOT-003,2025-05-19,15,2.2
SKU-000010,BOT-003,2025-05-26,28,2.2
SKU-000010,BOT-003,2025-06-02,46,2.2
SKU-000010,BOT-003,2025-06-09,23,2.2
SKU-000010,BOT-003,2025-06-16,22,2.2
SKU-000010,BOT-003,2025-06-23,24,2.2
SKU-000010,BOT-003,2025-06-30,10,2.2
SKU-000010,BOT-003,2025-07-07,7,2.2
SKU-000010,BOT-003,2025-07-14,27,2.2
SKU-000010,BOT-003,2025-07-21,22,2.2
SKU-000010,BOT-003,2025-07-28,22,2.2
SKU-000010,BOT-003,2025-08-04,25,2.2
SKU-000010,BOT-003,2025-08-11,31,2.2
SKU-000010,BOT-003,2025-08-18,9,2.2
SKU-000010,BOT-003,2025-08-25,10,2.2
SKU-000010,BOT-003,2025-09-01,28,2.2
SKU-000010,BOT-003,2025-09-08,18,2.2
SKU-000010,BOT-003,2025-09-15,28,2.2
SKU-000010,BOT-003,2025-09-22,25,2.2
SKU-000010,BOT-003,2025-09-29,23,2.2
SKU-000010,BOT-003,2025-10-06,1,2.2
SKU-000010,BOT-003,2025-10-13,23,2.2
SKU-000010,BOT-003,2025-10-20,25,2.2
SKU-000010,BOT-003,2025-10-27,28,2.2
SKU-000010,BOT-003,2025-11-03,27,2.2
SKU-000010,BOT-003,2025-11-10,13,2.2
SKU-000010,BOT-003,2025-11-17,8,2.2
SKU-000010,BOT-003,2025-11-24,27,2.2
SKU-000010,BOT-003,2025-12-01,24,2.2
SKU-000010,BOT-003,2025-12-08,25,2.2
SKU-000010,BOT-003,2025-12-15,26,2.2
SKU-000010,BOT-003,2025-12-22,6,2.2
SKU-000010,BOT-003,2025-12-29,11,2.2
SKU-000010,BOT-003,2026-01-05,21,2.2
SKU-000010,BOT-003,2026-01-12,45,2.2
SKU-000010,BOT-003,2026-01-19,29,2.2
SKU-000010,BOT-003,2026-01-26,10,2.2
SKU-000010,BOT-003,2026-02-02,13,2.2
SKU-000010,BOT-003,2026-02-09,31,2.2
SKU-000010,BOT-003,2026-02-16,23,2.2
SKU-000010,BOT-003,2026-02-23,36,2.2
SKU-000010,BOT-003,2026-03-02,10,2.2
SKU-000010,BOT-003,2026-03-09,13,2.2
SKU-000010,BOT-003,2026-03-16,19,2.2
SKU-000010,BOT-003,2026-03-23,25,2.2
SKU-000010,BOT-003,2026-03-30,39,2.2
SKU-000010,BOT-003,2026-04-06,23,2.2
SKU-000010,BOT-003,2026-04-13,19,2.2
SKU-000010,BOT-003,2026-04-20,4,2.2
SKU-000010,BOT-003,2026-04-27,24,2.2
SKU-000010,BOT-003,2026-05-04,21,2.2
SKU-000006,BOT-001,2025-05-12,56,0.45
SKU-000006,BOT-001,2025-05-19,73,0.45
SKU-000006,BOT-001,2025-05-26,75,0.45
SKU-000006,BOT-001,2025-06-02,122,0.45
SKU-000006,BOT-001,2025-06-09,84,0.45
SKU-000006,BOT-001,2025-06-16,121,0.45
SKU-000006,BOT-001,2025-06-23,118,0.45
SKU-000006,BOT-001,2025-06-30,131,0.45
SKU-000006,BOT-001,2025-07-07,152,0.45
SKU-000006,BOT-001,2025-07-14,63,0.45
SKU-000006,BOT-001,2025-07-21,126,0.45
SKU-000006,BOT-001,2025-07-28,104,0.45
SKU-000006,BOT-001,2025-08-04,92,0.45
SKU-000006,BOT-001,2025-08-11,96,0.45
SKU-000006,BOT-001,2025-08-18,134,0.45
SKU-000006,BOT-001,2025-08-25,121,0.45
SKU-000006,BOT-001,2025-09-01,84,0.45
SKU-000006,BOT-001,2025-09-08,145,0.45
SKU-000006,BOT-001,2025-09-15,82,0.45
SKU-000006,BOT-001,2025-09-22,105,0.45
SKU-000006,BOT-001,2025-09-29,64,0.45
SKU-000006,BOT-001,2025-10-06,61,0.45
SKU-000006,BOT-001,2025-10-13,57,0.45
SKU-000006,BOT-001,2025-10-20,98,0.45
SKU-000006,BOT-001,2025-10-27,53,0.45
SKU-000006,BOT-001,2025-11-03,87,0.45
SKU-000006,BOT-001,2025-11-10,84,0.45
SKU-000006,BOT-001,2025-11-17,83,0.45
SKU-000006,BOT-001,2025-11-24,48,0.45
SKU-000006,BOT-001,2025-12-01,74,0.45
SKU-000006,BOT-001,2025-12-08,75,0.45
SKU-000006,BOT-001,2025-12-15,114,0.45
SKU-000006,BOT-001,2025-12-22,69,0.45
SKU-000006,BOT-001,2025-12-29,71,0.45
SKU-000006,BOT-001,2026-01-05,68,0.45
SKU-000006,BOT-001,2026-01-12,122,0.45
SKU-000006,BOT-001,2026-01-19,92,0.45
SKU-000006,BOT-001,2026-01-26,51,0.45
SKU-000006,BOT-001,2026-02-02,99,0.45
SKU-000006,BOT-001,2026-02-09,57,0.45
SKU-000006,BOT-001,2026-02-16,71,0.45
SKU-000006,BOT-001,2026-02-23,69,0.45
SKU-000006,BOT-001,2026-03-02,51,0.45
SKU-000006,BOT-001,2026-03-09,69,0.45
SKU-000006,BOT-001,2026-03-16,75,0.45
SKU-000006,BOT-001,2026-03-23,61,0.45
SKU-000006,BOT-001,2026-03-30,108,0.45
SKU-000006,BOT-001,2026-04-06,95,0.45
SKU-000006,BOT-001,2026-04-13,62,0.45
SKU-000006,BOT-001,2026-04-20,82,0.45
SKU-000006,BOT-001,2026-04-27,76,0.45
SKU-000006,BOT-001,2026-05-04,111,0.45
SKU-000006,BOT-002,2025-05-12,83,0.45
SKU-000006,BOT-002,2025-05-19,106,0.45
SKU-000006,BOT-002,2025-05-26,97,0.45
SKU-000006,BOT-002,2025-06-02,101,0.45
SKU-000006,BOT-002,2025-06-09,78,0.45
SKU-000006,BOT-002,2025-06-16,66,0.45
SKU-000006,BOT-002,2025-06-23,195,0.45
SKU-000006,BOT-002,2025-06-30,105,0.45
SKU-000006,BOT-002,2025-07-07,83,0.45
SKU-000006,BOT-002,2025-07-14,111,0.45
SKU-000006,BOT-002,2025-07-21,124,0.45
SKU-000006,BOT-002,2025-07-28,98,0.45
SKU-000006,BOT-002,2025-08-04,132,0.45
SKU-000006,BOT-002,2025-08-11,117,0.45
SKU-000006,BOT-002,2025-08-18,84,0.45
SKU-000006,BOT-002,2025-08-25,105,0.45
SKU-000006,BOT-002,2025-09-01,113,0.45
SKU-000006,BOT-002,2025-09-08,82,0.45
SKU-000006,BOT-002,2025-09-15,68,0.45
SKU-000006,BOT-002,2025-09-22,82,0.45
SKU-000006,BOT-002,2025-09-29,93,0.45
SKU-000006,BOT-002,2025-10-06,48,0.45
SKU-000006,BOT-002,2025-10-13,71,0.45
SKU-000006,BOT-002,2025-10-20,67,0.45
SKU-000006,BOT-002,2025-10-27,72,0.45
SKU-000006,BOT-002,2025-11-03,136,0.45
SKU-000006,BOT-002,2025-11-10,79,0.45
SKU-000006,BOT-002,2025-11-17,73,0.45
SKU-000006,BOT-002,2025-11-24,71,0.45
SKU-000006,BOT-002,2025-12-01,81,0.45
SKU-000006,BOT-002,2025-12-08,60,0.45
SKU-000006,BOT-002,2025-12-15,60,0.45
SKU-000006,BOT-002,2025-12-22,77,0.45
SKU-000006,BOT-002,2025-12-29,77,0.45
SKU-000006,BOT-002,2026-01-05,73,0.45
SKU-000006,BOT-002,2026-01-12,70,0.45
SKU-000006,BOT-002,2026-01-19,59,0.45
SKU-000006,BOT-002,2026-01-26,59,0.45
SKU-000006,BOT-002,2026-02-02,119,0.45
SKU-000006,BOT-002,2026-02-09,99,0.45
SKU-000006,BOT-002,2026-02-16,99,0.45
SKU-000006,BOT-002,2026-02-23,45,0.45
SKU-000006,BOT-002,2026-03-02,86,0.45
SKU-000006,BOT-002,2026-03-09,57,0.45
SKU-000006,BOT-002,2026-03-16,63,0.45
SKU-000006,BOT-002,2026-03-23,61,0.45
SKU-000006,BOT-002,2026-03-30,51,0.45
SKU-000006,BOT-002,2026-04-06,97,0.45
SKU-000006,BOT-002,2026-04-13,61,0.45
SKU-000006,BOT-002,2026-04-20,62,0.45
SKU-000006,BOT-002,2026-04-27,71,0.45
SKU-000006,BOT-002,2026-05-04,108,0.45
SKU-000006,BOT-005,2025-05-12,83,0.45
SKU-000006,BOT-005,2025-05-19,77,0.45
SKU-000006,BOT-005,2025-05-26,85,0.45
SKU-000006,BOT-005,2025-06-02,95,0.45
SKU-000006,BOT-005,2025-06-09,107,0.45
SKU-000006,BOT-005,2025-06-16,146,0.45
SKU-000006,BOT-005,2025-06-23,79,0.45
SKU-000006,BOT-005,2025-06-30,109,0.45
SKU-000006,BOT-005,2025-07-07,93,0.45
SKU-000006,BOT-005,2025-07-14,60,0.45
SKU-000006,BOT-005,2025-07-21,55,0.45
SKU-000006,BOT-005,2025-07-28,100,0.45
SKU-000006,BOT-005,2025-08-04,84,0.45
SKU-000006,BOT-005,2025-08-11,98,0.45
SKU-000006,BOT-005,2025-08-18,69,0.45
SKU-000006,BOT-005,2025-08-25,83,0.45
SKU-000006,BOT-005,2025-09-01,98,0.45
SKU-000006,BOT-005,2025-09-08,70,0.45
SKU-000006,BOT-005,2025-09-15,44,0.45
SKU-000006,BOT-005,2025-09-22,64,0.45
SKU-000006,BOT-005,2025-09-29,85,0.45
SKU-000006,BOT-005,2025-10-06,72,0.45
SKU-000006,BOT-005,2025-10-13,54,0.45
SKU-000006,BOT-005,2025-10-20,72,0.45
SKU-000006,BOT-005,2025-10-27,72,0.45
SKU-000006,BOT-005,2025-11-03,102,0.45
SKU-000006,BOT-005,2025-11-10,44,0.45
SKU-000006,BOT-005,2025-11-17,64,0.45
SKU-000006,BOT-005,2025-11-24,81,0.45
SKU-000006,BOT-005,2025-12-01,58,0.45
SKU-000006,BOT-005,2025-12-08,51,0.45
SKU-000006,BOT-005,2025-12-15,84,0.45
SKU-000006,BOT-005,2025-12-22,77,0.45
SKU-000006,BOT-005,2025-12-29,62,0.45
SKU-000006,BOT-005,2026-01-05,84,0.45
SKU-000006,BOT-005,2026-01-12,42,0.45
SKU-000006,BOT-005,2026-01-19,57,0.45
SKU-000006,BOT-005,2026-01-26,73,0.45
SKU-000006,BOT-005,2026-02-02,55,0.45
SKU-000006,BOT-005,2026-02-09,69,0.45
SKU-000006,BOT-005,2026-02-16,51,0.45
SKU-000006,BOT-005,2026-02-23,55,0.45
SKU-000006,BOT-005,2026-03-02,98,0.45
SKU-000006,BOT-005,2026-03-09,82,0.45
SKU-000006,BOT-005,2026-03-16,40,0.45
SKU-000006,BOT-005,2026-03-23,57,0.45
SKU-000006,BOT-005,2026-03-30,107,0.45
SKU-000006,BOT-005,2026-04-06,81,0.45
SKU-000006,BOT-005,2026-04-13,64,0.45
SKU-000006,BOT-005,2026-04-20,60,0.45
SKU-000006,BOT-005,2026-04-27,96,0.45
SKU-000006,BOT-005,2026-05-04,67,0.45
SKU-000006,BOT-004,2025-05-12,106,0.45
SKU-000006,BOT-004,2025-05-19,91,0.45
SKU-000006,BOT-004,2025-05-26,54,0.45
SKU-000006,BOT-004,2025-06-02,94,0.45
SKU-000006,BOT-004,2025-06-09,111,0.45
SKU-000006,BOT-004,2025-06-16,90,0.45
SKU-000006,BOT-004,2025-06-23,71,0.45
SKU-000006,BOT-004,2025-06-30,116,0.45
SKU-000006,BOT-004,2025-07-07,115,0.45
SKU-000006,BOT-004,2025-07-14,147,0.45
SKU-000006,BOT-004,2025-07-21,94,0.45
SKU-000006,BOT-004,2025-07-28,84,0.45
SKU-000006,BOT-004,2025-08-04,100,0.45
SKU-000006,BOT-004,2025-08-11,111,0.45
SKU-000006,BOT-004,2025-08-18,93,0.45
SKU-000006,BOT-004,2025-08-25,102,0.45
SKU-000006,BOT-004,2025-09-01,106,0.45
SKU-000006,BOT-004,2025-09-08,69,0.45
SKU-000006,BOT-004,2025-09-15,92,0.45
SKU-000006,BOT-004,2025-09-22,81,0.45
SKU-000006,BOT-004,2025-09-29,100,0.45
SKU-000006,BOT-004,2025-10-06,88,0.45
SKU-000006,BOT-004,2025-10-13,100,0.45
SKU-000006,BOT-004,2025-10-20,88,0.45
SKU-000006,BOT-004,2025-10-27,81,0.45
SKU-000006,BOT-004,2025-11-03,48,0.45
SKU-000006,BOT-004,2025-11-10,56,0.45
SKU-000006,BOT-004,2025-11-17,64,0.45
SKU-000006,BOT-004,2025-11-24,59,0.45
SKU-000006,BOT-004,2025-12-01,96,0.45
SKU-000006,BOT-004,2025-12-08,54,0.45
SKU-000006,BOT-004,2025-12-15,83,0.45
SKU-000006,BOT-004,2025-12-22,58,0.45
SKU-000006,BOT-004,2025-12-29,91,0.45
SKU-000006,BOT-004,2026-01-05,58,0.45
SKU-000006,BOT-004,2026-01-12,55,0.45
SKU-000006,BOT-004,2026-01-19,88,0.45
SKU-000006,BOT-004,2026-01-26,57,0.45
SKU-000006,BOT-004,2026-02-02,56,0.45
SKU-000006,BOT-004,2026-02-09,67,0.45
SKU-000006,BOT-004,2026-02-16,50,0.45
SKU-000006,BOT-004,2026-02-23,51,0.45
SKU-000006,BOT-004,2026-03-02,83,0.45
SKU-000006,BOT-004,2026-03-09,65,0.45
SKU-000006,BOT-004,2026-03-16,67,0.45
SKU-000006,BOT-004,2026-03-23,69,0.45
SKU-000006,BOT-004,2026-03-30,94,0.45
SKU-000006,BOT-004,2026-04-06,45,0.45
SKU-000006,BOT-004,2026-04-13,82,0.45
SKU-000006,BOT-004,2026-04-20,77,0.45
SKU-000006,BOT-004,2026-04-27,84,0.45
SKU-000006,BOT-004,2026-05-04,90,0.45
SKU-000006,BOT-003,2025-05-12,72,0.45
SKU-000006,BOT-003,2025-05-19,70,0.45
SKU-000006,BOT-003,2025-05-26,76,0.45
SKU-000006,BOT-003,2025-06-02,61,0.45
SKU-000006,BOT-003,2025-06-09,77,0.45
SKU-000006,BOT-003,2025-06-16,48,0.45
SKU-000006,BOT-003,2025-06-23,124,0.45
SKU-000006,BOT-003,2025-06-30,100,0.45
SKU-000006,BOT-003,2025-07-07,72,0.45
SKU-000006,BOT-003,2025-07-14,67,0.45
SKU-000006,BOT-003,2025-07-21,81,0.45
SKU-000006,BOT-003,2025-07-28,103,0.45
SKU-000006,BOT-003,2025-08-04,83,0.45
SKU-000006,BOT-003,2025-08-11,80,0.45
SKU-000006,BOT-003,2025-08-18,84,0.45
SKU-000006,BOT-003,2025-08-25,91,0.45
SKU-000006,BOT-003,2025-09-01,99,0.45
SKU-000006,BOT-003,2025-09-08,72,0.45
SKU-000006,BOT-003,2025-09-15,88,0.45
SKU-000006,BOT-003,2025-09-22,117,0.45
SKU-000006,BOT-003,2025-09-29,107,0.45
SKU-000006,BOT-003,2025-10-06,67,0.45
SKU-000006,BOT-003,2025-10-13,62,0.45
SKU-000006,BOT-003,2025-10-20,46,0.45
SKU-000006,BOT-003,2025-10-27,69,0.45
SKU-000006,BOT-003,2025-11-03,53,0.45
SKU-000006,BOT-003,2025-11-10,68,0.45
SKU-000006,BOT-003,2025-11-17,51,0.45
SKU-000006,BOT-003,2025-11-24,52,0.45
SKU-000006,BOT-003,2025-12-01,57,0.45
SKU-000006,BOT-003,2025-12-08,77,0.45
SKU-000006,BOT-003,2025-12-15,94,0.45
SKU-000006,BOT-003,2025-12-22,52,0.45
SKU-000006,BOT-003,2025-12-29,51,0.45
SKU-000006,BOT-003,2026-01-05,63,0.45
SKU-000006,BOT-003,2026-01-12,47,0.45
SKU-000006,BOT-003,2026-01-19,50,0.45
SKU-000006,BOT-003,2026-01-26,53,0.45
SKU-000006,BOT-003,2026-02-02,73,0.45
SKU-000006,BOT-003,2026-02-09,73,0.45
SKU-000006,BOT-003,2026-02-16,59,0.45
SKU-000006,BOT-003,2026-02-23,52,0.45
SKU-000006,BOT-003,2026-03-02,53,0.45
SKU-000006,BOT-003,2026-03-09,53,0.45
SKU-000006,BOT-003,2026-03-16,80,0.45
SKU-000006,BOT-003,2026-03-23,66,0.45
SKU-000006,BOT-003,2026-03-30,83,0.45
SKU-000006,BOT-003,2026-04-06,63,0.45
SKU-000006,BOT-003,2026-04-13,43,0.45
SKU-000006,BOT-003,2026-04-20,34,0.45
SKU-000006,BOT-003,2026-04-27,75,0.45
SKU-000006,BOT-003,2026-05-04,78,0.45
SKU-000027,BOT-001,2025-05-12,68,1.2
SKU-000027,BOT-001,2025-05-19,56,1.2
SKU-000027,BOT-001,2025-05-26,41,1.2
SKU-000027,BOT-001,2025-06-02,58,1.2
SKU-000027,BOT-001,2025-06-09,45,1.2
SKU-000027,BOT-001,2025-06-16,70,1.2
SKU-000027,BOT-001,2025-06-23,66,1.2
SKU-000027,BOT-001,2025-06-30,77,1.2
SKU-000027,BOT-001,2025-07-07,40,1.2
SKU-000027,BOT-001,2025-07-14,41,1.2
SKU-000027,BOT-001,2025-07-21,39,1.2
SKU-000027,BOT-001,2025-07-28,63,1.2
SKU-000027,BOT-001,2025-08-04,50,1.2
SKU-000027,BOT-001,2025-08-11,52,1.2
SKU-000027,BOT-001,2025-08-18,63,1.2
SKU-000027,BOT-001,2025-08-25,57,1.2
SKU-000027,BOT-001,2025-09-01,68,1.2
SKU-000027,BOT-001,2025-09-08,51,1.2
SKU-000027,BOT-001,2025-09-15,86,1.2
SKU-000027,BOT-001,2025-09-22,34,1.2
SKU-000027,BOT-001,2025-09-29,58,1.2
SKU-000027,BOT-001,2025-10-06,62,1.2
SKU-000027,BOT-001,2025-10-13,43,1.2
SKU-000027,BOT-001,2025-10-20,61,1.2
SKU-000027,BOT-001,2025-10-27,75,1.2
SKU-000027,BOT-001,2025-11-03,54,1.2
SKU-000027,BOT-001,2025-11-10,46,1.2
SKU-000027,BOT-001,2025-11-17,35,1.2
SKU-000027,BOT-001,2025-11-24,64,1.2
SKU-000027,BOT-001,2025-12-01,60,1.2
SKU-000027,BOT-001,2025-12-08,55,1.2
SKU-000027,BOT-001,2025-12-15,54,1.2
SKU-000027,BOT-001,2025-12-22,49,1.2
SKU-000027,BOT-001,2025-12-29,99,1.2
SKU-000027,BOT-001,2026-01-05,51,1.2
SKU-000027,BOT-001,2026-01-12,48,1.2
SKU-000027,BOT-001,2026-01-19,52,1.2
SKU-000027,BOT-001,2026-01-26,35,1.2
SKU-000027,BOT-001,2026-02-02,78,1.2
SKU-000027,BOT-001,2026-02-09,50,1.2
SKU-000027,BOT-001,2026-02-16,64,1.2
SKU-000027,BOT-001,2026-02-23,65,1.2
SKU-000027,BOT-001,2026-03-02,68,1.2
SKU-000027,BOT-001,2026-03-09,62,1.2
SKU-000027,BOT-001,2026-03-16,40,1.2
SKU-000027,BOT-001,2026-03-23,37,1.2
SKU-000027,BOT-001,2026-03-30,70,1.2
SKU-000027,BOT-001,2026-04-06,42,1.2
SKU-000027,BOT-001,2026-04-13,42,1.2
SKU-000027,BOT-001,2026-04-20,84,1.2
SKU-000027,BOT-001,2026-04-27,37,1.2
SKU-000027,BOT-001,2026-05-04,53,1.2
SKU-000027,BOT-002,2025-05-12,45,1.2
SKU-000027,BOT-002,2025-05-19,70,1.2
SKU-000027,BOT-002,2025-05-26,49,1.2
SKU-000027,BOT-002,2025-06-02,72,1.2
SKU-000027,BOT-002,2025-06-09,59,1.2
SKU-000027,BOT-002,2025-06-16,59,1.2
SKU-000027,BOT-002,2025-06-23,41,1.2
SKU-000027,BOT-002,2025-06-30,49,1.2
SKU-000027,BOT-002,2025-07-07,47,1.2
SKU-000027,BOT-002,2025-07-14,51,1.2
SKU-000027,BOT-002,2025-07-21,53,1.2
SKU-000027,BOT-002,2025-07-28,56,1.2
SKU-000027,BOT-002,2025-08-04,51,1.2
SKU-000027,BOT-002,2025-08-11,71,1.2
SKU-000027,BOT-002,2025-08-18,59,1.2
SKU-000027,BOT-002,2025-08-25,35,1.2
SKU-000027,BOT-002,2025-09-01,41,1.2
SKU-000027,BOT-002,2025-09-08,45,1.2
SKU-000027,BOT-002,2025-09-15,50,1.2
SKU-000027,BOT-002,2025-09-22,72,1.2
SKU-000027,BOT-002,2025-09-29,69,1.2
SKU-000027,BOT-002,2025-10-06,41,1.2
SKU-000027,BOT-002,2025-10-13,68,1.2
SKU-000027,BOT-002,2025-10-20,53,1.2
SKU-000027,BOT-002,2025-10-27,57,1.2
SKU-000027,BOT-002,2025-11-03,64,1.2
SKU-000027,BOT-002,2025-11-10,52,1.2
SKU-000027,BOT-002,2025-11-17,52,1.2
SKU-000027,BOT-002,2025-11-24,52,1.2
SKU-000027,BOT-002,2025-12-01,48,1.2
SKU-000027,BOT-002,2025-12-08,45,1.2
SKU-000027,BOT-002,2025-12-15,67,1.2
SKU-000027,BOT-002,2025-12-22,53,1.2
SKU-000027,BOT-002,2025-12-29,35,1.2
SKU-000027,BOT-002,2026-01-05,72,1.2
SKU-000027,BOT-002,2026-01-12,67,1.2
SKU-000027,BOT-002,2026-01-19,40,1.2
SKU-000027,BOT-002,2026-01-26,65,1.2
SKU-000027,BOT-002,2026-02-02,47,1.2
SKU-000027,BOT-002,2026-02-09,55,1.2
SKU-000027,BOT-002,2026-02-16,42,1.2
SKU-000027,BOT-002,2026-02-23,47,1.2
SKU-000027,BOT-002,2026-03-02,43,1.2
SKU-000027,BOT-002,2026-03-09,75,1.2
SKU-000027,BOT-002,2026-03-16,57,1.2
SKU-000027,BOT-002,2026-03-23,45,1.2
SKU-000027,BOT-002,2026-03-30,39,1.2
SKU-000027,BOT-002,2026-04-06,44,1.2
SKU-000027,BOT-002,2026-04-13,47,1.2
SKU-000027,BOT-002,2026-04-20,46,1.2
SKU-000027,BOT-002,2026-04-27,56,1.2
SKU-000027,BOT-002,2026-05-04,43,1.2
SKU-000027,BOT-005,2025-05-12,44,1.2
SKU-000027,BOT-005,2025-05-19,35,1.2
SKU-000027,BOT-005,2025-05-26,32,1.2
SKU-000027,BOT-005,2025-06-02,59,1.2
SKU-000027,BOT-005,2025-06-09,65,1.2
SKU-000027,BOT-005,2025-06-16,57,1.2
SKU-000027,BOT-005,2025-06-23,61,1.2
SKU-000027,BOT-005,2025-06-30,48,1.2
SKU-000027,BOT-005,2025-07-07,52,1.2
SKU-000027,BOT-005,2025-07-14,34,1.2
SKU-000027,BOT-005,2025-07-21,45,1.2
SKU-000027,BOT-005,2025-07-28,55,1.2
SKU-000027,BOT-005,2025-08-04,37,1.2
SKU-000027,BOT-005,2025-08-11,40,1.2
SKU-000027,BOT-005,2025-08-18,61,1.2
SKU-000027,BOT-005,2025-08-25,36,1.2
SKU-000027,BOT-005,2025-09-01,60,1.2
SKU-000027,BOT-005,2025-09-08,51,1.2
SKU-000027,BOT-005,2025-09-15,34,1.2
SKU-000027,BOT-005,2025-09-22,42,1.2
SKU-000027,BOT-005,2025-09-29,60,1.2
SKU-000027,BOT-005,2025-10-06,47,1.2
SKU-000027,BOT-005,2025-10-13,41,1.2
SKU-000027,BOT-005,2025-10-20,50,1.2
SKU-000027,BOT-005,2025-10-27,51,1.2
SKU-000027,BOT-005,2025-11-03,37,1.2
SKU-000027,BOT-005,2025-11-10,40,1.2
SKU-000027,BOT-005,2025-11-17,47,1.2
SKU-000027,BOT-005,2025-11-24,42,1.2
SKU-000027,BOT-005,2025-12-01,50,1.2
SKU-000027,BOT-005,2025-12-08,38,1.2
SKU-000027,BOT-005,2025-12-15,29,1.2
SKU-000027,BOT-005,2025-12-22,46,1.2
SKU-000027,BOT-005,2025-12-29,39,1.2
SKU-000027,BOT-005,2026-01-05,45,1.2
SKU-000027,BOT-005,2026-01-12,28,1.2
SKU-000027,BOT-005,2026-01-19,30,1.2
SKU-000027,BOT-005,2026-01-26,38,1.2
SKU-000027,BOT-005,2026-02-02,44,1.2
SKU-000027,BOT-005,2026-02-09,37,1.2
SKU-000027,BOT-005,2026-02-16,66,1.2
SKU-000027,BOT-005,2026-02-23,55,1.2
SKU-000027,BOT-005,2026-03-02,59,1.2
SKU-000027,BOT-005,2026-03-09,42,1.2
SKU-000027,BOT-005,2026-03-16,52,1.2
SKU-000027,BOT-005,2026-03-23,46,1.2
SKU-000027,BOT-005,2026-03-30,58,1.2
SKU-000027,BOT-005,2026-04-06,60,1.2
SKU-000027,BOT-005,2026-04-13,43,1.2
SKU-000027,BOT-005,2026-04-20,48,1.2
SKU-000027,BOT-005,2026-04-27,66,1.2
SKU-000027,BOT-005,2026-05-04,47,1.2
SKU-000027,BOT-004,2025-05-12,42,1.2
SKU-000027,BOT-004,2025-05-19,50,1.2
SKU-000027,BOT-004,2025-05-26,60,1.2
SKU-000027,BOT-004,2025-06-02,33,1.2
SKU-000027,BOT-004,2025-06-09,57,1.2
SKU-000027,BOT-004,2025-06-16,72,1.2
SKU-000027,BOT-004,2025-06-23,49,1.2
SKU-000027,BOT-004,2025-06-30,56,1.2
SKU-000027,BOT-004,2025-07-07,54,1.2
SKU-000027,BOT-004,2025-07-14,36,1.2
SKU-000027,BOT-004,2025-07-21,68,1.2
SKU-000027,BOT-004,2025-07-28,47,1.2
SKU-000027,BOT-004,2025-08-04,37,1.2
SKU-000027,BOT-004,2025-08-11,33,1.2
SKU-000027,BOT-004,2025-08-18,62,1.2
SKU-000027,BOT-004,2025-08-25,62,1.2
SKU-000027,BOT-004,2025-09-01,59,1.2
SKU-000027,BOT-004,2025-09-08,41,1.2
SKU-000027,BOT-004,2025-09-15,36,1.2
SKU-000027,BOT-004,2025-09-22,58,1.2
SKU-000027,BOT-004,2025-09-29,46,1.2
SKU-000027,BOT-004,2025-10-06,31,1.2
SKU-000027,BOT-004,2025-10-13,55,1.2
SKU-000027,BOT-004,2025-10-20,55,1.2
SKU-000027,BOT-004,2025-10-27,35,1.2
SKU-000027,BOT-004,2025-11-03,48,1.2
SKU-000027,BOT-004,2025-11-10,47,1.2
SKU-000027,BOT-004,2025-11-17,48,1.2
SKU-000027,BOT-004,2025-11-24,48,1.2
SKU-000027,BOT-004,2025-12-01,40,1.2
SKU-000027,BOT-004,2025-12-08,63,1.2
SKU-000027,BOT-004,2025-12-15,62,1.2
SKU-000027,BOT-004,2025-12-22,45,1.2
SKU-000027,BOT-004,2025-12-29,40,1.2
SKU-000027,BOT-004,2026-01-05,40,1.2
SKU-000027,BOT-004,2026-01-12,58,1.2
SKU-000027,BOT-004,2026-01-19,37,1.2
SKU-000027,BOT-004,2026-01-26,57,1.2
SKU-000027,BOT-004,2026-02-02,50,1.2
SKU-000027,BOT-004,2026-02-09,55,1.2
SKU-000027,BOT-004,2026-02-16,55,1.2
SKU-000027,BOT-004,2026-02-23,59,1.2
SKU-000027,BOT-004,2026-03-02,45,1.2
SKU-000027,BOT-004,2026-03-09,35,1.2
SKU-000027,BOT-004,2026-03-16,38,1.2
SKU-000027,BOT-004,2026-03-23,51,1.2
SKU-000027,BOT-004,2026-03-30,47,1.2
SKU-000027,BOT-004,2026-04-06,58,1.2
SKU-000027,BOT-004,2026-04-13,34,1.2
SKU-000027,BOT-004,2026-04-20,61,1.2
SKU-000027,BOT-004,2026-04-27,60,1.2
SKU-000027,BOT-004,2026-05-04,41,1.2
SKU-000027,BOT-003,2025-05-12,48,1.2
SKU-000027,BOT-003,2025-05-19,53,1.2
SKU-000027,BOT-003,2025-05-26,28,1.2
SKU-000027,BOT-003,2025-06-02,45,1.2
SKU-000027,BOT-003,2025-06-09,40,1.2
SKU-000027,BOT-003,2025-06-16,40,1.2
SKU-000027,BOT-003,2025-06-23,43,1.2
SKU-000027,BOT-003,2025-06-30,41,1.2
SKU-000027,BOT-003,2025-07-07,44,1.2
SKU-000027,BOT-003,2025-07-14,40,1.2
SKU-000027,BOT-003,2025-07-21,37,1.2
SKU-000027,BOT-003,2025-07-28,39,1.2
SKU-000027,BOT-003,2025-08-04,55,1.2
SKU-000027,BOT-003,2025-08-11,41,1.2
SKU-000027,BOT-003,2025-08-18,35,1.2
SKU-000027,BOT-003,2025-08-25,43,1.2
SKU-000027,BOT-003,2025-09-01,53,1.2
SKU-000027,BOT-003,2025-09-08,45,1.2
SKU-000027,BOT-003,2025-09-15,43,1.2
SKU-000027,BOT-003,2025-09-22,62,1.2
SKU-000027,BOT-003,2025-09-29,51,1.2
SKU-000027,BOT-003,2025-10-06,43,1.2
SKU-000027,BOT-003,2025-10-13,55,1.2
SKU-000027,BOT-003,2025-10-20,43,1.2
SKU-000027,BOT-003,2025-10-27,36,1.2
SKU-000027,BOT-003,2025-11-03,41,1.2
SKU-000027,BOT-003,2025-11-10,49,1.2
SKU-000027,BOT-003,2025-11-17,41,1.2
SKU-000027,BOT-003,2025-11-24,31,1.2
SKU-000027,BOT-003,2025-12-01,58,1.2
SKU-000027,BOT-003,2025-12-08,24,1.2
SKU-000027,BOT-003,2025-12-15,26,1.2
SKU-000027,BOT-003,2025-12-22,28,1.2
SKU-000027,BOT-003,2025-12-29,61,1.2
SKU-000027,BOT-003,2026-01-05,40,1.2
SKU-000027,BOT-003,2026-01-12,30,1.2
SKU-000027,BOT-003,2026-01-19,55,1.2
SKU-000027,BOT-003,2026-01-26,48,1.2
SKU-000027,BOT-003,2026-02-02,49,1.2
SKU-000027,BOT-003,2026-02-09,53,1.2
SKU-000027,BOT-003,2026-02-16,28,1.2
SKU-000027,BOT-003,2026-02-23,34,1.2
SKU-000027,BOT-003,2026-03-02,50,1.2
SKU-000027,BOT-003,2026-03-09,26,1.2
SKU-000027,BOT-003,2026-03-16,51,1.2
SKU-000027,BOT-003,2026-03-23,42,1.2
SKU-000027,BOT-003,2026-03-30,39,1.2
SKU-000027,BOT-003,2026-04-06,41,1.2
SKU-000027,BOT-003,2026-04-13,46,1.2
SKU-000027,BOT-003,2026-04-20,50,1.2
SKU-000027,BOT-003,2026-04-27,39,1.2
SKU-000027,BOT-003,2026-05-04,53,1.2
SKU-000003,BOT-001,2025-05-12,87,0.7
SKU-000003,BOT-001,2025-05-19,90,0.7
SKU-000003,BOT-001,2025-05-26,63,0.7
SKU-000003,BOT-001,2025-06-02,154,0.7
SKU-000003,BOT-001,2025-06-09,121,0.7
SKU-000003,BOT-001,2025-06-16,135,0.7
SKU-000003,BOT-001,2025-06-23,69,0.7
SKU-000003,BOT-001,2025-06-30,139,0.7
SKU-000003,BOT-001,2025-07-07,121,0.7
SKU-000003,BOT-001,2025-07-14,81,0.7
SKU-000003,BOT-001,2025-07-21,88,0.7
SKU-000003,BOT-001,2025-07-28,80,0.7
SKU-000003,BOT-001,2025-08-04,111,0.7
SKU-000003,BOT-001,2025-08-11,118,0.7
SKU-000003,BOT-001,2025-08-18,109,0.7
SKU-000003,BOT-001,2025-08-25,133,0.7
SKU-000003,BOT-001,2025-09-01,80,0.7
SKU-000003,BOT-001,2025-09-08,131,0.7
SKU-000003,BOT-001,2025-09-15,87,0.7
SKU-000003,BOT-001,2025-09-22,100,0.7
SKU-000003,BOT-001,2025-09-29,94,0.7
SKU-000003,BOT-001,2025-10-06,82,0.7
SKU-000003,BOT-001,2025-10-13,79,0.7
SKU-000003,BOT-001,2025-10-20,75,0.7
SKU-000003,BOT-001,2025-10-27,60,0.7
SKU-000003,BOT-001,2025-11-03,110,0.7
SKU-000003,BOT-001,2025-11-10,118,0.7
SKU-000003,BOT-001,2025-11-17,113,0.7
SKU-000003,BOT-001,2025-11-24,102,0.7
SKU-000003,BOT-001,2025-12-01,119,0.7
SKU-000003,BOT-001,2025-12-08,74,0.7
SKU-000003,BOT-001,2025-12-15,95,0.7
SKU-000003,BOT-001,2025-12-22,58,0.7
SKU-000003,BOT-001,2025-12-29,64,0.7
SKU-000003,BOT-001,2026-01-05,97,0.7
SKU-000003,BOT-001,2026-01-12,73,0.7
SKU-000003,BOT-001,2026-01-19,108,0.7
SKU-000003,BOT-001,2026-01-26,73,0.7
SKU-000003,BOT-001,2026-02-02,97,0.7
SKU-000003,BOT-001,2026-02-09,62,0.7
SKU-000003,BOT-001,2026-02-16,74,0.7
SKU-000003,BOT-001,2026-02-23,83,0.7
SKU-000003,BOT-001,2026-03-02,128,0.7
SKU-000003,BOT-001,2026-03-09,66,0.7
SKU-000003,BOT-001,2026-03-16,69,0.7
SKU-000003,BOT-001,2026-03-23,65,0.7
SKU-000003,BOT-001,2026-03-30,84,0.7
SKU-000003,BOT-001,2026-04-06,91,0.7
SKU-000003,BOT-001,2026-04-13,82,0.7
SKU-000003,BOT-001,2026-04-20,66,0.7
SKU-000003,BOT-001,2026-04-27,104,0.7
SKU-000003,BOT-001,2026-05-04,98,0.7
SKU-000003,BOT-002,2025-05-12,101,0.7
SKU-000003,BOT-002,2025-05-19,158,0.7
SKU-000003,BOT-002,2025-05-26,55,0.7
SKU-000003,BOT-002,2025-06-02,135,0.7
SKU-000003,BOT-002,2025-06-09,76,0.7
SKU-000003,BOT-002,2025-06-16,92,0.7
SKU-000003,BOT-002,2025-06-23,113,0.7
SKU-000003,BOT-002,2025-06-30,122,0.7
SKU-000003,BOT-002,2025-07-07,112,0.7
SKU-000003,BOT-002,2025-07-14,83,0.7
SKU-000003,BOT-002,2025-07-21,112,0.7
SKU-000003,BOT-002,2025-07-28,125,0.7
SKU-000003,BOT-002,2025-08-04,112,0.7
SKU-000003,BOT-002,2025-08-11,124,0.7
SKU-000003,BOT-002,2025-08-18,40,0.7
SKU-000003,BOT-002,2025-08-25,72,0.7
SKU-000003,BOT-002,2025-09-01,146,0.7
SKU-000003,BOT-002,2025-09-08,102,0.7
SKU-000003,BOT-002,2025-09-15,70,0.7
SKU-000003,BOT-002,2025-09-22,112,0.7
SKU-000003,BOT-002,2025-09-29,89,0.7
SKU-000003,BOT-002,2025-10-06,90,0.7
SKU-000003,BOT-002,2025-10-13,70,0.7
SKU-000003,BOT-002,2025-10-20,104,0.7
SKU-000003,BOT-002,2025-10-27,102,0.7
SKU-000003,BOT-002,2025-11-03,77,0.7
SKU-000003,BOT-002,2025-11-10,87,0.7
SKU-000003,BOT-002,2025-11-17,59,0.7
SKU-000003,BOT-002,2025-11-24,69,0.7
SKU-000003,BOT-002,2025-12-01,90,0.7
SKU-000003,BOT-002,2025-12-08,90,0.7
SKU-000003,BOT-002,2025-12-15,68,0.7
SKU-000003,BOT-002,2025-12-22,70,0.7
SKU-000003,BOT-002,2025-12-29,77,0.7
SKU-000003,BOT-002,2026-01-05,81,0.7
SKU-000003,BOT-002,2026-01-12,92,0.7
SKU-000003,BOT-002,2026-01-19,75,0.7
SKU-000003,BOT-002,2026-01-26,70,0.7
SKU-000003,BOT-002,2026-02-02,79,0.7
SKU-000003,BOT-002,2026-02-09,76,0.7
SKU-000003,BOT-002,2026-02-16,91,0.7
SKU-000003,BOT-002,2026-02-23,48,0.7
SKU-000003,BOT-002,2026-03-02,79,0.7
SKU-000003,BOT-002,2026-03-09,59,0.7
SKU-000003,BOT-002,2026-03-16,63,0.7
SKU-000003,BOT-002,2026-03-23,90,0.7
SKU-000003,BOT-002,2026-03-30,84,0.7
SKU-000003,BOT-002,2026-04-06,60,0.7
SKU-000003,BOT-002,2026-04-13,98,0.7
SKU-000003,BOT-002,2026-04-20,83,0.7
SKU-000003,BOT-002,2026-04-27,82,0.7
SKU-000003,BOT-002,2026-05-04,75,0.7
SKU-000003,BOT-005,2025-05-12,100,0.7
SKU-000003,BOT-005,2025-05-19,113,0.7
SKU-000003,BOT-005,2025-05-26,69,0.7
SKU-000003,BOT-005,2025-06-02,94,0.7
SKU-000003,BOT-005,2025-06-09,79,0.7
SKU-000003,BOT-005,2025-06-16,65,0.7
SKU-000003,BOT-005,2025-06-23,85,0.7
SKU-000003,BOT-005,2025-06-30,157,0.7
SKU-000003,BOT-005,2025-07-07,111,0.7
SKU-000003,BOT-005,2025-07-14,87,0.7
SKU-000003,BOT-005,2025-07-21,79,0.7
SKU-000003,BOT-005,2025-07-28,104,0.7
SKU-000003,BOT-005,2025-08-04,130,0.7
SKU-000003,BOT-005,2025-08-11,87,0.7
SKU-000003,BOT-005,2025-08-18,87,0.7
SKU-000003,BOT-005,2025-08-25,103,0.7
SKU-000003,BOT-005,2025-09-01,92,0.7
SKU-000003,BOT-005,2025-09-08,94,0.7
SKU-000003,BOT-005,2025-09-15,74,0.7
SKU-000003,BOT-005,2025-09-22,66,0.7
SKU-000003,BOT-005,2025-09-29,94,0.7
SKU-000003,BOT-005,2025-10-06,78,0.7
SKU-000003,BOT-005,2025-10-13,60,0.7
SKU-000003,BOT-005,2025-10-20,68,0.7
SKU-000003,BOT-005,2025-10-27,62,0.7
SKU-000003,BOT-005,2025-11-03,76,0.7
SKU-000003,BOT-005,2025-11-10,73,0.7
SKU-000003,BOT-005,2025-11-17,88,0.7
SKU-000003,BOT-005,2025-11-24,94,0.7
SKU-000003,BOT-005,2025-12-01,81,0.7
SKU-000003,BOT-005,2025-12-08,71,0.7
SKU-000003,BOT-005,2025-12-15,55,0.7
SKU-000003,BOT-005,2025-12-22,67,0.7
SKU-000003,BOT-005,2025-12-29,69,0.7
SKU-000003,BOT-005,2026-01-05,66,0.7
SKU-000003,BOT-005,2026-01-12,74,0.7
SKU-000003,BOT-005,2026-01-19,61,0.7
SKU-000003,BOT-005,2026-01-26,75,0.7
SKU-000003,BOT-005,2026-02-02,84,0.7
SKU-000003,BOT-005,2026-02-09,59,0.7
SKU-000003,BOT-005,2026-02-16,41,0.7
SKU-000003,BOT-005,2026-02-23,66,0.7
SKU-000003,BOT-005,2026-03-02,68,0.7
SKU-000003,BOT-005,2026-03-09,77,0.7
SKU-000003,BOT-005,2026-03-16,49,0.7
SKU-000003,BOT-005,2026-03-23,35,0.7
SKU-000003,BOT-005,2026-03-30,57,0.7
SKU-000003,BOT-005,2026-04-06,61,0.7
SKU-000003,BOT-005,2026-04-13,66,0.7
SKU-000003,BOT-005,2026-04-20,77,0.7
SKU-000003,BOT-005,2026-04-27,57,0.7
SKU-000003,BOT-005,2026-05-04,117,0.7
SKU-000003,BOT-004,2025-05-12,134,0.7
SKU-000003,BOT-004,2025-05-19,104,0.7
SKU-000003,BOT-004,2025-05-26,132,0.7
SKU-000003,BOT-004,2025-06-02,60,0.7
SKU-000003,BOT-004,2025-06-09,126,0.7
SKU-000003,BOT-004,2025-06-16,148,0.7
SKU-000003,BOT-004,2025-06-23,79,0.7
SKU-000003,BOT-004,2025-06-30,145,0.7
SKU-000003,BOT-004,2025-07-07,152,0.7
SKU-000003,BOT-004,2025-07-14,72,0.7
SKU-000003,BOT-004,2025-07-21,94,0.7
SKU-000003,BOT-004,2025-07-28,113,0.7
SKU-000003,BOT-004,2025-08-04,127,0.7
SKU-000003,BOT-004,2025-08-11,65,0.7
SKU-000003,BOT-004,2025-08-18,104,0.7
SKU-000003,BOT-004,2025-08-25,101,0.7
SKU-000003,BOT-004,2025-09-01,110,0.7
SKU-000003,BOT-004,2025-09-08,61,0.7
SKU-000003,BOT-004,2025-09-15,83,0.7
SKU-000003,BOT-004,2025-09-22,52,0.7
SKU-000003,BOT-004,2025-09-29,113,0.7
SKU-000003,BOT-004,2025-10-06,60,0.7
SKU-000003,BOT-004,2025-10-13,58,0.7
SKU-000003,BOT-004,2025-10-20,76,0.7
SKU-000003,BOT-004,2025-10-27,70,0.7
SKU-000003,BOT-004,2025-11-03,55,0.7
SKU-000003,BOT-004,2025-11-10,90,0.7
SKU-000003,BOT-004,2025-11-17,68,0.7
SKU-000003,BOT-004,2025-11-24,98,0.7
SKU-000003,BOT-004,2025-12-01,86,0.7
SKU-000003,BOT-004,2025-12-08,68,0.7
SKU-000003,BOT-004,2025-12-15,133,0.7
SKU-000003,BOT-004,2025-12-22,59,0.7
SKU-000003,BOT-004,2025-12-29,70,0.7
SKU-000003,BOT-004,2026-01-05,94,0.7
SKU-000003,BOT-004,2026-01-12,75,0.7
SKU-000003,BOT-004,2026-01-19,70,0.7
SKU-000003,BOT-004,2026-01-26,73,0.7
SKU-000003,BOT-004,2026-02-02,63,0.7
SKU-000003,BOT-004,2026-02-09,117,0.7
SKU-000003,BOT-004,2026-02-16,58,0.7
SKU-000003,BOT-004,2026-02-23,101,0.7
SKU-000003,BOT-004,2026-03-02,58,0.7
SKU-000003,BOT-004,2026-03-09,60,0.7
SKU-000003,BOT-004,2026-03-16,49,0.7
SKU-000003,BOT-004,2026-03-23,78,0.7
SKU-000003,BOT-004,2026-03-30,71,0.7
SKU-000003,BOT-004,2026-04-06,79,0.7
SKU-000003,BOT-004,2026-04-13,80,0.7
SKU-000003,BOT-004,2026-04-20,64,0.7
SKU-000003,BOT-004,2026-04-27,95,0.7
SKU-000003,BOT-004,2026-05-04,89,0.7
SKU-000003,BOT-003,2025-05-12,64,0.7
SKU-000003,BOT-003,2025-05-19,66,0.7
SKU-000003,BOT-003,2025-05-26,79,0.7
SKU-000003,BOT-003,2025-06-02,79,0.7
SKU-000003,BOT-003,2025-06-09,87,0.7
SKU-000003,BOT-003,2025-06-16,98,0.7
SKU-000003,BOT-003,2025-06-23,125,0.7
SKU-000003,BOT-003,2025-06-30,89,0.7
SKU-000003,BOT-003,2025-07-07,90,0.7
SKU-000003,BOT-003,2025-07-14,74,0.7
SKU-000003,BOT-003,2025-07-21,85,0.7
SKU-000003,BOT-003,2025-07-28,81,0.7
SKU-000003,BOT-003,2025-08-04,87,0.7
SKU-000003,BOT-003,2025-08-11,140,0.7
SKU-000003,BOT-003,2025-08-18,86,0.7
SKU-000003,BOT-003,2025-08-25,95,0.7
SKU-000003,BOT-003,2025-09-01,99,0.7
SKU-000003,BOT-003,2025-09-08,81,0.7
SKU-000003,BOT-003,2025-09-15,83,0.7
SKU-000003,BOT-003,2025-09-22,77,0.7
SKU-000003,BOT-003,2025-09-29,73,0.7
SKU-000003,BOT-003,2025-10-06,49,0.7
SKU-000003,BOT-003,2025-10-13,70,0.7
SKU-000003,BOT-003,2025-10-20,54,0.7
SKU-000003,BOT-003,2025-10-27,57,0.7
SKU-000003,BOT-003,2025-11-03,66,0.7
SKU-000003,BOT-003,2025-11-10,69,0.7
SKU-000003,BOT-003,2025-11-17,48,0.7
SKU-000003,BOT-003,2025-11-24,81,0.7
SKU-000003,BOT-003,2025-12-01,83,0.7
SKU-000003,BOT-003,2025-12-08,85,0.7
SKU-000003,BOT-003,2025-12-15,72,0.7
SKU-000003,BOT-003,2025-12-22,64,0.7
SKU-000003,BOT-003,2025-12-29,60,0.7
SKU-000003,BOT-003,2026-01-05,79,0.7
SKU-000003,BOT-003,2026-01-12,53,0.7
SKU-000003,BOT-003,2026-01-19,73,0.7
SKU-000003,BOT-003,2026-01-26,43,0.7
SKU-000003,BOT-003,2026-02-02,63,0.7
SKU-000003,BOT-003,2026-02-09,54,0.7
SKU-000003,BOT-003,2026-02-16,64,0.7
SKU-000003,BOT-003,2026-02-23,66,0.7
SKU-000003,BOT-003,2026-03-02,81,0.7
SKU-000003,BOT-003,2026-03-09,79,0.7
SKU-000003,BOT-003,2026-03-16,56,0.7
SKU-000003,BOT-003,2026-03-23,53,0.7
SKU-000003,BOT-003,2026-03-30,54,0.7
SKU-000003,BOT-003,2026-04-06,61,0.7
SKU-000003,BOT-003,2026-04-13,66,0.7
SKU-000003,BOT-003,2026-04-20,80,0.7
SKU-000003,BOT-003,2026-04-27,42,0.7
SKU-000003,BOT-003,2026-05-04,66,0.7
SKU-000007,BOT-001,2025-05-12,95,1.8
SKU-000007,BOT-001,2025-05-19,66,1.8
SKU-000007,BOT-001,2025-05-26,105,1.8
SKU-000007,BOT-001,2025-06-02,137,1.8
SKU-000007,BOT-001,2025-06-09,97,1.8
SKU-000007,BOT-001,2025-06-16,100,1.8
SKU-000007,BOT-001,2025-06-23,144,1.8
SKU-000007,BOT-001,2025-06-30,90,1.8
SKU-000007,BOT-001,2025-07-07,98,1.8
SKU-000007,BOT-001,2025-07-14,121,1.8
SKU-000007,BOT-001,2025-07-21,72,1.8
SKU-000007,BOT-001,2025-07-28,129,1.8
SKU-000007,BOT-001,2025-08-04,81,1.8
SKU-000007,BOT-001,2025-08-11,82,1.8
SKU-000007,BOT-001,2025-08-18,105,1.8
SKU-000007,BOT-001,2025-08-25,85,1.8
SKU-000007,BOT-001,2025-09-01,108,1.8
SKU-000007,BOT-001,2025-09-08,62,1.8
SKU-000007,BOT-001,2025-09-15,79,1.8
SKU-000007,BOT-001,2025-09-22,70,1.8
SKU-000007,BOT-001,2025-09-29,72,1.8
SKU-000007,BOT-001,2025-10-06,63,1.8
SKU-000007,BOT-001,2025-10-13,53,1.8
SKU-000007,BOT-001,2025-10-20,47,1.8
SKU-000007,BOT-001,2025-10-27,99,1.8
SKU-000007,BOT-001,2025-11-03,63,1.8
SKU-000007,BOT-001,2025-11-10,104,1.8
SKU-000007,BOT-001,2025-11-17,79,1.8
SKU-000007,BOT-001,2025-11-24,61,1.8
SKU-000007,BOT-001,2025-12-01,54,1.8
SKU-000007,BOT-001,2025-12-08,54,1.8
SKU-000007,BOT-001,2025-12-15,52,1.8
SKU-000007,BOT-001,2025-12-22,77,1.8
SKU-000007,BOT-001,2025-12-29,72,1.8
SKU-000007,BOT-001,2026-01-05,52,1.8
SKU-000007,BOT-001,2026-01-12,51,1.8
SKU-000007,BOT-001,2026-01-19,70,1.8
SKU-000007,BOT-001,2026-01-26,88,1.8
SKU-000007,BOT-001,2026-02-02,106,1.8
SKU-000007,BOT-001,2026-02-09,77,1.8
SKU-000007,BOT-001,2026-02-16,62,1.8
SKU-000007,BOT-001,2026-02-23,36,1.8
SKU-000007,BOT-001,2026-03-02,76,1.8
SKU-000007,BOT-001,2026-03-09,42,1.8
SKU-000007,BOT-001,2026-03-16,62,1.8
SKU-000007,BOT-001,2026-03-23,76,1.8
SKU-000007,BOT-001,2026-03-30,81,1.8
SKU-000007,BOT-001,2026-04-06,80,1.8
SKU-000007,BOT-001,2026-04-13,47,1.8
SKU-000007,BOT-001,2026-04-20,77,1.8
SKU-000007,BOT-001,2026-04-27,81,1.8
SKU-000007,BOT-001,2026-05-04,103,1.8
SKU-000007,BOT-002,2025-05-12,79,1.8
SKU-000007,BOT-002,2025-05-19,104,1.8
SKU-000007,BOT-002,2025-05-26,105,1.8
SKU-000007,BOT-002,2025-06-02,109,1.8
SKU-000007,BOT-002,2025-06-09,97,1.8
SKU-000007,BOT-002,2025-06-16,91,1.8
SKU-000007,BOT-002,2025-06-23,98,1.8
SKU-000007,BOT-002,2025-06-30,102,1.8
SKU-000007,BOT-002,2025-07-07,73,1.8
SKU-000007,BOT-002,2025-07-14,136,1.8
SKU-000007,BOT-002,2025-07-21,78,1.8
SKU-000007,BOT-002,2025-07-28,89,1.8
SKU-000007,BOT-002,2025-08-04,125,1.8
SKU-000007,BOT-002,2025-08-11,124,1.8
SKU-000007,BOT-002,2025-08-18,93,1.8
SKU-000007,BOT-002,2025-08-25,92,1.8
SKU-000007,BOT-002,2025-09-01,124,1.8
SKU-000007,BOT-002,2025-09-08,73,1.8
SKU-000007,BOT-002,2025-09-15,93,1.8
SKU-000007,BOT-002,2025-09-22,70,1.8
SKU-000007,BOT-002,2025-09-29,66,1.8
SKU-000007,BOT-002,2025-10-06,60,1.8
SKU-000007,BOT-002,2025-10-13,44,1.8
SKU-000007,BOT-002,2025-10-20,56,1.8
SKU-000007,BOT-002,2025-10-27,64,1.8
SKU-000007,BOT-002,2025-11-03,71,1.8
SKU-000007,BOT-002,2025-11-10,41,1.8
SKU-000007,BOT-002,2025-11-17,61,1.8
SKU-000007,BOT-002,2025-11-24,47,1.8
SKU-000007,BOT-002,2025-12-01,46,1.8
SKU-000007,BOT-002,2025-12-08,59,1.8
SKU-000007,BOT-002,2025-12-15,33,1.8
SKU-000007,BOT-002,2025-12-22,65,1.8
SKU-000007,BOT-002,2025-12-29,62,1.8
SKU-000007,BOT-002,2026-01-05,79,1.8
SKU-000007,BOT-002,2026-01-12,67,1.8
SKU-000007,BOT-002,2026-01-19,61,1.8
SKU-000007,BOT-002,2026-01-26,63,1.8
SKU-000007,BOT-002,2026-02-02,77,1.8
SKU-000007,BOT-002,2026-02-09,61,1.8
SKU-000007,BOT-002,2026-02-16,39,1.8
SKU-000007,BOT-002,2026-02-23,55,1.8
SKU-000007,BOT-002,2026-03-02,31,1.8
SKU-000007,BOT-002,2026-03-09,71,1.8
SKU-000007,BOT-002,2026-03-16,47,1.8
SKU-000007,BOT-002,2026-03-23,60,1.8
SKU-000007,BOT-002,2026-03-30,55,1.8
SKU-000007,BOT-002,2026-04-06,65,1.8
SKU-000007,BOT-002,2026-04-13,72,1.8
SKU-000007,BOT-002,2026-04-20,68,1.8
SKU-000007,BOT-002,2026-04-27,60,1.8
SKU-000007,BOT-002,2026-05-04,88,1.8
SKU-000007,BOT-005,2025-05-12,94,1.8
SKU-000007,BOT-005,2025-05-19,80,1.8
SKU-000007,BOT-005,2025-05-26,69,1.8
SKU-000007,BOT-005,2025-06-02,91,1.8
SKU-000007,BOT-005,2025-06-09,113,1.8
SKU-000007,BOT-005,2025-06-16,103,1.8
SKU-000007,BOT-005,2025-06-23,83,1.8
SKU-000007,BOT-005,2025-06-30,101,1.8
SKU-000007,BOT-005,2025-07-07,129,1.8
SKU-000007,BOT-005,2025-07-14,81,1.8
SKU-000007,BOT-005,2025-07-21,130,1.8
SKU-000007,BOT-005,2025-07-28,83,1.8
SKU-000007,BOT-005,2025-08-04,94,1.8
SKU-000007,BOT-005,2025-08-11,89,1.8
SKU-000007,BOT-005,2025-08-18,127,1.8
SKU-000007,BOT-005,2025-08-25,90,1.8
SKU-000007,BOT-005,2025-09-01,110,1.8
SKU-000007,BOT-005,2025-09-08,96,1.8
SKU-000007,BOT-005,2025-09-15,65,1.8
SKU-000007,BOT-005,2025-09-22,75,1.8
SKU-000007,BOT-005,2025-09-29,110,1.8
SKU-000007,BOT-005,2025-10-06,59,1.8
SKU-000007,BOT-005,2025-10-13,106,1.8
SKU-000007,BOT-005,2025-10-20,67,1.8
SKU-000007,BOT-005,2025-10-27,63,1.8
SKU-000007,BOT-005,2025-11-03,63,1.8
SKU-000007,BOT-005,2025-11-10,49,1.8
SKU-000007,BOT-005,2025-11-17,39,1.8
SKU-000007,BOT-005,2025-11-24,51,1.8
SKU-000007,BOT-005,2025-12-01,50,1.8
SKU-000007,BOT-005,2025-12-08,57,1.8
SKU-000007,BOT-005,2025-12-15,36,1.8
SKU-000007,BOT-005,2025-12-22,73,1.8
SKU-000007,BOT-005,2025-12-29,47,1.8
SKU-000007,BOT-005,2026-01-05,53,1.8
SKU-000007,BOT-005,2026-01-12,35,1.8
SKU-000007,BOT-005,2026-01-19,75,1.8
SKU-000007,BOT-005,2026-01-26,55,1.8
SKU-000007,BOT-005,2026-02-02,55,1.8
SKU-000007,BOT-005,2026-02-09,63,1.8
SKU-000007,BOT-005,2026-02-16,49,1.8
SKU-000007,BOT-005,2026-02-23,38,1.8
SKU-000007,BOT-005,2026-03-02,50,1.8
SKU-000007,BOT-005,2026-03-09,39,1.8
SKU-000007,BOT-005,2026-03-16,74,1.8
SKU-000007,BOT-005,2026-03-23,33,1.8
SKU-000007,BOT-005,2026-03-30,53,1.8
SKU-000007,BOT-005,2026-04-06,80,1.8
SKU-000007,BOT-005,2026-04-13,65,1.8
SKU-000007,BOT-005,2026-04-20,61,1.8
SKU-000007,BOT-005,2026-04-27,69,1.8
SKU-000007,BOT-005,2026-05-04,77,1.8
SKU-000007,BOT-004,2025-05-12,54,1.8
SKU-000007,BOT-004,2025-05-19,132,1.8
SKU-000007,BOT-004,2025-05-26,100,1.8
SKU-000007,BOT-004,2025-06-02,87,1.8
SKU-000007,BOT-004,2025-06-09,73,1.8
SKU-000007,BOT-004,2025-06-16,142,1.8
SKU-000007,BOT-004,2025-06-23,66,1.8
SKU-000007,BOT-004,2025-06-30,179,1.8
SKU-000007,BOT-004,2025-07-07,70,1.8
SKU-000007,BOT-004,2025-07-14,112,1.8
SKU-000007,BOT-004,2025-07-21,119,1.8
SKU-000007,BOT-004,2025-07-28,73,1.8
SKU-000007,BOT-004,2025-08-04,88,1.8
SKU-000007,BOT-004,2025-08-11,102,1.8
SKU-000007,BOT-004,2025-08-18,96,1.8
SKU-000007,BOT-004,2025-08-25,77,1.8
SKU-000007,BOT-004,2025-09-01,114,1.8
SKU-000007,BOT-004,2025-09-08,71,1.8
SKU-000007,BOT-004,2025-09-15,95,1.8
SKU-000007,BOT-004,2025-09-22,79,1.8
SKU-000007,BOT-004,2025-09-29,118,1.8
SKU-000007,BOT-004,2025-10-06,61,1.8
SKU-000007,BOT-004,2025-10-13,51,1.8
SKU-000007,BOT-004,2025-10-20,64,1.8
SKU-000007,BOT-004,2025-10-27,63,1.8
SKU-000007,BOT-004,2025-11-03,102,1.8
SKU-000007,BOT-004,2025-11-10,48,1.8
SKU-000007,BOT-004,2025-11-17,51,1.8
SKU-000007,BOT-004,2025-11-24,67,1.8
SKU-000007,BOT-004,2025-12-01,81,1.8
SKU-000007,BOT-004,2025-12-08,58,1.8
SKU-000007,BOT-004,2025-12-15,79,1.8
SKU-000007,BOT-004,2025-12-22,67,1.8
SKU-000007,BOT-004,2025-12-29,76,1.8
SKU-000007,BOT-004,2026-01-05,49,1.8
SKU-000007,BOT-004,2026-01-12,36,1.8
SKU-000007,BOT-004,2026-01-19,60,1.8
SKU-000007,BOT-004,2026-01-26,51,1.8
SKU-000007,BOT-004,2026-02-02,66,1.8
SKU-000007,BOT-004,2026-02-09,74,1.8
SKU-000007,BOT-004,2026-02-16,56,1.8
SKU-000007,BOT-004,2026-02-23,36,1.8
SKU-000007,BOT-004,2026-03-02,79,1.8
SKU-000007,BOT-004,2026-03-09,39,1.8
SKU-000007,BOT-004,2026-03-16,41,1.8
SKU-000007,BOT-004,2026-03-23,52,1.8
SKU-000007,BOT-004,2026-03-30,61,1.8
SKU-000007,BOT-004,2026-04-06,44,1.8
SKU-000007,BOT-004,2026-04-13,40,1.8
SKU-000007,BOT-004,2026-04-20,48,1.8
SKU-000007,BOT-004,2026-04-27,106,1.8
SKU-000007,BOT-004,2026-05-04,78,1.8
SKU-000007,BOT-003,2025-05-12,66,1.8
SKU-000007,BOT-003,2025-05-19,95,1.8
SKU-000007,BOT-003,2025-05-26,100,1.8
SKU-000007,BOT-003,2025-06-02,71,1.8
SKU-000007,BOT-003,2025-06-09,108,1.8
SKU-000007,BOT-003,2025-06-16,102,1.8
SKU-000007,BOT-003,2025-06-23,115,1.8
SKU-000007,BOT-003,2025-06-30,128,1.8
SKU-000007,BOT-003,2025-07-07,116,1.8
SKU-000007,BOT-003,2025-07-14,82,1.8
SKU-000007,BOT-003,2025-07-21,96,1.8
SKU-000007,BOT-003,2025-07-28,132,1.8
SKU-000007,BOT-003,2025-08-04,75,1.8
SKU-000007,BOT-003,2025-08-11,72,1.8
SKU-000007,BOT-003,2025-08-18,92,1.8
SKU-000007,BOT-003,2025-08-25,112,1.8
SKU-000007,BOT-003,2025-09-01,67,1.8
SKU-000007,BOT-003,2025-09-08,80,1.8
SKU-000007,BOT-003,2025-09-15,109,1.8
SKU-000007,BOT-003,2025-09-22,51,1.8
SKU-000007,BOT-003,2025-09-29,94,1.8
SKU-000007,BOT-003,2025-10-06,54,1.8
SKU-000007,BOT-003,2025-10-13,51,1.8
SKU-000007,BOT-003,2025-10-20,76,1.8
SKU-000007,BOT-003,2025-10-27,65,1.8
SKU-000007,BOT-003,2025-11-03,50,1.8
SKU-000007,BOT-003,2025-11-10,46,1.8
SKU-000007,BOT-003,2025-11-17,32,1.8
SKU-000007,BOT-003,2025-11-24,35,1.8
SKU-000007,BOT-003,2025-12-01,60,1.8
SKU-000007,BOT-003,2025-12-08,37,1.8
SKU-000007,BOT-003,2025-12-15,62,1.8
SKU-000007,BOT-003,2025-12-22,43,1.8
SKU-000007,BOT-003,2025-12-29,36,1.8
SKU-000007,BOT-003,2026-01-05,54,1.8
SKU-000007,BOT-003,2026-01-12,43,1.8
SKU-000007,BOT-003,2026-01-19,48,1.8
SKU-000007,BOT-003,2026-01-26,69,1.8
SKU-000007,BOT-003,2026-02-02,51,1.8
SKU-000007,BOT-003,2026-02-09,36,1.8
SKU-000007,BOT-003,2026-02-16,46,1.8
SKU-000007,BOT-003,2026-02-23,42,1.8
SKU-000007,BOT-003,2026-03-02,49,1.8
SKU-000007,BOT-003,2026-03-09,57,1.8
SKU-000007,BOT-003,2026-03-16,52,1.8
SKU-000007,BOT-003,2026-03-23,42,1.8
SKU-000007,BOT-003,2026-03-30,45,1.8
SKU-000007,BOT-003,2026-04-06,67,1.8
SKU-000007,BOT-003,2026-04-13,45,1.8
SKU-000007,BOT-003,2026-04-20,60,1.8
SKU-000007,BOT-003,2026-04-27,61,1.8
SKU-000007,BOT-003,2026-05-04,70,1.8
SKU-000014,BOT-001,2025-05-12,66,0.7
SKU-000014,BOT-001,2025-05-19,30,0.7
SKU-000014,BOT-001,2025-05-26,76,0.7
SKU-000014,BOT-001,2025-06-02,70,0.7
SKU-000014,BOT-001,2025-06-09,55,0.7
SKU-000014,BOT-001,2025-06-16,84,0.7
SKU-000014,BOT-001,2025-06-23,52,0.7
SKU-000014,BOT-001,2025-06-30,50,0.7
SKU-000014,BOT-001,2025-07-07,36,0.7
SKU-000014,BOT-001,2025-07-14,80,0.7
SKU-000014,BOT-001,2025-07-21,73,0.7
SKU-000014,BOT-001,2025-07-28,70,0.7
SKU-000014,BOT-001,2025-08-04,17,0.7
SKU-000014,BOT-001,2025-08-11,80,0.7
SKU-000014,BOT-001,2025-08-18,74,0.7
SKU-000014,BOT-001,2025-08-25,82,0.7
SKU-000014,BOT-001,2025-09-01,34,0.7
SKU-000014,BOT-001,2025-09-08,53,0.7
SKU-000014,BOT-001,2025-09-15,74,0.7
SKU-000014,BOT-001,2025-09-22,64,0.7
SKU-000014,BOT-001,2025-09-29,58,0.7
SKU-000014,BOT-001,2025-10-06,69,0.7
SKU-000014,BOT-001,2025-10-13,37,0.7
SKU-000014,BOT-001,2025-10-20,64,0.7
SKU-000014,BOT-001,2025-10-27,47,0.7
SKU-000014,BOT-001,2025-11-03,74,0.7
SKU-000014,BOT-001,2025-11-10,95,0.7
SKU-000014,BOT-001,2025-11-17,16,0.7
SKU-000014,BOT-001,2025-11-24,97,0.7
SKU-000014,BOT-001,2025-12-01,148,0.7
SKU-000014,BOT-001,2025-12-08,26,0.7
SKU-000014,BOT-001,2025-12-15,119,0.7
SKU-000014,BOT-001,2025-12-22,115,0.7
SKU-000014,BOT-001,2025-12-29,41,0.7
SKU-000014,BOT-001,2026-01-05,78,0.7
SKU-000014,BOT-001,2026-01-12,111,0.7
SKU-000014,BOT-001,2026-01-19,111,0.7
SKU-000014,BOT-001,2026-01-26,35,0.7
SKU-000014,BOT-001,2026-02-02,107,0.7
SKU-000014,BOT-001,2026-02-09,145,0.7
SKU-000014,BOT-001,2026-02-16,28,0.7
SKU-000014,BOT-001,2026-02-23,112,0.7
SKU-000014,BOT-001,2026-03-02,121,0.7
SKU-000014,BOT-001,2026-03-09,134,0.7
SKU-000014,BOT-001,2026-03-16,14,0.7
SKU-000014,BOT-001,2026-03-23,80,0.7
SKU-000014,BOT-001,2026-03-30,118,0.7
SKU-000014,BOT-001,2026-04-06,77,0.7
SKU-000014,BOT-001,2026-04-13,34,0.7
SKU-000014,BOT-001,2026-04-20,64,0.7
SKU-000014,BOT-001,2026-04-27,73,0.7
SKU-000014,BOT-001,2026-05-04,60,0.7
SKU-000014,BOT-002,2025-05-12,41,0.7
SKU-000014,BOT-002,2025-05-19,40,0.7
SKU-000014,BOT-002,2025-05-26,40,0.7
SKU-000014,BOT-002,2025-06-02,40,0.7
SKU-000014,BOT-002,2025-06-09,58,0.7
SKU-000014,BOT-002,2025-06-16,61,0.7
SKU-000014,BOT-002,2025-06-23,56,0.7
SKU-000014,BOT-002,2025-06-30,100,0.7
SKU-000014,BOT-002,2025-07-07,11,0.7
SKU-000014,BOT-002,2025-07-14,99,0.7
SKU-000014,BOT-002,2025-07-21,47,0.7
SKU-000014,BOT-002,2025-07-28,65,0.7
SKU-000014,BOT-002,2025-08-04,58,0.7
SKU-000014,BOT-002,2025-08-11,23,0.7
SKU-000014,BOT-002,2025-08-18,111,0.7
SKU-000014,BOT-002,2025-08-25,84,0.7
SKU-000014,BOT-002,2025-09-01,56,0.7
SKU-000014,BOT-002,2025-09-08,31,0.7
SKU-000014,BOT-002,2025-09-15,79,0.7
SKU-000014,BOT-002,2025-09-22,57,0.7
SKU-000014,BOT-002,2025-09-29,65,0.7
SKU-000014,BOT-002,2025-10-06,42,0.7
SKU-000014,BOT-002,2025-10-13,58,0.7
SKU-000014,BOT-002,2025-10-20,54,0.7
SKU-000014,BOT-002,2025-10-27,56,0.7
SKU-000014,BOT-002,2025-11-03,66,0.7
SKU-000014,BOT-002,2025-11-10,90,0.7
SKU-000014,BOT-002,2025-11-17,31,0.7
SKU-000014,BOT-002,2025-11-24,75,0.7
SKU-000014,BOT-002,2025-12-01,84,0.7
SKU-000014,BOT-002,2025-12-08,88,0.7
SKU-000014,BOT-002,2025-12-15,75,0.7
SKU-000014,BOT-002,2025-12-22,32,0.7
SKU-000014,BOT-002,2025-12-29,79,0.7
SKU-000014,BOT-002,2026-01-05,110,0.7
SKU-000014,BOT-002,2026-01-12,48,0.7
SKU-000014,BOT-002,2026-01-19,109,0.7
SKU-000014,BOT-002,2026-01-26,104,0.7
SKU-000014,BOT-002,2026-02-02,128,0.7
SKU-000014,BOT-002,2026-02-09,30,0.7
SKU-000014,BOT-002,2026-02-16,125,0.7
SKU-000014,BOT-002,2026-02-23,91,0.7
SKU-000014,BOT-002,2026-03-02,70,0.7
SKU-000014,BOT-002,2026-03-09,29,0.7
SKU-000014,BOT-002,2026-03-16,111,0.7
SKU-000014,BOT-002,2026-03-23,101,0.7
SKU-000014,BOT-002,2026-03-30,32,0.7
SKU-000014,BOT-002,2026-04-06,90,0.7
SKU-000014,BOT-002,2026-04-13,78,0.7
SKU-000014,BOT-002,2026-04-20,88,0.7
SKU-000014,BOT-002,2026-04-27,12,0.7
SKU-000014,BOT-002,2026-05-04,52,0.7
SKU-000014,BOT-005,2025-05-12,29,0.7
SKU-000014,BOT-005,2025-05-19,49,0.7
SKU-000014,BOT-005,2025-05-26,81,0.7
SKU-000014,BOT-005,2025-06-02,41,0.7
SKU-000014,BOT-005,2025-06-09,45,0.7
SKU-000014,BOT-005,2025-06-16,66,0.7
SKU-000014,BOT-005,2025-06-23,30,0.7
SKU-000014,BOT-005,2025-06-30,65,0.7
SKU-000014,BOT-005,2025-07-07,110,0.7
SKU-000014,BOT-005,2025-07-14,61,0.7
SKU-000014,BOT-005,2025-07-21,32,0.7
SKU-000014,BOT-005,2025-07-28,78,0.7
SKU-000014,BOT-005,2025-08-04,46,0.7
SKU-000014,BOT-005,2025-08-11,69,0.7
SKU-000014,BOT-005,2025-08-18,88,0.7
SKU-000014,BOT-005,2025-08-25,9,0.7
SKU-000014,BOT-005,2025-09-01,82,0.7
SKU-000014,BOT-005,2025-09-08,85,0.7
SKU-000014,BOT-005,2025-09-15,52,0.7
SKU-000014,BOT-005,2025-09-22,66,0.7
SKU-000014,BOT-005,2025-09-29,68,0.7
SKU-000014,BOT-005,2025-10-06,34,0.7
SKU-000014,BOT-005,2025-10-13,73,0.7
SKU-000014,BOT-005,2025-10-20,36,0.7
SKU-000014,BOT-005,2025-10-27,66,0.7
SKU-000014,BOT-005,2025-11-03,75,0.7
SKU-000014,BOT-005,2025-11-10,23,0.7
SKU-000014,BOT-005,2025-11-17,60,0.7
SKU-000014,BOT-005,2025-11-24,76,0.7
SKU-000014,BOT-005,2025-12-01,61,0.7
SKU-000014,BOT-005,2025-12-08,83,0.7
SKU-000014,BOT-005,2025-12-15,20,0.7
SKU-000014,BOT-005,2025-12-22,128,0.7
SKU-000014,BOT-005,2025-12-29,93,0.7
SKU-000014,BOT-005,2026-01-05,65,0.7
SKU-000014,BOT-005,2026-01-12,56,0.7
SKU-000014,BOT-005,2026-01-19,80,0.7
SKU-000014,BOT-005,2026-01-26,106,0.7
SKU-000014,BOT-005,2026-02-02,60,0.7
SKU-000014,BOT-005,2026-02-09,39,0.7
SKU-000014,BOT-005,2026-02-16,96,0.7
SKU-000014,BOT-005,2026-02-23,96,0.7
SKU-000014,BOT-005,2026-03-02,52,0.7
SKU-000014,BOT-005,2026-03-09,62,0.7
SKU-000014,BOT-005,2026-03-16,154,0.7
SKU-000014,BOT-005,2026-03-23,63,0.7
SKU-000014,BOT-005,2026-03-30,84,0.7
SKU-000014,BOT-005,2026-04-06,13,0.7
SKU-000014,BOT-005,2026-04-13,65,0.7
SKU-000014,BOT-005,2026-04-20,80,0.7
SKU-000014,BOT-005,2026-04-27,54,0.7
SKU-000014,BOT-005,2026-05-04,60,0.7
SKU-000014,BOT-004,2025-05-12,61,0.7
SKU-000014,BOT-004,2025-05-19,45,0.7
SKU-000014,BOT-004,2025-05-26,32,0.7
SKU-000014,BOT-004,2025-06-02,74,0.7
SKU-000014,BOT-004,2025-06-09,51,0.7
SKU-000014,BOT-004,2025-06-16,63,0.7
SKU-000014,BOT-004,2025-06-23,73,0.7
SKU-000014,BOT-004,2025-06-30,26,0.7
SKU-000014,BOT-004,2025-07-07,45,0.7
SKU-000014,BOT-004,2025-07-14,59,0.7
SKU-000014,BOT-004,2025-07-21,42,0.7
SKU-000014,BOT-004,2025-07-28,98,0.7
SKU-000014,BOT-004,2025-08-04,50,0.7
SKU-000014,BOT-004,2025-08-11,68,0.7
SKU-000014,BOT-004,2025-08-18,19,0.7
SKU-000014,BOT-004,2025-08-25,56,0.7
SKU-000014,BOT-004,2025-09-01,100,0.7
SKU-000014,BOT-004,2025-09-08,44,0.7
SKU-000014,BOT-004,2025-09-15,87,0.7
SKU-000014,BOT-004,2025-09-22,46,0.7
SKU-000014,BOT-004,2025-09-29,48,0.7
SKU-000014,BOT-004,2025-10-06,50,0.7
SKU-000014,BOT-004,2025-10-13,46,0.7
SKU-000014,BOT-004,2025-10-20,54,0.7
SKU-000014,BOT-004,2025-10-27,49,0.7
SKU-000014,BOT-004,2025-11-03,67,0.7
SKU-000014,BOT-004,2025-11-10,21,0.7
SKU-000014,BOT-004,2025-11-17,74,0.7
SKU-000014,BOT-004,2025-11-24,66,0.7
SKU-000014,BOT-004,2025-12-01,101,0.7
SKU-000014,BOT-004,2025-12-08,23,0.7
SKU-000014,BOT-004,2025-12-15,57,0.7
SKU-000014,BOT-004,2025-12-22,94,0.7
SKU-000014,BOT-004,2025-12-29,101,0.7
SKU-000014,BOT-004,2026-01-05,94,0.7
SKU-000014,BOT-004,2026-01-12,43,0.7
SKU-000014,BOT-004,2026-01-19,73,0.7
SKU-000014,BOT-004,2026-01-26,71,0.7
SKU-000014,BOT-004,2026-02-02,98,0.7
SKU-000014,BOT-004,2026-02-09,78,0.7
SKU-000014,BOT-004,2026-02-16,6,0.7
SKU-000014,BOT-004,2026-02-23,93,0.7
SKU-000014,BOT-004,2026-03-02,99,0.7
SKU-000014,BOT-004,2026-03-09,80,0.7
SKU-000014,BOT-004,2026-03-16,19,0.7
SKU-000014,BOT-004,2026-03-23,93,0.7
SKU-000014,BOT-004,2026-03-30,88,0.7
SKU-000014,BOT-004,2026-04-06,63,0.7
SKU-000014,BOT-004,2026-04-13,24,0.7
SKU-000014,BOT-004,2026-04-20,71,0.7
SKU-000014,BOT-004,2026-04-27,77,0.7
SKU-000014,BOT-004,2026-05-04,58,0.7
SKU-000014,BOT-003,2025-05-12,35,0.7
SKU-000014,BOT-003,2025-05-19,68,0.7
SKU-000014,BOT-003,2025-05-26,87,0.7
SKU-000014,BOT-003,2025-06-02,63,0.7
SKU-000014,BOT-003,2025-06-09,42,0.7
SKU-000014,BOT-003,2025-06-16,31,0.7
SKU-000014,BOT-003,2025-06-23,45,0.7
SKU-000014,BOT-003,2025-06-30,54,0.7
SKU-000014,BOT-003,2025-07-07,46,0.7
SKU-000014,BOT-003,2025-07-14,42,0.7
SKU-000014,BOT-003,2025-07-21,55,0.7
SKU-000014,BOT-003,2025-07-28,77,0.7
SKU-000014,BOT-003,2025-08-04,41,0.7
SKU-000014,BOT-003,2025-08-11,60,0.7
SKU-000014,BOT-003,2025-08-18,53,0.7
SKU-000014,BOT-003,2025-08-25,81,0.7
SKU-000014,BOT-003,2025-09-01,75,0.7
SKU-000014,BOT-003,2025-09-08,53,0.7
SKU-000014,BOT-003,2025-09-15,30,0.7
SKU-000014,BOT-003,2025-09-22,56,0.7
SKU-000014,BOT-003,2025-09-29,45,0.7
SKU-000014,BOT-003,2025-10-06,84,0.7
SKU-000014,BOT-003,2025-10-13,54,0.7
SKU-000014,BOT-003,2025-10-20,32,0.7
SKU-000014,BOT-003,2025-10-27,53,0.7
SKU-000014,BOT-003,2025-11-03,75,0.7
SKU-000014,BOT-003,2025-11-10,61,0.7
SKU-000014,BOT-003,2025-11-17,68,0.7
SKU-000014,BOT-003,2025-11-24,39,0.7
SKU-000014,BOT-003,2025-12-01,120,0.7
SKU-000014,BOT-003,2025-12-08,70,0.7
SKU-000014,BOT-003,2025-12-15,94,0.7
SKU-000014,BOT-003,2025-12-22,59,0.7
SKU-000014,BOT-003,2025-12-29,41,0.7
SKU-000014,BOT-003,2026-01-05,101,0.7
SKU-000014,BOT-003,2026-01-12,93,0.7
SKU-000014,BOT-003,2026-01-19,41,0.7
SKU-000014,BOT-003,2026-01-26,89,0.7
SKU-000014,BOT-003,2026-02-02,196,0.7
SKU-000014,BOT-003,2026-02-09,43,0.7
SKU-000014,BOT-003,2026-02-16,61,0.7
SKU-000014,BOT-003,2026-02-23,117,0.7
SKU-000014,BOT-003,2026-03-02,110,0.7
SKU-000014,BOT-003,2026-03-09,19,0.7
SKU-000014,BOT-003,2026-03-16,76,0.7
SKU-000014,BOT-003,2026-03-23,59,0.7
SKU-000014,BOT-003,2026-03-30,100,0.7
SKU-000014,BOT-003,2026-04-06,39,0.7
SKU-000014,BOT-003,2026-04-13,42,0.7
SKU-000014,BOT-003,2026-04-20,58,0.7
SKU-000014,BOT-003,2026-04-27,50,0.7
SKU-000014,BOT-003,2026-05-04,75,0.7
SKU-000013,BOT-001,2025-05-12,32,6.0
SKU-000013,BOT-001,2025-05-19,44,6.0
SKU-000013,BOT-001,2025-05-26,28,6.0
SKU-000013,BOT-001,2025-06-02,44,6.0
SKU-000013,BOT-001,2025-06-09,63,6.0
SKU-000013,BOT-001,2025-06-16,62,6.0
SKU-000013,BOT-001,2025-06-23,51,6.0
SKU-000013,BOT-001,2025-06-30,55,6.0
SKU-000013,BOT-001,2025-07-07,39,6.0
SKU-000013,BOT-001,2025-07-14,32,6.0
SKU-000013,BOT-001,2025-07-21,32,6.0
SKU-000013,BOT-001,2025-07-28,44,6.0
SKU-000013,BOT-001,2025-08-04,57,6.0
SKU-000013,BOT-001,2025-08-11,31,6.0
SKU-000013,BOT-001,2025-08-18,34,6.0
SKU-000013,BOT-001,2025-08-25,34,6.0
SKU-000013,BOT-001,2025-09-01,40,6.0
SKU-000013,BOT-001,2025-09-08,49,6.0
SKU-000013,BOT-001,2025-09-15,42,6.0
SKU-000013,BOT-001,2025-09-22,43,6.0
SKU-000013,BOT-001,2025-09-29,66,6.0
SKU-000013,BOT-001,2025-10-06,48,6.0
SKU-000013,BOT-001,2025-10-13,28,6.0
SKU-000013,BOT-001,2025-10-20,37,6.0
SKU-000013,BOT-001,2025-10-27,28,6.0
SKU-000013,BOT-001,2025-11-03,48,6.0
SKU-000013,BOT-001,2025-11-10,58,6.0
SKU-000013,BOT-001,2025-11-17,69,6.0
SKU-000013,BOT-001,2025-11-24,47,6.0
SKU-000013,BOT-001,2025-12-01,65,6.0
SKU-000013,BOT-001,2025-12-08,72,6.0
SKU-000013,BOT-001,2025-12-15,57,6.0
SKU-000013,BOT-001,2025-12-22,65,6.0
SKU-000013,BOT-001,2025-12-29,76,6.0
SKU-000013,BOT-001,2026-01-05,56,6.0
SKU-000013,BOT-001,2026-01-12,101,6.0
SKU-000013,BOT-001,2026-01-19,83,6.0
SKU-000013,BOT-001,2026-01-26,47,6.0
SKU-000013,BOT-001,2026-02-02,82,6.0
SKU-000013,BOT-001,2026-02-09,106,6.0
SKU-000013,BOT-001,2026-02-16,50,6.0
SKU-000013,BOT-001,2026-02-23,74,6.0
SKU-000013,BOT-001,2026-03-02,109,6.0
SKU-000013,BOT-001,2026-03-09,69,6.0
SKU-000013,BOT-001,2026-03-16,94,6.0
SKU-000013,BOT-001,2026-03-23,42,6.0
SKU-000013,BOT-001,2026-03-30,60,6.0
SKU-000013,BOT-001,2026-04-06,92,6.0
SKU-000013,BOT-001,2026-04-13,39,6.0
SKU-000013,BOT-001,2026-04-20,42,6.0
SKU-000013,BOT-001,2026-04-27,57,6.0
SKU-000013,BOT-001,2026-05-04,61,6.0
SKU-000013,BOT-002,2025-05-12,45,6.0
SKU-000013,BOT-002,2025-05-19,52,6.0
SKU-000013,BOT-002,2025-05-26,43,6.0
SKU-000013,BOT-002,2025-06-02,64,6.0
SKU-000013,BOT-002,2025-06-09,38,6.0
SKU-000013,BOT-002,2025-06-16,42,6.0
SKU-000013,BOT-002,2025-06-23,41,6.0
SKU-000013,BOT-002,2025-06-30,49,6.0
SKU-000013,BOT-002,2025-07-07,36,6.0
SKU-000013,BOT-002,2025-07-14,36,6.0
SKU-000013,BOT-002,2025-07-21,43,6.0
SKU-000013,BOT-002,2025-07-28,57,6.0
SKU-000013,BOT-002,2025-08-04,49,6.0
SKU-000013,BOT-002,2025-08-11,68,6.0
SKU-000013,BOT-002,2025-08-18,31,6.0
SKU-000013,BOT-002,2025-08-25,29,6.0
SKU-000013,BOT-002,2025-09-01,48,6.0
SKU-000013,BOT-002,2025-09-08,55,6.0
SKU-000013,BOT-002,2025-09-15,49,6.0
SKU-000013,BOT-002,2025-09-22,20,6.0
SKU-000013,BOT-002,2025-09-29,48,6.0
SKU-000013,BOT-002,2025-10-06,73,6.0
SKU-000013,BOT-002,2025-10-13,47,6.0
SKU-000013,BOT-002,2025-10-20,43,6.0
SKU-000013,BOT-002,2025-10-27,38,6.0
SKU-000013,BOT-002,2025-11-03,40,6.0
SKU-000013,BOT-002,2025-11-10,52,6.0
SKU-000013,BOT-002,2025-11-17,55,6.0
SKU-000013,BOT-002,2025-11-24,80,6.0
SKU-000013,BOT-002,2025-12-01,34,6.0
SKU-000013,BOT-002,2025-12-08,64,6.0
SKU-000013,BOT-002,2025-12-15,65,6.0
SKU-000013,BOT-002,2025-12-22,56,6.0
SKU-000013,BOT-002,2025-12-29,62,6.0
SKU-000013,BOT-002,2026-01-05,82,6.0
SKU-000013,BOT-002,2026-01-12,53,6.0
SKU-000013,BOT-002,2026-01-19,48,6.0
SKU-000013,BOT-002,2026-01-26,60,6.0
SKU-000013,BOT-002,2026-02-02,84,6.0
SKU-000013,BOT-002,2026-02-09,36,6.0
SKU-000013,BOT-002,2026-02-16,93,6.0
SKU-000013,BOT-002,2026-02-23,72,6.0
SKU-000013,BOT-002,2026-03-02,71,6.0
SKU-000013,BOT-002,2026-03-09,54,6.0
SKU-000013,BOT-002,2026-03-16,93,6.0
SKU-000013,BOT-002,2026-03-23,22,6.0
SKU-000013,BOT-002,2026-03-30,61,6.0
SKU-000013,BOT-002,2026-04-06,88,6.0
SKU-000013,BOT-002,2026-04-13,41,6.0
SKU-000013,BOT-002,2026-04-20,92,6.0
SKU-000013,BOT-002,2026-04-27,46,6.0
SKU-000013,BOT-002,2026-05-04,47,6.0
SKU-000013,BOT-005,2025-05-12,41,6.0
SKU-000013,BOT-005,2025-05-19,37,6.0
SKU-000013,BOT-005,2025-05-26,33,6.0
SKU-000013,BOT-005,2025-06-02,34,6.0
SKU-000013,BOT-005,2025-06-09,26,6.0
SKU-000013,BOT-005,2025-06-16,37,6.0
SKU-000013,BOT-005,2025-06-23,44,6.0
SKU-000013,BOT-005,2025-06-30,51,6.0
SKU-000013,BOT-005,2025-07-07,48,6.0
SKU-000013,BOT-005,2025-07-14,29,6.0
SKU-000013,BOT-005,2025-07-21,46,6.0
SKU-000013,BOT-005,2025-07-28,38,6.0
SKU-000013,BOT-005,2025-08-04,29,6.0
SKU-000013,BOT-005,2025-08-11,39,6.0
SKU-000013,BOT-005,2025-08-18,35,6.0
SKU-000013,BOT-005,2025-08-25,44,6.0
SKU-000013,BOT-005,2025-09-01,49,6.0
SKU-000013,BOT-005,2025-09-08,41,6.0
SKU-000013,BOT-005,2025-09-15,47,6.0
SKU-000013,BOT-005,2025-09-22,35,6.0
SKU-000013,BOT-005,2025-09-29,45,6.0
SKU-000013,BOT-005,2025-10-06,47,6.0
SKU-000013,BOT-005,2025-10-13,38,6.0
SKU-000013,BOT-005,2025-10-20,42,6.0
SKU-000013,BOT-005,2025-10-27,41,6.0
SKU-000013,BOT-005,2025-11-03,60,6.0
SKU-000013,BOT-005,2025-11-10,65,6.0
SKU-000013,BOT-005,2025-11-17,50,6.0
SKU-000013,BOT-005,2025-11-24,36,6.0
SKU-000013,BOT-005,2025-12-01,68,6.0
SKU-000013,BOT-005,2025-12-08,66,6.0
SKU-000013,BOT-005,2025-12-15,86,6.0
SKU-000013,BOT-005,2025-12-22,38,6.0
SKU-000013,BOT-005,2025-12-29,78,6.0
SKU-000013,BOT-005,2026-01-05,97,6.0
SKU-000013,BOT-005,2026-01-12,35,6.0
SKU-000013,BOT-005,2026-01-19,76,6.0
SKU-000013,BOT-005,2026-01-26,81,6.0
SKU-000013,BOT-005,2026-02-02,26,6.0
SKU-000013,BOT-005,2026-02-09,125,6.0
SKU-000013,BOT-005,2026-02-16,74,6.0
SKU-000013,BOT-005,2026-02-23,46,6.0
SKU-000013,BOT-005,2026-03-02,96,6.0
SKU-000013,BOT-005,2026-03-09,87,6.0
SKU-000013,BOT-005,2026-03-16,22,6.0
SKU-000013,BOT-005,2026-03-23,55,6.0
SKU-000013,BOT-005,2026-03-30,59,6.0
SKU-000013,BOT-005,2026-04-06,63,6.0
SKU-000013,BOT-005,2026-04-13,87,6.0
SKU-000013,BOT-005,2026-04-20,24,6.0
SKU-000013,BOT-005,2026-04-27,36,6.0
SKU-000013,BOT-005,2026-05-04,38,6.0
SKU-000013,BOT-004,2025-05-12,25,6.0
SKU-000013,BOT-004,2025-05-19,38,6.0
SKU-000013,BOT-004,2025-05-26,32,6.0
SKU-000013,BOT-004,2025-06-02,35,6.0
SKU-000013,BOT-004,2025-06-09,29,6.0
SKU-000013,BOT-004,2025-06-16,33,6.0
SKU-000013,BOT-004,2025-06-23,44,6.0
SKU-000013,BOT-004,2025-06-30,40,6.0
SKU-000013,BOT-004,2025-07-07,43,6.0
SKU-000013,BOT-004,2025-07-14,44,6.0
SKU-000013,BOT-004,2025-07-21,36,6.0
SKU-000013,BOT-004,2025-07-28,40,6.0
SKU-000013,BOT-004,2025-08-04,48,6.0
SKU-000013,BOT-004,2025-08-11,27,6.0
SKU-000013,BOT-004,2025-08-18,41,6.0
SKU-000013,BOT-004,2025-08-25,56,6.0
SKU-000013,BOT-004,2025-09-01,78,6.0
SKU-000013,BOT-004,2025-09-08,39,6.0
SKU-000013,BOT-004,2025-09-15,31,6.0
SKU-000013,BOT-004,2025-09-22,30,6.0
SKU-000013,BOT-004,2025-09-29,57,6.0
SKU-000013,BOT-004,2025-10-06,37,6.0
SKU-000013,BOT-004,2025-10-13,37,6.0
SKU-000013,BOT-004,2025-10-20,49,6.0
SKU-000013,BOT-004,2025-10-27,49,6.0
SKU-000013,BOT-004,2025-11-03,43,6.0
SKU-000013,BOT-004,2025-11-10,67,6.0
SKU-000013,BOT-004,2025-11-17,62,6.0
SKU-000013,BOT-004,2025-11-24,44,6.0
SKU-000013,BOT-004,2025-12-01,36,6.0
SKU-000013,BOT-004,2025-12-08,86,6.0
SKU-000013,BOT-004,2025-12-15,58,6.0
SKU-000013,BOT-004,2025-12-22,43,6.0
SKU-000013,BOT-004,2025-12-29,113,6.0
SKU-000013,BOT-004,2026-01-05,73,6.0
SKU-000013,BOT-004,2026-01-12,66,6.0
SKU-000013,BOT-004,2026-01-19,12,6.0
SKU-000013,BOT-004,2026-01-26,50,6.0
SKU-000013,BOT-004,2026-02-02,77,6.0
SKU-000013,BOT-004,2026-02-09,83,6.0
SKU-000013,BOT-004,2026-02-16,35,6.0
SKU-000013,BOT-004,2026-02-23,43,6.0
SKU-000013,BOT-004,2026-03-02,84,6.0
SKU-000013,BOT-004,2026-03-09,92,6.0
SKU-000013,BOT-004,2026-03-16,33,6.0
SKU-000013,BOT-004,2026-03-23,68,6.0
SKU-000013,BOT-004,2026-03-30,53,6.0
SKU-000013,BOT-004,2026-04-06,50,6.0
SKU-000013,BOT-004,2026-04-13,50,6.0
SKU-000013,BOT-004,2026-04-20,42,6.0
SKU-000013,BOT-004,2026-04-27,46,6.0
SKU-000013,BOT-004,2026-05-04,65,6.0
SKU-000013,BOT-003,2025-05-12,45,6.0
SKU-000013,BOT-003,2025-05-19,29,6.0
SKU-000013,BOT-003,2025-05-26,19,6.0
SKU-000013,BOT-003,2025-06-02,53,6.0
SKU-000013,BOT-003,2025-06-09,36,6.0
SKU-000013,BOT-003,2025-06-16,34,6.0
SKU-000013,BOT-003,2025-06-23,42,6.0
SKU-000013,BOT-003,2025-06-30,47,6.0
SKU-000013,BOT-003,2025-07-07,56,6.0
SKU-000013,BOT-003,2025-07-14,27,6.0
SKU-000013,BOT-003,2025-07-21,32,6.0
SKU-000013,BOT-003,2025-07-28,36,6.0
SKU-000013,BOT-003,2025-08-04,37,6.0
SKU-000013,BOT-003,2025-08-11,38,6.0
SKU-000013,BOT-003,2025-08-18,25,6.0
SKU-000013,BOT-003,2025-08-25,35,6.0
SKU-000013,BOT-003,2025-09-01,42,6.0
SKU-000013,BOT-003,2025-09-08,44,6.0
SKU-000013,BOT-003,2025-09-15,46,6.0
SKU-000013,BOT-003,2025-09-22,48,6.0
SKU-000013,BOT-003,2025-09-29,29,6.0
SKU-000013,BOT-003,2025-10-06,28,6.0
SKU-000013,BOT-003,2025-10-13,29,6.0
SKU-000013,BOT-003,2025-10-20,40,6.0
SKU-000013,BOT-003,2025-10-27,60,6.0
SKU-000013,BOT-003,2025-11-03,35,6.0
SKU-000013,BOT-003,2025-11-10,54,6.0
SKU-000013,BOT-003,2025-11-17,37,6.0
SKU-000013,BOT-003,2025-11-24,58,6.0
SKU-000013,BOT-003,2025-12-01,36,6.0
SKU-000013,BOT-003,2025-12-08,59,6.0
SKU-000013,BOT-003,2025-12-15,69,6.0
SKU-000013,BOT-003,2025-12-22,59,6.0
SKU-000013,BOT-003,2025-12-29,36,6.0
SKU-000013,BOT-003,2026-01-05,92,6.0
SKU-000013,BOT-003,2026-01-12,45,6.0
SKU-000013,BOT-003,2026-01-19,82,6.0
SKU-000013,BOT-003,2026-01-26,46,6.0
SKU-000013,BOT-003,2026-02-02,48,6.0
SKU-000013,BOT-003,2026-02-09,106,6.0
SKU-000013,BOT-003,2026-02-16,29,6.0
SKU-000013,BOT-003,2026-02-23,75,6.0
SKU-000013,BOT-003,2026-03-02,58,6.0
SKU-000013,BOT-003,2026-03-09,51,6.0
SKU-000013,BOT-003,2026-03-16,36,6.0
SKU-000013,BOT-003,2026-03-23,72,6.0
SKU-000013,BOT-003,2026-03-30,76,6.0
SKU-000013,BOT-003,2026-04-06,52,6.0
SKU-000013,BOT-003,2026-04-13,28,6.0
SKU-000013,BOT-003,2026-04-20,35,6.0
SKU-000013,BOT-003,2026-04-27,44,6.0
SKU-000013,BOT-003,2026-05-04,52,6.0
SKU-000018,BOT-001,2025-05-12,71,0.9
SKU-000018,BOT-001,2025-05-19,81,0.9
SKU-000018,BOT-001,2025-05-26,88,0.9
SKU-000018,BOT-001,2025-06-02,78,0.9
SKU-000018,BOT-001,2025-06-09,91,0.9
SKU-000018,BOT-001,2025-06-16,103,0.9
SKU-000018,BOT-001,2025-06-23,74,0.9
SKU-000018,BOT-001,2025-06-30,85,0.9
SKU-000018,BOT-001,2025-07-07,66,0.9
SKU-000018,BOT-001,2025-07-14,60,0.9
SKU-000018,BOT-001,2025-07-21,110,0.9
SKU-000018,BOT-001,2025-07-28,94,0.9
SKU-000018,BOT-001,2025-08-04,72,0.9
SKU-000018,BOT-001,2025-08-11,62,0.9
SKU-000018,BOT-001,2025-08-18,65,0.9
SKU-000018,BOT-001,2025-08-25,101,0.9
SKU-000018,BOT-001,2025-09-01,76,0.9
SKU-000018,BOT-001,2025-09-08,102,0.9
SKU-000018,BOT-001,2025-09-15,77,0.9
SKU-000018,BOT-001,2025-09-22,63,0.9
SKU-000018,BOT-001,2025-09-29,80,0.9
SKU-000018,BOT-001,2025-10-06,79,0.9
SKU-000018,BOT-001,2025-10-13,84,0.9
SKU-000018,BOT-001,2025-10-20,100,0.9
SKU-000018,BOT-001,2025-10-27,68,0.9
SKU-000018,BOT-001,2025-11-03,71,0.9
SKU-000018,BOT-001,2025-11-10,84,0.9
SKU-000018,BOT-001,2025-11-17,63,0.9
SKU-000018,BOT-001,2025-11-24,61,0.9
SKU-000018,BOT-001,2025-12-01,110,0.9
SKU-000018,BOT-001,2025-12-08,81,0.9
SKU-000018,BOT-001,2025-12-15,78,0.9
SKU-000018,BOT-001,2025-12-22,73,0.9
SKU-000018,BOT-001,2025-12-29,100,0.9
SKU-000018,BOT-001,2026-01-05,70,0.9
SKU-000018,BOT-001,2026-01-12,91,0.9
SKU-000018,BOT-001,2026-01-19,73,0.9
SKU-000018,BOT-001,2026-01-26,82,0.9
SKU-000018,BOT-001,2026-02-02,71,0.9
SKU-000018,BOT-001,2026-02-09,52,0.9
SKU-000018,BOT-001,2026-02-16,99,0.9
SKU-000018,BOT-001,2026-02-23,67,0.9
SKU-000018,BOT-001,2026-03-02,91,0.9
SKU-000018,BOT-001,2026-03-09,52,0.9
SKU-000018,BOT-001,2026-03-16,101,0.9
SKU-000018,BOT-001,2026-03-23,86,0.9
SKU-000018,BOT-001,2026-03-30,104,0.9
SKU-000018,BOT-001,2026-04-06,55,0.9
SKU-000018,BOT-001,2026-04-13,92,0.9
SKU-000018,BOT-001,2026-04-20,80,0.9
SKU-000018,BOT-001,2026-04-27,95,0.9
SKU-000018,BOT-001,2026-05-04,77,0.9
SKU-000018,BOT-002,2025-05-12,51,0.9
SKU-000018,BOT-002,2025-05-19,96,0.9
SKU-000018,BOT-002,2025-05-26,58,0.9
SKU-000018,BOT-002,2025-06-02,83,0.9
SKU-000018,BOT-002,2025-06-09,81,0.9
SKU-000018,BOT-002,2025-06-16,82,0.9
SKU-000018,BOT-002,2025-06-23,56,0.9
SKU-000018,BOT-002,2025-06-30,87,0.9
SKU-000018,BOT-002,2025-07-07,65,0.9
SKU-000018,BOT-002,2025-07-14,73,0.9
SKU-000018,BOT-002,2025-07-21,83,0.9
SKU-000018,BOT-002,2025-07-28,49,0.9
SKU-000018,BOT-002,2025-08-04,55,0.9
SKU-000018,BOT-002,2025-08-11,70,0.9
SKU-000018,BOT-002,2025-08-18,61,0.9
SKU-000018,BOT-002,2025-08-25,77,0.9
SKU-000018,BOT-002,2025-09-01,85,0.9
SKU-000018,BOT-002,2025-09-08,58,0.9
SKU-000018,BOT-002,2025-09-15,56,0.9
SKU-000018,BOT-002,2025-09-22,71,0.9
SKU-000018,BOT-002,2025-09-29,99,0.9
SKU-000018,BOT-002,2025-10-06,106,0.9
SKU-000018,BOT-002,2025-10-13,86,0.9
SKU-000018,BOT-002,2025-10-20,53,0.9
SKU-000018,BOT-002,2025-10-27,48,0.9
SKU-000018,BOT-002,2025-11-03,86,0.9
SKU-000018,BOT-002,2025-11-10,51,0.9
SKU-000018,BOT-002,2025-11-17,83,0.9
SKU-000018,BOT-002,2025-11-24,85,0.9
SKU-000018,BOT-002,2025-12-01,90,0.9
SKU-000018,BOT-002,2025-12-08,53,0.9
SKU-000018,BOT-002,2025-12-15,81,0.9
SKU-000018,BOT-002,2025-12-22,69,0.9
SKU-000018,BOT-002,2025-12-29,119,0.9
SKU-000018,BOT-002,2026-01-05,56,0.9
SKU-000018,BOT-002,2026-01-12,82,0.9
SKU-000018,BOT-002,2026-01-19,77,0.9
SKU-000018,BOT-002,2026-01-26,69,0.9
SKU-000018,BOT-002,2026-02-02,62,0.9
SKU-000018,BOT-002,2026-02-09,67,0.9
SKU-000018,BOT-002,2026-02-16,76,0.9
SKU-000018,BOT-002,2026-02-23,69,0.9
SKU-000018,BOT-002,2026-03-02,70,0.9
SKU-000018,BOT-002,2026-03-09,68,0.9
SKU-000018,BOT-002,2026-03-16,69,0.9
SKU-000018,BOT-002,2026-03-23,54,0.9
SKU-000018,BOT-002,2026-03-30,65,0.9
SKU-000018,BOT-002,2026-04-06,61,0.9
SKU-000018,BOT-002,2026-04-13,63,0.9
SKU-000018,BOT-002,2026-04-20,40,0.9
SKU-000018,BOT-002,2026-04-27,91,0.9
SKU-000018,BOT-002,2026-05-04,98,0.9
SKU-000018,BOT-005,2025-05-12,68,0.9
SKU-000018,BOT-005,2025-05-19,107,0.9
SKU-000018,BOT-005,2025-05-26,56,0.9
SKU-000018,BOT-005,2025-06-02,89,0.9
SKU-000018,BOT-005,2025-06-09,89,0.9
SKU-000018,BOT-005,2025-06-16,59,0.9
SKU-000018,BOT-005,2025-06-23,73,0.9
SKU-000018,BOT-005,2025-06-30,85,0.9
SKU-000018,BOT-005,2025-07-07,66,0.9
SKU-000018,BOT-005,2025-07-14,73,0.9
SKU-000018,BOT-005,2025-07-21,78,0.9
SKU-000018,BOT-005,2025-07-28,61,0.9
SKU-000018,BOT-005,2025-08-04,79,0.9
SKU-000018,BOT-005,2025-08-11,43,0.9
SKU-000018,BOT-005,2025-08-18,59,0.9
SKU-000018,BOT-005,2025-08-25,94,0.9
SKU-000018,BOT-005,2025-09-01,36,0.9
SKU-000018,BOT-005,2025-09-08,78,0.9
SKU-000018,BOT-005,2025-09-15,69,0.9
SKU-000018,BOT-005,2025-09-22,60,0.9
SKU-000018,BOT-005,2025-09-29,99,0.9
SKU-000018,BOT-005,2025-10-06,48,0.9
SKU-000018,BOT-005,2025-10-13,59,0.9
SKU-000018,BOT-005,2025-10-20,59,0.9
SKU-000018,BOT-005,2025-10-27,60,0.9
SKU-000018,BOT-005,2025-11-03,71,0.9
SKU-000018,BOT-005,2025-11-10,90,0.9
SKU-000018,BOT-005,2025-11-17,61,0.9
SKU-000018,BOT-005,2025-11-24,65,0.9
SKU-000018,BOT-005,2025-12-01,83,0.9
SKU-000018,BOT-005,2025-12-08,83,0.9
SKU-000018,BOT-005,2025-12-15,73,0.9
SKU-000018,BOT-005,2025-12-22,81,0.9
SKU-000018,BOT-005,2025-12-29,72,0.9
SKU-000018,BOT-005,2026-01-05,78,0.9
SKU-000018,BOT-005,2026-01-12,58,0.9
SKU-000018,BOT-005,2026-01-19,76,0.9
SKU-000018,BOT-005,2026-01-26,65,0.9
SKU-000018,BOT-005,2026-02-02,80,0.9
SKU-000018,BOT-005,2026-02-09,59,0.9
SKU-000018,BOT-005,2026-02-16,65,0.9
SKU-000018,BOT-005,2026-02-23,65,0.9
SKU-000018,BOT-005,2026-03-02,85,0.9
SKU-000018,BOT-005,2026-03-09,72,0.9
SKU-000018,BOT-005,2026-03-16,63,0.9
SKU-000018,BOT-005,2026-03-23,58,0.9
SKU-000018,BOT-005,2026-03-30,71,0.9
SKU-000018,BOT-005,2026-04-06,73,0.9
SKU-000018,BOT-005,2026-04-13,77,0.9
SKU-000018,BOT-005,2026-04-20,57,0.9
SKU-000018,BOT-005,2026-04-27,80,0.9
SKU-000018,BOT-005,2026-05-04,75,0.9
SKU-000018,BOT-004,2025-05-12,74,0.9
SKU-000018,BOT-004,2025-05-19,63,0.9
SKU-000018,BOT-004,2025-05-26,87,0.9
SKU-000018,BOT-004,2025-06-02,64,0.9
SKU-000018,BOT-004,2025-06-09,66,0.9
SKU-000018,BOT-004,2025-06-16,65,0.9
SKU-000018,BOT-004,2025-06-23,61,0.9
SKU-000018,BOT-004,2025-06-30,136,0.9
SKU-000018,BOT-004,2025-07-07,77,0.9
SKU-000018,BOT-004,2025-07-14,85,0.9
SKU-000018,BOT-004,2025-07-21,66,0.9
SKU-000018,BOT-004,2025-07-28,71,0.9
SKU-000018,BOT-004,2025-08-04,81,0.9
SKU-000018,BOT-004,2025-08-11,68,0.9
SKU-000018,BOT-004,2025-08-18,48,0.9
SKU-000018,BOT-004,2025-08-25,66,0.9
SKU-000018,BOT-004,2025-09-01,93,0.9
SKU-000018,BOT-004,2025-09-08,94,0.9
SKU-000018,BOT-004,2025-09-15,117,0.9
SKU-000018,BOT-004,2025-09-22,64,0.9
SKU-000018,BOT-004,2025-09-29,79,0.9
SKU-000018,BOT-004,2025-10-06,106,0.9
SKU-000018,BOT-004,2025-10-13,68,0.9
SKU-000018,BOT-004,2025-10-20,75,0.9
SKU-000018,BOT-004,2025-10-27,73,0.9
SKU-000018,BOT-004,2025-11-03,62,0.9
SKU-000018,BOT-004,2025-11-10,56,0.9
SKU-000018,BOT-004,2025-11-17,52,0.9
SKU-000018,BOT-004,2025-11-24,51,0.9
SKU-000018,BOT-004,2025-12-01,98,0.9
SKU-000018,BOT-004,2025-12-08,70,0.9
SKU-000018,BOT-004,2025-12-15,78,0.9
SKU-000018,BOT-004,2025-12-22,73,0.9
SKU-000018,BOT-004,2025-12-29,77,0.9
SKU-000018,BOT-004,2026-01-05,101,0.9
SKU-000018,BOT-004,2026-01-12,81,0.9
SKU-000018,BOT-004,2026-01-19,75,0.9
SKU-000018,BOT-004,2026-01-26,66,0.9
SKU-000018,BOT-004,2026-02-02,81,0.9
SKU-000018,BOT-004,2026-02-09,64,0.9
SKU-000018,BOT-004,2026-02-16,111,0.9
SKU-000018,BOT-004,2026-02-23,55,0.9
SKU-000018,BOT-004,2026-03-02,69,0.9
SKU-000018,BOT-004,2026-03-09,113,0.9
SKU-000018,BOT-004,2026-03-16,57,0.9
SKU-000018,BOT-004,2026-03-23,95,0.9
SKU-000018,BOT-004,2026-03-30,67,0.9
SKU-000018,BOT-004,2026-04-06,51,0.9
SKU-000018,BOT-004,2026-04-13,81,0.9
SKU-000018,BOT-004,2026-04-20,60,0.9
SKU-000018,BOT-004,2026-04-27,71,0.9
SKU-000018,BOT-004,2026-05-04,81,0.9
SKU-000018,BOT-003,2025-05-12,90,0.9
SKU-000018,BOT-003,2025-05-19,89,0.9
SKU-000018,BOT-003,2025-05-26,86,0.9
SKU-000018,BOT-003,2025-06-02,79,0.9
SKU-000018,BOT-003,2025-06-09,62,0.9
SKU-000018,BOT-003,2025-06-16,62,0.9
SKU-000018,BOT-003,2025-06-23,77,0.9
SKU-000018,BOT-003,2025-06-30,74,0.9
SKU-000018,BOT-003,2025-07-07,63,0.9
SKU-000018,BOT-003,2025-07-14,62,0.9
SKU-000018,BOT-003,2025-07-21,47,0.9
SKU-000018,BOT-003,2025-07-28,66,0.9
SKU-000018,BOT-003,2025-08-04,83,0.9
SKU-000018,BOT-003,2025-08-11,69,0.9
SKU-000018,BOT-003,2025-08-18,69,0.9
SKU-000018,BOT-003,2025-08-25,94,0.9
SKU-000018,BOT-003,2025-09-01,64,0.9
SKU-000018,BOT-003,2025-09-08,59,0.9
SKU-000018,BOT-003,2025-09-15,67,0.9
SKU-000018,BOT-003,2025-09-22,64,0.9
SKU-000018,BOT-003,2025-09-29,56,0.9
SKU-000018,BOT-003,2025-10-06,55,0.9
SKU-000018,BOT-003,2025-10-13,44,0.9
SKU-000018,BOT-003,2025-10-20,83,0.9
SKU-000018,BOT-003,2025-10-27,71,0.9
SKU-000018,BOT-003,2025-11-03,76,0.9
SKU-000018,BOT-003,2025-11-10,52,0.9
SKU-000018,BOT-003,2025-11-17,91,0.9
SKU-000018,BOT-003,2025-11-24,56,0.9
SKU-000018,BOT-003,2025-12-01,53,0.9
SKU-000018,BOT-003,2025-12-08,74,0.9
SKU-000018,BOT-003,2025-12-15,69,0.9
SKU-000018,BOT-003,2025-12-22,70,0.9
SKU-000018,BOT-003,2025-12-29,57,0.9
SKU-000018,BOT-003,2026-01-05,54,0.9
SKU-000018,BOT-003,2026-01-12,57,0.9
SKU-000018,BOT-003,2026-01-19,49,0.9
SKU-000018,BOT-003,2026-01-26,67,0.9
SKU-000018,BOT-003,2026-02-02,44,0.9
SKU-000018,BOT-003,2026-02-09,60,0.9
SKU-000018,BOT-003,2026-02-16,60,0.9
SKU-000018,BOT-003,2026-02-23,61,0.9
SKU-000018,BOT-003,2026-03-02,60,0.9
SKU-000018,BOT-003,2026-03-09,61,0.9
SKU-000018,BOT-003,2026-03-16,75,0.9
SKU-000018,BOT-003,2026-03-23,60,0.9
SKU-000018,BOT-003,2026-03-30,62,0.9
SKU-000018,BOT-003,2026-04-06,41,0.9
SKU-000018,BOT-003,2026-04-13,62,0.9
SKU-000018,BOT-003,2026-04-20,65,0.9
SKU-000018,BOT-003,2026-04-27,75,0.9
SKU-000018,BOT-003,2026-05-04,67,0.9
SKU-000015,BOT-001,2025-05-12,89,0.8
SKU-000015,BOT-001,2025-05-19,90,0.8
SKU-000015,BOT-001,2025-05-26,95,0.8
SKU-000015,BOT-001,2025-06-02,97,0.8
SKU-000015,BOT-001,2025-06-09,14,0.8
SKU-000015,BOT-001,2025-06-16,47,0.8
SKU-000015,BOT-001,2025-06-23,94,0.8
SKU-000015,BOT-001,2025-06-30,100,0.8
SKU-000015,BOT-001,2025-07-07,90,0.8
SKU-000015,BOT-001,2025-07-14,106,0.8
SKU-000015,BOT-001,2025-07-21,33,0.8
SKU-000015,BOT-001,2025-07-28,51,0.8
SKU-000015,BOT-001,2025-08-04,86,0.8
SKU-000015,BOT-001,2025-08-11,80,0.8
SKU-000015,BOT-001,2025-08-18,107,0.8
SKU-000015,BOT-001,2025-08-25,61,0.8
SKU-000015,BOT-001,2025-09-01,11,0.8
SKU-000015,BOT-001,2025-09-08,101,0.8
SKU-000015,BOT-001,2025-09-15,84,0.8
SKU-000015,BOT-001,2025-09-22,111,0.8
SKU-000015,BOT-001,2025-09-29,113,0.8
SKU-000015,BOT-001,2025-10-13,60,0.8
SKU-000015,BOT-001,2025-10-20,119,0.8
SKU-000015,BOT-001,2025-10-27,102,0.8
SKU-000015,BOT-001,2025-11-03,88,0.8
SKU-000015,BOT-001,2025-11-10,67,0.8
SKU-000015,BOT-001,2025-11-17,15,0.8
SKU-000015,BOT-001,2025-11-24,89,0.8
SKU-000015,BOT-001,2025-12-01,79,0.8
SKU-000015,BOT-001,2025-12-08,100,0.8
SKU-000015,BOT-001,2025-12-15,89,0.8
SKU-000015,BOT-001,2025-12-22,83,0.8
SKU-000015,BOT-001,2025-12-29,28,0.8
SKU-000015,BOT-001,2026-01-05,41,0.8
SKU-000015,BOT-001,2026-01-12,84,0.8
SKU-000015,BOT-001,2026-01-19,121,0.8
SKU-000015,BOT-001,2026-01-26,92,0.8
SKU-000015,BOT-001,2026-02-02,147,0.8
SKU-000015,BOT-001,2026-02-09,5,0.8
SKU-000015,BOT-001,2026-02-16,41,0.8
SKU-000015,BOT-001,2026-02-23,136,0.8
SKU-000015,BOT-001,2026-03-02,88,0.8
SKU-000015,BOT-001,2026-03-09,116,0.8
SKU-000015,BOT-001,2026-03-16,33,0.8
SKU-000015,BOT-001,2026-03-23,77,0.8
SKU-000015,BOT-001,2026-03-30,127,0.8
SKU-000015,BOT-001,2026-04-06,94,0.8
SKU-000015,BOT-001,2026-04-13,87,0.8
SKU-000015,BOT-001,2026-04-20,89,0.8
SKU-000015,BOT-001,2026-04-27,37,0.8
SKU-000015,BOT-001,2026-05-04,38,0.8
SKU-000015,BOT-002,2025-05-12,74,0.8
SKU-000015,BOT-002,2025-05-19,102,0.8
SKU-000015,BOT-002,2025-05-26,42,0.8
SKU-000015,BOT-002,2025-06-02,41,0.8
SKU-000015,BOT-002,2025-06-09,102,0.8
SKU-000015,BOT-002,2025-06-16,93,0.8
SKU-000015,BOT-002,2025-06-23,75,0.8
SKU-000015,BOT-002,2025-06-30,73,0.8
SKU-000015,BOT-002,2025-07-14,94,0.8
SKU-000015,BOT-002,2025-07-21,67,0.8
SKU-000015,BOT-002,2025-07-28,88,0.8
SKU-000015,BOT-002,2025-08-04,96,0.8
SKU-000015,BOT-002,2025-08-11,70,0.8
SKU-000015,BOT-002,2025-08-18,43,0.8
SKU-000015,BOT-002,2025-08-25,34,0.8
SKU-000015,BOT-002,2025-09-01,95,0.8
SKU-000015,BOT-002,2025-09-08,69,0.8
SKU-000015,BOT-002,2025-09-15,53,0.8
SKU-000015,BOT-002,2025-09-22,105,0.8
SKU-000015,BOT-002,2025-09-29,101,0.8
SKU-000015,BOT-002,2025-10-06,67,0.8
SKU-000015,BOT-002,2025-10-13,14,0.8
SKU-000015,BOT-002,2025-10-20,77,0.8
SKU-000015,BOT-002,2025-10-27,90,0.8
SKU-000015,BOT-002,2025-11-03,103,0.8
SKU-000015,BOT-002,2025-11-10,94,0.8
SKU-000015,BOT-002,2025-11-17,5,0.8
SKU-000015,BOT-002,2025-11-24,57,0.8
SKU-000015,BOT-002,2025-12-01,119,0.8
SKU-000015,BOT-002,2025-12-08,81,0.8
SKU-000015,BOT-002,2025-12-15,82,0.8
SKU-000015,BOT-002,2025-12-22,53,0.8
SKU-000015,BOT-002,2025-12-29,27,0.8
SKU-000015,BOT-002,2026-01-05,95,0.8
SKU-000015,BOT-002,2026-01-12,104,0.8
SKU-000015,BOT-002,2026-01-19,101,0.8
SKU-000015,BOT-002,2026-01-26,77,0.8
SKU-000015,BOT-002,2026-02-02,97,0.8
SKU-000015,BOT-002,2026-02-09,10,0.8
SKU-000015,BOT-002,2026-02-16,63,0.8
SKU-000015,BOT-002,2026-02-23,76,0.8
SKU-000015,BOT-002,2026-03-02,101,0.8
SKU-000015,BOT-002,2026-03-09,96,0.8
SKU-000015,BOT-002,2026-03-16,59,0.8
SKU-000015,BOT-002,2026-03-23,12,0.8
SKU-000015,BOT-002,2026-03-30,110,0.8
SKU-000015,BOT-002,2026-04-06,78,0.8
SKU-000015,BOT-002,2026-04-13,88,0.8
SKU-000015,BOT-002,2026-04-20,97,0.8
SKU-000015,BOT-002,2026-04-27,54,0.8
SKU-000015,BOT-002,2026-05-04,16,0.8
SKU-000015,BOT-005,2025-05-12,69,0.8
SKU-000015,BOT-005,2025-05-19,85,0.8
SKU-000015,BOT-005,2025-05-26,71,0.8
SKU-000015,BOT-005,2025-06-02,107,0.8
SKU-000015,BOT-005,2025-06-09,46,0.8
SKU-000015,BOT-005,2025-06-16,31,0.8
SKU-000015,BOT-005,2025-06-23,87,0.8
SKU-000015,BOT-005,2025-06-30,90,0.8
SKU-000015,BOT-005,2025-07-07,98,0.8
SKU-000015,BOT-005,2025-07-14,96,0.8
SKU-000015,BOT-005,2025-07-21,2,0.8
SKU-000015,BOT-005,2025-07-28,54,0.8
SKU-000015,BOT-005,2025-08-04,69,0.8
SKU-000015,BOT-005,2025-08-11,80,0.8
SKU-000015,BOT-005,2025-08-18,73,0.8
SKU-000015,BOT-005,2025-08-25,103,0.8
SKU-000015,BOT-005,2025-09-01,105,0.8
SKU-000015,BOT-005,2025-09-08,2,0.8
SKU-000015,BOT-005,2025-09-15,46,0.8
SKU-000015,BOT-005,2025-09-22,73,0.8
SKU-000015,BOT-005,2025-09-29,83,0.8
SKU-000015,BOT-005,2025-10-06,69,0.8
SKU-000015,BOT-005,2025-10-13,106,0.8
SKU-000015,BOT-005,2025-10-20,9,0.8
SKU-000015,BOT-005,2025-10-27,62,0.8
SKU-000015,BOT-005,2025-11-03,66,0.8
SKU-000015,BOT-005,2025-11-10,85,0.8
SKU-000015,BOT-005,2025-11-17,87,0.8
SKU-000015,BOT-005,2025-11-24,57,0.8
SKU-000015,BOT-005,2025-12-01,93,0.8
SKU-000015,BOT-005,2025-12-08,70,0.8
SKU-000015,BOT-005,2025-12-15,12,0.8
SKU-000015,BOT-005,2025-12-22,82,0.8
SKU-000015,BOT-005,2025-12-29,97,0.8
SKU-000015,BOT-005,2026-01-05,66,0.8
SKU-000015,BOT-005,2026-01-12,53,0.8
SKU-000015,BOT-005,2026-01-19,67,0.8
SKU-000015,BOT-005,2026-01-26,39,0.8
SKU-000015,BOT-005,2026-02-02,52,0.8
SKU-000015,BOT-005,2026-02-09,91,0.8
SKU-000015,BOT-005,2026-02-16,64,0.8
SKU-000015,BOT-005,2026-02-23,61,0.8
SKU-000015,BOT-005,2026-03-02,73,0.8
SKU-000015,BOT-005,2026-03-09,41,0.8
SKU-000015,BOT-005,2026-03-16,47,0.8
SKU-000015,BOT-005,2026-03-23,63,0.8
SKU-000015,BOT-005,2026-03-30,43,0.8
SKU-000015,BOT-005,2026-04-06,77,0.8
SKU-000015,BOT-005,2026-04-13,80,0.8
SKU-000015,BOT-005,2026-04-20,85,0.8
SKU-000015,BOT-005,2026-05-04,66,0.8
SKU-000015,BOT-004,2025-05-12,75,0.8
SKU-000015,BOT-004,2025-05-19,117,0.8
SKU-000015,BOT-004,2025-05-26,80,0.8
SKU-000015,BOT-004,2025-06-02,38,0.8
SKU-000015,BOT-004,2025-06-09,36,0.8
SKU-000015,BOT-004,2025-06-16,104,0.8
SKU-000015,BOT-004,2025-06-23,59,0.8
SKU-000015,BOT-004,2025-06-30,100,0.8
SKU-000015,BOT-004,2025-07-07,71,0.8
SKU-000015,BOT-004,2025-07-14,75,0.8
SKU-000015,BOT-004,2025-07-21,28,0.8
SKU-000015,BOT-004,2025-07-28,73,0.8
SKU-000015,BOT-004,2025-08-04,83,0.8
SKU-000015,BOT-004,2025-08-11,86,0.8
SKU-000015,BOT-004,2025-08-18,76,0.8
SKU-000015,BOT-004,2025-08-25,70,0.8
SKU-000015,BOT-004,2025-09-01,30,0.8
SKU-000015,BOT-004,2025-09-08,55,0.8
SKU-000015,BOT-004,2025-09-15,86,0.8
SKU-000015,BOT-004,2025-09-22,83,0.8
SKU-000015,BOT-004,2025-09-29,72,0.8
SKU-000015,BOT-004,2025-10-06,57,0.8
SKU-000015,BOT-004,2025-10-13,62,0.8
SKU-000015,BOT-004,2025-10-20,91,0.8
SKU-000015,BOT-004,2025-10-27,10,0.8
SKU-000015,BOT-004,2025-11-03,56,0.8
SKU-000015,BOT-004,2025-11-10,62,0.8
SKU-000015,BOT-004,2025-11-17,67,0.8
SKU-000015,BOT-004,2025-11-24,91,0.8
SKU-000015,BOT-004,2025-12-01,66,0.8
SKU-000015,BOT-004,2025-12-08,38,0.8
SKU-000015,BOT-004,2025-12-15,32,0.8
SKU-000015,BOT-004,2025-12-22,64,0.8
SKU-000015,BOT-004,2025-12-29,81,0.8
SKU-000015,BOT-004,2026-01-05,106,0.8
SKU-000015,BOT-004,2026-01-12,104,0.8
SKU-000015,BOT-004,2026-01-19,1,0.8
SKU-000015,BOT-004,2026-01-26,74,0.8
SKU-000015,BOT-004,2026-02-02,80,0.8
SKU-000015,BOT-004,2026-02-09,54,0.8
SKU-000015,BOT-004,2026-02-16,62,0.8
SKU-000015,BOT-004,2026-02-23,73,0.8
SKU-000015,BOT-004,2026-03-02,115,0.8
SKU-000015,BOT-004,2026-03-09,45,0.8
SKU-000015,BOT-004,2026-03-16,20,0.8
SKU-000015,BOT-004,2026-03-23,65,0.8
SKU-000015,BOT-004,2026-03-30,119,0.8
SKU-000015,BOT-004,2026-04-06,57,0.8
SKU-000015,BOT-004,2026-04-13,117,0.8
SKU-000015,BOT-004,2026-04-20,80,0.8
SKU-000015,BOT-004,2026-05-04,58,0.8
SKU-000015,BOT-003,2025-05-12,69,0.8
SKU-000015,BOT-003,2025-05-19,82,0.8
SKU-000015,BOT-003,2025-05-26,49,0.8
SKU-000015,BOT-003,2025-06-02,44,0.8
SKU-000015,BOT-003,2025-06-09,92,0.8
SKU-000015,BOT-003,2025-06-16,79,0.8
SKU-000015,BOT-003,2025-06-23,90,0.8
SKU-000015,BOT-003,2025-06-30,87,0.8
SKU-000015,BOT-003,2025-07-07,56,0.8
SKU-000015,BOT-003,2025-07-14,96,0.8
SKU-000015,BOT-003,2025-07-21,11,0.8
SKU-000015,BOT-003,2025-07-28,49,0.8
SKU-000015,BOT-003,2025-08-04,81,0.8
SKU-000015,BOT-003,2025-08-11,56,0.8
SKU-000015,BOT-003,2025-08-18,58,0.8
SKU-000015,BOT-003,2025-08-25,64,0.8
SKU-000015,BOT-003,2025-09-01,74,0.8
SKU-000015,BOT-003,2025-09-08,69,0.8
SKU-000015,BOT-003,2025-09-15,12,0.8
SKU-000015,BOT-003,2025-09-22,64,0.8
SKU-000015,BOT-003,2025-09-29,74,0.8
SKU-000015,BOT-003,2025-10-06,87,0.8
SKU-000015,BOT-003,2025-10-13,122,0.8
SKU-000015,BOT-003,2025-10-20,71,0.8
SKU-000015,BOT-003,2025-10-27,30,0.8
SKU-000015,BOT-003,2025-11-03,46,0.8
SKU-000015,BOT-003,2025-11-10,58,0.8
SKU-000015,BOT-003,2025-11-17,63,0.8
SKU-000015,BOT-003,2025-11-24,42,0.8
SKU-000015,BOT-003,2025-12-01,109,0.8
SKU-000015,BOT-003,2025-12-08,52,0.8
SKU-000015,BOT-003,2025-12-15,64,0.8
SKU-000015,BOT-003,2025-12-22,7,0.8
SKU-000015,BOT-003,2025-12-29,70,0.8
SKU-000015,BOT-003,2026-01-05,92,0.8
SKU-000015,BOT-003,2026-01-12,55,0.8
SKU-000015,BOT-003,2026-01-19,70,0.8
SKU-000015,BOT-003,2026-01-26,82,0.8
SKU-000015,BOT-003,2026-02-02,10,0.8
SKU-000015,BOT-003,2026-02-09,61,0.8
SKU-000015,BOT-003,2026-02-16,43,0.8
SKU-000015,BOT-003,2026-02-23,88,0.8
SKU-000015,BOT-003,2026-03-02,65,0.8
SKU-000015,BOT-003,2026-03-09,82,0.8
SKU-000015,BOT-003,2026-03-16,84,0.8
SKU-000015,BOT-003,2026-03-23,53,0.8
SKU-000015,BOT-003,2026-03-30,32,0.8
SKU-000015,BOT-003,2026-04-06,65,0.8
SKU-000015,BOT-003,2026-04-13,88,0.8
SKU-000015,BOT-003,2026-04-20,52,0.8
SKU-000015,BOT-003,2026-04-27,87,0.8
SKU-000015,BOT-003,2026-05-04,79,0.8
SKU-000005,BOT-001,2025-05-12,48,0.6
SKU-000005,BOT-001,2025-05-19,71,0.6
SKU-000005,BOT-001,2025-05-26,84,0.6
SKU-000005,BOT-001,2025-06-02,63,0.6
SKU-000005,BOT-001,2025-06-09,23,0.6
SKU-000005,BOT-001,2025-06-16,18,0.6
SKU-000005,BOT-001,2025-06-23,84,0.6
SKU-000005,BOT-001,2025-06-30,86,0.6
SKU-000005,BOT-001,2025-07-07,44,0.6
SKU-000005,BOT-001,2025-07-21,82,0.6
SKU-000005,BOT-001,2025-07-28,80,0.6
SKU-000005,BOT-001,2025-08-04,85,0.6
SKU-000005,BOT-001,2025-08-11,2,0.6
SKU-000005,BOT-001,2025-08-18,39,0.6
SKU-000005,BOT-001,2025-08-25,52,0.6
SKU-000005,BOT-001,2025-09-01,51,0.6
SKU-000005,BOT-001,2025-09-08,79,0.6
SKU-000005,BOT-001,2025-09-15,48,0.6
SKU-000005,BOT-001,2025-09-29,62,0.6
SKU-000005,BOT-001,2025-10-06,59,0.6
SKU-000005,BOT-001,2025-10-13,51,0.6
SKU-000005,BOT-001,2025-10-20,61,0.6
SKU-000005,BOT-001,2025-10-27,29,0.6
SKU-000005,BOT-001,2025-11-03,23,0.6
SKU-000005,BOT-001,2025-11-10,60,0.6
SKU-000005,BOT-001,2025-11-17,52,0.6
SKU-000005,BOT-001,2025-11-24,60,0.6
SKU-000005,BOT-001,2025-12-01,81,0.6
SKU-000005,BOT-001,2025-12-08,28,0.6
SKU-000005,BOT-001,2025-12-15,18,0.6
SKU-000005,BOT-001,2025-12-22,40,0.6
SKU-000005,BOT-001,2025-12-29,37,0.6
SKU-000005,BOT-001,2026-01-05,65,0.6
SKU-000005,BOT-001,2026-01-12,44,0.6
SKU-000005,BOT-001,2026-01-19,66,0.6
SKU-000005,BOT-001,2026-01-26,3,0.6
SKU-000005,BOT-001,2026-02-02,40,0.6
SKU-000005,BOT-001,2026-02-09,51,0.6
SKU-000005,BOT-001,2026-02-16,65,0.6
SKU-000005,BOT-001,2026-02-23,60,0.6
SKU-000005,BOT-001,2026-03-02,76,0.6
SKU-000005,BOT-001,2026-03-09,17,0.6
SKU-000005,BOT-001,2026-03-16,21,0.6
SKU-000005,BOT-001,2026-03-23,47,0.6
SKU-000005,BOT-001,2026-03-30,46,0.6
SKU-000005,BOT-001,2026-04-06,65,0.6
SKU-000005,BOT-001,2026-04-13,57,0.6
SKU-000005,BOT-001,2026-04-20,61,0.6
SKU-000005,BOT-001,2026-04-27,19,0.6
SKU-000005,BOT-001,2026-05-04,25,0.6
SKU-000005,BOT-002,2025-05-12,69,0.6
SKU-000005,BOT-002,2025-05-19,74,0.6
SKU-000005,BOT-002,2025-05-26,68,0.6
SKU-000005,BOT-002,2025-06-09,71,0.6
SKU-000005,BOT-002,2025-06-16,57,0.6
SKU-000005,BOT-002,2025-06-23,27,0.6
SKU-000005,BOT-002,2025-06-30,76,0.6
SKU-000005,BOT-002,2025-07-07,1,0.6
SKU-000005,BOT-002,2025-07-14,26,0.6
SKU-000005,BOT-002,2025-07-21,66,0.6
SKU-000005,BOT-002,2025-07-28,82,0.6
SKU-000005,BOT-002,2025-08-04,68,0.6
SKU-000005,BOT-002,2025-08-18,55,0.6
SKU-000005,BOT-002,2025-08-25,42,0.6
SKU-000005,BOT-002,2025-09-01,69,0.6
SKU-000005,BOT-002,2025-09-08,68,0.6
SKU-000005,BOT-002,2025-09-15,40,0.6
SKU-000005,BOT-002,2025-09-22,33,0.6
SKU-000005,BOT-002,2025-09-29,16,0.6
SKU-000005,BOT-002,2025-10-06,43,0.6
SKU-000005,BOT-002,2025-10-13,60,0.6
SKU-000005,BOT-002,2025-10-20,42,0.6
SKU-000005,BOT-002,2025-10-27,44,0.6
SKU-000005,BOT-002,2025-11-03,50,0.6
SKU-000005,BOT-002,2025-11-10,35,0.6
SKU-000005,BOT-002,2025-11-17,12,0.6
SKU-000005,BOT-002,2025-11-24,49,0.6
SKU-000005,BOT-002,2025-12-01,64,0.6
SKU-000005,BOT-002,2025-12-08,44,0.6
SKU-000005,BOT-002,2025-12-15,40,0.6
SKU-000005,BOT-002,2025-12-22,25,0.6
SKU-000005,BOT-002,2025-12-29,16,0.6
SKU-000005,BOT-002,2026-01-05,53,0.6
SKU-000005,BOT-002,2026-01-12,54,0.6
SKU-000005,BOT-002,2026-01-19,55,0.6
SKU-000005,BOT-002,2026-01-26,54,0.6
SKU-000005,BOT-002,2026-02-09,34,0.6
SKU-000005,BOT-002,2026-02-16,102,0.6
SKU-000005,BOT-002,2026-02-23,67,0.6
SKU-000005,BOT-002,2026-03-02,65,0.6
SKU-000005,BOT-002,2026-03-09,57,0.6
SKU-000005,BOT-002,2026-03-16,11,0.6
SKU-000005,BOT-002,2026-03-23,13,0.6
SKU-000005,BOT-002,2026-03-30,88,0.6
SKU-000005,BOT-002,2026-04-06,49,0.6
SKU-000005,BOT-002,2026-04-13,40,0.6
SKU-000005,BOT-002,2026-04-20,51,0.6
SKU-000005,BOT-002,2026-04-27,51,0.6
SKU-000005,BOT-002,2026-05-04,30,0.6
SKU-000005,BOT-005,2025-05-12,62,0.6
SKU-000005,BOT-005,2025-05-19,35,0.6
SKU-000005,BOT-005,2025-05-26,7,0.6
SKU-000005,BOT-005,2025-06-02,58,0.6
SKU-000005,BOT-005,2025-06-09,45,0.6
SKU-000005,BOT-005,2025-06-16,55,0.6
SKU-000005,BOT-005,2025-06-23,49,0.6
SKU-000005,BOT-005,2025-06-30,53,0.6
SKU-000005,BOT-005,2025-07-07,22,0.6
SKU-000005,BOT-005,2025-07-14,30,0.6
SKU-000005,BOT-005,2025-07-21,45,0.6
SKU-000005,BOT-005,2025-07-28,60,0.6
SKU-000005,BOT-005,2025-08-04,51,0.6
SKU-000005,BOT-005,2025-08-11,56,0.6
SKU-000005,BOT-005,2025-08-18,46,0.6
SKU-000005,BOT-005,2025-08-25,2,0.6
SKU-000005,BOT-005,2025-09-01,88,0.6
SKU-000005,BOT-005,2025-09-08,58,0.6
SKU-000005,BOT-005,2025-09-15,61,0.6
SKU-000005,BOT-005,2025-09-22,34,0.6
SKU-000005,BOT-005,2025-09-29,5,0.6
SKU-000005,BOT-005,2025-10-06,41,0.6
SKU-000005,BOT-005,2025-10-13,57,0.6
SKU-000005,BOT-005,2025-10-20,32,0.6
SKU-000005,BOT-005,2025-10-27,54,0.6
SKU-000005,BOT-005,2025-11-03,44,0.6
SKU-000005,BOT-005,2025-11-10,2,0.6
SKU-000005,BOT-005,2025-11-17,37,0.6
SKU-000005,BOT-005,2025-11-24,59,0.6
SKU-000005,BOT-005,2025-12-01,52,0.6
SKU-000005,BOT-005,2025-12-08,23,0.6
SKU-000005,BOT-005,2025-12-15,78,0.6
SKU-000005,BOT-005,2025-12-22,17,0.6
SKU-000005,BOT-005,2025-12-29,34,0.6
SKU-000005,BOT-005,2026-01-05,45,0.6
SKU-000005,BOT-005,2026-01-12,52,0.6
SKU-000005,BOT-005,2026-01-19,45,0.6
SKU-000005,BOT-005,2026-01-26,51,0.6
SKU-000005,BOT-005,2026-02-02,69,0.6
SKU-000005,BOT-005,2026-02-09,15,0.6
SKU-000005,BOT-005,2026-02-16,24,0.6
SKU-000005,BOT-005,2026-02-23,54,0.6
SKU-000005,BOT-005,2026-03-02,50,0.6
SKU-000005,BOT-005,2026-03-09,36,0.6
SKU-000005,BOT-005,2026-03-16,34,0.6
SKU-000005,BOT-005,2026-03-23,30,0.6
SKU-000005,BOT-005,2026-03-30,44,0.6
SKU-000005,BOT-005,2026-04-06,21,0.6
SKU-000005,BOT-005,2026-04-13,21,0.6
SKU-000005,BOT-005,2026-04-20,40,0.6
SKU-000005,BOT-005,2026-04-27,58,0.6
SKU-000005,BOT-005,2026-05-04,53,0.6
SKU-000005,BOT-004,2025-05-12,64,0.6
SKU-000005,BOT-004,2025-05-19,54,0.6
SKU-000005,BOT-004,2025-06-02,55,0.6
SKU-000005,BOT-004,2025-06-09,49,0.6
SKU-000005,BOT-004,2025-06-16,50,0.6
SKU-000005,BOT-004,2025-06-23,79,0.6
SKU-000005,BOT-004,2025-06-30,36,0.6
SKU-000005,BOT-004,2025-07-07,10,0.6
SKU-000005,BOT-004,2025-07-14,68,0.6
SKU-000005,BOT-004,2025-07-21,65,0.6
SKU-000005,BOT-004,2025-07-28,93,0.6
SKU-000005,BOT-004,2025-08-04,55,0.6
SKU-000005,BOT-004,2025-08-18,87,0.6
SKU-000005,BOT-004,2025-08-25,53,0.6
SKU-000005,BOT-004,2025-09-01,83,0.6
SKU-000005,BOT-004,2025-09-08,12,0.6
SKU-000005,BOT-004,2025-09-15,10,0.6
SKU-000005,BOT-004,2025-09-22,47,0.6
SKU-000005,BOT-004,2025-09-29,50,0.6
SKU-000005,BOT-004,2025-10-06,57,0.6
SKU-000005,BOT-004,2025-10-13,46,0.6
SKU-000005,BOT-004,2025-10-20,36,0.6
SKU-000005,BOT-004,2025-10-27,16,0.6
SKU-000005,BOT-004,2025-11-03,51,0.6
SKU-000005,BOT-004,2025-11-10,44,0.6
SKU-000005,BOT-004,2025-11-17,57,0.6
SKU-000005,BOT-004,2025-11-24,43,0.6
SKU-000005,BOT-004,2025-12-01,20,0.6
SKU-000005,BOT-004,2025-12-08,36,0.6
SKU-000005,BOT-004,2025-12-15,37,0.6
SKU-000005,BOT-004,2025-12-22,57,0.6
SKU-000005,BOT-004,2025-12-29,39,0.6
SKU-000005,BOT-004,2026-01-05,54,0.6
SKU-000005,BOT-004,2026-01-12,10,0.6
SKU-000005,BOT-004,2026-01-19,18,0.6
SKU-000005,BOT-004,2026-01-26,38,0.6
SKU-000005,BOT-004,2026-02-02,48,0.6
SKU-000005,BOT-004,2026-02-09,28,0.6
SKU-000005,BOT-004,2026-02-16,43,0.6
SKU-000005,BOT-004,2026-02-23,59,0.6
SKU-000005,BOT-004,2026-03-02,49,0.6
SKU-000005,BOT-004,2026-03-09,25,0.6
SKU-000005,BOT-004,2026-03-16,18,0.6
SKU-000005,BOT-004,2026-03-23,49,0.6
SKU-000005,BOT-004,2026-03-30,51,0.6
SKU-000005,BOT-004,2026-04-06,67,0.6
SKU-000005,BOT-004,2026-04-13,48,0.6
SKU-000005,BOT-004,2026-04-20,45,0.6
SKU-000005,BOT-004,2026-04-27,3,0.6
SKU-000005,BOT-004,2026-05-04,47,0.6
SKU-000005,BOT-003,2025-05-12,47,0.6
SKU-000005,BOT-003,2025-05-19,39,0.6
SKU-000005,BOT-003,2025-05-26,29,0.6
SKU-000005,BOT-003,2025-06-02,26,0.6
SKU-000005,BOT-003,2025-06-09,58,0.6
SKU-000005,BOT-003,2025-06-16,58,0.6
SKU-000005,BOT-003,2025-06-23,61,0.6
SKU-000005,BOT-003,2025-06-30,42,0.6
SKU-000005,BOT-003,2025-07-07,9,0.6
SKU-000005,BOT-003,2025-07-14,50,0.6
SKU-000005,BOT-003,2025-07-21,66,0.6
SKU-000005,BOT-003,2025-07-28,51,0.6
SKU-000005,BOT-003,2025-08-04,60,0.6
SKU-000005,BOT-003,2025-08-11,38,0.6
SKU-000005,BOT-003,2025-08-18,5,0.6
SKU-000005,BOT-003,2025-08-25,64,0.6
SKU-000005,BOT-003,2025-09-01,51,0.6
SKU-000005,BOT-003,2025-09-08,28,0.6
SKU-000005,BOT-003,2025-09-15,48,0.6
SKU-000005,BOT-003,2025-09-22,36,0.6
SKU-000005,BOT-003,2025-09-29,12,0.6
SKU-000005,BOT-003,2025-10-06,34,0.6
SKU-000005,BOT-003,2025-10-13,47,0.6
SKU-000005,BOT-003,2025-10-20,36,0.6
SKU-000005,BOT-003,2025-10-27,31,0.6
SKU-000005,BOT-003,2025-11-03,62,0.6
SKU-000005,BOT-003,2025-11-10,33,0.6
SKU-000005,BOT-003,2025-11-17,39,0.6
SKU-000005,BOT-003,2025-11-24,36,0.6
SKU-000005,BOT-003,2025-12-01,13,0.6
SKU-000005,BOT-003,2025-12-08,65,0.6
SKU-000005,BOT-003,2025-12-15,40,0.6
SKU-000005,BOT-003,2025-12-22,57,0.6
SKU-000005,BOT-003,2025-12-29,55,0.6
SKU-000005,BOT-003,2026-01-05,13,0.6
SKU-000005,BOT-003,2026-01-12,26,0.6
SKU-000005,BOT-003,2026-01-19,35,0.6
SKU-000005,BOT-003,2026-01-26,27,0.6
SKU-000005,BOT-003,2026-02-02,56,0.6
SKU-000005,BOT-003,2026-02-09,27,0.6
SKU-000005,BOT-003,2026-02-16,53,0.6
SKU-000005,BOT-003,2026-02-23,22,0.6
SKU-000005,BOT-003,2026-03-02,15,0.6
SKU-000005,BOT-003,2026-03-09,28,0.6
SKU-000005,BOT-003,2026-03-16,37,0.6
SKU-000005,BOT-003,2026-03-23,34,0.6
SKU-000005,BOT-003,2026-03-30,50,0.6
SKU-000005,BOT-003,2026-04-06,40,0.6
SKU-000005,BOT-003,2026-04-13,37,0.6
SKU-000005,BOT-003,2026-04-20,51,0.6
SKU-000005,BOT-003,2026-04-27,20,0.6
SKU-000005,BOT-003,2026-05-04,22,0.6
SKU-000020,BOT-001,2025-05-12,60,1.1
SKU-000020,BOT-001,2025-05-19,93,1.1
SKU-000020,BOT-001,2025-05-26,60,1.1
SKU-000020,BOT-001,2025-06-02,5,1.1
SKU-000020,BOT-001,2025-06-09,74,1.1
SKU-000020,BOT-001,2025-06-16,99,1.1
SKU-000020,BOT-001,2025-06-23,59,1.1
SKU-000020,BOT-001,2025-06-30,82,1.1
SKU-000020,BOT-001,2025-07-07,12,1.1
SKU-000020,BOT-001,2025-07-14,33,1.1
SKU-000020,BOT-001,2025-07-21,62,1.1
SKU-000020,BOT-001,2025-07-28,64,1.1
SKU-000020,BOT-001,2025-08-04,59,1.1
SKU-000020,BOT-001,2025-08-11,59,1.1
SKU-000020,BOT-001,2025-08-18,50,1.1
SKU-000020,BOT-001,2025-08-25,34,1.1
SKU-000020,BOT-001,2025-09-01,26,1.1
SKU-000020,BOT-001,2025-09-08,73,1.1
SKU-000020,BOT-001,2025-09-15,35,1.1
SKU-000020,BOT-001,2025-09-22,72,1.1
SKU-000020,BOT-001,2025-09-29,49,1.1
SKU-000020,BOT-001,2025-10-06,10,1.1
SKU-000020,BOT-001,2025-10-13,51,1.1
SKU-000020,BOT-001,2025-10-20,70,1.1
SKU-000020,BOT-001,2025-10-27,66,1.1
SKU-000020,BOT-001,2025-11-03,62,1.1
SKU-000020,BOT-001,2025-11-10,57,1.1
SKU-000020,BOT-001,2025-11-24,64,1.1
SKU-000020,BOT-001,2025-12-01,82,1.1
SKU-000020,BOT-001,2025-12-08,78,1.1
SKU-000020,BOT-001,2025-12-15,47,1.1
SKU-000020,BOT-001,2025-12-22,27,1.1
SKU-000020,BOT-001,2025-12-29,24,1.1
SKU-000020,BOT-001,2026-01-05,71,1.1
SKU-000020,BOT-001,2026-01-12,46,1.1
SKU-000020,BOT-001,2026-01-19,82,1.1
SKU-000020,BOT-001,2026-01-26,49,1.1
SKU-000020,BOT-001,2026-02-02,9,1.1
SKU-000020,BOT-001,2026-02-09,62,1.1
SKU-000020,BOT-001,2026-02-16,52,1.1
SKU-000020,BOT-001,2026-02-23,55,1.1
SKU-000020,BOT-001,2026-03-02,54,1.1
SKU-000020,BOT-001,2026-03-09,39,1.1
SKU-000020,BOT-001,2026-03-16,19,1.1
SKU-000020,BOT-001,2026-03-23,84,1.1
SKU-000020,BOT-001,2026-03-30,96,1.1
SKU-000020,BOT-001,2026-04-06,64,1.1
SKU-000020,BOT-001,2026-04-13,48,1.1
SKU-000020,BOT-001,2026-04-20,10,1.1
SKU-000020,BOT-001,2026-04-27,65,1.1
SKU-000020,BOT-001,2026-05-04,58,1.1
SKU-000020,BOT-002,2025-05-12,59,1.1
SKU-000020,BOT-002,2025-05-19,72,1.1
SKU-000020,BOT-002,2025-05-26,28,1.1
SKU-000020,BOT-002,2025-06-02,29,1.1
SKU-000020,BOT-002,2025-06-09,72,1.1
SKU-000020,BOT-002,2025-06-16,47,1.1
SKU-000020,BOT-002,2025-06-23,40,1.1
SKU-000020,BOT-002,2025-06-30,78,1.1
SKU-000020,BOT-002,2025-07-07,47,1.1
SKU-000020,BOT-002,2025-07-14,9,1.1
SKU-000020,BOT-002,2025-07-21,60,1.1
SKU-000020,BOT-002,2025-07-28,72,1.1
SKU-000020,BOT-002,2025-08-04,74,1.1
SKU-000020,BOT-002,2025-08-11,53,1.1
SKU-000020,BOT-002,2025-08-25,68,1.1
SKU-000020,BOT-002,2025-09-01,76,1.1
SKU-000020,BOT-002,2025-09-08,64,1.1
SKU-000020,BOT-002,2025-09-15,67,1.1
SKU-000020,BOT-002,2025-09-22,1,1.1
SKU-000020,BOT-002,2025-09-29,63,1.1
SKU-000020,BOT-002,2025-10-06,69,1.1
SKU-000020,BOT-002,2025-10-13,59,1.1
SKU-000020,BOT-002,2025-10-20,35,1.1
SKU-000020,BOT-002,2025-10-27,44,1.1
SKU-000020,BOT-002,2025-11-03,19,1.1
SKU-000020,BOT-002,2025-11-10,60,1.1
SKU-000020,BOT-002,2025-11-17,62,1.1
SKU-000020,BOT-002,2025-11-24,68,1.1
SKU-000020,BOT-002,2025-12-01,55,1.1
SKU-000020,BOT-002,2025-12-08,61,1.1
SKU-000020,BOT-002,2025-12-15,9,1.1
SKU-000020,BOT-002,2025-12-22,40,1.1
SKU-000020,BOT-002,2025-12-29,86,1.1
SKU-000020,BOT-002,2026-01-05,74,1.1
SKU-000020,BOT-002,2026-01-12,41,1.1
SKU-000020,BOT-002,2026-01-19,54,1.1
SKU-000020,BOT-002,2026-01-26,47,1.1
SKU-000020,BOT-002,2026-02-02,7,1.1
SKU-000020,BOT-002,2026-02-09,43,1.1
SKU-000020,BOT-002,2026-02-16,63,1.1
SKU-000020,BOT-002,2026-02-23,51,1.1
SKU-000020,BOT-002,2026-03-02,66,1.1
SKU-000020,BOT-002,2026-03-09,38,1.1
SKU-000020,BOT-002,2026-03-16,10,1.1
SKU-000020,BOT-002,2026-03-23,62,1.1
SKU-000020,BOT-002,2026-03-30,68,1.1
SKU-000020,BOT-002,2026-04-06,59,1.1
SKU-000020,BOT-002,2026-04-13,78,1.1
SKU-000020,BOT-002,2026-04-27,49,1.1
SKU-000020,BOT-002,2026-05-04,50,1.1
SKU-000020,BOT-005,2025-05-12,84,1.1
SKU-000020,BOT-005,2025-05-19,62,1.1
SKU-000020,BOT-005,2025-05-26,52,1.1
SKU-000020,BOT-005,2025-06-02,30,1.1
SKU-000020,BOT-005,2025-06-09,18,1.1
SKU-000020,BOT-005,2025-06-16,45,1.1
SKU-000020,BOT-005,2025-06-23,54,1.1
SKU-000020,BOT-005,2025-06-30,55,1.1
SKU-000020,BOT-005,2025-07-07,54,1.1
SKU-000020,BOT-005,2025-07-14,38,1.1
SKU-000020,BOT-005,2025-07-21,60,1.1
SKU-000020,BOT-005,2025-07-28,23,1.1
SKU-000020,BOT-005,2025-08-04,26,1.1
SKU-000020,BOT-005,2025-08-11,40,1.1
SKU-000020,BOT-005,2025-08-18,46,1.1
SKU-000020,BOT-005,2025-08-25,44,1.1
SKU-000020,BOT-005,2025-09-01,47,1.1
SKU-000020,BOT-005,2025-09-08,62,1.1
SKU-000020,BOT-005,2025-09-15,43,1.1
SKU-000020,BOT-005,2025-09-22,6,1.1
SKU-000020,BOT-005,2025-09-29,63,1.1
SKU-000020,BOT-005,2025-10-06,56,1.1
SKU-000020,BOT-005,2025-10-13,45,1.1
SKU-000020,BOT-005,2025-10-20,46,1.1
SKU-000020,BOT-005,2025-10-27,40,1.1
SKU-000020,BOT-005,2025-11-03,16,1.1
SKU-000020,BOT-005,2025-11-10,53,1.1
SKU-000020,BOT-005,2025-11-17,49,1.1
SKU-000020,BOT-005,2025-11-24,43,1.1
SKU-000020,BOT-005,2025-12-01,63,1.1
SKU-000020,BOT-005,2025-12-08,44,1.1
SKU-000020,BOT-005,2025-12-15,16,1.1
SKU-000020,BOT-005,2025-12-22,39,1.1
SKU-000020,BOT-005,2025-12-29,53,1.1
SKU-000020,BOT-005,2026-01-05,72,1.1
SKU-000020,BOT-005,2026-01-12,46,1.1
SKU-000020,BOT-005,2026-01-19,55,1.1
SKU-000020,BOT-005,2026-01-26,8,1.1
SKU-000020,BOT-005,2026-02-02,51,1.1
SKU-000020,BOT-005,2026-02-09,47,1.1
SKU-000020,BOT-005,2026-02-16,55,1.1
SKU-000020,BOT-005,2026-02-23,56,1.1
SKU-000020,BOT-005,2026-03-02,70,1.1
SKU-000020,BOT-005,2026-03-16,75,1.1
SKU-000020,BOT-005,2026-03-23,44,1.1
SKU-000020,BOT-005,2026-03-30,67,1.1
SKU-000020,BOT-005,2026-04-06,60,1.1
SKU-000020,BOT-005,2026-04-13,25,1.1
SKU-000020,BOT-005,2026-04-20,19,1.1
SKU-000020,BOT-005,2026-04-27,62,1.1
SKU-000020,BOT-005,2026-05-04,56,1.1
SKU-000020,BOT-004,2025-05-12,54,1.1
SKU-000020,BOT-004,2025-05-19,51,1.1
SKU-000020,BOT-004,2025-05-26,58,1.1
SKU-000020,BOT-004,2025-06-02,53,1.1
SKU-000020,BOT-004,2025-06-09,16,1.1
SKU-000020,BOT-004,2025-06-16,40,1.1
SKU-000020,BOT-004,2025-06-23,54,1.1
SKU-000020,BOT-004,2025-06-30,67,1.1
SKU-000020,BOT-004,2025-07-07,62,1.1
SKU-000020,BOT-004,2025-07-14,60,1.1
SKU-000020,BOT-004,2025-07-21,59,1.1
SKU-000020,BOT-004,2025-08-04,63,1.1
SKU-000020,BOT-004,2025-08-11,59,1.1
SKU-000020,BOT-004,2025-08-18,47,1.1
SKU-000020,BOT-004,2025-08-25,61,1.1
SKU-000020,BOT-004,2025-09-01,47,1.1
SKU-000020,BOT-004,2025-09-08,76,1.1
SKU-000020,BOT-004,2025-09-15,17,1.1
SKU-000020,BOT-004,2025-09-22,24,1.1
SKU-000020,BOT-004,2025-09-29,57,1.1
SKU-000020,BOT-004,2025-10-06,41,1.1
SKU-000020,BOT-004,2025-10-13,46,1.1
SKU-000020,BOT-004,2025-10-20,61,1.1
SKU-000020,BOT-004,2025-10-27,35,1.1
SKU-000020,BOT-004,2025-11-03,22,1.1
SKU-000020,BOT-004,2025-11-10,55,1.1
SKU-000020,BOT-004,2025-11-17,61,1.1
SKU-000020,BOT-004,2025-11-24,58,1.1
SKU-000020,BOT-004,2025-12-01,59,1.1
SKU-000020,BOT-004,2025-12-08,20,1.1
SKU-000020,BOT-004,2025-12-15,31,1.1
SKU-000020,BOT-004,2025-12-22,51,1.1
SKU-000020,BOT-004,2025-12-29,71,1.1
SKU-000020,BOT-004,2026-01-05,64,1.1
SKU-000020,BOT-004,2026-01-12,51,1.1
SKU-000020,BOT-004,2026-01-26,52,1.1
SKU-000020,BOT-004,2026-02-02,56,1.1
SKU-000020,BOT-004,2026-02-09,96,1.1
SKU-000020,BOT-004,2026-02-16,62,1.1
SKU-000020,BOT-004,2026-02-23,4,1.1
SKU-000020,BOT-004,2026-03-02,60,1.1
SKU-000020,BOT-004,2026-03-09,54,1.1
SKU-000020,BOT-004,2026-03-16,77,1.1
SKU-000020,BOT-004,2026-03-23,56,1.1
SKU-000020,BOT-004,2026-03-30,60,1.1
SKU-000020,BOT-004,2026-04-06,48,1.1
SKU-000020,BOT-004,2026-04-13,8,1.1
SKU-000020,BOT-004,2026-04-20,41,1.1
SKU-000020,BOT-004,2026-04-27,55,1.1
SKU-000020,BOT-004,2026-05-04,46,1.1
SKU-000020,BOT-003,2025-05-12,19,1.1
SKU-000020,BOT-003,2025-05-19,37,1.1
SKU-000020,BOT-003,2025-05-26,60,1.1
SKU-000020,BOT-003,2025-06-02,52,1.1
SKU-000020,BOT-003,2025-06-09,54,1.1
SKU-000020,BOT-003,2025-06-16,42,1.1
SKU-000020,BOT-003,2025-06-23,57,1.1
SKU-000020,BOT-003,2025-06-30,52,1.1
SKU-000020,BOT-003,2025-07-07,25,1.1
SKU-000020,BOT-003,2025-07-14,33,1.1
SKU-000020,BOT-003,2025-07-21,41,1.1
SKU-000020,BOT-003,2025-07-28,55,1.1
SKU-000020,BOT-003,2025-08-04,57,1.1
SKU-000020,BOT-003,2025-08-11,48,1.1
SKU-000020,BOT-003,2025-08-18,52,1.1
SKU-000020,BOT-003,2025-08-25,51,1.1
SKU-000020,BOT-003,2025-09-01,51,1.1
SKU-000020,BOT-003,2025-09-15,43,1.1
SKU-000020,BOT-003,2025-09-22,56,1.1
SKU-000020,BOT-003,2025-09-29,74,1.1
SKU-000020,BOT-003,2025-10-06,61,1.1
SKU-000020,BOT-003,2025-10-13,38,1.1
SKU-000020,BOT-003,2025-10-20,6,1.1
SKU-000020,BOT-003,2025-10-27,35,1.1
SKU-000020,BOT-003,2025-11-03,44,1.1
SKU-000020,BOT-003,2025-11-10,44,1.1
SKU-000020,BOT-003,2025-11-17,39,1.1
SKU-000020,BOT-003,2025-11-24,41,1.1
SKU-000020,BOT-003,2025-12-01,62,1.1
SKU-000020,BOT-003,2025-12-15,39,1.1
SKU-000020,BOT-003,2025-12-22,41,1.1
SKU-000020,BOT-003,2025-12-29,49,1.1
SKU-000020,BOT-003,2026-01-05,54,1.1
SKU-000020,BOT-003,2026-01-12,47,1.1
SKU-000020,BOT-003,2026-01-19,73,1.1
SKU-000020,BOT-003,2026-01-26,48,1.1
SKU-000020,BOT-003,2026-02-02,10,1.1
SKU-000020,BOT-003,2026-02-09,46,1.1
SKU-000020,BOT-003,2026-02-16,55,1.1
SKU-000020,BOT-003,2026-02-23,38,1.1
SKU-000020,BOT-003,2026-03-02,42,1.1
SKU-000020,BOT-003,2026-03-09,33,1.1
SKU-000020,BOT-003,2026-03-16,50,1.1
SKU-000020,BOT-003,2026-03-30,43,1.1
SKU-000020,BOT-003,2026-04-06,58,1.1
SKU-000020,BOT-003,2026-04-13,41,1.1
SKU-000020,BOT-003,2026-04-20,46,1.1
SKU-000020,BOT-003,2026-04-27,56,1.1
SKU-000020,BOT-003,2026-05-04,37,1.1
SKU-000011,BOT-001,2025-05-12,35,1.3
SKU-000011,BOT-001,2025-05-19,28,1.3
SKU-000011,BOT-001,2025-05-26,36,1.3
SKU-000011,BOT-001,2025-06-02,44,1.3
SKU-000011,BOT-001,2025-06-09,29,1.3
SKU-000011,BOT-001,2025-06-16,29,1.3
SKU-000011,BOT-001,2025-06-23,35,1.3
SKU-000011,BOT-001,2025-06-30,53,1.3
SKU-000011,BOT-001,2025-07-07,36,1.3
SKU-000011,BOT-001,2025-07-14,35,1.3
SKU-000011,BOT-001,2025-07-21,39,1.3
SKU-000011,BOT-001,2025-07-28,34,1.3
SKU-000011,BOT-001,2025-08-04,62,1.3
SKU-000011,BOT-001,2025-08-11,64,1.3
SKU-000011,BOT-001,2025-08-18,50,1.3
SKU-000011,BOT-001,2025-08-25,38,1.3
SKU-000011,BOT-001,2025-09-01,38,1.3
SKU-000011,BOT-001,2025-09-08,35,1.3
SKU-000011,BOT-001,2025-09-15,32,1.3
SKU-000011,BOT-001,2025-09-22,26,1.3
SKU-000011,BOT-001,2025-09-29,47,1.3
SKU-000011,BOT-001,2025-10-06,31,1.3
SKU-000011,BOT-001,2025-10-13,37,1.3
SKU-000011,BOT-001,2025-10-20,49,1.3
SKU-000011,BOT-001,2025-10-27,39,1.3
SKU-000011,BOT-001,2025-11-03,40,1.3
SKU-000011,BOT-001,2025-11-10,33,1.3
SKU-000011,BOT-001,2025-11-17,40,1.3
SKU-000011,BOT-001,2025-11-24,58,1.3
SKU-000011,BOT-001,2025-12-01,57,1.3
SKU-000011,BOT-001,2025-12-08,57,1.3
SKU-000011,BOT-001,2025-12-15,26,1.3
SKU-000011,BOT-001,2025-12-22,45,1.3
SKU-000011,BOT-001,2025-12-29,68,1.3
SKU-000011,BOT-001,2026-01-05,56,1.3
SKU-000011,BOT-001,2026-01-12,47,1.3
SKU-000011,BOT-001,2026-01-19,55,1.3
SKU-000011,BOT-001,2026-01-26,47,1.3
SKU-000011,BOT-001,2026-02-02,40,1.3
SKU-000011,BOT-001,2026-02-09,41,1.3
SKU-000011,BOT-001,2026-02-16,61,1.3
SKU-000011,BOT-001,2026-02-23,87,1.3
SKU-000011,BOT-001,2026-03-02,60,1.3
SKU-000011,BOT-001,2026-03-09,77,1.3
SKU-000011,BOT-001,2026-03-16,50,1.3
SKU-000011,BOT-001,2026-03-23,52,1.3
SKU-000011,BOT-001,2026-03-30,46,1.3
SKU-000011,BOT-001,2026-04-06,23,1.3
SKU-000011,BOT-001,2026-04-13,29,1.3
SKU-000011,BOT-001,2026-04-20,49,1.3
SKU-000011,BOT-001,2026-04-27,35,1.3
SKU-000011,BOT-001,2026-05-04,36,1.3
SKU-000011,BOT-002,2025-05-12,32,1.3
SKU-000011,BOT-002,2025-05-19,38,1.3
SKU-000011,BOT-002,2025-05-26,33,1.3
SKU-000011,BOT-002,2025-06-02,45,1.3
SKU-000011,BOT-002,2025-06-09,28,1.3
SKU-000011,BOT-002,2025-06-16,37,1.3
SKU-000011,BOT-002,2025-06-23,39,1.3
SKU-000011,BOT-002,2025-06-30,37,1.3
SKU-000011,BOT-002,2025-07-07,23,1.3
SKU-000011,BOT-002,2025-07-14,46,1.3
SKU-000011,BOT-002,2025-07-21,36,1.3
SKU-000011,BOT-002,2025-07-28,32,1.3
SKU-000011,BOT-002,2025-08-04,23,1.3
SKU-000011,BOT-002,2025-08-11,33,1.3
SKU-000011,BOT-002,2025-08-18,29,1.3
SKU-000011,BOT-002,2025-08-25,40,1.3
SKU-000011,BOT-002,2025-09-01,38,1.3
SKU-000011,BOT-002,2025-09-08,27,1.3
SKU-000011,BOT-002,2025-09-15,29,1.3
SKU-000011,BOT-002,2025-09-22,37,1.3
SKU-000011,BOT-002,2025-09-29,36,1.3
SKU-000011,BOT-002,2025-10-06,30,1.3
SKU-000011,BOT-002,2025-10-13,25,1.3
SKU-000011,BOT-002,2025-10-20,36,1.3
SKU-000011,BOT-002,2025-10-27,41,1.3
SKU-000011,BOT-002,2025-11-03,48,1.3
SKU-000011,BOT-002,2025-11-10,39,1.3
SKU-000011,BOT-002,2025-11-17,39,1.3
SKU-000011,BOT-002,2025-11-24,62,1.3
SKU-000011,BOT-002,2025-12-01,45,1.3
SKU-000011,BOT-002,2025-12-08,44,1.3
SKU-000011,BOT-002,2025-12-15,38,1.3
SKU-000011,BOT-002,2025-12-22,58,1.3
SKU-000011,BOT-002,2025-12-29,80,1.3
SKU-000011,BOT-002,2026-01-05,52,1.3
SKU-000011,BOT-002,2026-01-12,49,1.3
SKU-000011,BOT-002,2026-01-19,50,1.3
SKU-000011,BOT-002,2026-01-26,40,1.3
SKU-000011,BOT-002,2026-02-02,50,1.3
SKU-000011,BOT-002,2026-02-09,47,1.3
SKU-000011,BOT-002,2026-02-16,31,1.3
SKU-000011,BOT-002,2026-02-23,45,1.3
SKU-000011,BOT-002,2026-03-02,38,1.3
SKU-000011,BOT-002,2026-03-09,68,1.3
SKU-000011,BOT-002,2026-03-16,44,1.3
SKU-000011,BOT-002,2026-03-23,40,1.3
SKU-000011,BOT-002,2026-03-30,41,1.3
SKU-000011,BOT-002,2026-04-06,47,1.3
SKU-000011,BOT-002,2026-04-13,40,1.3
SKU-000011,BOT-002,2026-04-20,26,1.3
SKU-000011,BOT-002,2026-04-27,31,1.3
SKU-000011,BOT-002,2026-05-04,32,1.3
SKU-000011,BOT-005,2025-05-12,34,1.3
SKU-000011,BOT-005,2025-05-19,42,1.3
SKU-000011,BOT-005,2025-05-26,23,1.3
SKU-000011,BOT-005,2025-06-02,36,1.3
SKU-000011,BOT-005,2025-06-09,27,1.3
SKU-000011,BOT-005,2025-06-16,36,1.3
SKU-000011,BOT-005,2025-06-23,31,1.3
SKU-000011,BOT-005,2025-06-30,34,1.3
SKU-000011,BOT-005,2025-07-07,41,1.3
SKU-000011,BOT-005,2025-07-14,32,1.3
SKU-000011,BOT-005,2025-07-21,21,1.3
SKU-000011,BOT-005,2025-07-28,35,1.3
SKU-000011,BOT-005,2025-08-04,29,1.3
SKU-000011,BOT-005,2025-08-11,42,1.3
SKU-000011,BOT-005,2025-08-18,36,1.3
SKU-000011,BOT-005,2025-08-25,26,1.3
SKU-000011,BOT-005,2025-09-01,40,1.3
SKU-000011,BOT-005,2025-09-08,28,1.3
SKU-000011,BOT-005,2025-09-15,30,1.3
SKU-000011,BOT-005,2025-09-22,25,1.3
SKU-000011,BOT-005,2025-09-29,35,1.3
SKU-000011,BOT-005,2025-10-06,34,1.3
SKU-000011,BOT-005,2025-10-13,25,1.3
SKU-000011,BOT-005,2025-10-20,34,1.3
SKU-000011,BOT-005,2025-10-27,34,1.3
SKU-000011,BOT-005,2025-11-03,37,1.3
SKU-000011,BOT-005,2025-11-10,39,1.3
SKU-000011,BOT-005,2025-11-17,33,1.3
SKU-000011,BOT-005,2025-11-24,28,1.3
SKU-000011,BOT-005,2025-12-01,46,1.3
SKU-000011,BOT-005,2025-12-08,35,1.3
SKU-000011,BOT-005,2025-12-15,40,1.3
SKU-000011,BOT-005,2025-12-22,32,1.3
SKU-000011,BOT-005,2025-12-29,54,1.3
SKU-000011,BOT-005,2026-01-05,31,1.3
SKU-000011,BOT-005,2026-01-12,39,1.3
SKU-000011,BOT-005,2026-01-19,41,1.3
SKU-000011,BOT-005,2026-01-26,39,1.3
SKU-000011,BOT-005,2026-02-02,34,1.3
SKU-000011,BOT-005,2026-02-09,26,1.3
SKU-000011,BOT-005,2026-02-16,30,1.3
SKU-000011,BOT-005,2026-02-23,59,1.3
SKU-000011,BOT-005,2026-03-02,41,1.3
SKU-000011,BOT-005,2026-03-09,30,1.3
SKU-000011,BOT-005,2026-03-16,31,1.3
SKU-000011,BOT-005,2026-03-23,27,1.3
SKU-000011,BOT-005,2026-03-30,43,1.3
SKU-000011,BOT-005,2026-04-06,35,1.3
SKU-000011,BOT-005,2026-04-13,27,1.3
SKU-000011,BOT-005,2026-04-20,27,1.3
SKU-000011,BOT-005,2026-04-27,25,1.3
SKU-000011,BOT-005,2026-05-04,24,1.3
SKU-000011,BOT-004,2025-05-12,38,1.3
SKU-000011,BOT-004,2025-05-19,27,1.3
SKU-000011,BOT-004,2025-05-26,32,1.3
SKU-000011,BOT-004,2025-06-02,32,1.3
SKU-000011,BOT-004,2025-06-09,38,1.3
SKU-000011,BOT-004,2025-06-16,26,1.3
SKU-000011,BOT-004,2025-06-23,36,1.3
SKU-000011,BOT-004,2025-06-30,50,1.3
SKU-000011,BOT-004,2025-07-07,33,1.3
SKU-000011,BOT-004,2025-07-14,35,1.3
SKU-000011,BOT-004,2025-07-21,35,1.3
SKU-000011,BOT-004,2025-07-28,30,1.3
SKU-000011,BOT-004,2025-08-04,32,1.3
SKU-000011,BOT-004,2025-08-11,19,1.3
SKU-000011,BOT-004,2025-08-18,31,1.3
SKU-000011,BOT-004,2025-08-25,36,1.3
SKU-000011,BOT-004,2025-09-01,38,1.3
SKU-000011,BOT-004,2025-09-08,53,1.3
SKU-000011,BOT-004,2025-09-15,37,1.3
SKU-000011,BOT-004,2025-09-22,18,1.3
SKU-000011,BOT-004,2025-09-29,37,1.3
SKU-000011,BOT-004,2025-10-06,28,1.3
SKU-000011,BOT-004,2025-10-13,36,1.3
SKU-000011,BOT-004,2025-10-20,39,1.3
SKU-000011,BOT-004,2025-10-27,44,1.3
SKU-000011,BOT-004,2025-11-03,36,1.3
SKU-000011,BOT-004,2025-11-10,36,1.3
SKU-000011,BOT-004,2025-11-17,30,1.3
SKU-000011,BOT-004,2025-11-24,35,1.3
SKU-000011,BOT-004,2025-12-01,41,1.3
SKU-000011,BOT-004,2025-12-08,54,1.3
SKU-000011,BOT-004,2025-12-15,37,1.3
SKU-000011,BOT-004,2025-12-22,68,1.3
SKU-000011,BOT-004,2025-12-29,48,1.3
SKU-000011,BOT-004,2026-01-05,33,1.3
SKU-000011,BOT-004,2026-01-12,33,1.3
SKU-000011,BOT-004,2026-01-19,53,1.3
SKU-000011,BOT-004,2026-01-26,38,1.3
SKU-000011,BOT-004,2026-02-02,52,1.3
SKU-000011,BOT-004,2026-02-09,50,1.3
SKU-000011,BOT-004,2026-02-16,33,1.3
SKU-000011,BOT-004,2026-02-23,29,1.3
SKU-000011,BOT-004,2026-03-02,57,1.3
SKU-000011,BOT-004,2026-03-09,52,1.3
SKU-000011,BOT-004,2026-03-16,37,1.3
SKU-000011,BOT-004,2026-03-23,47,1.3
SKU-000011,BOT-004,2026-03-30,33,1.3
SKU-000011,BOT-004,2026-04-06,43,1.3
SKU-000011,BOT-004,2026-04-13,40,1.3
SKU-000011,BOT-004,2026-04-20,37,1.3
SKU-000011,BOT-004,2026-04-27,33,1.3
SKU-000011,BOT-004,2026-05-04,32,1.3
SKU-000011,BOT-003,2025-05-12,22,1.3
SKU-000011,BOT-003,2025-05-19,27,1.3
SKU-000011,BOT-003,2025-05-26,21,1.3
SKU-000011,BOT-003,2025-06-02,32,1.3
SKU-000011,BOT-003,2025-06-09,22,1.3
SKU-000011,BOT-003,2025-06-16,51,1.3
SKU-000011,BOT-003,2025-06-23,31,1.3
SKU-000011,BOT-003,2025-06-30,38,1.3
SKU-000011,BOT-003,2025-07-07,40,1.3
SKU-000011,BOT-003,2025-07-14,36,1.3
SKU-000011,BOT-003,2025-07-21,31,1.3
SKU-000011,BOT-003,2025-07-28,22,1.3
SKU-000011,BOT-003,2025-08-04,18,1.3
SKU-000011,BOT-003,2025-08-11,32,1.3
SKU-000011,BOT-003,2025-08-18,30,1.3
SKU-000011,BOT-003,2025-08-25,23,1.3
SKU-000011,BOT-003,2025-09-01,29,1.3
SKU-000011,BOT-003,2025-09-08,29,1.3
SKU-000011,BOT-003,2025-09-15,45,1.3
SKU-000011,BOT-003,2025-09-22,24,1.3
SKU-000011,BOT-003,2025-09-29,31,1.3
SKU-000011,BOT-003,2025-10-06,30,1.3
SKU-000011,BOT-003,2025-10-13,40,1.3
SKU-000011,BOT-003,2025-10-20,43,1.3
SKU-000011,BOT-003,2025-10-27,30,1.3
SKU-000011,BOT-003,2025-11-03,34,1.3
SKU-000011,BOT-003,2025-11-10,49,1.3
SKU-000011,BOT-003,2025-11-17,37,1.3
SKU-000011,BOT-003,2025-11-24,45,1.3
SKU-000011,BOT-003,2025-12-01,26,1.3
SKU-000011,BOT-003,2025-12-08,29,1.3
SKU-000011,BOT-003,2025-12-15,57,1.3
SKU-000011,BOT-003,2025-12-22,36,1.3
SKU-000011,BOT-003,2025-12-29,34,1.3
SKU-000011,BOT-003,2026-01-05,40,1.3
SKU-000011,BOT-003,2026-01-12,35,1.3
SKU-000011,BOT-003,2026-01-19,40,1.3
SKU-000011,BOT-003,2026-01-26,30,1.3
SKU-000011,BOT-003,2026-02-02,44,1.3
SKU-000011,BOT-003,2026-02-09,40,1.3
SKU-000011,BOT-003,2026-02-16,39,1.3
SKU-000011,BOT-003,2026-02-23,38,1.3
SKU-000011,BOT-003,2026-03-02,37,1.3
SKU-000011,BOT-003,2026-03-09,36,1.3
SKU-000011,BOT-003,2026-03-16,53,1.3
SKU-000011,BOT-003,2026-03-23,39,1.3
SKU-000011,BOT-003,2026-03-30,32,1.3
SKU-000011,BOT-003,2026-04-06,45,1.3
SKU-000011,BOT-003,2026-04-13,21,1.3
SKU-000011,BOT-003,2026-04-20,24,1.3
SKU-000011,BOT-003,2026-04-27,41,1.3
SKU-000011,BOT-003,2026-05-04,28,1.3
SKU-000026,BOT-001,2025-05-12,77,0.6
SKU-000026,BOT-001,2025-05-19,63,0.6
SKU-000026,BOT-001,2025-05-26,81,0.6
SKU-000026,BOT-001,2025-06-02,75,0.6
SKU-000026,BOT-001,2025-06-09,79,0.6
SKU-000026,BOT-001,2025-06-16,79,0.6
SKU-000026,BOT-001,2025-06-23,107,0.6
SKU-000026,BOT-001,2025-06-30,87,0.6
SKU-000026,BOT-001,2025-07-07,89,0.6
SKU-000026,BOT-001,2025-07-14,90,0.6
SKU-000026,BOT-001,2025-07-21,83,0.6
SKU-000026,BOT-001,2025-07-28,66,0.6
SKU-000026,BOT-001,2025-08-04,63,0.6
SKU-000026,BOT-001,2025-08-11,102,0.6
SKU-000026,BOT-001,2025-08-18,82,0.6
SKU-000026,BOT-001,2025-08-25,80,0.6
SKU-000026,BOT-001,2025-09-01,99,0.6
SKU-000026,BOT-001,2025-09-08,54,0.6
SKU-000026,BOT-001,2025-09-15,104,0.6
SKU-000026,BOT-001,2025-09-22,119,0.6
SKU-000026,BOT-001,2025-09-29,84,0.6
SKU-000026,BOT-001,2025-10-06,60,0.6
SKU-000026,BOT-001,2025-10-13,64,0.6
SKU-000026,BOT-001,2025-10-20,75,0.6
SKU-000026,BOT-001,2025-10-27,105,0.6
SKU-000026,BOT-001,2025-11-03,57,0.6
SKU-000026,BOT-001,2025-11-10,71,0.6
SKU-000026,BOT-001,2025-11-17,83,0.6
SKU-000026,BOT-001,2025-11-24,79,0.6
SKU-000026,BOT-001,2025-12-01,103,0.6
SKU-000026,BOT-001,2025-12-08,61,0.6
SKU-000026,BOT-001,2025-12-15,77,0.6
SKU-000026,BOT-001,2025-12-22,98,0.6
SKU-000026,BOT-001,2025-12-29,57,0.6
SKU-000026,BOT-001,2026-01-05,86,0.6
SKU-000026,BOT-001,2026-01-12,93,0.6
SKU-000026,BOT-001,2026-01-19,82,0.6
SKU-000026,BOT-001,2026-01-26,73,0.6
SKU-000026,BOT-001,2026-02-02,104,0.6
SKU-000026,BOT-001,2026-02-09,75,0.6
SKU-000026,BOT-001,2026-02-16,84,0.6
SKU-000026,BOT-001,2026-02-23,77,0.6
SKU-000026,BOT-001,2026-03-02,85,0.6
SKU-000026,BOT-001,2026-03-09,118,0.6
SKU-000026,BOT-001,2026-03-16,83,0.6
SKU-000026,BOT-001,2026-03-23,56,0.6
SKU-000026,BOT-001,2026-03-30,78,0.6
SKU-000026,BOT-001,2026-04-06,63,0.6
SKU-000026,BOT-001,2026-04-13,44,0.6
SKU-000026,BOT-001,2026-04-20,87,0.6
SKU-000026,BOT-001,2026-04-27,100,0.6
SKU-000026,BOT-001,2026-05-04,67,0.6
SKU-000026,BOT-002,2025-05-12,122,0.6
SKU-000026,BOT-002,2025-05-19,65,0.6
SKU-000026,BOT-002,2025-05-26,71,0.6
SKU-000026,BOT-002,2025-06-02,144,0.6
SKU-000026,BOT-002,2025-06-09,90,0.6
SKU-000026,BOT-002,2025-06-16,74,0.6
SKU-000026,BOT-002,2025-06-23,56,0.6
SKU-000026,BOT-002,2025-06-30,120,0.6
SKU-000026,BOT-002,2025-07-07,93,0.6
SKU-000026,BOT-002,2025-07-14,63,0.6
SKU-000026,BOT-002,2025-07-21,86,0.6
SKU-000026,BOT-002,2025-07-28,95,0.6
SKU-000026,BOT-002,2025-08-04,87,0.6
SKU-000026,BOT-002,2025-08-11,54,0.6
SKU-000026,BOT-002,2025-08-18,66,0.6
SKU-000026,BOT-002,2025-08-25,87,0.6
SKU-000026,BOT-002,2025-09-01,68,0.6
SKU-000026,BOT-002,2025-09-08,70,0.6
SKU-000026,BOT-002,2025-09-15,84,0.6
SKU-000026,BOT-002,2025-09-22,71,0.6
SKU-000026,BOT-002,2025-09-29,81,0.6
SKU-000026,BOT-002,2025-10-06,57,0.6
SKU-000026,BOT-002,2025-10-13,69,0.6
SKU-000026,BOT-002,2025-10-20,75,0.6
SKU-000026,BOT-002,2025-10-27,65,0.6
SKU-000026,BOT-002,2025-11-03,64,0.6
SKU-000026,BOT-002,2025-11-10,42,0.6
SKU-000026,BOT-002,2025-11-17,57,0.6
SKU-000026,BOT-002,2025-11-24,81,0.6
SKU-000026,BOT-002,2025-12-01,62,0.6
SKU-000026,BOT-002,2025-12-08,65,0.6
SKU-000026,BOT-002,2025-12-15,101,0.6
SKU-000026,BOT-002,2025-12-22,81,0.6
SKU-000026,BOT-002,2025-12-29,68,0.6
SKU-000026,BOT-002,2026-01-05,49,0.6
SKU-000026,BOT-002,2026-01-12,71,0.6
SKU-000026,BOT-002,2026-01-19,89,0.6
SKU-000026,BOT-002,2026-01-26,64,0.6
SKU-000026,BOT-002,2026-02-02,104,0.6
SKU-000026,BOT-002,2026-02-09,95,0.6
SKU-000026,BOT-002,2026-02-16,65,0.6
SKU-000026,BOT-002,2026-02-23,69,0.6
SKU-000026,BOT-002,2026-03-02,85,0.6
SKU-000026,BOT-002,2026-03-09,94,0.6
SKU-000026,BOT-002,2026-03-16,56,0.6
SKU-000026,BOT-002,2026-03-23,63,0.6
SKU-000026,BOT-002,2026-03-30,92,0.6
SKU-000026,BOT-002,2026-04-06,87,0.6
SKU-000026,BOT-002,2026-04-13,61,0.6
SKU-000026,BOT-002,2026-04-20,76,0.6
SKU-000026,BOT-002,2026-04-27,56,0.6
SKU-000026,BOT-002,2026-05-04,63,0.6
SKU-000026,BOT-005,2025-05-12,66,0.6
SKU-000026,BOT-005,2025-05-19,72,0.6
SKU-000026,BOT-005,2025-05-26,56,0.6
SKU-000026,BOT-005,2025-06-02,61,0.6
SKU-000026,BOT-005,2025-06-09,57,0.6
SKU-000026,BOT-005,2025-06-16,116,0.6
SKU-000026,BOT-005,2025-06-23,50,0.6
SKU-000026,BOT-005,2025-06-30,54,0.6
SKU-000026,BOT-005,2025-07-07,91,0.6
SKU-000026,BOT-005,2025-07-14,79,0.6
SKU-000026,BOT-005,2025-07-21,45,0.6
SKU-000026,BOT-005,2025-07-28,77,0.6
SKU-000026,BOT-005,2025-08-04,78,0.6
SKU-000026,BOT-005,2025-08-11,95,0.6
SKU-000026,BOT-005,2025-08-18,62,0.6
SKU-000026,BOT-005,2025-08-25,88,0.6
SKU-000026,BOT-005,2025-09-01,68,0.6
SKU-000026,BOT-005,2025-09-08,76,0.6
SKU-000026,BOT-005,2025-09-15,44,0.6
SKU-000026,BOT-005,2025-09-22,44,0.6
SKU-000026,BOT-005,2025-09-29,104,0.6
SKU-000026,BOT-005,2025-10-06,98,0.6
SKU-000026,BOT-005,2025-10-13,52,0.6
SKU-000026,BOT-005,2025-10-20,55,0.6
SKU-000026,BOT-005,2025-10-27,88,0.6
SKU-000026,BOT-005,2025-11-03,92,0.6
SKU-000026,BOT-005,2025-11-10,83,0.6
SKU-000026,BOT-005,2025-11-17,52,0.6
SKU-000026,BOT-005,2025-11-24,64,0.6
SKU-000026,BOT-005,2025-12-01,82,0.6
SKU-000026,BOT-005,2025-12-08,54,0.6
SKU-000026,BOT-005,2025-12-15,54,0.6
SKU-000026,BOT-005,2025-12-22,61,0.6
SKU-000026,BOT-005,2025-12-29,61,0.6
SKU-000026,BOT-005,2026-01-05,42,0.6
SKU-000026,BOT-005,2026-01-12,68,0.6
SKU-000026,BOT-005,2026-01-19,91,0.6
SKU-000026,BOT-005,2026-01-26,54,0.6
SKU-000026,BOT-005,2026-02-02,56,0.6
SKU-000026,BOT-005,2026-02-09,49,0.6
SKU-000026,BOT-005,2026-02-16,80,0.6
SKU-000026,BOT-005,2026-02-23,75,0.6
SKU-000026,BOT-005,2026-03-02,51,0.6
SKU-000026,BOT-005,2026-03-09,71,0.6
SKU-000026,BOT-005,2026-03-16,76,0.6
SKU-000026,BOT-005,2026-03-23,34,0.6
SKU-000026,BOT-005,2026-03-30,54,0.6
SKU-000026,BOT-005,2026-04-06,52,0.6
SKU-000026,BOT-005,2026-04-13,77,0.6
SKU-000026,BOT-005,2026-04-20,124,0.6
SKU-000026,BOT-005,2026-04-27,68,0.6
SKU-000026,BOT-005,2026-05-04,86,0.6
SKU-000026,BOT-004,2025-05-12,79,0.6
SKU-000026,BOT-004,2025-05-19,64,0.6
SKU-000026,BOT-004,2025-05-26,73,0.6
SKU-000026,BOT-004,2025-06-02,84,0.6
SKU-000026,BOT-004,2025-06-09,105,0.6
SKU-000026,BOT-004,2025-06-16,68,0.6
SKU-000026,BOT-004,2025-06-23,69,0.6
SKU-000026,BOT-004,2025-06-30,93,0.6
SKU-000026,BOT-004,2025-07-07,73,0.6
SKU-000026,BOT-004,2025-07-14,85,0.6
SKU-000026,BOT-004,2025-07-21,72,0.6
SKU-000026,BOT-004,2025-07-28,74,0.6
SKU-000026,BOT-004,2025-08-04,57,0.6
SKU-000026,BOT-004,2025-08-11,113,0.6
SKU-000026,BOT-004,2025-08-18,53,0.6
SKU-000026,BOT-004,2025-08-25,54,0.6
SKU-000026,BOT-004,2025-09-01,61,0.6
SKU-000026,BOT-004,2025-09-08,60,0.6
SKU-000026,BOT-004,2025-09-15,49,0.6
SKU-000026,BOT-004,2025-09-22,72,0.6
SKU-000026,BOT-004,2025-09-29,97,0.6
SKU-000026,BOT-004,2025-10-06,74,0.6
SKU-000026,BOT-004,2025-10-13,82,0.6
SKU-000026,BOT-004,2025-10-20,74,0.6
SKU-000026,BOT-004,2025-10-27,67,0.6
SKU-000026,BOT-004,2025-11-03,65,0.6
SKU-000026,BOT-004,2025-11-10,40,0.6
SKU-000026,BOT-004,2025-11-17,71,0.6
SKU-000026,BOT-004,2025-11-24,65,0.6
SKU-000026,BOT-004,2025-12-01,80,0.6
SKU-000026,BOT-004,2025-12-08,82,0.6
SKU-000026,BOT-004,2025-12-15,60,0.6
SKU-000026,BOT-004,2025-12-22,82,0.6
SKU-000026,BOT-004,2025-12-29,87,0.6
SKU-000026,BOT-004,2026-01-05,57,0.6
SKU-000026,BOT-004,2026-01-12,58,0.6
SKU-000026,BOT-004,2026-01-19,79,0.6
SKU-000026,BOT-004,2026-01-26,47,0.6
SKU-000026,BOT-004,2026-02-02,66,0.6
SKU-000026,BOT-004,2026-02-09,77,0.6
SKU-000026,BOT-004,2026-02-16,39,0.6
SKU-000026,BOT-004,2026-02-23,90,0.6
SKU-000026,BOT-004,2026-03-02,70,0.6
SKU-000026,BOT-004,2026-03-09,49,0.6
SKU-000026,BOT-004,2026-03-16,66,0.6
SKU-000026,BOT-004,2026-03-23,60,0.6
SKU-000026,BOT-004,2026-03-30,93,0.6
SKU-000026,BOT-004,2026-04-06,46,0.6
SKU-000026,BOT-004,2026-04-13,46,0.6
SKU-000026,BOT-004,2026-04-20,60,0.6
SKU-000026,BOT-004,2026-04-27,83,0.6
SKU-000026,BOT-004,2026-05-04,110,0.6
SKU-000026,BOT-003,2025-05-12,49,0.6
SKU-000026,BOT-003,2025-05-19,72,0.6
SKU-000026,BOT-003,2025-05-26,65,0.6
SKU-000026,BOT-003,2025-06-02,81,0.6
SKU-000026,BOT-003,2025-06-09,72,0.6
SKU-000026,BOT-003,2025-06-16,62,0.6
SKU-000026,BOT-003,2025-06-23,88,0.6
SKU-000026,BOT-003,2025-06-30,72,0.6
SKU-000026,BOT-003,2025-07-07,81,0.6
SKU-000026,BOT-003,2025-07-14,58,0.6
SKU-000026,BOT-003,2025-07-21,49,0.6
SKU-000026,BOT-003,2025-07-28,67,0.6
SKU-000026,BOT-003,2025-08-04,64,0.6
SKU-000026,BOT-003,2025-08-11,75,0.6
SKU-000026,BOT-003,2025-08-18,62,0.6
SKU-000026,BOT-003,2025-08-25,65,0.6
SKU-000026,BOT-003,2025-09-01,63,0.6
SKU-000026,BOT-003,2025-09-08,47,0.6
SKU-000026,BOT-003,2025-09-15,33,0.6
SKU-000026,BOT-003,2025-09-22,48,0.6
SKU-000026,BOT-003,2025-09-29,59,0.6
SKU-000026,BOT-003,2025-10-06,55,0.6
SKU-000026,BOT-003,2025-10-13,51,0.6
SKU-000026,BOT-003,2025-10-20,68,0.6
SKU-000026,BOT-003,2025-10-27,85,0.6
SKU-000026,BOT-003,2025-11-03,51,0.6
SKU-000026,BOT-003,2025-11-10,51,0.6
SKU-000026,BOT-003,2025-11-17,90,0.6
SKU-000026,BOT-003,2025-11-24,51,0.6
SKU-000026,BOT-003,2025-12-01,56,0.6
SKU-000026,BOT-003,2025-12-08,74,0.6
SKU-000026,BOT-003,2025-12-15,47,0.6
SKU-000026,BOT-003,2025-12-22,69,0.6
SKU-000026,BOT-003,2025-12-29,38,0.6
SKU-000026,BOT-003,2026-01-05,49,0.6
SKU-000026,BOT-003,2026-01-12,51,0.6
SKU-000026,BOT-003,2026-01-19,73,0.6
SKU-000026,BOT-003,2026-01-26,52,0.6
SKU-000026,BOT-003,2026-02-02,72,0.6
SKU-000026,BOT-003,2026-02-09,61,0.6
SKU-000026,BOT-003,2026-02-16,52,0.6
SKU-000026,BOT-003,2026-02-23,64,0.6
SKU-000026,BOT-003,2026-03-02,97,0.6
SKU-000026,BOT-003,2026-03-09,61,0.6
SKU-000026,BOT-003,2026-03-16,53,0.6
SKU-000026,BOT-003,2026-03-23,65,0.6
SKU-000026,BOT-003,2026-03-30,72,0.6
SKU-000026,BOT-003,2026-04-06,57,0.6
SKU-000026,BOT-003,2026-04-13,54,0.6
SKU-000026,BOT-003,2026-04-20,67,0.6
SKU-000026,BOT-003,2026-04-27,85,0.6
SKU-000026,BOT-003,2026-05-04,51,0.6
SKU-000021,BOT-001,2025-05-12,57,2.5
SKU-000021,BOT-001,2025-05-19,68,2.5
SKU-000021,BOT-001,2025-05-26,49,2.5
SKU-000021,BOT-001,2025-06-02,64,2.5
SKU-000021,BOT-001,2025-06-09,60,2.5
SKU-000021,BOT-001,2025-06-16,41,2.5
SKU-000021,BOT-001,2025-06-23,47,2.5
SKU-000021,BOT-001,2025-06-30,53,2.5
SKU-000021,BOT-001,2025-07-07,41,2.5
SKU-000021,BOT-001,2025-07-14,62,2.5
SKU-000021,BOT-001,2025-07-21,62,2.5
SKU-000021,BOT-001,2025-07-28,34,2.5
SKU-000021,BOT-001,2025-08-04,61,2.5
SKU-000021,BOT-001,2025-08-11,50,2.5
SKU-000021,BOT-001,2025-08-18,67,2.5
SKU-000021,BOT-001,2025-08-25,37,2.5
SKU-000021,BOT-001,2025-09-01,50,2.5
SKU-000021,BOT-001,2025-09-08,47,2.5
SKU-000021,BOT-001,2025-09-15,54,2.5
SKU-000021,BOT-001,2025-09-22,80,2.5
SKU-000021,BOT-001,2025-09-29,37,2.5
SKU-000021,BOT-001,2025-10-06,57,2.5
SKU-000021,BOT-001,2025-10-13,49,2.5
SKU-000021,BOT-001,2025-10-20,51,2.5
SKU-000021,BOT-001,2025-10-27,33,2.5
SKU-000021,BOT-001,2025-11-03,44,2.5
SKU-000021,BOT-001,2025-11-10,57,2.5
SKU-000021,BOT-001,2025-11-17,48,2.5
SKU-000021,BOT-001,2025-11-24,58,2.5
SKU-000021,BOT-001,2025-12-01,69,2.5
SKU-000021,BOT-001,2025-12-08,44,2.5
SKU-000021,BOT-001,2025-12-15,57,2.5
SKU-000021,BOT-001,2025-12-22,64,2.5
SKU-000021,BOT-001,2025-12-29,52,2.5
SKU-000021,BOT-001,2026-01-05,58,2.5
SKU-000021,BOT-001,2026-01-12,52,2.5
SKU-000021,BOT-001,2026-01-19,70,2.5
SKU-000021,BOT-001,2026-01-26,52,2.5
SKU-000021,BOT-001,2026-02-02,76,2.5
SKU-000021,BOT-001,2026-02-09,50,2.5
SKU-000021,BOT-001,2026-02-16,63,2.5
SKU-000021,BOT-001,2026-02-23,39,2.5
SKU-000021,BOT-001,2026-03-02,42,2.5
SKU-000021,BOT-001,2026-03-09,56,2.5
SKU-000021,BOT-001,2026-03-16,50,2.5
SKU-000021,BOT-001,2026-03-23,53,2.5
SKU-000021,BOT-001,2026-03-30,60,2.5
SKU-000021,BOT-001,2026-04-06,51,2.5
SKU-000021,BOT-001,2026-04-13,52,2.5
SKU-000021,BOT-001,2026-04-20,61,2.5
SKU-000021,BOT-001,2026-04-27,61,2.5
SKU-000021,BOT-001,2026-05-04,64,2.5
SKU-000021,BOT-002,2025-05-12,53,2.5
SKU-000021,BOT-002,2025-05-19,51,2.5
SKU-000021,BOT-002,2025-05-26,62,2.5
SKU-000021,BOT-002,2025-06-02,60,2.5
SKU-000021,BOT-002,2025-06-09,49,2.5
SKU-000021,BOT-002,2025-06-16,43,2.5
SKU-000021,BOT-002,2025-06-23,49,2.5
SKU-000021,BOT-002,2025-06-30,55,2.5
SKU-000021,BOT-002,2025-07-07,55,2.5
SKU-000021,BOT-002,2025-07-14,55,2.5
SKU-000021,BOT-002,2025-07-21,33,2.5
SKU-000021,BOT-002,2025-07-28,59,2.5
SKU-000021,BOT-002,2025-08-04,55,2.5
SKU-000021,BOT-002,2025-08-11,33,2.5
SKU-000021,BOT-002,2025-08-18,46,2.5
SKU-000021,BOT-002,2025-08-25,60,2.5
SKU-000021,BOT-002,2025-09-01,95,2.5
SKU-000021,BOT-002,2025-09-08,58,2.5
SKU-000021,BOT-002,2025-09-15,53,2.5
SKU-000021,BOT-002,2025-09-22,50,2.5
SKU-000021,BOT-002,2025-09-29,72,2.5
SKU-000021,BOT-002,2025-10-06,43,2.5
SKU-000021,BOT-002,2025-10-13,47,2.5
SKU-000021,BOT-002,2025-10-20,42,2.5
SKU-000021,BOT-002,2025-10-27,76,2.5
SKU-000021,BOT-002,2025-11-03,63,2.5
SKU-000021,BOT-002,2025-11-10,53,2.5
SKU-000021,BOT-002,2025-11-17,51,2.5
SKU-000021,BOT-002,2025-11-24,32,2.5
SKU-000021,BOT-002,2025-12-01,50,2.5
SKU-000021,BOT-002,2025-12-08,60,2.5
SKU-000021,BOT-002,2025-12-15,45,2.5
SKU-000021,BOT-002,2025-12-22,60,2.5
SKU-000021,BOT-002,2025-12-29,45,2.5
SKU-000021,BOT-002,2026-01-05,38,2.5
SKU-000021,BOT-002,2026-01-12,73,2.5
SKU-000021,BOT-002,2026-01-19,52,2.5
SKU-000021,BOT-002,2026-01-26,53,2.5
SKU-000021,BOT-002,2026-02-02,51,2.5
SKU-000021,BOT-002,2026-02-09,45,2.5
SKU-000021,BOT-002,2026-02-16,52,2.5
SKU-000021,BOT-002,2026-02-23,33,2.5
SKU-000021,BOT-002,2026-03-02,63,2.5
SKU-000021,BOT-002,2026-03-09,60,2.5
SKU-000021,BOT-002,2026-03-16,49,2.5
SKU-000021,BOT-002,2026-03-23,61,2.5
SKU-000021,BOT-002,2026-03-30,50,2.5
SKU-000021,BOT-002,2026-04-06,42,2.5
SKU-000021,BOT-002,2026-04-13,54,2.5
SKU-000021,BOT-002,2026-04-20,46,2.5
SKU-000021,BOT-002,2026-04-27,69,2.5
SKU-000021,BOT-002,2026-05-04,58,2.5
SKU-000021,BOT-005,2025-05-12,59,2.5
SKU-000021,BOT-005,2025-05-19,46,2.5
SKU-000021,BOT-005,2025-05-26,44,2.5
SKU-000021,BOT-005,2025-06-02,54,2.5
SKU-000021,BOT-005,2025-06-09,51,2.5
SKU-000021,BOT-005,2025-06-16,40,2.5
SKU-000021,BOT-005,2025-06-23,33,2.5
SKU-000021,BOT-005,2025-06-30,57,2.5
SKU-000021,BOT-005,2025-07-07,45,2.5
SKU-000021,BOT-005,2025-07-14,55,2.5
SKU-000021,BOT-005,2025-07-21,44,2.5
SKU-000021,BOT-005,2025-07-28,64,2.5
SKU-000021,BOT-005,2025-08-04,55,2.5
SKU-000021,BOT-005,2025-08-11,45,2.5
SKU-000021,BOT-005,2025-08-18,59,2.5
SKU-000021,BOT-005,2025-08-25,46,2.5
SKU-000021,BOT-005,2025-09-01,58,2.5
SKU-000021,BOT-005,2025-09-08,32,2.5
SKU-000021,BOT-005,2025-09-15,37,2.5
SKU-000021,BOT-005,2025-09-22,37,2.5
SKU-000021,BOT-005,2025-09-29,59,2.5
SKU-000021,BOT-005,2025-10-06,41,2.5
SKU-000021,BOT-005,2025-10-13,39,2.5
SKU-000021,BOT-005,2025-10-20,61,2.5
SKU-000021,BOT-005,2025-10-27,50,2.5
SKU-000021,BOT-005,2025-11-03,30,2.5
SKU-000021,BOT-005,2025-11-10,35,2.5
SKU-000021,BOT-005,2025-11-17,28,2.5
SKU-000021,BOT-005,2025-11-24,45,2.5
SKU-000021,BOT-005,2025-12-01,48,2.5
SKU-000021,BOT-005,2025-12-08,53,2.5
SKU-000021,BOT-005,2025-12-15,44,2.5
SKU-000021,BOT-005,2025-12-22,46,2.5
SKU-000021,BOT-005,2025-12-29,54,2.5
SKU-000021,BOT-005,2026-01-05,51,2.5
SKU-000021,BOT-005,2026-01-12,35,2.5
SKU-000021,BOT-005,2026-01-19,50,2.5
SKU-000021,BOT-005,2026-01-26,44,2.5
SKU-000021,BOT-005,2026-02-02,66,2.5
SKU-000021,BOT-005,2026-02-09,43,2.5
SKU-000021,BOT-005,2026-02-16,59,2.5
SKU-000021,BOT-005,2026-02-23,28,2.5
SKU-000021,BOT-005,2026-03-02,52,2.5
SKU-000021,BOT-005,2026-03-09,35,2.5
SKU-000021,BOT-005,2026-03-16,41,2.5
SKU-000021,BOT-005,2026-03-23,56,2.5
SKU-000021,BOT-005,2026-03-30,47,2.5
SKU-000021,BOT-005,2026-04-06,43,2.5
SKU-000021,BOT-005,2026-04-13,37,2.5
SKU-000021,BOT-005,2026-04-20,47,2.5
SKU-000021,BOT-005,2026-04-27,78,2.5
SKU-000021,BOT-005,2026-05-04,43,2.5
SKU-000021,BOT-004,2025-05-12,63,2.5
SKU-000021,BOT-004,2025-05-19,49,2.5
SKU-000021,BOT-004,2025-05-26,69,2.5
SKU-000021,BOT-004,2025-06-02,78,2.5
SKU-000021,BOT-004,2025-06-09,63,2.5
SKU-000021,BOT-004,2025-06-16,38,2.5
SKU-000021,BOT-004,2025-06-23,63,2.5
SKU-000021,BOT-004,2025-06-30,66,2.5
SKU-000021,BOT-004,2025-07-07,46,2.5
SKU-000021,BOT-004,2025-07-14,43,2.5
SKU-000021,BOT-004,2025-07-21,47,2.5
SKU-000021,BOT-004,2025-07-28,52,2.5
SKU-000021,BOT-004,2025-08-04,44,2.5
SKU-000021,BOT-004,2025-08-11,67,2.5
SKU-000021,BOT-004,2025-08-18,26,2.5
SKU-000021,BOT-004,2025-08-25,33,2.5
SKU-000021,BOT-004,2025-09-01,58,2.5
SKU-000021,BOT-004,2025-09-08,53,2.5
SKU-000021,BOT-004,2025-09-15,63,2.5
SKU-000021,BOT-004,2025-09-22,43,2.5
SKU-000021,BOT-004,2025-09-29,50,2.5
SKU-000021,BOT-004,2025-10-06,34,2.5
SKU-000021,BOT-004,2025-10-13,44,2.5
SKU-000021,BOT-004,2025-10-20,67,2.5
SKU-000021,BOT-004,2025-10-27,36,2.5
SKU-000021,BOT-004,2025-11-03,36,2.5
SKU-000021,BOT-004,2025-11-10,41,2.5
SKU-000021,BOT-004,2025-11-17,47,2.5
SKU-000021,BOT-004,2025-11-24,54,2.5
SKU-000021,BOT-004,2025-12-01,49,2.5
SKU-000021,BOT-004,2025-12-08,46,2.5
SKU-000021,BOT-004,2025-12-15,52,2.5
SKU-000021,BOT-004,2025-12-22,69,2.5
SKU-000021,BOT-004,2025-12-29,57,2.5
SKU-000021,BOT-004,2026-01-05,36,2.5
SKU-000021,BOT-004,2026-01-12,42,2.5
SKU-000021,BOT-004,2026-01-19,34,2.5
SKU-000021,BOT-004,2026-01-26,39,2.5
SKU-000021,BOT-004,2026-02-02,60,2.5
SKU-000021,BOT-004,2026-02-09,36,2.5
SKU-000021,BOT-004,2026-02-16,55,2.5
SKU-000021,BOT-004,2026-02-23,49,2.5
SKU-000021,BOT-004,2026-03-02,52,2.5
SKU-000021,BOT-004,2026-03-09,52,2.5
SKU-000021,BOT-004,2026-03-16,43,2.5
SKU-000021,BOT-004,2026-03-23,53,2.5
SKU-000021,BOT-004,2026-03-30,56,2.5
SKU-000021,BOT-004,2026-04-06,33,2.5
SKU-000021,BOT-004,2026-04-13,36,2.5
SKU-000021,BOT-004,2026-04-20,45,2.5
SKU-000021,BOT-004,2026-04-27,53,2.5
SKU-000021,BOT-004,2026-05-04,35,2.5
SKU-000021,BOT-003,2025-05-12,36,2.5
SKU-000021,BOT-003,2025-05-19,63,2.5
SKU-000021,BOT-003,2025-05-26,37,2.5
SKU-000021,BOT-003,2025-06-02,29,2.5
SKU-000021,BOT-003,2025-06-09,48,2.5
SKU-000021,BOT-003,2025-06-16,40,2.5
SKU-000021,BOT-003,2025-06-23,46,2.5
SKU-000021,BOT-003,2025-06-30,61,2.5
SKU-000021,BOT-003,2025-07-07,43,2.5
SKU-000021,BOT-003,2025-07-14,33,2.5
SKU-000021,BOT-003,2025-07-21,48,2.5
SKU-000021,BOT-003,2025-07-28,38,2.5
SKU-000021,BOT-003,2025-08-04,40,2.5
SKU-000021,BOT-003,2025-08-11,62,2.5
SKU-000021,BOT-003,2025-08-18,38,2.5
SKU-000021,BOT-003,2025-08-25,44,2.5
SKU-000021,BOT-003,2025-09-01,33,2.5
SKU-000021,BOT-003,2025-09-08,49,2.5
SKU-000021,BOT-003,2025-09-15,74,2.5
SKU-000021,BOT-003,2025-09-22,51,2.5
SKU-000021,BOT-003,2025-09-29,37,2.5
SKU-000021,BOT-003,2025-10-06,28,2.5
SKU-000021,BOT-003,2025-10-13,45,2.5
SKU-000021,BOT-003,2025-10-20,46,2.5
SKU-000021,BOT-003,2025-10-27,40,2.5
SKU-000021,BOT-003,2025-11-03,59,2.5
SKU-000021,BOT-003,2025-11-10,45,2.5
SKU-000021,BOT-003,2025-11-17,40,2.5
SKU-000021,BOT-003,2025-11-24,42,2.5
SKU-000021,BOT-003,2025-12-01,45,2.5
SKU-000021,BOT-003,2025-12-08,58,2.5
SKU-000021,BOT-003,2025-12-15,39,2.5
SKU-000021,BOT-003,2025-12-22,51,2.5
SKU-000021,BOT-003,2025-12-29,42,2.5
SKU-000021,BOT-003,2026-01-05,62,2.5
SKU-000021,BOT-003,2026-01-12,43,2.5
SKU-000021,BOT-003,2026-01-19,32,2.5
SKU-000021,BOT-003,2026-01-26,51,2.5
SKU-000021,BOT-003,2026-02-02,46,2.5
SKU-000021,BOT-003,2026-02-09,41,2.5
SKU-000021,BOT-003,2026-02-16,32,2.5
SKU-000021,BOT-003,2026-02-23,29,2.5
SKU-000021,BOT-003,2026-03-02,42,2.5
SKU-000021,BOT-003,2026-03-09,35,2.5
SKU-000021,BOT-003,2026-03-16,49,2.5
SKU-000021,BOT-003,2026-03-23,29,2.5
SKU-000021,BOT-003,2026-03-30,35,2.5
SKU-000021,BOT-003,2026-04-06,30,2.5
SKU-000021,BOT-003,2026-04-13,46,2.5
SKU-000021,BOT-003,2026-04-20,37,2.5
SKU-000021,BOT-003,2026-04-27,31,2.5
SKU-000021,BOT-003,2026-05-04,37,2.5
SKU-000017,BOT-001,2025-05-12,59,0.9
SKU-000017,BOT-001,2025-05-19,67,0.9
SKU-000017,BOT-001,2025-05-26,79,0.9
SKU-000017,BOT-001,2025-06-02,71,0.9
SKU-000017,BOT-001,2025-06-09,63,0.9
SKU-000017,BOT-001,2025-06-16,63,0.9
SKU-000017,BOT-001,2025-06-23,85,0.9
SKU-000017,BOT-001,2025-06-30,70,0.9
SKU-000017,BOT-001,2025-07-07,96,0.9
SKU-000017,BOT-001,2025-07-14,50,0.9
SKU-000017,BOT-001,2025-07-21,72,0.9
SKU-000017,BOT-001,2025-07-28,71,0.9
SKU-000017,BOT-001,2025-08-04,45,0.9
SKU-000017,BOT-001,2025-08-11,56,0.9
SKU-000017,BOT-001,2025-08-18,86,0.9
SKU-000017,BOT-001,2025-08-25,81,0.9
SKU-000017,BOT-001,2025-09-01,98,0.9
SKU-000017,BOT-001,2025-09-08,73,0.9
SKU-000017,BOT-001,2025-09-15,66,0.9
SKU-000017,BOT-001,2025-09-22,40,0.9
SKU-000017,BOT-001,2025-09-29,65,0.9
SKU-000017,BOT-001,2025-10-06,55,0.9
SKU-000017,BOT-001,2025-10-13,71,0.9
SKU-000017,BOT-001,2025-10-20,55,0.9
SKU-000017,BOT-001,2025-10-27,70,0.9
SKU-000017,BOT-001,2025-11-03,60,0.9
SKU-000017,BOT-001,2025-11-10,70,0.9
SKU-000017,BOT-001,2025-11-17,59,0.9
SKU-000017,BOT-001,2025-11-24,57,0.9
SKU-000017,BOT-001,2025-12-01,113,0.9
SKU-000017,BOT-001,2025-12-08,95,0.9
SKU-000017,BOT-001,2025-12-15,78,0.9
SKU-000017,BOT-001,2025-12-22,80,0.9
SKU-000017,BOT-001,2025-12-29,87,0.9
SKU-000017,BOT-001,2026-01-05,102,0.9
SKU-000017,BOT-001,2026-01-12,67,0.9
SKU-000017,BOT-001,2026-01-19,75,0.9
SKU-000017,BOT-001,2026-01-26,78,0.9
SKU-000017,BOT-001,2026-02-02,70,0.9
SKU-000017,BOT-001,2026-02-09,61,0.9
SKU-000017,BOT-001,2026-02-16,51,0.9
SKU-000017,BOT-001,2026-02-23,70,0.9
SKU-000017,BOT-001,2026-03-02,54,0.9
SKU-000017,BOT-001,2026-03-09,81,0.9
SKU-000017,BOT-001,2026-03-16,83,0.9
SKU-000017,BOT-001,2026-03-23,88,0.9
SKU-000017,BOT-001,2026-03-30,63,0.9
SKU-000017,BOT-001,2026-04-06,64,0.9
SKU-000017,BOT-001,2026-04-13,59,0.9
SKU-000017,BOT-001,2026-04-20,59,0.9
SKU-000017,BOT-001,2026-04-27,65,0.9
SKU-000017,BOT-001,2026-05-04,45,0.9
SKU-000017,BOT-002,2025-05-12,44,0.9
SKU-000017,BOT-002,2025-05-19,78,0.9
SKU-000017,BOT-002,2025-05-26,82,0.9
SKU-000017,BOT-002,2025-06-02,45,0.9
SKU-000017,BOT-002,2025-06-09,48,0.9
SKU-000017,BOT-002,2025-06-16,76,0.9
SKU-000017,BOT-002,2025-06-23,59,0.9
SKU-000017,BOT-002,2025-06-30,41,0.9
SKU-000017,BOT-002,2025-07-07,55,0.9
SKU-000017,BOT-002,2025-07-14,73,0.9
SKU-000017,BOT-002,2025-07-21,70,0.9
SKU-000017,BOT-002,2025-07-28,67,0.9
SKU-000017,BOT-002,2025-08-04,61,0.9
SKU-000017,BOT-002,2025-08-11,62,0.9
SKU-000017,BOT-002,2025-08-18,34,0.9
SKU-000017,BOT-002,2025-08-25,64,0.9
SKU-000017,BOT-002,2025-09-01,68,0.9
SKU-000017,BOT-002,2025-09-08,48,0.9
SKU-000017,BOT-002,2025-09-15,61,0.9
SKU-000017,BOT-002,2025-09-22,86,0.9
SKU-000017,BOT-002,2025-09-29,81,0.9
SKU-000017,BOT-002,2025-10-06,60,0.9
SKU-000017,BOT-002,2025-10-13,57,0.9
SKU-000017,BOT-002,2025-10-20,40,0.9
SKU-000017,BOT-002,2025-10-27,57,0.9
SKU-000017,BOT-002,2025-11-03,65,0.9
SKU-000017,BOT-002,2025-11-10,87,0.9
SKU-000017,BOT-002,2025-11-17,55,0.9
SKU-000017,BOT-002,2025-11-24,72,0.9
SKU-000017,BOT-002,2025-12-01,68,0.9
SKU-000017,BOT-002,2025-12-08,64,0.9
SKU-000017,BOT-002,2025-12-15,66,0.9
SKU-000017,BOT-002,2025-12-22,67,0.9
SKU-000017,BOT-002,2025-12-29,73,0.9
SKU-000017,BOT-002,2026-01-05,73,0.9
SKU-000017,BOT-002,2026-01-12,74,0.9
SKU-000017,BOT-002,2026-01-19,50,0.9
SKU-000017,BOT-002,2026-01-26,59,0.9
SKU-000017,BOT-002,2026-02-02,92,0.9
SKU-000017,BOT-002,2026-02-09,63,0.9
SKU-000017,BOT-002,2026-02-16,68,0.9
SKU-000017,BOT-002,2026-02-23,46,0.9
SKU-000017,BOT-002,2026-03-02,83,0.9
SKU-000017,BOT-002,2026-03-09,60,0.9
SKU-000017,BOT-002,2026-03-16,52,0.9
SKU-000017,BOT-002,2026-03-23,55,0.9
SKU-000017,BOT-002,2026-03-30,92,0.9
SKU-000017,BOT-002,2026-04-06,56,0.9
SKU-000017,BOT-002,2026-04-13,61,0.9
SKU-000017,BOT-002,2026-04-20,67,0.9
SKU-000017,BOT-002,2026-04-27,63,0.9
SKU-000017,BOT-002,2026-05-04,44,0.9
SKU-000017,BOT-005,2025-05-12,58,0.9
SKU-000017,BOT-005,2025-05-19,88,0.9
SKU-000017,BOT-005,2025-05-26,62,0.9
SKU-000017,BOT-005,2025-06-02,56,0.9
SKU-000017,BOT-005,2025-06-09,62,0.9
SKU-000017,BOT-005,2025-06-16,48,0.9
SKU-000017,BOT-005,2025-06-23,41,0.9
SKU-000017,BOT-005,2025-06-30,46,0.9
SKU-000017,BOT-005,2025-07-07,64,0.9
SKU-000017,BOT-005,2025-07-14,57,0.9
SKU-000017,BOT-005,2025-07-21,70,0.9
SKU-000017,BOT-005,2025-07-28,69,0.9
SKU-000017,BOT-005,2025-08-04,73,0.9
SKU-000017,BOT-005,2025-08-11,75,0.9
SKU-000017,BOT-005,2025-08-18,40,0.9
SKU-000017,BOT-005,2025-08-25,65,0.9
SKU-000017,BOT-005,2025-09-01,51,0.9
SKU-000017,BOT-005,2025-09-08,60,0.9
SKU-000017,BOT-005,2025-09-15,69,0.9
SKU-000017,BOT-005,2025-09-22,80,0.9
SKU-000017,BOT-005,2025-09-29,60,0.9
SKU-000017,BOT-005,2025-10-06,68,0.9
SKU-000017,BOT-005,2025-10-13,69,0.9
SKU-000017,BOT-005,2025-10-20,39,0.9
SKU-000017,BOT-005,2025-10-27,59,0.9
SKU-000017,BOT-005,2025-11-03,40,0.9
SKU-000017,BOT-005,2025-11-10,66,0.9
SKU-000017,BOT-005,2025-11-17,54,0.9
SKU-000017,BOT-005,2025-11-24,66,0.9
SKU-000017,BOT-005,2025-12-01,52,0.9
SKU-000017,BOT-005,2025-12-08,71,0.9
SKU-000017,BOT-005,2025-12-15,74,0.9
SKU-000017,BOT-005,2025-12-22,60,0.9
SKU-000017,BOT-005,2025-12-29,70,0.9
SKU-000017,BOT-005,2026-01-05,83,0.9
SKU-000017,BOT-005,2026-01-12,55,0.9
SKU-000017,BOT-005,2026-01-19,66,0.9
SKU-000017,BOT-005,2026-01-26,79,0.9
SKU-000017,BOT-005,2026-02-02,71,0.9
SKU-000017,BOT-005,2026-02-09,78,0.9
SKU-000017,BOT-005,2026-02-16,56,0.9
SKU-000017,BOT-005,2026-02-23,54,0.9
SKU-000017,BOT-005,2026-03-02,71,0.9
SKU-000017,BOT-005,2026-03-09,69,0.9
SKU-000017,BOT-005,2026-03-16,57,0.9
SKU-000017,BOT-005,2026-03-23,77,0.9
SKU-000017,BOT-005,2026-03-30,44,0.9
SKU-000017,BOT-005,2026-04-06,42,0.9
SKU-000017,BOT-005,2026-04-13,69,0.9
SKU-000017,BOT-005,2026-04-20,57,0.9
SKU-000017,BOT-005,2026-04-27,56,0.9
SKU-000017,BOT-005,2026-05-04,45,0.9
SKU-000017,BOT-004,2025-05-12,55,0.9
SKU-000017,BOT-004,2025-05-19,46,0.9
SKU-000017,BOT-004,2025-05-26,49,0.9
SKU-000017,BOT-004,2025-06-02,74,0.9
SKU-000017,BOT-004,2025-06-09,56,0.9
SKU-000017,BOT-004,2025-06-16,58,0.9
SKU-000017,BOT-004,2025-06-23,90,0.9
SKU-000017,BOT-004,2025-06-30,49,0.9
SKU-000017,BOT-004,2025-07-07,69,0.9
SKU-000017,BOT-004,2025-07-14,60,0.9
SKU-000017,BOT-004,2025-07-21,49,0.9
SKU-000017,BOT-004,2025-07-28,60,0.9
SKU-000017,BOT-004,2025-08-04,57,0.9
SKU-000017,BOT-004,2025-08-11,51,0.9
SKU-000017,BOT-004,2025-08-18,43,0.9
SKU-000017,BOT-004,2025-08-25,53,0.9
SKU-000017,BOT-004,2025-09-01,65,0.9
SKU-000017,BOT-004,2025-09-08,67,0.9
SKU-000017,BOT-004,2025-09-15,79,0.9
SKU-000017,BOT-004,2025-09-22,65,0.9
SKU-000017,BOT-004,2025-09-29,54,0.9
SKU-000017,BOT-004,2025-10-06,51,0.9
SKU-000017,BOT-004,2025-10-13,64,0.9
SKU-000017,BOT-004,2025-10-20,55,0.9
SKU-000017,BOT-004,2025-10-27,45,0.9
SKU-000017,BOT-004,2025-11-03,72,0.9
SKU-000017,BOT-004,2025-11-10,63,0.9
SKU-000017,BOT-004,2025-11-17,58,0.9
SKU-000017,BOT-004,2025-11-24,84,0.9
SKU-000017,BOT-004,2025-12-01,57,0.9
SKU-000017,BOT-004,2025-12-08,72,0.9
SKU-000017,BOT-004,2025-12-15,76,0.9
SKU-000017,BOT-004,2025-12-22,78,0.9
SKU-000017,BOT-004,2025-12-29,53,0.9
SKU-000017,BOT-004,2026-01-05,70,0.9
SKU-000017,BOT-004,2026-01-12,58,0.9
SKU-000017,BOT-004,2026-01-19,78,0.9
SKU-000017,BOT-004,2026-01-26,62,0.9
SKU-000017,BOT-004,2026-02-02,86,0.9
SKU-000017,BOT-004,2026-02-09,81,0.9
SKU-000017,BOT-004,2026-02-16,110,0.9
SKU-000017,BOT-004,2026-02-23,63,0.9
SKU-000017,BOT-004,2026-03-02,73,0.9
SKU-000017,BOT-004,2026-03-09,92,0.9
SKU-000017,BOT-004,2026-03-16,51,0.9
SKU-000017,BOT-004,2026-03-23,52,0.9
SKU-000017,BOT-004,2026-03-30,59,0.9
SKU-000017,BOT-004,2026-04-06,82,0.9
SKU-000017,BOT-004,2026-04-13,69,0.9
SKU-000017,BOT-004,2026-04-20,53,0.9
SKU-000017,BOT-004,2026-04-27,82,0.9
SKU-000017,BOT-004,2026-05-04,54,0.9
SKU-000017,BOT-003,2025-05-12,75,0.9
SKU-000017,BOT-003,2025-05-19,41,0.9
SKU-000017,BOT-003,2025-05-26,57,0.9
SKU-000017,BOT-003,2025-06-02,65,0.9
SKU-000017,BOT-003,2025-06-09,51,0.9
SKU-000017,BOT-003,2025-06-16,45,0.9
SKU-000017,BOT-003,2025-06-23,32,0.9
SKU-000017,BOT-003,2025-06-30,42,0.9
SKU-000017,BOT-003,2025-07-07,81,0.9
SKU-000017,BOT-003,2025-07-14,56,0.9
SKU-000017,BOT-003,2025-07-21,49,0.9
SKU-000017,BOT-003,2025-07-28,50,0.9
SKU-000017,BOT-003,2025-08-04,75,0.9
SKU-000017,BOT-003,2025-08-11,38,0.9
SKU-000017,BOT-003,2025-08-18,40,0.9
SKU-000017,BOT-003,2025-08-25,53,0.9
SKU-000017,BOT-003,2025-09-01,47,0.9
SKU-000017,BOT-003,2025-09-08,44,0.9
SKU-000017,BOT-003,2025-09-15,48,0.9
SKU-000017,BOT-003,2025-09-22,55,0.9
SKU-000017,BOT-003,2025-09-29,63,0.9
SKU-000017,BOT-003,2025-10-06,72,0.9
SKU-000017,BOT-003,2025-10-13,53,0.9
SKU-000017,BOT-003,2025-10-20,47,0.9
SKU-000017,BOT-003,2025-10-27,39,0.9
SKU-000017,BOT-003,2025-11-03,75,0.9
SKU-000017,BOT-003,2025-11-10,49,0.9
SKU-000017,BOT-003,2025-11-17,53,0.9
SKU-000017,BOT-003,2025-11-24,38,0.9
SKU-000017,BOT-003,2025-12-01,63,0.9
SKU-000017,BOT-003,2025-12-08,50,0.9
SKU-000017,BOT-003,2025-12-15,62,0.9
SKU-000017,BOT-003,2025-12-22,47,0.9
SKU-000017,BOT-003,2025-12-29,52,0.9
SKU-000017,BOT-003,2026-01-05,56,0.9
SKU-000017,BOT-003,2026-01-12,76,0.9
SKU-000017,BOT-003,2026-01-19,78,0.9
SKU-000017,BOT-003,2026-01-26,67,0.9
SKU-000017,BOT-003,2026-02-02,66,0.9
SKU-000017,BOT-003,2026-02-09,57,0.9
SKU-000017,BOT-003,2026-02-16,45,0.9
SKU-000017,BOT-003,2026-02-23,72,0.9
SKU-000017,BOT-003,2026-03-02,48,0.9
SKU-000017,BOT-003,2026-03-09,45,0.9
SKU-000017,BOT-003,2026-03-16,74,0.9
SKU-000017,BOT-003,2026-03-23,52,0.9
SKU-000017,BOT-003,2026-03-30,80,0.9
SKU-000017,BOT-003,2026-04-06,75,0.9
SKU-000017,BOT-003,2026-04-13,61,0.9
SKU-000017,BOT-003,2026-04-20,47,0.9
SKU-000017,BOT-003,2026-04-27,83,0.9
SKU-000017,BOT-003,2026-05-04,50,0.9
SKU-000001,BOT-001,2025-05-12,110,0.5
SKU-000001,BOT-001,2025-05-19,152,0.5
SKU-000001,BOT-001,2025-05-26,150,0.5
SKU-000001,BOT-001,2025-06-02,191,0.5
SKU-000001,BOT-001,2025-06-09,243,0.5
SKU-000001,BOT-001,2025-06-16,238,0.5
SKU-000001,BOT-001,2025-06-23,194,0.5
SKU-000001,BOT-001,2025-06-30,263,0.5
SKU-000001,BOT-001,2025-07-07,233,0.5
SKU-000001,BOT-001,2025-07-14,224,0.5
SKU-000001,BOT-001,2025-07-21,229,0.5
SKU-000001,BOT-001,2025-07-28,137,0.5
SKU-000001,BOT-001,2025-08-04,159,0.5
SKU-000001,BOT-001,2025-08-11,212,0.5
SKU-000001,BOT-001,2025-08-18,148,0.5
SKU-000001,BOT-001,2025-08-25,171,0.5
SKU-000001,BOT-001,2025-09-01,144,0.5
SKU-000001,BOT-001,2025-09-08,149,0.5
SKU-000001,BOT-001,2025-09-15,167,0.5
SKU-000001,BOT-001,2025-09-22,91,0.5
SKU-000001,BOT-001,2025-09-29,129,0.5
SKU-000001,BOT-001,2025-10-06,116,0.5
SKU-000001,BOT-001,2025-10-13,146,0.5
SKU-000001,BOT-001,2025-10-20,162,0.5
SKU-000001,BOT-001,2025-10-27,159,0.5
SKU-000001,BOT-001,2025-11-03,244,0.5
SKU-000001,BOT-001,2025-11-10,95,0.5
SKU-000001,BOT-001,2025-11-17,78,0.5
SKU-000001,BOT-001,2025-11-24,140,0.5
SKU-000001,BOT-001,2025-12-01,119,0.5
SKU-000001,BOT-001,2025-12-08,135,0.5
SKU-000001,BOT-001,2025-12-15,118,0.5
SKU-000001,BOT-001,2025-12-22,108,0.5
SKU-000001,BOT-001,2025-12-29,114,0.5
SKU-000001,BOT-001,2026-01-05,89,0.5
SKU-000001,BOT-001,2026-01-12,114,0.5
SKU-000001,BOT-001,2026-01-19,100,0.5
SKU-000001,BOT-001,2026-01-26,112,0.5
SKU-000001,BOT-001,2026-02-02,103,0.5
SKU-000001,BOT-001,2026-02-09,197,0.5
SKU-000001,BOT-001,2026-02-16,89,0.5
SKU-000001,BOT-001,2026-02-23,124,0.5
SKU-000001,BOT-001,2026-03-02,140,0.5
SKU-000001,BOT-001,2026-03-09,105,0.5
SKU-000001,BOT-001,2026-03-16,132,0.5
SKU-000001,BOT-001,2026-03-23,119,0.5
SKU-000001,BOT-001,2026-03-30,133,0.5
SKU-000001,BOT-001,2026-04-06,104,0.5
SKU-000001,BOT-001,2026-04-13,137,0.5
SKU-000001,BOT-001,2026-04-20,116,0.5
SKU-000001,BOT-001,2026-04-27,172,0.5
SKU-000001,BOT-001,2026-05-04,173,0.5
SKU-000001,BOT-002,2025-05-12,215,0.5
SKU-000001,BOT-002,2025-05-19,224,0.5
SKU-000001,BOT-002,2025-05-26,139,0.5
SKU-000001,BOT-002,2025-06-02,182,0.5
SKU-000001,BOT-002,2025-06-09,178,0.5
SKU-000001,BOT-002,2025-06-16,210,0.5
SKU-000001,BOT-002,2025-06-23,179,0.5
SKU-000001,BOT-002,2025-06-30,262,0.5
SKU-000001,BOT-002,2025-07-07,201,0.5
SKU-000001,BOT-002,2025-07-14,218,0.5
SKU-000001,BOT-002,2025-07-21,119,0.5
SKU-000001,BOT-002,2025-07-28,279,0.5
SKU-000001,BOT-002,2025-08-04,228,0.5
SKU-000001,BOT-002,2025-08-11,196,0.5
SKU-000001,BOT-002,2025-08-18,173,0.5
SKU-000001,BOT-002,2025-08-25,128,0.5
SKU-000001,BOT-002,2025-09-01,207,0.5
SKU-000001,BOT-002,2025-09-08,191,0.5
SKU-000001,BOT-002,2025-09-15,123,0.5
SKU-000001,BOT-002,2025-09-22,162,0.5
SKU-000001,BOT-002,2025-09-29,139,0.5
SKU-000001,BOT-002,2025-10-06,105,0.5
SKU-000001,BOT-002,2025-10-13,112,0.5
SKU-000001,BOT-002,2025-10-20,114,0.5
SKU-000001,BOT-002,2025-10-27,106,0.5
SKU-000001,BOT-002,2025-11-03,117,0.5
SKU-000001,BOT-002,2025-11-10,124,0.5
SKU-000001,BOT-002,2025-11-17,87,0.5
SKU-000001,BOT-002,2025-11-24,95,0.5
SKU-000001,BOT-002,2025-12-01,111,0.5
SKU-000001,BOT-002,2025-12-08,91,0.5
SKU-000001,BOT-002,2025-12-15,87,0.5
SKU-000001,BOT-002,2025-12-22,112,0.5
SKU-000001,BOT-002,2025-12-29,112,0.5
SKU-000001,BOT-002,2026-01-05,130,0.5
SKU-000001,BOT-002,2026-01-12,88,0.5
SKU-000001,BOT-002,2026-01-19,118,0.5
SKU-000001,BOT-002,2026-01-26,170,0.5
SKU-000001,BOT-002,2026-02-02,148,0.5
SKU-000001,BOT-002,2026-02-09,103,0.5
SKU-000001,BOT-002,2026-02-16,101,0.5
SKU-000001,BOT-002,2026-02-23,105,0.5
SKU-000001,BOT-002,2026-03-02,160,0.5
SKU-000001,BOT-002,2026-03-09,101,0.5
SKU-000001,BOT-002,2026-03-16,97,0.5
SKU-000001,BOT-002,2026-03-23,134,0.5
SKU-000001,BOT-002,2026-03-30,110,0.5
SKU-000001,BOT-002,2026-04-06,148,0.5
SKU-000001,BOT-002,2026-04-13,90,0.5
SKU-000001,BOT-002,2026-04-20,151,0.5
SKU-000001,BOT-002,2026-04-27,151,0.5
SKU-000001,BOT-002,2026-05-04,156,0.5
SKU-000001,BOT-005,2025-05-12,191,0.5
SKU-000001,BOT-005,2025-05-19,169,0.5
SKU-000001,BOT-005,2025-05-26,146,0.5
SKU-000001,BOT-005,2025-06-02,142,0.5
SKU-000001,BOT-005,2025-06-09,160,0.5
SKU-000001,BOT-005,2025-06-16,156,0.5
SKU-000001,BOT-005,2025-06-23,153,0.5
SKU-000001,BOT-005,2025-06-30,245,0.5
SKU-000001,BOT-005,2025-07-07,183,0.5
SKU-000001,BOT-005,2025-07-14,153,0.5
SKU-000001,BOT-005,2025-07-21,191,0.5
SKU-000001,BOT-005,2025-07-28,192,0.5
SKU-000001,BOT-005,2025-08-04,172,0.5
SKU-000001,BOT-005,2025-08-11,122,0.5
SKU-000001,BOT-005,2025-08-18,183,0.5
SKU-000001,BOT-005,2025-08-25,159,0.5
SKU-000001,BOT-005,2025-09-01,167,0.5
SKU-000001,BOT-005,2025-09-08,152,0.5
SKU-000001,BOT-005,2025-09-15,153,0.5
SKU-000001,BOT-005,2025-09-22,134,0.5
SKU-000001,BOT-005,2025-09-29,100,0.5
SKU-000001,BOT-005,2025-10-06,145,0.5
SKU-000001,BOT-005,2025-10-13,88,0.5
SKU-000001,BOT-005,2025-10-20,108,0.5
SKU-000001,BOT-005,2025-10-27,83,0.5
SKU-000001,BOT-005,2025-11-03,73,0.5
SKU-000001,BOT-005,2025-11-10,114,0.5
SKU-000001,BOT-005,2025-11-17,95,0.5
SKU-000001,BOT-005,2025-11-24,64,0.5
SKU-000001,BOT-005,2025-12-01,112,0.5
SKU-000001,BOT-005,2025-12-08,80,0.5
SKU-000001,BOT-005,2025-12-15,110,0.5
SKU-000001,BOT-005,2025-12-22,97,0.5
SKU-000001,BOT-005,2025-12-29,107,0.5
SKU-000001,BOT-005,2026-01-05,156,0.5
SKU-000001,BOT-005,2026-01-12,97,0.5
SKU-000001,BOT-005,2026-01-19,90,0.5
SKU-000001,BOT-005,2026-01-26,129,0.5
SKU-000001,BOT-005,2026-02-02,133,0.5
SKU-000001,BOT-005,2026-02-09,85,0.5
SKU-000001,BOT-005,2026-02-16,99,0.5
SKU-000001,BOT-005,2026-02-23,143,0.5
SKU-000001,BOT-005,2026-03-02,97,0.5
SKU-000001,BOT-005,2026-03-09,83,0.5
SKU-000001,BOT-005,2026-03-16,72,0.5
SKU-000001,BOT-005,2026-03-23,93,0.5
SKU-000001,BOT-005,2026-03-30,112,0.5
SKU-000001,BOT-005,2026-04-06,103,0.5
SKU-000001,BOT-005,2026-04-13,90,0.5
SKU-000001,BOT-005,2026-04-20,95,0.5
SKU-000001,BOT-005,2026-04-27,116,0.5
SKU-000001,BOT-005,2026-05-04,108,0.5
SKU-000001,BOT-004,2025-05-12,108,0.5
SKU-000001,BOT-004,2025-05-19,109,0.5
SKU-000001,BOT-004,2025-05-26,159,0.5
SKU-000001,BOT-004,2025-06-02,197,0.5
SKU-000001,BOT-004,2025-06-09,221,0.5
SKU-000001,BOT-004,2025-06-16,179,0.5
SKU-000001,BOT-004,2025-06-23,187,0.5
SKU-000001,BOT-004,2025-06-30,192,0.5
SKU-000001,BOT-004,2025-07-07,184,0.5
SKU-000001,BOT-004,2025-07-14,195,0.5
SKU-000001,BOT-004,2025-07-21,205,0.5
SKU-000001,BOT-004,2025-07-28,231,0.5
SKU-000001,BOT-004,2025-08-04,167,0.5
SKU-000001,BOT-004,2025-08-11,199,0.5
SKU-000001,BOT-004,2025-08-18,178,0.5
SKU-000001,BOT-004,2025-08-25,215,0.5
SKU-000001,BOT-004,2025-09-01,191,0.5
SKU-000001,BOT-004,2025-09-08,124,0.5
SKU-000001,BOT-004,2025-09-15,130,0.5
SKU-000001,BOT-004,2025-09-22,234,0.5
SKU-000001,BOT-004,2025-09-29,106,0.5
SKU-000001,BOT-004,2025-10-06,107,0.5
SKU-000001,BOT-004,2025-10-13,103,0.5
SKU-000001,BOT-004,2025-10-20,106,0.5
SKU-000001,BOT-004,2025-10-27,105,0.5
SKU-000001,BOT-004,2025-11-03,98,0.5
SKU-000001,BOT-004,2025-11-10,92,0.5
SKU-000001,BOT-004,2025-11-17,71,0.5
SKU-000001,BOT-004,2025-11-24,116,0.5
SKU-000001,BOT-004,2025-12-01,116,0.5
SKU-000001,BOT-004,2025-12-08,81,0.5
SKU-000001,BOT-004,2025-12-15,115,0.5
SKU-000001,BOT-004,2025-12-22,125,0.5
SKU-000001,BOT-004,2025-12-29,145,0.5
SKU-000001,BOT-004,2026-01-05,86,0.5
SKU-000001,BOT-004,2026-01-12,147,0.5
SKU-000001,BOT-004,2026-01-19,113,0.5
SKU-000001,BOT-004,2026-01-26,124,0.5
SKU-000001,BOT-004,2026-02-02,137,0.5
SKU-000001,BOT-004,2026-02-09,145,0.5
SKU-000001,BOT-004,2026-02-16,132,0.5
SKU-000001,BOT-004,2026-02-23,114,0.5
SKU-000001,BOT-004,2026-03-02,110,0.5
SKU-000001,BOT-004,2026-03-09,105,0.5
SKU-000001,BOT-004,2026-03-16,89,0.5
SKU-000001,BOT-004,2026-03-23,48,0.5
SKU-000001,BOT-004,2026-03-30,150,0.5
SKU-000001,BOT-004,2026-04-06,79,0.5
SKU-000001,BOT-004,2026-04-13,88,0.5
SKU-000001,BOT-004,2026-04-20,167,0.5
SKU-000001,BOT-004,2026-04-27,122,0.5
SKU-000001,BOT-004,2026-05-04,131,0.5
SKU-000001,BOT-003,2025-05-12,117,0.5
SKU-000001,BOT-003,2025-05-19,128,0.5
SKU-000001,BOT-003,2025-05-26,133,0.5
SKU-000001,BOT-003,2025-06-02,141,0.5
SKU-000001,BOT-003,2025-06-09,206,0.5
SKU-000001,BOT-003,2025-06-16,135,0.5
SKU-000001,BOT-003,2025-06-23,201,0.5
SKU-000001,BOT-003,2025-06-30,192,0.5
SKU-000001,BOT-003,2025-07-07,124,0.5
SKU-000001,BOT-003,2025-07-14,205,0.5
SKU-000001,BOT-003,2025-07-21,201,0.5
SKU-000001,BOT-003,2025-07-28,162,0.5
SKU-000001,BOT-003,2025-08-04,203,0.5
SKU-000001,BOT-003,2025-08-11,230,0.5
SKU-000001,BOT-003,2025-08-18,119,0.5
SKU-000001,BOT-003,2025-08-25,92,0.5
SKU-000001,BOT-003,2025-09-01,200,0.5
SKU-000001,BOT-003,2025-09-08,110,0.5
SKU-000001,BOT-003,2025-09-15,102,0.5
SKU-000001,BOT-003,2025-09-22,115,0.5
SKU-000001,BOT-003,2025-09-29,126,0.5
SKU-000001,BOT-003,2025-10-06,126,0.5
SKU-000001,BOT-003,2025-10-13,94,0.5
SKU-000001,BOT-003,2025-10-20,159,0.5
SKU-000001,BOT-003,2025-10-27,100,0.5
SKU-000001,BOT-003,2025-11-03,107,0.5
SKU-000001,BOT-003,2025-11-10,96,0.5
SKU-000001,BOT-003,2025-11-17,68,0.5
SKU-000001,BOT-003,2025-11-24,83,0.5
SKU-000001,BOT-003,2025-12-01,105,0.5
SKU-000001,BOT-003,2025-12-08,76,0.5
SKU-000001,BOT-003,2025-12-15,80,0.5
SKU-000001,BOT-003,2025-12-22,55,0.5
SKU-000001,BOT-003,2025-12-29,100,0.5
SKU-000001,BOT-003,2026-01-05,79,0.5
SKU-000001,BOT-003,2026-01-12,90,0.5
SKU-000001,BOT-003,2026-01-19,76,0.5
SKU-000001,BOT-003,2026-01-26,78,0.5
SKU-000001,BOT-003,2026-02-02,91,0.5
SKU-000001,BOT-003,2026-02-09,73,0.5
SKU-000001,BOT-003,2026-02-16,70,0.5
SKU-000001,BOT-003,2026-02-23,80,0.5
SKU-000001,BOT-003,2026-03-02,95,0.5
SKU-000001,BOT-003,2026-03-09,103,0.5
SKU-000001,BOT-003,2026-03-16,94,0.5
SKU-000001,BOT-003,2026-03-23,81,0.5
SKU-000001,BOT-003,2026-03-30,89,0.5
SKU-000001,BOT-003,2026-04-06,78,0.5
SKU-000001,BOT-003,2026-04-13,52,0.5
SKU-000001,BOT-003,2026-04-20,109,0.5
SKU-000001,BOT-003,2026-04-27,123,0.5
SKU-000001,BOT-003,2026-05-04,95,0.5
SKU-000029,BOT-001,2025-05-12,19,2.8
SKU-000029,BOT-001,2025-05-19,15,2.8
SKU-000029,BOT-001,2025-05-26,19,2.8
SKU-000029,BOT-001,2025-06-02,7,2.8
SKU-000029,BOT-001,2025-06-09,14,2.8
SKU-000029,BOT-001,2025-06-16,14,2.8
SKU-000029,BOT-001,2025-06-23,19,2.8
SKU-000029,BOT-001,2025-06-30,22,2.8
SKU-000029,BOT-001,2025-07-07,5,2.8
SKU-000029,BOT-001,2025-07-14,17,2.8
SKU-000029,BOT-001,2025-07-21,14,2.8
SKU-000029,BOT-001,2025-07-28,28,2.8
SKU-000029,BOT-001,2025-08-04,26,2.8
SKU-000029,BOT-001,2025-08-11,9,2.8
SKU-000029,BOT-001,2025-08-18,13,2.8
SKU-000029,BOT-001,2025-08-25,21,2.8
SKU-000029,BOT-001,2025-09-01,31,2.8
SKU-000029,BOT-001,2025-09-08,28,2.8
SKU-000029,BOT-001,2025-09-15,16,2.8
SKU-000029,BOT-001,2025-09-22,10,2.8
SKU-000029,BOT-001,2025-09-29,16,2.8
SKU-000029,BOT-001,2025-10-06,14,2.8
SKU-000029,BOT-001,2025-10-13,21,2.8
SKU-000029,BOT-001,2025-10-20,23,2.8
SKU-000029,BOT-001,2025-10-27,14,2.8
SKU-000029,BOT-001,2025-11-03,4,2.8
SKU-000029,BOT-001,2025-11-10,11,2.8
SKU-000029,BOT-001,2025-11-17,16,2.8
SKU-000029,BOT-001,2025-11-24,17,2.8
SKU-000029,BOT-001,2025-12-01,19,2.8
SKU-000029,BOT-001,2025-12-08,18,2.8
SKU-000029,BOT-001,2025-12-15,26,2.8
SKU-000029,BOT-001,2025-12-22,3,2.8
SKU-000029,BOT-001,2025-12-29,14,2.8
SKU-000029,BOT-001,2026-01-05,24,2.8
SKU-000029,BOT-001,2026-01-12,13,2.8
SKU-000029,BOT-001,2026-01-19,27,2.8
SKU-000029,BOT-001,2026-01-26,5,2.8
SKU-000029,BOT-001,2026-02-02,26,2.8
SKU-000029,BOT-001,2026-02-09,11,2.8
SKU-000029,BOT-001,2026-02-16,21,2.8
SKU-000029,BOT-001,2026-02-23,12,2.8
SKU-000029,BOT-001,2026-03-02,25,2.8
SKU-000029,BOT-001,2026-03-09,21,2.8
SKU-000029,BOT-001,2026-03-16,18,2.8
SKU-000029,BOT-001,2026-03-23,9,2.8
SKU-000029,BOT-001,2026-03-30,11,2.8
SKU-000029,BOT-001,2026-04-06,11,2.8
SKU-000029,BOT-001,2026-04-13,14,2.8
SKU-000029,BOT-001,2026-04-20,15,2.8
SKU-000029,BOT-001,2026-04-27,27,2.8
SKU-000029,BOT-001,2026-05-04,15,2.8
SKU-000029,BOT-002,2025-05-12,14,2.8
SKU-000029,BOT-002,2025-05-19,18,2.8
SKU-000029,BOT-002,2025-05-26,15,2.8
SKU-000029,BOT-002,2025-06-02,15,2.8
SKU-000029,BOT-002,2025-06-09,15,2.8
SKU-000029,BOT-002,2025-06-16,17,2.8
SKU-000029,BOT-002,2025-06-23,12,2.8
SKU-000029,BOT-002,2025-06-30,22,2.8
SKU-000029,BOT-002,2025-07-07,12,2.8
SKU-000029,BOT-002,2025-07-14,15,2.8
SKU-000029,BOT-002,2025-07-21,23,2.8
SKU-000029,BOT-002,2025-07-28,9,2.8
SKU-000029,BOT-002,2025-08-04,14,2.8
SKU-000029,BOT-002,2025-08-11,11,2.8
SKU-000029,BOT-002,2025-08-18,10,2.8
SKU-000029,BOT-002,2025-08-25,11,2.8
SKU-000029,BOT-002,2025-09-01,16,2.8
SKU-000029,BOT-002,2025-09-08,20,2.8
SKU-000029,BOT-002,2025-09-15,17,2.8
SKU-000029,BOT-002,2025-09-22,14,2.8
SKU-000029,BOT-002,2025-09-29,11,2.8
SKU-000029,BOT-002,2025-10-06,8,2.8
SKU-000029,BOT-002,2025-10-13,20,2.8
SKU-000029,BOT-002,2025-10-20,14,2.8
SKU-000029,BOT-002,2025-10-27,12,2.8
SKU-000029,BOT-002,2025-11-03,12,2.8
SKU-000029,BOT-002,2025-11-10,13,2.8
SKU-000029,BOT-002,2025-11-17,12,2.8
SKU-000029,BOT-002,2025-11-24,13,2.8
SKU-000029,BOT-002,2025-12-01,14,2.8
SKU-000029,BOT-002,2025-12-08,31,2.8
SKU-000029,BOT-002,2025-12-15,7,2.8
SKU-000029,BOT-002,2025-12-22,21,2.8
SKU-000029,BOT-002,2025-12-29,16,2.8
SKU-000029,BOT-002,2026-01-05,10,2.8
SKU-000029,BOT-002,2026-01-12,11,2.8
SKU-000029,BOT-002,2026-01-19,18,2.8
SKU-000029,BOT-002,2026-01-26,18,2.8
SKU-000029,BOT-002,2026-02-02,10,2.8
SKU-000029,BOT-002,2026-02-09,20,2.8
SKU-000029,BOT-002,2026-02-16,9,2.8
SKU-000029,BOT-002,2026-02-23,11,2.8
SKU-000029,BOT-002,2026-03-02,11,2.8
SKU-000029,BOT-002,2026-03-09,13,2.8
SKU-000029,BOT-002,2026-03-16,12,2.8
SKU-000029,BOT-002,2026-03-23,7,2.8
SKU-000029,BOT-002,2026-03-30,16,2.8
SKU-000029,BOT-002,2026-04-06,27,2.8
SKU-000029,BOT-002,2026-04-13,11,2.8
SKU-000029,BOT-002,2026-04-20,9,2.8
SKU-000029,BOT-002,2026-04-27,16,2.8
SKU-000029,BOT-002,2026-05-04,12,2.8
SKU-000029,BOT-005,2025-05-12,17,2.8
SKU-000029,BOT-005,2025-05-19,14,2.8
SKU-000029,BOT-005,2025-05-26,7,2.8
SKU-000029,BOT-005,2025-06-02,14,2.8
SKU-000029,BOT-005,2025-06-09,18,2.8
SKU-000029,BOT-005,2025-06-16,9,2.8
SKU-000029,BOT-005,2025-06-23,7,2.8
SKU-000029,BOT-005,2025-06-30,10,2.8
SKU-000029,BOT-005,2025-07-07,8,2.8
SKU-000029,BOT-005,2025-07-14,25,2.8
SKU-000029,BOT-005,2025-07-21,17,2.8
SKU-000029,BOT-005,2025-07-28,22,2.8
SKU-000029,BOT-005,2025-08-04,22,2.8
SKU-000029,BOT-005,2025-08-11,14,2.8
SKU-000029,BOT-005,2025-08-18,8,2.8
SKU-000029,BOT-005,2025-08-25,16,2.8
SKU-000029,BOT-005,2025-09-01,21,2.8
SKU-000029,BOT-005,2025-09-08,9,2.8
SKU-000029,BOT-005,2025-09-15,14,2.8
SKU-000029,BOT-005,2025-09-22,9,2.8
SKU-000029,BOT-005,2025-09-29,21,2.8
SKU-000029,BOT-005,2025-10-06,5,2.8
SKU-000029,BOT-005,2025-10-13,10,2.8
SKU-000029,BOT-005,2025-10-20,19,2.8
SKU-000029,BOT-005,2025-10-27,21,2.8
SKU-000029,BOT-005,2025-11-03,15,2.8
SKU-000029,BOT-005,2025-11-10,13,2.8
SKU-000029,BOT-005,2025-11-17,9,2.8
SKU-000029,BOT-005,2025-11-24,22,2.8
SKU-000029,BOT-005,2025-12-01,13,2.8
SKU-000029,BOT-005,2025-12-08,14,2.8
SKU-000029,BOT-005,2025-12-15,13,2.8
SKU-000029,BOT-005,2025-12-22,15,2.8
SKU-000029,BOT-005,2025-12-29,22,2.8
SKU-000029,BOT-005,2026-01-05,6,2.8
SKU-000029,BOT-005,2026-01-12,16,2.8
SKU-000029,BOT-005,2026-01-19,19,2.8
SKU-000029,BOT-005,2026-01-26,18,2.8
SKU-000029,BOT-005,2026-02-02,17,2.8
SKU-000029,BOT-005,2026-02-09,9,2.8
SKU-000029,BOT-005,2026-02-16,23,2.8
SKU-000029,BOT-005,2026-02-23,17,2.8
SKU-000029,BOT-005,2026-03-02,7,2.8
SKU-000029,BOT-005,2026-03-09,20,2.8
SKU-000029,BOT-005,2026-03-16,6,2.8
SKU-000029,BOT-005,2026-03-23,14,2.8
SKU-000029,BOT-005,2026-03-30,16,2.8
SKU-000029,BOT-005,2026-04-06,10,2.8
SKU-000029,BOT-005,2026-04-13,11,2.8
SKU-000029,BOT-005,2026-04-20,9,2.8
SKU-000029,BOT-005,2026-04-27,25,2.8
SKU-000029,BOT-005,2026-05-04,12,2.8
SKU-000029,BOT-004,2025-05-12,7,2.8
SKU-000029,BOT-004,2025-05-19,7,2.8
SKU-000029,BOT-004,2025-05-26,18,2.8
SKU-000029,BOT-004,2025-06-02,23,2.8
SKU-000029,BOT-004,2025-06-09,8,2.8
SKU-000029,BOT-004,2025-06-16,9,2.8
SKU-000029,BOT-004,2025-06-23,12,2.8
SKU-000029,BOT-004,2025-06-30,12,2.8
SKU-000029,BOT-004,2025-07-07,11,2.8
SKU-000029,BOT-004,2025-07-14,15,2.8
SKU-000029,BOT-004,2025-07-21,10,2.8
SKU-000029,BOT-004,2025-07-28,21,2.8
SKU-000029,BOT-004,2025-08-04,21,2.8
SKU-000029,BOT-004,2025-08-11,15,2.8
SKU-000029,BOT-004,2025-08-18,8,2.8
SKU-000029,BOT-004,2025-08-25,18,2.8
SKU-000029,BOT-004,2025-09-01,15,2.8
SKU-000029,BOT-004,2025-09-08,13,2.8
SKU-000029,BOT-004,2025-09-15,16,2.8
SKU-000029,BOT-004,2025-09-22,15,2.8
SKU-000029,BOT-004,2025-09-29,9,2.8
SKU-000029,BOT-004,2025-10-06,20,2.8
SKU-000029,BOT-004,2025-10-13,16,2.8
SKU-000029,BOT-004,2025-10-20,15,2.8
SKU-000029,BOT-004,2025-10-27,11,2.8
SKU-000029,BOT-004,2025-11-03,8,2.8
SKU-000029,BOT-004,2025-11-10,18,2.8
SKU-000029,BOT-004,2025-11-17,18,2.8
SKU-000029,BOT-004,2025-11-24,19,2.8
SKU-000029,BOT-004,2025-12-01,24,2.8
SKU-000029,BOT-004,2025-12-08,10,2.8
SKU-000029,BOT-004,2025-12-15,17,2.8
SKU-000029,BOT-004,2025-12-22,11,2.8
SKU-000029,BOT-004,2025-12-29,14,2.8
SKU-000029,BOT-004,2026-01-05,20,2.8
SKU-000029,BOT-004,2026-01-12,14,2.8
SKU-000029,BOT-004,2026-01-19,22,2.8
SKU-000029,BOT-004,2026-01-26,4,2.8
SKU-000029,BOT-004,2026-02-02,16,2.8
SKU-000029,BOT-004,2026-02-09,14,2.8
SKU-000029,BOT-004,2026-02-16,14,2.8
SKU-000029,BOT-004,2026-02-23,16,2.8
SKU-000029,BOT-004,2026-03-02,19,2.8
SKU-000029,BOT-004,2026-03-09,13,2.8
SKU-000029,BOT-004,2026-03-16,9,2.8
SKU-000029,BOT-004,2026-03-23,8,2.8
SKU-000029,BOT-004,2026-03-30,9,2.8
SKU-000029,BOT-004,2026-04-06,16,2.8
SKU-000029,BOT-004,2026-04-13,15,2.8
SKU-000029,BOT-004,2026-04-20,14,2.8
SKU-000029,BOT-004,2026-04-27,11,2.8
SKU-000029,BOT-004,2026-05-04,14,2.8
SKU-000029,BOT-003,2025-05-12,16,2.8
SKU-000029,BOT-003,2025-05-19,10,2.8
SKU-000029,BOT-003,2025-05-26,15,2.8
SKU-000029,BOT-003,2025-06-02,22,2.8
SKU-000029,BOT-003,2025-06-09,12,2.8
SKU-000029,BOT-003,2025-06-16,12,2.8
SKU-000029,BOT-003,2025-06-23,14,2.8
SKU-000029,BOT-003,2025-06-30,16,2.8
SKU-000029,BOT-003,2025-07-07,16,2.8
SKU-000029,BOT-003,2025-07-14,13,2.8
SKU-000029,BOT-003,2025-07-21,9,2.8
SKU-000029,BOT-003,2025-07-28,11,2.8
SKU-000029,BOT-003,2025-08-04,13,2.8
SKU-000029,BOT-003,2025-08-11,14,2.8
SKU-000029,BOT-003,2025-08-18,11,2.8
SKU-000029,BOT-003,2025-08-25,16,2.8
SKU-000029,BOT-003,2025-09-01,21,2.8
SKU-000029,BOT-003,2025-09-08,11,2.8
SKU-000029,BOT-003,2025-09-15,10,2.8
SKU-000029,BOT-003,2025-09-22,8,2.8
SKU-000029,BOT-003,2025-09-29,19,2.8
SKU-000029,BOT-003,2025-10-06,16,2.8
SKU-000029,BOT-003,2025-10-13,11,2.8
SKU-000029,BOT-003,2025-10-20,13,2.8
SKU-000029,BOT-003,2025-10-27,11,2.8
SKU-000029,BOT-003,2025-11-03,14,2.8
SKU-000029,BOT-003,2025-11-10,14,2.8
SKU-000029,BOT-003,2025-11-17,11,2.8
SKU-000029,BOT-003,2025-11-24,16,2.8
SKU-000029,BOT-003,2025-12-01,6,2.8
SKU-000029,BOT-003,2025-12-08,17,2.8
SKU-000029,BOT-003,2025-12-15,7,2.8
SKU-000029,BOT-003,2025-12-22,16,2.8
SKU-000029,BOT-003,2025-12-29,19,2.8
SKU-000029,BOT-003,2026-01-05,15,2.8
SKU-000029,BOT-003,2026-01-12,8,2.8
SKU-000029,BOT-003,2026-01-19,15,2.8
SKU-000029,BOT-003,2026-01-26,10,2.8
SKU-000029,BOT-003,2026-02-02,18,2.8
SKU-000029,BOT-003,2026-02-09,10,2.8
SKU-000029,BOT-003,2026-02-16,15,2.8
SKU-000029,BOT-003,2026-02-23,15,2.8
SKU-000029,BOT-003,2026-03-02,19,2.8
SKU-000029,BOT-003,2026-03-09,9,2.8
SKU-000029,BOT-003,2026-03-16,7,2.8
SKU-000029,BOT-003,2026-03-23,14,2.8
SKU-000029,BOT-003,2026-03-30,24,2.8
SKU-000029,BOT-003,2026-04-06,17,2.8
SKU-000029,BOT-003,2026-04-13,10,2.8
SKU-000029,BOT-003,2026-04-20,11,2.8
SKU-000029,BOT-003,2026-04-27,16,2.8
SKU-000029,BOT-003,2026-05-04,7,2.8
