id,org_id,producto_id,ubicacion_tipo,ubicacion_id,numero_lote,fecha_vencimiento,cantidad,proveedor_id
e1238915-ec27-55e7-86b6-2fae2d6aa417,e8aeb018-f679-5670-b210-de4f62ff2111,d3961f5a-3ea7-53d3-89f4-78b65b0c0c6b,botica,26f7241d-a84e-5e4a-a43d-33eea1e54eea,LT-000001-INICIAL,2025-12-21,0,76d6c9f4-5d7d-53c0-bb1f-2a577383765a
a7089be1-8fbe-5407-8f18-6f5ebadee5a0,e8aeb018-f679-5670-b210-de4f62ff2111,d3961f5a-3ea7-53d3-89f4-78b65b0c0c6b,botica,43616d97-2221-569d-82eb-bcc14bcd6344,LT-000001-INICIAL,2025-12-21,0,76d6c9f4-5d7d-53c0-bb1f-2a577383765a
bc206a7a-5011-5f1a-9ba0-91fa58ee364d,e8aeb018-f679-5670-b210-de4f62ff2111,d3961f5a-3ea7-53d3-89f4-78b65b0c0c6b,botica,d6f21f11-7533-52dd-a4dc-2fb8e260c02c,LT-000001-INICIAL,2025-12-21,0,76d6c9f4-5d7d-53c0-bb1f-2a577383765a
40dc9c7a-0369-50cf-a7fd-9c06018d8057,e8aeb018-f679-5670-b210-de4f62ff2111,d3961f5a-3ea7-53d3-89f4-78b65b0c0c6b,botica,8ecedccf-c230-516b-bbc2-108f7a6fbe63,LT-000001-INICIAL,2025-12-21,0,76d6c9f4-5d7d-53c0-bb1f-2a577383765a
ab0d87f0-7e0a-55dd-bf77-d0b7d7c9cb43,e8aeb018-f679-5670-b210-de4f62ff2111,d3961f5a-3ea7-53d3-89f4-78b65b0c0c6b,botica,7fb983e8-6848-5425-97a2-14da72722d0f,LT-000001-INICIAL,2025-12-21,0,76d6c9f4-5d7d-53c0-bb1f-2a577383765a
04afc5d5-215b-5534-afc3-0cf72689c48f,e8aeb018-f679-5670-b210-de4f62ff2111,2933d8b7-2438-521b-b38d-d3a5224f87fc,botica,26f7241d-a84e-5e4a-a43d-33eea1e54eea,LT-000002-INICIAL,2025-12-21,0,41cb90d0-d91a-57c2-b138-831be351479f
bd435786-ecc3-52f0-afb0-51e1de2734b9,e8aeb018-f679-5670-b210-de4f62ff2111,2933d8b7-2438-521b-b38d-d3a5224f87fc,botica,43616d97-2221-569d-82eb-bcc14bcd6344,LT-000002-INICIAL,2025-12-21,0,41cb90d0-d91a-57c2-b138-831be351479f
6d60865b-5b59-51d5-8f53-f75db8436198,e8aeb018-f679-5670-b210-de4f62ff2111,2933d8b7-2438-521b-b38d-d3a5224f87fc,botica,d6f21f11-7533-52dd-a4dc-2fb8e260c02c,LT-000002-INICIAL,2025-12-21,0,41cb90d0-d91a-57c2-b138-831be351479f
bf7e7395-72cc-5165-a38b-b70750a707d4,e8aeb018-f679-5670-b210-de4f62ff2111,2933d8b7-2438-521b-b38d-d3a5224f87fc,botica,8ecedccf-c230-516b-bbc2-108f7a6fbe63,LT-000002-INICIAL,2025-12-21,0,41cb90d0-d91a-57c2-b138-831be351479f
da1e391b-014e-5ec7-8116-ae2b0be2902d,e8aeb018-f679-5670-b210-de4f62ff2111,2933d8b7-2438-521b-b38d-d3a5224f87fc,botica,7fb983e8-6848-5425-97a2-14da72722d0f,LT-000002-INICIAL,2025-12-21,0,41cb90d0-d91a-57c2-b138-831be351479f
4762c206-ca6e-54a9-9fc8-63eea8046c99,e8aeb018-f679-5670-b210-de4f62ff2111,6d807393-f4ab-5f76-b544-251eeda27ba3,botica,26f7241d-a84e-5e4a-a43d-33eea1e54eea,LT-000003-INICIAL,2025-12-21,0,ab4a547f-e75d-5601-8171-00da4efa4b57
b89444d8-6bef-546e-9f74-35b0a0efdd88,e8aeb018-f679-5670-b210-de4f62ff2111,6d807393-f4ab-5f76-b544-251eeda27ba3,botica,43616d97-2221-569d-82eb-bcc14bcd6344,LT-000003-INICIAL,2025-12-21,0,ab4a547f-e75d-5601-8171-00da4efa4b57
79bbde45-2301-5177-80ff-95cb11bafa63,e8aeb018-f679-5670-b210-de4f62ff2111,6d807393-f4ab-5f76-b544-251eeda27ba3,botica,d6f21f11-7533-52dd-a4dc-2fb8e260c02c,LT-000003-INICIAL,2025-12-21,0,ab4a547f-e75d-5601-8171-00da4efa4b57
780137cc-009c-5802-8fcc-66161e742211,e8aeb018-f679-5670-b210-de4f62ff2111,6d807393-f4ab-5f76-b544-251eeda27ba3,botica,8ecedccf-c230-516b-bbc2-108f7a6fbe63,LT-000003-INICIAL,2025-12-21,0,ab4a547f-e75d-5601-8171-00da4efa4b57
187c0670-ec46-5743-818d-e63b7aa9750f,e8aeb018-f679-5670-b210-de4f62ff2111,6d807393-f4ab-5f76-b544-251eeda27ba3,botica,7fb983e8-6848-5425-97a2-14da72722d0f,LT-000003-INICIAL,2025-12-21,0,ab4a547f-e75d-5601-8171-00da4efa4b57
f8b3963a-f595-5998-8997-fe5e86b09a7d,e8aeb018-f679-5670-b210-de4f62ff2111,042e2e80-f954-5df4-97be-29dd428cc598,botica,26f7241d-a84e-5e4a-a43d-33eea1e54eea,LT-000004-INICIAL,2025-12-21,0,c6617891-56ff-5690-89a4-1ece06685ff5
d82f307a-c509-53ee-880f-e578f4040920,e8aeb018-f679-5670-b210-de4f62ff2111,042e2e80-f954-5df4-97be-29dd428cc598,botica,43616d97-2221-569d-82eb-bcc14bcd6344,LT-000004-INICIAL,2025-12-21,0,c6617891-56ff-5690-89a4-1ece06685ff5
6f4e6597-e903-557a-98ed-36168a2cbedb,e8aeb018-f679-5670-b210-de4f62ff2111,042e2e80-f954-5df4-97be-29dd428cc598,botica,d6f21f11-7533-52dd-a4dc-2fb8e260c02c,LT-000004-INICIAL,2025-12-21,0,c6617891-56ff-5690-89a4-1ece06685ff5
f053539e-cc7d-55e2-ab6d-5a6cb9d1076f,e8aeb018-f679-5670-b210-de4f62ff2111,042e2e80-f954-5df4-97be-29dd428cc598,botica,8ecedccf-c230-516b-bbc2-108f7a6fbe63,LT-000004-INICIAL,2025-12-21,0,c6617891-56ff-5690-89a4-1ece06685ff5
c0beb331-0676-55db-9c10-196e5acfd2fc,e8aeb018-f679-5670-b210-de4f62ff2111,042e2e80-f954-5df4-97be-29dd428cc598,botica,7fb983e8-6848-5425-97a2-14da72722d0f,LT-000004-INICIAL,2025-12-21,0,c6617891-56ff-5690-89a4-1ece06685ff5
440ad015-850b-5970-99ba-63ea73765753,e8aeb018-f679-5670-b210-de4f62ff2111,9928e9a1-d9fc-5fdd-86c2-8909352fd7fe,botica,26f7241d-a84e-5e4a-a43d-33eea1e54eea,LT-000005-INICIAL,2025-12-21,0,a6f6d890-1609-53fc-b4a6-5733ccc9d078
21eef348-cddf-5b8e-9cfc-b2fa1b750eb5,e8aeb018-f679-5670-b210-de4f62ff2111,9928e9a1-d9fc-5fdd-86c2-8909352fd7fe,botica,43616d97-2221-569d-82eb-bcc14bcd6344,LT-000005-INICIAL,2025-12-21,0,a6f6d890-1609-53fc-b4a6-5733ccc9d078
2354070e-2745-5cc0-90a4-946328262f3f,e8aeb018-f679-5670-b210-de4f62ff2111,9928e9a1-d9fc-5fdd-86c2-8909352fd7fe,botica,d6f21f11-7533-52dd-a4dc-2fb8e260c02c,LT-000005-INICIAL,2025-12-21,0,a6f6d890-1609-53fc-b4a6-5733ccc9d078
c3731d24-4a06-5bc0-a53b-2f1eef65a7b6,e8aeb018-f679-5670-b210-de4f62ff2111,9928e9a1-d9fc-5fdd-86c2-8909352fd7fe,botica,8ecedccf-c230-516b-bbc2-108f7a6fbe63,LT-000005-INICIAL,2025-12-21,0,a6f6d890-1609-53fc-b4a6-5733ccc9d078
b5b8e536-b139-58f6-8d61-d8b34d611b6e,e8aeb018-f679-5670-b210-de4f62ff2111,9928e9a1-d9fc-5fdd-86c2-8909352fd7fe,botica,7fb983e8-6848-5425-97a2-14da72722d0f,LT-000005-INICIAL,2025-12-21,0,a6f6d890-1609-53fc-b4a6-5733ccc9d078
34fd17fa-3eb6-5d82-b988-d0e1e15b8595,e8aeb018-f679-5670-b210-de4f62ff2111,5bbfdec8-65ae-59e6-b211-5eccb5b765fa,botica,26f7241d-a84e-5e4a-a43d-33eea1e54eea,LT-000006-INICIAL,2025-12-21,0,76d6c9f4-5d7d-53c0-bb1f-2a577383765a
8358bafe-7ebd-5308-a743-3867f870af2b,e8aeb018-f679-5670-b210-de4f62ff2111,5bbfdec8-65ae-59e6-b211-5eccb5b765fa,botica,43616d97-2221-569d-82eb-bcc14bcd6344,LT-000006-INICIAL,2025-12-21,0,76d6c9f4-5d7d-53c0-bb1f-2a577383765a
7796013d-ee54-59ea-bd1d-d4f726dd57ab,e8aeb018-f679-5670-b210-de4f62ff2111,5bbfdec8-65ae-59e6-b211-5eccb5b765fa,botica,d6f21f11-7533-52dd-a4dc-2fb8e260c02c,LT-000006-INICIAL,2025-12-21,0,76d6c9f4-5d7d-53c0-bb1f-2a577383765a
b33fd612-3ec8-570c-8e7d-a2f7113ed2d0,e8aeb018-f679-5670-b210-de4f62ff2111,5bbfdec8-65ae-59e6-b211-5eccb5b765fa,botica,8ecedccf-c230-516b-bbc2-108f7a6fbe63,LT-000006-INICIAL,2025-12-21,0,76d6c9f4-5d7d-53c0-bb1f-2a577383765a
5c60e462-77cf-5fe9-b3ef-87b10d870a7a,e8aeb018-f679-5670-b210-de4f62ff2111,5bbfdec8-65ae-59e6-b211-5eccb5b765fa,botica,7fb983e8-6848-5425-97a2-14da72722d0f,LT-000006-INICIAL,2025-12-21,0,76d6c9f4-5d7d-53c0-bb1f-2a577383765a
84dc48b3-dc6c-593a-ab31-c41d9f47ca53,e8aeb018-f679-5670-b210-de4f62ff2111,82cd11ba-d1a0-58b1-b14f-edd741f36e87,botica,26f7241d-a84e-5e4a-a43d-33eea1e54eea,LT-000007-INICIAL,2025-12-21,0,41cb90d0-d91a-57c2-b138-831be351479f
c0a587fc-b71d-58d5-a94e-baf721a2cc32,e8aeb018-f679-5670-b210-de4f62ff2111,82cd11ba-d1a0-58b1-b14f-edd741f36e87,botica,43616d97-2221-569d-82eb-bcc14bcd6344,LT-000007-INICIAL,2025-12-21,0,41cb90d0-d91a-57c2-b138-831be351479f
11c7f7c5-47ef-5e9f-8b7d-0ca94c41cbb1,e8aeb018-f679-5670-b210-de4f62ff2111,82cd11ba-d1a0-58b1-b14f-edd741f36e87,botica,d6f21f11-7533-52dd-a4dc-2fb8e260c02c,LT-000007-INICIAL,2025-12-21,0,41cb90d0-d91a-57c2-b138-831be351479f
0868e0d3-3d06-5f12-9dc6-bd61f09f3ce2,e8aeb018-f679-5670-b210-de4f62ff2111,82cd11ba-d1a0-58b1-b14f-edd741f36e87,botica,8ecedccf-c230-516b-bbc2-108f7a6fbe63,LT-000007-INICIAL,2025-12-21,0,41cb90d0-d91a-57c2-b138-831be351479f
fae44763-11e6-5c9f-9df0-926084e66856,e8aeb018-f679-5670-b210-de4f62ff2111,82cd11ba-d1a0-58b1-b14f-edd741f36e87,botica,7fb983e8-6848-5425-97a2-14da72722d0f,LT-000007-INICIAL,2025-12-21,0,41cb90d0-d91a-57c2-b138-831be351479f
6a1b865f-ca89-59fd-9bd8-b5b66101768e,e8aeb018-f679-5670-b210-de4f62ff2111,07371b94-955f-52a4-9bf9-f0a6ad2b4fa8,botica,26f7241d-a84e-5e4a-a43d-33eea1e54eea,LT-000008-INICIAL,2025-12-21,0,ab4a547f-e75d-5601-8171-00da4efa4b57
d34b1fb3-9259-54b8-a038-eda9b7580343,e8aeb018-f679-5670-b210-de4f62ff2111,07371b94-955f-52a4-9bf9-f0a6ad2b4fa8,botica,43616d97-2221-569d-82eb-bcc14bcd6344,LT-000008-INICIAL,2025-12-21,0,ab4a547f-e75d-5601-8171-00da4efa4b57
11dfe301-81e5-5dff-b355-5b5506307c1b,e8aeb018-f679-5670-b210-de4f62ff2111,07371b94-955f-52a4-9bf9-f0a6ad2b4fa8,botica,d6f21f11-7533-52dd-a4dc-2fb8e260c02c,LT-000008-INICIAL,2025-12-21,0,ab4a547f-e75d-5601-8171-00da4efa4b57
aa864330-5d0f-5ce3-b48b-13fae9e27485,e8aeb018-f679-5670-b210-de4f62ff2111,07371b94-955f-52a4-9bf9-f0a6ad2b4fa8,botica,8ecedccf-c230-516b-bbc2-108f7a6fbe63,LT-000008-INICIAL,2025-12-21,0,ab4a547f-e75d-5601-8171-00da4efa4b57
1b156121-c681-5c08-b655-c2e74b2584e1,e8aeb018-f679-5670-b210-de4f62ff2111,07371b94-955f-52a4-9bf9-f0a6ad2b4fa8,botica,7fb983e8-6848-5425-97a2-14da72722d0f,LT-000008-INICIAL,2025-12-21,0,ab4a547f-e75d-5601-8171-00da4efa4b57
ee99ecf6-15ca-5b16-89c7-767687180f5b,e8aeb018-f679-5670-b210-de4f62ff2111,058c6382-bde2-59d1-93ff-20c6161a4736,botica,26f7241d-a84e-5e4a-a43d-33eea1e54eea,LT-000009-INICIAL,2025-12-21,0,c6617891-56ff-5690-89a4-1ece06685ff5
a2f32dc1-9d29-506f-acf8-92d029142786,e8aeb018-f679-5670-b210-de4f62ff2111,058c6382-bde2-59d1-93ff-20c6161a4736,botica,43616d97-2221-569d-82eb-bcc14bcd6344,LT-000009-INICIAL,2025-12-21,0,c6617891-56ff-5690-89a4-1ece06685ff5
aa7c6f53-2903-5b9b-a44f-b4a079f47274,e8aeb018-f679-5670-b210-de4f62ff2111,058c6382-bde2-59d1-93ff-20c6161a4736,botica,d6f21f11-7533-52dd-a4dc-2fb8e260c02c,LT-000009-INICIAL,2025-12-21,0,c6617891-56ff-5690-89a4-1ece06685ff5
f4fec2aa-b3e7-582a-b761-dbc134c501da,e8aeb018-f679-5670-b210-de4f62ff2111,058c6382-bde2-59d1-93ff-20c6161a4736,botica,8ecedccf-c230-516b-bbc2-108f7a6fbe63,LT-000009-INICIAL,2025-12-21,0,c6617891-56ff-5690-89a4-1ece06685ff5
2c074d78-afa9-550a-a4de-ff9d8474fba2,e8aeb018-f679-5670-b210-de4f62ff2111,058c6382-bde2-59d1-93ff-20c6161a4736,botica,7fb983e8-6848-5425-97a2-14da72722d0f,LT-000009-INICIAL,2025-12-21,0,c6617891-56ff-5690-89a4-1ece06685ff5
e072c0ad-58cd-5445-bb0e-c011123994f9,e8aeb018-f679-5670-b210-de4f62ff2111,4d9429b6-2ebf-5b5d-ac48-f779d5a1e270,botica,26f7241d-a84e-5e4a-a43d-33eea1e54eea,LT-000010-INICIAL,2025-12-21,0,a6f6d890-1609-53fc-b4a6-5733ccc9d078
0ac1476c-04c7-5039-9d43-8587d30b35f1,e8aeb018-f679-5670-b210-de4f62ff2111,4d9429b6-2ebf-5b5d-ac48-f779d5a1e270,botica,43616d97-2221-569d-82eb-bcc14bcd6344,LT-000010-INICIAL,2025-12-21,0,a6f6d890-1609-53fc-b4a6-5733ccc9d078
13444817-04e2-5b3d-a150-65af32eed3e8,e8aeb018-f679-5670-b210-de4f62ff2111,4d9429b6-2ebf-5b5d-ac48-f779d5a1e270,botica,d6f21f11-7533-52dd-a4dc-2fb8e260c02c,LT-000010-INICIAL,2025-12-21,0,a6f6d890-1609-53fc-b4a6-5733ccc9d078
8b823b97-9f8b-5fb5-8365-1a517e05ee20,e8aeb018-f679-5670-b210-de4f62ff2111,4d9429b6-2ebf-5b5d-ac48-f779d5a1e270,botica,8ecedccf-c230-516b-bbc2-108f7a6fbe63,LT-000010-INICIAL,2025-12-21,0,a6f6d890-1609-53fc-b4a6-5733ccc9d078
7479103f-3b4f-5ae7-b204-3abf6d06c47e,e8aeb018-f679-5670-b210-de4f62ff2111,4d9429b6-2ebf-5b5d-ac48-f779d5a1e270,botica,7fb983e8-6848-5425-97a2-14da72722d0f,LT-000010-INICIAL,2025-12-21,0,a6f6d890-1609-53fc-b4a6-5733ccc9d078
28a7da00-7ab0-5db5-915e-d24ce6cba6fd,e8aeb018-f679-5670-b210-de4f62ff2111,c0cf5e5c-b5c9-585a-8e79-d9830bc954f6,botica,26f7241d-a84e-5e4a-a43d-33eea1e54eea,LT-000011-INICIAL,2025-12-21,0,76d6c9f4-5d7d-53c0-bb1f-2a577383765a
eb95c809-4c4a-5df7-b216-22eb12b281fc,e8aeb018-f679-5670-b210-de4f62ff2111,c0cf5e5c-b5c9-585a-8e79-d9830bc954f6,botica,43616d97-2221-569d-82eb-bcc14bcd6344,LT-000011-INICIAL,2025-12-21,0,76d6c9f4-5d7d-53c0-bb1f-2a577383765a
c8524787-1efc-5a98-be06-3cb088ea66c8,e8aeb018-f679-5670-b210-de4f62ff2111,c0cf5e5c-b5c9-585a-8e79-d9830bc954f6,botica,d6f21f11-7533-52dd-a4dc-2fb8e260c02c,LT-000011-INICIAL,2025-12-21,0,76d6c9f4-5d7d-53c0-bb1f-2a577383765a
c5dc085b-6aba-5d12-bb83-75784d8302b2,e8aeb018-f679-5670-b210-de4f62ff2111,c0cf5e5c-b5c9-585a-8e79-d9830bc954f6,botica,8ecedccf-c230-516b-bbc2-108f7a6fbe63,LT-000011-INICIAL,2025-12-21,0,76d6c9f4-5d7d-53c0-bb1f-2a577383765a
535e0bc4-b8c7-5bde-ba72-4956d91aef8b,e8aeb018-f679-5670-b210-de4f62ff2111,c0cf5e5c-b5c9-585a-8e79-d9830bc954f6,botica,7fb983e8-6848-5425-97a2-14da72722d0f,LT-000011-INICIAL,2025-12-21,0,76d6c9f4-5d7d-53c0-bb1f-2a577383765a
843f8861-8d24-5af1-a1f6-2761ff5c3744,e8aeb018-f679-5670-b210-de4f62ff2111,38adf7ba-476e-5e6b-9163-781a13538253,botica,26f7241d-a84e-5e4a-a43d-33eea1e54eea,LT-000012-INICIAL,2025-12-21,0,41cb90d0-d91a-57c2-b138-831be351479f
23b14c5f-b46e-5324-9454-c7b1e526057a,e8aeb018-f679-5670-b210-de4f62ff2111,38adf7ba-476e-5e6b-9163-781a13538253,botica,43616d97-2221-569d-82eb-bcc14bcd6344,LT-000012-INICIAL,2025-12-21,0,41cb90d0-d91a-57c2-b138-831be351479f
ae1438ca-74c2-5a70-a028-97b3c6f91bae,e8aeb018-f679-5670-b210-de4f62ff2111,38adf7ba-476e-5e6b-9163-781a13538253,botica,d6f21f11-7533-52dd-a4dc-2fb8e260c02c,LT-000012-INICIAL,2025-12-21,0,41cb90d0-d91a-57c2-b138-831be351479f
e798fce3-0cb9-5190-9cb6-148e9ec18137,e8aeb018-f679-5670-b210-de4f62ff2111,38adf7ba-476e-5e6b-9163-781a13538253,botica,8ecedccf-c230-516b-bbc2-108f7a6fbe63,LT-000012-INICIAL,2025-12-21,0,41cb90d0-d91a-57c2-b138-831be351479f
7a3abd4b-1c53-5ecd-9778-92967738123d,e8aeb018-f679-5670-b210-de4f62ff2111,38adf7ba-476e-5e6b-9163-781a13538253,botica,7fb983e8-6848-5425-97a2-14da72722d0f,LT-000012-INICIAL,2025-12-21,0,41cb90d0-d91a-57c2-b138-831be351479f
8f3f865c-9f9d-54f0-a31c-726ae41dbe9f,e8aeb018-f679-5670-b210-de4f62ff2111,94e18241-54bd-5516-b36f-94ab6e323aca,botica,26f7241d-a84e-5e4a-a43d-33eea1e54eea,LT-000013-INICIAL,2025-12-21,0,ab4a547f-e75d-5601-8171-00da4efa4b57
2e048382-0cd8-57a9-8d4a-6e6c9b1d7f71,e8aeb018-f679-5670-b210-de4f62ff2111,94e18241-54bd-5516-b36f-94ab6e323aca,botica,43616d97-2221-569d-82eb-bcc14bcd6344,LT-000013-INICIAL,2025-12-21,0,ab4a547f-e75d-5601-8171-00da4efa4b57
1ede1152-487d-5075-b1bf-ee60d6ac2b24,e8aeb018-f679-5670-b210-de4f62ff2111,94e18241-54bd-5516-b36f-94ab6e323aca,botica,d6f21f11-7533-52dd-a4dc-2fb8e260c02c,LT-000013-INICIAL,2025-12-21,0,ab4a547f-e75d-5601-8171-00da4efa4b57
80b85cfb-7a8e-5ad3-8192-671a30b61529,e8aeb018-f679-5670-b210-de4f62ff2111,94e18241-54bd-5516-b36f-94ab6e323aca,botica,8ecedccf-c230-516b-bbc2-108f7a6fbe63,LT-000013-INICIAL,2025-12-21,0,ab4a547f-e75d-5601-8171-00da4efa4b57
f1d76c10-21a2-5c54-96ad-89c28d32a981,e8aeb018-f679-5670-b210-de4f62ff2111,94e18241-54bd-5516-b36f-94ab6e323aca,botica,7fb983e8-6848-5425-97a2-14da72722d0f,LT-000013-INICIAL,2025-12-21,0,ab4a547f-e75d-5601-8171-00da4efa4b57
3984651c-05f9-5180-80f4-83fe7d2b5b27,e8aeb018-f679-5670-b210-de4f62ff2111,87b859e0-789a-56e6-b1ba-4fe76221d3bf,botica,26f7241d-a84e-5e4a-a43d-33eea1e54eea,LT-000014-INICIAL,2025-12-21,0,c6617891-56ff-5690-89a4-1ece06685ff5
b375e415-e90a-5206-ba96-841dfb6ab167,e8aeb018-f679-5670-b210-de4f62ff2111,87b859e0-789a-56e6-b1ba-4fe76221d3bf,botica,43616d97-2221-569d-82eb-bcc14bcd6344,LT-000014-INICIAL,2025-12-21,0,c6617891-56ff-5690-89a4-1ece06685ff5
17235c22-0c66-5033-b691-310f1cbe747c,e8aeb018-f679-5670-b210-de4f62ff2111,87b859e0-789a-56e6-b1ba-4fe76221d3bf,botica,d6f21f11-7533-52dd-a4dc-2fb8e260c02c,LT-000014-INICIAL,2025-12-21,0,c6617891-56ff-5690-89a4-1ece06685ff5
edd83a56-d2c4-503c-97b7-b9e3814371ec,e8aeb018-f679-5670-b210-de4f62ff2111,87b859e0-789a-56e6-b1ba-4fe76221d3bf,botica,8ecedccf-c230-516b-bbc2-108f7a6fbe63,LT-000014-INICIAL,2025-12-21,0,c6617891-56ff-5690-89a4-1ece06685ff5
23c7014f-575f-5316-83ae-ac21c7ccdbba,e8aeb018-f679-5670-b210-de4f62ff2111,87b859e0-789a-56e6-b1ba-4fe76221d3bf,botica,7fb983e8-6848-5425-97a2-14da72722d0f,LT-000014-INICIAL,2025-12-21,0,c6617891-56ff-5690-89a4-1ece06685ff5
18d07477-8305-5db3-878e-d3c61281f5be,e8aeb018-f679-5670-b210-de4f62ff2111,983871db-adfb-543e-b438-6b00044ffb64,botica,26f7241d-a84e-5e4a-a43d-33eea1e54eea,LT-000015-INICIAL,2025-12-21,0,a6f6d890-1609-53fc-b4a6-5733ccc9d078
45622113-f4f1-51b9-b05c-9f62b61ab436,e8aeb018-f679-5670-b210-de4f62ff2111,983871db-adfb-543e-b438-6b00044ffb64,botica,43616d97-2221-569d-82eb-bcc14bcd6344,LT-000015-INICIAL,2025-12-21,0,a6f6d890-1609-53fc-b4a6-5733ccc9d078
8e904b71-b0e1-58e1-b876-97743d0a4133,e8aeb018-f679-5670-b210-de4f62ff2111,983871db-adfb-543e-b438-6b00044ffb64,botica,d6f21f11-7533-52dd-a4dc-2fb8e260c02c,LT-000015-INICIAL,2025-12-21,0,a6f6d890-1609-53fc-b4a6-5733ccc9d078
d579285a-2076-53a9-b7e0-7965027d34fc,e8aeb018-f679-5670-b210-de4f62ff2111,983871db-adfb-543e-b438-6b00044ffb64,botica,8ecedccf-c230-516b-bbc2-108f7a6fbe63,LT-000015-INICIAL,2025-12-21,0,a6f6d890-1609-53fc-b4a6-5733ccc9d078
108047d6-7859-53ab-9313-b802e5739b21,e8aeb018-f679-5670-b210-de4f62ff2111,983871db-adfb-543e-b438-6b00044ffb64,botica,7fb983e8-6848-5425-97a2-14da72722d0f,LT-000015-INICIAL,2025-12-21,0,a6f6d890-1609-53fc-b4a6-5733ccc9d078
30c5caf0-37a1-54ce-a48f-834d1fd68500,e8aeb018-f679-5670-b210-de4f62ff2111,2082733c-4e17-51fe-bc8c-bf33d3ec5d7e,botica,26f7241d-a84e-5e4a-a43d-33eea1e54eea,LT-000016-INICIAL,2025-12-21,0,76d6c9f4-5d7d-53c0-bb1f-2a577383765a
7d09e076-51d1-5835-ac86-5013c185369f,e8aeb018-f679-5670-b210-de4f62ff2111,2082733c-4e17-51fe-bc8c-bf33d3ec5d7e,botica,43616d97-2221-569d-82eb-bcc14bcd6344,LT-000016-INICIAL,2025-12-21,0,76d6c9f4-5d7d-53c0-bb1f-2a577383765a
9bf9778a-15b9-5d42-ba41-ba23a9eaac70,e8aeb018-f679-5670-b210-de4f62ff2111,2082733c-4e17-51fe-bc8c-bf33d3ec5d7e,botica,d6f21f11-7533-52dd-a4dc-2fb8e260c02c,LT-000016-INICIAL,2025-12-21,0,76d6c9f4-5d7d-53c0-bb1f-2a577383765a
81fad40f-2972-5f4e-98a9-39037f39ce93,e8aeb018-f679-5670-b210-de4f62ff2111,2082733c-4e17-51fe-bc8c-bf33d3ec5d7e,botica,8ecedccf-c230-516b-bbc2-108f7a6fbe63,LT-000016-INICIAL,2025-12-21,0,76d6c9f4-5d7d-53c0-bb1f-2a577383765a
01df9145-3d43-5ae2-ae54-6d8868dc5db9,e8aeb018-f679-5670-b210-de4f62ff2111,2082733c-4e17-51fe-bc8c-bf33d3ec5d7e,botica,7fb983e8-6848-5425-97a2-14da72722d0f,LT-000016-INICIAL,2025-12-21,0,76d6c9f4-5d7d-53c0-bb1f-2a577383765a
772cf925-860d-5084-b855-20526fb7b93a,e8aeb018-f679-5670-b210-de4f62ff2111,d2f08f15-f9f2-5f65-a740-b05896774467,botica,26f7241d-a84e-5e4a-a43d-33eea1e54eea,LT-000017-INICIAL,2025-12-21,0,41cb90d0-d91a-57c2-b138-831be351479f
80890140-cbeb-53ce-8546-28f3f7dc8ae4,e8aeb018-f679-5670-b210-de4f62ff2111,d2f08f15-f9f2-5f65-a740-b05896774467,botica,43616d97-2221-569d-82eb-bcc14bcd6344,LT-000017-INICIAL,2025-12-21,0,41cb90d0-d91a-57c2-b138-831be351479f
fb3a7790-bd0c-5efe-85fa-a7ac6bb47a7b,e8aeb018-f679-5670-b210-de4f62ff2111,d2f08f15-f9f2-5f65-a740-b05896774467,botica,d6f21f11-7533-52dd-a4dc-2fb8e260c02c,LT-000017-INICIAL,2025-12-21,0,41cb90d0-d91a-57c2-b138-831be351479f
a57fdeb1-1a60-5483-89df-b9304a0a48b9,e8aeb018-f679-5670-b210-de4f62ff2111,d2f08f15-f9f2-5f65-a740-b05896774467,botica,8ecedccf-c230-516b-bbc2-108f7a6fbe63,LT-000017-INICIAL,2025-12-21,0,41cb90d0-d91a-57c2-b138-831be351479f
2bd19352-7297-5778-81c3-ff0d3c384aa7,e8aeb018-f679-5670-b210-de4f62ff2111,d2f08f15-f9f2-5f65-a740-b05896774467,botica,7fb983e8-6848-5425-97a2-14da72722d0f,LT-000017-INICIAL,2025-12-21,0,41cb90d0-d91a-57c2-b138-831be351479f
3791d4d9-30a5-5d11-8efe-46f249ecb137,e8aeb018-f679-5670-b210-de4f62ff2111,97d26d91-c562-5f27-9ebd-285e89c8f4bf,botica,26f7241d-a84e-5e4a-a43d-33eea1e54eea,LT-000018-INICIAL,2025-12-21,0,ab4a547f-e75d-5601-8171-00da4efa4b57
b5a13264-816c-5539-b73a-449de9b6782d,e8aeb018-f679-5670-b210-de4f62ff2111,97d26d91-c562-5f27-9ebd-285e89c8f4bf,botica,43616d97-2221-569d-82eb-bcc14bcd6344,LT-000018-INICIAL,2025-12-21,0,ab4a547f-e75d-5601-8171-00da4efa4b57
c9c185fd-fd76-5f1d-9d0d-89c9d428a4de,e8aeb018-f679-5670-b210-de4f62ff2111,97d26d91-c562-5f27-9ebd-285e89c8f4bf,botica,d6f21f11-7533-52dd-a4dc-2fb8e260c02c,LT-000018-INICIAL,2025-12-21,0,ab4a547f-e75d-5601-8171-00da4efa4b57
ff23487b-a404-5365-a4dd-86e481305162,e8aeb018-f679-5670-b210-de4f62ff2111,97d26d91-c562-5f27-9ebd-285e89c8f4bf,botica,8ecedccf-c230-516b-bbc2-108f7a6fbe63,LT-000018-INICIAL,2025-12-21,0,ab4a547f-e75d-5601-8171-00da4efa4b57
f9774070-5c6c-5e25-b8bb-d313a422953c,e8aeb018-f679-5670-b210-de4f62ff2111,97d26d91-c562-5f27-9ebd-285e89c8f4bf,botica,7fb983e8-6848-5425-97a2-14da72722d0f,LT-000018-INICIAL,2025-12-21,0,ab4a547f-e75d-5601-8171-00da4efa4b57
e64fa0ed-1d95-511b-97cb-ab2364560497,e8aeb018-f679-5670-b210-de4f62ff2111,2eb3a104-e572-583a-afa0-156ee0dc4cce,botica,26f7241d-a84e-5e4a-a43d-33eea1e54eea,LT-000019-INICIAL,2025-12-21,0,c6617891-56ff-5690-89a4-1ece06685ff5
f799cc3d-ee15-5850-9e94-aa01a538dab3,e8aeb018-f679-5670-b210-de4f62ff2111,2eb3a104-e572-583a-afa0-156ee0dc4cce,botica,43616d97-2221-569d-82eb-bcc14bcd6344,LT-000019-INICIAL,2025-12-21,0,c6617891-56ff-5690-89a4-1ece06685ff5
83bf2ef3-996b-5037-9d18-15474c8958f8,e8aeb018-f679-5670-b210-de4f62ff2111,2eb3a104-e572-583a-afa0-156ee0dc4cce,botica,d6f21f11-7533-52dd-a4dc-2fb8e260c02c,LT-000019-INICIAL,2025-12-21,0,c6617891-56ff-5690-89a4-1ece06685ff5
b1cfaa59-f9d0-5d2d-a47b-4d0628d22ff9,e8aeb018-f679-5670-b210-de4f62ff2111,2eb3a104-e572-583a-afa0-156ee0dc4cce,botica,8ecedccf-c230-516b-bbc2-108f7a6fbe63,LT-000019-INICIAL,2025-12-21,0,c6617891-56ff-5690-89a4-1ece06685ff5
e5cc8835-4b1b-5a37-adfb-29cd317574a7,e8aeb018-f679-5670-b210-de4f62ff2111,2eb3a104-e572-583a-afa0-156ee0dc4cce,botica,7fb983e8-6848-5425-97a2-14da72722d0f,LT-000019-INICIAL,2025-12-21,0,c6617891-56ff-5690-89a4-1ece06685ff5
8113e934-2f74-5b45-b9ac-13359732bb4b,e8aeb018-f679-5670-b210-de4f62ff2111,afe9d181-1c64-5cca-b4b7-a9fa24eceeea,botica,26f7241d-a84e-5e4a-a43d-33eea1e54eea,LT-000020-INICIAL,2025-12-21,0,a6f6d890-1609-53fc-b4a6-5733ccc9d078
7a4fa16f-9f55-5e7d-896c-0758bb5c139b,e8aeb018-f679-5670-b210-de4f62ff2111,afe9d181-1c64-5cca-b4b7-a9fa24eceeea,botica,43616d97-2221-569d-82eb-bcc14bcd6344,LT-000020-INICIAL,2025-12-21,0,a6f6d890-1609-53fc-b4a6-5733ccc9d078
47b94b8d-281c-58b6-8796-ffc07feb86d4,e8aeb018-f679-5670-b210-de4f62ff2111,afe9d181-1c64-5cca-b4b7-a9fa24eceeea,botica,d6f21f11-7533-52dd-a4dc-2fb8e260c02c,LT-000020-INICIAL,2025-12-21,0,a6f6d890-1609-53fc-b4a6-5733ccc9d078
21bc84bc-0c0f-565b-ac5d-8e4b9bb5103b,e8aeb018-f679-5670-b210-de4f62ff2111,afe9d181-1c64-5cca-b4b7-a9fa24eceeea,botica,8ecedccf-c230-516b-bbc2-108f7a6fbe63,LT-000020-INICIAL,2025-12-21,0,a6f6d890-1609-53fc-b4a6-5733ccc9d078
68679f40-4342-5def-a95b-bf5b84342084,e8aeb018-f679-5670-b210-de4f62ff2111,afe9d181-1c64-5cca-b4b7-a9fa24eceeea,botica,7fb983e8-6848-5425-97a2-14da72722d0f,LT-000020-INICIAL,2025-12-21,0,a6f6d890-1609-53fc-b4a6-5733ccc9d078
a31f5ef1-0f70-5519-82af-c91d32d9f810,e8aeb018-f679-5670-b210-de4f62ff2111,d0ae6d2d-e561-56b3-a2c1-113c1c56ae81,botica,26f7241d-a84e-5e4a-a43d-33eea1e54eea,LT-000021-INICIAL,2025-12-21,0,76d6c9f4-5d7d-53c0-bb1f-2a577383765a
7615a70b-ddb8-5729-b08d-cb911fd8e925,e8aeb018-f679-5670-b210-de4f62ff2111,d0ae6d2d-e561-56b3-a2c1-113c1c56ae81,botica,43616d97-2221-569d-82eb-bcc14bcd6344,LT-000021-INICIAL,2025-12-21,0,76d6c9f4-5d7d-53c0-bb1f-2a577383765a
3452ce42-c327-5272-baa0-0322d1933df8,e8aeb018-f679-5670-b210-de4f62ff2111,d0ae6d2d-e561-56b3-a2c1-113c1c56ae81,botica,d6f21f11-7533-52dd-a4dc-2fb8e260c02c,LT-000021-INICIAL,2025-12-21,0,76d6c9f4-5d7d-53c0-bb1f-2a577383765a
93208c83-256a-55d8-b556-307e68d38868,e8aeb018-f679-5670-b210-de4f62ff2111,d0ae6d2d-e561-56b3-a2c1-113c1c56ae81,botica,8ecedccf-c230-516b-bbc2-108f7a6fbe63,LT-000021-INICIAL,2025-12-21,0,76d6c9f4-5d7d-53c0-bb1f-2a577383765a
159d0549-9239-5a4b-a4a2-b479e2fd8eaf,e8aeb018-f679-5670-b210-de4f62ff2111,d0ae6d2d-e561-56b3-a2c1-113c1c56ae81,botica,7fb983e8-6848-5425-97a2-14da72722d0f,LT-000021-INICIAL,2025-12-21,0,76d6c9f4-5d7d-53c0-bb1f-2a577383765a
7ae150d7-1e8c-5f3c-8b9f-7439ca027e29,e8aeb018-f679-5670-b210-de4f62ff2111,2897aac2-f219-5167-b800-73fac27f6b85,botica,26f7241d-a84e-5e4a-a43d-33eea1e54eea,LT-000022-INICIAL,2025-12-21,0,41cb90d0-d91a-57c2-b138-831be351479f
714edef3-9620-58e2-a4c3-d65a28c4c729,e8aeb018-f679-5670-b210-de4f62ff2111,2897aac2-f219-5167-b800-73fac27f6b85,botica,43616d97-2221-569d-82eb-bcc14bcd6344,LT-000022-INICIAL,2025-12-21,0,41cb90d0-d91a-57c2-b138-831be351479f
00dcee49-06fb-5914-8ad8-dff9fded39fa,e8aeb018-f679-5670-b210-de4f62ff2111,2897aac2-f219-5167-b800-73fac27f6b85,botica,d6f21f11-7533-52dd-a4dc-2fb8e260c02c,LT-000022-INICIAL,2025-12-21,0,41cb90d0-d91a-57c2-b138-831be351479f
03343837-878a-565c-8938-17a251803092,e8aeb018-f679-5670-b210-de4f62ff2111,2897aac2-f219-5167-b800-73fac27f6b85,botica,8ecedccf-c230-516b-bbc2-108f7a6fbe63,LT-000022-INICIAL,2025-12-21,0,41cb90d0-d91a-57c2-b138-831be351479f
1561a21a-72b9-53d7-8f41-708b6c7579a5,e8aeb018-f679-5670-b210-de4f62ff2111,2897aac2-f219-5167-b800-73fac27f6b85,botica,7fb983e8-6848-5425-97a2-14da72722d0f,LT-000022-INICIAL,2025-12-21,0,41cb90d0-d91a-57c2-b138-831be351479f
dae7b7df-72f9-5a6c-9ddf-c65581376ffe,e8aeb018-f679-5670-b210-de4f62ff2111,22231140-3780-5fe8-a7d4-d33f61d15111,botica,26f7241d-a84e-5e4a-a43d-33eea1e54eea,LT-000023-INICIAL,2025-12-21,0,ab4a547f-e75d-5601-8171-00da4efa4b57
e1000b8d-31ce-5a3a-b07f-51e918cf52b6,e8aeb018-f679-5670-b210-de4f62ff2111,22231140-3780-5fe8-a7d4-d33f61d15111,botica,43616d97-2221-569d-82eb-bcc14bcd6344,LT-000023-INICIAL,2025-12-21,0,ab4a547f-e75d-5601-8171-00da4efa4b57
a812194d-ed03-5800-88b7-89479bf6398b,e8aeb018-f679-5670-b210-de4f62ff2111,22231140-3780-5fe8-a7d4-d33f61d15111,botica,d6f21f11-7533-52dd-a4dc-2fb8e260c02c,LT-000023-INICIAL,2025-12-21,0,ab4a547f-e75d-5601-8171-00da4efa4b57
b3d57d01-1b5c-56d9-84f6-ddb7cadf050a,e8aeb018-f679-5670-b210-de4f62ff2111,22231140-3780-5fe8-a7d4-d33f61d15111,botica,8ecedccf-c230-516b-bbc2-108f7a6fbe63,LT-000023-INICIAL,2025-12-21,0,ab4a547f-e75d-5601-8171-00da4efa4b57
b4d4c7b9-c9a9-517a-9cec-d3257a099894,e8aeb018-f679-5670-b210-de4f62ff2111,22231140-3780-5fe8-a7d4-d33f61d15111,botica,7fb983e8-6848-5425-97a2-14da72722d0f,LT-000023-INICIAL,2025-12-21,0,ab4a547f-e75d-5601-8171-00da4efa4b57
d7b9fd26-b750-548b-b736-7acac1903af8,e8aeb018-f679-5670-b210-de4f62ff2111,1ca3438e-9e23-58f0-a35f-f15f7a23beb9,botica,26f7241d-a84e-5e4a-a43d-33eea1e54eea,LT-000024-INICIAL,2025-12-21,0,c6617891-56ff-5690-89a4-1ece06685ff5
63df2622-c441-5476-903e-6b16b1b708f9,e8aeb018-f679-5670-b210-de4f62ff2111,1ca3438e-9e23-58f0-a35f-f15f7a23beb9,botica,43616d97-2221-569d-82eb-bcc14bcd6344,LT-000024-INICIAL,2025-12-21,0,c6617891-56ff-5690-89a4-1ece06685ff5
34b4f5b8-a857-5a1e-868f-f3101d6bea45,e8aeb018-f679-5670-b210-de4f62ff2111,1ca3438e-9e23-58f0-a35f-f15f7a23beb9,botica,d6f21f11-7533-52dd-a4dc-2fb8e260c02c,LT-000024-INICIAL,2025-12-21,0,c6617891-56ff-5690-89a4-1ece06685ff5
85107c73-8697-5403-be76-bce233518878,e8aeb018-f679-5670-b210-de4f62ff2111,1ca3438e-9e23-58f0-a35f-f15f7a23beb9,botica,8ecedccf-c230-516b-bbc2-108f7a6fbe63,LT-000024-INICIAL,2025-12-21,0,c6617891-56ff-5690-89a4-1ece06685ff5
619700e3-b417-5b3b-a1f0-cdf216de50c2,e8aeb018-f679-5670-b210-de4f62ff2111,1ca3438e-9e23-58f0-a35f-f15f7a23beb9,botica,7fb983e8-6848-5425-97a2-14da72722d0f,LT-000024-INICIAL,2025-12-21,0,c6617891-56ff-5690-89a4-1ece06685ff5
5d425510-f355-50d7-8346-39197757c2e6,e8aeb018-f679-5670-b210-de4f62ff2111,0ec23038-d3ab-588c-bbd6-1f5c744cdde1,botica,26f7241d-a84e-5e4a-a43d-33eea1e54eea,LT-000025-INICIAL,2025-12-21,0,a6f6d890-1609-53fc-b4a6-5733ccc9d078
468d1c39-9e8f-5439-978e-459381d55169,e8aeb018-f679-5670-b210-de4f62ff2111,0ec23038-d3ab-588c-bbd6-1f5c744cdde1,botica,43616d97-2221-569d-82eb-bcc14bcd6344,LT-000025-INICIAL,2025-12-21,0,a6f6d890-1609-53fc-b4a6-5733ccc9d078
1093d190-31eb-59db-91b3-ee4dc82f0f44,e8aeb018-f679-5670-b210-de4f62ff2111,0ec23038-d3ab-588c-bbd6-1f5c744cdde1,botica,d6f21f11-7533-52dd-a4dc-2fb8e260c02c,LT-000025-INICIAL,2025-12-21,0,a6f6d890-1609-53fc-b4a6-5733ccc9d078
ce940acb-b46c-5582-8eef-40ccf04ce115,e8aeb018-f679-5670-b210-de4f62ff2111,0ec23038-d3ab-588c-bbd6-1f5c744cdde1,botica,8ecedccf-c230-516b-bbc2-108f7a6fbe63,LT-000025-INICIAL,2025-12-21,0,a6f6d890-1609-53fc-b4a6-5733ccc9d078
7f6053cf-e459-5fc4-af74-9d7c8303b8f0,e8aeb018-f679-5670-b210-de4f62ff2111,0ec23038-d3ab-588c-bbd6-1f5c744cdde1,botica,7fb983e8-6848-5425-97a2-14da72722d0f,LT-000025-INICIAL,2025-12-21,0,a6f6d890-1609-53fc-b4a6-5733ccc9d078
1cd4bed0-0992-5d26-a5bc-4e6b64ae4e18,e8aeb018-f679-5670-b210-de4f62ff2111,cd81184b-b6f1-563c-b463-36a69ddfb598,botica,26f7241d-a84e-5e4a-a43d-33eea1e54eea,LT-000026-INICIAL,2025-12-21,0,76d6c9f4-5d7d-53c0-bb1f-2a577383765a
be09cccf-0aaa-5980-9312-31146e114c74,e8aeb018-f679-5670-b210-de4f62ff2111,cd81184b-b6f1-563c-b463-36a69ddfb598,botica,43616d97-2221-569d-82eb-bcc14bcd6344,LT-000026-INICIAL,2025-12-21,0,76d6c9f4-5d7d-53c0-bb1f-2a577383765a
f157a65d-5b0d-55d7-baee-25b4d4d49721,e8aeb018-f679-5670-b210-de4f62ff2111,cd81184b-b6f1-563c-b463-36a69ddfb598,botica,d6f21f11-7533-52dd-a4dc-2fb8e260c02c,LT-000026-INICIAL,2025-12-21,0,76d6c9f4-5d7d-53c0-bb1f-2a577383765a
1bdf417d-01d8-59d1-b45d-1c2d64d37a7b,e8aeb018-f679-5670-b210-de4f62ff2111,cd81184b-b6f1-563c-b463-36a69ddfb598,botica,8ecedccf-c230-516b-bbc2-108f7a6fbe63,LT-000026-INICIAL,2025-12-21,0,76d6c9f4-5d7d-53c0-bb1f-2a577383765a
dddb49bd-5ac7-59af-b9a6-02e4ca48c4b1,e8aeb018-f679-5670-b210-de4f62ff2111,cd81184b-b6f1-563c-b463-36a69ddfb598,botica,7fb983e8-6848-5425-97a2-14da72722d0f,LT-000026-INICIAL,2025-12-21,0,76d6c9f4-5d7d-53c0-bb1f-2a577383765a
9e42bf81-1d17-5bad-a498-62f00789ab93,e8aeb018-f679-5670-b210-de4f62ff2111,6baabed2-52d7-5cb7-bf74-86c7cb3e4f07,botica,26f7241d-a84e-5e4a-a43d-33eea1e54eea,LT-000027-INICIAL,2025-12-21,0,41cb90d0-d91a-57c2-b138-831be351479f
5ac104bd-60eb-5768-8f11-c393cc6d186d,e8aeb018-f679-5670-b210-de4f62ff2111,6baabed2-52d7-5cb7-bf74-86c7cb3e4f07,botica,43616d97-2221-569d-82eb-bcc14bcd6344,LT-000027-INICIAL,2025-12-21,0,41cb90d0-d91a-57c2-b138-831be351479f
e412e7f2-2059-5740-8836-1f80c71be19a,e8aeb018-f679-5670-b210-de4f62ff2111,6baabed2-52d7-5cb7-bf74-86c7cb3e4f07,botica,d6f21f11-7533-52dd-a4dc-2fb8e260c02c,LT-000027-INICIAL,2025-12-21,0,41cb90d0-d91a-57c2-b138-831be351479f
0f681b2b-164a-5a95-9d67-28c333049517,e8aeb018-f679-5670-b210-de4f62ff2111,6baabed2-52d7-5cb7-bf74-86c7cb3e4f07,botica,8ecedccf-c230-516b-bbc2-108f7a6fbe63,LT-000027-INICIAL,2025-12-21,0,41cb90d0-d91a-57c2-b138-831be351479f
92b5d07c-e61c-59b8-910c-ec369cf63114,e8aeb018-f679-5670-b210-de4f62ff2111,6baabed2-52d7-5cb7-bf74-86c7cb3e4f07,botica,7fb983e8-6848-5425-97a2-14da72722d0f,LT-000027-INICIAL,2025-12-21,0,41cb90d0-d91a-57c2-b138-831be351479f
5ac930b4-181e-510b-9b6a-af6efc63bd72,e8aeb018-f679-5670-b210-de4f62ff2111,012857cc-907f-5e7d-b8fb-796d2c9f1621,botica,26f7241d-a84e-5e4a-a43d-33eea1e54eea,LT-000028-INICIAL,2025-12-21,0,ab4a547f-e75d-5601-8171-00da4efa4b57
b0793638-dfc1-5f72-bdd3-31128ef331c7,e8aeb018-f679-5670-b210-de4f62ff2111,012857cc-907f-5e7d-b8fb-796d2c9f1621,botica,43616d97-2221-569d-82eb-bcc14bcd6344,LT-000028-INICIAL,2025-12-21,0,ab4a547f-e75d-5601-8171-00da4efa4b57
0acfb632-12a2-5ee0-bbd5-c7e64dac4f49,e8aeb018-f679-5670-b210-de4f62ff2111,012857cc-907f-5e7d-b8fb-796d2c9f1621,botica,d6f21f11-7533-52dd-a4dc-2fb8e260c02c,LT-000028-INICIAL,2025-12-21,0,ab4a547f-e75d-5601-8171-00da4efa4b57
aa3794d6-aabd-5779-80a3-342f27322b8a,e8aeb018-f679-5670-b210-de4f62ff2111,012857cc-907f-5e7d-b8fb-796d2c9f1621,botica,8ecedccf-c230-516b-bbc2-108f7a6fbe63,LT-000028-INICIAL,2025-12-21,0,ab4a547f-e75d-5601-8171-00da4efa4b57
54ee78c2-f599-5cfc-b6b9-01172599b7ae,e8aeb018-f679-5670-b210-de4f62ff2111,012857cc-907f-5e7d-b8fb-796d2c9f1621,botica,7fb983e8-6848-5425-97a2-14da72722d0f,LT-000028-INICIAL,2025-12-21,0,ab4a547f-e75d-5601-8171-00da4efa4b57
a33ebef7-0159-5983-bf64-3300fcf82559,e8aeb018-f679-5670-b210-de4f62ff2111,d9506935-1215-5499-93c0-8bdd86ab9418,botica,26f7241d-a84e-5e4a-a43d-33eea1e54eea,LT-000029-INICIAL,2025-12-21,0,c6617891-56ff-5690-89a4-1ece06685ff5
a3a2c3e8-2fd7-5b26-b94f-c439bb20c559,e8aeb018-f679-5670-b210-de4f62ff2111,d9506935-1215-5499-93c0-8bdd86ab9418,botica,43616d97-2221-569d-82eb-bcc14bcd6344,LT-000029-INICIAL,2025-12-21,0,c6617891-56ff-5690-89a4-1ece06685ff5
a2646bd2-d838-5f74-a22f-a63ebbff466d,e8aeb018-f679-5670-b210-de4f62ff2111,d9506935-1215-5499-93c0-8bdd86ab9418,botica,d6f21f11-7533-52dd-a4dc-2fb8e260c02c,LT-000029-INICIAL,2025-12-21,0,c6617891-56ff-5690-89a4-1ece06685ff5
5a3da8da-03d2-5ada-8f73-2446ed5f21e0,e8aeb018-f679-5670-b210-de4f62ff2111,d9506935-1215-5499-93c0-8bdd86ab9418,botica,8ecedccf-c230-516b-bbc2-108f7a6fbe63,LT-000029-INICIAL,2025-12-21,0,c6617891-56ff-5690-89a4-1ece06685ff5
bf823865-c4b3-57c9-bcda-9c9edca1a275,e8aeb018-f679-5670-b210-de4f62ff2111,d9506935-1215-5499-93c0-8bdd86ab9418,botica,7fb983e8-6848-5425-97a2-14da72722d0f,LT-000029-INICIAL,2025-12-21,0,c6617891-56ff-5690-89a4-1ece06685ff5
8d9950bc-7b32-5c9d-8a5a-7412d8f5c3c1,e8aeb018-f679-5670-b210-de4f62ff2111,1e9605fd-5682-52b6-8f05-e8a92dd44513,botica,26f7241d-a84e-5e4a-a43d-33eea1e54eea,LT-000030-INICIAL,2025-12-21,0,a6f6d890-1609-53fc-b4a6-5733ccc9d078
4b7a5937-6753-5781-9518-3ac2764efcaa,e8aeb018-f679-5670-b210-de4f62ff2111,1e9605fd-5682-52b6-8f05-e8a92dd44513,botica,43616d97-2221-569d-82eb-bcc14bcd6344,LT-000030-INICIAL,2025-12-21,0,a6f6d890-1609-53fc-b4a6-5733ccc9d078
b6c25a16-c36b-50e7-b495-78c490a47ace,e8aeb018-f679-5670-b210-de4f62ff2111,1e9605fd-5682-52b6-8f05-e8a92dd44513,botica,d6f21f11-7533-52dd-a4dc-2fb8e260c02c,LT-000030-INICIAL,2025-12-21,0,a6f6d890-1609-53fc-b4a6-5733ccc9d078
661d3e97-dd86-5c30-b430-1400a55a8b8f,e8aeb018-f679-5670-b210-de4f62ff2111,1e9605fd-5682-52b6-8f05-e8a92dd44513,botica,8ecedccf-c230-516b-bbc2-108f7a6fbe63,LT-000030-INICIAL,2025-12-21,0,a6f6d890-1609-53fc-b4a6-5733ccc9d078
ac4d0b09-f1e2-5103-964d-aa0c6c3b7354,e8aeb018-f679-5670-b210-de4f62ff2111,1e9605fd-5682-52b6-8f05-e8a92dd44513,botica,7fb983e8-6848-5425-97a2-14da72722d0f,LT-000030-INICIAL,2025-12-21,0,a6f6d890-1609-53fc-b4a6-5733ccc9d078
becc6eae-1e1b-526c-9814-52598879bc32,e8aeb018-f679-5670-b210-de4f62ff2111,38adf7ba-476e-5e6b-9163-781a13538253,botica,43616d97-2221-569d-82eb-bcc14bcd6344,LT-000012-202401-0151,2024-07-20,0,41cb90d0-d91a-57c2-b138-831be351479f
1e6aa5d7-80ad-5dd9-a471-9ec4a9a3d01f,e8aeb018-f679-5670-b210-de4f62ff2111,38adf7ba-476e-5e6b-9163-781a13538253,botica,8ecedccf-c230-516b-bbc2-108f7a6fbe63,LT-000012-202401-0152,2026-06-19,0,41cb90d0-d91a-57c2-b138-831be351479f
573be2f2-7a17-57d2-a643-42583340dac5,e8aeb018-f679-5670-b210-de4f62ff2111,38adf7ba-476e-5e6b-9163-781a13538253,botica,7fb983e8-6848-5425-97a2-14da72722d0f,LT-000012-202401-0153,2026-02-13,0,41cb90d0-d91a-57c2-b138-831be351479f
6835bd0b-7539-55ce-baef-9b6a972cf95e,e8aeb018-f679-5670-b210-de4f62ff2111,38adf7ba-476e-5e6b-9163-781a13538253,botica,26f7241d-a84e-5e4a-a43d-33eea1e54eea,LT-000012-202401-0154,2025-03-07,0,41cb90d0-d91a-57c2-b138-831be351479f
13b888fd-2742-5621-aed8-c91efac3795b,e8aeb018-f679-5670-b210-de4f62ff2111,94e18241-54bd-5516-b36f-94ab6e323aca,botica,26f7241d-a84e-5e4a-a43d-33eea1e54eea,LT-000013-202401-0155,2025-03-24,0,ab4a547f-e75d-5601-8171-00da4efa4b57
11b18575-8c26-55cf-ba0c-bb5648e580ec,e8aeb018-f679-5670-b210-de4f62ff2111,87b859e0-789a-56e6-b1ba-4fe76221d3bf,botica,26f7241d-a84e-5e4a-a43d-33eea1e54eea,LT-000014-202401-0156,2025-02-12,0,c6617891-56ff-5690-89a4-1ece06685ff5
81501341-f7f9-5d50-8e1d-e46337ffb4c2,e8aeb018-f679-5670-b210-de4f62ff2111,38adf7ba-476e-5e6b-9163-781a13538253,botica,d6f21f11-7533-52dd-a4dc-2fb8e260c02c,LT-000012-202401-0157,2025-06-02,0,41cb90d0-d91a-57c2-b138-831be351479f
6b61bf7f-3d1a-5e9f-93fb-e5b2a70f718d,e8aeb018-f679-5670-b210-de4f62ff2111,87b859e0-789a-56e6-b1ba-4fe76221d3bf,botica,8ecedccf-c230-516b-bbc2-108f7a6fbe63,LT-000014-202401-0158,2026-06-29,0,c6617891-56ff-5690-89a4-1ece06685ff5
5b559236-b4f8-5baf-871f-77eaed82702d,e8aeb018-f679-5670-b210-de4f62ff2111,94e18241-54bd-5516-b36f-94ab6e323aca,botica,7fb983e8-6848-5425-97a2-14da72722d0f,LT-000013-202401-0159,2024-08-20,0,ab4a547f-e75d-5601-8171-00da4efa4b57
485ed6ec-6bfd-5a1d-aca4-999bea62bc88,e8aeb018-f679-5670-b210-de4f62ff2111,87b859e0-789a-56e6-b1ba-4fe76221d3bf,botica,7fb983e8-6848-5425-97a2-14da72722d0f,LT-000014-202401-0160,2024-09-30,0,c6617891-56ff-5690-89a4-1ece06685ff5
048e0b93-39b3-5773-8781-6bd91b32ce18,e8aeb018-f679-5670-b210-de4f62ff2111,87b859e0-789a-56e6-b1ba-4fe76221d3bf,botica,43616d97-2221-569d-82eb-bcc14bcd6344,LT-000014-202401-0161,2026-02-21,0,c6617891-56ff-5690-89a4-1ece06685ff5
2888c6aa-6082-51a8-a7bd-dd6c5e270893,e8aeb018-f679-5670-b210-de4f62ff2111,94e18241-54bd-5516-b36f-94ab6e323aca,botica,d6f21f11-7533-52dd-a4dc-2fb8e260c02c,LT-000013-202401-0162,2026-04-16,0,ab4a547f-e75d-5601-8171-00da4efa4b57
ef0f2ee1-4744-529d-bd01-cfeeaef98188,e8aeb018-f679-5670-b210-de4f62ff2111,c0cf5e5c-b5c9-585a-8e79-d9830bc954f6,botica,43616d97-2221-569d-82eb-bcc14bcd6344,LT-000011-202401-0163,2026-11-09,0,76d6c9f4-5d7d-53c0-bb1f-2a577383765a
7c91e623-af77-539a-a174-0a2ecb809858,e8aeb018-f679-5670-b210-de4f62ff2111,87b859e0-789a-56e6-b1ba-4fe76221d3bf,botica,d6f21f11-7533-52dd-a4dc-2fb8e260c02c,LT-000014-202401-0164,2026-10-31,0,c6617891-56ff-5690-89a4-1ece06685ff5
a95cda11-7668-5a14-be9c-d0ab339e26d8,e8aeb018-f679-5670-b210-de4f62ff2111,94e18241-54bd-5516-b36f-94ab6e323aca,botica,8ecedccf-c230-516b-bbc2-108f7a6fbe63,LT-000013-202401-0165,2025-06-19,0,ab4a547f-e75d-5601-8171-00da4efa4b57
f1bc4058-df4e-5515-913e-c9d261774064,e8aeb018-f679-5670-b210-de4f62ff2111,94e18241-54bd-5516-b36f-94ab6e323aca,botica,43616d97-2221-569d-82eb-bcc14bcd6344,LT-000013-202401-0166,2025-02-15,0,ab4a547f-e75d-5601-8171-00da4efa4b57
635272d5-b84d-5930-9f4c-6a0ebce657b0,e8aeb018-f679-5670-b210-de4f62ff2111,1ca3438e-9e23-58f0-a35f-f15f7a23beb9,botica,43616d97-2221-569d-82eb-bcc14bcd6344,LT-000024-202401-0167,2027-01-02,0,c6617891-56ff-5690-89a4-1ece06685ff5
27e01dd2-d983-5fec-833d-8ea5fe93d9eb,e8aeb018-f679-5670-b210-de4f62ff2111,1ca3438e-9e23-58f0-a35f-f15f7a23beb9,botica,d6f21f11-7533-52dd-a4dc-2fb8e260c02c,LT-000024-202401-0168,2024-10-19,0,c6617891-56ff-5690-89a4-1ece06685ff5
133b728a-132d-5288-9466-d80bf241b987,e8aeb018-f679-5670-b210-de4f62ff2111,1ca3438e-9e23-58f0-a35f-f15f7a23beb9,botica,8ecedccf-c230-516b-bbc2-108f7a6fbe63,LT-000024-202401-0169,2026-09-19,0,c6617891-56ff-5690-89a4-1ece06685ff5
6babcbbf-e955-5a50-9497-29cd481eb1fd,e8aeb018-f679-5670-b210-de4f62ff2111,4d9429b6-2ebf-5b5d-ac48-f779d5a1e270,botica,26f7241d-a84e-5e4a-a43d-33eea1e54eea,LT-000010-202401-0170,2026-09-03,0,a6f6d890-1609-53fc-b4a6-5733ccc9d078
7b0570f3-bf11-5407-8562-17dcb5b5d18c,e8aeb018-f679-5670-b210-de4f62ff2111,4d9429b6-2ebf-5b5d-ac48-f779d5a1e270,botica,d6f21f11-7533-52dd-a4dc-2fb8e260c02c,LT-000010-202401-0171,2025-06-22,0,a6f6d890-1609-53fc-b4a6-5733ccc9d078
e27b2ffc-4f78-540e-b2cb-5a80d9f6c9b4,e8aeb018-f679-5670-b210-de4f62ff2111,c0cf5e5c-b5c9-585a-8e79-d9830bc954f6,botica,d6f21f11-7533-52dd-a4dc-2fb8e260c02c,LT-000011-202401-0172,2026-04-22,0,76d6c9f4-5d7d-53c0-bb1f-2a577383765a
813d7e74-42b0-59fb-aed5-82ef7911f3fa,e8aeb018-f679-5670-b210-de4f62ff2111,c0cf5e5c-b5c9-585a-8e79-d9830bc954f6,botica,8ecedccf-c230-516b-bbc2-108f7a6fbe63,LT-000011-202401-0173,2026-05-23,0,76d6c9f4-5d7d-53c0-bb1f-2a577383765a
e36305d7-e586-5326-858a-37615ff7ba1d,e8aeb018-f679-5670-b210-de4f62ff2111,1ca3438e-9e23-58f0-a35f-f15f7a23beb9,botica,7fb983e8-6848-5425-97a2-14da72722d0f,LT-000024-202401-0174,2026-10-25,0,c6617891-56ff-5690-89a4-1ece06685ff5
6dce1fc6-d9c3-5e31-bf21-2e738bfdc44f,e8aeb018-f679-5670-b210-de4f62ff2111,c0cf5e5c-b5c9-585a-8e79-d9830bc954f6,botica,26f7241d-a84e-5e4a-a43d-33eea1e54eea,LT-000011-202401-0175,2025-04-29,0,76d6c9f4-5d7d-53c0-bb1f-2a577383765a
0069929c-2e0b-5456-9ac0-e4ae2b33f0e9,e8aeb018-f679-5670-b210-de4f62ff2111,1ca3438e-9e23-58f0-a35f-f15f7a23beb9,botica,26f7241d-a84e-5e4a-a43d-33eea1e54eea,LT-000024-202401-0176,2025-04-05,0,c6617891-56ff-5690-89a4-1ece06685ff5
fe5ea88f-4268-5d38-9f33-b21c2ba1fc2f,e8aeb018-f679-5670-b210-de4f62ff2111,4d9429b6-2ebf-5b5d-ac48-f779d5a1e270,botica,43616d97-2221-569d-82eb-bcc14bcd6344,LT-000010-202401-0177,2024-10-03,0,a6f6d890-1609-53fc-b4a6-5733ccc9d078
02d4c361-95f0-5aab-9742-ea88b9d384aa,e8aeb018-f679-5670-b210-de4f62ff2111,c0cf5e5c-b5c9-585a-8e79-d9830bc954f6,botica,7fb983e8-6848-5425-97a2-14da72722d0f,LT-000011-202401-0178,2025-03-02,0,76d6c9f4-5d7d-53c0-bb1f-2a577383765a
1c640c1f-6c82-57db-895c-a19289fef1ea,e8aeb018-f679-5670-b210-de4f62ff2111,4d9429b6-2ebf-5b5d-ac48-f779d5a1e270,botica,8ecedccf-c230-516b-bbc2-108f7a6fbe63,LT-000010-202401-0179,2025-03-01,0,a6f6d890-1609-53fc-b4a6-5733ccc9d078
616f876d-1985-52c0-8e8a-127126d130c6,e8aeb018-f679-5670-b210-de4f62ff2111,d2f08f15-f9f2-5f65-a740-b05896774467,botica,26f7241d-a84e-5e4a-a43d-33eea1e54eea,LT-000017-202401-0180,2025-12-21,0,41cb90d0-d91a-57c2-b138-831be351479f
f027834a-c7ad-5a81-87d7-92d37c3ebf25,e8aeb018-f679-5670-b210-de4f62ff2111,d9506935-1215-5499-93c0-8bdd86ab9418,botica,26f7241d-a84e-5e4a-a43d-33eea1e54eea,LT-000029-202401-0181,2025-03-07,0,c6617891-56ff-5690-89a4-1ece06685ff5
6dc0b039-aaac-5b31-b3e8-48f3629dba33,e8aeb018-f679-5670-b210-de4f62ff2111,d3961f5a-3ea7-53d3-89f4-78b65b0c0c6b,botica,d6f21f11-7533-52dd-a4dc-2fb8e260c02c,LT-000001-202401-0182,2025-05-30,0,76d6c9f4-5d7d-53c0-bb1f-2a577383765a
66309469-c3aa-5407-94cb-170bf165dd50,e8aeb018-f679-5670-b210-de4f62ff2111,d2f08f15-f9f2-5f65-a740-b05896774467,botica,d6f21f11-7533-52dd-a4dc-2fb8e260c02c,LT-000017-202401-0183,2026-03-27,0,41cb90d0-d91a-57c2-b138-831be351479f
938206db-69fc-5fbb-b35d-2478cf424aca,e8aeb018-f679-5670-b210-de4f62ff2111,0ec23038-d3ab-588c-bbd6-1f5c744cdde1,botica,d6f21f11-7533-52dd-a4dc-2fb8e260c02c,LT-000025-202401-0184,2024-09-08,0,a6f6d890-1609-53fc-b4a6-5733ccc9d078
b888d035-3972-5f70-a3f3-2359afa576da,e8aeb018-f679-5670-b210-de4f62ff2111,d2f08f15-f9f2-5f65-a740-b05896774467,botica,8ecedccf-c230-516b-bbc2-108f7a6fbe63,LT-000017-202401-0185,2026-09-26,0,41cb90d0-d91a-57c2-b138-831be351479f
ec68096a-47f4-5c1b-884a-29b244f03517,e8aeb018-f679-5670-b210-de4f62ff2111,5bbfdec8-65ae-59e6-b211-5eccb5b765fa,botica,7fb983e8-6848-5425-97a2-14da72722d0f,LT-000006-202401-0186,2025-01-11,0,76d6c9f4-5d7d-53c0-bb1f-2a577383765a
9ef5506b-9b72-5968-b37f-19d3cf1cb458,e8aeb018-f679-5670-b210-de4f62ff2111,d2f08f15-f9f2-5f65-a740-b05896774467,botica,7fb983e8-6848-5425-97a2-14da72722d0f,LT-000017-202401-0187,2025-12-29,0,41cb90d0-d91a-57c2-b138-831be351479f
67a755e1-e21e-5350-9032-4dcd638641f1,e8aeb018-f679-5670-b210-de4f62ff2111,d3961f5a-3ea7-53d3-89f4-78b65b0c0c6b,botica,26f7241d-a84e-5e4a-a43d-33eea1e54eea,LT-000001-202401-0188,2027-01-18,0,76d6c9f4-5d7d-53c0-bb1f-2a577383765a
65c1de95-023d-5ca2-8a2f-aef919d8dfde,e8aeb018-f679-5670-b210-de4f62ff2111,d3961f5a-3ea7-53d3-89f4-78b65b0c0c6b,botica,43616d97-2221-569d-82eb-bcc14bcd6344,LT-000001-202401-0189,2026-04-30,0,76d6c9f4-5d7d-53c0-bb1f-2a577383765a
a31e2065-dd29-5e56-b13a-f091949c5ef1,e8aeb018-f679-5670-b210-de4f62ff2111,38adf7ba-476e-5e6b-9163-781a13538253,botica,43616d97-2221-569d-82eb-bcc14bcd6344,LT-000012-202401-0190,2025-08-09,0,41cb90d0-d91a-57c2-b138-831be351479f
15590ea6-f080-5c9f-b5c6-0a8ae7a062c2,e8aeb018-f679-5670-b210-de4f62ff2111,d2f08f15-f9f2-5f65-a740-b05896774467,botica,43616d97-2221-569d-82eb-bcc14bcd6344,LT-000017-202401-0191,2026-04-22,0,41cb90d0-d91a-57c2-b138-831be351479f
64aeb0a6-88eb-5e70-a18e-723c6ead64e7,e8aeb018-f679-5670-b210-de4f62ff2111,4d9429b6-2ebf-5b5d-ac48-f779d5a1e270,botica,7fb983e8-6848-5425-97a2-14da72722d0f,LT-000010-202401-0192,2025-09-06,0,a6f6d890-1609-53fc-b4a6-5733ccc9d078
888a7b08-f2f1-5628-bfa3-59a6926bf1d2,e8aeb018-f679-5670-b210-de4f62ff2111,9928e9a1-d9fc-5fdd-86c2-8909352fd7fe,botica,26f7241d-a84e-5e4a-a43d-33eea1e54eea,LT-000005-202401-0193,2025-11-12,0,a6f6d890-1609-53fc-b4a6-5733ccc9d078
0be368e8-3601-5c9f-a782-41ff0850741b,e8aeb018-f679-5670-b210-de4f62ff2111,5bbfdec8-65ae-59e6-b211-5eccb5b765fa,botica,d6f21f11-7533-52dd-a4dc-2fb8e260c02c,LT-000006-202401-0194,2026-09-01,0,76d6c9f4-5d7d-53c0-bb1f-2a577383765a
34682b49-e52b-5766-8472-bbe58952dca2,e8aeb018-f679-5670-b210-de4f62ff2111,983871db-adfb-543e-b438-6b00044ffb64,botica,d6f21f11-7533-52dd-a4dc-2fb8e260c02c,LT-000015-202401-0195,2025-08-06,0,a6f6d890-1609-53fc-b4a6-5733ccc9d078
138a3cb0-4b08-586b-aebb-a9f564afee0d,e8aeb018-f679-5670-b210-de4f62ff2111,d3961f5a-3ea7-53d3-89f4-78b65b0c0c6b,botica,8ecedccf-c230-516b-bbc2-108f7a6fbe63,LT-000001-202401-0196,2025-06-12,0,76d6c9f4-5d7d-53c0-bb1f-2a577383765a
e0af5537-0f45-54d3-ac01-aa6fe1cdec6f,e8aeb018-f679-5670-b210-de4f62ff2111,2933d8b7-2438-521b-b38d-d3a5224f87fc,botica,7fb983e8-6848-5425-97a2-14da72722d0f,LT-000002-202401-0197,2026-11-18,0,41cb90d0-d91a-57c2-b138-831be351479f
8cd68fed-16df-53d7-8964-b0575636c716,e8aeb018-f679-5670-b210-de4f62ff2111,983871db-adfb-543e-b438-6b00044ffb64,botica,7fb983e8-6848-5425-97a2-14da72722d0f,LT-000015-202401-0198,2025-04-26,0,a6f6d890-1609-53fc-b4a6-5733ccc9d078
63ae016f-c5b8-5e62-8d55-87625f33099d,e8aeb018-f679-5670-b210-de4f62ff2111,0ec23038-d3ab-588c-bbd6-1f5c744cdde1,botica,7fb983e8-6848-5425-97a2-14da72722d0f,LT-000025-202401-0199,2025-12-29,0,a6f6d890-1609-53fc-b4a6-5733ccc9d078
84a9a56f-88e4-57c5-8284-50076a58d99d,e8aeb018-f679-5670-b210-de4f62ff2111,983871db-adfb-543e-b438-6b00044ffb64,botica,26f7241d-a84e-5e4a-a43d-33eea1e54eea,LT-000015-202401-0200,2025-06-03,0,a6f6d890-1609-53fc-b4a6-5733ccc9d078
c06d3e87-0948-5008-8b20-6a57b15cb306,e8aeb018-f679-5670-b210-de4f62ff2111,0ec23038-d3ab-588c-bbd6-1f5c744cdde1,botica,26f7241d-a84e-5e4a-a43d-33eea1e54eea,LT-000025-202401-0201,2025-01-14,0,a6f6d890-1609-53fc-b4a6-5733ccc9d078
a0dea7fd-19ab-5f26-8e1e-4a0547ded83e,e8aeb018-f679-5670-b210-de4f62ff2111,cd81184b-b6f1-563c-b463-36a69ddfb598,botica,26f7241d-a84e-5e4a-a43d-33eea1e54eea,LT-000026-202401-0202,2026-08-23,0,76d6c9f4-5d7d-53c0-bb1f-2a577383765a
5d3b74a7-dcb9-531f-8553-92de176bb6d0,e8aeb018-f679-5670-b210-de4f62ff2111,042e2e80-f954-5df4-97be-29dd428cc598,botica,43616d97-2221-569d-82eb-bcc14bcd6344,LT-000004-202401-0203,2026-02-07,0,c6617891-56ff-5690-89a4-1ece06685ff5
98a65139-bbd1-5187-aa87-e20d5b53c357,e8aeb018-f679-5670-b210-de4f62ff2111,9928e9a1-d9fc-5fdd-86c2-8909352fd7fe,botica,43616d97-2221-569d-82eb-bcc14bcd6344,LT-000005-202401-0204,2025-02-16,0,a6f6d890-1609-53fc-b4a6-5733ccc9d078
8164e71b-1efc-5009-82ca-887ea1856fe0,e8aeb018-f679-5670-b210-de4f62ff2111,983871db-adfb-543e-b438-6b00044ffb64,botica,43616d97-2221-569d-82eb-bcc14bcd6344,LT-000015-202401-0205,2024-09-19,0,a6f6d890-1609-53fc-b4a6-5733ccc9d078
70e6bd04-2208-5990-9c36-ef1edb2b4984,e8aeb018-f679-5670-b210-de4f62ff2111,2082733c-4e17-51fe-bc8c-bf33d3ec5d7e,botica,43616d97-2221-569d-82eb-bcc14bcd6344,LT-000016-202401-0206,2025-04-22,0,76d6c9f4-5d7d-53c0-bb1f-2a577383765a
d18e7e5f-51ea-5c32-9454-6a8b535d7e77,e8aeb018-f679-5670-b210-de4f62ff2111,0ec23038-d3ab-588c-bbd6-1f5c744cdde1,botica,43616d97-2221-569d-82eb-bcc14bcd6344,LT-000025-202401-0207,2025-10-03,0,a6f6d890-1609-53fc-b4a6-5733ccc9d078
6efe1824-ad3d-55ac-98a8-e61ad1e0c8cf,e8aeb018-f679-5670-b210-de4f62ff2111,6d807393-f4ab-5f76-b544-251eeda27ba3,botica,d6f21f11-7533-52dd-a4dc-2fb8e260c02c,LT-000003-202401-0208,2026-04-23,0,ab4a547f-e75d-5601-8171-00da4efa4b57
5861a6ca-d793-5cd5-a29b-960d5a83f0f2,e8aeb018-f679-5670-b210-de4f62ff2111,9928e9a1-d9fc-5fdd-86c2-8909352fd7fe,botica,d6f21f11-7533-52dd-a4dc-2fb8e260c02c,LT-000005-202401-0209,2025-11-02,0,a6f6d890-1609-53fc-b4a6-5733ccc9d078
78c63740-67f2-5f3f-8c33-0060f4882cf5,e8aeb018-f679-5670-b210-de4f62ff2111,2082733c-4e17-51fe-bc8c-bf33d3ec5d7e,botica,d6f21f11-7533-52dd-a4dc-2fb8e260c02c,LT-000016-202401-0210,2027-01-23,0,76d6c9f4-5d7d-53c0-bb1f-2a577383765a
c4d76012-caf1-571b-a03a-e56f276f9827,e8aeb018-f679-5670-b210-de4f62ff2111,6baabed2-52d7-5cb7-bf74-86c7cb3e4f07,botica,d6f21f11-7533-52dd-a4dc-2fb8e260c02c,LT-000027-202401-0211,2026-10-25,0,41cb90d0-d91a-57c2-b138-831be351479f
f0899707-f950-5d9d-940c-13890d3a16fb,e8aeb018-f679-5670-b210-de4f62ff2111,2933d8b7-2438-521b-b38d-d3a5224f87fc,botica,8ecedccf-c230-516b-bbc2-108f7a6fbe63,LT-000002-202401-0212,2025-05-26,0,41cb90d0-d91a-57c2-b138-831be351479f
cdb87430-2280-5990-9764-95c1a9a3ac9f,e8aeb018-f679-5670-b210-de4f62ff2111,6d807393-f4ab-5f76-b544-251eeda27ba3,botica,8ecedccf-c230-516b-bbc2-108f7a6fbe63,LT-000003-202401-0213,2025-10-10,0,ab4a547f-e75d-5601-8171-00da4efa4b57
9e0fa357-6acc-5d4d-9bb9-d01ad882d4f7,e8aeb018-f679-5670-b210-de4f62ff2111,d9506935-1215-5499-93c0-8bdd86ab9418,botica,8ecedccf-c230-516b-bbc2-108f7a6fbe63,LT-000029-202401-0214,2025-07-16,0,c6617891-56ff-5690-89a4-1ece06685ff5
2b4ad7e7-af1c-5739-806b-dc9ca3f633f0,e8aeb018-f679-5670-b210-de4f62ff2111,d3961f5a-3ea7-53d3-89f4-78b65b0c0c6b,botica,7fb983e8-6848-5425-97a2-14da72722d0f,LT-000001-202401-0215,2024-09-08,0,76d6c9f4-5d7d-53c0-bb1f-2a577383765a
e913d237-4ceb-5eb3-aecb-e954296f83e3,e8aeb018-f679-5670-b210-de4f62ff2111,6d807393-f4ab-5f76-b544-251eeda27ba3,botica,7fb983e8-6848-5425-97a2-14da72722d0f,LT-000003-202401-0216,2027-01-20,0,ab4a547f-e75d-5601-8171-00da4efa4b57
3f03bf17-e909-501b-a60a-e2e1d8cfd85f,e8aeb018-f679-5670-b210-de4f62ff2111,042e2e80-f954-5df4-97be-29dd428cc598,botica,7fb983e8-6848-5425-97a2-14da72722d0f,LT-000004-202401-0217,2025-05-26,0,c6617891-56ff-5690-89a4-1ece06685ff5
a6a08fce-e91c-5af0-8e01-b1f667a1734a,e8aeb018-f679-5670-b210-de4f62ff2111,97d26d91-c562-5f27-9ebd-285e89c8f4bf,botica,7fb983e8-6848-5425-97a2-14da72722d0f,LT-000018-202401-0218,2024-11-24,0,ab4a547f-e75d-5601-8171-00da4efa4b57
c6896898-a189-5d25-be21-09f071ed22ed,e8aeb018-f679-5670-b210-de4f62ff2111,042e2e80-f954-5df4-97be-29dd428cc598,botica,26f7241d-a84e-5e4a-a43d-33eea1e54eea,LT-000004-202401-0219,2027-01-22,0,c6617891-56ff-5690-89a4-1ece06685ff5
0bf48aac-5512-5e96-87fc-82adc980c91f,e8aeb018-f679-5670-b210-de4f62ff2111,5bbfdec8-65ae-59e6-b211-5eccb5b765fa,botica,26f7241d-a84e-5e4a-a43d-33eea1e54eea,LT-000006-202401-0220,2024-09-25,0,76d6c9f4-5d7d-53c0-bb1f-2a577383765a
a2a39677-6877-5590-9363-aa8480b6da79,e8aeb018-f679-5670-b210-de4f62ff2111,012857cc-907f-5e7d-b8fb-796d2c9f1621,botica,26f7241d-a84e-5e4a-a43d-33eea1e54eea,LT-000028-202401-0221,2024-11-20,0,ab4a547f-e75d-5601-8171-00da4efa4b57
b2c2ec60-611a-5378-8e43-572cecafc80d,e8aeb018-f679-5670-b210-de4f62ff2111,2933d8b7-2438-521b-b38d-d3a5224f87fc,botica,43616d97-2221-569d-82eb-bcc14bcd6344,LT-000002-202401-0222,2025-03-23,0,41cb90d0-d91a-57c2-b138-831be351479f
4af77fe3-5c95-50f6-97c5-1c4551a170b8,e8aeb018-f679-5670-b210-de4f62ff2111,6d807393-f4ab-5f76-b544-251eeda27ba3,botica,43616d97-2221-569d-82eb-bcc14bcd6344,LT-000003-202401-0223,2024-09-09,0,ab4a547f-e75d-5601-8171-00da4efa4b57
673ec6e9-94d4-53fc-8de1-8cec078a43bc,e8aeb018-f679-5670-b210-de4f62ff2111,97d26d91-c562-5f27-9ebd-285e89c8f4bf,botica,43616d97-2221-569d-82eb-bcc14bcd6344,LT-000018-202401-0224,2026-04-03,0,ab4a547f-e75d-5601-8171-00da4efa4b57
3aa34790-245b-5394-8c60-6ddb86e9c3f7,e8aeb018-f679-5670-b210-de4f62ff2111,d0ae6d2d-e561-56b3-a2c1-113c1c56ae81,botica,43616d97-2221-569d-82eb-bcc14bcd6344,LT-000021-202401-0225,2025-05-13,0,76d6c9f4-5d7d-53c0-bb1f-2a577383765a
de52ddf9-5d59-5b7d-b25b-c4cfa67dbc11,e8aeb018-f679-5670-b210-de4f62ff2111,cd81184b-b6f1-563c-b463-36a69ddfb598,botica,43616d97-2221-569d-82eb-bcc14bcd6344,LT-000026-202401-0226,2025-06-21,0,76d6c9f4-5d7d-53c0-bb1f-2a577383765a
aaf7964a-2cb9-51a8-80e9-c8a5a2e23fb5,e8aeb018-f679-5670-b210-de4f62ff2111,012857cc-907f-5e7d-b8fb-796d2c9f1621,botica,43616d97-2221-569d-82eb-bcc14bcd6344,LT-000028-202401-0227,2025-08-12,0,ab4a547f-e75d-5601-8171-00da4efa4b57
a25b74ae-aca8-589f-849a-b72c55855fe3,e8aeb018-f679-5670-b210-de4f62ff2111,97d26d91-c562-5f27-9ebd-285e89c8f4bf,botica,d6f21f11-7533-52dd-a4dc-2fb8e260c02c,LT-000018-202401-0228,2027-01-06,0,ab4a547f-e75d-5601-8171-00da4efa4b57
a46637da-6e70-5ff0-893d-3d798478ad44,e8aeb018-f679-5670-b210-de4f62ff2111,2eb3a104-e572-583a-afa0-156ee0dc4cce,botica,d6f21f11-7533-52dd-a4dc-2fb8e260c02c,LT-000019-202401-0229,2026-08-15,0,c6617891-56ff-5690-89a4-1ece06685ff5
04aec839-5ce5-5eaa-a112-ad902eec1416,e8aeb018-f679-5670-b210-de4f62ff2111,afe9d181-1c64-5cca-b4b7-a9fa24eceeea,botica,d6f21f11-7533-52dd-a4dc-2fb8e260c02c,LT-000020-202401-0230,2026-11-30,0,a6f6d890-1609-53fc-b4a6-5733ccc9d078
dc3eee37-1a45-5ef0-af85-a1bebaed1dec,e8aeb018-f679-5670-b210-de4f62ff2111,cd81184b-b6f1-563c-b463-36a69ddfb598,botica,d6f21f11-7533-52dd-a4dc-2fb8e260c02c,LT-000026-202401-0231,2025-12-04,0,76d6c9f4-5d7d-53c0-bb1f-2a577383765a
772a59d1-a9be-539b-8214-3a31f3d6f37b,e8aeb018-f679-5670-b210-de4f62ff2111,042e2e80-f954-5df4-97be-29dd428cc598,botica,8ecedccf-c230-516b-bbc2-108f7a6fbe63,LT-000004-202401-0232,2026-05-11,0,c6617891-56ff-5690-89a4-1ece06685ff5
d05dc98e-7851-5d20-8df5-41531e4196dc,e8aeb018-f679-5670-b210-de4f62ff2111,5bbfdec8-65ae-59e6-b211-5eccb5b765fa,botica,8ecedccf-c230-516b-bbc2-108f7a6fbe63,LT-000006-202401-0233,2026-03-06,0,76d6c9f4-5d7d-53c0-bb1f-2a577383765a
0271446a-0db0-5c02-ad3b-eb76885dafa0,e8aeb018-f679-5670-b210-de4f62ff2111,afe9d181-1c64-5cca-b4b7-a9fa24eceeea,botica,8ecedccf-c230-516b-bbc2-108f7a6fbe63,LT-000020-202401-0234,2026-12-31,0,a6f6d890-1609-53fc-b4a6-5733ccc9d078
a08b5a73-9269-53c8-8bfe-aae8f54fefbb,e8aeb018-f679-5670-b210-de4f62ff2111,d0ae6d2d-e561-56b3-a2c1-113c1c56ae81,botica,8ecedccf-c230-516b-bbc2-108f7a6fbe63,LT-000021-202401-0235,2026-10-06,0,76d6c9f4-5d7d-53c0-bb1f-2a577383765a
22dbc40c-378c-589d-9900-87df606f0898,e8aeb018-f679-5670-b210-de4f62ff2111,0ec23038-d3ab-588c-bbd6-1f5c744cdde1,botica,8ecedccf-c230-516b-bbc2-108f7a6fbe63,LT-000025-202401-0236,2025-10-20,0,a6f6d890-1609-53fc-b4a6-5733ccc9d078
5447c0a7-4ba1-5099-9e86-7466cecc5f7a,e8aeb018-f679-5670-b210-de4f62ff2111,6baabed2-52d7-5cb7-bf74-86c7cb3e4f07,botica,8ecedccf-c230-516b-bbc2-108f7a6fbe63,LT-000027-202401-0237,2024-12-23,0,41cb90d0-d91a-57c2-b138-831be351479f
9137b976-e4b1-5d57-80aa-975946a33058,e8aeb018-f679-5670-b210-de4f62ff2111,012857cc-907f-5e7d-b8fb-796d2c9f1621,botica,8ecedccf-c230-516b-bbc2-108f7a6fbe63,LT-000028-202401-0238,2025-11-04,0,ab4a547f-e75d-5601-8171-00da4efa4b57
6c823f02-9030-54b5-9586-a4618ed8939d,e8aeb018-f679-5670-b210-de4f62ff2111,9928e9a1-d9fc-5fdd-86c2-8909352fd7fe,botica,7fb983e8-6848-5425-97a2-14da72722d0f,LT-000005-202401-0239,2026-09-30,0,a6f6d890-1609-53fc-b4a6-5733ccc9d078
93d9a0c8-49ad-5550-8164-b73bffaefdce,e8aeb018-f679-5670-b210-de4f62ff2111,22231140-3780-5fe8-a7d4-d33f61d15111,botica,7fb983e8-6848-5425-97a2-14da72722d0f,LT-000023-202401-0240,2025-02-27,0,ab4a547f-e75d-5601-8171-00da4efa4b57
fbf93207-4232-55b4-87cc-593ec5428dca,e8aeb018-f679-5670-b210-de4f62ff2111,cd81184b-b6f1-563c-b463-36a69ddfb598,botica,7fb983e8-6848-5425-97a2-14da72722d0f,LT-000026-202401-0241,2025-06-17,0,76d6c9f4-5d7d-53c0-bb1f-2a577383765a
ae32a384-07b5-5e91-a269-7646c24948d2,e8aeb018-f679-5670-b210-de4f62ff2111,6d807393-f4ab-5f76-b544-251eeda27ba3,botica,26f7241d-a84e-5e4a-a43d-33eea1e54eea,LT-000003-202401-0242,2026-09-17,0,ab4a547f-e75d-5601-8171-00da4efa4b57
65484ab6-9ea9-54fc-ab05-8c003bdf5608,e8aeb018-f679-5670-b210-de4f62ff2111,2082733c-4e17-51fe-bc8c-bf33d3ec5d7e,botica,26f7241d-a84e-5e4a-a43d-33eea1e54eea,LT-000016-202401-0243,2024-10-28,0,76d6c9f4-5d7d-53c0-bb1f-2a577383765a
8348b028-54ef-522b-836c-cb4c54a2d669,e8aeb018-f679-5670-b210-de4f62ff2111,2eb3a104-e572-583a-afa0-156ee0dc4cce,botica,26f7241d-a84e-5e4a-a43d-33eea1e54eea,LT-000019-202401-0244,2025-11-12,0,c6617891-56ff-5690-89a4-1ece06685ff5
246ccd39-4009-503f-bc9c-918ca3c140ee,e8aeb018-f679-5670-b210-de4f62ff2111,afe9d181-1c64-5cca-b4b7-a9fa24eceeea,botica,26f7241d-a84e-5e4a-a43d-33eea1e54eea,LT-000020-202401-0245,2026-10-14,0,a6f6d890-1609-53fc-b4a6-5733ccc9d078
2011f6be-35e4-5276-ac6d-187b342874fc,e8aeb018-f679-5670-b210-de4f62ff2111,d0ae6d2d-e561-56b3-a2c1-113c1c56ae81,botica,26f7241d-a84e-5e4a-a43d-33eea1e54eea,LT-000021-202401-0246,2026-09-20,0,76d6c9f4-5d7d-53c0-bb1f-2a577383765a
f9d9c554-d3f0-5096-8d03-c8fb5759d629,e8aeb018-f679-5670-b210-de4f62ff2111,2eb3a104-e572-583a-afa0-156ee0dc4cce,botica,43616d97-2221-569d-82eb-bcc14bcd6344,LT-000019-202401-0247,2025-08-10,0,c6617891-56ff-5690-89a4-1ece06685ff5
79e1b06e-2ddd-5d2b-a7fa-a19b6d8d455f,e8aeb018-f679-5670-b210-de4f62ff2111,afe9d181-1c64-5cca-b4b7-a9fa24eceeea,botica,43616d97-2221-569d-82eb-bcc14bcd6344,LT-000020-202401-0248,2026-05-09,0,a6f6d890-1609-53fc-b4a6-5733ccc9d078
356a31e7-e457-5522-8765-c7dcd4d12b94,e8aeb018-f679-5670-b210-de4f62ff2111,1e9605fd-5682-52b6-8f05-e8a92dd44513,botica,43616d97-2221-569d-82eb-bcc14bcd6344,LT-000030-202401-0249,2026-01-23,0,a6f6d890-1609-53fc-b4a6-5733ccc9d078
b6c1f13c-87e6-5d87-a846-0cba3f6e7674,e8aeb018-f679-5670-b210-de4f62ff2111,2933d8b7-2438-521b-b38d-d3a5224f87fc,botica,d6f21f11-7533-52dd-a4dc-2fb8e260c02c,LT-000002-202401-0250,2025-07-09,0,41cb90d0-d91a-57c2-b138-831be351479f
01dd5c85-5c79-5730-b744-091b5056a8e6,e8aeb018-f679-5670-b210-de4f62ff2111,042e2e80-f954-5df4-97be-29dd428cc598,botica,d6f21f11-7533-52dd-a4dc-2fb8e260c02c,LT-000004-202401-0251,2024-11-28,0,c6617891-56ff-5690-89a4-1ece06685ff5
0b611c97-b2b2-51f9-b144-0af12a4347aa,e8aeb018-f679-5670-b210-de4f62ff2111,38adf7ba-476e-5e6b-9163-781a13538253,botica,d6f21f11-7533-52dd-a4dc-2fb8e260c02c,LT-000012-202401-0252,2025-12-22,0,41cb90d0-d91a-57c2-b138-831be351479f
7a08da64-726a-552e-9619-3187fea6cab0,e8aeb018-f679-5670-b210-de4f62ff2111,d0ae6d2d-e561-56b3-a2c1-113c1c56ae81,botica,d6f21f11-7533-52dd-a4dc-2fb8e260c02c,LT-000021-202401-0253,2025-08-03,0,76d6c9f4-5d7d-53c0-bb1f-2a577383765a
38dad0a5-b0e3-57e4-baef-e251e3e4b21f,e8aeb018-f679-5670-b210-de4f62ff2111,1e9605fd-5682-52b6-8f05-e8a92dd44513,botica,d6f21f11-7533-52dd-a4dc-2fb8e260c02c,LT-000030-202401-0254,2026-03-27,0,a6f6d890-1609-53fc-b4a6-5733ccc9d078
36d8e72e-446d-565b-82b6-17fa5ace9659,e8aeb018-f679-5670-b210-de4f62ff2111,9928e9a1-d9fc-5fdd-86c2-8909352fd7fe,botica,8ecedccf-c230-516b-bbc2-108f7a6fbe63,LT-000005-202401-0255,2026-08-20,0,a6f6d890-1609-53fc-b4a6-5733ccc9d078
728c57ed-9d5f-5cca-acd1-b8986aee4a8a,e8aeb018-f679-5670-b210-de4f62ff2111,87b859e0-789a-56e6-b1ba-4fe76221d3bf,botica,8ecedccf-c230-516b-bbc2-108f7a6fbe63,LT-000014-202401-0256,2026-05-28,0,c6617891-56ff-5690-89a4-1ece06685ff5
3bd91159-74fa-52e2-ae07-3d41536f2071,e8aeb018-f679-5670-b210-de4f62ff2111,983871db-adfb-543e-b438-6b00044ffb64,botica,8ecedccf-c230-516b-bbc2-108f7a6fbe63,LT-000015-202401-0257,2025-10-14,0,a6f6d890-1609-53fc-b4a6-5733ccc9d078
cc1edb5f-0039-582c-a638-9bdb55377784,e8aeb018-f679-5670-b210-de4f62ff2111,97d26d91-c562-5f27-9ebd-285e89c8f4bf,botica,8ecedccf-c230-516b-bbc2-108f7a6fbe63,LT-000018-202401-0258,2026-03-02,0,ab4a547f-e75d-5601-8171-00da4efa4b57
7793476b-4be0-5a0e-a59c-37695a262142,e8aeb018-f679-5670-b210-de4f62ff2111,2eb3a104-e572-583a-afa0-156ee0dc4cce,botica,8ecedccf-c230-516b-bbc2-108f7a6fbe63,LT-000019-202401-0259,2026-07-02,0,c6617891-56ff-5690-89a4-1ece06685ff5
40e00e54-9309-54d0-b5e5-6cf9135bf32c,e8aeb018-f679-5670-b210-de4f62ff2111,22231140-3780-5fe8-a7d4-d33f61d15111,botica,8ecedccf-c230-516b-bbc2-108f7a6fbe63,LT-000023-202401-0260,2025-08-04,0,ab4a547f-e75d-5601-8171-00da4efa4b57
917c5751-8653-5874-967d-f0c7a96d295b,e8aeb018-f679-5670-b210-de4f62ff2111,82cd11ba-d1a0-58b1-b14f-edd741f36e87,botica,7fb983e8-6848-5425-97a2-14da72722d0f,LT-000007-202401-0261,2025-09-12,0,41cb90d0-d91a-57c2-b138-831be351479f
59e415eb-16f3-559e-9541-8c4ea9dce20b,e8aeb018-f679-5670-b210-de4f62ff2111,87b859e0-789a-56e6-b1ba-4fe76221d3bf,botica,7fb983e8-6848-5425-97a2-14da72722d0f,LT-000014-202401-0262,2025-06-11,0,c6617891-56ff-5690-89a4-1ece06685ff5
115bb43e-ca40-5719-8013-6347eb109f63,e8aeb018-f679-5670-b210-de4f62ff2111,2eb3a104-e572-583a-afa0-156ee0dc4cce,botica,7fb983e8-6848-5425-97a2-14da72722d0f,LT-000019-202401-0263,2026-01-18,0,c6617891-56ff-5690-89a4-1ece06685ff5
718b0102-4dc6-567e-976b-53e936d034d9,e8aeb018-f679-5670-b210-de4f62ff2111,afe9d181-1c64-5cca-b4b7-a9fa24eceeea,botica,7fb983e8-6848-5425-97a2-14da72722d0f,LT-000020-202401-0264,2027-01-06,0,a6f6d890-1609-53fc-b4a6-5733ccc9d078
db8c4d5f-f96d-5213-b3f1-48838a913513,e8aeb018-f679-5670-b210-de4f62ff2111,d0ae6d2d-e561-56b3-a2c1-113c1c56ae81,botica,7fb983e8-6848-5425-97a2-14da72722d0f,LT-000021-202401-0265,2025-10-13,0,76d6c9f4-5d7d-53c0-bb1f-2a577383765a
89bcc52e-7f29-55eb-94d0-2d54577d62da,e8aeb018-f679-5670-b210-de4f62ff2111,6baabed2-52d7-5cb7-bf74-86c7cb3e4f07,botica,7fb983e8-6848-5425-97a2-14da72722d0f,LT-000027-202401-0266,2026-01-31,0,41cb90d0-d91a-57c2-b138-831be351479f
07f85c71-be43-51cd-92da-69c2e43d5f54,e8aeb018-f679-5670-b210-de4f62ff2111,012857cc-907f-5e7d-b8fb-796d2c9f1621,botica,7fb983e8-6848-5425-97a2-14da72722d0f,LT-000028-202401-0267,2025-03-28,0,ab4a547f-e75d-5601-8171-00da4efa4b57
1cfa5bf6-e7a6-5a17-bba3-1997dda95958,e8aeb018-f679-5670-b210-de4f62ff2111,d9506935-1215-5499-93c0-8bdd86ab9418,botica,7fb983e8-6848-5425-97a2-14da72722d0f,LT-000029-202401-0268,2026-03-28,0,c6617891-56ff-5690-89a4-1ece06685ff5
a1860acc-027d-5515-8f3c-4058ea44433a,e8aeb018-f679-5670-b210-de4f62ff2111,1e9605fd-5682-52b6-8f05-e8a92dd44513,botica,7fb983e8-6848-5425-97a2-14da72722d0f,LT-000030-202401-0269,2026-04-26,0,a6f6d890-1609-53fc-b4a6-5733ccc9d078
443fd635-3fc2-5ae6-86c8-8863640428a4,e8aeb018-f679-5670-b210-de4f62ff2111,2933d8b7-2438-521b-b38d-d3a5224f87fc,botica,26f7241d-a84e-5e4a-a43d-33eea1e54eea,LT-000002-202401-0270,2026-06-11,0,41cb90d0-d91a-57c2-b138-831be351479f
11b78f6e-1fb7-5937-9c1d-b98f68604a70,e8aeb018-f679-5670-b210-de4f62ff2111,38adf7ba-476e-5e6b-9163-781a13538253,botica,26f7241d-a84e-5e4a-a43d-33eea1e54eea,LT-000012-202401-0271,2025-11-17,0,41cb90d0-d91a-57c2-b138-831be351479f
7dba893f-4094-5a19-ba64-9044887a9137,e8aeb018-f679-5670-b210-de4f62ff2111,97d26d91-c562-5f27-9ebd-285e89c8f4bf,botica,26f7241d-a84e-5e4a-a43d-33eea1e54eea,LT-000018-202401-0272,2025-01-05,0,ab4a547f-e75d-5601-8171-00da4efa4b57
1f1ee911-4d78-5dcb-9aa5-8f1e611e964b,e8aeb018-f679-5670-b210-de4f62ff2111,22231140-3780-5fe8-a7d4-d33f61d15111,botica,26f7241d-a84e-5e4a-a43d-33eea1e54eea,LT-000023-202401-0273,2026-12-04,0,ab4a547f-e75d-5601-8171-00da4efa4b57
e451539b-d5ce-5c82-b7d6-c2fa175a40ec,e8aeb018-f679-5670-b210-de4f62ff2111,6baabed2-52d7-5cb7-bf74-86c7cb3e4f07,botica,26f7241d-a84e-5e4a-a43d-33eea1e54eea,LT-000027-202401-0274,2025-02-24,0,41cb90d0-d91a-57c2-b138-831be351479f
36a0da08-fe4a-5cf8-9a88-fe6e7581fb1c,e8aeb018-f679-5670-b210-de4f62ff2111,1e9605fd-5682-52b6-8f05-e8a92dd44513,botica,26f7241d-a84e-5e4a-a43d-33eea1e54eea,LT-000030-202401-0275,2026-12-02,0,a6f6d890-1609-53fc-b4a6-5733ccc9d078
8f296e37-316e-51d0-a49b-a89dc85b55ba,e8aeb018-f679-5670-b210-de4f62ff2111,5bbfdec8-65ae-59e6-b211-5eccb5b765fa,botica,43616d97-2221-569d-82eb-bcc14bcd6344,LT-000006-202401-0276,2025-06-14,0,76d6c9f4-5d7d-53c0-bb1f-2a577383765a
c2130160-d722-5316-8e3e-ba75f4a4ff68,e8aeb018-f679-5670-b210-de4f62ff2111,82cd11ba-d1a0-58b1-b14f-edd741f36e87,botica,43616d97-2221-569d-82eb-bcc14bcd6344,LT-000007-202401-0277,2025-01-02,0,41cb90d0-d91a-57c2-b138-831be351479f
f7fa610f-52f4-5f86-aca8-8a52792d6660,e8aeb018-f679-5670-b210-de4f62ff2111,6baabed2-52d7-5cb7-bf74-86c7cb3e4f07,botica,43616d97-2221-569d-82eb-bcc14bcd6344,LT-000027-202401-0278,2026-04-30,0,41cb90d0-d91a-57c2-b138-831be351479f
117e2f3f-0003-5893-944f-f1ac0a90c303,e8aeb018-f679-5670-b210-de4f62ff2111,d9506935-1215-5499-93c0-8bdd86ab9418,botica,43616d97-2221-569d-82eb-bcc14bcd6344,LT-000029-202401-0279,2025-10-31,0,c6617891-56ff-5690-89a4-1ece06685ff5
faf6a3f2-5550-53f1-b5e9-7f52bcd22dea,e8aeb018-f679-5670-b210-de4f62ff2111,82cd11ba-d1a0-58b1-b14f-edd741f36e87,botica,8ecedccf-c230-516b-bbc2-108f7a6fbe63,LT-000007-202401-0280,2026-03-26,0,41cb90d0-d91a-57c2-b138-831be351479f
30fe27c8-bd92-56b7-b49f-ed31fc9a1196,e8aeb018-f679-5670-b210-de4f62ff2111,2082733c-4e17-51fe-bc8c-bf33d3ec5d7e,botica,8ecedccf-c230-516b-bbc2-108f7a6fbe63,LT-000016-202401-0281,2025-08-04,0,76d6c9f4-5d7d-53c0-bb1f-2a577383765a
87bb995e-94ce-58c7-8a2a-df703a07eaab,e8aeb018-f679-5670-b210-de4f62ff2111,cd81184b-b6f1-563c-b463-36a69ddfb598,botica,8ecedccf-c230-516b-bbc2-108f7a6fbe63,LT-000026-202401-0282,2027-01-22,0,76d6c9f4-5d7d-53c0-bb1f-2a577383765a
167e889a-d41b-50e5-82b2-f914bc92545d,e8aeb018-f679-5670-b210-de4f62ff2111,1e9605fd-5682-52b6-8f05-e8a92dd44513,botica,8ecedccf-c230-516b-bbc2-108f7a6fbe63,LT-000030-202401-0283,2025-09-01,0,a6f6d890-1609-53fc-b4a6-5733ccc9d078
411097a0-efa8-57b9-90fd-0a176e42325e,e8aeb018-f679-5670-b210-de4f62ff2111,2082733c-4e17-51fe-bc8c-bf33d3ec5d7e,botica,7fb983e8-6848-5425-97a2-14da72722d0f,LT-000016-202401-0284,2024-12-08,0,76d6c9f4-5d7d-53c0-bb1f-2a577383765a
0e259693-2ad3-5af4-88b1-41eb895ff6fc,e8aeb018-f679-5670-b210-de4f62ff2111,94e18241-54bd-5516-b36f-94ab6e323aca,botica,26f7241d-a84e-5e4a-a43d-33eea1e54eea,LT-000013-202401-0285,2026-03-27,0,ab4a547f-e75d-5601-8171-00da4efa4b57
b2f41d81-039f-5f65-a423-abd176ba04f1,e8aeb018-f679-5670-b210-de4f62ff2111,94e18241-54bd-5516-b36f-94ab6e323aca,botica,43616d97-2221-569d-82eb-bcc14bcd6344,LT-000013-202401-0286,2025-04-22,0,ab4a547f-e75d-5601-8171-00da4efa4b57
702e174d-e777-55ab-b0fb-a04079e02dec,e8aeb018-f679-5670-b210-de4f62ff2111,22231140-3780-5fe8-a7d4-d33f61d15111,botica,43616d97-2221-569d-82eb-bcc14bcd6344,LT-000023-202401-0287,2026-02-13,0,ab4a547f-e75d-5601-8171-00da4efa4b57
b3640372-2ad5-527a-bb33-315e2c11a479,e8aeb018-f679-5670-b210-de4f62ff2111,82cd11ba-d1a0-58b1-b14f-edd741f36e87,botica,d6f21f11-7533-52dd-a4dc-2fb8e260c02c,LT-000007-202401-0288,2026-02-20,0,41cb90d0-d91a-57c2-b138-831be351479f
45f74592-a6e5-5dd0-bdc9-8b7e8526ff15,e8aeb018-f679-5670-b210-de4f62ff2111,07371b94-955f-52a4-9bf9-f0a6ad2b4fa8,botica,d6f21f11-7533-52dd-a4dc-2fb8e260c02c,LT-000008-202401-0289,2026-07-21,0,ab4a547f-e75d-5601-8171-00da4efa4b57
bd5fe70c-5596-5a36-8117-73b51041a63e,e8aeb018-f679-5670-b210-de4f62ff2111,058c6382-bde2-59d1-93ff-20c6161a4736,botica,d6f21f11-7533-52dd-a4dc-2fb8e260c02c,LT-000009-202401-0290,2026-07-17,0,c6617891-56ff-5690-89a4-1ece06685ff5
8ff3adb4-3cff-5b2f-b64e-0c5ef636495f,e8aeb018-f679-5670-b210-de4f62ff2111,2897aac2-f219-5167-b800-73fac27f6b85,botica,d6f21f11-7533-52dd-a4dc-2fb8e260c02c,LT-000022-202401-0291,2026-02-04,0,41cb90d0-d91a-57c2-b138-831be351479f
d09350ad-ef7e-5a0c-93a4-b34dbde24896,e8aeb018-f679-5670-b210-de4f62ff2111,d9506935-1215-5499-93c0-8bdd86ab9418,botica,d6f21f11-7533-52dd-a4dc-2fb8e260c02c,LT-000029-202401-0292,2025-10-18,0,c6617891-56ff-5690-89a4-1ece06685ff5
1d21b04b-7aeb-5fb4-80ed-8836e83c26d7,e8aeb018-f679-5670-b210-de4f62ff2111,058c6382-bde2-59d1-93ff-20c6161a4736,botica,8ecedccf-c230-516b-bbc2-108f7a6fbe63,LT-000009-202401-0293,2026-10-18,0,c6617891-56ff-5690-89a4-1ece06685ff5
91ef9358-f452-55bb-8443-93c0388f3c09,e8aeb018-f679-5670-b210-de4f62ff2111,38adf7ba-476e-5e6b-9163-781a13538253,botica,8ecedccf-c230-516b-bbc2-108f7a6fbe63,LT-000012-202401-0294,2026-01-15,0,41cb90d0-d91a-57c2-b138-831be351479f
21ef3bb9-7242-598e-bd4b-45c0be920940,e8aeb018-f679-5670-b210-de4f62ff2111,94e18241-54bd-5516-b36f-94ab6e323aca,botica,7fb983e8-6848-5425-97a2-14da72722d0f,LT-000013-202401-0295,2025-08-09,0,ab4a547f-e75d-5601-8171-00da4efa4b57
af3b7722-e26b-5de0-9c57-4b9e5ee01c0b,e8aeb018-f679-5670-b210-de4f62ff2111,82cd11ba-d1a0-58b1-b14f-edd741f36e87,botica,26f7241d-a84e-5e4a-a43d-33eea1e54eea,LT-000007-202401-0296,2024-11-14,0,41cb90d0-d91a-57c2-b138-831be351479f
701841dc-8050-508b-b641-6ddf3e83c1da,e8aeb018-f679-5670-b210-de4f62ff2111,22231140-3780-5fe8-a7d4-d33f61d15111,botica,d6f21f11-7533-52dd-a4dc-2fb8e260c02c,LT-000023-202401-0297,2025-05-21,0,ab4a547f-e75d-5601-8171-00da4efa4b57
f0612ace-eeca-59de-8573-2234ed7f7058,e8aeb018-f679-5670-b210-de4f62ff2111,012857cc-907f-5e7d-b8fb-796d2c9f1621,botica,d6f21f11-7533-52dd-a4dc-2fb8e260c02c,LT-000028-202401-0298,2024-12-21,0,ab4a547f-e75d-5601-8171-00da4efa4b57
f26ccf41-c7d5-5c9f-85b5-cf4be31ca0af,e8aeb018-f679-5670-b210-de4f62ff2111,07371b94-955f-52a4-9bf9-f0a6ad2b4fa8,botica,7fb983e8-6848-5425-97a2-14da72722d0f,LT-000008-202401-0299,2026-04-17,0,ab4a547f-e75d-5601-8171-00da4efa4b57
0af42e3b-51aa-501c-9289-5ed9cf37b7d4,e8aeb018-f679-5670-b210-de4f62ff2111,2897aac2-f219-5167-b800-73fac27f6b85,botica,7fb983e8-6848-5425-97a2-14da72722d0f,LT-000022-202401-0300,2025-02-12,0,41cb90d0-d91a-57c2-b138-831be351479f
1cb26a75-13db-57ed-8b48-dfdcf4e062e8,e8aeb018-f679-5670-b210-de4f62ff2111,07371b94-955f-52a4-9bf9-f0a6ad2b4fa8,botica,26f7241d-a84e-5e4a-a43d-33eea1e54eea,LT-000008-202402-0301,2024-09-09,0,ab4a547f-e75d-5601-8171-00da4efa4b57
fdd588ae-9bc7-502d-9519-1ee281e6882c,e8aeb018-f679-5670-b210-de4f62ff2111,058c6382-bde2-59d1-93ff-20c6161a4736,botica,26f7241d-a84e-5e4a-a43d-33eea1e54eea,LT-000009-202402-0302,2024-10-14,0,c6617891-56ff-5690-89a4-1ece06685ff5
4ce85d79-ec79-5f46-9bb9-c357212c10ef,e8aeb018-f679-5670-b210-de4f62ff2111,07371b94-955f-52a4-9bf9-f0a6ad2b4fa8,botica,43616d97-2221-569d-82eb-bcc14bcd6344,LT-000008-202402-0303,2024-08-15,0,ab4a547f-e75d-5601-8171-00da4efa4b57
52e6e6cc-f101-5251-b918-e9f95730db5c,e8aeb018-f679-5670-b210-de4f62ff2111,87b859e0-789a-56e6-b1ba-4fe76221d3bf,botica,43616d97-2221-569d-82eb-bcc14bcd6344,LT-000014-202402-0304,2025-09-08,0,c6617891-56ff-5690-89a4-1ece06685ff5
771a21ca-37dc-5191-a38f-db35aa92f165,e8aeb018-f679-5670-b210-de4f62ff2111,058c6382-bde2-59d1-93ff-20c6161a4736,botica,7fb983e8-6848-5425-97a2-14da72722d0f,LT-000009-202402-0305,2025-08-12,0,c6617891-56ff-5690-89a4-1ece06685ff5
d80b594f-6c73-57db-8b8d-146649a59412,e8aeb018-f679-5670-b210-de4f62ff2111,38adf7ba-476e-5e6b-9163-781a13538253,botica,7fb983e8-6848-5425-97a2-14da72722d0f,LT-000012-202402-0306,2026-11-13,0,41cb90d0-d91a-57c2-b138-831be351479f
9b2b4f88-ecec-59e7-9863-a79bdd1a7eec,e8aeb018-f679-5670-b210-de4f62ff2111,87b859e0-789a-56e6-b1ba-4fe76221d3bf,botica,26f7241d-a84e-5e4a-a43d-33eea1e54eea,LT-000014-202402-0307,2024-09-26,0,c6617891-56ff-5690-89a4-1ece06685ff5
4bec11b5-3fc0-5818-8455-5fc470109028,e8aeb018-f679-5670-b210-de4f62ff2111,058c6382-bde2-59d1-93ff-20c6161a4736,botica,43616d97-2221-569d-82eb-bcc14bcd6344,LT-000009-202402-0308,2026-05-22,0,c6617891-56ff-5690-89a4-1ece06685ff5
a16aad76-4b12-515f-abd6-83067eb791b3,e8aeb018-f679-5670-b210-de4f62ff2111,2897aac2-f219-5167-b800-73fac27f6b85,botica,43616d97-2221-569d-82eb-bcc14bcd6344,LT-000022-202402-0309,2025-01-27,0,41cb90d0-d91a-57c2-b138-831be351479f
740a30f1-a594-5344-b90d-fc60e5b96c36,e8aeb018-f679-5670-b210-de4f62ff2111,94e18241-54bd-5516-b36f-94ab6e323aca,botica,8ecedccf-c230-516b-bbc2-108f7a6fbe63,LT-000013-202402-0310,2025-08-21,0,ab4a547f-e75d-5601-8171-00da4efa4b57
e875a309-35c6-591c-bf0a-fac6c4035a91,e8aeb018-f679-5670-b210-de4f62ff2111,94e18241-54bd-5516-b36f-94ab6e323aca,botica,d6f21f11-7533-52dd-a4dc-2fb8e260c02c,LT-000013-202402-0311,2025-06-03,0,ab4a547f-e75d-5601-8171-00da4efa4b57
7c7f3d80-2818-51dc-806d-7b1720d0a9e8,e8aeb018-f679-5670-b210-de4f62ff2111,07371b94-955f-52a4-9bf9-f0a6ad2b4fa8,botica,8ecedccf-c230-516b-bbc2-108f7a6fbe63,LT-000008-202402-0312,2025-08-28,0,ab4a547f-e75d-5601-8171-00da4efa4b57
0b6882b6-1db9-54bf-b51f-b816911b20eb,e8aeb018-f679-5670-b210-de4f62ff2111,2897aac2-f219-5167-b800-73fac27f6b85,botica,8ecedccf-c230-516b-bbc2-108f7a6fbe63,LT-000022-202402-0313,2026-03-22,0,41cb90d0-d91a-57c2-b138-831be351479f
f8ee09a5-bf42-5133-bb6b-53e6eea02482,e8aeb018-f679-5670-b210-de4f62ff2111,4d9429b6-2ebf-5b5d-ac48-f779d5a1e270,botica,43616d97-2221-569d-82eb-bcc14bcd6344,LT-000010-202402-0314,2026-04-14,0,a6f6d890-1609-53fc-b4a6-5733ccc9d078
0d239a1f-59cd-50cc-b117-15e0fb6498a7,e8aeb018-f679-5670-b210-de4f62ff2111,2897aac2-f219-5167-b800-73fac27f6b85,botica,26f7241d-a84e-5e4a-a43d-33eea1e54eea,LT-000022-202402-0315,2026-08-23,0,41cb90d0-d91a-57c2-b138-831be351479f
859f7923-70ff-5ea7-a9f8-c42b1be98241,e8aeb018-f679-5670-b210-de4f62ff2111,1ca3438e-9e23-58f0-a35f-f15f7a23beb9,botica,26f7241d-a84e-5e4a-a43d-33eea1e54eea,LT-000024-202402-0316,2024-11-28,0,c6617891-56ff-5690-89a4-1ece06685ff5
e59a32d3-9a98-5681-b5fd-b7f08a8f3efe,e8aeb018-f679-5670-b210-de4f62ff2111,c0cf5e5c-b5c9-585a-8e79-d9830bc954f6,botica,26f7241d-a84e-5e4a-a43d-33eea1e54eea,LT-000011-202402-0317,2026-04-18,0,76d6c9f4-5d7d-53c0-bb1f-2a577383765a
01f2c8b2-d2dd-5da3-8245-1e081f3d0c0a,e8aeb018-f679-5670-b210-de4f62ff2111,94e18241-54bd-5516-b36f-94ab6e323aca,botica,26f7241d-a84e-5e4a-a43d-33eea1e54eea,LT-000013-202402-0318,2026-08-04,0,ab4a547f-e75d-5601-8171-00da4efa4b57
3eea4460-fd98-536b-95c7-3dcb81c7aa6c,e8aeb018-f679-5670-b210-de4f62ff2111,38adf7ba-476e-5e6b-9163-781a13538253,botica,43616d97-2221-569d-82eb-bcc14bcd6344,LT-000012-202402-0319,2025-11-02,0,41cb90d0-d91a-57c2-b138-831be351479f
63152115-0770-5dae-8b49-4ce3f024a200,e8aeb018-f679-5670-b210-de4f62ff2111,c0cf5e5c-b5c9-585a-8e79-d9830bc954f6,botica,43616d97-2221-569d-82eb-bcc14bcd6344,LT-000011-202402-0320,2024-10-06,0,76d6c9f4-5d7d-53c0-bb1f-2a577383765a
7525c8df-748b-5b6b-9b25-4ab2706fbb64,e8aeb018-f679-5670-b210-de4f62ff2111,87b859e0-789a-56e6-b1ba-4fe76221d3bf,botica,d6f21f11-7533-52dd-a4dc-2fb8e260c02c,LT-000014-202402-0321,2024-12-21,0,c6617891-56ff-5690-89a4-1ece06685ff5
26153b96-e68e-5b6e-bc64-d9f951ecd2a5,e8aeb018-f679-5670-b210-de4f62ff2111,4d9429b6-2ebf-5b5d-ac48-f779d5a1e270,botica,8ecedccf-c230-516b-bbc2-108f7a6fbe63,LT-000010-202402-0322,2025-12-18,0,a6f6d890-1609-53fc-b4a6-5733ccc9d078
70990778-e38d-584f-b57e-dcc4dda717d5,e8aeb018-f679-5670-b210-de4f62ff2111,4d9429b6-2ebf-5b5d-ac48-f779d5a1e270,botica,26f7241d-a84e-5e4a-a43d-33eea1e54eea,LT-000010-202402-0323,2024-11-19,0,a6f6d890-1609-53fc-b4a6-5733ccc9d078
62db3f12-2f47-58ba-aad0-86f952ffff42,e8aeb018-f679-5670-b210-de4f62ff2111,38adf7ba-476e-5e6b-9163-781a13538253,botica,26f7241d-a84e-5e4a-a43d-33eea1e54eea,LT-000012-202402-0324,2024-11-13,0,41cb90d0-d91a-57c2-b138-831be351479f
b19634a0-f012-56ec-8af7-6129948821be,e8aeb018-f679-5670-b210-de4f62ff2111,87b859e0-789a-56e6-b1ba-4fe76221d3bf,botica,26f7241d-a84e-5e4a-a43d-33eea1e54eea,LT-000014-202402-0325,2026-09-26,0,c6617891-56ff-5690-89a4-1ece06685ff5
9804af3d-5f39-55a6-9080-c2eea7045826,e8aeb018-f679-5670-b210-de4f62ff2111,c0cf5e5c-b5c9-585a-8e79-d9830bc954f6,botica,8ecedccf-c230-516b-bbc2-108f7a6fbe63,LT-000011-202402-0326,2025-12-26,0,76d6c9f4-5d7d-53c0-bb1f-2a577383765a
ec105d3b-3d23-5a34-b04c-5e135498d019,e8aeb018-f679-5670-b210-de4f62ff2111,d2f08f15-f9f2-5f65-a740-b05896774467,botica,7fb983e8-6848-5425-97a2-14da72722d0f,LT-000017-202402-0327,2026-06-27,0,41cb90d0-d91a-57c2-b138-831be351479f
fc45520f-c305-5548-b4c4-3579c145dd8a,e8aeb018-f679-5670-b210-de4f62ff2111,1ca3438e-9e23-58f0-a35f-f15f7a23beb9,botica,43616d97-2221-569d-82eb-bcc14bcd6344,LT-000024-202402-0328,2025-12-24,0,c6617891-56ff-5690-89a4-1ece06685ff5
4d1239f6-8743-5181-b07b-506e86baf8e1,e8aeb018-f679-5670-b210-de4f62ff2111,38adf7ba-476e-5e6b-9163-781a13538253,botica,d6f21f11-7533-52dd-a4dc-2fb8e260c02c,LT-000012-202402-0329,2026-08-28,0,41cb90d0-d91a-57c2-b138-831be351479f
67e087f0-fcad-583e-b347-81bdd08d1ec4,e8aeb018-f679-5670-b210-de4f62ff2111,1ca3438e-9e23-58f0-a35f-f15f7a23beb9,botica,d6f21f11-7533-52dd-a4dc-2fb8e260c02c,LT-000024-202402-0330,2025-03-08,0,c6617891-56ff-5690-89a4-1ece06685ff5
13615065-6924-5b64-b1d5-f6dde5418bbe,e8aeb018-f679-5670-b210-de4f62ff2111,1ca3438e-9e23-58f0-a35f-f15f7a23beb9,botica,8ecedccf-c230-516b-bbc2-108f7a6fbe63,LT-000024-202402-0331,2025-06-13,0,c6617891-56ff-5690-89a4-1ece06685ff5
f1b1e946-6bcc-54f6-8b27-093c4deb410a,e8aeb018-f679-5670-b210-de4f62ff2111,94e18241-54bd-5516-b36f-94ab6e323aca,botica,d6f21f11-7533-52dd-a4dc-2fb8e260c02c,LT-000013-202402-0332,2025-08-19,0,ab4a547f-e75d-5601-8171-00da4efa4b57
b4739c95-c2f1-5196-8397-e002afc93d66,e8aeb018-f679-5670-b210-de4f62ff2111,d2f08f15-f9f2-5f65-a740-b05896774467,botica,d6f21f11-7533-52dd-a4dc-2fb8e260c02c,LT-000017-202402-0333,2024-12-15,0,41cb90d0-d91a-57c2-b138-831be351479f
223cc460-b33c-5507-aafc-e5bafcf7345a,e8aeb018-f679-5670-b210-de4f62ff2111,38adf7ba-476e-5e6b-9163-781a13538253,botica,8ecedccf-c230-516b-bbc2-108f7a6fbe63,LT-000012-202402-0334,2026-07-26,0,41cb90d0-d91a-57c2-b138-831be351479f
01475685-5f47-532d-8572-d5a84aec2ac2,e8aeb018-f679-5670-b210-de4f62ff2111,d3961f5a-3ea7-53d3-89f4-78b65b0c0c6b,botica,d6f21f11-7533-52dd-a4dc-2fb8e260c02c,LT-000001-202402-0335,2027-01-28,0,76d6c9f4-5d7d-53c0-bb1f-2a577383765a
87ae4543-33ee-56b0-b82d-09e156c79634,e8aeb018-f679-5670-b210-de4f62ff2111,c0cf5e5c-b5c9-585a-8e79-d9830bc954f6,botica,d6f21f11-7533-52dd-a4dc-2fb8e260c02c,LT-000011-202402-0336,2026-10-27,0,76d6c9f4-5d7d-53c0-bb1f-2a577383765a
d22effcb-ee0f-56c1-9335-c662f5041798,e8aeb018-f679-5670-b210-de4f62ff2111,983871db-adfb-543e-b438-6b00044ffb64,botica,7fb983e8-6848-5425-97a2-14da72722d0f,LT-000015-202402-0337,2026-10-19,0,a6f6d890-1609-53fc-b4a6-5733ccc9d078
e518eb79-2913-5562-9241-71f9e2f197c5,e8aeb018-f679-5670-b210-de4f62ff2111,1ca3438e-9e23-58f0-a35f-f15f7a23beb9,botica,7fb983e8-6848-5425-97a2-14da72722d0f,LT-000024-202402-0338,2025-12-24,0,c6617891-56ff-5690-89a4-1ece06685ff5
6088da58-770e-5ae9-95b7-fe5ce0472149,e8aeb018-f679-5670-b210-de4f62ff2111,d2f08f15-f9f2-5f65-a740-b05896774467,botica,26f7241d-a84e-5e4a-a43d-33eea1e54eea,LT-000017-202402-0339,2026-01-22,0,41cb90d0-d91a-57c2-b138-831be351479f
2c5e3293-3ba6-568c-bf74-ab7b728a2ec2,e8aeb018-f679-5670-b210-de4f62ff2111,87b859e0-789a-56e6-b1ba-4fe76221d3bf,botica,43616d97-2221-569d-82eb-bcc14bcd6344,LT-000014-202402-0340,2024-08-24,0,c6617891-56ff-5690-89a4-1ece06685ff5
e7651a28-895b-55ba-ab1b-48a1e3027138,e8aeb018-f679-5670-b210-de4f62ff2111,d0ae6d2d-e561-56b3-a2c1-113c1c56ae81,botica,43616d97-2221-569d-82eb-bcc14bcd6344,LT-000021-202402-0341,2024-12-29,0,76d6c9f4-5d7d-53c0-bb1f-2a577383765a
fe30d0f1-2215-51fd-b540-1f2be8ce9e3e,e8aeb018-f679-5670-b210-de4f62ff2111,0ec23038-d3ab-588c-bbd6-1f5c744cdde1,botica,43616d97-2221-569d-82eb-bcc14bcd6344,LT-000025-202402-0342,2026-11-06,0,a6f6d890-1609-53fc-b4a6-5733ccc9d078
264c0082-e8d2-5b4c-9784-1dffbb019942,e8aeb018-f679-5670-b210-de4f62ff2111,0ec23038-d3ab-588c-bbd6-1f5c744cdde1,botica,8ecedccf-c230-516b-bbc2-108f7a6fbe63,LT-000025-202402-0343,2025-07-26,0,a6f6d890-1609-53fc-b4a6-5733ccc9d078
f276cc86-eb27-5f81-9217-af4df3f64e97,e8aeb018-f679-5670-b210-de4f62ff2111,6baabed2-52d7-5cb7-bf74-86c7cb3e4f07,botica,8ecedccf-c230-516b-bbc2-108f7a6fbe63,LT-000027-202402-0344,2026-05-17,0,41cb90d0-d91a-57c2-b138-831be351479f
a742cd7f-b4d2-566d-8933-e2d767375d94,e8aeb018-f679-5670-b210-de4f62ff2111,d3961f5a-3ea7-53d3-89f4-78b65b0c0c6b,botica,7fb983e8-6848-5425-97a2-14da72722d0f,LT-000001-202402-0345,2025-07-06,0,76d6c9f4-5d7d-53c0-bb1f-2a577383765a
8e1aed39-99e3-510a-88f2-77abd924e5ae,e8aeb018-f679-5670-b210-de4f62ff2111,87b859e0-789a-56e6-b1ba-4fe76221d3bf,botica,7fb983e8-6848-5425-97a2-14da72722d0f,LT-000014-202402-0346,2027-01-25,0,c6617891-56ff-5690-89a4-1ece06685ff5
259caefc-33f3-510e-83cd-788450978fd7,e8aeb018-f679-5670-b210-de4f62ff2111,94e18241-54bd-5516-b36f-94ab6e323aca,botica,43616d97-2221-569d-82eb-bcc14bcd6344,LT-000013-202402-0347,2026-08-04,0,ab4a547f-e75d-5601-8171-00da4efa4b57
df8ead94-8f64-51a1-a94f-d6697d0baad9,e8aeb018-f679-5670-b210-de4f62ff2111,4d9429b6-2ebf-5b5d-ac48-f779d5a1e270,botica,d6f21f11-7533-52dd-a4dc-2fb8e260c02c,LT-000010-202402-0348,2024-12-14,0,a6f6d890-1609-53fc-b4a6-5733ccc9d078
8dedc286-6e87-55d7-a5db-29b373fce8d9,e8aeb018-f679-5670-b210-de4f62ff2111,2933d8b7-2438-521b-b38d-d3a5224f87fc,botica,8ecedccf-c230-516b-bbc2-108f7a6fbe63,LT-000002-202402-0349,2026-05-21,0,41cb90d0-d91a-57c2-b138-831be351479f
8024e4a8-65c7-5e73-a2e5-6c6dc65b688c,e8aeb018-f679-5670-b210-de4f62ff2111,c0cf5e5c-b5c9-585a-8e79-d9830bc954f6,botica,7fb983e8-6848-5425-97a2-14da72722d0f,LT-000011-202402-0350,2025-08-06,0,76d6c9f4-5d7d-53c0-bb1f-2a577383765a
ef404dfc-a323-5b95-8ac5-30abc4a834c5,e8aeb018-f679-5670-b210-de4f62ff2111,0ec23038-d3ab-588c-bbd6-1f5c744cdde1,botica,7fb983e8-6848-5425-97a2-14da72722d0f,LT-000025-202402-0351,2025-11-30,0,a6f6d890-1609-53fc-b4a6-5733ccc9d078
e27ee3d5-fe09-5cf7-905a-0c311ad30454,e8aeb018-f679-5670-b210-de4f62ff2111,6d807393-f4ab-5f76-b544-251eeda27ba3,botica,8ecedccf-c230-516b-bbc2-108f7a6fbe63,LT-000003-202402-0352,2025-08-14,0,ab4a547f-e75d-5601-8171-00da4efa4b57
bb0025f2-a718-58bd-8eca-04462a0eb157,e8aeb018-f679-5670-b210-de4f62ff2111,2eb3a104-e572-583a-afa0-156ee0dc4cce,botica,8ecedccf-c230-516b-bbc2-108f7a6fbe63,LT-000019-202402-0353,2026-06-15,0,c6617891-56ff-5690-89a4-1ece06685ff5
173934d1-3cea-53d9-9e86-74f2d84f40f6,e8aeb018-f679-5670-b210-de4f62ff2111,94e18241-54bd-5516-b36f-94ab6e323aca,botica,7fb983e8-6848-5425-97a2-14da72722d0f,LT-000013-202402-0354,2025-09-11,0,ab4a547f-e75d-5601-8171-00da4efa4b57
6b98bb71-943d-52dd-a153-1f06f40ef38b,e8aeb018-f679-5670-b210-de4f62ff2111,5bbfdec8-65ae-59e6-b211-5eccb5b765fa,botica,26f7241d-a84e-5e4a-a43d-33eea1e54eea,LT-000006-202402-0355,2026-08-09,0,76d6c9f4-5d7d-53c0-bb1f-2a577383765a
9c77fba5-3186-50fb-9804-e2c27b020d47,e8aeb018-f679-5670-b210-de4f62ff2111,82cd11ba-d1a0-58b1-b14f-edd741f36e87,botica,26f7241d-a84e-5e4a-a43d-33eea1e54eea,LT-000007-202402-0356,2025-03-14,0,41cb90d0-d91a-57c2-b138-831be351479f
e6ea6bbf-4670-5cf8-b78e-b807278f4362,e8aeb018-f679-5670-b210-de4f62ff2111,012857cc-907f-5e7d-b8fb-796d2c9f1621,botica,26f7241d-a84e-5e4a-a43d-33eea1e54eea,LT-000028-202402-0357,2025-10-06,0,ab4a547f-e75d-5601-8171-00da4efa4b57
aa545723-31fc-5aa3-9c41-db355e5e1b05,e8aeb018-f679-5670-b210-de4f62ff2111,6baabed2-52d7-5cb7-bf74-86c7cb3e4f07,botica,43616d97-2221-569d-82eb-bcc14bcd6344,LT-000027-202402-0358,2025-07-14,0,41cb90d0-d91a-57c2-b138-831be351479f
f23196e1-1c7a-5e94-b97c-4f7abe84f081,e8aeb018-f679-5670-b210-de4f62ff2111,5bbfdec8-65ae-59e6-b211-5eccb5b765fa,botica,d6f21f11-7533-52dd-a4dc-2fb8e260c02c,LT-000006-202402-0359,2024-09-30,0,76d6c9f4-5d7d-53c0-bb1f-2a577383765a
1e6e28ae-64d7-53a9-8d18-e0679e70ac9c,e8aeb018-f679-5670-b210-de4f62ff2111,82cd11ba-d1a0-58b1-b14f-edd741f36e87,botica,8ecedccf-c230-516b-bbc2-108f7a6fbe63,LT-000007-202402-0360,2024-11-22,0,41cb90d0-d91a-57c2-b138-831be351479f
d7c0b222-567c-5318-b1c1-0f6f2a680e6b,e8aeb018-f679-5670-b210-de4f62ff2111,94e18241-54bd-5516-b36f-94ab6e323aca,botica,8ecedccf-c230-516b-bbc2-108f7a6fbe63,LT-000013-202402-0361,2025-10-16,0,ab4a547f-e75d-5601-8171-00da4efa4b57
62a9f518-e18e-58fb-800d-86ded1fb7348,e8aeb018-f679-5670-b210-de4f62ff2111,012857cc-907f-5e7d-b8fb-796d2c9f1621,botica,8ecedccf-c230-516b-bbc2-108f7a6fbe63,LT-000028-202402-0362,2027-02-15,0,ab4a547f-e75d-5601-8171-00da4efa4b57
4a053e18-fd2a-50ad-895e-ef50b7a9786a,e8aeb018-f679-5670-b210-de4f62ff2111,38adf7ba-476e-5e6b-9163-781a13538253,botica,7fb983e8-6848-5425-97a2-14da72722d0f,LT-000012-202402-0363,2025-04-01,0,41cb90d0-d91a-57c2-b138-831be351479f
0a1cfbc0-1310-5456-a336-7119fc89e162,e8aeb018-f679-5670-b210-de4f62ff2111,6baabed2-52d7-5cb7-bf74-86c7cb3e4f07,botica,7fb983e8-6848-5425-97a2-14da72722d0f,LT-000027-202402-0364,2025-11-04,0,41cb90d0-d91a-57c2-b138-831be351479f
c05d2b5a-b3f2-56db-bb4b-3601480c19cb,e8aeb018-f679-5670-b210-de4f62ff2111,d3961f5a-3ea7-53d3-89f4-78b65b0c0c6b,botica,26f7241d-a84e-5e4a-a43d-33eea1e54eea,LT-000001-202402-0365,2025-11-05,0,76d6c9f4-5d7d-53c0-bb1f-2a577383765a
03cf026f-552c-5c2c-9abe-690e1732b19d,e8aeb018-f679-5670-b210-de4f62ff2111,94e18241-54bd-5516-b36f-94ab6e323aca,botica,26f7241d-a84e-5e4a-a43d-33eea1e54eea,LT-000013-202402-0366,2026-06-16,0,ab4a547f-e75d-5601-8171-00da4efa4b57
bd8068ff-fc82-53be-823f-931b35502145,e8aeb018-f679-5670-b210-de4f62ff2111,6baabed2-52d7-5cb7-bf74-86c7cb3e4f07,botica,26f7241d-a84e-5e4a-a43d-33eea1e54eea,LT-000027-202402-0367,2024-09-29,0,41cb90d0-d91a-57c2-b138-831be351479f
cd9a1bc0-30cf-5c93-9c3a-6a71c09f1d97,e8aeb018-f679-5670-b210-de4f62ff2111,1e9605fd-5682-52b6-8f05-e8a92dd44513,botica,43616d97-2221-569d-82eb-bcc14bcd6344,LT-000030-202402-0368,2026-05-05,0,a6f6d890-1609-53fc-b4a6-5733ccc9d078
a490577e-e379-5708-b3a5-1b968c6b450d,e8aeb018-f679-5670-b210-de4f62ff2111,cd81184b-b6f1-563c-b463-36a69ddfb598,botica,d6f21f11-7533-52dd-a4dc-2fb8e260c02c,LT-000026-202402-0369,2026-12-06,0,76d6c9f4-5d7d-53c0-bb1f-2a577383765a
c7a1a64c-035b-5835-b0e9-748455e74ddd,e8aeb018-f679-5670-b210-de4f62ff2111,87b859e0-789a-56e6-b1ba-4fe76221d3bf,botica,8ecedccf-c230-516b-bbc2-108f7a6fbe63,LT-000014-202402-0370,2025-12-09,0,c6617891-56ff-5690-89a4-1ece06685ff5
7d17d29b-a8d5-5d5d-b6a0-0c80f3eae8fe,e8aeb018-f679-5670-b210-de4f62ff2111,d2f08f15-f9f2-5f65-a740-b05896774467,botica,8ecedccf-c230-516b-bbc2-108f7a6fbe63,LT-000017-202402-0371,2026-07-15,0,41cb90d0-d91a-57c2-b138-831be351479f
012305ad-4d24-5e4e-a12e-e17b02f6fadd,e8aeb018-f679-5670-b210-de4f62ff2111,2933d8b7-2438-521b-b38d-d3a5224f87fc,botica,43616d97-2221-569d-82eb-bcc14bcd6344,LT-000002-202402-0372,2026-01-10,0,41cb90d0-d91a-57c2-b138-831be351479f
7d01aff2-26be-5474-ae91-979ba2e16041,e8aeb018-f679-5670-b210-de4f62ff2111,2082733c-4e17-51fe-bc8c-bf33d3ec5d7e,botica,8ecedccf-c230-516b-bbc2-108f7a6fbe63,LT-000016-202402-0373,2027-01-18,0,76d6c9f4-5d7d-53c0-bb1f-2a577383765a
e0b985e7-c245-55d7-8813-07c2111c36c4,e8aeb018-f679-5670-b210-de4f62ff2111,042e2e80-f954-5df4-97be-29dd428cc598,botica,7fb983e8-6848-5425-97a2-14da72722d0f,LT-000004-202402-0374,2025-10-01,0,c6617891-56ff-5690-89a4-1ece06685ff5
75c46edc-8624-53e4-a43f-b2f249072341,e8aeb018-f679-5670-b210-de4f62ff2111,1ca3438e-9e23-58f0-a35f-f15f7a23beb9,botica,26f7241d-a84e-5e4a-a43d-33eea1e54eea,LT-000024-202402-0375,2025-10-07,0,c6617891-56ff-5690-89a4-1ece06685ff5
35a4bd85-3d24-56a2-84de-a945572626e1,e8aeb018-f679-5670-b210-de4f62ff2111,0ec23038-d3ab-588c-bbd6-1f5c744cdde1,botica,26f7241d-a84e-5e4a-a43d-33eea1e54eea,LT-000025-202402-0376,2025-03-10,0,a6f6d890-1609-53fc-b4a6-5733ccc9d078
36e82cca-9db6-5874-b0e4-bb360b7dd14a,e8aeb018-f679-5670-b210-de4f62ff2111,d3961f5a-3ea7-53d3-89f4-78b65b0c0c6b,botica,43616d97-2221-569d-82eb-bcc14bcd6344,LT-000001-202402-0377,2025-08-09,0,76d6c9f4-5d7d-53c0-bb1f-2a577383765a
2dd3d80b-1f40-54c6-a494-4588306cd783,e8aeb018-f679-5670-b210-de4f62ff2111,d2f08f15-f9f2-5f65-a740-b05896774467,botica,43616d97-2221-569d-82eb-bcc14bcd6344,LT-000017-202402-0378,2025-06-26,0,41cb90d0-d91a-57c2-b138-831be351479f
98da1f09-ad0c-50bc-947f-265b5d51745b,e8aeb018-f679-5670-b210-de4f62ff2111,d3961f5a-3ea7-53d3-89f4-78b65b0c0c6b,botica,8ecedccf-c230-516b-bbc2-108f7a6fbe63,LT-000001-202402-0379,2025-04-02,0,76d6c9f4-5d7d-53c0-bb1f-2a577383765a
742286ed-0c6d-547b-a4af-2e6cd025eddf,e8aeb018-f679-5670-b210-de4f62ff2111,012857cc-907f-5e7d-b8fb-796d2c9f1621,botica,7fb983e8-6848-5425-97a2-14da72722d0f,LT-000028-202402-0380,2024-10-29,0,ab4a547f-e75d-5601-8171-00da4efa4b57
e55d1c58-1e62-5279-97c7-0ba9058e9674,e8aeb018-f679-5670-b210-de4f62ff2111,2933d8b7-2438-521b-b38d-d3a5224f87fc,botica,26f7241d-a84e-5e4a-a43d-33eea1e54eea,LT-000002-202402-0381,2026-11-08,0,41cb90d0-d91a-57c2-b138-831be351479f
bd32eb45-be5c-5586-950f-ed6d5926d7e1,e8aeb018-f679-5670-b210-de4f62ff2111,97d26d91-c562-5f27-9ebd-285e89c8f4bf,botica,26f7241d-a84e-5e4a-a43d-33eea1e54eea,LT-000018-202402-0382,2026-10-12,0,ab4a547f-e75d-5601-8171-00da4efa4b57
2787a636-88ea-50b2-8ee4-00e198816f1f,e8aeb018-f679-5670-b210-de4f62ff2111,6d807393-f4ab-5f76-b544-251eeda27ba3,botica,43616d97-2221-569d-82eb-bcc14bcd6344,LT-000003-202402-0383,2026-08-22,0,ab4a547f-e75d-5601-8171-00da4efa4b57
2e32c858-329c-5e57-92a4-dc0cf76e3ff1,e8aeb018-f679-5670-b210-de4f62ff2111,38adf7ba-476e-5e6b-9163-781a13538253,botica,43616d97-2221-569d-82eb-bcc14bcd6344,LT-000012-202402-0384,2026-04-01,0,41cb90d0-d91a-57c2-b138-831be351479f
76d6219b-e4e2-5182-a2db-68afdfb2a01d,e8aeb018-f679-5670-b210-de4f62ff2111,97d26d91-c562-5f27-9ebd-285e89c8f4bf,botica,43616d97-2221-569d-82eb-bcc14bcd6344,LT-000018-202402-0385,2025-05-12,0,ab4a547f-e75d-5601-8171-00da4efa4b57
631a9224-c2e9-5434-bcd3-d38cb4fb63a0,e8aeb018-f679-5670-b210-de4f62ff2111,38adf7ba-476e-5e6b-9163-781a13538253,botica,8ecedccf-c230-516b-bbc2-108f7a6fbe63,LT-000012-202402-0386,2026-09-09,0,41cb90d0-d91a-57c2-b138-831be351479f
71a5749a-561d-56f1-af7b-dbd31c28732a,e8aeb018-f679-5670-b210-de4f62ff2111,4d9429b6-2ebf-5b5d-ac48-f779d5a1e270,botica,7fb983e8-6848-5425-97a2-14da72722d0f,LT-000010-202402-0387,2026-07-08,0,a6f6d890-1609-53fc-b4a6-5733ccc9d078
b000ef57-6831-52ce-956c-726438953454,e8aeb018-f679-5670-b210-de4f62ff2111,042e2e80-f954-5df4-97be-29dd428cc598,botica,26f7241d-a84e-5e4a-a43d-33eea1e54eea,LT-000004-202402-0388,2026-08-10,0,c6617891-56ff-5690-89a4-1ece06685ff5
369432b9-cf5d-5f42-ab67-97c9e78f6e1b,e8aeb018-f679-5670-b210-de4f62ff2111,012857cc-907f-5e7d-b8fb-796d2c9f1621,botica,43616d97-2221-569d-82eb-bcc14bcd6344,LT-000028-202402-0389,2025-06-09,0,ab4a547f-e75d-5601-8171-00da4efa4b57
b5f8042f-ed7f-5313-b2ef-0303dffd05bf,e8aeb018-f679-5670-b210-de4f62ff2111,82cd11ba-d1a0-58b1-b14f-edd741f36e87,botica,d6f21f11-7533-52dd-a4dc-2fb8e260c02c,LT-000007-202402-0390,2025-02-13,0,41cb90d0-d91a-57c2-b138-831be351479f
f6c6e230-afef-5305-a477-4a829d2bf25e,e8aeb018-f679-5670-b210-de4f62ff2111,983871db-adfb-543e-b438-6b00044ffb64,botica,8ecedccf-c230-516b-bbc2-108f7a6fbe63,LT-000015-202402-0391,2026-11-19,0,a6f6d890-1609-53fc-b4a6-5733ccc9d078
e47dc74d-7aea-5d9d-8e3b-f9650b0ce7ba,e8aeb018-f679-5670-b210-de4f62ff2111,d0ae6d2d-e561-56b3-a2c1-113c1c56ae81,botica,8ecedccf-c230-516b-bbc2-108f7a6fbe63,LT-000021-202402-0392,2026-12-02,0,76d6c9f4-5d7d-53c0-bb1f-2a577383765a
b880488e-de67-53e0-84e4-90b86aabeb4f,e8aeb018-f679-5670-b210-de4f62ff2111,6d807393-f4ab-5f76-b544-251eeda27ba3,botica,26f7241d-a84e-5e4a-a43d-33eea1e54eea,LT-000003-202402-0393,2025-03-28,0,ab4a547f-e75d-5601-8171-00da4efa4b57
4d1e2df0-8c7d-58c5-8aae-bfcd50130f30,e8aeb018-f679-5670-b210-de4f62ff2111,9928e9a1-d9fc-5fdd-86c2-8909352fd7fe,botica,26f7241d-a84e-5e4a-a43d-33eea1e54eea,LT-000005-202402-0394,2025-02-17,0,a6f6d890-1609-53fc-b4a6-5733ccc9d078
6d2a7336-e86f-5fde-81ad-d9ec1fb15642,e8aeb018-f679-5670-b210-de4f62ff2111,058c6382-bde2-59d1-93ff-20c6161a4736,botica,26f7241d-a84e-5e4a-a43d-33eea1e54eea,LT-000009-202402-0395,2026-11-29,0,c6617891-56ff-5690-89a4-1ece06685ff5
c0908de2-a833-5c00-83aa-b100b2a61287,e8aeb018-f679-5670-b210-de4f62ff2111,c0cf5e5c-b5c9-585a-8e79-d9830bc954f6,botica,26f7241d-a84e-5e4a-a43d-33eea1e54eea,LT-000011-202402-0396,2026-05-08,0,76d6c9f4-5d7d-53c0-bb1f-2a577383765a
987b508e-d249-5999-b034-5c80a51575b4,e8aeb018-f679-5670-b210-de4f62ff2111,87b859e0-789a-56e6-b1ba-4fe76221d3bf,botica,26f7241d-a84e-5e4a-a43d-33eea1e54eea,LT-000014-202402-0397,2025-05-31,0,c6617891-56ff-5690-89a4-1ece06685ff5
e850ea75-2fc3-5135-a3fb-3c6d18126a45,e8aeb018-f679-5670-b210-de4f62ff2111,d9506935-1215-5499-93c0-8bdd86ab9418,botica,43616d97-2221-569d-82eb-bcc14bcd6344,LT-000029-202402-0398,2026-11-11,0,c6617891-56ff-5690-89a4-1ece06685ff5
0d462766-d6c5-5b38-b2f7-3bf6f8778583,e8aeb018-f679-5670-b210-de4f62ff2111,042e2e80-f954-5df4-97be-29dd428cc598,botica,43616d97-2221-569d-82eb-bcc14bcd6344,LT-000004-202403-0399,2025-06-08,0,c6617891-56ff-5690-89a4-1ece06685ff5
7931044f-2e03-54b9-ac65-00c849ee7d21,e8aeb018-f679-5670-b210-de4f62ff2111,9928e9a1-d9fc-5fdd-86c2-8909352fd7fe,botica,8ecedccf-c230-516b-bbc2-108f7a6fbe63,LT-000005-202403-0400,2025-07-27,0,a6f6d890-1609-53fc-b4a6-5733ccc9d078
e987adf9-22f2-5a9b-99b7-f5ac81cccc5b,e8aeb018-f679-5670-b210-de4f62ff2111,9928e9a1-d9fc-5fdd-86c2-8909352fd7fe,botica,7fb983e8-6848-5425-97a2-14da72722d0f,LT-000005-202403-0401,2024-10-07,0,a6f6d890-1609-53fc-b4a6-5733ccc9d078
8ec99a7b-53ad-5b5d-9a54-341af3ce5bb7,e8aeb018-f679-5670-b210-de4f62ff2111,2eb3a104-e572-583a-afa0-156ee0dc4cce,botica,7fb983e8-6848-5425-97a2-14da72722d0f,LT-000019-202403-0402,2024-09-26,0,c6617891-56ff-5690-89a4-1ece06685ff5
58389156-277f-57ba-8e03-63834b4cc2cb,e8aeb018-f679-5670-b210-de4f62ff2111,4d9429b6-2ebf-5b5d-ac48-f779d5a1e270,botica,26f7241d-a84e-5e4a-a43d-33eea1e54eea,LT-000010-202403-0403,2024-10-30,0,a6f6d890-1609-53fc-b4a6-5733ccc9d078
4167d008-3929-53f5-be69-5ccc09a00ce5,e8aeb018-f679-5670-b210-de4f62ff2111,5bbfdec8-65ae-59e6-b211-5eccb5b765fa,botica,43616d97-2221-569d-82eb-bcc14bcd6344,LT-000006-202403-0404,2026-12-03,0,76d6c9f4-5d7d-53c0-bb1f-2a577383765a
52eb0dd6-28a6-5d4b-817b-7970d0161ae4,e8aeb018-f679-5670-b210-de4f62ff2111,c0cf5e5c-b5c9-585a-8e79-d9830bc954f6,botica,43616d97-2221-569d-82eb-bcc14bcd6344,LT-000011-202403-0405,2026-11-24,0,76d6c9f4-5d7d-53c0-bb1f-2a577383765a
2c51d1ae-2468-5a8f-8731-f03419de8435,e8aeb018-f679-5670-b210-de4f62ff2111,1ca3438e-9e23-58f0-a35f-f15f7a23beb9,botica,43616d97-2221-569d-82eb-bcc14bcd6344,LT-000024-202403-0406,2026-03-15,0,c6617891-56ff-5690-89a4-1ece06685ff5
e976596f-0aa5-50f5-8556-0997af2ed3a1,e8aeb018-f679-5670-b210-de4f62ff2111,5bbfdec8-65ae-59e6-b211-5eccb5b765fa,botica,8ecedccf-c230-516b-bbc2-108f7a6fbe63,LT-000006-202403-0407,2025-09-28,0,76d6c9f4-5d7d-53c0-bb1f-2a577383765a
d5be4080-37c2-5b7e-95a7-b6f815e678ca,e8aeb018-f679-5670-b210-de4f62ff2111,97d26d91-c562-5f27-9ebd-285e89c8f4bf,botica,8ecedccf-c230-516b-bbc2-108f7a6fbe63,LT-000018-202403-0408,2025-06-14,0,ab4a547f-e75d-5601-8171-00da4efa4b57
40c20aff-8e39-5309-b9cf-340fef4853f0,e8aeb018-f679-5670-b210-de4f62ff2111,82cd11ba-d1a0-58b1-b14f-edd741f36e87,botica,7fb983e8-6848-5425-97a2-14da72722d0f,LT-000007-202403-0409,2026-10-15,0,41cb90d0-d91a-57c2-b138-831be351479f
50e472ae-c5bd-5712-9529-cbfb3dce130b,e8aeb018-f679-5670-b210-de4f62ff2111,d0ae6d2d-e561-56b3-a2c1-113c1c56ae81,botica,7fb983e8-6848-5425-97a2-14da72722d0f,LT-000021-202403-0410,2026-09-03,0,76d6c9f4-5d7d-53c0-bb1f-2a577383765a
034fe587-7ada-513d-a24f-12d4ccf2f1bd,e8aeb018-f679-5670-b210-de4f62ff2111,38adf7ba-476e-5e6b-9163-781a13538253,botica,26f7241d-a84e-5e4a-a43d-33eea1e54eea,LT-000012-202403-0411,2025-11-27,0,41cb90d0-d91a-57c2-b138-831be351479f
61132da5-a9f5-5c16-8c91-f28b74b332ba,e8aeb018-f679-5670-b210-de4f62ff2111,983871db-adfb-543e-b438-6b00044ffb64,botica,26f7241d-a84e-5e4a-a43d-33eea1e54eea,LT-000015-202403-0412,2027-02-12,0,a6f6d890-1609-53fc-b4a6-5733ccc9d078
2d35dcfc-2850-5cd8-bb5c-f0d428368b34,e8aeb018-f679-5670-b210-de4f62ff2111,2eb3a104-e572-583a-afa0-156ee0dc4cce,botica,26f7241d-a84e-5e4a-a43d-33eea1e54eea,LT-000019-202403-0413,2025-12-23,0,c6617891-56ff-5690-89a4-1ece06685ff5
5492b5fd-a6fb-505d-ae96-c22d5d20b565,e8aeb018-f679-5670-b210-de4f62ff2111,87b859e0-789a-56e6-b1ba-4fe76221d3bf,botica,43616d97-2221-569d-82eb-bcc14bcd6344,LT-000014-202403-0414,2027-02-15,0,c6617891-56ff-5690-89a4-1ece06685ff5
8a544473-20d5-5f7e-a0ad-171b7ee70d52,e8aeb018-f679-5670-b210-de4f62ff2111,983871db-adfb-543e-b438-6b00044ffb64,botica,43616d97-2221-569d-82eb-bcc14bcd6344,LT-000015-202403-0415,2026-04-01,0,a6f6d890-1609-53fc-b4a6-5733ccc9d078
a6299a8d-d7e2-543a-ae39-a51132927d5f,e8aeb018-f679-5670-b210-de4f62ff2111,cd81184b-b6f1-563c-b463-36a69ddfb598,botica,43616d97-2221-569d-82eb-bcc14bcd6344,LT-000026-202403-0416,2024-10-17,1,76d6c9f4-5d7d-53c0-bb1f-2a577383765a
905b2b9f-4bda-537c-af2e-de8ec54827af,e8aeb018-f679-5670-b210-de4f62ff2111,6baabed2-52d7-5cb7-bf74-86c7cb3e4f07,botica,d6f21f11-7533-52dd-a4dc-2fb8e260c02c,LT-000027-202403-0417,2025-06-19,0,41cb90d0-d91a-57c2-b138-831be351479f
607b4405-bd58-5362-a96b-4fedc949a2bb,e8aeb018-f679-5670-b210-de4f62ff2111,1ca3438e-9e23-58f0-a35f-f15f7a23beb9,botica,8ecedccf-c230-516b-bbc2-108f7a6fbe63,LT-000024-202403-0418,2025-11-03,0,c6617891-56ff-5690-89a4-1ece06685ff5
c4e56dfa-7435-5e3a-89df-35de885e6c94,e8aeb018-f679-5670-b210-de4f62ff2111,2933d8b7-2438-521b-b38d-d3a5224f87fc,botica,7fb983e8-6848-5425-97a2-14da72722d0f,LT-000002-202403-0419,2026-11-28,0,41cb90d0-d91a-57c2-b138-831be351479f
ab1dafbd-e105-59c4-8f3c-92afd33485e0,e8aeb018-f679-5670-b210-de4f62ff2111,2082733c-4e17-51fe-bc8c-bf33d3ec5d7e,botica,7fb983e8-6848-5425-97a2-14da72722d0f,LT-000016-202403-0420,2024-12-22,0,76d6c9f4-5d7d-53c0-bb1f-2a577383765a
1d49bfe4-de89-5865-b02f-ebd49d0f6cf3,e8aeb018-f679-5670-b210-de4f62ff2111,1e9605fd-5682-52b6-8f05-e8a92dd44513,botica,26f7241d-a84e-5e4a-a43d-33eea1e54eea,LT-000030-202403-0421,2026-06-15,0,a6f6d890-1609-53fc-b4a6-5733ccc9d078
7d4fcc27-96cf-57ab-ac4f-1e61516ab798,e8aeb018-f679-5670-b210-de4f62ff2111,058c6382-bde2-59d1-93ff-20c6161a4736,botica,43616d97-2221-569d-82eb-bcc14bcd6344,LT-000009-202403-0422,2026-11-05,0,c6617891-56ff-5690-89a4-1ece06685ff5
74fae1e3-0d0d-5464-ac5b-1d4a6f59cf5d,e8aeb018-f679-5670-b210-de4f62ff2111,2eb3a104-e572-583a-afa0-156ee0dc4cce,botica,43616d97-2221-569d-82eb-bcc14bcd6344,LT-000019-202403-0423,2026-09-20,0,c6617891-56ff-5690-89a4-1ece06685ff5
0d6d353f-65b9-5c36-a0fe-7e76a4b5592e,e8aeb018-f679-5670-b210-de4f62ff2111,07371b94-955f-52a4-9bf9-f0a6ad2b4fa8,botica,d6f21f11-7533-52dd-a4dc-2fb8e260c02c,LT-000008-202403-0424,2025-03-08,0,ab4a547f-e75d-5601-8171-00da4efa4b57
5e62226b-8e26-5aa2-8c79-150df7100a87,e8aeb018-f679-5670-b210-de4f62ff2111,94e18241-54bd-5516-b36f-94ab6e323aca,botica,d6f21f11-7533-52dd-a4dc-2fb8e260c02c,LT-000013-202403-0425,2026-06-07,0,ab4a547f-e75d-5601-8171-00da4efa4b57
7aed871c-97be-52a2-93d3-6926460fe22e,e8aeb018-f679-5670-b210-de4f62ff2111,94e18241-54bd-5516-b36f-94ab6e323aca,botica,8ecedccf-c230-516b-bbc2-108f7a6fbe63,LT-000013-202403-0426,2026-07-16,0,ab4a547f-e75d-5601-8171-00da4efa4b57
83c08b35-44c3-5222-bd60-b5bfee500e14,e8aeb018-f679-5670-b210-de4f62ff2111,d9506935-1215-5499-93c0-8bdd86ab9418,botica,8ecedccf-c230-516b-bbc2-108f7a6fbe63,LT-000029-202403-0427,2025-04-30,0,c6617891-56ff-5690-89a4-1ece06685ff5
57b7e46e-152e-5fb1-8b41-e9c2cf14584d,e8aeb018-f679-5670-b210-de4f62ff2111,97d26d91-c562-5f27-9ebd-285e89c8f4bf,botica,7fb983e8-6848-5425-97a2-14da72722d0f,LT-000018-202403-0428,2026-07-09,0,ab4a547f-e75d-5601-8171-00da4efa4b57
aa1115b9-4abb-5f1e-911c-4d0ff3b1c824,e8aeb018-f679-5670-b210-de4f62ff2111,94e18241-54bd-5516-b36f-94ab6e323aca,botica,26f7241d-a84e-5e4a-a43d-33eea1e54eea,LT-000013-202403-0429,2026-08-24,0,ab4a547f-e75d-5601-8171-00da4efa4b57
82c1af80-1aaa-5bcc-a1b8-fd2a4a11743f,e8aeb018-f679-5670-b210-de4f62ff2111,cd81184b-b6f1-563c-b463-36a69ddfb598,botica,26f7241d-a84e-5e4a-a43d-33eea1e54eea,LT-000026-202403-0430,2024-09-23,0,76d6c9f4-5d7d-53c0-bb1f-2a577383765a
6509563a-b027-5143-bf6a-17d5a0b56e64,e8aeb018-f679-5670-b210-de4f62ff2111,82cd11ba-d1a0-58b1-b14f-edd741f36e87,botica,43616d97-2221-569d-82eb-bcc14bcd6344,LT-000007-202403-0431,2026-09-03,0,41cb90d0-d91a-57c2-b138-831be351479f
f3220a49-adf6-573a-b9e8-2a76dc3e0f29,e8aeb018-f679-5670-b210-de4f62ff2111,2897aac2-f219-5167-b800-73fac27f6b85,botica,43616d97-2221-569d-82eb-bcc14bcd6344,LT-000022-202403-0432,2026-03-06,0,41cb90d0-d91a-57c2-b138-831be351479f
b0e2ca6d-288a-5da5-a5d5-2102a12dce84,e8aeb018-f679-5670-b210-de4f62ff2111,87b859e0-789a-56e6-b1ba-4fe76221d3bf,botica,d6f21f11-7533-52dd-a4dc-2fb8e260c02c,LT-000014-202403-0433,2025-09-26,0,c6617891-56ff-5690-89a4-1ece06685ff5
a7ae1a4c-f138-55b8-9ef6-1c19aed602e4,e8aeb018-f679-5670-b210-de4f62ff2111,afe9d181-1c64-5cca-b4b7-a9fa24eceeea,botica,8ecedccf-c230-516b-bbc2-108f7a6fbe63,LT-000020-202403-0434,2025-12-12,0,a6f6d890-1609-53fc-b4a6-5733ccc9d078
630df10e-49c4-5a12-9dee-ead71ee08825,e8aeb018-f679-5670-b210-de4f62ff2111,6d807393-f4ab-5f76-b544-251eeda27ba3,botica,7fb983e8-6848-5425-97a2-14da72722d0f,LT-000003-202403-0435,2026-03-09,0,ab4a547f-e75d-5601-8171-00da4efa4b57
ffa99455-246f-5541-91ea-944d220e860a,e8aeb018-f679-5670-b210-de4f62ff2111,5bbfdec8-65ae-59e6-b211-5eccb5b765fa,botica,7fb983e8-6848-5425-97a2-14da72722d0f,LT-000006-202403-0436,2024-11-04,0,76d6c9f4-5d7d-53c0-bb1f-2a577383765a
cdf3274c-df34-5e62-bdad-54e76456632b,e8aeb018-f679-5670-b210-de4f62ff2111,2897aac2-f219-5167-b800-73fac27f6b85,botica,7fb983e8-6848-5425-97a2-14da72722d0f,LT-000022-202403-0437,2026-11-19,0,41cb90d0-d91a-57c2-b138-831be351479f
3615a1e5-0894-51d7-9a8d-dd32ae75b4f0,e8aeb018-f679-5670-b210-de4f62ff2111,cd81184b-b6f1-563c-b463-36a69ddfb598,botica,7fb983e8-6848-5425-97a2-14da72722d0f,LT-000026-202403-0438,2026-12-27,0,76d6c9f4-5d7d-53c0-bb1f-2a577383765a
b8aa5e8e-be58-58dd-b27f-e9d8a0d0278a,e8aeb018-f679-5670-b210-de4f62ff2111,2082733c-4e17-51fe-bc8c-bf33d3ec5d7e,botica,26f7241d-a84e-5e4a-a43d-33eea1e54eea,LT-000016-202403-0439,2025-09-19,0,76d6c9f4-5d7d-53c0-bb1f-2a577383765a
eb077832-59dd-5fc5-ac6f-00de4c6b27fc,e8aeb018-f679-5670-b210-de4f62ff2111,afe9d181-1c64-5cca-b4b7-a9fa24eceeea,botica,26f7241d-a84e-5e4a-a43d-33eea1e54eea,LT-000020-202403-0440,2026-03-11,0,a6f6d890-1609-53fc-b4a6-5733ccc9d078
8e810db5-dea6-5dc9-bcaa-bac4d971ab83,e8aeb018-f679-5670-b210-de4f62ff2111,d0ae6d2d-e561-56b3-a2c1-113c1c56ae81,botica,26f7241d-a84e-5e4a-a43d-33eea1e54eea,LT-000021-202403-0441,2024-11-24,0,76d6c9f4-5d7d-53c0-bb1f-2a577383765a
df62eccd-ee0c-57ce-b5a0-e81f17e28717,e8aeb018-f679-5670-b210-de4f62ff2111,d9506935-1215-5499-93c0-8bdd86ab9418,botica,26f7241d-a84e-5e4a-a43d-33eea1e54eea,LT-000029-202403-0442,2025-04-27,0,c6617891-56ff-5690-89a4-1ece06685ff5
ad53ab1f-c855-52ee-a2e0-ab59124d89df,e8aeb018-f679-5670-b210-de4f62ff2111,9928e9a1-d9fc-5fdd-86c2-8909352fd7fe,botica,43616d97-2221-569d-82eb-bcc14bcd6344,LT-000005-202403-0443,2025-04-04,0,a6f6d890-1609-53fc-b4a6-5733ccc9d078
bb5c6286-b8db-5766-ae98-aa8f89d71ac3,e8aeb018-f679-5670-b210-de4f62ff2111,94e18241-54bd-5516-b36f-94ab6e323aca,botica,43616d97-2221-569d-82eb-bcc14bcd6344,LT-000013-202403-0444,2026-11-28,0,ab4a547f-e75d-5601-8171-00da4efa4b57
6115d2e1-6b5b-512f-89cf-d750c20fb0e9,e8aeb018-f679-5670-b210-de4f62ff2111,afe9d181-1c64-5cca-b4b7-a9fa24eceeea,botica,43616d97-2221-569d-82eb-bcc14bcd6344,LT-000020-202403-0445,2026-11-27,0,a6f6d890-1609-53fc-b4a6-5733ccc9d078
f8b98cd9-c31c-5950-be3d-aa971c8fb44c,e8aeb018-f679-5670-b210-de4f62ff2111,9928e9a1-d9fc-5fdd-86c2-8909352fd7fe,botica,d6f21f11-7533-52dd-a4dc-2fb8e260c02c,LT-000005-202403-0446,2026-11-23,0,a6f6d890-1609-53fc-b4a6-5733ccc9d078
6eb4f7d1-b947-5387-9f3b-6b87cbd96bba,e8aeb018-f679-5670-b210-de4f62ff2111,0ec23038-d3ab-588c-bbd6-1f5c744cdde1,botica,d6f21f11-7533-52dd-a4dc-2fb8e260c02c,LT-000025-202403-0447,2026-06-19,0,a6f6d890-1609-53fc-b4a6-5733ccc9d078
d3c0769f-663b-5050-895b-0bcd252ecf8b,e8aeb018-f679-5670-b210-de4f62ff2111,1e9605fd-5682-52b6-8f05-e8a92dd44513,botica,8ecedccf-c230-516b-bbc2-108f7a6fbe63,LT-000030-202403-0448,2024-09-12,0,a6f6d890-1609-53fc-b4a6-5733ccc9d078
da412759-4a91-5b89-b5da-da6b2281fc1c,e8aeb018-f679-5670-b210-de4f62ff2111,38adf7ba-476e-5e6b-9163-781a13538253,botica,7fb983e8-6848-5425-97a2-14da72722d0f,LT-000012-202403-0449,2025-12-10,0,41cb90d0-d91a-57c2-b138-831be351479f
0b320b32-81b7-5d46-9396-adc7df5d9ff1,e8aeb018-f679-5670-b210-de4f62ff2111,22231140-3780-5fe8-a7d4-d33f61d15111,botica,26f7241d-a84e-5e4a-a43d-33eea1e54eea,LT-000023-202403-0450,2026-10-24,0,ab4a547f-e75d-5601-8171-00da4efa4b57
1822c82e-a8e6-5e2c-86f0-88786247649b,e8aeb018-f679-5670-b210-de4f62ff2111,38adf7ba-476e-5e6b-9163-781a13538253,botica,d6f21f11-7533-52dd-a4dc-2fb8e260c02c,LT-000012-202403-0451,2025-06-15,0,41cb90d0-d91a-57c2-b138-831be351479f
ad2d4f23-a98e-59f0-a227-1ef9928c760b,e8aeb018-f679-5670-b210-de4f62ff2111,87b859e0-789a-56e6-b1ba-4fe76221d3bf,botica,7fb983e8-6848-5425-97a2-14da72722d0f,LT-000014-202403-0452,2025-12-01,0,c6617891-56ff-5690-89a4-1ece06685ff5
def6aff9-58c6-51de-8520-3a7ac9b961a9,e8aeb018-f679-5670-b210-de4f62ff2111,d2f08f15-f9f2-5f65-a740-b05896774467,botica,26f7241d-a84e-5e4a-a43d-33eea1e54eea,LT-000017-202403-0453,2026-07-10,0,41cb90d0-d91a-57c2-b138-831be351479f
90914843-efe4-585a-ace4-226fd645bf9b,e8aeb018-f679-5670-b210-de4f62ff2111,38adf7ba-476e-5e6b-9163-781a13538253,botica,43616d97-2221-569d-82eb-bcc14bcd6344,LT-000012-202403-0454,2026-01-23,0,41cb90d0-d91a-57c2-b138-831be351479f
e0470f88-a6d3-5d70-a4e8-f06eca237f5f,e8aeb018-f679-5670-b210-de4f62ff2111,2082733c-4e17-51fe-bc8c-bf33d3ec5d7e,botica,43616d97-2221-569d-82eb-bcc14bcd6344,LT-000016-202403-0455,2026-05-24,0,76d6c9f4-5d7d-53c0-bb1f-2a577383765a
678db2b7-b0ef-5e47-9a8f-b0f3604ea2a0,e8aeb018-f679-5670-b210-de4f62ff2111,2933d8b7-2438-521b-b38d-d3a5224f87fc,botica,d6f21f11-7533-52dd-a4dc-2fb8e260c02c,LT-000002-202403-0456,2025-07-17,0,41cb90d0-d91a-57c2-b138-831be351479f
7940704d-84d0-5026-8dfd-5fbaea0d7674,e8aeb018-f679-5670-b210-de4f62ff2111,058c6382-bde2-59d1-93ff-20c6161a4736,botica,8ecedccf-c230-516b-bbc2-108f7a6fbe63,LT-000009-202403-0457,2025-04-29,0,c6617891-56ff-5690-89a4-1ece06685ff5
2d2fbdc7-aa62-5287-83c0-65f7d969ed1f,e8aeb018-f679-5670-b210-de4f62ff2111,cd81184b-b6f1-563c-b463-36a69ddfb598,botica,8ecedccf-c230-516b-bbc2-108f7a6fbe63,LT-000026-202403-0458,2026-07-19,0,76d6c9f4-5d7d-53c0-bb1f-2a577383765a
a7520330-eb6b-5024-bb5a-bc3da40ec4f2,e8aeb018-f679-5670-b210-de4f62ff2111,2082733c-4e17-51fe-bc8c-bf33d3ec5d7e,botica,d6f21f11-7533-52dd-a4dc-2fb8e260c02c,LT-000016-202403-0459,2026-02-14,0,76d6c9f4-5d7d-53c0-bb1f-2a577383765a
f1c07302-ba82-5f67-81ae-80a08968d899,e8aeb018-f679-5670-b210-de4f62ff2111,042e2e80-f954-5df4-97be-29dd428cc598,botica,8ecedccf-c230-516b-bbc2-108f7a6fbe63,LT-000004-202403-0460,2025-06-15,0,c6617891-56ff-5690-89a4-1ece06685ff5
8d9b44d0-04f9-55ee-969d-af5f183afa04,e8aeb018-f679-5670-b210-de4f62ff2111,87b859e0-789a-56e6-b1ba-4fe76221d3bf,botica,8ecedccf-c230-516b-bbc2-108f7a6fbe63,LT-000014-202403-0461,2025-04-12,0,c6617891-56ff-5690-89a4-1ece06685ff5
3d562f35-51d4-5885-b698-47dc3cacf079,e8aeb018-f679-5670-b210-de4f62ff2111,0ec23038-d3ab-588c-bbd6-1f5c744cdde1,botica,8ecedccf-c230-516b-bbc2-108f7a6fbe63,LT-000025-202403-0462,2026-12-03,0,a6f6d890-1609-53fc-b4a6-5733ccc9d078
ccfa3967-28b7-54a9-aceb-6fe3a9397f51,e8aeb018-f679-5670-b210-de4f62ff2111,4d9429b6-2ebf-5b5d-ac48-f779d5a1e270,botica,43616d97-2221-569d-82eb-bcc14bcd6344,LT-000010-202403-0463,2024-09-23,0,a6f6d890-1609-53fc-b4a6-5733ccc9d078
b309df77-80cb-526d-8961-c20b211b6e6a,e8aeb018-f679-5670-b210-de4f62ff2111,983871db-adfb-543e-b438-6b00044ffb64,botica,d6f21f11-7533-52dd-a4dc-2fb8e260c02c,LT-000015-202403-0464,2026-08-08,0,a6f6d890-1609-53fc-b4a6-5733ccc9d078
c1ccae55-c7f0-5e55-a3a5-d9a64f944b8b,e8aeb018-f679-5670-b210-de4f62ff2111,2eb3a104-e572-583a-afa0-156ee0dc4cce,botica,d6f21f11-7533-52dd-a4dc-2fb8e260c02c,LT-000019-202403-0465,2025-02-20,0,c6617891-56ff-5690-89a4-1ece06685ff5
97be6357-dacc-514f-bfe9-625cf4a9b6da,e8aeb018-f679-5670-b210-de4f62ff2111,d0ae6d2d-e561-56b3-a2c1-113c1c56ae81,botica,d6f21f11-7533-52dd-a4dc-2fb8e260c02c,LT-000021-202403-0466,2025-10-31,0,76d6c9f4-5d7d-53c0-bb1f-2a577383765a
85584588-50f4-579b-96c0-25ca02c1cfe2,e8aeb018-f679-5670-b210-de4f62ff2111,012857cc-907f-5e7d-b8fb-796d2c9f1621,botica,d6f21f11-7533-52dd-a4dc-2fb8e260c02c,LT-000028-202403-0467,2025-03-27,0,ab4a547f-e75d-5601-8171-00da4efa4b57
429a2875-1c21-58cf-b836-0c004406855f,e8aeb018-f679-5670-b210-de4f62ff2111,38adf7ba-476e-5e6b-9163-781a13538253,botica,8ecedccf-c230-516b-bbc2-108f7a6fbe63,LT-000012-202403-0468,2026-02-23,0,41cb90d0-d91a-57c2-b138-831be351479f
e3a534cb-ccff-583d-848c-5947c4e702d3,e8aeb018-f679-5670-b210-de4f62ff2111,d3961f5a-3ea7-53d3-89f4-78b65b0c0c6b,botica,7fb983e8-6848-5425-97a2-14da72722d0f,LT-000001-202403-0469,2025-10-18,0,76d6c9f4-5d7d-53c0-bb1f-2a577383765a
f0d7e2c3-5612-50c7-b17d-44efc2710213,e8aeb018-f679-5670-b210-de4f62ff2111,afe9d181-1c64-5cca-b4b7-a9fa24eceeea,botica,7fb983e8-6848-5425-97a2-14da72722d0f,LT-000020-202403-0470,2024-11-27,0,a6f6d890-1609-53fc-b4a6-5733ccc9d078
7c80a91e-79b2-5fe0-aa61-93d0ec34473c,e8aeb018-f679-5670-b210-de4f62ff2111,87b859e0-789a-56e6-b1ba-4fe76221d3bf,botica,26f7241d-a84e-5e4a-a43d-33eea1e54eea,LT-000014-202403-0471,2025-11-09,0,c6617891-56ff-5690-89a4-1ece06685ff5
b801c34d-9bec-5673-930a-60c7b9b28e5c,e8aeb018-f679-5670-b210-de4f62ff2111,042e2e80-f954-5df4-97be-29dd428cc598,botica,d6f21f11-7533-52dd-a4dc-2fb8e260c02c,LT-000004-202403-0472,2026-08-14,0,c6617891-56ff-5690-89a4-1ece06685ff5
55aa2094-93aa-5935-87b3-bc4edc0e0849,e8aeb018-f679-5670-b210-de4f62ff2111,4d9429b6-2ebf-5b5d-ac48-f779d5a1e270,botica,d6f21f11-7533-52dd-a4dc-2fb8e260c02c,LT-000010-202403-0473,2026-11-14,0,a6f6d890-1609-53fc-b4a6-5733ccc9d078
70a62d5d-16d6-56ed-bd63-e4ddc479219f,e8aeb018-f679-5670-b210-de4f62ff2111,2897aac2-f219-5167-b800-73fac27f6b85,botica,d6f21f11-7533-52dd-a4dc-2fb8e260c02c,LT-000022-202403-0474,2026-01-07,0,41cb90d0-d91a-57c2-b138-831be351479f
775bdc56-1600-5e0b-ad90-bcff4cd815ca,e8aeb018-f679-5670-b210-de4f62ff2111,c0cf5e5c-b5c9-585a-8e79-d9830bc954f6,botica,8ecedccf-c230-516b-bbc2-108f7a6fbe63,LT-000011-202403-0475,2026-06-16,0,76d6c9f4-5d7d-53c0-bb1f-2a577383765a
88baaf38-2273-5f9c-87bd-3b2acbefc89b,e8aeb018-f679-5670-b210-de4f62ff2111,058c6382-bde2-59d1-93ff-20c6161a4736,botica,7fb983e8-6848-5425-97a2-14da72722d0f,LT-000009-202403-0476,2026-01-30,0,c6617891-56ff-5690-89a4-1ece06685ff5
e9f83fbb-6ea0-5839-a8ab-ac2b7164ae13,e8aeb018-f679-5670-b210-de4f62ff2111,d9506935-1215-5499-93c0-8bdd86ab9418,botica,7fb983e8-6848-5425-97a2-14da72722d0f,LT-000029-202403-0477,2026-07-14,0,c6617891-56ff-5690-89a4-1ece06685ff5
37477a1f-4c95-591f-9480-5e9e25942978,e8aeb018-f679-5670-b210-de4f62ff2111,5bbfdec8-65ae-59e6-b211-5eccb5b765fa,botica,26f7241d-a84e-5e4a-a43d-33eea1e54eea,LT-000006-202403-0478,2026-09-20,0,76d6c9f4-5d7d-53c0-bb1f-2a577383765a
541880e0-e5ff-5b45-b3d6-52ce936b7196,e8aeb018-f679-5670-b210-de4f62ff2111,97d26d91-c562-5f27-9ebd-285e89c8f4bf,botica,d6f21f11-7533-52dd-a4dc-2fb8e260c02c,LT-000018-202403-0479,2026-02-12,0,ab4a547f-e75d-5601-8171-00da4efa4b57
753314f1-ef9f-5abc-a842-af0205204c2f,e8aeb018-f679-5670-b210-de4f62ff2111,afe9d181-1c64-5cca-b4b7-a9fa24eceeea,botica,d6f21f11-7533-52dd-a4dc-2fb8e260c02c,LT-000020-202403-0480,2025-09-27,0,a6f6d890-1609-53fc-b4a6-5733ccc9d078
28d34881-d548-525d-9aad-ab88aa59c5aa,e8aeb018-f679-5670-b210-de4f62ff2111,c0cf5e5c-b5c9-585a-8e79-d9830bc954f6,botica,7fb983e8-6848-5425-97a2-14da72722d0f,LT-000011-202403-0481,2027-02-23,0,76d6c9f4-5d7d-53c0-bb1f-2a577383765a
f80c8c7d-3375-50b7-b618-3738c9797b37,e8aeb018-f679-5670-b210-de4f62ff2111,94e18241-54bd-5516-b36f-94ab6e323aca,botica,7fb983e8-6848-5425-97a2-14da72722d0f,LT-000013-202403-0482,2025-12-29,0,ab4a547f-e75d-5601-8171-00da4efa4b57
e04e3200-f3ab-570b-bf40-b91114a165bf,e8aeb018-f679-5670-b210-de4f62ff2111,983871db-adfb-543e-b438-6b00044ffb64,botica,7fb983e8-6848-5425-97a2-14da72722d0f,LT-000015-202403-0483,2025-03-24,0,a6f6d890-1609-53fc-b4a6-5733ccc9d078
1be75c0e-8609-5eee-90fa-161023071ae2,e8aeb018-f679-5670-b210-de4f62ff2111,22231140-3780-5fe8-a7d4-d33f61d15111,botica,7fb983e8-6848-5425-97a2-14da72722d0f,LT-000023-202403-0484,2025-05-23,0,ab4a547f-e75d-5601-8171-00da4efa4b57
92aa8345-1284-5c1f-b615-a88a90b57684,e8aeb018-f679-5670-b210-de4f62ff2111,1ca3438e-9e23-58f0-a35f-f15f7a23beb9,botica,7fb983e8-6848-5425-97a2-14da72722d0f,LT-000024-202403-0485,2027-02-24,0,c6617891-56ff-5690-89a4-1ece06685ff5
46607454-540c-534b-981e-5896643bbb49,e8aeb018-f679-5670-b210-de4f62ff2111,07371b94-955f-52a4-9bf9-f0a6ad2b4fa8,botica,26f7241d-a84e-5e4a-a43d-33eea1e54eea,LT-000008-202403-0486,2025-02-21,0,ab4a547f-e75d-5601-8171-00da4efa4b57
2877a53b-b627-56d8-8a0e-7791ec8a9b8d,e8aeb018-f679-5670-b210-de4f62ff2111,6baabed2-52d7-5cb7-bf74-86c7cb3e4f07,botica,26f7241d-a84e-5e4a-a43d-33eea1e54eea,LT-000027-202403-0487,2026-05-19,0,41cb90d0-d91a-57c2-b138-831be351479f
0ef4240a-5d3e-5f55-8618-97c3ca2a1850,e8aeb018-f679-5670-b210-de4f62ff2111,22231140-3780-5fe8-a7d4-d33f61d15111,botica,43616d97-2221-569d-82eb-bcc14bcd6344,LT-000023-202403-0488,2027-01-16,0,ab4a547f-e75d-5601-8171-00da4efa4b57
661b02e5-ba90-591d-a73f-7ba2437293dc,e8aeb018-f679-5670-b210-de4f62ff2111,1ca3438e-9e23-58f0-a35f-f15f7a23beb9,botica,d6f21f11-7533-52dd-a4dc-2fb8e260c02c,LT-000024-202403-0489,2026-10-18,0,c6617891-56ff-5690-89a4-1ece06685ff5
00e47be7-0f16-5d4b-91db-ad1ee95a42a0,e8aeb018-f679-5670-b210-de4f62ff2111,07371b94-955f-52a4-9bf9-f0a6ad2b4fa8,botica,7fb983e8-6848-5425-97a2-14da72722d0f,LT-000008-202403-0490,2025-08-08,0,ab4a547f-e75d-5601-8171-00da4efa4b57
0af1d395-759b-534e-b2ac-2c4d6d287084,e8aeb018-f679-5670-b210-de4f62ff2111,07371b94-955f-52a4-9bf9-f0a6ad2b4fa8,botica,43616d97-2221-569d-82eb-bcc14bcd6344,LT-000008-202403-0491,2026-09-17,0,ab4a547f-e75d-5601-8171-00da4efa4b57
29a953c0-c3a5-5da0-8106-33d325ecc1f3,e8aeb018-f679-5670-b210-de4f62ff2111,012857cc-907f-5e7d-b8fb-796d2c9f1621,botica,26f7241d-a84e-5e4a-a43d-33eea1e54eea,LT-000028-202403-0492,2026-07-31,0,ab4a547f-e75d-5601-8171-00da4efa4b57
2b2d229f-0654-5bce-a4c9-c799b8ae984c,e8aeb018-f679-5670-b210-de4f62ff2111,d3961f5a-3ea7-53d3-89f4-78b65b0c0c6b,botica,d6f21f11-7533-52dd-a4dc-2fb8e260c02c,LT-000001-202403-0493,2026-03-14,0,76d6c9f4-5d7d-53c0-bb1f-2a577383765a
dbe26c14-097e-5fbe-988b-716fa80088ec,e8aeb018-f679-5670-b210-de4f62ff2111,6d807393-f4ab-5f76-b544-251eeda27ba3,botica,d6f21f11-7533-52dd-a4dc-2fb8e260c02c,LT-000003-202403-0494,2026-03-29,0,ab4a547f-e75d-5601-8171-00da4efa4b57
1ff52874-76ff-5d39-b13b-8e2ae4370088,e8aeb018-f679-5670-b210-de4f62ff2111,4d9429b6-2ebf-5b5d-ac48-f779d5a1e270,botica,8ecedccf-c230-516b-bbc2-108f7a6fbe63,LT-000010-202403-0495,2025-03-29,0,a6f6d890-1609-53fc-b4a6-5733ccc9d078
9b419c3b-7323-5004-801e-7c790ad52534,e8aeb018-f679-5670-b210-de4f62ff2111,d2f08f15-f9f2-5f65-a740-b05896774467,botica,7fb983e8-6848-5425-97a2-14da72722d0f,LT-000017-202403-0496,2026-01-21,0,41cb90d0-d91a-57c2-b138-831be351479f
f6e91937-fec3-5df6-bbd9-45cb7e46f03f,e8aeb018-f679-5670-b210-de4f62ff2111,0ec23038-d3ab-588c-bbd6-1f5c744cdde1,botica,7fb983e8-6848-5425-97a2-14da72722d0f,LT-000025-202403-0497,2026-10-10,0,a6f6d890-1609-53fc-b4a6-5733ccc9d078
4be0cd9b-91ab-59b4-992e-a46c91d1c699,e8aeb018-f679-5670-b210-de4f62ff2111,d2f08f15-f9f2-5f65-a740-b05896774467,botica,43616d97-2221-569d-82eb-bcc14bcd6344,LT-000017-202403-0498,2025-10-04,0,41cb90d0-d91a-57c2-b138-831be351479f
b3c322f8-2224-518f-8fc3-5e41be783291,e8aeb018-f679-5670-b210-de4f62ff2111,058c6382-bde2-59d1-93ff-20c6161a4736,botica,d6f21f11-7533-52dd-a4dc-2fb8e260c02c,LT-000009-202403-0499,2026-04-18,0,c6617891-56ff-5690-89a4-1ece06685ff5
bb3322c2-7fa8-55be-bff4-f738aa1384ab,e8aeb018-f679-5670-b210-de4f62ff2111,d3961f5a-3ea7-53d3-89f4-78b65b0c0c6b,botica,26f7241d-a84e-5e4a-a43d-33eea1e54eea,LT-000001-202403-0500,2026-06-07,0,76d6c9f4-5d7d-53c0-bb1f-2a577383765a
2726c3c9-b6c2-5aed-98ab-e474567a4a7f,e8aeb018-f679-5670-b210-de4f62ff2111,1ca3438e-9e23-58f0-a35f-f15f7a23beb9,botica,26f7241d-a84e-5e4a-a43d-33eea1e54eea,LT-000024-202403-0501,2025-08-19,0,c6617891-56ff-5690-89a4-1ece06685ff5
f928d4bd-33c4-5972-b753-ad4fbaca6feb,e8aeb018-f679-5670-b210-de4f62ff2111,0ec23038-d3ab-588c-bbd6-1f5c744cdde1,botica,26f7241d-a84e-5e4a-a43d-33eea1e54eea,LT-000025-202403-0502,2026-09-09,0,a6f6d890-1609-53fc-b4a6-5733ccc9d078
8643c9e5-dca5-5511-85fe-b91a4c126691,e8aeb018-f679-5670-b210-de4f62ff2111,6baabed2-52d7-5cb7-bf74-86c7cb3e4f07,botica,43616d97-2221-569d-82eb-bcc14bcd6344,LT-000027-202403-0503,2025-09-14,0,41cb90d0-d91a-57c2-b138-831be351479f
e23cff4c-0b5d-5981-8e5e-2a2f1812e293,e8aeb018-f679-5670-b210-de4f62ff2111,1e9605fd-5682-52b6-8f05-e8a92dd44513,botica,d6f21f11-7533-52dd-a4dc-2fb8e260c02c,LT-000030-202403-0504,2024-10-29,0,a6f6d890-1609-53fc-b4a6-5733ccc9d078
106ab872-73fb-5b5f-9812-9f3a65270d0d,e8aeb018-f679-5670-b210-de4f62ff2111,d2f08f15-f9f2-5f65-a740-b05896774467,botica,8ecedccf-c230-516b-bbc2-108f7a6fbe63,LT-000017-202403-0505,2025-08-20,0,41cb90d0-d91a-57c2-b138-831be351479f
49b8cf8b-7699-5804-929e-88e0e6f7d314,e8aeb018-f679-5670-b210-de4f62ff2111,22231140-3780-5fe8-a7d4-d33f61d15111,botica,8ecedccf-c230-516b-bbc2-108f7a6fbe63,LT-000023-202403-0506,2024-11-16,0,ab4a547f-e75d-5601-8171-00da4efa4b57
47afa433-9bbe-53d5-bb51-48b68c6766b3,e8aeb018-f679-5670-b210-de4f62ff2111,1e9605fd-5682-52b6-8f05-e8a92dd44513,botica,7fb983e8-6848-5425-97a2-14da72722d0f,LT-000030-202403-0507,2026-05-28,0,a6f6d890-1609-53fc-b4a6-5733ccc9d078
03dfe20f-4926-5f14-aeef-26520f67a926,e8aeb018-f679-5670-b210-de4f62ff2111,82cd11ba-d1a0-58b1-b14f-edd741f36e87,botica,26f7241d-a84e-5e4a-a43d-33eea1e54eea,LT-000007-202403-0508,2025-08-12,0,41cb90d0-d91a-57c2-b138-831be351479f
fcf160e6-71e7-588f-acad-352114eedc0c,e8aeb018-f679-5670-b210-de4f62ff2111,38adf7ba-476e-5e6b-9163-781a13538253,botica,26f7241d-a84e-5e4a-a43d-33eea1e54eea,LT-000012-202403-0509,2026-06-22,0,41cb90d0-d91a-57c2-b138-831be351479f
0baae2ea-ca2a-5263-a4e1-1443086065e5,e8aeb018-f679-5670-b210-de4f62ff2111,94e18241-54bd-5516-b36f-94ab6e323aca,botica,26f7241d-a84e-5e4a-a43d-33eea1e54eea,LT-000013-202403-0510,2025-10-25,0,ab4a547f-e75d-5601-8171-00da4efa4b57
f08d8ade-c5e9-56ba-8fbd-2a9050dbd2e7,e8aeb018-f679-5670-b210-de4f62ff2111,94e18241-54bd-5516-b36f-94ab6e323aca,botica,8ecedccf-c230-516b-bbc2-108f7a6fbe63,LT-000013-202403-0511,2026-06-12,0,ab4a547f-e75d-5601-8171-00da4efa4b57
5a771a3d-825b-50d9-a7a7-9228f29910ee,e8aeb018-f679-5670-b210-de4f62ff2111,38adf7ba-476e-5e6b-9163-781a13538253,botica,7fb983e8-6848-5425-97a2-14da72722d0f,LT-000012-202403-0512,2026-03-08,0,41cb90d0-d91a-57c2-b138-831be351479f
b9567391-2f46-53ea-932f-e45318ec2ecc,e8aeb018-f679-5670-b210-de4f62ff2111,2933d8b7-2438-521b-b38d-d3a5224f87fc,botica,26f7241d-a84e-5e4a-a43d-33eea1e54eea,LT-000002-202403-0513,2026-09-16,0,41cb90d0-d91a-57c2-b138-831be351479f
170d80c1-3f66-562e-8ac5-4d9102adc49e,e8aeb018-f679-5670-b210-de4f62ff2111,983871db-adfb-543e-b438-6b00044ffb64,botica,26f7241d-a84e-5e4a-a43d-33eea1e54eea,LT-000015-202403-0514,2025-03-07,0,a6f6d890-1609-53fc-b4a6-5733ccc9d078
b5377066-0c64-59e9-8019-eb9cab67e701,e8aeb018-f679-5670-b210-de4f62ff2111,38adf7ba-476e-5e6b-9163-781a13538253,botica,43616d97-2221-569d-82eb-bcc14bcd6344,LT-000012-202403-0515,2026-10-18,0,41cb90d0-d91a-57c2-b138-831be351479f
0bcbb3f8-7948-573a-a989-f39a623681ab,e8aeb018-f679-5670-b210-de4f62ff2111,0ec23038-d3ab-588c-bbd6-1f5c744cdde1,botica,43616d97-2221-569d-82eb-bcc14bcd6344,LT-000025-202403-0516,2026-10-01,0,a6f6d890-1609-53fc-b4a6-5733ccc9d078
04f531dd-f88a-558c-acef-2eb746704f24,e8aeb018-f679-5670-b210-de4f62ff2111,6d807393-f4ab-5f76-b544-251eeda27ba3,botica,26f7241d-a84e-5e4a-a43d-33eea1e54eea,LT-000003-202403-0517,2025-03-18,0,ab4a547f-e75d-5601-8171-00da4efa4b57
32860077-2a0b-5471-81f0-359e26ac6155,e8aeb018-f679-5670-b210-de4f62ff2111,c0cf5e5c-b5c9-585a-8e79-d9830bc954f6,botica,26f7241d-a84e-5e4a-a43d-33eea1e54eea,LT-000011-202403-0518,2025-03-12,0,76d6c9f4-5d7d-53c0-bb1f-2a577383765a
896d4d7c-e0ff-566b-a9e5-a36cec58ca50,e8aeb018-f679-5670-b210-de4f62ff2111,d3961f5a-3ea7-53d3-89f4-78b65b0c0c6b,botica,43616d97-2221-569d-82eb-bcc14bcd6344,LT-000001-202403-0519,2027-01-06,0,76d6c9f4-5d7d-53c0-bb1f-2a577383765a
554cba6b-dbf1-550a-a111-03a423ae9596,e8aeb018-f679-5670-b210-de4f62ff2111,6d807393-f4ab-5f76-b544-251eeda27ba3,botica,43616d97-2221-569d-82eb-bcc14bcd6344,LT-000003-202403-0520,2025-10-19,0,ab4a547f-e75d-5601-8171-00da4efa4b57
4772cbcc-9232-57e7-b1dd-92ade01a3d1a,e8aeb018-f679-5670-b210-de4f62ff2111,87b859e0-789a-56e6-b1ba-4fe76221d3bf,botica,43616d97-2221-569d-82eb-bcc14bcd6344,LT-000014-202403-0521,2027-01-06,0,c6617891-56ff-5690-89a4-1ece06685ff5
cd2fa34d-bb4b-58eb-b1af-26b1c9fbac22,e8aeb018-f679-5670-b210-de4f62ff2111,38adf7ba-476e-5e6b-9163-781a13538253,botica,d6f21f11-7533-52dd-a4dc-2fb8e260c02c,LT-000012-202403-0522,2025-10-01,0,41cb90d0-d91a-57c2-b138-831be351479f
7052b861-d21f-5e55-910b-700e0637a33a,e8aeb018-f679-5670-b210-de4f62ff2111,22231140-3780-5fe8-a7d4-d33f61d15111,botica,d6f21f11-7533-52dd-a4dc-2fb8e260c02c,LT-000023-202403-0523,2026-12-02,0,ab4a547f-e75d-5601-8171-00da4efa4b57
d12845dd-2621-5255-b23f-2746ad31e645,e8aeb018-f679-5670-b210-de4f62ff2111,d0ae6d2d-e561-56b3-a2c1-113c1c56ae81,botica,8ecedccf-c230-516b-bbc2-108f7a6fbe63,LT-000021-202403-0524,2025-10-13,0,76d6c9f4-5d7d-53c0-bb1f-2a577383765a
34125e12-a6d7-5227-92a0-0ddfd504b2fa,e8aeb018-f679-5670-b210-de4f62ff2111,012857cc-907f-5e7d-b8fb-796d2c9f1621,botica,8ecedccf-c230-516b-bbc2-108f7a6fbe63,LT-000028-202403-0525,2025-07-07,0,ab4a547f-e75d-5601-8171-00da4efa4b57
b1c9f311-8075-5eda-b2bf-d04dcac21755,e8aeb018-f679-5670-b210-de4f62ff2111,042e2e80-f954-5df4-97be-29dd428cc598,botica,26f7241d-a84e-5e4a-a43d-33eea1e54eea,LT-000004-202403-0526,2026-04-10,0,c6617891-56ff-5690-89a4-1ece06685ff5
12c25af8-5528-57bf-b588-919b6a533893,e8aeb018-f679-5670-b210-de4f62ff2111,5bbfdec8-65ae-59e6-b211-5eccb5b765fa,botica,43616d97-2221-569d-82eb-bcc14bcd6344,LT-000006-202403-0527,2026-04-13,0,76d6c9f4-5d7d-53c0-bb1f-2a577383765a
0e2eeb26-eb1c-59be-a653-36a2323c5895,e8aeb018-f679-5670-b210-de4f62ff2111,d3961f5a-3ea7-53d3-89f4-78b65b0c0c6b,botica,8ecedccf-c230-516b-bbc2-108f7a6fbe63,LT-000001-202403-0528,2026-05-18,0,76d6c9f4-5d7d-53c0-bb1f-2a577383765a
88c76806-547a-5608-b6cc-6ce11b6bbac7,e8aeb018-f679-5670-b210-de4f62ff2111,983871db-adfb-543e-b438-6b00044ffb64,botica,8ecedccf-c230-516b-bbc2-108f7a6fbe63,LT-000015-202403-0529,2027-01-15,0,a6f6d890-1609-53fc-b4a6-5733ccc9d078
ab668fd4-0e2e-533d-bc2c-236412fbd558,e8aeb018-f679-5670-b210-de4f62ff2111,6baabed2-52d7-5cb7-bf74-86c7cb3e4f07,botica,8ecedccf-c230-516b-bbc2-108f7a6fbe63,LT-000027-202403-0530,2026-01-26,0,41cb90d0-d91a-57c2-b138-831be351479f
d726adec-9a45-5a14-ac5e-9e1ec2a5dbb3,e8aeb018-f679-5670-b210-de4f62ff2111,4d9429b6-2ebf-5b5d-ac48-f779d5a1e270,botica,7fb983e8-6848-5425-97a2-14da72722d0f,LT-000010-202403-0531,2025-07-03,0,a6f6d890-1609-53fc-b4a6-5733ccc9d078
cae0bbd2-70f9-5216-9c72-419eb2b39fa6,e8aeb018-f679-5670-b210-de4f62ff2111,87b859e0-789a-56e6-b1ba-4fe76221d3bf,botica,7fb983e8-6848-5425-97a2-14da72722d0f,LT-000014-202403-0532,2024-11-02,0,c6617891-56ff-5690-89a4-1ece06685ff5
af233d9a-51a2-5ef6-aaca-99dd706bf140,e8aeb018-f679-5670-b210-de4f62ff2111,4d9429b6-2ebf-5b5d-ac48-f779d5a1e270,botica,26f7241d-a84e-5e4a-a43d-33eea1e54eea,LT-000010-202403-0533,2026-05-30,0,a6f6d890-1609-53fc-b4a6-5733ccc9d078
224b699d-1a7f-54f9-87dc-bda1b3c530cc,e8aeb018-f679-5670-b210-de4f62ff2111,2933d8b7-2438-521b-b38d-d3a5224f87fc,botica,43616d97-2221-569d-82eb-bcc14bcd6344,LT-000002-202403-0534,2025-01-30,0,41cb90d0-d91a-57c2-b138-831be351479f
a3ba30cc-68b7-50c0-b4c6-0f371a67c43d,e8aeb018-f679-5670-b210-de4f62ff2111,94e18241-54bd-5516-b36f-94ab6e323aca,botica,43616d97-2221-569d-82eb-bcc14bcd6344,LT-000013-202403-0535,2025-03-29,0,ab4a547f-e75d-5601-8171-00da4efa4b57
5316aaba-2409-5594-b986-62e50fc56e86,e8aeb018-f679-5670-b210-de4f62ff2111,2eb3a104-e572-583a-afa0-156ee0dc4cce,botica,43616d97-2221-569d-82eb-bcc14bcd6344,LT-000019-202403-0536,2025-02-10,0,c6617891-56ff-5690-89a4-1ece06685ff5
111f8f71-e15e-5a60-bd49-1aed0b6a2bdc,e8aeb018-f679-5670-b210-de4f62ff2111,5bbfdec8-65ae-59e6-b211-5eccb5b765fa,botica,d6f21f11-7533-52dd-a4dc-2fb8e260c02c,LT-000006-202403-0537,2026-09-18,0,76d6c9f4-5d7d-53c0-bb1f-2a577383765a
65f661f2-c9fb-56f3-861f-56dbe068da3e,e8aeb018-f679-5670-b210-de4f62ff2111,07371b94-955f-52a4-9bf9-f0a6ad2b4fa8,botica,8ecedccf-c230-516b-bbc2-108f7a6fbe63,LT-000008-202403-0538,2026-05-12,0,ab4a547f-e75d-5601-8171-00da4efa4b57
0a55ee93-ea3e-5eca-8d7e-ee44c8b34513,e8aeb018-f679-5670-b210-de4f62ff2111,2897aac2-f219-5167-b800-73fac27f6b85,botica,8ecedccf-c230-516b-bbc2-108f7a6fbe63,LT-000022-202403-0539,2026-03-13,0,41cb90d0-d91a-57c2-b138-831be351479f
0769a572-43a0-5039-928a-87a9c108187d,e8aeb018-f679-5670-b210-de4f62ff2111,042e2e80-f954-5df4-97be-29dd428cc598,botica,7fb983e8-6848-5425-97a2-14da72722d0f,LT-000004-202403-0540,2026-02-26,0,c6617891-56ff-5690-89a4-1ece06685ff5
ab2e7b6e-cb4a-59a5-a7e6-044424a26de9,e8aeb018-f679-5670-b210-de4f62ff2111,2082733c-4e17-51fe-bc8c-bf33d3ec5d7e,botica,7fb983e8-6848-5425-97a2-14da72722d0f,LT-000016-202403-0541,2025-04-12,0,76d6c9f4-5d7d-53c0-bb1f-2a577383765a
6e75e834-9888-5788-8b25-7c95d4e8edcf,e8aeb018-f679-5670-b210-de4f62ff2111,9928e9a1-d9fc-5fdd-86c2-8909352fd7fe,botica,26f7241d-a84e-5e4a-a43d-33eea1e54eea,LT-000005-202403-0542,2025-10-12,0,a6f6d890-1609-53fc-b4a6-5733ccc9d078
3dc1856c-9e28-5a8f-9978-72a54e8f222e,e8aeb018-f679-5670-b210-de4f62ff2111,2897aac2-f219-5167-b800-73fac27f6b85,botica,26f7241d-a84e-5e4a-a43d-33eea1e54eea,LT-000022-202403-0543,2025-03-03,0,41cb90d0-d91a-57c2-b138-831be351479f
ecfe1adf-e5ea-5230-a310-1b9010cc7fd9,e8aeb018-f679-5670-b210-de4f62ff2111,d2f08f15-f9f2-5f65-a740-b05896774467,botica,d6f21f11-7533-52dd-a4dc-2fb8e260c02c,LT-000017-202403-0544,2025-11-23,0,41cb90d0-d91a-57c2-b138-831be351479f
a5dde2a8-af9d-517d-b025-40038399809f,e8aeb018-f679-5670-b210-de4f62ff2111,87b859e0-789a-56e6-b1ba-4fe76221d3bf,botica,8ecedccf-c230-516b-bbc2-108f7a6fbe63,LT-000014-202403-0545,2027-03-15,0,c6617891-56ff-5690-89a4-1ece06685ff5
b1ec8567-6889-559d-a745-fb0f939eee08,e8aeb018-f679-5670-b210-de4f62ff2111,87b859e0-789a-56e6-b1ba-4fe76221d3bf,botica,26f7241d-a84e-5e4a-a43d-33eea1e54eea,LT-000014-202403-0546,2025-01-13,0,c6617891-56ff-5690-89a4-1ece06685ff5
b1c1397a-b550-5878-b366-cd648c679fcb,e8aeb018-f679-5670-b210-de4f62ff2111,97d26d91-c562-5f27-9ebd-285e89c8f4bf,botica,26f7241d-a84e-5e4a-a43d-33eea1e54eea,LT-000018-202403-0547,2025-06-15,0,ab4a547f-e75d-5601-8171-00da4efa4b57
45b6ff4a-6409-5b28-b0b3-2ba635c081ae,e8aeb018-f679-5670-b210-de4f62ff2111,cd81184b-b6f1-563c-b463-36a69ddfb598,botica,43616d97-2221-569d-82eb-bcc14bcd6344,LT-000026-202403-0548,2026-04-28,0,76d6c9f4-5d7d-53c0-bb1f-2a577383765a
0d25e12b-6bab-5426-b101-0b7a7ae5c496,e8aeb018-f679-5670-b210-de4f62ff2111,c0cf5e5c-b5c9-585a-8e79-d9830bc954f6,botica,d6f21f11-7533-52dd-a4dc-2fb8e260c02c,LT-000011-202403-0549,2025-08-28,0,76d6c9f4-5d7d-53c0-bb1f-2a577383765a
e24d3319-de2d-5b18-a3a4-631be3ca1c07,e8aeb018-f679-5670-b210-de4f62ff2111,94e18241-54bd-5516-b36f-94ab6e323aca,botica,d6f21f11-7533-52dd-a4dc-2fb8e260c02c,LT-000013-202403-0550,2026-04-22,0,ab4a547f-e75d-5601-8171-00da4efa4b57
89e58139-f3e6-5906-b683-7579ed37eac9,e8aeb018-f679-5670-b210-de4f62ff2111,2082733c-4e17-51fe-bc8c-bf33d3ec5d7e,botica,8ecedccf-c230-516b-bbc2-108f7a6fbe63,LT-000016-202403-0551,2025-04-19,0,76d6c9f4-5d7d-53c0-bb1f-2a577383765a
251fb75e-88a1-5045-a0ac-26b7d94263a7,e8aeb018-f679-5670-b210-de4f62ff2111,1ca3438e-9e23-58f0-a35f-f15f7a23beb9,botica,7fb983e8-6848-5425-97a2-14da72722d0f,LT-000024-202403-0552,2026-11-22,0,c6617891-56ff-5690-89a4-1ece06685ff5
775a9b1a-009e-588e-b462-c07097fb7405,e8aeb018-f679-5670-b210-de4f62ff2111,058c6382-bde2-59d1-93ff-20c6161a4736,botica,26f7241d-a84e-5e4a-a43d-33eea1e54eea,LT-000009-202404-0553,2026-04-01,0,c6617891-56ff-5690-89a4-1ece06685ff5
2c776fd9-9efd-5ea6-926c-f84b5075401d,e8aeb018-f679-5670-b210-de4f62ff2111,d2f08f15-f9f2-5f65-a740-b05896774467,botica,26f7241d-a84e-5e4a-a43d-33eea1e54eea,LT-000017-202404-0554,2024-11-30,0,41cb90d0-d91a-57c2-b138-831be351479f
ba31c9f6-bedf-515a-ab44-c5e780185412,e8aeb018-f679-5670-b210-de4f62ff2111,cd81184b-b6f1-563c-b463-36a69ddfb598,botica,26f7241d-a84e-5e4a-a43d-33eea1e54eea,LT-000026-202404-0555,2025-05-21,0,76d6c9f4-5d7d-53c0-bb1f-2a577383765a
c9604bdb-ed42-568c-bb79-5e5403214ca7,e8aeb018-f679-5670-b210-de4f62ff2111,d0ae6d2d-e561-56b3-a2c1-113c1c56ae81,botica,43616d97-2221-569d-82eb-bcc14bcd6344,LT-000021-202404-0556,2025-09-26,0,76d6c9f4-5d7d-53c0-bb1f-2a577383765a
7db612e3-9341-588d-bfe7-9613e67d085f,e8aeb018-f679-5670-b210-de4f62ff2111,1e9605fd-5682-52b6-8f05-e8a92dd44513,botica,43616d97-2221-569d-82eb-bcc14bcd6344,LT-000030-202404-0557,2024-11-21,0,a6f6d890-1609-53fc-b4a6-5733ccc9d078
73be6c55-1419-57ad-9f71-b21843dcce7e,e8aeb018-f679-5670-b210-de4f62ff2111,2933d8b7-2438-521b-b38d-d3a5224f87fc,botica,8ecedccf-c230-516b-bbc2-108f7a6fbe63,LT-000002-202404-0558,2024-10-08,0,41cb90d0-d91a-57c2-b138-831be351479f
4685322c-91bb-5538-9aa4-eb57e3af4af2,e8aeb018-f679-5670-b210-de4f62ff2111,6d807393-f4ab-5f76-b544-251eeda27ba3,botica,7fb983e8-6848-5425-97a2-14da72722d0f,LT-000003-202404-0559,2026-08-19,0,ab4a547f-e75d-5601-8171-00da4efa4b57
af875011-79d5-5c0f-8131-85b12c1326a4,e8aeb018-f679-5670-b210-de4f62ff2111,012857cc-907f-5e7d-b8fb-796d2c9f1621,botica,7fb983e8-6848-5425-97a2-14da72722d0f,LT-000028-202404-0560,2025-10-24,0,ab4a547f-e75d-5601-8171-00da4efa4b57
f1294025-1eae-5700-8c46-99827ef7fb9d,e8aeb018-f679-5670-b210-de4f62ff2111,1ca3438e-9e23-58f0-a35f-f15f7a23beb9,botica,43616d97-2221-569d-82eb-bcc14bcd6344,LT-000024-202404-0561,2025-04-18,0,c6617891-56ff-5690-89a4-1ece06685ff5
72d832e9-90d0-5b0b-a592-2722687fe719,e8aeb018-f679-5670-b210-de4f62ff2111,012857cc-907f-5e7d-b8fb-796d2c9f1621,botica,43616d97-2221-569d-82eb-bcc14bcd6344,LT-000028-202404-0562,2025-12-04,0,ab4a547f-e75d-5601-8171-00da4efa4b57
db11430f-ef79-5794-948e-15a3292fd65d,e8aeb018-f679-5670-b210-de4f62ff2111,38adf7ba-476e-5e6b-9163-781a13538253,botica,8ecedccf-c230-516b-bbc2-108f7a6fbe63,LT-000012-202404-0563,2027-03-04,0,41cb90d0-d91a-57c2-b138-831be351479f
e45fdd8d-4b94-540c-b24e-8b805cccd218,e8aeb018-f679-5670-b210-de4f62ff2111,9928e9a1-d9fc-5fdd-86c2-8909352fd7fe,botica,7fb983e8-6848-5425-97a2-14da72722d0f,LT-000005-202404-0564,2024-12-17,0,a6f6d890-1609-53fc-b4a6-5733ccc9d078
78e6cb3a-06a4-50ee-b539-df5575152b90,e8aeb018-f679-5670-b210-de4f62ff2111,5bbfdec8-65ae-59e6-b211-5eccb5b765fa,botica,7fb983e8-6848-5425-97a2-14da72722d0f,LT-000006-202404-0565,2026-05-18,0,76d6c9f4-5d7d-53c0-bb1f-2a577383765a
e62a4844-20c6-52c0-91ba-e906ddd33b52,e8aeb018-f679-5670-b210-de4f62ff2111,2eb3a104-e572-583a-afa0-156ee0dc4cce,botica,26f7241d-a84e-5e4a-a43d-33eea1e54eea,LT-000019-202404-0566,2025-02-10,0,c6617891-56ff-5690-89a4-1ece06685ff5
539016d0-bd0d-551b-bbb8-f1de7ca3afb7,e8aeb018-f679-5670-b210-de4f62ff2111,c0cf5e5c-b5c9-585a-8e79-d9830bc954f6,botica,43616d97-2221-569d-82eb-bcc14bcd6344,LT-000011-202404-0567,2025-02-03,0,76d6c9f4-5d7d-53c0-bb1f-2a577383765a
e2276a42-fd25-5346-93e1-da4b79b9be77,e8aeb018-f679-5670-b210-de4f62ff2111,2082733c-4e17-51fe-bc8c-bf33d3ec5d7e,botica,43616d97-2221-569d-82eb-bcc14bcd6344,LT-000016-202404-0568,2025-08-14,0,76d6c9f4-5d7d-53c0-bb1f-2a577383765a
2387026a-fda8-569c-a6b0-b383d11e3e66,e8aeb018-f679-5670-b210-de4f62ff2111,1e9605fd-5682-52b6-8f05-e8a92dd44513,botica,8ecedccf-c230-516b-bbc2-108f7a6fbe63,LT-000030-202404-0569,2027-02-11,0,a6f6d890-1609-53fc-b4a6-5733ccc9d078
0a828877-2b1c-5993-a959-65063940657f,e8aeb018-f679-5670-b210-de4f62ff2111,cd81184b-b6f1-563c-b463-36a69ddfb598,botica,7fb983e8-6848-5425-97a2-14da72722d0f,LT-000026-202404-0570,2026-08-31,0,76d6c9f4-5d7d-53c0-bb1f-2a577383765a
6b7f7247-8589-5eb2-b019-227f0f89c349,e8aeb018-f679-5670-b210-de4f62ff2111,38adf7ba-476e-5e6b-9163-781a13538253,botica,26f7241d-a84e-5e4a-a43d-33eea1e54eea,LT-000012-202404-0571,2024-10-16,0,41cb90d0-d91a-57c2-b138-831be351479f
5ff12469-6861-56be-adb5-1a5bcecb084f,e8aeb018-f679-5670-b210-de4f62ff2111,94e18241-54bd-5516-b36f-94ab6e323aca,botica,26f7241d-a84e-5e4a-a43d-33eea1e54eea,LT-000013-202404-0572,2026-08-22,0,ab4a547f-e75d-5601-8171-00da4efa4b57
54ea52fb-dd48-57d2-b4a7-9a27ff992c7a,e8aeb018-f679-5670-b210-de4f62ff2111,042e2e80-f954-5df4-97be-29dd428cc598,botica,43616d97-2221-569d-82eb-bcc14bcd6344,LT-000004-202404-0573,2025-11-05,0,c6617891-56ff-5690-89a4-1ece06685ff5
69479626-9bf1-5afb-9da6-974a943c1669,e8aeb018-f679-5670-b210-de4f62ff2111,983871db-adfb-543e-b438-6b00044ffb64,botica,43616d97-2221-569d-82eb-bcc14bcd6344,LT-000015-202404-0574,2027-02-15,0,a6f6d890-1609-53fc-b4a6-5733ccc9d078
57746446-27a3-5944-9b4c-ce9ad8261241,e8aeb018-f679-5670-b210-de4f62ff2111,d9506935-1215-5499-93c0-8bdd86ab9418,botica,d6f21f11-7533-52dd-a4dc-2fb8e260c02c,LT-000029-202404-0575,2025-01-15,0,c6617891-56ff-5690-89a4-1ece06685ff5
0d079caf-8726-5df7-b47f-aea9d13f6d00,e8aeb018-f679-5670-b210-de4f62ff2111,94e18241-54bd-5516-b36f-94ab6e323aca,botica,7fb983e8-6848-5425-97a2-14da72722d0f,LT-000013-202404-0576,2027-01-30,0,ab4a547f-e75d-5601-8171-00da4efa4b57
cff0b140-8ddf-5ba1-af2c-c18782077051,e8aeb018-f679-5670-b210-de4f62ff2111,2082733c-4e17-51fe-bc8c-bf33d3ec5d7e,botica,26f7241d-a84e-5e4a-a43d-33eea1e54eea,LT-000016-202404-0577,2026-11-15,0,76d6c9f4-5d7d-53c0-bb1f-2a577383765a
4d7ed2c9-134b-5b41-9ff0-4d9eee0b4b53,e8aeb018-f679-5670-b210-de4f62ff2111,6d807393-f4ab-5f76-b544-251eeda27ba3,botica,8ecedccf-c230-516b-bbc2-108f7a6fbe63,LT-000003-202404-0578,2027-01-20,0,ab4a547f-e75d-5601-8171-00da4efa4b57
513ea068-e703-56e0-8b74-d94ef25cfc39,e8aeb018-f679-5670-b210-de4f62ff2111,5bbfdec8-65ae-59e6-b211-5eccb5b765fa,botica,8ecedccf-c230-516b-bbc2-108f7a6fbe63,LT-000006-202404-0579,2025-01-01,0,76d6c9f4-5d7d-53c0-bb1f-2a577383765a
993f93a3-3932-5fdc-930b-d53360aa7276,e8aeb018-f679-5670-b210-de4f62ff2111,2eb3a104-e572-583a-afa0-156ee0dc4cce,botica,8ecedccf-c230-516b-bbc2-108f7a6fbe63,LT-000019-202404-0580,2025-11-30,0,c6617891-56ff-5690-89a4-1ece06685ff5
41e936eb-264f-55b6-bf0b-201371f2bf9b,e8aeb018-f679-5670-b210-de4f62ff2111,d3961f5a-3ea7-53d3-89f4-78b65b0c0c6b,botica,26f7241d-a84e-5e4a-a43d-33eea1e54eea,LT-000001-202404-0581,2026-01-19,0,76d6c9f4-5d7d-53c0-bb1f-2a577383765a
45ca47bb-ad8b-53c4-8011-41b47a0657ab,e8aeb018-f679-5670-b210-de4f62ff2111,2897aac2-f219-5167-b800-73fac27f6b85,botica,43616d97-2221-569d-82eb-bcc14bcd6344,LT-000022-202404-0582,2025-05-02,0,41cb90d0-d91a-57c2-b138-831be351479f
608bd811-4e8a-5e81-9ba5-81082613abd0,e8aeb018-f679-5670-b210-de4f62ff2111,9928e9a1-d9fc-5fdd-86c2-8909352fd7fe,botica,d6f21f11-7533-52dd-a4dc-2fb8e260c02c,LT-000005-202404-0583,2025-11-02,0,a6f6d890-1609-53fc-b4a6-5733ccc9d078
1c99767e-073b-5023-9505-12740dc61771,e8aeb018-f679-5670-b210-de4f62ff2111,cd81184b-b6f1-563c-b463-36a69ddfb598,botica,d6f21f11-7533-52dd-a4dc-2fb8e260c02c,LT-000026-202404-0584,2026-06-09,0,76d6c9f4-5d7d-53c0-bb1f-2a577383765a
b720eec4-2c7f-5190-a3be-708fa038d782,e8aeb018-f679-5670-b210-de4f62ff2111,2eb3a104-e572-583a-afa0-156ee0dc4cce,botica,7fb983e8-6848-5425-97a2-14da72722d0f,LT-000019-202404-0585,2026-12-27,0,c6617891-56ff-5690-89a4-1ece06685ff5
e3b3025f-6703-5def-9366-d2b59d4fd11f,e8aeb018-f679-5670-b210-de4f62ff2111,9928e9a1-d9fc-5fdd-86c2-8909352fd7fe,botica,43616d97-2221-569d-82eb-bcc14bcd6344,LT-000005-202404-0586,2026-08-22,0,a6f6d890-1609-53fc-b4a6-5733ccc9d078
6e5fc96c-5c2b-52a2-9424-c038aa633134,e8aeb018-f679-5670-b210-de4f62ff2111,97d26d91-c562-5f27-9ebd-285e89c8f4bf,botica,43616d97-2221-569d-82eb-bcc14bcd6344,LT-000018-202404-0587,2027-01-09,0,ab4a547f-e75d-5601-8171-00da4efa4b57
54d2b03a-811a-58d6-8d20-52d4aab23212,e8aeb018-f679-5670-b210-de4f62ff2111,d9506935-1215-5499-93c0-8bdd86ab9418,botica,43616d97-2221-569d-82eb-bcc14bcd6344,LT-000029-202404-0588,2026-06-30,0,c6617891-56ff-5690-89a4-1ece06685ff5
e75e8a39-d65d-5745-b32f-c8ff63336fb8,e8aeb018-f679-5670-b210-de4f62ff2111,07371b94-955f-52a4-9bf9-f0a6ad2b4fa8,botica,d6f21f11-7533-52dd-a4dc-2fb8e260c02c,LT-000008-202404-0589,2024-11-05,0,ab4a547f-e75d-5601-8171-00da4efa4b57
429a0937-bf29-5154-9356-118be6458a1e,e8aeb018-f679-5670-b210-de4f62ff2111,87b859e0-789a-56e6-b1ba-4fe76221d3bf,botica,d6f21f11-7533-52dd-a4dc-2fb8e260c02c,LT-000014-202404-0590,2025-07-04,0,c6617891-56ff-5690-89a4-1ece06685ff5
a7174047-67fe-5e84-9b63-60175248bf72,e8aeb018-f679-5670-b210-de4f62ff2111,1ca3438e-9e23-58f0-a35f-f15f7a23beb9,botica,8ecedccf-c230-516b-bbc2-108f7a6fbe63,LT-000024-202404-0591,2026-03-06,0,c6617891-56ff-5690-89a4-1ece06685ff5
399c9027-533d-59a0-966e-4c8b45bb14da,e8aeb018-f679-5670-b210-de4f62ff2111,2933d8b7-2438-521b-b38d-d3a5224f87fc,botica,7fb983e8-6848-5425-97a2-14da72722d0f,LT-000002-202404-0592,2025-09-13,0,41cb90d0-d91a-57c2-b138-831be351479f
7a1e427f-15d7-5431-9a1e-ef32786415bf,e8aeb018-f679-5670-b210-de4f62ff2111,6baabed2-52d7-5cb7-bf74-86c7cb3e4f07,botica,7fb983e8-6848-5425-97a2-14da72722d0f,LT-000027-202404-0593,2026-06-22,0,41cb90d0-d91a-57c2-b138-831be351479f
64669af1-e9bb-5af2-b0bc-477896980668,e8aeb018-f679-5670-b210-de4f62ff2111,058c6382-bde2-59d1-93ff-20c6161a4736,botica,43616d97-2221-569d-82eb-bcc14bcd6344,LT-000009-202404-0594,2026-01-13,0,c6617891-56ff-5690-89a4-1ece06685ff5
11eb66ae-e92f-52b2-b01c-04c6cc3449bd,e8aeb018-f679-5670-b210-de4f62ff2111,82cd11ba-d1a0-58b1-b14f-edd741f36e87,botica,8ecedccf-c230-516b-bbc2-108f7a6fbe63,LT-000007-202404-0595,2026-11-03,0,41cb90d0-d91a-57c2-b138-831be351479f
969a21c7-dd8d-506e-b1e2-da4c58270d94,e8aeb018-f679-5670-b210-de4f62ff2111,d2f08f15-f9f2-5f65-a740-b05896774467,botica,8ecedccf-c230-516b-bbc2-108f7a6fbe63,LT-000017-202404-0596,2026-11-07,0,41cb90d0-d91a-57c2-b138-831be351479f
87b630c7-ae28-575e-8811-6f26f0bd4c97,e8aeb018-f679-5670-b210-de4f62ff2111,cd81184b-b6f1-563c-b463-36a69ddfb598,botica,8ecedccf-c230-516b-bbc2-108f7a6fbe63,LT-000026-202404-0597,2026-07-06,0,76d6c9f4-5d7d-53c0-bb1f-2a577383765a
42fbb05e-aae2-5c20-8e03-8a9442310238,e8aeb018-f679-5670-b210-de4f62ff2111,97d26d91-c562-5f27-9ebd-285e89c8f4bf,botica,7fb983e8-6848-5425-97a2-14da72722d0f,LT-000018-202404-0598,2026-04-15,0,ab4a547f-e75d-5601-8171-00da4efa4b57
67134551-3686-5cef-b24a-93c70ab0f18c,e8aeb018-f679-5670-b210-de4f62ff2111,d9506935-1215-5499-93c0-8bdd86ab9418,botica,26f7241d-a84e-5e4a-a43d-33eea1e54eea,LT-000029-202404-0599,2027-03-31,0,c6617891-56ff-5690-89a4-1ece06685ff5
e92798c5-2023-5194-8e58-91981a82850f,e8aeb018-f679-5670-b210-de4f62ff2111,2897aac2-f219-5167-b800-73fac27f6b85,botica,7fb983e8-6848-5425-97a2-14da72722d0f,LT-000022-202404-0600,2025-08-19,0,41cb90d0-d91a-57c2-b138-831be351479f
e26974d9-8ba8-5bca-a445-8fca0751379e,e8aeb018-f679-5670-b210-de4f62ff2111,4d9429b6-2ebf-5b5d-ac48-f779d5a1e270,botica,43616d97-2221-569d-82eb-bcc14bcd6344,LT-000010-202404-0601,2026-11-18,0,a6f6d890-1609-53fc-b4a6-5733ccc9d078
245721e3-7ccf-57be-a079-29442523a9bc,e8aeb018-f679-5670-b210-de4f62ff2111,042e2e80-f954-5df4-97be-29dd428cc598,botica,8ecedccf-c230-516b-bbc2-108f7a6fbe63,LT-000004-202404-0602,2027-01-06,0,c6617891-56ff-5690-89a4-1ece06685ff5
9cb2fc31-c328-5651-b33d-a79a5330ae2f,e8aeb018-f679-5670-b210-de4f62ff2111,9928e9a1-d9fc-5fdd-86c2-8909352fd7fe,botica,8ecedccf-c230-516b-bbc2-108f7a6fbe63,LT-000005-202404-0603,2027-02-09,0,a6f6d890-1609-53fc-b4a6-5733ccc9d078
3e4b4091-e139-5309-be7a-2618abef79c6,e8aeb018-f679-5670-b210-de4f62ff2111,c0cf5e5c-b5c9-585a-8e79-d9830bc954f6,botica,8ecedccf-c230-516b-bbc2-108f7a6fbe63,LT-000011-202404-0604,2025-10-13,0,76d6c9f4-5d7d-53c0-bb1f-2a577383765a
7ea76a13-a90a-5bc9-af4f-c69a81acc37a,e8aeb018-f679-5670-b210-de4f62ff2111,97d26d91-c562-5f27-9ebd-285e89c8f4bf,botica,8ecedccf-c230-516b-bbc2-108f7a6fbe63,LT-000018-202404-0605,2025-01-09,0,ab4a547f-e75d-5601-8171-00da4efa4b57
97c08656-5437-520a-a351-db97c4e15f50,e8aeb018-f679-5670-b210-de4f62ff2111,d0ae6d2d-e561-56b3-a2c1-113c1c56ae81,botica,7fb983e8-6848-5425-97a2-14da72722d0f,LT-000021-202404-0606,2026-09-24,0,76d6c9f4-5d7d-53c0-bb1f-2a577383765a
2fa86191-1b90-5798-ae1c-1a29c2f6946b,e8aeb018-f679-5670-b210-de4f62ff2111,82cd11ba-d1a0-58b1-b14f-edd741f36e87,botica,26f7241d-a84e-5e4a-a43d-33eea1e54eea,LT-000007-202404-0607,2026-05-25,0,41cb90d0-d91a-57c2-b138-831be351479f
372f9649-e3ce-590b-ab2a-098927aab00e,e8aeb018-f679-5670-b210-de4f62ff2111,afe9d181-1c64-5cca-b4b7-a9fa24eceeea,botica,26f7241d-a84e-5e4a-a43d-33eea1e54eea,LT-000020-202404-0608,2026-05-24,0,a6f6d890-1609-53fc-b4a6-5733ccc9d078
9b111bc6-5483-56ba-9919-b483c423345c,e8aeb018-f679-5670-b210-de4f62ff2111,0ec23038-d3ab-588c-bbd6-1f5c744cdde1,botica,26f7241d-a84e-5e4a-a43d-33eea1e54eea,LT-000025-202404-0609,2026-07-25,0,a6f6d890-1609-53fc-b4a6-5733ccc9d078
4a77d895-736f-59e9-8c62-982540e66346,e8aeb018-f679-5670-b210-de4f62ff2111,6baabed2-52d7-5cb7-bf74-86c7cb3e4f07,botica,26f7241d-a84e-5e4a-a43d-33eea1e54eea,LT-000027-202404-0610,2026-03-18,0,41cb90d0-d91a-57c2-b138-831be351479f
a4817eb0-c600-553f-bb5a-48bcb64d2735,e8aeb018-f679-5670-b210-de4f62ff2111,38adf7ba-476e-5e6b-9163-781a13538253,botica,7fb983e8-6848-5425-97a2-14da72722d0f,LT-000012-202404-0611,2027-01-01,0,41cb90d0-d91a-57c2-b138-831be351479f
8b723cbe-fdda-56b5-ac45-dae893a1ba58,e8aeb018-f679-5670-b210-de4f62ff2111,07371b94-955f-52a4-9bf9-f0a6ad2b4fa8,botica,26f7241d-a84e-5e4a-a43d-33eea1e54eea,LT-000008-202404-0612,2026-08-03,0,ab4a547f-e75d-5601-8171-00da4efa4b57
1d6f47dc-6109-5ad8-8a29-a1889c93ece2,e8aeb018-f679-5670-b210-de4f62ff2111,1ca3438e-9e23-58f0-a35f-f15f7a23beb9,botica,26f7241d-a84e-5e4a-a43d-33eea1e54eea,LT-000024-202404-0613,2025-01-20,0,c6617891-56ff-5690-89a4-1ece06685ff5
7886ad4d-fbd0-59cc-a80c-bff3d02e5948,e8aeb018-f679-5670-b210-de4f62ff2111,1e9605fd-5682-52b6-8f05-e8a92dd44513,botica,26f7241d-a84e-5e4a-a43d-33eea1e54eea,LT-000030-202404-0614,2025-08-04,0,a6f6d890-1609-53fc-b4a6-5733ccc9d078
f4f3815f-5964-5dbe-884d-b6ecdab9022e,e8aeb018-f679-5670-b210-de4f62ff2111,82cd11ba-d1a0-58b1-b14f-edd741f36e87,botica,d6f21f11-7533-52dd-a4dc-2fb8e260c02c,LT-000007-202404-0615,2025-09-17,0,41cb90d0-d91a-57c2-b138-831be351479f
611f9478-ac16-556e-8eb3-a01021eabf95,e8aeb018-f679-5670-b210-de4f62ff2111,058c6382-bde2-59d1-93ff-20c6161a4736,botica,d6f21f11-7533-52dd-a4dc-2fb8e260c02c,LT-000009-202404-0616,2026-10-20,0,c6617891-56ff-5690-89a4-1ece06685ff5
8c61b8f5-34a7-50a4-b6b9-4ebb57a90b9f,e8aeb018-f679-5670-b210-de4f62ff2111,983871db-adfb-543e-b438-6b00044ffb64,botica,d6f21f11-7533-52dd-a4dc-2fb8e260c02c,LT-000015-202404-0617,2026-07-23,0,a6f6d890-1609-53fc-b4a6-5733ccc9d078
b4e6b756-8c87-5e8d-8818-432e2c746355,e8aeb018-f679-5670-b210-de4f62ff2111,97d26d91-c562-5f27-9ebd-285e89c8f4bf,botica,d6f21f11-7533-52dd-a4dc-2fb8e260c02c,LT-000018-202404-0618,2026-01-03,0,ab4a547f-e75d-5601-8171-00da4efa4b57
b3746e48-77ba-57ef-951a-88268b97ec3b,e8aeb018-f679-5670-b210-de4f62ff2111,1ca3438e-9e23-58f0-a35f-f15f7a23beb9,botica,d6f21f11-7533-52dd-a4dc-2fb8e260c02c,LT-000024-202404-0619,2025-06-24,0,c6617891-56ff-5690-89a4-1ece06685ff5
579afb67-5ab2-570b-8ef7-ece6a385935d,e8aeb018-f679-5670-b210-de4f62ff2111,012857cc-907f-5e7d-b8fb-796d2c9f1621,botica,d6f21f11-7533-52dd-a4dc-2fb8e260c02c,LT-000028-202404-0620,2024-12-15,0,ab4a547f-e75d-5601-8171-00da4efa4b57
721f3e66-cc63-5889-bb28-2480a2379a38,e8aeb018-f679-5670-b210-de4f62ff2111,4d9429b6-2ebf-5b5d-ac48-f779d5a1e270,botica,8ecedccf-c230-516b-bbc2-108f7a6fbe63,LT-000010-202404-0621,2026-02-26,0,a6f6d890-1609-53fc-b4a6-5733ccc9d078
352dac96-b31d-566d-bdc2-abcc3bd7bfaf,e8aeb018-f679-5670-b210-de4f62ff2111,94e18241-54bd-5516-b36f-94ab6e323aca,botica,8ecedccf-c230-516b-bbc2-108f7a6fbe63,LT-000013-202404-0622,2024-12-22,0,ab4a547f-e75d-5601-8171-00da4efa4b57
62d64e8e-c093-5935-a706-2823add000a7,e8aeb018-f679-5670-b210-de4f62ff2111,82cd11ba-d1a0-58b1-b14f-edd741f36e87,botica,7fb983e8-6848-5425-97a2-14da72722d0f,LT-000007-202404-0623,2025-07-09,0,41cb90d0-d91a-57c2-b138-831be351479f
17ddda01-b061-567e-8f09-9101499d1825,e8aeb018-f679-5670-b210-de4f62ff2111,07371b94-955f-52a4-9bf9-f0a6ad2b4fa8,botica,7fb983e8-6848-5425-97a2-14da72722d0f,LT-000008-202404-0624,2026-11-30,0,ab4a547f-e75d-5601-8171-00da4efa4b57
42ed1a0e-3511-54ce-9dea-d3545fccead9,e8aeb018-f679-5670-b210-de4f62ff2111,5bbfdec8-65ae-59e6-b211-5eccb5b765fa,botica,26f7241d-a84e-5e4a-a43d-33eea1e54eea,LT-000006-202404-0625,2027-04-15,0,76d6c9f4-5d7d-53c0-bb1f-2a577383765a
a10f4f62-d6c1-54ab-ac38-b7b3ec0dd7f1,e8aeb018-f679-5670-b210-de4f62ff2111,d0ae6d2d-e561-56b3-a2c1-113c1c56ae81,botica,26f7241d-a84e-5e4a-a43d-33eea1e54eea,LT-000021-202404-0626,2025-01-07,0,76d6c9f4-5d7d-53c0-bb1f-2a577383765a
bf0d8e00-65b2-52af-967a-b66a0b024c72,e8aeb018-f679-5670-b210-de4f62ff2111,22231140-3780-5fe8-a7d4-d33f61d15111,botica,26f7241d-a84e-5e4a-a43d-33eea1e54eea,LT-000023-202404-0627,2026-12-17,0,ab4a547f-e75d-5601-8171-00da4efa4b57
b153aa1e-2364-5dbc-aa93-5aab7d9c56a8,e8aeb018-f679-5670-b210-de4f62ff2111,5bbfdec8-65ae-59e6-b211-5eccb5b765fa,botica,43616d97-2221-569d-82eb-bcc14bcd6344,LT-000006-202404-0628,2025-11-08,0,76d6c9f4-5d7d-53c0-bb1f-2a577383765a
fc444f9d-180a-5e1f-a139-e1ba705210c4,e8aeb018-f679-5670-b210-de4f62ff2111,82cd11ba-d1a0-58b1-b14f-edd741f36e87,botica,43616d97-2221-569d-82eb-bcc14bcd6344,LT-000007-202404-0629,2025-05-03,0,41cb90d0-d91a-57c2-b138-831be351479f
8565868c-a02b-53d9-9e58-84079afe5f86,e8aeb018-f679-5670-b210-de4f62ff2111,87b859e0-789a-56e6-b1ba-4fe76221d3bf,botica,43616d97-2221-569d-82eb-bcc14bcd6344,LT-000014-202404-0630,2025-06-17,0,c6617891-56ff-5690-89a4-1ece06685ff5
9c41653c-c021-592c-ae6e-87c4ecd88697,e8aeb018-f679-5670-b210-de4f62ff2111,38adf7ba-476e-5e6b-9163-781a13538253,botica,43616d97-2221-569d-82eb-bcc14bcd6344,LT-000012-202404-0631,2026-09-09,0,41cb90d0-d91a-57c2-b138-831be351479f
0062a950-2e7f-51cd-9015-e5707c9e9983,e8aeb018-f679-5670-b210-de4f62ff2111,0ec23038-d3ab-588c-bbd6-1f5c744cdde1,botica,43616d97-2221-569d-82eb-bcc14bcd6344,LT-000025-202404-0632,2026-08-18,0,a6f6d890-1609-53fc-b4a6-5733ccc9d078
e30afe29-80a0-574f-8142-bb60fb076d4f,e8aeb018-f679-5670-b210-de4f62ff2111,2933d8b7-2438-521b-b38d-d3a5224f87fc,botica,d6f21f11-7533-52dd-a4dc-2fb8e260c02c,LT-000002-202404-0633,2026-07-20,0,41cb90d0-d91a-57c2-b138-831be351479f
702ade3a-a3dc-5b73-a10a-851d068fedfd,e8aeb018-f679-5670-b210-de4f62ff2111,38adf7ba-476e-5e6b-9163-781a13538253,botica,d6f21f11-7533-52dd-a4dc-2fb8e260c02c,LT-000012-202404-0634,2025-02-04,0,41cb90d0-d91a-57c2-b138-831be351479f
cabcd37c-841c-5a51-911d-151f906a8dfd,e8aeb018-f679-5670-b210-de4f62ff2111,2eb3a104-e572-583a-afa0-156ee0dc4cce,botica,d6f21f11-7533-52dd-a4dc-2fb8e260c02c,LT-000019-202404-0635,2025-02-15,0,c6617891-56ff-5690-89a4-1ece06685ff5
ed51a86d-ef17-51d0-be7c-60d4a0af8b25,e8aeb018-f679-5670-b210-de4f62ff2111,afe9d181-1c64-5cca-b4b7-a9fa24eceeea,botica,d6f21f11-7533-52dd-a4dc-2fb8e260c02c,LT-000020-202404-0636,2024-11-21,0,a6f6d890-1609-53fc-b4a6-5733ccc9d078
7c7ec273-af46-581f-add5-6943c37023d0,e8aeb018-f679-5670-b210-de4f62ff2111,afe9d181-1c64-5cca-b4b7-a9fa24eceeea,botica,8ecedccf-c230-516b-bbc2-108f7a6fbe63,LT-000020-202404-0637,2027-04-04,0,a6f6d890-1609-53fc-b4a6-5733ccc9d078
9fad97fa-5d17-5480-9ff7-28f9df8e743b,e8aeb018-f679-5670-b210-de4f62ff2111,042e2e80-f954-5df4-97be-29dd428cc598,botica,26f7241d-a84e-5e4a-a43d-33eea1e54eea,LT-000004-202404-0638,2026-02-08,0,c6617891-56ff-5690-89a4-1ece06685ff5
a85d129c-8777-5f57-a624-4c7f0efe0b18,e8aeb018-f679-5670-b210-de4f62ff2111,38adf7ba-476e-5e6b-9163-781a13538253,botica,26f7241d-a84e-5e4a-a43d-33eea1e54eea,LT-000012-202404-0639,2025-05-31,0,41cb90d0-d91a-57c2-b138-831be351479f
f27f5942-75bd-5b60-9fd0-3d94ce7b0a55,e8aeb018-f679-5670-b210-de4f62ff2111,2897aac2-f219-5167-b800-73fac27f6b85,botica,26f7241d-a84e-5e4a-a43d-33eea1e54eea,LT-000022-202404-0640,2026-10-21,0,41cb90d0-d91a-57c2-b138-831be351479f
1b9f1296-4706-5241-bc02-39795fa6fcbf,e8aeb018-f679-5670-b210-de4f62ff2111,6d807393-f4ab-5f76-b544-251eeda27ba3,botica,d6f21f11-7533-52dd-a4dc-2fb8e260c02c,LT-000003-202404-0641,2026-03-15,0,ab4a547f-e75d-5601-8171-00da4efa4b57
632f4f39-3d12-5ba5-8bab-bb5099f04305,e8aeb018-f679-5670-b210-de4f62ff2111,058c6382-bde2-59d1-93ff-20c6161a4736,botica,7fb983e8-6848-5425-97a2-14da72722d0f,LT-000009-202404-0642,2025-02-15,0,c6617891-56ff-5690-89a4-1ece06685ff5
868dc8d9-a3a9-5930-81dc-c2fab1c2be56,e8aeb018-f679-5670-b210-de4f62ff2111,2933d8b7-2438-521b-b38d-d3a5224f87fc,botica,26f7241d-a84e-5e4a-a43d-33eea1e54eea,LT-000002-202404-0643,2026-10-08,0,41cb90d0-d91a-57c2-b138-831be351479f
0841f057-de52-565c-836b-cf0247f82793,e8aeb018-f679-5670-b210-de4f62ff2111,97d26d91-c562-5f27-9ebd-285e89c8f4bf,botica,26f7241d-a84e-5e4a-a43d-33eea1e54eea,LT-000018-202404-0644,2026-02-16,0,ab4a547f-e75d-5601-8171-00da4efa4b57
2253a0af-6b43-5666-a998-f91377924eec,e8aeb018-f679-5670-b210-de4f62ff2111,afe9d181-1c64-5cca-b4b7-a9fa24eceeea,botica,43616d97-2221-569d-82eb-bcc14bcd6344,LT-000020-202404-0645,2025-10-06,0,a6f6d890-1609-53fc-b4a6-5733ccc9d078
d6854fd4-cdf0-5857-b560-eb18571dc7cd,e8aeb018-f679-5670-b210-de4f62ff2111,38adf7ba-476e-5e6b-9163-781a13538253,botica,8ecedccf-c230-516b-bbc2-108f7a6fbe63,LT-000012-202404-0646,2027-03-26,0,41cb90d0-d91a-57c2-b138-831be351479f
3208fef5-6e44-5141-b027-7067d0f25581,e8aeb018-f679-5670-b210-de4f62ff2111,0ec23038-d3ab-588c-bbd6-1f5c744cdde1,botica,8ecedccf-c230-516b-bbc2-108f7a6fbe63,LT-000025-202404-0647,2025-02-01,0,a6f6d890-1609-53fc-b4a6-5733ccc9d078
53eff8c4-f149-5cc1-a86a-0fa5094f6008,e8aeb018-f679-5670-b210-de4f62ff2111,d9506935-1215-5499-93c0-8bdd86ab9418,botica,8ecedccf-c230-516b-bbc2-108f7a6fbe63,LT-000029-202404-0648,2027-02-19,0,c6617891-56ff-5690-89a4-1ece06685ff5
3e58faee-67b6-57bb-90ee-bba4a624fac2,e8aeb018-f679-5670-b210-de4f62ff2111,058c6382-bde2-59d1-93ff-20c6161a4736,botica,26f7241d-a84e-5e4a-a43d-33eea1e54eea,LT-000009-202404-0649,2026-06-22,0,c6617891-56ff-5690-89a4-1ece06685ff5
367d6b2a-ebbd-5e3d-a188-2680163e91da,e8aeb018-f679-5670-b210-de4f62ff2111,d3961f5a-3ea7-53d3-89f4-78b65b0c0c6b,botica,8ecedccf-c230-516b-bbc2-108f7a6fbe63,LT-000001-202404-0650,2025-06-02,0,76d6c9f4-5d7d-53c0-bb1f-2a577383765a
280a9da7-d8df-548b-a9c8-571deb6f5e78,e8aeb018-f679-5670-b210-de4f62ff2111,d3961f5a-3ea7-53d3-89f4-78b65b0c0c6b,botica,7fb983e8-6848-5425-97a2-14da72722d0f,LT-000001-202404-0651,2024-12-20,0,76d6c9f4-5d7d-53c0-bb1f-2a577383765a
9ca4d82c-5dea-5824-aed4-38349bd84628,e8aeb018-f679-5670-b210-de4f62ff2111,983871db-adfb-543e-b438-6b00044ffb64,botica,26f7241d-a84e-5e4a-a43d-33eea1e54eea,LT-000015-202404-0652,2025-09-21,0,a6f6d890-1609-53fc-b4a6-5733ccc9d078
5fe8b92a-1e43-5d3e-a615-7036c9906405,e8aeb018-f679-5670-b210-de4f62ff2111,012857cc-907f-5e7d-b8fb-796d2c9f1621,botica,26f7241d-a84e-5e4a-a43d-33eea1e54eea,LT-000028-202404-0653,2026-02-09,0,ab4a547f-e75d-5601-8171-00da4efa4b57
5b838d75-79d7-5a5e-af15-f5439361db39,e8aeb018-f679-5670-b210-de4f62ff2111,d3961f5a-3ea7-53d3-89f4-78b65b0c0c6b,botica,d6f21f11-7533-52dd-a4dc-2fb8e260c02c,LT-000001-202404-0654,2026-08-30,0,76d6c9f4-5d7d-53c0-bb1f-2a577383765a
1f3bf762-1c85-54e5-946a-32cf959f5f25,e8aeb018-f679-5670-b210-de4f62ff2111,4d9429b6-2ebf-5b5d-ac48-f779d5a1e270,botica,d6f21f11-7533-52dd-a4dc-2fb8e260c02c,LT-000010-202404-0655,2025-11-22,0,a6f6d890-1609-53fc-b4a6-5733ccc9d078
9270f06e-fbb8-5704-bb1d-2e78022fe1d6,e8aeb018-f679-5670-b210-de4f62ff2111,0ec23038-d3ab-588c-bbd6-1f5c744cdde1,botica,d6f21f11-7533-52dd-a4dc-2fb8e260c02c,LT-000025-202404-0656,2026-08-18,0,a6f6d890-1609-53fc-b4a6-5733ccc9d078
13095006-cc22-526f-8577-68494907498c,e8aeb018-f679-5670-b210-de4f62ff2111,c0cf5e5c-b5c9-585a-8e79-d9830bc954f6,botica,7fb983e8-6848-5425-97a2-14da72722d0f,LT-000011-202404-0657,2025-09-01,0,76d6c9f4-5d7d-53c0-bb1f-2a577383765a
da1c1f6d-c4e0-5409-b24a-2e3ac682453a,e8aeb018-f679-5670-b210-de4f62ff2111,4d9429b6-2ebf-5b5d-ac48-f779d5a1e270,botica,26f7241d-a84e-5e4a-a43d-33eea1e54eea,LT-000010-202404-0658,2025-04-14,0,a6f6d890-1609-53fc-b4a6-5733ccc9d078
9ff08b03-714b-5786-b668-48f0188ba703,e8aeb018-f679-5670-b210-de4f62ff2111,87b859e0-789a-56e6-b1ba-4fe76221d3bf,botica,26f7241d-a84e-5e4a-a43d-33eea1e54eea,LT-000014-202404-0659,2025-11-07,0,c6617891-56ff-5690-89a4-1ece06685ff5
69b41f62-e5e2-5c5c-990b-edb73af61201,e8aeb018-f679-5670-b210-de4f62ff2111,2933d8b7-2438-521b-b38d-d3a5224f87fc,botica,43616d97-2221-569d-82eb-bcc14bcd6344,LT-000002-202404-0660,2026-04-13,0,41cb90d0-d91a-57c2-b138-831be351479f
c91b0a45-d977-5b12-a9fd-e5be5caf1188,e8aeb018-f679-5670-b210-de4f62ff2111,07371b94-955f-52a4-9bf9-f0a6ad2b4fa8,botica,43616d97-2221-569d-82eb-bcc14bcd6344,LT-000008-202404-0661,2027-01-02,0,ab4a547f-e75d-5601-8171-00da4efa4b57
cc9322d5-0244-552e-8034-c4674649234b,e8aeb018-f679-5670-b210-de4f62ff2111,22231140-3780-5fe8-a7d4-d33f61d15111,botica,43616d97-2221-569d-82eb-bcc14bcd6344,LT-000023-202404-0662,2025-05-09,0,ab4a547f-e75d-5601-8171-00da4efa4b57
3addc5b2-0e02-5923-b436-a7fcd117b330,e8aeb018-f679-5670-b210-de4f62ff2111,d0ae6d2d-e561-56b3-a2c1-113c1c56ae81,botica,d6f21f11-7533-52dd-a4dc-2fb8e260c02c,LT-000021-202404-0663,2027-03-07,0,76d6c9f4-5d7d-53c0-bb1f-2a577383765a
ceb875ea-c378-5ed8-bf68-ebe2bdd2bc4d,e8aeb018-f679-5670-b210-de4f62ff2111,6baabed2-52d7-5cb7-bf74-86c7cb3e4f07,botica,d6f21f11-7533-52dd-a4dc-2fb8e260c02c,LT-000027-202404-0664,2025-11-01,0,41cb90d0-d91a-57c2-b138-831be351479f
5daabf74-0988-517d-99f6-61b913b8333b,e8aeb018-f679-5670-b210-de4f62ff2111,058c6382-bde2-59d1-93ff-20c6161a4736,botica,8ecedccf-c230-516b-bbc2-108f7a6fbe63,LT-000009-202404-0665,2025-07-15,0,c6617891-56ff-5690-89a4-1ece06685ff5
85ba2984-7fc4-5cea-a634-21a03f5a5bdd,e8aeb018-f679-5670-b210-de4f62ff2111,6baabed2-52d7-5cb7-bf74-86c7cb3e4f07,botica,8ecedccf-c230-516b-bbc2-108f7a6fbe63,LT-000027-202404-0666,2025-07-04,0,41cb90d0-d91a-57c2-b138-831be351479f
a8ba4372-4fd0-5529-92b4-6471cf752816,e8aeb018-f679-5670-b210-de4f62ff2111,afe9d181-1c64-5cca-b4b7-a9fa24eceeea,botica,7fb983e8-6848-5425-97a2-14da72722d0f,LT-000020-202404-0667,2025-10-13,0,a6f6d890-1609-53fc-b4a6-5733ccc9d078
88cc6c95-d2e7-5b39-b6a3-dfbf437e165d,e8aeb018-f679-5670-b210-de4f62ff2111,22231140-3780-5fe8-a7d4-d33f61d15111,botica,7fb983e8-6848-5425-97a2-14da72722d0f,LT-000023-202404-0668,2025-10-17,0,ab4a547f-e75d-5601-8171-00da4efa4b57
6ea2f4ab-d5c5-526e-b9aa-cf6805112706,e8aeb018-f679-5670-b210-de4f62ff2111,0ec23038-d3ab-588c-bbd6-1f5c744cdde1,botica,7fb983e8-6848-5425-97a2-14da72722d0f,LT-000025-202404-0669,2024-11-01,0,a6f6d890-1609-53fc-b4a6-5733ccc9d078
e922eed5-d4b5-5c88-98c0-0b6d1ac59ff6,e8aeb018-f679-5670-b210-de4f62ff2111,d9506935-1215-5499-93c0-8bdd86ab9418,botica,7fb983e8-6848-5425-97a2-14da72722d0f,LT-000029-202404-0670,2025-01-04,0,c6617891-56ff-5690-89a4-1ece06685ff5
ef0fa782-2509-53a1-913d-a984d0fd59c8,e8aeb018-f679-5670-b210-de4f62ff2111,6baabed2-52d7-5cb7-bf74-86c7cb3e4f07,botica,43616d97-2221-569d-82eb-bcc14bcd6344,LT-000027-202404-0671,2024-12-24,0,41cb90d0-d91a-57c2-b138-831be351479f
f141482c-ec0c-5c8a-9281-f1ef4120a252,e8aeb018-f679-5670-b210-de4f62ff2111,042e2e80-f954-5df4-97be-29dd428cc598,botica,d6f21f11-7533-52dd-a4dc-2fb8e260c02c,LT-000004-202404-0672,2026-06-07,0,c6617891-56ff-5690-89a4-1ece06685ff5
6d0d84b0-0592-5ba7-97eb-f6880cb9323a,e8aeb018-f679-5670-b210-de4f62ff2111,042e2e80-f954-5df4-97be-29dd428cc598,botica,7fb983e8-6848-5425-97a2-14da72722d0f,LT-000004-202404-0673,2025-01-29,0,c6617891-56ff-5690-89a4-1ece06685ff5
dd9dbfec-add5-533c-b09d-d437d2f1c476,e8aeb018-f679-5670-b210-de4f62ff2111,1ca3438e-9e23-58f0-a35f-f15f7a23beb9,botica,7fb983e8-6848-5425-97a2-14da72722d0f,LT-000024-202404-0674,2027-01-17,0,c6617891-56ff-5690-89a4-1ece06685ff5
7d009dd0-7fef-50c6-8ad9-fc5560627bcc,e8aeb018-f679-5670-b210-de4f62ff2111,d3961f5a-3ea7-53d3-89f4-78b65b0c0c6b,botica,26f7241d-a84e-5e4a-a43d-33eea1e54eea,LT-000001-202404-0675,2026-10-21,0,76d6c9f4-5d7d-53c0-bb1f-2a577383765a
aaee3cd7-b8a6-5a6a-81da-e94518c2364b,e8aeb018-f679-5670-b210-de4f62ff2111,c0cf5e5c-b5c9-585a-8e79-d9830bc954f6,botica,26f7241d-a84e-5e4a-a43d-33eea1e54eea,LT-000011-202404-0676,2026-12-14,0,76d6c9f4-5d7d-53c0-bb1f-2a577383765a
5d4a244b-7101-5e80-8076-e5e7fd7be0fe,e8aeb018-f679-5670-b210-de4f62ff2111,94e18241-54bd-5516-b36f-94ab6e323aca,botica,26f7241d-a84e-5e4a-a43d-33eea1e54eea,LT-000013-202404-0677,2027-03-27,0,ab4a547f-e75d-5601-8171-00da4efa4b57
c5b267c0-bdeb-5bc6-b7de-9c60d8d68213,e8aeb018-f679-5670-b210-de4f62ff2111,d2f08f15-f9f2-5f65-a740-b05896774467,botica,43616d97-2221-569d-82eb-bcc14bcd6344,LT-000017-202404-0678,2025-06-16,0,41cb90d0-d91a-57c2-b138-831be351479f
b6f62c7e-59cb-5336-834c-175020c85d99,e8aeb018-f679-5670-b210-de4f62ff2111,2897aac2-f219-5167-b800-73fac27f6b85,botica,d6f21f11-7533-52dd-a4dc-2fb8e260c02c,LT-000022-202404-0679,2027-01-08,0,41cb90d0-d91a-57c2-b138-831be351479f
79278a8f-ce50-5c3a-9952-1f2d7bf25cee,e8aeb018-f679-5670-b210-de4f62ff2111,983871db-adfb-543e-b438-6b00044ffb64,botica,7fb983e8-6848-5425-97a2-14da72722d0f,LT-000015-202404-0680,2026-01-13,0,a6f6d890-1609-53fc-b4a6-5733ccc9d078
74859163-cedd-5ca5-b853-cb5092f6163e,e8aeb018-f679-5670-b210-de4f62ff2111,d2f08f15-f9f2-5f65-a740-b05896774467,botica,7fb983e8-6848-5425-97a2-14da72722d0f,LT-000017-202404-0681,2026-02-16,0,41cb90d0-d91a-57c2-b138-831be351479f
60f057a7-b23f-55dc-9606-37b06b5d3b67,e8aeb018-f679-5670-b210-de4f62ff2111,9928e9a1-d9fc-5fdd-86c2-8909352fd7fe,botica,26f7241d-a84e-5e4a-a43d-33eea1e54eea,LT-000005-202404-0682,2024-11-24,0,a6f6d890-1609-53fc-b4a6-5733ccc9d078
32549a77-21d0-5edd-8cb8-ef03595a4229,e8aeb018-f679-5670-b210-de4f62ff2111,2eb3a104-e572-583a-afa0-156ee0dc4cce,botica,26f7241d-a84e-5e4a-a43d-33eea1e54eea,LT-000019-202404-0683,2027-02-18,0,c6617891-56ff-5690-89a4-1ece06685ff5
a6d6ce17-67bb-5e79-981e-94c3c5d3593f,e8aeb018-f679-5670-b210-de4f62ff2111,94e18241-54bd-5516-b36f-94ab6e323aca,botica,43616d97-2221-569d-82eb-bcc14bcd6344,LT-000013-202404-0684,2026-01-07,0,ab4a547f-e75d-5601-8171-00da4efa4b57
6dc4f87e-f256-5007-ad0e-6af6cd7766da,e8aeb018-f679-5670-b210-de4f62ff2111,9928e9a1-d9fc-5fdd-86c2-8909352fd7fe,botica,7fb983e8-6848-5425-97a2-14da72722d0f,LT-000005-202404-0685,2024-11-30,0,a6f6d890-1609-53fc-b4a6-5733ccc9d078
0086ccba-ab99-5793-a389-5249d1fc168c,e8aeb018-f679-5670-b210-de4f62ff2111,983871db-adfb-543e-b438-6b00044ffb64,botica,43616d97-2221-569d-82eb-bcc14bcd6344,LT-000015-202404-0686,2025-02-21,0,a6f6d890-1609-53fc-b4a6-5733ccc9d078
5ba811d9-7f1f-5b2a-970d-0028e94e9f97,e8aeb018-f679-5670-b210-de4f62ff2111,012857cc-907f-5e7d-b8fb-796d2c9f1621,botica,8ecedccf-c230-516b-bbc2-108f7a6fbe63,LT-000028-202404-0687,2025-05-14,0,ab4a547f-e75d-5601-8171-00da4efa4b57
f23ae031-872a-5da3-94c9-68bbea0824e5,e8aeb018-f679-5670-b210-de4f62ff2111,87b859e0-789a-56e6-b1ba-4fe76221d3bf,botica,7fb983e8-6848-5425-97a2-14da72722d0f,LT-000014-202404-0688,2026-12-21,0,c6617891-56ff-5690-89a4-1ece06685ff5
5296cee7-f410-5d9f-a813-be15068aa4e2,e8aeb018-f679-5670-b210-de4f62ff2111,07371b94-955f-52a4-9bf9-f0a6ad2b4fa8,botica,26f7241d-a84e-5e4a-a43d-33eea1e54eea,LT-000008-202405-0689,2026-09-21,0,ab4a547f-e75d-5601-8171-00da4efa4b57
f8e9ae2f-7a81-5d51-8404-d27476ce7dd0,e8aeb018-f679-5670-b210-de4f62ff2111,d2f08f15-f9f2-5f65-a740-b05896774467,botica,26f7241d-a84e-5e4a-a43d-33eea1e54eea,LT-000017-202405-0690,2025-02-20,0,41cb90d0-d91a-57c2-b138-831be351479f
d0c3e657-b3e2-5674-9f14-531776a67ce8,e8aeb018-f679-5670-b210-de4f62ff2111,cd81184b-b6f1-563c-b463-36a69ddfb598,botica,43616d97-2221-569d-82eb-bcc14bcd6344,LT-000026-202405-0691,2025-03-06,0,76d6c9f4-5d7d-53c0-bb1f-2a577383765a
94f07342-ddd0-525e-96fe-8cd9b6e97955,e8aeb018-f679-5670-b210-de4f62ff2111,cd81184b-b6f1-563c-b463-36a69ddfb598,botica,26f7241d-a84e-5e4a-a43d-33eea1e54eea,LT-000026-202405-0692,2027-01-18,0,76d6c9f4-5d7d-53c0-bb1f-2a577383765a
dfcfbea4-241d-500f-b7de-e86b46188876,e8aeb018-f679-5670-b210-de4f62ff2111,2933d8b7-2438-521b-b38d-d3a5224f87fc,botica,7fb983e8-6848-5425-97a2-14da72722d0f,LT-000002-202405-0693,2025-11-06,0,41cb90d0-d91a-57c2-b138-831be351479f
61706fe5-734c-5d18-a5cd-1ad5b3436ad7,e8aeb018-f679-5670-b210-de4f62ff2111,2897aac2-f219-5167-b800-73fac27f6b85,botica,7fb983e8-6848-5425-97a2-14da72722d0f,LT-000022-202405-0694,2026-02-05,0,41cb90d0-d91a-57c2-b138-831be351479f
646e1dbc-3a3c-505e-9198-3764e84955c0,e8aeb018-f679-5670-b210-de4f62ff2111,c0cf5e5c-b5c9-585a-8e79-d9830bc954f6,botica,43616d97-2221-569d-82eb-bcc14bcd6344,LT-000011-202405-0695,2026-03-06,0,76d6c9f4-5d7d-53c0-bb1f-2a577383765a
3a5dc58f-535e-53be-936c-08c6b3ed608e,e8aeb018-f679-5670-b210-de4f62ff2111,012857cc-907f-5e7d-b8fb-796d2c9f1621,botica,43616d97-2221-569d-82eb-bcc14bcd6344,LT-000028-202405-0696,2025-08-24,0,ab4a547f-e75d-5601-8171-00da4efa4b57
553693e5-ff71-53e3-a65a-97e37d21c165,e8aeb018-f679-5670-b210-de4f62ff2111,94e18241-54bd-5516-b36f-94ab6e323aca,botica,d6f21f11-7533-52dd-a4dc-2fb8e260c02c,LT-000013-202405-0697,2026-09-15,0,ab4a547f-e75d-5601-8171-00da4efa4b57
a1b9714f-6c70-57b5-8114-20da85ce0230,e8aeb018-f679-5670-b210-de4f62ff2111,2933d8b7-2438-521b-b38d-d3a5224f87fc,botica,8ecedccf-c230-516b-bbc2-108f7a6fbe63,LT-000002-202405-0698,2025-10-10,0,41cb90d0-d91a-57c2-b138-831be351479f
fb4f0688-eb0e-576c-b9e8-dd5f95ada676,e8aeb018-f679-5670-b210-de4f62ff2111,07371b94-955f-52a4-9bf9-f0a6ad2b4fa8,botica,8ecedccf-c230-516b-bbc2-108f7a6fbe63,LT-000008-202405-0699,2025-02-04,0,ab4a547f-e75d-5601-8171-00da4efa4b57
ee2c0ddf-65f8-5e28-999d-234298e045db,e8aeb018-f679-5670-b210-de4f62ff2111,2897aac2-f219-5167-b800-73fac27f6b85,botica,8ecedccf-c230-516b-bbc2-108f7a6fbe63,LT-000022-202405-0700,2026-09-27,0,41cb90d0-d91a-57c2-b138-831be351479f
70a63da2-c4a9-5025-9dad-46dcfd1e762c,e8aeb018-f679-5670-b210-de4f62ff2111,4d9429b6-2ebf-5b5d-ac48-f779d5a1e270,botica,7fb983e8-6848-5425-97a2-14da72722d0f,LT-000010-202405-0701,2025-06-13,0,a6f6d890-1609-53fc-b4a6-5733ccc9d078
5c88c432-c432-50e7-90dc-b32eb55e7035,e8aeb018-f679-5670-b210-de4f62ff2111,1ca3438e-9e23-58f0-a35f-f15f7a23beb9,botica,26f7241d-a84e-5e4a-a43d-33eea1e54eea,LT-000024-202405-0702,2025-12-17,0,c6617891-56ff-5690-89a4-1ece06685ff5
3e941439-795f-5c4f-a957-2fc5788513a7,e8aeb018-f679-5670-b210-de4f62ff2111,d3961f5a-3ea7-53d3-89f4-78b65b0c0c6b,botica,43616d97-2221-569d-82eb-bcc14bcd6344,LT-000001-202405-0703,2027-02-15,0,76d6c9f4-5d7d-53c0-bb1f-2a577383765a
a81c47a8-b6e3-5ad5-b464-2e4c5bdf78dd,e8aeb018-f679-5670-b210-de4f62ff2111,6d807393-f4ab-5f76-b544-251eeda27ba3,botica,43616d97-2221-569d-82eb-bcc14bcd6344,LT-000003-202405-0704,2026-04-25,0,ab4a547f-e75d-5601-8171-00da4efa4b57
200931c1-269f-5672-9fd1-dc4b7074b001,e8aeb018-f679-5670-b210-de4f62ff2111,2082733c-4e17-51fe-bc8c-bf33d3ec5d7e,botica,d6f21f11-7533-52dd-a4dc-2fb8e260c02c,LT-000016-202405-0705,2026-05-17,0,76d6c9f4-5d7d-53c0-bb1f-2a577383765a
2dd9d9f1-5bd3-5648-827d-99f7e34c7c8f,e8aeb018-f679-5670-b210-de4f62ff2111,042e2e80-f954-5df4-97be-29dd428cc598,botica,8ecedccf-c230-516b-bbc2-108f7a6fbe63,LT-000004-202405-0706,2024-11-08,0,c6617891-56ff-5690-89a4-1ece06685ff5
3630ab76-0674-581c-a2fd-a2caca0c91b3,e8aeb018-f679-5670-b210-de4f62ff2111,87b859e0-789a-56e6-b1ba-4fe76221d3bf,botica,8ecedccf-c230-516b-bbc2-108f7a6fbe63,LT-000014-202405-0707,2026-11-09,0,c6617891-56ff-5690-89a4-1ece06685ff5
146159bb-1035-58dd-bd4a-c07a55bcaec6,e8aeb018-f679-5670-b210-de4f62ff2111,2082733c-4e17-51fe-bc8c-bf33d3ec5d7e,botica,8ecedccf-c230-516b-bbc2-108f7a6fbe63,LT-000016-202405-0708,2026-02-05,0,76d6c9f4-5d7d-53c0-bb1f-2a577383765a
8097e04c-0632-54b0-9468-a34c6bec3a44,e8aeb018-f679-5670-b210-de4f62ff2111,d0ae6d2d-e561-56b3-a2c1-113c1c56ae81,botica,8ecedccf-c230-516b-bbc2-108f7a6fbe63,LT-000021-202405-0709,2024-12-27,0,76d6c9f4-5d7d-53c0-bb1f-2a577383765a
6347e701-c5f3-5628-b2f1-9db46f04d157,e8aeb018-f679-5670-b210-de4f62ff2111,6d807393-f4ab-5f76-b544-251eeda27ba3,botica,26f7241d-a84e-5e4a-a43d-33eea1e54eea,LT-000003-202405-0710,2025-01-21,0,ab4a547f-e75d-5601-8171-00da4efa4b57
bfd986de-94a5-546f-8faa-2ee1b0fd0a2e,e8aeb018-f679-5670-b210-de4f62ff2111,6baabed2-52d7-5cb7-bf74-86c7cb3e4f07,botica,26f7241d-a84e-5e4a-a43d-33eea1e54eea,LT-000027-202405-0711,2025-11-20,0,41cb90d0-d91a-57c2-b138-831be351479f
4e58cd16-c98c-5642-a11d-8a1c55edb50b,e8aeb018-f679-5670-b210-de4f62ff2111,d2f08f15-f9f2-5f65-a740-b05896774467,botica,8ecedccf-c230-516b-bbc2-108f7a6fbe63,LT-000017-202405-0712,2027-03-04,0,41cb90d0-d91a-57c2-b138-831be351479f
9e0cefad-956f-5cdd-8d53-99ae10cb26e4,e8aeb018-f679-5670-b210-de4f62ff2111,2eb3a104-e572-583a-afa0-156ee0dc4cce,botica,8ecedccf-c230-516b-bbc2-108f7a6fbe63,LT-000019-202405-0713,2025-08-01,0,c6617891-56ff-5690-89a4-1ece06685ff5
68fc37fc-c007-50a5-8bb7-692e25a1df6a,e8aeb018-f679-5670-b210-de4f62ff2111,94e18241-54bd-5516-b36f-94ab6e323aca,botica,7fb983e8-6848-5425-97a2-14da72722d0f,LT-000013-202405-0714,2025-02-10,0,ab4a547f-e75d-5601-8171-00da4efa4b57
77a3471a-91bb-5145-bc0a-2d1b259b23c7,e8aeb018-f679-5670-b210-de4f62ff2111,2eb3a104-e572-583a-afa0-156ee0dc4cce,botica,7fb983e8-6848-5425-97a2-14da72722d0f,LT-000019-202405-0715,2026-04-26,0,c6617891-56ff-5690-89a4-1ece06685ff5
f85ed8fd-1661-5447-9fd2-bb92b1c7d027,e8aeb018-f679-5670-b210-de4f62ff2111,042e2e80-f954-5df4-97be-29dd428cc598,botica,43616d97-2221-569d-82eb-bcc14bcd6344,LT-000004-202405-0716,2025-09-29,0,c6617891-56ff-5690-89a4-1ece06685ff5
99b3cfcc-736f-5f88-937f-4bf4a53b25d6,e8aeb018-f679-5670-b210-de4f62ff2111,d2f08f15-f9f2-5f65-a740-b05896774467,botica,d6f21f11-7533-52dd-a4dc-2fb8e260c02c,LT-000017-202405-0717,2026-06-01,0,41cb90d0-d91a-57c2-b138-831be351479f
8cf31846-ed98-5899-bf4f-77fa67bb00fc,e8aeb018-f679-5670-b210-de4f62ff2111,22231140-3780-5fe8-a7d4-d33f61d15111,botica,8ecedccf-c230-516b-bbc2-108f7a6fbe63,LT-000023-202405-0718,2026-07-10,0,ab4a547f-e75d-5601-8171-00da4efa4b57
2a465409-a4b0-57e7-a322-aaff1cddfa88,e8aeb018-f679-5670-b210-de4f62ff2111,82cd11ba-d1a0-58b1-b14f-edd741f36e87,botica,7fb983e8-6848-5425-97a2-14da72722d0f,LT-000007-202405-0719,2024-12-27,0,41cb90d0-d91a-57c2-b138-831be351479f
c96a33db-4339-55e8-9769-5c28bed303b2,e8aeb018-f679-5670-b210-de4f62ff2111,cd81184b-b6f1-563c-b463-36a69ddfb598,botica,7fb983e8-6848-5425-97a2-14da72722d0f,LT-000026-202405-0720,2026-06-27,0,76d6c9f4-5d7d-53c0-bb1f-2a577383765a
8130bfa7-9825-56e6-a297-6df84e9385bc,e8aeb018-f679-5670-b210-de4f62ff2111,1e9605fd-5682-52b6-8f05-e8a92dd44513,botica,7fb983e8-6848-5425-97a2-14da72722d0f,LT-000030-202405-0721,2025-11-22,0,a6f6d890-1609-53fc-b4a6-5733ccc9d078
25357920-bc41-5e4a-adc4-62bd9f5b78b5,e8aeb018-f679-5670-b210-de4f62ff2111,5bbfdec8-65ae-59e6-b211-5eccb5b765fa,botica,26f7241d-a84e-5e4a-a43d-33eea1e54eea,LT-000006-202405-0722,2026-07-02,0,76d6c9f4-5d7d-53c0-bb1f-2a577383765a
10e72233-7c7f-5d5f-8400-6254d69d0d9e,e8aeb018-f679-5670-b210-de4f62ff2111,6d807393-f4ab-5f76-b544-251eeda27ba3,botica,7fb983e8-6848-5425-97a2-14da72722d0f,LT-000003-202405-0723,2025-08-18,0,ab4a547f-e75d-5601-8171-00da4efa4b57
01a15fad-f748-5896-9fab-d7d46de966b3,e8aeb018-f679-5670-b210-de4f62ff2111,4d9429b6-2ebf-5b5d-ac48-f779d5a1e270,botica,43616d97-2221-569d-82eb-bcc14bcd6344,LT-000010-202405-0724,2025-11-11,0,a6f6d890-1609-53fc-b4a6-5733ccc9d078
54690221-947f-53e3-be4a-0b1087d5dd95,e8aeb018-f679-5670-b210-de4f62ff2111,d0ae6d2d-e561-56b3-a2c1-113c1c56ae81,botica,43616d97-2221-569d-82eb-bcc14bcd6344,LT-000021-202405-0725,2027-01-16,0,76d6c9f4-5d7d-53c0-bb1f-2a577383765a
5b8d56ed-0155-5237-9c4d-d6d42ca40067,e8aeb018-f679-5670-b210-de4f62ff2111,22231140-3780-5fe8-a7d4-d33f61d15111,botica,d6f21f11-7533-52dd-a4dc-2fb8e260c02c,LT-000023-202405-0726,2025-07-25,0,ab4a547f-e75d-5601-8171-00da4efa4b57
7ff39702-57a7-5eaf-baf2-3c75e654395b,e8aeb018-f679-5670-b210-de4f62ff2111,042e2e80-f954-5df4-97be-29dd428cc598,botica,26f7241d-a84e-5e4a-a43d-33eea1e54eea,LT-000004-202405-0727,2026-06-25,0,c6617891-56ff-5690-89a4-1ece06685ff5
29ca3fd5-76d1-5b1d-8507-3222a75719e6,e8aeb018-f679-5670-b210-de4f62ff2111,82cd11ba-d1a0-58b1-b14f-edd741f36e87,botica,26f7241d-a84e-5e4a-a43d-33eea1e54eea,LT-000007-202405-0728,2026-10-30,0,41cb90d0-d91a-57c2-b138-831be351479f
3d0fa1c7-da71-528c-a392-fda1656a6a35,e8aeb018-f679-5670-b210-de4f62ff2111,1e9605fd-5682-52b6-8f05-e8a92dd44513,botica,26f7241d-a84e-5e4a-a43d-33eea1e54eea,LT-000030-202405-0729,2025-02-18,0,a6f6d890-1609-53fc-b4a6-5733ccc9d078
d1ec0915-3a73-5192-9e29-df7857aafbde,e8aeb018-f679-5670-b210-de4f62ff2111,058c6382-bde2-59d1-93ff-20c6161a4736,botica,d6f21f11-7533-52dd-a4dc-2fb8e260c02c,LT-000009-202405-0730,2025-12-09,0,c6617891-56ff-5690-89a4-1ece06685ff5
32214c5d-f550-5468-bc18-9267a40737d6,e8aeb018-f679-5670-b210-de4f62ff2111,cd81184b-b6f1-563c-b463-36a69ddfb598,botica,d6f21f11-7533-52dd-a4dc-2fb8e260c02c,LT-000026-202405-0731,2025-10-23,0,76d6c9f4-5d7d-53c0-bb1f-2a577383765a
6d99d10e-183c-52a0-93d9-3a97471dd54b,e8aeb018-f679-5670-b210-de4f62ff2111,82cd11ba-d1a0-58b1-b14f-edd741f36e87,botica,8ecedccf-c230-516b-bbc2-108f7a6fbe63,LT-000007-202405-0732,2026-08-27,0,41cb90d0-d91a-57c2-b138-831be351479f
ad3cf1ee-f9d0-5ebd-a6bc-16a649fbfeb7,e8aeb018-f679-5670-b210-de4f62ff2111,983871db-adfb-543e-b438-6b00044ffb64,botica,8ecedccf-c230-516b-bbc2-108f7a6fbe63,LT-000015-202405-0733,2026-04-22,0,a6f6d890-1609-53fc-b4a6-5733ccc9d078
f6ce64c3-91b5-5de8-8d4c-2af48d53e35f,e8aeb018-f679-5670-b210-de4f62ff2111,38adf7ba-476e-5e6b-9163-781a13538253,botica,43616d97-2221-569d-82eb-bcc14bcd6344,LT-000012-202405-0734,2027-03-14,0,41cb90d0-d91a-57c2-b138-831be351479f
8723848e-a573-5a2c-8b50-a622864ed06c,e8aeb018-f679-5670-b210-de4f62ff2111,2eb3a104-e572-583a-afa0-156ee0dc4cce,botica,43616d97-2221-569d-82eb-bcc14bcd6344,LT-000019-202405-0735,2026-06-11,0,c6617891-56ff-5690-89a4-1ece06685ff5
381d2f77-a89d-5b1b-8551-6de3996f61d6,e8aeb018-f679-5670-b210-de4f62ff2111,1ca3438e-9e23-58f0-a35f-f15f7a23beb9,botica,43616d97-2221-569d-82eb-bcc14bcd6344,LT-000024-202405-0736,2025-11-12,0,c6617891-56ff-5690-89a4-1ece06685ff5
72f2007f-4037-5989-82a5-6435ad58f4c6,e8aeb018-f679-5670-b210-de4f62ff2111,058c6382-bde2-59d1-93ff-20c6161a4736,botica,43616d97-2221-569d-82eb-bcc14bcd6344,LT-000009-202405-0737,2025-09-24,0,c6617891-56ff-5690-89a4-1ece06685ff5
de6da13f-142c-5ea9-9c05-17dd84d7aae5,e8aeb018-f679-5670-b210-de4f62ff2111,1e9605fd-5682-52b6-8f05-e8a92dd44513,botica,43616d97-2221-569d-82eb-bcc14bcd6344,LT-000030-202405-0738,2026-03-25,0,a6f6d890-1609-53fc-b4a6-5733ccc9d078
c0fafe87-c6d9-5f64-a803-9b3a18e35d0f,e8aeb018-f679-5670-b210-de4f62ff2111,5bbfdec8-65ae-59e6-b211-5eccb5b765fa,botica,d6f21f11-7533-52dd-a4dc-2fb8e260c02c,LT-000006-202405-0739,2026-06-16,0,76d6c9f4-5d7d-53c0-bb1f-2a577383765a
35a55c1b-29e9-5b8f-b12c-85c71d5210da,e8aeb018-f679-5670-b210-de4f62ff2111,87b859e0-789a-56e6-b1ba-4fe76221d3bf,botica,d6f21f11-7533-52dd-a4dc-2fb8e260c02c,LT-000014-202405-0740,2026-12-04,0,c6617891-56ff-5690-89a4-1ece06685ff5
4fec67dd-7bfb-5894-ac63-2e909514ca0a,e8aeb018-f679-5670-b210-de4f62ff2111,94e18241-54bd-5516-b36f-94ab6e323aca,botica,8ecedccf-c230-516b-bbc2-108f7a6fbe63,LT-000013-202405-0741,2025-08-26,0,ab4a547f-e75d-5601-8171-00da4efa4b57
79063521-8f2d-5abc-87e3-f0e916f9ade5,e8aeb018-f679-5670-b210-de4f62ff2111,5bbfdec8-65ae-59e6-b211-5eccb5b765fa,botica,7fb983e8-6848-5425-97a2-14da72722d0f,LT-000006-202405-0742,2026-06-03,0,76d6c9f4-5d7d-53c0-bb1f-2a577383765a
131d7ac6-aeda-555b-92e8-c6575ea6c3a1,e8aeb018-f679-5670-b210-de4f62ff2111,2082733c-4e17-51fe-bc8c-bf33d3ec5d7e,botica,7fb983e8-6848-5425-97a2-14da72722d0f,LT-000016-202405-0743,2026-08-29,0,76d6c9f4-5d7d-53c0-bb1f-2a577383765a
b3b2059d-f184-5aab-b07d-e84385872658,e8aeb018-f679-5670-b210-de4f62ff2111,afe9d181-1c64-5cca-b4b7-a9fa24eceeea,botica,26f7241d-a84e-5e4a-a43d-33eea1e54eea,LT-000020-202405-0744,2027-01-23,0,a6f6d890-1609-53fc-b4a6-5733ccc9d078
b449c293-2410-5ef4-ad08-eef4ea82f285,e8aeb018-f679-5670-b210-de4f62ff2111,2897aac2-f219-5167-b800-73fac27f6b85,botica,26f7241d-a84e-5e4a-a43d-33eea1e54eea,LT-000022-202405-0745,2024-12-03,0,41cb90d0-d91a-57c2-b138-831be351479f
bf4ef472-0eeb-5601-a46b-d5321aa9a8c5,e8aeb018-f679-5670-b210-de4f62ff2111,2082733c-4e17-51fe-bc8c-bf33d3ec5d7e,botica,43616d97-2221-569d-82eb-bcc14bcd6344,LT-000016-202405-0746,2025-11-02,0,76d6c9f4-5d7d-53c0-bb1f-2a577383765a
25b55fda-5127-512e-a8c3-653b1c2753e6,e8aeb018-f679-5670-b210-de4f62ff2111,2897aac2-f219-5167-b800-73fac27f6b85,botica,43616d97-2221-569d-82eb-bcc14bcd6344,LT-000022-202405-0747,2024-12-22,0,41cb90d0-d91a-57c2-b138-831be351479f
63dcdacf-3eb5-5077-9850-974d3ee5b5e5,e8aeb018-f679-5670-b210-de4f62ff2111,07371b94-955f-52a4-9bf9-f0a6ad2b4fa8,botica,d6f21f11-7533-52dd-a4dc-2fb8e260c02c,LT-000008-202405-0748,2025-03-28,0,ab4a547f-e75d-5601-8171-00da4efa4b57
197327d2-15b7-518a-80f0-1386368e5846,e8aeb018-f679-5670-b210-de4f62ff2111,983871db-adfb-543e-b438-6b00044ffb64,botica,d6f21f11-7533-52dd-a4dc-2fb8e260c02c,LT-000015-202405-0749,2027-03-24,0,a6f6d890-1609-53fc-b4a6-5733ccc9d078
e4704621-5347-5cb8-accc-e2cba9c40df6,e8aeb018-f679-5670-b210-de4f62ff2111,9928e9a1-d9fc-5fdd-86c2-8909352fd7fe,botica,8ecedccf-c230-516b-bbc2-108f7a6fbe63,LT-000005-202405-0750,2025-01-11,0,a6f6d890-1609-53fc-b4a6-5733ccc9d078
d1ba2556-4776-58b9-a57d-7182a17dfe57,e8aeb018-f679-5670-b210-de4f62ff2111,0ec23038-d3ab-588c-bbd6-1f5c744cdde1,botica,26f7241d-a84e-5e4a-a43d-33eea1e54eea,LT-000025-202405-0751,2025-03-10,0,a6f6d890-1609-53fc-b4a6-5733ccc9d078
b9b457e4-4c78-58d3-830b-728b1daab35d,e8aeb018-f679-5670-b210-de4f62ff2111,82cd11ba-d1a0-58b1-b14f-edd741f36e87,botica,43616d97-2221-569d-82eb-bcc14bcd6344,LT-000007-202405-0752,2025-03-02,0,41cb90d0-d91a-57c2-b138-831be351479f
d2c9cd79-0915-57d9-9c46-5573d2bcf4e0,e8aeb018-f679-5670-b210-de4f62ff2111,5bbfdec8-65ae-59e6-b211-5eccb5b765fa,botica,8ecedccf-c230-516b-bbc2-108f7a6fbe63,LT-000006-202405-0753,2025-06-14,0,76d6c9f4-5d7d-53c0-bb1f-2a577383765a
eb7746ae-8e66-53f7-a05b-230ef589a3fa,e8aeb018-f679-5670-b210-de4f62ff2111,c0cf5e5c-b5c9-585a-8e79-d9830bc954f6,botica,8ecedccf-c230-516b-bbc2-108f7a6fbe63,LT-000011-202405-0754,2026-08-12,0,76d6c9f4-5d7d-53c0-bb1f-2a577383765a
f81339a1-350d-591f-bf61-12b0b1f0fb6c,e8aeb018-f679-5670-b210-de4f62ff2111,38adf7ba-476e-5e6b-9163-781a13538253,botica,7fb983e8-6848-5425-97a2-14da72722d0f,LT-000012-202405-0755,2026-04-17,0,41cb90d0-d91a-57c2-b138-831be351479f
3545951e-cdd0-573a-84d6-b90a23916855,e8aeb018-f679-5670-b210-de4f62ff2111,97d26d91-c562-5f27-9ebd-285e89c8f4bf,botica,7fb983e8-6848-5425-97a2-14da72722d0f,LT-000018-202405-0756,2026-03-02,0,ab4a547f-e75d-5601-8171-00da4efa4b57
95442b4c-8191-5e34-8954-2f83d9511609,e8aeb018-f679-5670-b210-de4f62ff2111,9928e9a1-d9fc-5fdd-86c2-8909352fd7fe,botica,26f7241d-a84e-5e4a-a43d-33eea1e54eea,LT-000005-202405-0757,2025-07-25,0,a6f6d890-1609-53fc-b4a6-5733ccc9d078
5abc050d-9ccd-5509-b926-36da746e64ed,e8aeb018-f679-5670-b210-de4f62ff2111,c0cf5e5c-b5c9-585a-8e79-d9830bc954f6,botica,d6f21f11-7533-52dd-a4dc-2fb8e260c02c,LT-000011-202405-0758,2027-04-17,0,76d6c9f4-5d7d-53c0-bb1f-2a577383765a
c14b3b79-8cb0-54c5-a24b-f918931dba80,e8aeb018-f679-5670-b210-de4f62ff2111,6d807393-f4ab-5f76-b544-251eeda27ba3,botica,8ecedccf-c230-516b-bbc2-108f7a6fbe63,LT-000003-202405-0759,2027-05-12,0,ab4a547f-e75d-5601-8171-00da4efa4b57
83644c9b-46ff-501a-b462-9cd6076a449b,e8aeb018-f679-5670-b210-de4f62ff2111,d3961f5a-3ea7-53d3-89f4-78b65b0c0c6b,botica,7fb983e8-6848-5425-97a2-14da72722d0f,LT-000001-202405-0760,2026-11-01,0,76d6c9f4-5d7d-53c0-bb1f-2a577383765a
772ed6a8-47a8-5abb-8787-c31c96234b85,e8aeb018-f679-5670-b210-de4f62ff2111,d0ae6d2d-e561-56b3-a2c1-113c1c56ae81,botica,7fb983e8-6848-5425-97a2-14da72722d0f,LT-000021-202405-0761,2025-02-21,0,76d6c9f4-5d7d-53c0-bb1f-2a577383765a
3eaed019-da98-5221-b8fc-0c59e2f6cc11,e8aeb018-f679-5670-b210-de4f62ff2111,87b859e0-789a-56e6-b1ba-4fe76221d3bf,botica,26f7241d-a84e-5e4a-a43d-33eea1e54eea,LT-000014-202405-0762,2025-04-05,0,c6617891-56ff-5690-89a4-1ece06685ff5
b71ca0df-2535-5469-b6e2-ba10255db163,e8aeb018-f679-5670-b210-de4f62ff2111,5bbfdec8-65ae-59e6-b211-5eccb5b765fa,botica,43616d97-2221-569d-82eb-bcc14bcd6344,LT-000006-202405-0763,2026-06-06,0,76d6c9f4-5d7d-53c0-bb1f-2a577383765a
46758dac-2c11-53b2-a34b-b713bd4e05df,e8aeb018-f679-5670-b210-de4f62ff2111,82cd11ba-d1a0-58b1-b14f-edd741f36e87,botica,d6f21f11-7533-52dd-a4dc-2fb8e260c02c,LT-000007-202405-0764,2026-07-15,0,41cb90d0-d91a-57c2-b138-831be351479f
9cd54d02-533c-5dfe-b015-fe46e5917f25,e8aeb018-f679-5670-b210-de4f62ff2111,2082733c-4e17-51fe-bc8c-bf33d3ec5d7e,botica,26f7241d-a84e-5e4a-a43d-33eea1e54eea,LT-000016-202405-0765,2026-07-26,0,76d6c9f4-5d7d-53c0-bb1f-2a577383765a
43e371bb-8346-5d2b-a60b-b62f865995a3,e8aeb018-f679-5670-b210-de4f62ff2111,22231140-3780-5fe8-a7d4-d33f61d15111,botica,26f7241d-a84e-5e4a-a43d-33eea1e54eea,LT-000023-202405-0766,2026-12-09,0,ab4a547f-e75d-5601-8171-00da4efa4b57
6b25ee3b-23a2-55eb-9b79-0b19080687b9,e8aeb018-f679-5670-b210-de4f62ff2111,d9506935-1215-5499-93c0-8bdd86ab9418,botica,26f7241d-a84e-5e4a-a43d-33eea1e54eea,LT-000029-202405-0767,2026-03-21,0,c6617891-56ff-5690-89a4-1ece06685ff5
c0628eb0-0c33-59a4-9f72-33d3af29fa91,e8aeb018-f679-5670-b210-de4f62ff2111,9928e9a1-d9fc-5fdd-86c2-8909352fd7fe,botica,43616d97-2221-569d-82eb-bcc14bcd6344,LT-000005-202405-0768,2025-11-30,0,a6f6d890-1609-53fc-b4a6-5733ccc9d078
1c487be0-16c4-583c-96e5-3828a432289a,e8aeb018-f679-5670-b210-de4f62ff2111,97d26d91-c562-5f27-9ebd-285e89c8f4bf,botica,43616d97-2221-569d-82eb-bcc14bcd6344,LT-000018-202405-0769,2026-08-20,0,ab4a547f-e75d-5601-8171-00da4efa4b57
4393f92d-cbd9-522e-aa28-f7448c486e2a,e8aeb018-f679-5670-b210-de4f62ff2111,d3961f5a-3ea7-53d3-89f4-78b65b0c0c6b,botica,8ecedccf-c230-516b-bbc2-108f7a6fbe63,LT-000001-202405-0770,2025-03-08,0,76d6c9f4-5d7d-53c0-bb1f-2a577383765a
274d5844-b07f-5848-862f-c53ccda02d19,e8aeb018-f679-5670-b210-de4f62ff2111,058c6382-bde2-59d1-93ff-20c6161a4736,botica,7fb983e8-6848-5425-97a2-14da72722d0f,LT-000009-202405-0771,2026-11-26,0,c6617891-56ff-5690-89a4-1ece06685ff5
eee310dd-737b-5dc1-b716-397024d0dbb2,e8aeb018-f679-5670-b210-de4f62ff2111,012857cc-907f-5e7d-b8fb-796d2c9f1621,botica,7fb983e8-6848-5425-97a2-14da72722d0f,LT-000028-202405-0772,2026-07-01,0,ab4a547f-e75d-5601-8171-00da4efa4b57
fd51666e-6ace-58e9-96a8-d087cc8e7321,e8aeb018-f679-5670-b210-de4f62ff2111,87b859e0-789a-56e6-b1ba-4fe76221d3bf,botica,43616d97-2221-569d-82eb-bcc14bcd6344,LT-000014-202405-0773,2024-11-25,0,c6617891-56ff-5690-89a4-1ece06685ff5
d85a64dd-f57a-50af-afda-548a26c0035d,e8aeb018-f679-5670-b210-de4f62ff2111,9928e9a1-d9fc-5fdd-86c2-8909352fd7fe,botica,d6f21f11-7533-52dd-a4dc-2fb8e260c02c,LT-000005-202405-0774,2025-04-06,0,a6f6d890-1609-53fc-b4a6-5733ccc9d078
859d1781-a305-5c77-9b03-6fa23c4bf765,e8aeb018-f679-5670-b210-de4f62ff2111,1e9605fd-5682-52b6-8f05-e8a92dd44513,botica,d6f21f11-7533-52dd-a4dc-2fb8e260c02c,LT-000030-202405-0775,2027-01-03,0,a6f6d890-1609-53fc-b4a6-5733ccc9d078
878de292-8998-5ed5-830a-9547d5bdf20b,e8aeb018-f679-5670-b210-de4f62ff2111,07371b94-955f-52a4-9bf9-f0a6ad2b4fa8,botica,7fb983e8-6848-5425-97a2-14da72722d0f,LT-000008-202405-0776,2026-04-23,0,ab4a547f-e75d-5601-8171-00da4efa4b57
27dd9539-01ec-5659-aa27-479dce39feea,e8aeb018-f679-5670-b210-de4f62ff2111,afe9d181-1c64-5cca-b4b7-a9fa24eceeea,botica,7fb983e8-6848-5425-97a2-14da72722d0f,LT-000020-202405-0777,2025-02-09,0,a6f6d890-1609-53fc-b4a6-5733ccc9d078
bde7a32a-12af-59af-bbfa-c711de4e6fc5,e8aeb018-f679-5670-b210-de4f62ff2111,058c6382-bde2-59d1-93ff-20c6161a4736,botica,26f7241d-a84e-5e4a-a43d-33eea1e54eea,LT-000009-202405-0778,2026-09-14,0,c6617891-56ff-5690-89a4-1ece06685ff5
f22326bc-31ed-5868-9464-3dd8de63bea9,e8aeb018-f679-5670-b210-de4f62ff2111,07371b94-955f-52a4-9bf9-f0a6ad2b4fa8,botica,43616d97-2221-569d-82eb-bcc14bcd6344,LT-000008-202405-0779,2025-09-08,0,ab4a547f-e75d-5601-8171-00da4efa4b57
b93d587f-1dc9-5d98-8583-b87d5e192196,e8aeb018-f679-5670-b210-de4f62ff2111,0ec23038-d3ab-588c-bbd6-1f5c744cdde1,botica,43616d97-2221-569d-82eb-bcc14bcd6344,LT-000025-202405-0780,2025-09-27,0,a6f6d890-1609-53fc-b4a6-5733ccc9d078
b2a09852-bfdf-5ba4-8c95-073b4dedea43,e8aeb018-f679-5670-b210-de4f62ff2111,1ca3438e-9e23-58f0-a35f-f15f7a23beb9,botica,8ecedccf-c230-516b-bbc2-108f7a6fbe63,LT-000024-202405-0781,2026-09-17,0,c6617891-56ff-5690-89a4-1ece06685ff5
0b1d9f33-5e43-5e05-9120-b99976129d8f,e8aeb018-f679-5670-b210-de4f62ff2111,2897aac2-f219-5167-b800-73fac27f6b85,botica,7fb983e8-6848-5425-97a2-14da72722d0f,LT-000022-202405-0782,2027-02-10,0,41cb90d0-d91a-57c2-b138-831be351479f
a01f351c-1de8-53a7-a129-7f0dce4e06e1,e8aeb018-f679-5670-b210-de4f62ff2111,07371b94-955f-52a4-9bf9-f0a6ad2b4fa8,botica,26f7241d-a84e-5e4a-a43d-33eea1e54eea,LT-000008-202405-0783,2026-01-12,0,ab4a547f-e75d-5601-8171-00da4efa4b57
833c4373-c822-5edf-892a-20015220f769,e8aeb018-f679-5670-b210-de4f62ff2111,d2f08f15-f9f2-5f65-a740-b05896774467,botica,26f7241d-a84e-5e4a-a43d-33eea1e54eea,LT-000017-202405-0784,2025-12-31,0,41cb90d0-d91a-57c2-b138-831be351479f
4a48f168-cce6-5dbb-90d0-5f9f534fa882,e8aeb018-f679-5670-b210-de4f62ff2111,042e2e80-f954-5df4-97be-29dd428cc598,botica,d6f21f11-7533-52dd-a4dc-2fb8e260c02c,LT-000004-202405-0785,2026-04-11,0,c6617891-56ff-5690-89a4-1ece06685ff5
ab5b346e-3d6b-5d48-8de0-3cf4447161ec,e8aeb018-f679-5670-b210-de4f62ff2111,38adf7ba-476e-5e6b-9163-781a13538253,botica,d6f21f11-7533-52dd-a4dc-2fb8e260c02c,LT-000012-202405-0786,2026-07-07,0,41cb90d0-d91a-57c2-b138-831be351479f
3f152ac4-28fd-50c8-a337-ddad94ab12ce,e8aeb018-f679-5670-b210-de4f62ff2111,d9506935-1215-5499-93c0-8bdd86ab9418,botica,8ecedccf-c230-516b-bbc2-108f7a6fbe63,LT-000029-202405-0787,2027-02-25,0,c6617891-56ff-5690-89a4-1ece06685ff5
aec3f496-10f2-5567-8071-ecd2c18583d3,e8aeb018-f679-5670-b210-de4f62ff2111,1e9605fd-5682-52b6-8f05-e8a92dd44513,botica,8ecedccf-c230-516b-bbc2-108f7a6fbe63,LT-000030-202405-0788,2025-03-17,0,a6f6d890-1609-53fc-b4a6-5733ccc9d078
8f247f29-e202-5655-8e5f-9520392ca468,e8aeb018-f679-5670-b210-de4f62ff2111,0ec23038-d3ab-588c-bbd6-1f5c744cdde1,botica,7fb983e8-6848-5425-97a2-14da72722d0f,LT-000025-202405-0789,2026-09-05,0,a6f6d890-1609-53fc-b4a6-5733ccc9d078
96e95e5f-b739-5df6-b39c-e373561bc939,e8aeb018-f679-5670-b210-de4f62ff2111,2933d8b7-2438-521b-b38d-d3a5224f87fc,botica,26f7241d-a84e-5e4a-a43d-33eea1e54eea,LT-000002-202405-0790,2026-08-05,0,41cb90d0-d91a-57c2-b138-831be351479f
feead4c8-1950-5c95-b497-7540ca7f253b,e8aeb018-f679-5670-b210-de4f62ff2111,058c6382-bde2-59d1-93ff-20c6161a4736,botica,8ecedccf-c230-516b-bbc2-108f7a6fbe63,LT-000009-202405-0791,2026-07-02,0,c6617891-56ff-5690-89a4-1ece06685ff5
99a8b58f-429d-5ffa-b2c8-edd7e1768509,e8aeb018-f679-5670-b210-de4f62ff2111,0ec23038-d3ab-588c-bbd6-1f5c744cdde1,botica,8ecedccf-c230-516b-bbc2-108f7a6fbe63,LT-000025-202405-0792,2025-11-17,0,a6f6d890-1609-53fc-b4a6-5733ccc9d078
55766883-c77c-5bd1-9479-0e89d38e9c11,e8aeb018-f679-5670-b210-de4f62ff2111,22231140-3780-5fe8-a7d4-d33f61d15111,botica,7fb983e8-6848-5425-97a2-14da72722d0f,LT-000023-202405-0793,2026-10-17,0,ab4a547f-e75d-5601-8171-00da4efa4b57
a08a8c34-9fff-533a-b29a-230cc781ac31,e8aeb018-f679-5670-b210-de4f62ff2111,5bbfdec8-65ae-59e6-b211-5eccb5b765fa,botica,26f7241d-a84e-5e4a-a43d-33eea1e54eea,LT-000006-202405-0794,2024-12-19,0,76d6c9f4-5d7d-53c0-bb1f-2a577383765a
623a975f-7aac-54b6-9b5e-9563df259345,e8aeb018-f679-5670-b210-de4f62ff2111,22231140-3780-5fe8-a7d4-d33f61d15111,botica,43616d97-2221-569d-82eb-bcc14bcd6344,LT-000023-202405-0795,2025-01-27,0,ab4a547f-e75d-5601-8171-00da4efa4b57
0b15c505-5ea7-5b63-a4bf-72f7f52bb511,e8aeb018-f679-5670-b210-de4f62ff2111,2897aac2-f219-5167-b800-73fac27f6b85,botica,8ecedccf-c230-516b-bbc2-108f7a6fbe63,LT-000022-202405-0796,2026-11-19,0,41cb90d0-d91a-57c2-b138-831be351479f
1ed321b1-a650-55d5-b98b-8dffea973dd5,e8aeb018-f679-5670-b210-de4f62ff2111,d3961f5a-3ea7-53d3-89f4-78b65b0c0c6b,botica,26f7241d-a84e-5e4a-a43d-33eea1e54eea,LT-000001-202405-0797,2027-04-14,0,76d6c9f4-5d7d-53c0-bb1f-2a577383765a
b2e0f8f2-8f03-52ba-a667-ecf04ed40f66,e8aeb018-f679-5670-b210-de4f62ff2111,cd81184b-b6f1-563c-b463-36a69ddfb598,botica,26f7241d-a84e-5e4a-a43d-33eea1e54eea,LT-000026-202405-0798,2026-03-29,0,76d6c9f4-5d7d-53c0-bb1f-2a577383765a
50f44df1-50d1-58c4-b78a-ffba3bec1d85,e8aeb018-f679-5670-b210-de4f62ff2111,94e18241-54bd-5516-b36f-94ab6e323aca,botica,43616d97-2221-569d-82eb-bcc14bcd6344,LT-000013-202405-0799,2026-11-25,0,ab4a547f-e75d-5601-8171-00da4efa4b57
354924a9-1fca-5fbb-bc2f-49d3fe01df98,e8aeb018-f679-5670-b210-de4f62ff2111,1ca3438e-9e23-58f0-a35f-f15f7a23beb9,botica,d6f21f11-7533-52dd-a4dc-2fb8e260c02c,LT-000024-202405-0800,2026-07-05,0,c6617891-56ff-5690-89a4-1ece06685ff5
2047dc74-64a4-533e-b340-b65120269a8e,e8aeb018-f679-5670-b210-de4f62ff2111,38adf7ba-476e-5e6b-9163-781a13538253,botica,26f7241d-a84e-5e4a-a43d-33eea1e54eea,LT-000012-202405-0801,2025-10-18,0,41cb90d0-d91a-57c2-b138-831be351479f
a0e3d17f-3268-5d24-b2f8-5de4e4f71349,e8aeb018-f679-5670-b210-de4f62ff2111,d3961f5a-3ea7-53d3-89f4-78b65b0c0c6b,botica,d6f21f11-7533-52dd-a4dc-2fb8e260c02c,LT-000001-202405-0802,2025-05-20,0,76d6c9f4-5d7d-53c0-bb1f-2a577383765a
6b313ec5-45d8-5b85-afd4-4c88bacad00d,e8aeb018-f679-5670-b210-de4f62ff2111,0ec23038-d3ab-588c-bbd6-1f5c744cdde1,botica,d6f21f11-7533-52dd-a4dc-2fb8e260c02c,LT-000025-202405-0803,2025-06-22,0,a6f6d890-1609-53fc-b4a6-5733ccc9d078
d1e36fb4-84a9-5156-8663-ae0e9e5e2b9f,e8aeb018-f679-5670-b210-de4f62ff2111,d2f08f15-f9f2-5f65-a740-b05896774467,botica,7fb983e8-6848-5425-97a2-14da72722d0f,LT-000017-202405-0804,2025-02-19,0,41cb90d0-d91a-57c2-b138-831be351479f
bdb751de-ed75-52cb-9b24-a10eba68310b,e8aeb018-f679-5670-b210-de4f62ff2111,c0cf5e5c-b5c9-585a-8e79-d9830bc954f6,botica,26f7241d-a84e-5e4a-a43d-33eea1e54eea,LT-000011-202405-0805,2026-07-02,0,76d6c9f4-5d7d-53c0-bb1f-2a577383765a
946f7044-5862-51be-91e1-7bea3acdcba8,e8aeb018-f679-5670-b210-de4f62ff2111,d0ae6d2d-e561-56b3-a2c1-113c1c56ae81,botica,26f7241d-a84e-5e4a-a43d-33eea1e54eea,LT-000021-202405-0806,2025-07-22,0,76d6c9f4-5d7d-53c0-bb1f-2a577383765a
7ce34f3d-916d-5a57-a3a2-715a7f5b184f,e8aeb018-f679-5670-b210-de4f62ff2111,2933d8b7-2438-521b-b38d-d3a5224f87fc,botica,43616d97-2221-569d-82eb-bcc14bcd6344,LT-000002-202405-0807,2026-03-03,0,41cb90d0-d91a-57c2-b138-831be351479f
8a94d647-1251-52b3-9f4a-35e5ff878dc5,e8aeb018-f679-5670-b210-de4f62ff2111,97d26d91-c562-5f27-9ebd-285e89c8f4bf,botica,8ecedccf-c230-516b-bbc2-108f7a6fbe63,LT-000018-202405-0808,2026-05-23,0,ab4a547f-e75d-5601-8171-00da4efa4b57
fbe2b368-1f94-5d1d-9c17-bd2d621fb407,e8aeb018-f679-5670-b210-de4f62ff2111,cd81184b-b6f1-563c-b463-36a69ddfb598,botica,8ecedccf-c230-516b-bbc2-108f7a6fbe63,LT-000026-202405-0809,2027-04-23,0,76d6c9f4-5d7d-53c0-bb1f-2a577383765a
c3aedb1b-0123-5aae-b000-d341bd7175a1,e8aeb018-f679-5670-b210-de4f62ff2111,82cd11ba-d1a0-58b1-b14f-edd741f36e87,botica,7fb983e8-6848-5425-97a2-14da72722d0f,LT-000007-202405-0810,2025-11-22,0,41cb90d0-d91a-57c2-b138-831be351479f
84f0c5f2-582d-5d3f-adfa-e024048f829b,e8aeb018-f679-5670-b210-de4f62ff2111,6baabed2-52d7-5cb7-bf74-86c7cb3e4f07,botica,7fb983e8-6848-5425-97a2-14da72722d0f,LT-000027-202405-0811,2025-12-30,0,41cb90d0-d91a-57c2-b138-831be351479f
8cc3c97a-4f88-531a-8bc7-269d87240439,e8aeb018-f679-5670-b210-de4f62ff2111,6d807393-f4ab-5f76-b544-251eeda27ba3,botica,26f7241d-a84e-5e4a-a43d-33eea1e54eea,LT-000003-202405-0812,2026-12-11,0,ab4a547f-e75d-5601-8171-00da4efa4b57
41b47027-09b9-5c37-b272-d927c03cae80,e8aeb018-f679-5670-b210-de4f62ff2111,afe9d181-1c64-5cca-b4b7-a9fa24eceeea,botica,43616d97-2221-569d-82eb-bcc14bcd6344,LT-000020-202405-0813,2026-12-21,0,a6f6d890-1609-53fc-b4a6-5733ccc9d078
4bec81f4-8313-5210-82fe-65d3550bffbf,e8aeb018-f679-5670-b210-de4f62ff2111,6d807393-f4ab-5f76-b544-251eeda27ba3,botica,d6f21f11-7533-52dd-a4dc-2fb8e260c02c,LT-000003-202405-0814,2026-07-05,0,ab4a547f-e75d-5601-8171-00da4efa4b57
a5245cf7-bbea-5711-a2b6-d6dc781d2ffe,e8aeb018-f679-5670-b210-de4f62ff2111,4d9429b6-2ebf-5b5d-ac48-f779d5a1e270,botica,8ecedccf-c230-516b-bbc2-108f7a6fbe63,LT-000010-202405-0815,2025-12-24,0,a6f6d890-1609-53fc-b4a6-5733ccc9d078
81f623d1-393b-515c-b710-a45cb89fef21,e8aeb018-f679-5670-b210-de4f62ff2111,2933d8b7-2438-521b-b38d-d3a5224f87fc,botica,7fb983e8-6848-5425-97a2-14da72722d0f,LT-000002-202405-0816,2027-03-26,0,41cb90d0-d91a-57c2-b138-831be351479f
17ddaeaa-d87b-5965-9b30-3489985f6785,e8aeb018-f679-5670-b210-de4f62ff2111,c0cf5e5c-b5c9-585a-8e79-d9830bc954f6,botica,7fb983e8-6848-5425-97a2-14da72722d0f,LT-000011-202405-0817,2025-04-09,0,76d6c9f4-5d7d-53c0-bb1f-2a577383765a
cd1240cc-182b-5101-9aa9-cc9fa99a3d4c,e8aeb018-f679-5670-b210-de4f62ff2111,87b859e0-789a-56e6-b1ba-4fe76221d3bf,botica,7fb983e8-6848-5425-97a2-14da72722d0f,LT-000014-202405-0818,2026-08-07,0,c6617891-56ff-5690-89a4-1ece06685ff5
cb988637-38b5-5f2a-813c-e04f3faa0023,e8aeb018-f679-5670-b210-de4f62ff2111,0ec23038-d3ab-588c-bbd6-1f5c744cdde1,botica,26f7241d-a84e-5e4a-a43d-33eea1e54eea,LT-000025-202405-0819,2027-04-03,0,a6f6d890-1609-53fc-b4a6-5733ccc9d078
06b5d5ed-5b40-5927-9ba2-620902b76c3f,e8aeb018-f679-5670-b210-de4f62ff2111,d3961f5a-3ea7-53d3-89f4-78b65b0c0c6b,botica,43616d97-2221-569d-82eb-bcc14bcd6344,LT-000001-202405-0820,2026-11-06,0,76d6c9f4-5d7d-53c0-bb1f-2a577383765a
15a8c378-fb50-5ce2-8dd0-5f2325fdd97e,e8aeb018-f679-5670-b210-de4f62ff2111,042e2e80-f954-5df4-97be-29dd428cc598,botica,43616d97-2221-569d-82eb-bcc14bcd6344,LT-000004-202405-0821,2026-03-25,0,c6617891-56ff-5690-89a4-1ece06685ff5
15572ee4-62f4-5e65-a102-baca6adb813e,e8aeb018-f679-5670-b210-de4f62ff2111,2933d8b7-2438-521b-b38d-d3a5224f87fc,botica,d6f21f11-7533-52dd-a4dc-2fb8e260c02c,LT-000002-202405-0822,2026-11-06,0,41cb90d0-d91a-57c2-b138-831be351479f
fad8e99a-ac33-5de1-ba66-d75b33526df9,e8aeb018-f679-5670-b210-de4f62ff2111,afe9d181-1c64-5cca-b4b7-a9fa24eceeea,botica,d6f21f11-7533-52dd-a4dc-2fb8e260c02c,LT-000020-202405-0823,2026-01-06,0,a6f6d890-1609-53fc-b4a6-5733ccc9d078
d309cac1-0836-501c-bf48-f0f3c1de4531,e8aeb018-f679-5670-b210-de4f62ff2111,2897aac2-f219-5167-b800-73fac27f6b85,botica,d6f21f11-7533-52dd-a4dc-2fb8e260c02c,LT-000022-202405-0824,2025-02-20,0,41cb90d0-d91a-57c2-b138-831be351479f
9768ad21-617a-541c-be11-4872dbd513be,e8aeb018-f679-5670-b210-de4f62ff2111,22231140-3780-5fe8-a7d4-d33f61d15111,botica,d6f21f11-7533-52dd-a4dc-2fb8e260c02c,LT-000023-202405-0825,2026-09-20,0,ab4a547f-e75d-5601-8171-00da4efa4b57
fdc9a6ea-92ff-57cb-8580-b8f579a732b0,e8aeb018-f679-5670-b210-de4f62ff2111,2933d8b7-2438-521b-b38d-d3a5224f87fc,botica,8ecedccf-c230-516b-bbc2-108f7a6fbe63,LT-000002-202405-0826,2025-12-18,0,41cb90d0-d91a-57c2-b138-831be351479f
7f30d428-73ec-58dd-a280-4a9587a82b58,e8aeb018-f679-5670-b210-de4f62ff2111,82cd11ba-d1a0-58b1-b14f-edd741f36e87,botica,8ecedccf-c230-516b-bbc2-108f7a6fbe63,LT-000007-202405-0827,2026-01-15,0,41cb90d0-d91a-57c2-b138-831be351479f
a3b018ce-f765-53e7-ae11-8c4880f1825b,e8aeb018-f679-5670-b210-de4f62ff2111,983871db-adfb-543e-b438-6b00044ffb64,botica,7fb983e8-6848-5425-97a2-14da72722d0f,LT-000015-202405-0828,2027-04-05,0,a6f6d890-1609-53fc-b4a6-5733ccc9d078
d186913b-dab0-5a2d-a2a4-58c11bf17766,e8aeb018-f679-5670-b210-de4f62ff2111,97d26d91-c562-5f27-9ebd-285e89c8f4bf,botica,26f7241d-a84e-5e4a-a43d-33eea1e54eea,LT-000018-202405-0829,2026-10-06,0,ab4a547f-e75d-5601-8171-00da4efa4b57
2b6860b6-3330-5487-8b61-28dffb6f7b83,e8aeb018-f679-5670-b210-de4f62ff2111,2897aac2-f219-5167-b800-73fac27f6b85,botica,26f7241d-a84e-5e4a-a43d-33eea1e54eea,LT-000022-202405-0830,2025-12-28,0,41cb90d0-d91a-57c2-b138-831be351479f
e7c936b4-5297-505c-8b81-21c532810201,e8aeb018-f679-5670-b210-de4f62ff2111,012857cc-907f-5e7d-b8fb-796d2c9f1621,botica,26f7241d-a84e-5e4a-a43d-33eea1e54eea,LT-000028-202405-0831,2025-02-10,0,ab4a547f-e75d-5601-8171-00da4efa4b57
5682db11-0466-5761-a473-cc569be02ea3,e8aeb018-f679-5670-b210-de4f62ff2111,d9506935-1215-5499-93c0-8bdd86ab9418,botica,43616d97-2221-569d-82eb-bcc14bcd6344,LT-000029-202405-0832,2027-02-22,0,c6617891-56ff-5690-89a4-1ece06685ff5
5d0b5db4-e1c6-5e9e-9e63-1be72dbd4359,e8aeb018-f679-5670-b210-de4f62ff2111,4d9429b6-2ebf-5b5d-ac48-f779d5a1e270,botica,d6f21f11-7533-52dd-a4dc-2fb8e260c02c,LT-000010-202405-0833,2027-04-01,0,a6f6d890-1609-53fc-b4a6-5733ccc9d078
fec57e79-7177-5747-9056-255d6db7508c,e8aeb018-f679-5670-b210-de4f62ff2111,97d26d91-c562-5f27-9ebd-285e89c8f4bf,botica,d6f21f11-7533-52dd-a4dc-2fb8e260c02c,LT-000018-202405-0834,2027-03-09,0,ab4a547f-e75d-5601-8171-00da4efa4b57
91ea2905-ba71-51df-a534-41be91b745f0,e8aeb018-f679-5670-b210-de4f62ff2111,d9506935-1215-5499-93c0-8bdd86ab9418,botica,d6f21f11-7533-52dd-a4dc-2fb8e260c02c,LT-000029-202405-0835,2026-10-01,0,c6617891-56ff-5690-89a4-1ece06685ff5
f9445b97-bd94-5fca-ab4d-28d2685bfac5,e8aeb018-f679-5670-b210-de4f62ff2111,07371b94-955f-52a4-9bf9-f0a6ad2b4fa8,botica,8ecedccf-c230-516b-bbc2-108f7a6fbe63,LT-000008-202405-0836,2027-01-14,0,ab4a547f-e75d-5601-8171-00da4efa4b57
0c406ea6-d4a6-5581-b049-a3e5635d7d49,e8aeb018-f679-5670-b210-de4f62ff2111,38adf7ba-476e-5e6b-9163-781a13538253,botica,8ecedccf-c230-516b-bbc2-108f7a6fbe63,LT-000012-202405-0837,2026-10-26,0,41cb90d0-d91a-57c2-b138-831be351479f
a82d80e1-b0a8-5dfd-80d0-0fee7b430057,e8aeb018-f679-5670-b210-de4f62ff2111,042e2e80-f954-5df4-97be-29dd428cc598,botica,7fb983e8-6848-5425-97a2-14da72722d0f,LT-000004-202405-0838,2027-05-19,0,c6617891-56ff-5690-89a4-1ece06685ff5
4c180def-4220-50d3-b3ba-c1f9762cf986,e8aeb018-f679-5670-b210-de4f62ff2111,07371b94-955f-52a4-9bf9-f0a6ad2b4fa8,botica,7fb983e8-6848-5425-97a2-14da72722d0f,LT-000008-202405-0839,2025-11-20,0,ab4a547f-e75d-5601-8171-00da4efa4b57
a04b8351-c433-54ec-8850-94047cc9656a,e8aeb018-f679-5670-b210-de4f62ff2111,82cd11ba-d1a0-58b1-b14f-edd741f36e87,botica,26f7241d-a84e-5e4a-a43d-33eea1e54eea,LT-000007-202406-0840,2027-03-25,0,41cb90d0-d91a-57c2-b138-831be351479f
34c7fc76-d361-57f8-999a-dd1ca13d25b4,e8aeb018-f679-5670-b210-de4f62ff2111,058c6382-bde2-59d1-93ff-20c6161a4736,botica,26f7241d-a84e-5e4a-a43d-33eea1e54eea,LT-000009-202406-0841,2027-03-05,0,c6617891-56ff-5690-89a4-1ece06685ff5
891a2013-bdf0-5914-a8de-07d98c3a640c,e8aeb018-f679-5670-b210-de4f62ff2111,07371b94-955f-52a4-9bf9-f0a6ad2b4fa8,botica,43616d97-2221-569d-82eb-bcc14bcd6344,LT-000008-202406-0842,2026-10-30,0,ab4a547f-e75d-5601-8171-00da4efa4b57
60bd80a9-27be-5b01-b59f-a804b3745c64,e8aeb018-f679-5670-b210-de4f62ff2111,6baabed2-52d7-5cb7-bf74-86c7cb3e4f07,botica,43616d97-2221-569d-82eb-bcc14bcd6344,LT-000027-202406-0843,2025-03-03,0,41cb90d0-d91a-57c2-b138-831be351479f
f9ce7b3c-6797-5481-a3c6-6c241bab182c,e8aeb018-f679-5670-b210-de4f62ff2111,07371b94-955f-52a4-9bf9-f0a6ad2b4fa8,botica,d6f21f11-7533-52dd-a4dc-2fb8e260c02c,LT-000008-202406-0844,2025-11-06,0,ab4a547f-e75d-5601-8171-00da4efa4b57
a3c24e65-da3a-5eab-936c-bd481d1ec657,e8aeb018-f679-5670-b210-de4f62ff2111,d3961f5a-3ea7-53d3-89f4-78b65b0c0c6b,botica,8ecedccf-c230-516b-bbc2-108f7a6fbe63,LT-000001-202406-0845,2026-11-12,0,76d6c9f4-5d7d-53c0-bb1f-2a577383765a
bed186f8-53d3-5311-bcdc-94858badff20,e8aeb018-f679-5670-b210-de4f62ff2111,012857cc-907f-5e7d-b8fb-796d2c9f1621,botica,8ecedccf-c230-516b-bbc2-108f7a6fbe63,LT-000028-202406-0846,2027-02-03,0,ab4a547f-e75d-5601-8171-00da4efa4b57
f4da20f1-f487-5a2d-a663-e953670271ed,e8aeb018-f679-5670-b210-de4f62ff2111,1ca3438e-9e23-58f0-a35f-f15f7a23beb9,botica,26f7241d-a84e-5e4a-a43d-33eea1e54eea,LT-000024-202406-0847,2026-08-16,0,c6617891-56ff-5690-89a4-1ece06685ff5
ceeee4dc-7bc5-597d-bf42-b380ccbe0d6c,e8aeb018-f679-5670-b210-de4f62ff2111,4d9429b6-2ebf-5b5d-ac48-f779d5a1e270,botica,43616d97-2221-569d-82eb-bcc14bcd6344,LT-000010-202406-0848,2025-09-26,0,a6f6d890-1609-53fc-b4a6-5733ccc9d078
82c2b24e-16b3-5179-9f52-3692405f73a0,e8aeb018-f679-5670-b210-de4f62ff2111,d2f08f15-f9f2-5f65-a740-b05896774467,botica,43616d97-2221-569d-82eb-bcc14bcd6344,LT-000017-202406-0849,2026-02-18,0,41cb90d0-d91a-57c2-b138-831be351479f
8b315314-5142-5e9e-b597-cdf0600c7794,e8aeb018-f679-5670-b210-de4f62ff2111,058c6382-bde2-59d1-93ff-20c6161a4736,botica,d6f21f11-7533-52dd-a4dc-2fb8e260c02c,LT-000009-202406-0850,2027-03-05,0,c6617891-56ff-5690-89a4-1ece06685ff5
fe1d5171-3700-5e09-ab43-47c98bdb9056,e8aeb018-f679-5670-b210-de4f62ff2111,22231140-3780-5fe8-a7d4-d33f61d15111,botica,8ecedccf-c230-516b-bbc2-108f7a6fbe63,LT-000023-202406-0851,2026-09-16,0,ab4a547f-e75d-5601-8171-00da4efa4b57
05d32587-a72c-5f00-ae8f-ac8e7fedfa18,e8aeb018-f679-5670-b210-de4f62ff2111,058c6382-bde2-59d1-93ff-20c6161a4736,botica,7fb983e8-6848-5425-97a2-14da72722d0f,LT-000009-202406-0852,2025-03-24,0,c6617891-56ff-5690-89a4-1ece06685ff5
5203ba18-6450-540b-a29c-7fad80a9585b,e8aeb018-f679-5670-b210-de4f62ff2111,4d9429b6-2ebf-5b5d-ac48-f779d5a1e270,botica,26f7241d-a84e-5e4a-a43d-33eea1e54eea,LT-000010-202406-0853,2025-03-17,0,a6f6d890-1609-53fc-b4a6-5733ccc9d078
102c0484-6d04-5066-bbf7-64e94b19bc51,e8aeb018-f679-5670-b210-de4f62ff2111,94e18241-54bd-5516-b36f-94ab6e323aca,botica,26f7241d-a84e-5e4a-a43d-33eea1e54eea,LT-000013-202406-0854,2026-04-06,0,ab4a547f-e75d-5601-8171-00da4efa4b57
91a260a1-3a8c-5d86-a2ce-41a8464ae217,e8aeb018-f679-5670-b210-de4f62ff2111,6d807393-f4ab-5f76-b544-251eeda27ba3,botica,43616d97-2221-569d-82eb-bcc14bcd6344,LT-000003-202406-0855,2025-01-19,0,ab4a547f-e75d-5601-8171-00da4efa4b57
de62952f-b324-5afa-b0d8-b29afe9d4a8f,e8aeb018-f679-5670-b210-de4f62ff2111,afe9d181-1c64-5cca-b4b7-a9fa24eceeea,botica,8ecedccf-c230-516b-bbc2-108f7a6fbe63,LT-000020-202406-0856,2026-03-12,0,a6f6d890-1609-53fc-b4a6-5733ccc9d078
c412d365-6201-5fe7-abcd-2625e6eb002b,e8aeb018-f679-5670-b210-de4f62ff2111,6baabed2-52d7-5cb7-bf74-86c7cb3e4f07,botica,8ecedccf-c230-516b-bbc2-108f7a6fbe63,LT-000027-202406-0857,2025-07-12,0,41cb90d0-d91a-57c2-b138-831be351479f
4c0542be-4c18-53bb-8119-4ded7bcc195d,e8aeb018-f679-5670-b210-de4f62ff2111,9928e9a1-d9fc-5fdd-86c2-8909352fd7fe,botica,7fb983e8-6848-5425-97a2-14da72722d0f,LT-000005-202406-0858,2025-12-29,0,a6f6d890-1609-53fc-b4a6-5733ccc9d078
e1df9f16-0d9f-50cc-b81b-63b05eecfbae,e8aeb018-f679-5670-b210-de4f62ff2111,983871db-adfb-543e-b438-6b00044ffb64,botica,26f7241d-a84e-5e4a-a43d-33eea1e54eea,LT-000015-202406-0859,2027-04-22,0,a6f6d890-1609-53fc-b4a6-5733ccc9d078
e2bcb781-29ee-5d95-9251-178fc2c36bbc,e8aeb018-f679-5670-b210-de4f62ff2111,2eb3a104-e572-583a-afa0-156ee0dc4cce,botica,d6f21f11-7533-52dd-a4dc-2fb8e260c02c,LT-000019-202406-0860,2026-01-01,0,c6617891-56ff-5690-89a4-1ece06685ff5
b3c80056-b7ef-5b1b-871c-3e70ab68dfa7,e8aeb018-f679-5670-b210-de4f62ff2111,2eb3a104-e572-583a-afa0-156ee0dc4cce,botica,26f7241d-a84e-5e4a-a43d-33eea1e54eea,LT-000019-202406-0861,2027-02-07,0,c6617891-56ff-5690-89a4-1ece06685ff5
bfc3b472-a188-5dd4-98f8-6ae419b3025f,e8aeb018-f679-5670-b210-de4f62ff2111,058c6382-bde2-59d1-93ff-20c6161a4736,botica,43616d97-2221-569d-82eb-bcc14bcd6344,LT-000009-202406-0862,2027-01-25,0,c6617891-56ff-5690-89a4-1ece06685ff5
9575ab44-62ea-5b93-b5f8-5df3af577f26,e8aeb018-f679-5670-b210-de4f62ff2111,cd81184b-b6f1-563c-b463-36a69ddfb598,botica,43616d97-2221-569d-82eb-bcc14bcd6344,LT-000026-202406-0863,2025-03-02,0,76d6c9f4-5d7d-53c0-bb1f-2a577383765a
b76d48e6-c5e1-51e0-8635-2bcc2219c542,e8aeb018-f679-5670-b210-de4f62ff2111,94e18241-54bd-5516-b36f-94ab6e323aca,botica,d6f21f11-7533-52dd-a4dc-2fb8e260c02c,LT-000013-202406-0864,2026-11-09,0,ab4a547f-e75d-5601-8171-00da4efa4b57
538aa096-b8f2-5352-a368-3fffb01ec75d,e8aeb018-f679-5670-b210-de4f62ff2111,2082733c-4e17-51fe-bc8c-bf33d3ec5d7e,botica,d6f21f11-7533-52dd-a4dc-2fb8e260c02c,LT-000016-202406-0865,2026-10-23,0,76d6c9f4-5d7d-53c0-bb1f-2a577383765a
8a12338c-796c-5d50-9f4d-63b85b19ff70,e8aeb018-f679-5670-b210-de4f62ff2111,d0ae6d2d-e561-56b3-a2c1-113c1c56ae81,botica,d6f21f11-7533-52dd-a4dc-2fb8e260c02c,LT-000021-202406-0866,2026-07-26,0,76d6c9f4-5d7d-53c0-bb1f-2a577383765a
06189507-47f9-5ed4-9c44-37fa2e0a66dd,e8aeb018-f679-5670-b210-de4f62ff2111,042e2e80-f954-5df4-97be-29dd428cc598,botica,8ecedccf-c230-516b-bbc2-108f7a6fbe63,LT-000004-202406-0867,2025-11-23,0,c6617891-56ff-5690-89a4-1ece06685ff5
7dce8985-ff8f-54a2-b916-b6205c6d72ca,e8aeb018-f679-5670-b210-de4f62ff2111,87b859e0-789a-56e6-b1ba-4fe76221d3bf,botica,8ecedccf-c230-516b-bbc2-108f7a6fbe63,LT-000014-202406-0868,2025-01-05,0,c6617891-56ff-5690-89a4-1ece06685ff5
bdf62b69-7618-572b-bdfe-6bf810cf9312,e8aeb018-f679-5670-b210-de4f62ff2111,d3961f5a-3ea7-53d3-89f4-78b65b0c0c6b,botica,7fb983e8-6848-5425-97a2-14da72722d0f,LT-000001-202406-0869,2027-06-01,0,76d6c9f4-5d7d-53c0-bb1f-2a577383765a
5e5d5f2c-fc45-58a4-80e5-c1f3555f19bd,e8aeb018-f679-5670-b210-de4f62ff2111,5bbfdec8-65ae-59e6-b211-5eccb5b765fa,botica,7fb983e8-6848-5425-97a2-14da72722d0f,LT-000006-202406-0870,2026-07-11,0,76d6c9f4-5d7d-53c0-bb1f-2a577383765a
5f9b5562-5f87-5b05-8a48-aceeb74372c2,e8aeb018-f679-5670-b210-de4f62ff2111,22231140-3780-5fe8-a7d4-d33f61d15111,botica,7fb983e8-6848-5425-97a2-14da72722d0f,LT-000023-202406-0871,2026-12-06,0,ab4a547f-e75d-5601-8171-00da4efa4b57
e2d865ce-3028-586e-86c0-3188e1151f01,e8aeb018-f679-5670-b210-de4f62ff2111,d0ae6d2d-e561-56b3-a2c1-113c1c56ae81,botica,43616d97-2221-569d-82eb-bcc14bcd6344,LT-000021-202406-0872,2026-12-17,0,76d6c9f4-5d7d-53c0-bb1f-2a577383765a
18694311-ef32-55ed-91b2-c4a6c302d31b,e8aeb018-f679-5670-b210-de4f62ff2111,2897aac2-f219-5167-b800-73fac27f6b85,botica,43616d97-2221-569d-82eb-bcc14bcd6344,LT-000022-202406-0873,2025-07-23,0,41cb90d0-d91a-57c2-b138-831be351479f
173f08bd-fb76-571d-a034-71bf23d57ad9,e8aeb018-f679-5670-b210-de4f62ff2111,22231140-3780-5fe8-a7d4-d33f61d15111,botica,43616d97-2221-569d-82eb-bcc14bcd6344,LT-000023-202406-0874,2025-08-06,0,ab4a547f-e75d-5601-8171-00da4efa4b57
6bad1662-4db7-5a0d-b791-b8fd17b67655,e8aeb018-f679-5670-b210-de4f62ff2111,1e9605fd-5682-52b6-8f05-e8a92dd44513,botica,7fb983e8-6848-5425-97a2-14da72722d0f,LT-000030-202406-0875,2026-04-08,0,a6f6d890-1609-53fc-b4a6-5733ccc9d078
a93f67ff-7a90-5468-aa6a-ea7f244f4542,e8aeb018-f679-5670-b210-de4f62ff2111,d3961f5a-3ea7-53d3-89f4-78b65b0c0c6b,botica,26f7241d-a84e-5e4a-a43d-33eea1e54eea,LT-000001-202406-0876,2025-05-10,0,76d6c9f4-5d7d-53c0-bb1f-2a577383765a
2664c76b-00d5-52c0-a7cb-da15463fb90e,e8aeb018-f679-5670-b210-de4f62ff2111,042e2e80-f954-5df4-97be-29dd428cc598,botica,26f7241d-a84e-5e4a-a43d-33eea1e54eea,LT-000004-202406-0877,2025-12-28,0,c6617891-56ff-5690-89a4-1ece06685ff5
17cf6b2b-71cb-578c-8347-7482a4fdaeb2,e8aeb018-f679-5670-b210-de4f62ff2111,9928e9a1-d9fc-5fdd-86c2-8909352fd7fe,botica,26f7241d-a84e-5e4a-a43d-33eea1e54eea,LT-000005-202406-0878,2026-03-06,0,a6f6d890-1609-53fc-b4a6-5733ccc9d078
094196e5-4fa4-5af2-8275-4c450bbb5af4,e8aeb018-f679-5670-b210-de4f62ff2111,5bbfdec8-65ae-59e6-b211-5eccb5b765fa,botica,d6f21f11-7533-52dd-a4dc-2fb8e260c02c,LT-000006-202406-0879,2025-11-23,0,76d6c9f4-5d7d-53c0-bb1f-2a577383765a
bf06e4ed-e828-53ea-82c1-5691bfb87773,e8aeb018-f679-5670-b210-de4f62ff2111,6d807393-f4ab-5f76-b544-251eeda27ba3,botica,7fb983e8-6848-5425-97a2-14da72722d0f,LT-000003-202406-0880,2026-10-11,0,ab4a547f-e75d-5601-8171-00da4efa4b57
9adc5708-2b3b-5ffe-87e3-bcf68b5fc099,e8aeb018-f679-5670-b210-de4f62ff2111,0ec23038-d3ab-588c-bbd6-1f5c744cdde1,botica,7fb983e8-6848-5425-97a2-14da72722d0f,LT-000025-202406-0881,2026-08-28,0,a6f6d890-1609-53fc-b4a6-5733ccc9d078
50b6429d-e83c-5608-894d-3b5488b9e0d3,e8aeb018-f679-5670-b210-de4f62ff2111,6baabed2-52d7-5cb7-bf74-86c7cb3e4f07,botica,26f7241d-a84e-5e4a-a43d-33eea1e54eea,LT-000027-202406-0882,2027-01-17,0,41cb90d0-d91a-57c2-b138-831be351479f
c3424903-fdd3-5602-b2b3-861cbb6b95f9,e8aeb018-f679-5670-b210-de4f62ff2111,97d26d91-c562-5f27-9ebd-285e89c8f4bf,botica,43616d97-2221-569d-82eb-bcc14bcd6344,LT-000018-202406-0883,2025-09-06,0,ab4a547f-e75d-5601-8171-00da4efa4b57
6af75dd7-afe2-56fd-b47c-b8953d593a3c,e8aeb018-f679-5670-b210-de4f62ff2111,2eb3a104-e572-583a-afa0-156ee0dc4cce,botica,43616d97-2221-569d-82eb-bcc14bcd6344,LT-000019-202406-0884,2026-07-10,0,c6617891-56ff-5690-89a4-1ece06685ff5
a30829a1-22b7-5b72-9c6f-a283dcf5b2aa,e8aeb018-f679-5670-b210-de4f62ff2111,042e2e80-f954-5df4-97be-29dd428cc598,botica,d6f21f11-7533-52dd-a4dc-2fb8e260c02c,LT-000004-202406-0885,2027-02-08,0,c6617891-56ff-5690-89a4-1ece06685ff5
1881c033-a43a-566c-96f9-f3883e03c1cd,e8aeb018-f679-5670-b210-de4f62ff2111,012857cc-907f-5e7d-b8fb-796d2c9f1621,botica,d6f21f11-7533-52dd-a4dc-2fb8e260c02c,LT-000028-202406-0886,2025-09-14,0,ab4a547f-e75d-5601-8171-00da4efa4b57
56ff7e16-d4a3-5f89-a9c5-46fbf089e10a,e8aeb018-f679-5670-b210-de4f62ff2111,9928e9a1-d9fc-5fdd-86c2-8909352fd7fe,botica,8ecedccf-c230-516b-bbc2-108f7a6fbe63,LT-000005-202406-0887,2025-04-14,0,a6f6d890-1609-53fc-b4a6-5733ccc9d078
1153cc55-4de4-5ae5-b9d4-01bb0c0473c7,e8aeb018-f679-5670-b210-de4f62ff2111,0ec23038-d3ab-588c-bbd6-1f5c744cdde1,botica,8ecedccf-c230-516b-bbc2-108f7a6fbe63,LT-000025-202406-0888,2026-05-22,0,a6f6d890-1609-53fc-b4a6-5733ccc9d078
bb127b4a-0c80-58ea-a8f4-34aececdb746,e8aeb018-f679-5670-b210-de4f62ff2111,07371b94-955f-52a4-9bf9-f0a6ad2b4fa8,botica,26f7241d-a84e-5e4a-a43d-33eea1e54eea,LT-000008-202406-0889,2027-05-26,0,ab4a547f-e75d-5601-8171-00da4efa4b57
a65e65f7-3f60-55b8-b7fb-f50f41746303,e8aeb018-f679-5670-b210-de4f62ff2111,82cd11ba-d1a0-58b1-b14f-edd741f36e87,botica,43616d97-2221-569d-82eb-bcc14bcd6344,LT-000007-202406-0890,2026-12-11,0,41cb90d0-d91a-57c2-b138-831be351479f
fb1e90af-a3ea-56cf-adfb-307e95399647,e8aeb018-f679-5670-b210-de4f62ff2111,0ec23038-d3ab-588c-bbd6-1f5c744cdde1,botica,43616d97-2221-569d-82eb-bcc14bcd6344,LT-000025-202406-0891,2026-08-22,0,a6f6d890-1609-53fc-b4a6-5733ccc9d078
5f555898-9830-559a-a2b0-6ead9d9159ed,e8aeb018-f679-5670-b210-de4f62ff2111,cd81184b-b6f1-563c-b463-36a69ddfb598,botica,d6f21f11-7533-52dd-a4dc-2fb8e260c02c,LT-000026-202406-0892,2027-05-21,0,76d6c9f4-5d7d-53c0-bb1f-2a577383765a
f879ca4d-8995-50fb-bf41-ce7becdf0550,e8aeb018-f679-5670-b210-de4f62ff2111,5bbfdec8-65ae-59e6-b211-5eccb5b765fa,botica,8ecedccf-c230-516b-bbc2-108f7a6fbe63,LT-000006-202406-0893,2027-03-26,0,76d6c9f4-5d7d-53c0-bb1f-2a577383765a
9578359e-d31b-5463-a429-d8a9516016f7,e8aeb018-f679-5670-b210-de4f62ff2111,983871db-adfb-543e-b438-6b00044ffb64,botica,8ecedccf-c230-516b-bbc2-108f7a6fbe63,LT-000015-202406-0894,2026-11-11,0,a6f6d890-1609-53fc-b4a6-5733ccc9d078
b0a9269b-1153-589f-bb32-5f0ab7abdc9a,e8aeb018-f679-5670-b210-de4f62ff2111,2897aac2-f219-5167-b800-73fac27f6b85,botica,7fb983e8-6848-5425-97a2-14da72722d0f,LT-000022-202406-0895,2025-03-03,0,41cb90d0-d91a-57c2-b138-831be351479f
4ed58014-e75e-5bff-9e8a-73bcabd1a04c,e8aeb018-f679-5670-b210-de4f62ff2111,22231140-3780-5fe8-a7d4-d33f61d15111,botica,26f7241d-a84e-5e4a-a43d-33eea1e54eea,LT-000023-202406-0896,2027-03-18,0,ab4a547f-e75d-5601-8171-00da4efa4b57
0edf6222-714d-5ad2-807f-015ea7160974,e8aeb018-f679-5670-b210-de4f62ff2111,87b859e0-789a-56e6-b1ba-4fe76221d3bf,botica,d6f21f11-7533-52dd-a4dc-2fb8e260c02c,LT-000014-202406-0897,2026-05-13,0,c6617891-56ff-5690-89a4-1ece06685ff5
653419ba-0141-5940-8362-a6524cb88f20,e8aeb018-f679-5670-b210-de4f62ff2111,983871db-adfb-543e-b438-6b00044ffb64,botica,d6f21f11-7533-52dd-a4dc-2fb8e260c02c,LT-000015-202406-0898,2025-03-14,0,a6f6d890-1609-53fc-b4a6-5733ccc9d078
66ca95fe-0990-5f41-b8e4-ce34d39eb57a,e8aeb018-f679-5670-b210-de4f62ff2111,2eb3a104-e572-583a-afa0-156ee0dc4cce,botica,7fb983e8-6848-5425-97a2-14da72722d0f,LT-000019-202406-0899,2025-02-07,0,c6617891-56ff-5690-89a4-1ece06685ff5
f4d2186f-cf84-54b7-9d0a-30b09bea1f4a,e8aeb018-f679-5670-b210-de4f62ff2111,d9506935-1215-5499-93c0-8bdd86ab9418,botica,7fb983e8-6848-5425-97a2-14da72722d0f,LT-000029-202406-0900,2026-06-03,0,c6617891-56ff-5690-89a4-1ece06685ff5
da67abc4-accb-5d7b-880c-e3f3dd5a783f,e8aeb018-f679-5670-b210-de4f62ff2111,9928e9a1-d9fc-5fdd-86c2-8909352fd7fe,botica,43616d97-2221-569d-82eb-bcc14bcd6344,LT-000005-202406-0901,2025-06-01,0,a6f6d890-1609-53fc-b4a6-5733ccc9d078
24d07021-dc0f-5331-9134-8b1d9957ddb2,e8aeb018-f679-5670-b210-de4f62ff2111,983871db-adfb-543e-b438-6b00044ffb64,botica,43616d97-2221-569d-82eb-bcc14bcd6344,LT-000015-202406-0902,2025-08-24,0,a6f6d890-1609-53fc-b4a6-5733ccc9d078
9cf29421-513e-58ed-9cdf-58dd4df408f4,e8aeb018-f679-5670-b210-de4f62ff2111,82cd11ba-d1a0-58b1-b14f-edd741f36e87,botica,d6f21f11-7533-52dd-a4dc-2fb8e260c02c,LT-000007-202406-0903,2025-09-24,0,41cb90d0-d91a-57c2-b138-831be351479f
09deb87e-c7ea-5e89-805c-6b6ba4f3bccf,e8aeb018-f679-5670-b210-de4f62ff2111,2082733c-4e17-51fe-bc8c-bf33d3ec5d7e,botica,8ecedccf-c230-516b-bbc2-108f7a6fbe63,LT-000016-202406-0904,2025-09-22,0,76d6c9f4-5d7d-53c0-bb1f-2a577383765a
e5b243fd-21c2-54f2-baf0-0ace54d8975e,e8aeb018-f679-5670-b210-de4f62ff2111,1e9605fd-5682-52b6-8f05-e8a92dd44513,botica,26f7241d-a84e-5e4a-a43d-33eea1e54eea,LT-000030-202406-0905,2025-10-26,0,a6f6d890-1609-53fc-b4a6-5733ccc9d078
f23d94b0-844d-5efe-9b2f-d4af09193e1f,e8aeb018-f679-5670-b210-de4f62ff2111,07371b94-955f-52a4-9bf9-f0a6ad2b4fa8,botica,43616d97-2221-569d-82eb-bcc14bcd6344,LT-000008-202406-0906,2027-03-11,0,ab4a547f-e75d-5601-8171-00da4efa4b57
16a11647-6c75-50eb-9346-62f5592617bb,e8aeb018-f679-5670-b210-de4f62ff2111,38adf7ba-476e-5e6b-9163-781a13538253,botica,43616d97-2221-569d-82eb-bcc14bcd6344,LT-000012-202406-0907,2025-08-31,0,41cb90d0-d91a-57c2-b138-831be351479f
5be0424b-20d0-5ef1-b6a7-041567e15570,e8aeb018-f679-5670-b210-de4f62ff2111,d2f08f15-f9f2-5f65-a740-b05896774467,botica,d6f21f11-7533-52dd-a4dc-2fb8e260c02c,LT-000017-202406-0908,2027-04-10,0,41cb90d0-d91a-57c2-b138-831be351479f
f733ff8f-fa90-5abf-b9f2-1ce39447a64c,e8aeb018-f679-5670-b210-de4f62ff2111,6d807393-f4ab-5f76-b544-251eeda27ba3,botica,8ecedccf-c230-516b-bbc2-108f7a6fbe63,LT-000003-202406-0909,2026-11-08,0,ab4a547f-e75d-5601-8171-00da4efa4b57
10b569d6-5b61-5393-a03d-fd023855b48c,e8aeb018-f679-5670-b210-de4f62ff2111,2933d8b7-2438-521b-b38d-d3a5224f87fc,botica,26f7241d-a84e-5e4a-a43d-33eea1e54eea,LT-000002-202406-0910,2025-12-20,0,41cb90d0-d91a-57c2-b138-831be351479f
43be2b45-ed98-5163-8beb-9d21a1db766c,e8aeb018-f679-5670-b210-de4f62ff2111,afe9d181-1c64-5cca-b4b7-a9fa24eceeea,botica,26f7241d-a84e-5e4a-a43d-33eea1e54eea,LT-000020-202406-0911,2026-07-13,0,a6f6d890-1609-53fc-b4a6-5733ccc9d078
679a14d2-b1cd-5b64-8e54-391d6d0d506d,e8aeb018-f679-5670-b210-de4f62ff2111,2897aac2-f219-5167-b800-73fac27f6b85,botica,26f7241d-a84e-5e4a-a43d-33eea1e54eea,LT-000022-202406-0912,2026-08-14,0,41cb90d0-d91a-57c2-b138-831be351479f
8c293235-0614-582f-9e82-ed3b8ee5ae5d,e8aeb018-f679-5670-b210-de4f62ff2111,82cd11ba-d1a0-58b1-b14f-edd741f36e87,botica,7fb983e8-6848-5425-97a2-14da72722d0f,LT-000007-202406-0913,2026-03-11,0,41cb90d0-d91a-57c2-b138-831be351479f
dc5e1b08-9a97-50b4-bef6-44da1afcdd22,e8aeb018-f679-5670-b210-de4f62ff2111,c0cf5e5c-b5c9-585a-8e79-d9830bc954f6,botica,43616d97-2221-569d-82eb-bcc14bcd6344,LT-000011-202406-0914,2025-06-28,0,76d6c9f4-5d7d-53c0-bb1f-2a577383765a
3bff9481-58e2-50ed-82f5-d2e24c368f8f,e8aeb018-f679-5670-b210-de4f62ff2111,1ca3438e-9e23-58f0-a35f-f15f7a23beb9,botica,43616d97-2221-569d-82eb-bcc14bcd6344,LT-000024-202406-0915,2025-07-20,0,c6617891-56ff-5690-89a4-1ece06685ff5
9021e3e4-a7f2-5214-92af-2a3f74f1c0ce,e8aeb018-f679-5670-b210-de4f62ff2111,6baabed2-52d7-5cb7-bf74-86c7cb3e4f07,botica,d6f21f11-7533-52dd-a4dc-2fb8e260c02c,LT-000027-202406-0916,2025-07-10,0,41cb90d0-d91a-57c2-b138-831be351479f
0deff2af-5cb6-5b1c-9d59-47096871e562,e8aeb018-f679-5670-b210-de4f62ff2111,d0ae6d2d-e561-56b3-a2c1-113c1c56ae81,botica,8ecedccf-c230-516b-bbc2-108f7a6fbe63,LT-000021-202406-0917,2025-10-22,0,76d6c9f4-5d7d-53c0-bb1f-2a577383765a
aa69c9c6-4a84-53f7-8346-2160c69d041f,e8aeb018-f679-5670-b210-de4f62ff2111,4d9429b6-2ebf-5b5d-ac48-f779d5a1e270,botica,7fb983e8-6848-5425-97a2-14da72722d0f,LT-000010-202406-0918,2026-04-09,0,a6f6d890-1609-53fc-b4a6-5733ccc9d078
b5d1c0c0-5b24-5e51-ae8e-6da96e383d6f,e8aeb018-f679-5670-b210-de4f62ff2111,afe9d181-1c64-5cca-b4b7-a9fa24eceeea,botica,7fb983e8-6848-5425-97a2-14da72722d0f,LT-000020-202406-0919,2025-10-15,0,a6f6d890-1609-53fc-b4a6-5733ccc9d078
e2259a45-00e0-52b9-9d08-84b9ea34d7e5,e8aeb018-f679-5670-b210-de4f62ff2111,0ec23038-d3ab-588c-bbd6-1f5c744cdde1,botica,26f7241d-a84e-5e4a-a43d-33eea1e54eea,LT-000025-202406-0920,2026-01-18,0,a6f6d890-1609-53fc-b4a6-5733ccc9d078
aeddc527-3225-5926-88fc-1035952f0252,e8aeb018-f679-5670-b210-de4f62ff2111,5bbfdec8-65ae-59e6-b211-5eccb5b765fa,botica,43616d97-2221-569d-82eb-bcc14bcd6344,LT-000006-202406-0921,2026-07-12,0,76d6c9f4-5d7d-53c0-bb1f-2a577383765a
34456297-c7d7-5d45-82bf-81da1c45a381,e8aeb018-f679-5670-b210-de4f62ff2111,d3961f5a-3ea7-53d3-89f4-78b65b0c0c6b,botica,d6f21f11-7533-52dd-a4dc-2fb8e260c02c,LT-000001-202406-0922,2026-07-09,0,76d6c9f4-5d7d-53c0-bb1f-2a577383765a
04945281-4767-5e73-a129-0736180d04be,e8aeb018-f679-5670-b210-de4f62ff2111,2eb3a104-e572-583a-afa0-156ee0dc4cce,botica,8ecedccf-c230-516b-bbc2-108f7a6fbe63,LT-000019-202406-0923,2026-12-28,0,c6617891-56ff-5690-89a4-1ece06685ff5
96b65c06-93ce-5fcf-aaa4-36379d085cdc,e8aeb018-f679-5670-b210-de4f62ff2111,2897aac2-f219-5167-b800-73fac27f6b85,botica,8ecedccf-c230-516b-bbc2-108f7a6fbe63,LT-000022-202406-0924,2026-06-18,0,41cb90d0-d91a-57c2-b138-831be351479f
a8d1f7f7-b352-5d6a-8e9c-c6abd8b14a69,e8aeb018-f679-5670-b210-de4f62ff2111,d9506935-1215-5499-93c0-8bdd86ab9418,botica,8ecedccf-c230-516b-bbc2-108f7a6fbe63,LT-000029-202406-0925,2026-07-12,0,c6617891-56ff-5690-89a4-1ece06685ff5
95c7630d-763b-562b-bca4-e42878205b6c,e8aeb018-f679-5670-b210-de4f62ff2111,2082733c-4e17-51fe-bc8c-bf33d3ec5d7e,botica,7fb983e8-6848-5425-97a2-14da72722d0f,LT-000016-202406-0926,2027-05-14,0,76d6c9f4-5d7d-53c0-bb1f-2a577383765a
aa2f1230-95e6-59ea-86f4-db1af4f1196e,e8aeb018-f679-5670-b210-de4f62ff2111,1ca3438e-9e23-58f0-a35f-f15f7a23beb9,botica,7fb983e8-6848-5425-97a2-14da72722d0f,LT-000024-202406-0927,2027-06-13,0,c6617891-56ff-5690-89a4-1ece06685ff5
d4582b5b-0150-5643-999c-b4487d06f90b,e8aeb018-f679-5670-b210-de4f62ff2111,6d807393-f4ab-5f76-b544-251eeda27ba3,botica,26f7241d-a84e-5e4a-a43d-33eea1e54eea,LT-000003-202406-0928,2027-04-03,0,ab4a547f-e75d-5601-8171-00da4efa4b57
828446e1-095d-5afe-9689-2000d980f3d5,e8aeb018-f679-5670-b210-de4f62ff2111,07371b94-955f-52a4-9bf9-f0a6ad2b4fa8,botica,d6f21f11-7533-52dd-a4dc-2fb8e260c02c,LT-000008-202406-0929,2025-07-17,0,ab4a547f-e75d-5601-8171-00da4efa4b57
0a40da8f-0fa5-5bd3-9a85-065de5e52fb7,e8aeb018-f679-5670-b210-de4f62ff2111,2897aac2-f219-5167-b800-73fac27f6b85,botica,d6f21f11-7533-52dd-a4dc-2fb8e260c02c,LT-000022-202406-0930,2025-05-20,0,41cb90d0-d91a-57c2-b138-831be351479f
5ad1d794-dba9-501b-b151-f8ec26eba9cc,e8aeb018-f679-5670-b210-de4f62ff2111,d3961f5a-3ea7-53d3-89f4-78b65b0c0c6b,botica,8ecedccf-c230-516b-bbc2-108f7a6fbe63,LT-000001-202406-0931,2025-03-25,0,76d6c9f4-5d7d-53c0-bb1f-2a577383765a
8793dfb6-c9d1-570f-af21-2fb33c2edd37,e8aeb018-f679-5670-b210-de4f62ff2111,d2f08f15-f9f2-5f65-a740-b05896774467,botica,8ecedccf-c230-516b-bbc2-108f7a6fbe63,LT-000017-202406-0932,2027-02-01,0,41cb90d0-d91a-57c2-b138-831be351479f
ff91d2bd-3d36-5143-a1ee-6a15b65735af,e8aeb018-f679-5670-b210-de4f62ff2111,07371b94-955f-52a4-9bf9-f0a6ad2b4fa8,botica,7fb983e8-6848-5425-97a2-14da72722d0f,LT-000008-202406-0933,2025-09-06,0,ab4a547f-e75d-5601-8171-00da4efa4b57
169b485e-1085-5493-877c-db0467cb98ad,e8aeb018-f679-5670-b210-de4f62ff2111,d2f08f15-f9f2-5f65-a740-b05896774467,botica,26f7241d-a84e-5e4a-a43d-33eea1e54eea,LT-000017-202406-0934,2027-05-04,0,41cb90d0-d91a-57c2-b138-831be351479f
a05bd10a-0c45-5dce-8432-90a15abe2b64,e8aeb018-f679-5670-b210-de4f62ff2111,012857cc-907f-5e7d-b8fb-796d2c9f1621,botica,43616d97-2221-569d-82eb-bcc14bcd6344,LT-000028-202406-0935,2026-03-06,0,ab4a547f-e75d-5601-8171-00da4efa4b57
45818687-b35c-5433-bed0-803a281c45f9,e8aeb018-f679-5670-b210-de4f62ff2111,058c6382-bde2-59d1-93ff-20c6161a4736,botica,8ecedccf-c230-516b-bbc2-108f7a6fbe63,LT-000009-202406-0936,2026-01-17,0,c6617891-56ff-5690-89a4-1ece06685ff5
8018e874-8e9e-5e81-ac55-a3fdd6a2d09f,e8aeb018-f679-5670-b210-de4f62ff2111,4d9429b6-2ebf-5b5d-ac48-f779d5a1e270,botica,8ecedccf-c230-516b-bbc2-108f7a6fbe63,LT-000010-202406-0937,2025-03-09,0,a6f6d890-1609-53fc-b4a6-5733ccc9d078
82c1f5f5-adef-5c3e-bff9-21e682d477b9,e8aeb018-f679-5670-b210-de4f62ff2111,2933d8b7-2438-521b-b38d-d3a5224f87fc,botica,7fb983e8-6848-5425-97a2-14da72722d0f,LT-000002-202406-0938,2025-01-31,0,41cb90d0-d91a-57c2-b138-831be351479f
27fb8a06-e70e-517c-a94a-05ccc19cd896,e8aeb018-f679-5670-b210-de4f62ff2111,058c6382-bde2-59d1-93ff-20c6161a4736,botica,7fb983e8-6848-5425-97a2-14da72722d0f,LT-000009-202406-0939,2025-08-05,0,c6617891-56ff-5690-89a4-1ece06685ff5
94a392e4-6264-53d6-98a2-b84d08203a75,e8aeb018-f679-5670-b210-de4f62ff2111,38adf7ba-476e-5e6b-9163-781a13538253,botica,7fb983e8-6848-5425-97a2-14da72722d0f,LT-000012-202406-0940,2026-06-21,0,41cb90d0-d91a-57c2-b138-831be351479f
017ca5f2-706d-565d-99b2-417686d4de64,e8aeb018-f679-5670-b210-de4f62ff2111,cd81184b-b6f1-563c-b463-36a69ddfb598,botica,7fb983e8-6848-5425-97a2-14da72722d0f,LT-000026-202406-0941,2025-02-20,0,76d6c9f4-5d7d-53c0-bb1f-2a577383765a
0ccd052f-6fbd-518d-92f7-d318bc2806de,e8aeb018-f679-5670-b210-de4f62ff2111,82cd11ba-d1a0-58b1-b14f-edd741f36e87,botica,26f7241d-a84e-5e4a-a43d-33eea1e54eea,LT-000007-202406-0942,2026-06-24,0,41cb90d0-d91a-57c2-b138-831be351479f
33664c89-5f6e-50e2-9be0-3e04ab703eb6,e8aeb018-f679-5670-b210-de4f62ff2111,c0cf5e5c-b5c9-585a-8e79-d9830bc954f6,botica,26f7241d-a84e-5e4a-a43d-33eea1e54eea,LT-000011-202406-0943,2025-08-03,0,76d6c9f4-5d7d-53c0-bb1f-2a577383765a
938256c6-5c8c-5274-aced-7fb2b6651bee,e8aeb018-f679-5670-b210-de4f62ff2111,d3961f5a-3ea7-53d3-89f4-78b65b0c0c6b,botica,43616d97-2221-569d-82eb-bcc14bcd6344,LT-000001-202406-0944,2026-09-22,0,76d6c9f4-5d7d-53c0-bb1f-2a577383765a
00ed636e-9a03-5480-ba18-ff5bffc8ee9f,e8aeb018-f679-5670-b210-de4f62ff2111,2933d8b7-2438-521b-b38d-d3a5224f87fc,botica,43616d97-2221-569d-82eb-bcc14bcd6344,LT-000002-202406-0945,2025-08-06,0,41cb90d0-d91a-57c2-b138-831be351479f
7745dd49-361a-59a0-8cab-e331ed5ea2c6,e8aeb018-f679-5670-b210-de4f62ff2111,058c6382-bde2-59d1-93ff-20c6161a4736,botica,d6f21f11-7533-52dd-a4dc-2fb8e260c02c,LT-000009-202406-0946,2026-05-07,0,c6617891-56ff-5690-89a4-1ece06685ff5
97ba017e-ee98-581f-89fd-ef16c4a87d75,e8aeb018-f679-5670-b210-de4f62ff2111,82cd11ba-d1a0-58b1-b14f-edd741f36e87,botica,8ecedccf-c230-516b-bbc2-108f7a6fbe63,LT-000007-202406-0947,2026-02-08,0,41cb90d0-d91a-57c2-b138-831be351479f
82da84ba-4053-5a56-9dfa-3b6a5d5620e9,e8aeb018-f679-5670-b210-de4f62ff2111,94e18241-54bd-5516-b36f-94ab6e323aca,botica,7fb983e8-6848-5425-97a2-14da72722d0f,LT-000013-202406-0948,2025-05-17,0,ab4a547f-e75d-5601-8171-00da4efa4b57
70c43b27-90f7-57be-8d08-e947173ec6f1,e8aeb018-f679-5670-b210-de4f62ff2111,22231140-3780-5fe8-a7d4-d33f61d15111,botica,7fb983e8-6848-5425-97a2-14da72722d0f,LT-000023-202406-0949,2026-11-09,0,ab4a547f-e75d-5601-8171-00da4efa4b57
90aecc88-96a3-57a3-b587-a4a5d58c71ef,e8aeb018-f679-5670-b210-de4f62ff2111,5bbfdec8-65ae-59e6-b211-5eccb5b765fa,botica,26f7241d-a84e-5e4a-a43d-33eea1e54eea,LT-000006-202406-0950,2026-05-15,0,76d6c9f4-5d7d-53c0-bb1f-2a577383765a
6b3d3430-5754-5726-92c9-e32d7ded4f8d,e8aeb018-f679-5670-b210-de4f62ff2111,87b859e0-789a-56e6-b1ba-4fe76221d3bf,botica,26f7241d-a84e-5e4a-a43d-33eea1e54eea,LT-000014-202406-0951,2026-03-11,0,c6617891-56ff-5690-89a4-1ece06685ff5
e92b37d8-0384-5509-be08-8726e35e460e,e8aeb018-f679-5670-b210-de4f62ff2111,cd81184b-b6f1-563c-b463-36a69ddfb598,botica,26f7241d-a84e-5e4a-a43d-33eea1e54eea,LT-000026-202406-0952,2025-02-04,0,76d6c9f4-5d7d-53c0-bb1f-2a577383765a
f93cdbeb-7c34-52a3-b61d-61127a4db19f,e8aeb018-f679-5670-b210-de4f62ff2111,012857cc-907f-5e7d-b8fb-796d2c9f1621,botica,26f7241d-a84e-5e4a-a43d-33eea1e54eea,LT-000028-202406-0953,2026-04-23,0,ab4a547f-e75d-5601-8171-00da4efa4b57
59dbcb36-aed0-5a13-82f7-9854de18133d,e8aeb018-f679-5670-b210-de4f62ff2111,9928e9a1-d9fc-5fdd-86c2-8909352fd7fe,botica,d6f21f11-7533-52dd-a4dc-2fb8e260c02c,LT-000005-202406-0954,2025-06-15,0,a6f6d890-1609-53fc-b4a6-5733ccc9d078
02e910fc-8d06-5fc4-8593-a39ff2bab67c,e8aeb018-f679-5670-b210-de4f62ff2111,0ec23038-d3ab-588c-bbd6-1f5c744cdde1,botica,d6f21f11-7533-52dd-a4dc-2fb8e260c02c,LT-000025-202406-0955,2026-11-11,0,a6f6d890-1609-53fc-b4a6-5733ccc9d078
dc2ae518-3941-5626-bcbb-d1475a4400af,e8aeb018-f679-5670-b210-de4f62ff2111,07371b94-955f-52a4-9bf9-f0a6ad2b4fa8,botica,8ecedccf-c230-516b-bbc2-108f7a6fbe63,LT-000008-202406-0956,2026-05-15,0,ab4a547f-e75d-5601-8171-00da4efa4b57
64e8cbb4-4cde-5e6c-ad93-7b62e839020e,e8aeb018-f679-5670-b210-de4f62ff2111,058c6382-bde2-59d1-93ff-20c6161a4736,botica,26f7241d-a84e-5e4a-a43d-33eea1e54eea,LT-000009-202406-0957,2027-01-16,0,c6617891-56ff-5690-89a4-1ece06685ff5
e8563bdf-e9de-550f-adec-009038a9bb8f,e8aeb018-f679-5670-b210-de4f62ff2111,82cd11ba-d1a0-58b1-b14f-edd741f36e87,botica,43616d97-2221-569d-82eb-bcc14bcd6344,LT-000007-202406-0958,2025-04-27,0,41cb90d0-d91a-57c2-b138-831be351479f
c126b5f0-001d-5c2e-b2d2-efa296dc6554,e8aeb018-f679-5670-b210-de4f62ff2111,012857cc-907f-5e7d-b8fb-796d2c9f1621,botica,7fb983e8-6848-5425-97a2-14da72722d0f,LT-000028-202406-0959,2025-04-03,0,ab4a547f-e75d-5601-8171-00da4efa4b57
cf6265c1-eb47-52ed-90c9-8859079beedd,e8aeb018-f679-5670-b210-de4f62ff2111,2082733c-4e17-51fe-bc8c-bf33d3ec5d7e,botica,26f7241d-a84e-5e4a-a43d-33eea1e54eea,LT-000016-202406-0960,2025-05-26,0,76d6c9f4-5d7d-53c0-bb1f-2a577383765a
7cb51436-6c41-5007-8fbd-ab6b75ffb143,e8aeb018-f679-5670-b210-de4f62ff2111,94e18241-54bd-5516-b36f-94ab6e323aca,botica,43616d97-2221-569d-82eb-bcc14bcd6344,LT-000013-202406-0961,2025-10-16,0,ab4a547f-e75d-5601-8171-00da4efa4b57
e8196691-b684-592b-bcfa-2376d1da2450,e8aeb018-f679-5670-b210-de4f62ff2111,2082733c-4e17-51fe-bc8c-bf33d3ec5d7e,botica,43616d97-2221-569d-82eb-bcc14bcd6344,LT-000016-202406-0962,2025-02-09,0,76d6c9f4-5d7d-53c0-bb1f-2a577383765a
10f0346c-b1f3-579e-825e-9822fe293dab,e8aeb018-f679-5670-b210-de4f62ff2111,afe9d181-1c64-5cca-b4b7-a9fa24eceeea,botica,43616d97-2221-569d-82eb-bcc14bcd6344,LT-000020-202406-0963,2026-05-30,0,a6f6d890-1609-53fc-b4a6-5733ccc9d078
0454c072-6bbf-5cc6-8d04-82259259a466,e8aeb018-f679-5670-b210-de4f62ff2111,1e9605fd-5682-52b6-8f05-e8a92dd44513,botica,43616d97-2221-569d-82eb-bcc14bcd6344,LT-000030-202406-0964,2026-07-21,0,a6f6d890-1609-53fc-b4a6-5733ccc9d078
cb5b288a-2053-5494-b865-0175e7e75e49,e8aeb018-f679-5670-b210-de4f62ff2111,22231140-3780-5fe8-a7d4-d33f61d15111,botica,d6f21f11-7533-52dd-a4dc-2fb8e260c02c,LT-000023-202406-0965,2026-02-02,0,ab4a547f-e75d-5601-8171-00da4efa4b57
4417be92-a618-5dcb-a704-04a3f16a351c,e8aeb018-f679-5670-b210-de4f62ff2111,2933d8b7-2438-521b-b38d-d3a5224f87fc,botica,8ecedccf-c230-516b-bbc2-108f7a6fbe63,LT-000002-202406-0966,2025-12-23,0,41cb90d0-d91a-57c2-b138-831be351479f
5ebf37f8-60a0-580c-b9d1-99a7dd20f89f,e8aeb018-f679-5670-b210-de4f62ff2111,22231140-3780-5fe8-a7d4-d33f61d15111,botica,8ecedccf-c230-516b-bbc2-108f7a6fbe63,LT-000023-202406-0967,2025-11-18,0,ab4a547f-e75d-5601-8171-00da4efa4b57
517e97f4-af18-5219-a2d4-9d741c3179ab,e8aeb018-f679-5670-b210-de4f62ff2111,1ca3438e-9e23-58f0-a35f-f15f7a23beb9,botica,8ecedccf-c230-516b-bbc2-108f7a6fbe63,LT-000024-202406-0968,2027-02-07,0,c6617891-56ff-5690-89a4-1ece06685ff5
e0a66b94-2b2c-5568-a9e2-35eb38fffbed,e8aeb018-f679-5670-b210-de4f62ff2111,0ec23038-d3ab-588c-bbd6-1f5c744cdde1,botica,8ecedccf-c230-516b-bbc2-108f7a6fbe63,LT-000025-202406-0969,2027-03-28,0,a6f6d890-1609-53fc-b4a6-5733ccc9d078
cd14ecd4-ce9b-58b1-b897-7ca9a67d422d,e8aeb018-f679-5670-b210-de4f62ff2111,042e2e80-f954-5df4-97be-29dd428cc598,botica,7fb983e8-6848-5425-97a2-14da72722d0f,LT-000004-202406-0970,2026-10-18,0,c6617891-56ff-5690-89a4-1ece06685ff5
2bce2813-e43e-5616-b410-1cd2acbfd41f,e8aeb018-f679-5670-b210-de4f62ff2111,2897aac2-f219-5167-b800-73fac27f6b85,botica,7fb983e8-6848-5425-97a2-14da72722d0f,LT-000022-202406-0971,2026-01-24,0,41cb90d0-d91a-57c2-b138-831be351479f
3b5c18e8-24cb-5999-b3fb-3e2761da1261,e8aeb018-f679-5670-b210-de4f62ff2111,07371b94-955f-52a4-9bf9-f0a6ad2b4fa8,botica,26f7241d-a84e-5e4a-a43d-33eea1e54eea,LT-000008-202406-0972,2025-07-24,0,ab4a547f-e75d-5601-8171-00da4efa4b57
2e278fa4-4fcf-500e-a6c2-f883938b3553,e8aeb018-f679-5670-b210-de4f62ff2111,042e2e80-f954-5df4-97be-29dd428cc598,botica,8ecedccf-c230-516b-bbc2-108f7a6fbe63,LT-000004-202406-0973,2025-04-06,0,c6617891-56ff-5690-89a4-1ece06685ff5
4b785b31-a303-57fd-b175-0e314f1dc73c,e8aeb018-f679-5670-b210-de4f62ff2111,94e18241-54bd-5516-b36f-94ab6e323aca,botica,8ecedccf-c230-516b-bbc2-108f7a6fbe63,LT-000013-202406-0974,2027-06-24,0,ab4a547f-e75d-5601-8171-00da4efa4b57
3500605b-033a-51a4-9ede-a03010f97fb0,e8aeb018-f679-5670-b210-de4f62ff2111,1e9605fd-5682-52b6-8f05-e8a92dd44513,botica,8ecedccf-c230-516b-bbc2-108f7a6fbe63,LT-000030-202406-0975,2026-07-18,0,a6f6d890-1609-53fc-b4a6-5733ccc9d078
cb654d47-3e6a-5426-8c14-d397cc67a328,e8aeb018-f679-5670-b210-de4f62ff2111,d3961f5a-3ea7-53d3-89f4-78b65b0c0c6b,botica,26f7241d-a84e-5e4a-a43d-33eea1e54eea,LT-000001-202406-0976,2027-03-22,0,76d6c9f4-5d7d-53c0-bb1f-2a577383765a
64f6d32f-beaa-5517-95dc-f03565f5380d,e8aeb018-f679-5670-b210-de4f62ff2111,97d26d91-c562-5f27-9ebd-285e89c8f4bf,botica,26f7241d-a84e-5e4a-a43d-33eea1e54eea,LT-000018-202406-0977,2026-07-04,0,ab4a547f-e75d-5601-8171-00da4efa4b57
182f4ebc-4f62-5e65-b165-82e7adbd31ce,e8aeb018-f679-5670-b210-de4f62ff2111,07371b94-955f-52a4-9bf9-f0a6ad2b4fa8,botica,43616d97-2221-569d-82eb-bcc14bcd6344,LT-000008-202406-0978,2025-01-10,0,ab4a547f-e75d-5601-8171-00da4efa4b57
e89866c6-7365-5d85-a17c-ac46a0eb4a0f,e8aeb018-f679-5670-b210-de4f62ff2111,2897aac2-f219-5167-b800-73fac27f6b85,botica,43616d97-2221-569d-82eb-bcc14bcd6344,LT-000022-202406-0979,2027-03-06,0,41cb90d0-d91a-57c2-b138-831be351479f
8dd5dee8-9330-54a7-8399-06268695aa24,e8aeb018-f679-5670-b210-de4f62ff2111,1ca3438e-9e23-58f0-a35f-f15f7a23beb9,botica,d6f21f11-7533-52dd-a4dc-2fb8e260c02c,LT-000024-202406-0980,2027-01-03,0,c6617891-56ff-5690-89a4-1ece06685ff5
28e8f30f-0382-5496-bfe0-dcb5439c306a,e8aeb018-f679-5670-b210-de4f62ff2111,c0cf5e5c-b5c9-585a-8e79-d9830bc954f6,botica,7fb983e8-6848-5425-97a2-14da72722d0f,LT-000011-202406-0981,2026-04-05,0,76d6c9f4-5d7d-53c0-bb1f-2a577383765a
06efb190-572b-54b1-a254-eb64c0680872,e8aeb018-f679-5670-b210-de4f62ff2111,042e2e80-f954-5df4-97be-29dd428cc598,botica,43616d97-2221-569d-82eb-bcc14bcd6344,LT-000004-202406-0982,2027-02-17,0,c6617891-56ff-5690-89a4-1ece06685ff5
e28b9362-c0a0-5ff8-ae73-67486997bb66,e8aeb018-f679-5670-b210-de4f62ff2111,4d9429b6-2ebf-5b5d-ac48-f779d5a1e270,botica,43616d97-2221-569d-82eb-bcc14bcd6344,LT-000010-202406-0983,2026-01-17,0,a6f6d890-1609-53fc-b4a6-5733ccc9d078
535d29c8-01e4-5086-8bf0-fbeb60000a8c,e8aeb018-f679-5670-b210-de4f62ff2111,9928e9a1-d9fc-5fdd-86c2-8909352fd7fe,botica,8ecedccf-c230-516b-bbc2-108f7a6fbe63,LT-000005-202406-0984,2026-01-18,0,a6f6d890-1609-53fc-b4a6-5733ccc9d078
a7a29feb-0a02-5241-815d-19ef2a8612b4,e8aeb018-f679-5670-b210-de4f62ff2111,87b859e0-789a-56e6-b1ba-4fe76221d3bf,botica,7fb983e8-6848-5425-97a2-14da72722d0f,LT-000014-202406-0985,2026-01-14,0,c6617891-56ff-5690-89a4-1ece06685ff5
66f6dbca-f2e3-5284-8494-ce0ba1ce210f,e8aeb018-f679-5670-b210-de4f62ff2111,22231140-3780-5fe8-a7d4-d33f61d15111,botica,43616d97-2221-569d-82eb-bcc14bcd6344,LT-000023-202406-0986,2025-04-15,0,ab4a547f-e75d-5601-8171-00da4efa4b57
22625357-a461-597d-9a22-f7e683814095,e8aeb018-f679-5670-b210-de4f62ff2111,cd81184b-b6f1-563c-b463-36a69ddfb598,botica,8ecedccf-c230-516b-bbc2-108f7a6fbe63,LT-000026-202406-0987,2026-03-17,0,76d6c9f4-5d7d-53c0-bb1f-2a577383765a
4200fc5b-e34a-5659-b2e1-e204be2bab5e,e8aeb018-f679-5670-b210-de4f62ff2111,4d9429b6-2ebf-5b5d-ac48-f779d5a1e270,botica,26f7241d-a84e-5e4a-a43d-33eea1e54eea,LT-000010-202406-0988,2026-09-02,0,a6f6d890-1609-53fc-b4a6-5733ccc9d078
970e9e71-62f6-5a50-9037-9f29df87d103,e8aeb018-f679-5670-b210-de4f62ff2111,2897aac2-f219-5167-b800-73fac27f6b85,botica,26f7241d-a84e-5e4a-a43d-33eea1e54eea,LT-000022-202406-0989,2026-11-25,0,41cb90d0-d91a-57c2-b138-831be351479f
24d637bf-8dce-50fb-9fb5-efe5eb54d1fd,e8aeb018-f679-5670-b210-de4f62ff2111,9928e9a1-d9fc-5fdd-86c2-8909352fd7fe,botica,43616d97-2221-569d-82eb-bcc14bcd6344,LT-000005-202406-0990,2025-08-24,0,a6f6d890-1609-53fc-b4a6-5733ccc9d078
5cc79c7b-68de-5656-8207-24b499859a52,e8aeb018-f679-5670-b210-de4f62ff2111,87b859e0-789a-56e6-b1ba-4fe76221d3bf,botica,43616d97-2221-569d-82eb-bcc14bcd6344,LT-000014-202406-0991,2025-12-18,0,c6617891-56ff-5690-89a4-1ece06685ff5
0cf49b86-c4bb-5e12-a4f7-1b58a6b839e7,e8aeb018-f679-5670-b210-de4f62ff2111,07371b94-955f-52a4-9bf9-f0a6ad2b4fa8,botica,8ecedccf-c230-516b-bbc2-108f7a6fbe63,LT-000008-202406-0992,2025-02-21,0,ab4a547f-e75d-5601-8171-00da4efa4b57
b5e6e161-4c29-598d-b9fc-21993beed1a9,e8aeb018-f679-5670-b210-de4f62ff2111,6d807393-f4ab-5f76-b544-251eeda27ba3,botica,7fb983e8-6848-5425-97a2-14da72722d0f,LT-000003-202406-0993,2027-06-14,0,ab4a547f-e75d-5601-8171-00da4efa4b57
ee315334-b3f9-5bcf-9a26-ed45773630b3,e8aeb018-f679-5670-b210-de4f62ff2111,82cd11ba-d1a0-58b1-b14f-edd741f36e87,botica,7fb983e8-6848-5425-97a2-14da72722d0f,LT-000007-202406-0994,2026-08-04,0,41cb90d0-d91a-57c2-b138-831be351479f
5a9ca619-f108-5789-8943-32abafb0030e,e8aeb018-f679-5670-b210-de4f62ff2111,97d26d91-c562-5f27-9ebd-285e89c8f4bf,botica,7fb983e8-6848-5425-97a2-14da72722d0f,LT-000018-202406-0995,2025-07-10,0,ab4a547f-e75d-5601-8171-00da4efa4b57
c7dedf06-7a16-5765-b0d2-05910d6a1cd2,e8aeb018-f679-5670-b210-de4f62ff2111,38adf7ba-476e-5e6b-9163-781a13538253,botica,26f7241d-a84e-5e4a-a43d-33eea1e54eea,LT-000012-202407-0996,2026-10-06,0,41cb90d0-d91a-57c2-b138-831be351479f
62722e94-def6-5f78-844c-97ec9a09ad77,e8aeb018-f679-5670-b210-de4f62ff2111,d0ae6d2d-e561-56b3-a2c1-113c1c56ae81,botica,26f7241d-a84e-5e4a-a43d-33eea1e54eea,LT-000021-202407-0997,2026-09-11,0,76d6c9f4-5d7d-53c0-bb1f-2a577383765a
fe6a8451-d24c-5d87-8e38-cda2db196b32,e8aeb018-f679-5670-b210-de4f62ff2111,22231140-3780-5fe8-a7d4-d33f61d15111,botica,26f7241d-a84e-5e4a-a43d-33eea1e54eea,LT-000023-202407-0998,2025-01-31,0,ab4a547f-e75d-5601-8171-00da4efa4b57
31a3996d-e25d-560a-9806-0bd02351e17c,e8aeb018-f679-5670-b210-de4f62ff2111,6d807393-f4ab-5f76-b544-251eeda27ba3,botica,43616d97-2221-569d-82eb-bcc14bcd6344,LT-000003-202407-0999,2026-12-02,0,ab4a547f-e75d-5601-8171-00da4efa4b57
5b8094e0-1866-5662-8d25-91d06a3d3f60,e8aeb018-f679-5670-b210-de4f62ff2111,058c6382-bde2-59d1-93ff-20c6161a4736,botica,43616d97-2221-569d-82eb-bcc14bcd6344,LT-000009-202407-1000,2025-03-26,0,c6617891-56ff-5690-89a4-1ece06685ff5
2faf0ca8-3bef-5ff0-97f4-2d8a7b4e3619,e8aeb018-f679-5670-b210-de4f62ff2111,d0ae6d2d-e561-56b3-a2c1-113c1c56ae81,botica,43616d97-2221-569d-82eb-bcc14bcd6344,LT-000021-202407-1001,2025-09-01,0,76d6c9f4-5d7d-53c0-bb1f-2a577383765a
308107fc-0396-59f7-9672-8e2a441af637,e8aeb018-f679-5670-b210-de4f62ff2111,c0cf5e5c-b5c9-585a-8e79-d9830bc954f6,botica,d6f21f11-7533-52dd-a4dc-2fb8e260c02c,LT-000011-202407-1002,2026-04-02,0,76d6c9f4-5d7d-53c0-bb1f-2a577383765a
7e62e65b-943d-5cb6-b03e-1d938ef9553d,e8aeb018-f679-5670-b210-de4f62ff2111,1e9605fd-5682-52b6-8f05-e8a92dd44513,botica,d6f21f11-7533-52dd-a4dc-2fb8e260c02c,LT-000030-202407-1003,2025-04-25,0,a6f6d890-1609-53fc-b4a6-5733ccc9d078
aa273925-0b4f-5d83-9b61-fa33a38f7472,e8aeb018-f679-5670-b210-de4f62ff2111,82cd11ba-d1a0-58b1-b14f-edd741f36e87,botica,26f7241d-a84e-5e4a-a43d-33eea1e54eea,LT-000007-202407-1004,2025-03-10,0,41cb90d0-d91a-57c2-b138-831be351479f
92c3a443-7652-591a-a562-9a7369d4239c,e8aeb018-f679-5670-b210-de4f62ff2111,94e18241-54bd-5516-b36f-94ab6e323aca,botica,26f7241d-a84e-5e4a-a43d-33eea1e54eea,LT-000013-202407-1005,2025-09-17,0,ab4a547f-e75d-5601-8171-00da4efa4b57
9b413384-8176-5453-8168-b0ad93b4e8ff,e8aeb018-f679-5670-b210-de4f62ff2111,d9506935-1215-5499-93c0-8bdd86ab9418,botica,26f7241d-a84e-5e4a-a43d-33eea1e54eea,LT-000029-202407-1006,2025-07-13,0,c6617891-56ff-5690-89a4-1ece06685ff5
43a3cc1f-541e-55c3-b5e9-f0bd925fe8e6,e8aeb018-f679-5670-b210-de4f62ff2111,82cd11ba-d1a0-58b1-b14f-edd741f36e87,botica,43616d97-2221-569d-82eb-bcc14bcd6344,LT-000007-202407-1007,2027-01-07,0,41cb90d0-d91a-57c2-b138-831be351479f
c2ed59cb-3324-5f92-bbba-a54f63cdac36,e8aeb018-f679-5670-b210-de4f62ff2111,cd81184b-b6f1-563c-b463-36a69ddfb598,botica,43616d97-2221-569d-82eb-bcc14bcd6344,LT-000026-202407-1008,2026-06-15,0,76d6c9f4-5d7d-53c0-bb1f-2a577383765a
9022ed48-9455-5690-a966-9d458a45583d,e8aeb018-f679-5670-b210-de4f62ff2111,d3961f5a-3ea7-53d3-89f4-78b65b0c0c6b,botica,d6f21f11-7533-52dd-a4dc-2fb8e260c02c,LT-000001-202407-1009,2026-03-31,0,76d6c9f4-5d7d-53c0-bb1f-2a577383765a
a0cdb8c3-e578-55fc-ae3c-cc68735fd368,e8aeb018-f679-5670-b210-de4f62ff2111,2933d8b7-2438-521b-b38d-d3a5224f87fc,botica,d6f21f11-7533-52dd-a4dc-2fb8e260c02c,LT-000002-202407-1010,2025-08-20,0,41cb90d0-d91a-57c2-b138-831be351479f
bd71c950-70ef-5eb1-acc7-b7bcee04b9e0,e8aeb018-f679-5670-b210-de4f62ff2111,6d807393-f4ab-5f76-b544-251eeda27ba3,botica,d6f21f11-7533-52dd-a4dc-2fb8e260c02c,LT-000003-202407-1011,2026-12-02,0,ab4a547f-e75d-5601-8171-00da4efa4b57
b1f29e7f-2131-5e30-b223-a86d2ec35226,e8aeb018-f679-5670-b210-de4f62ff2111,6d807393-f4ab-5f76-b544-251eeda27ba3,botica,8ecedccf-c230-516b-bbc2-108f7a6fbe63,LT-000003-202407-1012,2026-03-23,0,ab4a547f-e75d-5601-8171-00da4efa4b57
eebd2774-18b8-5ba1-a62a-31b836cf60c6,e8aeb018-f679-5670-b210-de4f62ff2111,c0cf5e5c-b5c9-585a-8e79-d9830bc954f6,botica,8ecedccf-c230-516b-bbc2-108f7a6fbe63,LT-000011-202407-1013,2025-11-30,0,76d6c9f4-5d7d-53c0-bb1f-2a577383765a
9d7268af-7ca6-5d65-89a5-73da0c862b8a,e8aeb018-f679-5670-b210-de4f62ff2111,afe9d181-1c64-5cca-b4b7-a9fa24eceeea,botica,8ecedccf-c230-516b-bbc2-108f7a6fbe63,LT-000020-202407-1014,2026-03-19,0,a6f6d890-1609-53fc-b4a6-5733ccc9d078
b012f555-29c8-5a33-bd55-61edc7b92a1f,e8aeb018-f679-5670-b210-de4f62ff2111,d3961f5a-3ea7-53d3-89f4-78b65b0c0c6b,botica,7fb983e8-6848-5425-97a2-14da72722d0f,LT-000001-202407-1015,2025-08-10,0,76d6c9f4-5d7d-53c0-bb1f-2a577383765a
282ae10f-e959-5f36-81fe-2b6eebfbc97c,e8aeb018-f679-5670-b210-de4f62ff2111,5bbfdec8-65ae-59e6-b211-5eccb5b765fa,botica,7fb983e8-6848-5425-97a2-14da72722d0f,LT-000006-202407-1016,2026-10-24,0,76d6c9f4-5d7d-53c0-bb1f-2a577383765a
1e3d2982-fe64-580c-a61a-f7f09a07120b,e8aeb018-f679-5670-b210-de4f62ff2111,d2f08f15-f9f2-5f65-a740-b05896774467,botica,7fb983e8-6848-5425-97a2-14da72722d0f,LT-000017-202407-1017,2025-09-12,0,41cb90d0-d91a-57c2-b138-831be351479f
e66d2eb2-d018-5deb-b936-fbf73f905e8a,e8aeb018-f679-5670-b210-de4f62ff2111,d0ae6d2d-e561-56b3-a2c1-113c1c56ae81,botica,7fb983e8-6848-5425-97a2-14da72722d0f,LT-000021-202407-1018,2026-09-27,0,76d6c9f4-5d7d-53c0-bb1f-2a577383765a
410292a8-ce43-5f47-930e-5a5a22ebcffe,e8aeb018-f679-5670-b210-de4f62ff2111,983871db-adfb-543e-b438-6b00044ffb64,botica,26f7241d-a84e-5e4a-a43d-33eea1e54eea,LT-000015-202407-1019,2025-02-17,0,a6f6d890-1609-53fc-b4a6-5733ccc9d078
fa924b77-8667-5d8e-b96b-122f1a4c8825,e8aeb018-f679-5670-b210-de4f62ff2111,d9506935-1215-5499-93c0-8bdd86ab9418,botica,43616d97-2221-569d-82eb-bcc14bcd6344,LT-000029-202407-1020,2025-07-24,0,c6617891-56ff-5690-89a4-1ece06685ff5
cd955622-a68f-5ebf-afc3-2dcf278abfea,e8aeb018-f679-5670-b210-de4f62ff2111,82cd11ba-d1a0-58b1-b14f-edd741f36e87,botica,d6f21f11-7533-52dd-a4dc-2fb8e260c02c,LT-000007-202407-1021,2026-01-28,0,41cb90d0-d91a-57c2-b138-831be351479f
c1fe76d8-8858-5a2c-bb20-941753012ebf,e8aeb018-f679-5670-b210-de4f62ff2111,058c6382-bde2-59d1-93ff-20c6161a4736,botica,26f7241d-a84e-5e4a-a43d-33eea1e54eea,LT-000009-202407-1022,2026-06-19,0,c6617891-56ff-5690-89a4-1ece06685ff5
3f86d9ba-a369-5e1e-a0f4-4f910369ea9d,e8aeb018-f679-5670-b210-de4f62ff2111,2eb3a104-e572-583a-afa0-156ee0dc4cce,botica,43616d97-2221-569d-82eb-bcc14bcd6344,LT-000019-202407-1023,2025-09-15,0,c6617891-56ff-5690-89a4-1ece06685ff5
ee224e0a-eff2-54e3-b4ae-afbb4b2d2a3b,e8aeb018-f679-5670-b210-de4f62ff2111,042e2e80-f954-5df4-97be-29dd428cc598,botica,d6f21f11-7533-52dd-a4dc-2fb8e260c02c,LT-000004-202407-1024,2026-11-10,0,c6617891-56ff-5690-89a4-1ece06685ff5
e9b2b5fc-1231-5c14-a849-38b2b82449b7,e8aeb018-f679-5670-b210-de4f62ff2111,94e18241-54bd-5516-b36f-94ab6e323aca,botica,d6f21f11-7533-52dd-a4dc-2fb8e260c02c,LT-000013-202407-1025,2026-12-17,0,ab4a547f-e75d-5601-8171-00da4efa4b57
5deee29d-e3d1-5e46-bb5c-2c17aa4f1f9e,e8aeb018-f679-5670-b210-de4f62ff2111,0ec23038-d3ab-588c-bbd6-1f5c744cdde1,botica,8ecedccf-c230-516b-bbc2-108f7a6fbe63,LT-000025-202407-1026,2027-04-20,0,a6f6d890-1609-53fc-b4a6-5733ccc9d078
233451a6-dc7e-56ef-bc2e-5218b715f72d,e8aeb018-f679-5670-b210-de4f62ff2111,d3961f5a-3ea7-53d3-89f4-78b65b0c0c6b,botica,43616d97-2221-569d-82eb-bcc14bcd6344,LT-000001-202407-1027,2026-08-06,0,76d6c9f4-5d7d-53c0-bb1f-2a577383765a
1f6ac675-7bc7-529d-8aaf-230162b9297f,e8aeb018-f679-5670-b210-de4f62ff2111,0ec23038-d3ab-588c-bbd6-1f5c744cdde1,botica,43616d97-2221-569d-82eb-bcc14bcd6344,LT-000025-202407-1028,2026-10-29,0,a6f6d890-1609-53fc-b4a6-5733ccc9d078
b2fbb3be-10b9-5abd-b6ba-c4571f6f89d5,e8aeb018-f679-5670-b210-de4f62ff2111,5bbfdec8-65ae-59e6-b211-5eccb5b765fa,botica,d6f21f11-7533-52dd-a4dc-2fb8e260c02c,LT-000006-202407-1029,2025-01-03,0,76d6c9f4-5d7d-53c0-bb1f-2a577383765a
d870b35d-db51-5eaa-bea9-6dfdf9254cb8,e8aeb018-f679-5670-b210-de4f62ff2111,07371b94-955f-52a4-9bf9-f0a6ad2b4fa8,botica,d6f21f11-7533-52dd-a4dc-2fb8e260c02c,LT-000008-202407-1030,2025-06-20,0,ab4a547f-e75d-5601-8171-00da4efa4b57
b896c86d-c0b2-580c-8a88-90e938b13491,e8aeb018-f679-5670-b210-de4f62ff2111,2082733c-4e17-51fe-bc8c-bf33d3ec5d7e,botica,d6f21f11-7533-52dd-a4dc-2fb8e260c02c,LT-000016-202407-1031,2026-01-15,0,76d6c9f4-5d7d-53c0-bb1f-2a577383765a
1be66a48-e456-5d72-96a7-a7393fc366d3,e8aeb018-f679-5670-b210-de4f62ff2111,97d26d91-c562-5f27-9ebd-285e89c8f4bf,botica,d6f21f11-7533-52dd-a4dc-2fb8e260c02c,LT-000018-202407-1032,2027-05-23,0,ab4a547f-e75d-5601-8171-00da4efa4b57
20ffee39-c81e-532a-b966-1053c3773288,e8aeb018-f679-5670-b210-de4f62ff2111,2897aac2-f219-5167-b800-73fac27f6b85,botica,d6f21f11-7533-52dd-a4dc-2fb8e260c02c,LT-000022-202407-1033,2025-11-12,0,41cb90d0-d91a-57c2-b138-831be351479f
ec3192d9-dfce-5ab5-9990-0c1453d507f1,e8aeb018-f679-5670-b210-de4f62ff2111,012857cc-907f-5e7d-b8fb-796d2c9f1621,botica,8ecedccf-c230-516b-bbc2-108f7a6fbe63,LT-000028-202407-1034,2026-08-21,0,ab4a547f-e75d-5601-8171-00da4efa4b57
a0a5ddfc-aac2-5034-b619-d467a7aa7a19,e8aeb018-f679-5670-b210-de4f62ff2111,22231140-3780-5fe8-a7d4-d33f61d15111,botica,7fb983e8-6848-5425-97a2-14da72722d0f,LT-000023-202407-1035,2027-06-26,0,ab4a547f-e75d-5601-8171-00da4efa4b57
349f981b-1eae-570b-afc3-3a0de0c83aed,e8aeb018-f679-5670-b210-de4f62ff2111,0ec23038-d3ab-588c-bbd6-1f5c744cdde1,botica,7fb983e8-6848-5425-97a2-14da72722d0f,LT-000025-202407-1036,2025-09-03,0,a6f6d890-1609-53fc-b4a6-5733ccc9d078
e94a39fe-f102-5b96-980c-f84b40129560,e8aeb018-f679-5670-b210-de4f62ff2111,07371b94-955f-52a4-9bf9-f0a6ad2b4fa8,botica,26f7241d-a84e-5e4a-a43d-33eea1e54eea,LT-000008-202407-1037,2025-06-27,0,ab4a547f-e75d-5601-8171-00da4efa4b57
f242ab08-7d7e-5021-aee4-f2e5dc6a1425,e8aeb018-f679-5670-b210-de4f62ff2111,1e9605fd-5682-52b6-8f05-e8a92dd44513,botica,26f7241d-a84e-5e4a-a43d-33eea1e54eea,LT-000030-202407-1038,2025-07-29,0,a6f6d890-1609-53fc-b4a6-5733ccc9d078
eaf9c781-7887-5227-96ad-c01c776a09f9,e8aeb018-f679-5670-b210-de4f62ff2111,38adf7ba-476e-5e6b-9163-781a13538253,botica,d6f21f11-7533-52dd-a4dc-2fb8e260c02c,LT-000012-202407-1039,2025-01-06,0,41cb90d0-d91a-57c2-b138-831be351479f
405b10fc-b37b-5593-94f3-592c2bbb02d5,e8aeb018-f679-5670-b210-de4f62ff2111,82cd11ba-d1a0-58b1-b14f-edd741f36e87,botica,8ecedccf-c230-516b-bbc2-108f7a6fbe63,LT-000007-202407-1040,2025-11-03,0,41cb90d0-d91a-57c2-b138-831be351479f
e60f173c-cce4-5679-9f51-b18621216bfa,e8aeb018-f679-5670-b210-de4f62ff2111,38adf7ba-476e-5e6b-9163-781a13538253,botica,8ecedccf-c230-516b-bbc2-108f7a6fbe63,LT-000012-202407-1041,2025-01-29,0,41cb90d0-d91a-57c2-b138-831be351479f
a13401db-1660-5583-84c0-144c0cd382bd,e8aeb018-f679-5670-b210-de4f62ff2111,87b859e0-789a-56e6-b1ba-4fe76221d3bf,botica,8ecedccf-c230-516b-bbc2-108f7a6fbe63,LT-000014-202407-1042,2025-06-13,0,c6617891-56ff-5690-89a4-1ece06685ff5
1b85c099-4798-5ba8-b9c3-6c5efabcbcac,e8aeb018-f679-5670-b210-de4f62ff2111,9928e9a1-d9fc-5fdd-86c2-8909352fd7fe,botica,7fb983e8-6848-5425-97a2-14da72722d0f,LT-000005-202407-1043,2025-02-21,0,a6f6d890-1609-53fc-b4a6-5733ccc9d078
2d6acc35-1e4e-558e-a85b-f0a5c84d777d,e8aeb018-f679-5670-b210-de4f62ff2111,2933d8b7-2438-521b-b38d-d3a5224f87fc,botica,26f7241d-a84e-5e4a-a43d-33eea1e54eea,LT-000002-202407-1044,2026-05-27,0,41cb90d0-d91a-57c2-b138-831be351479f
6c4fd927-0f17-5347-bb85-8cf8d0e106be,e8aeb018-f679-5670-b210-de4f62ff2111,6d807393-f4ab-5f76-b544-251eeda27ba3,botica,26f7241d-a84e-5e4a-a43d-33eea1e54eea,LT-000003-202407-1045,2026-09-01,0,ab4a547f-e75d-5601-8171-00da4efa4b57
05f687fe-ebff-526b-8e35-9d2dbb842def,e8aeb018-f679-5670-b210-de4f62ff2111,042e2e80-f954-5df4-97be-29dd428cc598,botica,26f7241d-a84e-5e4a-a43d-33eea1e54eea,LT-000004-202407-1046,2026-06-08,0,c6617891-56ff-5690-89a4-1ece06685ff5
835d00a2-1e68-5a71-806f-e9715e0bbdb4,e8aeb018-f679-5670-b210-de4f62ff2111,2eb3a104-e572-583a-afa0-156ee0dc4cce,botica,26f7241d-a84e-5e4a-a43d-33eea1e54eea,LT-000019-202407-1047,2026-08-08,0,c6617891-56ff-5690-89a4-1ece06685ff5
b490692b-1f5d-5413-830d-3f40152ea283,e8aeb018-f679-5670-b210-de4f62ff2111,0ec23038-d3ab-588c-bbd6-1f5c744cdde1,botica,26f7241d-a84e-5e4a-a43d-33eea1e54eea,LT-000025-202407-1048,2026-05-18,0,a6f6d890-1609-53fc-b4a6-5733ccc9d078
77effd9c-093d-5b3d-b980-677e7f737132,e8aeb018-f679-5670-b210-de4f62ff2111,6baabed2-52d7-5cb7-bf74-86c7cb3e4f07,botica,43616d97-2221-569d-82eb-bcc14bcd6344,LT-000027-202407-1049,2026-05-11,0,41cb90d0-d91a-57c2-b138-831be351479f
ac5b4349-3580-5133-9b6a-cf63eb297bee,e8aeb018-f679-5670-b210-de4f62ff2111,5bbfdec8-65ae-59e6-b211-5eccb5b765fa,botica,8ecedccf-c230-516b-bbc2-108f7a6fbe63,LT-000006-202407-1050,2027-01-27,0,76d6c9f4-5d7d-53c0-bb1f-2a577383765a
f489c576-01c5-53f8-a084-2ba3b549f0ce,e8aeb018-f679-5670-b210-de4f62ff2111,9928e9a1-d9fc-5fdd-86c2-8909352fd7fe,botica,26f7241d-a84e-5e4a-a43d-33eea1e54eea,LT-000005-202407-1051,2026-04-08,0,a6f6d890-1609-53fc-b4a6-5733ccc9d078
91a332f5-e757-556e-a7df-81a79d6e42c3,e8aeb018-f679-5670-b210-de4f62ff2111,2897aac2-f219-5167-b800-73fac27f6b85,botica,43616d97-2221-569d-82eb-bcc14bcd6344,LT-000022-202407-1052,2025-05-03,0,41cb90d0-d91a-57c2-b138-831be351479f
be6d77d3-66a4-5a3c-a664-5c94f0d1c3bc,e8aeb018-f679-5670-b210-de4f62ff2111,d3961f5a-3ea7-53d3-89f4-78b65b0c0c6b,botica,8ecedccf-c230-516b-bbc2-108f7a6fbe63,LT-000001-202407-1053,2025-10-25,0,76d6c9f4-5d7d-53c0-bb1f-2a577383765a
0964011c-b5ce-5843-9606-8a1c5c944968,e8aeb018-f679-5670-b210-de4f62ff2111,07371b94-955f-52a4-9bf9-f0a6ad2b4fa8,botica,7fb983e8-6848-5425-97a2-14da72722d0f,LT-000008-202407-1054,2027-05-01,0,ab4a547f-e75d-5601-8171-00da4efa4b57
dd90bdf2-8fbc-55cf-8fe7-ad86cf225a13,e8aeb018-f679-5670-b210-de4f62ff2111,058c6382-bde2-59d1-93ff-20c6161a4736,botica,7fb983e8-6848-5425-97a2-14da72722d0f,LT-000009-202407-1055,2025-06-01,0,c6617891-56ff-5690-89a4-1ece06685ff5
c48054cd-cbe1-514f-b913-20d4ba047ef9,e8aeb018-f679-5670-b210-de4f62ff2111,5bbfdec8-65ae-59e6-b211-5eccb5b765fa,botica,26f7241d-a84e-5e4a-a43d-33eea1e54eea,LT-000006-202407-1056,2027-01-18,0,76d6c9f4-5d7d-53c0-bb1f-2a577383765a
88450072-3763-591c-b295-4fbf2200200f,e8aeb018-f679-5670-b210-de4f62ff2111,d2f08f15-f9f2-5f65-a740-b05896774467,botica,43616d97-2221-569d-82eb-bcc14bcd6344,LT-000017-202407-1057,2027-04-01,0,41cb90d0-d91a-57c2-b138-831be351479f
f859da1a-a014-5d49-be0c-600301b93918,e8aeb018-f679-5670-b210-de4f62ff2111,2933d8b7-2438-521b-b38d-d3a5224f87fc,botica,8ecedccf-c230-516b-bbc2-108f7a6fbe63,LT-000002-202407-1058,2025-01-23,0,41cb90d0-d91a-57c2-b138-831be351479f
ac876b3e-017b-5833-ac79-6906d7e2c23f,e8aeb018-f679-5670-b210-de4f62ff2111,97d26d91-c562-5f27-9ebd-285e89c8f4bf,botica,8ecedccf-c230-516b-bbc2-108f7a6fbe63,LT-000018-202407-1059,2027-04-22,0,ab4a547f-e75d-5601-8171-00da4efa4b57
e7848859-628f-5205-a656-fec59ef507ea,e8aeb018-f679-5670-b210-de4f62ff2111,2eb3a104-e572-583a-afa0-156ee0dc4cce,botica,7fb983e8-6848-5425-97a2-14da72722d0f,LT-000019-202407-1060,2025-04-30,0,c6617891-56ff-5690-89a4-1ece06685ff5
20f15ef5-05c2-5005-8202-d3a8793397ff,e8aeb018-f679-5670-b210-de4f62ff2111,1ca3438e-9e23-58f0-a35f-f15f7a23beb9,botica,26f7241d-a84e-5e4a-a43d-33eea1e54eea,LT-000024-202407-1061,2025-10-05,0,c6617891-56ff-5690-89a4-1ece06685ff5
645e766b-8323-5691-91b6-a3c1e36d767e,e8aeb018-f679-5670-b210-de4f62ff2111,97d26d91-c562-5f27-9ebd-285e89c8f4bf,botica,43616d97-2221-569d-82eb-bcc14bcd6344,LT-000018-202407-1062,2026-05-05,0,ab4a547f-e75d-5601-8171-00da4efa4b57
59fcaf28-76af-5d6a-9ac9-fe867913818b,e8aeb018-f679-5670-b210-de4f62ff2111,4d9429b6-2ebf-5b5d-ac48-f779d5a1e270,botica,d6f21f11-7533-52dd-a4dc-2fb8e260c02c,LT-000010-202407-1063,2026-12-03,0,a6f6d890-1609-53fc-b4a6-5733ccc9d078
602bd30f-648f-5b11-ba10-21d8460270f0,e8aeb018-f679-5670-b210-de4f62ff2111,d2f08f15-f9f2-5f65-a740-b05896774467,botica,d6f21f11-7533-52dd-a4dc-2fb8e260c02c,LT-000017-202407-1064,2026-12-03,0,41cb90d0-d91a-57c2-b138-831be351479f
a3318893-fce0-50a8-8ffb-79c480406e91,e8aeb018-f679-5670-b210-de4f62ff2111,2933d8b7-2438-521b-b38d-d3a5224f87fc,botica,7fb983e8-6848-5425-97a2-14da72722d0f,LT-000002-202407-1065,2025-02-06,0,41cb90d0-d91a-57c2-b138-831be351479f
1c147ad5-d385-5f3f-aa3c-02fb7fa2dd41,e8aeb018-f679-5670-b210-de4f62ff2111,2897aac2-f219-5167-b800-73fac27f6b85,botica,7fb983e8-6848-5425-97a2-14da72722d0f,LT-000022-202407-1066,2027-06-17,0,41cb90d0-d91a-57c2-b138-831be351479f
dafa776c-6da7-5313-87ea-aec9031419b6,e8aeb018-f679-5670-b210-de4f62ff2111,cd81184b-b6f1-563c-b463-36a69ddfb598,botica,7fb983e8-6848-5425-97a2-14da72722d0f,LT-000026-202407-1067,2025-12-10,0,76d6c9f4-5d7d-53c0-bb1f-2a577383765a
61a59220-3d76-5dc6-9341-dbeef15a5617,e8aeb018-f679-5670-b210-de4f62ff2111,6baabed2-52d7-5cb7-bf74-86c7cb3e4f07,botica,7fb983e8-6848-5425-97a2-14da72722d0f,LT-000027-202407-1068,2025-01-29,0,41cb90d0-d91a-57c2-b138-831be351479f
52c912df-8614-5c24-a1af-1bbca1a45d7b,e8aeb018-f679-5670-b210-de4f62ff2111,1e9605fd-5682-52b6-8f05-e8a92dd44513,botica,7fb983e8-6848-5425-97a2-14da72722d0f,LT-000030-202407-1069,2026-02-15,0,a6f6d890-1609-53fc-b4a6-5733ccc9d078
97859c06-db06-5160-94cf-edcb4e6635b1,e8aeb018-f679-5670-b210-de4f62ff2111,2933d8b7-2438-521b-b38d-d3a5224f87fc,botica,43616d97-2221-569d-82eb-bcc14bcd6344,LT-000002-202407-1070,2025-10-30,0,41cb90d0-d91a-57c2-b138-831be351479f
12f78ae7-4d41-5c78-a23a-dc9f7c526ba7,e8aeb018-f679-5670-b210-de4f62ff2111,2897aac2-f219-5167-b800-73fac27f6b85,botica,8ecedccf-c230-516b-bbc2-108f7a6fbe63,LT-000022-202407-1071,2025-11-24,0,41cb90d0-d91a-57c2-b138-831be351479f
4ddd895f-812a-5822-b875-df6eae6b3cc5,e8aeb018-f679-5670-b210-de4f62ff2111,87b859e0-789a-56e6-b1ba-4fe76221d3bf,botica,26f7241d-a84e-5e4a-a43d-33eea1e54eea,LT-000014-202407-1072,2025-10-15,0,c6617891-56ff-5690-89a4-1ece06685ff5
008a0b88-1359-5213-bcf8-f89d0ca35a2c,e8aeb018-f679-5670-b210-de4f62ff2111,38adf7ba-476e-5e6b-9163-781a13538253,botica,43616d97-2221-569d-82eb-bcc14bcd6344,LT-000012-202407-1073,2026-09-06,0,41cb90d0-d91a-57c2-b138-831be351479f
68a6cecb-fe31-59a2-87f2-0c44ae9b2dd5,e8aeb018-f679-5670-b210-de4f62ff2111,22231140-3780-5fe8-a7d4-d33f61d15111,botica,d6f21f11-7533-52dd-a4dc-2fb8e260c02c,LT-000023-202407-1074,2027-01-01,0,ab4a547f-e75d-5601-8171-00da4efa4b57
f0c526a1-b3e6-5e76-9ae9-6d5c94362b50,e8aeb018-f679-5670-b210-de4f62ff2111,c0cf5e5c-b5c9-585a-8e79-d9830bc954f6,botica,26f7241d-a84e-5e4a-a43d-33eea1e54eea,LT-000011-202407-1075,2025-11-03,0,76d6c9f4-5d7d-53c0-bb1f-2a577383765a
f7ecd9c1-ff35-565f-98f5-1894f35b731f,e8aeb018-f679-5670-b210-de4f62ff2111,cd81184b-b6f1-563c-b463-36a69ddfb598,botica,26f7241d-a84e-5e4a-a43d-33eea1e54eea,LT-000026-202407-1076,2026-04-24,0,76d6c9f4-5d7d-53c0-bb1f-2a577383765a
82529dff-4e58-5c28-9450-658df964bd92,e8aeb018-f679-5670-b210-de4f62ff2111,5bbfdec8-65ae-59e6-b211-5eccb5b765fa,botica,43616d97-2221-569d-82eb-bcc14bcd6344,LT-000006-202407-1077,2027-06-27,0,76d6c9f4-5d7d-53c0-bb1f-2a577383765a
a889be40-c384-5f2d-8bfd-e579a05debc3,e8aeb018-f679-5670-b210-de4f62ff2111,058c6382-bde2-59d1-93ff-20c6161a4736,botica,d6f21f11-7533-52dd-a4dc-2fb8e260c02c,LT-000009-202407-1078,2025-05-20,0,c6617891-56ff-5690-89a4-1ece06685ff5
6852e373-eb2f-5d52-a2cc-0a7099894229,e8aeb018-f679-5670-b210-de4f62ff2111,87b859e0-789a-56e6-b1ba-4fe76221d3bf,botica,d6f21f11-7533-52dd-a4dc-2fb8e260c02c,LT-000014-202407-1079,2026-04-14,0,c6617891-56ff-5690-89a4-1ece06685ff5
b8fd0c36-9c0b-57f2-a814-509603fe5d3f,e8aeb018-f679-5670-b210-de4f62ff2111,6baabed2-52d7-5cb7-bf74-86c7cb3e4f07,botica,d6f21f11-7533-52dd-a4dc-2fb8e260c02c,LT-000027-202407-1080,2026-09-02,0,41cb90d0-d91a-57c2-b138-831be351479f
bf6da0b4-69c2-509e-ad3f-91a05fda3795,e8aeb018-f679-5670-b210-de4f62ff2111,983871db-adfb-543e-b438-6b00044ffb64,botica,7fb983e8-6848-5425-97a2-14da72722d0f,LT-000015-202407-1081,2027-07-08,0,a6f6d890-1609-53fc-b4a6-5733ccc9d078
2069b736-437a-5e1d-a64d-dc79d892c703,e8aeb018-f679-5670-b210-de4f62ff2111,2082733c-4e17-51fe-bc8c-bf33d3ec5d7e,botica,7fb983e8-6848-5425-97a2-14da72722d0f,LT-000016-202407-1082,2027-02-11,0,76d6c9f4-5d7d-53c0-bb1f-2a577383765a
40ac53dd-1e98-5308-a4d4-5048d9e965d6,e8aeb018-f679-5670-b210-de4f62ff2111,d9506935-1215-5499-93c0-8bdd86ab9418,botica,7fb983e8-6848-5425-97a2-14da72722d0f,LT-000029-202407-1083,2025-01-21,0,c6617891-56ff-5690-89a4-1ece06685ff5
a6a0dc05-bb8a-5384-b4a5-6bdd71181d02,e8aeb018-f679-5670-b210-de4f62ff2111,07371b94-955f-52a4-9bf9-f0a6ad2b4fa8,botica,26f7241d-a84e-5e4a-a43d-33eea1e54eea,LT-000008-202407-1084,2026-08-10,0,ab4a547f-e75d-5601-8171-00da4efa4b57
96d7cf04-412d-507c-92af-d63b6c732d76,e8aeb018-f679-5670-b210-de4f62ff2111,2897aac2-f219-5167-b800-73fac27f6b85,botica,26f7241d-a84e-5e4a-a43d-33eea1e54eea,LT-000022-202407-1085,2026-07-10,0,41cb90d0-d91a-57c2-b138-831be351479f
08bf475d-c4c1-54b2-a591-2f7825a2a1c4,e8aeb018-f679-5670-b210-de4f62ff2111,07371b94-955f-52a4-9bf9-f0a6ad2b4fa8,botica,43616d97-2221-569d-82eb-bcc14bcd6344,LT-000008-202407-1086,2027-03-21,0,ab4a547f-e75d-5601-8171-00da4efa4b57
f13bf0d7-b233-5a7c-b28e-fb18008bb4ab,e8aeb018-f679-5670-b210-de4f62ff2111,058c6382-bde2-59d1-93ff-20c6161a4736,botica,43616d97-2221-569d-82eb-bcc14bcd6344,LT-000009-202407-1087,2025-02-25,0,c6617891-56ff-5690-89a4-1ece06685ff5
ddd5f0a0-3054-5bb8-a618-718ad0202894,e8aeb018-f679-5670-b210-de4f62ff2111,d3961f5a-3ea7-53d3-89f4-78b65b0c0c6b,botica,d6f21f11-7533-52dd-a4dc-2fb8e260c02c,LT-000001-202407-1088,2026-12-04,0,76d6c9f4-5d7d-53c0-bb1f-2a577383765a
c053f50d-02dc-5eeb-a7a4-2c98a0e20e62,e8aeb018-f679-5670-b210-de4f62ff2111,afe9d181-1c64-5cca-b4b7-a9fa24eceeea,botica,d6f21f11-7533-52dd-a4dc-2fb8e260c02c,LT-000020-202407-1089,2026-09-17,0,a6f6d890-1609-53fc-b4a6-5733ccc9d078
5f3e3ef1-43f1-5d3a-a26a-7f92ba5073c2,e8aeb018-f679-5670-b210-de4f62ff2111,0ec23038-d3ab-588c-bbd6-1f5c744cdde1,botica,d6f21f11-7533-52dd-a4dc-2fb8e260c02c,LT-000025-202407-1090,2025-01-14,0,a6f6d890-1609-53fc-b4a6-5733ccc9d078
4262bac1-e1a9-5df1-8152-624b3ebb156d,e8aeb018-f679-5670-b210-de4f62ff2111,d9506935-1215-5499-93c0-8bdd86ab9418,botica,d6f21f11-7533-52dd-a4dc-2fb8e260c02c,LT-000029-202407-1091,2026-06-09,0,c6617891-56ff-5690-89a4-1ece06685ff5
18385ceb-6615-5a13-abd2-08b998f71640,e8aeb018-f679-5670-b210-de4f62ff2111,07371b94-955f-52a4-9bf9-f0a6ad2b4fa8,botica,8ecedccf-c230-516b-bbc2-108f7a6fbe63,LT-000008-202407-1092,2026-03-24,0,ab4a547f-e75d-5601-8171-00da4efa4b57
65294013-6c7f-59ed-bfb2-e27b3ce98c75,e8aeb018-f679-5670-b210-de4f62ff2111,4d9429b6-2ebf-5b5d-ac48-f779d5a1e270,botica,8ecedccf-c230-516b-bbc2-108f7a6fbe63,LT-000010-202407-1093,2026-05-20,0,a6f6d890-1609-53fc-b4a6-5733ccc9d078
8e267e57-062d-517e-827e-64f49da925d8,e8aeb018-f679-5670-b210-de4f62ff2111,d3961f5a-3ea7-53d3-89f4-78b65b0c0c6b,botica,7fb983e8-6848-5425-97a2-14da72722d0f,LT-000001-202407-1094,2025-03-05,0,76d6c9f4-5d7d-53c0-bb1f-2a577383765a
c8cf5fd1-4eca-5024-8c4b-5948ecb1537b,e8aeb018-f679-5670-b210-de4f62ff2111,d3961f5a-3ea7-53d3-89f4-78b65b0c0c6b,botica,26f7241d-a84e-5e4a-a43d-33eea1e54eea,LT-000001-202407-1095,2027-06-20,0,76d6c9f4-5d7d-53c0-bb1f-2a577383765a
debee0bb-c45e-537d-8d30-3db2ee44b562,e8aeb018-f679-5670-b210-de4f62ff2111,07371b94-955f-52a4-9bf9-f0a6ad2b4fa8,botica,d6f21f11-7533-52dd-a4dc-2fb8e260c02c,LT-000008-202407-1096,2025-12-30,0,ab4a547f-e75d-5601-8171-00da4efa4b57
5df1fbe7-8adc-5c87-844f-f61586c15c9a,e8aeb018-f679-5670-b210-de4f62ff2111,983871db-adfb-543e-b438-6b00044ffb64,botica,d6f21f11-7533-52dd-a4dc-2fb8e260c02c,LT-000015-202407-1097,2026-06-02,0,a6f6d890-1609-53fc-b4a6-5733ccc9d078
4e5f50fe-f734-5196-b294-14086aef1e2e,e8aeb018-f679-5670-b210-de4f62ff2111,058c6382-bde2-59d1-93ff-20c6161a4736,botica,8ecedccf-c230-516b-bbc2-108f7a6fbe63,LT-000009-202407-1098,2025-03-14,0,c6617891-56ff-5690-89a4-1ece06685ff5
cfd40128-788d-5967-98e2-e6609079f409,e8aeb018-f679-5670-b210-de4f62ff2111,6baabed2-52d7-5cb7-bf74-86c7cb3e4f07,botica,8ecedccf-c230-516b-bbc2-108f7a6fbe63,LT-000027-202407-1099,2026-02-03,0,41cb90d0-d91a-57c2-b138-831be351479f
6559a5c9-031f-5314-b4ac-1ebf972874de,e8aeb018-f679-5670-b210-de4f62ff2111,afe9d181-1c64-5cca-b4b7-a9fa24eceeea,botica,26f7241d-a84e-5e4a-a43d-33eea1e54eea,LT-000020-202407-1100,2026-07-02,0,a6f6d890-1609-53fc-b4a6-5733ccc9d078
78db9f50-7ab1-5bf2-aaeb-5deb855f15d6,e8aeb018-f679-5670-b210-de4f62ff2111,9928e9a1-d9fc-5fdd-86c2-8909352fd7fe,botica,43616d97-2221-569d-82eb-bcc14bcd6344,LT-000005-202407-1101,2025-05-16,0,a6f6d890-1609-53fc-b4a6-5733ccc9d078
088445fb-117b-5bc6-89e7-605933429291,e8aeb018-f679-5670-b210-de4f62ff2111,cd81184b-b6f1-563c-b463-36a69ddfb598,botica,d6f21f11-7533-52dd-a4dc-2fb8e260c02c,LT-000026-202407-1102,2026-10-02,0,76d6c9f4-5d7d-53c0-bb1f-2a577383765a
9fe6b77f-cf47-5e34-9b50-11dc68673643,e8aeb018-f679-5670-b210-de4f62ff2111,6d807393-f4ab-5f76-b544-251eeda27ba3,botica,7fb983e8-6848-5425-97a2-14da72722d0f,LT-000003-202407-1103,2025-09-30,0,ab4a547f-e75d-5601-8171-00da4efa4b57
6154f12a-9ecf-5cff-b175-b7e6c192c384,e8aeb018-f679-5670-b210-de4f62ff2111,4d9429b6-2ebf-5b5d-ac48-f779d5a1e270,botica,7fb983e8-6848-5425-97a2-14da72722d0f,LT-000010-202407-1104,2025-02-04,0,a6f6d890-1609-53fc-b4a6-5733ccc9d078
c3b66c50-59db-50cf-8b0e-9556eff56e43,e8aeb018-f679-5670-b210-de4f62ff2111,94e18241-54bd-5516-b36f-94ab6e323aca,botica,7fb983e8-6848-5425-97a2-14da72722d0f,LT-000013-202407-1105,2025-09-18,0,ab4a547f-e75d-5601-8171-00da4efa4b57
f11d4566-12d3-5d64-9597-1b5b16ae6886,e8aeb018-f679-5670-b210-de4f62ff2111,6baabed2-52d7-5cb7-bf74-86c7cb3e4f07,botica,26f7241d-a84e-5e4a-a43d-33eea1e54eea,LT-000027-202407-1106,2025-09-04,0,41cb90d0-d91a-57c2-b138-831be351479f
8241ecd8-98c7-50cb-bcae-c3ddae3ba595,e8aeb018-f679-5670-b210-de4f62ff2111,4d9429b6-2ebf-5b5d-ac48-f779d5a1e270,botica,43616d97-2221-569d-82eb-bcc14bcd6344,LT-000010-202407-1107,2025-09-01,0,a6f6d890-1609-53fc-b4a6-5733ccc9d078
6059dcb0-edea-5053-a41e-07d9d3a7dac1,e8aeb018-f679-5670-b210-de4f62ff2111,1e9605fd-5682-52b6-8f05-e8a92dd44513,botica,43616d97-2221-569d-82eb-bcc14bcd6344,LT-000030-202407-1108,2026-07-25,0,a6f6d890-1609-53fc-b4a6-5733ccc9d078
3bdf8443-3593-5c77-870b-deda7ddb9369,e8aeb018-f679-5670-b210-de4f62ff2111,82cd11ba-d1a0-58b1-b14f-edd741f36e87,botica,8ecedccf-c230-516b-bbc2-108f7a6fbe63,LT-000007-202407-1109,2026-11-02,0,41cb90d0-d91a-57c2-b138-831be351479f
12a05d04-d80d-5124-9fe9-cf0d5447f6c8,e8aeb018-f679-5670-b210-de4f62ff2111,1e9605fd-5682-52b6-8f05-e8a92dd44513,botica,8ecedccf-c230-516b-bbc2-108f7a6fbe63,LT-000030-202407-1110,2027-05-08,0,a6f6d890-1609-53fc-b4a6-5733ccc9d078
d7c4caec-1199-5eb3-831c-dc8c90a97fca,e8aeb018-f679-5670-b210-de4f62ff2111,2082733c-4e17-51fe-bc8c-bf33d3ec5d7e,botica,26f7241d-a84e-5e4a-a43d-33eea1e54eea,LT-000016-202407-1111,2026-08-09,0,76d6c9f4-5d7d-53c0-bb1f-2a577383765a
4295a348-f01b-57b6-a3f4-1dd080eda2b0,e8aeb018-f679-5670-b210-de4f62ff2111,c0cf5e5c-b5c9-585a-8e79-d9830bc954f6,botica,43616d97-2221-569d-82eb-bcc14bcd6344,LT-000011-202407-1112,2027-01-25,0,76d6c9f4-5d7d-53c0-bb1f-2a577383765a
14b07cbc-9998-5379-8ced-a760d9b87fe1,e8aeb018-f679-5670-b210-de4f62ff2111,94e18241-54bd-5516-b36f-94ab6e323aca,botica,43616d97-2221-569d-82eb-bcc14bcd6344,LT-000013-202407-1113,2026-12-05,0,ab4a547f-e75d-5601-8171-00da4efa4b57
1dd13540-5be1-5315-8986-0a6268fde525,e8aeb018-f679-5670-b210-de4f62ff2111,983871db-adfb-543e-b438-6b00044ffb64,botica,43616d97-2221-569d-82eb-bcc14bcd6344,LT-000015-202407-1114,2026-12-03,0,a6f6d890-1609-53fc-b4a6-5733ccc9d078
334cc4fa-c02d-5ed7-b6ca-1ae117fa2e7d,e8aeb018-f679-5670-b210-de4f62ff2111,2897aac2-f219-5167-b800-73fac27f6b85,botica,43616d97-2221-569d-82eb-bcc14bcd6344,LT-000022-202407-1115,2025-01-20,0,41cb90d0-d91a-57c2-b138-831be351479f
6b57bc3a-3002-5d31-8848-bb53038672a4,e8aeb018-f679-5670-b210-de4f62ff2111,22231140-3780-5fe8-a7d4-d33f61d15111,botica,43616d97-2221-569d-82eb-bcc14bcd6344,LT-000023-202407-1116,2026-04-10,0,ab4a547f-e75d-5601-8171-00da4efa4b57
4d5528df-b509-5336-9cb7-2aad9ac427d1,e8aeb018-f679-5670-b210-de4f62ff2111,1ca3438e-9e23-58f0-a35f-f15f7a23beb9,botica,43616d97-2221-569d-82eb-bcc14bcd6344,LT-000024-202407-1117,2027-02-15,0,c6617891-56ff-5690-89a4-1ece06685ff5
aed33c42-d941-5e86-be5c-3a36c53cee96,e8aeb018-f679-5670-b210-de4f62ff2111,cd81184b-b6f1-563c-b463-36a69ddfb598,botica,43616d97-2221-569d-82eb-bcc14bcd6344,LT-000026-202407-1118,2025-08-22,0,76d6c9f4-5d7d-53c0-bb1f-2a577383765a
f6fa7f61-a186-5f6e-a317-e2c0268ef0ea,e8aeb018-f679-5670-b210-de4f62ff2111,2eb3a104-e572-583a-afa0-156ee0dc4cce,botica,d6f21f11-7533-52dd-a4dc-2fb8e260c02c,LT-000019-202407-1119,2027-01-20,0,c6617891-56ff-5690-89a4-1ece06685ff5
aef80a74-86d8-5c89-8496-9137588a64c0,e8aeb018-f679-5670-b210-de4f62ff2111,042e2e80-f954-5df4-97be-29dd428cc598,botica,8ecedccf-c230-516b-bbc2-108f7a6fbe63,LT-000004-202407-1120,2025-03-03,0,c6617891-56ff-5690-89a4-1ece06685ff5
cc3b193e-67b9-586b-8a72-4d9899f960aa,e8aeb018-f679-5670-b210-de4f62ff2111,0ec23038-d3ab-588c-bbd6-1f5c744cdde1,botica,8ecedccf-c230-516b-bbc2-108f7a6fbe63,LT-000025-202407-1121,2025-12-31,0,a6f6d890-1609-53fc-b4a6-5733ccc9d078
91cb41aa-d431-5765-9fa1-22c7071ec5f0,e8aeb018-f679-5670-b210-de4f62ff2111,2933d8b7-2438-521b-b38d-d3a5224f87fc,botica,26f7241d-a84e-5e4a-a43d-33eea1e54eea,LT-000002-202407-1122,2026-03-07,0,41cb90d0-d91a-57c2-b138-831be351479f
d6cdcf41-5cf2-5784-8130-8bc96191f9d0,e8aeb018-f679-5670-b210-de4f62ff2111,82cd11ba-d1a0-58b1-b14f-edd741f36e87,botica,26f7241d-a84e-5e4a-a43d-33eea1e54eea,LT-000007-202407-1123,2025-03-01,0,41cb90d0-d91a-57c2-b138-831be351479f
1936b850-9958-5816-abff-91c4602eeb83,e8aeb018-f679-5670-b210-de4f62ff2111,82cd11ba-d1a0-58b1-b14f-edd741f36e87,botica,7fb983e8-6848-5425-97a2-14da72722d0f,LT-000007-202407-1124,2027-07-16,0,41cb90d0-d91a-57c2-b138-831be351479f
77bce739-24e1-5bb2-b8a3-ea191d31791c,e8aeb018-f679-5670-b210-de4f62ff2111,4d9429b6-2ebf-5b5d-ac48-f779d5a1e270,botica,26f7241d-a84e-5e4a-a43d-33eea1e54eea,LT-000010-202407-1125,2027-06-25,0,a6f6d890-1609-53fc-b4a6-5733ccc9d078
499f3f99-801a-5795-9220-283e14c77129,e8aeb018-f679-5670-b210-de4f62ff2111,38adf7ba-476e-5e6b-9163-781a13538253,botica,26f7241d-a84e-5e4a-a43d-33eea1e54eea,LT-000012-202407-1126,2027-04-07,0,41cb90d0-d91a-57c2-b138-831be351479f
9a646ef4-314d-5735-92f1-62d167799f46,e8aeb018-f679-5670-b210-de4f62ff2111,22231140-3780-5fe8-a7d4-d33f61d15111,botica,26f7241d-a84e-5e4a-a43d-33eea1e54eea,LT-000023-202407-1127,2027-05-18,0,ab4a547f-e75d-5601-8171-00da4efa4b57
2a9c31e2-f59c-55e5-bfe3-fd6e30b4803c,e8aeb018-f679-5670-b210-de4f62ff2111,d3961f5a-3ea7-53d3-89f4-78b65b0c0c6b,botica,43616d97-2221-569d-82eb-bcc14bcd6344,LT-000001-202407-1128,2026-12-16,0,76d6c9f4-5d7d-53c0-bb1f-2a577383765a
88a212eb-9f1c-52c4-bc55-15c556877118,e8aeb018-f679-5670-b210-de4f62ff2111,2933d8b7-2438-521b-b38d-d3a5224f87fc,botica,d6f21f11-7533-52dd-a4dc-2fb8e260c02c,LT-000002-202407-1129,2026-03-10,0,41cb90d0-d91a-57c2-b138-831be351479f
7ce5f171-a3e3-5afd-b269-344a44320a59,e8aeb018-f679-5670-b210-de4f62ff2111,22231140-3780-5fe8-a7d4-d33f61d15111,botica,8ecedccf-c230-516b-bbc2-108f7a6fbe63,LT-000023-202407-1130,2026-08-24,0,ab4a547f-e75d-5601-8171-00da4efa4b57
2bf92c66-362c-59ce-a1cd-f8ad2966c81e,e8aeb018-f679-5670-b210-de4f62ff2111,0ec23038-d3ab-588c-bbd6-1f5c744cdde1,botica,7fb983e8-6848-5425-97a2-14da72722d0f,LT-000025-202407-1131,2027-06-20,0,a6f6d890-1609-53fc-b4a6-5733ccc9d078
599fcf05-058e-537f-83a8-9261f64809d5,e8aeb018-f679-5670-b210-de4f62ff2111,058c6382-bde2-59d1-93ff-20c6161a4736,botica,26f7241d-a84e-5e4a-a43d-33eea1e54eea,LT-000009-202407-1132,2027-04-08,0,c6617891-56ff-5690-89a4-1ece06685ff5
9fd1120a-9b39-5bea-a4f1-716cd6140138,e8aeb018-f679-5670-b210-de4f62ff2111,d9506935-1215-5499-93c0-8bdd86ab9418,botica,26f7241d-a84e-5e4a-a43d-33eea1e54eea,LT-000029-202407-1133,2027-06-29,0,c6617891-56ff-5690-89a4-1ece06685ff5
3c637ae9-d54f-512c-b45f-b73c3bc1ae9f,e8aeb018-f679-5670-b210-de4f62ff2111,2933d8b7-2438-521b-b38d-d3a5224f87fc,botica,43616d97-2221-569d-82eb-bcc14bcd6344,LT-000002-202407-1134,2025-06-28,0,41cb90d0-d91a-57c2-b138-831be351479f
af49cd1c-2b0a-521c-be85-5484844a17c4,e8aeb018-f679-5670-b210-de4f62ff2111,042e2e80-f954-5df4-97be-29dd428cc598,botica,43616d97-2221-569d-82eb-bcc14bcd6344,LT-000004-202407-1135,2027-02-18,0,c6617891-56ff-5690-89a4-1ece06685ff5
628ecd63-9fc8-5b8f-aa46-e798dd31ddc5,e8aeb018-f679-5670-b210-de4f62ff2111,82cd11ba-d1a0-58b1-b14f-edd741f36e87,botica,43616d97-2221-569d-82eb-bcc14bcd6344,LT-000007-202407-1136,2026-09-11,0,41cb90d0-d91a-57c2-b138-831be351479f
9f101597-553c-5a3f-accd-a047c06c7885,e8aeb018-f679-5670-b210-de4f62ff2111,2082733c-4e17-51fe-bc8c-bf33d3ec5d7e,botica,43616d97-2221-569d-82eb-bcc14bcd6344,LT-000016-202407-1137,2025-02-02,0,76d6c9f4-5d7d-53c0-bb1f-2a577383765a
b74f8d66-1ae4-55c7-835b-843957a46ca4,e8aeb018-f679-5670-b210-de4f62ff2111,0ec23038-d3ab-588c-bbd6-1f5c744cdde1,botica,43616d97-2221-569d-82eb-bcc14bcd6344,LT-000025-202407-1138,2025-09-25,0,a6f6d890-1609-53fc-b4a6-5733ccc9d078
6157506d-2a6b-5408-bf67-a40c49e19051,e8aeb018-f679-5670-b210-de4f62ff2111,042e2e80-f954-5df4-97be-29dd428cc598,botica,d6f21f11-7533-52dd-a4dc-2fb8e260c02c,LT-000004-202407-1139,2026-06-20,0,c6617891-56ff-5690-89a4-1ece06685ff5
84996717-104e-50cc-a5b8-76070caace7d,e8aeb018-f679-5670-b210-de4f62ff2111,2082733c-4e17-51fe-bc8c-bf33d3ec5d7e,botica,8ecedccf-c230-516b-bbc2-108f7a6fbe63,LT-000016-202407-1140,2027-02-15,0,76d6c9f4-5d7d-53c0-bb1f-2a577383765a
af067dce-91d1-5dec-beee-3a9e3cccf0c4,e8aeb018-f679-5670-b210-de4f62ff2111,cd81184b-b6f1-563c-b463-36a69ddfb598,botica,8ecedccf-c230-516b-bbc2-108f7a6fbe63,LT-000026-202407-1141,2026-07-17,0,76d6c9f4-5d7d-53c0-bb1f-2a577383765a
2f730723-acd8-596b-ace7-20f20a802120,e8aeb018-f679-5670-b210-de4f62ff2111,c0cf5e5c-b5c9-585a-8e79-d9830bc954f6,botica,7fb983e8-6848-5425-97a2-14da72722d0f,LT-000011-202407-1142,2027-05-30,0,76d6c9f4-5d7d-53c0-bb1f-2a577383765a
855e2e64-de04-5bc4-ba36-fbc74de5e20b,e8aeb018-f679-5670-b210-de4f62ff2111,6d807393-f4ab-5f76-b544-251eeda27ba3,botica,43616d97-2221-569d-82eb-bcc14bcd6344,LT-000003-202407-1143,2026-02-20,0,ab4a547f-e75d-5601-8171-00da4efa4b57
5073af47-bf95-500b-b3d6-c41a4d038097,e8aeb018-f679-5670-b210-de4f62ff2111,82cd11ba-d1a0-58b1-b14f-edd741f36e87,botica,d6f21f11-7533-52dd-a4dc-2fb8e260c02c,LT-000007-202407-1144,2025-06-08,0,41cb90d0-d91a-57c2-b138-831be351479f
47b951ff-f260-5744-907f-96c47ccbe52d,e8aeb018-f679-5670-b210-de4f62ff2111,2897aac2-f219-5167-b800-73fac27f6b85,botica,d6f21f11-7533-52dd-a4dc-2fb8e260c02c,LT-000022-202407-1145,2026-02-01,0,41cb90d0-d91a-57c2-b138-831be351479f
ab810450-f64b-5a06-a4fb-8389d18c0492,e8aeb018-f679-5670-b210-de4f62ff2111,2933d8b7-2438-521b-b38d-d3a5224f87fc,botica,8ecedccf-c230-516b-bbc2-108f7a6fbe63,LT-000002-202407-1146,2027-04-24,0,41cb90d0-d91a-57c2-b138-831be351479f
80e60d3e-fa65-5cde-9750-4ffe8be2c904,e8aeb018-f679-5670-b210-de4f62ff2111,983871db-adfb-543e-b438-6b00044ffb64,botica,8ecedccf-c230-516b-bbc2-108f7a6fbe63,LT-000015-202407-1147,2025-09-27,0,a6f6d890-1609-53fc-b4a6-5733ccc9d078
fa6e596e-64ce-50d0-85f6-fd0c6019614a,e8aeb018-f679-5670-b210-de4f62ff2111,d2f08f15-f9f2-5f65-a740-b05896774467,botica,8ecedccf-c230-516b-bbc2-108f7a6fbe63,LT-000017-202407-1148,2026-04-25,0,41cb90d0-d91a-57c2-b138-831be351479f
e310e2ba-e6cc-53f1-9237-af76c2d13f5e,e8aeb018-f679-5670-b210-de4f62ff2111,2eb3a104-e572-583a-afa0-156ee0dc4cce,botica,8ecedccf-c230-516b-bbc2-108f7a6fbe63,LT-000019-202407-1149,2027-01-01,0,c6617891-56ff-5690-89a4-1ece06685ff5
bfd97ae0-306b-5eb8-ad57-a278ea385a2f,e8aeb018-f679-5670-b210-de4f62ff2111,9928e9a1-d9fc-5fdd-86c2-8909352fd7fe,botica,7fb983e8-6848-5425-97a2-14da72722d0f,LT-000005-202407-1150,2025-12-25,0,a6f6d890-1609-53fc-b4a6-5733ccc9d078
b4bb86c7-c727-5ca9-8459-f142437328ee,e8aeb018-f679-5670-b210-de4f62ff2111,07371b94-955f-52a4-9bf9-f0a6ad2b4fa8,botica,7fb983e8-6848-5425-97a2-14da72722d0f,LT-000008-202407-1151,2026-06-18,0,ab4a547f-e75d-5601-8171-00da4efa4b57
0f5e43d7-a356-5c21-88b7-88b0af81e54c,e8aeb018-f679-5670-b210-de4f62ff2111,0ec23038-d3ab-588c-bbd6-1f5c744cdde1,botica,26f7241d-a84e-5e4a-a43d-33eea1e54eea,LT-000025-202407-1152,2025-08-19,0,a6f6d890-1609-53fc-b4a6-5733ccc9d078
126b6954-68b1-553f-bf81-901876b25e47,e8aeb018-f679-5670-b210-de4f62ff2111,6d807393-f4ab-5f76-b544-251eeda27ba3,botica,d6f21f11-7533-52dd-a4dc-2fb8e260c02c,LT-000003-202407-1153,2025-09-13,0,ab4a547f-e75d-5601-8171-00da4efa4b57
0e48c8f8-6017-55a3-9bd6-0a73908123cc,e8aeb018-f679-5670-b210-de4f62ff2111,042e2e80-f954-5df4-97be-29dd428cc598,botica,7fb983e8-6848-5425-97a2-14da72722d0f,LT-000004-202407-1154,2027-03-27,0,c6617891-56ff-5690-89a4-1ece06685ff5
a22eb7e7-28d8-5884-857d-8b0158ad37bb,e8aeb018-f679-5670-b210-de4f62ff2111,9928e9a1-d9fc-5fdd-86c2-8909352fd7fe,botica,26f7241d-a84e-5e4a-a43d-33eea1e54eea,LT-000005-202407-1155,2026-07-23,0,a6f6d890-1609-53fc-b4a6-5733ccc9d078
4d17e8c9-0383-5a08-8465-187bd3895f37,e8aeb018-f679-5670-b210-de4f62ff2111,d0ae6d2d-e561-56b3-a2c1-113c1c56ae81,botica,d6f21f11-7533-52dd-a4dc-2fb8e260c02c,LT-000021-202407-1156,2025-08-15,0,76d6c9f4-5d7d-53c0-bb1f-2a577383765a
c92af0b0-f768-5531-a13e-827085cc0177,e8aeb018-f679-5670-b210-de4f62ff2111,38adf7ba-476e-5e6b-9163-781a13538253,botica,7fb983e8-6848-5425-97a2-14da72722d0f,LT-000012-202407-1157,2026-02-25,0,41cb90d0-d91a-57c2-b138-831be351479f
4a8d6a3a-9b70-5788-a280-fa84190803cd,e8aeb018-f679-5670-b210-de4f62ff2111,afe9d181-1c64-5cca-b4b7-a9fa24eceeea,botica,7fb983e8-6848-5425-97a2-14da72722d0f,LT-000020-202407-1158,2026-12-10,0,a6f6d890-1609-53fc-b4a6-5733ccc9d078
da52ad13-f3d1-5eae-bcaf-531dff6d043f,e8aeb018-f679-5670-b210-de4f62ff2111,2897aac2-f219-5167-b800-73fac27f6b85,botica,26f7241d-a84e-5e4a-a43d-33eea1e54eea,LT-000022-202407-1159,2025-09-10,0,41cb90d0-d91a-57c2-b138-831be351479f
9cf7265c-cdb7-57e6-ab9b-7e1c23048442,e8aeb018-f679-5670-b210-de4f62ff2111,9928e9a1-d9fc-5fdd-86c2-8909352fd7fe,botica,d6f21f11-7533-52dd-a4dc-2fb8e260c02c,LT-000005-202407-1160,2026-05-09,0,a6f6d890-1609-53fc-b4a6-5733ccc9d078
c18fb88a-57c4-5f99-9205-c7ca9cf4ff42,e8aeb018-f679-5670-b210-de4f62ff2111,012857cc-907f-5e7d-b8fb-796d2c9f1621,botica,d6f21f11-7533-52dd-a4dc-2fb8e260c02c,LT-000028-202407-1161,2027-06-17,0,ab4a547f-e75d-5601-8171-00da4efa4b57
172c37be-d55e-546c-b051-fde016fff87d,e8aeb018-f679-5670-b210-de4f62ff2111,9928e9a1-d9fc-5fdd-86c2-8909352fd7fe,botica,8ecedccf-c230-516b-bbc2-108f7a6fbe63,LT-000005-202407-1162,2027-04-21,0,a6f6d890-1609-53fc-b4a6-5733ccc9d078
1216bb93-df38-582d-a7e1-d02da19a2571,e8aeb018-f679-5670-b210-de4f62ff2111,2897aac2-f219-5167-b800-73fac27f6b85,botica,7fb983e8-6848-5425-97a2-14da72722d0f,LT-000022-202407-1163,2027-03-06,0,41cb90d0-d91a-57c2-b138-831be351479f
4244a9f6-1697-5079-a2e0-660702d0c9c6,e8aeb018-f679-5670-b210-de4f62ff2111,afe9d181-1c64-5cca-b4b7-a9fa24eceeea,botica,43616d97-2221-569d-82eb-bcc14bcd6344,LT-000020-202408-1164,2026-03-10,0,a6f6d890-1609-53fc-b4a6-5733ccc9d078
486e8023-164a-5b74-a7c0-b0cf8bb1d8b7,e8aeb018-f679-5670-b210-de4f62ff2111,22231140-3780-5fe8-a7d4-d33f61d15111,botica,d6f21f11-7533-52dd-a4dc-2fb8e260c02c,LT-000023-202408-1165,2025-02-08,0,ab4a547f-e75d-5601-8171-00da4efa4b57
5a3218ca-edb1-584c-96eb-6397c19c5c7b,e8aeb018-f679-5670-b210-de4f62ff2111,2897aac2-f219-5167-b800-73fac27f6b85,botica,8ecedccf-c230-516b-bbc2-108f7a6fbe63,LT-000022-202408-1166,2025-11-07,0,41cb90d0-d91a-57c2-b138-831be351479f
5a2bf689-1370-5931-8b55-6c450bbd0b83,e8aeb018-f679-5670-b210-de4f62ff2111,058c6382-bde2-59d1-93ff-20c6161a4736,botica,7fb983e8-6848-5425-97a2-14da72722d0f,LT-000009-202408-1167,2027-01-15,0,c6617891-56ff-5690-89a4-1ece06685ff5
95be5d5d-f58d-500d-b5e6-84646b2d2719,e8aeb018-f679-5670-b210-de4f62ff2111,6d807393-f4ab-5f76-b544-251eeda27ba3,botica,26f7241d-a84e-5e4a-a43d-33eea1e54eea,LT-000003-202408-1168,2026-07-31,0,ab4a547f-e75d-5601-8171-00da4efa4b57
27889c44-de1f-531f-aea1-fe739b097ff9,e8aeb018-f679-5670-b210-de4f62ff2111,5bbfdec8-65ae-59e6-b211-5eccb5b765fa,botica,26f7241d-a84e-5e4a-a43d-33eea1e54eea,LT-000006-202408-1169,2025-12-02,0,76d6c9f4-5d7d-53c0-bb1f-2a577383765a
e603f0ca-25ab-513e-ad72-64fb3d61fcb9,e8aeb018-f679-5670-b210-de4f62ff2111,983871db-adfb-543e-b438-6b00044ffb64,botica,26f7241d-a84e-5e4a-a43d-33eea1e54eea,LT-000015-202408-1170,2026-11-10,0,a6f6d890-1609-53fc-b4a6-5733ccc9d078
13d14b0f-7a2d-55d9-a952-0ea54be7dc68,e8aeb018-f679-5670-b210-de4f62ff2111,d2f08f15-f9f2-5f65-a740-b05896774467,botica,26f7241d-a84e-5e4a-a43d-33eea1e54eea,LT-000017-202408-1171,2026-12-14,0,41cb90d0-d91a-57c2-b138-831be351479f
c3719656-dd4a-5eef-906c-1edb8eb6e49b,e8aeb018-f679-5670-b210-de4f62ff2111,2eb3a104-e572-583a-afa0-156ee0dc4cce,botica,26f7241d-a84e-5e4a-a43d-33eea1e54eea,LT-000019-202408-1172,2027-02-07,0,c6617891-56ff-5690-89a4-1ece06685ff5
fdc338ea-36c9-5b57-b1e4-1acb6eb137f4,e8aeb018-f679-5670-b210-de4f62ff2111,058c6382-bde2-59d1-93ff-20c6161a4736,botica,d6f21f11-7533-52dd-a4dc-2fb8e260c02c,LT-000009-202408-1173,2026-02-24,0,c6617891-56ff-5690-89a4-1ece06685ff5
eaff22a1-2e34-5526-82b7-fdb1476f2eae,e8aeb018-f679-5670-b210-de4f62ff2111,6d807393-f4ab-5f76-b544-251eeda27ba3,botica,8ecedccf-c230-516b-bbc2-108f7a6fbe63,LT-000003-202408-1174,2027-03-30,0,ab4a547f-e75d-5601-8171-00da4efa4b57
ea08021b-9ea5-58ed-9601-bfcd280f33f7,e8aeb018-f679-5670-b210-de4f62ff2111,d0ae6d2d-e561-56b3-a2c1-113c1c56ae81,botica,8ecedccf-c230-516b-bbc2-108f7a6fbe63,LT-000021-202408-1175,2025-02-22,0,76d6c9f4-5d7d-53c0-bb1f-2a577383765a
a6ab60eb-b223-5458-a89f-cc87ba0b3bf4,e8aeb018-f679-5670-b210-de4f62ff2111,22231140-3780-5fe8-a7d4-d33f61d15111,botica,7fb983e8-6848-5425-97a2-14da72722d0f,LT-000023-202408-1176,2026-02-23,0,ab4a547f-e75d-5601-8171-00da4efa4b57
6095bd3c-c22e-5671-aaed-e661a00fa39a,e8aeb018-f679-5670-b210-de4f62ff2111,012857cc-907f-5e7d-b8fb-796d2c9f1621,botica,7fb983e8-6848-5425-97a2-14da72722d0f,LT-000028-202408-1177,2026-06-24,0,ab4a547f-e75d-5601-8171-00da4efa4b57
a7f04519-5a12-5855-b3a8-f8a4d2951989,e8aeb018-f679-5670-b210-de4f62ff2111,87b859e0-789a-56e6-b1ba-4fe76221d3bf,botica,26f7241d-a84e-5e4a-a43d-33eea1e54eea,LT-000014-202408-1178,2025-07-10,0,c6617891-56ff-5690-89a4-1ece06685ff5
d6bb37c4-70f8-5863-8623-9ccb5937305f,e8aeb018-f679-5670-b210-de4f62ff2111,012857cc-907f-5e7d-b8fb-796d2c9f1621,botica,26f7241d-a84e-5e4a-a43d-33eea1e54eea,LT-000028-202408-1179,2025-12-22,0,ab4a547f-e75d-5601-8171-00da4efa4b57
94f9a4b7-12f6-51e6-8ac6-90ee92002be8,e8aeb018-f679-5670-b210-de4f62ff2111,1e9605fd-5682-52b6-8f05-e8a92dd44513,botica,26f7241d-a84e-5e4a-a43d-33eea1e54eea,LT-000030-202408-1180,2025-09-07,0,a6f6d890-1609-53fc-b4a6-5733ccc9d078
7bafb18a-b753-5a99-9fe7-f750f086088b,e8aeb018-f679-5670-b210-de4f62ff2111,07371b94-955f-52a4-9bf9-f0a6ad2b4fa8,botica,43616d97-2221-569d-82eb-bcc14bcd6344,LT-000008-202408-1181,2026-06-17,0,ab4a547f-e75d-5601-8171-00da4efa4b57
572f8b23-bccd-5c13-9401-3c6fa0c266e9,e8aeb018-f679-5670-b210-de4f62ff2111,012857cc-907f-5e7d-b8fb-796d2c9f1621,botica,43616d97-2221-569d-82eb-bcc14bcd6344,LT-000028-202408-1182,2025-11-07,0,ab4a547f-e75d-5601-8171-00da4efa4b57
6b36b9ad-39ff-5c0e-af01-d0a2e5c4375b,e8aeb018-f679-5670-b210-de4f62ff2111,c0cf5e5c-b5c9-585a-8e79-d9830bc954f6,botica,d6f21f11-7533-52dd-a4dc-2fb8e260c02c,LT-000011-202408-1183,2026-08-04,0,76d6c9f4-5d7d-53c0-bb1f-2a577383765a
2f1d1d69-fc64-5d40-93f3-bb33c14283aa,e8aeb018-f679-5670-b210-de4f62ff2111,0ec23038-d3ab-588c-bbd6-1f5c744cdde1,botica,d6f21f11-7533-52dd-a4dc-2fb8e260c02c,LT-000025-202408-1184,2026-09-30,0,a6f6d890-1609-53fc-b4a6-5733ccc9d078
68da4bf0-dd6f-5ef6-994f-b69d31d7d41e,e8aeb018-f679-5670-b210-de4f62ff2111,5bbfdec8-65ae-59e6-b211-5eccb5b765fa,botica,7fb983e8-6848-5425-97a2-14da72722d0f,LT-000006-202408-1185,2027-06-15,0,76d6c9f4-5d7d-53c0-bb1f-2a577383765a
5897230e-258e-5d63-9f3f-16cdcfe88f42,e8aeb018-f679-5670-b210-de4f62ff2111,87b859e0-789a-56e6-b1ba-4fe76221d3bf,botica,7fb983e8-6848-5425-97a2-14da72722d0f,LT-000014-202408-1186,2027-06-22,0,c6617891-56ff-5690-89a4-1ece06685ff5
1f9f744a-4fb1-5a48-bb9d-0097607e9b7e,e8aeb018-f679-5670-b210-de4f62ff2111,5bbfdec8-65ae-59e6-b211-5eccb5b765fa,botica,d6f21f11-7533-52dd-a4dc-2fb8e260c02c,LT-000006-202408-1187,2027-05-10,0,76d6c9f4-5d7d-53c0-bb1f-2a577383765a
19dd58dc-291a-52e4-8a51-4a262206acd8,e8aeb018-f679-5670-b210-de4f62ff2111,38adf7ba-476e-5e6b-9163-781a13538253,botica,d6f21f11-7533-52dd-a4dc-2fb8e260c02c,LT-000012-202408-1188,2026-06-04,0,41cb90d0-d91a-57c2-b138-831be351479f
1c87ffd4-77a7-5eb4-aa50-cfb397d59ea9,e8aeb018-f679-5670-b210-de4f62ff2111,d3961f5a-3ea7-53d3-89f4-78b65b0c0c6b,botica,8ecedccf-c230-516b-bbc2-108f7a6fbe63,LT-000001-202408-1189,2026-01-05,0,76d6c9f4-5d7d-53c0-bb1f-2a577383765a
d3c0cad2-eab3-5a29-ad2d-6f3a631d20c7,e8aeb018-f679-5670-b210-de4f62ff2111,87b859e0-789a-56e6-b1ba-4fe76221d3bf,botica,8ecedccf-c230-516b-bbc2-108f7a6fbe63,LT-000014-202408-1190,2025-03-06,0,c6617891-56ff-5690-89a4-1ece06685ff5
0b08eb1a-6e57-5677-b0af-dc655b30ba9b,e8aeb018-f679-5670-b210-de4f62ff2111,d3961f5a-3ea7-53d3-89f4-78b65b0c0c6b,botica,26f7241d-a84e-5e4a-a43d-33eea1e54eea,LT-000001-202408-1191,2026-06-26,0,76d6c9f4-5d7d-53c0-bb1f-2a577383765a
9f170f19-f778-51f6-adcc-5659aa5c7ffa,e8aeb018-f679-5670-b210-de4f62ff2111,042e2e80-f954-5df4-97be-29dd428cc598,botica,26f7241d-a84e-5e4a-a43d-33eea1e54eea,LT-000004-202408-1192,2025-03-30,0,c6617891-56ff-5690-89a4-1ece06685ff5
0282157f-9583-5ebb-bc23-0e8c7fe03796,e8aeb018-f679-5670-b210-de4f62ff2111,07371b94-955f-52a4-9bf9-f0a6ad2b4fa8,botica,26f7241d-a84e-5e4a-a43d-33eea1e54eea,LT-000008-202408-1193,2025-12-14,0,ab4a547f-e75d-5601-8171-00da4efa4b57
f7831822-4c5c-5306-94e9-7a84ab67eb31,e8aeb018-f679-5670-b210-de4f62ff2111,97d26d91-c562-5f27-9ebd-285e89c8f4bf,botica,26f7241d-a84e-5e4a-a43d-33eea1e54eea,LT-000018-202408-1194,2026-12-31,0,ab4a547f-e75d-5601-8171-00da4efa4b57
27668d41-62b1-52e4-84a8-f2f119fc35ed,e8aeb018-f679-5670-b210-de4f62ff2111,d0ae6d2d-e561-56b3-a2c1-113c1c56ae81,botica,26f7241d-a84e-5e4a-a43d-33eea1e54eea,LT-000021-202408-1195,2025-11-03,0,76d6c9f4-5d7d-53c0-bb1f-2a577383765a
6b44d7a5-43fb-584b-8b2f-2091a09dcb79,e8aeb018-f679-5670-b210-de4f62ff2111,1ca3438e-9e23-58f0-a35f-f15f7a23beb9,botica,26f7241d-a84e-5e4a-a43d-33eea1e54eea,LT-000024-202408-1196,2025-03-05,0,c6617891-56ff-5690-89a4-1ece06685ff5
2502e3bf-50cc-5426-97ad-6a6e35cd1ba5,e8aeb018-f679-5670-b210-de4f62ff2111,87b859e0-789a-56e6-b1ba-4fe76221d3bf,botica,43616d97-2221-569d-82eb-bcc14bcd6344,LT-000014-202408-1197,2027-08-05,0,c6617891-56ff-5690-89a4-1ece06685ff5
b93dc961-8ba6-58ec-aa08-858a11604b81,e8aeb018-f679-5670-b210-de4f62ff2111,07371b94-955f-52a4-9bf9-f0a6ad2b4fa8,botica,8ecedccf-c230-516b-bbc2-108f7a6fbe63,LT-000008-202408-1198,2025-12-16,0,ab4a547f-e75d-5601-8171-00da4efa4b57
310d6c7a-7bab-551b-b2dd-1d8fe193db21,e8aeb018-f679-5670-b210-de4f62ff2111,1ca3438e-9e23-58f0-a35f-f15f7a23beb9,botica,8ecedccf-c230-516b-bbc2-108f7a6fbe63,LT-000024-202408-1199,2025-11-13,0,c6617891-56ff-5690-89a4-1ece06685ff5
ad538962-e545-5aac-aa9f-2cb96d5ea126,e8aeb018-f679-5670-b210-de4f62ff2111,0ec23038-d3ab-588c-bbd6-1f5c744cdde1,botica,8ecedccf-c230-516b-bbc2-108f7a6fbe63,LT-000025-202408-1200,2027-04-05,0,a6f6d890-1609-53fc-b4a6-5733ccc9d078
04f7d649-8c88-55c5-9776-8454eadd56db,e8aeb018-f679-5670-b210-de4f62ff2111,d9506935-1215-5499-93c0-8bdd86ab9418,botica,8ecedccf-c230-516b-bbc2-108f7a6fbe63,LT-000029-202408-1201,2027-05-09,0,c6617891-56ff-5690-89a4-1ece06685ff5
f52b8526-95aa-52b2-b7a0-1d05bdb4ab7f,e8aeb018-f679-5670-b210-de4f62ff2111,6d807393-f4ab-5f76-b544-251eeda27ba3,botica,7fb983e8-6848-5425-97a2-14da72722d0f,LT-000003-202408-1202,2025-04-05,0,ab4a547f-e75d-5601-8171-00da4efa4b57
1bc77f6f-4ae8-5fc4-8c70-49772945525f,e8aeb018-f679-5670-b210-de4f62ff2111,97d26d91-c562-5f27-9ebd-285e89c8f4bf,botica,7fb983e8-6848-5425-97a2-14da72722d0f,LT-000018-202408-1203,2025-10-13,0,ab4a547f-e75d-5601-8171-00da4efa4b57
5da6c702-ec3f-53a6-94d0-50682483caaf,e8aeb018-f679-5670-b210-de4f62ff2111,22231140-3780-5fe8-a7d4-d33f61d15111,botica,26f7241d-a84e-5e4a-a43d-33eea1e54eea,LT-000023-202408-1204,2026-03-16,0,ab4a547f-e75d-5601-8171-00da4efa4b57
6403088e-f150-549e-a036-4b57bc845f0f,e8aeb018-f679-5670-b210-de4f62ff2111,2897aac2-f219-5167-b800-73fac27f6b85,botica,43616d97-2221-569d-82eb-bcc14bcd6344,LT-000022-202408-1205,2025-11-05,0,41cb90d0-d91a-57c2-b138-831be351479f
04380d53-2d0a-514c-8786-4f19e45cc047,e8aeb018-f679-5670-b210-de4f62ff2111,22231140-3780-5fe8-a7d4-d33f61d15111,botica,43616d97-2221-569d-82eb-bcc14bcd6344,LT-000023-202408-1206,2025-04-27,0,ab4a547f-e75d-5601-8171-00da4efa4b57
2ba39758-9398-56ae-97fe-95efac9f0d57,e8aeb018-f679-5670-b210-de4f62ff2111,94e18241-54bd-5516-b36f-94ab6e323aca,botica,8ecedccf-c230-516b-bbc2-108f7a6fbe63,LT-000013-202408-1207,2027-03-03,0,ab4a547f-e75d-5601-8171-00da4efa4b57
61895c21-9371-5ad6-94c3-4c0d5ab03b32,e8aeb018-f679-5670-b210-de4f62ff2111,2933d8b7-2438-521b-b38d-d3a5224f87fc,botica,7fb983e8-6848-5425-97a2-14da72722d0f,LT-000002-202408-1208,2026-07-26,0,41cb90d0-d91a-57c2-b138-831be351479f
1f5a920a-f03f-5aa6-b326-d0b5061ad33e,e8aeb018-f679-5670-b210-de4f62ff2111,82cd11ba-d1a0-58b1-b14f-edd741f36e87,botica,7fb983e8-6848-5425-97a2-14da72722d0f,LT-000007-202408-1209,2025-12-12,0,41cb90d0-d91a-57c2-b138-831be351479f
2ae68b32-0b93-5e67-838a-3b68f94684e1,e8aeb018-f679-5670-b210-de4f62ff2111,22231140-3780-5fe8-a7d4-d33f61d15111,botica,8ecedccf-c230-516b-bbc2-108f7a6fbe63,LT-000023-202408-1210,2025-02-28,0,ab4a547f-e75d-5601-8171-00da4efa4b57
d9927a74-8b98-559a-8359-169d81b617ef,e8aeb018-f679-5670-b210-de4f62ff2111,cd81184b-b6f1-563c-b463-36a69ddfb598,botica,7fb983e8-6848-5425-97a2-14da72722d0f,LT-000026-202408-1211,2027-01-21,0,76d6c9f4-5d7d-53c0-bb1f-2a577383765a
608d26bf-9d63-5a67-930f-05c634ad35ed,e8aeb018-f679-5670-b210-de4f62ff2111,82cd11ba-d1a0-58b1-b14f-edd741f36e87,botica,26f7241d-a84e-5e4a-a43d-33eea1e54eea,LT-000007-202408-1212,2027-05-21,0,41cb90d0-d91a-57c2-b138-831be351479f
bddb3f78-4d8b-5a71-a2ac-6ea7c419065a,e8aeb018-f679-5670-b210-de4f62ff2111,5bbfdec8-65ae-59e6-b211-5eccb5b765fa,botica,43616d97-2221-569d-82eb-bcc14bcd6344,LT-000006-202408-1213,2026-04-16,0,76d6c9f4-5d7d-53c0-bb1f-2a577383765a
bd726e54-db6e-55be-b56e-55bd3d6f1ca8,e8aeb018-f679-5670-b210-de4f62ff2111,07371b94-955f-52a4-9bf9-f0a6ad2b4fa8,botica,d6f21f11-7533-52dd-a4dc-2fb8e260c02c,LT-000008-202408-1214,2025-08-19,0,ab4a547f-e75d-5601-8171-00da4efa4b57
282084a7-a73b-5807-a09a-83ca433ee2a4,e8aeb018-f679-5670-b210-de4f62ff2111,94e18241-54bd-5516-b36f-94ab6e323aca,botica,d6f21f11-7533-52dd-a4dc-2fb8e260c02c,LT-000013-202408-1215,2027-03-10,0,ab4a547f-e75d-5601-8171-00da4efa4b57
8f2e4797-3eff-58c8-a621-73947c7cd86c,e8aeb018-f679-5670-b210-de4f62ff2111,042e2e80-f954-5df4-97be-29dd428cc598,botica,8ecedccf-c230-516b-bbc2-108f7a6fbe63,LT-000004-202408-1216,2025-05-22,0,c6617891-56ff-5690-89a4-1ece06685ff5
f1f85b39-2129-5611-9174-2449342416a0,e8aeb018-f679-5670-b210-de4f62ff2111,5bbfdec8-65ae-59e6-b211-5eccb5b765fa,botica,8ecedccf-c230-516b-bbc2-108f7a6fbe63,LT-000006-202408-1217,2027-07-14,0,76d6c9f4-5d7d-53c0-bb1f-2a577383765a
9e9da246-d54e-5fec-b50d-bb455d07d4f1,e8aeb018-f679-5670-b210-de4f62ff2111,1ca3438e-9e23-58f0-a35f-f15f7a23beb9,botica,7fb983e8-6848-5425-97a2-14da72722d0f,LT-000024-202408-1218,2025-08-19,0,c6617891-56ff-5690-89a4-1ece06685ff5
851cca6c-5f96-5a56-afbc-bb0c2d07f4cf,e8aeb018-f679-5670-b210-de4f62ff2111,d3961f5a-3ea7-53d3-89f4-78b65b0c0c6b,botica,d6f21f11-7533-52dd-a4dc-2fb8e260c02c,LT-000001-202408-1219,2027-06-28,0,76d6c9f4-5d7d-53c0-bb1f-2a577383765a
3ef798bc-314d-5f74-aedf-272bcdcb9bf4,e8aeb018-f679-5670-b210-de4f62ff2111,d3961f5a-3ea7-53d3-89f4-78b65b0c0c6b,botica,7fb983e8-6848-5425-97a2-14da72722d0f,LT-000001-202408-1220,2027-01-05,0,76d6c9f4-5d7d-53c0-bb1f-2a577383765a
fa2ebd2a-a284-5abd-addc-a2122c13f9ef,e8aeb018-f679-5670-b210-de4f62ff2111,07371b94-955f-52a4-9bf9-f0a6ad2b4fa8,botica,7fb983e8-6848-5425-97a2-14da72722d0f,LT-000008-202408-1221,2027-08-05,0,ab4a547f-e75d-5601-8171-00da4efa4b57
ccbda219-3a1b-56f7-9d2e-414b680cdf15,e8aeb018-f679-5670-b210-de4f62ff2111,d0ae6d2d-e561-56b3-a2c1-113c1c56ae81,botica,7fb983e8-6848-5425-97a2-14da72722d0f,LT-000021-202408-1222,2026-02-04,0,76d6c9f4-5d7d-53c0-bb1f-2a577383765a
20ca48f9-a803-5a51-9443-a40c81117f74,e8aeb018-f679-5670-b210-de4f62ff2111,2897aac2-f219-5167-b800-73fac27f6b85,botica,26f7241d-a84e-5e4a-a43d-33eea1e54eea,LT-000022-202408-1223,2025-06-20,0,41cb90d0-d91a-57c2-b138-831be351479f
81e6afec-4acd-5873-9a65-058bb599ec80,e8aeb018-f679-5670-b210-de4f62ff2111,058c6382-bde2-59d1-93ff-20c6161a4736,botica,43616d97-2221-569d-82eb-bcc14bcd6344,LT-000009-202408-1224,2027-08-11,0,c6617891-56ff-5690-89a4-1ece06685ff5
bc77b68d-6bc7-5638-9f74-f5341e46b5a8,e8aeb018-f679-5670-b210-de4f62ff2111,4d9429b6-2ebf-5b5d-ac48-f779d5a1e270,botica,43616d97-2221-569d-82eb-bcc14bcd6344,LT-000010-202408-1225,2026-05-19,0,a6f6d890-1609-53fc-b4a6-5733ccc9d078
fcc192af-866f-5a66-8ed3-555557b54155,e8aeb018-f679-5670-b210-de4f62ff2111,c0cf5e5c-b5c9-585a-8e79-d9830bc954f6,botica,8ecedccf-c230-516b-bbc2-108f7a6fbe63,LT-000011-202408-1226,2025-08-15,0,76d6c9f4-5d7d-53c0-bb1f-2a577383765a
65594ed4-3792-5a19-9a30-1e4f2ae0233a,e8aeb018-f679-5670-b210-de4f62ff2111,97d26d91-c562-5f27-9ebd-285e89c8f4bf,botica,8ecedccf-c230-516b-bbc2-108f7a6fbe63,LT-000018-202408-1227,2027-04-29,0,ab4a547f-e75d-5601-8171-00da4efa4b57
0f024919-c195-56d6-a357-082a8b48c6dd,e8aeb018-f679-5670-b210-de4f62ff2111,2082733c-4e17-51fe-bc8c-bf33d3ec5d7e,botica,7fb983e8-6848-5425-97a2-14da72722d0f,LT-000016-202408-1228,2027-03-25,0,76d6c9f4-5d7d-53c0-bb1f-2a577383765a
dceae80a-d206-5108-b736-60dc49324da8,e8aeb018-f679-5670-b210-de4f62ff2111,94e18241-54bd-5516-b36f-94ab6e323aca,botica,26f7241d-a84e-5e4a-a43d-33eea1e54eea,LT-000013-202408-1229,2027-04-07,0,ab4a547f-e75d-5601-8171-00da4efa4b57
a3ff4077-3ddf-52f2-8b03-39df4425801c,e8aeb018-f679-5670-b210-de4f62ff2111,2933d8b7-2438-521b-b38d-d3a5224f87fc,botica,43616d97-2221-569d-82eb-bcc14bcd6344,LT-000002-202408-1230,2026-10-30,0,41cb90d0-d91a-57c2-b138-831be351479f
b3f2a5c1-6f83-5655-9479-8d931623f600,e8aeb018-f679-5670-b210-de4f62ff2111,d2f08f15-f9f2-5f65-a740-b05896774467,botica,43616d97-2221-569d-82eb-bcc14bcd6344,LT-000017-202408-1231,2026-07-10,0,41cb90d0-d91a-57c2-b138-831be351479f
bb7ab586-6f6b-55c6-8cd3-c21be28d9347,e8aeb018-f679-5670-b210-de4f62ff2111,97d26d91-c562-5f27-9ebd-285e89c8f4bf,botica,43616d97-2221-569d-82eb-bcc14bcd6344,LT-000018-202408-1232,2026-12-06,0,ab4a547f-e75d-5601-8171-00da4efa4b57
20435053-d06a-5849-8f11-47244bdb92d9,e8aeb018-f679-5670-b210-de4f62ff2111,d0ae6d2d-e561-56b3-a2c1-113c1c56ae81,botica,43616d97-2221-569d-82eb-bcc14bcd6344,LT-000021-202408-1233,2026-01-26,0,76d6c9f4-5d7d-53c0-bb1f-2a577383765a
257481e7-340c-5613-a895-ccf89e1d0a18,e8aeb018-f679-5670-b210-de4f62ff2111,cd81184b-b6f1-563c-b463-36a69ddfb598,botica,d6f21f11-7533-52dd-a4dc-2fb8e260c02c,LT-000026-202408-1234,2025-08-30,0,76d6c9f4-5d7d-53c0-bb1f-2a577383765a
b66ece5e-b6cd-5b54-a669-3d17893e556d,e8aeb018-f679-5670-b210-de4f62ff2111,058c6382-bde2-59d1-93ff-20c6161a4736,botica,8ecedccf-c230-516b-bbc2-108f7a6fbe63,LT-000009-202408-1235,2026-11-17,0,c6617891-56ff-5690-89a4-1ece06685ff5
f5b86a8b-d289-5d73-9705-ebc6e03a2e16,e8aeb018-f679-5670-b210-de4f62ff2111,38adf7ba-476e-5e6b-9163-781a13538253,botica,8ecedccf-c230-516b-bbc2-108f7a6fbe63,LT-000012-202408-1236,2027-03-18,0,41cb90d0-d91a-57c2-b138-831be351479f
82c55e40-1aca-53ce-bd55-89b5cde1e3fe,e8aeb018-f679-5670-b210-de4f62ff2111,6d807393-f4ab-5f76-b544-251eeda27ba3,botica,26f7241d-a84e-5e4a-a43d-33eea1e54eea,LT-000003-202408-1237,2026-03-31,0,ab4a547f-e75d-5601-8171-00da4efa4b57
6ba9284d-a497-56ca-9380-3b5a5eb5e75f,e8aeb018-f679-5670-b210-de4f62ff2111,d3961f5a-3ea7-53d3-89f4-78b65b0c0c6b,botica,43616d97-2221-569d-82eb-bcc14bcd6344,LT-000001-202408-1238,2025-06-02,0,76d6c9f4-5d7d-53c0-bb1f-2a577383765a
6b8fa49d-8354-5665-8b6d-bc291aab8076,e8aeb018-f679-5670-b210-de4f62ff2111,6d807393-f4ab-5f76-b544-251eeda27ba3,botica,43616d97-2221-569d-82eb-bcc14bcd6344,LT-000003-202408-1239,2027-07-09,0,ab4a547f-e75d-5601-8171-00da4efa4b57
320b705a-9074-5e88-b669-d70492210dd1,e8aeb018-f679-5670-b210-de4f62ff2111,07371b94-955f-52a4-9bf9-f0a6ad2b4fa8,botica,43616d97-2221-569d-82eb-bcc14bcd6344,LT-000008-202408-1240,2027-06-18,0,ab4a547f-e75d-5601-8171-00da4efa4b57
fcb4f63a-304d-59bc-958d-badd30a5f412,e8aeb018-f679-5670-b210-de4f62ff2111,82cd11ba-d1a0-58b1-b14f-edd741f36e87,botica,8ecedccf-c230-516b-bbc2-108f7a6fbe63,LT-000007-202408-1241,2025-11-03,0,41cb90d0-d91a-57c2-b138-831be351479f
6c18e808-b6b9-5bb5-84fe-4b9f4fe2dcf1,e8aeb018-f679-5670-b210-de4f62ff2111,d2f08f15-f9f2-5f65-a740-b05896774467,botica,7fb983e8-6848-5425-97a2-14da72722d0f,LT-000017-202408-1242,2027-01-03,0,41cb90d0-d91a-57c2-b138-831be351479f
fcf7b315-49ca-584b-a26a-969fb8b6c541,e8aeb018-f679-5670-b210-de4f62ff2111,cd81184b-b6f1-563c-b463-36a69ddfb598,botica,26f7241d-a84e-5e4a-a43d-33eea1e54eea,LT-000026-202408-1243,2025-05-07,0,76d6c9f4-5d7d-53c0-bb1f-2a577383765a
fbc52dc5-9a11-59f2-aa78-6760fb95f2e1,e8aeb018-f679-5670-b210-de4f62ff2111,9928e9a1-d9fc-5fdd-86c2-8909352fd7fe,botica,43616d97-2221-569d-82eb-bcc14bcd6344,LT-000005-202408-1244,2027-05-09,0,a6f6d890-1609-53fc-b4a6-5733ccc9d078
9a774194-034a-5944-8514-4a1a9cb2e43b,e8aeb018-f679-5670-b210-de4f62ff2111,2eb3a104-e572-583a-afa0-156ee0dc4cce,botica,43616d97-2221-569d-82eb-bcc14bcd6344,LT-000019-202408-1245,2026-01-03,0,c6617891-56ff-5690-89a4-1ece06685ff5
808963df-0612-56a4-a97b-1a71e296180c,e8aeb018-f679-5670-b210-de4f62ff2111,cd81184b-b6f1-563c-b463-36a69ddfb598,botica,43616d97-2221-569d-82eb-bcc14bcd6344,LT-000026-202408-1246,2025-11-16,0,76d6c9f4-5d7d-53c0-bb1f-2a577383765a
dc5d7e21-7fe3-5aff-88a1-970259433451,e8aeb018-f679-5670-b210-de4f62ff2111,6baabed2-52d7-5cb7-bf74-86c7cb3e4f07,botica,43616d97-2221-569d-82eb-bcc14bcd6344,LT-000027-202408-1247,2025-07-21,0,41cb90d0-d91a-57c2-b138-831be351479f
bd857661-176f-52a6-b31d-07b04f77eec9,e8aeb018-f679-5670-b210-de4f62ff2111,d9506935-1215-5499-93c0-8bdd86ab9418,botica,43616d97-2221-569d-82eb-bcc14bcd6344,LT-000029-202408-1248,2026-09-17,0,c6617891-56ff-5690-89a4-1ece06685ff5
0e6fbfc0-271b-58f1-ba1c-689b5e67e8e7,e8aeb018-f679-5670-b210-de4f62ff2111,2933d8b7-2438-521b-b38d-d3a5224f87fc,botica,d6f21f11-7533-52dd-a4dc-2fb8e260c02c,LT-000002-202408-1249,2026-05-07,0,41cb90d0-d91a-57c2-b138-831be351479f
97ce3a7c-261d-528c-ab6f-6b42ff0983e2,e8aeb018-f679-5670-b210-de4f62ff2111,afe9d181-1c64-5cca-b4b7-a9fa24eceeea,botica,8ecedccf-c230-516b-bbc2-108f7a6fbe63,LT-000020-202408-1250,2027-05-23,0,a6f6d890-1609-53fc-b4a6-5733ccc9d078
a8dfee30-4f20-58b4-9237-7f2221203e7c,e8aeb018-f679-5670-b210-de4f62ff2111,6baabed2-52d7-5cb7-bf74-86c7cb3e4f07,botica,8ecedccf-c230-516b-bbc2-108f7a6fbe63,LT-000027-202408-1251,2025-07-20,0,41cb90d0-d91a-57c2-b138-831be351479f
f6eb4562-cf4b-53ae-8ba4-a72de14e4d9a,e8aeb018-f679-5670-b210-de4f62ff2111,07371b94-955f-52a4-9bf9-f0a6ad2b4fa8,botica,26f7241d-a84e-5e4a-a43d-33eea1e54eea,LT-000008-202408-1252,2025-06-27,0,ab4a547f-e75d-5601-8171-00da4efa4b57
69414559-055d-5161-96ad-6da96f028c5a,e8aeb018-f679-5670-b210-de4f62ff2111,4d9429b6-2ebf-5b5d-ac48-f779d5a1e270,botica,26f7241d-a84e-5e4a-a43d-33eea1e54eea,LT-000010-202408-1253,2026-12-18,0,a6f6d890-1609-53fc-b4a6-5733ccc9d078
e007eda0-233c-562b-8d88-04b1a233e7e5,e8aeb018-f679-5670-b210-de4f62ff2111,87b859e0-789a-56e6-b1ba-4fe76221d3bf,botica,d6f21f11-7533-52dd-a4dc-2fb8e260c02c,LT-000014-202408-1254,2025-11-20,0,c6617891-56ff-5690-89a4-1ece06685ff5
873238c3-6ba4-5b60-b818-8ecad5884b3b,e8aeb018-f679-5670-b210-de4f62ff2111,012857cc-907f-5e7d-b8fb-796d2c9f1621,botica,8ecedccf-c230-516b-bbc2-108f7a6fbe63,LT-000028-202408-1255,2026-02-23,0,ab4a547f-e75d-5601-8171-00da4efa4b57
11995edd-4213-56f5-a239-2a0473a7edb7,e8aeb018-f679-5670-b210-de4f62ff2111,6baabed2-52d7-5cb7-bf74-86c7cb3e4f07,botica,7fb983e8-6848-5425-97a2-14da72722d0f,LT-000027-202408-1256,2026-09-30,0,41cb90d0-d91a-57c2-b138-831be351479f
158ca431-be53-5a22-9c7c-0c9cac8efad0,e8aeb018-f679-5670-b210-de4f62ff2111,2933d8b7-2438-521b-b38d-d3a5224f87fc,botica,26f7241d-a84e-5e4a-a43d-33eea1e54eea,LT-000002-202408-1257,2026-01-22,0,41cb90d0-d91a-57c2-b138-831be351479f
89a438af-6c80-5cbd-aed9-2db8c69512d4,e8aeb018-f679-5670-b210-de4f62ff2111,983871db-adfb-543e-b438-6b00044ffb64,botica,d6f21f11-7533-52dd-a4dc-2fb8e260c02c,LT-000015-202408-1258,2026-06-24,0,a6f6d890-1609-53fc-b4a6-5733ccc9d078
001776c8-88f0-55a7-a2a6-d1896b0c88bc,e8aeb018-f679-5670-b210-de4f62ff2111,4d9429b6-2ebf-5b5d-ac48-f779d5a1e270,botica,8ecedccf-c230-516b-bbc2-108f7a6fbe63,LT-000010-202408-1259,2027-02-26,0,a6f6d890-1609-53fc-b4a6-5733ccc9d078
2cb79a36-1a85-55de-b108-95ddad50b365,e8aeb018-f679-5670-b210-de4f62ff2111,38adf7ba-476e-5e6b-9163-781a13538253,botica,7fb983e8-6848-5425-97a2-14da72722d0f,LT-000012-202408-1260,2026-08-19,0,41cb90d0-d91a-57c2-b138-831be351479f
c509350f-233d-5b63-8704-48f55aae508e,e8aeb018-f679-5670-b210-de4f62ff2111,983871db-adfb-543e-b438-6b00044ffb64,botica,7fb983e8-6848-5425-97a2-14da72722d0f,LT-000015-202408-1261,2026-03-05,0,a6f6d890-1609-53fc-b4a6-5733ccc9d078
946ab0cf-c61a-579e-8d2d-ebfff5a9c3e0,e8aeb018-f679-5670-b210-de4f62ff2111,058c6382-bde2-59d1-93ff-20c6161a4736,botica,26f7241d-a84e-5e4a-a43d-33eea1e54eea,LT-000009-202408-1262,2025-02-27,0,c6617891-56ff-5690-89a4-1ece06685ff5
55a8f5b7-bc07-560c-9dd4-21f3766eb20b,e8aeb018-f679-5670-b210-de4f62ff2111,6baabed2-52d7-5cb7-bf74-86c7cb3e4f07,botica,26f7241d-a84e-5e4a-a43d-33eea1e54eea,LT-000027-202408-1263,2025-02-27,0,41cb90d0-d91a-57c2-b138-831be351479f
09e05542-bb06-5b37-b8e2-e04ae341b927,e8aeb018-f679-5670-b210-de4f62ff2111,82cd11ba-d1a0-58b1-b14f-edd741f36e87,botica,43616d97-2221-569d-82eb-bcc14bcd6344,LT-000007-202408-1264,2026-07-08,0,41cb90d0-d91a-57c2-b138-831be351479f
e4a2337a-f8cd-5f0b-b989-6d01b8bff33a,e8aeb018-f679-5670-b210-de4f62ff2111,042e2e80-f954-5df4-97be-29dd428cc598,botica,d6f21f11-7533-52dd-a4dc-2fb8e260c02c,LT-000004-202408-1265,2025-04-09,0,c6617891-56ff-5690-89a4-1ece06685ff5
992a1026-f4d8-575e-a4e5-be0c88f6ef38,e8aeb018-f679-5670-b210-de4f62ff2111,82cd11ba-d1a0-58b1-b14f-edd741f36e87,botica,d6f21f11-7533-52dd-a4dc-2fb8e260c02c,LT-000007-202408-1266,2026-01-09,0,41cb90d0-d91a-57c2-b138-831be351479f
2d3fd8d4-cd25-5bb4-bbba-6b00bc857f59,e8aeb018-f679-5670-b210-de4f62ff2111,058c6382-bde2-59d1-93ff-20c6161a4736,botica,7fb983e8-6848-5425-97a2-14da72722d0f,LT-000009-202408-1267,2025-09-11,0,c6617891-56ff-5690-89a4-1ece06685ff5
f74102ca-f269-53f7-a5f6-ef25cf3df4c6,e8aeb018-f679-5670-b210-de4f62ff2111,0ec23038-d3ab-588c-bbd6-1f5c744cdde1,botica,26f7241d-a84e-5e4a-a43d-33eea1e54eea,LT-000025-202408-1268,2025-05-10,0,a6f6d890-1609-53fc-b4a6-5733ccc9d078
e7a16a09-2af7-5e77-8c4a-2ddd455a1384,e8aeb018-f679-5670-b210-de4f62ff2111,38adf7ba-476e-5e6b-9163-781a13538253,botica,43616d97-2221-569d-82eb-bcc14bcd6344,LT-000012-202408-1269,2025-04-12,0,41cb90d0-d91a-57c2-b138-831be351479f
b557512f-f8df-5df4-bb50-8f71b1725244,e8aeb018-f679-5670-b210-de4f62ff2111,6d807393-f4ab-5f76-b544-251eeda27ba3,botica,d6f21f11-7533-52dd-a4dc-2fb8e260c02c,LT-000003-202408-1270,2027-01-14,0,ab4a547f-e75d-5601-8171-00da4efa4b57
ac67948d-de18-57f7-b022-3d0f62f3c4f8,e8aeb018-f679-5670-b210-de4f62ff2111,2897aac2-f219-5167-b800-73fac27f6b85,botica,d6f21f11-7533-52dd-a4dc-2fb8e260c02c,LT-000022-202408-1271,2027-07-16,0,41cb90d0-d91a-57c2-b138-831be351479f
8b6571d0-f70e-53a6-afb1-163357ec31dd,e8aeb018-f679-5670-b210-de4f62ff2111,1ca3438e-9e23-58f0-a35f-f15f7a23beb9,botica,d6f21f11-7533-52dd-a4dc-2fb8e260c02c,LT-000024-202408-1272,2026-05-18,0,c6617891-56ff-5690-89a4-1ece06685ff5
4376835a-2eaa-5430-a43d-88b7ef413804,e8aeb018-f679-5670-b210-de4f62ff2111,2933d8b7-2438-521b-b38d-d3a5224f87fc,botica,8ecedccf-c230-516b-bbc2-108f7a6fbe63,LT-000002-202408-1273,2027-02-12,0,41cb90d0-d91a-57c2-b138-831be351479f
464671a1-df72-5391-b479-d42b0f20c232,e8aeb018-f679-5670-b210-de4f62ff2111,4d9429b6-2ebf-5b5d-ac48-f779d5a1e270,botica,7fb983e8-6848-5425-97a2-14da72722d0f,LT-000010-202408-1274,2027-07-17,0,a6f6d890-1609-53fc-b4a6-5733ccc9d078
636d5555-08e5-5696-9692-c716eeb9657f,e8aeb018-f679-5670-b210-de4f62ff2111,0ec23038-d3ab-588c-bbd6-1f5c744cdde1,botica,7fb983e8-6848-5425-97a2-14da72722d0f,LT-000025-202408-1275,2025-04-03,0,a6f6d890-1609-53fc-b4a6-5733ccc9d078
b388ecf5-d088-5377-824a-30c7a4ba86f1,e8aeb018-f679-5670-b210-de4f62ff2111,c0cf5e5c-b5c9-585a-8e79-d9830bc954f6,botica,26f7241d-a84e-5e4a-a43d-33eea1e54eea,LT-000011-202408-1276,2026-11-22,0,76d6c9f4-5d7d-53c0-bb1f-2a577383765a
802fd224-bd46-5e78-9834-125a4d26fff6,e8aeb018-f679-5670-b210-de4f62ff2111,afe9d181-1c64-5cca-b4b7-a9fa24eceeea,botica,26f7241d-a84e-5e4a-a43d-33eea1e54eea,LT-000020-202408-1277,2026-02-14,0,a6f6d890-1609-53fc-b4a6-5733ccc9d078
3a051cd7-83dd-5cdd-9295-261ca448a10e,e8aeb018-f679-5670-b210-de4f62ff2111,1e9605fd-5682-52b6-8f05-e8a92dd44513,botica,43616d97-2221-569d-82eb-bcc14bcd6344,LT-000030-202408-1278,2025-12-24,0,a6f6d890-1609-53fc-b4a6-5733ccc9d078
2e3ddfda-9ef7-50bf-8ef1-745b82bd392b,e8aeb018-f679-5670-b210-de4f62ff2111,2897aac2-f219-5167-b800-73fac27f6b85,botica,8ecedccf-c230-516b-bbc2-108f7a6fbe63,LT-000022-202408-1279,2027-03-10,0,41cb90d0-d91a-57c2-b138-831be351479f
025152c3-42a9-57b4-bea6-062774336b18,e8aeb018-f679-5670-b210-de4f62ff2111,82cd11ba-d1a0-58b1-b14f-edd741f36e87,botica,7fb983e8-6848-5425-97a2-14da72722d0f,LT-000007-202408-1280,2026-03-21,0,41cb90d0-d91a-57c2-b138-831be351479f
6ea48a7b-72a4-51d9-8e8e-a1e82b4f9b88,e8aeb018-f679-5670-b210-de4f62ff2111,d9506935-1215-5499-93c0-8bdd86ab9418,botica,7fb983e8-6848-5425-97a2-14da72722d0f,LT-000029-202408-1281,2026-12-01,0,c6617891-56ff-5690-89a4-1ece06685ff5
cf118827-a77c-5f74-8fb1-1958e6acbac7,e8aeb018-f679-5670-b210-de4f62ff2111,d3961f5a-3ea7-53d3-89f4-78b65b0c0c6b,botica,26f7241d-a84e-5e4a-a43d-33eea1e54eea,LT-000001-202408-1282,2025-09-26,0,76d6c9f4-5d7d-53c0-bb1f-2a577383765a
97ada2c2-0b2d-555a-a2bf-439363509263,e8aeb018-f679-5670-b210-de4f62ff2111,042e2e80-f954-5df4-97be-29dd428cc598,botica,26f7241d-a84e-5e4a-a43d-33eea1e54eea,LT-000004-202408-1283,2027-04-18,0,c6617891-56ff-5690-89a4-1ece06685ff5
bd23b1c7-02e6-5dea-9506-c9acadf1df23,e8aeb018-f679-5670-b210-de4f62ff2111,5bbfdec8-65ae-59e6-b211-5eccb5b765fa,botica,26f7241d-a84e-5e4a-a43d-33eea1e54eea,LT-000006-202408-1284,2027-04-04,0,76d6c9f4-5d7d-53c0-bb1f-2a577383765a
a87b8b14-18d2-593f-9815-98dde8886e65,e8aeb018-f679-5670-b210-de4f62ff2111,042e2e80-f954-5df4-97be-29dd428cc598,botica,43616d97-2221-569d-82eb-bcc14bcd6344,LT-000004-202408-1285,2026-10-18,0,c6617891-56ff-5690-89a4-1ece06685ff5
8a3f40d2-1eae-5882-8333-aa4843733d8c,e8aeb018-f679-5670-b210-de4f62ff2111,1ca3438e-9e23-58f0-a35f-f15f7a23beb9,botica,43616d97-2221-569d-82eb-bcc14bcd6344,LT-000024-202408-1286,2027-05-31,0,c6617891-56ff-5690-89a4-1ece06685ff5
5e723580-0060-519b-875f-7ef57654bb0e,e8aeb018-f679-5670-b210-de4f62ff2111,0ec23038-d3ab-588c-bbd6-1f5c744cdde1,botica,d6f21f11-7533-52dd-a4dc-2fb8e260c02c,LT-000025-202408-1287,2026-07-12,0,a6f6d890-1609-53fc-b4a6-5733ccc9d078
f28d1485-8efe-5854-8908-69dfd32e4113,e8aeb018-f679-5670-b210-de4f62ff2111,1e9605fd-5682-52b6-8f05-e8a92dd44513,botica,d6f21f11-7533-52dd-a4dc-2fb8e260c02c,LT-000030-202408-1288,2026-03-08,0,a6f6d890-1609-53fc-b4a6-5733ccc9d078
c19dc693-a458-5c91-8b04-c68e4e1e952f,e8aeb018-f679-5670-b210-de4f62ff2111,94e18241-54bd-5516-b36f-94ab6e323aca,botica,7fb983e8-6848-5425-97a2-14da72722d0f,LT-000013-202408-1289,2026-03-14,0,ab4a547f-e75d-5601-8171-00da4efa4b57
d338d1ef-1089-5f0d-8a50-7d4e82a5c05f,e8aeb018-f679-5670-b210-de4f62ff2111,22231140-3780-5fe8-a7d4-d33f61d15111,botica,7fb983e8-6848-5425-97a2-14da72722d0f,LT-000023-202408-1290,2025-09-21,0,ab4a547f-e75d-5601-8171-00da4efa4b57
dc55693c-8f77-5b1c-9f8b-efa8326f6d97,e8aeb018-f679-5670-b210-de4f62ff2111,82cd11ba-d1a0-58b1-b14f-edd741f36e87,botica,26f7241d-a84e-5e4a-a43d-33eea1e54eea,LT-000007-202408-1291,2027-06-12,0,41cb90d0-d91a-57c2-b138-831be351479f
86f99b4a-fa32-5f3d-8660-9c08aa476f91,e8aeb018-f679-5670-b210-de4f62ff2111,c0cf5e5c-b5c9-585a-8e79-d9830bc954f6,botica,43616d97-2221-569d-82eb-bcc14bcd6344,LT-000011-202408-1292,2026-06-28,0,76d6c9f4-5d7d-53c0-bb1f-2a577383765a
0576535a-6cda-5048-8bf3-ea4258f20fd2,e8aeb018-f679-5670-b210-de4f62ff2111,0ec23038-d3ab-588c-bbd6-1f5c744cdde1,botica,43616d97-2221-569d-82eb-bcc14bcd6344,LT-000025-202408-1293,2026-11-27,0,a6f6d890-1609-53fc-b4a6-5733ccc9d078
2808f748-36e2-592c-bb4f-3de4b4b1f50e,e8aeb018-f679-5670-b210-de4f62ff2111,2082733c-4e17-51fe-bc8c-bf33d3ec5d7e,botica,d6f21f11-7533-52dd-a4dc-2fb8e260c02c,LT-000016-202408-1294,2026-10-04,0,76d6c9f4-5d7d-53c0-bb1f-2a577383765a
391d5504-9992-5a5f-afbc-62727649009f,e8aeb018-f679-5670-b210-de4f62ff2111,0ec23038-d3ab-588c-bbd6-1f5c744cdde1,botica,8ecedccf-c230-516b-bbc2-108f7a6fbe63,LT-000025-202408-1295,2027-03-16,0,a6f6d890-1609-53fc-b4a6-5733ccc9d078
616f00b4-79ce-5539-9764-73c3a7429854,e8aeb018-f679-5670-b210-de4f62ff2111,9928e9a1-d9fc-5fdd-86c2-8909352fd7fe,botica,26f7241d-a84e-5e4a-a43d-33eea1e54eea,LT-000005-202408-1296,2027-05-21,0,a6f6d890-1609-53fc-b4a6-5733ccc9d078
d0732314-3270-5098-98f6-ac571c0c0cb1,e8aeb018-f679-5670-b210-de4f62ff2111,983871db-adfb-543e-b438-6b00044ffb64,botica,26f7241d-a84e-5e4a-a43d-33eea1e54eea,LT-000015-202408-1297,2027-03-31,0,a6f6d890-1609-53fc-b4a6-5733ccc9d078
24351a40-f5ee-559d-b398-b20b6154567a,e8aeb018-f679-5670-b210-de4f62ff2111,2897aac2-f219-5167-b800-73fac27f6b85,botica,26f7241d-a84e-5e4a-a43d-33eea1e54eea,LT-000022-202408-1298,2025-11-13,0,41cb90d0-d91a-57c2-b138-831be351479f
ec821606-219c-5d56-be44-35db6251b83b,e8aeb018-f679-5670-b210-de4f62ff2111,22231140-3780-5fe8-a7d4-d33f61d15111,botica,43616d97-2221-569d-82eb-bcc14bcd6344,LT-000023-202408-1299,2027-06-05,0,ab4a547f-e75d-5601-8171-00da4efa4b57
35246a68-ba2e-5471-aedf-5aa15f09cab2,e8aeb018-f679-5670-b210-de4f62ff2111,22231140-3780-5fe8-a7d4-d33f61d15111,botica,d6f21f11-7533-52dd-a4dc-2fb8e260c02c,LT-000023-202408-1300,2026-01-19,0,ab4a547f-e75d-5601-8171-00da4efa4b57
e2209cd0-edb3-5aa9-bd7d-4d5763d69863,e8aeb018-f679-5670-b210-de4f62ff2111,c0cf5e5c-b5c9-585a-8e79-d9830bc954f6,botica,7fb983e8-6848-5425-97a2-14da72722d0f,LT-000011-202408-1301,2026-01-03,0,76d6c9f4-5d7d-53c0-bb1f-2a577383765a
75d94c78-ef86-5d1d-93c5-ac09818bc9df,e8aeb018-f679-5670-b210-de4f62ff2111,94e18241-54bd-5516-b36f-94ab6e323aca,botica,43616d97-2221-569d-82eb-bcc14bcd6344,LT-000013-202408-1302,2025-07-07,0,ab4a547f-e75d-5601-8171-00da4efa4b57
5cc72dc3-9ce7-5fd7-9076-931fc91567e8,e8aeb018-f679-5670-b210-de4f62ff2111,87b859e0-789a-56e6-b1ba-4fe76221d3bf,botica,43616d97-2221-569d-82eb-bcc14bcd6344,LT-000014-202408-1303,2026-08-11,0,c6617891-56ff-5690-89a4-1ece06685ff5
a31077d6-b26d-5f0c-a3cc-d2e6ef91fdd2,e8aeb018-f679-5670-b210-de4f62ff2111,983871db-adfb-543e-b438-6b00044ffb64,botica,43616d97-2221-569d-82eb-bcc14bcd6344,LT-000015-202408-1304,2026-10-10,0,a6f6d890-1609-53fc-b4a6-5733ccc9d078
98762a5e-27b8-537f-9747-6b58d6986150,e8aeb018-f679-5670-b210-de4f62ff2111,2082733c-4e17-51fe-bc8c-bf33d3ec5d7e,botica,8ecedccf-c230-516b-bbc2-108f7a6fbe63,LT-000016-202408-1305,2026-09-29,0,76d6c9f4-5d7d-53c0-bb1f-2a577383765a
0e6a2c4f-e1c0-53f8-9d5b-ecbd8f30aea1,e8aeb018-f679-5670-b210-de4f62ff2111,22231140-3780-5fe8-a7d4-d33f61d15111,botica,8ecedccf-c230-516b-bbc2-108f7a6fbe63,LT-000023-202408-1306,2026-01-24,0,ab4a547f-e75d-5601-8171-00da4efa4b57
ed15fe46-c56a-5fb6-907c-70f57136284d,e8aeb018-f679-5670-b210-de4f62ff2111,cd81184b-b6f1-563c-b463-36a69ddfb598,botica,8ecedccf-c230-516b-bbc2-108f7a6fbe63,LT-000026-202408-1307,2026-12-19,0,76d6c9f4-5d7d-53c0-bb1f-2a577383765a
16232e64-a94d-5c7a-bcee-1f29201ab57b,e8aeb018-f679-5670-b210-de4f62ff2111,1e9605fd-5682-52b6-8f05-e8a92dd44513,botica,8ecedccf-c230-516b-bbc2-108f7a6fbe63,LT-000030-202408-1308,2027-04-16,0,a6f6d890-1609-53fc-b4a6-5733ccc9d078
001a4ba6-86bf-5854-be90-1e58b284d8be,e8aeb018-f679-5670-b210-de4f62ff2111,042e2e80-f954-5df4-97be-29dd428cc598,botica,7fb983e8-6848-5425-97a2-14da72722d0f,LT-000004-202408-1309,2026-09-09,0,c6617891-56ff-5690-89a4-1ece06685ff5
7ad8bb07-aeea-590c-866d-2724450af915,e8aeb018-f679-5670-b210-de4f62ff2111,2082733c-4e17-51fe-bc8c-bf33d3ec5d7e,botica,26f7241d-a84e-5e4a-a43d-33eea1e54eea,LT-000016-202408-1310,2026-12-15,0,76d6c9f4-5d7d-53c0-bb1f-2a577383765a
58e45501-38ac-5546-853a-21658df54f1a,e8aeb018-f679-5670-b210-de4f62ff2111,97d26d91-c562-5f27-9ebd-285e89c8f4bf,botica,d6f21f11-7533-52dd-a4dc-2fb8e260c02c,LT-000018-202408-1311,2026-01-10,0,ab4a547f-e75d-5601-8171-00da4efa4b57
15b984d3-99c7-5d6c-a8e0-c3eb7475389a,e8aeb018-f679-5670-b210-de4f62ff2111,07371b94-955f-52a4-9bf9-f0a6ad2b4fa8,botica,8ecedccf-c230-516b-bbc2-108f7a6fbe63,LT-000008-202408-1312,2025-04-13,0,ab4a547f-e75d-5601-8171-00da4efa4b57
ad72ee51-dc31-5a7b-ab50-0da7ecceb8ea,e8aeb018-f679-5670-b210-de4f62ff2111,6d807393-f4ab-5f76-b544-251eeda27ba3,botica,7fb983e8-6848-5425-97a2-14da72722d0f,LT-000003-202408-1313,2025-11-19,0,ab4a547f-e75d-5601-8171-00da4efa4b57
c06640d5-2a70-5a06-9050-fc5f56ef9eca,e8aeb018-f679-5670-b210-de4f62ff2111,2eb3a104-e572-583a-afa0-156ee0dc4cce,botica,7fb983e8-6848-5425-97a2-14da72722d0f,LT-000019-202408-1314,2026-11-21,0,c6617891-56ff-5690-89a4-1ece06685ff5
16b77850-ccb4-5240-9eb0-5002aa38b261,e8aeb018-f679-5670-b210-de4f62ff2111,058c6382-bde2-59d1-93ff-20c6161a4736,botica,26f7241d-a84e-5e4a-a43d-33eea1e54eea,LT-000009-202408-1315,2026-11-24,0,c6617891-56ff-5690-89a4-1ece06685ff5
85f68e9b-4bf2-548c-b19e-160a50ee4aec,e8aeb018-f679-5670-b210-de4f62ff2111,87b859e0-789a-56e6-b1ba-4fe76221d3bf,botica,26f7241d-a84e-5e4a-a43d-33eea1e54eea,LT-000014-202408-1316,2026-02-27,0,c6617891-56ff-5690-89a4-1ece06685ff5
d148d74b-563e-5826-bd3a-5e4b7596fd44,e8aeb018-f679-5670-b210-de4f62ff2111,9928e9a1-d9fc-5fdd-86c2-8909352fd7fe,botica,d6f21f11-7533-52dd-a4dc-2fb8e260c02c,LT-000005-202408-1317,2026-09-13,0,a6f6d890-1609-53fc-b4a6-5733ccc9d078
db68f580-60b7-5dae-9849-a34502c2998b,e8aeb018-f679-5670-b210-de4f62ff2111,012857cc-907f-5e7d-b8fb-796d2c9f1621,botica,d6f21f11-7533-52dd-a4dc-2fb8e260c02c,LT-000028-202408-1318,2026-06-02,0,ab4a547f-e75d-5601-8171-00da4efa4b57
3e63281c-4b92-5d87-bf90-63ad20acba13,e8aeb018-f679-5670-b210-de4f62ff2111,d3961f5a-3ea7-53d3-89f4-78b65b0c0c6b,botica,8ecedccf-c230-516b-bbc2-108f7a6fbe63,LT-000001-202408-1319,2025-03-13,0,76d6c9f4-5d7d-53c0-bb1f-2a577383765a
60ab0b9d-e78f-51d2-a212-e5ecfdd6136c,e8aeb018-f679-5670-b210-de4f62ff2111,983871db-adfb-543e-b438-6b00044ffb64,botica,8ecedccf-c230-516b-bbc2-108f7a6fbe63,LT-000015-202408-1320,2025-04-06,0,a6f6d890-1609-53fc-b4a6-5733ccc9d078
ad7e6799-5d91-512a-b624-d928f5e4c775,e8aeb018-f679-5670-b210-de4f62ff2111,2897aac2-f219-5167-b800-73fac27f6b85,botica,7fb983e8-6848-5425-97a2-14da72722d0f,LT-000022-202408-1321,2027-03-31,0,41cb90d0-d91a-57c2-b138-831be351479f
172387e5-e5e6-508e-8fe1-abda435f94d6,e8aeb018-f679-5670-b210-de4f62ff2111,2933d8b7-2438-521b-b38d-d3a5224f87fc,botica,43616d97-2221-569d-82eb-bcc14bcd6344,LT-000002-202408-1322,2026-11-26,0,41cb90d0-d91a-57c2-b138-831be351479f
15206c97-a6f5-56cc-be85-54d6ccd14dd8,e8aeb018-f679-5670-b210-de4f62ff2111,2897aac2-f219-5167-b800-73fac27f6b85,botica,43616d97-2221-569d-82eb-bcc14bcd6344,LT-000022-202408-1323,2025-03-04,0,41cb90d0-d91a-57c2-b138-831be351479f
3865b54e-b99c-59fb-a7ae-44299be64fab,e8aeb018-f679-5670-b210-de4f62ff2111,4d9429b6-2ebf-5b5d-ac48-f779d5a1e270,botica,d6f21f11-7533-52dd-a4dc-2fb8e260c02c,LT-000010-202408-1324,2026-03-25,0,a6f6d890-1609-53fc-b4a6-5733ccc9d078
d9efdca6-877c-5875-bc9d-257604fd8b99,e8aeb018-f679-5670-b210-de4f62ff2111,d2f08f15-f9f2-5f65-a740-b05896774467,botica,d6f21f11-7533-52dd-a4dc-2fb8e260c02c,LT-000017-202408-1325,2027-01-06,0,41cb90d0-d91a-57c2-b138-831be351479f
15f95584-45e9-5c11-b0d6-bb678df8bf42,e8aeb018-f679-5670-b210-de4f62ff2111,5bbfdec8-65ae-59e6-b211-5eccb5b765fa,botica,8ecedccf-c230-516b-bbc2-108f7a6fbe63,LT-000006-202408-1326,2027-05-19,0,76d6c9f4-5d7d-53c0-bb1f-2a577383765a
46349556-6f46-513a-bd3b-e044aff74eaa,e8aeb018-f679-5670-b210-de4f62ff2111,d2f08f15-f9f2-5f65-a740-b05896774467,botica,8ecedccf-c230-516b-bbc2-108f7a6fbe63,LT-000017-202408-1327,2026-01-14,0,41cb90d0-d91a-57c2-b138-831be351479f
d28a69ad-a779-5060-a844-ad6175fe9fe9,e8aeb018-f679-5670-b210-de4f62ff2111,2eb3a104-e572-583a-afa0-156ee0dc4cce,botica,8ecedccf-c230-516b-bbc2-108f7a6fbe63,LT-000019-202408-1328,2025-05-05,0,c6617891-56ff-5690-89a4-1ece06685ff5
b8614738-61d4-5576-9003-0acf50307d33,e8aeb018-f679-5670-b210-de4f62ff2111,2933d8b7-2438-521b-b38d-d3a5224f87fc,botica,7fb983e8-6848-5425-97a2-14da72722d0f,LT-000002-202408-1329,2026-12-02,0,41cb90d0-d91a-57c2-b138-831be351479f
fbd35f5e-0435-57ba-a13c-c5c88b1cbf0e,e8aeb018-f679-5670-b210-de4f62ff2111,1e9605fd-5682-52b6-8f05-e8a92dd44513,botica,7fb983e8-6848-5425-97a2-14da72722d0f,LT-000030-202408-1330,2026-05-18,0,a6f6d890-1609-53fc-b4a6-5733ccc9d078
9670760d-904a-5c81-b573-1d8241c84996,e8aeb018-f679-5670-b210-de4f62ff2111,38adf7ba-476e-5e6b-9163-781a13538253,botica,26f7241d-a84e-5e4a-a43d-33eea1e54eea,LT-000012-202408-1331,2025-06-27,0,41cb90d0-d91a-57c2-b138-831be351479f
00511471-4e4a-573d-b771-d80efc47c09e,e8aeb018-f679-5670-b210-de4f62ff2111,6d807393-f4ab-5f76-b544-251eeda27ba3,botica,8ecedccf-c230-516b-bbc2-108f7a6fbe63,LT-000003-202408-1332,2025-03-02,0,ab4a547f-e75d-5601-8171-00da4efa4b57
884b5706-d4b0-5d82-bf60-6bc8737ceffc,e8aeb018-f679-5670-b210-de4f62ff2111,d3961f5a-3ea7-53d3-89f4-78b65b0c0c6b,botica,7fb983e8-6848-5425-97a2-14da72722d0f,LT-000001-202408-1333,2026-02-10,0,76d6c9f4-5d7d-53c0-bb1f-2a577383765a
bca0db85-f16e-5513-8a15-6e357d5d7dc1,e8aeb018-f679-5670-b210-de4f62ff2111,5bbfdec8-65ae-59e6-b211-5eccb5b765fa,botica,7fb983e8-6848-5425-97a2-14da72722d0f,LT-000006-202408-1334,2027-04-26,0,76d6c9f4-5d7d-53c0-bb1f-2a577383765a
b613c547-de9c-545a-8c0e-850f4b9192d8,e8aeb018-f679-5670-b210-de4f62ff2111,07371b94-955f-52a4-9bf9-f0a6ad2b4fa8,botica,7fb983e8-6848-5425-97a2-14da72722d0f,LT-000008-202408-1335,2027-08-25,0,ab4a547f-e75d-5601-8171-00da4efa4b57
bbe038ce-8e9e-538c-8e9f-1e1a4e39ef40,e8aeb018-f679-5670-b210-de4f62ff2111,2eb3a104-e572-583a-afa0-156ee0dc4cce,botica,26f7241d-a84e-5e4a-a43d-33eea1e54eea,LT-000019-202409-1336,2027-08-05,0,c6617891-56ff-5690-89a4-1ece06685ff5
9031b3f2-71d0-5863-9c8e-7a45d0537afd,e8aeb018-f679-5670-b210-de4f62ff2111,22231140-3780-5fe8-a7d4-d33f61d15111,botica,26f7241d-a84e-5e4a-a43d-33eea1e54eea,LT-000023-202409-1337,2026-08-19,0,ab4a547f-e75d-5601-8171-00da4efa4b57
5c1d83dc-a689-597a-8b28-c6d0eee9a405,e8aeb018-f679-5670-b210-de4f62ff2111,6d807393-f4ab-5f76-b544-251eeda27ba3,botica,43616d97-2221-569d-82eb-bcc14bcd6344,LT-000003-202409-1338,2026-03-19,0,ab4a547f-e75d-5601-8171-00da4efa4b57
4cc3f8ee-10e4-5428-a1ac-d2ad94f675a6,e8aeb018-f679-5670-b210-de4f62ff2111,5bbfdec8-65ae-59e6-b211-5eccb5b765fa,botica,43616d97-2221-569d-82eb-bcc14bcd6344,LT-000006-202409-1339,2026-04-01,0,76d6c9f4-5d7d-53c0-bb1f-2a577383765a
9abcd7ae-8188-53ac-a8e7-a12184a20c1e,e8aeb018-f679-5670-b210-de4f62ff2111,5bbfdec8-65ae-59e6-b211-5eccb5b765fa,botica,d6f21f11-7533-52dd-a4dc-2fb8e260c02c,LT-000006-202409-1340,2025-08-25,0,76d6c9f4-5d7d-53c0-bb1f-2a577383765a
118970be-a9b6-5e04-9bbb-39bc46168a9b,e8aeb018-f679-5670-b210-de4f62ff2111,058c6382-bde2-59d1-93ff-20c6161a4736,botica,8ecedccf-c230-516b-bbc2-108f7a6fbe63,LT-000009-202409-1341,2026-07-04,0,c6617891-56ff-5690-89a4-1ece06685ff5
c71393c5-0723-5c9e-af48-c32ecd578172,e8aeb018-f679-5670-b210-de4f62ff2111,6d807393-f4ab-5f76-b544-251eeda27ba3,botica,26f7241d-a84e-5e4a-a43d-33eea1e54eea,LT-000003-202409-1342,2027-08-03,0,ab4a547f-e75d-5601-8171-00da4efa4b57
13c1c827-6746-55b2-8c42-a0ee63f5bd94,e8aeb018-f679-5670-b210-de4f62ff2111,07371b94-955f-52a4-9bf9-f0a6ad2b4fa8,botica,26f7241d-a84e-5e4a-a43d-33eea1e54eea,LT-000008-202409-1343,2027-05-07,0,ab4a547f-e75d-5601-8171-00da4efa4b57
f7f350d9-5893-57c7-bae6-9c82196d2896,e8aeb018-f679-5670-b210-de4f62ff2111,d2f08f15-f9f2-5f65-a740-b05896774467,botica,26f7241d-a84e-5e4a-a43d-33eea1e54eea,LT-000017-202409-1344,2026-05-16,0,41cb90d0-d91a-57c2-b138-831be351479f
9b3dbaa9-15e7-5cdf-9c84-b2762ca6849c,e8aeb018-f679-5670-b210-de4f62ff2111,1e9605fd-5682-52b6-8f05-e8a92dd44513,botica,26f7241d-a84e-5e4a-a43d-33eea1e54eea,LT-000030-202409-1345,2026-03-28,0,a6f6d890-1609-53fc-b4a6-5733ccc9d078
2434bbfb-faeb-5d1a-a8d4-9eabd088939a,e8aeb018-f679-5670-b210-de4f62ff2111,9928e9a1-d9fc-5fdd-86c2-8909352fd7fe,botica,43616d97-2221-569d-82eb-bcc14bcd6344,LT-000005-202409-1346,2027-03-31,0,a6f6d890-1609-53fc-b4a6-5733ccc9d078
acd3e449-7028-5c38-b5a5-41c93934c49e,e8aeb018-f679-5670-b210-de4f62ff2111,07371b94-955f-52a4-9bf9-f0a6ad2b4fa8,botica,d6f21f11-7533-52dd-a4dc-2fb8e260c02c,LT-000008-202409-1347,2027-08-03,0,ab4a547f-e75d-5601-8171-00da4efa4b57
c91110bf-f4ab-52a2-b6d5-3fea24b32b3c,e8aeb018-f679-5670-b210-de4f62ff2111,afe9d181-1c64-5cca-b4b7-a9fa24eceeea,botica,d6f21f11-7533-52dd-a4dc-2fb8e260c02c,LT-000020-202409-1348,2026-05-22,0,a6f6d890-1609-53fc-b4a6-5733ccc9d078
3e2096d0-c140-5bb0-82bd-07d20ce05a5e,e8aeb018-f679-5670-b210-de4f62ff2111,9928e9a1-d9fc-5fdd-86c2-8909352fd7fe,botica,7fb983e8-6848-5425-97a2-14da72722d0f,LT-000005-202409-1349,2025-06-25,0,a6f6d890-1609-53fc-b4a6-5733ccc9d078
5de77a26-cd13-5372-b546-5ac5d9f2603a,e8aeb018-f679-5670-b210-de4f62ff2111,d0ae6d2d-e561-56b3-a2c1-113c1c56ae81,botica,26f7241d-a84e-5e4a-a43d-33eea1e54eea,LT-000021-202409-1350,2027-06-17,0,76d6c9f4-5d7d-53c0-bb1f-2a577383765a
4b112679-87dd-508f-b696-9920dad0684b,e8aeb018-f679-5670-b210-de4f62ff2111,82cd11ba-d1a0-58b1-b14f-edd741f36e87,botica,43616d97-2221-569d-82eb-bcc14bcd6344,LT-000007-202409-1351,2026-10-02,0,41cb90d0-d91a-57c2-b138-831be351479f
4bc1cf8e-a1e3-5148-b90e-2bf9122d0771,e8aeb018-f679-5670-b210-de4f62ff2111,058c6382-bde2-59d1-93ff-20c6161a4736,botica,43616d97-2221-569d-82eb-bcc14bcd6344,LT-000009-202409-1352,2026-01-26,0,c6617891-56ff-5690-89a4-1ece06685ff5
7321a908-0ce2-537a-924c-c287a1eb8690,e8aeb018-f679-5670-b210-de4f62ff2111,2082733c-4e17-51fe-bc8c-bf33d3ec5d7e,botica,43616d97-2221-569d-82eb-bcc14bcd6344,LT-000016-202409-1353,2027-07-01,0,76d6c9f4-5d7d-53c0-bb1f-2a577383765a
422f8899-7c9d-5bba-8fe7-2d0cdded2a9c,e8aeb018-f679-5670-b210-de4f62ff2111,afe9d181-1c64-5cca-b4b7-a9fa24eceeea,botica,43616d97-2221-569d-82eb-bcc14bcd6344,LT-000020-202409-1354,2025-07-09,0,a6f6d890-1609-53fc-b4a6-5733ccc9d078
7e1708a6-2c71-511e-9e3b-f0a1eaf05a73,e8aeb018-f679-5670-b210-de4f62ff2111,d3961f5a-3ea7-53d3-89f4-78b65b0c0c6b,botica,d6f21f11-7533-52dd-a4dc-2fb8e260c02c,LT-000001-202409-1355,2025-03-06,0,76d6c9f4-5d7d-53c0-bb1f-2a577383765a
c494f701-74cc-5f0b-b9c4-f7b783c8fc6c,e8aeb018-f679-5670-b210-de4f62ff2111,6baabed2-52d7-5cb7-bf74-86c7cb3e4f07,botica,d6f21f11-7533-52dd-a4dc-2fb8e260c02c,LT-000027-202409-1356,2025-07-15,0,41cb90d0-d91a-57c2-b138-831be351479f
1334d2de-5d75-5bb9-afb7-1247e009faa5,e8aeb018-f679-5670-b210-de4f62ff2111,d9506935-1215-5499-93c0-8bdd86ab9418,botica,d6f21f11-7533-52dd-a4dc-2fb8e260c02c,LT-000029-202409-1357,2026-06-07,0,c6617891-56ff-5690-89a4-1ece06685ff5
9a85c664-7028-54d9-bee3-45f3f0ef593f,e8aeb018-f679-5670-b210-de4f62ff2111,d0ae6d2d-e561-56b3-a2c1-113c1c56ae81,botica,8ecedccf-c230-516b-bbc2-108f7a6fbe63,LT-000021-202409-1358,2025-04-30,0,76d6c9f4-5d7d-53c0-bb1f-2a577383765a
3b5164fa-9b67-5c4c-9b22-5ee9f6f65bd9,e8aeb018-f679-5670-b210-de4f62ff2111,012857cc-907f-5e7d-b8fb-796d2c9f1621,botica,26f7241d-a84e-5e4a-a43d-33eea1e54eea,LT-000028-202409-1359,2027-03-15,0,ab4a547f-e75d-5601-8171-00da4efa4b57
b5ff79d5-dec1-59b4-8780-d238b76adcb0,e8aeb018-f679-5670-b210-de4f62ff2111,d3961f5a-3ea7-53d3-89f4-78b65b0c0c6b,botica,43616d97-2221-569d-82eb-bcc14bcd6344,LT-000001-202409-1360,2026-04-15,0,76d6c9f4-5d7d-53c0-bb1f-2a577383765a
c5a3a8e4-617e-5e01-a81f-2d73055e637b,e8aeb018-f679-5670-b210-de4f62ff2111,07371b94-955f-52a4-9bf9-f0a6ad2b4fa8,botica,43616d97-2221-569d-82eb-bcc14bcd6344,LT-000008-202409-1361,2025-05-25,0,ab4a547f-e75d-5601-8171-00da4efa4b57
23cfba9b-981c-5530-bdcf-0662f92e6bfe,e8aeb018-f679-5670-b210-de4f62ff2111,82cd11ba-d1a0-58b1-b14f-edd741f36e87,botica,d6f21f11-7533-52dd-a4dc-2fb8e260c02c,LT-000007-202409-1362,2026-01-31,0,41cb90d0-d91a-57c2-b138-831be351479f
d6fa99ea-70ca-5650-b9cc-b7d1ba3d2c82,e8aeb018-f679-5670-b210-de4f62ff2111,058c6382-bde2-59d1-93ff-20c6161a4736,botica,d6f21f11-7533-52dd-a4dc-2fb8e260c02c,LT-000009-202409-1363,2027-01-04,0,c6617891-56ff-5690-89a4-1ece06685ff5
2c3c11cc-c159-5c75-843f-93ede74a092f,e8aeb018-f679-5670-b210-de4f62ff2111,38adf7ba-476e-5e6b-9163-781a13538253,botica,d6f21f11-7533-52dd-a4dc-2fb8e260c02c,LT-000012-202409-1364,2025-12-29,0,41cb90d0-d91a-57c2-b138-831be351479f
d0cca907-99a1-5697-ad5c-b81ebb4b0734,e8aeb018-f679-5670-b210-de4f62ff2111,042e2e80-f954-5df4-97be-29dd428cc598,botica,8ecedccf-c230-516b-bbc2-108f7a6fbe63,LT-000004-202409-1365,2026-02-01,0,c6617891-56ff-5690-89a4-1ece06685ff5
1eb040aa-42cf-51b1-bee9-b3511525294b,e8aeb018-f679-5670-b210-de4f62ff2111,9928e9a1-d9fc-5fdd-86c2-8909352fd7fe,botica,8ecedccf-c230-516b-bbc2-108f7a6fbe63,LT-000005-202409-1366,2025-05-22,0,a6f6d890-1609-53fc-b4a6-5733ccc9d078
8956aeff-ffc3-577c-938e-27aba0e9880b,e8aeb018-f679-5670-b210-de4f62ff2111,82cd11ba-d1a0-58b1-b14f-edd741f36e87,botica,8ecedccf-c230-516b-bbc2-108f7a6fbe63,LT-000007-202409-1367,2027-06-28,0,41cb90d0-d91a-57c2-b138-831be351479f
a97eb852-5f06-5547-a18c-2bdd7c38671f,e8aeb018-f679-5670-b210-de4f62ff2111,87b859e0-789a-56e6-b1ba-4fe76221d3bf,botica,8ecedccf-c230-516b-bbc2-108f7a6fbe63,LT-000014-202409-1368,2025-09-17,0,c6617891-56ff-5690-89a4-1ece06685ff5
9071c0f7-613c-57db-a877-1c7ae5c5f3be,e8aeb018-f679-5670-b210-de4f62ff2111,2082733c-4e17-51fe-bc8c-bf33d3ec5d7e,botica,7fb983e8-6848-5425-97a2-14da72722d0f,LT-000016-202409-1369,2027-07-28,0,76d6c9f4-5d7d-53c0-bb1f-2a577383765a
7b82b335-8021-559a-b4dd-7db0004bde63,e8aeb018-f679-5670-b210-de4f62ff2111,afe9d181-1c64-5cca-b4b7-a9fa24eceeea,botica,7fb983e8-6848-5425-97a2-14da72722d0f,LT-000020-202409-1370,2027-07-11,0,a6f6d890-1609-53fc-b4a6-5733ccc9d078
149eaadd-b078-553f-90a5-e60d1891b8c6,e8aeb018-f679-5670-b210-de4f62ff2111,2eb3a104-e572-583a-afa0-156ee0dc4cce,botica,43616d97-2221-569d-82eb-bcc14bcd6344,LT-000019-202409-1371,2027-01-08,0,c6617891-56ff-5690-89a4-1ece06685ff5
529adbc9-a232-5dfd-ad5a-06fc24a66595,e8aeb018-f679-5670-b210-de4f62ff2111,2897aac2-f219-5167-b800-73fac27f6b85,botica,8ecedccf-c230-516b-bbc2-108f7a6fbe63,LT-000022-202409-1372,2025-09-28,0,41cb90d0-d91a-57c2-b138-831be351479f
7f7c25bc-5952-5bce-ab3a-44f1a50f5b49,e8aeb018-f679-5670-b210-de4f62ff2111,87b859e0-789a-56e6-b1ba-4fe76221d3bf,botica,7fb983e8-6848-5425-97a2-14da72722d0f,LT-000014-202409-1373,2027-08-24,0,c6617891-56ff-5690-89a4-1ece06685ff5
e43f8568-4db5-5869-9f68-515889c455b6,e8aeb018-f679-5670-b210-de4f62ff2111,2933d8b7-2438-521b-b38d-d3a5224f87fc,botica,26f7241d-a84e-5e4a-a43d-33eea1e54eea,LT-000002-202409-1374,2025-03-16,0,41cb90d0-d91a-57c2-b138-831be351479f
5a435739-6927-57e0-ae32-1127cc1f8f58,e8aeb018-f679-5670-b210-de4f62ff2111,2897aac2-f219-5167-b800-73fac27f6b85,botica,26f7241d-a84e-5e4a-a43d-33eea1e54eea,LT-000022-202409-1375,2026-09-05,0,41cb90d0-d91a-57c2-b138-831be351479f
ce830cf4-2c51-5506-a5dc-06f2a1436724,e8aeb018-f679-5670-b210-de4f62ff2111,d9506935-1215-5499-93c0-8bdd86ab9418,botica,26f7241d-a84e-5e4a-a43d-33eea1e54eea,LT-000029-202409-1376,2026-01-20,0,c6617891-56ff-5690-89a4-1ece06685ff5
2a91d2ab-c095-5941-9318-81c583ff0a1b,e8aeb018-f679-5670-b210-de4f62ff2111,87b859e0-789a-56e6-b1ba-4fe76221d3bf,botica,d6f21f11-7533-52dd-a4dc-2fb8e260c02c,LT-000014-202409-1377,2025-05-26,0,c6617891-56ff-5690-89a4-1ece06685ff5
b45a693b-f5cc-5a83-9c3c-6adf3ef37c0a,e8aeb018-f679-5670-b210-de4f62ff2111,2eb3a104-e572-583a-afa0-156ee0dc4cce,botica,d6f21f11-7533-52dd-a4dc-2fb8e260c02c,LT-000019-202409-1378,2026-04-23,0,c6617891-56ff-5690-89a4-1ece06685ff5
de3062c7-e04c-5835-8fa7-23e8d093c53b,e8aeb018-f679-5670-b210-de4f62ff2111,cd81184b-b6f1-563c-b463-36a69ddfb598,botica,43616d97-2221-569d-82eb-bcc14bcd6344,LT-000026-202409-1379,2025-07-06,0,76d6c9f4-5d7d-53c0-bb1f-2a577383765a
e6e7c621-7059-58dd-b612-395708003a2d,e8aeb018-f679-5670-b210-de4f62ff2111,012857cc-907f-5e7d-b8fb-796d2c9f1621,botica,43616d97-2221-569d-82eb-bcc14bcd6344,LT-000028-202409-1380,2025-07-11,0,ab4a547f-e75d-5601-8171-00da4efa4b57
fc485e1c-bffb-5796-b115-01638b137e42,e8aeb018-f679-5670-b210-de4f62ff2111,82cd11ba-d1a0-58b1-b14f-edd741f36e87,botica,7fb983e8-6848-5425-97a2-14da72722d0f,LT-000007-202409-1381,2027-02-11,0,41cb90d0-d91a-57c2-b138-831be351479f
8e68c3d4-41f8-5980-889a-575d44a619b4,e8aeb018-f679-5670-b210-de4f62ff2111,058c6382-bde2-59d1-93ff-20c6161a4736,botica,7fb983e8-6848-5425-97a2-14da72722d0f,LT-000009-202409-1382,2025-03-20,0,c6617891-56ff-5690-89a4-1ece06685ff5
0c801e76-6440-50b8-8a12-17d1e92e5088,e8aeb018-f679-5670-b210-de4f62ff2111,6baabed2-52d7-5cb7-bf74-86c7cb3e4f07,botica,26f7241d-a84e-5e4a-a43d-33eea1e54eea,LT-000027-202409-1383,2026-10-05,0,41cb90d0-d91a-57c2-b138-831be351479f
65a9ff73-7ab0-5565-8bb3-f385870a151a,e8aeb018-f679-5670-b210-de4f62ff2111,6baabed2-52d7-5cb7-bf74-86c7cb3e4f07,botica,43616d97-2221-569d-82eb-bcc14bcd6344,LT-000027-202409-1384,2026-09-11,0,41cb90d0-d91a-57c2-b138-831be351479f
84d546d7-9502-5f7a-b0b0-e9f581e4de39,e8aeb018-f679-5670-b210-de4f62ff2111,cd81184b-b6f1-563c-b463-36a69ddfb598,botica,d6f21f11-7533-52dd-a4dc-2fb8e260c02c,LT-000026-202409-1385,2026-01-13,0,76d6c9f4-5d7d-53c0-bb1f-2a577383765a
915104cc-862a-5bb7-b5cc-a0a4a7330936,e8aeb018-f679-5670-b210-de4f62ff2111,97d26d91-c562-5f27-9ebd-285e89c8f4bf,botica,8ecedccf-c230-516b-bbc2-108f7a6fbe63,LT-000018-202409-1386,2026-02-17,0,ab4a547f-e75d-5601-8171-00da4efa4b57
8db20cda-259a-5922-bd68-7da542fd3f62,e8aeb018-f679-5670-b210-de4f62ff2111,9928e9a1-d9fc-5fdd-86c2-8909352fd7fe,botica,26f7241d-a84e-5e4a-a43d-33eea1e54eea,LT-000005-202409-1387,2025-10-19,0,a6f6d890-1609-53fc-b4a6-5733ccc9d078
f6ea171c-a25e-5baf-b275-216b30fd2fd0,e8aeb018-f679-5670-b210-de4f62ff2111,058c6382-bde2-59d1-93ff-20c6161a4736,botica,26f7241d-a84e-5e4a-a43d-33eea1e54eea,LT-000009-202409-1388,2026-09-24,0,c6617891-56ff-5690-89a4-1ece06685ff5
154d7712-fd6c-54b4-9761-a2726148b108,e8aeb018-f679-5670-b210-de4f62ff2111,4d9429b6-2ebf-5b5d-ac48-f779d5a1e270,botica,43616d97-2221-569d-82eb-bcc14bcd6344,LT-000010-202409-1389,2026-05-30,0,a6f6d890-1609-53fc-b4a6-5733ccc9d078
f2250cd2-b51f-5c31-b1a7-13d33e47ae43,e8aeb018-f679-5670-b210-de4f62ff2111,97d26d91-c562-5f27-9ebd-285e89c8f4bf,botica,43616d97-2221-569d-82eb-bcc14bcd6344,LT-000018-202409-1390,2026-10-30,0,ab4a547f-e75d-5601-8171-00da4efa4b57
aee8c4f7-ead3-52f4-a3d9-820274dadda7,e8aeb018-f679-5670-b210-de4f62ff2111,d0ae6d2d-e561-56b3-a2c1-113c1c56ae81,botica,43616d97-2221-569d-82eb-bcc14bcd6344,LT-000021-202409-1391,2027-08-09,0,76d6c9f4-5d7d-53c0-bb1f-2a577383765a
ea4f7332-85e3-5e5f-8302-5a2fa3f8db6a,e8aeb018-f679-5670-b210-de4f62ff2111,22231140-3780-5fe8-a7d4-d33f61d15111,botica,8ecedccf-c230-516b-bbc2-108f7a6fbe63,LT-000023-202409-1392,2026-10-16,0,ab4a547f-e75d-5601-8171-00da4efa4b57
7357c5b8-0ffc-5806-ae01-e241aa655734,e8aeb018-f679-5670-b210-de4f62ff2111,983871db-adfb-543e-b438-6b00044ffb64,botica,7fb983e8-6848-5425-97a2-14da72722d0f,LT-000015-202409-1393,2025-04-24,0,a6f6d890-1609-53fc-b4a6-5733ccc9d078
942ef2e2-046c-5e0b-9501-934ab18a06b2,e8aeb018-f679-5670-b210-de4f62ff2111,97d26d91-c562-5f27-9ebd-285e89c8f4bf,botica,7fb983e8-6848-5425-97a2-14da72722d0f,LT-000018-202409-1394,2025-11-06,0,ab4a547f-e75d-5601-8171-00da4efa4b57
f7f649b4-276f-5cc6-ad39-c98df636d235,e8aeb018-f679-5670-b210-de4f62ff2111,5bbfdec8-65ae-59e6-b211-5eccb5b765fa,botica,26f7241d-a84e-5e4a-a43d-33eea1e54eea,LT-000006-202409-1395,2025-05-18,0,76d6c9f4-5d7d-53c0-bb1f-2a577383765a
51c60332-97ea-5f3d-9efd-6d18a966fbb4,e8aeb018-f679-5670-b210-de4f62ff2111,82cd11ba-d1a0-58b1-b14f-edd741f36e87,botica,26f7241d-a84e-5e4a-a43d-33eea1e54eea,LT-000007-202409-1396,2025-12-11,0,41cb90d0-d91a-57c2-b138-831be351479f
2774a02f-c1f7-5254-8479-ab9d49da8661,e8aeb018-f679-5670-b210-de4f62ff2111,afe9d181-1c64-5cca-b4b7-a9fa24eceeea,botica,26f7241d-a84e-5e4a-a43d-33eea1e54eea,LT-000020-202409-1397,2026-02-01,0,a6f6d890-1609-53fc-b4a6-5733ccc9d078
15bdcbd0-3d10-5bdc-98f3-66e5cdca7a84,e8aeb018-f679-5670-b210-de4f62ff2111,0ec23038-d3ab-588c-bbd6-1f5c744cdde1,botica,26f7241d-a84e-5e4a-a43d-33eea1e54eea,LT-000025-202409-1398,2026-12-29,0,a6f6d890-1609-53fc-b4a6-5733ccc9d078
35d18174-f5b1-55e3-a579-dfcc81b707c4,e8aeb018-f679-5670-b210-de4f62ff2111,22231140-3780-5fe8-a7d4-d33f61d15111,botica,43616d97-2221-569d-82eb-bcc14bcd6344,LT-000023-202409-1399,2025-08-13,0,ab4a547f-e75d-5601-8171-00da4efa4b57
156f7c4d-5f32-5e0c-bca6-ac6a8d8022e9,e8aeb018-f679-5670-b210-de4f62ff2111,012857cc-907f-5e7d-b8fb-796d2c9f1621,botica,8ecedccf-c230-516b-bbc2-108f7a6fbe63,LT-000028-202409-1400,2025-12-30,0,ab4a547f-e75d-5601-8171-00da4efa4b57
4f26543f-dcf4-5bb8-87bc-4072d15f6d7b,e8aeb018-f679-5670-b210-de4f62ff2111,d3961f5a-3ea7-53d3-89f4-78b65b0c0c6b,botica,26f7241d-a84e-5e4a-a43d-33eea1e54eea,LT-000001-202409-1401,2027-08-05,0,76d6c9f4-5d7d-53c0-bb1f-2a577383765a
98fe8e37-8df4-509a-855a-61cd29cd8a2c,e8aeb018-f679-5670-b210-de4f62ff2111,2933d8b7-2438-521b-b38d-d3a5224f87fc,botica,d6f21f11-7533-52dd-a4dc-2fb8e260c02c,LT-000002-202409-1402,2027-01-30,0,41cb90d0-d91a-57c2-b138-831be351479f
329d87b6-b897-5c1e-b637-c0c21b73d728,e8aeb018-f679-5670-b210-de4f62ff2111,042e2e80-f954-5df4-97be-29dd428cc598,botica,d6f21f11-7533-52dd-a4dc-2fb8e260c02c,LT-000004-202409-1403,2026-05-08,0,c6617891-56ff-5690-89a4-1ece06685ff5
c26db2cd-2a40-50e7-b153-1994c035c187,e8aeb018-f679-5670-b210-de4f62ff2111,afe9d181-1c64-5cca-b4b7-a9fa24eceeea,botica,8ecedccf-c230-516b-bbc2-108f7a6fbe63,LT-000020-202409-1404,2025-12-28,0,a6f6d890-1609-53fc-b4a6-5733ccc9d078
90f11d78-656d-5d93-a73e-6b7948253648,e8aeb018-f679-5670-b210-de4f62ff2111,c0cf5e5c-b5c9-585a-8e79-d9830bc954f6,botica,26f7241d-a84e-5e4a-a43d-33eea1e54eea,LT-000011-202409-1405,2026-09-14,0,76d6c9f4-5d7d-53c0-bb1f-2a577383765a
f0e4467e-2a83-5107-baad-92d1f30d6f69,e8aeb018-f679-5670-b210-de4f62ff2111,2933d8b7-2438-521b-b38d-d3a5224f87fc,botica,8ecedccf-c230-516b-bbc2-108f7a6fbe63,LT-000002-202409-1406,2027-07-20,0,41cb90d0-d91a-57c2-b138-831be351479f
b93e30eb-90b0-5114-90ad-331ee55f1dbc,e8aeb018-f679-5670-b210-de4f62ff2111,38adf7ba-476e-5e6b-9163-781a13538253,botica,7fb983e8-6848-5425-97a2-14da72722d0f,LT-000012-202409-1407,2026-07-07,0,41cb90d0-d91a-57c2-b138-831be351479f
83765a95-75fa-5ca3-9398-1edb282a25fa,e8aeb018-f679-5670-b210-de4f62ff2111,94e18241-54bd-5516-b36f-94ab6e323aca,botica,26f7241d-a84e-5e4a-a43d-33eea1e54eea,LT-000013-202409-1408,2026-04-20,0,ab4a547f-e75d-5601-8171-00da4efa4b57
af94ad3c-4169-5999-b0af-f2de3b5b17a0,e8aeb018-f679-5670-b210-de4f62ff2111,2897aac2-f219-5167-b800-73fac27f6b85,botica,43616d97-2221-569d-82eb-bcc14bcd6344,LT-000022-202409-1409,2026-09-20,0,41cb90d0-d91a-57c2-b138-831be351479f
70737fdc-c090-5d03-9c63-cba19ccad9fb,e8aeb018-f679-5670-b210-de4f62ff2111,d9506935-1215-5499-93c0-8bdd86ab9418,botica,43616d97-2221-569d-82eb-bcc14bcd6344,LT-000029-202409-1410,2026-04-13,0,c6617891-56ff-5690-89a4-1ece06685ff5
18ade17b-f4da-533b-85b0-bb220fe7b9b2,e8aeb018-f679-5670-b210-de4f62ff2111,2897aac2-f219-5167-b800-73fac27f6b85,botica,d6f21f11-7533-52dd-a4dc-2fb8e260c02c,LT-000022-202409-1411,2026-11-20,0,41cb90d0-d91a-57c2-b138-831be351479f
6d859f31-a57b-5086-a1f1-6f9a6baec01e,e8aeb018-f679-5670-b210-de4f62ff2111,94e18241-54bd-5516-b36f-94ab6e323aca,botica,8ecedccf-c230-516b-bbc2-108f7a6fbe63,LT-000013-202409-1412,2026-02-01,0,ab4a547f-e75d-5601-8171-00da4efa4b57
8e207d4d-7d50-57d9-88b6-7b9f4957d4a6,e8aeb018-f679-5670-b210-de4f62ff2111,22231140-3780-5fe8-a7d4-d33f61d15111,botica,7fb983e8-6848-5425-97a2-14da72722d0f,LT-000023-202409-1413,2026-08-28,0,ab4a547f-e75d-5601-8171-00da4efa4b57
56cdabaf-9529-517c-98ac-b0f1a46d4dd8,e8aeb018-f679-5670-b210-de4f62ff2111,cd81184b-b6f1-563c-b463-36a69ddfb598,botica,7fb983e8-6848-5425-97a2-14da72722d0f,LT-000026-202409-1414,2025-09-17,0,76d6c9f4-5d7d-53c0-bb1f-2a577383765a
63b1f64b-6d3e-5f0f-8904-964dbc2a5da5,e8aeb018-f679-5670-b210-de4f62ff2111,042e2e80-f954-5df4-97be-29dd428cc598,botica,26f7241d-a84e-5e4a-a43d-33eea1e54eea,LT-000004-202409-1415,2026-08-17,0,c6617891-56ff-5690-89a4-1ece06685ff5
2a3b88a9-71f6-57c0-8889-cd4f79f1ff78,e8aeb018-f679-5670-b210-de4f62ff2111,97d26d91-c562-5f27-9ebd-285e89c8f4bf,botica,26f7241d-a84e-5e4a-a43d-33eea1e54eea,LT-000018-202409-1416,2027-02-07,0,ab4a547f-e75d-5601-8171-00da4efa4b57
85d66b5d-2491-56c5-b650-f62c3f8d7452,e8aeb018-f679-5670-b210-de4f62ff2111,1ca3438e-9e23-58f0-a35f-f15f7a23beb9,botica,43616d97-2221-569d-82eb-bcc14bcd6344,LT-000024-202409-1417,2026-05-24,0,c6617891-56ff-5690-89a4-1ece06685ff5
cae8da80-49ed-5a79-b69f-d92d2a8d78c2,e8aeb018-f679-5670-b210-de4f62ff2111,38adf7ba-476e-5e6b-9163-781a13538253,botica,8ecedccf-c230-516b-bbc2-108f7a6fbe63,LT-000012-202409-1418,2026-09-30,0,41cb90d0-d91a-57c2-b138-831be351479f
ee82ccf4-09c6-5e10-9ffb-6906c9230495,e8aeb018-f679-5670-b210-de4f62ff2111,012857cc-907f-5e7d-b8fb-796d2c9f1621,botica,7fb983e8-6848-5425-97a2-14da72722d0f,LT-000028-202409-1419,2026-10-08,0,ab4a547f-e75d-5601-8171-00da4efa4b57
dc176aac-76de-5c38-919a-bd064a640ac9,e8aeb018-f679-5670-b210-de4f62ff2111,4d9429b6-2ebf-5b5d-ac48-f779d5a1e270,botica,26f7241d-a84e-5e4a-a43d-33eea1e54eea,LT-000010-202409-1420,2025-10-27,0,a6f6d890-1609-53fc-b4a6-5733ccc9d078
7f66ff8e-c31d-590f-b46e-2d22515dcaea,e8aeb018-f679-5670-b210-de4f62ff2111,07371b94-955f-52a4-9bf9-f0a6ad2b4fa8,botica,43616d97-2221-569d-82eb-bcc14bcd6344,LT-000008-202409-1421,2026-05-09,0,ab4a547f-e75d-5601-8171-00da4efa4b57
ba5d4ac2-c803-5e03-9b23-a772e40f0637,e8aeb018-f679-5670-b210-de4f62ff2111,5bbfdec8-65ae-59e6-b211-5eccb5b765fa,botica,8ecedccf-c230-516b-bbc2-108f7a6fbe63,LT-000006-202409-1422,2025-04-02,0,76d6c9f4-5d7d-53c0-bb1f-2a577383765a
ce430628-e6c1-5c54-a96c-28f06991742d,e8aeb018-f679-5670-b210-de4f62ff2111,1ca3438e-9e23-58f0-a35f-f15f7a23beb9,botica,7fb983e8-6848-5425-97a2-14da72722d0f,LT-000024-202409-1423,2025-06-24,0,c6617891-56ff-5690-89a4-1ece06685ff5
240bd7c3-e07a-5477-ba03-5a5a7d7c5f4d,e8aeb018-f679-5670-b210-de4f62ff2111,0ec23038-d3ab-588c-bbd6-1f5c744cdde1,botica,43616d97-2221-569d-82eb-bcc14bcd6344,LT-000025-202409-1424,2026-04-03,0,a6f6d890-1609-53fc-b4a6-5733ccc9d078
4ac3313c-ddf3-57be-9f8f-bcb6ce9c3ffe,e8aeb018-f679-5670-b210-de4f62ff2111,6d807393-f4ab-5f76-b544-251eeda27ba3,botica,d6f21f11-7533-52dd-a4dc-2fb8e260c02c,LT-000003-202409-1425,2026-01-09,0,ab4a547f-e75d-5601-8171-00da4efa4b57
a81a00e5-0516-5b65-8fb2-9804db2da812,e8aeb018-f679-5670-b210-de4f62ff2111,6d807393-f4ab-5f76-b544-251eeda27ba3,botica,8ecedccf-c230-516b-bbc2-108f7a6fbe63,LT-000003-202409-1426,2026-01-13,0,ab4a547f-e75d-5601-8171-00da4efa4b57
0f58acb8-28da-53cf-a880-8dbc0fa5766a,e8aeb018-f679-5670-b210-de4f62ff2111,d9506935-1215-5499-93c0-8bdd86ab9418,botica,8ecedccf-c230-516b-bbc2-108f7a6fbe63,LT-000029-202409-1427,2026-12-25,0,c6617891-56ff-5690-89a4-1ece06685ff5
d3fc9e3e-b03a-5f0c-84d4-8fc1a7eb9ef1,e8aeb018-f679-5670-b210-de4f62ff2111,d0ae6d2d-e561-56b3-a2c1-113c1c56ae81,botica,7fb983e8-6848-5425-97a2-14da72722d0f,LT-000021-202409-1428,2027-01-01,0,76d6c9f4-5d7d-53c0-bb1f-2a577383765a
b81a4c4c-5520-5680-b134-1ad6b7ddee74,e8aeb018-f679-5670-b210-de4f62ff2111,983871db-adfb-543e-b438-6b00044ffb64,botica,26f7241d-a84e-5e4a-a43d-33eea1e54eea,LT-000015-202409-1429,2026-04-03,0,a6f6d890-1609-53fc-b4a6-5733ccc9d078
d226dafb-43b2-59e8-abfa-9542aefdd189,e8aeb018-f679-5670-b210-de4f62ff2111,cd81184b-b6f1-563c-b463-36a69ddfb598,botica,26f7241d-a84e-5e4a-a43d-33eea1e54eea,LT-000026-202409-1430,2026-02-04,0,76d6c9f4-5d7d-53c0-bb1f-2a577383765a
3d7167ed-f0d4-55ad-a03c-68863e34caaa,e8aeb018-f679-5670-b210-de4f62ff2111,042e2e80-f954-5df4-97be-29dd428cc598,botica,43616d97-2221-569d-82eb-bcc14bcd6344,LT-000004-202409-1431,2026-02-28,0,c6617891-56ff-5690-89a4-1ece06685ff5
e8596180-566e-58cc-92cd-09bf5304aba3,e8aeb018-f679-5670-b210-de4f62ff2111,82cd11ba-d1a0-58b1-b14f-edd741f36e87,botica,43616d97-2221-569d-82eb-bcc14bcd6344,LT-000007-202409-1432,2026-05-11,0,41cb90d0-d91a-57c2-b138-831be351479f
6bf1dda4-bba4-5583-abfb-33c4e327d3b1,e8aeb018-f679-5670-b210-de4f62ff2111,07371b94-955f-52a4-9bf9-f0a6ad2b4fa8,botica,d6f21f11-7533-52dd-a4dc-2fb8e260c02c,LT-000008-202409-1433,2026-04-01,0,ab4a547f-e75d-5601-8171-00da4efa4b57
895c6a39-25cd-51e0-8b4d-d80cd0ba7018,e8aeb018-f679-5670-b210-de4f62ff2111,82cd11ba-d1a0-58b1-b14f-edd741f36e87,botica,8ecedccf-c230-516b-bbc2-108f7a6fbe63,LT-000007-202409-1434,2025-07-30,0,41cb90d0-d91a-57c2-b138-831be351479f
760d6a08-9ee9-572a-9381-f6e6944af24e,e8aeb018-f679-5670-b210-de4f62ff2111,2082733c-4e17-51fe-bc8c-bf33d3ec5d7e,botica,8ecedccf-c230-516b-bbc2-108f7a6fbe63,LT-000016-202409-1435,2025-06-26,0,76d6c9f4-5d7d-53c0-bb1f-2a577383765a
4395e254-ec13-55fa-ad21-68bcf6a75f5d,e8aeb018-f679-5670-b210-de4f62ff2111,1ca3438e-9e23-58f0-a35f-f15f7a23beb9,botica,8ecedccf-c230-516b-bbc2-108f7a6fbe63,LT-000024-202409-1436,2025-10-01,0,c6617891-56ff-5690-89a4-1ece06685ff5
422352be-1122-55de-8c8a-b42b8888372f,e8aeb018-f679-5670-b210-de4f62ff2111,5bbfdec8-65ae-59e6-b211-5eccb5b765fa,botica,7fb983e8-6848-5425-97a2-14da72722d0f,LT-000006-202409-1437,2026-05-08,0,76d6c9f4-5d7d-53c0-bb1f-2a577383765a
654ef6ae-6659-5e17-b4d5-a05d8cdb5d37,e8aeb018-f679-5670-b210-de4f62ff2111,0ec23038-d3ab-588c-bbd6-1f5c744cdde1,botica,7fb983e8-6848-5425-97a2-14da72722d0f,LT-000025-202409-1438,2026-02-09,0,a6f6d890-1609-53fc-b4a6-5733ccc9d078
74a43d64-898d-5c8d-93b1-39a1366e5ed9,e8aeb018-f679-5670-b210-de4f62ff2111,22231140-3780-5fe8-a7d4-d33f61d15111,botica,26f7241d-a84e-5e4a-a43d-33eea1e54eea,LT-000023-202409-1439,2026-02-06,0,ab4a547f-e75d-5601-8171-00da4efa4b57
4400ae0b-69e3-52f9-953b-7842a737cc8b,e8aeb018-f679-5670-b210-de4f62ff2111,1ca3438e-9e23-58f0-a35f-f15f7a23beb9,botica,26f7241d-a84e-5e4a-a43d-33eea1e54eea,LT-000024-202409-1440,2026-04-02,0,c6617891-56ff-5690-89a4-1ece06685ff5
acca28b0-594c-5c33-8e36-2258efedadc4,e8aeb018-f679-5670-b210-de4f62ff2111,d2f08f15-f9f2-5f65-a740-b05896774467,botica,43616d97-2221-569d-82eb-bcc14bcd6344,LT-000017-202409-1441,2027-09-08,0,41cb90d0-d91a-57c2-b138-831be351479f
e39eedd4-e952-5c47-a894-48218ba13cc1,e8aeb018-f679-5670-b210-de4f62ff2111,d0ae6d2d-e561-56b3-a2c1-113c1c56ae81,botica,d6f21f11-7533-52dd-a4dc-2fb8e260c02c,LT-000021-202409-1442,2025-10-08,0,76d6c9f4-5d7d-53c0-bb1f-2a577383765a
bbcfd598-8e19-503e-b7bc-05e0004eb7b1,e8aeb018-f679-5670-b210-de4f62ff2111,07371b94-955f-52a4-9bf9-f0a6ad2b4fa8,botica,8ecedccf-c230-516b-bbc2-108f7a6fbe63,LT-000008-202409-1443,2026-07-28,0,ab4a547f-e75d-5601-8171-00da4efa4b57
f3549642-18c2-56c3-bb55-dcf1d0c77c36,e8aeb018-f679-5670-b210-de4f62ff2111,0ec23038-d3ab-588c-bbd6-1f5c744cdde1,botica,8ecedccf-c230-516b-bbc2-108f7a6fbe63,LT-000025-202409-1444,2026-05-19,0,a6f6d890-1609-53fc-b4a6-5733ccc9d078
5aba5716-6312-5b80-acde-88a7610c37dd,e8aeb018-f679-5670-b210-de4f62ff2111,2897aac2-f219-5167-b800-73fac27f6b85,botica,7fb983e8-6848-5425-97a2-14da72722d0f,LT-000022-202409-1445,2026-04-10,0,41cb90d0-d91a-57c2-b138-831be351479f
9481e7fb-5b96-5797-a43b-a49a0e02105d,e8aeb018-f679-5670-b210-de4f62ff2111,6d807393-f4ab-5f76-b544-251eeda27ba3,botica,26f7241d-a84e-5e4a-a43d-33eea1e54eea,LT-000003-202409-1446,2027-06-19,0,ab4a547f-e75d-5601-8171-00da4efa4b57
1fa4f52f-b2c8-5e8c-aead-5e4d4e6ec115,e8aeb018-f679-5670-b210-de4f62ff2111,5bbfdec8-65ae-59e6-b211-5eccb5b765fa,botica,43616d97-2221-569d-82eb-bcc14bcd6344,LT-000006-202409-1447,2027-07-13,0,76d6c9f4-5d7d-53c0-bb1f-2a577383765a
499e63b8-bae2-54fe-b0f2-29c67f497cd6,e8aeb018-f679-5670-b210-de4f62ff2111,94e18241-54bd-5516-b36f-94ab6e323aca,botica,43616d97-2221-569d-82eb-bcc14bcd6344,LT-000013-202409-1448,2026-06-26,0,ab4a547f-e75d-5601-8171-00da4efa4b57
1003ea08-1419-58af-aafe-dfa9a85c51bb,e8aeb018-f679-5670-b210-de4f62ff2111,c0cf5e5c-b5c9-585a-8e79-d9830bc954f6,botica,d6f21f11-7533-52dd-a4dc-2fb8e260c02c,LT-000011-202409-1449,2026-08-26,0,76d6c9f4-5d7d-53c0-bb1f-2a577383765a
d68fc680-8b64-5201-93fd-26d3d59af107,e8aeb018-f679-5670-b210-de4f62ff2111,1e9605fd-5682-52b6-8f05-e8a92dd44513,botica,d6f21f11-7533-52dd-a4dc-2fb8e260c02c,LT-000030-202409-1450,2026-04-02,0,a6f6d890-1609-53fc-b4a6-5733ccc9d078
8e2c90dc-10dd-52b6-963e-49fc539b4324,e8aeb018-f679-5670-b210-de4f62ff2111,6baabed2-52d7-5cb7-bf74-86c7cb3e4f07,botica,8ecedccf-c230-516b-bbc2-108f7a6fbe63,LT-000027-202409-1451,2027-06-04,0,41cb90d0-d91a-57c2-b138-831be351479f
862f6fdf-54cc-54d1-921b-4dccb59d3948,e8aeb018-f679-5670-b210-de4f62ff2111,07371b94-955f-52a4-9bf9-f0a6ad2b4fa8,botica,26f7241d-a84e-5e4a-a43d-33eea1e54eea,LT-000008-202409-1452,2025-05-13,0,ab4a547f-e75d-5601-8171-00da4efa4b57
a08474f0-3be1-5b67-8773-97658ede2a6f,e8aeb018-f679-5670-b210-de4f62ff2111,012857cc-907f-5e7d-b8fb-796d2c9f1621,botica,26f7241d-a84e-5e4a-a43d-33eea1e54eea,LT-000028-202409-1453,2027-04-21,0,ab4a547f-e75d-5601-8171-00da4efa4b57
1280e900-7431-513e-9363-d34d4588d98c,e8aeb018-f679-5670-b210-de4f62ff2111,2933d8b7-2438-521b-b38d-d3a5224f87fc,botica,43616d97-2221-569d-82eb-bcc14bcd6344,LT-000002-202409-1454,2027-04-13,0,41cb90d0-d91a-57c2-b138-831be351479f
487bbda3-1009-5455-a6e7-5ba62d433b03,e8aeb018-f679-5670-b210-de4f62ff2111,9928e9a1-d9fc-5fdd-86c2-8909352fd7fe,botica,d6f21f11-7533-52dd-a4dc-2fb8e260c02c,LT-000005-202409-1455,2026-01-29,0,a6f6d890-1609-53fc-b4a6-5733ccc9d078
bf65397e-47ff-5358-8473-fe03c5c1f154,e8aeb018-f679-5670-b210-de4f62ff2111,983871db-adfb-543e-b438-6b00044ffb64,botica,d6f21f11-7533-52dd-a4dc-2fb8e260c02c,LT-000015-202409-1456,2027-01-06,0,a6f6d890-1609-53fc-b4a6-5733ccc9d078
dc03ef67-91b3-5b77-be4d-bb8c9d8dd0b1,e8aeb018-f679-5670-b210-de4f62ff2111,2eb3a104-e572-583a-afa0-156ee0dc4cce,botica,8ecedccf-c230-516b-bbc2-108f7a6fbe63,LT-000019-202409-1457,2026-10-09,0,c6617891-56ff-5690-89a4-1ece06685ff5
63adc1af-e4f3-57b3-a374-9ff122cdcab9,e8aeb018-f679-5670-b210-de4f62ff2111,2897aac2-f219-5167-b800-73fac27f6b85,botica,8ecedccf-c230-516b-bbc2-108f7a6fbe63,LT-000022-202409-1458,2027-07-07,0,41cb90d0-d91a-57c2-b138-831be351479f
d8c52d65-8c05-517f-8356-727d5ff5b5de,e8aeb018-f679-5670-b210-de4f62ff2111,07371b94-955f-52a4-9bf9-f0a6ad2b4fa8,botica,7fb983e8-6848-5425-97a2-14da72722d0f,LT-000008-202409-1459,2025-09-17,0,ab4a547f-e75d-5601-8171-00da4efa4b57
d92dbd1a-ae66-5409-b338-aeae4aac7434,e8aeb018-f679-5670-b210-de4f62ff2111,87b859e0-789a-56e6-b1ba-4fe76221d3bf,botica,26f7241d-a84e-5e4a-a43d-33eea1e54eea,LT-000014-202409-1460,2025-05-02,0,c6617891-56ff-5690-89a4-1ece06685ff5
d037d3f8-ec46-5d34-a3d6-07b7dfc333d1,e8aeb018-f679-5670-b210-de4f62ff2111,2eb3a104-e572-583a-afa0-156ee0dc4cce,botica,26f7241d-a84e-5e4a-a43d-33eea1e54eea,LT-000019-202409-1461,2026-05-18,0,c6617891-56ff-5690-89a4-1ece06685ff5
caa1f7fc-793c-5f27-86dc-512d787dd4db,e8aeb018-f679-5670-b210-de4f62ff2111,2897aac2-f219-5167-b800-73fac27f6b85,botica,26f7241d-a84e-5e4a-a43d-33eea1e54eea,LT-000022-202409-1462,2027-04-20,0,41cb90d0-d91a-57c2-b138-831be351479f
9a95b25e-eef0-5d93-aa87-45f28f4f0f42,e8aeb018-f679-5670-b210-de4f62ff2111,d2f08f15-f9f2-5f65-a740-b05896774467,botica,8ecedccf-c230-516b-bbc2-108f7a6fbe63,LT-000017-202409-1463,2027-05-02,0,41cb90d0-d91a-57c2-b138-831be351479f
1bae6524-a7e6-5369-a898-98687f44e0a1,e8aeb018-f679-5670-b210-de4f62ff2111,cd81184b-b6f1-563c-b463-36a69ddfb598,botica,8ecedccf-c230-516b-bbc2-108f7a6fbe63,LT-000026-202409-1464,2025-12-03,0,76d6c9f4-5d7d-53c0-bb1f-2a577383765a
7ed4467c-bcb2-5c32-bcef-a7fda2ab15e6,e8aeb018-f679-5670-b210-de4f62ff2111,d2f08f15-f9f2-5f65-a740-b05896774467,botica,7fb983e8-6848-5425-97a2-14da72722d0f,LT-000017-202409-1465,2027-05-07,0,41cb90d0-d91a-57c2-b138-831be351479f
2c2cfbd1-fdbe-5df7-a744-de66a29e3027,e8aeb018-f679-5670-b210-de4f62ff2111,6d807393-f4ab-5f76-b544-251eeda27ba3,botica,43616d97-2221-569d-82eb-bcc14bcd6344,LT-000003-202409-1466,2025-08-23,0,ab4a547f-e75d-5601-8171-00da4efa4b57
2c2ef5f3-83b9-53e5-ac23-112adb7cc85f,e8aeb018-f679-5670-b210-de4f62ff2111,38adf7ba-476e-5e6b-9163-781a13538253,botica,43616d97-2221-569d-82eb-bcc14bcd6344,LT-000012-202409-1467,2026-03-27,0,41cb90d0-d91a-57c2-b138-831be351479f
88d82c04-dd6c-5166-91a5-c289a99f16ea,e8aeb018-f679-5670-b210-de4f62ff2111,87b859e0-789a-56e6-b1ba-4fe76221d3bf,botica,43616d97-2221-569d-82eb-bcc14bcd6344,LT-000014-202409-1468,2027-07-23,0,c6617891-56ff-5690-89a4-1ece06685ff5
3e2bbfa7-deb8-5446-9a46-eb16d2e3feb5,e8aeb018-f679-5670-b210-de4f62ff2111,94e18241-54bd-5516-b36f-94ab6e323aca,botica,d6f21f11-7533-52dd-a4dc-2fb8e260c02c,LT-000013-202409-1469,2027-06-19,0,ab4a547f-e75d-5601-8171-00da4efa4b57
a728a0d3-b981-5e45-93cf-54b752c7f889,e8aeb018-f679-5670-b210-de4f62ff2111,d3961f5a-3ea7-53d3-89f4-78b65b0c0c6b,botica,8ecedccf-c230-516b-bbc2-108f7a6fbe63,LT-000001-202409-1470,2026-08-08,0,76d6c9f4-5d7d-53c0-bb1f-2a577383765a
05d65cda-78e4-5c87-94e8-fceb710e87d5,e8aeb018-f679-5670-b210-de4f62ff2111,c0cf5e5c-b5c9-585a-8e79-d9830bc954f6,botica,8ecedccf-c230-516b-bbc2-108f7a6fbe63,LT-000011-202409-1471,2026-05-12,0,76d6c9f4-5d7d-53c0-bb1f-2a577383765a
15fba7b5-cfb5-5088-b85c-b46654b2e384,e8aeb018-f679-5670-b210-de4f62ff2111,6d807393-f4ab-5f76-b544-251eeda27ba3,botica,7fb983e8-6848-5425-97a2-14da72722d0f,LT-000003-202409-1472,2025-12-28,0,ab4a547f-e75d-5601-8171-00da4efa4b57
57b241fe-2c3b-52bd-b24e-9a9189fd6a01,e8aeb018-f679-5670-b210-de4f62ff2111,2082733c-4e17-51fe-bc8c-bf33d3ec5d7e,botica,43616d97-2221-569d-82eb-bcc14bcd6344,LT-000016-202409-1473,2025-08-29,0,76d6c9f4-5d7d-53c0-bb1f-2a577383765a
851d2df8-6ffb-58ba-880b-901ea1831c9c,e8aeb018-f679-5670-b210-de4f62ff2111,058c6382-bde2-59d1-93ff-20c6161a4736,botica,8ecedccf-c230-516b-bbc2-108f7a6fbe63,LT-000009-202409-1474,2026-12-17,0,c6617891-56ff-5690-89a4-1ece06685ff5
7d7f5a17-9f31-5075-ba1d-2b21e073a200,e8aeb018-f679-5670-b210-de4f62ff2111,4d9429b6-2ebf-5b5d-ac48-f779d5a1e270,botica,8ecedccf-c230-516b-bbc2-108f7a6fbe63,LT-000010-202409-1475,2027-02-18,0,a6f6d890-1609-53fc-b4a6-5733ccc9d078
e5d5427d-4633-5ff5-a37a-1dcc024b822a,e8aeb018-f679-5670-b210-de4f62ff2111,042e2e80-f954-5df4-97be-29dd428cc598,botica,7fb983e8-6848-5425-97a2-14da72722d0f,LT-000004-202409-1476,2026-01-19,0,c6617891-56ff-5690-89a4-1ece06685ff5
65cea4ce-2c85-55a2-b209-dff45da2f39d,e8aeb018-f679-5670-b210-de4f62ff2111,94e18241-54bd-5516-b36f-94ab6e323aca,botica,7fb983e8-6848-5425-97a2-14da72722d0f,LT-000013-202409-1477,2026-05-03,0,ab4a547f-e75d-5601-8171-00da4efa4b57
88ecb4c5-9923-5f04-ae25-167c13056ee9,e8aeb018-f679-5670-b210-de4f62ff2111,2082733c-4e17-51fe-bc8c-bf33d3ec5d7e,botica,26f7241d-a84e-5e4a-a43d-33eea1e54eea,LT-000016-202409-1478,2025-08-12,0,76d6c9f4-5d7d-53c0-bb1f-2a577383765a
3016250a-e877-5aea-8c87-b761df982764,e8aeb018-f679-5670-b210-de4f62ff2111,d2f08f15-f9f2-5f65-a740-b05896774467,botica,26f7241d-a84e-5e4a-a43d-33eea1e54eea,LT-000017-202409-1479,2026-09-08,0,41cb90d0-d91a-57c2-b138-831be351479f
f5f507d5-719b-524b-93e2-c265bb5357e4,e8aeb018-f679-5670-b210-de4f62ff2111,9928e9a1-d9fc-5fdd-86c2-8909352fd7fe,botica,43616d97-2221-569d-82eb-bcc14bcd6344,LT-000005-202409-1480,2027-09-18,0,a6f6d890-1609-53fc-b4a6-5733ccc9d078
2aef2a3d-13c6-50fa-ab0f-87b797519db2,e8aeb018-f679-5670-b210-de4f62ff2111,87b859e0-789a-56e6-b1ba-4fe76221d3bf,botica,8ecedccf-c230-516b-bbc2-108f7a6fbe63,LT-000014-202409-1481,2025-08-30,0,c6617891-56ff-5690-89a4-1ece06685ff5
7f44c5f3-4ece-50fe-b215-b4dc8bbf5f29,e8aeb018-f679-5670-b210-de4f62ff2111,1e9605fd-5682-52b6-8f05-e8a92dd44513,botica,8ecedccf-c230-516b-bbc2-108f7a6fbe63,LT-000030-202409-1482,2027-08-16,0,a6f6d890-1609-53fc-b4a6-5733ccc9d078
d58b3a3e-455d-5d98-a60f-1b5df86a4ded,e8aeb018-f679-5670-b210-de4f62ff2111,2933d8b7-2438-521b-b38d-d3a5224f87fc,botica,7fb983e8-6848-5425-97a2-14da72722d0f,LT-000002-202409-1483,2027-06-17,0,41cb90d0-d91a-57c2-b138-831be351479f
42bd2813-ec30-552b-997e-ed70ad238009,e8aeb018-f679-5670-b210-de4f62ff2111,6baabed2-52d7-5cb7-bf74-86c7cb3e4f07,botica,7fb983e8-6848-5425-97a2-14da72722d0f,LT-000027-202409-1484,2025-06-15,0,41cb90d0-d91a-57c2-b138-831be351479f
7f17d8fa-268c-599e-8e1c-3efbc24b6668,e8aeb018-f679-5670-b210-de4f62ff2111,38adf7ba-476e-5e6b-9163-781a13538253,botica,d6f21f11-7533-52dd-a4dc-2fb8e260c02c,LT-000012-202410-1485,2027-07-06,0,41cb90d0-d91a-57c2-b138-831be351479f
a759b7a1-f14c-5ee8-9d9b-66801c095e6d,e8aeb018-f679-5670-b210-de4f62ff2111,0ec23038-d3ab-588c-bbd6-1f5c744cdde1,botica,d6f21f11-7533-52dd-a4dc-2fb8e260c02c,LT-000025-202410-1486,2027-05-27,0,a6f6d890-1609-53fc-b4a6-5733ccc9d078
1ce2ce44-2410-5746-94f9-3359a55943bb,e8aeb018-f679-5670-b210-de4f62ff2111,4d9429b6-2ebf-5b5d-ac48-f779d5a1e270,botica,7fb983e8-6848-5425-97a2-14da72722d0f,LT-000010-202410-1487,2025-09-05,0,a6f6d890-1609-53fc-b4a6-5733ccc9d078
e486f154-f648-5ba8-b3d2-5d68c9386989,e8aeb018-f679-5670-b210-de4f62ff2111,22231140-3780-5fe8-a7d4-d33f61d15111,botica,d6f21f11-7533-52dd-a4dc-2fb8e260c02c,LT-000023-202410-1488,2027-03-27,0,ab4a547f-e75d-5601-8171-00da4efa4b57
ef02301c-7003-5678-bdb5-1bf4cc238add,e8aeb018-f679-5670-b210-de4f62ff2111,9928e9a1-d9fc-5fdd-86c2-8909352fd7fe,botica,8ecedccf-c230-516b-bbc2-108f7a6fbe63,LT-000005-202410-1489,2027-05-14,0,a6f6d890-1609-53fc-b4a6-5733ccc9d078
47a4b27e-5504-5ff7-93cb-024ae661b5ae,e8aeb018-f679-5670-b210-de4f62ff2111,9928e9a1-d9fc-5fdd-86c2-8909352fd7fe,botica,7fb983e8-6848-5425-97a2-14da72722d0f,LT-000005-202410-1490,2025-05-15,0,a6f6d890-1609-53fc-b4a6-5733ccc9d078
752cf927-23fb-5747-8663-e4c19068aa50,e8aeb018-f679-5670-b210-de4f62ff2111,38adf7ba-476e-5e6b-9163-781a13538253,botica,26f7241d-a84e-5e4a-a43d-33eea1e54eea,LT-000012-202410-1491,2027-01-08,0,41cb90d0-d91a-57c2-b138-831be351479f
8d23ba6c-0da2-5cb9-886f-89285f3cb19e,e8aeb018-f679-5670-b210-de4f62ff2111,c0cf5e5c-b5c9-585a-8e79-d9830bc954f6,botica,43616d97-2221-569d-82eb-bcc14bcd6344,LT-000011-202410-1492,2027-05-13,0,76d6c9f4-5d7d-53c0-bb1f-2a577383765a
9976a889-d660-5c5b-97b8-2bfb516cdcd2,e8aeb018-f679-5670-b210-de4f62ff2111,983871db-adfb-543e-b438-6b00044ffb64,botica,43616d97-2221-569d-82eb-bcc14bcd6344,LT-000015-202410-1493,2027-09-26,0,a6f6d890-1609-53fc-b4a6-5733ccc9d078
24e8e555-de8e-5d64-9ab3-a762b01f3bd4,e8aeb018-f679-5670-b210-de4f62ff2111,afe9d181-1c64-5cca-b4b7-a9fa24eceeea,botica,d6f21f11-7533-52dd-a4dc-2fb8e260c02c,LT-000020-202410-1494,2027-04-09,0,a6f6d890-1609-53fc-b4a6-5733ccc9d078
539c6957-4d8d-5e23-80ea-11e9eefa2665,e8aeb018-f679-5670-b210-de4f62ff2111,1ca3438e-9e23-58f0-a35f-f15f7a23beb9,botica,d6f21f11-7533-52dd-a4dc-2fb8e260c02c,LT-000024-202410-1495,2026-06-01,0,c6617891-56ff-5690-89a4-1ece06685ff5
1b456638-9a1d-52cb-9182-0cd0d1912895,e8aeb018-f679-5670-b210-de4f62ff2111,d9506935-1215-5499-93c0-8bdd86ab9418,botica,7fb983e8-6848-5425-97a2-14da72722d0f,LT-000029-202410-1496,2026-03-27,0,c6617891-56ff-5690-89a4-1ece06685ff5
1cc3469c-d741-5e16-8f3f-959618fad0f7,e8aeb018-f679-5670-b210-de4f62ff2111,1e9605fd-5682-52b6-8f05-e8a92dd44513,botica,7fb983e8-6848-5425-97a2-14da72722d0f,LT-000030-202410-1497,2027-08-10,0,a6f6d890-1609-53fc-b4a6-5733ccc9d078
f8f7d56f-b0c0-58cb-a92a-7ae96924fbac,e8aeb018-f679-5670-b210-de4f62ff2111,9928e9a1-d9fc-5fdd-86c2-8909352fd7fe,botica,26f7241d-a84e-5e4a-a43d-33eea1e54eea,LT-000005-202410-1498,2025-04-23,0,a6f6d890-1609-53fc-b4a6-5733ccc9d078
d26cc57e-4e0f-5fd1-bc02-5d9873d07f45,e8aeb018-f679-5670-b210-de4f62ff2111,1e9605fd-5682-52b6-8f05-e8a92dd44513,botica,26f7241d-a84e-5e4a-a43d-33eea1e54eea,LT-000030-202410-1499,2027-06-28,0,a6f6d890-1609-53fc-b4a6-5733ccc9d078
458f13f6-9c51-54fe-a8d1-55e55e365ca8,e8aeb018-f679-5670-b210-de4f62ff2111,d3961f5a-3ea7-53d3-89f4-78b65b0c0c6b,botica,43616d97-2221-569d-82eb-bcc14bcd6344,LT-000001-202410-1500,2025-09-17,0,76d6c9f4-5d7d-53c0-bb1f-2a577383765a
a414e03b-f3c7-5fe5-b3c0-a6610f39bb13,e8aeb018-f679-5670-b210-de4f62ff2111,cd81184b-b6f1-563c-b463-36a69ddfb598,botica,43616d97-2221-569d-82eb-bcc14bcd6344,LT-000026-202410-1501,2026-10-11,0,76d6c9f4-5d7d-53c0-bb1f-2a577383765a
d27fbde3-445e-5991-bae6-c4b1099e55ae,e8aeb018-f679-5670-b210-de4f62ff2111,058c6382-bde2-59d1-93ff-20c6161a4736,botica,d6f21f11-7533-52dd-a4dc-2fb8e260c02c,LT-000009-202410-1502,2027-07-26,0,c6617891-56ff-5690-89a4-1ece06685ff5
a0a9f4e3-37b9-54b3-9dd3-8841bac87b9e,e8aeb018-f679-5670-b210-de4f62ff2111,2082733c-4e17-51fe-bc8c-bf33d3ec5d7e,botica,d6f21f11-7533-52dd-a4dc-2fb8e260c02c,LT-000016-202410-1503,2027-04-02,0,76d6c9f4-5d7d-53c0-bb1f-2a577383765a
32de8ed5-3060-5006-8b7f-4ccde4f6b63a,e8aeb018-f679-5670-b210-de4f62ff2111,d0ae6d2d-e561-56b3-a2c1-113c1c56ae81,botica,8ecedccf-c230-516b-bbc2-108f7a6fbe63,LT-000021-202410-1504,2027-02-10,0,76d6c9f4-5d7d-53c0-bb1f-2a577383765a
fbac4abd-2425-501c-835b-ecf79bae6872,e8aeb018-f679-5670-b210-de4f62ff2111,22231140-3780-5fe8-a7d4-d33f61d15111,botica,8ecedccf-c230-516b-bbc2-108f7a6fbe63,LT-000023-202410-1505,2026-04-22,0,ab4a547f-e75d-5601-8171-00da4efa4b57
6271273c-c7d6-5094-82b1-9154f5518c89,e8aeb018-f679-5670-b210-de4f62ff2111,d3961f5a-3ea7-53d3-89f4-78b65b0c0c6b,botica,7fb983e8-6848-5425-97a2-14da72722d0f,LT-000001-202410-1506,2026-11-04,0,76d6c9f4-5d7d-53c0-bb1f-2a577383765a
f6c7bf50-859f-5c98-bf93-c517765a142b,e8aeb018-f679-5670-b210-de4f62ff2111,6baabed2-52d7-5cb7-bf74-86c7cb3e4f07,botica,26f7241d-a84e-5e4a-a43d-33eea1e54eea,LT-000027-202410-1507,2025-04-16,0,41cb90d0-d91a-57c2-b138-831be351479f
d16eae7c-37b6-5153-830e-e33ba92fcd70,e8aeb018-f679-5670-b210-de4f62ff2111,058c6382-bde2-59d1-93ff-20c6161a4736,botica,43616d97-2221-569d-82eb-bcc14bcd6344,LT-000009-202410-1508,2026-01-25,0,c6617891-56ff-5690-89a4-1ece06685ff5
d2bd5469-c41a-5688-be25-2415c72dfcb2,e8aeb018-f679-5670-b210-de4f62ff2111,1e9605fd-5682-52b6-8f05-e8a92dd44513,botica,43616d97-2221-569d-82eb-bcc14bcd6344,LT-000030-202410-1509,2027-03-17,0,a6f6d890-1609-53fc-b4a6-5733ccc9d078
7dc4b67b-da36-5e35-81d2-8f2100bdabd4,e8aeb018-f679-5670-b210-de4f62ff2111,042e2e80-f954-5df4-97be-29dd428cc598,botica,8ecedccf-c230-516b-bbc2-108f7a6fbe63,LT-000004-202410-1510,2027-09-27,0,c6617891-56ff-5690-89a4-1ece06685ff5
4e56ba08-fbda-50d9-b29e-37ecf7bdf725,e8aeb018-f679-5670-b210-de4f62ff2111,2933d8b7-2438-521b-b38d-d3a5224f87fc,botica,26f7241d-a84e-5e4a-a43d-33eea1e54eea,LT-000002-202410-1511,2026-07-12,0,41cb90d0-d91a-57c2-b138-831be351479f
fbac277c-0eaa-5817-812b-4f880838554f,e8aeb018-f679-5670-b210-de4f62ff2111,4d9429b6-2ebf-5b5d-ac48-f779d5a1e270,botica,26f7241d-a84e-5e4a-a43d-33eea1e54eea,LT-000010-202410-1512,2026-04-05,0,a6f6d890-1609-53fc-b4a6-5733ccc9d078
245d8b64-d8d3-513c-9b51-6c690524c4f9,e8aeb018-f679-5670-b210-de4f62ff2111,22231140-3780-5fe8-a7d4-d33f61d15111,botica,43616d97-2221-569d-82eb-bcc14bcd6344,LT-000023-202410-1513,2027-08-28,0,ab4a547f-e75d-5601-8171-00da4efa4b57
d739be77-2445-59e0-90c9-3c46cdae7926,e8aeb018-f679-5670-b210-de4f62ff2111,afe9d181-1c64-5cca-b4b7-a9fa24eceeea,botica,26f7241d-a84e-5e4a-a43d-33eea1e54eea,LT-000020-202410-1514,2025-06-29,0,a6f6d890-1609-53fc-b4a6-5733ccc9d078
e82aaf11-50d9-5341-b035-4b863b9c4e03,e8aeb018-f679-5670-b210-de4f62ff2111,d0ae6d2d-e561-56b3-a2c1-113c1c56ae81,botica,26f7241d-a84e-5e4a-a43d-33eea1e54eea,LT-000021-202410-1515,2026-01-13,0,76d6c9f4-5d7d-53c0-bb1f-2a577383765a
a96159c5-8e69-5e43-b717-eb97e7bc9a99,e8aeb018-f679-5670-b210-de4f62ff2111,afe9d181-1c64-5cca-b4b7-a9fa24eceeea,botica,43616d97-2221-569d-82eb-bcc14bcd6344,LT-000020-202410-1516,2027-01-21,0,a6f6d890-1609-53fc-b4a6-5733ccc9d078
75017c82-e616-599c-9c5c-e0532645c5f0,e8aeb018-f679-5670-b210-de4f62ff2111,d3961f5a-3ea7-53d3-89f4-78b65b0c0c6b,botica,d6f21f11-7533-52dd-a4dc-2fb8e260c02c,LT-000001-202410-1517,2026-08-05,0,76d6c9f4-5d7d-53c0-bb1f-2a577383765a
eebb2fe5-036e-5797-9a2f-fa95e8c8e2fd,e8aeb018-f679-5670-b210-de4f62ff2111,97d26d91-c562-5f27-9ebd-285e89c8f4bf,botica,d6f21f11-7533-52dd-a4dc-2fb8e260c02c,LT-000018-202410-1518,2025-11-12,0,ab4a547f-e75d-5601-8171-00da4efa4b57
2a241e2e-f370-5807-a140-8051c4708fd9,e8aeb018-f679-5670-b210-de4f62ff2111,6baabed2-52d7-5cb7-bf74-86c7cb3e4f07,botica,d6f21f11-7533-52dd-a4dc-2fb8e260c02c,LT-000027-202410-1519,2027-01-10,0,41cb90d0-d91a-57c2-b138-831be351479f
aac1ba4d-3d08-5cc1-a99b-8ef979c31204,e8aeb018-f679-5670-b210-de4f62ff2111,c0cf5e5c-b5c9-585a-8e79-d9830bc954f6,botica,7fb983e8-6848-5425-97a2-14da72722d0f,LT-000011-202410-1520,2026-02-01,0,76d6c9f4-5d7d-53c0-bb1f-2a577383765a
82e07bf5-a8fa-5674-8352-be59e17201e5,e8aeb018-f679-5670-b210-de4f62ff2111,5bbfdec8-65ae-59e6-b211-5eccb5b765fa,botica,26f7241d-a84e-5e4a-a43d-33eea1e54eea,LT-000006-202410-1521,2026-07-21,0,76d6c9f4-5d7d-53c0-bb1f-2a577383765a
3b671110-6ca8-5e9b-ae14-a04608228f64,e8aeb018-f679-5670-b210-de4f62ff2111,983871db-adfb-543e-b438-6b00044ffb64,botica,8ecedccf-c230-516b-bbc2-108f7a6fbe63,LT-000015-202410-1522,2026-08-18,0,a6f6d890-1609-53fc-b4a6-5733ccc9d078
1828708b-da06-54b7-bbae-eb198fb8c81a,e8aeb018-f679-5670-b210-de4f62ff2111,d3961f5a-3ea7-53d3-89f4-78b65b0c0c6b,botica,26f7241d-a84e-5e4a-a43d-33eea1e54eea,LT-000001-202410-1523,2026-10-24,0,76d6c9f4-5d7d-53c0-bb1f-2a577383765a
1dde68eb-f1e6-5c6b-9615-521172e29352,e8aeb018-f679-5670-b210-de4f62ff2111,6baabed2-52d7-5cb7-bf74-86c7cb3e4f07,botica,43616d97-2221-569d-82eb-bcc14bcd6344,LT-000027-202410-1524,2026-08-24,0,41cb90d0-d91a-57c2-b138-831be351479f
ed0006ea-8cca-50d7-b325-32e77310a661,e8aeb018-f679-5670-b210-de4f62ff2111,94e18241-54bd-5516-b36f-94ab6e323aca,botica,8ecedccf-c230-516b-bbc2-108f7a6fbe63,LT-000013-202410-1525,2026-08-13,0,ab4a547f-e75d-5601-8171-00da4efa4b57
f5b8d403-9303-5897-81ca-bc05e927762a,e8aeb018-f679-5670-b210-de4f62ff2111,afe9d181-1c64-5cca-b4b7-a9fa24eceeea,botica,7fb983e8-6848-5425-97a2-14da72722d0f,LT-000020-202410-1526,2026-01-08,0,a6f6d890-1609-53fc-b4a6-5733ccc9d078
80ebbc7c-3faf-5bec-8a04-249d5e5933a0,e8aeb018-f679-5670-b210-de4f62ff2111,012857cc-907f-5e7d-b8fb-796d2c9f1621,botica,43616d97-2221-569d-82eb-bcc14bcd6344,LT-000028-202410-1527,2027-05-04,0,ab4a547f-e75d-5601-8171-00da4efa4b57
3ea60506-3a18-5733-bd5f-e27f73a5f047,e8aeb018-f679-5670-b210-de4f62ff2111,d2f08f15-f9f2-5f65-a740-b05896774467,botica,d6f21f11-7533-52dd-a4dc-2fb8e260c02c,LT-000017-202410-1528,2025-10-31,0,41cb90d0-d91a-57c2-b138-831be351479f
ce18a190-0d5e-5067-bedb-c80967e31d64,e8aeb018-f679-5670-b210-de4f62ff2111,38adf7ba-476e-5e6b-9163-781a13538253,botica,7fb983e8-6848-5425-97a2-14da72722d0f,LT-000012-202410-1529,2026-03-30,0,41cb90d0-d91a-57c2-b138-831be351479f
69209e64-ecc2-582d-9b8b-a56a88798769,e8aeb018-f679-5670-b210-de4f62ff2111,058c6382-bde2-59d1-93ff-20c6161a4736,botica,26f7241d-a84e-5e4a-a43d-33eea1e54eea,LT-000009-202410-1530,2025-06-16,0,c6617891-56ff-5690-89a4-1ece06685ff5
778d4090-0a0f-5cd1-96cf-971a629c022d,e8aeb018-f679-5670-b210-de4f62ff2111,07371b94-955f-52a4-9bf9-f0a6ad2b4fa8,botica,43616d97-2221-569d-82eb-bcc14bcd6344,LT-000008-202410-1531,2025-08-09,0,ab4a547f-e75d-5601-8171-00da4efa4b57
dd771a48-b029-5e20-9e1e-88b21a4b94ad,e8aeb018-f679-5670-b210-de4f62ff2111,2933d8b7-2438-521b-b38d-d3a5224f87fc,botica,d6f21f11-7533-52dd-a4dc-2fb8e260c02c,LT-000002-202410-1532,2026-04-27,0,41cb90d0-d91a-57c2-b138-831be351479f
cecdcb65-091c-5dd6-aba7-856ef56500bd,e8aeb018-f679-5670-b210-de4f62ff2111,82cd11ba-d1a0-58b1-b14f-edd741f36e87,botica,d6f21f11-7533-52dd-a4dc-2fb8e260c02c,LT-000007-202410-1533,2027-03-03,0,41cb90d0-d91a-57c2-b138-831be351479f
14fcc420-2c55-5346-868c-acc88a922bd1,e8aeb018-f679-5670-b210-de4f62ff2111,82cd11ba-d1a0-58b1-b14f-edd741f36e87,botica,8ecedccf-c230-516b-bbc2-108f7a6fbe63,LT-000007-202410-1534,2027-03-18,0,41cb90d0-d91a-57c2-b138-831be351479f
affca3a3-64fd-5d39-b415-3465268ce3bd,e8aeb018-f679-5670-b210-de4f62ff2111,07371b94-955f-52a4-9bf9-f0a6ad2b4fa8,botica,8ecedccf-c230-516b-bbc2-108f7a6fbe63,LT-000008-202410-1535,2026-12-08,0,ab4a547f-e75d-5601-8171-00da4efa4b57
7fe15a78-6b44-52bd-8407-10f906e0b929,e8aeb018-f679-5670-b210-de4f62ff2111,82cd11ba-d1a0-58b1-b14f-edd741f36e87,botica,7fb983e8-6848-5425-97a2-14da72722d0f,LT-000007-202410-1536,2026-07-23,0,41cb90d0-d91a-57c2-b138-831be351479f
8f66f450-7385-5b17-babf-b71237dc24c4,e8aeb018-f679-5670-b210-de4f62ff2111,07371b94-955f-52a4-9bf9-f0a6ad2b4fa8,botica,26f7241d-a84e-5e4a-a43d-33eea1e54eea,LT-000008-202410-1537,2025-11-16,0,ab4a547f-e75d-5601-8171-00da4efa4b57
67e01818-7624-5a3f-af44-1e54a3f959e8,e8aeb018-f679-5670-b210-de4f62ff2111,042e2e80-f954-5df4-97be-29dd428cc598,botica,43616d97-2221-569d-82eb-bcc14bcd6344,LT-000004-202410-1538,2026-06-11,0,c6617891-56ff-5690-89a4-1ece06685ff5
ecc7f09a-d301-5d6c-a910-004990681676,e8aeb018-f679-5670-b210-de4f62ff2111,94e18241-54bd-5516-b36f-94ab6e323aca,botica,43616d97-2221-569d-82eb-bcc14bcd6344,LT-000013-202410-1539,2027-02-15,0,ab4a547f-e75d-5601-8171-00da4efa4b57
df5a63ae-030f-5a6f-b62f-3e72f13cbf57,e8aeb018-f679-5670-b210-de4f62ff2111,87b859e0-789a-56e6-b1ba-4fe76221d3bf,botica,d6f21f11-7533-52dd-a4dc-2fb8e260c02c,LT-000014-202410-1540,2027-08-07,0,c6617891-56ff-5690-89a4-1ece06685ff5
a039190e-8a8a-5ca7-9d62-31a91c964c6a,e8aeb018-f679-5670-b210-de4f62ff2111,0ec23038-d3ab-588c-bbd6-1f5c744cdde1,botica,8ecedccf-c230-516b-bbc2-108f7a6fbe63,LT-000025-202410-1541,2026-12-17,0,a6f6d890-1609-53fc-b4a6-5733ccc9d078
77e8269b-a1df-5c75-a956-99665d5a0919,e8aeb018-f679-5670-b210-de4f62ff2111,2eb3a104-e572-583a-afa0-156ee0dc4cce,botica,7fb983e8-6848-5425-97a2-14da72722d0f,LT-000019-202410-1542,2026-08-18,0,c6617891-56ff-5690-89a4-1ece06685ff5
33afdb31-9251-595d-964d-b7381340f401,e8aeb018-f679-5670-b210-de4f62ff2111,22231140-3780-5fe8-a7d4-d33f61d15111,botica,26f7241d-a84e-5e4a-a43d-33eea1e54eea,LT-000023-202410-1543,2027-08-19,0,ab4a547f-e75d-5601-8171-00da4efa4b57
a144ce70-ebfa-5742-8d01-db835220983e,e8aeb018-f679-5670-b210-de4f62ff2111,0ec23038-d3ab-588c-bbd6-1f5c744cdde1,botica,26f7241d-a84e-5e4a-a43d-33eea1e54eea,LT-000025-202410-1544,2026-01-29,0,a6f6d890-1609-53fc-b4a6-5733ccc9d078
47143c3e-6562-59ac-8b56-17a8b0900028,e8aeb018-f679-5670-b210-de4f62ff2111,d0ae6d2d-e561-56b3-a2c1-113c1c56ae81,botica,43616d97-2221-569d-82eb-bcc14bcd6344,LT-000021-202410-1545,2025-10-11,0,76d6c9f4-5d7d-53c0-bb1f-2a577383765a
14e10bb5-fed5-5b39-9c64-a41657f6ec78,e8aeb018-f679-5670-b210-de4f62ff2111,5bbfdec8-65ae-59e6-b211-5eccb5b765fa,botica,d6f21f11-7533-52dd-a4dc-2fb8e260c02c,LT-000006-202410-1546,2025-06-13,0,76d6c9f4-5d7d-53c0-bb1f-2a577383765a
a7b82065-8d7d-50f1-bb4e-cb6c572b0a3d,e8aeb018-f679-5670-b210-de4f62ff2111,07371b94-955f-52a4-9bf9-f0a6ad2b4fa8,botica,d6f21f11-7533-52dd-a4dc-2fb8e260c02c,LT-000008-202410-1547,2026-03-03,0,ab4a547f-e75d-5601-8171-00da4efa4b57
18223297-41fe-5bca-a107-deab6a4b0e1f,e8aeb018-f679-5670-b210-de4f62ff2111,97d26d91-c562-5f27-9ebd-285e89c8f4bf,botica,8ecedccf-c230-516b-bbc2-108f7a6fbe63,LT-000018-202410-1548,2027-06-03,0,ab4a547f-e75d-5601-8171-00da4efa4b57
f25a3bc2-a57c-54ae-add9-752a711e873b,e8aeb018-f679-5670-b210-de4f62ff2111,058c6382-bde2-59d1-93ff-20c6161a4736,botica,7fb983e8-6848-5425-97a2-14da72722d0f,LT-000009-202410-1549,2027-08-31,0,c6617891-56ff-5690-89a4-1ece06685ff5
f476b7d0-4648-5d38-a83b-7a7b78f7d144,e8aeb018-f679-5670-b210-de4f62ff2111,2082733c-4e17-51fe-bc8c-bf33d3ec5d7e,botica,7fb983e8-6848-5425-97a2-14da72722d0f,LT-000016-202410-1550,2027-03-12,0,76d6c9f4-5d7d-53c0-bb1f-2a577383765a
4e56da0e-87ce-59e4-8cc7-e3d4ef4b3af4,e8aeb018-f679-5670-b210-de4f62ff2111,2897aac2-f219-5167-b800-73fac27f6b85,botica,8ecedccf-c230-516b-bbc2-108f7a6fbe63,LT-000022-202410-1551,2027-04-19,0,41cb90d0-d91a-57c2-b138-831be351479f
8dc0a82b-5db0-5752-8103-d6a9d18a9d80,e8aeb018-f679-5670-b210-de4f62ff2111,94e18241-54bd-5516-b36f-94ab6e323aca,botica,26f7241d-a84e-5e4a-a43d-33eea1e54eea,LT-000013-202410-1552,2025-07-11,0,ab4a547f-e75d-5601-8171-00da4efa4b57
2e4de2a6-9ce1-58b7-9d93-0c7e31ef87e2,e8aeb018-f679-5670-b210-de4f62ff2111,97d26d91-c562-5f27-9ebd-285e89c8f4bf,botica,26f7241d-a84e-5e4a-a43d-33eea1e54eea,LT-000018-202410-1553,2027-02-05,0,ab4a547f-e75d-5601-8171-00da4efa4b57
b2ec446e-95c8-5d6c-aa24-c42b7efd2892,e8aeb018-f679-5670-b210-de4f62ff2111,1ca3438e-9e23-58f0-a35f-f15f7a23beb9,botica,26f7241d-a84e-5e4a-a43d-33eea1e54eea,LT-000024-202410-1554,2025-05-31,0,c6617891-56ff-5690-89a4-1ece06685ff5
3613af19-d5ab-592a-93fc-ce9717e00d8e,e8aeb018-f679-5670-b210-de4f62ff2111,d0ae6d2d-e561-56b3-a2c1-113c1c56ae81,botica,7fb983e8-6848-5425-97a2-14da72722d0f,LT-000021-202410-1555,2025-11-19,0,76d6c9f4-5d7d-53c0-bb1f-2a577383765a
825b9441-a491-5b08-ae4f-7e0d2759479b,e8aeb018-f679-5670-b210-de4f62ff2111,012857cc-907f-5e7d-b8fb-796d2c9f1621,botica,7fb983e8-6848-5425-97a2-14da72722d0f,LT-000028-202410-1556,2025-10-24,0,ab4a547f-e75d-5601-8171-00da4efa4b57
3b501e2a-7ee9-5b74-b80d-4b94163c10d5,e8aeb018-f679-5670-b210-de4f62ff2111,87b859e0-789a-56e6-b1ba-4fe76221d3bf,botica,26f7241d-a84e-5e4a-a43d-33eea1e54eea,LT-000014-202410-1557,2025-05-07,0,c6617891-56ff-5690-89a4-1ece06685ff5
036acc44-9cb7-58fc-98c9-724944359b55,e8aeb018-f679-5670-b210-de4f62ff2111,cd81184b-b6f1-563c-b463-36a69ddfb598,botica,26f7241d-a84e-5e4a-a43d-33eea1e54eea,LT-000026-202410-1558,2026-08-10,0,76d6c9f4-5d7d-53c0-bb1f-2a577383765a
11a71355-e754-53c3-9a6c-5dc7c2dd780b,e8aeb018-f679-5670-b210-de4f62ff2111,012857cc-907f-5e7d-b8fb-796d2c9f1621,botica,26f7241d-a84e-5e4a-a43d-33eea1e54eea,LT-000028-202410-1559,2026-09-09,0,ab4a547f-e75d-5601-8171-00da4efa4b57
d393a9ee-25c3-52de-8100-e09caf3b56d9,e8aeb018-f679-5670-b210-de4f62ff2111,2eb3a104-e572-583a-afa0-156ee0dc4cce,botica,43616d97-2221-569d-82eb-bcc14bcd6344,LT-000019-202410-1560,2027-08-08,0,c6617891-56ff-5690-89a4-1ece06685ff5
7dcf28af-6156-5055-888e-99e513a85782,e8aeb018-f679-5670-b210-de4f62ff2111,94e18241-54bd-5516-b36f-94ab6e323aca,botica,7fb983e8-6848-5425-97a2-14da72722d0f,LT-000013-202410-1561,2026-08-14,0,ab4a547f-e75d-5601-8171-00da4efa4b57
9e2561d8-03b9-5d20-8fa4-a90fad1234ee,e8aeb018-f679-5670-b210-de4f62ff2111,983871db-adfb-543e-b438-6b00044ffb64,botica,7fb983e8-6848-5425-97a2-14da72722d0f,LT-000015-202410-1562,2026-12-13,0,a6f6d890-1609-53fc-b4a6-5733ccc9d078
87a88ea6-8650-5987-ade4-5fe91e61944d,e8aeb018-f679-5670-b210-de4f62ff2111,82cd11ba-d1a0-58b1-b14f-edd741f36e87,botica,43616d97-2221-569d-82eb-bcc14bcd6344,LT-000007-202410-1563,2026-09-24,0,41cb90d0-d91a-57c2-b138-831be351479f
ae7c5328-b351-5ed6-90d0-d0831bc47cc8,e8aeb018-f679-5670-b210-de4f62ff2111,d9506935-1215-5499-93c0-8bdd86ab9418,botica,43616d97-2221-569d-82eb-bcc14bcd6344,LT-000029-202410-1564,2025-09-12,0,c6617891-56ff-5690-89a4-1ece06685ff5
af3f5ead-d667-5c4b-88e8-b298e43c8bd5,e8aeb018-f679-5670-b210-de4f62ff2111,012857cc-907f-5e7d-b8fb-796d2c9f1621,botica,d6f21f11-7533-52dd-a4dc-2fb8e260c02c,LT-000028-202410-1565,2027-05-30,0,ab4a547f-e75d-5601-8171-00da4efa4b57
57011b0b-b961-5649-a986-53a7b8f1e732,e8aeb018-f679-5670-b210-de4f62ff2111,82cd11ba-d1a0-58b1-b14f-edd741f36e87,botica,26f7241d-a84e-5e4a-a43d-33eea1e54eea,LT-000007-202410-1566,2026-03-03,0,41cb90d0-d91a-57c2-b138-831be351479f
783a1f63-a9d3-59fb-8478-8a8bae64e774,e8aeb018-f679-5670-b210-de4f62ff2111,c0cf5e5c-b5c9-585a-8e79-d9830bc954f6,botica,26f7241d-a84e-5e4a-a43d-33eea1e54eea,LT-000011-202410-1567,2025-06-19,0,76d6c9f4-5d7d-53c0-bb1f-2a577383765a
7e8555f7-4375-5b20-a360-71f78b07f913,e8aeb018-f679-5670-b210-de4f62ff2111,4d9429b6-2ebf-5b5d-ac48-f779d5a1e270,botica,d6f21f11-7533-52dd-a4dc-2fb8e260c02c,LT-000010-202410-1568,2027-04-22,0,a6f6d890-1609-53fc-b4a6-5733ccc9d078
2969ba0b-7e54-56b1-a83a-472ba84d56bf,e8aeb018-f679-5670-b210-de4f62ff2111,d3961f5a-3ea7-53d3-89f4-78b65b0c0c6b,botica,8ecedccf-c230-516b-bbc2-108f7a6fbe63,LT-000001-202410-1569,2026-09-16,0,76d6c9f4-5d7d-53c0-bb1f-2a577383765a
1df1ad0a-6561-5f16-83d9-22e5c896f8eb,e8aeb018-f679-5670-b210-de4f62ff2111,6d807393-f4ab-5f76-b544-251eeda27ba3,botica,8ecedccf-c230-516b-bbc2-108f7a6fbe63,LT-000003-202410-1570,2026-06-23,0,ab4a547f-e75d-5601-8171-00da4efa4b57
013a19ab-b8b4-5a5e-866a-32fe905b9902,e8aeb018-f679-5670-b210-de4f62ff2111,2eb3a104-e572-583a-afa0-156ee0dc4cce,botica,8ecedccf-c230-516b-bbc2-108f7a6fbe63,LT-000019-202410-1571,2026-11-06,0,c6617891-56ff-5690-89a4-1ece06685ff5
cd52e43e-1e05-503b-896e-d62d9118c64c,e8aeb018-f679-5670-b210-de4f62ff2111,4d9429b6-2ebf-5b5d-ac48-f779d5a1e270,botica,43616d97-2221-569d-82eb-bcc14bcd6344,LT-000010-202410-1572,2025-08-13,0,a6f6d890-1609-53fc-b4a6-5733ccc9d078
7fe6647a-f30b-5ea5-b004-5db2b7e6d1ef,e8aeb018-f679-5670-b210-de4f62ff2111,0ec23038-d3ab-588c-bbd6-1f5c744cdde1,botica,43616d97-2221-569d-82eb-bcc14bcd6344,LT-000025-202410-1573,2026-12-27,0,a6f6d890-1609-53fc-b4a6-5733ccc9d078
49d4a8ee-d05b-56be-b6b6-0783f1771631,e8aeb018-f679-5670-b210-de4f62ff2111,d9506935-1215-5499-93c0-8bdd86ab9418,botica,d6f21f11-7533-52dd-a4dc-2fb8e260c02c,LT-000029-202410-1574,2025-08-10,0,c6617891-56ff-5690-89a4-1ece06685ff5
f31767b8-ab12-58e0-bf9b-69048e3b703d,e8aeb018-f679-5670-b210-de4f62ff2111,afe9d181-1c64-5cca-b4b7-a9fa24eceeea,botica,8ecedccf-c230-516b-bbc2-108f7a6fbe63,LT-000020-202410-1575,2025-05-08,0,a6f6d890-1609-53fc-b4a6-5733ccc9d078
06a8ac97-c410-575f-98d8-29dc76fe3b57,e8aeb018-f679-5670-b210-de4f62ff2111,97d26d91-c562-5f27-9ebd-285e89c8f4bf,botica,7fb983e8-6848-5425-97a2-14da72722d0f,LT-000018-202410-1576,2026-11-20,0,ab4a547f-e75d-5601-8171-00da4efa4b57
f49ecbe5-362b-577e-bbec-9247271a5af4,e8aeb018-f679-5670-b210-de4f62ff2111,5bbfdec8-65ae-59e6-b211-5eccb5b765fa,botica,43616d97-2221-569d-82eb-bcc14bcd6344,LT-000006-202410-1577,2026-02-11,0,76d6c9f4-5d7d-53c0-bb1f-2a577383765a
870f091e-ba57-572f-b693-ee2417f779f5,e8aeb018-f679-5670-b210-de4f62ff2111,97d26d91-c562-5f27-9ebd-285e89c8f4bf,botica,43616d97-2221-569d-82eb-bcc14bcd6344,LT-000018-202410-1578,2026-03-05,0,ab4a547f-e75d-5601-8171-00da4efa4b57
96260fe9-a312-5b49-b84a-037637536fa3,e8aeb018-f679-5670-b210-de4f62ff2111,2933d8b7-2438-521b-b38d-d3a5224f87fc,botica,8ecedccf-c230-516b-bbc2-108f7a6fbe63,LT-000002-202410-1579,2025-11-18,0,41cb90d0-d91a-57c2-b138-831be351479f
1f4a5040-9a20-5622-a0fa-aa08aeb52f16,e8aeb018-f679-5670-b210-de4f62ff2111,5bbfdec8-65ae-59e6-b211-5eccb5b765fa,botica,8ecedccf-c230-516b-bbc2-108f7a6fbe63,LT-000006-202410-1580,2027-09-03,0,76d6c9f4-5d7d-53c0-bb1f-2a577383765a
d864da92-e79f-5f11-8d47-01c93d739691,e8aeb018-f679-5670-b210-de4f62ff2111,0ec23038-d3ab-588c-bbd6-1f5c744cdde1,botica,7fb983e8-6848-5425-97a2-14da72722d0f,LT-000025-202410-1581,2026-05-03,0,a6f6d890-1609-53fc-b4a6-5733ccc9d078
8fce943a-b32e-5b60-914c-85d58d1cf744,e8aeb018-f679-5670-b210-de4f62ff2111,012857cc-907f-5e7d-b8fb-796d2c9f1621,botica,8ecedccf-c230-516b-bbc2-108f7a6fbe63,LT-000028-202410-1582,2027-07-25,0,ab4a547f-e75d-5601-8171-00da4efa4b57
3efb8d79-3fb8-5b44-8a83-e0a3e576df00,e8aeb018-f679-5670-b210-de4f62ff2111,d2f08f15-f9f2-5f65-a740-b05896774467,botica,26f7241d-a84e-5e4a-a43d-33eea1e54eea,LT-000017-202410-1583,2027-06-27,0,41cb90d0-d91a-57c2-b138-831be351479f
1c45c312-d740-568e-b012-f9673582a15c,e8aeb018-f679-5670-b210-de4f62ff2111,2897aac2-f219-5167-b800-73fac27f6b85,botica,43616d97-2221-569d-82eb-bcc14bcd6344,LT-000022-202410-1584,2027-03-24,0,41cb90d0-d91a-57c2-b138-831be351479f
81ead751-a712-5f7e-a244-23597e852c0d,e8aeb018-f679-5670-b210-de4f62ff2111,9928e9a1-d9fc-5fdd-86c2-8909352fd7fe,botica,7fb983e8-6848-5425-97a2-14da72722d0f,LT-000005-202410-1585,2027-07-05,0,a6f6d890-1609-53fc-b4a6-5733ccc9d078
28dff1d7-852b-5fe9-a1ed-dcef6c9ce8ce,e8aeb018-f679-5670-b210-de4f62ff2111,87b859e0-789a-56e6-b1ba-4fe76221d3bf,botica,7fb983e8-6848-5425-97a2-14da72722d0f,LT-000014-202410-1586,2025-12-24,0,c6617891-56ff-5690-89a4-1ece06685ff5
7b7d1a1e-dbd9-51ba-9890-bc0b053d7a24,e8aeb018-f679-5670-b210-de4f62ff2111,d2f08f15-f9f2-5f65-a740-b05896774467,botica,7fb983e8-6848-5425-97a2-14da72722d0f,LT-000017-202410-1587,2027-01-24,0,41cb90d0-d91a-57c2-b138-831be351479f
b944c8cc-6317-50d6-b60c-9649f45ae1fe,e8aeb018-f679-5670-b210-de4f62ff2111,cd81184b-b6f1-563c-b463-36a69ddfb598,botica,7fb983e8-6848-5425-97a2-14da72722d0f,LT-000026-202410-1588,2025-08-15,0,76d6c9f4-5d7d-53c0-bb1f-2a577383765a
7f188e5d-9cd5-534a-85fd-0ab39c094746,e8aeb018-f679-5670-b210-de4f62ff2111,6d807393-f4ab-5f76-b544-251eeda27ba3,botica,43616d97-2221-569d-82eb-bcc14bcd6344,LT-000003-202410-1589,2026-05-14,0,ab4a547f-e75d-5601-8171-00da4efa4b57
f37c7026-7564-5bbc-992a-ca17855d8fa4,e8aeb018-f679-5670-b210-de4f62ff2111,87b859e0-789a-56e6-b1ba-4fe76221d3bf,botica,43616d97-2221-569d-82eb-bcc14bcd6344,LT-000014-202410-1590,2027-04-30,0,c6617891-56ff-5690-89a4-1ece06685ff5
67094cb3-cf81-57d0-9fe5-052c9ba613a2,e8aeb018-f679-5670-b210-de4f62ff2111,22231140-3780-5fe8-a7d4-d33f61d15111,botica,43616d97-2221-569d-82eb-bcc14bcd6344,LT-000023-202410-1591,2026-11-14,0,ab4a547f-e75d-5601-8171-00da4efa4b57
e1beb67b-da2d-5baf-afc2-529ab81f33f1,e8aeb018-f679-5670-b210-de4f62ff2111,042e2e80-f954-5df4-97be-29dd428cc598,botica,d6f21f11-7533-52dd-a4dc-2fb8e260c02c,LT-000004-202410-1592,2027-05-08,0,c6617891-56ff-5690-89a4-1ece06685ff5
260e385b-8604-521d-abf1-cc9f983357cb,e8aeb018-f679-5670-b210-de4f62ff2111,94e18241-54bd-5516-b36f-94ab6e323aca,botica,d6f21f11-7533-52dd-a4dc-2fb8e260c02c,LT-000013-202410-1593,2025-05-17,0,ab4a547f-e75d-5601-8171-00da4efa4b57
52e19969-4529-5a8b-8635-e37bf8f21ca0,e8aeb018-f679-5670-b210-de4f62ff2111,2eb3a104-e572-583a-afa0-156ee0dc4cce,botica,d6f21f11-7533-52dd-a4dc-2fb8e260c02c,LT-000019-202410-1594,2027-08-30,0,c6617891-56ff-5690-89a4-1ece06685ff5
aad3d2a0-b3d0-5be2-9878-a68b620076f9,e8aeb018-f679-5670-b210-de4f62ff2111,6baabed2-52d7-5cb7-bf74-86c7cb3e4f07,botica,8ecedccf-c230-516b-bbc2-108f7a6fbe63,LT-000027-202410-1595,2025-10-31,0,41cb90d0-d91a-57c2-b138-831be351479f
f29e865a-c812-5b5c-8ad3-893db0f1e3c5,e8aeb018-f679-5670-b210-de4f62ff2111,2082733c-4e17-51fe-bc8c-bf33d3ec5d7e,botica,26f7241d-a84e-5e4a-a43d-33eea1e54eea,LT-000016-202410-1596,2027-03-22,0,76d6c9f4-5d7d-53c0-bb1f-2a577383765a
90f0065e-00ba-53d8-a235-d4d5a1263ec3,e8aeb018-f679-5670-b210-de4f62ff2111,2897aac2-f219-5167-b800-73fac27f6b85,botica,26f7241d-a84e-5e4a-a43d-33eea1e54eea,LT-000022-202410-1597,2027-01-24,0,41cb90d0-d91a-57c2-b138-831be351479f
5796099d-7556-5541-885e-66fc9048a4a3,e8aeb018-f679-5670-b210-de4f62ff2111,d9506935-1215-5499-93c0-8bdd86ab9418,botica,26f7241d-a84e-5e4a-a43d-33eea1e54eea,LT-000029-202410-1598,2027-03-30,0,c6617891-56ff-5690-89a4-1ece06685ff5
2a53c888-2106-5f6d-a4c2-4d4078843beb,e8aeb018-f679-5670-b210-de4f62ff2111,9928e9a1-d9fc-5fdd-86c2-8909352fd7fe,botica,43616d97-2221-569d-82eb-bcc14bcd6344,LT-000005-202410-1599,2025-10-26,0,a6f6d890-1609-53fc-b4a6-5733ccc9d078
3212964b-7792-515d-a0a4-5961439abafd,e8aeb018-f679-5670-b210-de4f62ff2111,1e9605fd-5682-52b6-8f05-e8a92dd44513,botica,43616d97-2221-569d-82eb-bcc14bcd6344,LT-000030-202410-1600,2026-05-01,0,a6f6d890-1609-53fc-b4a6-5733ccc9d078
bb430f40-2cc7-5b7e-b756-7ebf62f43157,e8aeb018-f679-5670-b210-de4f62ff2111,1ca3438e-9e23-58f0-a35f-f15f7a23beb9,botica,d6f21f11-7533-52dd-a4dc-2fb8e260c02c,LT-000024-202410-1601,2025-08-12,0,c6617891-56ff-5690-89a4-1ece06685ff5
4c52a661-4f89-5343-8bfa-0e0d404523bf,e8aeb018-f679-5670-b210-de4f62ff2111,cd81184b-b6f1-563c-b463-36a69ddfb598,botica,d6f21f11-7533-52dd-a4dc-2fb8e260c02c,LT-000026-202410-1602,2025-08-11,0,76d6c9f4-5d7d-53c0-bb1f-2a577383765a
63ef5632-9bad-5a80-908e-051609121f31,e8aeb018-f679-5670-b210-de4f62ff2111,38adf7ba-476e-5e6b-9163-781a13538253,botica,8ecedccf-c230-516b-bbc2-108f7a6fbe63,LT-000012-202410-1603,2025-12-15,0,41cb90d0-d91a-57c2-b138-831be351479f
689b38ec-4784-5c74-8c52-62100dde2d2d,e8aeb018-f679-5670-b210-de4f62ff2111,042e2e80-f954-5df4-97be-29dd428cc598,botica,26f7241d-a84e-5e4a-a43d-33eea1e54eea,LT-000004-202410-1604,2026-06-25,0,c6617891-56ff-5690-89a4-1ece06685ff5
dbf09ca9-13ed-51da-8edc-c75770058c71,e8aeb018-f679-5670-b210-de4f62ff2111,983871db-adfb-543e-b438-6b00044ffb64,botica,26f7241d-a84e-5e4a-a43d-33eea1e54eea,LT-000015-202410-1605,2026-12-15,0,a6f6d890-1609-53fc-b4a6-5733ccc9d078
991ce341-a1c7-5ed0-ba90-f4042ca56dce,e8aeb018-f679-5670-b210-de4f62ff2111,1e9605fd-5682-52b6-8f05-e8a92dd44513,botica,26f7241d-a84e-5e4a-a43d-33eea1e54eea,LT-000030-202410-1606,2026-05-22,0,a6f6d890-1609-53fc-b4a6-5733ccc9d078
f9ed8871-2295-5947-8fa5-f56670b2053d,e8aeb018-f679-5670-b210-de4f62ff2111,058c6382-bde2-59d1-93ff-20c6161a4736,botica,d6f21f11-7533-52dd-a4dc-2fb8e260c02c,LT-000009-202410-1607,2026-08-05,0,c6617891-56ff-5690-89a4-1ece06685ff5
4c1f3dff-1348-56ae-84c1-fc2d6303129b,e8aeb018-f679-5670-b210-de4f62ff2111,d0ae6d2d-e561-56b3-a2c1-113c1c56ae81,botica,d6f21f11-7533-52dd-a4dc-2fb8e260c02c,LT-000021-202410-1608,2027-02-28,0,76d6c9f4-5d7d-53c0-bb1f-2a577383765a
36a413b0-c55f-5b11-b69f-5e1845757b76,e8aeb018-f679-5670-b210-de4f62ff2111,6d807393-f4ab-5f76-b544-251eeda27ba3,botica,7fb983e8-6848-5425-97a2-14da72722d0f,LT-000003-202410-1609,2026-12-13,0,ab4a547f-e75d-5601-8171-00da4efa4b57
8d16e121-10c2-5d74-9616-6d8aee446a49,e8aeb018-f679-5670-b210-de4f62ff2111,6d807393-f4ab-5f76-b544-251eeda27ba3,botica,26f7241d-a84e-5e4a-a43d-33eea1e54eea,LT-000003-202411-1610,2027-10-05,0,ab4a547f-e75d-5601-8171-00da4efa4b57
2b6fef2c-dcfd-5abb-95cf-49eb10e2ef8c,e8aeb018-f679-5670-b210-de4f62ff2111,2082733c-4e17-51fe-bc8c-bf33d3ec5d7e,botica,d6f21f11-7533-52dd-a4dc-2fb8e260c02c,LT-000016-202411-1611,2025-07-01,0,76d6c9f4-5d7d-53c0-bb1f-2a577383765a
a725acd2-4c62-5b32-8ef9-9f69e1f2c87c,e8aeb018-f679-5670-b210-de4f62ff2111,2082733c-4e17-51fe-bc8c-bf33d3ec5d7e,botica,8ecedccf-c230-516b-bbc2-108f7a6fbe63,LT-000016-202411-1612,2027-04-27,0,76d6c9f4-5d7d-53c0-bb1f-2a577383765a
36569813-82cc-599e-9ab5-641002b0ba69,e8aeb018-f679-5670-b210-de4f62ff2111,22231140-3780-5fe8-a7d4-d33f61d15111,botica,8ecedccf-c230-516b-bbc2-108f7a6fbe63,LT-000023-202411-1613,2027-09-13,0,ab4a547f-e75d-5601-8171-00da4efa4b57
087703a8-6ffa-5f53-bacf-a8d1781f2f02,e8aeb018-f679-5670-b210-de4f62ff2111,d9506935-1215-5499-93c0-8bdd86ab9418,botica,8ecedccf-c230-516b-bbc2-108f7a6fbe63,LT-000029-202411-1614,2026-10-07,0,c6617891-56ff-5690-89a4-1ece06685ff5
543cfd9c-8a78-51e8-b726-b10b6346f67a,e8aeb018-f679-5670-b210-de4f62ff2111,38adf7ba-476e-5e6b-9163-781a13538253,botica,26f7241d-a84e-5e4a-a43d-33eea1e54eea,LT-000012-202411-1615,2027-06-20,0,41cb90d0-d91a-57c2-b138-831be351479f
73922d0e-c35b-5c71-935c-f9b879644f03,e8aeb018-f679-5670-b210-de4f62ff2111,2eb3a104-e572-583a-afa0-156ee0dc4cce,botica,26f7241d-a84e-5e4a-a43d-33eea1e54eea,LT-000019-202411-1616,2027-09-05,0,c6617891-56ff-5690-89a4-1ece06685ff5
6339518f-ffc5-58ba-8b68-1d57eadb965d,e8aeb018-f679-5670-b210-de4f62ff2111,2933d8b7-2438-521b-b38d-d3a5224f87fc,botica,43616d97-2221-569d-82eb-bcc14bcd6344,LT-000002-202411-1617,2025-06-05,0,41cb90d0-d91a-57c2-b138-831be351479f
7e5e69a5-ef63-5029-b834-504b1e7d4473,e8aeb018-f679-5670-b210-de4f62ff2111,2082733c-4e17-51fe-bc8c-bf33d3ec5d7e,botica,43616d97-2221-569d-82eb-bcc14bcd6344,LT-000016-202411-1618,2027-10-11,0,76d6c9f4-5d7d-53c0-bb1f-2a577383765a
d09953d3-d230-51ca-8b4f-9a104b91b1b1,e8aeb018-f679-5670-b210-de4f62ff2111,d2f08f15-f9f2-5f65-a740-b05896774467,botica,43616d97-2221-569d-82eb-bcc14bcd6344,LT-000017-202411-1619,2027-07-16,0,41cb90d0-d91a-57c2-b138-831be351479f
aefc3be5-4d84-5793-b5b2-9490051bde14,e8aeb018-f679-5670-b210-de4f62ff2111,1ca3438e-9e23-58f0-a35f-f15f7a23beb9,botica,43616d97-2221-569d-82eb-bcc14bcd6344,LT-000024-202411-1620,2025-09-04,0,c6617891-56ff-5690-89a4-1ece06685ff5
68fc590e-30ab-5e31-a002-538526fae00b,e8aeb018-f679-5670-b210-de4f62ff2111,6d807393-f4ab-5f76-b544-251eeda27ba3,botica,d6f21f11-7533-52dd-a4dc-2fb8e260c02c,LT-000003-202411-1621,2025-12-21,0,ab4a547f-e75d-5601-8171-00da4efa4b57
f8decc07-1e37-58af-9d81-c65dee5138e8,e8aeb018-f679-5670-b210-de4f62ff2111,9928e9a1-d9fc-5fdd-86c2-8909352fd7fe,botica,d6f21f11-7533-52dd-a4dc-2fb8e260c02c,LT-000005-202411-1622,2026-09-17,0,a6f6d890-1609-53fc-b4a6-5733ccc9d078
f5421951-0a0d-5dc7-9dd6-6b9243c18204,e8aeb018-f679-5670-b210-de4f62ff2111,22231140-3780-5fe8-a7d4-d33f61d15111,botica,7fb983e8-6848-5425-97a2-14da72722d0f,LT-000023-202411-1623,2025-11-07,0,ab4a547f-e75d-5601-8171-00da4efa4b57
794ce26e-a0e1-55ab-a29d-86e3b22ff4aa,e8aeb018-f679-5670-b210-de4f62ff2111,cd81184b-b6f1-563c-b463-36a69ddfb598,botica,43616d97-2221-569d-82eb-bcc14bcd6344,LT-000026-202411-1624,2027-07-28,0,76d6c9f4-5d7d-53c0-bb1f-2a577383765a
e8babc4f-a200-50d7-9377-fae2beca358e,e8aeb018-f679-5670-b210-de4f62ff2111,2897aac2-f219-5167-b800-73fac27f6b85,botica,d6f21f11-7533-52dd-a4dc-2fb8e260c02c,LT-000022-202411-1625,2026-04-18,0,41cb90d0-d91a-57c2-b138-831be351479f
88a965e9-cd4d-5ed8-be83-01dc1618e825,e8aeb018-f679-5670-b210-de4f62ff2111,5bbfdec8-65ae-59e6-b211-5eccb5b765fa,botica,7fb983e8-6848-5425-97a2-14da72722d0f,LT-000006-202411-1626,2026-04-01,0,76d6c9f4-5d7d-53c0-bb1f-2a577383765a
244e8ff2-7953-578c-a984-e7dc95f4dedc,e8aeb018-f679-5670-b210-de4f62ff2111,d3961f5a-3ea7-53d3-89f4-78b65b0c0c6b,botica,43616d97-2221-569d-82eb-bcc14bcd6344,LT-000001-202411-1627,2026-07-19,0,76d6c9f4-5d7d-53c0-bb1f-2a577383765a
983679e9-ec04-5ec3-9b9b-a6dbae81dc3b,e8aeb018-f679-5670-b210-de4f62ff2111,1e9605fd-5682-52b6-8f05-e8a92dd44513,botica,d6f21f11-7533-52dd-a4dc-2fb8e260c02c,LT-000030-202411-1628,2027-03-25,0,a6f6d890-1609-53fc-b4a6-5733ccc9d078
2a50319f-0e9b-5608-87c0-9111c190f98f,e8aeb018-f679-5670-b210-de4f62ff2111,042e2e80-f954-5df4-97be-29dd428cc598,botica,7fb983e8-6848-5425-97a2-14da72722d0f,LT-000004-202411-1629,2025-05-14,0,c6617891-56ff-5690-89a4-1ece06685ff5
21eeb73a-353e-54a0-a3cf-239685a129a7,e8aeb018-f679-5670-b210-de4f62ff2111,07371b94-955f-52a4-9bf9-f0a6ad2b4fa8,botica,7fb983e8-6848-5425-97a2-14da72722d0f,LT-000008-202411-1630,2026-11-07,0,ab4a547f-e75d-5601-8171-00da4efa4b57
7d61f63b-501f-5e63-8ed5-a0424473a6d9,e8aeb018-f679-5670-b210-de4f62ff2111,4d9429b6-2ebf-5b5d-ac48-f779d5a1e270,botica,7fb983e8-6848-5425-97a2-14da72722d0f,LT-000010-202411-1631,2025-06-25,0,a6f6d890-1609-53fc-b4a6-5733ccc9d078
272ff7f7-8c42-5b2c-a7bf-eed3f0e8daa1,e8aeb018-f679-5670-b210-de4f62ff2111,2897aac2-f219-5167-b800-73fac27f6b85,botica,7fb983e8-6848-5425-97a2-14da72722d0f,LT-000022-202411-1632,2026-06-09,0,41cb90d0-d91a-57c2-b138-831be351479f
5e5c9c90-eda6-5ccd-97a1-565316d0d903,e8aeb018-f679-5670-b210-de4f62ff2111,38adf7ba-476e-5e6b-9163-781a13538253,botica,43616d97-2221-569d-82eb-bcc14bcd6344,LT-000012-202411-1633,2027-08-07,0,41cb90d0-d91a-57c2-b138-831be351479f
39035d0a-f9b8-5f52-81f5-d06b3a5ad1c0,e8aeb018-f679-5670-b210-de4f62ff2111,c0cf5e5c-b5c9-585a-8e79-d9830bc954f6,botica,d6f21f11-7533-52dd-a4dc-2fb8e260c02c,LT-000011-202411-1634,2027-07-22,0,76d6c9f4-5d7d-53c0-bb1f-2a577383765a
4609aa82-85c1-5c1e-832b-74d1de1c63d8,e8aeb018-f679-5670-b210-de4f62ff2111,1ca3438e-9e23-58f0-a35f-f15f7a23beb9,botica,8ecedccf-c230-516b-bbc2-108f7a6fbe63,LT-000024-202411-1635,2027-08-14,0,c6617891-56ff-5690-89a4-1ece06685ff5
8c4ee091-7969-5ac2-955a-435e295bbb1f,e8aeb018-f679-5670-b210-de4f62ff2111,1ca3438e-9e23-58f0-a35f-f15f7a23beb9,botica,26f7241d-a84e-5e4a-a43d-33eea1e54eea,LT-000024-202411-1636,2025-12-19,0,c6617891-56ff-5690-89a4-1ece06685ff5
e1edef55-dabe-5392-8612-8e97015a63ac,e8aeb018-f679-5670-b210-de4f62ff2111,058c6382-bde2-59d1-93ff-20c6161a4736,botica,8ecedccf-c230-516b-bbc2-108f7a6fbe63,LT-000009-202411-1637,2025-10-16,0,c6617891-56ff-5690-89a4-1ece06685ff5
9fd19453-bb3f-50de-8cc3-df8abd332cb4,e8aeb018-f679-5670-b210-de4f62ff2111,4d9429b6-2ebf-5b5d-ac48-f779d5a1e270,botica,8ecedccf-c230-516b-bbc2-108f7a6fbe63,LT-000010-202411-1638,2025-05-19,0,a6f6d890-1609-53fc-b4a6-5733ccc9d078
d7d3a005-8e3f-54ec-8981-3a4192d3f5d1,e8aeb018-f679-5670-b210-de4f62ff2111,d2f08f15-f9f2-5f65-a740-b05896774467,botica,8ecedccf-c230-516b-bbc2-108f7a6fbe63,LT-000017-202411-1639,2027-01-27,0,41cb90d0-d91a-57c2-b138-831be351479f
eee87dcf-822b-5c9b-965c-5a07c76a5bd8,e8aeb018-f679-5670-b210-de4f62ff2111,1ca3438e-9e23-58f0-a35f-f15f7a23beb9,botica,7fb983e8-6848-5425-97a2-14da72722d0f,LT-000024-202411-1640,2026-06-09,0,c6617891-56ff-5690-89a4-1ece06685ff5
30baeb05-4588-528e-9cbc-90a4d5d987dc,e8aeb018-f679-5670-b210-de4f62ff2111,2933d8b7-2438-521b-b38d-d3a5224f87fc,botica,26f7241d-a84e-5e4a-a43d-33eea1e54eea,LT-000002-202411-1641,2027-03-11,0,41cb90d0-d91a-57c2-b138-831be351479f
65e73521-48c8-55f8-a7ae-19569141ed24,e8aeb018-f679-5670-b210-de4f62ff2111,d0ae6d2d-e561-56b3-a2c1-113c1c56ae81,botica,26f7241d-a84e-5e4a-a43d-33eea1e54eea,LT-000021-202411-1642,2027-03-25,0,76d6c9f4-5d7d-53c0-bb1f-2a577383765a
36536a12-5e85-5e2f-9b23-9d69d7fcd72c,e8aeb018-f679-5670-b210-de4f62ff2111,0ec23038-d3ab-588c-bbd6-1f5c744cdde1,botica,26f7241d-a84e-5e4a-a43d-33eea1e54eea,LT-000025-202411-1643,2026-02-21,0,a6f6d890-1609-53fc-b4a6-5733ccc9d078
05f861c0-e0f5-564d-a2a1-8c37dfc79ef8,e8aeb018-f679-5670-b210-de4f62ff2111,38adf7ba-476e-5e6b-9163-781a13538253,botica,d6f21f11-7533-52dd-a4dc-2fb8e260c02c,LT-000012-202411-1644,2026-11-25,0,41cb90d0-d91a-57c2-b138-831be351479f
55842c26-a758-5120-bedb-bb8e249d913f,e8aeb018-f679-5670-b210-de4f62ff2111,6baabed2-52d7-5cb7-bf74-86c7cb3e4f07,botica,d6f21f11-7533-52dd-a4dc-2fb8e260c02c,LT-000027-202411-1645,2026-12-24,0,41cb90d0-d91a-57c2-b138-831be351479f
d7f5f757-1e25-52c2-a608-9f6ebe298ab7,e8aeb018-f679-5670-b210-de4f62ff2111,c0cf5e5c-b5c9-585a-8e79-d9830bc954f6,botica,8ecedccf-c230-516b-bbc2-108f7a6fbe63,LT-000011-202411-1646,2025-12-30,0,76d6c9f4-5d7d-53c0-bb1f-2a577383765a
8f334a99-3ce3-5302-90d7-11c1dcc15cd3,e8aeb018-f679-5670-b210-de4f62ff2111,94e18241-54bd-5516-b36f-94ab6e323aca,botica,8ecedccf-c230-516b-bbc2-108f7a6fbe63,LT-000013-202411-1647,2026-08-03,0,ab4a547f-e75d-5601-8171-00da4efa4b57
c4922ef9-f069-559d-b907-f539019f851c,e8aeb018-f679-5670-b210-de4f62ff2111,0ec23038-d3ab-588c-bbd6-1f5c744cdde1,botica,8ecedccf-c230-516b-bbc2-108f7a6fbe63,LT-000025-202411-1648,2027-04-06,0,a6f6d890-1609-53fc-b4a6-5733ccc9d078
0fc481d9-fb0f-54e1-9e2b-ac8c5dbcabfb,e8aeb018-f679-5670-b210-de4f62ff2111,1e9605fd-5682-52b6-8f05-e8a92dd44513,botica,8ecedccf-c230-516b-bbc2-108f7a6fbe63,LT-000030-202411-1649,2027-05-17,0,a6f6d890-1609-53fc-b4a6-5733ccc9d078
0e2731fc-1402-5f2d-8a3a-0b599a23f718,e8aeb018-f679-5670-b210-de4f62ff2111,983871db-adfb-543e-b438-6b00044ffb64,botica,43616d97-2221-569d-82eb-bcc14bcd6344,LT-000015-202411-1650,2026-10-07,0,a6f6d890-1609-53fc-b4a6-5733ccc9d078
21a53f72-67ba-5f17-888f-fc9bab0efcc4,e8aeb018-f679-5670-b210-de4f62ff2111,82cd11ba-d1a0-58b1-b14f-edd741f36e87,botica,7fb983e8-6848-5425-97a2-14da72722d0f,LT-000007-202411-1651,2026-08-11,0,41cb90d0-d91a-57c2-b138-831be351479f
3af988e1-33c4-5421-9bec-e71e5ca076e6,e8aeb018-f679-5670-b210-de4f62ff2111,38adf7ba-476e-5e6b-9163-781a13538253,botica,7fb983e8-6848-5425-97a2-14da72722d0f,LT-000012-202411-1652,2026-05-21,0,41cb90d0-d91a-57c2-b138-831be351479f
f3dc2b63-6c75-5893-827e-b2db0dc892ff,e8aeb018-f679-5670-b210-de4f62ff2111,94e18241-54bd-5516-b36f-94ab6e323aca,botica,7fb983e8-6848-5425-97a2-14da72722d0f,LT-000013-202411-1653,2026-08-25,0,ab4a547f-e75d-5601-8171-00da4efa4b57
d5c1d667-797b-5e46-84f4-8cfb9a9b8021,e8aeb018-f679-5670-b210-de4f62ff2111,9928e9a1-d9fc-5fdd-86c2-8909352fd7fe,botica,26f7241d-a84e-5e4a-a43d-33eea1e54eea,LT-000005-202411-1654,2025-08-25,0,a6f6d890-1609-53fc-b4a6-5733ccc9d078
11740a16-4e32-5c7d-8f12-224f65883b21,e8aeb018-f679-5670-b210-de4f62ff2111,afe9d181-1c64-5cca-b4b7-a9fa24eceeea,botica,26f7241d-a84e-5e4a-a43d-33eea1e54eea,LT-000020-202411-1655,2025-06-30,0,a6f6d890-1609-53fc-b4a6-5733ccc9d078
04df646f-af80-5c79-89d9-f277bde1da1d,e8aeb018-f679-5670-b210-de4f62ff2111,9928e9a1-d9fc-5fdd-86c2-8909352fd7fe,botica,8ecedccf-c230-516b-bbc2-108f7a6fbe63,LT-000005-202411-1656,2027-08-25,0,a6f6d890-1609-53fc-b4a6-5733ccc9d078
8c207553-63e4-55a7-833c-35923f20ba81,e8aeb018-f679-5670-b210-de4f62ff2111,2933d8b7-2438-521b-b38d-d3a5224f87fc,botica,7fb983e8-6848-5425-97a2-14da72722d0f,LT-000002-202411-1657,2026-09-20,0,41cb90d0-d91a-57c2-b138-831be351479f
1a2351f9-24bb-5cac-a712-67d766482a13,e8aeb018-f679-5670-b210-de4f62ff2111,cd81184b-b6f1-563c-b463-36a69ddfb598,botica,26f7241d-a84e-5e4a-a43d-33eea1e54eea,LT-000026-202411-1658,2026-07-15,0,76d6c9f4-5d7d-53c0-bb1f-2a577383765a
b63e75cb-01aa-5908-b88a-a632e8764867,e8aeb018-f679-5670-b210-de4f62ff2111,058c6382-bde2-59d1-93ff-20c6161a4736,botica,43616d97-2221-569d-82eb-bcc14bcd6344,LT-000009-202411-1659,2025-09-18,0,c6617891-56ff-5690-89a4-1ece06685ff5
1ab98123-1b91-556b-b27f-d6fb13bdd6d8,e8aeb018-f679-5670-b210-de4f62ff2111,afe9d181-1c64-5cca-b4b7-a9fa24eceeea,botica,43616d97-2221-569d-82eb-bcc14bcd6344,LT-000020-202411-1660,2026-02-17,0,a6f6d890-1609-53fc-b4a6-5733ccc9d078
8c855419-f7c3-5458-ad9b-a25da5f28c7b,e8aeb018-f679-5670-b210-de4f62ff2111,983871db-adfb-543e-b438-6b00044ffb64,botica,d6f21f11-7533-52dd-a4dc-2fb8e260c02c,LT-000015-202411-1661,2027-08-26,0,a6f6d890-1609-53fc-b4a6-5733ccc9d078
28fe21a9-1f5e-589c-ad2e-cd90e85f1a2e,e8aeb018-f679-5670-b210-de4f62ff2111,87b859e0-789a-56e6-b1ba-4fe76221d3bf,botica,8ecedccf-c230-516b-bbc2-108f7a6fbe63,LT-000014-202411-1662,2026-08-27,0,c6617891-56ff-5690-89a4-1ece06685ff5
f123f17a-e797-5f97-9c89-bb3e3363fe3d,e8aeb018-f679-5670-b210-de4f62ff2111,2eb3a104-e572-583a-afa0-156ee0dc4cce,botica,7fb983e8-6848-5425-97a2-14da72722d0f,LT-000019-202411-1663,2026-03-17,0,c6617891-56ff-5690-89a4-1ece06685ff5
9ca672c3-d2ed-50fe-8b6c-8c35878d3bbf,e8aeb018-f679-5670-b210-de4f62ff2111,d3961f5a-3ea7-53d3-89f4-78b65b0c0c6b,botica,26f7241d-a84e-5e4a-a43d-33eea1e54eea,LT-000001-202411-1664,2025-08-14,0,76d6c9f4-5d7d-53c0-bb1f-2a577383765a
94d9b576-48b3-5c2c-8d98-3000341b9aa3,e8aeb018-f679-5670-b210-de4f62ff2111,94e18241-54bd-5516-b36f-94ab6e323aca,botica,43616d97-2221-569d-82eb-bcc14bcd6344,LT-000013-202411-1665,2025-10-07,0,ab4a547f-e75d-5601-8171-00da4efa4b57
42487b78-ac08-5345-8d80-d8e46ce2d450,e8aeb018-f679-5670-b210-de4f62ff2111,07371b94-955f-52a4-9bf9-f0a6ad2b4fa8,botica,8ecedccf-c230-516b-bbc2-108f7a6fbe63,LT-000008-202411-1666,2026-12-12,0,ab4a547f-e75d-5601-8171-00da4efa4b57
b14fb93b-fe10-53f8-886c-ef81d24793db,e8aeb018-f679-5670-b210-de4f62ff2111,6baabed2-52d7-5cb7-bf74-86c7cb3e4f07,botica,26f7241d-a84e-5e4a-a43d-33eea1e54eea,LT-000027-202411-1667,2026-12-06,0,41cb90d0-d91a-57c2-b138-831be351479f
43d3a903-93aa-5fa7-81d1-81141799e9fb,e8aeb018-f679-5670-b210-de4f62ff2111,87b859e0-789a-56e6-b1ba-4fe76221d3bf,botica,d6f21f11-7533-52dd-a4dc-2fb8e260c02c,LT-000014-202411-1668,2025-08-29,0,c6617891-56ff-5690-89a4-1ece06685ff5
f66a424e-4208-5d0f-ac32-6d9d03f5d587,e8aeb018-f679-5670-b210-de4f62ff2111,afe9d181-1c64-5cca-b4b7-a9fa24eceeea,botica,d6f21f11-7533-52dd-a4dc-2fb8e260c02c,LT-000020-202411-1669,2025-11-06,0,a6f6d890-1609-53fc-b4a6-5733ccc9d078
435d631c-8ce0-5dc5-a90e-523423f32a2a,e8aeb018-f679-5670-b210-de4f62ff2111,2933d8b7-2438-521b-b38d-d3a5224f87fc,botica,8ecedccf-c230-516b-bbc2-108f7a6fbe63,LT-000002-202411-1670,2027-08-19,0,41cb90d0-d91a-57c2-b138-831be351479f
2b4db22c-47a4-5313-9c3e-ae50df84d51c,e8aeb018-f679-5670-b210-de4f62ff2111,2897aac2-f219-5167-b800-73fac27f6b85,botica,8ecedccf-c230-516b-bbc2-108f7a6fbe63,LT-000022-202411-1671,2026-02-09,0,41cb90d0-d91a-57c2-b138-831be351479f
2a6333e4-466f-59a6-bcee-00ab3fe4b09a,e8aeb018-f679-5670-b210-de4f62ff2111,cd81184b-b6f1-563c-b463-36a69ddfb598,botica,8ecedccf-c230-516b-bbc2-108f7a6fbe63,LT-000026-202411-1672,2025-11-04,0,76d6c9f4-5d7d-53c0-bb1f-2a577383765a
4ca66165-a673-52be-9728-cbde775e1515,e8aeb018-f679-5670-b210-de4f62ff2111,d3961f5a-3ea7-53d3-89f4-78b65b0c0c6b,botica,7fb983e8-6848-5425-97a2-14da72722d0f,LT-000001-202411-1673,2027-06-03,0,76d6c9f4-5d7d-53c0-bb1f-2a577383765a
7dc4bd87-5f22-51a8-8817-c1e6dab3d433,e8aeb018-f679-5670-b210-de4f62ff2111,d9506935-1215-5499-93c0-8bdd86ab9418,botica,7fb983e8-6848-5425-97a2-14da72722d0f,LT-000029-202411-1674,2026-12-25,0,c6617891-56ff-5690-89a4-1ece06685ff5
0c170daf-00cb-560e-a122-efe93a843282,e8aeb018-f679-5670-b210-de4f62ff2111,5bbfdec8-65ae-59e6-b211-5eccb5b765fa,botica,26f7241d-a84e-5e4a-a43d-33eea1e54eea,LT-000006-202411-1675,2027-10-18,0,76d6c9f4-5d7d-53c0-bb1f-2a577383765a
4774dcad-00c6-54df-b0eb-dadf7b2a15b9,e8aeb018-f679-5670-b210-de4f62ff2111,87b859e0-789a-56e6-b1ba-4fe76221d3bf,botica,26f7241d-a84e-5e4a-a43d-33eea1e54eea,LT-000014-202411-1676,2025-06-11,0,c6617891-56ff-5690-89a4-1ece06685ff5
a6a898b4-7768-5746-b48e-624b3394f6a9,e8aeb018-f679-5670-b210-de4f62ff2111,07371b94-955f-52a4-9bf9-f0a6ad2b4fa8,botica,43616d97-2221-569d-82eb-bcc14bcd6344,LT-000008-202411-1677,2027-01-17,0,ab4a547f-e75d-5601-8171-00da4efa4b57
7c6a6c06-bff2-54e1-9bcf-f8bd9d3acb42,e8aeb018-f679-5670-b210-de4f62ff2111,82cd11ba-d1a0-58b1-b14f-edd741f36e87,botica,8ecedccf-c230-516b-bbc2-108f7a6fbe63,LT-000007-202411-1678,2026-02-09,0,41cb90d0-d91a-57c2-b138-831be351479f
887eb1aa-3e98-55aa-90e7-61a50e13773e,e8aeb018-f679-5670-b210-de4f62ff2111,82cd11ba-d1a0-58b1-b14f-edd741f36e87,botica,26f7241d-a84e-5e4a-a43d-33eea1e54eea,LT-000007-202411-1679,2025-06-20,0,41cb90d0-d91a-57c2-b138-831be351479f
ff905fc2-9ed1-55d1-9797-b5d0914b943c,e8aeb018-f679-5670-b210-de4f62ff2111,042e2e80-f954-5df4-97be-29dd428cc598,botica,43616d97-2221-569d-82eb-bcc14bcd6344,LT-000004-202411-1680,2026-04-23,0,c6617891-56ff-5690-89a4-1ece06685ff5
311e1140-f961-5acd-b6ff-1c81494abd56,e8aeb018-f679-5670-b210-de4f62ff2111,d3961f5a-3ea7-53d3-89f4-78b65b0c0c6b,botica,d6f21f11-7533-52dd-a4dc-2fb8e260c02c,LT-000001-202411-1681,2027-07-13,0,76d6c9f4-5d7d-53c0-bb1f-2a577383765a
02c1c103-a3d2-5485-b22a-9974fe3e43cd,e8aeb018-f679-5670-b210-de4f62ff2111,97d26d91-c562-5f27-9ebd-285e89c8f4bf,botica,d6f21f11-7533-52dd-a4dc-2fb8e260c02c,LT-000018-202411-1682,2026-04-25,0,ab4a547f-e75d-5601-8171-00da4efa4b57
b08fba55-966d-52d0-9dd5-5c6d12468ac9,e8aeb018-f679-5670-b210-de4f62ff2111,983871db-adfb-543e-b438-6b00044ffb64,botica,8ecedccf-c230-516b-bbc2-108f7a6fbe63,LT-000015-202411-1683,2027-05-21,0,a6f6d890-1609-53fc-b4a6-5733ccc9d078
206f5bd1-7d08-5e46-9658-854cf83f4b84,e8aeb018-f679-5670-b210-de4f62ff2111,afe9d181-1c64-5cca-b4b7-a9fa24eceeea,botica,8ecedccf-c230-516b-bbc2-108f7a6fbe63,LT-000020-202411-1684,2027-04-12,0,a6f6d890-1609-53fc-b4a6-5733ccc9d078
e1548bfc-151a-55f5-8106-f90d79ae6ac2,e8aeb018-f679-5670-b210-de4f62ff2111,6baabed2-52d7-5cb7-bf74-86c7cb3e4f07,botica,7fb983e8-6848-5425-97a2-14da72722d0f,LT-000027-202411-1685,2027-06-23,0,41cb90d0-d91a-57c2-b138-831be351479f
ed6d7e23-917e-5f15-b10d-d7248820c6fd,e8aeb018-f679-5670-b210-de4f62ff2111,0ec23038-d3ab-588c-bbd6-1f5c744cdde1,botica,43616d97-2221-569d-82eb-bcc14bcd6344,LT-000025-202411-1686,2027-07-26,0,a6f6d890-1609-53fc-b4a6-5733ccc9d078
2f3b5cda-d277-51ea-acba-e7c4efbc2fad,e8aeb018-f679-5670-b210-de4f62ff2111,d0ae6d2d-e561-56b3-a2c1-113c1c56ae81,botica,8ecedccf-c230-516b-bbc2-108f7a6fbe63,LT-000021-202411-1687,2027-08-25,0,76d6c9f4-5d7d-53c0-bb1f-2a577383765a
a4106d35-9f58-5dde-8229-f3fd53ec2b9f,e8aeb018-f679-5670-b210-de4f62ff2111,94e18241-54bd-5516-b36f-94ab6e323aca,botica,26f7241d-a84e-5e4a-a43d-33eea1e54eea,LT-000013-202411-1688,2025-11-27,0,ab4a547f-e75d-5601-8171-00da4efa4b57
f66fff25-3786-57a9-8fad-ee2644501784,e8aeb018-f679-5670-b210-de4f62ff2111,97d26d91-c562-5f27-9ebd-285e89c8f4bf,botica,26f7241d-a84e-5e4a-a43d-33eea1e54eea,LT-000018-202411-1689,2027-01-02,0,ab4a547f-e75d-5601-8171-00da4efa4b57
de8ff2c3-c62f-5785-b297-17622edd0dd1,e8aeb018-f679-5670-b210-de4f62ff2111,042e2e80-f954-5df4-97be-29dd428cc598,botica,8ecedccf-c230-516b-bbc2-108f7a6fbe63,LT-000004-202411-1690,2027-02-08,0,c6617891-56ff-5690-89a4-1ece06685ff5
89d6fdc1-6125-5619-923b-e2ebc8962249,e8aeb018-f679-5670-b210-de4f62ff2111,2eb3a104-e572-583a-afa0-156ee0dc4cce,botica,8ecedccf-c230-516b-bbc2-108f7a6fbe63,LT-000019-202411-1691,2027-01-06,0,c6617891-56ff-5690-89a4-1ece06685ff5
6d630464-dc04-5ea2-b19f-a72ad814835d,e8aeb018-f679-5670-b210-de4f62ff2111,983871db-adfb-543e-b438-6b00044ffb64,botica,7fb983e8-6848-5425-97a2-14da72722d0f,LT-000015-202411-1692,2027-10-07,0,a6f6d890-1609-53fc-b4a6-5733ccc9d078
ec0a3dde-1e02-549e-85d9-f0e5ee11a1e8,e8aeb018-f679-5670-b210-de4f62ff2111,afe9d181-1c64-5cca-b4b7-a9fa24eceeea,botica,7fb983e8-6848-5425-97a2-14da72722d0f,LT-000020-202411-1693,2026-08-23,0,a6f6d890-1609-53fc-b4a6-5733ccc9d078
52692872-26a4-5450-b678-57f9db40e3fe,e8aeb018-f679-5670-b210-de4f62ff2111,07371b94-955f-52a4-9bf9-f0a6ad2b4fa8,botica,26f7241d-a84e-5e4a-a43d-33eea1e54eea,LT-000008-202411-1694,2027-03-08,0,ab4a547f-e75d-5601-8171-00da4efa4b57
c8cf4a6f-5ec5-5ada-9c07-0b52bec8e13a,e8aeb018-f679-5670-b210-de4f62ff2111,012857cc-907f-5e7d-b8fb-796d2c9f1621,botica,26f7241d-a84e-5e4a-a43d-33eea1e54eea,LT-000028-202411-1695,2026-01-18,0,ab4a547f-e75d-5601-8171-00da4efa4b57
a13469e7-c916-5ee7-b38e-9f038222fd08,e8aeb018-f679-5670-b210-de4f62ff2111,6d807393-f4ab-5f76-b544-251eeda27ba3,botica,43616d97-2221-569d-82eb-bcc14bcd6344,LT-000003-202411-1696,2025-12-03,0,ab4a547f-e75d-5601-8171-00da4efa4b57
841f0824-b72b-58c7-afaf-0a1d1face7dd,e8aeb018-f679-5670-b210-de4f62ff2111,c0cf5e5c-b5c9-585a-8e79-d9830bc954f6,botica,43616d97-2221-569d-82eb-bcc14bcd6344,LT-000011-202411-1697,2026-03-08,0,76d6c9f4-5d7d-53c0-bb1f-2a577383765a
4c85556d-ef83-56d3-925c-94daef079267,e8aeb018-f679-5670-b210-de4f62ff2111,22231140-3780-5fe8-a7d4-d33f61d15111,botica,d6f21f11-7533-52dd-a4dc-2fb8e260c02c,LT-000023-202411-1698,2026-09-16,0,ab4a547f-e75d-5601-8171-00da4efa4b57
00779cc0-3245-5caf-a8aa-0b5f2e650973,e8aeb018-f679-5670-b210-de4f62ff2111,0ec23038-d3ab-588c-bbd6-1f5c744cdde1,botica,d6f21f11-7533-52dd-a4dc-2fb8e260c02c,LT-000025-202411-1699,2026-09-07,0,a6f6d890-1609-53fc-b4a6-5733ccc9d078
2758d30c-7f03-5cb9-8b04-09e39c963318,e8aeb018-f679-5670-b210-de4f62ff2111,6baabed2-52d7-5cb7-bf74-86c7cb3e4f07,botica,43616d97-2221-569d-82eb-bcc14bcd6344,LT-000027-202411-1700,2026-06-01,0,41cb90d0-d91a-57c2-b138-831be351479f
993d248f-97e2-52b0-b98e-2bbdf6e4491b,e8aeb018-f679-5670-b210-de4f62ff2111,d9506935-1215-5499-93c0-8bdd86ab9418,botica,43616d97-2221-569d-82eb-bcc14bcd6344,LT-000029-202411-1701,2025-12-04,0,c6617891-56ff-5690-89a4-1ece06685ff5
1e0a1672-44d1-57c8-9068-506a39ada43c,e8aeb018-f679-5670-b210-de4f62ff2111,82cd11ba-d1a0-58b1-b14f-edd741f36e87,botica,d6f21f11-7533-52dd-a4dc-2fb8e260c02c,LT-000007-202411-1702,2025-11-21,0,41cb90d0-d91a-57c2-b138-831be351479f
1d3b0fc4-e8b1-547b-9c98-71b17913b2c5,e8aeb018-f679-5670-b210-de4f62ff2111,07371b94-955f-52a4-9bf9-f0a6ad2b4fa8,botica,d6f21f11-7533-52dd-a4dc-2fb8e260c02c,LT-000008-202411-1703,2027-09-06,0,ab4a547f-e75d-5601-8171-00da4efa4b57
e923e8b4-109d-5e50-b911-f31cfd928597,e8aeb018-f679-5670-b210-de4f62ff2111,012857cc-907f-5e7d-b8fb-796d2c9f1621,botica,d6f21f11-7533-52dd-a4dc-2fb8e260c02c,LT-000028-202411-1704,2026-06-18,0,ab4a547f-e75d-5601-8171-00da4efa4b57
1b7a983b-abc6-5519-a967-d9bf82ba82aa,e8aeb018-f679-5670-b210-de4f62ff2111,1e9605fd-5682-52b6-8f05-e8a92dd44513,botica,7fb983e8-6848-5425-97a2-14da72722d0f,LT-000030-202411-1705,2025-08-10,0,a6f6d890-1609-53fc-b4a6-5733ccc9d078
96e447d8-c0a4-52bf-8167-306f942a5a8a,e8aeb018-f679-5670-b210-de4f62ff2111,4d9429b6-2ebf-5b5d-ac48-f779d5a1e270,botica,26f7241d-a84e-5e4a-a43d-33eea1e54eea,LT-000010-202411-1706,2026-10-17,0,a6f6d890-1609-53fc-b4a6-5733ccc9d078
907e5d7b-f9eb-575b-93d3-5454d605deb4,e8aeb018-f679-5670-b210-de4f62ff2111,d2f08f15-f9f2-5f65-a740-b05896774467,botica,d6f21f11-7533-52dd-a4dc-2fb8e260c02c,LT-000017-202411-1707,2026-05-02,0,41cb90d0-d91a-57c2-b138-831be351479f
76c96cdc-99f8-55d1-b346-6531dc508951,e8aeb018-f679-5670-b210-de4f62ff2111,012857cc-907f-5e7d-b8fb-796d2c9f1621,botica,8ecedccf-c230-516b-bbc2-108f7a6fbe63,LT-000028-202411-1708,2025-10-13,0,ab4a547f-e75d-5601-8171-00da4efa4b57
ee24f632-6db7-5768-abd9-ecdbdadb5d88,e8aeb018-f679-5670-b210-de4f62ff2111,c0cf5e5c-b5c9-585a-8e79-d9830bc954f6,botica,7fb983e8-6848-5425-97a2-14da72722d0f,LT-000011-202411-1709,2027-08-12,0,76d6c9f4-5d7d-53c0-bb1f-2a577383765a
b3e47817-dd36-5e29-a09f-4ccd1fd64722,e8aeb018-f679-5670-b210-de4f62ff2111,c0cf5e5c-b5c9-585a-8e79-d9830bc954f6,botica,26f7241d-a84e-5e4a-a43d-33eea1e54eea,LT-000011-202411-1710,2027-10-08,0,76d6c9f4-5d7d-53c0-bb1f-2a577383765a
bc9447a0-9322-52eb-9100-64262ec2a9db,e8aeb018-f679-5670-b210-de4f62ff2111,22231140-3780-5fe8-a7d4-d33f61d15111,botica,26f7241d-a84e-5e4a-a43d-33eea1e54eea,LT-000023-202411-1711,2026-10-18,0,ab4a547f-e75d-5601-8171-00da4efa4b57
153bc14f-e1af-5252-86c0-45e68c4817cc,e8aeb018-f679-5670-b210-de4f62ff2111,5bbfdec8-65ae-59e6-b211-5eccb5b765fa,botica,43616d97-2221-569d-82eb-bcc14bcd6344,LT-000006-202411-1712,2027-04-01,0,76d6c9f4-5d7d-53c0-bb1f-2a577383765a
62c7cd11-364b-5d20-93cf-9b5cf7601b71,e8aeb018-f679-5670-b210-de4f62ff2111,2eb3a104-e572-583a-afa0-156ee0dc4cce,botica,43616d97-2221-569d-82eb-bcc14bcd6344,LT-000019-202411-1713,2026-02-22,0,c6617891-56ff-5690-89a4-1ece06685ff5
4262d16e-21ff-582f-85e3-040dd8016399,e8aeb018-f679-5670-b210-de4f62ff2111,94e18241-54bd-5516-b36f-94ab6e323aca,botica,d6f21f11-7533-52dd-a4dc-2fb8e260c02c,LT-000013-202411-1714,2025-12-02,0,ab4a547f-e75d-5601-8171-00da4efa4b57
c9c540d7-9daf-5535-b24f-735b6b404aea,e8aeb018-f679-5670-b210-de4f62ff2111,97d26d91-c562-5f27-9ebd-285e89c8f4bf,botica,8ecedccf-c230-516b-bbc2-108f7a6fbe63,LT-000018-202411-1715,2026-03-31,0,ab4a547f-e75d-5601-8171-00da4efa4b57
c520033e-72aa-5a65-94ec-52e12244d329,e8aeb018-f679-5670-b210-de4f62ff2111,38adf7ba-476e-5e6b-9163-781a13538253,botica,26f7241d-a84e-5e4a-a43d-33eea1e54eea,LT-000012-202411-1716,2026-12-22,0,41cb90d0-d91a-57c2-b138-831be351479f
dd1dfca1-777e-573f-81aa-6f2f2648952d,e8aeb018-f679-5670-b210-de4f62ff2111,d2f08f15-f9f2-5f65-a740-b05896774467,botica,26f7241d-a84e-5e4a-a43d-33eea1e54eea,LT-000017-202411-1717,2027-11-03,0,41cb90d0-d91a-57c2-b138-831be351479f
0bbde6a5-ff24-5417-8410-847770ef3c51,e8aeb018-f679-5670-b210-de4f62ff2111,9928e9a1-d9fc-5fdd-86c2-8909352fd7fe,botica,43616d97-2221-569d-82eb-bcc14bcd6344,LT-000005-202411-1718,2026-05-26,0,a6f6d890-1609-53fc-b4a6-5733ccc9d078
cac16cd8-5f5f-57b9-ad75-9196f81920b0,e8aeb018-f679-5670-b210-de4f62ff2111,82cd11ba-d1a0-58b1-b14f-edd741f36e87,botica,43616d97-2221-569d-82eb-bcc14bcd6344,LT-000007-202411-1719,2026-09-22,0,41cb90d0-d91a-57c2-b138-831be351479f
c0878eb1-17cd-58a5-a687-cdf5ef0ac386,e8aeb018-f679-5670-b210-de4f62ff2111,012857cc-907f-5e7d-b8fb-796d2c9f1621,botica,43616d97-2221-569d-82eb-bcc14bcd6344,LT-000028-202411-1720,2025-12-31,0,ab4a547f-e75d-5601-8171-00da4efa4b57
56aa082b-6b34-5f7a-87fd-8a945211a6ab,e8aeb018-f679-5670-b210-de4f62ff2111,d0ae6d2d-e561-56b3-a2c1-113c1c56ae81,botica,43616d97-2221-569d-82eb-bcc14bcd6344,LT-000021-202411-1721,2026-04-24,0,76d6c9f4-5d7d-53c0-bb1f-2a577383765a
65ef4ce6-da77-5d96-b991-9ff8cbb1fb9c,e8aeb018-f679-5670-b210-de4f62ff2111,5bbfdec8-65ae-59e6-b211-5eccb5b765fa,botica,8ecedccf-c230-516b-bbc2-108f7a6fbe63,LT-000006-202411-1722,2025-07-22,0,76d6c9f4-5d7d-53c0-bb1f-2a577383765a
f4436d8a-eaf0-538f-b30a-eec3d8bda9bc,e8aeb018-f679-5670-b210-de4f62ff2111,d3961f5a-3ea7-53d3-89f4-78b65b0c0c6b,botica,8ecedccf-c230-516b-bbc2-108f7a6fbe63,LT-000001-202411-1723,2027-01-30,0,76d6c9f4-5d7d-53c0-bb1f-2a577383765a
78c599cd-51eb-5c0f-a8a0-8042a4010dc8,e8aeb018-f679-5670-b210-de4f62ff2111,94e18241-54bd-5516-b36f-94ab6e323aca,botica,8ecedccf-c230-516b-bbc2-108f7a6fbe63,LT-000013-202411-1724,2025-10-14,0,ab4a547f-e75d-5601-8171-00da4efa4b57
c28d51ae-529c-5709-ae6b-34fb8cd9c09f,e8aeb018-f679-5670-b210-de4f62ff2111,6d807393-f4ab-5f76-b544-251eeda27ba3,botica,8ecedccf-c230-516b-bbc2-108f7a6fbe63,LT-000003-202411-1725,2027-05-09,0,ab4a547f-e75d-5601-8171-00da4efa4b57
359b9e08-a819-5cc2-bb6e-c67e5e13ddb9,e8aeb018-f679-5670-b210-de4f62ff2111,38adf7ba-476e-5e6b-9163-781a13538253,botica,8ecedccf-c230-516b-bbc2-108f7a6fbe63,LT-000012-202411-1726,2027-10-23,0,41cb90d0-d91a-57c2-b138-831be351479f
32743f86-916c-5e25-ab61-e9834d79a5cd,e8aeb018-f679-5670-b210-de4f62ff2111,058c6382-bde2-59d1-93ff-20c6161a4736,botica,7fb983e8-6848-5425-97a2-14da72722d0f,LT-000009-202411-1727,2027-04-24,0,c6617891-56ff-5690-89a4-1ece06685ff5
fe78ff58-c48c-5180-b2a2-4ea240b1645c,e8aeb018-f679-5670-b210-de4f62ff2111,38adf7ba-476e-5e6b-9163-781a13538253,botica,7fb983e8-6848-5425-97a2-14da72722d0f,LT-000012-202411-1728,2026-02-15,0,41cb90d0-d91a-57c2-b138-831be351479f
4cfab774-0bff-5840-9472-d00ccb22cbde,e8aeb018-f679-5670-b210-de4f62ff2111,058c6382-bde2-59d1-93ff-20c6161a4736,botica,26f7241d-a84e-5e4a-a43d-33eea1e54eea,LT-000009-202411-1729,2027-07-15,0,c6617891-56ff-5690-89a4-1ece06685ff5
22f3a65a-9b25-5bbd-b23c-36a4ebae8827,e8aeb018-f679-5670-b210-de4f62ff2111,2897aac2-f219-5167-b800-73fac27f6b85,botica,26f7241d-a84e-5e4a-a43d-33eea1e54eea,LT-000022-202411-1730,2027-06-22,0,41cb90d0-d91a-57c2-b138-831be351479f
c719a2bc-ef14-5fa4-a46a-e1a6cf26667f,e8aeb018-f679-5670-b210-de4f62ff2111,d0ae6d2d-e561-56b3-a2c1-113c1c56ae81,botica,7fb983e8-6848-5425-97a2-14da72722d0f,LT-000021-202411-1731,2025-07-30,0,76d6c9f4-5d7d-53c0-bb1f-2a577383765a
0f6df3c3-a0cc-5ef2-a979-d61f6c80f936,e8aeb018-f679-5670-b210-de4f62ff2111,6d807393-f4ab-5f76-b544-251eeda27ba3,botica,26f7241d-a84e-5e4a-a43d-33eea1e54eea,LT-000003-202411-1732,2025-11-10,0,ab4a547f-e75d-5601-8171-00da4efa4b57
fa897c7b-8c19-5e4c-b7f4-bc40f4a1063a,e8aeb018-f679-5670-b210-de4f62ff2111,6d807393-f4ab-5f76-b544-251eeda27ba3,botica,7fb983e8-6848-5425-97a2-14da72722d0f,LT-000003-202411-1733,2026-08-18,0,ab4a547f-e75d-5601-8171-00da4efa4b57
e57b7457-f77d-535d-a5f7-5b2f4d681ab0,e8aeb018-f679-5670-b210-de4f62ff2111,1e9605fd-5682-52b6-8f05-e8a92dd44513,botica,26f7241d-a84e-5e4a-a43d-33eea1e54eea,LT-000030-202412-1734,2027-04-16,0,a6f6d890-1609-53fc-b4a6-5733ccc9d078
9533eda2-9dd0-5daa-96fc-a080e0ca8a2c,e8aeb018-f679-5670-b210-de4f62ff2111,4d9429b6-2ebf-5b5d-ac48-f779d5a1e270,botica,43616d97-2221-569d-82eb-bcc14bcd6344,LT-000010-202412-1735,2026-12-29,0,a6f6d890-1609-53fc-b4a6-5733ccc9d078
3ee7018d-09b0-51dd-9417-bf3211f672d7,e8aeb018-f679-5670-b210-de4f62ff2111,97d26d91-c562-5f27-9ebd-285e89c8f4bf,botica,43616d97-2221-569d-82eb-bcc14bcd6344,LT-000018-202412-1736,2026-03-15,0,ab4a547f-e75d-5601-8171-00da4efa4b57
88dff13d-245d-56a6-8539-f362b6487a5d,e8aeb018-f679-5670-b210-de4f62ff2111,1ca3438e-9e23-58f0-a35f-f15f7a23beb9,botica,43616d97-2221-569d-82eb-bcc14bcd6344,LT-000024-202412-1737,2025-12-01,0,c6617891-56ff-5690-89a4-1ece06685ff5
d754c0be-ea8e-5294-93e7-0efbd4ae9e2b,e8aeb018-f679-5670-b210-de4f62ff2111,4d9429b6-2ebf-5b5d-ac48-f779d5a1e270,botica,d6f21f11-7533-52dd-a4dc-2fb8e260c02c,LT-000010-202412-1738,2026-05-07,0,a6f6d890-1609-53fc-b4a6-5733ccc9d078
26720c5f-c7e0-5242-a601-18a15b5760b0,e8aeb018-f679-5670-b210-de4f62ff2111,0ec23038-d3ab-588c-bbd6-1f5c744cdde1,botica,7fb983e8-6848-5425-97a2-14da72722d0f,LT-000025-202412-1739,2026-08-13,0,a6f6d890-1609-53fc-b4a6-5733ccc9d078
ef2ca2cd-1de1-56d1-ab23-3dce04d3e707,e8aeb018-f679-5670-b210-de4f62ff2111,1ca3438e-9e23-58f0-a35f-f15f7a23beb9,botica,26f7241d-a84e-5e4a-a43d-33eea1e54eea,LT-000024-202412-1740,2026-08-21,0,c6617891-56ff-5690-89a4-1ece06685ff5
fbc2a39b-41a3-5727-b1f5-7cca7aa3b6a1,e8aeb018-f679-5670-b210-de4f62ff2111,d9506935-1215-5499-93c0-8bdd86ab9418,botica,26f7241d-a84e-5e4a-a43d-33eea1e54eea,LT-000029-202412-1741,2026-01-17,0,c6617891-56ff-5690-89a4-1ece06685ff5
b612c443-205e-5a5a-93fe-53296867e7e1,e8aeb018-f679-5670-b210-de4f62ff2111,983871db-adfb-543e-b438-6b00044ffb64,botica,43616d97-2221-569d-82eb-bcc14bcd6344,LT-000015-202412-1742,2027-05-28,0,a6f6d890-1609-53fc-b4a6-5733ccc9d078
96e1bcee-82be-5875-9455-0876cd0fa9b5,e8aeb018-f679-5670-b210-de4f62ff2111,2897aac2-f219-5167-b800-73fac27f6b85,botica,43616d97-2221-569d-82eb-bcc14bcd6344,LT-000022-202412-1743,2027-04-07,0,41cb90d0-d91a-57c2-b138-831be351479f
4c7df2a2-1e04-5d5d-8f37-366316dba102,e8aeb018-f679-5670-b210-de4f62ff2111,38adf7ba-476e-5e6b-9163-781a13538253,botica,d6f21f11-7533-52dd-a4dc-2fb8e260c02c,LT-000012-202412-1744,2025-12-15,0,41cb90d0-d91a-57c2-b138-831be351479f
8d24ab8f-8b84-5f62-878c-ff57be43085f,e8aeb018-f679-5670-b210-de4f62ff2111,d9506935-1215-5499-93c0-8bdd86ab9418,botica,d6f21f11-7533-52dd-a4dc-2fb8e260c02c,LT-000029-202412-1745,2027-05-20,0,c6617891-56ff-5690-89a4-1ece06685ff5
36af7414-95d5-5e71-a6b3-1d1cb9fc3bd7,e8aeb018-f679-5670-b210-de4f62ff2111,c0cf5e5c-b5c9-585a-8e79-d9830bc954f6,botica,8ecedccf-c230-516b-bbc2-108f7a6fbe63,LT-000011-202412-1746,2027-11-19,0,76d6c9f4-5d7d-53c0-bb1f-2a577383765a
fcf3df6d-e5d4-596f-93a9-6d0e9beb4667,e8aeb018-f679-5670-b210-de4f62ff2111,2082733c-4e17-51fe-bc8c-bf33d3ec5d7e,botica,7fb983e8-6848-5425-97a2-14da72722d0f,LT-000016-202412-1747,2026-06-17,0,76d6c9f4-5d7d-53c0-bb1f-2a577383765a
5219e098-caf1-567f-833e-319587f0714a,e8aeb018-f679-5670-b210-de4f62ff2111,cd81184b-b6f1-563c-b463-36a69ddfb598,botica,7fb983e8-6848-5425-97a2-14da72722d0f,LT-000026-202412-1748,2027-11-21,0,76d6c9f4-5d7d-53c0-bb1f-2a577383765a
764d59eb-d52a-5db3-bfbb-176d7cacde4b,e8aeb018-f679-5670-b210-de4f62ff2111,983871db-adfb-543e-b438-6b00044ffb64,botica,26f7241d-a84e-5e4a-a43d-33eea1e54eea,LT-000015-202412-1749,2025-07-27,0,a6f6d890-1609-53fc-b4a6-5733ccc9d078
74907b92-95f6-5c71-81ff-3b1b8ee20f0a,e8aeb018-f679-5670-b210-de4f62ff2111,38adf7ba-476e-5e6b-9163-781a13538253,botica,43616d97-2221-569d-82eb-bcc14bcd6344,LT-000012-202412-1750,2027-09-01,0,41cb90d0-d91a-57c2-b138-831be351479f
8af46e11-f831-5a9c-b5ad-9f02bba46670,e8aeb018-f679-5670-b210-de4f62ff2111,6d807393-f4ab-5f76-b544-251eeda27ba3,botica,d6f21f11-7533-52dd-a4dc-2fb8e260c02c,LT-000003-202412-1751,2026-06-16,0,ab4a547f-e75d-5601-8171-00da4efa4b57
9b267635-4451-5b61-a061-4e0eeefa327e,e8aeb018-f679-5670-b210-de4f62ff2111,cd81184b-b6f1-563c-b463-36a69ddfb598,botica,d6f21f11-7533-52dd-a4dc-2fb8e260c02c,LT-000026-202412-1752,2025-06-14,0,76d6c9f4-5d7d-53c0-bb1f-2a577383765a
8c86a7a2-885b-544f-98a4-477cc92e83fd,e8aeb018-f679-5670-b210-de4f62ff2111,5bbfdec8-65ae-59e6-b211-5eccb5b765fa,botica,7fb983e8-6848-5425-97a2-14da72722d0f,LT-000006-202412-1753,2027-09-12,0,76d6c9f4-5d7d-53c0-bb1f-2a577383765a
ceb57e5b-8199-54db-94f7-0e23395cc359,e8aeb018-f679-5670-b210-de4f62ff2111,94e18241-54bd-5516-b36f-94ab6e323aca,botica,7fb983e8-6848-5425-97a2-14da72722d0f,LT-000013-202412-1754,2027-06-03,0,ab4a547f-e75d-5601-8171-00da4efa4b57
adfc3288-93b8-5d15-b158-d8f046317976,e8aeb018-f679-5670-b210-de4f62ff2111,d2f08f15-f9f2-5f65-a740-b05896774467,botica,7fb983e8-6848-5425-97a2-14da72722d0f,LT-000017-202412-1755,2025-08-26,0,41cb90d0-d91a-57c2-b138-831be351479f
269b90ae-e69c-5156-b499-51f5c108ea10,e8aeb018-f679-5670-b210-de4f62ff2111,94e18241-54bd-5516-b36f-94ab6e323aca,botica,26f7241d-a84e-5e4a-a43d-33eea1e54eea,LT-000013-202412-1756,2025-07-24,0,ab4a547f-e75d-5601-8171-00da4efa4b57
449c3310-ab3f-575c-bb75-f36317eff3a1,e8aeb018-f679-5670-b210-de4f62ff2111,87b859e0-789a-56e6-b1ba-4fe76221d3bf,botica,26f7241d-a84e-5e4a-a43d-33eea1e54eea,LT-000014-202412-1757,2025-09-24,0,c6617891-56ff-5690-89a4-1ece06685ff5
ee224daf-fc7a-52af-8b6d-f82606528902,e8aeb018-f679-5670-b210-de4f62ff2111,2933d8b7-2438-521b-b38d-d3a5224f87fc,botica,43616d97-2221-569d-82eb-bcc14bcd6344,LT-000002-202412-1758,2027-08-02,0,41cb90d0-d91a-57c2-b138-831be351479f
6fdec3fd-6e9e-51da-aa47-694453bbd32a,e8aeb018-f679-5670-b210-de4f62ff2111,94e18241-54bd-5516-b36f-94ab6e323aca,botica,43616d97-2221-569d-82eb-bcc14bcd6344,LT-000013-202412-1759,2026-05-25,0,ab4a547f-e75d-5601-8171-00da4efa4b57
2c428b11-4af2-5d67-9aa6-91e30c0b9f25,e8aeb018-f679-5670-b210-de4f62ff2111,d2f08f15-f9f2-5f65-a740-b05896774467,botica,43616d97-2221-569d-82eb-bcc14bcd6344,LT-000017-202412-1760,2026-05-07,0,41cb90d0-d91a-57c2-b138-831be351479f
79a69f13-24db-54bb-b047-2719769ef889,e8aeb018-f679-5670-b210-de4f62ff2111,2933d8b7-2438-521b-b38d-d3a5224f87fc,botica,d6f21f11-7533-52dd-a4dc-2fb8e260c02c,LT-000002-202412-1761,2027-08-09,0,41cb90d0-d91a-57c2-b138-831be351479f
40e08c89-4136-5256-99c1-89d71a538b4b,e8aeb018-f679-5670-b210-de4f62ff2111,2082733c-4e17-51fe-bc8c-bf33d3ec5d7e,botica,d6f21f11-7533-52dd-a4dc-2fb8e260c02c,LT-000016-202412-1762,2026-06-27,0,76d6c9f4-5d7d-53c0-bb1f-2a577383765a
d1a64ca2-86a3-5d5c-ac55-a48eba5e7b8d,e8aeb018-f679-5670-b210-de4f62ff2111,042e2e80-f954-5df4-97be-29dd428cc598,botica,26f7241d-a84e-5e4a-a43d-33eea1e54eea,LT-000004-202412-1763,2026-09-13,0,c6617891-56ff-5690-89a4-1ece06685ff5
2be68971-9d26-5534-bb9b-98835ae78307,e8aeb018-f679-5670-b210-de4f62ff2111,2082733c-4e17-51fe-bc8c-bf33d3ec5d7e,botica,26f7241d-a84e-5e4a-a43d-33eea1e54eea,LT-000016-202412-1764,2026-12-13,0,76d6c9f4-5d7d-53c0-bb1f-2a577383765a
6fcd5f3a-ed26-55c1-9abd-4e09f1188280,e8aeb018-f679-5670-b210-de4f62ff2111,87b859e0-789a-56e6-b1ba-4fe76221d3bf,botica,43616d97-2221-569d-82eb-bcc14bcd6344,LT-000014-202412-1765,2027-01-16,0,c6617891-56ff-5690-89a4-1ece06685ff5
576c8d64-b22d-54b3-bfb7-5e5881482f4b,e8aeb018-f679-5670-b210-de4f62ff2111,d2f08f15-f9f2-5f65-a740-b05896774467,botica,8ecedccf-c230-516b-bbc2-108f7a6fbe63,LT-000017-202412-1766,2025-06-04,0,41cb90d0-d91a-57c2-b138-831be351479f
5d88afb3-9d86-57a8-a889-39ec57f75df8,e8aeb018-f679-5670-b210-de4f62ff2111,1ca3438e-9e23-58f0-a35f-f15f7a23beb9,botica,8ecedccf-c230-516b-bbc2-108f7a6fbe63,LT-000024-202412-1767,2026-06-15,0,c6617891-56ff-5690-89a4-1ece06685ff5
77443f1d-4a9d-5b72-8e91-51023bf416f6,e8aeb018-f679-5670-b210-de4f62ff2111,87b859e0-789a-56e6-b1ba-4fe76221d3bf,botica,7fb983e8-6848-5425-97a2-14da72722d0f,LT-000014-202412-1768,2025-10-20,0,c6617891-56ff-5690-89a4-1ece06685ff5
afdd6ac3-ea79-52aa-a827-168afd2f1a9d,e8aeb018-f679-5670-b210-de4f62ff2111,22231140-3780-5fe8-a7d4-d33f61d15111,botica,7fb983e8-6848-5425-97a2-14da72722d0f,LT-000023-202412-1769,2026-12-01,0,ab4a547f-e75d-5601-8171-00da4efa4b57
71a432f4-276f-5e61-ad6d-e5bea4ff972a,e8aeb018-f679-5670-b210-de4f62ff2111,012857cc-907f-5e7d-b8fb-796d2c9f1621,botica,7fb983e8-6848-5425-97a2-14da72722d0f,LT-000028-202412-1770,2026-01-01,0,ab4a547f-e75d-5601-8171-00da4efa4b57
844e79fd-e88b-5142-a0df-e5a7b4abe8d0,e8aeb018-f679-5670-b210-de4f62ff2111,cd81184b-b6f1-563c-b463-36a69ddfb598,botica,26f7241d-a84e-5e4a-a43d-33eea1e54eea,LT-000026-202412-1771,2027-08-29,0,76d6c9f4-5d7d-53c0-bb1f-2a577383765a
afaee69d-17fe-506b-8154-49fba9cc4df6,e8aeb018-f679-5670-b210-de4f62ff2111,5bbfdec8-65ae-59e6-b211-5eccb5b765fa,botica,d6f21f11-7533-52dd-a4dc-2fb8e260c02c,LT-000006-202412-1772,2027-04-30,0,76d6c9f4-5d7d-53c0-bb1f-2a577383765a
335e5ab4-1ae5-5b6e-ae8a-8db31ae40fed,e8aeb018-f679-5670-b210-de4f62ff2111,2eb3a104-e572-583a-afa0-156ee0dc4cce,botica,d6f21f11-7533-52dd-a4dc-2fb8e260c02c,LT-000019-202412-1773,2025-11-29,0,c6617891-56ff-5690-89a4-1ece06685ff5
1d7e0449-c546-5e95-a619-9c8056dfc33b,e8aeb018-f679-5670-b210-de4f62ff2111,4d9429b6-2ebf-5b5d-ac48-f779d5a1e270,botica,8ecedccf-c230-516b-bbc2-108f7a6fbe63,LT-000010-202412-1774,2025-11-02,0,a6f6d890-1609-53fc-b4a6-5733ccc9d078
a833196a-2e8d-5da5-a3df-b7bc1073fce5,e8aeb018-f679-5670-b210-de4f62ff2111,2933d8b7-2438-521b-b38d-d3a5224f87fc,botica,26f7241d-a84e-5e4a-a43d-33eea1e54eea,LT-000002-202412-1775,2026-08-16,0,41cb90d0-d91a-57c2-b138-831be351479f
82528e69-9781-5ec1-aeb6-d52035f79b76,e8aeb018-f679-5670-b210-de4f62ff2111,042e2e80-f954-5df4-97be-29dd428cc598,botica,d6f21f11-7533-52dd-a4dc-2fb8e260c02c,LT-000004-202412-1776,2025-07-19,0,c6617891-56ff-5690-89a4-1ece06685ff5
36d71248-f475-550c-a4f6-4b36a7ce1d38,e8aeb018-f679-5670-b210-de4f62ff2111,9928e9a1-d9fc-5fdd-86c2-8909352fd7fe,botica,d6f21f11-7533-52dd-a4dc-2fb8e260c02c,LT-000005-202412-1777,2027-02-14,0,a6f6d890-1609-53fc-b4a6-5733ccc9d078
02df2b8a-425a-526d-b2af-7e3774851b3d,e8aeb018-f679-5670-b210-de4f62ff2111,1ca3438e-9e23-58f0-a35f-f15f7a23beb9,botica,d6f21f11-7533-52dd-a4dc-2fb8e260c02c,LT-000024-202412-1778,2026-11-12,0,c6617891-56ff-5690-89a4-1ece06685ff5
164c3148-d51a-576f-b45f-f4478ee025c1,e8aeb018-f679-5670-b210-de4f62ff2111,6baabed2-52d7-5cb7-bf74-86c7cb3e4f07,botica,8ecedccf-c230-516b-bbc2-108f7a6fbe63,LT-000027-202412-1779,2027-10-08,0,41cb90d0-d91a-57c2-b138-831be351479f
7cd2cee6-b001-5e72-8e46-0b4403b39ebf,e8aeb018-f679-5670-b210-de4f62ff2111,82cd11ba-d1a0-58b1-b14f-edd741f36e87,botica,26f7241d-a84e-5e4a-a43d-33eea1e54eea,LT-000007-202412-1780,2027-08-01,0,41cb90d0-d91a-57c2-b138-831be351479f
6e5e5983-8e4e-56e8-9553-214f72e53f9c,e8aeb018-f679-5670-b210-de4f62ff2111,2eb3a104-e572-583a-afa0-156ee0dc4cce,botica,26f7241d-a84e-5e4a-a43d-33eea1e54eea,LT-000019-202412-1781,2025-07-26,0,c6617891-56ff-5690-89a4-1ece06685ff5
5fe8b56d-64eb-5f18-8dd2-ac549608f4eb,e8aeb018-f679-5670-b210-de4f62ff2111,d3961f5a-3ea7-53d3-89f4-78b65b0c0c6b,botica,43616d97-2221-569d-82eb-bcc14bcd6344,LT-000001-202412-1782,2027-07-07,0,76d6c9f4-5d7d-53c0-bb1f-2a577383765a
b7cc4ecf-7b05-5c80-890e-395a185a0e93,e8aeb018-f679-5670-b210-de4f62ff2111,afe9d181-1c64-5cca-b4b7-a9fa24eceeea,botica,43616d97-2221-569d-82eb-bcc14bcd6344,LT-000020-202412-1783,2026-04-16,0,a6f6d890-1609-53fc-b4a6-5733ccc9d078
6afe0b3a-d94a-542b-a7e1-821b4bff8c2e,e8aeb018-f679-5670-b210-de4f62ff2111,0ec23038-d3ab-588c-bbd6-1f5c744cdde1,botica,43616d97-2221-569d-82eb-bcc14bcd6344,LT-000025-202412-1784,2027-10-20,0,a6f6d890-1609-53fc-b4a6-5733ccc9d078
82f5e567-e504-5c5b-a6c4-f9b4453fd67c,e8aeb018-f679-5670-b210-de4f62ff2111,d0ae6d2d-e561-56b3-a2c1-113c1c56ae81,botica,d6f21f11-7533-52dd-a4dc-2fb8e260c02c,LT-000021-202412-1785,2025-11-24,0,76d6c9f4-5d7d-53c0-bb1f-2a577383765a
71d382c2-ee7d-55e4-b7bb-3eab1f335d81,e8aeb018-f679-5670-b210-de4f62ff2111,9928e9a1-d9fc-5fdd-86c2-8909352fd7fe,botica,8ecedccf-c230-516b-bbc2-108f7a6fbe63,LT-000005-202412-1786,2027-04-13,0,a6f6d890-1609-53fc-b4a6-5733ccc9d078
fb69eda2-0073-5d6f-bb86-fa1dbe3755ad,e8aeb018-f679-5670-b210-de4f62ff2111,87b859e0-789a-56e6-b1ba-4fe76221d3bf,botica,8ecedccf-c230-516b-bbc2-108f7a6fbe63,LT-000014-202412-1787,2026-09-08,0,c6617891-56ff-5690-89a4-1ece06685ff5
4a400230-bd58-56e3-ad37-6d10dc911906,e8aeb018-f679-5670-b210-de4f62ff2111,1ca3438e-9e23-58f0-a35f-f15f7a23beb9,botica,7fb983e8-6848-5425-97a2-14da72722d0f,LT-000024-202412-1788,2027-07-11,0,c6617891-56ff-5690-89a4-1ece06685ff5
fc2b2d44-ca6d-567c-8a44-34779807b03f,e8aeb018-f679-5670-b210-de4f62ff2111,5bbfdec8-65ae-59e6-b211-5eccb5b765fa,botica,26f7241d-a84e-5e4a-a43d-33eea1e54eea,LT-000006-202412-1789,2026-08-27,0,76d6c9f4-5d7d-53c0-bb1f-2a577383765a
9061678f-d8b7-5dc6-b0ac-35efe8149089,e8aeb018-f679-5670-b210-de4f62ff2111,0ec23038-d3ab-588c-bbd6-1f5c744cdde1,botica,26f7241d-a84e-5e4a-a43d-33eea1e54eea,LT-000025-202412-1790,2027-10-19,0,a6f6d890-1609-53fc-b4a6-5733ccc9d078
5cd9e5c5-1cf3-50fe-81db-dd11ab3714c6,e8aeb018-f679-5670-b210-de4f62ff2111,2eb3a104-e572-583a-afa0-156ee0dc4cce,botica,8ecedccf-c230-516b-bbc2-108f7a6fbe63,LT-000019-202412-1791,2025-06-09,0,c6617891-56ff-5690-89a4-1ece06685ff5
435408cd-8a7f-5d25-b003-132a6c6eb2fd,e8aeb018-f679-5670-b210-de4f62ff2111,042e2e80-f954-5df4-97be-29dd428cc598,botica,7fb983e8-6848-5425-97a2-14da72722d0f,LT-000004-202412-1792,2025-09-29,0,c6617891-56ff-5690-89a4-1ece06685ff5
3cc1569e-9d85-5da3-a373-f63c5e36b7a3,e8aeb018-f679-5670-b210-de4f62ff2111,afe9d181-1c64-5cca-b4b7-a9fa24eceeea,botica,26f7241d-a84e-5e4a-a43d-33eea1e54eea,LT-000020-202412-1793,2026-04-03,0,a6f6d890-1609-53fc-b4a6-5733ccc9d078
13f36399-5c08-55d3-8b3a-0e38bbd43ba8,e8aeb018-f679-5670-b210-de4f62ff2111,22231140-3780-5fe8-a7d4-d33f61d15111,botica,43616d97-2221-569d-82eb-bcc14bcd6344,LT-000023-202412-1794,2026-09-28,0,ab4a547f-e75d-5601-8171-00da4efa4b57
6f29980d-4e28-5744-b82f-e6b4b7c25758,e8aeb018-f679-5670-b210-de4f62ff2111,afe9d181-1c64-5cca-b4b7-a9fa24eceeea,botica,d6f21f11-7533-52dd-a4dc-2fb8e260c02c,LT-000020-202412-1795,2026-09-14,0,a6f6d890-1609-53fc-b4a6-5733ccc9d078
dc40e601-b3b2-54df-beab-73d964602125,e8aeb018-f679-5670-b210-de4f62ff2111,82cd11ba-d1a0-58b1-b14f-edd741f36e87,botica,8ecedccf-c230-516b-bbc2-108f7a6fbe63,LT-000007-202412-1796,2027-01-09,0,41cb90d0-d91a-57c2-b138-831be351479f
2a3dd220-91f7-5c11-b574-8f48a66022bd,e8aeb018-f679-5670-b210-de4f62ff2111,94e18241-54bd-5516-b36f-94ab6e323aca,botica,8ecedccf-c230-516b-bbc2-108f7a6fbe63,LT-000013-202412-1797,2026-02-17,0,ab4a547f-e75d-5601-8171-00da4efa4b57
db039380-e107-5a43-82a2-eaa938d06114,e8aeb018-f679-5670-b210-de4f62ff2111,22231140-3780-5fe8-a7d4-d33f61d15111,botica,8ecedccf-c230-516b-bbc2-108f7a6fbe63,LT-000023-202412-1798,2027-05-27,0,ab4a547f-e75d-5601-8171-00da4efa4b57
d061061b-fd50-5716-85c0-e276d8b52d88,e8aeb018-f679-5670-b210-de4f62ff2111,97d26d91-c562-5f27-9ebd-285e89c8f4bf,botica,7fb983e8-6848-5425-97a2-14da72722d0f,LT-000018-202412-1799,2026-04-18,0,ab4a547f-e75d-5601-8171-00da4efa4b57
07c71c36-b6d8-545b-b93a-f24a049b9c9c,e8aeb018-f679-5670-b210-de4f62ff2111,6baabed2-52d7-5cb7-bf74-86c7cb3e4f07,botica,26f7241d-a84e-5e4a-a43d-33eea1e54eea,LT-000027-202412-1800,2026-01-03,0,41cb90d0-d91a-57c2-b138-831be351479f
8dc5dfef-ba85-5865-ac34-d518a20ed7f4,e8aeb018-f679-5670-b210-de4f62ff2111,1e9605fd-5682-52b6-8f05-e8a92dd44513,botica,43616d97-2221-569d-82eb-bcc14bcd6344,LT-000030-202412-1801,2027-09-29,0,a6f6d890-1609-53fc-b4a6-5733ccc9d078
d92f184f-3978-507d-be10-916cad9b70b8,e8aeb018-f679-5670-b210-de4f62ff2111,983871db-adfb-543e-b438-6b00044ffb64,botica,d6f21f11-7533-52dd-a4dc-2fb8e260c02c,LT-000015-202412-1802,2026-01-01,0,a6f6d890-1609-53fc-b4a6-5733ccc9d078
d5d2a51f-b433-5fba-9800-6225bc83030c,e8aeb018-f679-5670-b210-de4f62ff2111,6baabed2-52d7-5cb7-bf74-86c7cb3e4f07,botica,d6f21f11-7533-52dd-a4dc-2fb8e260c02c,LT-000027-202412-1803,2027-12-10,0,41cb90d0-d91a-57c2-b138-831be351479f
4bec230a-e950-5293-a79b-f7585f04790f,e8aeb018-f679-5670-b210-de4f62ff2111,2082733c-4e17-51fe-bc8c-bf33d3ec5d7e,botica,8ecedccf-c230-516b-bbc2-108f7a6fbe63,LT-000016-202412-1804,2026-12-09,0,76d6c9f4-5d7d-53c0-bb1f-2a577383765a
0cb6871a-b65c-5480-bcde-0498f07728f2,e8aeb018-f679-5670-b210-de4f62ff2111,d3961f5a-3ea7-53d3-89f4-78b65b0c0c6b,botica,7fb983e8-6848-5425-97a2-14da72722d0f,LT-000001-202412-1805,2026-03-17,0,76d6c9f4-5d7d-53c0-bb1f-2a577383765a
51342308-d2ec-5742-925f-f16dbf76c14e,e8aeb018-f679-5670-b210-de4f62ff2111,22231140-3780-5fe8-a7d4-d33f61d15111,botica,26f7241d-a84e-5e4a-a43d-33eea1e54eea,LT-000023-202412-1806,2025-08-17,0,ab4a547f-e75d-5601-8171-00da4efa4b57
ea2b56bf-9503-5bc3-a12c-1670bd91e0e8,e8aeb018-f679-5670-b210-de4f62ff2111,d3961f5a-3ea7-53d3-89f4-78b65b0c0c6b,botica,d6f21f11-7533-52dd-a4dc-2fb8e260c02c,LT-000001-202412-1807,2025-07-06,0,76d6c9f4-5d7d-53c0-bb1f-2a577383765a
491f5619-e24c-57cf-ae0f-9de5a2d8d397,e8aeb018-f679-5670-b210-de4f62ff2111,9928e9a1-d9fc-5fdd-86c2-8909352fd7fe,botica,7fb983e8-6848-5425-97a2-14da72722d0f,LT-000005-202412-1808,2026-11-12,0,a6f6d890-1609-53fc-b4a6-5733ccc9d078
5f85d2d0-d057-59d9-bda4-d0ec34c778c0,e8aeb018-f679-5670-b210-de4f62ff2111,c0cf5e5c-b5c9-585a-8e79-d9830bc954f6,botica,43616d97-2221-569d-82eb-bcc14bcd6344,LT-000011-202412-1809,2026-04-05,0,76d6c9f4-5d7d-53c0-bb1f-2a577383765a
b74e027b-5cb4-5eb6-b2dd-61a0f556b309,e8aeb018-f679-5670-b210-de4f62ff2111,2082733c-4e17-51fe-bc8c-bf33d3ec5d7e,botica,43616d97-2221-569d-82eb-bcc14bcd6344,LT-000016-202412-1810,2026-01-24,0,76d6c9f4-5d7d-53c0-bb1f-2a577383765a
4bfe8dd4-426b-58e6-a52f-194d04fa7e96,e8aeb018-f679-5670-b210-de4f62ff2111,c0cf5e5c-b5c9-585a-8e79-d9830bc954f6,botica,d6f21f11-7533-52dd-a4dc-2fb8e260c02c,LT-000011-202412-1811,2027-09-09,0,76d6c9f4-5d7d-53c0-bb1f-2a577383765a
6c1da3ff-2603-5778-82a8-524d743463db,e8aeb018-f679-5670-b210-de4f62ff2111,0ec23038-d3ab-588c-bbd6-1f5c744cdde1,botica,8ecedccf-c230-516b-bbc2-108f7a6fbe63,LT-000025-202412-1812,2025-08-26,0,a6f6d890-1609-53fc-b4a6-5733ccc9d078
efe85f02-a68f-5056-8d16-e2acd6ed307a,e8aeb018-f679-5670-b210-de4f62ff2111,d3961f5a-3ea7-53d3-89f4-78b65b0c0c6b,botica,26f7241d-a84e-5e4a-a43d-33eea1e54eea,LT-000001-202412-1813,2025-07-08,0,76d6c9f4-5d7d-53c0-bb1f-2a577383765a
48e5d681-f7f7-5a22-97cc-3fd0749ad83c,e8aeb018-f679-5670-b210-de4f62ff2111,9928e9a1-d9fc-5fdd-86c2-8909352fd7fe,botica,26f7241d-a84e-5e4a-a43d-33eea1e54eea,LT-000005-202412-1814,2026-06-01,0,a6f6d890-1609-53fc-b4a6-5733ccc9d078
514fdc6d-8266-51bb-93fd-bfe83ceccd21,e8aeb018-f679-5670-b210-de4f62ff2111,07371b94-955f-52a4-9bf9-f0a6ad2b4fa8,botica,26f7241d-a84e-5e4a-a43d-33eea1e54eea,LT-000008-202412-1815,2025-09-10,0,ab4a547f-e75d-5601-8171-00da4efa4b57
96a48136-84a3-5c9f-a48f-5e0273555d0e,e8aeb018-f679-5670-b210-de4f62ff2111,6d807393-f4ab-5f76-b544-251eeda27ba3,botica,43616d97-2221-569d-82eb-bcc14bcd6344,LT-000003-202412-1816,2025-09-02,0,ab4a547f-e75d-5601-8171-00da4efa4b57
331b013a-ce9d-5a51-8149-859f62f82e28,e8aeb018-f679-5670-b210-de4f62ff2111,cd81184b-b6f1-563c-b463-36a69ddfb598,botica,43616d97-2221-569d-82eb-bcc14bcd6344,LT-000026-202412-1817,2026-05-15,0,76d6c9f4-5d7d-53c0-bb1f-2a577383765a
8662c81e-0d4b-519c-befe-595d03f36f97,e8aeb018-f679-5670-b210-de4f62ff2111,87b859e0-789a-56e6-b1ba-4fe76221d3bf,botica,d6f21f11-7533-52dd-a4dc-2fb8e260c02c,LT-000014-202412-1818,2027-03-01,0,c6617891-56ff-5690-89a4-1ece06685ff5
56a028e5-ea23-5145-a201-d9de14b27c4b,e8aeb018-f679-5670-b210-de4f62ff2111,38adf7ba-476e-5e6b-9163-781a13538253,botica,8ecedccf-c230-516b-bbc2-108f7a6fbe63,LT-000012-202412-1819,2027-09-07,0,41cb90d0-d91a-57c2-b138-831be351479f
a5ad6e38-d7f6-5e06-a5bf-0bf7dfe00f2e,e8aeb018-f679-5670-b210-de4f62ff2111,afe9d181-1c64-5cca-b4b7-a9fa24eceeea,botica,7fb983e8-6848-5425-97a2-14da72722d0f,LT-000020-202412-1820,2026-07-18,0,a6f6d890-1609-53fc-b4a6-5733ccc9d078
34bf872e-dfa2-5b57-8b49-1afc17dc5b42,e8aeb018-f679-5670-b210-de4f62ff2111,38adf7ba-476e-5e6b-9163-781a13538253,botica,26f7241d-a84e-5e4a-a43d-33eea1e54eea,LT-000012-202412-1821,2025-09-30,0,41cb90d0-d91a-57c2-b138-831be351479f
4fbe0252-f9f1-58a0-a251-b20e61a9ddb6,e8aeb018-f679-5670-b210-de4f62ff2111,012857cc-907f-5e7d-b8fb-796d2c9f1621,botica,26f7241d-a84e-5e4a-a43d-33eea1e54eea,LT-000028-202412-1822,2025-09-11,0,ab4a547f-e75d-5601-8171-00da4efa4b57
c213665c-ca87-53f0-b4e3-5368ef75a011,e8aeb018-f679-5670-b210-de4f62ff2111,2eb3a104-e572-583a-afa0-156ee0dc4cce,botica,43616d97-2221-569d-82eb-bcc14bcd6344,LT-000019-202412-1823,2027-06-17,0,c6617891-56ff-5690-89a4-1ece06685ff5
3c4fca44-8300-55cc-9b3f-aade563e258d,e8aeb018-f679-5670-b210-de4f62ff2111,97d26d91-c562-5f27-9ebd-285e89c8f4bf,botica,d6f21f11-7533-52dd-a4dc-2fb8e260c02c,LT-000018-202412-1824,2026-12-26,0,ab4a547f-e75d-5601-8171-00da4efa4b57
88c7d224-d4ed-5a0f-be4a-6b25c3d96dc1,e8aeb018-f679-5670-b210-de4f62ff2111,38adf7ba-476e-5e6b-9163-781a13538253,botica,7fb983e8-6848-5425-97a2-14da72722d0f,LT-000012-202412-1825,2027-08-20,0,41cb90d0-d91a-57c2-b138-831be351479f
d617a995-a028-5394-a4fc-ae4ac952a16d,e8aeb018-f679-5670-b210-de4f62ff2111,94e18241-54bd-5516-b36f-94ab6e323aca,botica,26f7241d-a84e-5e4a-a43d-33eea1e54eea,LT-000013-202412-1826,2025-12-25,0,ab4a547f-e75d-5601-8171-00da4efa4b57
90fa01e0-1c23-5c29-93c6-197f399c0bfa,e8aeb018-f679-5670-b210-de4f62ff2111,d0ae6d2d-e561-56b3-a2c1-113c1c56ae81,botica,26f7241d-a84e-5e4a-a43d-33eea1e54eea,LT-000021-202412-1827,2027-11-20,0,76d6c9f4-5d7d-53c0-bb1f-2a577383765a
6a037ba4-b6d7-5a02-86ab-1fe4719d3e59,e8aeb018-f679-5670-b210-de4f62ff2111,058c6382-bde2-59d1-93ff-20c6161a4736,botica,d6f21f11-7533-52dd-a4dc-2fb8e260c02c,LT-000009-202412-1828,2026-04-06,0,c6617891-56ff-5690-89a4-1ece06685ff5
6cceece7-da61-5481-bf1f-48c3a0f40033,e8aeb018-f679-5670-b210-de4f62ff2111,012857cc-907f-5e7d-b8fb-796d2c9f1621,botica,8ecedccf-c230-516b-bbc2-108f7a6fbe63,LT-000028-202412-1829,2027-03-23,0,ab4a547f-e75d-5601-8171-00da4efa4b57
a59f3649-21cd-5363-a697-a8c96fa91e56,e8aeb018-f679-5670-b210-de4f62ff2111,d9506935-1215-5499-93c0-8bdd86ab9418,botica,8ecedccf-c230-516b-bbc2-108f7a6fbe63,LT-000029-202412-1830,2027-12-15,0,c6617891-56ff-5690-89a4-1ece06685ff5
8cd3a26a-7c7b-5ac5-b828-c11660d700f0,e8aeb018-f679-5670-b210-de4f62ff2111,9928e9a1-d9fc-5fdd-86c2-8909352fd7fe,botica,43616d97-2221-569d-82eb-bcc14bcd6344,LT-000005-202412-1831,2026-05-22,0,a6f6d890-1609-53fc-b4a6-5733ccc9d078
277500cd-be41-5785-9a33-74f1c09b2ee0,e8aeb018-f679-5670-b210-de4f62ff2111,6baabed2-52d7-5cb7-bf74-86c7cb3e4f07,botica,43616d97-2221-569d-82eb-bcc14bcd6344,LT-000027-202412-1832,2027-03-16,0,41cb90d0-d91a-57c2-b138-831be351479f
40f8592f-0634-55f7-a48e-03de9fdbe16f,e8aeb018-f679-5670-b210-de4f62ff2111,1e9605fd-5682-52b6-8f05-e8a92dd44513,botica,d6f21f11-7533-52dd-a4dc-2fb8e260c02c,LT-000030-202412-1833,2026-07-16,0,a6f6d890-1609-53fc-b4a6-5733ccc9d078
862bfb75-466b-5dc6-a318-2f5a7cb6b707,e8aeb018-f679-5670-b210-de4f62ff2111,1e9605fd-5682-52b6-8f05-e8a92dd44513,botica,8ecedccf-c230-516b-bbc2-108f7a6fbe63,LT-000030-202412-1834,2027-02-14,0,a6f6d890-1609-53fc-b4a6-5733ccc9d078
d0aa7b2e-e6a8-5068-b9b0-242245ba0683,e8aeb018-f679-5670-b210-de4f62ff2111,2933d8b7-2438-521b-b38d-d3a5224f87fc,botica,7fb983e8-6848-5425-97a2-14da72722d0f,LT-000002-202412-1835,2025-10-14,0,41cb90d0-d91a-57c2-b138-831be351479f
51e6bda3-7de1-58f0-bc27-2351d02cec8f,e8aeb018-f679-5670-b210-de4f62ff2111,4d9429b6-2ebf-5b5d-ac48-f779d5a1e270,botica,7fb983e8-6848-5425-97a2-14da72722d0f,LT-000010-202412-1836,2026-12-21,0,a6f6d890-1609-53fc-b4a6-5733ccc9d078
471eb795-741c-5802-89f4-5e57a07e088c,e8aeb018-f679-5670-b210-de4f62ff2111,2897aac2-f219-5167-b800-73fac27f6b85,botica,7fb983e8-6848-5425-97a2-14da72722d0f,LT-000022-202412-1837,2026-08-03,0,41cb90d0-d91a-57c2-b138-831be351479f
9ab25193-af89-5e2e-892d-87332fd877d6,e8aeb018-f679-5670-b210-de4f62ff2111,87b859e0-789a-56e6-b1ba-4fe76221d3bf,botica,26f7241d-a84e-5e4a-a43d-33eea1e54eea,LT-000014-202412-1838,2027-04-21,0,c6617891-56ff-5690-89a4-1ece06685ff5
ce0215eb-aab4-59a2-a687-ac0819781ca9,e8aeb018-f679-5670-b210-de4f62ff2111,94e18241-54bd-5516-b36f-94ab6e323aca,botica,d6f21f11-7533-52dd-a4dc-2fb8e260c02c,LT-000013-202412-1839,2027-10-09,0,ab4a547f-e75d-5601-8171-00da4efa4b57
7e5056bf-e0c9-5a60-9f12-1d69bc2b8e58,e8aeb018-f679-5670-b210-de4f62ff2111,2897aac2-f219-5167-b800-73fac27f6b85,botica,d6f21f11-7533-52dd-a4dc-2fb8e260c02c,LT-000022-202412-1840,2025-09-24,0,41cb90d0-d91a-57c2-b138-831be351479f
9b71b656-4c30-5626-9f92-520b6824f96b,e8aeb018-f679-5670-b210-de4f62ff2111,5bbfdec8-65ae-59e6-b211-5eccb5b765fa,botica,8ecedccf-c230-516b-bbc2-108f7a6fbe63,LT-000006-202412-1841,2026-05-09,0,76d6c9f4-5d7d-53c0-bb1f-2a577383765a
074f4d68-2bdb-57cb-adde-08933c24ed8b,e8aeb018-f679-5670-b210-de4f62ff2111,4d9429b6-2ebf-5b5d-ac48-f779d5a1e270,botica,26f7241d-a84e-5e4a-a43d-33eea1e54eea,LT-000010-202412-1842,2025-10-11,0,a6f6d890-1609-53fc-b4a6-5733ccc9d078
2706223f-3e16-59d7-85a9-f3fecbcfcb64,e8aeb018-f679-5670-b210-de4f62ff2111,058c6382-bde2-59d1-93ff-20c6161a4736,botica,43616d97-2221-569d-82eb-bcc14bcd6344,LT-000009-202412-1843,2027-01-13,0,c6617891-56ff-5690-89a4-1ece06685ff5
ad7d90cc-74e8-513c-8081-fed66ec67f2f,e8aeb018-f679-5670-b210-de4f62ff2111,07371b94-955f-52a4-9bf9-f0a6ad2b4fa8,botica,8ecedccf-c230-516b-bbc2-108f7a6fbe63,LT-000008-202412-1844,2025-09-30,0,ab4a547f-e75d-5601-8171-00da4efa4b57
d8b0daf3-2d34-5593-9c48-4e29ba37ec86,e8aeb018-f679-5670-b210-de4f62ff2111,1ca3438e-9e23-58f0-a35f-f15f7a23beb9,botica,26f7241d-a84e-5e4a-a43d-33eea1e54eea,LT-000024-202412-1845,2026-04-12,0,c6617891-56ff-5690-89a4-1ece06685ff5
e7f51e69-686e-56ea-8a95-3730bf5841d5,e8aeb018-f679-5670-b210-de4f62ff2111,38adf7ba-476e-5e6b-9163-781a13538253,botica,43616d97-2221-569d-82eb-bcc14bcd6344,LT-000012-202412-1846,2026-04-10,0,41cb90d0-d91a-57c2-b138-831be351479f
d1d06ad1-cd5f-5f7f-8cbb-592bea743fa5,e8aeb018-f679-5670-b210-de4f62ff2111,94e18241-54bd-5516-b36f-94ab6e323aca,botica,43616d97-2221-569d-82eb-bcc14bcd6344,LT-000013-202412-1847,2026-05-13,0,ab4a547f-e75d-5601-8171-00da4efa4b57
b3e0b30e-7290-5c6c-b880-375a7a89c2b5,e8aeb018-f679-5670-b210-de4f62ff2111,d9506935-1215-5499-93c0-8bdd86ab9418,botica,43616d97-2221-569d-82eb-bcc14bcd6344,LT-000029-202412-1848,2025-10-08,0,c6617891-56ff-5690-89a4-1ece06685ff5
80e83423-d170-56c1-92b2-72d4ddd58b5d,e8aeb018-f679-5670-b210-de4f62ff2111,82cd11ba-d1a0-58b1-b14f-edd741f36e87,botica,7fb983e8-6848-5425-97a2-14da72722d0f,LT-000007-202412-1849,2025-08-07,0,41cb90d0-d91a-57c2-b138-831be351479f
0dd9bd84-f0ee-5278-842e-7fbfd0723fd5,e8aeb018-f679-5670-b210-de4f62ff2111,07371b94-955f-52a4-9bf9-f0a6ad2b4fa8,botica,7fb983e8-6848-5425-97a2-14da72722d0f,LT-000008-202412-1850,2025-12-14,0,ab4a547f-e75d-5601-8171-00da4efa4b57
56acd0db-6899-5909-804c-147dcdb4b278,e8aeb018-f679-5670-b210-de4f62ff2111,07371b94-955f-52a4-9bf9-f0a6ad2b4fa8,botica,43616d97-2221-569d-82eb-bcc14bcd6344,LT-000008-202412-1851,2025-07-12,0,ab4a547f-e75d-5601-8171-00da4efa4b57
b936dd55-fe07-5fb2-b567-862e626901aa,e8aeb018-f679-5670-b210-de4f62ff2111,87b859e0-789a-56e6-b1ba-4fe76221d3bf,botica,43616d97-2221-569d-82eb-bcc14bcd6344,LT-000014-202412-1852,2027-06-18,0,c6617891-56ff-5690-89a4-1ece06685ff5
1c4d767a-df5d-5f7a-848d-8161a110aaf9,e8aeb018-f679-5670-b210-de4f62ff2111,97d26d91-c562-5f27-9ebd-285e89c8f4bf,botica,43616d97-2221-569d-82eb-bcc14bcd6344,LT-000018-202412-1853,2027-07-28,0,ab4a547f-e75d-5601-8171-00da4efa4b57
e994d62e-0381-51f0-84e9-d16e901a7e65,e8aeb018-f679-5670-b210-de4f62ff2111,058c6382-bde2-59d1-93ff-20c6161a4736,botica,26f7241d-a84e-5e4a-a43d-33eea1e54eea,LT-000009-202412-1854,2025-08-01,0,c6617891-56ff-5690-89a4-1ece06685ff5
7670935b-f816-52bf-aba0-92d2e9251ca1,e8aeb018-f679-5670-b210-de4f62ff2111,d9506935-1215-5499-93c0-8bdd86ab9418,botica,26f7241d-a84e-5e4a-a43d-33eea1e54eea,LT-000029-202412-1855,2027-11-21,0,c6617891-56ff-5690-89a4-1ece06685ff5
4bad3b07-e7f2-5f49-a373-ce98c7c10d03,e8aeb018-f679-5670-b210-de4f62ff2111,042e2e80-f954-5df4-97be-29dd428cc598,botica,43616d97-2221-569d-82eb-bcc14bcd6344,LT-000004-202412-1856,2025-11-25,0,c6617891-56ff-5690-89a4-1ece06685ff5
87da7d33-c9cf-552b-bd29-6bba06d1f0ef,e8aeb018-f679-5670-b210-de4f62ff2111,d2f08f15-f9f2-5f65-a740-b05896774467,botica,d6f21f11-7533-52dd-a4dc-2fb8e260c02c,LT-000017-202412-1857,2026-03-31,0,41cb90d0-d91a-57c2-b138-831be351479f
267d4985-446e-586f-a861-ae1e12cf720d,e8aeb018-f679-5670-b210-de4f62ff2111,2933d8b7-2438-521b-b38d-d3a5224f87fc,botica,8ecedccf-c230-516b-bbc2-108f7a6fbe63,LT-000002-202412-1858,2025-11-01,0,41cb90d0-d91a-57c2-b138-831be351479f
e5e66dc1-ec31-5e4c-b01a-e03712ebc333,e8aeb018-f679-5670-b210-de4f62ff2111,058c6382-bde2-59d1-93ff-20c6161a4736,botica,8ecedccf-c230-516b-bbc2-108f7a6fbe63,LT-000009-202412-1859,2027-01-11,0,c6617891-56ff-5690-89a4-1ece06685ff5
167c6b32-401b-5be2-a33c-195309d396ad,e8aeb018-f679-5670-b210-de4f62ff2111,94e18241-54bd-5516-b36f-94ab6e323aca,botica,7fb983e8-6848-5425-97a2-14da72722d0f,LT-000013-202412-1860,2027-06-02,0,ab4a547f-e75d-5601-8171-00da4efa4b57
cc41cc23-3d5f-5f08-9878-7fce09af1090,e8aeb018-f679-5670-b210-de4f62ff2111,983871db-adfb-543e-b438-6b00044ffb64,botica,7fb983e8-6848-5425-97a2-14da72722d0f,LT-000015-202412-1861,2027-07-25,0,a6f6d890-1609-53fc-b4a6-5733ccc9d078
753cce02-e2b5-5e10-b5b9-ef9dd456ca2c,e8aeb018-f679-5670-b210-de4f62ff2111,22231140-3780-5fe8-a7d4-d33f61d15111,botica,d6f21f11-7533-52dd-a4dc-2fb8e260c02c,LT-000023-202412-1862,2027-04-01,0,ab4a547f-e75d-5601-8171-00da4efa4b57
098e1c57-c8d4-5328-8eb8-40db0ad3749f,e8aeb018-f679-5670-b210-de4f62ff2111,d3961f5a-3ea7-53d3-89f4-78b65b0c0c6b,botica,8ecedccf-c230-516b-bbc2-108f7a6fbe63,LT-000001-202412-1863,2027-04-04,0,76d6c9f4-5d7d-53c0-bb1f-2a577383765a
726ccd64-2718-52f7-8c36-5a81acb1c81a,e8aeb018-f679-5670-b210-de4f62ff2111,983871db-adfb-543e-b438-6b00044ffb64,botica,8ecedccf-c230-516b-bbc2-108f7a6fbe63,LT-000015-202412-1864,2026-08-18,0,a6f6d890-1609-53fc-b4a6-5733ccc9d078
e455a3c2-1874-584e-b0d1-13dcaa586e62,e8aeb018-f679-5670-b210-de4f62ff2111,cd81184b-b6f1-563c-b463-36a69ddfb598,botica,8ecedccf-c230-516b-bbc2-108f7a6fbe63,LT-000026-202412-1865,2026-10-25,0,76d6c9f4-5d7d-53c0-bb1f-2a577383765a
0dfdfb75-0cde-57ab-b882-2a74910dcde4,e8aeb018-f679-5670-b210-de4f62ff2111,0ec23038-d3ab-588c-bbd6-1f5c744cdde1,botica,7fb983e8-6848-5425-97a2-14da72722d0f,LT-000025-202412-1866,2025-07-17,0,a6f6d890-1609-53fc-b4a6-5733ccc9d078
d6805737-0c29-570f-9d22-e5756efce0a7,e8aeb018-f679-5670-b210-de4f62ff2111,c0cf5e5c-b5c9-585a-8e79-d9830bc954f6,botica,26f7241d-a84e-5e4a-a43d-33eea1e54eea,LT-000011-202412-1867,2027-06-18,0,76d6c9f4-5d7d-53c0-bb1f-2a577383765a
12ed6302-92f7-50e2-a1f2-7ef01e2c0b56,e8aeb018-f679-5670-b210-de4f62ff2111,afe9d181-1c64-5cca-b4b7-a9fa24eceeea,botica,8ecedccf-c230-516b-bbc2-108f7a6fbe63,LT-000020-202412-1868,2025-11-05,0,a6f6d890-1609-53fc-b4a6-5733ccc9d078
453b2624-ccd4-51cc-8b6b-1bb7eff2cd4a,e8aeb018-f679-5670-b210-de4f62ff2111,c0cf5e5c-b5c9-585a-8e79-d9830bc954f6,botica,7fb983e8-6848-5425-97a2-14da72722d0f,LT-000011-202412-1869,2026-02-12,0,76d6c9f4-5d7d-53c0-bb1f-2a577383765a
fb234f6e-54b6-5044-ab65-6bef46810dfa,e8aeb018-f679-5670-b210-de4f62ff2111,2082733c-4e17-51fe-bc8c-bf33d3ec5d7e,botica,26f7241d-a84e-5e4a-a43d-33eea1e54eea,LT-000016-202412-1870,2025-10-22,0,76d6c9f4-5d7d-53c0-bb1f-2a577383765a
2dca5e6d-69e3-5b58-95bd-6f01746251bd,e8aeb018-f679-5670-b210-de4f62ff2111,012857cc-907f-5e7d-b8fb-796d2c9f1621,botica,43616d97-2221-569d-82eb-bcc14bcd6344,LT-000028-202412-1871,2027-06-02,0,ab4a547f-e75d-5601-8171-00da4efa4b57
88fef2f1-d096-5e78-9bce-bb3f4cdf6783,e8aeb018-f679-5670-b210-de4f62ff2111,38adf7ba-476e-5e6b-9163-781a13538253,botica,d6f21f11-7533-52dd-a4dc-2fb8e260c02c,LT-000012-202412-1872,2026-05-13,0,41cb90d0-d91a-57c2-b138-831be351479f
41706403-b52a-5a30-9861-0a8d7b086965,e8aeb018-f679-5670-b210-de4f62ff2111,38adf7ba-476e-5e6b-9163-781a13538253,botica,8ecedccf-c230-516b-bbc2-108f7a6fbe63,LT-000012-202412-1873,2026-12-28,0,41cb90d0-d91a-57c2-b138-831be351479f
f551e480-3f7b-524d-9fc9-4f2e6d761b6e,e8aeb018-f679-5670-b210-de4f62ff2111,2897aac2-f219-5167-b800-73fac27f6b85,botica,8ecedccf-c230-516b-bbc2-108f7a6fbe63,LT-000022-202412-1874,2025-08-26,0,41cb90d0-d91a-57c2-b138-831be351479f
5aae390c-b554-573b-b5ab-7f4a04c4d3be,e8aeb018-f679-5670-b210-de4f62ff2111,d2f08f15-f9f2-5f65-a740-b05896774467,botica,26f7241d-a84e-5e4a-a43d-33eea1e54eea,LT-000017-202412-1875,2025-09-02,0,41cb90d0-d91a-57c2-b138-831be351479f
8acfaf65-9348-5699-b7f7-cb3c8a7dd570,e8aeb018-f679-5670-b210-de4f62ff2111,97d26d91-c562-5f27-9ebd-285e89c8f4bf,botica,26f7241d-a84e-5e4a-a43d-33eea1e54eea,LT-000018-202412-1876,2025-11-27,0,ab4a547f-e75d-5601-8171-00da4efa4b57
7a4fcb81-65dd-5f91-9698-4403bbb3d598,e8aeb018-f679-5670-b210-de4f62ff2111,4d9429b6-2ebf-5b5d-ac48-f779d5a1e270,botica,43616d97-2221-569d-82eb-bcc14bcd6344,LT-000010-202412-1877,2025-09-07,0,a6f6d890-1609-53fc-b4a6-5733ccc9d078
04b77fc0-f283-5f61-a4b8-7760804204c8,e8aeb018-f679-5670-b210-de4f62ff2111,042e2e80-f954-5df4-97be-29dd428cc598,botica,8ecedccf-c230-516b-bbc2-108f7a6fbe63,LT-000004-202412-1878,2025-11-02,0,c6617891-56ff-5690-89a4-1ece06685ff5
930f15c4-b5b4-5c88-895a-ae8832937e0d,e8aeb018-f679-5670-b210-de4f62ff2111,94e18241-54bd-5516-b36f-94ab6e323aca,botica,8ecedccf-c230-516b-bbc2-108f7a6fbe63,LT-000013-202412-1879,2027-10-21,0,ab4a547f-e75d-5601-8171-00da4efa4b57
f2b87e0e-6da0-5c77-8e8a-9f4ab048f56d,e8aeb018-f679-5670-b210-de4f62ff2111,d0ae6d2d-e561-56b3-a2c1-113c1c56ae81,botica,8ecedccf-c230-516b-bbc2-108f7a6fbe63,LT-000021-202412-1880,2026-05-07,0,76d6c9f4-5d7d-53c0-bb1f-2a577383765a
57e82b22-f97e-51c2-9d10-c076b0a2b80d,e8aeb018-f679-5670-b210-de4f62ff2111,87b859e0-789a-56e6-b1ba-4fe76221d3bf,botica,7fb983e8-6848-5425-97a2-14da72722d0f,LT-000014-202412-1881,2027-07-28,0,c6617891-56ff-5690-89a4-1ece06685ff5
401d3b2a-2732-56ba-99c1-79c80c7b458e,e8aeb018-f679-5670-b210-de4f62ff2111,2eb3a104-e572-583a-afa0-156ee0dc4cce,botica,7fb983e8-6848-5425-97a2-14da72722d0f,LT-000019-202412-1882,2027-03-25,0,c6617891-56ff-5690-89a4-1ece06685ff5
7eeebadf-dba1-588c-b5ea-d37abe629d86,e8aeb018-f679-5670-b210-de4f62ff2111,d9506935-1215-5499-93c0-8bdd86ab9418,botica,7fb983e8-6848-5425-97a2-14da72722d0f,LT-000029-202412-1883,2025-10-27,0,c6617891-56ff-5690-89a4-1ece06685ff5
e9e56d1f-011f-5567-ac8d-163c37dcad5f,e8aeb018-f679-5670-b210-de4f62ff2111,38adf7ba-476e-5e6b-9163-781a13538253,botica,26f7241d-a84e-5e4a-a43d-33eea1e54eea,LT-000012-202501-1884,2025-11-23,0,41cb90d0-d91a-57c2-b138-831be351479f
71af2a8d-2fda-5ef6-bb60-c40445ce9c7f,e8aeb018-f679-5670-b210-de4f62ff2111,d2f08f15-f9f2-5f65-a740-b05896774467,botica,43616d97-2221-569d-82eb-bcc14bcd6344,LT-000017-202501-1885,2027-02-19,0,41cb90d0-d91a-57c2-b138-831be351479f
a9f4da9e-4583-52ec-a501-fc4b5d5be659,e8aeb018-f679-5670-b210-de4f62ff2111,4d9429b6-2ebf-5b5d-ac48-f779d5a1e270,botica,d6f21f11-7533-52dd-a4dc-2fb8e260c02c,LT-000010-202501-1886,2027-09-15,0,a6f6d890-1609-53fc-b4a6-5733ccc9d078
a3aa5f45-da40-52f8-9daa-307690e7233d,e8aeb018-f679-5670-b210-de4f62ff2111,38adf7ba-476e-5e6b-9163-781a13538253,botica,7fb983e8-6848-5425-97a2-14da72722d0f,LT-000012-202501-1887,2027-04-29,0,41cb90d0-d91a-57c2-b138-831be351479f
21fd1794-8c23-56a9-90cc-01d63f3ce3e4,e8aeb018-f679-5670-b210-de4f62ff2111,1ca3438e-9e23-58f0-a35f-f15f7a23beb9,botica,7fb983e8-6848-5425-97a2-14da72722d0f,LT-000024-202501-1888,2026-09-06,0,c6617891-56ff-5690-89a4-1ece06685ff5
2c60ba75-7a67-52cd-829f-66391db9ee10,e8aeb018-f679-5670-b210-de4f62ff2111,cd81184b-b6f1-563c-b463-36a69ddfb598,botica,7fb983e8-6848-5425-97a2-14da72722d0f,LT-000026-202501-1889,2026-01-03,0,76d6c9f4-5d7d-53c0-bb1f-2a577383765a
11568816-959c-5d42-96d0-bd1da886e978,e8aeb018-f679-5670-b210-de4f62ff2111,6baabed2-52d7-5cb7-bf74-86c7cb3e4f07,botica,7fb983e8-6848-5425-97a2-14da72722d0f,LT-000027-202501-1890,2026-03-10,0,41cb90d0-d91a-57c2-b138-831be351479f
869bcd70-8c3e-5bec-ad2a-7d3180bb5902,e8aeb018-f679-5670-b210-de4f62ff2111,1e9605fd-5682-52b6-8f05-e8a92dd44513,botica,7fb983e8-6848-5425-97a2-14da72722d0f,LT-000030-202501-1891,2026-03-29,0,a6f6d890-1609-53fc-b4a6-5733ccc9d078
dbe26d4f-55e4-5df5-9a3d-c0a6887ee3f6,e8aeb018-f679-5670-b210-de4f62ff2111,6d807393-f4ab-5f76-b544-251eeda27ba3,botica,26f7241d-a84e-5e4a-a43d-33eea1e54eea,LT-000003-202501-1892,2026-03-31,0,ab4a547f-e75d-5601-8171-00da4efa4b57
ce5f07a4-eed5-5228-ab49-061fa3b0a5a0,e8aeb018-f679-5670-b210-de4f62ff2111,0ec23038-d3ab-588c-bbd6-1f5c744cdde1,botica,26f7241d-a84e-5e4a-a43d-33eea1e54eea,LT-000025-202501-1893,2026-08-29,0,a6f6d890-1609-53fc-b4a6-5733ccc9d078
c0aba420-aef6-5223-a321-14ea99fb30fb,e8aeb018-f679-5670-b210-de4f62ff2111,1ca3438e-9e23-58f0-a35f-f15f7a23beb9,botica,d6f21f11-7533-52dd-a4dc-2fb8e260c02c,LT-000024-202501-1894,2026-12-09,0,c6617891-56ff-5690-89a4-1ece06685ff5
38745f56-79da-5928-8cd8-486b5fc92d20,e8aeb018-f679-5670-b210-de4f62ff2111,d3961f5a-3ea7-53d3-89f4-78b65b0c0c6b,botica,7fb983e8-6848-5425-97a2-14da72722d0f,LT-000001-202501-1895,2026-08-29,0,76d6c9f4-5d7d-53c0-bb1f-2a577383765a
c515f39e-5605-5d1a-8bde-37c65080d438,e8aeb018-f679-5670-b210-de4f62ff2111,1e9605fd-5682-52b6-8f05-e8a92dd44513,botica,26f7241d-a84e-5e4a-a43d-33eea1e54eea,LT-000030-202501-1896,2026-01-20,0,a6f6d890-1609-53fc-b4a6-5733ccc9d078
60be8743-e37f-561e-b52c-4c1786e0acdd,e8aeb018-f679-5670-b210-de4f62ff2111,5bbfdec8-65ae-59e6-b211-5eccb5b765fa,botica,43616d97-2221-569d-82eb-bcc14bcd6344,LT-000006-202501-1897,2026-10-21,0,76d6c9f4-5d7d-53c0-bb1f-2a577383765a
7e80788c-1216-5909-9a91-fc475e8f81fe,e8aeb018-f679-5670-b210-de4f62ff2111,1ca3438e-9e23-58f0-a35f-f15f7a23beb9,botica,43616d97-2221-569d-82eb-bcc14bcd6344,LT-000024-202501-1898,2026-05-08,0,c6617891-56ff-5690-89a4-1ece06685ff5
9b0dd682-4f95-589c-91bd-e5d98539fe61,e8aeb018-f679-5670-b210-de4f62ff2111,2082733c-4e17-51fe-bc8c-bf33d3ec5d7e,botica,d6f21f11-7533-52dd-a4dc-2fb8e260c02c,LT-000016-202501-1899,2027-07-28,0,76d6c9f4-5d7d-53c0-bb1f-2a577383765a
088d2a68-6df2-531f-bc20-f32787369807,e8aeb018-f679-5670-b210-de4f62ff2111,cd81184b-b6f1-563c-b463-36a69ddfb598,botica,d6f21f11-7533-52dd-a4dc-2fb8e260c02c,LT-000026-202501-1900,2025-07-29,0,76d6c9f4-5d7d-53c0-bb1f-2a577383765a
13d6d348-f936-5d87-936e-f2f31e253ebc,e8aeb018-f679-5670-b210-de4f62ff2111,c0cf5e5c-b5c9-585a-8e79-d9830bc954f6,botica,8ecedccf-c230-516b-bbc2-108f7a6fbe63,LT-000011-202501-1901,2026-08-11,0,76d6c9f4-5d7d-53c0-bb1f-2a577383765a
87a0fbe4-a5ad-5540-825f-c8fa97b8cf26,e8aeb018-f679-5670-b210-de4f62ff2111,2eb3a104-e572-583a-afa0-156ee0dc4cce,botica,8ecedccf-c230-516b-bbc2-108f7a6fbe63,LT-000019-202501-1902,2027-04-09,0,c6617891-56ff-5690-89a4-1ece06685ff5
dcc3c770-5dde-5d47-a72e-57535ed38054,e8aeb018-f679-5670-b210-de4f62ff2111,012857cc-907f-5e7d-b8fb-796d2c9f1621,botica,7fb983e8-6848-5425-97a2-14da72722d0f,LT-000028-202501-1903,2025-12-28,0,ab4a547f-e75d-5601-8171-00da4efa4b57
fdb9ecda-13a3-5c1f-881e-a347e4d56f94,e8aeb018-f679-5670-b210-de4f62ff2111,94e18241-54bd-5516-b36f-94ab6e323aca,botica,26f7241d-a84e-5e4a-a43d-33eea1e54eea,LT-000013-202501-1904,2027-01-13,0,ab4a547f-e75d-5601-8171-00da4efa4b57
713558e0-9f97-5c2b-83c0-44cf111a06ec,e8aeb018-f679-5670-b210-de4f62ff2111,87b859e0-789a-56e6-b1ba-4fe76221d3bf,botica,26f7241d-a84e-5e4a-a43d-33eea1e54eea,LT-000014-202501-1905,2026-10-07,0,c6617891-56ff-5690-89a4-1ece06685ff5
6ce7989c-3f38-56e4-bc58-626b745c916d,e8aeb018-f679-5670-b210-de4f62ff2111,afe9d181-1c64-5cca-b4b7-a9fa24eceeea,botica,26f7241d-a84e-5e4a-a43d-33eea1e54eea,LT-000020-202501-1906,2027-02-14,0,a6f6d890-1609-53fc-b4a6-5733ccc9d078
ce96a3fb-f08b-540e-945a-5b31c518c685,e8aeb018-f679-5670-b210-de4f62ff2111,c0cf5e5c-b5c9-585a-8e79-d9830bc954f6,botica,43616d97-2221-569d-82eb-bcc14bcd6344,LT-000011-202501-1907,2027-12-09,0,76d6c9f4-5d7d-53c0-bb1f-2a577383765a
8012fbd1-14b8-54e3-9ffb-dd7db74e358f,e8aeb018-f679-5670-b210-de4f62ff2111,2933d8b7-2438-521b-b38d-d3a5224f87fc,botica,d6f21f11-7533-52dd-a4dc-2fb8e260c02c,LT-000002-202501-1908,2027-11-09,0,41cb90d0-d91a-57c2-b138-831be351479f
d19b8783-6954-5138-88e9-b081573eef2f,e8aeb018-f679-5670-b210-de4f62ff2111,6d807393-f4ab-5f76-b544-251eeda27ba3,botica,d6f21f11-7533-52dd-a4dc-2fb8e260c02c,LT-000003-202501-1909,2026-08-05,0,ab4a547f-e75d-5601-8171-00da4efa4b57
f831d23f-a274-5cf5-8fe4-f07516801a39,e8aeb018-f679-5670-b210-de4f62ff2111,5bbfdec8-65ae-59e6-b211-5eccb5b765fa,botica,d6f21f11-7533-52dd-a4dc-2fb8e260c02c,LT-000006-202501-1910,2027-07-01,0,76d6c9f4-5d7d-53c0-bb1f-2a577383765a
43185ad6-d12f-50e2-a2e4-eb716887da89,e8aeb018-f679-5670-b210-de4f62ff2111,0ec23038-d3ab-588c-bbd6-1f5c744cdde1,botica,d6f21f11-7533-52dd-a4dc-2fb8e260c02c,LT-000025-202501-1911,2027-02-08,0,a6f6d890-1609-53fc-b4a6-5733ccc9d078
f1412e71-09db-5d57-8c00-86c592859f18,e8aeb018-f679-5670-b210-de4f62ff2111,d9506935-1215-5499-93c0-8bdd86ab9418,botica,d6f21f11-7533-52dd-a4dc-2fb8e260c02c,LT-000029-202501-1912,2026-07-04,0,c6617891-56ff-5690-89a4-1ece06685ff5
c504a395-80aa-5d7b-97d0-8917cd85f880,e8aeb018-f679-5670-b210-de4f62ff2111,87b859e0-789a-56e6-b1ba-4fe76221d3bf,botica,8ecedccf-c230-516b-bbc2-108f7a6fbe63,LT-000014-202501-1913,2026-09-16,0,c6617891-56ff-5690-89a4-1ece06685ff5
bc97680d-1998-50c1-adc7-931a35c7b0a2,e8aeb018-f679-5670-b210-de4f62ff2111,5bbfdec8-65ae-59e6-b211-5eccb5b765fa,botica,7fb983e8-6848-5425-97a2-14da72722d0f,LT-000006-202501-1914,2026-09-22,0,76d6c9f4-5d7d-53c0-bb1f-2a577383765a
d62663d1-3193-5a6d-ae10-e5d8486da154,e8aeb018-f679-5670-b210-de4f62ff2111,82cd11ba-d1a0-58b1-b14f-edd741f36e87,botica,26f7241d-a84e-5e4a-a43d-33eea1e54eea,LT-000007-202501-1915,2026-05-27,0,41cb90d0-d91a-57c2-b138-831be351479f
a099ad13-dfab-50ef-a899-732c1f37347b,e8aeb018-f679-5670-b210-de4f62ff2111,87b859e0-789a-56e6-b1ba-4fe76221d3bf,botica,d6f21f11-7533-52dd-a4dc-2fb8e260c02c,LT-000014-202501-1916,2026-08-17,0,c6617891-56ff-5690-89a4-1ece06685ff5
906b05bd-88c7-58a6-8b39-4b6f93ac1c6f,e8aeb018-f679-5670-b210-de4f62ff2111,012857cc-907f-5e7d-b8fb-796d2c9f1621,botica,d6f21f11-7533-52dd-a4dc-2fb8e260c02c,LT-000028-202501-1917,2026-07-28,0,ab4a547f-e75d-5601-8171-00da4efa4b57
0e3882f8-b282-52c8-83c5-c94b896af2e8,e8aeb018-f679-5670-b210-de4f62ff2111,1ca3438e-9e23-58f0-a35f-f15f7a23beb9,botica,8ecedccf-c230-516b-bbc2-108f7a6fbe63,LT-000024-202501-1918,2026-09-13,0,c6617891-56ff-5690-89a4-1ece06685ff5
8c58926a-483b-5897-902d-fa1f60e46538,e8aeb018-f679-5670-b210-de4f62ff2111,d3961f5a-3ea7-53d3-89f4-78b65b0c0c6b,botica,43616d97-2221-569d-82eb-bcc14bcd6344,LT-000001-202501-1919,2026-01-25,0,76d6c9f4-5d7d-53c0-bb1f-2a577383765a
54d454d7-7c02-5ce5-9436-b5949aa77f86,e8aeb018-f679-5670-b210-de4f62ff2111,82cd11ba-d1a0-58b1-b14f-edd741f36e87,botica,d6f21f11-7533-52dd-a4dc-2fb8e260c02c,LT-000007-202501-1920,2026-06-16,0,41cb90d0-d91a-57c2-b138-831be351479f
4c38caa7-a079-5d7c-a489-deb8729656c3,e8aeb018-f679-5670-b210-de4f62ff2111,97d26d91-c562-5f27-9ebd-285e89c8f4bf,botica,8ecedccf-c230-516b-bbc2-108f7a6fbe63,LT-000018-202501-1921,2027-05-15,0,ab4a547f-e75d-5601-8171-00da4efa4b57
a11840d8-b2af-542e-958c-87bfd857ddef,e8aeb018-f679-5670-b210-de4f62ff2111,983871db-adfb-543e-b438-6b00044ffb64,botica,26f7241d-a84e-5e4a-a43d-33eea1e54eea,LT-000015-202501-1922,2027-08-30,0,a6f6d890-1609-53fc-b4a6-5733ccc9d078
2a27cf89-22d9-5530-aed7-64baf26fbf06,e8aeb018-f679-5670-b210-de4f62ff2111,22231140-3780-5fe8-a7d4-d33f61d15111,botica,26f7241d-a84e-5e4a-a43d-33eea1e54eea,LT-000023-202501-1923,2027-11-29,0,ab4a547f-e75d-5601-8171-00da4efa4b57
24b7d2f8-7364-5e94-a1a4-07f947d78509,e8aeb018-f679-5670-b210-de4f62ff2111,38adf7ba-476e-5e6b-9163-781a13538253,botica,43616d97-2221-569d-82eb-bcc14bcd6344,LT-000012-202501-1924,2025-11-24,0,41cb90d0-d91a-57c2-b138-831be351479f
562dab49-9a12-528b-a5a8-dff588e64876,e8aeb018-f679-5670-b210-de4f62ff2111,94e18241-54bd-5516-b36f-94ab6e323aca,botica,43616d97-2221-569d-82eb-bcc14bcd6344,LT-000013-202501-1925,2026-02-26,0,ab4a547f-e75d-5601-8171-00da4efa4b57
b78e2d7f-a513-5365-adba-a76adb144534,e8aeb018-f679-5670-b210-de4f62ff2111,4d9429b6-2ebf-5b5d-ac48-f779d5a1e270,botica,8ecedccf-c230-516b-bbc2-108f7a6fbe63,LT-000010-202501-1926,2026-02-09,0,a6f6d890-1609-53fc-b4a6-5733ccc9d078
8d45cb9f-185d-52de-9162-f6b1d81887a4,e8aeb018-f679-5670-b210-de4f62ff2111,38adf7ba-476e-5e6b-9163-781a13538253,botica,8ecedccf-c230-516b-bbc2-108f7a6fbe63,LT-000012-202501-1927,2027-11-10,0,41cb90d0-d91a-57c2-b138-831be351479f
60d3324d-e22a-5a80-abb0-8baf52ec6d6a,e8aeb018-f679-5670-b210-de4f62ff2111,2082733c-4e17-51fe-bc8c-bf33d3ec5d7e,botica,8ecedccf-c230-516b-bbc2-108f7a6fbe63,LT-000016-202501-1928,2027-03-07,0,76d6c9f4-5d7d-53c0-bb1f-2a577383765a
d3693e1b-2bde-52ae-ab36-4f8f841c606c,e8aeb018-f679-5670-b210-de4f62ff2111,d2f08f15-f9f2-5f65-a740-b05896774467,botica,8ecedccf-c230-516b-bbc2-108f7a6fbe63,LT-000017-202501-1929,2027-02-24,0,41cb90d0-d91a-57c2-b138-831be351479f
bb30b323-48c2-5809-9439-919b2ec0fc15,e8aeb018-f679-5670-b210-de4f62ff2111,0ec23038-d3ab-588c-bbd6-1f5c744cdde1,botica,8ecedccf-c230-516b-bbc2-108f7a6fbe63,LT-000025-202501-1930,2026-08-20,0,a6f6d890-1609-53fc-b4a6-5733ccc9d078
a4491aec-a44c-5746-959f-a2ac104c4481,e8aeb018-f679-5670-b210-de4f62ff2111,042e2e80-f954-5df4-97be-29dd428cc598,botica,26f7241d-a84e-5e4a-a43d-33eea1e54eea,LT-000004-202501-1931,2026-02-08,0,c6617891-56ff-5690-89a4-1ece06685ff5
212489e2-47f3-5869-a2b3-4c307c957f68,e8aeb018-f679-5670-b210-de4f62ff2111,9928e9a1-d9fc-5fdd-86c2-8909352fd7fe,botica,26f7241d-a84e-5e4a-a43d-33eea1e54eea,LT-000005-202501-1932,2025-12-14,0,a6f6d890-1609-53fc-b4a6-5733ccc9d078
fd4f20b3-e68d-5f79-9e1a-000514a73ba8,e8aeb018-f679-5670-b210-de4f62ff2111,d0ae6d2d-e561-56b3-a2c1-113c1c56ae81,botica,43616d97-2221-569d-82eb-bcc14bcd6344,LT-000021-202501-1933,2027-08-31,0,76d6c9f4-5d7d-53c0-bb1f-2a577383765a
0f81ab72-ef56-597f-ae90-1562d3315d35,e8aeb018-f679-5670-b210-de4f62ff2111,c0cf5e5c-b5c9-585a-8e79-d9830bc954f6,botica,d6f21f11-7533-52dd-a4dc-2fb8e260c02c,LT-000011-202501-1934,2027-10-17,0,76d6c9f4-5d7d-53c0-bb1f-2a577383765a
84e64284-55a4-5eb8-b590-8c90708eb525,e8aeb018-f679-5670-b210-de4f62ff2111,94e18241-54bd-5516-b36f-94ab6e323aca,botica,7fb983e8-6848-5425-97a2-14da72722d0f,LT-000013-202501-1935,2027-03-28,0,ab4a547f-e75d-5601-8171-00da4efa4b57
6551c3e6-422c-51a2-857b-2d2d4e239e42,e8aeb018-f679-5670-b210-de4f62ff2111,2082733c-4e17-51fe-bc8c-bf33d3ec5d7e,botica,7fb983e8-6848-5425-97a2-14da72722d0f,LT-000016-202501-1936,2026-08-30,0,76d6c9f4-5d7d-53c0-bb1f-2a577383765a
06505762-67b3-512c-9b17-80bff8c8e4c6,e8aeb018-f679-5670-b210-de4f62ff2111,d0ae6d2d-e561-56b3-a2c1-113c1c56ae81,botica,7fb983e8-6848-5425-97a2-14da72722d0f,LT-000021-202501-1937,2026-09-12,0,76d6c9f4-5d7d-53c0-bb1f-2a577383765a
370c50ca-90aa-58a7-a590-1a1564ddba4f,e8aeb018-f679-5670-b210-de4f62ff2111,07371b94-955f-52a4-9bf9-f0a6ad2b4fa8,botica,26f7241d-a84e-5e4a-a43d-33eea1e54eea,LT-000008-202501-1938,2026-04-03,0,ab4a547f-e75d-5601-8171-00da4efa4b57
1f7bd05d-7338-5525-b395-670c33399212,e8aeb018-f679-5670-b210-de4f62ff2111,82cd11ba-d1a0-58b1-b14f-edd741f36e87,botica,43616d97-2221-569d-82eb-bcc14bcd6344,LT-000007-202501-1939,2025-10-17,0,41cb90d0-d91a-57c2-b138-831be351479f
effc05e5-3a6c-54cb-8f7c-fe1229a6058b,e8aeb018-f679-5670-b210-de4f62ff2111,94e18241-54bd-5516-b36f-94ab6e323aca,botica,d6f21f11-7533-52dd-a4dc-2fb8e260c02c,LT-000013-202501-1940,2026-04-04,0,ab4a547f-e75d-5601-8171-00da4efa4b57
5c6d443f-c42b-5483-bbac-ce195a1fe3aa,e8aeb018-f679-5670-b210-de4f62ff2111,983871db-adfb-543e-b438-6b00044ffb64,botica,d6f21f11-7533-52dd-a4dc-2fb8e260c02c,LT-000015-202501-1941,2027-05-12,0,a6f6d890-1609-53fc-b4a6-5733ccc9d078
457c3590-9dbc-5f91-a20f-494219192cc1,e8aeb018-f679-5670-b210-de4f62ff2111,6d807393-f4ab-5f76-b544-251eeda27ba3,botica,8ecedccf-c230-516b-bbc2-108f7a6fbe63,LT-000003-202501-1942,2025-12-17,0,ab4a547f-e75d-5601-8171-00da4efa4b57
729480a3-e1bf-54a1-9eb2-2c0bb5a98f20,e8aeb018-f679-5670-b210-de4f62ff2111,d2f08f15-f9f2-5f65-a740-b05896774467,botica,7fb983e8-6848-5425-97a2-14da72722d0f,LT-000017-202501-1943,2026-11-19,0,41cb90d0-d91a-57c2-b138-831be351479f
53149edb-0330-5934-831b-997005064ac5,e8aeb018-f679-5670-b210-de4f62ff2111,0ec23038-d3ab-588c-bbd6-1f5c744cdde1,botica,43616d97-2221-569d-82eb-bcc14bcd6344,LT-000025-202501-1944,2027-09-07,0,a6f6d890-1609-53fc-b4a6-5733ccc9d078
d31027c8-cd94-546f-87a1-31bbe6c8ab30,e8aeb018-f679-5670-b210-de4f62ff2111,2933d8b7-2438-521b-b38d-d3a5224f87fc,botica,26f7241d-a84e-5e4a-a43d-33eea1e54eea,LT-000002-202501-1945,2027-01-27,0,41cb90d0-d91a-57c2-b138-831be351479f
babce589-8183-5117-9e95-5bfc1429a38b,e8aeb018-f679-5670-b210-de4f62ff2111,2eb3a104-e572-583a-afa0-156ee0dc4cce,botica,26f7241d-a84e-5e4a-a43d-33eea1e54eea,LT-000019-202501-1946,2027-12-22,0,c6617891-56ff-5690-89a4-1ece06685ff5
505eea9c-b8b8-502a-a670-70132b74dd9a,e8aeb018-f679-5670-b210-de4f62ff2111,2933d8b7-2438-521b-b38d-d3a5224f87fc,botica,43616d97-2221-569d-82eb-bcc14bcd6344,LT-000002-202501-1947,2027-01-23,0,41cb90d0-d91a-57c2-b138-831be351479f
9262aa44-ee78-52d3-a7c3-dff697472f25,e8aeb018-f679-5670-b210-de4f62ff2111,87b859e0-789a-56e6-b1ba-4fe76221d3bf,botica,43616d97-2221-569d-82eb-bcc14bcd6344,LT-000014-202501-1948,2027-06-12,0,c6617891-56ff-5690-89a4-1ece06685ff5
7949f682-9ee4-5d4a-8419-5c511b76534f,e8aeb018-f679-5670-b210-de4f62ff2111,983871db-adfb-543e-b438-6b00044ffb64,botica,43616d97-2221-569d-82eb-bcc14bcd6344,LT-000015-202501-1949,2025-09-10,0,a6f6d890-1609-53fc-b4a6-5733ccc9d078
4dea755d-5a51-5394-b324-a0b5e06ff738,e8aeb018-f679-5670-b210-de4f62ff2111,82cd11ba-d1a0-58b1-b14f-edd741f36e87,botica,8ecedccf-c230-516b-bbc2-108f7a6fbe63,LT-000007-202501-1950,2027-09-30,0,41cb90d0-d91a-57c2-b138-831be351479f
865b4bca-ca7d-5d55-a828-bf99cafb6b07,e8aeb018-f679-5670-b210-de4f62ff2111,6d807393-f4ab-5f76-b544-251eeda27ba3,botica,7fb983e8-6848-5425-97a2-14da72722d0f,LT-000003-202501-1951,2025-09-09,0,ab4a547f-e75d-5601-8171-00da4efa4b57
c16dd32c-f2d5-5ad4-91bf-b2dc2d80a875,e8aeb018-f679-5670-b210-de4f62ff2111,cd81184b-b6f1-563c-b463-36a69ddfb598,botica,26f7241d-a84e-5e4a-a43d-33eea1e54eea,LT-000026-202501-1952,2026-06-02,0,76d6c9f4-5d7d-53c0-bb1f-2a577383765a
34e423b6-007e-57ce-9da8-74b7a4990026,e8aeb018-f679-5670-b210-de4f62ff2111,afe9d181-1c64-5cca-b4b7-a9fa24eceeea,botica,43616d97-2221-569d-82eb-bcc14bcd6344,LT-000020-202501-1953,2025-07-26,0,a6f6d890-1609-53fc-b4a6-5733ccc9d078
5eea1060-1f40-5bd1-9fdc-724a4c91f107,e8aeb018-f679-5670-b210-de4f62ff2111,07371b94-955f-52a4-9bf9-f0a6ad2b4fa8,botica,d6f21f11-7533-52dd-a4dc-2fb8e260c02c,LT-000008-202501-1954,2027-04-22,0,ab4a547f-e75d-5601-8171-00da4efa4b57
b491b062-d603-570f-ae2e-53a753323b46,e8aeb018-f679-5670-b210-de4f62ff2111,012857cc-907f-5e7d-b8fb-796d2c9f1621,botica,8ecedccf-c230-516b-bbc2-108f7a6fbe63,LT-000028-202501-1955,2027-08-17,0,ab4a547f-e75d-5601-8171-00da4efa4b57
eef5389b-cfd0-5ff1-8c71-a7b635b7d6cd,e8aeb018-f679-5670-b210-de4f62ff2111,c0cf5e5c-b5c9-585a-8e79-d9830bc954f6,botica,7fb983e8-6848-5425-97a2-14da72722d0f,LT-000011-202501-1956,2026-02-10,0,76d6c9f4-5d7d-53c0-bb1f-2a577383765a
ccfecd6d-a198-5521-8477-13d07175402c,e8aeb018-f679-5670-b210-de4f62ff2111,5bbfdec8-65ae-59e6-b211-5eccb5b765fa,botica,26f7241d-a84e-5e4a-a43d-33eea1e54eea,LT-000006-202501-1957,2026-02-17,0,76d6c9f4-5d7d-53c0-bb1f-2a577383765a
5c1c25f9-5823-5d15-a123-e3619d92d0d5,e8aeb018-f679-5670-b210-de4f62ff2111,1ca3438e-9e23-58f0-a35f-f15f7a23beb9,botica,26f7241d-a84e-5e4a-a43d-33eea1e54eea,LT-000024-202501-1958,2026-12-19,0,c6617891-56ff-5690-89a4-1ece06685ff5
fd50a4ba-8d77-5447-84dd-4f1d8a1bfac4,e8aeb018-f679-5670-b210-de4f62ff2111,6baabed2-52d7-5cb7-bf74-86c7cb3e4f07,botica,43616d97-2221-569d-82eb-bcc14bcd6344,LT-000027-202501-1959,2026-04-15,0,41cb90d0-d91a-57c2-b138-831be351479f
3f4bcfc1-4af4-5cf8-93ea-1f956cba47cd,e8aeb018-f679-5670-b210-de4f62ff2111,058c6382-bde2-59d1-93ff-20c6161a4736,botica,7fb983e8-6848-5425-97a2-14da72722d0f,LT-000009-202501-1960,2026-05-19,0,c6617891-56ff-5690-89a4-1ece06685ff5
b87e0421-fc4e-5ec9-9380-e6be9f0fd5a7,e8aeb018-f679-5670-b210-de4f62ff2111,87b859e0-789a-56e6-b1ba-4fe76221d3bf,botica,7fb983e8-6848-5425-97a2-14da72722d0f,LT-000014-202501-1961,2027-03-18,0,c6617891-56ff-5690-89a4-1ece06685ff5
bb28505a-3572-50b9-b07a-ce0e2f255767,e8aeb018-f679-5670-b210-de4f62ff2111,d3961f5a-3ea7-53d3-89f4-78b65b0c0c6b,botica,26f7241d-a84e-5e4a-a43d-33eea1e54eea,LT-000001-202501-1962,2027-07-19,0,76d6c9f4-5d7d-53c0-bb1f-2a577383765a
a48c581c-b98c-528c-87b5-1c9fd4821ebe,e8aeb018-f679-5670-b210-de4f62ff2111,042e2e80-f954-5df4-97be-29dd428cc598,botica,d6f21f11-7533-52dd-a4dc-2fb8e260c02c,LT-000004-202501-1963,2026-11-03,0,c6617891-56ff-5690-89a4-1ece06685ff5
4e7bd242-82c0-5b8f-8f8e-dbf56191b5db,e8aeb018-f679-5670-b210-de4f62ff2111,97d26d91-c562-5f27-9ebd-285e89c8f4bf,botica,d6f21f11-7533-52dd-a4dc-2fb8e260c02c,LT-000018-202501-1964,2025-12-13,0,ab4a547f-e75d-5601-8171-00da4efa4b57
0954b6c4-f1e8-5813-8d52-2a992cbd9913,e8aeb018-f679-5670-b210-de4f62ff2111,afe9d181-1c64-5cca-b4b7-a9fa24eceeea,botica,7fb983e8-6848-5425-97a2-14da72722d0f,LT-000020-202501-1965,2025-10-02,0,a6f6d890-1609-53fc-b4a6-5733ccc9d078
f1ce433b-5dd8-555b-bfb9-7086fcc59eef,e8aeb018-f679-5670-b210-de4f62ff2111,38adf7ba-476e-5e6b-9163-781a13538253,botica,26f7241d-a84e-5e4a-a43d-33eea1e54eea,LT-000012-202501-1966,2027-06-30,0,41cb90d0-d91a-57c2-b138-831be351479f
b565305e-49f0-5561-9f5a-90aec35539a8,e8aeb018-f679-5670-b210-de4f62ff2111,87b859e0-789a-56e6-b1ba-4fe76221d3bf,botica,26f7241d-a84e-5e4a-a43d-33eea1e54eea,LT-000014-202501-1967,2025-11-25,0,c6617891-56ff-5690-89a4-1ece06685ff5
4ced5010-9512-57ef-bd27-215a592bf09f,e8aeb018-f679-5670-b210-de4f62ff2111,2897aac2-f219-5167-b800-73fac27f6b85,botica,26f7241d-a84e-5e4a-a43d-33eea1e54eea,LT-000022-202501-1968,2027-02-12,0,41cb90d0-d91a-57c2-b138-831be351479f
ecc111d6-edf2-5cbc-9c3b-bd6561055b69,e8aeb018-f679-5670-b210-de4f62ff2111,6baabed2-52d7-5cb7-bf74-86c7cb3e4f07,botica,26f7241d-a84e-5e4a-a43d-33eea1e54eea,LT-000027-202501-1969,2027-05-06,0,41cb90d0-d91a-57c2-b138-831be351479f
2bb7c3b4-361f-5034-a7c5-ac2937d18765,e8aeb018-f679-5670-b210-de4f62ff2111,cd81184b-b6f1-563c-b463-36a69ddfb598,botica,43616d97-2221-569d-82eb-bcc14bcd6344,LT-000026-202501-1970,2026-12-02,0,76d6c9f4-5d7d-53c0-bb1f-2a577383765a
f353d932-9a51-5237-8d3f-d2a0211d3ea3,e8aeb018-f679-5670-b210-de4f62ff2111,1e9605fd-5682-52b6-8f05-e8a92dd44513,botica,43616d97-2221-569d-82eb-bcc14bcd6344,LT-000030-202501-1971,2025-11-13,0,a6f6d890-1609-53fc-b4a6-5733ccc9d078
10954d45-c809-595a-84c7-7ec7dabf44fb,e8aeb018-f679-5670-b210-de4f62ff2111,6baabed2-52d7-5cb7-bf74-86c7cb3e4f07,botica,d6f21f11-7533-52dd-a4dc-2fb8e260c02c,LT-000027-202501-1972,2027-08-10,0,41cb90d0-d91a-57c2-b138-831be351479f
6d3aae7a-2e87-5395-8faf-c5b7df1b1465,e8aeb018-f679-5670-b210-de4f62ff2111,2082733c-4e17-51fe-bc8c-bf33d3ec5d7e,botica,43616d97-2221-569d-82eb-bcc14bcd6344,LT-000016-202501-1973,2026-08-21,0,76d6c9f4-5d7d-53c0-bb1f-2a577383765a
90975efc-7dfd-59c5-86e6-143be9fc3916,e8aeb018-f679-5670-b210-de4f62ff2111,2eb3a104-e572-583a-afa0-156ee0dc4cce,botica,43616d97-2221-569d-82eb-bcc14bcd6344,LT-000019-202501-1974,2025-12-03,0,c6617891-56ff-5690-89a4-1ece06685ff5
1e1f0dd7-cff4-52d5-b8e7-2826749554f1,e8aeb018-f679-5670-b210-de4f62ff2111,22231140-3780-5fe8-a7d4-d33f61d15111,botica,43616d97-2221-569d-82eb-bcc14bcd6344,LT-000023-202501-1975,2027-10-28,0,ab4a547f-e75d-5601-8171-00da4efa4b57
26da5018-7f7b-5539-a369-9e7eca35b25e,e8aeb018-f679-5670-b210-de4f62ff2111,1ca3438e-9e23-58f0-a35f-f15f7a23beb9,botica,43616d97-2221-569d-82eb-bcc14bcd6344,LT-000024-202501-1976,2025-10-07,0,c6617891-56ff-5690-89a4-1ece06685ff5
2a58aa63-683f-58b5-a00d-a4ddce22e49c,e8aeb018-f679-5670-b210-de4f62ff2111,9928e9a1-d9fc-5fdd-86c2-8909352fd7fe,botica,d6f21f11-7533-52dd-a4dc-2fb8e260c02c,LT-000005-202501-1977,2027-08-29,0,a6f6d890-1609-53fc-b4a6-5733ccc9d078
422c64c5-40f4-5748-bd5e-ea8266e851af,e8aeb018-f679-5670-b210-de4f62ff2111,2eb3a104-e572-583a-afa0-156ee0dc4cce,botica,d6f21f11-7533-52dd-a4dc-2fb8e260c02c,LT-000019-202501-1978,2026-10-13,0,c6617891-56ff-5690-89a4-1ece06685ff5
bc0940af-a874-5eb5-8ac3-9ba064a02cee,e8aeb018-f679-5670-b210-de4f62ff2111,9928e9a1-d9fc-5fdd-86c2-8909352fd7fe,botica,8ecedccf-c230-516b-bbc2-108f7a6fbe63,LT-000005-202501-1979,2027-12-14,0,a6f6d890-1609-53fc-b4a6-5733ccc9d078
efb4e43e-12ef-5471-816f-11e77a871ac2,e8aeb018-f679-5670-b210-de4f62ff2111,9928e9a1-d9fc-5fdd-86c2-8909352fd7fe,botica,7fb983e8-6848-5425-97a2-14da72722d0f,LT-000005-202501-1980,2027-06-27,0,a6f6d890-1609-53fc-b4a6-5733ccc9d078
2839a7ed-445d-5aa9-83bd-aed3c49d100c,e8aeb018-f679-5670-b210-de4f62ff2111,94e18241-54bd-5516-b36f-94ab6e323aca,botica,26f7241d-a84e-5e4a-a43d-33eea1e54eea,LT-000013-202501-1981,2027-12-09,0,ab4a547f-e75d-5601-8171-00da4efa4b57
89190be7-efed-5036-a6c3-e77d05d459f1,e8aeb018-f679-5670-b210-de4f62ff2111,012857cc-907f-5e7d-b8fb-796d2c9f1621,botica,26f7241d-a84e-5e4a-a43d-33eea1e54eea,LT-000028-202501-1982,2025-08-05,0,ab4a547f-e75d-5601-8171-00da4efa4b57
e2c487cb-9676-5376-bac5-066c85a30cf1,e8aeb018-f679-5670-b210-de4f62ff2111,4d9429b6-2ebf-5b5d-ac48-f779d5a1e270,botica,43616d97-2221-569d-82eb-bcc14bcd6344,LT-000010-202501-1983,2027-03-08,0,a6f6d890-1609-53fc-b4a6-5733ccc9d078
40346d91-12e0-535a-989c-eedac57b1503,e8aeb018-f679-5670-b210-de4f62ff2111,38adf7ba-476e-5e6b-9163-781a13538253,botica,d6f21f11-7533-52dd-a4dc-2fb8e260c02c,LT-000012-202501-1984,2026-01-26,0,41cb90d0-d91a-57c2-b138-831be351479f
3e689c26-c6ff-53ca-8d1e-f78e1635ca43,e8aeb018-f679-5670-b210-de4f62ff2111,d9506935-1215-5499-93c0-8bdd86ab9418,botica,8ecedccf-c230-516b-bbc2-108f7a6fbe63,LT-000029-202501-1985,2027-06-26,0,c6617891-56ff-5690-89a4-1ece06685ff5
57f9cd0f-87c7-5a94-ac5a-72141032bc2e,e8aeb018-f679-5670-b210-de4f62ff2111,1e9605fd-5682-52b6-8f05-e8a92dd44513,botica,8ecedccf-c230-516b-bbc2-108f7a6fbe63,LT-000030-202501-1986,2027-09-21,0,a6f6d890-1609-53fc-b4a6-5733ccc9d078
18e5de44-dc82-52c7-86fb-e4ad07bec7b8,e8aeb018-f679-5670-b210-de4f62ff2111,4d9429b6-2ebf-5b5d-ac48-f779d5a1e270,botica,7fb983e8-6848-5425-97a2-14da72722d0f,LT-000010-202501-1987,2027-11-27,0,a6f6d890-1609-53fc-b4a6-5733ccc9d078
5c3dca21-de1d-5045-b4ee-1db9ed6c8962,e8aeb018-f679-5670-b210-de4f62ff2111,4d9429b6-2ebf-5b5d-ac48-f779d5a1e270,botica,26f7241d-a84e-5e4a-a43d-33eea1e54eea,LT-000010-202501-1988,2026-06-14,0,a6f6d890-1609-53fc-b4a6-5733ccc9d078
50b8e084-7e34-521d-98c6-4818daf3afbd,e8aeb018-f679-5670-b210-de4f62ff2111,c0cf5e5c-b5c9-585a-8e79-d9830bc954f6,botica,26f7241d-a84e-5e4a-a43d-33eea1e54eea,LT-000011-202501-1989,2026-04-27,0,76d6c9f4-5d7d-53c0-bb1f-2a577383765a
58a1266b-5492-5bde-afba-b2e8cd870eaf,e8aeb018-f679-5670-b210-de4f62ff2111,2897aac2-f219-5167-b800-73fac27f6b85,botica,43616d97-2221-569d-82eb-bcc14bcd6344,LT-000022-202501-1990,2027-12-05,0,41cb90d0-d91a-57c2-b138-831be351479f
edb51667-aa04-5197-9dad-420046aab68f,e8aeb018-f679-5670-b210-de4f62ff2111,d2f08f15-f9f2-5f65-a740-b05896774467,botica,d6f21f11-7533-52dd-a4dc-2fb8e260c02c,LT-000017-202501-1991,2026-09-11,0,41cb90d0-d91a-57c2-b138-831be351479f
053d19b4-4f48-5dda-9637-75ea276b82f1,e8aeb018-f679-5670-b210-de4f62ff2111,5bbfdec8-65ae-59e6-b211-5eccb5b765fa,botica,8ecedccf-c230-516b-bbc2-108f7a6fbe63,LT-000006-202501-1992,2026-08-10,0,76d6c9f4-5d7d-53c0-bb1f-2a577383765a
8944651a-89c8-55c1-8149-a3e0f3a67873,e8aeb018-f679-5670-b210-de4f62ff2111,6baabed2-52d7-5cb7-bf74-86c7cb3e4f07,botica,8ecedccf-c230-516b-bbc2-108f7a6fbe63,LT-000027-202501-1993,2026-01-19,0,41cb90d0-d91a-57c2-b138-831be351479f
3b457a17-ec72-564a-b481-21ebd2dbca68,e8aeb018-f679-5670-b210-de4f62ff2111,042e2e80-f954-5df4-97be-29dd428cc598,botica,7fb983e8-6848-5425-97a2-14da72722d0f,LT-000004-202501-1994,2027-04-04,0,c6617891-56ff-5690-89a4-1ece06685ff5
e52ba14e-41ec-5a45-a5d4-c1c4ee4fd18d,e8aeb018-f679-5670-b210-de4f62ff2111,9928e9a1-d9fc-5fdd-86c2-8909352fd7fe,botica,43616d97-2221-569d-82eb-bcc14bcd6344,LT-000005-202501-1995,2026-06-29,0,a6f6d890-1609-53fc-b4a6-5733ccc9d078
09315345-a915-5450-ae5d-f8703b55ef4d,e8aeb018-f679-5670-b210-de4f62ff2111,94e18241-54bd-5516-b36f-94ab6e323aca,botica,8ecedccf-c230-516b-bbc2-108f7a6fbe63,LT-000013-202501-1996,2026-05-17,0,ab4a547f-e75d-5601-8171-00da4efa4b57
34e06bc5-0531-53d6-b484-05d5acbc51fd,e8aeb018-f679-5670-b210-de4f62ff2111,38adf7ba-476e-5e6b-9163-781a13538253,botica,7fb983e8-6848-5425-97a2-14da72722d0f,LT-000012-202501-1997,2026-09-26,0,41cb90d0-d91a-57c2-b138-831be351479f
2b38bef5-aeee-5221-9ecb-9b481a076a24,e8aeb018-f679-5670-b210-de4f62ff2111,1e9605fd-5682-52b6-8f05-e8a92dd44513,botica,d6f21f11-7533-52dd-a4dc-2fb8e260c02c,LT-000030-202501-1998,2027-06-22,0,a6f6d890-1609-53fc-b4a6-5733ccc9d078
38a9b722-9886-5f01-8d25-b33cb33d5b40,e8aeb018-f679-5670-b210-de4f62ff2111,82cd11ba-d1a0-58b1-b14f-edd741f36e87,botica,26f7241d-a84e-5e4a-a43d-33eea1e54eea,LT-000007-202501-1999,2027-02-11,0,41cb90d0-d91a-57c2-b138-831be351479f
bde3948e-7ac2-589c-911e-d9dfbed23b28,e8aeb018-f679-5670-b210-de4f62ff2111,d9506935-1215-5499-93c0-8bdd86ab9418,botica,26f7241d-a84e-5e4a-a43d-33eea1e54eea,LT-000029-202501-2000,2025-07-23,0,c6617891-56ff-5690-89a4-1ece06685ff5
2847a0fa-c271-5c94-b28a-0b33c5ed5ceb,e8aeb018-f679-5670-b210-de4f62ff2111,c0cf5e5c-b5c9-585a-8e79-d9830bc954f6,botica,43616d97-2221-569d-82eb-bcc14bcd6344,LT-000011-202501-2001,2027-07-06,0,76d6c9f4-5d7d-53c0-bb1f-2a577383765a
d3d0e197-24d3-5501-a55d-3fab889072c7,e8aeb018-f679-5670-b210-de4f62ff2111,87b859e0-789a-56e6-b1ba-4fe76221d3bf,botica,d6f21f11-7533-52dd-a4dc-2fb8e260c02c,LT-000014-202501-2002,2026-07-15,0,c6617891-56ff-5690-89a4-1ece06685ff5
20a10cfc-8448-51c9-9108-f1eca5bf4508,e8aeb018-f679-5670-b210-de4f62ff2111,97d26d91-c562-5f27-9ebd-285e89c8f4bf,botica,7fb983e8-6848-5425-97a2-14da72722d0f,LT-000018-202501-2003,2026-12-07,0,ab4a547f-e75d-5601-8171-00da4efa4b57
f9c83f33-d25e-5f3d-afe4-a42353c91e00,e8aeb018-f679-5670-b210-de4f62ff2111,d0ae6d2d-e561-56b3-a2c1-113c1c56ae81,botica,26f7241d-a84e-5e4a-a43d-33eea1e54eea,LT-000021-202501-2004,2027-07-05,0,76d6c9f4-5d7d-53c0-bb1f-2a577383765a
f8cba260-c0b3-5a69-9899-efbd5a93971c,e8aeb018-f679-5670-b210-de4f62ff2111,5bbfdec8-65ae-59e6-b211-5eccb5b765fa,botica,43616d97-2221-569d-82eb-bcc14bcd6344,LT-000006-202501-2005,2026-09-01,0,76d6c9f4-5d7d-53c0-bb1f-2a577383765a
d0be266a-8748-51a4-8862-8974d4a24a75,e8aeb018-f679-5670-b210-de4f62ff2111,012857cc-907f-5e7d-b8fb-796d2c9f1621,botica,43616d97-2221-569d-82eb-bcc14bcd6344,LT-000028-202501-2006,2026-05-04,0,ab4a547f-e75d-5601-8171-00da4efa4b57
ea73c339-5939-56f5-9a10-b07da6ed9217,e8aeb018-f679-5670-b210-de4f62ff2111,d3961f5a-3ea7-53d3-89f4-78b65b0c0c6b,botica,d6f21f11-7533-52dd-a4dc-2fb8e260c02c,LT-000001-202501-2007,2026-04-07,0,76d6c9f4-5d7d-53c0-bb1f-2a577383765a
d2c88a45-0ab7-543e-9211-82e63d3c86eb,e8aeb018-f679-5670-b210-de4f62ff2111,94e18241-54bd-5516-b36f-94ab6e323aca,botica,d6f21f11-7533-52dd-a4dc-2fb8e260c02c,LT-000013-202501-2008,2027-01-01,0,ab4a547f-e75d-5601-8171-00da4efa4b57
1dd64225-0c13-556d-b618-4da3622e08fc,e8aeb018-f679-5670-b210-de4f62ff2111,058c6382-bde2-59d1-93ff-20c6161a4736,botica,8ecedccf-c230-516b-bbc2-108f7a6fbe63,LT-000009-202501-2009,2025-10-20,0,c6617891-56ff-5690-89a4-1ece06685ff5
9f87d2c4-bcbc-5a57-98bc-973607ae1de8,e8aeb018-f679-5670-b210-de4f62ff2111,c0cf5e5c-b5c9-585a-8e79-d9830bc954f6,botica,8ecedccf-c230-516b-bbc2-108f7a6fbe63,LT-000011-202501-2010,2027-12-28,0,76d6c9f4-5d7d-53c0-bb1f-2a577383765a
147b909b-5fbc-5915-a952-f8c2ea14a6de,e8aeb018-f679-5670-b210-de4f62ff2111,22231140-3780-5fe8-a7d4-d33f61d15111,botica,8ecedccf-c230-516b-bbc2-108f7a6fbe63,LT-000023-202501-2011,2027-05-29,0,ab4a547f-e75d-5601-8171-00da4efa4b57
12405f27-d3bb-5eab-8d92-107b238e2e82,e8aeb018-f679-5670-b210-de4f62ff2111,2933d8b7-2438-521b-b38d-d3a5224f87fc,botica,7fb983e8-6848-5425-97a2-14da72722d0f,LT-000002-202501-2012,2025-09-25,0,41cb90d0-d91a-57c2-b138-831be351479f
1759cd20-57e5-5777-94c1-8dac928955da,e8aeb018-f679-5670-b210-de4f62ff2111,38adf7ba-476e-5e6b-9163-781a13538253,botica,26f7241d-a84e-5e4a-a43d-33eea1e54eea,LT-000012-202501-2013,2026-07-19,0,41cb90d0-d91a-57c2-b138-831be351479f
2ccc8012-91a0-5a16-bf19-6db9d8723448,e8aeb018-f679-5670-b210-de4f62ff2111,1e9605fd-5682-52b6-8f05-e8a92dd44513,botica,26f7241d-a84e-5e4a-a43d-33eea1e54eea,LT-000030-202501-2014,2027-04-09,0,a6f6d890-1609-53fc-b4a6-5733ccc9d078
ecec44dc-f3a5-5c22-a868-e9e4dde97720,e8aeb018-f679-5670-b210-de4f62ff2111,38adf7ba-476e-5e6b-9163-781a13538253,botica,43616d97-2221-569d-82eb-bcc14bcd6344,LT-000012-202501-2015,2026-02-04,0,41cb90d0-d91a-57c2-b138-831be351479f
c6e2eb40-a2f0-5dd3-be91-7f3b3254aa53,e8aeb018-f679-5670-b210-de4f62ff2111,38adf7ba-476e-5e6b-9163-781a13538253,botica,8ecedccf-c230-516b-bbc2-108f7a6fbe63,LT-000012-202501-2016,2026-01-20,0,41cb90d0-d91a-57c2-b138-831be351479f
98e17d93-eec5-5279-944c-eefc9229358d,e8aeb018-f679-5670-b210-de4f62ff2111,22231140-3780-5fe8-a7d4-d33f61d15111,botica,7fb983e8-6848-5425-97a2-14da72722d0f,LT-000023-202501-2017,2027-04-12,0,ab4a547f-e75d-5601-8171-00da4efa4b57
e220fe84-5705-5588-a2a1-75f9a80a0a38,e8aeb018-f679-5670-b210-de4f62ff2111,afe9d181-1c64-5cca-b4b7-a9fa24eceeea,botica,26f7241d-a84e-5e4a-a43d-33eea1e54eea,LT-000020-202501-2018,2027-05-05,0,a6f6d890-1609-53fc-b4a6-5733ccc9d078
bcf37cda-e83d-592a-a410-a8ab37a2ae53,e8aeb018-f679-5670-b210-de4f62ff2111,94e18241-54bd-5516-b36f-94ab6e323aca,botica,43616d97-2221-569d-82eb-bcc14bcd6344,LT-000013-202501-2019,2026-10-21,0,ab4a547f-e75d-5601-8171-00da4efa4b57
010a0521-8c60-5a6f-aa41-c008dbc73469,e8aeb018-f679-5670-b210-de4f62ff2111,1ca3438e-9e23-58f0-a35f-f15f7a23beb9,botica,8ecedccf-c230-516b-bbc2-108f7a6fbe63,LT-000024-202501-2020,2025-10-14,0,c6617891-56ff-5690-89a4-1ece06685ff5
d8e488b7-ccb5-5ff0-8469-29aef6ac3328,e8aeb018-f679-5670-b210-de4f62ff2111,94e18241-54bd-5516-b36f-94ab6e323aca,botica,7fb983e8-6848-5425-97a2-14da72722d0f,LT-000013-202501-2021,2027-10-01,0,ab4a547f-e75d-5601-8171-00da4efa4b57
455e2548-52ff-5475-8763-66641bf8ee93,e8aeb018-f679-5670-b210-de4f62ff2111,6d807393-f4ab-5f76-b544-251eeda27ba3,botica,26f7241d-a84e-5e4a-a43d-33eea1e54eea,LT-000003-202501-2022,2027-10-08,0,ab4a547f-e75d-5601-8171-00da4efa4b57
aaa02ab8-ff54-5a65-a8b4-15cca7f76507,e8aeb018-f679-5670-b210-de4f62ff2111,87b859e0-789a-56e6-b1ba-4fe76221d3bf,botica,43616d97-2221-569d-82eb-bcc14bcd6344,LT-000014-202501-2023,2026-07-14,0,c6617891-56ff-5690-89a4-1ece06685ff5
3b3b038c-f0ba-5bd4-965c-fa61d7f25e45,e8aeb018-f679-5670-b210-de4f62ff2111,d2f08f15-f9f2-5f65-a740-b05896774467,botica,43616d97-2221-569d-82eb-bcc14bcd6344,LT-000017-202501-2024,2027-01-04,0,41cb90d0-d91a-57c2-b138-831be351479f
70bc669d-4073-5a73-ab11-8abe8a61f5dd,e8aeb018-f679-5670-b210-de4f62ff2111,38adf7ba-476e-5e6b-9163-781a13538253,botica,d6f21f11-7533-52dd-a4dc-2fb8e260c02c,LT-000012-202501-2025,2025-10-23,0,41cb90d0-d91a-57c2-b138-831be351479f
047d04f3-f6b6-564f-a0df-511805c0e52a,e8aeb018-f679-5670-b210-de4f62ff2111,4d9429b6-2ebf-5b5d-ac48-f779d5a1e270,botica,8ecedccf-c230-516b-bbc2-108f7a6fbe63,LT-000010-202501-2026,2026-11-01,0,a6f6d890-1609-53fc-b4a6-5733ccc9d078
b2ce57e6-31e4-5e24-8af3-7b7fc661fdff,e8aeb018-f679-5670-b210-de4f62ff2111,2eb3a104-e572-583a-afa0-156ee0dc4cce,botica,7fb983e8-6848-5425-97a2-14da72722d0f,LT-000019-202501-2027,2026-05-07,0,c6617891-56ff-5690-89a4-1ece06685ff5
7787aaef-44dc-5f37-9f55-170fb987efd8,e8aeb018-f679-5670-b210-de4f62ff2111,d9506935-1215-5499-93c0-8bdd86ab9418,botica,7fb983e8-6848-5425-97a2-14da72722d0f,LT-000029-202501-2028,2027-07-28,0,c6617891-56ff-5690-89a4-1ece06685ff5
d14c32aa-c074-5235-802f-b82204c7ef67,e8aeb018-f679-5670-b210-de4f62ff2111,94e18241-54bd-5516-b36f-94ab6e323aca,botica,26f7241d-a84e-5e4a-a43d-33eea1e54eea,LT-000013-202501-2029,2027-03-31,0,ab4a547f-e75d-5601-8171-00da4efa4b57
596076e8-9663-5e1f-9732-7c977d6c0ede,e8aeb018-f679-5670-b210-de4f62ff2111,6d807393-f4ab-5f76-b544-251eeda27ba3,botica,43616d97-2221-569d-82eb-bcc14bcd6344,LT-000003-202501-2030,2026-03-05,0,ab4a547f-e75d-5601-8171-00da4efa4b57
cf5b1536-236e-5951-a214-10c8015a0e48,e8aeb018-f679-5670-b210-de4f62ff2111,d9506935-1215-5499-93c0-8bdd86ab9418,botica,43616d97-2221-569d-82eb-bcc14bcd6344,LT-000029-202501-2031,2025-09-30,0,c6617891-56ff-5690-89a4-1ece06685ff5
4515c39e-ce43-530f-b09a-f7637d48e27e,e8aeb018-f679-5670-b210-de4f62ff2111,c0cf5e5c-b5c9-585a-8e79-d9830bc954f6,botica,d6f21f11-7533-52dd-a4dc-2fb8e260c02c,LT-000011-202501-2032,2027-12-24,0,76d6c9f4-5d7d-53c0-bb1f-2a577383765a
cb568872-f5b8-590d-8aad-1f9a151ab885,e8aeb018-f679-5670-b210-de4f62ff2111,87b859e0-789a-56e6-b1ba-4fe76221d3bf,botica,7fb983e8-6848-5425-97a2-14da72722d0f,LT-000014-202501-2033,2026-08-14,0,c6617891-56ff-5690-89a4-1ece06685ff5
7876937e-7983-5228-b560-c8cc413c1de4,e8aeb018-f679-5670-b210-de4f62ff2111,983871db-adfb-543e-b438-6b00044ffb64,botica,7fb983e8-6848-5425-97a2-14da72722d0f,LT-000015-202501-2034,2027-06-27,0,a6f6d890-1609-53fc-b4a6-5733ccc9d078
dbb0c19a-61f1-5ef7-8b95-2b2b00a06256,e8aeb018-f679-5670-b210-de4f62ff2111,042e2e80-f954-5df4-97be-29dd428cc598,botica,43616d97-2221-569d-82eb-bcc14bcd6344,LT-000004-202501-2035,2026-05-18,0,c6617891-56ff-5690-89a4-1ece06685ff5
d8ce333c-0236-5e23-9349-0d9cefe2381f,e8aeb018-f679-5670-b210-de4f62ff2111,d3961f5a-3ea7-53d3-89f4-78b65b0c0c6b,botica,8ecedccf-c230-516b-bbc2-108f7a6fbe63,LT-000001-202501-2036,2028-01-08,0,76d6c9f4-5d7d-53c0-bb1f-2a577383765a
09cf9156-7156-50ea-b9f4-7394a181822f,e8aeb018-f679-5670-b210-de4f62ff2111,2933d8b7-2438-521b-b38d-d3a5224f87fc,botica,8ecedccf-c230-516b-bbc2-108f7a6fbe63,LT-000002-202501-2037,2026-06-01,0,41cb90d0-d91a-57c2-b138-831be351479f
08fb3f0f-8827-51db-836b-9f4120ed2bdb,e8aeb018-f679-5670-b210-de4f62ff2111,87b859e0-789a-56e6-b1ba-4fe76221d3bf,botica,8ecedccf-c230-516b-bbc2-108f7a6fbe63,LT-000014-202501-2038,2027-03-22,0,c6617891-56ff-5690-89a4-1ece06685ff5
cadfb5f6-7909-508e-952f-75cf8d9b4bf8,e8aeb018-f679-5670-b210-de4f62ff2111,1ca3438e-9e23-58f0-a35f-f15f7a23beb9,botica,7fb983e8-6848-5425-97a2-14da72722d0f,LT-000024-202501-2039,2026-10-02,0,c6617891-56ff-5690-89a4-1ece06685ff5
fa1161a5-e2eb-52b9-9d8b-fe2793a6fa59,e8aeb018-f679-5670-b210-de4f62ff2111,2933d8b7-2438-521b-b38d-d3a5224f87fc,botica,26f7241d-a84e-5e4a-a43d-33eea1e54eea,LT-000002-202502-2040,2026-01-29,0,41cb90d0-d91a-57c2-b138-831be351479f
54d34938-eb50-5bab-a457-8089e82dfb19,e8aeb018-f679-5670-b210-de4f62ff2111,d2f08f15-f9f2-5f65-a740-b05896774467,botica,26f7241d-a84e-5e4a-a43d-33eea1e54eea,LT-000017-202502-2041,2025-09-23,0,41cb90d0-d91a-57c2-b138-831be351479f
a87edafb-b763-5587-9975-3279723961a4,e8aeb018-f679-5670-b210-de4f62ff2111,2933d8b7-2438-521b-b38d-d3a5224f87fc,botica,43616d97-2221-569d-82eb-bcc14bcd6344,LT-000002-202502-2042,2027-02-12,0,41cb90d0-d91a-57c2-b138-831be351479f
c5008c80-7420-529d-ae10-15cce8399bb2,e8aeb018-f679-5670-b210-de4f62ff2111,97d26d91-c562-5f27-9ebd-285e89c8f4bf,botica,43616d97-2221-569d-82eb-bcc14bcd6344,LT-000018-202502-2043,2027-06-19,0,ab4a547f-e75d-5601-8171-00da4efa4b57
93e75c70-fe70-5f99-a428-3e4258c0cf0f,e8aeb018-f679-5670-b210-de4f62ff2111,d0ae6d2d-e561-56b3-a2c1-113c1c56ae81,botica,d6f21f11-7533-52dd-a4dc-2fb8e260c02c,LT-000021-202502-2044,2027-09-12,0,76d6c9f4-5d7d-53c0-bb1f-2a577383765a
657d02e4-4a67-59c4-b488-bfa59d86a5d8,e8aeb018-f679-5670-b210-de4f62ff2111,1ca3438e-9e23-58f0-a35f-f15f7a23beb9,botica,d6f21f11-7533-52dd-a4dc-2fb8e260c02c,LT-000024-202502-2045,2026-11-20,0,c6617891-56ff-5690-89a4-1ece06685ff5
0041720a-1065-5b9a-82dd-9a86ccaaeb40,e8aeb018-f679-5670-b210-de4f62ff2111,c0cf5e5c-b5c9-585a-8e79-d9830bc954f6,botica,7fb983e8-6848-5425-97a2-14da72722d0f,LT-000011-202502-2046,2027-11-03,0,76d6c9f4-5d7d-53c0-bb1f-2a577383765a
f8bd81cb-dd55-52f6-b304-28ad8eb50216,e8aeb018-f679-5670-b210-de4f62ff2111,d2f08f15-f9f2-5f65-a740-b05896774467,botica,7fb983e8-6848-5425-97a2-14da72722d0f,LT-000017-202502-2047,2026-05-18,0,41cb90d0-d91a-57c2-b138-831be351479f
0d02ee74-b08e-5dbb-8cf7-063d81f5b4db,e8aeb018-f679-5670-b210-de4f62ff2111,4d9429b6-2ebf-5b5d-ac48-f779d5a1e270,botica,d6f21f11-7533-52dd-a4dc-2fb8e260c02c,LT-000010-202502-2048,2025-11-25,0,a6f6d890-1609-53fc-b4a6-5733ccc9d078
8c96cc71-3ccd-5f0a-b952-047f6d52be4f,e8aeb018-f679-5670-b210-de4f62ff2111,afe9d181-1c64-5cca-b4b7-a9fa24eceeea,botica,d6f21f11-7533-52dd-a4dc-2fb8e260c02c,LT-000020-202502-2049,2027-06-16,0,a6f6d890-1609-53fc-b4a6-5733ccc9d078
a6ea83b3-55d2-52f0-95d7-8bd97a75d7d4,e8aeb018-f679-5670-b210-de4f62ff2111,07371b94-955f-52a4-9bf9-f0a6ad2b4fa8,botica,7fb983e8-6848-5425-97a2-14da72722d0f,LT-000008-202502-2050,2025-10-01,0,ab4a547f-e75d-5601-8171-00da4efa4b57
09a04b1e-501b-50a8-a5b1-1974a8312d24,e8aeb018-f679-5670-b210-de4f62ff2111,cd81184b-b6f1-563c-b463-36a69ddfb598,botica,7fb983e8-6848-5425-97a2-14da72722d0f,LT-000026-202502-2051,2026-01-22,0,76d6c9f4-5d7d-53c0-bb1f-2a577383765a
5b18b77c-0e31-57ec-8ed9-e33f3dae8afc,e8aeb018-f679-5670-b210-de4f62ff2111,6baabed2-52d7-5cb7-bf74-86c7cb3e4f07,botica,7fb983e8-6848-5425-97a2-14da72722d0f,LT-000027-202502-2052,2025-12-31,0,41cb90d0-d91a-57c2-b138-831be351479f
810322dc-79fb-5413-b498-61651b40e8e5,e8aeb018-f679-5670-b210-de4f62ff2111,c0cf5e5c-b5c9-585a-8e79-d9830bc954f6,botica,26f7241d-a84e-5e4a-a43d-33eea1e54eea,LT-000011-202502-2053,2027-04-13,0,76d6c9f4-5d7d-53c0-bb1f-2a577383765a
ce646cf9-287b-570a-a1ea-76cf929a0259,e8aeb018-f679-5670-b210-de4f62ff2111,87b859e0-789a-56e6-b1ba-4fe76221d3bf,botica,26f7241d-a84e-5e4a-a43d-33eea1e54eea,LT-000014-202502-2054,2026-04-05,0,c6617891-56ff-5690-89a4-1ece06685ff5
b3b934be-3406-5f0b-8c1d-660100ee0796,e8aeb018-f679-5670-b210-de4f62ff2111,afe9d181-1c64-5cca-b4b7-a9fa24eceeea,botica,8ecedccf-c230-516b-bbc2-108f7a6fbe63,LT-000020-202502-2055,2028-01-18,0,a6f6d890-1609-53fc-b4a6-5733ccc9d078
98115500-5847-57e1-842f-44f991f22240,e8aeb018-f679-5670-b210-de4f62ff2111,6d807393-f4ab-5f76-b544-251eeda27ba3,botica,8ecedccf-c230-516b-bbc2-108f7a6fbe63,LT-000003-202502-2056,2027-04-23,0,ab4a547f-e75d-5601-8171-00da4efa4b57
450d4a66-a5c8-5bf1-b519-6774b9f81eab,e8aeb018-f679-5670-b210-de4f62ff2111,042e2e80-f954-5df4-97be-29dd428cc598,botica,8ecedccf-c230-516b-bbc2-108f7a6fbe63,LT-000004-202502-2057,2027-10-29,0,c6617891-56ff-5690-89a4-1ece06685ff5
8d240a57-10fb-52f3-a671-b62e3421832c,e8aeb018-f679-5670-b210-de4f62ff2111,d3961f5a-3ea7-53d3-89f4-78b65b0c0c6b,botica,7fb983e8-6848-5425-97a2-14da72722d0f,LT-000001-202502-2058,2026-06-20,0,76d6c9f4-5d7d-53c0-bb1f-2a577383765a
816ffc80-f492-5c59-8353-60b505636a75,e8aeb018-f679-5670-b210-de4f62ff2111,058c6382-bde2-59d1-93ff-20c6161a4736,botica,26f7241d-a84e-5e4a-a43d-33eea1e54eea,LT-000009-202502-2059,2026-11-29,0,c6617891-56ff-5690-89a4-1ece06685ff5
9e1a6c06-919c-573a-a5d0-8d6edcee163d,e8aeb018-f679-5670-b210-de4f62ff2111,0ec23038-d3ab-588c-bbd6-1f5c744cdde1,botica,26f7241d-a84e-5e4a-a43d-33eea1e54eea,LT-000025-202502-2060,2026-01-18,0,a6f6d890-1609-53fc-b4a6-5733ccc9d078
08971693-7bf6-5ac2-a315-61c80ff52aa9,e8aeb018-f679-5670-b210-de4f62ff2111,4d9429b6-2ebf-5b5d-ac48-f779d5a1e270,botica,43616d97-2221-569d-82eb-bcc14bcd6344,LT-000010-202502-2061,2025-08-19,0,a6f6d890-1609-53fc-b4a6-5733ccc9d078
93a251e2-70f8-52c1-8a20-c07b2464c352,e8aeb018-f679-5670-b210-de4f62ff2111,0ec23038-d3ab-588c-bbd6-1f5c744cdde1,botica,43616d97-2221-569d-82eb-bcc14bcd6344,LT-000025-202502-2062,2027-01-25,0,a6f6d890-1609-53fc-b4a6-5733ccc9d078
adb7b6d1-6961-59a2-889a-a1c2a683da81,e8aeb018-f679-5670-b210-de4f62ff2111,07371b94-955f-52a4-9bf9-f0a6ad2b4fa8,botica,8ecedccf-c230-516b-bbc2-108f7a6fbe63,LT-000008-202502-2063,2027-04-30,0,ab4a547f-e75d-5601-8171-00da4efa4b57
43efe2cb-a789-5f84-83d7-4096e90a0c01,e8aeb018-f679-5670-b210-de4f62ff2111,983871db-adfb-543e-b438-6b00044ffb64,botica,8ecedccf-c230-516b-bbc2-108f7a6fbe63,LT-000015-202502-2064,2028-01-23,0,a6f6d890-1609-53fc-b4a6-5733ccc9d078
86bb9735-2976-5588-89bb-8ef5389679ad,e8aeb018-f679-5670-b210-de4f62ff2111,2897aac2-f219-5167-b800-73fac27f6b85,botica,8ecedccf-c230-516b-bbc2-108f7a6fbe63,LT-000022-202502-2065,2026-07-14,0,41cb90d0-d91a-57c2-b138-831be351479f
505521c4-8537-576c-a723-2c61ecec075d,e8aeb018-f679-5670-b210-de4f62ff2111,38adf7ba-476e-5e6b-9163-781a13538253,botica,7fb983e8-6848-5425-97a2-14da72722d0f,LT-000012-202502-2066,2027-01-29,0,41cb90d0-d91a-57c2-b138-831be351479f
6e7d78a7-ec59-5c9c-86f2-08dd91d05194,e8aeb018-f679-5670-b210-de4f62ff2111,d0ae6d2d-e561-56b3-a2c1-113c1c56ae81,botica,7fb983e8-6848-5425-97a2-14da72722d0f,LT-000021-202502-2067,2026-12-04,0,76d6c9f4-5d7d-53c0-bb1f-2a577383765a
77ab478d-e615-5a88-951a-4babce902a7d,e8aeb018-f679-5670-b210-de4f62ff2111,0ec23038-d3ab-588c-bbd6-1f5c744cdde1,botica,7fb983e8-6848-5425-97a2-14da72722d0f,LT-000025-202502-2068,2027-08-21,0,a6f6d890-1609-53fc-b4a6-5733ccc9d078
b5e2e523-3a73-57ac-b73d-a9a34f5af15e,e8aeb018-f679-5670-b210-de4f62ff2111,38adf7ba-476e-5e6b-9163-781a13538253,botica,26f7241d-a84e-5e4a-a43d-33eea1e54eea,LT-000012-202502-2069,2027-03-09,0,41cb90d0-d91a-57c2-b138-831be351479f
ac3ca765-c532-536b-be59-671f20120e92,e8aeb018-f679-5670-b210-de4f62ff2111,2082733c-4e17-51fe-bc8c-bf33d3ec5d7e,botica,26f7241d-a84e-5e4a-a43d-33eea1e54eea,LT-000016-202502-2070,2027-08-29,0,76d6c9f4-5d7d-53c0-bb1f-2a577383765a
6e2e874a-aa5f-5161-931a-717ff1a85ecb,e8aeb018-f679-5670-b210-de4f62ff2111,d3961f5a-3ea7-53d3-89f4-78b65b0c0c6b,botica,43616d97-2221-569d-82eb-bcc14bcd6344,LT-000001-202502-2071,2026-11-16,0,76d6c9f4-5d7d-53c0-bb1f-2a577383765a
b5a5044d-e959-55f1-9eaf-6315b58d948d,e8aeb018-f679-5670-b210-de4f62ff2111,94e18241-54bd-5516-b36f-94ab6e323aca,botica,d6f21f11-7533-52dd-a4dc-2fb8e260c02c,LT-000013-202502-2072,2026-04-14,0,ab4a547f-e75d-5601-8171-00da4efa4b57
2bad4d4e-9634-55c9-8c0f-2d3e0f11c806,e8aeb018-f679-5670-b210-de4f62ff2111,94e18241-54bd-5516-b36f-94ab6e323aca,botica,8ecedccf-c230-516b-bbc2-108f7a6fbe63,LT-000013-202502-2073,2026-06-02,0,ab4a547f-e75d-5601-8171-00da4efa4b57
2c413a4a-5e30-5ad9-8a83-624f3cd6cdc3,e8aeb018-f679-5670-b210-de4f62ff2111,cd81184b-b6f1-563c-b463-36a69ddfb598,botica,8ecedccf-c230-516b-bbc2-108f7a6fbe63,LT-000026-202502-2074,2026-12-13,0,76d6c9f4-5d7d-53c0-bb1f-2a577383765a
7226a715-d702-5770-9d38-a6104b5f9079,e8aeb018-f679-5670-b210-de4f62ff2111,97d26d91-c562-5f27-9ebd-285e89c8f4bf,botica,26f7241d-a84e-5e4a-a43d-33eea1e54eea,LT-000018-202502-2075,2025-11-03,0,ab4a547f-e75d-5601-8171-00da4efa4b57
a0334e97-d713-5dcc-a974-09904debd341,e8aeb018-f679-5670-b210-de4f62ff2111,058c6382-bde2-59d1-93ff-20c6161a4736,botica,43616d97-2221-569d-82eb-bcc14bcd6344,LT-000009-202502-2076,2025-12-11,0,c6617891-56ff-5690-89a4-1ece06685ff5
77c3986c-7e80-5b40-978d-eb32a6275740,e8aeb018-f679-5670-b210-de4f62ff2111,2897aac2-f219-5167-b800-73fac27f6b85,botica,d6f21f11-7533-52dd-a4dc-2fb8e260c02c,LT-000022-202502-2077,2026-12-28,0,41cb90d0-d91a-57c2-b138-831be351479f
5ab7bdd4-44b2-5e42-8d3e-101242e8f1b3,e8aeb018-f679-5670-b210-de4f62ff2111,82cd11ba-d1a0-58b1-b14f-edd741f36e87,botica,7fb983e8-6848-5425-97a2-14da72722d0f,LT-000007-202502-2078,2026-11-15,0,41cb90d0-d91a-57c2-b138-831be351479f
a87b088f-39da-5c44-ade7-7ee604d59be9,e8aeb018-f679-5670-b210-de4f62ff2111,9928e9a1-d9fc-5fdd-86c2-8909352fd7fe,botica,26f7241d-a84e-5e4a-a43d-33eea1e54eea,LT-000005-202502-2079,2026-09-29,0,a6f6d890-1609-53fc-b4a6-5733ccc9d078
69097c26-f386-562a-a263-06ff823f36e8,e8aeb018-f679-5670-b210-de4f62ff2111,4d9429b6-2ebf-5b5d-ac48-f779d5a1e270,botica,26f7241d-a84e-5e4a-a43d-33eea1e54eea,LT-000010-202502-2080,2027-01-19,0,a6f6d890-1609-53fc-b4a6-5733ccc9d078
245d5754-bfc7-53a2-8246-532ea413687a,e8aeb018-f679-5670-b210-de4f62ff2111,983871db-adfb-543e-b438-6b00044ffb64,botica,26f7241d-a84e-5e4a-a43d-33eea1e54eea,LT-000015-202502-2081,2026-01-10,0,a6f6d890-1609-53fc-b4a6-5733ccc9d078
d056420f-eb06-5267-8225-86c09da5e2f9,e8aeb018-f679-5670-b210-de4f62ff2111,1ca3438e-9e23-58f0-a35f-f15f7a23beb9,botica,26f7241d-a84e-5e4a-a43d-33eea1e54eea,LT-000024-202502-2082,2027-09-18,0,c6617891-56ff-5690-89a4-1ece06685ff5
15445ee3-df26-524c-8003-f1d44dd850ae,e8aeb018-f679-5670-b210-de4f62ff2111,87b859e0-789a-56e6-b1ba-4fe76221d3bf,botica,d6f21f11-7533-52dd-a4dc-2fb8e260c02c,LT-000014-202502-2083,2027-08-25,0,c6617891-56ff-5690-89a4-1ece06685ff5
21df11ed-a371-5d2c-8312-93d9f1467d3c,e8aeb018-f679-5670-b210-de4f62ff2111,983871db-adfb-543e-b438-6b00044ffb64,botica,d6f21f11-7533-52dd-a4dc-2fb8e260c02c,LT-000015-202502-2084,2027-05-13,0,a6f6d890-1609-53fc-b4a6-5733ccc9d078
eace3dfd-b249-5768-9a9d-ccab60b44d68,e8aeb018-f679-5670-b210-de4f62ff2111,38adf7ba-476e-5e6b-9163-781a13538253,botica,8ecedccf-c230-516b-bbc2-108f7a6fbe63,LT-000012-202502-2085,2026-05-07,0,41cb90d0-d91a-57c2-b138-831be351479f
9bcc72c5-e2fa-54d9-82cb-2023eb1f2ac9,e8aeb018-f679-5670-b210-de4f62ff2111,97d26d91-c562-5f27-9ebd-285e89c8f4bf,botica,8ecedccf-c230-516b-bbc2-108f7a6fbe63,LT-000018-202502-2086,2027-07-20,0,ab4a547f-e75d-5601-8171-00da4efa4b57
f0fbdc6e-45b0-56e8-ba38-57f755f8af0f,e8aeb018-f679-5670-b210-de4f62ff2111,cd81184b-b6f1-563c-b463-36a69ddfb598,botica,43616d97-2221-569d-82eb-bcc14bcd6344,LT-000026-202502-2087,2026-07-13,0,76d6c9f4-5d7d-53c0-bb1f-2a577383765a
08f7da08-005c-50f2-8c31-2726fcd29ed6,e8aeb018-f679-5670-b210-de4f62ff2111,9928e9a1-d9fc-5fdd-86c2-8909352fd7fe,botica,d6f21f11-7533-52dd-a4dc-2fb8e260c02c,LT-000005-202502-2088,2027-12-19,0,a6f6d890-1609-53fc-b4a6-5733ccc9d078
cc9fc1a7-3b5e-56a9-95c2-ac46dc968fdc,e8aeb018-f679-5670-b210-de4f62ff2111,058c6382-bde2-59d1-93ff-20c6161a4736,botica,d6f21f11-7533-52dd-a4dc-2fb8e260c02c,LT-000009-202502-2089,2027-09-17,0,c6617891-56ff-5690-89a4-1ece06685ff5
10415f4b-5c07-5fe0-882e-0784ef056869,e8aeb018-f679-5670-b210-de4f62ff2111,012857cc-907f-5e7d-b8fb-796d2c9f1621,botica,d6f21f11-7533-52dd-a4dc-2fb8e260c02c,LT-000028-202502-2090,2026-02-03,0,ab4a547f-e75d-5601-8171-00da4efa4b57
59cb87f8-f4f9-567a-a3ed-901fd6c924be,e8aeb018-f679-5670-b210-de4f62ff2111,82cd11ba-d1a0-58b1-b14f-edd741f36e87,botica,8ecedccf-c230-516b-bbc2-108f7a6fbe63,LT-000007-202502-2091,2027-09-14,0,41cb90d0-d91a-57c2-b138-831be351479f
8ecc32ec-81a8-5e26-8018-7545688820a8,e8aeb018-f679-5670-b210-de4f62ff2111,cd81184b-b6f1-563c-b463-36a69ddfb598,botica,26f7241d-a84e-5e4a-a43d-33eea1e54eea,LT-000026-202502-2092,2026-07-28,0,76d6c9f4-5d7d-53c0-bb1f-2a577383765a
b7f9ffda-faee-556c-8058-baa5c89143c3,e8aeb018-f679-5670-b210-de4f62ff2111,6baabed2-52d7-5cb7-bf74-86c7cb3e4f07,botica,26f7241d-a84e-5e4a-a43d-33eea1e54eea,LT-000027-202502-2093,2026-04-26,0,41cb90d0-d91a-57c2-b138-831be351479f
8fed3526-6e16-5897-8552-9084e1ce7f08,e8aeb018-f679-5670-b210-de4f62ff2111,82cd11ba-d1a0-58b1-b14f-edd741f36e87,botica,43616d97-2221-569d-82eb-bcc14bcd6344,LT-000007-202502-2094,2026-02-04,0,41cb90d0-d91a-57c2-b138-831be351479f
0a8b64f2-4338-5823-b7db-914ec8b00110,e8aeb018-f679-5670-b210-de4f62ff2111,38adf7ba-476e-5e6b-9163-781a13538253,botica,43616d97-2221-569d-82eb-bcc14bcd6344,LT-000012-202502-2095,2027-08-06,0,41cb90d0-d91a-57c2-b138-831be351479f
d3217d9b-51b2-5e19-bb44-47bb05ae99b9,e8aeb018-f679-5670-b210-de4f62ff2111,1ca3438e-9e23-58f0-a35f-f15f7a23beb9,botica,43616d97-2221-569d-82eb-bcc14bcd6344,LT-000024-202502-2096,2026-08-08,0,c6617891-56ff-5690-89a4-1ece06685ff5
16cb1875-6ec6-51dc-9141-9c7f17563f7c,e8aeb018-f679-5670-b210-de4f62ff2111,cd81184b-b6f1-563c-b463-36a69ddfb598,botica,d6f21f11-7533-52dd-a4dc-2fb8e260c02c,LT-000026-202502-2097,2025-08-13,0,76d6c9f4-5d7d-53c0-bb1f-2a577383765a
45565a6a-90b8-5bb0-8a89-18cbacccbe12,e8aeb018-f679-5670-b210-de4f62ff2111,5bbfdec8-65ae-59e6-b211-5eccb5b765fa,botica,7fb983e8-6848-5425-97a2-14da72722d0f,LT-000006-202502-2098,2027-07-06,0,76d6c9f4-5d7d-53c0-bb1f-2a577383765a
62489c0c-a482-5d52-a9d6-f0acf53a4182,e8aeb018-f679-5670-b210-de4f62ff2111,2897aac2-f219-5167-b800-73fac27f6b85,botica,7fb983e8-6848-5425-97a2-14da72722d0f,LT-000022-202502-2099,2025-12-31,0,41cb90d0-d91a-57c2-b138-831be351479f
22b0888a-c121-5f83-ab5e-c128ba87132c,e8aeb018-f679-5670-b210-de4f62ff2111,d3961f5a-3ea7-53d3-89f4-78b65b0c0c6b,botica,26f7241d-a84e-5e4a-a43d-33eea1e54eea,LT-000001-202502-2100,2026-01-27,0,76d6c9f4-5d7d-53c0-bb1f-2a577383765a
02f76d28-f390-526a-9789-f04527ca3d66,e8aeb018-f679-5670-b210-de4f62ff2111,5bbfdec8-65ae-59e6-b211-5eccb5b765fa,botica,26f7241d-a84e-5e4a-a43d-33eea1e54eea,LT-000006-202502-2101,2027-07-20,0,76d6c9f4-5d7d-53c0-bb1f-2a577383765a
f8129b46-edd5-5d21-914d-03a5b1df6369,e8aeb018-f679-5670-b210-de4f62ff2111,07371b94-955f-52a4-9bf9-f0a6ad2b4fa8,botica,43616d97-2221-569d-82eb-bcc14bcd6344,LT-000008-202502-2102,2025-09-24,0,ab4a547f-e75d-5601-8171-00da4efa4b57
c2630aa4-fa47-5d7b-b4ee-be120b622567,e8aeb018-f679-5670-b210-de4f62ff2111,6d807393-f4ab-5f76-b544-251eeda27ba3,botica,d6f21f11-7533-52dd-a4dc-2fb8e260c02c,LT-000003-202502-2103,2026-07-17,0,ab4a547f-e75d-5601-8171-00da4efa4b57
d3c19b40-3d01-5a75-baad-55bb3c62cce3,e8aeb018-f679-5670-b210-de4f62ff2111,38adf7ba-476e-5e6b-9163-781a13538253,botica,d6f21f11-7533-52dd-a4dc-2fb8e260c02c,LT-000012-202502-2104,2026-01-04,0,41cb90d0-d91a-57c2-b138-831be351479f
8a9eb9f0-0015-5b4b-bff5-44bf9ed08501,e8aeb018-f679-5670-b210-de4f62ff2111,0ec23038-d3ab-588c-bbd6-1f5c744cdde1,botica,d6f21f11-7533-52dd-a4dc-2fb8e260c02c,LT-000025-202502-2105,2026-01-28,0,a6f6d890-1609-53fc-b4a6-5733ccc9d078
d5e52851-cb14-548f-98fc-7c2d9a157a95,e8aeb018-f679-5670-b210-de4f62ff2111,d2f08f15-f9f2-5f65-a740-b05896774467,botica,8ecedccf-c230-516b-bbc2-108f7a6fbe63,LT-000017-202502-2106,2026-10-03,0,41cb90d0-d91a-57c2-b138-831be351479f
89926590-6956-5a4a-b4cc-4e4952dd0702,e8aeb018-f679-5670-b210-de4f62ff2111,d0ae6d2d-e561-56b3-a2c1-113c1c56ae81,botica,8ecedccf-c230-516b-bbc2-108f7a6fbe63,LT-000021-202502-2107,2026-05-02,0,76d6c9f4-5d7d-53c0-bb1f-2a577383765a
a7d7f223-4392-5e31-b7af-49b4bf2194c4,e8aeb018-f679-5670-b210-de4f62ff2111,0ec23038-d3ab-588c-bbd6-1f5c744cdde1,botica,8ecedccf-c230-516b-bbc2-108f7a6fbe63,LT-000025-202502-2108,2027-09-22,0,a6f6d890-1609-53fc-b4a6-5733ccc9d078
91aca8a0-c71a-53fd-a0cb-d273d9e42c98,e8aeb018-f679-5670-b210-de4f62ff2111,22231140-3780-5fe8-a7d4-d33f61d15111,botica,26f7241d-a84e-5e4a-a43d-33eea1e54eea,LT-000023-202502-2109,2027-10-27,0,ab4a547f-e75d-5601-8171-00da4efa4b57
179b1fc1-69f1-51d5-aae5-ba8e5b2acbaf,e8aeb018-f679-5670-b210-de4f62ff2111,9928e9a1-d9fc-5fdd-86c2-8909352fd7fe,botica,43616d97-2221-569d-82eb-bcc14bcd6344,LT-000005-202502-2110,2026-06-19,0,a6f6d890-1609-53fc-b4a6-5733ccc9d078
ef6f321e-54b2-57f7-8c0a-6183660ee6cd,e8aeb018-f679-5670-b210-de4f62ff2111,c0cf5e5c-b5c9-585a-8e79-d9830bc954f6,botica,43616d97-2221-569d-82eb-bcc14bcd6344,LT-000011-202502-2111,2026-04-08,0,76d6c9f4-5d7d-53c0-bb1f-2a577383765a
9331074f-efb7-5416-bcf7-9e7b0b2e51e5,e8aeb018-f679-5670-b210-de4f62ff2111,94e18241-54bd-5516-b36f-94ab6e323aca,botica,43616d97-2221-569d-82eb-bcc14bcd6344,LT-000013-202502-2112,2027-12-31,0,ab4a547f-e75d-5601-8171-00da4efa4b57
a54f3202-49ce-50a6-8cc3-fc161748e3b3,e8aeb018-f679-5670-b210-de4f62ff2111,2082733c-4e17-51fe-bc8c-bf33d3ec5d7e,botica,d6f21f11-7533-52dd-a4dc-2fb8e260c02c,LT-000016-202502-2113,2026-05-25,0,76d6c9f4-5d7d-53c0-bb1f-2a577383765a
9eca1018-7fea-5704-bc77-eb7f28a1095a,e8aeb018-f679-5670-b210-de4f62ff2111,2082733c-4e17-51fe-bc8c-bf33d3ec5d7e,botica,8ecedccf-c230-516b-bbc2-108f7a6fbe63,LT-000016-202502-2114,2026-01-29,0,76d6c9f4-5d7d-53c0-bb1f-2a577383765a
68167733-80cb-5570-965d-b4782d4ac0ea,e8aeb018-f679-5670-b210-de4f62ff2111,2eb3a104-e572-583a-afa0-156ee0dc4cce,botica,8ecedccf-c230-516b-bbc2-108f7a6fbe63,LT-000019-202502-2115,2025-09-01,0,c6617891-56ff-5690-89a4-1ece06685ff5
a6f4d644-f91f-5ac0-83c4-bec72f85df8d,e8aeb018-f679-5670-b210-de4f62ff2111,6d807393-f4ab-5f76-b544-251eeda27ba3,botica,7fb983e8-6848-5425-97a2-14da72722d0f,LT-000003-202502-2116,2027-10-03,0,ab4a547f-e75d-5601-8171-00da4efa4b57
d28fbc57-e385-5dbd-934f-2b9dd3ffd204,e8aeb018-f679-5670-b210-de4f62ff2111,94e18241-54bd-5516-b36f-94ab6e323aca,botica,26f7241d-a84e-5e4a-a43d-33eea1e54eea,LT-000013-202502-2117,2027-07-17,0,ab4a547f-e75d-5601-8171-00da4efa4b57
f1a94979-e790-52da-aed0-335c060718c5,e8aeb018-f679-5670-b210-de4f62ff2111,c0cf5e5c-b5c9-585a-8e79-d9830bc954f6,botica,8ecedccf-c230-516b-bbc2-108f7a6fbe63,LT-000011-202502-2118,2026-01-24,0,76d6c9f4-5d7d-53c0-bb1f-2a577383765a
45e5bab6-faa4-5f52-87ae-f4aeb079835c,e8aeb018-f679-5670-b210-de4f62ff2111,1ca3438e-9e23-58f0-a35f-f15f7a23beb9,botica,8ecedccf-c230-516b-bbc2-108f7a6fbe63,LT-000024-202502-2119,2025-08-20,0,c6617891-56ff-5690-89a4-1ece06685ff5
4e8dd8ad-8e8f-560b-8a8e-2da2abaf814c,e8aeb018-f679-5670-b210-de4f62ff2111,94e18241-54bd-5516-b36f-94ab6e323aca,botica,7fb983e8-6848-5425-97a2-14da72722d0f,LT-000013-202502-2120,2025-09-16,0,ab4a547f-e75d-5601-8171-00da4efa4b57
b6b857d9-4d12-5b70-8a8f-02cc2a3e35bc,e8aeb018-f679-5670-b210-de4f62ff2111,2082733c-4e17-51fe-bc8c-bf33d3ec5d7e,botica,7fb983e8-6848-5425-97a2-14da72722d0f,LT-000016-202502-2121,2025-09-06,0,76d6c9f4-5d7d-53c0-bb1f-2a577383765a
ba618fd7-5f83-535f-aca9-e0733eb4b305,e8aeb018-f679-5670-b210-de4f62ff2111,042e2e80-f954-5df4-97be-29dd428cc598,botica,26f7241d-a84e-5e4a-a43d-33eea1e54eea,LT-000004-202502-2122,2026-08-31,0,c6617891-56ff-5690-89a4-1ece06685ff5
3085866d-ef0d-5247-8139-10f7ba0ea2cb,e8aeb018-f679-5670-b210-de4f62ff2111,2eb3a104-e572-583a-afa0-156ee0dc4cce,botica,26f7241d-a84e-5e4a-a43d-33eea1e54eea,LT-000019-202502-2123,2027-03-19,0,c6617891-56ff-5690-89a4-1ece06685ff5
75e15967-3594-5ed2-aa1b-c0e174b1c92c,e8aeb018-f679-5670-b210-de4f62ff2111,012857cc-907f-5e7d-b8fb-796d2c9f1621,botica,43616d97-2221-569d-82eb-bcc14bcd6344,LT-000028-202502-2124,2027-11-23,0,ab4a547f-e75d-5601-8171-00da4efa4b57
7a2c68ae-83dd-56e8-9551-9618f3f0774c,e8aeb018-f679-5670-b210-de4f62ff2111,6baabed2-52d7-5cb7-bf74-86c7cb3e4f07,botica,d6f21f11-7533-52dd-a4dc-2fb8e260c02c,LT-000027-202502-2125,2026-08-23,0,41cb90d0-d91a-57c2-b138-831be351479f
a980dd40-c807-5032-b834-109482ed794c,e8aeb018-f679-5670-b210-de4f62ff2111,38adf7ba-476e-5e6b-9163-781a13538253,botica,7fb983e8-6848-5425-97a2-14da72722d0f,LT-000012-202502-2126,2027-07-22,0,41cb90d0-d91a-57c2-b138-831be351479f
16d34746-6003-50d3-8fb5-50167fef6cda,e8aeb018-f679-5670-b210-de4f62ff2111,d2f08f15-f9f2-5f65-a740-b05896774467,botica,26f7241d-a84e-5e4a-a43d-33eea1e54eea,LT-000017-202502-2127,2027-10-13,0,41cb90d0-d91a-57c2-b138-831be351479f
13b4d85b-d372-502b-be04-519df9976e1a,e8aeb018-f679-5670-b210-de4f62ff2111,1e9605fd-5682-52b6-8f05-e8a92dd44513,botica,26f7241d-a84e-5e4a-a43d-33eea1e54eea,LT-000030-202502-2128,2026-02-01,0,a6f6d890-1609-53fc-b4a6-5733ccc9d078
b7f34a42-e817-59f9-a1f1-5d8b30a1a009,e8aeb018-f679-5670-b210-de4f62ff2111,87b859e0-789a-56e6-b1ba-4fe76221d3bf,botica,43616d97-2221-569d-82eb-bcc14bcd6344,LT-000014-202502-2129,2026-12-14,0,c6617891-56ff-5690-89a4-1ece06685ff5
47092b8f-e2d7-55a9-a2d3-8cd28aa614ee,e8aeb018-f679-5670-b210-de4f62ff2111,6baabed2-52d7-5cb7-bf74-86c7cb3e4f07,botica,43616d97-2221-569d-82eb-bcc14bcd6344,LT-000027-202502-2130,2027-04-27,0,41cb90d0-d91a-57c2-b138-831be351479f
795ff7a8-bce8-501f-9f59-d8b6e75c6441,e8aeb018-f679-5670-b210-de4f62ff2111,d9506935-1215-5499-93c0-8bdd86ab9418,botica,8ecedccf-c230-516b-bbc2-108f7a6fbe63,LT-000029-202502-2131,2027-04-08,0,c6617891-56ff-5690-89a4-1ece06685ff5
97b34124-1f50-5222-b52c-32507b2b6c36,e8aeb018-f679-5670-b210-de4f62ff2111,afe9d181-1c64-5cca-b4b7-a9fa24eceeea,botica,7fb983e8-6848-5425-97a2-14da72722d0f,LT-000020-202502-2132,2026-09-08,0,a6f6d890-1609-53fc-b4a6-5733ccc9d078
a2a45f21-babb-54af-93b8-b104cd0557c3,e8aeb018-f679-5670-b210-de4f62ff2111,d2f08f15-f9f2-5f65-a740-b05896774467,botica,43616d97-2221-569d-82eb-bcc14bcd6344,LT-000017-202502-2133,2027-01-21,0,41cb90d0-d91a-57c2-b138-831be351479f
88600174-71ec-55aa-94d6-0870d3c94a85,e8aeb018-f679-5670-b210-de4f62ff2111,d0ae6d2d-e561-56b3-a2c1-113c1c56ae81,botica,43616d97-2221-569d-82eb-bcc14bcd6344,LT-000021-202502-2134,2026-09-29,0,76d6c9f4-5d7d-53c0-bb1f-2a577383765a
009ee3cf-e606-5b13-b5c4-8ca6168af364,e8aeb018-f679-5670-b210-de4f62ff2111,2933d8b7-2438-521b-b38d-d3a5224f87fc,botica,d6f21f11-7533-52dd-a4dc-2fb8e260c02c,LT-000002-202502-2135,2027-07-14,0,41cb90d0-d91a-57c2-b138-831be351479f
fde71433-9e93-53b1-81a4-c6149eb7823c,e8aeb018-f679-5670-b210-de4f62ff2111,d2f08f15-f9f2-5f65-a740-b05896774467,botica,d6f21f11-7533-52dd-a4dc-2fb8e260c02c,LT-000017-202502-2136,2025-09-10,0,41cb90d0-d91a-57c2-b138-831be351479f
10310c4f-9c9d-5213-a965-8f368bb711b7,e8aeb018-f679-5670-b210-de4f62ff2111,1e9605fd-5682-52b6-8f05-e8a92dd44513,botica,7fb983e8-6848-5425-97a2-14da72722d0f,LT-000030-202502-2137,2026-02-13,0,a6f6d890-1609-53fc-b4a6-5733ccc9d078
28e7d9f1-e155-59c6-ab87-71ee7220bb50,e8aeb018-f679-5670-b210-de4f62ff2111,07371b94-955f-52a4-9bf9-f0a6ad2b4fa8,botica,26f7241d-a84e-5e4a-a43d-33eea1e54eea,LT-000008-202502-2138,2026-12-15,0,ab4a547f-e75d-5601-8171-00da4efa4b57
35dcdd62-11ec-5189-9815-bae8acea7e5c,e8aeb018-f679-5670-b210-de4f62ff2111,87b859e0-789a-56e6-b1ba-4fe76221d3bf,botica,7fb983e8-6848-5425-97a2-14da72722d0f,LT-000014-202502-2139,2026-01-27,0,c6617891-56ff-5690-89a4-1ece06685ff5
c7d24efc-983e-527d-b410-656bf252ed4b,e8aeb018-f679-5670-b210-de4f62ff2111,afe9d181-1c64-5cca-b4b7-a9fa24eceeea,botica,26f7241d-a84e-5e4a-a43d-33eea1e54eea,LT-000020-202502-2140,2025-08-24,0,a6f6d890-1609-53fc-b4a6-5733ccc9d078
82041673-4bcd-5bea-92db-71aae59b71f0,e8aeb018-f679-5670-b210-de4f62ff2111,012857cc-907f-5e7d-b8fb-796d2c9f1621,botica,26f7241d-a84e-5e4a-a43d-33eea1e54eea,LT-000028-202502-2141,2026-02-16,0,ab4a547f-e75d-5601-8171-00da4efa4b57
5f441b87-5a92-5167-9819-bdc4ac63bef9,e8aeb018-f679-5670-b210-de4f62ff2111,5bbfdec8-65ae-59e6-b211-5eccb5b765fa,botica,8ecedccf-c230-516b-bbc2-108f7a6fbe63,LT-000006-202502-2142,2025-10-30,0,76d6c9f4-5d7d-53c0-bb1f-2a577383765a
2ca3ca5e-255f-516d-9991-1339f65a2616,e8aeb018-f679-5670-b210-de4f62ff2111,4d9429b6-2ebf-5b5d-ac48-f779d5a1e270,botica,8ecedccf-c230-516b-bbc2-108f7a6fbe63,LT-000010-202502-2143,2027-03-20,0,a6f6d890-1609-53fc-b4a6-5733ccc9d078
e06ad9f8-5b24-51cb-9962-8f67b30468ff,e8aeb018-f679-5670-b210-de4f62ff2111,87b859e0-789a-56e6-b1ba-4fe76221d3bf,botica,8ecedccf-c230-516b-bbc2-108f7a6fbe63,LT-000014-202502-2144,2027-05-20,0,c6617891-56ff-5690-89a4-1ece06685ff5
16cbd0d7-3775-57dd-ac7f-6b3a82dd3e57,e8aeb018-f679-5670-b210-de4f62ff2111,6baabed2-52d7-5cb7-bf74-86c7cb3e4f07,botica,8ecedccf-c230-516b-bbc2-108f7a6fbe63,LT-000027-202502-2145,2025-12-26,0,41cb90d0-d91a-57c2-b138-831be351479f
8390aa78-cf99-5c11-9a7a-10a49ef8e641,e8aeb018-f679-5670-b210-de4f62ff2111,012857cc-907f-5e7d-b8fb-796d2c9f1621,botica,7fb983e8-6848-5425-97a2-14da72722d0f,LT-000028-202502-2146,2025-09-26,0,ab4a547f-e75d-5601-8171-00da4efa4b57
572ad169-7ffa-547c-8212-5b144c8c6a2a,e8aeb018-f679-5670-b210-de4f62ff2111,d3961f5a-3ea7-53d3-89f4-78b65b0c0c6b,botica,d6f21f11-7533-52dd-a4dc-2fb8e260c02c,LT-000001-202502-2147,2027-02-19,0,76d6c9f4-5d7d-53c0-bb1f-2a577383765a
1a71b57a-9f28-595c-9574-f1d2eca6b3ec,e8aeb018-f679-5670-b210-de4f62ff2111,1ca3438e-9e23-58f0-a35f-f15f7a23beb9,botica,d6f21f11-7533-52dd-a4dc-2fb8e260c02c,LT-000024-202502-2148,2027-12-01,0,c6617891-56ff-5690-89a4-1ece06685ff5
22e1a0bf-c9c0-5ff1-a2b0-64571211bd2b,e8aeb018-f679-5670-b210-de4f62ff2111,38adf7ba-476e-5e6b-9163-781a13538253,botica,8ecedccf-c230-516b-bbc2-108f7a6fbe63,LT-000012-202502-2149,2026-08-16,0,41cb90d0-d91a-57c2-b138-831be351479f
760d65b0-f550-5b09-878b-6e975090034e,e8aeb018-f679-5670-b210-de4f62ff2111,042e2e80-f954-5df4-97be-29dd428cc598,botica,7fb983e8-6848-5425-97a2-14da72722d0f,LT-000004-202502-2150,2026-03-12,0,c6617891-56ff-5690-89a4-1ece06685ff5
3a672192-f681-5f83-81ee-54fedf6607b9,e8aeb018-f679-5670-b210-de4f62ff2111,983871db-adfb-543e-b438-6b00044ffb64,botica,43616d97-2221-569d-82eb-bcc14bcd6344,LT-000015-202502-2151,2026-07-24,0,a6f6d890-1609-53fc-b4a6-5733ccc9d078
bdb03df5-a918-524d-ae24-e0d7ef710c93,e8aeb018-f679-5670-b210-de4f62ff2111,2082733c-4e17-51fe-bc8c-bf33d3ec5d7e,botica,43616d97-2221-569d-82eb-bcc14bcd6344,LT-000016-202502-2152,2027-11-28,0,76d6c9f4-5d7d-53c0-bb1f-2a577383765a
4c046e61-7d7e-5b7a-9cf5-a2d4f3d5f5c9,e8aeb018-f679-5670-b210-de4f62ff2111,2897aac2-f219-5167-b800-73fac27f6b85,botica,43616d97-2221-569d-82eb-bcc14bcd6344,LT-000022-202502-2153,2027-04-14,0,41cb90d0-d91a-57c2-b138-831be351479f
8f06f2f9-bd58-54e2-a80a-4627fb95b93f,e8aeb018-f679-5670-b210-de4f62ff2111,94e18241-54bd-5516-b36f-94ab6e323aca,botica,8ecedccf-c230-516b-bbc2-108f7a6fbe63,LT-000013-202502-2154,2025-11-16,0,ab4a547f-e75d-5601-8171-00da4efa4b57
2bccde17-084f-5235-9dda-6692e0b9bc4f,e8aeb018-f679-5670-b210-de4f62ff2111,2eb3a104-e572-583a-afa0-156ee0dc4cce,botica,7fb983e8-6848-5425-97a2-14da72722d0f,LT-000019-202502-2155,2026-05-27,0,c6617891-56ff-5690-89a4-1ece06685ff5
11ebb4d5-1ab7-5596-83cc-1875bec44b98,e8aeb018-f679-5670-b210-de4f62ff2111,38adf7ba-476e-5e6b-9163-781a13538253,botica,26f7241d-a84e-5e4a-a43d-33eea1e54eea,LT-000012-202502-2156,2027-12-15,0,41cb90d0-d91a-57c2-b138-831be351479f
6363c77e-2eb9-5c88-9b92-07d9b802fff3,e8aeb018-f679-5670-b210-de4f62ff2111,afe9d181-1c64-5cca-b4b7-a9fa24eceeea,botica,43616d97-2221-569d-82eb-bcc14bcd6344,LT-000020-202502-2157,2027-06-10,0,a6f6d890-1609-53fc-b4a6-5733ccc9d078
ed6e584e-b36c-58e1-b465-0583b2f41327,e8aeb018-f679-5670-b210-de4f62ff2111,94e18241-54bd-5516-b36f-94ab6e323aca,botica,d6f21f11-7533-52dd-a4dc-2fb8e260c02c,LT-000013-202502-2158,2027-10-17,0,ab4a547f-e75d-5601-8171-00da4efa4b57
9cc35756-74d6-52aa-9937-443ab3ead666,e8aeb018-f679-5670-b210-de4f62ff2111,9928e9a1-d9fc-5fdd-86c2-8909352fd7fe,botica,8ecedccf-c230-516b-bbc2-108f7a6fbe63,LT-000005-202502-2159,2027-04-27,0,a6f6d890-1609-53fc-b4a6-5733ccc9d078
48a0d1da-756f-55c1-82f9-1f67bae88734,e8aeb018-f679-5670-b210-de4f62ff2111,058c6382-bde2-59d1-93ff-20c6161a4736,botica,8ecedccf-c230-516b-bbc2-108f7a6fbe63,LT-000009-202502-2160,2026-06-28,0,c6617891-56ff-5690-89a4-1ece06685ff5
5fd3a74d-2085-5a24-9959-724965b90b4f,e8aeb018-f679-5670-b210-de4f62ff2111,012857cc-907f-5e7d-b8fb-796d2c9f1621,botica,8ecedccf-c230-516b-bbc2-108f7a6fbe63,LT-000028-202502-2161,2027-02-10,0,ab4a547f-e75d-5601-8171-00da4efa4b57
5f168fd8-b646-5947-bc4b-9db45bff7059,e8aeb018-f679-5670-b210-de4f62ff2111,9928e9a1-d9fc-5fdd-86c2-8909352fd7fe,botica,7fb983e8-6848-5425-97a2-14da72722d0f,LT-000005-202502-2162,2025-11-23,0,a6f6d890-1609-53fc-b4a6-5733ccc9d078
d8d969bd-f470-59aa-a31b-025a98169e0d,e8aeb018-f679-5670-b210-de4f62ff2111,4d9429b6-2ebf-5b5d-ac48-f779d5a1e270,botica,7fb983e8-6848-5425-97a2-14da72722d0f,LT-000010-202502-2163,2027-11-19,0,a6f6d890-1609-53fc-b4a6-5733ccc9d078
024ede44-6e49-5343-b116-2088ceede4a4,e8aeb018-f679-5670-b210-de4f62ff2111,87b859e0-789a-56e6-b1ba-4fe76221d3bf,botica,26f7241d-a84e-5e4a-a43d-33eea1e54eea,LT-000014-202502-2164,2027-01-30,0,c6617891-56ff-5690-89a4-1ece06685ff5
a8a03782-7926-5048-ae70-fe405089bde1,e8aeb018-f679-5670-b210-de4f62ff2111,94e18241-54bd-5516-b36f-94ab6e323aca,botica,43616d97-2221-569d-82eb-bcc14bcd6344,LT-000013-202502-2165,2026-12-08,0,ab4a547f-e75d-5601-8171-00da4efa4b57
eb305d4e-ac97-5e75-9a6c-0fd89a06d227,e8aeb018-f679-5670-b210-de4f62ff2111,2eb3a104-e572-583a-afa0-156ee0dc4cce,botica,43616d97-2221-569d-82eb-bcc14bcd6344,LT-000019-202502-2166,2026-04-23,0,c6617891-56ff-5690-89a4-1ece06685ff5
c04ab3aa-3834-518c-9fdf-886b7c0cb79c,e8aeb018-f679-5670-b210-de4f62ff2111,82cd11ba-d1a0-58b1-b14f-edd741f36e87,botica,d6f21f11-7533-52dd-a4dc-2fb8e260c02c,LT-000007-202502-2167,2027-05-26,0,41cb90d0-d91a-57c2-b138-831be351479f
ff0ba478-9fd2-5feb-870b-aea835a5675b,e8aeb018-f679-5670-b210-de4f62ff2111,0ec23038-d3ab-588c-bbd6-1f5c744cdde1,botica,26f7241d-a84e-5e4a-a43d-33eea1e54eea,LT-000025-202502-2168,2026-07-30,0,a6f6d890-1609-53fc-b4a6-5733ccc9d078
0ba38b19-0236-5831-8f25-65d85b160580,e8aeb018-f679-5670-b210-de4f62ff2111,5bbfdec8-65ae-59e6-b211-5eccb5b765fa,botica,d6f21f11-7533-52dd-a4dc-2fb8e260c02c,LT-000006-202502-2169,2027-08-26,0,76d6c9f4-5d7d-53c0-bb1f-2a577383765a
a214910f-4b4d-539e-b664-8e1a59f8c87f,e8aeb018-f679-5670-b210-de4f62ff2111,2933d8b7-2438-521b-b38d-d3a5224f87fc,botica,7fb983e8-6848-5425-97a2-14da72722d0f,LT-000002-202502-2170,2026-04-24,0,41cb90d0-d91a-57c2-b138-831be351479f
204e8510-0e57-5741-b4ee-d5bbf1a66c7d,e8aeb018-f679-5670-b210-de4f62ff2111,97d26d91-c562-5f27-9ebd-285e89c8f4bf,botica,7fb983e8-6848-5425-97a2-14da72722d0f,LT-000018-202502-2171,2027-12-23,0,ab4a547f-e75d-5601-8171-00da4efa4b57
3349e025-6b5e-5a30-9f71-3d66611efc28,e8aeb018-f679-5670-b210-de4f62ff2111,c0cf5e5c-b5c9-585a-8e79-d9830bc954f6,botica,26f7241d-a84e-5e4a-a43d-33eea1e54eea,LT-000011-202503-2172,2025-10-15,0,76d6c9f4-5d7d-53c0-bb1f-2a577383765a
9decd363-74f1-505b-86c4-52089bc1dd8b,e8aeb018-f679-5670-b210-de4f62ff2111,d9506935-1215-5499-93c0-8bdd86ab9418,botica,d6f21f11-7533-52dd-a4dc-2fb8e260c02c,LT-000029-202503-2173,2027-01-20,0,c6617891-56ff-5690-89a4-1ece06685ff5
799e0b6d-e0a4-537c-9d47-df26c7f7a631,e8aeb018-f679-5670-b210-de4f62ff2111,d9506935-1215-5499-93c0-8bdd86ab9418,botica,43616d97-2221-569d-82eb-bcc14bcd6344,LT-000029-202503-2174,2026-03-13,0,c6617891-56ff-5690-89a4-1ece06685ff5
2d526762-12bb-5416-87fd-9be93d33d750,e8aeb018-f679-5670-b210-de4f62ff2111,87b859e0-789a-56e6-b1ba-4fe76221d3bf,botica,d6f21f11-7533-52dd-a4dc-2fb8e260c02c,LT-000014-202503-2175,2026-04-13,0,c6617891-56ff-5690-89a4-1ece06685ff5
59a9ca38-fd6b-5473-9433-43d85b68c128,e8aeb018-f679-5670-b210-de4f62ff2111,38adf7ba-476e-5e6b-9163-781a13538253,botica,7fb983e8-6848-5425-97a2-14da72722d0f,LT-000012-202503-2176,2027-03-12,0,41cb90d0-d91a-57c2-b138-831be351479f
c68f367f-14ae-5cef-ac9e-bc64f2da95cb,e8aeb018-f679-5670-b210-de4f62ff2111,2933d8b7-2438-521b-b38d-d3a5224f87fc,botica,26f7241d-a84e-5e4a-a43d-33eea1e54eea,LT-000002-202503-2177,2027-06-04,0,41cb90d0-d91a-57c2-b138-831be351479f
6c4a84b1-bc02-5619-8824-3011bb07323e,e8aeb018-f679-5670-b210-de4f62ff2111,6d807393-f4ab-5f76-b544-251eeda27ba3,botica,26f7241d-a84e-5e4a-a43d-33eea1e54eea,LT-000003-202503-2178,2026-04-16,0,ab4a547f-e75d-5601-8171-00da4efa4b57
1ca86fd4-783b-529f-8d00-d65c862b5099,e8aeb018-f679-5670-b210-de4f62ff2111,042e2e80-f954-5df4-97be-29dd428cc598,botica,43616d97-2221-569d-82eb-bcc14bcd6344,LT-000004-202503-2179,2026-02-22,0,c6617891-56ff-5690-89a4-1ece06685ff5
306e4b9e-6ec9-5562-9baf-32da52af0240,e8aeb018-f679-5670-b210-de4f62ff2111,1e9605fd-5682-52b6-8f05-e8a92dd44513,botica,43616d97-2221-569d-82eb-bcc14bcd6344,LT-000030-202503-2180,2027-06-18,0,a6f6d890-1609-53fc-b4a6-5733ccc9d078
7c272868-3b04-5b5c-a60b-b891439d5010,e8aeb018-f679-5670-b210-de4f62ff2111,042e2e80-f954-5df4-97be-29dd428cc598,botica,d6f21f11-7533-52dd-a4dc-2fb8e260c02c,LT-000004-202503-2181,2027-05-27,0,c6617891-56ff-5690-89a4-1ece06685ff5
dd5c00d1-930c-5dee-a810-6d277400463b,e8aeb018-f679-5670-b210-de4f62ff2111,22231140-3780-5fe8-a7d4-d33f61d15111,botica,d6f21f11-7533-52dd-a4dc-2fb8e260c02c,LT-000023-202503-2182,2025-09-06,0,ab4a547f-e75d-5601-8171-00da4efa4b57
b56357e8-08a5-54e0-838a-f3ed7519bdfb,e8aeb018-f679-5670-b210-de4f62ff2111,afe9d181-1c64-5cca-b4b7-a9fa24eceeea,botica,8ecedccf-c230-516b-bbc2-108f7a6fbe63,LT-000020-202503-2183,2027-07-17,0,a6f6d890-1609-53fc-b4a6-5733ccc9d078
04bc36ea-a760-5b70-a6ac-82ba78e6d49f,e8aeb018-f679-5670-b210-de4f62ff2111,1e9605fd-5682-52b6-8f05-e8a92dd44513,botica,8ecedccf-c230-516b-bbc2-108f7a6fbe63,LT-000030-202503-2184,2026-07-24,0,a6f6d890-1609-53fc-b4a6-5733ccc9d078
38c8ba5c-973e-528d-bc94-2c18f9fa3a22,e8aeb018-f679-5670-b210-de4f62ff2111,94e18241-54bd-5516-b36f-94ab6e323aca,botica,7fb983e8-6848-5425-97a2-14da72722d0f,LT-000013-202503-2185,2026-02-06,0,ab4a547f-e75d-5601-8171-00da4efa4b57
ed7014cb-7610-55fe-ae25-7d431edfcc2b,e8aeb018-f679-5670-b210-de4f62ff2111,983871db-adfb-543e-b438-6b00044ffb64,botica,7fb983e8-6848-5425-97a2-14da72722d0f,LT-000015-202503-2186,2027-08-01,0,a6f6d890-1609-53fc-b4a6-5733ccc9d078
e0a8f271-f8e5-5416-a2d4-5b3f570af65e,e8aeb018-f679-5670-b210-de4f62ff2111,4d9429b6-2ebf-5b5d-ac48-f779d5a1e270,botica,26f7241d-a84e-5e4a-a43d-33eea1e54eea,LT-000010-202503-2187,2027-12-06,0,a6f6d890-1609-53fc-b4a6-5733ccc9d078
5e6f2e77-a9fa-5560-b892-7e7cb099a553,e8aeb018-f679-5670-b210-de4f62ff2111,d0ae6d2d-e561-56b3-a2c1-113c1c56ae81,botica,26f7241d-a84e-5e4a-a43d-33eea1e54eea,LT-000021-202503-2188,2025-11-19,0,76d6c9f4-5d7d-53c0-bb1f-2a577383765a
b48ee58c-fc30-5995-8508-9f7acd7577d5,e8aeb018-f679-5670-b210-de4f62ff2111,38adf7ba-476e-5e6b-9163-781a13538253,botica,43616d97-2221-569d-82eb-bcc14bcd6344,LT-000012-202503-2189,2027-11-13,0,41cb90d0-d91a-57c2-b138-831be351479f
1cec7603-c0fe-524c-8330-aeb1e682e4fa,e8aeb018-f679-5670-b210-de4f62ff2111,c0cf5e5c-b5c9-585a-8e79-d9830bc954f6,botica,d6f21f11-7533-52dd-a4dc-2fb8e260c02c,LT-000011-202503-2190,2027-10-01,0,76d6c9f4-5d7d-53c0-bb1f-2a577383765a
1f87eb2f-66f6-56d1-ac44-0025eea1416c,e8aeb018-f679-5670-b210-de4f62ff2111,38adf7ba-476e-5e6b-9163-781a13538253,botica,d6f21f11-7533-52dd-a4dc-2fb8e260c02c,LT-000012-202503-2191,2027-03-30,0,41cb90d0-d91a-57c2-b138-831be351479f
ab649200-b217-5e1f-810b-1f48ed8e46d7,e8aeb018-f679-5670-b210-de4f62ff2111,2933d8b7-2438-521b-b38d-d3a5224f87fc,botica,8ecedccf-c230-516b-bbc2-108f7a6fbe63,LT-000002-202503-2192,2026-03-26,0,41cb90d0-d91a-57c2-b138-831be351479f
ee7e9da8-7fdd-5352-bb41-611ae84ccf13,e8aeb018-f679-5670-b210-de4f62ff2111,22231140-3780-5fe8-a7d4-d33f61d15111,botica,8ecedccf-c230-516b-bbc2-108f7a6fbe63,LT-000023-202503-2193,2027-01-24,0,ab4a547f-e75d-5601-8171-00da4efa4b57
f1dd4a9d-6cbc-5679-98bf-15dc0b65e40a,e8aeb018-f679-5670-b210-de4f62ff2111,2897aac2-f219-5167-b800-73fac27f6b85,botica,26f7241d-a84e-5e4a-a43d-33eea1e54eea,LT-000022-202503-2194,2026-06-20,0,41cb90d0-d91a-57c2-b138-831be351479f
dd52f2a0-7a75-5a3c-90d4-1e50f5a7b263,e8aeb018-f679-5670-b210-de4f62ff2111,6d807393-f4ab-5f76-b544-251eeda27ba3,botica,43616d97-2221-569d-82eb-bcc14bcd6344,LT-000003-202503-2195,2028-01-25,0,ab4a547f-e75d-5601-8171-00da4efa4b57
6f2a1069-c534-5603-aa61-9c8b87ba8a6c,e8aeb018-f679-5670-b210-de4f62ff2111,5bbfdec8-65ae-59e6-b211-5eccb5b765fa,botica,43616d97-2221-569d-82eb-bcc14bcd6344,LT-000006-202503-2196,2025-11-14,0,76d6c9f4-5d7d-53c0-bb1f-2a577383765a
e60f58d7-2e27-5a37-8415-c10b9be0f1d9,e8aeb018-f679-5670-b210-de4f62ff2111,1ca3438e-9e23-58f0-a35f-f15f7a23beb9,botica,43616d97-2221-569d-82eb-bcc14bcd6344,LT-000024-202503-2197,2028-02-28,0,c6617891-56ff-5690-89a4-1ece06685ff5
6bbb80a8-f1a7-5b5e-8bc6-5082b995b54a,e8aeb018-f679-5670-b210-de4f62ff2111,07371b94-955f-52a4-9bf9-f0a6ad2b4fa8,botica,d6f21f11-7533-52dd-a4dc-2fb8e260c02c,LT-000008-202503-2198,2027-01-25,0,ab4a547f-e75d-5601-8171-00da4efa4b57
c55f7d43-e38a-5237-a601-aadd454ffac7,e8aeb018-f679-5670-b210-de4f62ff2111,d0ae6d2d-e561-56b3-a2c1-113c1c56ae81,botica,7fb983e8-6848-5425-97a2-14da72722d0f,LT-000021-202503-2199,2026-09-22,0,76d6c9f4-5d7d-53c0-bb1f-2a577383765a
ad4b5888-7f67-59e3-8990-c88e2dfac0ce,e8aeb018-f679-5670-b210-de4f62ff2111,1ca3438e-9e23-58f0-a35f-f15f7a23beb9,botica,7fb983e8-6848-5425-97a2-14da72722d0f,LT-000024-202503-2200,2026-10-26,0,c6617891-56ff-5690-89a4-1ece06685ff5
379eb04f-fc36-587e-8e05-6e2c931043ff,e8aeb018-f679-5670-b210-de4f62ff2111,2933d8b7-2438-521b-b38d-d3a5224f87fc,botica,43616d97-2221-569d-82eb-bcc14bcd6344,LT-000002-202503-2201,2025-12-13,0,41cb90d0-d91a-57c2-b138-831be351479f
3ee276bb-391f-5f33-b902-24f03af90a21,e8aeb018-f679-5670-b210-de4f62ff2111,cd81184b-b6f1-563c-b463-36a69ddfb598,botica,43616d97-2221-569d-82eb-bcc14bcd6344,LT-000026-202503-2202,2026-05-04,0,76d6c9f4-5d7d-53c0-bb1f-2a577383765a
d2c8b2f8-afe4-546b-bd6a-e9dd0d8343e0,e8aeb018-f679-5670-b210-de4f62ff2111,042e2e80-f954-5df4-97be-29dd428cc598,botica,8ecedccf-c230-516b-bbc2-108f7a6fbe63,LT-000004-202503-2203,2026-06-19,0,c6617891-56ff-5690-89a4-1ece06685ff5
4f23686d-d043-537b-bd56-efc52f52a8e5,e8aeb018-f679-5670-b210-de4f62ff2111,38adf7ba-476e-5e6b-9163-781a13538253,botica,8ecedccf-c230-516b-bbc2-108f7a6fbe63,LT-000012-202503-2204,2027-10-20,0,41cb90d0-d91a-57c2-b138-831be351479f
ae8122af-ad0b-5272-85db-f38e2ff44b6c,e8aeb018-f679-5670-b210-de4f62ff2111,94e18241-54bd-5516-b36f-94ab6e323aca,botica,26f7241d-a84e-5e4a-a43d-33eea1e54eea,LT-000013-202503-2205,2026-03-25,0,ab4a547f-e75d-5601-8171-00da4efa4b57
0b62749d-6bb0-57f5-acdf-99dbc4de58d8,e8aeb018-f679-5670-b210-de4f62ff2111,1ca3438e-9e23-58f0-a35f-f15f7a23beb9,botica,26f7241d-a84e-5e4a-a43d-33eea1e54eea,LT-000024-202503-2206,2026-03-29,0,c6617891-56ff-5690-89a4-1ece06685ff5
5bc00d85-e4c2-52ef-95a8-43ebaa5a80ed,e8aeb018-f679-5670-b210-de4f62ff2111,cd81184b-b6f1-563c-b463-36a69ddfb598,botica,26f7241d-a84e-5e4a-a43d-33eea1e54eea,LT-000026-202503-2207,2026-05-12,0,76d6c9f4-5d7d-53c0-bb1f-2a577383765a
6a4cd8eb-d007-5c6a-a3ae-3965fc6ad098,e8aeb018-f679-5670-b210-de4f62ff2111,4d9429b6-2ebf-5b5d-ac48-f779d5a1e270,botica,43616d97-2221-569d-82eb-bcc14bcd6344,LT-000010-202503-2208,2028-01-13,0,a6f6d890-1609-53fc-b4a6-5733ccc9d078
b5804fed-c125-54d2-b752-82478cec61e0,e8aeb018-f679-5670-b210-de4f62ff2111,22231140-3780-5fe8-a7d4-d33f61d15111,botica,43616d97-2221-569d-82eb-bcc14bcd6344,LT-000023-202503-2209,2027-07-20,0,ab4a547f-e75d-5601-8171-00da4efa4b57
28a8efcc-afc1-561c-91b0-c90076d9ae26,e8aeb018-f679-5670-b210-de4f62ff2111,c0cf5e5c-b5c9-585a-8e79-d9830bc954f6,botica,8ecedccf-c230-516b-bbc2-108f7a6fbe63,LT-000011-202503-2210,2027-01-02,0,76d6c9f4-5d7d-53c0-bb1f-2a577383765a
75f5d1b9-0645-5036-9889-41a150ae628e,e8aeb018-f679-5670-b210-de4f62ff2111,c0cf5e5c-b5c9-585a-8e79-d9830bc954f6,botica,7fb983e8-6848-5425-97a2-14da72722d0f,LT-000011-202503-2211,2027-01-11,0,76d6c9f4-5d7d-53c0-bb1f-2a577383765a
c5c2f56c-5a86-5a6f-b5b1-58feeb18f89f,e8aeb018-f679-5670-b210-de4f62ff2111,82cd11ba-d1a0-58b1-b14f-edd741f36e87,botica,26f7241d-a84e-5e4a-a43d-33eea1e54eea,LT-000007-202503-2212,2027-12-04,0,41cb90d0-d91a-57c2-b138-831be351479f
531036df-cf4a-5094-a25f-d7ea4ff6bed0,e8aeb018-f679-5670-b210-de4f62ff2111,d9506935-1215-5499-93c0-8bdd86ab9418,botica,26f7241d-a84e-5e4a-a43d-33eea1e54eea,LT-000029-202503-2213,2026-08-14,0,c6617891-56ff-5690-89a4-1ece06685ff5
759762b3-3ffb-53df-8624-5f1d0f964dad,e8aeb018-f679-5670-b210-de4f62ff2111,c0cf5e5c-b5c9-585a-8e79-d9830bc954f6,botica,43616d97-2221-569d-82eb-bcc14bcd6344,LT-000011-202503-2214,2025-12-04,0,76d6c9f4-5d7d-53c0-bb1f-2a577383765a
92cb66f8-0087-5a36-95a9-25354fd21960,e8aeb018-f679-5670-b210-de4f62ff2111,38adf7ba-476e-5e6b-9163-781a13538253,botica,26f7241d-a84e-5e4a-a43d-33eea1e54eea,LT-000012-202503-2215,2026-02-09,0,41cb90d0-d91a-57c2-b138-831be351479f
532b6e85-0d9a-5996-befa-0c4edd2428ca,e8aeb018-f679-5670-b210-de4f62ff2111,983871db-adfb-543e-b438-6b00044ffb64,botica,26f7241d-a84e-5e4a-a43d-33eea1e54eea,LT-000015-202503-2216,2026-03-23,0,a6f6d890-1609-53fc-b4a6-5733ccc9d078
439bb62a-bfdd-56f0-8daa-91959da1259f,e8aeb018-f679-5670-b210-de4f62ff2111,2eb3a104-e572-583a-afa0-156ee0dc4cce,botica,d6f21f11-7533-52dd-a4dc-2fb8e260c02c,LT-000019-202503-2217,2027-02-02,0,c6617891-56ff-5690-89a4-1ece06685ff5
a931faf8-b9b3-537d-ab55-1720c525188e,e8aeb018-f679-5670-b210-de4f62ff2111,d3961f5a-3ea7-53d3-89f4-78b65b0c0c6b,botica,8ecedccf-c230-516b-bbc2-108f7a6fbe63,LT-000001-202503-2218,2026-02-14,0,76d6c9f4-5d7d-53c0-bb1f-2a577383765a
1c1631e8-b4d9-5c26-8212-089e4d4b3382,e8aeb018-f679-5670-b210-de4f62ff2111,82cd11ba-d1a0-58b1-b14f-edd741f36e87,botica,8ecedccf-c230-516b-bbc2-108f7a6fbe63,LT-000007-202503-2219,2027-07-02,0,41cb90d0-d91a-57c2-b138-831be351479f
d1d81083-fd47-556e-9046-c05983a3b766,e8aeb018-f679-5670-b210-de4f62ff2111,82cd11ba-d1a0-58b1-b14f-edd741f36e87,botica,7fb983e8-6848-5425-97a2-14da72722d0f,LT-000007-202503-2220,2026-09-30,0,41cb90d0-d91a-57c2-b138-831be351479f
4a0c8d98-2e90-5de0-8b48-45267d74cb85,e8aeb018-f679-5670-b210-de4f62ff2111,97d26d91-c562-5f27-9ebd-285e89c8f4bf,botica,d6f21f11-7533-52dd-a4dc-2fb8e260c02c,LT-000018-202503-2221,2026-11-05,0,ab4a547f-e75d-5601-8171-00da4efa4b57
95887ecd-c4d1-5e0c-9966-3330bbbc52d8,e8aeb018-f679-5670-b210-de4f62ff2111,058c6382-bde2-59d1-93ff-20c6161a4736,botica,7fb983e8-6848-5425-97a2-14da72722d0f,LT-000009-202503-2222,2025-10-28,0,c6617891-56ff-5690-89a4-1ece06685ff5
25a8c3f5-fb65-5f92-9e11-aeaf12236855,e8aeb018-f679-5670-b210-de4f62ff2111,d2f08f15-f9f2-5f65-a740-b05896774467,botica,7fb983e8-6848-5425-97a2-14da72722d0f,LT-000017-202503-2223,2027-09-05,0,41cb90d0-d91a-57c2-b138-831be351479f
edfcd90d-9ef1-587a-9b32-f5ba8d719e6d,e8aeb018-f679-5670-b210-de4f62ff2111,0ec23038-d3ab-588c-bbd6-1f5c744cdde1,botica,7fb983e8-6848-5425-97a2-14da72722d0f,LT-000025-202503-2224,2025-09-17,0,a6f6d890-1609-53fc-b4a6-5733ccc9d078
955d56ca-e053-5709-9338-97c2a53140f0,e8aeb018-f679-5670-b210-de4f62ff2111,d3961f5a-3ea7-53d3-89f4-78b65b0c0c6b,botica,43616d97-2221-569d-82eb-bcc14bcd6344,LT-000001-202503-2225,2028-02-20,0,76d6c9f4-5d7d-53c0-bb1f-2a577383765a
6ad9c98f-f1f9-5162-be2b-68ebf9848e5e,e8aeb018-f679-5670-b210-de4f62ff2111,87b859e0-789a-56e6-b1ba-4fe76221d3bf,botica,43616d97-2221-569d-82eb-bcc14bcd6344,LT-000014-202503-2226,2026-03-31,0,c6617891-56ff-5690-89a4-1ece06685ff5
f220f4f1-47b7-5ebc-a9af-656847dad539,e8aeb018-f679-5670-b210-de4f62ff2111,0ec23038-d3ab-588c-bbd6-1f5c744cdde1,botica,43616d97-2221-569d-82eb-bcc14bcd6344,LT-000025-202503-2227,2027-07-30,0,a6f6d890-1609-53fc-b4a6-5733ccc9d078
d1c72588-0ab6-5883-805d-d68270213199,e8aeb018-f679-5670-b210-de4f62ff2111,94e18241-54bd-5516-b36f-94ab6e323aca,botica,d6f21f11-7533-52dd-a4dc-2fb8e260c02c,LT-000013-202503-2228,2027-05-16,0,ab4a547f-e75d-5601-8171-00da4efa4b57
1ad6ece7-2791-577a-b990-684abc7d1313,e8aeb018-f679-5670-b210-de4f62ff2111,983871db-adfb-543e-b438-6b00044ffb64,botica,8ecedccf-c230-516b-bbc2-108f7a6fbe63,LT-000015-202503-2229,2026-06-29,0,a6f6d890-1609-53fc-b4a6-5733ccc9d078
8a6cd6a2-af79-5cc0-94a3-0c9af3334f5e,e8aeb018-f679-5670-b210-de4f62ff2111,2082733c-4e17-51fe-bc8c-bf33d3ec5d7e,botica,26f7241d-a84e-5e4a-a43d-33eea1e54eea,LT-000016-202503-2230,2027-04-07,0,76d6c9f4-5d7d-53c0-bb1f-2a577383765a
dfdf2abc-f247-5bd9-8732-50c9e4f68684,e8aeb018-f679-5670-b210-de4f62ff2111,1e9605fd-5682-52b6-8f05-e8a92dd44513,botica,26f7241d-a84e-5e4a-a43d-33eea1e54eea,LT-000030-202503-2231,2025-12-22,0,a6f6d890-1609-53fc-b4a6-5733ccc9d078
6b08ddea-317e-528b-9e5c-d89b2958b4e5,e8aeb018-f679-5670-b210-de4f62ff2111,94e18241-54bd-5516-b36f-94ab6e323aca,botica,43616d97-2221-569d-82eb-bcc14bcd6344,LT-000013-202503-2232,2026-03-13,0,ab4a547f-e75d-5601-8171-00da4efa4b57
7906d099-da80-5023-8ca9-39f08f231826,e8aeb018-f679-5670-b210-de4f62ff2111,97d26d91-c562-5f27-9ebd-285e89c8f4bf,botica,43616d97-2221-569d-82eb-bcc14bcd6344,LT-000018-202503-2233,2026-06-20,0,ab4a547f-e75d-5601-8171-00da4efa4b57
1d80e32e-e8e0-5475-a2a0-4467151b511b,e8aeb018-f679-5670-b210-de4f62ff2111,1ca3438e-9e23-58f0-a35f-f15f7a23beb9,botica,d6f21f11-7533-52dd-a4dc-2fb8e260c02c,LT-000024-202503-2234,2027-04-18,0,c6617891-56ff-5690-89a4-1ece06685ff5
b13b8464-c0f7-501e-bfdc-04449491a62b,e8aeb018-f679-5670-b210-de4f62ff2111,97d26d91-c562-5f27-9ebd-285e89c8f4bf,botica,26f7241d-a84e-5e4a-a43d-33eea1e54eea,LT-000018-202503-2235,2027-04-07,0,ab4a547f-e75d-5601-8171-00da4efa4b57
08ce07ba-4e9d-517c-8984-4ff79f461a51,e8aeb018-f679-5670-b210-de4f62ff2111,82cd11ba-d1a0-58b1-b14f-edd741f36e87,botica,43616d97-2221-569d-82eb-bcc14bcd6344,LT-000007-202503-2236,2028-02-11,0,41cb90d0-d91a-57c2-b138-831be351479f
4eeaa89b-867d-5a11-921e-1a56f45dfe08,e8aeb018-f679-5670-b210-de4f62ff2111,07371b94-955f-52a4-9bf9-f0a6ad2b4fa8,botica,43616d97-2221-569d-82eb-bcc14bcd6344,LT-000008-202503-2237,2026-07-07,0,ab4a547f-e75d-5601-8171-00da4efa4b57
f92882a9-4622-53b9-80d1-203869c49050,e8aeb018-f679-5670-b210-de4f62ff2111,012857cc-907f-5e7d-b8fb-796d2c9f1621,botica,43616d97-2221-569d-82eb-bcc14bcd6344,LT-000028-202503-2238,2026-01-30,0,ab4a547f-e75d-5601-8171-00da4efa4b57
bb9dbb1b-ee44-5586-90f8-d315b817f6a1,e8aeb018-f679-5670-b210-de4f62ff2111,4d9429b6-2ebf-5b5d-ac48-f779d5a1e270,botica,d6f21f11-7533-52dd-a4dc-2fb8e260c02c,LT-000010-202503-2239,2025-09-26,0,a6f6d890-1609-53fc-b4a6-5733ccc9d078
9a1857c2-f73f-5c5e-ad6d-d3efd7c2611d,e8aeb018-f679-5670-b210-de4f62ff2111,1e9605fd-5682-52b6-8f05-e8a92dd44513,botica,d6f21f11-7533-52dd-a4dc-2fb8e260c02c,LT-000030-202503-2240,2026-04-23,0,a6f6d890-1609-53fc-b4a6-5733ccc9d078
680634a4-1e92-50ad-adf1-8e33d5740b5d,e8aeb018-f679-5670-b210-de4f62ff2111,4d9429b6-2ebf-5b5d-ac48-f779d5a1e270,botica,8ecedccf-c230-516b-bbc2-108f7a6fbe63,LT-000010-202503-2241,2028-02-08,0,a6f6d890-1609-53fc-b4a6-5733ccc9d078
24fd74f9-928b-5db4-9870-f49151d0d18c,e8aeb018-f679-5670-b210-de4f62ff2111,6baabed2-52d7-5cb7-bf74-86c7cb3e4f07,botica,7fb983e8-6848-5425-97a2-14da72722d0f,LT-000027-202503-2242,2026-07-05,0,41cb90d0-d91a-57c2-b138-831be351479f
f84b9443-3076-5e67-a7f9-484a7e886872,e8aeb018-f679-5670-b210-de4f62ff2111,9928e9a1-d9fc-5fdd-86c2-8909352fd7fe,botica,d6f21f11-7533-52dd-a4dc-2fb8e260c02c,LT-000005-202503-2243,2025-12-30,0,a6f6d890-1609-53fc-b4a6-5733ccc9d078
01fbbd5a-218a-51cc-a081-db98a82181a9,e8aeb018-f679-5670-b210-de4f62ff2111,afe9d181-1c64-5cca-b4b7-a9fa24eceeea,botica,d6f21f11-7533-52dd-a4dc-2fb8e260c02c,LT-000020-202503-2244,2025-12-18,0,a6f6d890-1609-53fc-b4a6-5733ccc9d078
3816f2dc-3024-5fdd-9e72-f4914ddc2e52,e8aeb018-f679-5670-b210-de4f62ff2111,6d807393-f4ab-5f76-b544-251eeda27ba3,botica,8ecedccf-c230-516b-bbc2-108f7a6fbe63,LT-000003-202503-2245,2026-11-09,0,ab4a547f-e75d-5601-8171-00da4efa4b57
2d74ecb6-bd7c-5ffa-901b-f628dc4a902c,e8aeb018-f679-5670-b210-de4f62ff2111,38adf7ba-476e-5e6b-9163-781a13538253,botica,7fb983e8-6848-5425-97a2-14da72722d0f,LT-000012-202503-2246,2025-10-15,0,41cb90d0-d91a-57c2-b138-831be351479f
2023495c-a297-51f3-874c-497012e18ca6,e8aeb018-f679-5670-b210-de4f62ff2111,87b859e0-789a-56e6-b1ba-4fe76221d3bf,botica,7fb983e8-6848-5425-97a2-14da72722d0f,LT-000014-202503-2247,2026-02-18,0,c6617891-56ff-5690-89a4-1ece06685ff5
d5ac2770-a6ab-5e56-bec5-d43053539ada,e8aeb018-f679-5670-b210-de4f62ff2111,d2f08f15-f9f2-5f65-a740-b05896774467,botica,26f7241d-a84e-5e4a-a43d-33eea1e54eea,LT-000017-202503-2248,2027-12-31,0,41cb90d0-d91a-57c2-b138-831be351479f
b1f3036e-1234-561a-96ef-206d284765d5,e8aeb018-f679-5670-b210-de4f62ff2111,983871db-adfb-543e-b438-6b00044ffb64,botica,43616d97-2221-569d-82eb-bcc14bcd6344,LT-000015-202503-2249,2026-08-17,0,a6f6d890-1609-53fc-b4a6-5733ccc9d078
ce1ebd5e-3c9e-566c-8c3e-918fa6054570,e8aeb018-f679-5670-b210-de4f62ff2111,87b859e0-789a-56e6-b1ba-4fe76221d3bf,botica,8ecedccf-c230-516b-bbc2-108f7a6fbe63,LT-000014-202503-2250,2027-01-13,0,c6617891-56ff-5690-89a4-1ece06685ff5
a10a77b1-975f-5eda-ada1-832797f6ff95,e8aeb018-f679-5670-b210-de4f62ff2111,1ca3438e-9e23-58f0-a35f-f15f7a23beb9,botica,8ecedccf-c230-516b-bbc2-108f7a6fbe63,LT-000024-202503-2251,2026-12-13,0,c6617891-56ff-5690-89a4-1ece06685ff5
ce4bbbf3-de95-5b54-a089-7bbff273b8ac,e8aeb018-f679-5670-b210-de4f62ff2111,d3961f5a-3ea7-53d3-89f4-78b65b0c0c6b,botica,7fb983e8-6848-5425-97a2-14da72722d0f,LT-000001-202503-2252,2026-06-15,0,76d6c9f4-5d7d-53c0-bb1f-2a577383765a
a20239bd-f596-5af8-a7af-4d9752470a17,e8aeb018-f679-5670-b210-de4f62ff2111,94e18241-54bd-5516-b36f-94ab6e323aca,botica,7fb983e8-6848-5425-97a2-14da72722d0f,LT-000013-202503-2253,2027-03-03,0,ab4a547f-e75d-5601-8171-00da4efa4b57
d16fd132-499c-5f94-8acc-dbd7325123e5,e8aeb018-f679-5670-b210-de4f62ff2111,87b859e0-789a-56e6-b1ba-4fe76221d3bf,botica,26f7241d-a84e-5e4a-a43d-33eea1e54eea,LT-000014-202503-2254,2027-07-05,0,c6617891-56ff-5690-89a4-1ece06685ff5
c9d34c0c-2fd4-5133-ae9b-61d854a5dc55,e8aeb018-f679-5670-b210-de4f62ff2111,5bbfdec8-65ae-59e6-b211-5eccb5b765fa,botica,8ecedccf-c230-516b-bbc2-108f7a6fbe63,LT-000006-202503-2255,2027-08-14,0,76d6c9f4-5d7d-53c0-bb1f-2a577383765a
b4163062-42fc-586a-8b76-77b36496f624,e8aeb018-f679-5670-b210-de4f62ff2111,97d26d91-c562-5f27-9ebd-285e89c8f4bf,botica,8ecedccf-c230-516b-bbc2-108f7a6fbe63,LT-000018-202503-2256,2027-11-27,0,ab4a547f-e75d-5601-8171-00da4efa4b57
5fabe85d-7b83-56fc-bcc1-02ca7d544584,e8aeb018-f679-5670-b210-de4f62ff2111,6d807393-f4ab-5f76-b544-251eeda27ba3,botica,7fb983e8-6848-5425-97a2-14da72722d0f,LT-000003-202503-2257,2026-08-06,0,ab4a547f-e75d-5601-8171-00da4efa4b57
ca3298ce-009b-5f7f-8414-a80347090314,e8aeb018-f679-5670-b210-de4f62ff2111,cd81184b-b6f1-563c-b463-36a69ddfb598,botica,7fb983e8-6848-5425-97a2-14da72722d0f,LT-000026-202503-2258,2027-05-19,0,76d6c9f4-5d7d-53c0-bb1f-2a577383765a
5527fb70-49da-5468-a809-f3c57cff80dc,e8aeb018-f679-5670-b210-de4f62ff2111,d3961f5a-3ea7-53d3-89f4-78b65b0c0c6b,botica,26f7241d-a84e-5e4a-a43d-33eea1e54eea,LT-000001-202503-2259,2027-05-23,0,76d6c9f4-5d7d-53c0-bb1f-2a577383765a
2b9a1112-1151-52bf-b9c2-1cb42698d85a,e8aeb018-f679-5670-b210-de4f62ff2111,07371b94-955f-52a4-9bf9-f0a6ad2b4fa8,botica,26f7241d-a84e-5e4a-a43d-33eea1e54eea,LT-000008-202503-2260,2025-11-17,0,ab4a547f-e75d-5601-8171-00da4efa4b57
6ce96d87-f683-5260-8d16-eeba9c78f960,e8aeb018-f679-5670-b210-de4f62ff2111,c0cf5e5c-b5c9-585a-8e79-d9830bc954f6,botica,26f7241d-a84e-5e4a-a43d-33eea1e54eea,LT-000011-202503-2261,2027-02-02,0,76d6c9f4-5d7d-53c0-bb1f-2a577383765a
fb10e5b2-699c-5f09-9a6e-3724b3b9db0a,e8aeb018-f679-5670-b210-de4f62ff2111,058c6382-bde2-59d1-93ff-20c6161a4736,botica,d6f21f11-7533-52dd-a4dc-2fb8e260c02c,LT-000009-202503-2262,2026-06-06,0,c6617891-56ff-5690-89a4-1ece06685ff5
28d46627-9b0f-55ec-a32b-abb9476935ed,e8aeb018-f679-5670-b210-de4f62ff2111,5bbfdec8-65ae-59e6-b211-5eccb5b765fa,botica,26f7241d-a84e-5e4a-a43d-33eea1e54eea,LT-000006-202503-2263,2026-11-15,0,76d6c9f4-5d7d-53c0-bb1f-2a577383765a
f4676a45-8bd2-5db6-b9b5-e6ad19c03e7c,e8aeb018-f679-5670-b210-de4f62ff2111,94e18241-54bd-5516-b36f-94ab6e323aca,botica,26f7241d-a84e-5e4a-a43d-33eea1e54eea,LT-000013-202503-2264,2025-12-22,0,ab4a547f-e75d-5601-8171-00da4efa4b57
2c512461-b917-5a84-86b5-797f58af16d8,e8aeb018-f679-5670-b210-de4f62ff2111,38adf7ba-476e-5e6b-9163-781a13538253,botica,d6f21f11-7533-52dd-a4dc-2fb8e260c02c,LT-000012-202503-2265,2027-11-22,0,41cb90d0-d91a-57c2-b138-831be351479f
e63f7f2d-fcee-5d19-ab16-800afcf79068,e8aeb018-f679-5670-b210-de4f62ff2111,cd81184b-b6f1-563c-b463-36a69ddfb598,botica,d6f21f11-7533-52dd-a4dc-2fb8e260c02c,LT-000026-202503-2266,2026-01-31,0,76d6c9f4-5d7d-53c0-bb1f-2a577383765a
b41bc7a6-4609-53b1-9441-4b0940cd32ef,e8aeb018-f679-5670-b210-de4f62ff2111,22231140-3780-5fe8-a7d4-d33f61d15111,botica,7fb983e8-6848-5425-97a2-14da72722d0f,LT-000023-202503-2267,2027-09-17,0,ab4a547f-e75d-5601-8171-00da4efa4b57
6e669f9e-d599-515b-b988-80ac6706329e,e8aeb018-f679-5670-b210-de4f62ff2111,9928e9a1-d9fc-5fdd-86c2-8909352fd7fe,botica,26f7241d-a84e-5e4a-a43d-33eea1e54eea,LT-000005-202503-2268,2026-12-03,0,a6f6d890-1609-53fc-b4a6-5733ccc9d078
abe3f2ff-7019-56ec-8edf-0663a62cbf43,e8aeb018-f679-5670-b210-de4f62ff2111,058c6382-bde2-59d1-93ff-20c6161a4736,botica,26f7241d-a84e-5e4a-a43d-33eea1e54eea,LT-000009-202503-2269,2026-05-09,0,c6617891-56ff-5690-89a4-1ece06685ff5
c8c74d18-a151-5ef1-99e8-9faea8a09944,e8aeb018-f679-5670-b210-de4f62ff2111,4d9429b6-2ebf-5b5d-ac48-f779d5a1e270,botica,26f7241d-a84e-5e4a-a43d-33eea1e54eea,LT-000010-202503-2270,2026-08-21,0,a6f6d890-1609-53fc-b4a6-5733ccc9d078
8f1af76f-f9eb-5463-9740-c2d9ff12015d,e8aeb018-f679-5670-b210-de4f62ff2111,6baabed2-52d7-5cb7-bf74-86c7cb3e4f07,botica,26f7241d-a84e-5e4a-a43d-33eea1e54eea,LT-000027-202503-2271,2026-01-07,0,41cb90d0-d91a-57c2-b138-831be351479f
93161566-82f0-5b79-81f8-de3afa4b450b,e8aeb018-f679-5670-b210-de4f62ff2111,87b859e0-789a-56e6-b1ba-4fe76221d3bf,botica,d6f21f11-7533-52dd-a4dc-2fb8e260c02c,LT-000014-202503-2272,2027-04-22,0,c6617891-56ff-5690-89a4-1ece06685ff5
b321a1ab-dd25-52a5-acfe-4d127aaae145,e8aeb018-f679-5670-b210-de4f62ff2111,07371b94-955f-52a4-9bf9-f0a6ad2b4fa8,botica,8ecedccf-c230-516b-bbc2-108f7a6fbe63,LT-000008-202503-2273,2026-07-13,0,ab4a547f-e75d-5601-8171-00da4efa4b57
0c4658e3-268e-5b25-96dc-20d55ca5a7f1,e8aeb018-f679-5670-b210-de4f62ff2111,94e18241-54bd-5516-b36f-94ab6e323aca,botica,8ecedccf-c230-516b-bbc2-108f7a6fbe63,LT-000013-202503-2274,2026-12-23,0,ab4a547f-e75d-5601-8171-00da4efa4b57
9d420b66-e5f1-5e2f-9d33-f76bd2ed1913,e8aeb018-f679-5670-b210-de4f62ff2111,07371b94-955f-52a4-9bf9-f0a6ad2b4fa8,botica,7fb983e8-6848-5425-97a2-14da72722d0f,LT-000008-202503-2275,2025-12-14,0,ab4a547f-e75d-5601-8171-00da4efa4b57
cf06a64f-a234-526b-8e6f-b8e2bc04535b,e8aeb018-f679-5670-b210-de4f62ff2111,4d9429b6-2ebf-5b5d-ac48-f779d5a1e270,botica,7fb983e8-6848-5425-97a2-14da72722d0f,LT-000010-202503-2276,2027-06-24,0,a6f6d890-1609-53fc-b4a6-5733ccc9d078
b62e46ba-0b28-5c23-878a-a0a10f75301d,e8aeb018-f679-5670-b210-de4f62ff2111,2897aac2-f219-5167-b800-73fac27f6b85,botica,43616d97-2221-569d-82eb-bcc14bcd6344,LT-000022-202503-2277,2026-09-22,0,41cb90d0-d91a-57c2-b138-831be351479f
c3e442d5-9285-5970-8cf4-6f518ce29409,e8aeb018-f679-5670-b210-de4f62ff2111,38adf7ba-476e-5e6b-9163-781a13538253,botica,8ecedccf-c230-516b-bbc2-108f7a6fbe63,LT-000012-202503-2278,2025-11-08,0,41cb90d0-d91a-57c2-b138-831be351479f
ee0c3446-c386-54c4-b3da-4cdcdfe18832,e8aeb018-f679-5670-b210-de4f62ff2111,5bbfdec8-65ae-59e6-b211-5eccb5b765fa,botica,7fb983e8-6848-5425-97a2-14da72722d0f,LT-000006-202503-2279,2027-07-01,0,76d6c9f4-5d7d-53c0-bb1f-2a577383765a
3b3ef85f-9c89-55e4-b591-e4ebe25277be,e8aeb018-f679-5670-b210-de4f62ff2111,9928e9a1-d9fc-5fdd-86c2-8909352fd7fe,botica,43616d97-2221-569d-82eb-bcc14bcd6344,LT-000005-202503-2280,2028-02-28,0,a6f6d890-1609-53fc-b4a6-5733ccc9d078
95a40c99-32ec-527a-92bd-5afdc2816b3a,e8aeb018-f679-5670-b210-de4f62ff2111,5bbfdec8-65ae-59e6-b211-5eccb5b765fa,botica,d6f21f11-7533-52dd-a4dc-2fb8e260c02c,LT-000006-202503-2281,2025-10-17,0,76d6c9f4-5d7d-53c0-bb1f-2a577383765a
31b544d3-6a14-5323-af7c-35e8a2194802,e8aeb018-f679-5670-b210-de4f62ff2111,d2f08f15-f9f2-5f65-a740-b05896774467,botica,8ecedccf-c230-516b-bbc2-108f7a6fbe63,LT-000017-202503-2282,2027-01-17,0,41cb90d0-d91a-57c2-b138-831be351479f
44466626-5837-5ab1-a5a3-08e94e20d2da,e8aeb018-f679-5670-b210-de4f62ff2111,0ec23038-d3ab-588c-bbd6-1f5c744cdde1,botica,8ecedccf-c230-516b-bbc2-108f7a6fbe63,LT-000025-202503-2283,2027-03-14,0,a6f6d890-1609-53fc-b4a6-5733ccc9d078
f69a6e1d-d01b-5b56-a919-de72c589d15f,e8aeb018-f679-5670-b210-de4f62ff2111,cd81184b-b6f1-563c-b463-36a69ddfb598,botica,8ecedccf-c230-516b-bbc2-108f7a6fbe63,LT-000026-202503-2284,2026-02-01,0,76d6c9f4-5d7d-53c0-bb1f-2a577383765a
a93374b7-c790-5f10-8a37-a05fb1be06f4,e8aeb018-f679-5670-b210-de4f62ff2111,d9506935-1215-5499-93c0-8bdd86ab9418,botica,7fb983e8-6848-5425-97a2-14da72722d0f,LT-000029-202503-2285,2027-08-26,0,c6617891-56ff-5690-89a4-1ece06685ff5
fc87d816-e83c-5db3-8158-40200c775a0a,e8aeb018-f679-5670-b210-de4f62ff2111,042e2e80-f954-5df4-97be-29dd428cc598,botica,26f7241d-a84e-5e4a-a43d-33eea1e54eea,LT-000004-202503-2286,2028-02-07,0,c6617891-56ff-5690-89a4-1ece06685ff5
1b64a638-0bcf-5ffc-b3f3-490ef11b615d,e8aeb018-f679-5670-b210-de4f62ff2111,38adf7ba-476e-5e6b-9163-781a13538253,botica,26f7241d-a84e-5e4a-a43d-33eea1e54eea,LT-000012-202503-2287,2027-01-04,0,41cb90d0-d91a-57c2-b138-831be351479f
f4881fcb-1d55-5d16-b338-fdf62df56ff6,e8aeb018-f679-5670-b210-de4f62ff2111,058c6382-bde2-59d1-93ff-20c6161a4736,botica,43616d97-2221-569d-82eb-bcc14bcd6344,LT-000009-202503-2288,2026-07-15,0,c6617891-56ff-5690-89a4-1ece06685ff5
6b2dfe59-2634-5776-847d-d4092a9e80fa,e8aeb018-f679-5670-b210-de4f62ff2111,d2f08f15-f9f2-5f65-a740-b05896774467,botica,43616d97-2221-569d-82eb-bcc14bcd6344,LT-000017-202503-2289,2026-03-13,0,41cb90d0-d91a-57c2-b138-831be351479f
43f65144-26eb-5942-b28e-33fc17918b8d,e8aeb018-f679-5670-b210-de4f62ff2111,2eb3a104-e572-583a-afa0-156ee0dc4cce,botica,43616d97-2221-569d-82eb-bcc14bcd6344,LT-000019-202503-2290,2026-03-15,0,c6617891-56ff-5690-89a4-1ece06685ff5
d0a5af3b-a1f4-511e-8694-701149900dbb,e8aeb018-f679-5670-b210-de4f62ff2111,1ca3438e-9e23-58f0-a35f-f15f7a23beb9,botica,43616d97-2221-569d-82eb-bcc14bcd6344,LT-000024-202503-2291,2028-03-07,0,c6617891-56ff-5690-89a4-1ece06685ff5
38e84879-3abb-59e8-ab2a-f1073ef0c2cb,e8aeb018-f679-5670-b210-de4f62ff2111,d0ae6d2d-e561-56b3-a2c1-113c1c56ae81,botica,d6f21f11-7533-52dd-a4dc-2fb8e260c02c,LT-000021-202503-2292,2026-03-11,0,76d6c9f4-5d7d-53c0-bb1f-2a577383765a
d9a1ffa4-9e5c-5aef-81a8-7cfc79c94bf3,e8aeb018-f679-5670-b210-de4f62ff2111,d0ae6d2d-e561-56b3-a2c1-113c1c56ae81,botica,8ecedccf-c230-516b-bbc2-108f7a6fbe63,LT-000021-202503-2293,2028-01-01,0,76d6c9f4-5d7d-53c0-bb1f-2a577383765a
556d42fb-240f-572a-9546-ce34b3dff151,e8aeb018-f679-5670-b210-de4f62ff2111,012857cc-907f-5e7d-b8fb-796d2c9f1621,botica,8ecedccf-c230-516b-bbc2-108f7a6fbe63,LT-000028-202503-2294,2026-06-16,0,ab4a547f-e75d-5601-8171-00da4efa4b57
89c1f604-f1d1-5ba9-b652-42db710d8c4d,e8aeb018-f679-5670-b210-de4f62ff2111,2eb3a104-e572-583a-afa0-156ee0dc4cce,botica,7fb983e8-6848-5425-97a2-14da72722d0f,LT-000019-202503-2295,2027-10-31,0,c6617891-56ff-5690-89a4-1ece06685ff5
88203d64-da26-54ca-9758-22fc35df9b73,e8aeb018-f679-5670-b210-de4f62ff2111,38adf7ba-476e-5e6b-9163-781a13538253,botica,43616d97-2221-569d-82eb-bcc14bcd6344,LT-000012-202503-2296,2026-02-10,0,41cb90d0-d91a-57c2-b138-831be351479f
bb6ba875-5659-573a-9bb8-68783d6396bb,e8aeb018-f679-5670-b210-de4f62ff2111,afe9d181-1c64-5cca-b4b7-a9fa24eceeea,botica,43616d97-2221-569d-82eb-bcc14bcd6344,LT-000020-202503-2297,2027-12-18,0,a6f6d890-1609-53fc-b4a6-5733ccc9d078
72724181-a3d1-56fc-8d5f-208877940bd2,e8aeb018-f679-5670-b210-de4f62ff2111,6baabed2-52d7-5cb7-bf74-86c7cb3e4f07,botica,43616d97-2221-569d-82eb-bcc14bcd6344,LT-000027-202503-2298,2026-12-20,0,41cb90d0-d91a-57c2-b138-831be351479f
b881801c-0f36-5e02-8b4b-87e0b032d90c,e8aeb018-f679-5670-b210-de4f62ff2111,0ec23038-d3ab-588c-bbd6-1f5c744cdde1,botica,d6f21f11-7533-52dd-a4dc-2fb8e260c02c,LT-000025-202503-2299,2026-06-03,0,a6f6d890-1609-53fc-b4a6-5733ccc9d078
2cbfabda-83af-5315-b469-c29d148edc30,e8aeb018-f679-5670-b210-de4f62ff2111,97d26d91-c562-5f27-9ebd-285e89c8f4bf,botica,7fb983e8-6848-5425-97a2-14da72722d0f,LT-000018-202503-2300,2026-11-16,0,ab4a547f-e75d-5601-8171-00da4efa4b57
680b80cc-1adb-5825-a7e7-ae6f59cdc322,e8aeb018-f679-5670-b210-de4f62ff2111,d2f08f15-f9f2-5f65-a740-b05896774467,botica,d6f21f11-7533-52dd-a4dc-2fb8e260c02c,LT-000017-202503-2301,2026-07-28,0,41cb90d0-d91a-57c2-b138-831be351479f
3f27fcb3-611d-5cbd-a682-c92fe7480e0b,e8aeb018-f679-5670-b210-de4f62ff2111,2eb3a104-e572-583a-afa0-156ee0dc4cce,botica,8ecedccf-c230-516b-bbc2-108f7a6fbe63,LT-000019-202503-2302,2027-03-19,0,c6617891-56ff-5690-89a4-1ece06685ff5
79fd402b-15ce-5b67-a9fd-c26690baff50,e8aeb018-f679-5670-b210-de4f62ff2111,2897aac2-f219-5167-b800-73fac27f6b85,botica,8ecedccf-c230-516b-bbc2-108f7a6fbe63,LT-000022-202503-2303,2027-10-28,0,41cb90d0-d91a-57c2-b138-831be351479f
672ded45-bb80-5bb1-bd27-67005546fcb7,e8aeb018-f679-5670-b210-de4f62ff2111,d9506935-1215-5499-93c0-8bdd86ab9418,botica,8ecedccf-c230-516b-bbc2-108f7a6fbe63,LT-000029-202503-2304,2026-12-14,0,c6617891-56ff-5690-89a4-1ece06685ff5
eca39ff9-1b29-5711-b01c-21a827775a6b,e8aeb018-f679-5670-b210-de4f62ff2111,2082733c-4e17-51fe-bc8c-bf33d3ec5d7e,botica,7fb983e8-6848-5425-97a2-14da72722d0f,LT-000016-202503-2305,2026-02-06,0,76d6c9f4-5d7d-53c0-bb1f-2a577383765a
ebf7fc84-0249-5639-bbc6-14da53763c4e,e8aeb018-f679-5670-b210-de4f62ff2111,afe9d181-1c64-5cca-b4b7-a9fa24eceeea,botica,26f7241d-a84e-5e4a-a43d-33eea1e54eea,LT-000020-202503-2306,2026-10-30,0,a6f6d890-1609-53fc-b4a6-5733ccc9d078
2454fb0c-210b-5580-a8bd-68a2e1813285,e8aeb018-f679-5670-b210-de4f62ff2111,6d807393-f4ab-5f76-b544-251eeda27ba3,botica,43616d97-2221-569d-82eb-bcc14bcd6344,LT-000003-202503-2307,2026-12-14,0,ab4a547f-e75d-5601-8171-00da4efa4b57
b7acc212-01d7-57fb-8fd0-7e3bcd9878c0,e8aeb018-f679-5670-b210-de4f62ff2111,042e2e80-f954-5df4-97be-29dd428cc598,botica,43616d97-2221-569d-82eb-bcc14bcd6344,LT-000004-202503-2308,2026-04-27,0,c6617891-56ff-5690-89a4-1ece06685ff5
b3b622b5-b476-5e39-b619-5b29e2675640,e8aeb018-f679-5670-b210-de4f62ff2111,2082733c-4e17-51fe-bc8c-bf33d3ec5d7e,botica,d6f21f11-7533-52dd-a4dc-2fb8e260c02c,LT-000016-202503-2309,2025-12-19,0,76d6c9f4-5d7d-53c0-bb1f-2a577383765a
0a3d886e-9641-592a-a3ed-4026a3931df1,e8aeb018-f679-5670-b210-de4f62ff2111,2933d8b7-2438-521b-b38d-d3a5224f87fc,botica,26f7241d-a84e-5e4a-a43d-33eea1e54eea,LT-000002-202503-2310,2027-02-28,0,41cb90d0-d91a-57c2-b138-831be351479f
a22d13ec-53e6-53c9-9285-a0e310d49a0b,e8aeb018-f679-5670-b210-de4f62ff2111,22231140-3780-5fe8-a7d4-d33f61d15111,botica,26f7241d-a84e-5e4a-a43d-33eea1e54eea,LT-000023-202503-2311,2027-07-20,0,ab4a547f-e75d-5601-8171-00da4efa4b57
f9cc5631-e52e-51e9-b2b4-00a5511374f1,e8aeb018-f679-5670-b210-de4f62ff2111,0ec23038-d3ab-588c-bbd6-1f5c744cdde1,botica,26f7241d-a84e-5e4a-a43d-33eea1e54eea,LT-000025-202503-2312,2027-07-15,0,a6f6d890-1609-53fc-b4a6-5733ccc9d078
ab9a7a77-786f-5889-98df-12309bf1ad28,e8aeb018-f679-5670-b210-de4f62ff2111,2897aac2-f219-5167-b800-73fac27f6b85,botica,d6f21f11-7533-52dd-a4dc-2fb8e260c02c,LT-000022-202503-2313,2026-03-31,0,41cb90d0-d91a-57c2-b138-831be351479f
829facee-645d-5f87-8305-59a9adce6fc8,e8aeb018-f679-5670-b210-de4f62ff2111,058c6382-bde2-59d1-93ff-20c6161a4736,botica,8ecedccf-c230-516b-bbc2-108f7a6fbe63,LT-000009-202503-2314,2026-03-15,0,c6617891-56ff-5690-89a4-1ece06685ff5
a461dd66-b52d-5547-9d72-f06ef55980da,e8aeb018-f679-5670-b210-de4f62ff2111,afe9d181-1c64-5cca-b4b7-a9fa24eceeea,botica,8ecedccf-c230-516b-bbc2-108f7a6fbe63,LT-000020-202503-2315,2028-02-24,40,a6f6d890-1609-53fc-b4a6-5733ccc9d078
8b715e12-56f8-559a-8b55-34d57cd7ce97,e8aeb018-f679-5670-b210-de4f62ff2111,042e2e80-f954-5df4-97be-29dd428cc598,botica,7fb983e8-6848-5425-97a2-14da72722d0f,LT-000004-202503-2316,2027-01-04,0,c6617891-56ff-5690-89a4-1ece06685ff5
0e4fd281-4d7c-5f60-9f05-9579fcc7d0b7,e8aeb018-f679-5670-b210-de4f62ff2111,012857cc-907f-5e7d-b8fb-796d2c9f1621,botica,7fb983e8-6848-5425-97a2-14da72722d0f,LT-000028-202503-2317,2026-06-17,0,ab4a547f-e75d-5601-8171-00da4efa4b57
e30e4df5-a52a-5bdc-9b90-4db2fbb90e87,e8aeb018-f679-5670-b210-de4f62ff2111,d3961f5a-3ea7-53d3-89f4-78b65b0c0c6b,botica,d6f21f11-7533-52dd-a4dc-2fb8e260c02c,LT-000001-202504-2318,2028-03-08,0,76d6c9f4-5d7d-53c0-bb1f-2a577383765a
d1323830-5e1a-54d6-adce-56d4acfd422d,e8aeb018-f679-5670-b210-de4f62ff2111,983871db-adfb-543e-b438-6b00044ffb64,botica,d6f21f11-7533-52dd-a4dc-2fb8e260c02c,LT-000015-202504-2319,2027-03-24,0,a6f6d890-1609-53fc-b4a6-5733ccc9d078
41b8839e-35e2-5498-88ef-273ad21ad3b8,e8aeb018-f679-5670-b210-de4f62ff2111,2082733c-4e17-51fe-bc8c-bf33d3ec5d7e,botica,8ecedccf-c230-516b-bbc2-108f7a6fbe63,LT-000016-202504-2320,2027-10-15,0,76d6c9f4-5d7d-53c0-bb1f-2a577383765a
e09c67d4-6bf2-5786-a608-c43f684b920b,e8aeb018-f679-5670-b210-de4f62ff2111,afe9d181-1c64-5cca-b4b7-a9fa24eceeea,botica,7fb983e8-6848-5425-97a2-14da72722d0f,LT-000020-202504-2321,2026-02-08,0,a6f6d890-1609-53fc-b4a6-5733ccc9d078
bc7d2e26-6413-5287-a5ba-98cbbfadbcb1,e8aeb018-f679-5670-b210-de4f62ff2111,2eb3a104-e572-583a-afa0-156ee0dc4cce,botica,26f7241d-a84e-5e4a-a43d-33eea1e54eea,LT-000019-202504-2322,2026-02-04,0,c6617891-56ff-5690-89a4-1ece06685ff5
349225c0-db53-5e90-b2b2-31dc103102d9,e8aeb018-f679-5670-b210-de4f62ff2111,cd81184b-b6f1-563c-b463-36a69ddfb598,botica,26f7241d-a84e-5e4a-a43d-33eea1e54eea,LT-000026-202504-2323,2026-04-01,0,76d6c9f4-5d7d-53c0-bb1f-2a577383765a
d6662ecb-dc1e-50d0-ac99-82829c7dd6d0,e8aeb018-f679-5670-b210-de4f62ff2111,5bbfdec8-65ae-59e6-b211-5eccb5b765fa,botica,43616d97-2221-569d-82eb-bcc14bcd6344,LT-000006-202504-2324,2027-12-28,0,76d6c9f4-5d7d-53c0-bb1f-2a577383765a
1be2a9a6-7a4a-5e38-9106-6012aa8fd819,e8aeb018-f679-5670-b210-de4f62ff2111,012857cc-907f-5e7d-b8fb-796d2c9f1621,botica,26f7241d-a84e-5e4a-a43d-33eea1e54eea,LT-000028-202504-2325,2027-10-23,0,ab4a547f-e75d-5601-8171-00da4efa4b57
b760d81c-1bc9-5d1e-b36b-08c9d4d48d66,e8aeb018-f679-5670-b210-de4f62ff2111,2933d8b7-2438-521b-b38d-d3a5224f87fc,botica,d6f21f11-7533-52dd-a4dc-2fb8e260c02c,LT-000002-202504-2326,2026-09-28,0,41cb90d0-d91a-57c2-b138-831be351479f
a88e486a-927a-5cbf-979d-a852696f83d9,e8aeb018-f679-5670-b210-de4f62ff2111,042e2e80-f954-5df4-97be-29dd428cc598,botica,d6f21f11-7533-52dd-a4dc-2fb8e260c02c,LT-000004-202504-2327,2027-05-09,0,c6617891-56ff-5690-89a4-1ece06685ff5
67fa0b14-85e8-5143-9ec3-4ca41aebdaab,e8aeb018-f679-5670-b210-de4f62ff2111,9928e9a1-d9fc-5fdd-86c2-8909352fd7fe,botica,8ecedccf-c230-516b-bbc2-108f7a6fbe63,LT-000005-202504-2328,2026-10-25,0,a6f6d890-1609-53fc-b4a6-5733ccc9d078
2c0d6bb6-2d97-5783-80bd-5a29e1e4a605,e8aeb018-f679-5670-b210-de4f62ff2111,1e9605fd-5682-52b6-8f05-e8a92dd44513,botica,8ecedccf-c230-516b-bbc2-108f7a6fbe63,LT-000030-202504-2329,2027-06-26,0,a6f6d890-1609-53fc-b4a6-5733ccc9d078
5e3eb24b-a1d1-58ca-be77-6a98890683a5,e8aeb018-f679-5670-b210-de4f62ff2111,2897aac2-f219-5167-b800-73fac27f6b85,botica,7fb983e8-6848-5425-97a2-14da72722d0f,LT-000022-202504-2330,2027-06-10,0,41cb90d0-d91a-57c2-b138-831be351479f
b977f421-500d-52ce-9d90-a45459ae8717,e8aeb018-f679-5670-b210-de4f62ff2111,1ca3438e-9e23-58f0-a35f-f15f7a23beb9,botica,7fb983e8-6848-5425-97a2-14da72722d0f,LT-000024-202504-2331,2027-10-11,0,c6617891-56ff-5690-89a4-1ece06685ff5
06fa6c03-c677-5e1f-8c4e-25eca2878c73,e8aeb018-f679-5670-b210-de4f62ff2111,2082733c-4e17-51fe-bc8c-bf33d3ec5d7e,botica,43616d97-2221-569d-82eb-bcc14bcd6344,LT-000016-202504-2332,2026-09-28,0,76d6c9f4-5d7d-53c0-bb1f-2a577383765a
b3e19173-3a53-5165-a419-2f2cd659ffc3,e8aeb018-f679-5670-b210-de4f62ff2111,d0ae6d2d-e561-56b3-a2c1-113c1c56ae81,botica,43616d97-2221-569d-82eb-bcc14bcd6344,LT-000021-202504-2333,2025-11-22,0,76d6c9f4-5d7d-53c0-bb1f-2a577383765a
60be8f42-376d-5521-9317-ba7ff59fe078,e8aeb018-f679-5670-b210-de4f62ff2111,0ec23038-d3ab-588c-bbd6-1f5c744cdde1,botica,43616d97-2221-569d-82eb-bcc14bcd6344,LT-000025-202504-2334,2025-10-24,0,a6f6d890-1609-53fc-b4a6-5733ccc9d078
f199c4f6-31e5-505d-b276-97d8e21fc916,e8aeb018-f679-5670-b210-de4f62ff2111,6d807393-f4ab-5f76-b544-251eeda27ba3,botica,d6f21f11-7533-52dd-a4dc-2fb8e260c02c,LT-000003-202504-2335,2027-09-14,0,ab4a547f-e75d-5601-8171-00da4efa4b57
d15b8c7f-9272-5a6d-9b7a-9ddda9778f8b,e8aeb018-f679-5670-b210-de4f62ff2111,94e18241-54bd-5516-b36f-94ab6e323aca,botica,d6f21f11-7533-52dd-a4dc-2fb8e260c02c,LT-000013-202504-2336,2027-08-19,0,ab4a547f-e75d-5601-8171-00da4efa4b57
567a068d-855a-5671-b22e-0715037faf1e,e8aeb018-f679-5670-b210-de4f62ff2111,94e18241-54bd-5516-b36f-94ab6e323aca,botica,7fb983e8-6848-5425-97a2-14da72722d0f,LT-000013-202504-2337,2026-01-14,0,ab4a547f-e75d-5601-8171-00da4efa4b57
4ee419d7-7c07-5d42-b0e2-3484a95ba2fc,e8aeb018-f679-5670-b210-de4f62ff2111,87b859e0-789a-56e6-b1ba-4fe76221d3bf,botica,7fb983e8-6848-5425-97a2-14da72722d0f,LT-000014-202504-2338,2026-10-29,0,c6617891-56ff-5690-89a4-1ece06685ff5
26331b7d-70f6-52ab-ac9c-e6acd6f46d6a,e8aeb018-f679-5670-b210-de4f62ff2111,1ca3438e-9e23-58f0-a35f-f15f7a23beb9,botica,26f7241d-a84e-5e4a-a43d-33eea1e54eea,LT-000024-202504-2339,2026-02-26,0,c6617891-56ff-5690-89a4-1ece06685ff5
37967b52-48ce-5894-a317-3624455e4b17,e8aeb018-f679-5670-b210-de4f62ff2111,d9506935-1215-5499-93c0-8bdd86ab9418,botica,26f7241d-a84e-5e4a-a43d-33eea1e54eea,LT-000029-202504-2340,2027-05-17,0,c6617891-56ff-5690-89a4-1ece06685ff5
ad2e5334-6831-5a84-acf4-143953d92f8f,e8aeb018-f679-5670-b210-de4f62ff2111,94e18241-54bd-5516-b36f-94ab6e323aca,botica,43616d97-2221-569d-82eb-bcc14bcd6344,LT-000013-202504-2341,2028-02-23,0,ab4a547f-e75d-5601-8171-00da4efa4b57
cc1d60ec-6498-5446-8d6c-061d63905d24,e8aeb018-f679-5670-b210-de4f62ff2111,012857cc-907f-5e7d-b8fb-796d2c9f1621,botica,d6f21f11-7533-52dd-a4dc-2fb8e260c02c,LT-000028-202504-2342,2028-01-18,0,ab4a547f-e75d-5601-8171-00da4efa4b57
21025453-5fe6-59b1-abb1-b944b413a372,e8aeb018-f679-5670-b210-de4f62ff2111,d0ae6d2d-e561-56b3-a2c1-113c1c56ae81,botica,7fb983e8-6848-5425-97a2-14da72722d0f,LT-000021-202504-2343,2026-09-19,0,76d6c9f4-5d7d-53c0-bb1f-2a577383765a
5f2666b4-a1d0-53f9-ba26-50324cf5481c,e8aeb018-f679-5670-b210-de4f62ff2111,38adf7ba-476e-5e6b-9163-781a13538253,botica,d6f21f11-7533-52dd-a4dc-2fb8e260c02c,LT-000012-202504-2344,2026-08-02,0,41cb90d0-d91a-57c2-b138-831be351479f
11c7afd9-bdf4-57db-abfb-dcc5ab73885b,e8aeb018-f679-5670-b210-de4f62ff2111,1ca3438e-9e23-58f0-a35f-f15f7a23beb9,botica,d6f21f11-7533-52dd-a4dc-2fb8e260c02c,LT-000024-202504-2345,2026-02-15,0,c6617891-56ff-5690-89a4-1ece06685ff5
34782579-cb1b-5e33-a9cd-6a50407f738d,e8aeb018-f679-5670-b210-de4f62ff2111,d3961f5a-3ea7-53d3-89f4-78b65b0c0c6b,botica,8ecedccf-c230-516b-bbc2-108f7a6fbe63,LT-000001-202504-2346,2027-05-01,0,76d6c9f4-5d7d-53c0-bb1f-2a577383765a
93d5241f-fef6-5967-8d43-df428a81d83f,e8aeb018-f679-5670-b210-de4f62ff2111,c0cf5e5c-b5c9-585a-8e79-d9830bc954f6,botica,8ecedccf-c230-516b-bbc2-108f7a6fbe63,LT-000011-202504-2347,2028-03-09,0,76d6c9f4-5d7d-53c0-bb1f-2a577383765a
726c8613-9e12-5cf3-a56c-1ed4738400e6,e8aeb018-f679-5670-b210-de4f62ff2111,22231140-3780-5fe8-a7d4-d33f61d15111,botica,8ecedccf-c230-516b-bbc2-108f7a6fbe63,LT-000023-202504-2348,2027-12-13,0,ab4a547f-e75d-5601-8171-00da4efa4b57
80fc4971-e64e-525a-9fb3-5eebeb4a8c5d,e8aeb018-f679-5670-b210-de4f62ff2111,94e18241-54bd-5516-b36f-94ab6e323aca,botica,26f7241d-a84e-5e4a-a43d-33eea1e54eea,LT-000013-202504-2349,2026-05-31,0,ab4a547f-e75d-5601-8171-00da4efa4b57
16a14f93-9ff3-5ac5-9a6d-0d87d54beb9f,e8aeb018-f679-5670-b210-de4f62ff2111,d0ae6d2d-e561-56b3-a2c1-113c1c56ae81,botica,26f7241d-a84e-5e4a-a43d-33eea1e54eea,LT-000021-202504-2350,2026-05-29,0,76d6c9f4-5d7d-53c0-bb1f-2a577383765a
acc031f2-c6b6-5f21-a033-f322934c464d,e8aeb018-f679-5670-b210-de4f62ff2111,2933d8b7-2438-521b-b38d-d3a5224f87fc,botica,43616d97-2221-569d-82eb-bcc14bcd6344,LT-000002-202504-2351,2026-04-21,0,41cb90d0-d91a-57c2-b138-831be351479f
c24f5497-c5b6-5712-9656-889f6b2ffaa5,e8aeb018-f679-5670-b210-de4f62ff2111,87b859e0-789a-56e6-b1ba-4fe76221d3bf,botica,43616d97-2221-569d-82eb-bcc14bcd6344,LT-000014-202504-2352,2026-03-24,0,c6617891-56ff-5690-89a4-1ece06685ff5
a7354bdd-19d0-5955-8262-5feddf9ebbe0,e8aeb018-f679-5670-b210-de4f62ff2111,87b859e0-789a-56e6-b1ba-4fe76221d3bf,botica,8ecedccf-c230-516b-bbc2-108f7a6fbe63,LT-000014-202504-2353,2025-12-21,0,c6617891-56ff-5690-89a4-1ece06685ff5
c24db275-873e-5e92-87c0-11e86cb1d2c3,e8aeb018-f679-5670-b210-de4f62ff2111,82cd11ba-d1a0-58b1-b14f-edd741f36e87,botica,26f7241d-a84e-5e4a-a43d-33eea1e54eea,LT-000007-202504-2354,2027-10-17,0,41cb90d0-d91a-57c2-b138-831be351479f
439c1ed0-ad75-5d16-ba64-c0174d841e2a,e8aeb018-f679-5670-b210-de4f62ff2111,012857cc-907f-5e7d-b8fb-796d2c9f1621,botica,43616d97-2221-569d-82eb-bcc14bcd6344,LT-000028-202504-2355,2027-03-15,0,ab4a547f-e75d-5601-8171-00da4efa4b57
94252a98-9314-5398-8c23-1e5023a1e9b3,e8aeb018-f679-5670-b210-de4f62ff2111,82cd11ba-d1a0-58b1-b14f-edd741f36e87,botica,8ecedccf-c230-516b-bbc2-108f7a6fbe63,LT-000007-202504-2356,2027-11-17,0,41cb90d0-d91a-57c2-b138-831be351479f
2188e72c-8968-5ecf-ae34-dea817607df5,e8aeb018-f679-5670-b210-de4f62ff2111,6baabed2-52d7-5cb7-bf74-86c7cb3e4f07,botica,8ecedccf-c230-516b-bbc2-108f7a6fbe63,LT-000027-202504-2357,2027-03-08,0,41cb90d0-d91a-57c2-b138-831be351479f
45fc1e66-f4e2-5503-81e1-c1a3c57d230c,e8aeb018-f679-5670-b210-de4f62ff2111,9928e9a1-d9fc-5fdd-86c2-8909352fd7fe,botica,7fb983e8-6848-5425-97a2-14da72722d0f,LT-000005-202504-2358,2026-04-28,0,a6f6d890-1609-53fc-b4a6-5733ccc9d078
d8757ae1-da15-592e-a425-a53d222b2151,e8aeb018-f679-5670-b210-de4f62ff2111,38adf7ba-476e-5e6b-9163-781a13538253,botica,7fb983e8-6848-5425-97a2-14da72722d0f,LT-000012-202504-2359,2028-03-09,0,41cb90d0-d91a-57c2-b138-831be351479f
75c85046-d99c-585f-b430-fcf7750ce639,e8aeb018-f679-5670-b210-de4f62ff2111,87b859e0-789a-56e6-b1ba-4fe76221d3bf,botica,26f7241d-a84e-5e4a-a43d-33eea1e54eea,LT-000014-202504-2360,2026-06-03,0,c6617891-56ff-5690-89a4-1ece06685ff5
421f3eef-9fc5-591a-85f5-0d29230c4687,e8aeb018-f679-5670-b210-de4f62ff2111,07371b94-955f-52a4-9bf9-f0a6ad2b4fa8,botica,43616d97-2221-569d-82eb-bcc14bcd6344,LT-000008-202504-2361,2027-12-28,0,ab4a547f-e75d-5601-8171-00da4efa4b57
78bf789a-3a4c-5398-8f9b-71a191da9674,e8aeb018-f679-5670-b210-de4f62ff2111,c0cf5e5c-b5c9-585a-8e79-d9830bc954f6,botica,43616d97-2221-569d-82eb-bcc14bcd6344,LT-000011-202504-2362,2027-04-04,0,76d6c9f4-5d7d-53c0-bb1f-2a577383765a
09aeb993-bd44-5d93-b52d-91ceb8cc4c09,e8aeb018-f679-5670-b210-de4f62ff2111,87b859e0-789a-56e6-b1ba-4fe76221d3bf,botica,d6f21f11-7533-52dd-a4dc-2fb8e260c02c,LT-000014-202504-2363,2026-03-26,0,c6617891-56ff-5690-89a4-1ece06685ff5
a1f321fa-98b4-579e-9fbf-92c795919a15,e8aeb018-f679-5670-b210-de4f62ff2111,1e9605fd-5682-52b6-8f05-e8a92dd44513,botica,7fb983e8-6848-5425-97a2-14da72722d0f,LT-000030-202504-2364,2027-02-12,0,a6f6d890-1609-53fc-b4a6-5733ccc9d078
ecb2b0e0-94f1-509e-b460-49fb5bbb4422,e8aeb018-f679-5670-b210-de4f62ff2111,983871db-adfb-543e-b438-6b00044ffb64,botica,43616d97-2221-569d-82eb-bcc14bcd6344,LT-000015-202504-2365,2026-03-13,0,a6f6d890-1609-53fc-b4a6-5733ccc9d078
726a8935-e14b-52b9-ab63-36dd21d084e4,e8aeb018-f679-5670-b210-de4f62ff2111,1e9605fd-5682-52b6-8f05-e8a92dd44513,botica,43616d97-2221-569d-82eb-bcc14bcd6344,LT-000030-202504-2366,2026-06-03,0,a6f6d890-1609-53fc-b4a6-5733ccc9d078
4003f5f8-1aeb-5d41-adf7-43f234c78611,e8aeb018-f679-5670-b210-de4f62ff2111,983871db-adfb-543e-b438-6b00044ffb64,botica,8ecedccf-c230-516b-bbc2-108f7a6fbe63,LT-000015-202504-2367,2026-10-26,0,a6f6d890-1609-53fc-b4a6-5733ccc9d078
7623dd8e-baab-5a1f-a5f4-31163161ac42,e8aeb018-f679-5670-b210-de4f62ff2111,2933d8b7-2438-521b-b38d-d3a5224f87fc,botica,7fb983e8-6848-5425-97a2-14da72722d0f,LT-000002-202504-2368,2027-08-30,0,41cb90d0-d91a-57c2-b138-831be351479f
f1ab0bd9-d1fe-5c16-b669-3e4bf07356cc,e8aeb018-f679-5670-b210-de4f62ff2111,4d9429b6-2ebf-5b5d-ac48-f779d5a1e270,botica,26f7241d-a84e-5e4a-a43d-33eea1e54eea,LT-000010-202504-2369,2027-12-16,0,a6f6d890-1609-53fc-b4a6-5733ccc9d078
1a2a0ea4-3006-5eb6-9d3c-edb77c1437e3,e8aeb018-f679-5670-b210-de4f62ff2111,d2f08f15-f9f2-5f65-a740-b05896774467,botica,26f7241d-a84e-5e4a-a43d-33eea1e54eea,LT-000017-202504-2370,2026-11-01,0,41cb90d0-d91a-57c2-b138-831be351479f
35fe203a-bff3-5242-a503-13106f0fe7e0,e8aeb018-f679-5670-b210-de4f62ff2111,97d26d91-c562-5f27-9ebd-285e89c8f4bf,botica,26f7241d-a84e-5e4a-a43d-33eea1e54eea,LT-000018-202504-2371,2026-04-10,0,ab4a547f-e75d-5601-8171-00da4efa4b57
19541d83-f707-5964-a9f5-f3787a953fc5,e8aeb018-f679-5670-b210-de4f62ff2111,d9506935-1215-5499-93c0-8bdd86ab9418,botica,43616d97-2221-569d-82eb-bcc14bcd6344,LT-000029-202504-2372,2027-04-09,0,c6617891-56ff-5690-89a4-1ece06685ff5
9a479aff-19cb-506e-99f1-60d3e8f5afea,e8aeb018-f679-5670-b210-de4f62ff2111,c0cf5e5c-b5c9-585a-8e79-d9830bc954f6,botica,d6f21f11-7533-52dd-a4dc-2fb8e260c02c,LT-000011-202504-2373,2026-01-14,0,76d6c9f4-5d7d-53c0-bb1f-2a577383765a
eeaa4ae8-971d-5df8-85c1-26c663dc185f,e8aeb018-f679-5670-b210-de4f62ff2111,6baabed2-52d7-5cb7-bf74-86c7cb3e4f07,botica,d6f21f11-7533-52dd-a4dc-2fb8e260c02c,LT-000027-202504-2374,2027-11-02,0,41cb90d0-d91a-57c2-b138-831be351479f
d910123c-0a08-5577-a9a5-c769c347ac2e,e8aeb018-f679-5670-b210-de4f62ff2111,94e18241-54bd-5516-b36f-94ab6e323aca,botica,8ecedccf-c230-516b-bbc2-108f7a6fbe63,LT-000013-202504-2375,2027-03-22,0,ab4a547f-e75d-5601-8171-00da4efa4b57
6200bbf0-a31f-5a4e-8020-a64d1de9fb1a,e8aeb018-f679-5670-b210-de4f62ff2111,1ca3438e-9e23-58f0-a35f-f15f7a23beb9,botica,8ecedccf-c230-516b-bbc2-108f7a6fbe63,LT-000024-202504-2376,2027-09-06,0,c6617891-56ff-5690-89a4-1ece06685ff5
0c6d5c13-a0ae-5a71-bf10-5b247a09ac93,e8aeb018-f679-5670-b210-de4f62ff2111,6d807393-f4ab-5f76-b544-251eeda27ba3,botica,26f7241d-a84e-5e4a-a43d-33eea1e54eea,LT-000003-202504-2377,2026-01-18,0,ab4a547f-e75d-5601-8171-00da4efa4b57
ad4b51e6-a5d8-553a-8da1-c210bac081b3,e8aeb018-f679-5670-b210-de4f62ff2111,4d9429b6-2ebf-5b5d-ac48-f779d5a1e270,botica,43616d97-2221-569d-82eb-bcc14bcd6344,LT-000010-202504-2378,2026-06-06,0,a6f6d890-1609-53fc-b4a6-5733ccc9d078
9d2f501d-9c57-5607-b0e3-d3518dc73392,e8aeb018-f679-5670-b210-de4f62ff2111,983871db-adfb-543e-b438-6b00044ffb64,botica,7fb983e8-6848-5425-97a2-14da72722d0f,LT-000015-202504-2379,2027-01-05,0,a6f6d890-1609-53fc-b4a6-5733ccc9d078
1bc8b135-24d1-55c2-b82d-a2b3ed8044a7,e8aeb018-f679-5670-b210-de4f62ff2111,042e2e80-f954-5df4-97be-29dd428cc598,botica,26f7241d-a84e-5e4a-a43d-33eea1e54eea,LT-000004-202504-2380,2026-10-02,0,c6617891-56ff-5690-89a4-1ece06685ff5
58e7fad1-2cee-5e4c-a4d4-d1c5ca34c5da,e8aeb018-f679-5670-b210-de4f62ff2111,c0cf5e5c-b5c9-585a-8e79-d9830bc954f6,botica,26f7241d-a84e-5e4a-a43d-33eea1e54eea,LT-000011-202504-2381,2028-01-13,0,76d6c9f4-5d7d-53c0-bb1f-2a577383765a
2e10f6d2-0029-54c1-9bdd-f5cbd48af6c1,e8aeb018-f679-5670-b210-de4f62ff2111,983871db-adfb-543e-b438-6b00044ffb64,botica,26f7241d-a84e-5e4a-a43d-33eea1e54eea,LT-000015-202504-2382,2025-11-21,0,a6f6d890-1609-53fc-b4a6-5733ccc9d078
7bb55116-674a-5d6e-8b1b-639e299b1ad6,e8aeb018-f679-5670-b210-de4f62ff2111,d3961f5a-3ea7-53d3-89f4-78b65b0c0c6b,botica,43616d97-2221-569d-82eb-bcc14bcd6344,LT-000001-202504-2383,2028-03-09,0,76d6c9f4-5d7d-53c0-bb1f-2a577383765a
71d2bbe9-5516-5a2c-af74-9748949db7fa,e8aeb018-f679-5670-b210-de4f62ff2111,97d26d91-c562-5f27-9ebd-285e89c8f4bf,botica,43616d97-2221-569d-82eb-bcc14bcd6344,LT-000018-202504-2384,2026-06-24,0,ab4a547f-e75d-5601-8171-00da4efa4b57
646da477-7a49-593a-a4f7-8dff97ad982f,e8aeb018-f679-5670-b210-de4f62ff2111,07371b94-955f-52a4-9bf9-f0a6ad2b4fa8,botica,d6f21f11-7533-52dd-a4dc-2fb8e260c02c,LT-000008-202504-2385,2026-04-05,0,ab4a547f-e75d-5601-8171-00da4efa4b57
a6b096e5-4d0b-5815-8d6c-c43ba6126301,e8aeb018-f679-5670-b210-de4f62ff2111,2eb3a104-e572-583a-afa0-156ee0dc4cce,botica,d6f21f11-7533-52dd-a4dc-2fb8e260c02c,LT-000019-202504-2386,2026-04-07,0,c6617891-56ff-5690-89a4-1ece06685ff5
783f3c4c-28f7-5485-bba5-5cb43d69f1ab,e8aeb018-f679-5670-b210-de4f62ff2111,c0cf5e5c-b5c9-585a-8e79-d9830bc954f6,botica,7fb983e8-6848-5425-97a2-14da72722d0f,LT-000011-202504-2387,2028-02-15,0,76d6c9f4-5d7d-53c0-bb1f-2a577383765a
f4d5d488-d096-5fae-97bc-cf831284e7b4,e8aeb018-f679-5670-b210-de4f62ff2111,2897aac2-f219-5167-b800-73fac27f6b85,botica,26f7241d-a84e-5e4a-a43d-33eea1e54eea,LT-000022-202504-2388,2026-12-21,0,41cb90d0-d91a-57c2-b138-831be351479f
2e71219b-5148-5047-afb0-27fcc1d4d7f9,e8aeb018-f679-5670-b210-de4f62ff2111,9928e9a1-d9fc-5fdd-86c2-8909352fd7fe,botica,43616d97-2221-569d-82eb-bcc14bcd6344,LT-000005-202504-2389,2025-11-19,0,a6f6d890-1609-53fc-b4a6-5733ccc9d078
1f61a73a-6b27-52b4-8862-0a14fe13fbe5,e8aeb018-f679-5670-b210-de4f62ff2111,4d9429b6-2ebf-5b5d-ac48-f779d5a1e270,botica,d6f21f11-7533-52dd-a4dc-2fb8e260c02c,LT-000010-202504-2390,2027-11-01,0,a6f6d890-1609-53fc-b4a6-5733ccc9d078
39f75254-46a3-5f70-9e8d-53da1cc6e340,e8aeb018-f679-5670-b210-de4f62ff2111,38adf7ba-476e-5e6b-9163-781a13538253,botica,8ecedccf-c230-516b-bbc2-108f7a6fbe63,LT-000012-202504-2391,2026-01-24,0,41cb90d0-d91a-57c2-b138-831be351479f
849cf836-282c-586a-a37a-83a924467832,e8aeb018-f679-5670-b210-de4f62ff2111,cd81184b-b6f1-563c-b463-36a69ddfb598,botica,8ecedccf-c230-516b-bbc2-108f7a6fbe63,LT-000026-202504-2392,2027-09-09,0,76d6c9f4-5d7d-53c0-bb1f-2a577383765a
9191316a-4155-5225-88bf-1c0c8fb2956c,e8aeb018-f679-5670-b210-de4f62ff2111,cd81184b-b6f1-563c-b463-36a69ddfb598,botica,7fb983e8-6848-5425-97a2-14da72722d0f,LT-000026-202504-2393,2027-12-16,0,76d6c9f4-5d7d-53c0-bb1f-2a577383765a
718f8732-d81b-57b2-903e-4275040bc824,e8aeb018-f679-5670-b210-de4f62ff2111,058c6382-bde2-59d1-93ff-20c6161a4736,botica,26f7241d-a84e-5e4a-a43d-33eea1e54eea,LT-000009-202504-2394,2028-01-05,0,c6617891-56ff-5690-89a4-1ece06685ff5
93d24400-9054-5715-b847-a1ad595b8a1c,e8aeb018-f679-5670-b210-de4f62ff2111,38adf7ba-476e-5e6b-9163-781a13538253,botica,26f7241d-a84e-5e4a-a43d-33eea1e54eea,LT-000012-202504-2395,2027-03-26,0,41cb90d0-d91a-57c2-b138-831be351479f
6cc92d51-4b74-5574-94de-9b38174e2988,e8aeb018-f679-5670-b210-de4f62ff2111,82cd11ba-d1a0-58b1-b14f-edd741f36e87,botica,43616d97-2221-569d-82eb-bcc14bcd6344,LT-000007-202504-2396,2025-12-22,0,41cb90d0-d91a-57c2-b138-831be351479f
f38b1508-c5ec-50b2-900b-1b24d8622408,e8aeb018-f679-5670-b210-de4f62ff2111,82cd11ba-d1a0-58b1-b14f-edd741f36e87,botica,d6f21f11-7533-52dd-a4dc-2fb8e260c02c,LT-000007-202504-2397,2028-01-24,0,41cb90d0-d91a-57c2-b138-831be351479f
2685f96a-95a4-596a-acdb-8a36ea2646eb,e8aeb018-f679-5670-b210-de4f62ff2111,1e9605fd-5682-52b6-8f05-e8a92dd44513,botica,d6f21f11-7533-52dd-a4dc-2fb8e260c02c,LT-000030-202504-2398,2027-12-16,0,a6f6d890-1609-53fc-b4a6-5733ccc9d078
348e3dcb-41aa-596c-ab3b-4f8ecd8f2e93,e8aeb018-f679-5670-b210-de4f62ff2111,2933d8b7-2438-521b-b38d-d3a5224f87fc,botica,8ecedccf-c230-516b-bbc2-108f7a6fbe63,LT-000002-202504-2399,2027-09-10,0,41cb90d0-d91a-57c2-b138-831be351479f
fc04af52-feef-5557-bf02-4185508e28d1,e8aeb018-f679-5670-b210-de4f62ff2111,042e2e80-f954-5df4-97be-29dd428cc598,botica,8ecedccf-c230-516b-bbc2-108f7a6fbe63,LT-000004-202504-2400,2026-03-13,0,c6617891-56ff-5690-89a4-1ece06685ff5
d767761e-c023-5ac9-bfa8-13f290412812,e8aeb018-f679-5670-b210-de4f62ff2111,82cd11ba-d1a0-58b1-b14f-edd741f36e87,botica,7fb983e8-6848-5425-97a2-14da72722d0f,LT-000007-202504-2401,2027-12-10,0,41cb90d0-d91a-57c2-b138-831be351479f
e3eeb012-92c6-55cf-96e7-ae3030a77e41,e8aeb018-f679-5670-b210-de4f62ff2111,0ec23038-d3ab-588c-bbd6-1f5c744cdde1,botica,7fb983e8-6848-5425-97a2-14da72722d0f,LT-000025-202504-2402,2026-12-11,0,a6f6d890-1609-53fc-b4a6-5733ccc9d078
480d2d12-7cd0-5aa9-833f-ab0b2fbbd973,e8aeb018-f679-5670-b210-de4f62ff2111,6baabed2-52d7-5cb7-bf74-86c7cb3e4f07,botica,7fb983e8-6848-5425-97a2-14da72722d0f,LT-000027-202504-2403,2026-03-23,0,41cb90d0-d91a-57c2-b138-831be351479f
b7de3bf0-3e6f-5364-b157-b2b82230e6ec,e8aeb018-f679-5670-b210-de4f62ff2111,22231140-3780-5fe8-a7d4-d33f61d15111,botica,43616d97-2221-569d-82eb-bcc14bcd6344,LT-000023-202504-2404,2025-10-25,0,ab4a547f-e75d-5601-8171-00da4efa4b57
47306286-dca4-556a-9fa9-6f61dfc8b015,e8aeb018-f679-5670-b210-de4f62ff2111,9928e9a1-d9fc-5fdd-86c2-8909352fd7fe,botica,d6f21f11-7533-52dd-a4dc-2fb8e260c02c,LT-000005-202504-2405,2026-02-06,0,a6f6d890-1609-53fc-b4a6-5733ccc9d078
863be160-9ed7-5ef5-a08e-1941183e1f95,e8aeb018-f679-5670-b210-de4f62ff2111,cd81184b-b6f1-563c-b463-36a69ddfb598,botica,d6f21f11-7533-52dd-a4dc-2fb8e260c02c,LT-000026-202504-2406,2026-07-25,0,76d6c9f4-5d7d-53c0-bb1f-2a577383765a
165ede32-7c47-573d-92f7-7c48d064424b,e8aeb018-f679-5670-b210-de4f62ff2111,38adf7ba-476e-5e6b-9163-781a13538253,botica,43616d97-2221-569d-82eb-bcc14bcd6344,LT-000012-202504-2407,2026-05-28,0,41cb90d0-d91a-57c2-b138-831be351479f
584fc8f9-69bb-5941-8129-eba170897723,e8aeb018-f679-5670-b210-de4f62ff2111,d2f08f15-f9f2-5f65-a740-b05896774467,botica,7fb983e8-6848-5425-97a2-14da72722d0f,LT-000017-202504-2408,2025-12-25,0,41cb90d0-d91a-57c2-b138-831be351479f
d102c749-d621-5269-8a79-8b3f9f79d594,e8aeb018-f679-5670-b210-de4f62ff2111,22231140-3780-5fe8-a7d4-d33f61d15111,botica,7fb983e8-6848-5425-97a2-14da72722d0f,LT-000023-202504-2409,2027-06-22,0,ab4a547f-e75d-5601-8171-00da4efa4b57
d964cc0b-f336-5a5e-b82a-7f5edd8df653,e8aeb018-f679-5670-b210-de4f62ff2111,6d807393-f4ab-5f76-b544-251eeda27ba3,botica,7fb983e8-6848-5425-97a2-14da72722d0f,LT-000003-202504-2410,2025-12-08,0,ab4a547f-e75d-5601-8171-00da4efa4b57
a5943aaa-2726-5e85-8e64-00d2d5fd6538,e8aeb018-f679-5670-b210-de4f62ff2111,4d9429b6-2ebf-5b5d-ac48-f779d5a1e270,botica,7fb983e8-6848-5425-97a2-14da72722d0f,LT-000010-202504-2411,2026-08-27,0,a6f6d890-1609-53fc-b4a6-5733ccc9d078
87703ac5-c6b0-50bb-aa47-6f98e7c7aefe,e8aeb018-f679-5670-b210-de4f62ff2111,5bbfdec8-65ae-59e6-b211-5eccb5b765fa,botica,26f7241d-a84e-5e4a-a43d-33eea1e54eea,LT-000006-202504-2412,2026-09-25,0,76d6c9f4-5d7d-53c0-bb1f-2a577383765a
0999a73e-7aee-5375-8bbf-12a7f5e79074,e8aeb018-f679-5670-b210-de4f62ff2111,cd81184b-b6f1-563c-b463-36a69ddfb598,botica,43616d97-2221-569d-82eb-bcc14bcd6344,LT-000026-202504-2413,2026-04-09,0,76d6c9f4-5d7d-53c0-bb1f-2a577383765a
a9adb945-0817-5925-9f1b-f7eb419320fc,e8aeb018-f679-5670-b210-de4f62ff2111,22231140-3780-5fe8-a7d4-d33f61d15111,botica,d6f21f11-7533-52dd-a4dc-2fb8e260c02c,LT-000023-202504-2414,2028-01-18,0,ab4a547f-e75d-5601-8171-00da4efa4b57
ffb41bbe-b6db-5840-96bb-0dc893e94c5e,e8aeb018-f679-5670-b210-de4f62ff2111,d9506935-1215-5499-93c0-8bdd86ab9418,botica,7fb983e8-6848-5425-97a2-14da72722d0f,LT-000029-202504-2415,2027-11-17,0,c6617891-56ff-5690-89a4-1ece06685ff5
3cb71831-f093-5cba-a0f7-9ff09930d8aa,e8aeb018-f679-5670-b210-de4f62ff2111,d3961f5a-3ea7-53d3-89f4-78b65b0c0c6b,botica,26f7241d-a84e-5e4a-a43d-33eea1e54eea,LT-000001-202504-2416,2027-09-10,0,76d6c9f4-5d7d-53c0-bb1f-2a577383765a
d3d9749b-8a58-57c8-ab11-70786c6f63b1,e8aeb018-f679-5670-b210-de4f62ff2111,22231140-3780-5fe8-a7d4-d33f61d15111,botica,26f7241d-a84e-5e4a-a43d-33eea1e54eea,LT-000023-202504-2417,2027-05-27,0,ab4a547f-e75d-5601-8171-00da4efa4b57
72e99cfb-69e4-5367-8df6-b2823390f908,e8aeb018-f679-5670-b210-de4f62ff2111,0ec23038-d3ab-588c-bbd6-1f5c744cdde1,botica,8ecedccf-c230-516b-bbc2-108f7a6fbe63,LT-000025-202504-2418,2026-12-16,0,a6f6d890-1609-53fc-b4a6-5733ccc9d078
277d3c7d-d38c-5230-93a2-55ea2c9f8837,e8aeb018-f679-5670-b210-de4f62ff2111,d3961f5a-3ea7-53d3-89f4-78b65b0c0c6b,botica,7fb983e8-6848-5425-97a2-14da72722d0f,LT-000001-202504-2419,2026-05-19,0,76d6c9f4-5d7d-53c0-bb1f-2a577383765a
43439977-eb73-513b-af8e-da45d053c0bb,e8aeb018-f679-5670-b210-de4f62ff2111,058c6382-bde2-59d1-93ff-20c6161a4736,botica,7fb983e8-6848-5425-97a2-14da72722d0f,LT-000009-202504-2420,2027-03-29,0,c6617891-56ff-5690-89a4-1ece06685ff5
785b9352-eeb5-5c71-8ea5-c013567efa86,e8aeb018-f679-5670-b210-de4f62ff2111,2082733c-4e17-51fe-bc8c-bf33d3ec5d7e,botica,26f7241d-a84e-5e4a-a43d-33eea1e54eea,LT-000016-202504-2421,2027-12-17,0,76d6c9f4-5d7d-53c0-bb1f-2a577383765a
a6a9e55a-53da-5f76-83da-7af6e995bbe8,e8aeb018-f679-5670-b210-de4f62ff2111,1e9605fd-5682-52b6-8f05-e8a92dd44513,botica,26f7241d-a84e-5e4a-a43d-33eea1e54eea,LT-000030-202504-2422,2026-01-13,0,a6f6d890-1609-53fc-b4a6-5733ccc9d078
99f15ece-c4e2-5bd0-997c-118b146184ed,e8aeb018-f679-5670-b210-de4f62ff2111,94e18241-54bd-5516-b36f-94ab6e323aca,botica,d6f21f11-7533-52dd-a4dc-2fb8e260c02c,LT-000013-202504-2423,2027-04-12,0,ab4a547f-e75d-5601-8171-00da4efa4b57
8b0251a4-7aba-5b95-84a2-1cd102dbe245,e8aeb018-f679-5670-b210-de4f62ff2111,97d26d91-c562-5f27-9ebd-285e89c8f4bf,botica,d6f21f11-7533-52dd-a4dc-2fb8e260c02c,LT-000018-202504-2424,2026-09-14,0,ab4a547f-e75d-5601-8171-00da4efa4b57
7ad80a25-ab87-5f12-9f4a-decd230629dc,e8aeb018-f679-5670-b210-de4f62ff2111,0ec23038-d3ab-588c-bbd6-1f5c744cdde1,botica,d6f21f11-7533-52dd-a4dc-2fb8e260c02c,LT-000025-202504-2425,2026-09-05,0,a6f6d890-1609-53fc-b4a6-5733ccc9d078
35b82468-24d6-5b57-94c1-97fa471e29d3,e8aeb018-f679-5670-b210-de4f62ff2111,94e18241-54bd-5516-b36f-94ab6e323aca,botica,7fb983e8-6848-5425-97a2-14da72722d0f,LT-000013-202504-2426,2025-11-01,0,ab4a547f-e75d-5601-8171-00da4efa4b57
5f8204e7-8935-578b-bcc8-e052cbad1a94,e8aeb018-f679-5670-b210-de4f62ff2111,07371b94-955f-52a4-9bf9-f0a6ad2b4fa8,botica,26f7241d-a84e-5e4a-a43d-33eea1e54eea,LT-000008-202504-2427,2027-01-30,0,ab4a547f-e75d-5601-8171-00da4efa4b57
b1bcdd23-4db0-5f9a-88fd-56ce98bdf3c1,e8aeb018-f679-5670-b210-de4f62ff2111,042e2e80-f954-5df4-97be-29dd428cc598,botica,43616d97-2221-569d-82eb-bcc14bcd6344,LT-000004-202504-2428,2027-11-19,0,c6617891-56ff-5690-89a4-1ece06685ff5
88718d93-fff8-5605-9262-04adbac49a3b,e8aeb018-f679-5670-b210-de4f62ff2111,afe9d181-1c64-5cca-b4b7-a9fa24eceeea,botica,43616d97-2221-569d-82eb-bcc14bcd6344,LT-000020-202504-2429,2027-06-23,0,a6f6d890-1609-53fc-b4a6-5733ccc9d078
05737c40-32f0-589b-b4c3-f08467346f6b,e8aeb018-f679-5670-b210-de4f62ff2111,058c6382-bde2-59d1-93ff-20c6161a4736,botica,d6f21f11-7533-52dd-a4dc-2fb8e260c02c,LT-000009-202504-2430,2026-12-05,0,c6617891-56ff-5690-89a4-1ece06685ff5
915a0117-84c8-545a-86fe-429954dbb07f,e8aeb018-f679-5670-b210-de4f62ff2111,5bbfdec8-65ae-59e6-b211-5eccb5b765fa,botica,7fb983e8-6848-5425-97a2-14da72722d0f,LT-000006-202504-2431,2026-02-08,0,76d6c9f4-5d7d-53c0-bb1f-2a577383765a
ed1a7741-a5a2-573a-a007-a2aa9cf95353,e8aeb018-f679-5670-b210-de4f62ff2111,d2f08f15-f9f2-5f65-a740-b05896774467,botica,43616d97-2221-569d-82eb-bcc14bcd6344,LT-000017-202504-2432,2027-09-28,36,41cb90d0-d91a-57c2-b138-831be351479f
ff115d59-77c2-50a3-a3c0-00b9b918e37a,e8aeb018-f679-5670-b210-de4f62ff2111,07371b94-955f-52a4-9bf9-f0a6ad2b4fa8,botica,8ecedccf-c230-516b-bbc2-108f7a6fbe63,LT-000008-202504-2433,2026-04-08,0,ab4a547f-e75d-5601-8171-00da4efa4b57
a80a93ed-db45-5c74-9f4f-4f2bb85b204d,e8aeb018-f679-5670-b210-de4f62ff2111,d3961f5a-3ea7-53d3-89f4-78b65b0c0c6b,botica,8ecedccf-c230-516b-bbc2-108f7a6fbe63,LT-000001-202504-2434,2026-07-09,0,76d6c9f4-5d7d-53c0-bb1f-2a577383765a
2cc3ad2b-a50c-5c2a-9c9d-7a772cf42a18,e8aeb018-f679-5670-b210-de4f62ff2111,2933d8b7-2438-521b-b38d-d3a5224f87fc,botica,26f7241d-a84e-5e4a-a43d-33eea1e54eea,LT-000002-202504-2435,2026-11-09,0,41cb90d0-d91a-57c2-b138-831be351479f
947db3bf-b5d0-514a-9b72-22bebd1073e6,e8aeb018-f679-5670-b210-de4f62ff2111,1ca3438e-9e23-58f0-a35f-f15f7a23beb9,botica,26f7241d-a84e-5e4a-a43d-33eea1e54eea,LT-000024-202504-2436,2027-06-28,0,c6617891-56ff-5690-89a4-1ece06685ff5
6f37a9a2-9a65-5856-8ceb-0c045a1c52b4,e8aeb018-f679-5670-b210-de4f62ff2111,94e18241-54bd-5516-b36f-94ab6e323aca,botica,43616d97-2221-569d-82eb-bcc14bcd6344,LT-000013-202504-2437,2027-09-06,0,ab4a547f-e75d-5601-8171-00da4efa4b57
332248e5-fd3c-5a3e-977e-fba81ec58ef4,e8aeb018-f679-5670-b210-de4f62ff2111,2eb3a104-e572-583a-afa0-156ee0dc4cce,botica,43616d97-2221-569d-82eb-bcc14bcd6344,LT-000019-202504-2438,2026-01-24,0,c6617891-56ff-5690-89a4-1ece06685ff5
b81cbff2-6010-5114-9bdc-11d0402e13c3,e8aeb018-f679-5670-b210-de4f62ff2111,6d807393-f4ab-5f76-b544-251eeda27ba3,botica,8ecedccf-c230-516b-bbc2-108f7a6fbe63,LT-000003-202504-2439,2028-04-25,0,ab4a547f-e75d-5601-8171-00da4efa4b57
e5dc869a-6429-5918-909a-fba77517d7a7,e8aeb018-f679-5670-b210-de4f62ff2111,5bbfdec8-65ae-59e6-b211-5eccb5b765fa,botica,8ecedccf-c230-516b-bbc2-108f7a6fbe63,LT-000006-202504-2440,2026-02-09,0,76d6c9f4-5d7d-53c0-bb1f-2a577383765a
0ce455f5-44a2-5f78-a68d-fe5c1d730c34,e8aeb018-f679-5670-b210-de4f62ff2111,4d9429b6-2ebf-5b5d-ac48-f779d5a1e270,botica,8ecedccf-c230-516b-bbc2-108f7a6fbe63,LT-000010-202504-2441,2026-11-06,0,a6f6d890-1609-53fc-b4a6-5733ccc9d078
eae3eaaf-c9ff-5dab-85c0-cb0525157a67,e8aeb018-f679-5670-b210-de4f62ff2111,07371b94-955f-52a4-9bf9-f0a6ad2b4fa8,botica,7fb983e8-6848-5425-97a2-14da72722d0f,LT-000008-202504-2442,2028-03-26,0,ab4a547f-e75d-5601-8171-00da4efa4b57
ea760267-9154-5e54-b078-801104525398,e8aeb018-f679-5670-b210-de4f62ff2111,6baabed2-52d7-5cb7-bf74-86c7cb3e4f07,botica,43616d97-2221-569d-82eb-bcc14bcd6344,LT-000027-202504-2443,2027-06-22,0,41cb90d0-d91a-57c2-b138-831be351479f
9a5f104f-f266-5bb4-85cc-dd0cbbe7324b,e8aeb018-f679-5670-b210-de4f62ff2111,d9506935-1215-5499-93c0-8bdd86ab9418,botica,d6f21f11-7533-52dd-a4dc-2fb8e260c02c,LT-000029-202504-2444,2026-10-05,0,c6617891-56ff-5690-89a4-1ece06685ff5
c6754996-0ccf-5c20-8919-149b08e94064,e8aeb018-f679-5670-b210-de4f62ff2111,2082733c-4e17-51fe-bc8c-bf33d3ec5d7e,botica,8ecedccf-c230-516b-bbc2-108f7a6fbe63,LT-000016-202505-2445,2026-09-12,0,76d6c9f4-5d7d-53c0-bb1f-2a577383765a
8cc7943d-81c5-5992-8414-9e2dfd1d6549,e8aeb018-f679-5670-b210-de4f62ff2111,97d26d91-c562-5f27-9ebd-285e89c8f4bf,botica,8ecedccf-c230-516b-bbc2-108f7a6fbe63,LT-000018-202505-2446,2026-09-23,0,ab4a547f-e75d-5601-8171-00da4efa4b57
0de1afda-a842-5a7c-8056-a83b876c243f,e8aeb018-f679-5670-b210-de4f62ff2111,afe9d181-1c64-5cca-b4b7-a9fa24eceeea,botica,8ecedccf-c230-516b-bbc2-108f7a6fbe63,LT-000020-202505-2447,2026-08-23,0,a6f6d890-1609-53fc-b4a6-5733ccc9d078
aeaa9dfe-3374-50bb-8385-95e4c727e1eb,e8aeb018-f679-5670-b210-de4f62ff2111,9928e9a1-d9fc-5fdd-86c2-8909352fd7fe,botica,26f7241d-a84e-5e4a-a43d-33eea1e54eea,LT-000005-202505-2448,2027-06-24,0,a6f6d890-1609-53fc-b4a6-5733ccc9d078
7541b0cc-4ef6-5eec-962d-35804b32d17f,e8aeb018-f679-5670-b210-de4f62ff2111,6baabed2-52d7-5cb7-bf74-86c7cb3e4f07,botica,26f7241d-a84e-5e4a-a43d-33eea1e54eea,LT-000027-202505-2449,2028-04-03,0,41cb90d0-d91a-57c2-b138-831be351479f
b9d5f4f2-459a-532f-b8bc-8250337ca7be,e8aeb018-f679-5670-b210-de4f62ff2111,5bbfdec8-65ae-59e6-b211-5eccb5b765fa,botica,43616d97-2221-569d-82eb-bcc14bcd6344,LT-000006-202505-2450,2026-12-21,0,76d6c9f4-5d7d-53c0-bb1f-2a577383765a
d9883ca4-21df-5de4-b569-85501a572a8d,e8aeb018-f679-5670-b210-de4f62ff2111,058c6382-bde2-59d1-93ff-20c6161a4736,botica,43616d97-2221-569d-82eb-bcc14bcd6344,LT-000009-202505-2451,2026-05-12,0,c6617891-56ff-5690-89a4-1ece06685ff5
c791f0ee-1596-58b9-88f2-67b14620a546,e8aeb018-f679-5670-b210-de4f62ff2111,2082733c-4e17-51fe-bc8c-bf33d3ec5d7e,botica,43616d97-2221-569d-82eb-bcc14bcd6344,LT-000016-202505-2452,2028-04-08,0,76d6c9f4-5d7d-53c0-bb1f-2a577383765a
3a3d1141-b6d0-5791-83b9-139e7ba47b5e,e8aeb018-f679-5670-b210-de4f62ff2111,983871db-adfb-543e-b438-6b00044ffb64,botica,d6f21f11-7533-52dd-a4dc-2fb8e260c02c,LT-000015-202505-2453,2025-10-31,0,a6f6d890-1609-53fc-b4a6-5733ccc9d078
ac07e8c4-b803-58e6-952f-597571c6bb5d,e8aeb018-f679-5670-b210-de4f62ff2111,82cd11ba-d1a0-58b1-b14f-edd741f36e87,botica,8ecedccf-c230-516b-bbc2-108f7a6fbe63,LT-000007-202505-2454,2026-11-14,0,41cb90d0-d91a-57c2-b138-831be351479f
b960b92b-74c2-53ac-b7a2-d45985fec8e6,e8aeb018-f679-5670-b210-de4f62ff2111,1e9605fd-5682-52b6-8f05-e8a92dd44513,botica,8ecedccf-c230-516b-bbc2-108f7a6fbe63,LT-000030-202505-2455,2026-03-27,0,a6f6d890-1609-53fc-b4a6-5733ccc9d078
4a1ed0c9-c21b-5274-9307-21817cdf1bc6,e8aeb018-f679-5670-b210-de4f62ff2111,042e2e80-f954-5df4-97be-29dd428cc598,botica,7fb983e8-6848-5425-97a2-14da72722d0f,LT-000004-202505-2456,2026-01-04,0,c6617891-56ff-5690-89a4-1ece06685ff5
1c94a4c2-d9a3-581c-b10b-7913fa723e99,e8aeb018-f679-5670-b210-de4f62ff2111,97d26d91-c562-5f27-9ebd-285e89c8f4bf,botica,7fb983e8-6848-5425-97a2-14da72722d0f,LT-000018-202505-2457,2026-09-16,0,ab4a547f-e75d-5601-8171-00da4efa4b57
1aab6f74-9cb7-5520-b80e-547640b9f77e,e8aeb018-f679-5670-b210-de4f62ff2111,2eb3a104-e572-583a-afa0-156ee0dc4cce,botica,7fb983e8-6848-5425-97a2-14da72722d0f,LT-000019-202505-2458,2027-10-20,0,c6617891-56ff-5690-89a4-1ece06685ff5
abf2bb15-05a3-56a3-9173-d80e32ec023d,e8aeb018-f679-5670-b210-de4f62ff2111,87b859e0-789a-56e6-b1ba-4fe76221d3bf,botica,43616d97-2221-569d-82eb-bcc14bcd6344,LT-000014-202505-2459,2026-02-01,0,c6617891-56ff-5690-89a4-1ece06685ff5
0c797157-0dec-520d-8509-6e888c5ee720,e8aeb018-f679-5670-b210-de4f62ff2111,d3961f5a-3ea7-53d3-89f4-78b65b0c0c6b,botica,d6f21f11-7533-52dd-a4dc-2fb8e260c02c,LT-000001-202505-2460,2026-11-23,0,76d6c9f4-5d7d-53c0-bb1f-2a577383765a
e6b3c6e8-52da-5651-a50f-821936a1426b,e8aeb018-f679-5670-b210-de4f62ff2111,6d807393-f4ab-5f76-b544-251eeda27ba3,botica,d6f21f11-7533-52dd-a4dc-2fb8e260c02c,LT-000003-202505-2461,2026-12-20,0,ab4a547f-e75d-5601-8171-00da4efa4b57
13f828e5-a4ad-5a4d-a2a4-e8a6476460dd,e8aeb018-f679-5670-b210-de4f62ff2111,042e2e80-f954-5df4-97be-29dd428cc598,botica,d6f21f11-7533-52dd-a4dc-2fb8e260c02c,LT-000004-202505-2462,2027-09-12,0,c6617891-56ff-5690-89a4-1ece06685ff5
cceea5a1-b6bc-5414-af8c-adcc95a4e6ee,e8aeb018-f679-5670-b210-de4f62ff2111,2897aac2-f219-5167-b800-73fac27f6b85,botica,43616d97-2221-569d-82eb-bcc14bcd6344,LT-000022-202505-2463,2026-04-08,0,41cb90d0-d91a-57c2-b138-831be351479f
6763409d-5bd9-56a0-83a6-9080b4bf38d5,e8aeb018-f679-5670-b210-de4f62ff2111,1ca3438e-9e23-58f0-a35f-f15f7a23beb9,botica,43616d97-2221-569d-82eb-bcc14bcd6344,LT-000024-202505-2464,2026-12-07,0,c6617891-56ff-5690-89a4-1ece06685ff5
2d26d311-e2c9-53f9-8863-a765cabf48e3,e8aeb018-f679-5670-b210-de4f62ff2111,d2f08f15-f9f2-5f65-a740-b05896774467,botica,8ecedccf-c230-516b-bbc2-108f7a6fbe63,LT-000017-202505-2465,2027-09-06,0,41cb90d0-d91a-57c2-b138-831be351479f
7305ba28-3a9f-574a-9a45-343af3a15bfa,e8aeb018-f679-5670-b210-de4f62ff2111,2eb3a104-e572-583a-afa0-156ee0dc4cce,botica,8ecedccf-c230-516b-bbc2-108f7a6fbe63,LT-000019-202505-2466,2025-10-31,0,c6617891-56ff-5690-89a4-1ece06685ff5
6e85c3ed-a730-5f30-bd32-a639fe37848f,e8aeb018-f679-5670-b210-de4f62ff2111,042e2e80-f954-5df4-97be-29dd428cc598,botica,26f7241d-a84e-5e4a-a43d-33eea1e54eea,LT-000004-202505-2467,2026-09-11,0,c6617891-56ff-5690-89a4-1ece06685ff5
3c270a80-855a-5e7b-a18e-c72f59211199,e8aeb018-f679-5670-b210-de4f62ff2111,0ec23038-d3ab-588c-bbd6-1f5c744cdde1,botica,26f7241d-a84e-5e4a-a43d-33eea1e54eea,LT-000025-202505-2468,2028-01-06,0,a6f6d890-1609-53fc-b4a6-5733ccc9d078
d0a6b738-0f57-50b1-af6e-c163441a7296,e8aeb018-f679-5670-b210-de4f62ff2111,6d807393-f4ab-5f76-b544-251eeda27ba3,botica,43616d97-2221-569d-82eb-bcc14bcd6344,LT-000003-202505-2469,2026-08-07,0,ab4a547f-e75d-5601-8171-00da4efa4b57
53170e5d-8da6-53b7-ad3a-616c7aeb75cd,e8aeb018-f679-5670-b210-de4f62ff2111,38adf7ba-476e-5e6b-9163-781a13538253,botica,43616d97-2221-569d-82eb-bcc14bcd6344,LT-000012-202505-2470,2026-04-23,0,41cb90d0-d91a-57c2-b138-831be351479f
6ad22b32-3a67-579a-992d-d0d5f0f54ea1,e8aeb018-f679-5670-b210-de4f62ff2111,2897aac2-f219-5167-b800-73fac27f6b85,botica,8ecedccf-c230-516b-bbc2-108f7a6fbe63,LT-000022-202505-2471,2027-09-06,0,41cb90d0-d91a-57c2-b138-831be351479f
80b4962e-50f1-5a28-b1fb-548e5df5c073,e8aeb018-f679-5670-b210-de4f62ff2111,2933d8b7-2438-521b-b38d-d3a5224f87fc,botica,7fb983e8-6848-5425-97a2-14da72722d0f,LT-000002-202505-2472,2027-03-19,0,41cb90d0-d91a-57c2-b138-831be351479f
c1bf9e82-dede-594b-a39b-1c7feee58663,e8aeb018-f679-5670-b210-de4f62ff2111,9928e9a1-d9fc-5fdd-86c2-8909352fd7fe,botica,7fb983e8-6848-5425-97a2-14da72722d0f,LT-000005-202505-2473,2028-03-07,0,a6f6d890-1609-53fc-b4a6-5733ccc9d078
a15d19fb-5c6e-5940-b73d-7fcf387b7dc2,e8aeb018-f679-5670-b210-de4f62ff2111,d2f08f15-f9f2-5f65-a740-b05896774467,botica,26f7241d-a84e-5e4a-a43d-33eea1e54eea,LT-000017-202505-2474,2026-11-07,0,41cb90d0-d91a-57c2-b138-831be351479f
36ff25a0-09cd-5789-b0fb-2f540febc975,e8aeb018-f679-5670-b210-de4f62ff2111,012857cc-907f-5e7d-b8fb-796d2c9f1621,botica,26f7241d-a84e-5e4a-a43d-33eea1e54eea,LT-000028-202505-2475,2026-09-18,0,ab4a547f-e75d-5601-8171-00da4efa4b57
512b21e9-be17-5bc4-80be-72951255b1e6,e8aeb018-f679-5670-b210-de4f62ff2111,2933d8b7-2438-521b-b38d-d3a5224f87fc,botica,43616d97-2221-569d-82eb-bcc14bcd6344,LT-000002-202505-2476,2026-02-19,0,41cb90d0-d91a-57c2-b138-831be351479f
8d8e3928-44ad-5c35-aec5-a36d8ecfb9d4,e8aeb018-f679-5670-b210-de4f62ff2111,0ec23038-d3ab-588c-bbd6-1f5c744cdde1,botica,43616d97-2221-569d-82eb-bcc14bcd6344,LT-000025-202505-2477,2027-05-14,0,a6f6d890-1609-53fc-b4a6-5733ccc9d078
793b4694-e80f-513d-8696-39960bf578d8,e8aeb018-f679-5670-b210-de4f62ff2111,2082733c-4e17-51fe-bc8c-bf33d3ec5d7e,botica,d6f21f11-7533-52dd-a4dc-2fb8e260c02c,LT-000016-202505-2478,2026-03-17,0,76d6c9f4-5d7d-53c0-bb1f-2a577383765a
94b3d733-0d4b-5bda-999d-02859860ca42,e8aeb018-f679-5670-b210-de4f62ff2111,d2f08f15-f9f2-5f65-a740-b05896774467,botica,d6f21f11-7533-52dd-a4dc-2fb8e260c02c,LT-000017-202505-2479,2026-07-12,0,41cb90d0-d91a-57c2-b138-831be351479f
c64f7cfc-5751-52ba-a19b-d4e07f627a8f,e8aeb018-f679-5670-b210-de4f62ff2111,d0ae6d2d-e561-56b3-a2c1-113c1c56ae81,botica,d6f21f11-7533-52dd-a4dc-2fb8e260c02c,LT-000021-202505-2480,2026-03-02,0,76d6c9f4-5d7d-53c0-bb1f-2a577383765a
5b984641-c803-57e1-b671-88c2b229e49a,e8aeb018-f679-5670-b210-de4f62ff2111,82cd11ba-d1a0-58b1-b14f-edd741f36e87,botica,7fb983e8-6848-5425-97a2-14da72722d0f,LT-000007-202505-2481,2026-06-19,0,41cb90d0-d91a-57c2-b138-831be351479f
63695be4-2e6a-58ed-85ec-658a02c7905b,e8aeb018-f679-5670-b210-de4f62ff2111,38adf7ba-476e-5e6b-9163-781a13538253,botica,7fb983e8-6848-5425-97a2-14da72722d0f,LT-000012-202505-2482,2027-04-25,0,41cb90d0-d91a-57c2-b138-831be351479f
59af3e47-ea8d-5058-9389-7911932023e0,e8aeb018-f679-5670-b210-de4f62ff2111,cd81184b-b6f1-563c-b463-36a69ddfb598,botica,26f7241d-a84e-5e4a-a43d-33eea1e54eea,LT-000026-202505-2483,2026-08-16,0,76d6c9f4-5d7d-53c0-bb1f-2a577383765a
c4944933-fb04-58be-ba25-9348c5742e9d,e8aeb018-f679-5670-b210-de4f62ff2111,82cd11ba-d1a0-58b1-b14f-edd741f36e87,botica,43616d97-2221-569d-82eb-bcc14bcd6344,LT-000007-202505-2484,2026-12-03,0,41cb90d0-d91a-57c2-b138-831be351479f
dad88e25-b284-5138-ae2e-60131e4208da,e8aeb018-f679-5670-b210-de4f62ff2111,afe9d181-1c64-5cca-b4b7-a9fa24eceeea,botica,d6f21f11-7533-52dd-a4dc-2fb8e260c02c,LT-000020-202505-2485,2026-10-16,0,a6f6d890-1609-53fc-b4a6-5733ccc9d078
4cb94ab3-a95a-5d57-a369-8acd4f92df12,e8aeb018-f679-5670-b210-de4f62ff2111,2eb3a104-e572-583a-afa0-156ee0dc4cce,botica,26f7241d-a84e-5e4a-a43d-33eea1e54eea,LT-000019-202505-2486,2027-03-26,0,c6617891-56ff-5690-89a4-1ece06685ff5
18762a88-e0c8-540a-86f6-f4901829fa38,e8aeb018-f679-5670-b210-de4f62ff2111,afe9d181-1c64-5cca-b4b7-a9fa24eceeea,botica,26f7241d-a84e-5e4a-a43d-33eea1e54eea,LT-000020-202505-2487,2026-04-07,0,a6f6d890-1609-53fc-b4a6-5733ccc9d078
1b838687-1b3d-5f84-9458-8266ddcc23c0,e8aeb018-f679-5670-b210-de4f62ff2111,1e9605fd-5682-52b6-8f05-e8a92dd44513,botica,43616d97-2221-569d-82eb-bcc14bcd6344,LT-000030-202505-2488,2026-02-26,0,a6f6d890-1609-53fc-b4a6-5733ccc9d078
184bcf26-4b9f-58ca-b487-71b213ac00a1,e8aeb018-f679-5670-b210-de4f62ff2111,9928e9a1-d9fc-5fdd-86c2-8909352fd7fe,botica,8ecedccf-c230-516b-bbc2-108f7a6fbe63,LT-000005-202505-2489,2027-05-24,0,a6f6d890-1609-53fc-b4a6-5733ccc9d078
67280934-1c7b-5c37-82fe-e516b0ce010c,e8aeb018-f679-5670-b210-de4f62ff2111,058c6382-bde2-59d1-93ff-20c6161a4736,botica,8ecedccf-c230-516b-bbc2-108f7a6fbe63,LT-000009-202505-2490,2027-04-27,0,c6617891-56ff-5690-89a4-1ece06685ff5
43ead107-37c0-5b9c-bf65-f0639846a57b,e8aeb018-f679-5670-b210-de4f62ff2111,983871db-adfb-543e-b438-6b00044ffb64,botica,8ecedccf-c230-516b-bbc2-108f7a6fbe63,LT-000015-202505-2491,2027-08-07,0,a6f6d890-1609-53fc-b4a6-5733ccc9d078
acf8cf29-7941-53df-866b-b834791fa0c5,e8aeb018-f679-5670-b210-de4f62ff2111,d0ae6d2d-e561-56b3-a2c1-113c1c56ae81,botica,8ecedccf-c230-516b-bbc2-108f7a6fbe63,LT-000021-202505-2492,2028-02-28,0,76d6c9f4-5d7d-53c0-bb1f-2a577383765a
2d20410b-95b8-5015-a2a1-12397895f3a2,e8aeb018-f679-5670-b210-de4f62ff2111,1ca3438e-9e23-58f0-a35f-f15f7a23beb9,botica,8ecedccf-c230-516b-bbc2-108f7a6fbe63,LT-000024-202505-2493,2025-12-10,0,c6617891-56ff-5690-89a4-1ece06685ff5
d8f1322d-fa8c-591d-b4c6-c83ef4f83b5b,e8aeb018-f679-5670-b210-de4f62ff2111,87b859e0-789a-56e6-b1ba-4fe76221d3bf,botica,7fb983e8-6848-5425-97a2-14da72722d0f,LT-000014-202505-2494,2027-06-04,0,c6617891-56ff-5690-89a4-1ece06685ff5
24be2583-2fb3-50c0-8ecc-ef352e4ca77a,e8aeb018-f679-5670-b210-de4f62ff2111,012857cc-907f-5e7d-b8fb-796d2c9f1621,botica,7fb983e8-6848-5425-97a2-14da72722d0f,LT-000028-202505-2495,2027-01-10,0,ab4a547f-e75d-5601-8171-00da4efa4b57
18835b5b-3604-58b1-b4d7-970dc647789d,e8aeb018-f679-5670-b210-de4f62ff2111,82cd11ba-d1a0-58b1-b14f-edd741f36e87,botica,26f7241d-a84e-5e4a-a43d-33eea1e54eea,LT-000007-202505-2496,2025-12-29,0,41cb90d0-d91a-57c2-b138-831be351479f
a2468018-8d38-5288-8115-bc061f593a1f,e8aeb018-f679-5670-b210-de4f62ff2111,94e18241-54bd-5516-b36f-94ab6e323aca,botica,26f7241d-a84e-5e4a-a43d-33eea1e54eea,LT-000013-202505-2497,2028-02-15,0,ab4a547f-e75d-5601-8171-00da4efa4b57
20ff9ee3-572a-59b1-9554-5143a74ef500,e8aeb018-f679-5670-b210-de4f62ff2111,5bbfdec8-65ae-59e6-b211-5eccb5b765fa,botica,d6f21f11-7533-52dd-a4dc-2fb8e260c02c,LT-000006-202505-2498,2027-07-17,0,76d6c9f4-5d7d-53c0-bb1f-2a577383765a
c4ef0a1c-96ff-5aac-ab42-a0dccf7f7ca1,e8aeb018-f679-5670-b210-de4f62ff2111,94e18241-54bd-5516-b36f-94ab6e323aca,botica,8ecedccf-c230-516b-bbc2-108f7a6fbe63,LT-000013-202505-2499,2027-08-21,0,ab4a547f-e75d-5601-8171-00da4efa4b57
45969ef4-a3da-520d-a835-88e40173b0c5,e8aeb018-f679-5670-b210-de4f62ff2111,afe9d181-1c64-5cca-b4b7-a9fa24eceeea,botica,7fb983e8-6848-5425-97a2-14da72722d0f,LT-000020-202505-2500,2027-09-15,0,a6f6d890-1609-53fc-b4a6-5733ccc9d078
fa716cd0-17bf-5c5e-af64-6b9e9e9eac15,e8aeb018-f679-5670-b210-de4f62ff2111,87b859e0-789a-56e6-b1ba-4fe76221d3bf,botica,26f7241d-a84e-5e4a-a43d-33eea1e54eea,LT-000014-202505-2501,2027-10-30,0,c6617891-56ff-5690-89a4-1ece06685ff5
c9fdbc89-c2f7-564d-9b7d-36ed369c9bd3,e8aeb018-f679-5670-b210-de4f62ff2111,012857cc-907f-5e7d-b8fb-796d2c9f1621,botica,43616d97-2221-569d-82eb-bcc14bcd6344,LT-000028-202505-2502,2026-09-04,0,ab4a547f-e75d-5601-8171-00da4efa4b57
edb36a23-7154-51b1-ae8e-51b872e99bde,e8aeb018-f679-5670-b210-de4f62ff2111,d3961f5a-3ea7-53d3-89f4-78b65b0c0c6b,botica,26f7241d-a84e-5e4a-a43d-33eea1e54eea,LT-000001-202505-2503,2028-05-10,0,76d6c9f4-5d7d-53c0-bb1f-2a577383765a
a3248a58-cb05-5396-80bb-eb205c4fa109,e8aeb018-f679-5670-b210-de4f62ff2111,5bbfdec8-65ae-59e6-b211-5eccb5b765fa,botica,26f7241d-a84e-5e4a-a43d-33eea1e54eea,LT-000006-202505-2504,2027-07-03,0,76d6c9f4-5d7d-53c0-bb1f-2a577383765a
6dec1ef2-6fb3-5e6d-af1d-323b8638e473,e8aeb018-f679-5670-b210-de4f62ff2111,22231140-3780-5fe8-a7d4-d33f61d15111,botica,43616d97-2221-569d-82eb-bcc14bcd6344,LT-000023-202505-2505,2027-08-28,0,ab4a547f-e75d-5601-8171-00da4efa4b57
b54512f0-6187-5e41-b3e8-958b4527c93d,e8aeb018-f679-5670-b210-de4f62ff2111,c0cf5e5c-b5c9-585a-8e79-d9830bc954f6,botica,8ecedccf-c230-516b-bbc2-108f7a6fbe63,LT-000011-202505-2506,2026-12-08,0,76d6c9f4-5d7d-53c0-bb1f-2a577383765a
2dddaf36-65a4-5ccf-bbd8-18de2938d745,e8aeb018-f679-5670-b210-de4f62ff2111,38adf7ba-476e-5e6b-9163-781a13538253,botica,8ecedccf-c230-516b-bbc2-108f7a6fbe63,LT-000012-202505-2507,2026-06-20,0,41cb90d0-d91a-57c2-b138-831be351479f
189d36a8-9a94-57bd-80a3-32fc39db0c5b,e8aeb018-f679-5670-b210-de4f62ff2111,012857cc-907f-5e7d-b8fb-796d2c9f1621,botica,8ecedccf-c230-516b-bbc2-108f7a6fbe63,LT-000028-202505-2508,2027-01-26,0,ab4a547f-e75d-5601-8171-00da4efa4b57
106df3f6-4134-50aa-9db4-b9619e57919a,e8aeb018-f679-5670-b210-de4f62ff2111,2082733c-4e17-51fe-bc8c-bf33d3ec5d7e,botica,7fb983e8-6848-5425-97a2-14da72722d0f,LT-000016-202505-2509,2027-12-16,0,76d6c9f4-5d7d-53c0-bb1f-2a577383765a
3bea477b-c56f-5615-ab1c-c5b38aa4df57,e8aeb018-f679-5670-b210-de4f62ff2111,2897aac2-f219-5167-b800-73fac27f6b85,botica,7fb983e8-6848-5425-97a2-14da72722d0f,LT-000022-202505-2510,2026-07-06,0,41cb90d0-d91a-57c2-b138-831be351479f
19ab5cbe-dcd9-532c-b176-e0aac80acde3,e8aeb018-f679-5670-b210-de4f62ff2111,6d807393-f4ab-5f76-b544-251eeda27ba3,botica,26f7241d-a84e-5e4a-a43d-33eea1e54eea,LT-000003-202505-2511,2027-01-06,0,ab4a547f-e75d-5601-8171-00da4efa4b57
e14add87-40a9-5371-b87b-4e3f12f08a10,e8aeb018-f679-5670-b210-de4f62ff2111,2eb3a104-e572-583a-afa0-156ee0dc4cce,botica,d6f21f11-7533-52dd-a4dc-2fb8e260c02c,LT-000019-202505-2512,2026-01-15,0,c6617891-56ff-5690-89a4-1ece06685ff5
e703c3eb-09a7-580d-a1cb-cd160f1b6606,e8aeb018-f679-5670-b210-de4f62ff2111,6d807393-f4ab-5f76-b544-251eeda27ba3,botica,7fb983e8-6848-5425-97a2-14da72722d0f,LT-000003-202505-2513,2027-11-22,0,ab4a547f-e75d-5601-8171-00da4efa4b57
90ace4c2-3aed-5840-ad59-c618d941bb0c,e8aeb018-f679-5670-b210-de4f62ff2111,1ca3438e-9e23-58f0-a35f-f15f7a23beb9,botica,7fb983e8-6848-5425-97a2-14da72722d0f,LT-000024-202505-2514,2027-04-27,0,c6617891-56ff-5690-89a4-1ece06685ff5
359f731a-525f-56e6-8089-033bc6e5d68a,e8aeb018-f679-5670-b210-de4f62ff2111,07371b94-955f-52a4-9bf9-f0a6ad2b4fa8,botica,26f7241d-a84e-5e4a-a43d-33eea1e54eea,LT-000008-202505-2515,2026-05-01,0,ab4a547f-e75d-5601-8171-00da4efa4b57
51862ad1-d7e4-5bd8-a801-de766bcb0705,e8aeb018-f679-5670-b210-de4f62ff2111,042e2e80-f954-5df4-97be-29dd428cc598,botica,43616d97-2221-569d-82eb-bcc14bcd6344,LT-000004-202505-2516,2027-01-20,0,c6617891-56ff-5690-89a4-1ece06685ff5
e92b4018-10dc-510b-9348-a1799dbf7b8e,e8aeb018-f679-5670-b210-de4f62ff2111,6baabed2-52d7-5cb7-bf74-86c7cb3e4f07,botica,d6f21f11-7533-52dd-a4dc-2fb8e260c02c,LT-000027-202505-2517,2026-02-14,0,41cb90d0-d91a-57c2-b138-831be351479f
2145084c-ee39-55e7-b1d0-dc82fde63082,e8aeb018-f679-5670-b210-de4f62ff2111,2897aac2-f219-5167-b800-73fac27f6b85,botica,26f7241d-a84e-5e4a-a43d-33eea1e54eea,LT-000022-202505-2518,2025-12-02,0,41cb90d0-d91a-57c2-b138-831be351479f
98162ae3-15e5-5e0e-864b-319b5df9a171,e8aeb018-f679-5670-b210-de4f62ff2111,d9506935-1215-5499-93c0-8bdd86ab9418,botica,26f7241d-a84e-5e4a-a43d-33eea1e54eea,LT-000029-202505-2519,2026-09-23,0,c6617891-56ff-5690-89a4-1ece06685ff5
cf0ddbc4-6526-5634-87f2-57d7736870c9,e8aeb018-f679-5670-b210-de4f62ff2111,d3961f5a-3ea7-53d3-89f4-78b65b0c0c6b,botica,43616d97-2221-569d-82eb-bcc14bcd6344,LT-000001-202505-2520,2027-04-06,0,76d6c9f4-5d7d-53c0-bb1f-2a577383765a
6e2b7625-0b77-5180-a38a-1b405829ac5e,e8aeb018-f679-5670-b210-de4f62ff2111,07371b94-955f-52a4-9bf9-f0a6ad2b4fa8,botica,43616d97-2221-569d-82eb-bcc14bcd6344,LT-000008-202505-2521,2026-09-12,0,ab4a547f-e75d-5601-8171-00da4efa4b57
253ab96b-83b1-5b9e-9eb2-2580a66d2ee5,e8aeb018-f679-5670-b210-de4f62ff2111,c0cf5e5c-b5c9-585a-8e79-d9830bc954f6,botica,43616d97-2221-569d-82eb-bcc14bcd6344,LT-000011-202505-2522,2027-12-12,0,76d6c9f4-5d7d-53c0-bb1f-2a577383765a
377efe3c-0661-5c1a-8160-d3fd0fc681dd,e8aeb018-f679-5670-b210-de4f62ff2111,2933d8b7-2438-521b-b38d-d3a5224f87fc,botica,d6f21f11-7533-52dd-a4dc-2fb8e260c02c,LT-000002-202505-2523,2027-10-15,0,41cb90d0-d91a-57c2-b138-831be351479f
6b4df031-c10d-5672-ac9f-58bdfbbbe6bf,e8aeb018-f679-5670-b210-de4f62ff2111,042e2e80-f954-5df4-97be-29dd428cc598,botica,8ecedccf-c230-516b-bbc2-108f7a6fbe63,LT-000004-202505-2524,2026-07-08,0,c6617891-56ff-5690-89a4-1ece06685ff5
9a041daf-f379-533d-89af-70b1b83d400d,e8aeb018-f679-5670-b210-de4f62ff2111,87b859e0-789a-56e6-b1ba-4fe76221d3bf,botica,8ecedccf-c230-516b-bbc2-108f7a6fbe63,LT-000014-202505-2525,2026-06-08,0,c6617891-56ff-5690-89a4-1ece06685ff5
65cbb1f4-6921-5797-8a7d-db7b4d9388e2,e8aeb018-f679-5670-b210-de4f62ff2111,983871db-adfb-543e-b438-6b00044ffb64,botica,7fb983e8-6848-5425-97a2-14da72722d0f,LT-000015-202505-2526,2028-02-24,0,a6f6d890-1609-53fc-b4a6-5733ccc9d078
2760402f-27ed-5376-bc95-93596a4d3d62,e8aeb018-f679-5670-b210-de4f62ff2111,1e9605fd-5682-52b6-8f05-e8a92dd44513,botica,7fb983e8-6848-5425-97a2-14da72722d0f,LT-000030-202505-2527,2026-04-10,0,a6f6d890-1609-53fc-b4a6-5733ccc9d078
5e8940d3-d9f1-5726-912d-b2da56cbc3ee,e8aeb018-f679-5670-b210-de4f62ff2111,058c6382-bde2-59d1-93ff-20c6161a4736,botica,26f7241d-a84e-5e4a-a43d-33eea1e54eea,LT-000009-202505-2528,2027-10-15,0,c6617891-56ff-5690-89a4-1ece06685ff5
25dc37b6-bafe-5afd-af3f-4aaed855bfc1,e8aeb018-f679-5670-b210-de4f62ff2111,d3961f5a-3ea7-53d3-89f4-78b65b0c0c6b,botica,8ecedccf-c230-516b-bbc2-108f7a6fbe63,LT-000001-202505-2529,2027-04-06,0,76d6c9f4-5d7d-53c0-bb1f-2a577383765a
bc414054-2bfc-5344-b32a-87948478206e,e8aeb018-f679-5670-b210-de4f62ff2111,6baabed2-52d7-5cb7-bf74-86c7cb3e4f07,botica,8ecedccf-c230-516b-bbc2-108f7a6fbe63,LT-000027-202505-2530,2028-03-14,0,41cb90d0-d91a-57c2-b138-831be351479f
5a566d5a-452e-513b-8ff4-c1f2089efda8,e8aeb018-f679-5670-b210-de4f62ff2111,d9506935-1215-5499-93c0-8bdd86ab9418,botica,8ecedccf-c230-516b-bbc2-108f7a6fbe63,LT-000029-202505-2531,2027-08-01,0,c6617891-56ff-5690-89a4-1ece06685ff5
492ad6c0-4331-538f-80d6-b4761116bc88,e8aeb018-f679-5670-b210-de4f62ff2111,9928e9a1-d9fc-5fdd-86c2-8909352fd7fe,botica,d6f21f11-7533-52dd-a4dc-2fb8e260c02c,LT-000005-202505-2532,2026-11-27,0,a6f6d890-1609-53fc-b4a6-5733ccc9d078
f817b248-5fef-5e2a-bd96-f6c139cb72b2,e8aeb018-f679-5670-b210-de4f62ff2111,38adf7ba-476e-5e6b-9163-781a13538253,botica,d6f21f11-7533-52dd-a4dc-2fb8e260c02c,LT-000012-202505-2533,2026-05-21,0,41cb90d0-d91a-57c2-b138-831be351479f
d5ac6a74-eb52-5f38-81c6-b83be0011437,e8aeb018-f679-5670-b210-de4f62ff2111,5bbfdec8-65ae-59e6-b211-5eccb5b765fa,botica,7fb983e8-6848-5425-97a2-14da72722d0f,LT-000006-202505-2534,2026-04-19,0,76d6c9f4-5d7d-53c0-bb1f-2a577383765a
0d12eea0-90e9-5513-bcb9-e2033774c1f0,e8aeb018-f679-5670-b210-de4f62ff2111,22231140-3780-5fe8-a7d4-d33f61d15111,botica,7fb983e8-6848-5425-97a2-14da72722d0f,LT-000023-202505-2535,2027-10-28,0,ab4a547f-e75d-5601-8171-00da4efa4b57
b21dc6e8-2673-5322-b569-babe8ff1f795,e8aeb018-f679-5670-b210-de4f62ff2111,c0cf5e5c-b5c9-585a-8e79-d9830bc954f6,botica,26f7241d-a84e-5e4a-a43d-33eea1e54eea,LT-000011-202505-2536,2028-01-14,0,76d6c9f4-5d7d-53c0-bb1f-2a577383765a
8b29f9cf-ff2f-5ee3-bbe6-478061a87753,e8aeb018-f679-5670-b210-de4f62ff2111,97d26d91-c562-5f27-9ebd-285e89c8f4bf,botica,26f7241d-a84e-5e4a-a43d-33eea1e54eea,LT-000018-202505-2537,2027-10-08,0,ab4a547f-e75d-5601-8171-00da4efa4b57
6164c908-606e-57fc-9b53-2c646b7d537a,e8aeb018-f679-5670-b210-de4f62ff2111,d0ae6d2d-e561-56b3-a2c1-113c1c56ae81,botica,26f7241d-a84e-5e4a-a43d-33eea1e54eea,LT-000021-202505-2538,2026-02-26,0,76d6c9f4-5d7d-53c0-bb1f-2a577383765a
28b4814a-fbd6-5bc5-b271-d3c30718a97d,e8aeb018-f679-5670-b210-de4f62ff2111,4d9429b6-2ebf-5b5d-ac48-f779d5a1e270,botica,43616d97-2221-569d-82eb-bcc14bcd6344,LT-000010-202505-2539,2026-02-17,0,a6f6d890-1609-53fc-b4a6-5733ccc9d078
0d645a23-a152-5c05-86c3-b5a423aa980c,e8aeb018-f679-5670-b210-de4f62ff2111,afe9d181-1c64-5cca-b4b7-a9fa24eceeea,botica,43616d97-2221-569d-82eb-bcc14bcd6344,LT-000020-202505-2540,2026-05-11,0,a6f6d890-1609-53fc-b4a6-5733ccc9d078
c16b0397-35e6-5b87-8cd7-03b86d63e20f,e8aeb018-f679-5670-b210-de4f62ff2111,d0ae6d2d-e561-56b3-a2c1-113c1c56ae81,botica,43616d97-2221-569d-82eb-bcc14bcd6344,LT-000021-202505-2541,2027-08-13,0,76d6c9f4-5d7d-53c0-bb1f-2a577383765a
2416fd8d-a3fc-56f8-beab-6a1e63bc7efa,e8aeb018-f679-5670-b210-de4f62ff2111,2897aac2-f219-5167-b800-73fac27f6b85,botica,d6f21f11-7533-52dd-a4dc-2fb8e260c02c,LT-000022-202505-2542,2025-11-16,0,41cb90d0-d91a-57c2-b138-831be351479f
64dffd01-e875-50bd-bc37-b3fb4ff4602e,e8aeb018-f679-5670-b210-de4f62ff2111,07371b94-955f-52a4-9bf9-f0a6ad2b4fa8,botica,7fb983e8-6848-5425-97a2-14da72722d0f,LT-000008-202505-2543,2028-03-01,0,ab4a547f-e75d-5601-8171-00da4efa4b57
7fa95c0d-9160-5d31-85ee-3de4f403d64d,e8aeb018-f679-5670-b210-de4f62ff2111,058c6382-bde2-59d1-93ff-20c6161a4736,botica,7fb983e8-6848-5425-97a2-14da72722d0f,LT-000009-202505-2544,2027-01-29,0,c6617891-56ff-5690-89a4-1ece06685ff5
63f8e1bc-2864-54bb-ae8d-99b4b9c3b7fa,e8aeb018-f679-5670-b210-de4f62ff2111,0ec23038-d3ab-588c-bbd6-1f5c744cdde1,botica,7fb983e8-6848-5425-97a2-14da72722d0f,LT-000025-202505-2545,2026-03-02,0,a6f6d890-1609-53fc-b4a6-5733ccc9d078
e6d6ee66-3cf5-5d73-8fd4-2d4fb969f113,e8aeb018-f679-5670-b210-de4f62ff2111,4d9429b6-2ebf-5b5d-ac48-f779d5a1e270,botica,26f7241d-a84e-5e4a-a43d-33eea1e54eea,LT-000010-202505-2546,2027-04-13,0,a6f6d890-1609-53fc-b4a6-5733ccc9d078
6b91b3d8-c569-5f6a-ad9d-5d36da7b9c57,e8aeb018-f679-5670-b210-de4f62ff2111,38adf7ba-476e-5e6b-9163-781a13538253,botica,26f7241d-a84e-5e4a-a43d-33eea1e54eea,LT-000012-202505-2547,2028-04-15,0,41cb90d0-d91a-57c2-b138-831be351479f
d70e57e6-b05f-54c3-a468-a786c9d9c9b7,e8aeb018-f679-5670-b210-de4f62ff2111,983871db-adfb-543e-b438-6b00044ffb64,botica,26f7241d-a84e-5e4a-a43d-33eea1e54eea,LT-000015-202505-2548,2028-01-09,0,a6f6d890-1609-53fc-b4a6-5733ccc9d078
8c32514e-8b14-5cc0-92c4-b2d96fe13d59,e8aeb018-f679-5670-b210-de4f62ff2111,9928e9a1-d9fc-5fdd-86c2-8909352fd7fe,botica,43616d97-2221-569d-82eb-bcc14bcd6344,LT-000005-202505-2549,2027-05-18,0,a6f6d890-1609-53fc-b4a6-5733ccc9d078
7eece4ac-f59b-5b60-a898-5e14b8e25de4,e8aeb018-f679-5670-b210-de4f62ff2111,058c6382-bde2-59d1-93ff-20c6161a4736,botica,43616d97-2221-569d-82eb-bcc14bcd6344,LT-000009-202505-2550,2027-12-04,0,c6617891-56ff-5690-89a4-1ece06685ff5
355c9947-929c-5ab6-a55e-4680824ba3f1,e8aeb018-f679-5670-b210-de4f62ff2111,82cd11ba-d1a0-58b1-b14f-edd741f36e87,botica,d6f21f11-7533-52dd-a4dc-2fb8e260c02c,LT-000007-202505-2551,2028-02-21,0,41cb90d0-d91a-57c2-b138-831be351479f
59215524-b173-5ee9-bd42-05abac3956f4,e8aeb018-f679-5670-b210-de4f62ff2111,07371b94-955f-52a4-9bf9-f0a6ad2b4fa8,botica,d6f21f11-7533-52dd-a4dc-2fb8e260c02c,LT-000008-202505-2552,2027-07-03,0,ab4a547f-e75d-5601-8171-00da4efa4b57
1700003e-69b2-5041-bd01-4d254162e2b3,e8aeb018-f679-5670-b210-de4f62ff2111,2933d8b7-2438-521b-b38d-d3a5224f87fc,botica,26f7241d-a84e-5e4a-a43d-33eea1e54eea,LT-000002-202505-2553,2028-03-03,0,41cb90d0-d91a-57c2-b138-831be351479f
b053e06f-a179-50f6-8a2b-c13b260f2065,e8aeb018-f679-5670-b210-de4f62ff2111,94e18241-54bd-5516-b36f-94ab6e323aca,botica,43616d97-2221-569d-82eb-bcc14bcd6344,LT-000013-202505-2554,2026-10-23,0,ab4a547f-e75d-5601-8171-00da4efa4b57
4567ad0f-706b-510d-849b-09cab93987af,e8aeb018-f679-5670-b210-de4f62ff2111,012857cc-907f-5e7d-b8fb-796d2c9f1621,botica,d6f21f11-7533-52dd-a4dc-2fb8e260c02c,LT-000028-202505-2555,2028-03-03,0,ab4a547f-e75d-5601-8171-00da4efa4b57
65e34fe7-ae3d-5b2e-ade2-62fceceaebf0,e8aeb018-f679-5670-b210-de4f62ff2111,22231140-3780-5fe8-a7d4-d33f61d15111,botica,8ecedccf-c230-516b-bbc2-108f7a6fbe63,LT-000023-202505-2556,2027-10-21,0,ab4a547f-e75d-5601-8171-00da4efa4b57
db2ebe9c-3cff-5621-9cbe-d39f7a2bb1ab,e8aeb018-f679-5670-b210-de4f62ff2111,d0ae6d2d-e561-56b3-a2c1-113c1c56ae81,botica,7fb983e8-6848-5425-97a2-14da72722d0f,LT-000021-202505-2557,2028-05-06,0,76d6c9f4-5d7d-53c0-bb1f-2a577383765a
abf4831f-9bae-574c-a0ba-f61b5a5845e9,e8aeb018-f679-5670-b210-de4f62ff2111,042e2e80-f954-5df4-97be-29dd428cc598,botica,26f7241d-a84e-5e4a-a43d-33eea1e54eea,LT-000004-202505-2558,2026-05-29,0,c6617891-56ff-5690-89a4-1ece06685ff5
9f909963-5e90-5d3f-9b3d-dc355140da32,e8aeb018-f679-5670-b210-de4f62ff2111,058c6382-bde2-59d1-93ff-20c6161a4736,botica,d6f21f11-7533-52dd-a4dc-2fb8e260c02c,LT-000009-202505-2559,2026-04-13,0,c6617891-56ff-5690-89a4-1ece06685ff5
3005fcae-2aa1-5a7d-b369-0b88ecd393ba,e8aeb018-f679-5670-b210-de4f62ff2111,94e18241-54bd-5516-b36f-94ab6e323aca,botica,d6f21f11-7533-52dd-a4dc-2fb8e260c02c,LT-000013-202505-2560,2027-10-12,0,ab4a547f-e75d-5601-8171-00da4efa4b57
8faa6f41-1466-5338-8468-ef94573348fc,e8aeb018-f679-5670-b210-de4f62ff2111,d3961f5a-3ea7-53d3-89f4-78b65b0c0c6b,botica,7fb983e8-6848-5425-97a2-14da72722d0f,LT-000001-202505-2561,2026-02-06,0,76d6c9f4-5d7d-53c0-bb1f-2a577383765a
8201617a-92fe-57c7-8a0a-ae382b1bc1cd,e8aeb018-f679-5670-b210-de4f62ff2111,82cd11ba-d1a0-58b1-b14f-edd741f36e87,botica,7fb983e8-6848-5425-97a2-14da72722d0f,LT-000007-202505-2562,2027-05-29,0,41cb90d0-d91a-57c2-b138-831be351479f
9f678d8d-0bc0-525b-a024-3fc967365195,e8aeb018-f679-5670-b210-de4f62ff2111,22231140-3780-5fe8-a7d4-d33f61d15111,botica,26f7241d-a84e-5e4a-a43d-33eea1e54eea,LT-000023-202505-2563,2028-05-21,0,ab4a547f-e75d-5601-8171-00da4efa4b57
c4c81741-a853-5c0d-b982-d24c1f117c40,e8aeb018-f679-5670-b210-de4f62ff2111,0ec23038-d3ab-588c-bbd6-1f5c744cdde1,botica,43616d97-2221-569d-82eb-bcc14bcd6344,LT-000025-202505-2564,2028-03-08,0,a6f6d890-1609-53fc-b4a6-5733ccc9d078
1b852b4c-1537-50db-b810-f06e4b472822,e8aeb018-f679-5670-b210-de4f62ff2111,cd81184b-b6f1-563c-b463-36a69ddfb598,botica,43616d97-2221-569d-82eb-bcc14bcd6344,LT-000026-202505-2565,2027-05-20,0,76d6c9f4-5d7d-53c0-bb1f-2a577383765a
6f8cee22-bde7-57d6-8c8e-558e2fc00d40,e8aeb018-f679-5670-b210-de4f62ff2111,c0cf5e5c-b5c9-585a-8e79-d9830bc954f6,botica,d6f21f11-7533-52dd-a4dc-2fb8e260c02c,LT-000011-202505-2566,2028-02-26,0,76d6c9f4-5d7d-53c0-bb1f-2a577383765a
68e1b511-59c0-56fb-85cb-35b070794a2f,e8aeb018-f679-5670-b210-de4f62ff2111,0ec23038-d3ab-588c-bbd6-1f5c744cdde1,botica,d6f21f11-7533-52dd-a4dc-2fb8e260c02c,LT-000025-202505-2567,2026-10-10,0,a6f6d890-1609-53fc-b4a6-5733ccc9d078
4bd0d1aa-ce3f-5e65-bfdf-f57b7544c58a,e8aeb018-f679-5670-b210-de4f62ff2111,07371b94-955f-52a4-9bf9-f0a6ad2b4fa8,botica,8ecedccf-c230-516b-bbc2-108f7a6fbe63,LT-000008-202505-2568,2026-08-26,0,ab4a547f-e75d-5601-8171-00da4efa4b57
378214d5-94d4-5bc5-923d-a28640a644cb,e8aeb018-f679-5670-b210-de4f62ff2111,2897aac2-f219-5167-b800-73fac27f6b85,botica,8ecedccf-c230-516b-bbc2-108f7a6fbe63,LT-000022-202505-2569,2027-04-14,0,41cb90d0-d91a-57c2-b138-831be351479f
d7f14890-480d-5614-8d6b-5003381822f7,e8aeb018-f679-5670-b210-de4f62ff2111,983871db-adfb-543e-b438-6b00044ffb64,botica,43616d97-2221-569d-82eb-bcc14bcd6344,LT-000015-202505-2570,2025-12-03,0,a6f6d890-1609-53fc-b4a6-5733ccc9d078
e25e70a9-f82a-5530-82e6-fd2f23f40921,e8aeb018-f679-5670-b210-de4f62ff2111,4d9429b6-2ebf-5b5d-ac48-f779d5a1e270,botica,d6f21f11-7533-52dd-a4dc-2fb8e260c02c,LT-000010-202505-2571,2026-08-05,0,a6f6d890-1609-53fc-b4a6-5733ccc9d078
10689677-18f9-55a5-b06e-5c73e3b8c905,e8aeb018-f679-5670-b210-de4f62ff2111,cd81184b-b6f1-563c-b463-36a69ddfb598,botica,d6f21f11-7533-52dd-a4dc-2fb8e260c02c,LT-000026-202505-2572,2026-03-21,0,76d6c9f4-5d7d-53c0-bb1f-2a577383765a
3155f1e1-e6ea-568f-9a4b-8f2dd01c2cb4,e8aeb018-f679-5670-b210-de4f62ff2111,2933d8b7-2438-521b-b38d-d3a5224f87fc,botica,8ecedccf-c230-516b-bbc2-108f7a6fbe63,LT-000002-202505-2573,2026-12-10,0,41cb90d0-d91a-57c2-b138-831be351479f
03f241d5-3e4e-5f21-9d1a-93fd8f53f8fc,e8aeb018-f679-5670-b210-de4f62ff2111,cd81184b-b6f1-563c-b463-36a69ddfb598,botica,8ecedccf-c230-516b-bbc2-108f7a6fbe63,LT-000026-202505-2574,2027-08-04,0,76d6c9f4-5d7d-53c0-bb1f-2a577383765a
559a9cad-31bb-5534-840a-4da1f89205a8,e8aeb018-f679-5670-b210-de4f62ff2111,87b859e0-789a-56e6-b1ba-4fe76221d3bf,botica,43616d97-2221-569d-82eb-bcc14bcd6344,LT-000014-202505-2575,2028-02-01,0,c6617891-56ff-5690-89a4-1ece06685ff5
67195a9f-f9ac-5292-bcce-4c39b93d6976,e8aeb018-f679-5670-b210-de4f62ff2111,97d26d91-c562-5f27-9ebd-285e89c8f4bf,botica,43616d97-2221-569d-82eb-bcc14bcd6344,LT-000018-202505-2576,2026-09-07,0,ab4a547f-e75d-5601-8171-00da4efa4b57
ae091bf9-010c-59c4-9fd1-b838e91cd697,e8aeb018-f679-5670-b210-de4f62ff2111,2eb3a104-e572-583a-afa0-156ee0dc4cce,botica,43616d97-2221-569d-82eb-bcc14bcd6344,LT-000019-202505-2577,2026-01-13,0,c6617891-56ff-5690-89a4-1ece06685ff5
6a74d6f0-99f0-53eb-b833-c402dcbfa73e,e8aeb018-f679-5670-b210-de4f62ff2111,22231140-3780-5fe8-a7d4-d33f61d15111,botica,d6f21f11-7533-52dd-a4dc-2fb8e260c02c,LT-000023-202505-2578,2026-05-04,0,ab4a547f-e75d-5601-8171-00da4efa4b57
a279ae05-2547-57c6-b0e0-0ea92392829e,e8aeb018-f679-5670-b210-de4f62ff2111,97d26d91-c562-5f27-9ebd-285e89c8f4bf,botica,8ecedccf-c230-516b-bbc2-108f7a6fbe63,LT-000018-202505-2579,2026-07-15,0,ab4a547f-e75d-5601-8171-00da4efa4b57
b8788b65-bec4-5f4e-883d-e527964b4d65,e8aeb018-f679-5670-b210-de4f62ff2111,0ec23038-d3ab-588c-bbd6-1f5c744cdde1,botica,8ecedccf-c230-516b-bbc2-108f7a6fbe63,LT-000025-202505-2580,2026-07-15,0,a6f6d890-1609-53fc-b4a6-5733ccc9d078
5a6f4bd2-51be-5ddc-89f3-8a5f6cf8ad25,e8aeb018-f679-5670-b210-de4f62ff2111,d2f08f15-f9f2-5f65-a740-b05896774467,botica,7fb983e8-6848-5425-97a2-14da72722d0f,LT-000017-202505-2581,2028-01-17,0,41cb90d0-d91a-57c2-b138-831be351479f
9fbf0601-9bef-5605-a0a5-f708c749d270,e8aeb018-f679-5670-b210-de4f62ff2111,cd81184b-b6f1-563c-b463-36a69ddfb598,botica,7fb983e8-6848-5425-97a2-14da72722d0f,LT-000026-202505-2582,2028-05-13,0,76d6c9f4-5d7d-53c0-bb1f-2a577383765a
6a112752-953c-5b11-82c1-80962a1c5364,e8aeb018-f679-5670-b210-de4f62ff2111,2082733c-4e17-51fe-bc8c-bf33d3ec5d7e,botica,26f7241d-a84e-5e4a-a43d-33eea1e54eea,LT-000016-202505-2583,2026-05-08,0,76d6c9f4-5d7d-53c0-bb1f-2a577383765a
da553e9d-3eea-5313-aa80-b27866b9b457,e8aeb018-f679-5670-b210-de4f62ff2111,6baabed2-52d7-5cb7-bf74-86c7cb3e4f07,botica,43616d97-2221-569d-82eb-bcc14bcd6344,LT-000027-202505-2584,2026-09-16,0,41cb90d0-d91a-57c2-b138-831be351479f
8f1dbe98-4fce-5fe9-898d-72c8381d3678,e8aeb018-f679-5670-b210-de4f62ff2111,6d807393-f4ab-5f76-b544-251eeda27ba3,botica,d6f21f11-7533-52dd-a4dc-2fb8e260c02c,LT-000003-202505-2585,2027-05-24,0,ab4a547f-e75d-5601-8171-00da4efa4b57
14fb4541-9970-5b82-9f6f-05b262e61bea,e8aeb018-f679-5670-b210-de4f62ff2111,1ca3438e-9e23-58f0-a35f-f15f7a23beb9,botica,d6f21f11-7533-52dd-a4dc-2fb8e260c02c,LT-000024-202505-2586,2026-03-09,0,c6617891-56ff-5690-89a4-1ece06685ff5
15a68426-5f4d-51fc-b365-bbd1940ad132,e8aeb018-f679-5670-b210-de4f62ff2111,1e9605fd-5682-52b6-8f05-e8a92dd44513,botica,8ecedccf-c230-516b-bbc2-108f7a6fbe63,LT-000030-202505-2587,2026-01-28,0,a6f6d890-1609-53fc-b4a6-5733ccc9d078
8adc9326-5a34-5b54-b26f-a3855905709b,e8aeb018-f679-5670-b210-de4f62ff2111,5bbfdec8-65ae-59e6-b211-5eccb5b765fa,botica,43616d97-2221-569d-82eb-bcc14bcd6344,LT-000006-202505-2588,2027-12-12,0,76d6c9f4-5d7d-53c0-bb1f-2a577383765a
2a41d6e9-401b-5730-8126-bad4d32305bb,e8aeb018-f679-5670-b210-de4f62ff2111,2897aac2-f219-5167-b800-73fac27f6b85,botica,43616d97-2221-569d-82eb-bcc14bcd6344,LT-000022-202505-2589,2027-09-06,0,41cb90d0-d91a-57c2-b138-831be351479f
d6b640c2-6688-5a08-aef6-ebfc000abfa2,e8aeb018-f679-5670-b210-de4f62ff2111,87b859e0-789a-56e6-b1ba-4fe76221d3bf,botica,d6f21f11-7533-52dd-a4dc-2fb8e260c02c,LT-000014-202505-2590,2027-01-02,0,c6617891-56ff-5690-89a4-1ece06685ff5
1231ca2d-b7a0-592e-accb-3ad24e46fc0d,e8aeb018-f679-5670-b210-de4f62ff2111,983871db-adfb-543e-b438-6b00044ffb64,botica,d6f21f11-7533-52dd-a4dc-2fb8e260c02c,LT-000015-202505-2591,2028-02-18,0,a6f6d890-1609-53fc-b4a6-5733ccc9d078
5aef284b-5ca2-5014-8ed5-ebd2fc72aca0,e8aeb018-f679-5670-b210-de4f62ff2111,82cd11ba-d1a0-58b1-b14f-edd741f36e87,botica,8ecedccf-c230-516b-bbc2-108f7a6fbe63,LT-000007-202505-2592,2028-03-16,0,41cb90d0-d91a-57c2-b138-831be351479f
6330dd80-fe69-5c83-926f-4048b35ed059,e8aeb018-f679-5670-b210-de4f62ff2111,4d9429b6-2ebf-5b5d-ac48-f779d5a1e270,botica,8ecedccf-c230-516b-bbc2-108f7a6fbe63,LT-000010-202505-2593,2026-11-10,0,a6f6d890-1609-53fc-b4a6-5733ccc9d078
438aafff-2e5b-5b44-aed7-e788e69a9c6d,e8aeb018-f679-5670-b210-de4f62ff2111,1e9605fd-5682-52b6-8f05-e8a92dd44513,botica,26f7241d-a84e-5e4a-a43d-33eea1e54eea,LT-000030-202505-2594,2026-11-25,0,a6f6d890-1609-53fc-b4a6-5733ccc9d078
5aef9423-6e96-5116-927d-ee0144b392d2,e8aeb018-f679-5670-b210-de4f62ff2111,2082733c-4e17-51fe-bc8c-bf33d3ec5d7e,botica,43616d97-2221-569d-82eb-bcc14bcd6344,LT-000016-202505-2595,2027-07-08,0,76d6c9f4-5d7d-53c0-bb1f-2a577383765a
b841895d-fd8a-5fba-9f53-d4e2c9ba77a6,e8aeb018-f679-5670-b210-de4f62ff2111,012857cc-907f-5e7d-b8fb-796d2c9f1621,botica,26f7241d-a84e-5e4a-a43d-33eea1e54eea,LT-000028-202505-2596,2026-02-15,0,ab4a547f-e75d-5601-8171-00da4efa4b57
3285e19b-40ac-575d-a42e-795bb374f60b,e8aeb018-f679-5670-b210-de4f62ff2111,6d807393-f4ab-5f76-b544-251eeda27ba3,botica,43616d97-2221-569d-82eb-bcc14bcd6344,LT-000003-202505-2597,2028-02-24,0,ab4a547f-e75d-5601-8171-00da4efa4b57
f37e0446-9268-572b-ac30-174cd7fe641e,e8aeb018-f679-5670-b210-de4f62ff2111,6d807393-f4ab-5f76-b544-251eeda27ba3,botica,8ecedccf-c230-516b-bbc2-108f7a6fbe63,LT-000003-202505-2598,2027-10-29,0,ab4a547f-e75d-5601-8171-00da4efa4b57
018bbd74-9b9d-560b-81b1-2fc01c9af285,e8aeb018-f679-5670-b210-de4f62ff2111,5bbfdec8-65ae-59e6-b211-5eccb5b765fa,botica,8ecedccf-c230-516b-bbc2-108f7a6fbe63,LT-000006-202505-2599,2027-06-27,0,76d6c9f4-5d7d-53c0-bb1f-2a577383765a
0471d572-dab5-5c23-913b-3787dae3b58a,e8aeb018-f679-5670-b210-de4f62ff2111,9928e9a1-d9fc-5fdd-86c2-8909352fd7fe,botica,7fb983e8-6848-5425-97a2-14da72722d0f,LT-000005-202505-2600,2026-08-10,0,a6f6d890-1609-53fc-b4a6-5733ccc9d078
76f3dd5d-2f88-59de-b9a4-dab11c88f441,e8aeb018-f679-5670-b210-de4f62ff2111,2897aac2-f219-5167-b800-73fac27f6b85,botica,7fb983e8-6848-5425-97a2-14da72722d0f,LT-000022-202505-2601,2028-05-10,0,41cb90d0-d91a-57c2-b138-831be351479f
f597a10a-1572-5b2c-8dd2-f4d3abfbd1b7,e8aeb018-f679-5670-b210-de4f62ff2111,5bbfdec8-65ae-59e6-b211-5eccb5b765fa,botica,26f7241d-a84e-5e4a-a43d-33eea1e54eea,LT-000006-202506-2602,2027-07-13,0,76d6c9f4-5d7d-53c0-bb1f-2a577383765a
b7a6cf15-19fe-504a-9293-93b7e52e1f22,e8aeb018-f679-5670-b210-de4f62ff2111,cd81184b-b6f1-563c-b463-36a69ddfb598,botica,26f7241d-a84e-5e4a-a43d-33eea1e54eea,LT-000026-202506-2603,2026-03-23,0,76d6c9f4-5d7d-53c0-bb1f-2a577383765a
a171f4f6-be3c-527a-a250-a824c6f64c0a,e8aeb018-f679-5670-b210-de4f62ff2111,97d26d91-c562-5f27-9ebd-285e89c8f4bf,botica,d6f21f11-7533-52dd-a4dc-2fb8e260c02c,LT-000018-202506-2604,2027-03-21,0,ab4a547f-e75d-5601-8171-00da4efa4b57
5dbee4b6-f22b-55a3-a6d9-f3b8b4f2e3b0,e8aeb018-f679-5670-b210-de4f62ff2111,c0cf5e5c-b5c9-585a-8e79-d9830bc954f6,botica,7fb983e8-6848-5425-97a2-14da72722d0f,LT-000011-202506-2605,2027-04-15,0,76d6c9f4-5d7d-53c0-bb1f-2a577383765a
34b5c44d-82d8-537f-b454-2279f4d2757f,e8aeb018-f679-5670-b210-de4f62ff2111,2933d8b7-2438-521b-b38d-d3a5224f87fc,botica,43616d97-2221-569d-82eb-bcc14bcd6344,LT-000002-202506-2606,2027-08-03,0,41cb90d0-d91a-57c2-b138-831be351479f
1244694c-65d8-543d-ba33-8540ef00a5b1,e8aeb018-f679-5670-b210-de4f62ff2111,82cd11ba-d1a0-58b1-b14f-edd741f36e87,botica,43616d97-2221-569d-82eb-bcc14bcd6344,LT-000007-202506-2607,2026-01-07,0,41cb90d0-d91a-57c2-b138-831be351479f
5eb09e5b-e3b5-5719-9880-e743bd65a4b8,e8aeb018-f679-5670-b210-de4f62ff2111,07371b94-955f-52a4-9bf9-f0a6ad2b4fa8,botica,43616d97-2221-569d-82eb-bcc14bcd6344,LT-000008-202506-2608,2026-07-07,0,ab4a547f-e75d-5601-8171-00da4efa4b57
e18e98d5-6c28-5446-8ed4-4620fe34453d,e8aeb018-f679-5670-b210-de4f62ff2111,38adf7ba-476e-5e6b-9163-781a13538253,botica,43616d97-2221-569d-82eb-bcc14bcd6344,LT-000012-202506-2609,2026-03-21,0,41cb90d0-d91a-57c2-b138-831be351479f
e5b5ac42-1629-59b7-8eb7-1fec0909fec1,e8aeb018-f679-5670-b210-de4f62ff2111,042e2e80-f954-5df4-97be-29dd428cc598,botica,d6f21f11-7533-52dd-a4dc-2fb8e260c02c,LT-000004-202506-2610,2027-05-10,0,c6617891-56ff-5690-89a4-1ece06685ff5
1b41ffcb-0324-536b-ba6b-3360313c21fa,e8aeb018-f679-5670-b210-de4f62ff2111,6d807393-f4ab-5f76-b544-251eeda27ba3,botica,26f7241d-a84e-5e4a-a43d-33eea1e54eea,LT-000003-202506-2611,2026-07-11,0,ab4a547f-e75d-5601-8171-00da4efa4b57
3c0ec03a-3100-5e00-afad-9a6a2b827d5c,e8aeb018-f679-5670-b210-de4f62ff2111,9928e9a1-d9fc-5fdd-86c2-8909352fd7fe,botica,26f7241d-a84e-5e4a-a43d-33eea1e54eea,LT-000005-202506-2612,2027-01-08,0,a6f6d890-1609-53fc-b4a6-5733ccc9d078
c385ef04-ecb6-54aa-89d2-4d5b6b82f179,e8aeb018-f679-5670-b210-de4f62ff2111,0ec23038-d3ab-588c-bbd6-1f5c744cdde1,botica,26f7241d-a84e-5e4a-a43d-33eea1e54eea,LT-000025-202506-2613,2026-01-18,0,a6f6d890-1609-53fc-b4a6-5733ccc9d078
5b5c9094-d26e-5384-a1c0-04434eef9ba1,e8aeb018-f679-5670-b210-de4f62ff2111,1ca3438e-9e23-58f0-a35f-f15f7a23beb9,botica,43616d97-2221-569d-82eb-bcc14bcd6344,LT-000024-202506-2614,2028-05-17,0,c6617891-56ff-5690-89a4-1ece06685ff5
a38c3b6d-6de2-5e91-be31-ec2d6a287fb0,e8aeb018-f679-5670-b210-de4f62ff2111,d9506935-1215-5499-93c0-8bdd86ab9418,botica,d6f21f11-7533-52dd-a4dc-2fb8e260c02c,LT-000029-202506-2615,2028-03-20,0,c6617891-56ff-5690-89a4-1ece06685ff5
e384929e-7fcf-5981-bd2f-609428d52178,e8aeb018-f679-5670-b210-de4f62ff2111,94e18241-54bd-5516-b36f-94ab6e323aca,botica,7fb983e8-6848-5425-97a2-14da72722d0f,LT-000013-202506-2616,2027-08-05,0,ab4a547f-e75d-5601-8171-00da4efa4b57
e61b633a-ab1a-5da3-9e0d-6aabde68ff95,e8aeb018-f679-5670-b210-de4f62ff2111,87b859e0-789a-56e6-b1ba-4fe76221d3bf,botica,7fb983e8-6848-5425-97a2-14da72722d0f,LT-000014-202506-2617,2026-10-20,0,c6617891-56ff-5690-89a4-1ece06685ff5
5bbfb9fc-7684-55cf-b0e5-30d5a1ad59b7,e8aeb018-f679-5670-b210-de4f62ff2111,2933d8b7-2438-521b-b38d-d3a5224f87fc,botica,26f7241d-a84e-5e4a-a43d-33eea1e54eea,LT-000002-202506-2618,2027-10-16,0,41cb90d0-d91a-57c2-b138-831be351479f
a2ffd7a7-6b37-56a6-bb3f-a72a9a5b3f43,e8aeb018-f679-5670-b210-de4f62ff2111,82cd11ba-d1a0-58b1-b14f-edd741f36e87,botica,26f7241d-a84e-5e4a-a43d-33eea1e54eea,LT-000007-202506-2619,2027-07-29,0,41cb90d0-d91a-57c2-b138-831be351479f
d845d71c-69a7-5752-ad21-1e68c21829da,e8aeb018-f679-5670-b210-de4f62ff2111,afe9d181-1c64-5cca-b4b7-a9fa24eceeea,botica,26f7241d-a84e-5e4a-a43d-33eea1e54eea,LT-000020-202506-2620,2025-12-14,0,a6f6d890-1609-53fc-b4a6-5733ccc9d078
9d9feee8-d533-56fd-b78d-6e01877caf9e,e8aeb018-f679-5670-b210-de4f62ff2111,6baabed2-52d7-5cb7-bf74-86c7cb3e4f07,botica,26f7241d-a84e-5e4a-a43d-33eea1e54eea,LT-000027-202506-2621,2027-12-11,0,41cb90d0-d91a-57c2-b138-831be351479f
4c21ba53-dde2-584b-859a-52a9d5ccc12a,e8aeb018-f679-5670-b210-de4f62ff2111,d2f08f15-f9f2-5f65-a740-b05896774467,botica,43616d97-2221-569d-82eb-bcc14bcd6344,LT-000017-202506-2622,2026-11-19,0,41cb90d0-d91a-57c2-b138-831be351479f
868ab752-46db-5c1d-88af-47a59319bbf4,e8aeb018-f679-5670-b210-de4f62ff2111,d3961f5a-3ea7-53d3-89f4-78b65b0c0c6b,botica,d6f21f11-7533-52dd-a4dc-2fb8e260c02c,LT-000001-202506-2623,2026-02-18,0,76d6c9f4-5d7d-53c0-bb1f-2a577383765a
0a65442f-21b0-5340-a38d-0b120b2f7a86,e8aeb018-f679-5670-b210-de4f62ff2111,d0ae6d2d-e561-56b3-a2c1-113c1c56ae81,botica,d6f21f11-7533-52dd-a4dc-2fb8e260c02c,LT-000021-202506-2624,2026-08-22,0,76d6c9f4-5d7d-53c0-bb1f-2a577383765a
632ab466-2bc6-5a69-87ad-9ccd458ae11c,e8aeb018-f679-5670-b210-de4f62ff2111,6baabed2-52d7-5cb7-bf74-86c7cb3e4f07,botica,7fb983e8-6848-5425-97a2-14da72722d0f,LT-000027-202506-2625,2026-04-04,0,41cb90d0-d91a-57c2-b138-831be351479f
92fa30d8-b7b4-5895-9a2b-21dd972a96d2,e8aeb018-f679-5670-b210-de4f62ff2111,d3961f5a-3ea7-53d3-89f4-78b65b0c0c6b,botica,26f7241d-a84e-5e4a-a43d-33eea1e54eea,LT-000001-202506-2626,2026-05-06,0,76d6c9f4-5d7d-53c0-bb1f-2a577383765a
d5c3369d-1562-5caf-a615-063cf3ae6c9a,e8aeb018-f679-5670-b210-de4f62ff2111,07371b94-955f-52a4-9bf9-f0a6ad2b4fa8,botica,26f7241d-a84e-5e4a-a43d-33eea1e54eea,LT-000008-202506-2627,2027-04-22,0,ab4a547f-e75d-5601-8171-00da4efa4b57
60050863-7b8a-52ca-8e4f-9437d565191d,e8aeb018-f679-5670-b210-de4f62ff2111,07371b94-955f-52a4-9bf9-f0a6ad2b4fa8,botica,d6f21f11-7533-52dd-a4dc-2fb8e260c02c,LT-000008-202506-2628,2026-06-25,0,ab4a547f-e75d-5601-8171-00da4efa4b57
2fd2b661-8a66-5bae-baa5-14dd5e1ad872,e8aeb018-f679-5670-b210-de4f62ff2111,1e9605fd-5682-52b6-8f05-e8a92dd44513,botica,d6f21f11-7533-52dd-a4dc-2fb8e260c02c,LT-000030-202506-2629,2027-01-13,0,a6f6d890-1609-53fc-b4a6-5733ccc9d078
27561837-084d-5d2b-8771-5bef89347692,e8aeb018-f679-5670-b210-de4f62ff2111,07371b94-955f-52a4-9bf9-f0a6ad2b4fa8,botica,8ecedccf-c230-516b-bbc2-108f7a6fbe63,LT-000008-202506-2630,2026-07-15,0,ab4a547f-e75d-5601-8171-00da4efa4b57
c9eb6405-9caa-546a-ac72-f058924471f1,e8aeb018-f679-5670-b210-de4f62ff2111,2eb3a104-e572-583a-afa0-156ee0dc4cce,botica,7fb983e8-6848-5425-97a2-14da72722d0f,LT-000019-202506-2631,2026-04-02,0,c6617891-56ff-5690-89a4-1ece06685ff5
23c51214-3ba2-51d3-b692-960f32785766,e8aeb018-f679-5670-b210-de4f62ff2111,22231140-3780-5fe8-a7d4-d33f61d15111,botica,7fb983e8-6848-5425-97a2-14da72722d0f,LT-000023-202506-2632,2027-08-06,0,ab4a547f-e75d-5601-8171-00da4efa4b57
e638cf14-2443-52f9-94a3-4a8bc3c74711,e8aeb018-f679-5670-b210-de4f62ff2111,1ca3438e-9e23-58f0-a35f-f15f7a23beb9,botica,26f7241d-a84e-5e4a-a43d-33eea1e54eea,LT-000024-202506-2633,2028-04-25,0,c6617891-56ff-5690-89a4-1ece06685ff5
e3f3d889-38ca-5f26-ae03-7684494ef899,e8aeb018-f679-5670-b210-de4f62ff2111,058c6382-bde2-59d1-93ff-20c6161a4736,botica,43616d97-2221-569d-82eb-bcc14bcd6344,LT-000009-202506-2634,2026-01-28,0,c6617891-56ff-5690-89a4-1ece06685ff5
b75869e4-e877-53f2-8d68-d2afc4777eda,e8aeb018-f679-5670-b210-de4f62ff2111,82cd11ba-d1a0-58b1-b14f-edd741f36e87,botica,d6f21f11-7533-52dd-a4dc-2fb8e260c02c,LT-000007-202506-2635,2025-12-24,0,41cb90d0-d91a-57c2-b138-831be351479f
8c0eab1c-0d59-55df-a0e9-0487b61b9053,e8aeb018-f679-5670-b210-de4f62ff2111,d3961f5a-3ea7-53d3-89f4-78b65b0c0c6b,botica,7fb983e8-6848-5425-97a2-14da72722d0f,LT-000001-202506-2636,2026-09-24,0,76d6c9f4-5d7d-53c0-bb1f-2a577383765a
5ff2814e-f0cd-5908-a6e1-4d4748abf4f8,e8aeb018-f679-5670-b210-de4f62ff2111,2933d8b7-2438-521b-b38d-d3a5224f87fc,botica,7fb983e8-6848-5425-97a2-14da72722d0f,LT-000002-202506-2637,2026-07-21,0,41cb90d0-d91a-57c2-b138-831be351479f
bb9fb411-39da-5938-a144-ca4ae8e37db9,e8aeb018-f679-5670-b210-de4f62ff2111,042e2e80-f954-5df4-97be-29dd428cc598,botica,7fb983e8-6848-5425-97a2-14da72722d0f,LT-000004-202506-2638,2026-05-13,0,c6617891-56ff-5690-89a4-1ece06685ff5
f8a6eb7a-4b7a-5d1b-a3a8-63e8b6f8955e,e8aeb018-f679-5670-b210-de4f62ff2111,042e2e80-f954-5df4-97be-29dd428cc598,botica,43616d97-2221-569d-82eb-bcc14bcd6344,LT-000004-202506-2639,2028-05-13,0,c6617891-56ff-5690-89a4-1ece06685ff5
438d4567-9161-59d0-8382-9f5b59336d22,e8aeb018-f679-5670-b210-de4f62ff2111,afe9d181-1c64-5cca-b4b7-a9fa24eceeea,botica,8ecedccf-c230-516b-bbc2-108f7a6fbe63,LT-000020-202506-2640,2026-11-25,0,a6f6d890-1609-53fc-b4a6-5733ccc9d078
152de1d1-244e-5868-81c6-222d5cefa4a2,e8aeb018-f679-5670-b210-de4f62ff2111,c0cf5e5c-b5c9-585a-8e79-d9830bc954f6,botica,26f7241d-a84e-5e4a-a43d-33eea1e54eea,LT-000011-202506-2641,2026-04-16,0,76d6c9f4-5d7d-53c0-bb1f-2a577383765a
b827f480-5810-565b-a5c0-bd4bdbd4470f,e8aeb018-f679-5670-b210-de4f62ff2111,2897aac2-f219-5167-b800-73fac27f6b85,botica,26f7241d-a84e-5e4a-a43d-33eea1e54eea,LT-000022-202506-2642,2028-03-29,0,41cb90d0-d91a-57c2-b138-831be351479f
9fda7f4c-f7f2-56ca-8174-560e058de984,e8aeb018-f679-5670-b210-de4f62ff2111,d9506935-1215-5499-93c0-8bdd86ab9418,botica,43616d97-2221-569d-82eb-bcc14bcd6344,LT-000029-202506-2643,2025-12-22,0,c6617891-56ff-5690-89a4-1ece06685ff5
171d1044-0c20-5c7c-bbe2-c8537779b4d3,e8aeb018-f679-5670-b210-de4f62ff2111,5bbfdec8-65ae-59e6-b211-5eccb5b765fa,botica,d6f21f11-7533-52dd-a4dc-2fb8e260c02c,LT-000006-202506-2644,2028-02-27,0,76d6c9f4-5d7d-53c0-bb1f-2a577383765a
34a272c9-ceb9-5bf0-913b-7edbe17cbeb2,e8aeb018-f679-5670-b210-de4f62ff2111,38adf7ba-476e-5e6b-9163-781a13538253,botica,8ecedccf-c230-516b-bbc2-108f7a6fbe63,LT-000012-202506-2645,2026-03-17,0,41cb90d0-d91a-57c2-b138-831be351479f
3b914543-e5ad-598b-bd47-3b22f7a3146c,e8aeb018-f679-5670-b210-de4f62ff2111,4d9429b6-2ebf-5b5d-ac48-f779d5a1e270,botica,7fb983e8-6848-5425-97a2-14da72722d0f,LT-000010-202506-2646,2028-04-01,0,a6f6d890-1609-53fc-b4a6-5733ccc9d078
180fa5e2-2f36-5612-adea-d1e4f774e46c,e8aeb018-f679-5670-b210-de4f62ff2111,2897aac2-f219-5167-b800-73fac27f6b85,botica,43616d97-2221-569d-82eb-bcc14bcd6344,LT-000022-202506-2647,2027-08-04,0,41cb90d0-d91a-57c2-b138-831be351479f
466d257e-1f0d-5d07-bdd6-affd51fd7341,e8aeb018-f679-5670-b210-de4f62ff2111,22231140-3780-5fe8-a7d4-d33f61d15111,botica,43616d97-2221-569d-82eb-bcc14bcd6344,LT-000023-202506-2648,2027-05-14,0,ab4a547f-e75d-5601-8171-00da4efa4b57
ec6762c3-e40b-57c8-a5e0-a98a4ae96e5a,e8aeb018-f679-5670-b210-de4f62ff2111,1e9605fd-5682-52b6-8f05-e8a92dd44513,botica,43616d97-2221-569d-82eb-bcc14bcd6344,LT-000030-202506-2649,2028-06-08,16,a6f6d890-1609-53fc-b4a6-5733ccc9d078
f195cb69-7b78-56af-b9fd-cd8de026e2a6,e8aeb018-f679-5670-b210-de4f62ff2111,38adf7ba-476e-5e6b-9163-781a13538253,botica,7fb983e8-6848-5425-97a2-14da72722d0f,LT-000012-202506-2650,2027-05-05,0,41cb90d0-d91a-57c2-b138-831be351479f
d6b7f34f-f9e4-5289-aef7-5596231857ec,e8aeb018-f679-5670-b210-de4f62ff2111,0ec23038-d3ab-588c-bbd6-1f5c744cdde1,botica,7fb983e8-6848-5425-97a2-14da72722d0f,LT-000025-202506-2651,2026-01-10,0,a6f6d890-1609-53fc-b4a6-5733ccc9d078
9b74a951-f952-5a8a-89d2-7ea71f94807e,e8aeb018-f679-5670-b210-de4f62ff2111,d3961f5a-3ea7-53d3-89f4-78b65b0c0c6b,botica,43616d97-2221-569d-82eb-bcc14bcd6344,LT-000001-202506-2652,2026-05-24,0,76d6c9f4-5d7d-53c0-bb1f-2a577383765a
3b98950b-991d-5b9b-a7a0-45a44c5af5a4,e8aeb018-f679-5670-b210-de4f62ff2111,2082733c-4e17-51fe-bc8c-bf33d3ec5d7e,botica,d6f21f11-7533-52dd-a4dc-2fb8e260c02c,LT-000016-202506-2653,2026-05-22,0,76d6c9f4-5d7d-53c0-bb1f-2a577383765a
a9a21525-2b5f-5a7a-8405-6c16bc9d5caf,e8aeb018-f679-5670-b210-de4f62ff2111,9928e9a1-d9fc-5fdd-86c2-8909352fd7fe,botica,8ecedccf-c230-516b-bbc2-108f7a6fbe63,LT-000005-202506-2654,2026-05-27,0,a6f6d890-1609-53fc-b4a6-5733ccc9d078
074b98d3-cbb9-5c9c-ae9f-e6f13d6aa3a2,e8aeb018-f679-5670-b210-de4f62ff2111,058c6382-bde2-59d1-93ff-20c6161a4736,botica,8ecedccf-c230-516b-bbc2-108f7a6fbe63,LT-000009-202506-2655,2026-04-12,0,c6617891-56ff-5690-89a4-1ece06685ff5
c26045dd-66df-5d74-a562-d6027aa5ff7e,e8aeb018-f679-5670-b210-de4f62ff2111,6d807393-f4ab-5f76-b544-251eeda27ba3,botica,7fb983e8-6848-5425-97a2-14da72722d0f,LT-000003-202506-2656,2027-03-21,0,ab4a547f-e75d-5601-8171-00da4efa4b57
a0e2b113-c79d-5d12-86a7-267b114139fc,e8aeb018-f679-5670-b210-de4f62ff2111,07371b94-955f-52a4-9bf9-f0a6ad2b4fa8,botica,7fb983e8-6848-5425-97a2-14da72722d0f,LT-000008-202506-2657,2026-08-30,0,ab4a547f-e75d-5601-8171-00da4efa4b57
296ff4b0-d0b6-50c3-801f-1e84b1b981ee,e8aeb018-f679-5670-b210-de4f62ff2111,2082733c-4e17-51fe-bc8c-bf33d3ec5d7e,botica,7fb983e8-6848-5425-97a2-14da72722d0f,LT-000016-202506-2658,2028-01-04,0,76d6c9f4-5d7d-53c0-bb1f-2a577383765a
8e184e54-3187-5fda-bb6c-c83ea8c41b56,e8aeb018-f679-5670-b210-de4f62ff2111,94e18241-54bd-5516-b36f-94ab6e323aca,botica,26f7241d-a84e-5e4a-a43d-33eea1e54eea,LT-000013-202506-2659,2026-11-19,0,ab4a547f-e75d-5601-8171-00da4efa4b57
2af8d843-dfe1-5914-9ff0-7d011abce488,e8aeb018-f679-5670-b210-de4f62ff2111,983871db-adfb-543e-b438-6b00044ffb64,botica,26f7241d-a84e-5e4a-a43d-33eea1e54eea,LT-000015-202506-2660,2028-06-05,0,a6f6d890-1609-53fc-b4a6-5733ccc9d078
7afac2bd-3c9f-5d8f-9c3b-b93bbe1e45c0,e8aeb018-f679-5670-b210-de4f62ff2111,2897aac2-f219-5167-b800-73fac27f6b85,botica,d6f21f11-7533-52dd-a4dc-2fb8e260c02c,LT-000022-202506-2661,2027-10-23,0,41cb90d0-d91a-57c2-b138-831be351479f
3670b971-6038-5a3a-b43c-6a2c6762acf7,e8aeb018-f679-5670-b210-de4f62ff2111,d3961f5a-3ea7-53d3-89f4-78b65b0c0c6b,botica,8ecedccf-c230-516b-bbc2-108f7a6fbe63,LT-000001-202506-2662,2027-03-14,0,76d6c9f4-5d7d-53c0-bb1f-2a577383765a
87271e18-6675-5c47-a995-241e4ef87b35,e8aeb018-f679-5670-b210-de4f62ff2111,97d26d91-c562-5f27-9ebd-285e89c8f4bf,botica,7fb983e8-6848-5425-97a2-14da72722d0f,LT-000018-202506-2663,2027-12-12,0,ab4a547f-e75d-5601-8171-00da4efa4b57
56245bcd-f487-51c1-8ebd-f170d05f0b14,e8aeb018-f679-5670-b210-de4f62ff2111,042e2e80-f954-5df4-97be-29dd428cc598,botica,26f7241d-a84e-5e4a-a43d-33eea1e54eea,LT-000004-202506-2664,2027-08-07,0,c6617891-56ff-5690-89a4-1ece06685ff5
9823a078-f313-5c9e-84bc-56afe9912b1f,e8aeb018-f679-5670-b210-de4f62ff2111,058c6382-bde2-59d1-93ff-20c6161a4736,botica,26f7241d-a84e-5e4a-a43d-33eea1e54eea,LT-000009-202506-2665,2026-08-03,0,c6617891-56ff-5690-89a4-1ece06685ff5
00de2fa1-2f26-5d4f-8f13-9d47d5a41af6,e8aeb018-f679-5670-b210-de4f62ff2111,22231140-3780-5fe8-a7d4-d33f61d15111,botica,26f7241d-a84e-5e4a-a43d-33eea1e54eea,LT-000023-202506-2666,2027-10-13,0,ab4a547f-e75d-5601-8171-00da4efa4b57
d67f570c-9fb0-5534-b683-8006d85aca00,e8aeb018-f679-5670-b210-de4f62ff2111,2933d8b7-2438-521b-b38d-d3a5224f87fc,botica,8ecedccf-c230-516b-bbc2-108f7a6fbe63,LT-000002-202506-2667,2025-12-29,0,41cb90d0-d91a-57c2-b138-831be351479f
7ad96046-5296-548b-a8b9-990003c2a94f,e8aeb018-f679-5670-b210-de4f62ff2111,d9506935-1215-5499-93c0-8bdd86ab9418,botica,8ecedccf-c230-516b-bbc2-108f7a6fbe63,LT-000029-202506-2668,2026-10-20,0,c6617891-56ff-5690-89a4-1ece06685ff5
23614c8b-104d-5aee-aeff-f750c9248351,e8aeb018-f679-5670-b210-de4f62ff2111,87b859e0-789a-56e6-b1ba-4fe76221d3bf,botica,26f7241d-a84e-5e4a-a43d-33eea1e54eea,LT-000014-202506-2669,2027-07-24,0,c6617891-56ff-5690-89a4-1ece06685ff5
0aaf1a4c-1903-5c2c-a14b-25f1e8fe7a7a,e8aeb018-f679-5670-b210-de4f62ff2111,d2f08f15-f9f2-5f65-a740-b05896774467,botica,26f7241d-a84e-5e4a-a43d-33eea1e54eea,LT-000017-202506-2670,2027-02-25,0,41cb90d0-d91a-57c2-b138-831be351479f
0307e2dc-2237-56c5-be46-a1f54952d2e7,e8aeb018-f679-5670-b210-de4f62ff2111,5bbfdec8-65ae-59e6-b211-5eccb5b765fa,botica,43616d97-2221-569d-82eb-bcc14bcd6344,LT-000006-202506-2671,2028-02-22,0,76d6c9f4-5d7d-53c0-bb1f-2a577383765a
daf094a5-8394-5b43-a661-fda0756d1c2c,e8aeb018-f679-5670-b210-de4f62ff2111,012857cc-907f-5e7d-b8fb-796d2c9f1621,botica,43616d97-2221-569d-82eb-bcc14bcd6344,LT-000028-202506-2672,2028-04-18,0,ab4a547f-e75d-5601-8171-00da4efa4b57
9cc5b709-280b-59da-a9de-ba5f3adee98a,e8aeb018-f679-5670-b210-de4f62ff2111,983871db-adfb-543e-b438-6b00044ffb64,botica,8ecedccf-c230-516b-bbc2-108f7a6fbe63,LT-000015-202506-2673,2026-01-18,0,a6f6d890-1609-53fc-b4a6-5733ccc9d078
ccfaf060-0bd4-533f-8039-59348ba9128a,e8aeb018-f679-5670-b210-de4f62ff2111,d2f08f15-f9f2-5f65-a740-b05896774467,botica,8ecedccf-c230-516b-bbc2-108f7a6fbe63,LT-000017-202506-2674,2028-02-03,0,41cb90d0-d91a-57c2-b138-831be351479f
81e64dbd-73cf-59c3-bcd7-a0b949d0bd9e,e8aeb018-f679-5670-b210-de4f62ff2111,82cd11ba-d1a0-58b1-b14f-edd741f36e87,botica,7fb983e8-6848-5425-97a2-14da72722d0f,LT-000007-202506-2675,2026-10-21,0,41cb90d0-d91a-57c2-b138-831be351479f
f8014458-9d56-5010-b05c-6601ed6d58a6,e8aeb018-f679-5670-b210-de4f62ff2111,c0cf5e5c-b5c9-585a-8e79-d9830bc954f6,botica,43616d97-2221-569d-82eb-bcc14bcd6344,LT-000011-202506-2676,2027-11-29,0,76d6c9f4-5d7d-53c0-bb1f-2a577383765a
2f8e9b44-909c-5de5-906c-0cad88e95ebe,e8aeb018-f679-5670-b210-de4f62ff2111,0ec23038-d3ab-588c-bbd6-1f5c744cdde1,botica,43616d97-2221-569d-82eb-bcc14bcd6344,LT-000025-202506-2677,2028-05-09,0,a6f6d890-1609-53fc-b4a6-5733ccc9d078
bbfcd0a5-4351-5e4c-a400-f9ba48c00c4a,e8aeb018-f679-5670-b210-de4f62ff2111,042e2e80-f954-5df4-97be-29dd428cc598,botica,8ecedccf-c230-516b-bbc2-108f7a6fbe63,LT-000004-202506-2678,2026-06-03,0,c6617891-56ff-5690-89a4-1ece06685ff5
9516b5e4-57d0-51a9-9ac7-3240e5297cfc,e8aeb018-f679-5670-b210-de4f62ff2111,82cd11ba-d1a0-58b1-b14f-edd741f36e87,botica,8ecedccf-c230-516b-bbc2-108f7a6fbe63,LT-000007-202506-2679,2027-07-29,0,41cb90d0-d91a-57c2-b138-831be351479f
9b249d60-4bf7-565c-81c4-f29ceba32e4a,e8aeb018-f679-5670-b210-de4f62ff2111,2082733c-4e17-51fe-bc8c-bf33d3ec5d7e,botica,8ecedccf-c230-516b-bbc2-108f7a6fbe63,LT-000016-202506-2680,2026-09-19,0,76d6c9f4-5d7d-53c0-bb1f-2a577383765a
d4cf77d5-1ac7-5b6c-8b63-c6fa4ce392d5,e8aeb018-f679-5670-b210-de4f62ff2111,2897aac2-f219-5167-b800-73fac27f6b85,botica,8ecedccf-c230-516b-bbc2-108f7a6fbe63,LT-000022-202506-2681,2025-12-23,0,41cb90d0-d91a-57c2-b138-831be351479f
b401c7e1-25f0-5b96-a6d2-d519bdf0c9dc,e8aeb018-f679-5670-b210-de4f62ff2111,2897aac2-f219-5167-b800-73fac27f6b85,botica,7fb983e8-6848-5425-97a2-14da72722d0f,LT-000022-202506-2682,2026-02-01,0,41cb90d0-d91a-57c2-b138-831be351479f
d3130f0a-8c01-5736-94a6-047ed7c47aa8,e8aeb018-f679-5670-b210-de4f62ff2111,d0ae6d2d-e561-56b3-a2c1-113c1c56ae81,botica,26f7241d-a84e-5e4a-a43d-33eea1e54eea,LT-000021-202506-2683,2027-02-09,0,76d6c9f4-5d7d-53c0-bb1f-2a577383765a
9d75ca68-cb79-5c14-99fd-19ca61b45460,e8aeb018-f679-5670-b210-de4f62ff2111,2897aac2-f219-5167-b800-73fac27f6b85,botica,26f7241d-a84e-5e4a-a43d-33eea1e54eea,LT-000022-202506-2684,2026-12-29,0,41cb90d0-d91a-57c2-b138-831be351479f
7e7dfa0d-a3e5-5adb-96f3-367999d2ad6f,e8aeb018-f679-5670-b210-de4f62ff2111,9928e9a1-d9fc-5fdd-86c2-8909352fd7fe,botica,43616d97-2221-569d-82eb-bcc14bcd6344,LT-000005-202506-2685,2026-09-18,0,a6f6d890-1609-53fc-b4a6-5733ccc9d078
cd1b1427-74e5-59cc-940f-a9629b203d10,e8aeb018-f679-5670-b210-de4f62ff2111,82cd11ba-d1a0-58b1-b14f-edd741f36e87,botica,43616d97-2221-569d-82eb-bcc14bcd6344,LT-000007-202506-2686,2027-02-16,0,41cb90d0-d91a-57c2-b138-831be351479f
0de99402-091b-5070-8431-b4fc3e6fbe82,e8aeb018-f679-5670-b210-de4f62ff2111,983871db-adfb-543e-b438-6b00044ffb64,botica,43616d97-2221-569d-82eb-bcc14bcd6344,LT-000015-202506-2687,2027-10-22,0,a6f6d890-1609-53fc-b4a6-5733ccc9d078
fe9489c9-b7fb-59e6-bb73-b55c16187ef2,e8aeb018-f679-5670-b210-de4f62ff2111,cd81184b-b6f1-563c-b463-36a69ddfb598,botica,43616d97-2221-569d-82eb-bcc14bcd6344,LT-000026-202506-2688,2027-01-11,0,76d6c9f4-5d7d-53c0-bb1f-2a577383765a
e2be5463-912a-541c-be71-abd4d8b54683,e8aeb018-f679-5670-b210-de4f62ff2111,9928e9a1-d9fc-5fdd-86c2-8909352fd7fe,botica,d6f21f11-7533-52dd-a4dc-2fb8e260c02c,LT-000005-202506-2689,2026-11-09,0,a6f6d890-1609-53fc-b4a6-5733ccc9d078
0e6f84fa-e21e-5ba3-ae60-c2659015cd7b,e8aeb018-f679-5670-b210-de4f62ff2111,38adf7ba-476e-5e6b-9163-781a13538253,botica,d6f21f11-7533-52dd-a4dc-2fb8e260c02c,LT-000012-202506-2690,2026-08-12,0,41cb90d0-d91a-57c2-b138-831be351479f
acfb5c4e-7b3f-53c7-bc77-5754b8d89eef,e8aeb018-f679-5670-b210-de4f62ff2111,d2f08f15-f9f2-5f65-a740-b05896774467,botica,d6f21f11-7533-52dd-a4dc-2fb8e260c02c,LT-000017-202506-2691,2027-08-10,0,41cb90d0-d91a-57c2-b138-831be351479f
e3c9f3c6-a6b6-58d4-b660-2d77ff4733f1,e8aeb018-f679-5670-b210-de4f62ff2111,22231140-3780-5fe8-a7d4-d33f61d15111,botica,d6f21f11-7533-52dd-a4dc-2fb8e260c02c,LT-000023-202506-2692,2026-09-16,0,ab4a547f-e75d-5601-8171-00da4efa4b57
1e4a2dd6-9878-5983-8b2b-d12dd31473ec,e8aeb018-f679-5670-b210-de4f62ff2111,6d807393-f4ab-5f76-b544-251eeda27ba3,botica,8ecedccf-c230-516b-bbc2-108f7a6fbe63,LT-000003-202506-2693,2027-07-07,0,ab4a547f-e75d-5601-8171-00da4efa4b57
7486e721-37e0-5a4e-9f10-78514c02e2da,e8aeb018-f679-5670-b210-de4f62ff2111,87b859e0-789a-56e6-b1ba-4fe76221d3bf,botica,8ecedccf-c230-516b-bbc2-108f7a6fbe63,LT-000014-202506-2694,2028-04-13,0,c6617891-56ff-5690-89a4-1ece06685ff5
c9c70c3b-5f62-516d-8760-fe56e0fa6d27,e8aeb018-f679-5670-b210-de4f62ff2111,82cd11ba-d1a0-58b1-b14f-edd741f36e87,botica,26f7241d-a84e-5e4a-a43d-33eea1e54eea,LT-000007-202506-2695,2027-10-06,0,41cb90d0-d91a-57c2-b138-831be351479f
7589c743-6faf-5b2e-b943-7e9746dc3f9e,e8aeb018-f679-5670-b210-de4f62ff2111,6baabed2-52d7-5cb7-bf74-86c7cb3e4f07,botica,43616d97-2221-569d-82eb-bcc14bcd6344,LT-000027-202506-2696,2028-01-30,0,41cb90d0-d91a-57c2-b138-831be351479f
7ecf2802-6c34-5961-89b6-39c7726c8482,e8aeb018-f679-5670-b210-de4f62ff2111,2933d8b7-2438-521b-b38d-d3a5224f87fc,botica,d6f21f11-7533-52dd-a4dc-2fb8e260c02c,LT-000002-202506-2697,2026-04-20,0,41cb90d0-d91a-57c2-b138-831be351479f
e32e18a8-e031-532c-9bdd-d9078c3f62ed,e8aeb018-f679-5670-b210-de4f62ff2111,058c6382-bde2-59d1-93ff-20c6161a4736,botica,d6f21f11-7533-52dd-a4dc-2fb8e260c02c,LT-000009-202506-2698,2026-01-01,0,c6617891-56ff-5690-89a4-1ece06685ff5
65bfc7ad-c6b6-542e-a87a-2bca9748e223,e8aeb018-f679-5670-b210-de4f62ff2111,5bbfdec8-65ae-59e6-b211-5eccb5b765fa,botica,7fb983e8-6848-5425-97a2-14da72722d0f,LT-000006-202506-2699,2026-01-10,0,76d6c9f4-5d7d-53c0-bb1f-2a577383765a
dae85e43-f0e3-51dc-9162-6661a5d0f901,e8aeb018-f679-5670-b210-de4f62ff2111,058c6382-bde2-59d1-93ff-20c6161a4736,botica,7fb983e8-6848-5425-97a2-14da72722d0f,LT-000009-202506-2700,2026-08-14,0,c6617891-56ff-5690-89a4-1ece06685ff5
8104d1ed-6f4d-5af4-8792-f6745a7114fa,e8aeb018-f679-5670-b210-de4f62ff2111,2933d8b7-2438-521b-b38d-d3a5224f87fc,botica,26f7241d-a84e-5e4a-a43d-33eea1e54eea,LT-000002-202506-2701,2027-08-03,0,41cb90d0-d91a-57c2-b138-831be351479f
2aa5dd4f-f845-51ad-92a1-c75afd2f5c8a,e8aeb018-f679-5670-b210-de4f62ff2111,07371b94-955f-52a4-9bf9-f0a6ad2b4fa8,botica,26f7241d-a84e-5e4a-a43d-33eea1e54eea,LT-000008-202506-2702,2026-11-18,0,ab4a547f-e75d-5601-8171-00da4efa4b57
9e398439-706b-54fd-b4c4-aaf1ca6d3aa1,e8aeb018-f679-5670-b210-de4f62ff2111,2eb3a104-e572-583a-afa0-156ee0dc4cce,botica,26f7241d-a84e-5e4a-a43d-33eea1e54eea,LT-000019-202506-2703,2026-06-23,0,c6617891-56ff-5690-89a4-1ece06685ff5
7542ff2a-428f-5a2b-a0a9-439130ac2dc9,e8aeb018-f679-5670-b210-de4f62ff2111,d9506935-1215-5499-93c0-8bdd86ab9418,botica,26f7241d-a84e-5e4a-a43d-33eea1e54eea,LT-000029-202506-2704,2027-07-26,0,c6617891-56ff-5690-89a4-1ece06685ff5
9aac3b01-d468-57a5-a4d4-7b3a08d045df,e8aeb018-f679-5670-b210-de4f62ff2111,2933d8b7-2438-521b-b38d-d3a5224f87fc,botica,43616d97-2221-569d-82eb-bcc14bcd6344,LT-000002-202506-2705,2026-12-28,0,41cb90d0-d91a-57c2-b138-831be351479f
6a454771-d51e-5373-ab9e-56e10be07c51,e8aeb018-f679-5670-b210-de4f62ff2111,afe9d181-1c64-5cca-b4b7-a9fa24eceeea,botica,d6f21f11-7533-52dd-a4dc-2fb8e260c02c,LT-000020-202506-2706,2028-04-17,0,a6f6d890-1609-53fc-b4a6-5733ccc9d078
30d181a0-577f-595e-9a43-ea78227cd0b3,e8aeb018-f679-5670-b210-de4f62ff2111,2eb3a104-e572-583a-afa0-156ee0dc4cce,botica,8ecedccf-c230-516b-bbc2-108f7a6fbe63,LT-000019-202506-2707,2026-06-10,0,c6617891-56ff-5690-89a4-1ece06685ff5
aab9c542-199f-5098-937f-ef4b2ec7dc20,e8aeb018-f679-5670-b210-de4f62ff2111,d0ae6d2d-e561-56b3-a2c1-113c1c56ae81,botica,8ecedccf-c230-516b-bbc2-108f7a6fbe63,LT-000021-202506-2708,2028-03-26,0,76d6c9f4-5d7d-53c0-bb1f-2a577383765a
8f8cdf1e-81a6-51ea-a5d1-83048f3caaa4,e8aeb018-f679-5670-b210-de4f62ff2111,6d807393-f4ab-5f76-b544-251eeda27ba3,botica,26f7241d-a84e-5e4a-a43d-33eea1e54eea,LT-000003-202506-2709,2026-07-28,0,ab4a547f-e75d-5601-8171-00da4efa4b57
a9998ec3-4cad-58e7-a2c2-63e534b1d779,e8aeb018-f679-5670-b210-de4f62ff2111,38adf7ba-476e-5e6b-9163-781a13538253,botica,43616d97-2221-569d-82eb-bcc14bcd6344,LT-000012-202506-2710,2028-02-06,0,41cb90d0-d91a-57c2-b138-831be351479f
0dca68e9-108a-59be-b917-7da4342bc817,e8aeb018-f679-5670-b210-de4f62ff2111,0ec23038-d3ab-588c-bbd6-1f5c744cdde1,botica,d6f21f11-7533-52dd-a4dc-2fb8e260c02c,LT-000025-202506-2711,2027-05-02,0,a6f6d890-1609-53fc-b4a6-5733ccc9d078
ff26aac6-50b3-5e32-8b64-a03edca093de,e8aeb018-f679-5670-b210-de4f62ff2111,4d9429b6-2ebf-5b5d-ac48-f779d5a1e270,botica,8ecedccf-c230-516b-bbc2-108f7a6fbe63,LT-000010-202506-2712,2028-02-13,0,a6f6d890-1609-53fc-b4a6-5733ccc9d078
32263889-5181-564d-bcfe-e9ebd1b4aa28,e8aeb018-f679-5670-b210-de4f62ff2111,94e18241-54bd-5516-b36f-94ab6e323aca,botica,8ecedccf-c230-516b-bbc2-108f7a6fbe63,LT-000013-202506-2713,2026-09-03,0,ab4a547f-e75d-5601-8171-00da4efa4b57
5d198246-de69-5ccd-a630-c2d98f492c25,e8aeb018-f679-5670-b210-de4f62ff2111,012857cc-907f-5e7d-b8fb-796d2c9f1621,botica,8ecedccf-c230-516b-bbc2-108f7a6fbe63,LT-000028-202506-2714,2026-11-21,0,ab4a547f-e75d-5601-8171-00da4efa4b57
329d9a3a-00b1-5ac3-960c-4d931d4e5275,e8aeb018-f679-5670-b210-de4f62ff2111,afe9d181-1c64-5cca-b4b7-a9fa24eceeea,botica,7fb983e8-6848-5425-97a2-14da72722d0f,LT-000020-202506-2715,2027-03-10,0,a6f6d890-1609-53fc-b4a6-5733ccc9d078
06285e72-ca0b-5e88-b97a-e3ce648cc394,e8aeb018-f679-5670-b210-de4f62ff2111,d9506935-1215-5499-93c0-8bdd86ab9418,botica,7fb983e8-6848-5425-97a2-14da72722d0f,LT-000029-202506-2716,2026-07-28,0,c6617891-56ff-5690-89a4-1ece06685ff5
5e21eddc-b919-5565-9b89-1b18c5acafd7,e8aeb018-f679-5670-b210-de4f62ff2111,38adf7ba-476e-5e6b-9163-781a13538253,botica,26f7241d-a84e-5e4a-a43d-33eea1e54eea,LT-000012-202506-2717,2027-06-04,0,41cb90d0-d91a-57c2-b138-831be351479f
b88bd7ec-3dbc-5851-9d2d-160504ade4c4,e8aeb018-f679-5670-b210-de4f62ff2111,0ec23038-d3ab-588c-bbd6-1f5c744cdde1,botica,26f7241d-a84e-5e4a-a43d-33eea1e54eea,LT-000025-202506-2718,2026-07-27,0,a6f6d890-1609-53fc-b4a6-5733ccc9d078
cd2c4bfe-e6b6-519f-b44c-065bbba7b39c,e8aeb018-f679-5670-b210-de4f62ff2111,cd81184b-b6f1-563c-b463-36a69ddfb598,botica,d6f21f11-7533-52dd-a4dc-2fb8e260c02c,LT-000026-202506-2719,2026-10-05,0,76d6c9f4-5d7d-53c0-bb1f-2a577383765a
7239aca2-9724-5bf7-adff-a70eefbb3f83,e8aeb018-f679-5670-b210-de4f62ff2111,c0cf5e5c-b5c9-585a-8e79-d9830bc954f6,botica,8ecedccf-c230-516b-bbc2-108f7a6fbe63,LT-000011-202506-2720,2026-02-06,0,76d6c9f4-5d7d-53c0-bb1f-2a577383765a
80c63428-01ad-5f97-a530-08dc0e3e55ef,e8aeb018-f679-5670-b210-de4f62ff2111,d3961f5a-3ea7-53d3-89f4-78b65b0c0c6b,botica,26f7241d-a84e-5e4a-a43d-33eea1e54eea,LT-000001-202506-2721,2026-10-26,0,76d6c9f4-5d7d-53c0-bb1f-2a577383765a
e116fc77-5ffc-5419-8dc9-27722b2b127c,e8aeb018-f679-5670-b210-de4f62ff2111,4d9429b6-2ebf-5b5d-ac48-f779d5a1e270,botica,26f7241d-a84e-5e4a-a43d-33eea1e54eea,LT-000010-202506-2722,2028-06-23,0,a6f6d890-1609-53fc-b4a6-5733ccc9d078
9216c75c-2c9e-5a8e-abbd-aa8a50a69115,e8aeb018-f679-5670-b210-de4f62ff2111,012857cc-907f-5e7d-b8fb-796d2c9f1621,botica,26f7241d-a84e-5e4a-a43d-33eea1e54eea,LT-000028-202506-2723,2026-10-30,0,ab4a547f-e75d-5601-8171-00da4efa4b57
7d9142bd-3a92-5088-bbda-863b398bca3e,e8aeb018-f679-5670-b210-de4f62ff2111,07371b94-955f-52a4-9bf9-f0a6ad2b4fa8,botica,43616d97-2221-569d-82eb-bcc14bcd6344,LT-000008-202506-2724,2027-12-23,0,ab4a547f-e75d-5601-8171-00da4efa4b57
ee9850aa-a3c3-515a-8c33-e9e06be30e3f,e8aeb018-f679-5670-b210-de4f62ff2111,4d9429b6-2ebf-5b5d-ac48-f779d5a1e270,botica,43616d97-2221-569d-82eb-bcc14bcd6344,LT-000010-202506-2725,2026-12-08,0,a6f6d890-1609-53fc-b4a6-5733ccc9d078
9999d15d-819a-554a-8d41-0fe34d098217,e8aeb018-f679-5670-b210-de4f62ff2111,d0ae6d2d-e561-56b3-a2c1-113c1c56ae81,botica,43616d97-2221-569d-82eb-bcc14bcd6344,LT-000021-202506-2726,2027-03-12,0,76d6c9f4-5d7d-53c0-bb1f-2a577383765a
296e1f37-13ae-5485-a759-640dd0ee3910,e8aeb018-f679-5670-b210-de4f62ff2111,82cd11ba-d1a0-58b1-b14f-edd741f36e87,botica,d6f21f11-7533-52dd-a4dc-2fb8e260c02c,LT-000007-202506-2727,2028-03-25,0,41cb90d0-d91a-57c2-b138-831be351479f
78926ddb-f938-57c5-a5d5-c5ed91775655,e8aeb018-f679-5670-b210-de4f62ff2111,4d9429b6-2ebf-5b5d-ac48-f779d5a1e270,botica,d6f21f11-7533-52dd-a4dc-2fb8e260c02c,LT-000010-202506-2728,2028-02-25,0,a6f6d890-1609-53fc-b4a6-5733ccc9d078
02b82c3d-b86f-591d-9cb9-ae9c6eddc777,e8aeb018-f679-5670-b210-de4f62ff2111,5bbfdec8-65ae-59e6-b211-5eccb5b765fa,botica,8ecedccf-c230-516b-bbc2-108f7a6fbe63,LT-000006-202506-2729,2026-10-17,0,76d6c9f4-5d7d-53c0-bb1f-2a577383765a
e9d04610-4dd4-523c-884d-f5a114e2dfc0,e8aeb018-f679-5670-b210-de4f62ff2111,0ec23038-d3ab-588c-bbd6-1f5c744cdde1,botica,8ecedccf-c230-516b-bbc2-108f7a6fbe63,LT-000025-202506-2730,2027-12-13,0,a6f6d890-1609-53fc-b4a6-5733ccc9d078
e51cec45-f444-5ec5-8264-64116f912119,e8aeb018-f679-5670-b210-de4f62ff2111,94e18241-54bd-5516-b36f-94ab6e323aca,botica,43616d97-2221-569d-82eb-bcc14bcd6344,LT-000013-202506-2731,2026-03-17,0,ab4a547f-e75d-5601-8171-00da4efa4b57
34d6651a-17f6-574e-b7ed-ab1dedfd9aee,e8aeb018-f679-5670-b210-de4f62ff2111,22231140-3780-5fe8-a7d4-d33f61d15111,botica,8ecedccf-c230-516b-bbc2-108f7a6fbe63,LT-000023-202506-2732,2025-12-29,0,ab4a547f-e75d-5601-8171-00da4efa4b57
f738df2b-df20-5fa5-93ea-4b52cec67010,e8aeb018-f679-5670-b210-de4f62ff2111,058c6382-bde2-59d1-93ff-20c6161a4736,botica,43616d97-2221-569d-82eb-bcc14bcd6344,LT-000009-202506-2733,2026-04-01,0,c6617891-56ff-5690-89a4-1ece06685ff5
ab8aa03b-4d75-52d9-9ea9-cea304099ff9,e8aeb018-f679-5670-b210-de4f62ff2111,97d26d91-c562-5f27-9ebd-285e89c8f4bf,botica,43616d97-2221-569d-82eb-bcc14bcd6344,LT-000018-202506-2734,2027-02-04,0,ab4a547f-e75d-5601-8171-00da4efa4b57
6e479e89-d768-541a-bdf6-205c6255873c,e8aeb018-f679-5670-b210-de4f62ff2111,d3961f5a-3ea7-53d3-89f4-78b65b0c0c6b,botica,d6f21f11-7533-52dd-a4dc-2fb8e260c02c,LT-000001-202506-2735,2027-03-04,0,76d6c9f4-5d7d-53c0-bb1f-2a577383765a
63e3fa70-dd20-5ff8-bead-3661207d093d,e8aeb018-f679-5670-b210-de4f62ff2111,6baabed2-52d7-5cb7-bf74-86c7cb3e4f07,botica,d6f21f11-7533-52dd-a4dc-2fb8e260c02c,LT-000027-202506-2736,2026-10-11,0,41cb90d0-d91a-57c2-b138-831be351479f
5e4a270a-3396-5ad1-9596-6a61882be0bf,e8aeb018-f679-5670-b210-de4f62ff2111,97d26d91-c562-5f27-9ebd-285e89c8f4bf,botica,8ecedccf-c230-516b-bbc2-108f7a6fbe63,LT-000018-202506-2737,2027-10-15,0,ab4a547f-e75d-5601-8171-00da4efa4b57
04c95d55-e087-5771-9671-45d2920d344a,e8aeb018-f679-5670-b210-de4f62ff2111,d3961f5a-3ea7-53d3-89f4-78b65b0c0c6b,botica,7fb983e8-6848-5425-97a2-14da72722d0f,LT-000001-202506-2738,2028-05-27,0,76d6c9f4-5d7d-53c0-bb1f-2a577383765a
ad361419-0f05-5532-aac3-a70d225ea0c6,e8aeb018-f679-5670-b210-de4f62ff2111,22231140-3780-5fe8-a7d4-d33f61d15111,botica,7fb983e8-6848-5425-97a2-14da72722d0f,LT-000023-202506-2739,2026-04-11,0,ab4a547f-e75d-5601-8171-00da4efa4b57
0e0000de-6190-5f05-93f1-0475d3a7223f,e8aeb018-f679-5670-b210-de4f62ff2111,012857cc-907f-5e7d-b8fb-796d2c9f1621,botica,7fb983e8-6848-5425-97a2-14da72722d0f,LT-000028-202506-2740,2028-05-12,24,ab4a547f-e75d-5601-8171-00da4efa4b57
8c2f7d1b-3473-5d33-8a95-9b2959940a0a,e8aeb018-f679-5670-b210-de4f62ff2111,d3961f5a-3ea7-53d3-89f4-78b65b0c0c6b,botica,43616d97-2221-569d-82eb-bcc14bcd6344,LT-000001-202506-2741,2027-03-26,0,76d6c9f4-5d7d-53c0-bb1f-2a577383765a
fcbea524-d59e-51a2-b75c-50dbd0342643,e8aeb018-f679-5670-b210-de4f62ff2111,2897aac2-f219-5167-b800-73fac27f6b85,botica,43616d97-2221-569d-82eb-bcc14bcd6344,LT-000022-202506-2742,2026-12-01,0,41cb90d0-d91a-57c2-b138-831be351479f
34ebf36e-b184-5792-99f1-79cf4ea592df,e8aeb018-f679-5670-b210-de4f62ff2111,94e18241-54bd-5516-b36f-94ab6e323aca,botica,d6f21f11-7533-52dd-a4dc-2fb8e260c02c,LT-000013-202506-2743,2028-02-25,0,ab4a547f-e75d-5601-8171-00da4efa4b57
291ab501-46c9-581a-b64f-cbd8d6303b12,e8aeb018-f679-5670-b210-de4f62ff2111,1ca3438e-9e23-58f0-a35f-f15f7a23beb9,botica,8ecedccf-c230-516b-bbc2-108f7a6fbe63,LT-000024-202506-2744,2027-09-14,0,c6617891-56ff-5690-89a4-1ece06685ff5
e08028d6-0081-55dd-a42f-0fd9a6966558,e8aeb018-f679-5670-b210-de4f62ff2111,87b859e0-789a-56e6-b1ba-4fe76221d3bf,botica,43616d97-2221-569d-82eb-bcc14bcd6344,LT-000014-202506-2745,2027-12-16,0,c6617891-56ff-5690-89a4-1ece06685ff5
f6bd46a6-303c-525d-9ba3-de9893410971,e8aeb018-f679-5670-b210-de4f62ff2111,2eb3a104-e572-583a-afa0-156ee0dc4cce,botica,43616d97-2221-569d-82eb-bcc14bcd6344,LT-000019-202506-2746,2027-10-05,0,c6617891-56ff-5690-89a4-1ece06685ff5
d0b8ef12-5ae1-5164-ab6d-9741e4d7d18c,e8aeb018-f679-5670-b210-de4f62ff2111,6d807393-f4ab-5f76-b544-251eeda27ba3,botica,7fb983e8-6848-5425-97a2-14da72722d0f,LT-000003-202506-2747,2027-10-08,0,ab4a547f-e75d-5601-8171-00da4efa4b57
c5f829d9-72b2-52d4-82a1-0637d979a2b8,e8aeb018-f679-5670-b210-de4f62ff2111,07371b94-955f-52a4-9bf9-f0a6ad2b4fa8,botica,7fb983e8-6848-5425-97a2-14da72722d0f,LT-000008-202506-2748,2026-12-26,0,ab4a547f-e75d-5601-8171-00da4efa4b57
6eb176eb-a6d4-5429-a882-7d23fbfe6c92,e8aeb018-f679-5670-b210-de4f62ff2111,5bbfdec8-65ae-59e6-b211-5eccb5b765fa,botica,26f7241d-a84e-5e4a-a43d-33eea1e54eea,LT-000006-202506-2749,2027-11-27,0,76d6c9f4-5d7d-53c0-bb1f-2a577383765a
2f1a1a03-3b01-5b41-b104-48a8c8c51f49,e8aeb018-f679-5670-b210-de4f62ff2111,6d807393-f4ab-5f76-b544-251eeda27ba3,botica,43616d97-2221-569d-82eb-bcc14bcd6344,LT-000003-202506-2750,2028-04-03,0,ab4a547f-e75d-5601-8171-00da4efa4b57
bc681aeb-c629-50c0-81e9-0104f0083874,e8aeb018-f679-5670-b210-de4f62ff2111,042e2e80-f954-5df4-97be-29dd428cc598,botica,43616d97-2221-569d-82eb-bcc14bcd6344,LT-000004-202506-2751,2027-07-26,0,c6617891-56ff-5690-89a4-1ece06685ff5
9a93d209-0a8a-5b93-8d60-1737b2be33a3,e8aeb018-f679-5670-b210-de4f62ff2111,afe9d181-1c64-5cca-b4b7-a9fa24eceeea,botica,43616d97-2221-569d-82eb-bcc14bcd6344,LT-000020-202506-2752,2026-08-07,0,a6f6d890-1609-53fc-b4a6-5733ccc9d078
6376970d-a7ab-51ac-a618-3b6a27ab0cd7,e8aeb018-f679-5670-b210-de4f62ff2111,07371b94-955f-52a4-9bf9-f0a6ad2b4fa8,botica,d6f21f11-7533-52dd-a4dc-2fb8e260c02c,LT-000008-202506-2753,2027-09-03,0,ab4a547f-e75d-5601-8171-00da4efa4b57
a72061d2-971c-5e87-bd7b-522589850e34,e8aeb018-f679-5670-b210-de4f62ff2111,2897aac2-f219-5167-b800-73fac27f6b85,botica,d6f21f11-7533-52dd-a4dc-2fb8e260c02c,LT-000022-202506-2754,2026-09-28,0,41cb90d0-d91a-57c2-b138-831be351479f
703eba50-0f17-5d43-aa2f-2ff8a991af54,e8aeb018-f679-5670-b210-de4f62ff2111,012857cc-907f-5e7d-b8fb-796d2c9f1621,botica,d6f21f11-7533-52dd-a4dc-2fb8e260c02c,LT-000028-202506-2755,2027-01-27,0,ab4a547f-e75d-5601-8171-00da4efa4b57
23addb5a-68b7-5118-a44b-abe766d04faa,e8aeb018-f679-5670-b210-de4f62ff2111,1ca3438e-9e23-58f0-a35f-f15f7a23beb9,botica,7fb983e8-6848-5425-97a2-14da72722d0f,LT-000024-202506-2756,2028-04-30,0,c6617891-56ff-5690-89a4-1ece06685ff5
69182b55-7fa1-537e-84b8-244b2438c33c,e8aeb018-f679-5670-b210-de4f62ff2111,1e9605fd-5682-52b6-8f05-e8a92dd44513,botica,7fb983e8-6848-5425-97a2-14da72722d0f,LT-000030-202506-2757,2026-09-22,0,a6f6d890-1609-53fc-b4a6-5733ccc9d078
f50eef71-c628-58aa-96e9-95931bacf2bf,e8aeb018-f679-5670-b210-de4f62ff2111,058c6382-bde2-59d1-93ff-20c6161a4736,botica,26f7241d-a84e-5e4a-a43d-33eea1e54eea,LT-000009-202507-2758,2026-07-06,0,c6617891-56ff-5690-89a4-1ece06685ff5
63e114d2-ea6a-517c-b6e6-204f81fe1ba0,e8aeb018-f679-5670-b210-de4f62ff2111,2082733c-4e17-51fe-bc8c-bf33d3ec5d7e,botica,26f7241d-a84e-5e4a-a43d-33eea1e54eea,LT-000016-202507-2759,2028-02-15,0,76d6c9f4-5d7d-53c0-bb1f-2a577383765a
477d5cba-deb2-5ae6-a762-3120965805b2,e8aeb018-f679-5670-b210-de4f62ff2111,97d26d91-c562-5f27-9ebd-285e89c8f4bf,botica,26f7241d-a84e-5e4a-a43d-33eea1e54eea,LT-000018-202507-2760,2026-07-17,0,ab4a547f-e75d-5601-8171-00da4efa4b57
db69cc38-0c25-512c-97ff-f1de6b606212,e8aeb018-f679-5670-b210-de4f62ff2111,82cd11ba-d1a0-58b1-b14f-edd741f36e87,botica,43616d97-2221-569d-82eb-bcc14bcd6344,LT-000007-202507-2761,2028-03-07,0,41cb90d0-d91a-57c2-b138-831be351479f
26c05259-db8f-5bb8-8d9e-5a6444d028c9,e8aeb018-f679-5670-b210-de4f62ff2111,6d807393-f4ab-5f76-b544-251eeda27ba3,botica,d6f21f11-7533-52dd-a4dc-2fb8e260c02c,LT-000003-202507-2762,2026-11-02,0,ab4a547f-e75d-5601-8171-00da4efa4b57
c12c4af4-248e-5c64-8520-f6e830b81c5e,e8aeb018-f679-5670-b210-de4f62ff2111,1e9605fd-5682-52b6-8f05-e8a92dd44513,botica,8ecedccf-c230-516b-bbc2-108f7a6fbe63,LT-000030-202507-2763,2028-03-05,0,a6f6d890-1609-53fc-b4a6-5733ccc9d078
34929365-2f14-5ec6-b0ef-e9bda64e2549,e8aeb018-f679-5670-b210-de4f62ff2111,9928e9a1-d9fc-5fdd-86c2-8909352fd7fe,botica,26f7241d-a84e-5e4a-a43d-33eea1e54eea,LT-000005-202507-2764,2026-11-14,0,a6f6d890-1609-53fc-b4a6-5733ccc9d078
18d9b102-a5f6-514d-b077-7a4d8b2b5daf,e8aeb018-f679-5670-b210-de4f62ff2111,cd81184b-b6f1-563c-b463-36a69ddfb598,botica,26f7241d-a84e-5e4a-a43d-33eea1e54eea,LT-000026-202507-2765,2027-03-09,0,76d6c9f4-5d7d-53c0-bb1f-2a577383765a
1e8a5c6c-2c57-5df4-8eaf-1c7ec60fa484,e8aeb018-f679-5670-b210-de4f62ff2111,22231140-3780-5fe8-a7d4-d33f61d15111,botica,43616d97-2221-569d-82eb-bcc14bcd6344,LT-000023-202507-2766,2026-10-29,0,ab4a547f-e75d-5601-8171-00da4efa4b57
683da182-8c3d-5ed2-8b14-f08b9567a493,e8aeb018-f679-5670-b210-de4f62ff2111,042e2e80-f954-5df4-97be-29dd428cc598,botica,d6f21f11-7533-52dd-a4dc-2fb8e260c02c,LT-000004-202507-2767,2027-07-03,0,c6617891-56ff-5690-89a4-1ece06685ff5
7254c739-cd87-574b-8eb4-85dd8e0084ee,e8aeb018-f679-5670-b210-de4f62ff2111,2eb3a104-e572-583a-afa0-156ee0dc4cce,botica,d6f21f11-7533-52dd-a4dc-2fb8e260c02c,LT-000019-202507-2768,2026-02-15,0,c6617891-56ff-5690-89a4-1ece06685ff5
85a07ab9-a9f0-5730-b843-bb7cd5989c3e,e8aeb018-f679-5670-b210-de4f62ff2111,d3961f5a-3ea7-53d3-89f4-78b65b0c0c6b,botica,8ecedccf-c230-516b-bbc2-108f7a6fbe63,LT-000001-202507-2769,2026-12-02,0,76d6c9f4-5d7d-53c0-bb1f-2a577383765a
4e941be2-ff70-5c0d-807c-004dfbaa313b,e8aeb018-f679-5670-b210-de4f62ff2111,9928e9a1-d9fc-5fdd-86c2-8909352fd7fe,botica,8ecedccf-c230-516b-bbc2-108f7a6fbe63,LT-000005-202507-2770,2027-04-11,0,a6f6d890-1609-53fc-b4a6-5733ccc9d078
b8ed9764-8e0b-5c44-94b0-0c77dceb6fb9,e8aeb018-f679-5670-b210-de4f62ff2111,07371b94-955f-52a4-9bf9-f0a6ad2b4fa8,botica,8ecedccf-c230-516b-bbc2-108f7a6fbe63,LT-000008-202507-2771,2026-03-18,0,ab4a547f-e75d-5601-8171-00da4efa4b57
bd34869a-f8d1-5a9e-9eef-9cfb5ed31840,e8aeb018-f679-5670-b210-de4f62ff2111,2897aac2-f219-5167-b800-73fac27f6b85,botica,7fb983e8-6848-5425-97a2-14da72722d0f,LT-000022-202507-2772,2026-02-16,0,41cb90d0-d91a-57c2-b138-831be351479f
035dc38d-7e22-56f9-a917-d2fc3cb5913a,e8aeb018-f679-5670-b210-de4f62ff2111,cd81184b-b6f1-563c-b463-36a69ddfb598,botica,7fb983e8-6848-5425-97a2-14da72722d0f,LT-000026-202507-2773,2026-10-24,0,76d6c9f4-5d7d-53c0-bb1f-2a577383765a
2e79bd26-9a71-5ebe-9b74-d9ccf9b08bea,e8aeb018-f679-5670-b210-de4f62ff2111,82cd11ba-d1a0-58b1-b14f-edd741f36e87,botica,26f7241d-a84e-5e4a-a43d-33eea1e54eea,LT-000007-202507-2774,2027-06-15,0,41cb90d0-d91a-57c2-b138-831be351479f
fee32c2c-a032-5512-9099-c1dee9be4653,e8aeb018-f679-5670-b210-de4f62ff2111,c0cf5e5c-b5c9-585a-8e79-d9830bc954f6,botica,26f7241d-a84e-5e4a-a43d-33eea1e54eea,LT-000011-202507-2775,2027-07-19,0,76d6c9f4-5d7d-53c0-bb1f-2a577383765a
a5196fec-be82-5451-864a-091f1f687d4d,e8aeb018-f679-5670-b210-de4f62ff2111,0ec23038-d3ab-588c-bbd6-1f5c744cdde1,botica,26f7241d-a84e-5e4a-a43d-33eea1e54eea,LT-000025-202507-2776,2028-05-24,0,a6f6d890-1609-53fc-b4a6-5733ccc9d078
bb51e4ae-bc0d-5a74-ad8e-c947ab4be3e2,e8aeb018-f679-5670-b210-de4f62ff2111,6baabed2-52d7-5cb7-bf74-86c7cb3e4f07,botica,26f7241d-a84e-5e4a-a43d-33eea1e54eea,LT-000027-202507-2777,2027-06-22,0,41cb90d0-d91a-57c2-b138-831be351479f
c9c7e122-a3f9-5899-b0a2-400f66a1fe79,e8aeb018-f679-5670-b210-de4f62ff2111,87b859e0-789a-56e6-b1ba-4fe76221d3bf,botica,d6f21f11-7533-52dd-a4dc-2fb8e260c02c,LT-000014-202507-2778,2027-03-24,0,c6617891-56ff-5690-89a4-1ece06685ff5
4b057be3-88ca-5763-9261-e3dee7ee0cd5,e8aeb018-f679-5670-b210-de4f62ff2111,983871db-adfb-543e-b438-6b00044ffb64,botica,d6f21f11-7533-52dd-a4dc-2fb8e260c02c,LT-000015-202507-2779,2026-04-17,0,a6f6d890-1609-53fc-b4a6-5733ccc9d078
2e2f5a19-aafb-57ac-8301-d652ed37bb41,e8aeb018-f679-5670-b210-de4f62ff2111,6baabed2-52d7-5cb7-bf74-86c7cb3e4f07,botica,8ecedccf-c230-516b-bbc2-108f7a6fbe63,LT-000027-202507-2780,2026-02-03,0,41cb90d0-d91a-57c2-b138-831be351479f
03fea086-8efe-520c-bec6-a26e0188eced,e8aeb018-f679-5670-b210-de4f62ff2111,042e2e80-f954-5df4-97be-29dd428cc598,botica,7fb983e8-6848-5425-97a2-14da72722d0f,LT-000004-202507-2781,2027-05-23,0,c6617891-56ff-5690-89a4-1ece06685ff5
def11165-6ce5-5086-b08a-e19a379c3d2d,e8aeb018-f679-5670-b210-de4f62ff2111,6baabed2-52d7-5cb7-bf74-86c7cb3e4f07,botica,7fb983e8-6848-5425-97a2-14da72722d0f,LT-000027-202507-2782,2026-10-31,0,41cb90d0-d91a-57c2-b138-831be351479f
9cc4e51b-94ea-5254-82af-812f768459c9,e8aeb018-f679-5670-b210-de4f62ff2111,2933d8b7-2438-521b-b38d-d3a5224f87fc,botica,26f7241d-a84e-5e4a-a43d-33eea1e54eea,LT-000002-202507-2783,2028-05-22,0,41cb90d0-d91a-57c2-b138-831be351479f
82d40877-0922-5f48-8364-5899f0b1eccb,e8aeb018-f679-5670-b210-de4f62ff2111,c0cf5e5c-b5c9-585a-8e79-d9830bc954f6,botica,d6f21f11-7533-52dd-a4dc-2fb8e260c02c,LT-000011-202507-2784,2026-03-02,0,76d6c9f4-5d7d-53c0-bb1f-2a577383765a
6fdea561-8904-597e-9952-7988f722476e,e8aeb018-f679-5670-b210-de4f62ff2111,cd81184b-b6f1-563c-b463-36a69ddfb598,botica,8ecedccf-c230-516b-bbc2-108f7a6fbe63,LT-000026-202507-2785,2026-04-12,0,76d6c9f4-5d7d-53c0-bb1f-2a577383765a
7f4ebcd9-c9d2-50b9-a7d2-1023438f460e,e8aeb018-f679-5670-b210-de4f62ff2111,2933d8b7-2438-521b-b38d-d3a5224f87fc,botica,7fb983e8-6848-5425-97a2-14da72722d0f,LT-000002-202507-2786,2027-10-01,0,41cb90d0-d91a-57c2-b138-831be351479f
28f5754d-d51b-5653-8ce9-b1300def1290,e8aeb018-f679-5670-b210-de4f62ff2111,983871db-adfb-543e-b438-6b00044ffb64,botica,7fb983e8-6848-5425-97a2-14da72722d0f,LT-000015-202507-2787,2026-08-18,0,a6f6d890-1609-53fc-b4a6-5733ccc9d078
76f7982c-3916-5dbe-b522-ce1f0a46a490,e8aeb018-f679-5670-b210-de4f62ff2111,d2f08f15-f9f2-5f65-a740-b05896774467,botica,7fb983e8-6848-5425-97a2-14da72722d0f,LT-000017-202507-2788,2028-03-31,0,41cb90d0-d91a-57c2-b138-831be351479f
835b5cb3-cb7b-513f-a063-96b0fecd8e55,e8aeb018-f679-5670-b210-de4f62ff2111,0ec23038-d3ab-588c-bbd6-1f5c744cdde1,botica,7fb983e8-6848-5425-97a2-14da72722d0f,LT-000025-202507-2789,2028-01-15,0,a6f6d890-1609-53fc-b4a6-5733ccc9d078
0c9c6aed-ad23-5cae-9a72-e060082f8c27,e8aeb018-f679-5670-b210-de4f62ff2111,d3961f5a-3ea7-53d3-89f4-78b65b0c0c6b,botica,26f7241d-a84e-5e4a-a43d-33eea1e54eea,LT-000001-202507-2790,2027-03-01,0,76d6c9f4-5d7d-53c0-bb1f-2a577383765a
f527547e-044b-5843-acb5-303ea2ec7145,e8aeb018-f679-5670-b210-de4f62ff2111,22231140-3780-5fe8-a7d4-d33f61d15111,botica,26f7241d-a84e-5e4a-a43d-33eea1e54eea,LT-000023-202507-2791,2028-05-02,0,ab4a547f-e75d-5601-8171-00da4efa4b57
75b6f680-924d-5646-9a0d-9b89bfb5f806,e8aeb018-f679-5670-b210-de4f62ff2111,6d807393-f4ab-5f76-b544-251eeda27ba3,botica,8ecedccf-c230-516b-bbc2-108f7a6fbe63,LT-000003-202507-2792,2027-02-06,0,ab4a547f-e75d-5601-8171-00da4efa4b57
4ac5b475-ea2f-5c50-8bd3-18ba94aad69e,e8aeb018-f679-5670-b210-de4f62ff2111,82cd11ba-d1a0-58b1-b14f-edd741f36e87,botica,8ecedccf-c230-516b-bbc2-108f7a6fbe63,LT-000007-202507-2793,2026-04-07,0,41cb90d0-d91a-57c2-b138-831be351479f
c04b9a2f-0c0e-5619-9595-fd26d910e2f4,e8aeb018-f679-5670-b210-de4f62ff2111,9928e9a1-d9fc-5fdd-86c2-8909352fd7fe,botica,7fb983e8-6848-5425-97a2-14da72722d0f,LT-000005-202507-2794,2028-05-09,0,a6f6d890-1609-53fc-b4a6-5733ccc9d078
f2e50cab-c110-5198-9852-235195161657,e8aeb018-f679-5670-b210-de4f62ff2111,38adf7ba-476e-5e6b-9163-781a13538253,botica,7fb983e8-6848-5425-97a2-14da72722d0f,LT-000012-202507-2795,2026-02-06,0,41cb90d0-d91a-57c2-b138-831be351479f
abe546c3-7b6f-5ecd-9e26-9af3c86a2a4b,e8aeb018-f679-5670-b210-de4f62ff2111,07371b94-955f-52a4-9bf9-f0a6ad2b4fa8,botica,26f7241d-a84e-5e4a-a43d-33eea1e54eea,LT-000008-202507-2796,2026-03-20,0,ab4a547f-e75d-5601-8171-00da4efa4b57
b3df2868-b3b8-5334-bea4-529a7a87844f,e8aeb018-f679-5670-b210-de4f62ff2111,2897aac2-f219-5167-b800-73fac27f6b85,botica,26f7241d-a84e-5e4a-a43d-33eea1e54eea,LT-000022-202507-2797,2027-05-18,0,41cb90d0-d91a-57c2-b138-831be351479f
35f3710a-8288-50de-ab03-adf8a948ee56,e8aeb018-f679-5670-b210-de4f62ff2111,0ec23038-d3ab-588c-bbd6-1f5c744cdde1,botica,43616d97-2221-569d-82eb-bcc14bcd6344,LT-000025-202507-2798,2027-02-26,0,a6f6d890-1609-53fc-b4a6-5733ccc9d078
1a31b8bd-fa60-5e8e-a840-efe3bb373d85,e8aeb018-f679-5670-b210-de4f62ff2111,d0ae6d2d-e561-56b3-a2c1-113c1c56ae81,botica,d6f21f11-7533-52dd-a4dc-2fb8e260c02c,LT-000021-202507-2799,2026-05-22,0,76d6c9f4-5d7d-53c0-bb1f-2a577383765a
2eec123d-e3c1-57a9-80c0-69a7aa699ac5,e8aeb018-f679-5670-b210-de4f62ff2111,82cd11ba-d1a0-58b1-b14f-edd741f36e87,botica,7fb983e8-6848-5425-97a2-14da72722d0f,LT-000007-202507-2800,2026-11-24,0,41cb90d0-d91a-57c2-b138-831be351479f
4dcf9ccb-3ac2-5b16-a1df-6944b61cc31f,e8aeb018-f679-5670-b210-de4f62ff2111,1e9605fd-5682-52b6-8f05-e8a92dd44513,botica,26f7241d-a84e-5e4a-a43d-33eea1e54eea,LT-000030-202507-2801,2026-07-13,0,a6f6d890-1609-53fc-b4a6-5733ccc9d078
de0df9e3-7c9a-5b0a-88f9-17776cd44b08,e8aeb018-f679-5670-b210-de4f62ff2111,1ca3438e-9e23-58f0-a35f-f15f7a23beb9,botica,43616d97-2221-569d-82eb-bcc14bcd6344,LT-000024-202507-2802,2027-03-20,0,c6617891-56ff-5690-89a4-1ece06685ff5
9e342b30-ff89-575c-8171-d1db8a67a2a1,e8aeb018-f679-5670-b210-de4f62ff2111,1ca3438e-9e23-58f0-a35f-f15f7a23beb9,botica,d6f21f11-7533-52dd-a4dc-2fb8e260c02c,LT-000024-202507-2803,2027-10-07,0,c6617891-56ff-5690-89a4-1ece06685ff5
05b47680-d8cf-5532-ab1f-43468b7e4648,e8aeb018-f679-5670-b210-de4f62ff2111,afe9d181-1c64-5cca-b4b7-a9fa24eceeea,botica,8ecedccf-c230-516b-bbc2-108f7a6fbe63,LT-000020-202507-2804,2026-02-18,0,a6f6d890-1609-53fc-b4a6-5733ccc9d078
50452cdd-f5c0-556f-b581-44c09f15683d,e8aeb018-f679-5670-b210-de4f62ff2111,2897aac2-f219-5167-b800-73fac27f6b85,botica,8ecedccf-c230-516b-bbc2-108f7a6fbe63,LT-000022-202507-2805,2027-03-08,0,41cb90d0-d91a-57c2-b138-831be351479f
3a1817c3-072f-585d-9ea5-c02127e41605,e8aeb018-f679-5670-b210-de4f62ff2111,5bbfdec8-65ae-59e6-b211-5eccb5b765fa,botica,7fb983e8-6848-5425-97a2-14da72722d0f,LT-000006-202507-2806,2027-06-05,0,76d6c9f4-5d7d-53c0-bb1f-2a577383765a
25b1b472-eaeb-51f9-9f95-2fb99b1ad7e4,e8aeb018-f679-5670-b210-de4f62ff2111,d2f08f15-f9f2-5f65-a740-b05896774467,botica,26f7241d-a84e-5e4a-a43d-33eea1e54eea,LT-000017-202507-2807,2026-12-08,0,41cb90d0-d91a-57c2-b138-831be351479f
a45b8f7c-254b-5736-ade1-b7c370bbbdf8,e8aeb018-f679-5670-b210-de4f62ff2111,9928e9a1-d9fc-5fdd-86c2-8909352fd7fe,botica,43616d97-2221-569d-82eb-bcc14bcd6344,LT-000005-202507-2808,2027-08-11,0,a6f6d890-1609-53fc-b4a6-5733ccc9d078
82ae1488-80e5-518c-b094-a22b4c7df482,e8aeb018-f679-5670-b210-de4f62ff2111,07371b94-955f-52a4-9bf9-f0a6ad2b4fa8,botica,43616d97-2221-569d-82eb-bcc14bcd6344,LT-000008-202507-2809,2026-11-13,0,ab4a547f-e75d-5601-8171-00da4efa4b57
7a3c12f4-c391-5058-b600-656cced2a2c3,e8aeb018-f679-5670-b210-de4f62ff2111,d2f08f15-f9f2-5f65-a740-b05896774467,botica,43616d97-2221-569d-82eb-bcc14bcd6344,LT-000017-202507-2810,2026-06-03,0,41cb90d0-d91a-57c2-b138-831be351479f
95a3f1c4-97d5-50ff-9cac-ef03a4745611,e8aeb018-f679-5670-b210-de4f62ff2111,cd81184b-b6f1-563c-b463-36a69ddfb598,botica,43616d97-2221-569d-82eb-bcc14bcd6344,LT-000026-202507-2811,2027-09-06,0,76d6c9f4-5d7d-53c0-bb1f-2a577383765a
2f0aba5a-8939-568c-bead-c1ab37a6c805,e8aeb018-f679-5670-b210-de4f62ff2111,042e2e80-f954-5df4-97be-29dd428cc598,botica,8ecedccf-c230-516b-bbc2-108f7a6fbe63,LT-000004-202507-2812,2027-07-18,0,c6617891-56ff-5690-89a4-1ece06685ff5
c6407688-d388-5d9d-8b62-9062deb33de0,e8aeb018-f679-5670-b210-de4f62ff2111,058c6382-bde2-59d1-93ff-20c6161a4736,botica,8ecedccf-c230-516b-bbc2-108f7a6fbe63,LT-000009-202507-2813,2026-04-22,0,c6617891-56ff-5690-89a4-1ece06685ff5
cefee84d-3ca8-5e70-9790-f9a8cbaa8a49,e8aeb018-f679-5670-b210-de4f62ff2111,983871db-adfb-543e-b438-6b00044ffb64,botica,8ecedccf-c230-516b-bbc2-108f7a6fbe63,LT-000015-202507-2814,2026-03-29,0,a6f6d890-1609-53fc-b4a6-5733ccc9d078
e75fe27e-aeb0-57d9-bfa0-572b66056b88,e8aeb018-f679-5670-b210-de4f62ff2111,058c6382-bde2-59d1-93ff-20c6161a4736,botica,7fb983e8-6848-5425-97a2-14da72722d0f,LT-000009-202507-2815,2026-05-15,0,c6617891-56ff-5690-89a4-1ece06685ff5
fd8c54c2-f8e2-511f-ad62-c2c51e96e65f,e8aeb018-f679-5670-b210-de4f62ff2111,94e18241-54bd-5516-b36f-94ab6e323aca,botica,26f7241d-a84e-5e4a-a43d-33eea1e54eea,LT-000013-202507-2816,2026-07-05,0,ab4a547f-e75d-5601-8171-00da4efa4b57
d8d9d56d-07d9-5f9a-8119-224248f0e8cf,e8aeb018-f679-5670-b210-de4f62ff2111,1ca3438e-9e23-58f0-a35f-f15f7a23beb9,botica,26f7241d-a84e-5e4a-a43d-33eea1e54eea,LT-000024-202507-2817,2028-07-07,0,c6617891-56ff-5690-89a4-1ece06685ff5
18632ce3-a8d2-577e-905b-05dcfba7d408,e8aeb018-f679-5670-b210-de4f62ff2111,87b859e0-789a-56e6-b1ba-4fe76221d3bf,botica,8ecedccf-c230-516b-bbc2-108f7a6fbe63,LT-000014-202507-2818,2026-04-07,0,c6617891-56ff-5690-89a4-1ece06685ff5
239e0064-f4b0-5cf5-9edd-d71b55008de1,e8aeb018-f679-5670-b210-de4f62ff2111,c0cf5e5c-b5c9-585a-8e79-d9830bc954f6,botica,7fb983e8-6848-5425-97a2-14da72722d0f,LT-000011-202507-2819,2026-10-26,0,76d6c9f4-5d7d-53c0-bb1f-2a577383765a
b3fd2c23-0740-5f79-b79d-a0ffefacc883,e8aeb018-f679-5670-b210-de4f62ff2111,87b859e0-789a-56e6-b1ba-4fe76221d3bf,botica,7fb983e8-6848-5425-97a2-14da72722d0f,LT-000014-202507-2820,2027-06-30,0,c6617891-56ff-5690-89a4-1ece06685ff5
c27339ba-c6d0-55a5-9873-0ff5a9c5529f,e8aeb018-f679-5670-b210-de4f62ff2111,2082733c-4e17-51fe-bc8c-bf33d3ec5d7e,botica,43616d97-2221-569d-82eb-bcc14bcd6344,LT-000016-202507-2821,2027-05-17,0,76d6c9f4-5d7d-53c0-bb1f-2a577383765a
22bfa5cb-2672-51f9-a7ae-40c03e270886,e8aeb018-f679-5670-b210-de4f62ff2111,97d26d91-c562-5f27-9ebd-285e89c8f4bf,botica,d6f21f11-7533-52dd-a4dc-2fb8e260c02c,LT-000018-202507-2822,2027-12-25,0,ab4a547f-e75d-5601-8171-00da4efa4b57
bd39a62e-0fd6-5985-bfb1-2298b68fb456,e8aeb018-f679-5670-b210-de4f62ff2111,2897aac2-f219-5167-b800-73fac27f6b85,botica,d6f21f11-7533-52dd-a4dc-2fb8e260c02c,LT-000022-202507-2823,2026-10-02,0,41cb90d0-d91a-57c2-b138-831be351479f
199cb11d-f45f-502a-bc9a-39c4ff37154b,e8aeb018-f679-5670-b210-de4f62ff2111,0ec23038-d3ab-588c-bbd6-1f5c744cdde1,botica,8ecedccf-c230-516b-bbc2-108f7a6fbe63,LT-000025-202507-2824,2026-04-03,0,a6f6d890-1609-53fc-b4a6-5733ccc9d078
5d750759-7b3e-5a24-869e-f79882e0efa5,e8aeb018-f679-5670-b210-de4f62ff2111,07371b94-955f-52a4-9bf9-f0a6ad2b4fa8,botica,7fb983e8-6848-5425-97a2-14da72722d0f,LT-000008-202507-2825,2026-04-19,0,ab4a547f-e75d-5601-8171-00da4efa4b57
10cb01b7-db9e-506a-ab60-6dbef1aa0603,e8aeb018-f679-5670-b210-de4f62ff2111,94e18241-54bd-5516-b36f-94ab6e323aca,botica,7fb983e8-6848-5425-97a2-14da72722d0f,LT-000013-202507-2826,2026-02-04,0,ab4a547f-e75d-5601-8171-00da4efa4b57
46bca90f-790b-5dd4-b541-8ed1b253538f,e8aeb018-f679-5670-b210-de4f62ff2111,d0ae6d2d-e561-56b3-a2c1-113c1c56ae81,botica,7fb983e8-6848-5425-97a2-14da72722d0f,LT-000021-202507-2827,2027-07-04,0,76d6c9f4-5d7d-53c0-bb1f-2a577383765a
978926e7-abb8-5b7e-ac96-a8829a689af8,e8aeb018-f679-5670-b210-de4f62ff2111,38adf7ba-476e-5e6b-9163-781a13538253,botica,43616d97-2221-569d-82eb-bcc14bcd6344,LT-000012-202507-2828,2027-11-04,0,41cb90d0-d91a-57c2-b138-831be351479f
150ff97a-86ab-5f0e-ba56-dfb4b77c0ced,e8aeb018-f679-5670-b210-de4f62ff2111,012857cc-907f-5e7d-b8fb-796d2c9f1621,botica,43616d97-2221-569d-82eb-bcc14bcd6344,LT-000028-202507-2829,2026-11-16,0,ab4a547f-e75d-5601-8171-00da4efa4b57
3c1b6378-096d-5a1c-924a-ee865cdabacd,e8aeb018-f679-5670-b210-de4f62ff2111,2933d8b7-2438-521b-b38d-d3a5224f87fc,botica,d6f21f11-7533-52dd-a4dc-2fb8e260c02c,LT-000002-202507-2830,2027-09-24,0,41cb90d0-d91a-57c2-b138-831be351479f
02366979-4ea6-5485-a95b-a2fd6f7fa889,e8aeb018-f679-5670-b210-de4f62ff2111,058c6382-bde2-59d1-93ff-20c6161a4736,botica,d6f21f11-7533-52dd-a4dc-2fb8e260c02c,LT-000009-202507-2831,2027-04-12,0,c6617891-56ff-5690-89a4-1ece06685ff5
38857140-77a7-5da3-b3a1-6a468ac96aa0,e8aeb018-f679-5670-b210-de4f62ff2111,1e9605fd-5682-52b6-8f05-e8a92dd44513,botica,d6f21f11-7533-52dd-a4dc-2fb8e260c02c,LT-000030-202507-2832,2027-07-01,0,a6f6d890-1609-53fc-b4a6-5733ccc9d078
53b31a83-4dc9-5fa8-a58f-bb54c0fabe14,e8aeb018-f679-5670-b210-de4f62ff2111,d3961f5a-3ea7-53d3-89f4-78b65b0c0c6b,botica,7fb983e8-6848-5425-97a2-14da72722d0f,LT-000001-202507-2833,2026-06-08,0,76d6c9f4-5d7d-53c0-bb1f-2a577383765a
b4a08a91-5be7-5c53-a56f-9f59a706862e,e8aeb018-f679-5670-b210-de4f62ff2111,042e2e80-f954-5df4-97be-29dd428cc598,botica,26f7241d-a84e-5e4a-a43d-33eea1e54eea,LT-000004-202507-2834,2027-03-03,0,c6617891-56ff-5690-89a4-1ece06685ff5
27384f4e-4884-5cce-a9f2-fe867df135d4,e8aeb018-f679-5670-b210-de4f62ff2111,5bbfdec8-65ae-59e6-b211-5eccb5b765fa,botica,43616d97-2221-569d-82eb-bcc14bcd6344,LT-000006-202507-2835,2027-11-10,0,76d6c9f4-5d7d-53c0-bb1f-2a577383765a
edc190ce-d56d-536e-8fb6-1c7bb41a694a,e8aeb018-f679-5670-b210-de4f62ff2111,5bbfdec8-65ae-59e6-b211-5eccb5b765fa,botica,d6f21f11-7533-52dd-a4dc-2fb8e260c02c,LT-000006-202507-2836,2027-04-30,0,76d6c9f4-5d7d-53c0-bb1f-2a577383765a
4efdb8af-0f0b-5cad-848c-ab801a154cdf,e8aeb018-f679-5670-b210-de4f62ff2111,2933d8b7-2438-521b-b38d-d3a5224f87fc,botica,8ecedccf-c230-516b-bbc2-108f7a6fbe63,LT-000002-202507-2837,2027-07-21,0,41cb90d0-d91a-57c2-b138-831be351479f
5592a33a-781d-5e00-83ec-690e3a88b522,e8aeb018-f679-5670-b210-de4f62ff2111,38adf7ba-476e-5e6b-9163-781a13538253,botica,8ecedccf-c230-516b-bbc2-108f7a6fbe63,LT-000012-202507-2838,2027-10-30,0,41cb90d0-d91a-57c2-b138-831be351479f
dfc850c0-865e-577f-9143-a667f744a041,e8aeb018-f679-5670-b210-de4f62ff2111,6d807393-f4ab-5f76-b544-251eeda27ba3,botica,26f7241d-a84e-5e4a-a43d-33eea1e54eea,LT-000003-202507-2839,2027-08-24,0,ab4a547f-e75d-5601-8171-00da4efa4b57
c55a3e2c-878b-51d7-ad82-3710f0a468d6,e8aeb018-f679-5670-b210-de4f62ff2111,058c6382-bde2-59d1-93ff-20c6161a4736,botica,26f7241d-a84e-5e4a-a43d-33eea1e54eea,LT-000009-202507-2840,2028-03-10,0,c6617891-56ff-5690-89a4-1ece06685ff5
583abf42-28a6-5eae-947e-78bb4beaa848,e8aeb018-f679-5670-b210-de4f62ff2111,d3961f5a-3ea7-53d3-89f4-78b65b0c0c6b,botica,43616d97-2221-569d-82eb-bcc14bcd6344,LT-000001-202507-2841,2026-08-06,0,76d6c9f4-5d7d-53c0-bb1f-2a577383765a
34948206-bfcd-5d29-9a24-e1ef6c2962b4,e8aeb018-f679-5670-b210-de4f62ff2111,22231140-3780-5fe8-a7d4-d33f61d15111,botica,d6f21f11-7533-52dd-a4dc-2fb8e260c02c,LT-000023-202507-2842,2028-04-22,0,ab4a547f-e75d-5601-8171-00da4efa4b57
95ce137b-7bdd-5b7c-82d7-4439768532c8,e8aeb018-f679-5670-b210-de4f62ff2111,d3961f5a-3ea7-53d3-89f4-78b65b0c0c6b,botica,8ecedccf-c230-516b-bbc2-108f7a6fbe63,LT-000001-202507-2843,2026-11-26,0,76d6c9f4-5d7d-53c0-bb1f-2a577383765a
55c77bf5-6d35-56c4-8094-84423af2f02e,e8aeb018-f679-5670-b210-de4f62ff2111,afe9d181-1c64-5cca-b4b7-a9fa24eceeea,botica,26f7241d-a84e-5e4a-a43d-33eea1e54eea,LT-000020-202507-2844,2026-11-09,0,a6f6d890-1609-53fc-b4a6-5733ccc9d078
a06aa15d-8f6b-5d11-a89a-457558e4672b,e8aeb018-f679-5670-b210-de4f62ff2111,058c6382-bde2-59d1-93ff-20c6161a4736,botica,43616d97-2221-569d-82eb-bcc14bcd6344,LT-000009-202507-2845,2026-06-06,0,c6617891-56ff-5690-89a4-1ece06685ff5
fef10779-a142-517a-9b3e-539a4821da44,e8aeb018-f679-5670-b210-de4f62ff2111,2897aac2-f219-5167-b800-73fac27f6b85,botica,43616d97-2221-569d-82eb-bcc14bcd6344,LT-000022-202507-2846,2027-05-15,0,41cb90d0-d91a-57c2-b138-831be351479f
83facc63-d50b-551a-bd10-fea53525034c,e8aeb018-f679-5670-b210-de4f62ff2111,1e9605fd-5682-52b6-8f05-e8a92dd44513,botica,43616d97-2221-569d-82eb-bcc14bcd6344,LT-000030-202507-2847,2026-08-29,0,a6f6d890-1609-53fc-b4a6-5733ccc9d078
aebec9d5-f0c2-5e54-bdb5-180fa4503359,e8aeb018-f679-5670-b210-de4f62ff2111,22231140-3780-5fe8-a7d4-d33f61d15111,botica,8ecedccf-c230-516b-bbc2-108f7a6fbe63,LT-000023-202507-2848,2026-03-25,0,ab4a547f-e75d-5601-8171-00da4efa4b57
4bf13971-b0a2-5add-8fbf-075a88fc148e,e8aeb018-f679-5670-b210-de4f62ff2111,2082733c-4e17-51fe-bc8c-bf33d3ec5d7e,botica,7fb983e8-6848-5425-97a2-14da72722d0f,LT-000016-202507-2849,2028-02-15,0,76d6c9f4-5d7d-53c0-bb1f-2a577383765a
de22ca98-29ee-5d61-8ce4-d7872661b5de,e8aeb018-f679-5670-b210-de4f62ff2111,82cd11ba-d1a0-58b1-b14f-edd741f36e87,botica,26f7241d-a84e-5e4a-a43d-33eea1e54eea,LT-000007-202507-2850,2026-11-05,0,41cb90d0-d91a-57c2-b138-831be351479f
dc978d9d-d49b-570b-aa86-4522e25100d5,e8aeb018-f679-5670-b210-de4f62ff2111,d9506935-1215-5499-93c0-8bdd86ab9418,botica,26f7241d-a84e-5e4a-a43d-33eea1e54eea,LT-000029-202507-2851,2026-06-27,0,c6617891-56ff-5690-89a4-1ece06685ff5
c7deb604-6ec3-501c-a336-2e7e80da7d29,e8aeb018-f679-5670-b210-de4f62ff2111,2933d8b7-2438-521b-b38d-d3a5224f87fc,botica,43616d97-2221-569d-82eb-bcc14bcd6344,LT-000002-202507-2852,2027-12-31,0,41cb90d0-d91a-57c2-b138-831be351479f
fa91f1d7-af53-56f2-8ad0-11a510d81a68,e8aeb018-f679-5670-b210-de4f62ff2111,82cd11ba-d1a0-58b1-b14f-edd741f36e87,botica,43616d97-2221-569d-82eb-bcc14bcd6344,LT-000007-202507-2853,2027-04-08,0,41cb90d0-d91a-57c2-b138-831be351479f
94d6ef50-1cbe-50e0-b770-3c99f89be54d,e8aeb018-f679-5670-b210-de4f62ff2111,d3961f5a-3ea7-53d3-89f4-78b65b0c0c6b,botica,d6f21f11-7533-52dd-a4dc-2fb8e260c02c,LT-000001-202507-2854,2028-05-17,0,76d6c9f4-5d7d-53c0-bb1f-2a577383765a
3cc94326-6dad-5f25-abb3-fd63e35cb2c0,e8aeb018-f679-5670-b210-de4f62ff2111,82cd11ba-d1a0-58b1-b14f-edd741f36e87,botica,d6f21f11-7533-52dd-a4dc-2fb8e260c02c,LT-000007-202507-2855,2027-06-18,0,41cb90d0-d91a-57c2-b138-831be351479f
441bd1e6-1ddb-531f-a2e4-05833a581cb3,e8aeb018-f679-5670-b210-de4f62ff2111,5bbfdec8-65ae-59e6-b211-5eccb5b765fa,botica,8ecedccf-c230-516b-bbc2-108f7a6fbe63,LT-000006-202507-2856,2027-10-22,0,76d6c9f4-5d7d-53c0-bb1f-2a577383765a
3318ea1c-b12c-5a18-a6b3-eee11ab3cac9,e8aeb018-f679-5670-b210-de4f62ff2111,012857cc-907f-5e7d-b8fb-796d2c9f1621,botica,8ecedccf-c230-516b-bbc2-108f7a6fbe63,LT-000028-202507-2857,2028-07-10,0,ab4a547f-e75d-5601-8171-00da4efa4b57
8fc0114a-1045-5be1-b524-54bba0bfdfec,e8aeb018-f679-5670-b210-de4f62ff2111,2eb3a104-e572-583a-afa0-156ee0dc4cce,botica,7fb983e8-6848-5425-97a2-14da72722d0f,LT-000019-202507-2858,2027-09-02,0,c6617891-56ff-5690-89a4-1ece06685ff5
eebaf299-c484-56b9-b631-a3d154c81664,e8aeb018-f679-5670-b210-de4f62ff2111,22231140-3780-5fe8-a7d4-d33f61d15111,botica,7fb983e8-6848-5425-97a2-14da72722d0f,LT-000023-202507-2859,2028-06-22,0,ab4a547f-e75d-5601-8171-00da4efa4b57
25ea0f05-a853-51ec-b8be-2476e842fa48,e8aeb018-f679-5670-b210-de4f62ff2111,d3961f5a-3ea7-53d3-89f4-78b65b0c0c6b,botica,26f7241d-a84e-5e4a-a43d-33eea1e54eea,LT-000001-202507-2860,2028-07-13,0,76d6c9f4-5d7d-53c0-bb1f-2a577383765a
0a240d79-c2dc-52b5-82ef-a1223526b51d,e8aeb018-f679-5670-b210-de4f62ff2111,d0ae6d2d-e561-56b3-a2c1-113c1c56ae81,botica,26f7241d-a84e-5e4a-a43d-33eea1e54eea,LT-000021-202507-2861,2026-05-02,0,76d6c9f4-5d7d-53c0-bb1f-2a577383765a
7c9e250f-e436-5fce-9e7f-49fe098a46d4,e8aeb018-f679-5670-b210-de4f62ff2111,07371b94-955f-52a4-9bf9-f0a6ad2b4fa8,botica,43616d97-2221-569d-82eb-bcc14bcd6344,LT-000008-202507-2862,2027-12-12,0,ab4a547f-e75d-5601-8171-00da4efa4b57
790323b8-2744-5b35-8940-5c12d313fde3,e8aeb018-f679-5670-b210-de4f62ff2111,07371b94-955f-52a4-9bf9-f0a6ad2b4fa8,botica,26f7241d-a84e-5e4a-a43d-33eea1e54eea,LT-000008-202507-2863,2027-04-22,0,ab4a547f-e75d-5601-8171-00da4efa4b57
8470d540-e5e4-5486-b327-98abd7917bbc,e8aeb018-f679-5670-b210-de4f62ff2111,87b859e0-789a-56e6-b1ba-4fe76221d3bf,botica,26f7241d-a84e-5e4a-a43d-33eea1e54eea,LT-000014-202507-2864,2026-09-16,0,c6617891-56ff-5690-89a4-1ece06685ff5
e16a7bc2-bfd8-5a26-86f8-3c73f3572468,e8aeb018-f679-5670-b210-de4f62ff2111,2eb3a104-e572-583a-afa0-156ee0dc4cce,botica,26f7241d-a84e-5e4a-a43d-33eea1e54eea,LT-000019-202507-2865,2027-05-27,0,c6617891-56ff-5690-89a4-1ece06685ff5
b662caef-c8d5-55c3-8c9f-4c997c340b57,e8aeb018-f679-5670-b210-de4f62ff2111,22231140-3780-5fe8-a7d4-d33f61d15111,botica,26f7241d-a84e-5e4a-a43d-33eea1e54eea,LT-000023-202507-2866,2027-06-15,0,ab4a547f-e75d-5601-8171-00da4efa4b57
a081083a-ef0e-54db-a040-c10572fbd8f1,e8aeb018-f679-5670-b210-de4f62ff2111,07371b94-955f-52a4-9bf9-f0a6ad2b4fa8,botica,d6f21f11-7533-52dd-a4dc-2fb8e260c02c,LT-000008-202507-2867,2027-05-15,0,ab4a547f-e75d-5601-8171-00da4efa4b57
f2946482-0131-53e2-b941-3aa93465e1bb,e8aeb018-f679-5670-b210-de4f62ff2111,82cd11ba-d1a0-58b1-b14f-edd741f36e87,botica,8ecedccf-c230-516b-bbc2-108f7a6fbe63,LT-000007-202507-2868,2027-06-13,0,41cb90d0-d91a-57c2-b138-831be351479f
e4ce194e-090b-5b7e-88f0-a64b5572fe78,e8aeb018-f679-5670-b210-de4f62ff2111,07371b94-955f-52a4-9bf9-f0a6ad2b4fa8,botica,8ecedccf-c230-516b-bbc2-108f7a6fbe63,LT-000008-202507-2869,2027-12-27,0,ab4a547f-e75d-5601-8171-00da4efa4b57
7764ee77-22bf-5add-a065-e5dd58d33323,e8aeb018-f679-5670-b210-de4f62ff2111,2082733c-4e17-51fe-bc8c-bf33d3ec5d7e,botica,8ecedccf-c230-516b-bbc2-108f7a6fbe63,LT-000016-202507-2870,2028-04-06,0,76d6c9f4-5d7d-53c0-bb1f-2a577383765a
7ea1a0c7-d43e-5e9f-bd59-29592a1c28ed,e8aeb018-f679-5670-b210-de4f62ff2111,d9506935-1215-5499-93c0-8bdd86ab9418,botica,8ecedccf-c230-516b-bbc2-108f7a6fbe63,LT-000029-202507-2871,2026-08-11,0,c6617891-56ff-5690-89a4-1ece06685ff5
d85a0041-a368-5974-b0a9-f82adf850c89,e8aeb018-f679-5670-b210-de4f62ff2111,4d9429b6-2ebf-5b5d-ac48-f779d5a1e270,botica,7fb983e8-6848-5425-97a2-14da72722d0f,LT-000010-202507-2872,2027-07-30,0,a6f6d890-1609-53fc-b4a6-5733ccc9d078
b9e223a0-16fe-5be7-9cf4-af7e6c9dd5f3,e8aeb018-f679-5670-b210-de4f62ff2111,2933d8b7-2438-521b-b38d-d3a5224f87fc,botica,26f7241d-a84e-5e4a-a43d-33eea1e54eea,LT-000002-202507-2873,2026-06-26,0,41cb90d0-d91a-57c2-b138-831be351479f
426cc0eb-db9d-5135-bfd7-1b361833d8fc,e8aeb018-f679-5670-b210-de4f62ff2111,4d9429b6-2ebf-5b5d-ac48-f779d5a1e270,botica,43616d97-2221-569d-82eb-bcc14bcd6344,LT-000010-202507-2874,2027-10-16,0,a6f6d890-1609-53fc-b4a6-5733ccc9d078
b27430e1-7495-5805-96e9-89185bc40bc7,e8aeb018-f679-5670-b210-de4f62ff2111,4d9429b6-2ebf-5b5d-ac48-f779d5a1e270,botica,d6f21f11-7533-52dd-a4dc-2fb8e260c02c,LT-000010-202507-2875,2026-06-27,0,a6f6d890-1609-53fc-b4a6-5733ccc9d078
b2cf3162-7dec-58a0-b653-6e1f59ef1c40,e8aeb018-f679-5670-b210-de4f62ff2111,6d807393-f4ab-5f76-b544-251eeda27ba3,botica,7fb983e8-6848-5425-97a2-14da72722d0f,LT-000003-202507-2876,2027-08-12,0,ab4a547f-e75d-5601-8171-00da4efa4b57
f3671df9-e803-565d-a490-c5a24a10ecaa,e8aeb018-f679-5670-b210-de4f62ff2111,6d807393-f4ab-5f76-b544-251eeda27ba3,botica,43616d97-2221-569d-82eb-bcc14bcd6344,LT-000003-202507-2877,2026-04-28,0,ab4a547f-e75d-5601-8171-00da4efa4b57
10d8b441-b688-591d-90f5-a8d4f5753d2d,e8aeb018-f679-5670-b210-de4f62ff2111,9928e9a1-d9fc-5fdd-86c2-8909352fd7fe,botica,d6f21f11-7533-52dd-a4dc-2fb8e260c02c,LT-000005-202507-2878,2028-03-08,0,a6f6d890-1609-53fc-b4a6-5733ccc9d078
f32e2bc5-cdaf-5f4d-b525-d5e46059d9a8,e8aeb018-f679-5670-b210-de4f62ff2111,2897aac2-f219-5167-b800-73fac27f6b85,botica,8ecedccf-c230-516b-bbc2-108f7a6fbe63,LT-000022-202507-2879,2026-08-28,0,41cb90d0-d91a-57c2-b138-831be351479f
c42d91ce-0ab0-5b7b-84ec-4c1f22dafb1c,e8aeb018-f679-5670-b210-de4f62ff2111,0ec23038-d3ab-588c-bbd6-1f5c744cdde1,botica,7fb983e8-6848-5425-97a2-14da72722d0f,LT-000025-202507-2880,2026-06-01,0,a6f6d890-1609-53fc-b4a6-5733ccc9d078
8ce56530-a262-53e7-b1db-6fac92511089,e8aeb018-f679-5670-b210-de4f62ff2111,5bbfdec8-65ae-59e6-b211-5eccb5b765fa,botica,26f7241d-a84e-5e4a-a43d-33eea1e54eea,LT-000006-202507-2881,2026-02-15,0,76d6c9f4-5d7d-53c0-bb1f-2a577383765a
0943af15-b587-5dd8-8f7b-78682efb1e87,e8aeb018-f679-5670-b210-de4f62ff2111,2897aac2-f219-5167-b800-73fac27f6b85,botica,26f7241d-a84e-5e4a-a43d-33eea1e54eea,LT-000022-202507-2882,2027-07-30,0,41cb90d0-d91a-57c2-b138-831be351479f
f500ed74-572a-579d-8a74-b0912bf3f82f,e8aeb018-f679-5670-b210-de4f62ff2111,22231140-3780-5fe8-a7d4-d33f61d15111,botica,43616d97-2221-569d-82eb-bcc14bcd6344,LT-000023-202507-2883,2026-03-18,0,ab4a547f-e75d-5601-8171-00da4efa4b57
29fefa5e-40c0-5e47-8e2c-3e5a1a2f3aae,e8aeb018-f679-5670-b210-de4f62ff2111,042e2e80-f954-5df4-97be-29dd428cc598,botica,d6f21f11-7533-52dd-a4dc-2fb8e260c02c,LT-000004-202507-2884,2027-04-25,0,c6617891-56ff-5690-89a4-1ece06685ff5
c08789fa-82a9-5410-8219-93e5c7675eb1,e8aeb018-f679-5670-b210-de4f62ff2111,4d9429b6-2ebf-5b5d-ac48-f779d5a1e270,botica,8ecedccf-c230-516b-bbc2-108f7a6fbe63,LT-000010-202507-2885,2027-12-09,0,a6f6d890-1609-53fc-b4a6-5733ccc9d078
ac7cdea0-2cb9-5da9-89cc-c175340ca58c,e8aeb018-f679-5670-b210-de4f62ff2111,983871db-adfb-543e-b438-6b00044ffb64,botica,26f7241d-a84e-5e4a-a43d-33eea1e54eea,LT-000015-202507-2886,2026-02-14,0,a6f6d890-1609-53fc-b4a6-5733ccc9d078
18084d16-634e-5e9d-8552-03ebbf019bd6,e8aeb018-f679-5670-b210-de4f62ff2111,0ec23038-d3ab-588c-bbd6-1f5c744cdde1,botica,26f7241d-a84e-5e4a-a43d-33eea1e54eea,LT-000025-202507-2887,2027-01-18,0,a6f6d890-1609-53fc-b4a6-5733ccc9d078
36378dca-235b-5f02-b508-90fb2c23f3b0,e8aeb018-f679-5670-b210-de4f62ff2111,c0cf5e5c-b5c9-585a-8e79-d9830bc954f6,botica,43616d97-2221-569d-82eb-bcc14bcd6344,LT-000011-202507-2888,2027-01-03,0,76d6c9f4-5d7d-53c0-bb1f-2a577383765a
ad97400e-fce2-568e-9e64-687f50d2705c,e8aeb018-f679-5670-b210-de4f62ff2111,6baabed2-52d7-5cb7-bf74-86c7cb3e4f07,botica,43616d97-2221-569d-82eb-bcc14bcd6344,LT-000027-202507-2889,2027-01-21,0,41cb90d0-d91a-57c2-b138-831be351479f
293bd6f1-eb1c-54ed-9fca-112d2c305caf,e8aeb018-f679-5670-b210-de4f62ff2111,0ec23038-d3ab-588c-bbd6-1f5c744cdde1,botica,d6f21f11-7533-52dd-a4dc-2fb8e260c02c,LT-000025-202507-2890,2026-03-18,0,a6f6d890-1609-53fc-b4a6-5733ccc9d078
5a64812b-a29a-5838-a2ae-3e619bd91abe,e8aeb018-f679-5670-b210-de4f62ff2111,042e2e80-f954-5df4-97be-29dd428cc598,botica,7fb983e8-6848-5425-97a2-14da72722d0f,LT-000004-202507-2891,2026-05-02,0,c6617891-56ff-5690-89a4-1ece06685ff5
b3651634-8669-53c7-b5fe-ad4d022d2efa,e8aeb018-f679-5670-b210-de4f62ff2111,07371b94-955f-52a4-9bf9-f0a6ad2b4fa8,botica,7fb983e8-6848-5425-97a2-14da72722d0f,LT-000008-202507-2892,2027-12-23,0,ab4a547f-e75d-5601-8171-00da4efa4b57
48318c66-f33c-5b33-b339-8afbe08ef400,e8aeb018-f679-5670-b210-de4f62ff2111,058c6382-bde2-59d1-93ff-20c6161a4736,botica,7fb983e8-6848-5425-97a2-14da72722d0f,LT-000009-202507-2893,2028-03-18,0,c6617891-56ff-5690-89a4-1ece06685ff5
cc15e373-3442-5d43-85ce-15a60b13a3b3,e8aeb018-f679-5670-b210-de4f62ff2111,4d9429b6-2ebf-5b5d-ac48-f779d5a1e270,botica,26f7241d-a84e-5e4a-a43d-33eea1e54eea,LT-000010-202507-2894,2026-12-22,0,a6f6d890-1609-53fc-b4a6-5733ccc9d078
0592eba3-d59d-542b-82f5-5fff9fcc8cdf,e8aeb018-f679-5670-b210-de4f62ff2111,97d26d91-c562-5f27-9ebd-285e89c8f4bf,botica,26f7241d-a84e-5e4a-a43d-33eea1e54eea,LT-000018-202507-2895,2027-12-16,0,ab4a547f-e75d-5601-8171-00da4efa4b57
17cabd80-b54c-508f-a223-341616a42411,e8aeb018-f679-5670-b210-de4f62ff2111,012857cc-907f-5e7d-b8fb-796d2c9f1621,botica,26f7241d-a84e-5e4a-a43d-33eea1e54eea,LT-000028-202507-2896,2027-04-15,0,ab4a547f-e75d-5601-8171-00da4efa4b57
8016948c-8e19-53c6-a782-28721692e27a,e8aeb018-f679-5670-b210-de4f62ff2111,0ec23038-d3ab-588c-bbd6-1f5c744cdde1,botica,43616d97-2221-569d-82eb-bcc14bcd6344,LT-000025-202507-2897,2027-07-23,0,a6f6d890-1609-53fc-b4a6-5733ccc9d078
f0402737-c6dc-57a0-8a66-047399f9a46a,e8aeb018-f679-5670-b210-de4f62ff2111,5bbfdec8-65ae-59e6-b211-5eccb5b765fa,botica,7fb983e8-6848-5425-97a2-14da72722d0f,LT-000006-202507-2898,2028-02-23,0,76d6c9f4-5d7d-53c0-bb1f-2a577383765a
75c4bebf-eccc-58f8-80d6-d6321ef70da9,e8aeb018-f679-5670-b210-de4f62ff2111,97d26d91-c562-5f27-9ebd-285e89c8f4bf,botica,7fb983e8-6848-5425-97a2-14da72722d0f,LT-000018-202507-2899,2027-11-25,0,ab4a547f-e75d-5601-8171-00da4efa4b57
304a9732-c11d-57cc-97cb-6681b4950641,e8aeb018-f679-5670-b210-de4f62ff2111,2897aac2-f219-5167-b800-73fac27f6b85,botica,7fb983e8-6848-5425-97a2-14da72722d0f,LT-000022-202507-2900,2027-03-24,0,41cb90d0-d91a-57c2-b138-831be351479f
ffc3bb71-e2b2-5648-b55c-23d2d9dca1bf,e8aeb018-f679-5670-b210-de4f62ff2111,042e2e80-f954-5df4-97be-29dd428cc598,botica,43616d97-2221-569d-82eb-bcc14bcd6344,LT-000004-202507-2901,2028-06-23,0,c6617891-56ff-5690-89a4-1ece06685ff5
50f18a81-a6f1-56e7-9cf0-560d95421786,e8aeb018-f679-5670-b210-de4f62ff2111,d9506935-1215-5499-93c0-8bdd86ab9418,botica,43616d97-2221-569d-82eb-bcc14bcd6344,LT-000029-202507-2902,2027-12-16,0,c6617891-56ff-5690-89a4-1ece06685ff5
8bb6a90f-6f31-5aa1-bbfa-b76e698f0441,e8aeb018-f679-5670-b210-de4f62ff2111,6d807393-f4ab-5f76-b544-251eeda27ba3,botica,d6f21f11-7533-52dd-a4dc-2fb8e260c02c,LT-000003-202507-2903,2027-06-25,0,ab4a547f-e75d-5601-8171-00da4efa4b57
4b4f08c2-ca61-56f3-8817-561c10b3a306,e8aeb018-f679-5670-b210-de4f62ff2111,38adf7ba-476e-5e6b-9163-781a13538253,botica,d6f21f11-7533-52dd-a4dc-2fb8e260c02c,LT-000012-202507-2904,2028-04-04,0,41cb90d0-d91a-57c2-b138-831be351479f
9fc974eb-5baa-5c34-b8a0-5a3b84e4e242,e8aeb018-f679-5670-b210-de4f62ff2111,94e18241-54bd-5516-b36f-94ab6e323aca,botica,8ecedccf-c230-516b-bbc2-108f7a6fbe63,LT-000013-202507-2905,2027-10-31,0,ab4a547f-e75d-5601-8171-00da4efa4b57
c6f13b80-c1aa-584d-8bf9-5bf14ee5752e,e8aeb018-f679-5670-b210-de4f62ff2111,d2f08f15-f9f2-5f65-a740-b05896774467,botica,8ecedccf-c230-516b-bbc2-108f7a6fbe63,LT-000017-202507-2906,2026-09-19,0,41cb90d0-d91a-57c2-b138-831be351479f
293b3b21-cdbe-5f7e-900c-558d0f6b939e,e8aeb018-f679-5670-b210-de4f62ff2111,2eb3a104-e572-583a-afa0-156ee0dc4cce,botica,8ecedccf-c230-516b-bbc2-108f7a6fbe63,LT-000019-202507-2907,2028-06-13,0,c6617891-56ff-5690-89a4-1ece06685ff5
dd2c71a4-befc-5f1b-a904-0d6658c8fd56,e8aeb018-f679-5670-b210-de4f62ff2111,d3961f5a-3ea7-53d3-89f4-78b65b0c0c6b,botica,7fb983e8-6848-5425-97a2-14da72722d0f,LT-000001-202507-2908,2026-09-30,0,76d6c9f4-5d7d-53c0-bb1f-2a577383765a
3b888fba-f1a1-5743-b86a-5c00670e4dc3,e8aeb018-f679-5670-b210-de4f62ff2111,38adf7ba-476e-5e6b-9163-781a13538253,botica,26f7241d-a84e-5e4a-a43d-33eea1e54eea,LT-000012-202507-2909,2027-09-18,0,41cb90d0-d91a-57c2-b138-831be351479f
0810b979-b7af-5349-8900-1bee12a66039,e8aeb018-f679-5670-b210-de4f62ff2111,94e18241-54bd-5516-b36f-94ab6e323aca,botica,43616d97-2221-569d-82eb-bcc14bcd6344,LT-000013-202507-2910,2026-06-28,0,ab4a547f-e75d-5601-8171-00da4efa4b57
c2a49a3a-625a-5af0-be1c-ca6c5c709f4f,e8aeb018-f679-5670-b210-de4f62ff2111,d0ae6d2d-e561-56b3-a2c1-113c1c56ae81,botica,43616d97-2221-569d-82eb-bcc14bcd6344,LT-000021-202507-2911,2027-07-19,0,76d6c9f4-5d7d-53c0-bb1f-2a577383765a
700cb881-194b-5acc-a056-fa917082da57,e8aeb018-f679-5670-b210-de4f62ff2111,6d807393-f4ab-5f76-b544-251eeda27ba3,botica,8ecedccf-c230-516b-bbc2-108f7a6fbe63,LT-000003-202507-2912,2027-02-10,0,ab4a547f-e75d-5601-8171-00da4efa4b57
f9aeb448-c856-51bf-84d6-fab03d32f532,e8aeb018-f679-5670-b210-de4f62ff2111,058c6382-bde2-59d1-93ff-20c6161a4736,botica,8ecedccf-c230-516b-bbc2-108f7a6fbe63,LT-000009-202507-2913,2028-04-01,0,c6617891-56ff-5690-89a4-1ece06685ff5
9a25b55c-c6ef-57d3-84e5-583bf7089a46,e8aeb018-f679-5670-b210-de4f62ff2111,d0ae6d2d-e561-56b3-a2c1-113c1c56ae81,botica,8ecedccf-c230-516b-bbc2-108f7a6fbe63,LT-000021-202507-2914,2028-07-15,0,76d6c9f4-5d7d-53c0-bb1f-2a577383765a
9a1fc96f-5529-5e59-87f0-232be7ffbca5,e8aeb018-f679-5670-b210-de4f62ff2111,2933d8b7-2438-521b-b38d-d3a5224f87fc,botica,7fb983e8-6848-5425-97a2-14da72722d0f,LT-000002-202507-2915,2027-12-03,0,41cb90d0-d91a-57c2-b138-831be351479f
575d14eb-a861-5c4f-adc1-ed78bc0660b3,e8aeb018-f679-5670-b210-de4f62ff2111,82cd11ba-d1a0-58b1-b14f-edd741f36e87,botica,7fb983e8-6848-5425-97a2-14da72722d0f,LT-000007-202507-2916,2026-12-19,0,41cb90d0-d91a-57c2-b138-831be351479f
f8b8a4a4-3d8f-50f1-9712-2fb44ba40297,e8aeb018-f679-5670-b210-de4f62ff2111,cd81184b-b6f1-563c-b463-36a69ddfb598,botica,7fb983e8-6848-5425-97a2-14da72722d0f,LT-000026-202507-2917,2026-10-23,0,76d6c9f4-5d7d-53c0-bb1f-2a577383765a
1f386ea8-d401-5c21-9edd-7a72073a209d,e8aeb018-f679-5670-b210-de4f62ff2111,c0cf5e5c-b5c9-585a-8e79-d9830bc954f6,botica,26f7241d-a84e-5e4a-a43d-33eea1e54eea,LT-000011-202507-2918,2027-03-27,0,76d6c9f4-5d7d-53c0-bb1f-2a577383765a
36d80b44-9acd-5a1c-9392-dab5b3732318,e8aeb018-f679-5670-b210-de4f62ff2111,058c6382-bde2-59d1-93ff-20c6161a4736,botica,43616d97-2221-569d-82eb-bcc14bcd6344,LT-000009-202507-2919,2027-08-29,0,c6617891-56ff-5690-89a4-1ece06685ff5
a67e584c-652d-53dd-a996-e4808ad262b7,e8aeb018-f679-5670-b210-de4f62ff2111,d2f08f15-f9f2-5f65-a740-b05896774467,botica,d6f21f11-7533-52dd-a4dc-2fb8e260c02c,LT-000017-202507-2920,2027-03-11,0,41cb90d0-d91a-57c2-b138-831be351479f
7f0d61bb-e1cc-5c84-9fb2-d5f91ab98d40,e8aeb018-f679-5670-b210-de4f62ff2111,2897aac2-f219-5167-b800-73fac27f6b85,botica,d6f21f11-7533-52dd-a4dc-2fb8e260c02c,LT-000022-202507-2921,2028-04-01,0,41cb90d0-d91a-57c2-b138-831be351479f
6e12d771-54d8-532f-a0c7-57f1fa421810,e8aeb018-f679-5670-b210-de4f62ff2111,07371b94-955f-52a4-9bf9-f0a6ad2b4fa8,botica,8ecedccf-c230-516b-bbc2-108f7a6fbe63,LT-000008-202507-2922,2028-01-15,0,ab4a547f-e75d-5601-8171-00da4efa4b57
5cb2e551-c83f-53b9-a629-3d8f14c8cc12,e8aeb018-f679-5670-b210-de4f62ff2111,82cd11ba-d1a0-58b1-b14f-edd741f36e87,botica,43616d97-2221-569d-82eb-bcc14bcd6344,LT-000007-202507-2923,2026-07-24,0,41cb90d0-d91a-57c2-b138-831be351479f
5a1c7a85-d7b1-5b4a-a107-a132af4092f6,e8aeb018-f679-5670-b210-de4f62ff2111,07371b94-955f-52a4-9bf9-f0a6ad2b4fa8,botica,43616d97-2221-569d-82eb-bcc14bcd6344,LT-000008-202507-2924,2026-03-10,0,ab4a547f-e75d-5601-8171-00da4efa4b57
94da64c7-bd77-5e9c-b4f4-f14fea00bc98,e8aeb018-f679-5670-b210-de4f62ff2111,2eb3a104-e572-583a-afa0-156ee0dc4cce,botica,43616d97-2221-569d-82eb-bcc14bcd6344,LT-000019-202507-2925,2026-09-11,0,c6617891-56ff-5690-89a4-1ece06685ff5
328f6c82-cc9f-5cfc-a12b-68628b56defa,e8aeb018-f679-5670-b210-de4f62ff2111,058c6382-bde2-59d1-93ff-20c6161a4736,botica,d6f21f11-7533-52dd-a4dc-2fb8e260c02c,LT-000009-202507-2926,2027-11-11,0,c6617891-56ff-5690-89a4-1ece06685ff5
e9848450-aefb-5373-b84f-bede054be82c,e8aeb018-f679-5670-b210-de4f62ff2111,d9506935-1215-5499-93c0-8bdd86ab9418,botica,d6f21f11-7533-52dd-a4dc-2fb8e260c02c,LT-000029-202507-2927,2026-10-12,0,c6617891-56ff-5690-89a4-1ece06685ff5
ea2c4a18-1eb1-5de3-ba0b-4a4408afcca4,e8aeb018-f679-5670-b210-de4f62ff2111,c0cf5e5c-b5c9-585a-8e79-d9830bc954f6,botica,8ecedccf-c230-516b-bbc2-108f7a6fbe63,LT-000011-202507-2928,2027-07-31,0,76d6c9f4-5d7d-53c0-bb1f-2a577383765a
46e1eecf-dd9d-5144-9878-09b185099214,e8aeb018-f679-5670-b210-de4f62ff2111,9928e9a1-d9fc-5fdd-86c2-8909352fd7fe,botica,7fb983e8-6848-5425-97a2-14da72722d0f,LT-000005-202507-2929,2026-06-01,0,a6f6d890-1609-53fc-b4a6-5733ccc9d078
0cfd5ab9-57ed-5c48-8be4-9371a09dfc7b,e8aeb018-f679-5670-b210-de4f62ff2111,afe9d181-1c64-5cca-b4b7-a9fa24eceeea,botica,7fb983e8-6848-5425-97a2-14da72722d0f,LT-000020-202507-2930,2027-11-17,0,a6f6d890-1609-53fc-b4a6-5733ccc9d078
7f459751-12cd-5485-aba1-2c064db4ba1c,e8aeb018-f679-5670-b210-de4f62ff2111,d3961f5a-3ea7-53d3-89f4-78b65b0c0c6b,botica,43616d97-2221-569d-82eb-bcc14bcd6344,LT-000001-202507-2931,2026-12-05,0,76d6c9f4-5d7d-53c0-bb1f-2a577383765a
a047dce4-6139-547d-959d-ecd208b707e7,e8aeb018-f679-5670-b210-de4f62ff2111,d3961f5a-3ea7-53d3-89f4-78b65b0c0c6b,botica,8ecedccf-c230-516b-bbc2-108f7a6fbe63,LT-000001-202507-2932,2026-03-19,0,76d6c9f4-5d7d-53c0-bb1f-2a577383765a
5a35994d-1221-548f-8a33-8f3de83b38b5,e8aeb018-f679-5670-b210-de4f62ff2111,1ca3438e-9e23-58f0-a35f-f15f7a23beb9,botica,8ecedccf-c230-516b-bbc2-108f7a6fbe63,LT-000024-202507-2933,2027-11-05,0,c6617891-56ff-5690-89a4-1ece06685ff5
cc52634b-4cce-56a6-924d-85162b9b1918,e8aeb018-f679-5670-b210-de4f62ff2111,9928e9a1-d9fc-5fdd-86c2-8909352fd7fe,botica,26f7241d-a84e-5e4a-a43d-33eea1e54eea,LT-000005-202508-2934,2026-09-12,0,a6f6d890-1609-53fc-b4a6-5733ccc9d078
a9116d0f-da10-561b-9c79-7778cfee42e0,e8aeb018-f679-5670-b210-de4f62ff2111,058c6382-bde2-59d1-93ff-20c6161a4736,botica,26f7241d-a84e-5e4a-a43d-33eea1e54eea,LT-000009-202508-2935,2027-02-14,0,c6617891-56ff-5690-89a4-1ece06685ff5
987ffcf5-0fa2-56f5-8378-56a4a2bd2ace,e8aeb018-f679-5670-b210-de4f62ff2111,9928e9a1-d9fc-5fdd-86c2-8909352fd7fe,botica,43616d97-2221-569d-82eb-bcc14bcd6344,LT-000005-202508-2936,2026-04-16,0,a6f6d890-1609-53fc-b4a6-5733ccc9d078
3873f6f8-ca74-5a6d-8ec8-820ffb93cdf8,e8aeb018-f679-5670-b210-de4f62ff2111,d3961f5a-3ea7-53d3-89f4-78b65b0c0c6b,botica,d6f21f11-7533-52dd-a4dc-2fb8e260c02c,LT-000001-202508-2937,2028-07-26,0,76d6c9f4-5d7d-53c0-bb1f-2a577383765a
e93e58b4-9672-509b-b4f7-36559686bda7,e8aeb018-f679-5670-b210-de4f62ff2111,2eb3a104-e572-583a-afa0-156ee0dc4cce,botica,d6f21f11-7533-52dd-a4dc-2fb8e260c02c,LT-000019-202508-2938,2026-05-31,0,c6617891-56ff-5690-89a4-1ece06685ff5
fba556c3-1be0-5bf8-bcbc-091a65828ecb,e8aeb018-f679-5670-b210-de4f62ff2111,afe9d181-1c64-5cca-b4b7-a9fa24eceeea,botica,d6f21f11-7533-52dd-a4dc-2fb8e260c02c,LT-000020-202508-2939,2028-05-29,0,a6f6d890-1609-53fc-b4a6-5733ccc9d078
7833e96d-8bc8-576b-929e-69826753b9b4,e8aeb018-f679-5670-b210-de4f62ff2111,cd81184b-b6f1-563c-b463-36a69ddfb598,botica,d6f21f11-7533-52dd-a4dc-2fb8e260c02c,LT-000026-202508-2940,2026-10-06,0,76d6c9f4-5d7d-53c0-bb1f-2a577383765a
d001c7da-1ddf-5022-9b65-d70cb80b0108,e8aeb018-f679-5670-b210-de4f62ff2111,82cd11ba-d1a0-58b1-b14f-edd741f36e87,botica,8ecedccf-c230-516b-bbc2-108f7a6fbe63,LT-000007-202508-2941,2026-04-05,0,41cb90d0-d91a-57c2-b138-831be351479f
316125f3-c497-56a6-9d84-65499451f35d,e8aeb018-f679-5670-b210-de4f62ff2111,2897aac2-f219-5167-b800-73fac27f6b85,botica,8ecedccf-c230-516b-bbc2-108f7a6fbe63,LT-000022-202508-2942,2028-02-06,0,41cb90d0-d91a-57c2-b138-831be351479f
78402025-e328-5cfd-8e00-6c184c6b4189,e8aeb018-f679-5670-b210-de4f62ff2111,d3961f5a-3ea7-53d3-89f4-78b65b0c0c6b,botica,26f7241d-a84e-5e4a-a43d-33eea1e54eea,LT-000001-202508-2943,2026-07-19,0,76d6c9f4-5d7d-53c0-bb1f-2a577383765a
d6a69125-4a94-5838-a33e-274c88a956ae,e8aeb018-f679-5670-b210-de4f62ff2111,983871db-adfb-543e-b438-6b00044ffb64,botica,43616d97-2221-569d-82eb-bcc14bcd6344,LT-000015-202508-2944,2026-02-27,0,a6f6d890-1609-53fc-b4a6-5733ccc9d078
fdfed344-055c-5dd4-89dc-f2b5d6822584,e8aeb018-f679-5670-b210-de4f62ff2111,94e18241-54bd-5516-b36f-94ab6e323aca,botica,d6f21f11-7533-52dd-a4dc-2fb8e260c02c,LT-000013-202508-2945,2027-02-09,0,ab4a547f-e75d-5601-8171-00da4efa4b57
ceae76a7-5239-5c31-bc21-f3b954fb3796,e8aeb018-f679-5670-b210-de4f62ff2111,38adf7ba-476e-5e6b-9163-781a13538253,botica,8ecedccf-c230-516b-bbc2-108f7a6fbe63,LT-000012-202508-2946,2028-05-13,0,41cb90d0-d91a-57c2-b138-831be351479f
8f1a1650-7695-5ac1-87ff-2aff2d8cf782,e8aeb018-f679-5670-b210-de4f62ff2111,6baabed2-52d7-5cb7-bf74-86c7cb3e4f07,botica,8ecedccf-c230-516b-bbc2-108f7a6fbe63,LT-000027-202508-2947,2028-03-21,0,41cb90d0-d91a-57c2-b138-831be351479f
8e1c50c2-f02d-5a0c-843e-a6a3f6cfa901,e8aeb018-f679-5670-b210-de4f62ff2111,2933d8b7-2438-521b-b38d-d3a5224f87fc,botica,26f7241d-a84e-5e4a-a43d-33eea1e54eea,LT-000002-202508-2948,2026-08-25,0,41cb90d0-d91a-57c2-b138-831be351479f
631299d0-21a4-50ca-8f2f-9fb0166249a6,e8aeb018-f679-5670-b210-de4f62ff2111,82cd11ba-d1a0-58b1-b14f-edd741f36e87,botica,26f7241d-a84e-5e4a-a43d-33eea1e54eea,LT-000007-202508-2949,2028-04-20,0,41cb90d0-d91a-57c2-b138-831be351479f
f4e4ea3c-11dd-5ea0-a65f-c79fec9aa7c7,e8aeb018-f679-5670-b210-de4f62ff2111,07371b94-955f-52a4-9bf9-f0a6ad2b4fa8,botica,26f7241d-a84e-5e4a-a43d-33eea1e54eea,LT-000008-202508-2950,2028-06-07,0,ab4a547f-e75d-5601-8171-00da4efa4b57
944a73e8-7738-592d-bbc3-2243d0a0b40c,e8aeb018-f679-5670-b210-de4f62ff2111,87b859e0-789a-56e6-b1ba-4fe76221d3bf,botica,43616d97-2221-569d-82eb-bcc14bcd6344,LT-000014-202508-2951,2028-01-22,0,c6617891-56ff-5690-89a4-1ece06685ff5
9d2a6416-32cd-5d5c-9051-c7fc6aa7183e,e8aeb018-f679-5670-b210-de4f62ff2111,2933d8b7-2438-521b-b38d-d3a5224f87fc,botica,d6f21f11-7533-52dd-a4dc-2fb8e260c02c,LT-000002-202508-2952,2027-12-04,0,41cb90d0-d91a-57c2-b138-831be351479f
2694d46f-22b6-5f27-8352-b7f7a5a9d95a,e8aeb018-f679-5670-b210-de4f62ff2111,983871db-adfb-543e-b438-6b00044ffb64,botica,d6f21f11-7533-52dd-a4dc-2fb8e260c02c,LT-000015-202508-2953,2028-06-11,54,a6f6d890-1609-53fc-b4a6-5733ccc9d078
2ffac4f5-adb8-5789-833d-73fc2554bac8,e8aeb018-f679-5670-b210-de4f62ff2111,5bbfdec8-65ae-59e6-b211-5eccb5b765fa,botica,8ecedccf-c230-516b-bbc2-108f7a6fbe63,LT-000006-202508-2954,2027-03-21,0,76d6c9f4-5d7d-53c0-bb1f-2a577383765a
cd80ddf6-7ea9-5a00-b3bc-84ccd7e59832,e8aeb018-f679-5670-b210-de4f62ff2111,6d807393-f4ab-5f76-b544-251eeda27ba3,botica,26f7241d-a84e-5e4a-a43d-33eea1e54eea,LT-000003-202508-2955,2027-04-29,0,ab4a547f-e75d-5601-8171-00da4efa4b57
126f1cb7-4759-5ad8-b836-9400c703d44a,e8aeb018-f679-5670-b210-de4f62ff2111,2082733c-4e17-51fe-bc8c-bf33d3ec5d7e,botica,26f7241d-a84e-5e4a-a43d-33eea1e54eea,LT-000016-202508-2956,2027-01-11,0,76d6c9f4-5d7d-53c0-bb1f-2a577383765a
1c00c98a-5d9a-5ee2-9ffb-ff4c173114a7,e8aeb018-f679-5670-b210-de4f62ff2111,d2f08f15-f9f2-5f65-a740-b05896774467,botica,26f7241d-a84e-5e4a-a43d-33eea1e54eea,LT-000017-202508-2957,2026-05-13,0,41cb90d0-d91a-57c2-b138-831be351479f
d8c9bd0c-336b-5c1d-9adc-d2cb26398fa9,e8aeb018-f679-5670-b210-de4f62ff2111,2897aac2-f219-5167-b800-73fac27f6b85,botica,26f7241d-a84e-5e4a-a43d-33eea1e54eea,LT-000022-202508-2958,2026-08-09,0,41cb90d0-d91a-57c2-b138-831be351479f
fb9b1614-dddc-5219-8ba9-71ce570dfd72,e8aeb018-f679-5670-b210-de4f62ff2111,cd81184b-b6f1-563c-b463-36a69ddfb598,botica,26f7241d-a84e-5e4a-a43d-33eea1e54eea,LT-000026-202508-2959,2028-03-22,0,76d6c9f4-5d7d-53c0-bb1f-2a577383765a
02e77d12-1112-5135-9ddb-2d1b67d5b3fb,e8aeb018-f679-5670-b210-de4f62ff2111,2897aac2-f219-5167-b800-73fac27f6b85,botica,43616d97-2221-569d-82eb-bcc14bcd6344,LT-000022-202508-2960,2026-06-02,0,41cb90d0-d91a-57c2-b138-831be351479f
c63cf3ae-10bc-50c7-9b69-32cb4e7054c9,e8aeb018-f679-5670-b210-de4f62ff2111,5bbfdec8-65ae-59e6-b211-5eccb5b765fa,botica,d6f21f11-7533-52dd-a4dc-2fb8e260c02c,LT-000006-202508-2961,2026-10-16,0,76d6c9f4-5d7d-53c0-bb1f-2a577383765a
d99da59c-1bd8-5a5f-b05e-c758cf70e21f,e8aeb018-f679-5670-b210-de4f62ff2111,07371b94-955f-52a4-9bf9-f0a6ad2b4fa8,botica,d6f21f11-7533-52dd-a4dc-2fb8e260c02c,LT-000008-202508-2962,2027-01-13,0,ab4a547f-e75d-5601-8171-00da4efa4b57
16a31c11-ae71-5eb8-8546-eb2683999070,e8aeb018-f679-5670-b210-de4f62ff2111,042e2e80-f954-5df4-97be-29dd428cc598,botica,8ecedccf-c230-516b-bbc2-108f7a6fbe63,LT-000004-202508-2963,2027-12-29,0,c6617891-56ff-5690-89a4-1ece06685ff5
09984f41-fe6c-5f2f-b4cf-4e5dc2ed6e19,e8aeb018-f679-5670-b210-de4f62ff2111,0ec23038-d3ab-588c-bbd6-1f5c744cdde1,botica,7fb983e8-6848-5425-97a2-14da72722d0f,LT-000025-202508-2964,2027-07-02,0,a6f6d890-1609-53fc-b4a6-5733ccc9d078
e8ad8fac-c111-5011-9121-8381493e8d69,e8aeb018-f679-5670-b210-de4f62ff2111,012857cc-907f-5e7d-b8fb-796d2c9f1621,botica,7fb983e8-6848-5425-97a2-14da72722d0f,LT-000028-202508-2965,2026-03-26,0,ab4a547f-e75d-5601-8171-00da4efa4b57
94a3d8f0-386c-5a2a-afa6-38d84ab4a815,e8aeb018-f679-5670-b210-de4f62ff2111,042e2e80-f954-5df4-97be-29dd428cc598,botica,26f7241d-a84e-5e4a-a43d-33eea1e54eea,LT-000004-202508-2966,2026-12-16,0,c6617891-56ff-5690-89a4-1ece06685ff5
16716985-2313-58fb-bc36-636e47a1c5f1,e8aeb018-f679-5670-b210-de4f62ff2111,94e18241-54bd-5516-b36f-94ab6e323aca,botica,26f7241d-a84e-5e4a-a43d-33eea1e54eea,LT-000013-202508-2967,2026-09-08,0,ab4a547f-e75d-5601-8171-00da4efa4b57
10aa7b8d-9878-588c-a02f-91df0c623782,e8aeb018-f679-5670-b210-de4f62ff2111,97d26d91-c562-5f27-9ebd-285e89c8f4bf,botica,43616d97-2221-569d-82eb-bcc14bcd6344,LT-000018-202508-2968,2026-12-27,0,ab4a547f-e75d-5601-8171-00da4efa4b57
e0af136d-041c-570b-8c5b-90b6d998c3e2,e8aeb018-f679-5670-b210-de4f62ff2111,afe9d181-1c64-5cca-b4b7-a9fa24eceeea,botica,43616d97-2221-569d-82eb-bcc14bcd6344,LT-000020-202508-2969,2026-03-19,0,a6f6d890-1609-53fc-b4a6-5733ccc9d078
dde9edf0-a4c6-5cba-b567-c1b2d8cd57ee,e8aeb018-f679-5670-b210-de4f62ff2111,2082733c-4e17-51fe-bc8c-bf33d3ec5d7e,botica,d6f21f11-7533-52dd-a4dc-2fb8e260c02c,LT-000016-202508-2970,2026-09-13,0,76d6c9f4-5d7d-53c0-bb1f-2a577383765a
d6bcf124-7fd1-5a2b-b84f-8b436bac1668,e8aeb018-f679-5670-b210-de4f62ff2111,2933d8b7-2438-521b-b38d-d3a5224f87fc,botica,8ecedccf-c230-516b-bbc2-108f7a6fbe63,LT-000002-202508-2971,2027-08-12,0,41cb90d0-d91a-57c2-b138-831be351479f
91a9be6a-b752-53d6-871b-503cb6828c4f,e8aeb018-f679-5670-b210-de4f62ff2111,87b859e0-789a-56e6-b1ba-4fe76221d3bf,botica,8ecedccf-c230-516b-bbc2-108f7a6fbe63,LT-000014-202508-2972,2027-05-08,0,c6617891-56ff-5690-89a4-1ece06685ff5
de9df00e-83ca-56c4-a45b-6b386ea73dd7,e8aeb018-f679-5670-b210-de4f62ff2111,983871db-adfb-543e-b438-6b00044ffb64,botica,8ecedccf-c230-516b-bbc2-108f7a6fbe63,LT-000015-202508-2973,2026-12-13,0,a6f6d890-1609-53fc-b4a6-5733ccc9d078
b769c8ec-0082-5580-a012-1685abd0f46e,e8aeb018-f679-5670-b210-de4f62ff2111,97d26d91-c562-5f27-9ebd-285e89c8f4bf,botica,8ecedccf-c230-516b-bbc2-108f7a6fbe63,LT-000018-202508-2974,2026-08-03,0,ab4a547f-e75d-5601-8171-00da4efa4b57
8d333b34-3ba8-5262-90c6-4a3f39aab965,e8aeb018-f679-5670-b210-de4f62ff2111,0ec23038-d3ab-588c-bbd6-1f5c744cdde1,botica,8ecedccf-c230-516b-bbc2-108f7a6fbe63,LT-000025-202508-2975,2026-05-05,0,a6f6d890-1609-53fc-b4a6-5733ccc9d078
3311f7be-654c-53e7-9418-908f5a71e1ab,e8aeb018-f679-5670-b210-de4f62ff2111,cd81184b-b6f1-563c-b463-36a69ddfb598,botica,8ecedccf-c230-516b-bbc2-108f7a6fbe63,LT-000026-202508-2976,2027-09-09,0,76d6c9f4-5d7d-53c0-bb1f-2a577383765a
34090078-9823-5a7a-8b1a-1a7909956629,e8aeb018-f679-5670-b210-de4f62ff2111,2933d8b7-2438-521b-b38d-d3a5224f87fc,botica,43616d97-2221-569d-82eb-bcc14bcd6344,LT-000002-202508-2977,2026-02-24,0,41cb90d0-d91a-57c2-b138-831be351479f
af7c334d-ca4e-5bfa-bc67-678c4417048e,e8aeb018-f679-5670-b210-de4f62ff2111,6d807393-f4ab-5f76-b544-251eeda27ba3,botica,43616d97-2221-569d-82eb-bcc14bcd6344,LT-000003-202508-2978,2028-03-24,0,ab4a547f-e75d-5601-8171-00da4efa4b57
c8fef8f0-8cfb-5c87-b9a8-d03a46cdf183,e8aeb018-f679-5670-b210-de4f62ff2111,d2f08f15-f9f2-5f65-a740-b05896774467,botica,43616d97-2221-569d-82eb-bcc14bcd6344,LT-000017-202508-2979,2026-05-25,0,41cb90d0-d91a-57c2-b138-831be351479f
db9b9868-25fb-54ff-a602-13861e346321,e8aeb018-f679-5670-b210-de4f62ff2111,9928e9a1-d9fc-5fdd-86c2-8909352fd7fe,botica,8ecedccf-c230-516b-bbc2-108f7a6fbe63,LT-000005-202508-2980,2026-08-19,0,a6f6d890-1609-53fc-b4a6-5733ccc9d078
d5255061-c522-5f22-b7d6-2d7f9562f462,e8aeb018-f679-5670-b210-de4f62ff2111,afe9d181-1c64-5cca-b4b7-a9fa24eceeea,botica,26f7241d-a84e-5e4a-a43d-33eea1e54eea,LT-000020-202508-2981,2027-09-07,0,a6f6d890-1609-53fc-b4a6-5733ccc9d078
b1832fb4-7e87-5fa4-9469-4a1730f123d8,e8aeb018-f679-5670-b210-de4f62ff2111,0ec23038-d3ab-588c-bbd6-1f5c744cdde1,botica,26f7241d-a84e-5e4a-a43d-33eea1e54eea,LT-000025-202508-2982,2028-02-21,0,a6f6d890-1609-53fc-b4a6-5733ccc9d078
344e788f-cc22-5976-ba2f-9eae46bc9bde,e8aeb018-f679-5670-b210-de4f62ff2111,38adf7ba-476e-5e6b-9163-781a13538253,botica,43616d97-2221-569d-82eb-bcc14bcd6344,LT-000012-202508-2983,2028-03-26,0,41cb90d0-d91a-57c2-b138-831be351479f
25770dfb-a61a-502a-9bb0-28d21d8e873f,e8aeb018-f679-5670-b210-de4f62ff2111,1e9605fd-5682-52b6-8f05-e8a92dd44513,botica,8ecedccf-c230-516b-bbc2-108f7a6fbe63,LT-000030-202508-2984,2026-06-10,0,a6f6d890-1609-53fc-b4a6-5733ccc9d078
c1b4e1fd-a416-5bec-974e-995d4b447d49,e8aeb018-f679-5670-b210-de4f62ff2111,22231140-3780-5fe8-a7d4-d33f61d15111,botica,43616d97-2221-569d-82eb-bcc14bcd6344,LT-000023-202508-2985,2028-06-15,0,ab4a547f-e75d-5601-8171-00da4efa4b57
8aebacad-0489-53a1-9273-927bb78dcc61,e8aeb018-f679-5670-b210-de4f62ff2111,87b859e0-789a-56e6-b1ba-4fe76221d3bf,botica,d6f21f11-7533-52dd-a4dc-2fb8e260c02c,LT-000014-202508-2986,2028-04-08,0,c6617891-56ff-5690-89a4-1ece06685ff5
251d5555-95ae-5ec7-988f-deae5c7250c1,e8aeb018-f679-5670-b210-de4f62ff2111,6d807393-f4ab-5f76-b544-251eeda27ba3,botica,7fb983e8-6848-5425-97a2-14da72722d0f,LT-000003-202508-2987,2028-08-05,0,ab4a547f-e75d-5601-8171-00da4efa4b57
14d225a6-0aa4-5a28-9576-d4e36606c543,e8aeb018-f679-5670-b210-de4f62ff2111,5bbfdec8-65ae-59e6-b211-5eccb5b765fa,botica,7fb983e8-6848-5425-97a2-14da72722d0f,LT-000006-202508-2988,2026-10-21,0,76d6c9f4-5d7d-53c0-bb1f-2a577383765a
5f7e2f15-0b70-5b01-a881-2a6448e478ab,e8aeb018-f679-5670-b210-de4f62ff2111,d9506935-1215-5499-93c0-8bdd86ab9418,botica,7fb983e8-6848-5425-97a2-14da72722d0f,LT-000029-202508-2989,2028-06-14,0,c6617891-56ff-5690-89a4-1ece06685ff5
c5599a96-d8df-5282-bfae-658ffb92fed9,e8aeb018-f679-5670-b210-de4f62ff2111,22231140-3780-5fe8-a7d4-d33f61d15111,botica,26f7241d-a84e-5e4a-a43d-33eea1e54eea,LT-000023-202508-2990,2026-07-18,0,ab4a547f-e75d-5601-8171-00da4efa4b57
c453d1cd-dc2b-5835-b1fd-de167be82181,e8aeb018-f679-5670-b210-de4f62ff2111,012857cc-907f-5e7d-b8fb-796d2c9f1621,botica,43616d97-2221-569d-82eb-bcc14bcd6344,LT-000028-202508-2991,2027-01-03,0,ab4a547f-e75d-5601-8171-00da4efa4b57
b92b78ab-ed23-555b-b779-ad2d0b4d9aaa,e8aeb018-f679-5670-b210-de4f62ff2111,c0cf5e5c-b5c9-585a-8e79-d9830bc954f6,botica,d6f21f11-7533-52dd-a4dc-2fb8e260c02c,LT-000011-202508-2992,2026-06-15,0,76d6c9f4-5d7d-53c0-bb1f-2a577383765a
2fd086ef-0342-5c41-8cd4-058cf9761a67,e8aeb018-f679-5670-b210-de4f62ff2111,058c6382-bde2-59d1-93ff-20c6161a4736,botica,8ecedccf-c230-516b-bbc2-108f7a6fbe63,LT-000009-202508-2993,2026-08-13,0,c6617891-56ff-5690-89a4-1ece06685ff5
0d1af6aa-8bd5-5d48-b9ac-56c4ac873834,e8aeb018-f679-5670-b210-de4f62ff2111,2eb3a104-e572-583a-afa0-156ee0dc4cce,botica,26f7241d-a84e-5e4a-a43d-33eea1e54eea,LT-000019-202508-2994,2028-05-23,0,c6617891-56ff-5690-89a4-1ece06685ff5
ed940580-d1b8-539e-b3e8-559d2f1feb55,e8aeb018-f679-5670-b210-de4f62ff2111,d0ae6d2d-e561-56b3-a2c1-113c1c56ae81,botica,26f7241d-a84e-5e4a-a43d-33eea1e54eea,LT-000021-202508-2995,2027-02-11,0,76d6c9f4-5d7d-53c0-bb1f-2a577383765a
7b7b9853-c746-535a-b4da-38ac8a7d5632,e8aeb018-f679-5670-b210-de4f62ff2111,5bbfdec8-65ae-59e6-b211-5eccb5b765fa,botica,43616d97-2221-569d-82eb-bcc14bcd6344,LT-000006-202508-2996,2028-04-24,0,76d6c9f4-5d7d-53c0-bb1f-2a577383765a
348c9528-b757-584a-9e76-a16e764cce03,e8aeb018-f679-5670-b210-de4f62ff2111,afe9d181-1c64-5cca-b4b7-a9fa24eceeea,botica,8ecedccf-c230-516b-bbc2-108f7a6fbe63,LT-000020-202508-2997,2027-06-19,0,a6f6d890-1609-53fc-b4a6-5733ccc9d078
8e5da551-7896-5f11-97e1-d13c598d59a8,e8aeb018-f679-5670-b210-de4f62ff2111,d0ae6d2d-e561-56b3-a2c1-113c1c56ae81,botica,7fb983e8-6848-5425-97a2-14da72722d0f,LT-000021-202508-2998,2026-06-29,0,76d6c9f4-5d7d-53c0-bb1f-2a577383765a
01d7578b-3fd9-5ba5-8484-aaacd3a2889f,e8aeb018-f679-5670-b210-de4f62ff2111,22231140-3780-5fe8-a7d4-d33f61d15111,botica,7fb983e8-6848-5425-97a2-14da72722d0f,LT-000023-202508-2999,2026-07-18,0,ab4a547f-e75d-5601-8171-00da4efa4b57
8f635ade-4899-53a2-9638-26cd43eafe30,e8aeb018-f679-5670-b210-de4f62ff2111,1ca3438e-9e23-58f0-a35f-f15f7a23beb9,botica,7fb983e8-6848-5425-97a2-14da72722d0f,LT-000024-202508-3000,2026-05-18,0,c6617891-56ff-5690-89a4-1ece06685ff5
ae803245-96a3-5d1d-91a8-b89ac640e0e5,e8aeb018-f679-5670-b210-de4f62ff2111,1e9605fd-5682-52b6-8f05-e8a92dd44513,botica,7fb983e8-6848-5425-97a2-14da72722d0f,LT-000030-202508-3001,2027-12-07,0,a6f6d890-1609-53fc-b4a6-5733ccc9d078
a5fe7360-d8df-5bba-8210-27237ed1d856,e8aeb018-f679-5670-b210-de4f62ff2111,6baabed2-52d7-5cb7-bf74-86c7cb3e4f07,botica,26f7241d-a84e-5e4a-a43d-33eea1e54eea,LT-000027-202508-3002,2026-08-09,0,41cb90d0-d91a-57c2-b138-831be351479f
ec2b5785-501d-5ee2-9c96-aef7fce0b8c5,e8aeb018-f679-5670-b210-de4f62ff2111,cd81184b-b6f1-563c-b463-36a69ddfb598,botica,43616d97-2221-569d-82eb-bcc14bcd6344,LT-000026-202508-3003,2028-02-26,0,76d6c9f4-5d7d-53c0-bb1f-2a577383765a
fce55f9c-b87d-5316-9dab-18beb3bfbe54,e8aeb018-f679-5670-b210-de4f62ff2111,82cd11ba-d1a0-58b1-b14f-edd741f36e87,botica,d6f21f11-7533-52dd-a4dc-2fb8e260c02c,LT-000007-202508-3004,2027-10-20,0,41cb90d0-d91a-57c2-b138-831be351479f
f4103fb1-da8d-5989-84c8-39bb3311a5f1,e8aeb018-f679-5670-b210-de4f62ff2111,07371b94-955f-52a4-9bf9-f0a6ad2b4fa8,botica,7fb983e8-6848-5425-97a2-14da72722d0f,LT-000008-202508-3005,2028-04-29,0,ab4a547f-e75d-5601-8171-00da4efa4b57
166fa3e8-07d0-5d32-b5d5-76111cb9cf2d,e8aeb018-f679-5670-b210-de4f62ff2111,38adf7ba-476e-5e6b-9163-781a13538253,botica,7fb983e8-6848-5425-97a2-14da72722d0f,LT-000012-202508-3006,2026-05-20,0,41cb90d0-d91a-57c2-b138-831be351479f
09b4bffe-4201-5be4-ac13-015f3bc5ef1c,e8aeb018-f679-5670-b210-de4f62ff2111,94e18241-54bd-5516-b36f-94ab6e323aca,botica,7fb983e8-6848-5425-97a2-14da72722d0f,LT-000013-202508-3007,2027-08-19,0,ab4a547f-e75d-5601-8171-00da4efa4b57
c99f4c1f-65e4-5e2c-ae35-5a2ab6c05721,e8aeb018-f679-5670-b210-de4f62ff2111,2eb3a104-e572-583a-afa0-156ee0dc4cce,botica,7fb983e8-6848-5425-97a2-14da72722d0f,LT-000019-202508-3008,2027-08-31,0,c6617891-56ff-5690-89a4-1ece06685ff5
d8496bda-9a9b-5d4f-b1f5-306f4e3d0360,e8aeb018-f679-5670-b210-de4f62ff2111,82cd11ba-d1a0-58b1-b14f-edd741f36e87,botica,43616d97-2221-569d-82eb-bcc14bcd6344,LT-000007-202508-3009,2027-03-28,0,41cb90d0-d91a-57c2-b138-831be351479f
ba1f4aaa-d56a-5e28-8a13-1449e9f8996d,e8aeb018-f679-5670-b210-de4f62ff2111,07371b94-955f-52a4-9bf9-f0a6ad2b4fa8,botica,43616d97-2221-569d-82eb-bcc14bcd6344,LT-000008-202508-3010,2026-07-01,0,ab4a547f-e75d-5601-8171-00da4efa4b57
ab95eaeb-33a2-59c0-a578-a7f9373837fd,e8aeb018-f679-5670-b210-de4f62ff2111,058c6382-bde2-59d1-93ff-20c6161a4736,botica,26f7241d-a84e-5e4a-a43d-33eea1e54eea,LT-000009-202508-3011,2026-07-24,0,c6617891-56ff-5690-89a4-1ece06685ff5
fc4442c3-5d0f-59be-818d-0705300b06fa,e8aeb018-f679-5670-b210-de4f62ff2111,042e2e80-f954-5df4-97be-29dd428cc598,botica,43616d97-2221-569d-82eb-bcc14bcd6344,LT-000004-202508-3012,2027-02-12,0,c6617891-56ff-5690-89a4-1ece06685ff5
b2034185-557f-54c6-9499-b5e5f6bebb99,e8aeb018-f679-5670-b210-de4f62ff2111,6d807393-f4ab-5f76-b544-251eeda27ba3,botica,d6f21f11-7533-52dd-a4dc-2fb8e260c02c,LT-000003-202508-3013,2026-08-20,0,ab4a547f-e75d-5601-8171-00da4efa4b57
c9b040d8-a312-5364-9181-7763f312fe99,e8aeb018-f679-5670-b210-de4f62ff2111,012857cc-907f-5e7d-b8fb-796d2c9f1621,botica,d6f21f11-7533-52dd-a4dc-2fb8e260c02c,LT-000028-202508-3014,2027-01-31,0,ab4a547f-e75d-5601-8171-00da4efa4b57
03b6974c-0eca-55d6-87c7-7d2cbc956719,e8aeb018-f679-5670-b210-de4f62ff2111,058c6382-bde2-59d1-93ff-20c6161a4736,botica,7fb983e8-6848-5425-97a2-14da72722d0f,LT-000009-202508-3015,2028-02-29,0,c6617891-56ff-5690-89a4-1ece06685ff5
a6633217-72a9-5bdd-ba2e-111c5dc16f6a,e8aeb018-f679-5670-b210-de4f62ff2111,87b859e0-789a-56e6-b1ba-4fe76221d3bf,botica,7fb983e8-6848-5425-97a2-14da72722d0f,LT-000014-202508-3016,2027-07-21,0,c6617891-56ff-5690-89a4-1ece06685ff5
6b917ca0-444e-5598-aea9-3b3386f99d34,e8aeb018-f679-5670-b210-de4f62ff2111,5bbfdec8-65ae-59e6-b211-5eccb5b765fa,botica,26f7241d-a84e-5e4a-a43d-33eea1e54eea,LT-000006-202508-3017,2028-07-10,0,76d6c9f4-5d7d-53c0-bb1f-2a577383765a
19bec62d-a88f-55a9-bca0-5b5e51d51807,e8aeb018-f679-5670-b210-de4f62ff2111,9928e9a1-d9fc-5fdd-86c2-8909352fd7fe,botica,d6f21f11-7533-52dd-a4dc-2fb8e260c02c,LT-000005-202508-3018,2027-07-09,0,a6f6d890-1609-53fc-b4a6-5733ccc9d078
7fbdbed5-e838-5120-a2de-053f382fcbee,e8aeb018-f679-5670-b210-de4f62ff2111,2897aac2-f219-5167-b800-73fac27f6b85,botica,d6f21f11-7533-52dd-a4dc-2fb8e260c02c,LT-000022-202508-3019,2027-05-07,0,41cb90d0-d91a-57c2-b138-831be351479f
4058f256-4624-5512-a8d4-0dd2fa975706,e8aeb018-f679-5670-b210-de4f62ff2111,22231140-3780-5fe8-a7d4-d33f61d15111,botica,d6f21f11-7533-52dd-a4dc-2fb8e260c02c,LT-000023-202508-3020,2027-05-11,0,ab4a547f-e75d-5601-8171-00da4efa4b57
f63081dd-8076-568f-873d-1ccb4ff64710,e8aeb018-f679-5670-b210-de4f62ff2111,07371b94-955f-52a4-9bf9-f0a6ad2b4fa8,botica,8ecedccf-c230-516b-bbc2-108f7a6fbe63,LT-000008-202508-3021,2026-11-21,0,ab4a547f-e75d-5601-8171-00da4efa4b57
b7b41d73-49f5-5d1c-b3cc-71c0ac0e394e,e8aeb018-f679-5670-b210-de4f62ff2111,4d9429b6-2ebf-5b5d-ac48-f779d5a1e270,botica,8ecedccf-c230-516b-bbc2-108f7a6fbe63,LT-000010-202508-3022,2026-03-09,0,a6f6d890-1609-53fc-b4a6-5733ccc9d078
bea917ac-73fd-50d6-929b-063b5012fe07,e8aeb018-f679-5670-b210-de4f62ff2111,22231140-3780-5fe8-a7d4-d33f61d15111,botica,8ecedccf-c230-516b-bbc2-108f7a6fbe63,LT-000023-202508-3023,2026-06-09,0,ab4a547f-e75d-5601-8171-00da4efa4b57
7b11b06a-a162-5a2c-aa87-97ffd4e99c17,e8aeb018-f679-5670-b210-de4f62ff2111,6baabed2-52d7-5cb7-bf74-86c7cb3e4f07,botica,d6f21f11-7533-52dd-a4dc-2fb8e260c02c,LT-000027-202508-3024,2027-08-27,0,41cb90d0-d91a-57c2-b138-831be351479f
2d5993f7-2cc4-50f0-949d-58da00408562,e8aeb018-f679-5670-b210-de4f62ff2111,6d807393-f4ab-5f76-b544-251eeda27ba3,botica,8ecedccf-c230-516b-bbc2-108f7a6fbe63,LT-000003-202508-3025,2028-03-05,0,ab4a547f-e75d-5601-8171-00da4efa4b57
ae5db20b-567f-569f-aa13-9fe0821d8328,e8aeb018-f679-5670-b210-de4f62ff2111,2897aac2-f219-5167-b800-73fac27f6b85,botica,7fb983e8-6848-5425-97a2-14da72722d0f,LT-000022-202508-3026,2028-05-26,0,41cb90d0-d91a-57c2-b138-831be351479f
74911915-a77b-5d12-8cab-414aa9633895,e8aeb018-f679-5670-b210-de4f62ff2111,d3961f5a-3ea7-53d3-89f4-78b65b0c0c6b,botica,26f7241d-a84e-5e4a-a43d-33eea1e54eea,LT-000001-202508-3027,2026-04-02,0,76d6c9f4-5d7d-53c0-bb1f-2a577383765a
f07bbc48-4fca-5703-b249-e025b010e43d,e8aeb018-f679-5670-b210-de4f62ff2111,2933d8b7-2438-521b-b38d-d3a5224f87fc,botica,26f7241d-a84e-5e4a-a43d-33eea1e54eea,LT-000002-202508-3028,2027-09-06,0,41cb90d0-d91a-57c2-b138-831be351479f
de4a0635-80f5-5ed1-9b7b-3b95c269dba6,e8aeb018-f679-5670-b210-de4f62ff2111,07371b94-955f-52a4-9bf9-f0a6ad2b4fa8,botica,26f7241d-a84e-5e4a-a43d-33eea1e54eea,LT-000008-202508-3029,2027-06-20,0,ab4a547f-e75d-5601-8171-00da4efa4b57
b5e50ffb-71b1-555d-895c-d9ae38783c4d,e8aeb018-f679-5670-b210-de4f62ff2111,2897aac2-f219-5167-b800-73fac27f6b85,botica,26f7241d-a84e-5e4a-a43d-33eea1e54eea,LT-000022-202508-3030,2027-10-22,0,41cb90d0-d91a-57c2-b138-831be351479f
a68b3273-7ca1-5f47-91d1-b60493c403dc,e8aeb018-f679-5670-b210-de4f62ff2111,1ca3438e-9e23-58f0-a35f-f15f7a23beb9,botica,26f7241d-a84e-5e4a-a43d-33eea1e54eea,LT-000024-202508-3031,2028-03-12,0,c6617891-56ff-5690-89a4-1ece06685ff5
56abbfe3-0209-5b6d-bf18-5715e7e13829,e8aeb018-f679-5670-b210-de4f62ff2111,d9506935-1215-5499-93c0-8bdd86ab9418,botica,26f7241d-a84e-5e4a-a43d-33eea1e54eea,LT-000029-202508-3032,2028-05-20,0,c6617891-56ff-5690-89a4-1ece06685ff5
d4fc0787-dea1-51fd-9fe9-cd836e167675,e8aeb018-f679-5670-b210-de4f62ff2111,1e9605fd-5682-52b6-8f05-e8a92dd44513,botica,26f7241d-a84e-5e4a-a43d-33eea1e54eea,LT-000030-202508-3033,2026-08-30,0,a6f6d890-1609-53fc-b4a6-5733ccc9d078
682a719f-92c7-52ef-af77-441ba253d6fb,e8aeb018-f679-5670-b210-de4f62ff2111,0ec23038-d3ab-588c-bbd6-1f5c744cdde1,botica,43616d97-2221-569d-82eb-bcc14bcd6344,LT-000025-202508-3034,2027-08-19,0,a6f6d890-1609-53fc-b4a6-5733ccc9d078
e38e215e-3283-55b9-bcbe-b65283cae61b,e8aeb018-f679-5670-b210-de4f62ff2111,2933d8b7-2438-521b-b38d-d3a5224f87fc,botica,d6f21f11-7533-52dd-a4dc-2fb8e260c02c,LT-000002-202508-3035,2027-12-19,0,41cb90d0-d91a-57c2-b138-831be351479f
2acb2e61-6218-5e0a-b04b-b7d77a886df5,e8aeb018-f679-5670-b210-de4f62ff2111,82cd11ba-d1a0-58b1-b14f-edd741f36e87,botica,8ecedccf-c230-516b-bbc2-108f7a6fbe63,LT-000007-202508-3036,2027-05-18,0,41cb90d0-d91a-57c2-b138-831be351479f
a0a4de28-3da5-5b7a-9ef2-c5009eebf31f,e8aeb018-f679-5670-b210-de4f62ff2111,2082733c-4e17-51fe-bc8c-bf33d3ec5d7e,botica,8ecedccf-c230-516b-bbc2-108f7a6fbe63,LT-000016-202508-3037,2027-03-28,0,76d6c9f4-5d7d-53c0-bb1f-2a577383765a
e806e0cc-d777-5f55-932d-234ad10fddf1,e8aeb018-f679-5670-b210-de4f62ff2111,d3961f5a-3ea7-53d3-89f4-78b65b0c0c6b,botica,7fb983e8-6848-5425-97a2-14da72722d0f,LT-000001-202508-3038,2026-12-25,0,76d6c9f4-5d7d-53c0-bb1f-2a577383765a
79eb05a9-a7fa-56a2-a9fa-4aac783cc3d1,e8aeb018-f679-5670-b210-de4f62ff2111,042e2e80-f954-5df4-97be-29dd428cc598,botica,7fb983e8-6848-5425-97a2-14da72722d0f,LT-000004-202508-3039,2028-03-04,0,c6617891-56ff-5690-89a4-1ece06685ff5
773b87db-5489-5add-ac78-df531d4d6985,e8aeb018-f679-5670-b210-de4f62ff2111,d2f08f15-f9f2-5f65-a740-b05896774467,botica,7fb983e8-6848-5425-97a2-14da72722d0f,LT-000017-202508-3040,2027-01-12,0,41cb90d0-d91a-57c2-b138-831be351479f
1195ded6-16d1-51bc-9c48-fa8af8a8d60e,e8aeb018-f679-5670-b210-de4f62ff2111,97d26d91-c562-5f27-9ebd-285e89c8f4bf,botica,26f7241d-a84e-5e4a-a43d-33eea1e54eea,LT-000018-202508-3041,2027-01-21,0,ab4a547f-e75d-5601-8171-00da4efa4b57
bb4507c8-6f95-5d13-aa41-715be75cce6f,e8aeb018-f679-5670-b210-de4f62ff2111,9928e9a1-d9fc-5fdd-86c2-8909352fd7fe,botica,43616d97-2221-569d-82eb-bcc14bcd6344,LT-000005-202508-3042,2027-05-29,0,a6f6d890-1609-53fc-b4a6-5733ccc9d078
372759c0-e33c-5bd3-ad86-6ecda59056b0,e8aeb018-f679-5670-b210-de4f62ff2111,c0cf5e5c-b5c9-585a-8e79-d9830bc954f6,botica,43616d97-2221-569d-82eb-bcc14bcd6344,LT-000011-202508-3043,2026-08-11,0,76d6c9f4-5d7d-53c0-bb1f-2a577383765a
f9df2154-3203-5acc-a188-28401fde90f3,e8aeb018-f679-5670-b210-de4f62ff2111,1e9605fd-5682-52b6-8f05-e8a92dd44513,botica,43616d97-2221-569d-82eb-bcc14bcd6344,LT-000030-202508-3044,2027-07-05,0,a6f6d890-1609-53fc-b4a6-5733ccc9d078
c5c880e9-4055-5aad-9a2b-6dc9053b5c28,e8aeb018-f679-5670-b210-de4f62ff2111,94e18241-54bd-5516-b36f-94ab6e323aca,botica,8ecedccf-c230-516b-bbc2-108f7a6fbe63,LT-000013-202508-3045,2027-02-17,0,ab4a547f-e75d-5601-8171-00da4efa4b57
63ce47dc-4ac4-5f41-903a-bab034128412,e8aeb018-f679-5670-b210-de4f62ff2111,82cd11ba-d1a0-58b1-b14f-edd741f36e87,botica,7fb983e8-6848-5425-97a2-14da72722d0f,LT-000007-202508-3046,2027-12-30,0,41cb90d0-d91a-57c2-b138-831be351479f
c55f1220-670c-5883-99a4-a06baeb8146d,e8aeb018-f679-5670-b210-de4f62ff2111,4d9429b6-2ebf-5b5d-ac48-f779d5a1e270,botica,7fb983e8-6848-5425-97a2-14da72722d0f,LT-000010-202508-3047,2026-03-19,0,a6f6d890-1609-53fc-b4a6-5733ccc9d078
d6090cb2-3726-56c3-bc5b-b11af516273b,e8aeb018-f679-5670-b210-de4f62ff2111,38adf7ba-476e-5e6b-9163-781a13538253,botica,26f7241d-a84e-5e4a-a43d-33eea1e54eea,LT-000012-202508-3048,2027-01-03,0,41cb90d0-d91a-57c2-b138-831be351479f
2653fe96-ec5c-5f60-ab38-69d7b91ca5bf,e8aeb018-f679-5670-b210-de4f62ff2111,012857cc-907f-5e7d-b8fb-796d2c9f1621,botica,26f7241d-a84e-5e4a-a43d-33eea1e54eea,LT-000028-202508-3049,2027-01-08,0,ab4a547f-e75d-5601-8171-00da4efa4b57
6eff83e6-fcf3-551f-bb3d-f88e3a69cb0b,e8aeb018-f679-5670-b210-de4f62ff2111,0ec23038-d3ab-588c-bbd6-1f5c744cdde1,botica,d6f21f11-7533-52dd-a4dc-2fb8e260c02c,LT-000025-202508-3050,2027-07-17,0,a6f6d890-1609-53fc-b4a6-5733ccc9d078
2fff62ea-dcfb-54ed-a5f3-aaf236b1ff10,e8aeb018-f679-5670-b210-de4f62ff2111,2897aac2-f219-5167-b800-73fac27f6b85,botica,8ecedccf-c230-516b-bbc2-108f7a6fbe63,LT-000022-202508-3051,2026-11-24,0,41cb90d0-d91a-57c2-b138-831be351479f
f6ae406e-abb9-541e-9d45-c2ffecf426d3,e8aeb018-f679-5670-b210-de4f62ff2111,2082733c-4e17-51fe-bc8c-bf33d3ec5d7e,botica,7fb983e8-6848-5425-97a2-14da72722d0f,LT-000016-202508-3052,2027-11-07,0,76d6c9f4-5d7d-53c0-bb1f-2a577383765a
3e556971-338f-5c8b-b227-1b7888591d95,e8aeb018-f679-5670-b210-de4f62ff2111,9928e9a1-d9fc-5fdd-86c2-8909352fd7fe,botica,26f7241d-a84e-5e4a-a43d-33eea1e54eea,LT-000005-202508-3053,2026-05-26,0,a6f6d890-1609-53fc-b4a6-5733ccc9d078
a2cbaac1-58fd-5fea-938a-4640b6e4d037,e8aeb018-f679-5670-b210-de4f62ff2111,87b859e0-789a-56e6-b1ba-4fe76221d3bf,botica,26f7241d-a84e-5e4a-a43d-33eea1e54eea,LT-000014-202508-3054,2028-04-10,0,c6617891-56ff-5690-89a4-1ece06685ff5
a2d3bd13-9c33-5e3c-ba33-9ca15ee80f8a,e8aeb018-f679-5670-b210-de4f62ff2111,2897aac2-f219-5167-b800-73fac27f6b85,botica,43616d97-2221-569d-82eb-bcc14bcd6344,LT-000022-202508-3055,2028-02-07,0,41cb90d0-d91a-57c2-b138-831be351479f
b073ba7a-936d-5f58-9daf-5d4723d7fce3,e8aeb018-f679-5670-b210-de4f62ff2111,c0cf5e5c-b5c9-585a-8e79-d9830bc954f6,botica,8ecedccf-c230-516b-bbc2-108f7a6fbe63,LT-000011-202508-3056,2026-08-22,0,76d6c9f4-5d7d-53c0-bb1f-2a577383765a
6ecc1778-c1e3-5b88-8329-f878ee176d6a,e8aeb018-f679-5670-b210-de4f62ff2111,2933d8b7-2438-521b-b38d-d3a5224f87fc,botica,7fb983e8-6848-5425-97a2-14da72722d0f,LT-000002-202508-3057,2027-06-15,0,41cb90d0-d91a-57c2-b138-831be351479f
60f7480c-744b-5e98-9e2b-88913c109270,e8aeb018-f679-5670-b210-de4f62ff2111,9928e9a1-d9fc-5fdd-86c2-8909352fd7fe,botica,7fb983e8-6848-5425-97a2-14da72722d0f,LT-000005-202508-3058,2027-08-04,0,a6f6d890-1609-53fc-b4a6-5733ccc9d078
780c8220-58cf-5cda-a152-114ca79f1985,e8aeb018-f679-5670-b210-de4f62ff2111,983871db-adfb-543e-b438-6b00044ffb64,botica,7fb983e8-6848-5425-97a2-14da72722d0f,LT-000015-202508-3059,2026-06-25,0,a6f6d890-1609-53fc-b4a6-5733ccc9d078
8c11734b-51c5-5b92-9b87-3150b52f7ab3,e8aeb018-f679-5670-b210-de4f62ff2111,6baabed2-52d7-5cb7-bf74-86c7cb3e4f07,botica,7fb983e8-6848-5425-97a2-14da72722d0f,LT-000027-202508-3060,2027-01-08,0,41cb90d0-d91a-57c2-b138-831be351479f
22b1c62b-e945-5901-8bb8-c16fc827fc09,e8aeb018-f679-5670-b210-de4f62ff2111,983871db-adfb-543e-b438-6b00044ffb64,botica,26f7241d-a84e-5e4a-a43d-33eea1e54eea,LT-000015-202508-3061,2027-09-24,0,a6f6d890-1609-53fc-b4a6-5733ccc9d078
127900ca-811c-5636-b614-6a7a0a38f75d,e8aeb018-f679-5670-b210-de4f62ff2111,d3961f5a-3ea7-53d3-89f4-78b65b0c0c6b,botica,43616d97-2221-569d-82eb-bcc14bcd6344,LT-000001-202508-3062,2028-02-14,0,76d6c9f4-5d7d-53c0-bb1f-2a577383765a
1a3abd24-4223-52f5-8a62-8e8c42d7ebb9,e8aeb018-f679-5670-b210-de4f62ff2111,058c6382-bde2-59d1-93ff-20c6161a4736,botica,43616d97-2221-569d-82eb-bcc14bcd6344,LT-000009-202508-3063,2027-10-05,0,c6617891-56ff-5690-89a4-1ece06685ff5
9e31fa5c-cf8f-5120-a9e0-1da41ed404c6,e8aeb018-f679-5670-b210-de4f62ff2111,042e2e80-f954-5df4-97be-29dd428cc598,botica,d6f21f11-7533-52dd-a4dc-2fb8e260c02c,LT-000004-202508-3064,2028-03-21,0,c6617891-56ff-5690-89a4-1ece06685ff5
8b513ba6-a88e-5b2a-b026-77830d325cc4,e8aeb018-f679-5670-b210-de4f62ff2111,d9506935-1215-5499-93c0-8bdd86ab9418,botica,8ecedccf-c230-516b-bbc2-108f7a6fbe63,LT-000029-202508-3065,2027-12-29,0,c6617891-56ff-5690-89a4-1ece06685ff5
bd634961-82c8-58c6-a742-c31ddc947b8b,e8aeb018-f679-5670-b210-de4f62ff2111,c0cf5e5c-b5c9-585a-8e79-d9830bc954f6,botica,7fb983e8-6848-5425-97a2-14da72722d0f,LT-000011-202508-3066,2027-12-10,0,76d6c9f4-5d7d-53c0-bb1f-2a577383765a
92f68bd9-fc36-58ea-ae1a-0ce82f91629f,e8aeb018-f679-5670-b210-de4f62ff2111,cd81184b-b6f1-563c-b463-36a69ddfb598,botica,7fb983e8-6848-5425-97a2-14da72722d0f,LT-000026-202508-3067,2027-09-15,0,76d6c9f4-5d7d-53c0-bb1f-2a577383765a
0dcd1404-5f4f-5174-b63d-21bdbc1796aa,e8aeb018-f679-5670-b210-de4f62ff2111,2933d8b7-2438-521b-b38d-d3a5224f87fc,botica,43616d97-2221-569d-82eb-bcc14bcd6344,LT-000002-202508-3068,2028-08-07,0,41cb90d0-d91a-57c2-b138-831be351479f
4de6d5ee-d5ff-597a-8172-1b9057990398,e8aeb018-f679-5670-b210-de4f62ff2111,2082733c-4e17-51fe-bc8c-bf33d3ec5d7e,botica,43616d97-2221-569d-82eb-bcc14bcd6344,LT-000016-202508-3069,2027-01-03,0,76d6c9f4-5d7d-53c0-bb1f-2a577383765a
2f97c75b-5229-5d79-8050-525ecb52bd23,e8aeb018-f679-5670-b210-de4f62ff2111,1ca3438e-9e23-58f0-a35f-f15f7a23beb9,botica,43616d97-2221-569d-82eb-bcc14bcd6344,LT-000024-202508-3070,2026-10-24,0,c6617891-56ff-5690-89a4-1ece06685ff5
5cae485a-b8cf-5c40-9991-0f51e41d53d5,e8aeb018-f679-5670-b210-de4f62ff2111,6baabed2-52d7-5cb7-bf74-86c7cb3e4f07,botica,43616d97-2221-569d-82eb-bcc14bcd6344,LT-000027-202508-3071,2026-09-20,0,41cb90d0-d91a-57c2-b138-831be351479f
974e8977-d63d-5c56-96ca-34677376e25d,e8aeb018-f679-5670-b210-de4f62ff2111,5bbfdec8-65ae-59e6-b211-5eccb5b765fa,botica,d6f21f11-7533-52dd-a4dc-2fb8e260c02c,LT-000006-202508-3072,2026-06-19,0,76d6c9f4-5d7d-53c0-bb1f-2a577383765a
e49751ce-5d34-5e7f-8c82-df68c0bd3461,e8aeb018-f679-5670-b210-de4f62ff2111,4d9429b6-2ebf-5b5d-ac48-f779d5a1e270,botica,d6f21f11-7533-52dd-a4dc-2fb8e260c02c,LT-000010-202508-3073,2026-03-12,0,a6f6d890-1609-53fc-b4a6-5733ccc9d078
5652ab4a-579c-5600-86cf-2aebcb626255,e8aeb018-f679-5670-b210-de4f62ff2111,d0ae6d2d-e561-56b3-a2c1-113c1c56ae81,botica,8ecedccf-c230-516b-bbc2-108f7a6fbe63,LT-000021-202508-3074,2028-05-14,0,76d6c9f4-5d7d-53c0-bb1f-2a577383765a
4a98237a-a95f-520e-a8b0-4caa41b3c33d,e8aeb018-f679-5670-b210-de4f62ff2111,afe9d181-1c64-5cca-b4b7-a9fa24eceeea,botica,7fb983e8-6848-5425-97a2-14da72722d0f,LT-000020-202508-3075,2028-02-04,0,a6f6d890-1609-53fc-b4a6-5733ccc9d078
1a145d4b-f2fe-5276-9635-7935c942f2e1,e8aeb018-f679-5670-b210-de4f62ff2111,6d807393-f4ab-5f76-b544-251eeda27ba3,botica,26f7241d-a84e-5e4a-a43d-33eea1e54eea,LT-000003-202508-3076,2027-10-16,0,ab4a547f-e75d-5601-8171-00da4efa4b57
fcf1badd-6b80-5803-972c-64efd5833de4,e8aeb018-f679-5670-b210-de4f62ff2111,87b859e0-789a-56e6-b1ba-4fe76221d3bf,botica,43616d97-2221-569d-82eb-bcc14bcd6344,LT-000014-202508-3077,2026-06-23,0,c6617891-56ff-5690-89a4-1ece06685ff5
8cc40d55-f2cf-5b0a-b823-f79e37e99086,e8aeb018-f679-5670-b210-de4f62ff2111,d9506935-1215-5499-93c0-8bdd86ab9418,botica,43616d97-2221-569d-82eb-bcc14bcd6344,LT-000029-202508-3078,2027-11-24,0,c6617891-56ff-5690-89a4-1ece06685ff5
f33053c7-1fc6-59c7-977f-6a2775105b71,e8aeb018-f679-5670-b210-de4f62ff2111,d3961f5a-3ea7-53d3-89f4-78b65b0c0c6b,botica,d6f21f11-7533-52dd-a4dc-2fb8e260c02c,LT-000001-202508-3079,2027-10-16,0,76d6c9f4-5d7d-53c0-bb1f-2a577383765a
1d4957eb-acad-5170-a09b-2c5214d6d7ba,e8aeb018-f679-5670-b210-de4f62ff2111,1e9605fd-5682-52b6-8f05-e8a92dd44513,botica,d6f21f11-7533-52dd-a4dc-2fb8e260c02c,LT-000030-202508-3080,2027-11-04,0,a6f6d890-1609-53fc-b4a6-5733ccc9d078
384352bc-337a-57b9-8142-6e81e0597c8a,e8aeb018-f679-5670-b210-de4f62ff2111,9928e9a1-d9fc-5fdd-86c2-8909352fd7fe,botica,8ecedccf-c230-516b-bbc2-108f7a6fbe63,LT-000005-202508-3081,2026-07-30,0,a6f6d890-1609-53fc-b4a6-5733ccc9d078
a238f403-2e11-55c1-b14f-e6ef97d57b95,e8aeb018-f679-5670-b210-de4f62ff2111,82cd11ba-d1a0-58b1-b14f-edd741f36e87,botica,26f7241d-a84e-5e4a-a43d-33eea1e54eea,LT-000007-202508-3082,2027-04-29,0,41cb90d0-d91a-57c2-b138-831be351479f
0e0b5957-5faa-58d3-b232-5b196d626337,e8aeb018-f679-5670-b210-de4f62ff2111,07371b94-955f-52a4-9bf9-f0a6ad2b4fa8,botica,43616d97-2221-569d-82eb-bcc14bcd6344,LT-000008-202508-3083,2027-05-21,0,ab4a547f-e75d-5601-8171-00da4efa4b57
7968c6d8-262e-5d87-a293-4b3de60b8210,e8aeb018-f679-5670-b210-de4f62ff2111,d0ae6d2d-e561-56b3-a2c1-113c1c56ae81,botica,43616d97-2221-569d-82eb-bcc14bcd6344,LT-000021-202508-3084,2028-05-03,0,76d6c9f4-5d7d-53c0-bb1f-2a577383765a
7c874c48-59c4-5564-bd06-8d43c6c00608,e8aeb018-f679-5670-b210-de4f62ff2111,22231140-3780-5fe8-a7d4-d33f61d15111,botica,43616d97-2221-569d-82eb-bcc14bcd6344,LT-000023-202508-3085,2027-08-19,0,ab4a547f-e75d-5601-8171-00da4efa4b57
8247974b-d375-5ae8-8524-f54347dd2c31,e8aeb018-f679-5670-b210-de4f62ff2111,07371b94-955f-52a4-9bf9-f0a6ad2b4fa8,botica,d6f21f11-7533-52dd-a4dc-2fb8e260c02c,LT-000008-202508-3086,2027-03-13,0,ab4a547f-e75d-5601-8171-00da4efa4b57
e2fbfddd-dc4d-54ab-b6ee-3be768778455,e8aeb018-f679-5670-b210-de4f62ff2111,d2f08f15-f9f2-5f65-a740-b05896774467,botica,d6f21f11-7533-52dd-a4dc-2fb8e260c02c,LT-000017-202508-3087,2028-01-21,0,41cb90d0-d91a-57c2-b138-831be351479f
03e944f2-5ac5-532b-8387-07083322a07d,e8aeb018-f679-5670-b210-de4f62ff2111,5bbfdec8-65ae-59e6-b211-5eccb5b765fa,botica,8ecedccf-c230-516b-bbc2-108f7a6fbe63,LT-000006-202508-3088,2027-04-09,0,76d6c9f4-5d7d-53c0-bb1f-2a577383765a
a88f10b2-8c92-5cdd-888f-1b41bd184f2f,e8aeb018-f679-5670-b210-de4f62ff2111,6baabed2-52d7-5cb7-bf74-86c7cb3e4f07,botica,8ecedccf-c230-516b-bbc2-108f7a6fbe63,LT-000027-202508-3089,2027-02-14,0,41cb90d0-d91a-57c2-b138-831be351479f
69120060-0d5f-56e5-b214-06e116fcbf5f,e8aeb018-f679-5670-b210-de4f62ff2111,012857cc-907f-5e7d-b8fb-796d2c9f1621,botica,8ecedccf-c230-516b-bbc2-108f7a6fbe63,LT-000028-202508-3090,2028-01-31,0,ab4a547f-e75d-5601-8171-00da4efa4b57
e56ef61e-4ff6-5f81-ae4f-9b5eef136e28,e8aeb018-f679-5670-b210-de4f62ff2111,6d807393-f4ab-5f76-b544-251eeda27ba3,botica,7fb983e8-6848-5425-97a2-14da72722d0f,LT-000003-202508-3091,2026-09-15,0,ab4a547f-e75d-5601-8171-00da4efa4b57
6b9f282e-bc4a-5c89-9a9a-4d4aceadf391,e8aeb018-f679-5670-b210-de4f62ff2111,0ec23038-d3ab-588c-bbd6-1f5c744cdde1,botica,26f7241d-a84e-5e4a-a43d-33eea1e54eea,LT-000025-202508-3092,2027-05-11,0,a6f6d890-1609-53fc-b4a6-5733ccc9d078
3a4de5e5-c35c-58b4-ad39-a87030ebd3cc,e8aeb018-f679-5670-b210-de4f62ff2111,4d9429b6-2ebf-5b5d-ac48-f779d5a1e270,botica,43616d97-2221-569d-82eb-bcc14bcd6344,LT-000010-202508-3093,2028-01-20,0,a6f6d890-1609-53fc-b4a6-5733ccc9d078
3ef93ddc-0f3e-5943-9d55-2c15172e2334,e8aeb018-f679-5670-b210-de4f62ff2111,d3961f5a-3ea7-53d3-89f4-78b65b0c0c6b,botica,8ecedccf-c230-516b-bbc2-108f7a6fbe63,LT-000001-202508-3094,2027-09-26,0,76d6c9f4-5d7d-53c0-bb1f-2a577383765a
034249df-9680-50c0-9014-b586e4a8216d,e8aeb018-f679-5670-b210-de4f62ff2111,4d9429b6-2ebf-5b5d-ac48-f779d5a1e270,botica,26f7241d-a84e-5e4a-a43d-33eea1e54eea,LT-000010-202508-3095,2028-05-06,0,a6f6d890-1609-53fc-b4a6-5733ccc9d078
0aa15417-6ef3-506b-b476-b6592d34aa66,e8aeb018-f679-5670-b210-de4f62ff2111,d2f08f15-f9f2-5f65-a740-b05896774467,botica,26f7241d-a84e-5e4a-a43d-33eea1e54eea,LT-000017-202508-3096,2027-11-14,0,41cb90d0-d91a-57c2-b138-831be351479f
86371de8-ded0-523a-b79e-db2c8aee7e4b,e8aeb018-f679-5670-b210-de4f62ff2111,d2f08f15-f9f2-5f65-a740-b05896774467,botica,8ecedccf-c230-516b-bbc2-108f7a6fbe63,LT-000017-202508-3097,2028-01-12,0,41cb90d0-d91a-57c2-b138-831be351479f
6b6e8697-3c26-5cbc-a810-ec132264251f,e8aeb018-f679-5670-b210-de4f62ff2111,2082733c-4e17-51fe-bc8c-bf33d3ec5d7e,botica,26f7241d-a84e-5e4a-a43d-33eea1e54eea,LT-000016-202508-3098,2026-04-26,0,76d6c9f4-5d7d-53c0-bb1f-2a577383765a
0eb23dad-b022-58c7-bfe7-582a112b2a1c,e8aeb018-f679-5670-b210-de4f62ff2111,cd81184b-b6f1-563c-b463-36a69ddfb598,botica,26f7241d-a84e-5e4a-a43d-33eea1e54eea,LT-000026-202508-3099,2027-02-04,0,76d6c9f4-5d7d-53c0-bb1f-2a577383765a
e8ab02a0-a9da-5249-8781-2b86fa5e0370,e8aeb018-f679-5670-b210-de4f62ff2111,5bbfdec8-65ae-59e6-b211-5eccb5b765fa,botica,43616d97-2221-569d-82eb-bcc14bcd6344,LT-000006-202508-3100,2027-09-27,0,76d6c9f4-5d7d-53c0-bb1f-2a577383765a
9c6db839-4113-5e83-8bba-21ecdbbcff15,e8aeb018-f679-5670-b210-de4f62ff2111,38adf7ba-476e-5e6b-9163-781a13538253,botica,d6f21f11-7533-52dd-a4dc-2fb8e260c02c,LT-000012-202508-3101,2026-06-13,0,41cb90d0-d91a-57c2-b138-831be351479f
e68da519-1b57-58ec-b85d-4f1918b6712a,e8aeb018-f679-5670-b210-de4f62ff2111,97d26d91-c562-5f27-9ebd-285e89c8f4bf,botica,d6f21f11-7533-52dd-a4dc-2fb8e260c02c,LT-000018-202508-3102,2026-08-16,0,ab4a547f-e75d-5601-8171-00da4efa4b57
e8a616f8-25aa-5d03-b66e-be93a095ed78,e8aeb018-f679-5670-b210-de4f62ff2111,2eb3a104-e572-583a-afa0-156ee0dc4cce,botica,d6f21f11-7533-52dd-a4dc-2fb8e260c02c,LT-000019-202508-3103,2027-03-25,0,c6617891-56ff-5690-89a4-1ece06685ff5
494f469a-4961-5210-b856-5c11e58f27b6,e8aeb018-f679-5670-b210-de4f62ff2111,2933d8b7-2438-521b-b38d-d3a5224f87fc,botica,26f7241d-a84e-5e4a-a43d-33eea1e54eea,LT-000002-202508-3104,2027-01-05,0,41cb90d0-d91a-57c2-b138-831be351479f
3cd73dac-db82-5558-ab65-f6038882a3d4,e8aeb018-f679-5670-b210-de4f62ff2111,2897aac2-f219-5167-b800-73fac27f6b85,botica,26f7241d-a84e-5e4a-a43d-33eea1e54eea,LT-000022-202508-3105,2026-09-18,0,41cb90d0-d91a-57c2-b138-831be351479f
6c57db54-96f6-5dd4-8c61-9ff696b70bc9,e8aeb018-f679-5670-b210-de4f62ff2111,22231140-3780-5fe8-a7d4-d33f61d15111,botica,26f7241d-a84e-5e4a-a43d-33eea1e54eea,LT-000023-202508-3106,2027-05-20,0,ab4a547f-e75d-5601-8171-00da4efa4b57
d39b576b-ce2a-51dd-98c6-67b169086760,e8aeb018-f679-5670-b210-de4f62ff2111,82cd11ba-d1a0-58b1-b14f-edd741f36e87,botica,43616d97-2221-569d-82eb-bcc14bcd6344,LT-000007-202508-3107,2028-07-31,0,41cb90d0-d91a-57c2-b138-831be351479f
4bf830ca-1cf9-5cb6-ba42-fcb7b5546abc,e8aeb018-f679-5670-b210-de4f62ff2111,94e18241-54bd-5516-b36f-94ab6e323aca,botica,43616d97-2221-569d-82eb-bcc14bcd6344,LT-000013-202508-3108,2028-07-04,0,ab4a547f-e75d-5601-8171-00da4efa4b57
61c855f1-0dac-50e6-8332-0dc6ca22886f,e8aeb018-f679-5670-b210-de4f62ff2111,2eb3a104-e572-583a-afa0-156ee0dc4cce,botica,8ecedccf-c230-516b-bbc2-108f7a6fbe63,LT-000019-202508-3109,2026-08-20,0,c6617891-56ff-5690-89a4-1ece06685ff5
f2f04a21-2225-54d0-bf1e-0313f8c24d54,e8aeb018-f679-5670-b210-de4f62ff2111,d0ae6d2d-e561-56b3-a2c1-113c1c56ae81,botica,d6f21f11-7533-52dd-a4dc-2fb8e260c02c,LT-000021-202509-3110,2027-04-06,0,76d6c9f4-5d7d-53c0-bb1f-2a577383765a
8a50411a-9aae-5753-9770-1411d9d9cfed,e8aeb018-f679-5670-b210-de4f62ff2111,07371b94-955f-52a4-9bf9-f0a6ad2b4fa8,botica,8ecedccf-c230-516b-bbc2-108f7a6fbe63,LT-000008-202509-3111,2027-01-11,0,ab4a547f-e75d-5601-8171-00da4efa4b57
a9663d3e-f43d-575d-a1a9-268254a6a82f,e8aeb018-f679-5670-b210-de4f62ff2111,87b859e0-789a-56e6-b1ba-4fe76221d3bf,botica,8ecedccf-c230-516b-bbc2-108f7a6fbe63,LT-000014-202509-3112,2026-05-12,0,c6617891-56ff-5690-89a4-1ece06685ff5
7fcb0ea0-e1e9-5824-a92d-311bc8d3f3e1,e8aeb018-f679-5670-b210-de4f62ff2111,0ec23038-d3ab-588c-bbd6-1f5c744cdde1,botica,8ecedccf-c230-516b-bbc2-108f7a6fbe63,LT-000025-202509-3113,2028-02-28,0,a6f6d890-1609-53fc-b4a6-5733ccc9d078
2efdc59b-4a54-5441-a647-00bcbb979e19,e8aeb018-f679-5670-b210-de4f62ff2111,012857cc-907f-5e7d-b8fb-796d2c9f1621,botica,7fb983e8-6848-5425-97a2-14da72722d0f,LT-000028-202509-3114,2026-12-12,0,ab4a547f-e75d-5601-8171-00da4efa4b57
72be005c-4d2c-515f-bc6d-f7065f979bac,e8aeb018-f679-5670-b210-de4f62ff2111,38adf7ba-476e-5e6b-9163-781a13538253,botica,43616d97-2221-569d-82eb-bcc14bcd6344,LT-000012-202509-3115,2027-11-17,0,41cb90d0-d91a-57c2-b138-831be351479f
e8aac793-c1b9-5199-a233-a9eb94c8e4d8,e8aeb018-f679-5670-b210-de4f62ff2111,058c6382-bde2-59d1-93ff-20c6161a4736,botica,d6f21f11-7533-52dd-a4dc-2fb8e260c02c,LT-000009-202509-3116,2027-07-06,0,c6617891-56ff-5690-89a4-1ece06685ff5
26f18230-a35a-5675-acef-86b757a36393,e8aeb018-f679-5670-b210-de4f62ff2111,94e18241-54bd-5516-b36f-94ab6e323aca,botica,d6f21f11-7533-52dd-a4dc-2fb8e260c02c,LT-000013-202509-3117,2028-05-10,0,ab4a547f-e75d-5601-8171-00da4efa4b57
18b30f0d-dd4f-5828-aa14-611d6eafed7c,e8aeb018-f679-5670-b210-de4f62ff2111,1ca3438e-9e23-58f0-a35f-f15f7a23beb9,botica,d6f21f11-7533-52dd-a4dc-2fb8e260c02c,LT-000024-202509-3118,2027-12-10,0,c6617891-56ff-5690-89a4-1ece06685ff5
def0563a-030c-5bfa-811d-95a7c251e199,e8aeb018-f679-5670-b210-de4f62ff2111,2933d8b7-2438-521b-b38d-d3a5224f87fc,botica,8ecedccf-c230-516b-bbc2-108f7a6fbe63,LT-000002-202509-3119,2028-01-20,0,41cb90d0-d91a-57c2-b138-831be351479f
5f05fe43-d0cd-5ef0-8b0c-54f39d1de585,e8aeb018-f679-5670-b210-de4f62ff2111,058c6382-bde2-59d1-93ff-20c6161a4736,botica,8ecedccf-c230-516b-bbc2-108f7a6fbe63,LT-000009-202509-3120,2028-08-18,0,c6617891-56ff-5690-89a4-1ece06685ff5
0b439dc3-7a49-5249-bb11-049250d35452,e8aeb018-f679-5670-b210-de4f62ff2111,38adf7ba-476e-5e6b-9163-781a13538253,botica,8ecedccf-c230-516b-bbc2-108f7a6fbe63,LT-000012-202509-3121,2028-03-30,0,41cb90d0-d91a-57c2-b138-831be351479f
2a425e4f-89cf-5585-b754-e4e9db40e1de,e8aeb018-f679-5670-b210-de4f62ff2111,d3961f5a-3ea7-53d3-89f4-78b65b0c0c6b,botica,7fb983e8-6848-5425-97a2-14da72722d0f,LT-000001-202509-3122,2027-10-22,0,76d6c9f4-5d7d-53c0-bb1f-2a577383765a
9bccc1b7-fb9b-512c-bf07-b392ebb015ae,e8aeb018-f679-5670-b210-de4f62ff2111,058c6382-bde2-59d1-93ff-20c6161a4736,botica,7fb983e8-6848-5425-97a2-14da72722d0f,LT-000009-202509-3123,2026-11-01,0,c6617891-56ff-5690-89a4-1ece06685ff5
9cb1c1f2-132e-588b-aefb-56d3aa5d9d93,e8aeb018-f679-5670-b210-de4f62ff2111,94e18241-54bd-5516-b36f-94ab6e323aca,botica,7fb983e8-6848-5425-97a2-14da72722d0f,LT-000013-202509-3124,2027-10-23,0,ab4a547f-e75d-5601-8171-00da4efa4b57
1236b2fe-041f-5747-9dea-1a0a97ead038,e8aeb018-f679-5670-b210-de4f62ff2111,d3961f5a-3ea7-53d3-89f4-78b65b0c0c6b,botica,26f7241d-a84e-5e4a-a43d-33eea1e54eea,LT-000001-202509-3125,2027-07-07,0,76d6c9f4-5d7d-53c0-bb1f-2a577383765a
99f1c5b5-859d-532e-90c4-06b513462bd8,e8aeb018-f679-5670-b210-de4f62ff2111,042e2e80-f954-5df4-97be-29dd428cc598,botica,26f7241d-a84e-5e4a-a43d-33eea1e54eea,LT-000004-202509-3126,2027-04-15,0,c6617891-56ff-5690-89a4-1ece06685ff5
df7b5e09-a99e-5933-9feb-4abf5ee30a33,e8aeb018-f679-5670-b210-de4f62ff2111,042e2e80-f954-5df4-97be-29dd428cc598,botica,43616d97-2221-569d-82eb-bcc14bcd6344,LT-000004-202509-3127,2027-01-23,0,c6617891-56ff-5690-89a4-1ece06685ff5
aa2abe39-8931-5750-9603-db8ecb9d8038,e8aeb018-f679-5670-b210-de4f62ff2111,82cd11ba-d1a0-58b1-b14f-edd741f36e87,botica,d6f21f11-7533-52dd-a4dc-2fb8e260c02c,LT-000007-202509-3128,2027-03-06,0,41cb90d0-d91a-57c2-b138-831be351479f
1887cf7d-3212-57b3-b750-f70ebff67b73,e8aeb018-f679-5670-b210-de4f62ff2111,983871db-adfb-543e-b438-6b00044ffb64,botica,d6f21f11-7533-52dd-a4dc-2fb8e260c02c,LT-000015-202509-3129,2028-03-06,0,a6f6d890-1609-53fc-b4a6-5733ccc9d078
59a73972-c509-510c-928b-8b3a4ec92663,e8aeb018-f679-5670-b210-de4f62ff2111,22231140-3780-5fe8-a7d4-d33f61d15111,botica,7fb983e8-6848-5425-97a2-14da72722d0f,LT-000023-202509-3130,2026-05-06,0,ab4a547f-e75d-5601-8171-00da4efa4b57
a150cdd3-eac0-52bf-93d4-17398e9818e9,e8aeb018-f679-5670-b210-de4f62ff2111,07371b94-955f-52a4-9bf9-f0a6ad2b4fa8,botica,26f7241d-a84e-5e4a-a43d-33eea1e54eea,LT-000008-202509-3131,2026-08-29,0,ab4a547f-e75d-5601-8171-00da4efa4b57
7ed96ce2-7f47-5dfb-aa3e-5ac83db359f2,e8aeb018-f679-5670-b210-de4f62ff2111,6d807393-f4ab-5f76-b544-251eeda27ba3,botica,43616d97-2221-569d-82eb-bcc14bcd6344,LT-000003-202509-3132,2026-08-30,0,ab4a547f-e75d-5601-8171-00da4efa4b57
00f05f3a-f4e2-55c7-bba1-1d7952c2e313,e8aeb018-f679-5670-b210-de4f62ff2111,6d807393-f4ab-5f76-b544-251eeda27ba3,botica,8ecedccf-c230-516b-bbc2-108f7a6fbe63,LT-000003-202509-3133,2026-10-24,0,ab4a547f-e75d-5601-8171-00da4efa4b57
c837dd67-d868-5c84-9873-87fb0bbb334d,e8aeb018-f679-5670-b210-de4f62ff2111,07371b94-955f-52a4-9bf9-f0a6ad2b4fa8,botica,7fb983e8-6848-5425-97a2-14da72722d0f,LT-000008-202509-3134,2027-10-10,0,ab4a547f-e75d-5601-8171-00da4efa4b57
9936573d-1586-5227-954d-08e056528c3b,e8aeb018-f679-5670-b210-de4f62ff2111,38adf7ba-476e-5e6b-9163-781a13538253,botica,26f7241d-a84e-5e4a-a43d-33eea1e54eea,LT-000012-202509-3135,2027-05-30,0,41cb90d0-d91a-57c2-b138-831be351479f
a2622cc6-b42d-5c2f-adb5-4fddec92531a,e8aeb018-f679-5670-b210-de4f62ff2111,97d26d91-c562-5f27-9ebd-285e89c8f4bf,botica,43616d97-2221-569d-82eb-bcc14bcd6344,LT-000018-202509-3136,2027-05-28,0,ab4a547f-e75d-5601-8171-00da4efa4b57
317eeca9-8109-58ee-80cd-f19eea6d60a1,e8aeb018-f679-5670-b210-de4f62ff2111,afe9d181-1c64-5cca-b4b7-a9fa24eceeea,botica,43616d97-2221-569d-82eb-bcc14bcd6344,LT-000020-202509-3137,2027-02-19,0,a6f6d890-1609-53fc-b4a6-5733ccc9d078
7db165d7-38a7-526a-9b32-7eb00ac576b6,e8aeb018-f679-5670-b210-de4f62ff2111,042e2e80-f954-5df4-97be-29dd428cc598,botica,8ecedccf-c230-516b-bbc2-108f7a6fbe63,LT-000004-202509-3138,2027-04-26,0,c6617891-56ff-5690-89a4-1ece06685ff5
a3c7f453-8b5e-5cd9-bad7-c32066b47047,e8aeb018-f679-5670-b210-de4f62ff2111,2897aac2-f219-5167-b800-73fac27f6b85,botica,8ecedccf-c230-516b-bbc2-108f7a6fbe63,LT-000022-202509-3139,2027-09-27,0,41cb90d0-d91a-57c2-b138-831be351479f
419e2307-c290-592a-b6c0-9038bed1c547,e8aeb018-f679-5670-b210-de4f62ff2111,1e9605fd-5682-52b6-8f05-e8a92dd44513,botica,8ecedccf-c230-516b-bbc2-108f7a6fbe63,LT-000030-202509-3140,2027-06-28,0,a6f6d890-1609-53fc-b4a6-5733ccc9d078
ce7d70b9-0493-5edc-9e1e-592044b96d61,e8aeb018-f679-5670-b210-de4f62ff2111,2933d8b7-2438-521b-b38d-d3a5224f87fc,botica,7fb983e8-6848-5425-97a2-14da72722d0f,LT-000002-202509-3141,2027-06-07,0,41cb90d0-d91a-57c2-b138-831be351479f
6f87e799-a368-50e8-b851-9c9b1856214b,e8aeb018-f679-5670-b210-de4f62ff2111,82cd11ba-d1a0-58b1-b14f-edd741f36e87,botica,7fb983e8-6848-5425-97a2-14da72722d0f,LT-000007-202509-3142,2027-09-27,0,41cb90d0-d91a-57c2-b138-831be351479f
6e471767-171b-56c3-9eb4-632ca180b0c1,e8aeb018-f679-5670-b210-de4f62ff2111,5bbfdec8-65ae-59e6-b211-5eccb5b765fa,botica,26f7241d-a84e-5e4a-a43d-33eea1e54eea,LT-000006-202509-3143,2028-03-22,0,76d6c9f4-5d7d-53c0-bb1f-2a577383765a
61631549-3361-53d3-a0e6-dae9848714e0,e8aeb018-f679-5670-b210-de4f62ff2111,d2f08f15-f9f2-5f65-a740-b05896774467,botica,43616d97-2221-569d-82eb-bcc14bcd6344,LT-000017-202509-3144,2027-06-19,0,41cb90d0-d91a-57c2-b138-831be351479f
f9ebba23-4559-54a1-9e31-9cf544d34b42,e8aeb018-f679-5670-b210-de4f62ff2111,22231140-3780-5fe8-a7d4-d33f61d15111,botica,8ecedccf-c230-516b-bbc2-108f7a6fbe63,LT-000023-202509-3145,2027-06-04,0,ab4a547f-e75d-5601-8171-00da4efa4b57
749e87b0-a575-5409-a519-54b3b2b05a9f,e8aeb018-f679-5670-b210-de4f62ff2111,5bbfdec8-65ae-59e6-b211-5eccb5b765fa,botica,7fb983e8-6848-5425-97a2-14da72722d0f,LT-000006-202509-3146,2027-08-26,0,76d6c9f4-5d7d-53c0-bb1f-2a577383765a
7784c98e-1783-5d39-8118-389873ec9dbb,e8aeb018-f679-5670-b210-de4f62ff2111,d0ae6d2d-e561-56b3-a2c1-113c1c56ae81,botica,7fb983e8-6848-5425-97a2-14da72722d0f,LT-000021-202509-3147,2026-03-11,0,76d6c9f4-5d7d-53c0-bb1f-2a577383765a
edc9497d-02cd-5a75-a3a9-9314c185c4f1,e8aeb018-f679-5670-b210-de4f62ff2111,0ec23038-d3ab-588c-bbd6-1f5c744cdde1,botica,7fb983e8-6848-5425-97a2-14da72722d0f,LT-000025-202509-3148,2027-03-21,0,a6f6d890-1609-53fc-b4a6-5733ccc9d078
d8da2256-e700-5202-8eb8-cf2564e85419,e8aeb018-f679-5670-b210-de4f62ff2111,6d807393-f4ab-5f76-b544-251eeda27ba3,botica,26f7241d-a84e-5e4a-a43d-33eea1e54eea,LT-000003-202509-3149,2027-07-25,0,ab4a547f-e75d-5601-8171-00da4efa4b57
666b18c5-a31b-5588-a4b4-ad3edb2dd52d,e8aeb018-f679-5670-b210-de4f62ff2111,c0cf5e5c-b5c9-585a-8e79-d9830bc954f6,botica,26f7241d-a84e-5e4a-a43d-33eea1e54eea,LT-000011-202509-3150,2026-05-15,0,76d6c9f4-5d7d-53c0-bb1f-2a577383765a
273dd1e3-4b14-514b-bdae-129f931942e6,e8aeb018-f679-5670-b210-de4f62ff2111,94e18241-54bd-5516-b36f-94ab6e323aca,botica,26f7241d-a84e-5e4a-a43d-33eea1e54eea,LT-000013-202509-3151,2027-07-28,0,ab4a547f-e75d-5601-8171-00da4efa4b57
7e6026d1-f035-5863-9559-c798025e76dd,e8aeb018-f679-5670-b210-de4f62ff2111,d3961f5a-3ea7-53d3-89f4-78b65b0c0c6b,botica,43616d97-2221-569d-82eb-bcc14bcd6344,LT-000001-202509-3152,2026-07-14,0,76d6c9f4-5d7d-53c0-bb1f-2a577383765a
c00c25d6-79e8-5709-8f0b-a127146a4632,e8aeb018-f679-5670-b210-de4f62ff2111,0ec23038-d3ab-588c-bbd6-1f5c744cdde1,botica,43616d97-2221-569d-82eb-bcc14bcd6344,LT-000025-202509-3153,2028-01-23,0,a6f6d890-1609-53fc-b4a6-5733ccc9d078
46004e68-f032-59f0-9bda-6a0b609be2b5,e8aeb018-f679-5670-b210-de4f62ff2111,97d26d91-c562-5f27-9ebd-285e89c8f4bf,botica,7fb983e8-6848-5425-97a2-14da72722d0f,LT-000018-202509-3154,2028-05-09,0,ab4a547f-e75d-5601-8171-00da4efa4b57
185a429b-51fa-5c3f-9e28-26d6d185d121,e8aeb018-f679-5670-b210-de4f62ff2111,6baabed2-52d7-5cb7-bf74-86c7cb3e4f07,botica,26f7241d-a84e-5e4a-a43d-33eea1e54eea,LT-000027-202509-3155,2028-02-02,0,41cb90d0-d91a-57c2-b138-831be351479f
3f46911d-1856-5433-ab6b-77e93438edd1,e8aeb018-f679-5670-b210-de4f62ff2111,2897aac2-f219-5167-b800-73fac27f6b85,botica,43616d97-2221-569d-82eb-bcc14bcd6344,LT-000022-202509-3156,2027-06-05,0,41cb90d0-d91a-57c2-b138-831be351479f
916d978d-3d86-5f8e-8e27-b1e875c8858b,e8aeb018-f679-5670-b210-de4f62ff2111,c0cf5e5c-b5c9-585a-8e79-d9830bc954f6,botica,d6f21f11-7533-52dd-a4dc-2fb8e260c02c,LT-000011-202509-3157,2026-07-03,0,76d6c9f4-5d7d-53c0-bb1f-2a577383765a
d318ee8d-b0e5-5df7-9527-ee9cfea5c4f9,e8aeb018-f679-5670-b210-de4f62ff2111,cd81184b-b6f1-563c-b463-36a69ddfb598,botica,8ecedccf-c230-516b-bbc2-108f7a6fbe63,LT-000026-202509-3158,2026-07-26,0,76d6c9f4-5d7d-53c0-bb1f-2a577383765a
46713880-53f9-5fec-af50-e17d4931c8c5,e8aeb018-f679-5670-b210-de4f62ff2111,38adf7ba-476e-5e6b-9163-781a13538253,botica,7fb983e8-6848-5425-97a2-14da72722d0f,LT-000012-202509-3159,2027-04-17,0,41cb90d0-d91a-57c2-b138-831be351479f
62eda66d-faaf-5020-9b3a-054fd9c1266f,e8aeb018-f679-5670-b210-de4f62ff2111,058c6382-bde2-59d1-93ff-20c6161a4736,botica,26f7241d-a84e-5e4a-a43d-33eea1e54eea,LT-000009-202509-3160,2026-11-06,0,c6617891-56ff-5690-89a4-1ece06685ff5
d806a353-12e6-55e5-8cd5-1da863a5161b,e8aeb018-f679-5670-b210-de4f62ff2111,012857cc-907f-5e7d-b8fb-796d2c9f1621,botica,26f7241d-a84e-5e4a-a43d-33eea1e54eea,LT-000028-202509-3161,2026-05-23,0,ab4a547f-e75d-5601-8171-00da4efa4b57
a0c568f5-b866-513b-884a-b834f80b215b,e8aeb018-f679-5670-b210-de4f62ff2111,cd81184b-b6f1-563c-b463-36a69ddfb598,botica,43616d97-2221-569d-82eb-bcc14bcd6344,LT-000026-202509-3162,2027-08-15,0,76d6c9f4-5d7d-53c0-bb1f-2a577383765a
9bcdc280-4afa-5365-998d-ecb69b62067c,e8aeb018-f679-5670-b210-de4f62ff2111,2933d8b7-2438-521b-b38d-d3a5224f87fc,botica,d6f21f11-7533-52dd-a4dc-2fb8e260c02c,LT-000002-202509-3163,2026-03-22,0,41cb90d0-d91a-57c2-b138-831be351479f
04a84eb9-ad47-5c6b-9465-838dba1796aa,e8aeb018-f679-5670-b210-de4f62ff2111,87b859e0-789a-56e6-b1ba-4fe76221d3bf,botica,7fb983e8-6848-5425-97a2-14da72722d0f,LT-000014-202509-3164,2027-01-06,0,c6617891-56ff-5690-89a4-1ece06685ff5
3a420755-389a-5d31-9d5b-cce3c3418faf,e8aeb018-f679-5670-b210-de4f62ff2111,2eb3a104-e572-583a-afa0-156ee0dc4cce,botica,7fb983e8-6848-5425-97a2-14da72722d0f,LT-000019-202509-3165,2028-09-08,0,c6617891-56ff-5690-89a4-1ece06685ff5
e17a4f36-a91a-5544-8fb7-bb9673324321,e8aeb018-f679-5670-b210-de4f62ff2111,afe9d181-1c64-5cca-b4b7-a9fa24eceeea,botica,26f7241d-a84e-5e4a-a43d-33eea1e54eea,LT-000020-202509-3166,2027-03-01,0,a6f6d890-1609-53fc-b4a6-5733ccc9d078
e48b2eb3-026c-503c-9548-fe9c687355a8,e8aeb018-f679-5670-b210-de4f62ff2111,d0ae6d2d-e561-56b3-a2c1-113c1c56ae81,botica,26f7241d-a84e-5e4a-a43d-33eea1e54eea,LT-000021-202509-3167,2026-08-04,0,76d6c9f4-5d7d-53c0-bb1f-2a577383765a
aba1c355-74f3-52be-826e-531ea2982f23,e8aeb018-f679-5670-b210-de4f62ff2111,07371b94-955f-52a4-9bf9-f0a6ad2b4fa8,botica,43616d97-2221-569d-82eb-bcc14bcd6344,LT-000008-202509-3168,2028-08-01,0,ab4a547f-e75d-5601-8171-00da4efa4b57
d6065c58-5ec5-50b7-9989-7ce6013f07ef,e8aeb018-f679-5670-b210-de4f62ff2111,2eb3a104-e572-583a-afa0-156ee0dc4cce,botica,43616d97-2221-569d-82eb-bcc14bcd6344,LT-000019-202509-3169,2028-08-12,43,c6617891-56ff-5690-89a4-1ece06685ff5
89409a32-5960-54fa-a8d9-a0a1dd880dcf,e8aeb018-f679-5670-b210-de4f62ff2111,cd81184b-b6f1-563c-b463-36a69ddfb598,botica,d6f21f11-7533-52dd-a4dc-2fb8e260c02c,LT-000026-202509-3170,2028-01-10,0,76d6c9f4-5d7d-53c0-bb1f-2a577383765a
8a943480-bd57-510d-a7c6-fe16066268c4,e8aeb018-f679-5670-b210-de4f62ff2111,042e2e80-f954-5df4-97be-29dd428cc598,botica,7fb983e8-6848-5425-97a2-14da72722d0f,LT-000004-202509-3171,2027-01-05,0,c6617891-56ff-5690-89a4-1ece06685ff5
85a1ad89-ff51-5bf2-bf8a-1c469319b769,e8aeb018-f679-5670-b210-de4f62ff2111,1e9605fd-5682-52b6-8f05-e8a92dd44513,botica,7fb983e8-6848-5425-97a2-14da72722d0f,LT-000030-202509-3172,2028-03-12,0,a6f6d890-1609-53fc-b4a6-5733ccc9d078
6b994b58-8b93-5dfe-bbf1-3da6b7b34776,e8aeb018-f679-5670-b210-de4f62ff2111,2eb3a104-e572-583a-afa0-156ee0dc4cce,botica,26f7241d-a84e-5e4a-a43d-33eea1e54eea,LT-000019-202509-3173,2028-06-19,42,c6617891-56ff-5690-89a4-1ece06685ff5
f72aa228-c500-50a9-aa53-945b7d52ee64,e8aeb018-f679-5670-b210-de4f62ff2111,042e2e80-f954-5df4-97be-29dd428cc598,botica,d6f21f11-7533-52dd-a4dc-2fb8e260c02c,LT-000004-202509-3174,2026-09-23,0,c6617891-56ff-5690-89a4-1ece06685ff5
c9c662ee-6adc-559f-9a76-7d1231d6cce2,e8aeb018-f679-5670-b210-de4f62ff2111,82cd11ba-d1a0-58b1-b14f-edd741f36e87,botica,8ecedccf-c230-516b-bbc2-108f7a6fbe63,LT-000007-202509-3175,2028-02-05,0,41cb90d0-d91a-57c2-b138-831be351479f
79d02297-faa1-576c-8e2b-e5c70fff91fc,e8aeb018-f679-5670-b210-de4f62ff2111,82cd11ba-d1a0-58b1-b14f-edd741f36e87,botica,26f7241d-a84e-5e4a-a43d-33eea1e54eea,LT-000007-202509-3176,2028-04-19,0,41cb90d0-d91a-57c2-b138-831be351479f
8400f6d7-f497-5c30-8b46-307903803117,e8aeb018-f679-5670-b210-de4f62ff2111,87b859e0-789a-56e6-b1ba-4fe76221d3bf,botica,26f7241d-a84e-5e4a-a43d-33eea1e54eea,LT-000014-202509-3177,2027-07-29,0,c6617891-56ff-5690-89a4-1ece06685ff5
be8c7f8e-d28c-594c-a771-a23530705a76,e8aeb018-f679-5670-b210-de4f62ff2111,82cd11ba-d1a0-58b1-b14f-edd741f36e87,botica,43616d97-2221-569d-82eb-bcc14bcd6344,LT-000007-202509-3178,2027-01-02,0,41cb90d0-d91a-57c2-b138-831be351479f
b4900802-6dc4-57d6-b2a2-026449cdd730,e8aeb018-f679-5670-b210-de4f62ff2111,983871db-adfb-543e-b438-6b00044ffb64,botica,43616d97-2221-569d-82eb-bcc14bcd6344,LT-000015-202509-3179,2027-07-04,0,a6f6d890-1609-53fc-b4a6-5733ccc9d078
e516be51-87d3-5de7-bd0f-30ef360d2a23,e8aeb018-f679-5670-b210-de4f62ff2111,2082733c-4e17-51fe-bc8c-bf33d3ec5d7e,botica,d6f21f11-7533-52dd-a4dc-2fb8e260c02c,LT-000016-202509-3180,2027-08-11,0,76d6c9f4-5d7d-53c0-bb1f-2a577383765a
733c986f-3717-53b6-abf1-3b876b354ed8,e8aeb018-f679-5670-b210-de4f62ff2111,0ec23038-d3ab-588c-bbd6-1f5c744cdde1,botica,d6f21f11-7533-52dd-a4dc-2fb8e260c02c,LT-000025-202509-3181,2028-05-22,0,a6f6d890-1609-53fc-b4a6-5733ccc9d078
3304bb5c-89a3-5fe9-8fea-1c932e48d97a,e8aeb018-f679-5670-b210-de4f62ff2111,2897aac2-f219-5167-b800-73fac27f6b85,botica,7fb983e8-6848-5425-97a2-14da72722d0f,LT-000022-202509-3182,2028-01-23,0,41cb90d0-d91a-57c2-b138-831be351479f
b7a46194-e94f-5e21-84d6-fd810ec79c15,e8aeb018-f679-5670-b210-de4f62ff2111,1ca3438e-9e23-58f0-a35f-f15f7a23beb9,botica,7fb983e8-6848-5425-97a2-14da72722d0f,LT-000024-202509-3183,2026-11-02,0,c6617891-56ff-5690-89a4-1ece06685ff5
0f67fff1-387c-57be-be9f-a11eadefe84c,e8aeb018-f679-5670-b210-de4f62ff2111,2933d8b7-2438-521b-b38d-d3a5224f87fc,botica,43616d97-2221-569d-82eb-bcc14bcd6344,LT-000002-202509-3184,2026-10-14,0,41cb90d0-d91a-57c2-b138-831be351479f
1e10a1aa-39c2-5246-8040-22ca84e214cb,e8aeb018-f679-5670-b210-de4f62ff2111,d0ae6d2d-e561-56b3-a2c1-113c1c56ae81,botica,43616d97-2221-569d-82eb-bcc14bcd6344,LT-000021-202509-3185,2027-06-02,0,76d6c9f4-5d7d-53c0-bb1f-2a577383765a
86c21c7c-f7d7-5b52-9219-3460f0e3b59d,e8aeb018-f679-5670-b210-de4f62ff2111,1ca3438e-9e23-58f0-a35f-f15f7a23beb9,botica,43616d97-2221-569d-82eb-bcc14bcd6344,LT-000024-202509-3186,2026-03-23,0,c6617891-56ff-5690-89a4-1ece06685ff5
57dfb3b4-dae3-5cf1-b67f-e678b4008554,e8aeb018-f679-5670-b210-de4f62ff2111,012857cc-907f-5e7d-b8fb-796d2c9f1621,botica,43616d97-2221-569d-82eb-bcc14bcd6344,LT-000028-202509-3187,2027-08-01,0,ab4a547f-e75d-5601-8171-00da4efa4b57
d1c5256d-e441-5cf4-ad03-857f59c08745,e8aeb018-f679-5670-b210-de4f62ff2111,87b859e0-789a-56e6-b1ba-4fe76221d3bf,botica,d6f21f11-7533-52dd-a4dc-2fb8e260c02c,LT-000014-202509-3188,2026-08-25,0,c6617891-56ff-5690-89a4-1ece06685ff5
ac7a7570-3330-5c46-916f-ef9d083c548f,e8aeb018-f679-5670-b210-de4f62ff2111,d9506935-1215-5499-93c0-8bdd86ab9418,botica,d6f21f11-7533-52dd-a4dc-2fb8e260c02c,LT-000029-202509-3189,2026-04-07,0,c6617891-56ff-5690-89a4-1ece06685ff5
a549530f-65c4-5c04-bd41-af22e2523241,e8aeb018-f679-5670-b210-de4f62ff2111,97d26d91-c562-5f27-9ebd-285e89c8f4bf,botica,8ecedccf-c230-516b-bbc2-108f7a6fbe63,LT-000018-202509-3190,2028-06-12,0,ab4a547f-e75d-5601-8171-00da4efa4b57
29e7c0b1-4a70-5d92-8728-69ac66fe0cb2,e8aeb018-f679-5670-b210-de4f62ff2111,4d9429b6-2ebf-5b5d-ac48-f779d5a1e270,botica,26f7241d-a84e-5e4a-a43d-33eea1e54eea,LT-000010-202509-3191,2028-09-03,0,a6f6d890-1609-53fc-b4a6-5733ccc9d078
9f61e3c7-0653-55d8-adaa-f61780c33ef0,e8aeb018-f679-5670-b210-de4f62ff2111,2897aac2-f219-5167-b800-73fac27f6b85,botica,d6f21f11-7533-52dd-a4dc-2fb8e260c02c,LT-000022-202509-3192,2026-06-11,0,41cb90d0-d91a-57c2-b138-831be351479f
48f87a1e-3ea4-5bcc-abce-74c8cf7ce5f6,e8aeb018-f679-5670-b210-de4f62ff2111,6baabed2-52d7-5cb7-bf74-86c7cb3e4f07,botica,d6f21f11-7533-52dd-a4dc-2fb8e260c02c,LT-000027-202509-3193,2026-04-15,0,41cb90d0-d91a-57c2-b138-831be351479f
6ef02aa3-66d4-54b2-9c80-331c9cc1e44a,e8aeb018-f679-5670-b210-de4f62ff2111,983871db-adfb-543e-b438-6b00044ffb64,botica,8ecedccf-c230-516b-bbc2-108f7a6fbe63,LT-000015-202509-3194,2027-10-25,0,a6f6d890-1609-53fc-b4a6-5733ccc9d078
13d0185c-b2ad-52a9-9d8b-cdc690b5c9e5,e8aeb018-f679-5670-b210-de4f62ff2111,1ca3438e-9e23-58f0-a35f-f15f7a23beb9,botica,26f7241d-a84e-5e4a-a43d-33eea1e54eea,LT-000024-202509-3195,2027-04-12,0,c6617891-56ff-5690-89a4-1ece06685ff5
f6e726f8-d1a3-50c1-91de-3c199a8a8ac3,e8aeb018-f679-5670-b210-de4f62ff2111,07371b94-955f-52a4-9bf9-f0a6ad2b4fa8,botica,d6f21f11-7533-52dd-a4dc-2fb8e260c02c,LT-000008-202509-3196,2028-04-13,0,ab4a547f-e75d-5601-8171-00da4efa4b57
bf2d2bf9-4c95-5920-83f5-5210bd5ca80a,e8aeb018-f679-5670-b210-de4f62ff2111,d9506935-1215-5499-93c0-8bdd86ab9418,botica,7fb983e8-6848-5425-97a2-14da72722d0f,LT-000029-202509-3197,2026-09-11,0,c6617891-56ff-5690-89a4-1ece06685ff5
ae2b18e6-cf29-5f7e-8666-f9ad1b957255,e8aeb018-f679-5670-b210-de4f62ff2111,9928e9a1-d9fc-5fdd-86c2-8909352fd7fe,botica,43616d97-2221-569d-82eb-bcc14bcd6344,LT-000005-202509-3198,2026-06-02,0,a6f6d890-1609-53fc-b4a6-5733ccc9d078
1ddbaa00-ca5b-5511-96aa-8a004d248fd5,e8aeb018-f679-5670-b210-de4f62ff2111,22231140-3780-5fe8-a7d4-d33f61d15111,botica,43616d97-2221-569d-82eb-bcc14bcd6344,LT-000023-202509-3199,2027-03-17,0,ab4a547f-e75d-5601-8171-00da4efa4b57
7eafa0f6-e176-5805-849e-73c174fe1231,e8aeb018-f679-5670-b210-de4f62ff2111,1ca3438e-9e23-58f0-a35f-f15f7a23beb9,botica,8ecedccf-c230-516b-bbc2-108f7a6fbe63,LT-000024-202509-3200,2026-12-02,0,c6617891-56ff-5690-89a4-1ece06685ff5
19987591-6d58-5502-92c5-4d1b0351a383,e8aeb018-f679-5670-b210-de4f62ff2111,d3961f5a-3ea7-53d3-89f4-78b65b0c0c6b,botica,7fb983e8-6848-5425-97a2-14da72722d0f,LT-000001-202509-3201,2027-03-05,0,76d6c9f4-5d7d-53c0-bb1f-2a577383765a
fdf64e9e-948a-550f-b9ce-d3ed47a32916,e8aeb018-f679-5670-b210-de4f62ff2111,9928e9a1-d9fc-5fdd-86c2-8909352fd7fe,botica,7fb983e8-6848-5425-97a2-14da72722d0f,LT-000005-202509-3202,2026-04-30,0,a6f6d890-1609-53fc-b4a6-5733ccc9d078
122e5258-dfb7-532c-bf65-cfbc90abce9e,e8aeb018-f679-5670-b210-de4f62ff2111,22231140-3780-5fe8-a7d4-d33f61d15111,botica,26f7241d-a84e-5e4a-a43d-33eea1e54eea,LT-000023-202509-3203,2028-03-09,0,ab4a547f-e75d-5601-8171-00da4efa4b57
39eb9bba-06b8-55e8-b6b1-2134d376fc5a,e8aeb018-f679-5670-b210-de4f62ff2111,d9506935-1215-5499-93c0-8bdd86ab9418,botica,26f7241d-a84e-5e4a-a43d-33eea1e54eea,LT-000029-202509-3204,2028-05-30,0,c6617891-56ff-5690-89a4-1ece06685ff5
28a56ce8-96b3-5faf-95df-735e1f026669,e8aeb018-f679-5670-b210-de4f62ff2111,058c6382-bde2-59d1-93ff-20c6161a4736,botica,43616d97-2221-569d-82eb-bcc14bcd6344,LT-000009-202509-3205,2026-05-29,0,c6617891-56ff-5690-89a4-1ece06685ff5
9c35baaa-0184-5fe3-be4d-e4e218276217,e8aeb018-f679-5670-b210-de4f62ff2111,d3961f5a-3ea7-53d3-89f4-78b65b0c0c6b,botica,8ecedccf-c230-516b-bbc2-108f7a6fbe63,LT-000001-202509-3206,2027-11-27,0,76d6c9f4-5d7d-53c0-bb1f-2a577383765a
55f7ce9e-1c62-5766-a501-e8cea676034d,e8aeb018-f679-5670-b210-de4f62ff2111,07371b94-955f-52a4-9bf9-f0a6ad2b4fa8,botica,8ecedccf-c230-516b-bbc2-108f7a6fbe63,LT-000008-202509-3207,2028-05-18,0,ab4a547f-e75d-5601-8171-00da4efa4b57
52aeef4d-d721-5c6d-a203-37de2ce6de9a,e8aeb018-f679-5670-b210-de4f62ff2111,94e18241-54bd-5516-b36f-94ab6e323aca,botica,8ecedccf-c230-516b-bbc2-108f7a6fbe63,LT-000013-202509-3208,2028-02-27,0,ab4a547f-e75d-5601-8171-00da4efa4b57
64a53296-5ea7-5f13-bd17-94833d44986b,e8aeb018-f679-5670-b210-de4f62ff2111,d9506935-1215-5499-93c0-8bdd86ab9418,botica,43616d97-2221-569d-82eb-bcc14bcd6344,LT-000029-202509-3209,2026-06-02,0,c6617891-56ff-5690-89a4-1ece06685ff5
9c8651e4-acb8-508c-ac71-1c0fc5eb68d9,e8aeb018-f679-5670-b210-de4f62ff2111,6d807393-f4ab-5f76-b544-251eeda27ba3,botica,d6f21f11-7533-52dd-a4dc-2fb8e260c02c,LT-000003-202509-3210,2027-05-27,0,ab4a547f-e75d-5601-8171-00da4efa4b57
8f93e7d3-1f99-5906-a47c-f31de0694800,e8aeb018-f679-5670-b210-de4f62ff2111,9928e9a1-d9fc-5fdd-86c2-8909352fd7fe,botica,d6f21f11-7533-52dd-a4dc-2fb8e260c02c,LT-000005-202509-3211,2027-05-30,0,a6f6d890-1609-53fc-b4a6-5733ccc9d078
8d8e9fa5-64de-571d-90ea-29d09ce0a8c9,e8aeb018-f679-5670-b210-de4f62ff2111,38adf7ba-476e-5e6b-9163-781a13538253,botica,8ecedccf-c230-516b-bbc2-108f7a6fbe63,LT-000012-202509-3212,2027-08-21,0,41cb90d0-d91a-57c2-b138-831be351479f
15fe97b3-2db3-5725-a71e-d3f7cb17c627,e8aeb018-f679-5670-b210-de4f62ff2111,2082733c-4e17-51fe-bc8c-bf33d3ec5d7e,botica,8ecedccf-c230-516b-bbc2-108f7a6fbe63,LT-000016-202509-3213,2027-10-27,0,76d6c9f4-5d7d-53c0-bb1f-2a577383765a
cb22cee3-c941-53d0-99c0-4b467c4b04d6,e8aeb018-f679-5670-b210-de4f62ff2111,058c6382-bde2-59d1-93ff-20c6161a4736,botica,7fb983e8-6848-5425-97a2-14da72722d0f,LT-000009-202509-3214,2027-01-12,0,c6617891-56ff-5690-89a4-1ece06685ff5
05bd4c6c-1a28-5912-95c6-13bf2d75adf2,e8aeb018-f679-5670-b210-de4f62ff2111,2082733c-4e17-51fe-bc8c-bf33d3ec5d7e,botica,7fb983e8-6848-5425-97a2-14da72722d0f,LT-000016-202509-3215,2026-10-17,0,76d6c9f4-5d7d-53c0-bb1f-2a577383765a
c25f2ed6-b888-57df-9e58-2000da426a50,e8aeb018-f679-5670-b210-de4f62ff2111,6baabed2-52d7-5cb7-bf74-86c7cb3e4f07,botica,7fb983e8-6848-5425-97a2-14da72722d0f,LT-000027-202509-3216,2028-03-12,0,41cb90d0-d91a-57c2-b138-831be351479f
252f599a-395d-5307-9cef-17853d99f226,e8aeb018-f679-5670-b210-de4f62ff2111,d3961f5a-3ea7-53d3-89f4-78b65b0c0c6b,botica,26f7241d-a84e-5e4a-a43d-33eea1e54eea,LT-000001-202509-3217,2026-12-02,0,76d6c9f4-5d7d-53c0-bb1f-2a577383765a
4ba440c3-a908-5a23-b750-8986b7977b0b,e8aeb018-f679-5670-b210-de4f62ff2111,38adf7ba-476e-5e6b-9163-781a13538253,botica,26f7241d-a84e-5e4a-a43d-33eea1e54eea,LT-000012-202509-3218,2027-07-08,0,41cb90d0-d91a-57c2-b138-831be351479f
f4b3f27d-f851-5c05-b891-a2ed779accc0,e8aeb018-f679-5670-b210-de4f62ff2111,94e18241-54bd-5516-b36f-94ab6e323aca,botica,26f7241d-a84e-5e4a-a43d-33eea1e54eea,LT-000013-202509-3219,2028-08-12,0,ab4a547f-e75d-5601-8171-00da4efa4b57
b1d551e2-1ca8-58cd-b1c6-10d31070fa2d,e8aeb018-f679-5670-b210-de4f62ff2111,97d26d91-c562-5f27-9ebd-285e89c8f4bf,botica,26f7241d-a84e-5e4a-a43d-33eea1e54eea,LT-000018-202509-3220,2028-04-24,0,ab4a547f-e75d-5601-8171-00da4efa4b57
55f980f5-dbd2-503f-8560-77d7b69b5863,e8aeb018-f679-5670-b210-de4f62ff2111,afe9d181-1c64-5cca-b4b7-a9fa24eceeea,botica,d6f21f11-7533-52dd-a4dc-2fb8e260c02c,LT-000020-202509-3221,2026-11-03,0,a6f6d890-1609-53fc-b4a6-5733ccc9d078
264939db-480c-57b5-a251-12cea3077f77,e8aeb018-f679-5670-b210-de4f62ff2111,22231140-3780-5fe8-a7d4-d33f61d15111,botica,d6f21f11-7533-52dd-a4dc-2fb8e260c02c,LT-000023-202509-3222,2026-04-23,0,ab4a547f-e75d-5601-8171-00da4efa4b57
cb5f9550-1e83-5b4b-ae69-144cc5231cea,e8aeb018-f679-5670-b210-de4f62ff2111,9928e9a1-d9fc-5fdd-86c2-8909352fd7fe,botica,8ecedccf-c230-516b-bbc2-108f7a6fbe63,LT-000005-202509-3223,2027-03-10,0,a6f6d890-1609-53fc-b4a6-5733ccc9d078
697e0b03-6382-54dd-a504-b8590eed6487,e8aeb018-f679-5670-b210-de4f62ff2111,4d9429b6-2ebf-5b5d-ac48-f779d5a1e270,botica,8ecedccf-c230-516b-bbc2-108f7a6fbe63,LT-000010-202509-3224,2028-07-02,0,a6f6d890-1609-53fc-b4a6-5733ccc9d078
7545446b-5ee8-59ea-9227-cc3934681cd5,e8aeb018-f679-5670-b210-de4f62ff2111,6baabed2-52d7-5cb7-bf74-86c7cb3e4f07,botica,8ecedccf-c230-516b-bbc2-108f7a6fbe63,LT-000027-202509-3225,2027-02-19,0,41cb90d0-d91a-57c2-b138-831be351479f
ebe1b4a4-7318-5fd6-b586-184668758ce7,e8aeb018-f679-5670-b210-de4f62ff2111,6d807393-f4ab-5f76-b544-251eeda27ba3,botica,43616d97-2221-569d-82eb-bcc14bcd6344,LT-000003-202509-3226,2026-04-04,0,ab4a547f-e75d-5601-8171-00da4efa4b57
b3b4dedb-4e81-5bba-9f24-a060f3b70ea5,e8aeb018-f679-5670-b210-de4f62ff2111,94e18241-54bd-5516-b36f-94ab6e323aca,botica,43616d97-2221-569d-82eb-bcc14bcd6344,LT-000013-202509-3227,2027-05-24,0,ab4a547f-e75d-5601-8171-00da4efa4b57
2272eecd-7ffc-5c57-8c9e-7eb6f2d7114e,e8aeb018-f679-5670-b210-de4f62ff2111,1e9605fd-5682-52b6-8f05-e8a92dd44513,botica,43616d97-2221-569d-82eb-bcc14bcd6344,LT-000030-202509-3228,2027-12-17,0,a6f6d890-1609-53fc-b4a6-5733ccc9d078
fa1224ab-5ac2-5417-ada9-e0a8f52aa42c,e8aeb018-f679-5670-b210-de4f62ff2111,d2f08f15-f9f2-5f65-a740-b05896774467,botica,8ecedccf-c230-516b-bbc2-108f7a6fbe63,LT-000017-202509-3229,2026-07-18,0,41cb90d0-d91a-57c2-b138-831be351479f
090e61ba-04a4-576f-bbb4-943eba47821f,e8aeb018-f679-5670-b210-de4f62ff2111,9928e9a1-d9fc-5fdd-86c2-8909352fd7fe,botica,26f7241d-a84e-5e4a-a43d-33eea1e54eea,LT-000005-202509-3230,2026-10-31,0,a6f6d890-1609-53fc-b4a6-5733ccc9d078
4cdf3032-c802-5f7b-b45f-c4ad9969e952,e8aeb018-f679-5670-b210-de4f62ff2111,d2f08f15-f9f2-5f65-a740-b05896774467,botica,26f7241d-a84e-5e4a-a43d-33eea1e54eea,LT-000017-202509-3231,2028-04-03,0,41cb90d0-d91a-57c2-b138-831be351479f
15a66689-7c4e-565f-9067-b81e3283eda3,e8aeb018-f679-5670-b210-de4f62ff2111,0ec23038-d3ab-588c-bbd6-1f5c744cdde1,botica,26f7241d-a84e-5e4a-a43d-33eea1e54eea,LT-000025-202509-3232,2027-04-30,0,a6f6d890-1609-53fc-b4a6-5733ccc9d078
34429ed0-ec6d-58cc-aced-13756f3a23e8,e8aeb018-f679-5670-b210-de4f62ff2111,5bbfdec8-65ae-59e6-b211-5eccb5b765fa,botica,43616d97-2221-569d-82eb-bcc14bcd6344,LT-000006-202509-3233,2026-12-04,0,76d6c9f4-5d7d-53c0-bb1f-2a577383765a
c195fc7f-d32f-583a-b849-ce0340c440ac,e8aeb018-f679-5670-b210-de4f62ff2111,d2f08f15-f9f2-5f65-a740-b05896774467,botica,7fb983e8-6848-5425-97a2-14da72722d0f,LT-000017-202509-3234,2027-12-27,0,41cb90d0-d91a-57c2-b138-831be351479f
465a9f10-2a07-5bf2-901a-d081d4cdd3ac,e8aeb018-f679-5670-b210-de4f62ff2111,2933d8b7-2438-521b-b38d-d3a5224f87fc,botica,26f7241d-a84e-5e4a-a43d-33eea1e54eea,LT-000002-202509-3235,2028-03-18,0,41cb90d0-d91a-57c2-b138-831be351479f
d3f15335-c865-5cef-a23a-54fa1a9d08ec,e8aeb018-f679-5670-b210-de4f62ff2111,07371b94-955f-52a4-9bf9-f0a6ad2b4fa8,botica,26f7241d-a84e-5e4a-a43d-33eea1e54eea,LT-000008-202509-3236,2026-06-06,0,ab4a547f-e75d-5601-8171-00da4efa4b57
6013c7d1-beb4-5dc7-8327-6ae8ab1b8bd5,e8aeb018-f679-5670-b210-de4f62ff2111,983871db-adfb-543e-b438-6b00044ffb64,botica,26f7241d-a84e-5e4a-a43d-33eea1e54eea,LT-000015-202509-3237,2028-06-24,0,a6f6d890-1609-53fc-b4a6-5733ccc9d078
2b9c65c6-0695-51d8-9060-aeaf929e47fc,e8aeb018-f679-5670-b210-de4f62ff2111,4d9429b6-2ebf-5b5d-ac48-f779d5a1e270,botica,43616d97-2221-569d-82eb-bcc14bcd6344,LT-000010-202509-3238,2028-04-19,0,a6f6d890-1609-53fc-b4a6-5733ccc9d078
0f652104-ca08-5cce-abf0-67c74166d3ec,e8aeb018-f679-5670-b210-de4f62ff2111,c0cf5e5c-b5c9-585a-8e79-d9830bc954f6,botica,43616d97-2221-569d-82eb-bcc14bcd6344,LT-000011-202509-3239,2028-03-18,0,76d6c9f4-5d7d-53c0-bb1f-2a577383765a
2692042e-7419-586f-abe5-cecf4019dd4d,e8aeb018-f679-5670-b210-de4f62ff2111,38adf7ba-476e-5e6b-9163-781a13538253,botica,43616d97-2221-569d-82eb-bcc14bcd6344,LT-000012-202509-3240,2027-06-01,0,41cb90d0-d91a-57c2-b138-831be351479f
3419c713-5710-51ba-86b8-d8d40fe12180,e8aeb018-f679-5670-b210-de4f62ff2111,2082733c-4e17-51fe-bc8c-bf33d3ec5d7e,botica,43616d97-2221-569d-82eb-bcc14bcd6344,LT-000016-202509-3241,2026-08-01,0,76d6c9f4-5d7d-53c0-bb1f-2a577383765a
38603c44-9ad4-5b1f-9925-b95a58a303d7,e8aeb018-f679-5670-b210-de4f62ff2111,d3961f5a-3ea7-53d3-89f4-78b65b0c0c6b,botica,d6f21f11-7533-52dd-a4dc-2fb8e260c02c,LT-000001-202509-3242,2027-01-19,0,76d6c9f4-5d7d-53c0-bb1f-2a577383765a
193d0395-71c4-5cd3-96c6-8fdff8d3b70b,e8aeb018-f679-5670-b210-de4f62ff2111,058c6382-bde2-59d1-93ff-20c6161a4736,botica,d6f21f11-7533-52dd-a4dc-2fb8e260c02c,LT-000009-202509-3243,2027-12-23,0,c6617891-56ff-5690-89a4-1ece06685ff5
52835a01-bec3-5721-88d7-39ba5ec5d910,e8aeb018-f679-5670-b210-de4f62ff2111,0ec23038-d3ab-588c-bbd6-1f5c744cdde1,botica,8ecedccf-c230-516b-bbc2-108f7a6fbe63,LT-000025-202509-3244,2027-07-22,0,a6f6d890-1609-53fc-b4a6-5733ccc9d078
f85b1419-6ce6-55c2-ab8f-ba0bfe2c156b,e8aeb018-f679-5670-b210-de4f62ff2111,0ec23038-d3ab-588c-bbd6-1f5c744cdde1,botica,7fb983e8-6848-5425-97a2-14da72722d0f,LT-000025-202509-3245,2028-06-06,0,a6f6d890-1609-53fc-b4a6-5733ccc9d078
e048c5ff-db61-5431-84e2-123e33fec744,e8aeb018-f679-5670-b210-de4f62ff2111,012857cc-907f-5e7d-b8fb-796d2c9f1621,botica,7fb983e8-6848-5425-97a2-14da72722d0f,LT-000028-202509-3246,2027-08-25,0,ab4a547f-e75d-5601-8171-00da4efa4b57
f908b3e5-5293-536c-93ae-566d8018f2d1,e8aeb018-f679-5670-b210-de4f62ff2111,1e9605fd-5682-52b6-8f05-e8a92dd44513,botica,26f7241d-a84e-5e4a-a43d-33eea1e54eea,LT-000030-202509-3247,2026-06-18,0,a6f6d890-1609-53fc-b4a6-5733ccc9d078
cf752a79-6be2-5d71-8b89-fb098cba3d65,e8aeb018-f679-5670-b210-de4f62ff2111,2933d8b7-2438-521b-b38d-d3a5224f87fc,botica,8ecedccf-c230-516b-bbc2-108f7a6fbe63,LT-000002-202509-3248,2026-05-14,0,41cb90d0-d91a-57c2-b138-831be351479f
ceb42470-873c-5d99-bf59-a1342828763c,e8aeb018-f679-5670-b210-de4f62ff2111,afe9d181-1c64-5cca-b4b7-a9fa24eceeea,botica,8ecedccf-c230-516b-bbc2-108f7a6fbe63,LT-000020-202509-3249,2027-06-19,0,a6f6d890-1609-53fc-b4a6-5733ccc9d078
2230ae6b-2c03-532b-8efe-ab850ef63c91,e8aeb018-f679-5670-b210-de4f62ff2111,07371b94-955f-52a4-9bf9-f0a6ad2b4fa8,botica,7fb983e8-6848-5425-97a2-14da72722d0f,LT-000008-202509-3250,2026-04-19,0,ab4a547f-e75d-5601-8171-00da4efa4b57
fceb2a60-d0c9-5b2f-bfee-9b51875269d1,e8aeb018-f679-5670-b210-de4f62ff2111,1e9605fd-5682-52b6-8f05-e8a92dd44513,botica,d6f21f11-7533-52dd-a4dc-2fb8e260c02c,LT-000030-202509-3251,2026-06-14,0,a6f6d890-1609-53fc-b4a6-5733ccc9d078
e3fa263b-db49-5c11-b333-c869cfb86545,e8aeb018-f679-5670-b210-de4f62ff2111,22231140-3780-5fe8-a7d4-d33f61d15111,botica,8ecedccf-c230-516b-bbc2-108f7a6fbe63,LT-000023-202509-3252,2028-05-08,0,ab4a547f-e75d-5601-8171-00da4efa4b57
9573e807-0c49-5be3-a0f3-292f8a83b2cc,e8aeb018-f679-5670-b210-de4f62ff2111,983871db-adfb-543e-b438-6b00044ffb64,botica,7fb983e8-6848-5425-97a2-14da72722d0f,LT-000015-202509-3253,2027-02-28,0,a6f6d890-1609-53fc-b4a6-5733ccc9d078
018e3729-f914-54d6-94c0-0ff6a2bcda68,e8aeb018-f679-5670-b210-de4f62ff2111,97d26d91-c562-5f27-9ebd-285e89c8f4bf,botica,43616d97-2221-569d-82eb-bcc14bcd6344,LT-000018-202510-3254,2026-08-25,0,ab4a547f-e75d-5601-8171-00da4efa4b57
d81a8082-0376-524a-b7d8-7c4fba757519,e8aeb018-f679-5670-b210-de4f62ff2111,5bbfdec8-65ae-59e6-b211-5eccb5b765fa,botica,d6f21f11-7533-52dd-a4dc-2fb8e260c02c,LT-000006-202510-3255,2028-07-19,0,76d6c9f4-5d7d-53c0-bb1f-2a577383765a
723d6b52-7617-504a-9f8c-d542a3eaa111,e8aeb018-f679-5670-b210-de4f62ff2111,2eb3a104-e572-583a-afa0-156ee0dc4cce,botica,d6f21f11-7533-52dd-a4dc-2fb8e260c02c,LT-000019-202510-3256,2028-02-08,0,c6617891-56ff-5690-89a4-1ece06685ff5
adc815cf-284b-5cce-bc68-44495071d11c,e8aeb018-f679-5670-b210-de4f62ff2111,c0cf5e5c-b5c9-585a-8e79-d9830bc954f6,botica,8ecedccf-c230-516b-bbc2-108f7a6fbe63,LT-000011-202510-3257,2028-04-09,0,76d6c9f4-5d7d-53c0-bb1f-2a577383765a
6ad4e23d-58da-5324-8c6c-d9977aa5da94,e8aeb018-f679-5670-b210-de4f62ff2111,5bbfdec8-65ae-59e6-b211-5eccb5b765fa,botica,7fb983e8-6848-5425-97a2-14da72722d0f,LT-000006-202510-3258,2027-04-03,0,76d6c9f4-5d7d-53c0-bb1f-2a577383765a
483cb2b7-72f4-5ef9-8bb2-e084db240a96,e8aeb018-f679-5670-b210-de4f62ff2111,2897aac2-f219-5167-b800-73fac27f6b85,botica,26f7241d-a84e-5e4a-a43d-33eea1e54eea,LT-000022-202510-3259,2028-05-01,0,41cb90d0-d91a-57c2-b138-831be351479f
f0554881-0e29-5b41-8436-61492358ff06,e8aeb018-f679-5670-b210-de4f62ff2111,042e2e80-f954-5df4-97be-29dd428cc598,botica,43616d97-2221-569d-82eb-bcc14bcd6344,LT-000004-202510-3260,2027-01-02,0,c6617891-56ff-5690-89a4-1ece06685ff5
292d46fa-55b7-5b27-a36b-4952d5e96ece,e8aeb018-f679-5670-b210-de4f62ff2111,0ec23038-d3ab-588c-bbd6-1f5c744cdde1,botica,43616d97-2221-569d-82eb-bcc14bcd6344,LT-000025-202510-3261,2028-01-28,0,a6f6d890-1609-53fc-b4a6-5733ccc9d078
2f19c2cd-4085-557b-b991-7e2b6eb6b746,e8aeb018-f679-5670-b210-de4f62ff2111,6baabed2-52d7-5cb7-bf74-86c7cb3e4f07,botica,43616d97-2221-569d-82eb-bcc14bcd6344,LT-000027-202510-3262,2026-08-10,0,41cb90d0-d91a-57c2-b138-831be351479f
336f2873-215b-5b45-b718-932e8318ab36,e8aeb018-f679-5670-b210-de4f62ff2111,4d9429b6-2ebf-5b5d-ac48-f779d5a1e270,botica,d6f21f11-7533-52dd-a4dc-2fb8e260c02c,LT-000010-202510-3263,2026-04-24,0,a6f6d890-1609-53fc-b4a6-5733ccc9d078
471eacf2-6ff9-534d-92ca-6d8647ffd0a9,e8aeb018-f679-5670-b210-de4f62ff2111,4d9429b6-2ebf-5b5d-ac48-f779d5a1e270,botica,7fb983e8-6848-5425-97a2-14da72722d0f,LT-000010-202510-3264,2028-01-01,0,a6f6d890-1609-53fc-b4a6-5733ccc9d078
cdac2c0f-0b61-5b7b-8cba-9bbc35c5cf7c,e8aeb018-f679-5670-b210-de4f62ff2111,d2f08f15-f9f2-5f65-a740-b05896774467,botica,43616d97-2221-569d-82eb-bcc14bcd6344,LT-000017-202510-3265,2026-10-22,0,41cb90d0-d91a-57c2-b138-831be351479f
d9a0c175-fb2e-5ffd-9ce6-bbbd1c758e28,e8aeb018-f679-5670-b210-de4f62ff2111,5bbfdec8-65ae-59e6-b211-5eccb5b765fa,botica,8ecedccf-c230-516b-bbc2-108f7a6fbe63,LT-000006-202510-3266,2027-01-12,0,76d6c9f4-5d7d-53c0-bb1f-2a577383765a
28fc2cbe-ff16-551e-b204-78d583a16a8b,e8aeb018-f679-5670-b210-de4f62ff2111,6d807393-f4ab-5f76-b544-251eeda27ba3,botica,7fb983e8-6848-5425-97a2-14da72722d0f,LT-000003-202510-3267,2027-08-09,0,ab4a547f-e75d-5601-8171-00da4efa4b57
a12e935f-fa80-5c80-a378-eed6eb1a74d0,e8aeb018-f679-5670-b210-de4f62ff2111,d0ae6d2d-e561-56b3-a2c1-113c1c56ae81,botica,7fb983e8-6848-5425-97a2-14da72722d0f,LT-000021-202510-3268,2026-11-15,0,76d6c9f4-5d7d-53c0-bb1f-2a577383765a
dda73691-8cff-5027-80af-2814fa720880,e8aeb018-f679-5670-b210-de4f62ff2111,cd81184b-b6f1-563c-b463-36a69ddfb598,botica,7fb983e8-6848-5425-97a2-14da72722d0f,LT-000026-202510-3269,2027-09-07,0,76d6c9f4-5d7d-53c0-bb1f-2a577383765a
8581c4e5-676d-5739-9477-8dbc2c58f555,e8aeb018-f679-5670-b210-de4f62ff2111,afe9d181-1c64-5cca-b4b7-a9fa24eceeea,botica,26f7241d-a84e-5e4a-a43d-33eea1e54eea,LT-000020-202510-3270,2028-08-06,41,a6f6d890-1609-53fc-b4a6-5733ccc9d078
2f6a332a-4c29-5eec-a8cd-29cc4ae8e966,e8aeb018-f679-5670-b210-de4f62ff2111,cd81184b-b6f1-563c-b463-36a69ddfb598,botica,26f7241d-a84e-5e4a-a43d-33eea1e54eea,LT-000026-202510-3271,2027-11-23,0,76d6c9f4-5d7d-53c0-bb1f-2a577383765a
11fa9744-2ca2-5d2d-aa9b-2cbae70629dc,e8aeb018-f679-5670-b210-de4f62ff2111,cd81184b-b6f1-563c-b463-36a69ddfb598,botica,43616d97-2221-569d-82eb-bcc14bcd6344,LT-000026-202510-3272,2027-06-08,0,76d6c9f4-5d7d-53c0-bb1f-2a577383765a
92fdbc00-7382-5495-a47c-6e724827f752,e8aeb018-f679-5670-b210-de4f62ff2111,012857cc-907f-5e7d-b8fb-796d2c9f1621,botica,d6f21f11-7533-52dd-a4dc-2fb8e260c02c,LT-000028-202510-3273,2027-10-30,0,ab4a547f-e75d-5601-8171-00da4efa4b57
a6900843-86a1-5521-a623-c0ad245bc309,e8aeb018-f679-5670-b210-de4f62ff2111,d9506935-1215-5499-93c0-8bdd86ab9418,botica,8ecedccf-c230-516b-bbc2-108f7a6fbe63,LT-000029-202510-3274,2028-03-26,0,c6617891-56ff-5690-89a4-1ece06685ff5
fffadb21-30f4-545c-b48e-4dd93668562a,e8aeb018-f679-5670-b210-de4f62ff2111,82cd11ba-d1a0-58b1-b14f-edd741f36e87,botica,7fb983e8-6848-5425-97a2-14da72722d0f,LT-000007-202510-3275,2028-09-19,0,41cb90d0-d91a-57c2-b138-831be351479f
6d3fa75b-1a95-5e01-96ea-b44d93b023a9,e8aeb018-f679-5670-b210-de4f62ff2111,c0cf5e5c-b5c9-585a-8e79-d9830bc954f6,botica,7fb983e8-6848-5425-97a2-14da72722d0f,LT-000011-202510-3276,2028-08-23,0,76d6c9f4-5d7d-53c0-bb1f-2a577383765a
fe52fa7f-8256-5033-bf83-f82b6419b384,e8aeb018-f679-5670-b210-de4f62ff2111,042e2e80-f954-5df4-97be-29dd428cc598,botica,26f7241d-a84e-5e4a-a43d-33eea1e54eea,LT-000004-202510-3277,2026-04-03,0,c6617891-56ff-5690-89a4-1ece06685ff5
e0ead507-e087-5d00-b8b9-2f51e1fd8237,e8aeb018-f679-5670-b210-de4f62ff2111,07371b94-955f-52a4-9bf9-f0a6ad2b4fa8,botica,43616d97-2221-569d-82eb-bcc14bcd6344,LT-000008-202510-3278,2026-05-17,0,ab4a547f-e75d-5601-8171-00da4efa4b57
9b9a7ae7-5225-56e3-83b1-0a78f60dcad3,e8aeb018-f679-5670-b210-de4f62ff2111,87b859e0-789a-56e6-b1ba-4fe76221d3bf,botica,43616d97-2221-569d-82eb-bcc14bcd6344,LT-000014-202510-3279,2028-06-18,0,c6617891-56ff-5690-89a4-1ece06685ff5
213be855-b248-5fd0-8e9d-aa9d515e4a0b,e8aeb018-f679-5670-b210-de4f62ff2111,97d26d91-c562-5f27-9ebd-285e89c8f4bf,botica,d6f21f11-7533-52dd-a4dc-2fb8e260c02c,LT-000018-202510-3280,2026-06-18,0,ab4a547f-e75d-5601-8171-00da4efa4b57
985c9bfd-f7ed-5a0b-8516-3a7b6d7f4d96,e8aeb018-f679-5670-b210-de4f62ff2111,058c6382-bde2-59d1-93ff-20c6161a4736,botica,8ecedccf-c230-516b-bbc2-108f7a6fbe63,LT-000009-202510-3281,2026-05-31,0,c6617891-56ff-5690-89a4-1ece06685ff5
94ccd0e8-eadc-5e90-a98a-21c28b0be745,e8aeb018-f679-5670-b210-de4f62ff2111,d0ae6d2d-e561-56b3-a2c1-113c1c56ae81,botica,8ecedccf-c230-516b-bbc2-108f7a6fbe63,LT-000021-202510-3282,2028-08-09,32,76d6c9f4-5d7d-53c0-bb1f-2a577383765a
1fafd0b4-1eef-52da-8007-ba5ace2e72e8,e8aeb018-f679-5670-b210-de4f62ff2111,5bbfdec8-65ae-59e6-b211-5eccb5b765fa,botica,26f7241d-a84e-5e4a-a43d-33eea1e54eea,LT-000006-202510-3283,2026-05-24,0,76d6c9f4-5d7d-53c0-bb1f-2a577383765a
3ffd9532-8a53-5a66-90de-082e21fed6b8,e8aeb018-f679-5670-b210-de4f62ff2111,058c6382-bde2-59d1-93ff-20c6161a4736,botica,26f7241d-a84e-5e4a-a43d-33eea1e54eea,LT-000009-202510-3284,2027-08-18,0,c6617891-56ff-5690-89a4-1ece06685ff5
5fa6fb1b-0bdb-5805-8135-e638b92ec29f,e8aeb018-f679-5670-b210-de4f62ff2111,012857cc-907f-5e7d-b8fb-796d2c9f1621,botica,26f7241d-a84e-5e4a-a43d-33eea1e54eea,LT-000028-202510-3285,2026-11-28,0,ab4a547f-e75d-5601-8171-00da4efa4b57
15e9395e-9090-5c51-a7e5-e36a67c94563,e8aeb018-f679-5670-b210-de4f62ff2111,82cd11ba-d1a0-58b1-b14f-edd741f36e87,botica,43616d97-2221-569d-82eb-bcc14bcd6344,LT-000007-202510-3286,2027-10-23,0,41cb90d0-d91a-57c2-b138-831be351479f
0d32452b-8a02-5666-8423-95c8806657c3,e8aeb018-f679-5670-b210-de4f62ff2111,2897aac2-f219-5167-b800-73fac27f6b85,botica,43616d97-2221-569d-82eb-bcc14bcd6344,LT-000022-202510-3287,2028-01-30,0,41cb90d0-d91a-57c2-b138-831be351479f
c2705152-195a-5a2a-8583-8fd8f30f4e9a,e8aeb018-f679-5670-b210-de4f62ff2111,82cd11ba-d1a0-58b1-b14f-edd741f36e87,botica,d6f21f11-7533-52dd-a4dc-2fb8e260c02c,LT-000007-202510-3288,2027-12-31,0,41cb90d0-d91a-57c2-b138-831be351479f
8cd4f63a-eda2-5ab6-b8da-b4a1fec6260b,e8aeb018-f679-5670-b210-de4f62ff2111,012857cc-907f-5e7d-b8fb-796d2c9f1621,botica,8ecedccf-c230-516b-bbc2-108f7a6fbe63,LT-000028-202510-3289,2027-12-11,0,ab4a547f-e75d-5601-8171-00da4efa4b57
7f97371b-8249-5cca-9031-31cea96e22a5,e8aeb018-f679-5670-b210-de4f62ff2111,afe9d181-1c64-5cca-b4b7-a9fa24eceeea,botica,7fb983e8-6848-5425-97a2-14da72722d0f,LT-000020-202510-3290,2027-09-03,0,a6f6d890-1609-53fc-b4a6-5733ccc9d078
98ef8e8d-4491-5815-bd0b-c95ff6273191,e8aeb018-f679-5670-b210-de4f62ff2111,6d807393-f4ab-5f76-b544-251eeda27ba3,botica,8ecedccf-c230-516b-bbc2-108f7a6fbe63,LT-000003-202510-3291,2026-04-27,0,ab4a547f-e75d-5601-8171-00da4efa4b57
c80a2e10-152a-59b6-8977-71faf818d7b8,e8aeb018-f679-5670-b210-de4f62ff2111,2082733c-4e17-51fe-bc8c-bf33d3ec5d7e,botica,26f7241d-a84e-5e4a-a43d-33eea1e54eea,LT-000016-202510-3292,2027-01-16,0,76d6c9f4-5d7d-53c0-bb1f-2a577383765a
06901701-0345-5ef3-8bc3-f0f054ce4cfb,e8aeb018-f679-5670-b210-de4f62ff2111,d3961f5a-3ea7-53d3-89f4-78b65b0c0c6b,botica,43616d97-2221-569d-82eb-bcc14bcd6344,LT-000001-202510-3293,2028-01-15,0,76d6c9f4-5d7d-53c0-bb1f-2a577383765a
648bad25-bdaf-54c3-a430-10425fb62362,e8aeb018-f679-5670-b210-de4f62ff2111,058c6382-bde2-59d1-93ff-20c6161a4736,botica,43616d97-2221-569d-82eb-bcc14bcd6344,LT-000009-202510-3294,2028-09-10,23,c6617891-56ff-5690-89a4-1ece06685ff5
db77f8ed-df04-5c1d-acc5-93e585082e7f,e8aeb018-f679-5670-b210-de4f62ff2111,38adf7ba-476e-5e6b-9163-781a13538253,botica,d6f21f11-7533-52dd-a4dc-2fb8e260c02c,LT-000012-202510-3295,2028-04-15,0,41cb90d0-d91a-57c2-b138-831be351479f
9782942f-7b68-5d18-a71d-f09de6c60b34,e8aeb018-f679-5670-b210-de4f62ff2111,2897aac2-f219-5167-b800-73fac27f6b85,botica,d6f21f11-7533-52dd-a4dc-2fb8e260c02c,LT-000022-202510-3296,2027-08-05,0,41cb90d0-d91a-57c2-b138-831be351479f
247bcad8-6ac6-5afe-8cbe-b2d7f3a6d7f2,e8aeb018-f679-5670-b210-de4f62ff2111,82cd11ba-d1a0-58b1-b14f-edd741f36e87,botica,8ecedccf-c230-516b-bbc2-108f7a6fbe63,LT-000007-202510-3297,2026-12-20,0,41cb90d0-d91a-57c2-b138-831be351479f
309003ac-2580-51dc-a0c0-17dc8e164b84,e8aeb018-f679-5670-b210-de4f62ff2111,87b859e0-789a-56e6-b1ba-4fe76221d3bf,botica,8ecedccf-c230-516b-bbc2-108f7a6fbe63,LT-000014-202510-3298,2027-10-15,0,c6617891-56ff-5690-89a4-1ece06685ff5
bbd074d2-3213-58c8-9cb9-56f9a451e198,e8aeb018-f679-5670-b210-de4f62ff2111,042e2e80-f954-5df4-97be-29dd428cc598,botica,8ecedccf-c230-516b-bbc2-108f7a6fbe63,LT-000004-202510-3299,2028-05-28,0,c6617891-56ff-5690-89a4-1ece06685ff5
76e6d164-f566-55bc-9d38-51253a7bad59,e8aeb018-f679-5670-b210-de4f62ff2111,983871db-adfb-543e-b438-6b00044ffb64,botica,8ecedccf-c230-516b-bbc2-108f7a6fbe63,LT-000015-202510-3300,2026-08-16,0,a6f6d890-1609-53fc-b4a6-5733ccc9d078
94929e43-b26b-530c-ba0d-be0db3db1ad4,e8aeb018-f679-5670-b210-de4f62ff2111,2897aac2-f219-5167-b800-73fac27f6b85,botica,8ecedccf-c230-516b-bbc2-108f7a6fbe63,LT-000022-202510-3301,2027-06-02,0,41cb90d0-d91a-57c2-b138-831be351479f
77e569b1-0a60-5fca-9c7a-48a08ee1ee39,e8aeb018-f679-5670-b210-de4f62ff2111,82cd11ba-d1a0-58b1-b14f-edd741f36e87,botica,26f7241d-a84e-5e4a-a43d-33eea1e54eea,LT-000007-202510-3302,2026-07-27,0,41cb90d0-d91a-57c2-b138-831be351479f
b9dff4b5-ff96-5fe2-9074-cc5d18369b02,e8aeb018-f679-5670-b210-de4f62ff2111,012857cc-907f-5e7d-b8fb-796d2c9f1621,botica,43616d97-2221-569d-82eb-bcc14bcd6344,LT-000028-202510-3303,2028-08-31,0,ab4a547f-e75d-5601-8171-00da4efa4b57
68429d6f-bc1d-5063-b179-76fef62af6f9,e8aeb018-f679-5670-b210-de4f62ff2111,c0cf5e5c-b5c9-585a-8e79-d9830bc954f6,botica,d6f21f11-7533-52dd-a4dc-2fb8e260c02c,LT-000011-202510-3304,2026-04-12,0,76d6c9f4-5d7d-53c0-bb1f-2a577383765a
1213f723-d531-5cd0-ba41-e9c1ae9789c8,e8aeb018-f679-5670-b210-de4f62ff2111,38adf7ba-476e-5e6b-9163-781a13538253,botica,7fb983e8-6848-5425-97a2-14da72722d0f,LT-000012-202510-3305,2028-01-12,0,41cb90d0-d91a-57c2-b138-831be351479f
1311da9f-f9d7-5764-bf84-8a6c60eca29b,e8aeb018-f679-5670-b210-de4f62ff2111,2933d8b7-2438-521b-b38d-d3a5224f87fc,botica,d6f21f11-7533-52dd-a4dc-2fb8e260c02c,LT-000002-202510-3306,2026-10-25,0,41cb90d0-d91a-57c2-b138-831be351479f
97430d79-40c6-5e9e-b70b-db9ccab199b3,e8aeb018-f679-5670-b210-de4f62ff2111,87b859e0-789a-56e6-b1ba-4fe76221d3bf,botica,d6f21f11-7533-52dd-a4dc-2fb8e260c02c,LT-000014-202510-3307,2026-09-03,0,c6617891-56ff-5690-89a4-1ece06685ff5
465cf2db-d6fe-598e-ac28-52963d151536,e8aeb018-f679-5670-b210-de4f62ff2111,1ca3438e-9e23-58f0-a35f-f15f7a23beb9,botica,d6f21f11-7533-52dd-a4dc-2fb8e260c02c,LT-000024-202510-3308,2027-05-17,0,c6617891-56ff-5690-89a4-1ece06685ff5
78bd96b0-3553-52e5-b303-27944f369080,e8aeb018-f679-5670-b210-de4f62ff2111,2eb3a104-e572-583a-afa0-156ee0dc4cce,botica,8ecedccf-c230-516b-bbc2-108f7a6fbe63,LT-000019-202510-3309,2026-06-26,0,c6617891-56ff-5690-89a4-1ece06685ff5
db00c3a9-7507-53c9-82f0-d73384eea815,e8aeb018-f679-5670-b210-de4f62ff2111,c0cf5e5c-b5c9-585a-8e79-d9830bc954f6,botica,26f7241d-a84e-5e4a-a43d-33eea1e54eea,LT-000011-202510-3310,2027-05-05,0,76d6c9f4-5d7d-53c0-bb1f-2a577383765a
0865b421-f748-5ced-8998-013921151972,e8aeb018-f679-5670-b210-de4f62ff2111,97d26d91-c562-5f27-9ebd-285e89c8f4bf,botica,8ecedccf-c230-516b-bbc2-108f7a6fbe63,LT-000018-202510-3311,2028-01-08,0,ab4a547f-e75d-5601-8171-00da4efa4b57
a6eeaf20-7c39-522a-bf44-a75dc356bd05,e8aeb018-f679-5670-b210-de4f62ff2111,2933d8b7-2438-521b-b38d-d3a5224f87fc,botica,7fb983e8-6848-5425-97a2-14da72722d0f,LT-000002-202510-3312,2028-09-13,46,41cb90d0-d91a-57c2-b138-831be351479f
5ef7574b-0028-549e-a30b-ffa6b597d83b,e8aeb018-f679-5670-b210-de4f62ff2111,042e2e80-f954-5df4-97be-29dd428cc598,botica,7fb983e8-6848-5425-97a2-14da72722d0f,LT-000004-202510-3313,2028-09-13,0,c6617891-56ff-5690-89a4-1ece06685ff5
d4457fd2-9a59-5081-99e5-7100ae8a95f0,e8aeb018-f679-5670-b210-de4f62ff2111,94e18241-54bd-5516-b36f-94ab6e323aca,botica,7fb983e8-6848-5425-97a2-14da72722d0f,LT-000013-202510-3314,2028-10-06,0,ab4a547f-e75d-5601-8171-00da4efa4b57
644bfc4f-c85a-5bc4-9a50-c65368efa279,e8aeb018-f679-5670-b210-de4f62ff2111,1e9605fd-5682-52b6-8f05-e8a92dd44513,botica,7fb983e8-6848-5425-97a2-14da72722d0f,LT-000030-202510-3315,2026-10-20,0,a6f6d890-1609-53fc-b4a6-5733ccc9d078
acc1c5fa-65ea-5805-bbd7-1f43079dd724,e8aeb018-f679-5670-b210-de4f62ff2111,6d807393-f4ab-5f76-b544-251eeda27ba3,botica,26f7241d-a84e-5e4a-a43d-33eea1e54eea,LT-000003-202510-3316,2027-09-06,0,ab4a547f-e75d-5601-8171-00da4efa4b57
4616e66b-2a5d-555a-805f-3b86a852cf3d,e8aeb018-f679-5670-b210-de4f62ff2111,d2f08f15-f9f2-5f65-a740-b05896774467,botica,d6f21f11-7533-52dd-a4dc-2fb8e260c02c,LT-000017-202510-3317,2026-09-14,0,41cb90d0-d91a-57c2-b138-831be351479f
e3c32f81-fbda-54ff-b629-048f13baab79,e8aeb018-f679-5670-b210-de4f62ff2111,cd81184b-b6f1-563c-b463-36a69ddfb598,botica,d6f21f11-7533-52dd-a4dc-2fb8e260c02c,LT-000026-202510-3318,2028-05-01,0,76d6c9f4-5d7d-53c0-bb1f-2a577383765a
ab8ffb61-a2f0-57cc-abc2-bf1b90da9b13,e8aeb018-f679-5670-b210-de4f62ff2111,9928e9a1-d9fc-5fdd-86c2-8909352fd7fe,botica,8ecedccf-c230-516b-bbc2-108f7a6fbe63,LT-000005-202510-3319,2026-06-23,0,a6f6d890-1609-53fc-b4a6-5733ccc9d078
0213f553-9e4b-5966-bfc0-668335deb061,e8aeb018-f679-5670-b210-de4f62ff2111,07371b94-955f-52a4-9bf9-f0a6ad2b4fa8,botica,8ecedccf-c230-516b-bbc2-108f7a6fbe63,LT-000008-202510-3320,2028-09-28,25,ab4a547f-e75d-5601-8171-00da4efa4b57
a5726468-713b-5b59-b7f5-a9f4d51d4e3b,e8aeb018-f679-5670-b210-de4f62ff2111,4d9429b6-2ebf-5b5d-ac48-f779d5a1e270,botica,8ecedccf-c230-516b-bbc2-108f7a6fbe63,LT-000010-202510-3321,2026-04-29,0,a6f6d890-1609-53fc-b4a6-5733ccc9d078
4421dc0e-1f75-5aa9-ab97-a49f232aaa22,e8aeb018-f679-5670-b210-de4f62ff2111,94e18241-54bd-5516-b36f-94ab6e323aca,botica,8ecedccf-c230-516b-bbc2-108f7a6fbe63,LT-000013-202510-3322,2028-02-23,0,ab4a547f-e75d-5601-8171-00da4efa4b57
03492073-818c-5f5c-b443-4bc93f0a08bd,e8aeb018-f679-5670-b210-de4f62ff2111,d3961f5a-3ea7-53d3-89f4-78b65b0c0c6b,botica,7fb983e8-6848-5425-97a2-14da72722d0f,LT-000001-202510-3323,2027-12-04,0,76d6c9f4-5d7d-53c0-bb1f-2a577383765a
150f7f8a-312f-50d5-84d2-f2609edc647b,e8aeb018-f679-5670-b210-de4f62ff2111,22231140-3780-5fe8-a7d4-d33f61d15111,botica,7fb983e8-6848-5425-97a2-14da72722d0f,LT-000023-202510-3324,2027-08-07,0,ab4a547f-e75d-5601-8171-00da4efa4b57
e52e9531-df28-5749-b9ed-84f6ed2e0cbf,e8aeb018-f679-5670-b210-de4f62ff2111,07371b94-955f-52a4-9bf9-f0a6ad2b4fa8,botica,d6f21f11-7533-52dd-a4dc-2fb8e260c02c,LT-000008-202510-3325,2028-05-16,0,ab4a547f-e75d-5601-8171-00da4efa4b57
d52830c5-2496-581b-b906-a5341e3355ee,e8aeb018-f679-5670-b210-de4f62ff2111,d3961f5a-3ea7-53d3-89f4-78b65b0c0c6b,botica,8ecedccf-c230-516b-bbc2-108f7a6fbe63,LT-000001-202510-3326,2026-08-19,0,76d6c9f4-5d7d-53c0-bb1f-2a577383765a
220f8add-4b08-5cbf-bbdb-233c21329197,e8aeb018-f679-5670-b210-de4f62ff2111,2eb3a104-e572-583a-afa0-156ee0dc4cce,botica,26f7241d-a84e-5e4a-a43d-33eea1e54eea,LT-000019-202510-3327,2027-08-14,0,c6617891-56ff-5690-89a4-1ece06685ff5
e5c752fa-a61d-5b23-9e0d-4e736f7c3ed8,e8aeb018-f679-5670-b210-de4f62ff2111,6d807393-f4ab-5f76-b544-251eeda27ba3,botica,43616d97-2221-569d-82eb-bcc14bcd6344,LT-000003-202510-3328,2028-05-28,52,ab4a547f-e75d-5601-8171-00da4efa4b57
6626ace9-6310-52d0-8958-41f44056308f,e8aeb018-f679-5670-b210-de4f62ff2111,1ca3438e-9e23-58f0-a35f-f15f7a23beb9,botica,8ecedccf-c230-516b-bbc2-108f7a6fbe63,LT-000024-202510-3329,2028-10-16,0,c6617891-56ff-5690-89a4-1ece06685ff5
9734e0d5-cf1d-5ce0-a567-3734906b033b,e8aeb018-f679-5670-b210-de4f62ff2111,2933d8b7-2438-521b-b38d-d3a5224f87fc,botica,26f7241d-a84e-5e4a-a43d-33eea1e54eea,LT-000002-202510-3330,2026-06-20,0,41cb90d0-d91a-57c2-b138-831be351479f
14bf4ebb-e619-5d68-9652-6b4ceab7fe88,e8aeb018-f679-5670-b210-de4f62ff2111,6d807393-f4ab-5f76-b544-251eeda27ba3,botica,d6f21f11-7533-52dd-a4dc-2fb8e260c02c,LT-000003-202510-3331,2028-09-03,0,ab4a547f-e75d-5601-8171-00da4efa4b57
bd9d5bee-c39b-5887-963a-885559bad4ea,e8aeb018-f679-5670-b210-de4f62ff2111,042e2e80-f954-5df4-97be-29dd428cc598,botica,d6f21f11-7533-52dd-a4dc-2fb8e260c02c,LT-000004-202510-3332,2026-12-16,0,c6617891-56ff-5690-89a4-1ece06685ff5
2a2e886f-cf74-5b8c-8559-3977a735f0a8,e8aeb018-f679-5670-b210-de4f62ff2111,6baabed2-52d7-5cb7-bf74-86c7cb3e4f07,botica,7fb983e8-6848-5425-97a2-14da72722d0f,LT-000027-202510-3333,2026-10-29,0,41cb90d0-d91a-57c2-b138-831be351479f
95b135b0-ad55-5f8b-8043-0d93effe4904,e8aeb018-f679-5670-b210-de4f62ff2111,9928e9a1-d9fc-5fdd-86c2-8909352fd7fe,botica,43616d97-2221-569d-82eb-bcc14bcd6344,LT-000005-202510-3334,2026-09-13,0,a6f6d890-1609-53fc-b4a6-5733ccc9d078
61d7b174-dd09-587f-91bb-4a19572da492,e8aeb018-f679-5670-b210-de4f62ff2111,983871db-adfb-543e-b438-6b00044ffb64,botica,d6f21f11-7533-52dd-a4dc-2fb8e260c02c,LT-000015-202510-3335,2027-05-18,0,a6f6d890-1609-53fc-b4a6-5733ccc9d078
6eaa5c31-d1b1-569a-a30b-3bc4e98a7797,e8aeb018-f679-5670-b210-de4f62ff2111,d0ae6d2d-e561-56b3-a2c1-113c1c56ae81,botica,d6f21f11-7533-52dd-a4dc-2fb8e260c02c,LT-000021-202510-3336,2028-06-21,0,76d6c9f4-5d7d-53c0-bb1f-2a577383765a
2a620e24-8a28-5929-a76e-5cf5440c8479,e8aeb018-f679-5670-b210-de4f62ff2111,2897aac2-f219-5167-b800-73fac27f6b85,botica,7fb983e8-6848-5425-97a2-14da72722d0f,LT-000022-202510-3337,2028-04-18,0,41cb90d0-d91a-57c2-b138-831be351479f
67dd5883-2044-5006-b4f8-e378e7cff56a,e8aeb018-f679-5670-b210-de4f62ff2111,07371b94-955f-52a4-9bf9-f0a6ad2b4fa8,botica,26f7241d-a84e-5e4a-a43d-33eea1e54eea,LT-000008-202510-3338,2026-10-30,0,ab4a547f-e75d-5601-8171-00da4efa4b57
01bddb7d-f000-5ab9-9a07-4da249c98140,e8aeb018-f679-5670-b210-de4f62ff2111,87b859e0-789a-56e6-b1ba-4fe76221d3bf,botica,26f7241d-a84e-5e4a-a43d-33eea1e54eea,LT-000014-202510-3339,2028-03-06,0,c6617891-56ff-5690-89a4-1ece06685ff5
2a2476bd-5a24-5159-9eb1-63375b918d81,e8aeb018-f679-5670-b210-de4f62ff2111,6baabed2-52d7-5cb7-bf74-86c7cb3e4f07,botica,26f7241d-a84e-5e4a-a43d-33eea1e54eea,LT-000027-202510-3340,2026-05-30,0,41cb90d0-d91a-57c2-b138-831be351479f
f8943159-23b5-5302-82fb-b33a4e23801e,e8aeb018-f679-5670-b210-de4f62ff2111,2eb3a104-e572-583a-afa0-156ee0dc4cce,botica,43616d97-2221-569d-82eb-bcc14bcd6344,LT-000019-202510-3341,2028-03-02,0,c6617891-56ff-5690-89a4-1ece06685ff5
37caeeaa-7f2f-54f6-9330-5ed1fdb086a9,e8aeb018-f679-5670-b210-de4f62ff2111,afe9d181-1c64-5cca-b4b7-a9fa24eceeea,botica,43616d97-2221-569d-82eb-bcc14bcd6344,LT-000020-202510-3342,2028-02-24,0,a6f6d890-1609-53fc-b4a6-5733ccc9d078
0f929ad1-06e3-5cc5-8c74-dbf1eb815259,e8aeb018-f679-5670-b210-de4f62ff2111,22231140-3780-5fe8-a7d4-d33f61d15111,botica,43616d97-2221-569d-82eb-bcc14bcd6344,LT-000023-202510-3343,2027-07-26,0,ab4a547f-e75d-5601-8171-00da4efa4b57
b85c4d49-d669-512e-8788-81e14bd2571f,e8aeb018-f679-5670-b210-de4f62ff2111,94e18241-54bd-5516-b36f-94ab6e323aca,botica,d6f21f11-7533-52dd-a4dc-2fb8e260c02c,LT-000013-202510-3344,2028-05-10,0,ab4a547f-e75d-5601-8171-00da4efa4b57
b906d24a-c0af-5dd6-889c-fa2a7d356320,e8aeb018-f679-5670-b210-de4f62ff2111,2eb3a104-e572-583a-afa0-156ee0dc4cce,botica,7fb983e8-6848-5425-97a2-14da72722d0f,LT-000019-202510-3345,2026-10-16,0,c6617891-56ff-5690-89a4-1ece06685ff5
551f4011-4a04-5aa1-b550-29082bc4b624,e8aeb018-f679-5670-b210-de4f62ff2111,4d9429b6-2ebf-5b5d-ac48-f779d5a1e270,botica,26f7241d-a84e-5e4a-a43d-33eea1e54eea,LT-000010-202510-3346,2028-02-26,0,a6f6d890-1609-53fc-b4a6-5733ccc9d078
411cc3a3-2d8f-5ead-ac60-2b22099a8be6,e8aeb018-f679-5670-b210-de4f62ff2111,22231140-3780-5fe8-a7d4-d33f61d15111,botica,d6f21f11-7533-52dd-a4dc-2fb8e260c02c,LT-000023-202510-3347,2026-04-21,0,ab4a547f-e75d-5601-8171-00da4efa4b57
9419ca83-ce5f-5b43-854d-809a0356bc72,e8aeb018-f679-5670-b210-de4f62ff2111,38adf7ba-476e-5e6b-9163-781a13538253,botica,26f7241d-a84e-5e4a-a43d-33eea1e54eea,LT-000012-202510-3348,2026-08-30,0,41cb90d0-d91a-57c2-b138-831be351479f
7d79455b-7e55-5311-b343-b13cfa24ef94,e8aeb018-f679-5670-b210-de4f62ff2111,983871db-adfb-543e-b438-6b00044ffb64,botica,26f7241d-a84e-5e4a-a43d-33eea1e54eea,LT-000015-202510-3349,2027-02-10,0,a6f6d890-1609-53fc-b4a6-5733ccc9d078
624e1113-a294-5e96-9877-f8932e58ef58,e8aeb018-f679-5670-b210-de4f62ff2111,d0ae6d2d-e561-56b3-a2c1-113c1c56ae81,botica,26f7241d-a84e-5e4a-a43d-33eea1e54eea,LT-000021-202510-3350,2028-08-25,0,76d6c9f4-5d7d-53c0-bb1f-2a577383765a
a67d9821-1523-5d5a-b06a-19f7f875f807,e8aeb018-f679-5670-b210-de4f62ff2111,0ec23038-d3ab-588c-bbd6-1f5c744cdde1,botica,43616d97-2221-569d-82eb-bcc14bcd6344,LT-000025-202510-3351,2026-11-25,0,a6f6d890-1609-53fc-b4a6-5733ccc9d078
06fea509-86c5-5992-9bb6-1d5f9647ac9a,e8aeb018-f679-5670-b210-de4f62ff2111,d9506935-1215-5499-93c0-8bdd86ab9418,botica,43616d97-2221-569d-82eb-bcc14bcd6344,LT-000029-202510-3352,2027-09-01,0,c6617891-56ff-5690-89a4-1ece06685ff5
c88de5af-8f04-5a99-aa35-4485a1d26c23,e8aeb018-f679-5670-b210-de4f62ff2111,1e9605fd-5682-52b6-8f05-e8a92dd44513,botica,43616d97-2221-569d-82eb-bcc14bcd6344,LT-000030-202510-3353,2026-07-11,0,a6f6d890-1609-53fc-b4a6-5733ccc9d078
7ad39a42-a51b-59a3-aa7e-f66a0813e3fa,e8aeb018-f679-5670-b210-de4f62ff2111,6baabed2-52d7-5cb7-bf74-86c7cb3e4f07,botica,8ecedccf-c230-516b-bbc2-108f7a6fbe63,LT-000027-202510-3354,2028-06-10,0,41cb90d0-d91a-57c2-b138-831be351479f
4ac30481-a099-52c2-928d-33747d780ac4,e8aeb018-f679-5670-b210-de4f62ff2111,22231140-3780-5fe8-a7d4-d33f61d15111,botica,26f7241d-a84e-5e4a-a43d-33eea1e54eea,LT-000023-202510-3355,2028-02-05,0,ab4a547f-e75d-5601-8171-00da4efa4b57
8e31b1e4-90cd-5e85-b8d5-d7757ebf8437,e8aeb018-f679-5670-b210-de4f62ff2111,983871db-adfb-543e-b438-6b00044ffb64,botica,43616d97-2221-569d-82eb-bcc14bcd6344,LT-000015-202510-3356,2028-01-25,0,a6f6d890-1609-53fc-b4a6-5733ccc9d078
941856f1-463c-5b6f-9455-d6f8af72c2d8,e8aeb018-f679-5670-b210-de4f62ff2111,cd81184b-b6f1-563c-b463-36a69ddfb598,botica,8ecedccf-c230-516b-bbc2-108f7a6fbe63,LT-000026-202510-3357,2026-09-25,0,76d6c9f4-5d7d-53c0-bb1f-2a577383765a
122caf9f-0005-5f57-9fdb-bf6b62c696c2,e8aeb018-f679-5670-b210-de4f62ff2111,1e9605fd-5682-52b6-8f05-e8a92dd44513,botica,8ecedccf-c230-516b-bbc2-108f7a6fbe63,LT-000030-202510-3358,2026-05-23,0,a6f6d890-1609-53fc-b4a6-5733ccc9d078
5e0bf385-dbd5-50e1-b093-54df66f1dc6f,e8aeb018-f679-5670-b210-de4f62ff2111,d9506935-1215-5499-93c0-8bdd86ab9418,botica,7fb983e8-6848-5425-97a2-14da72722d0f,LT-000029-202510-3359,2027-07-06,0,c6617891-56ff-5690-89a4-1ece06685ff5
98bd05ea-e1c4-5d9e-9bed-9866eca84536,e8aeb018-f679-5670-b210-de4f62ff2111,d3961f5a-3ea7-53d3-89f4-78b65b0c0c6b,botica,26f7241d-a84e-5e4a-a43d-33eea1e54eea,LT-000001-202510-3360,2027-08-17,0,76d6c9f4-5d7d-53c0-bb1f-2a577383765a
01fb7e21-2c23-5aef-b566-def21fc73d2e,e8aeb018-f679-5670-b210-de4f62ff2111,d0ae6d2d-e561-56b3-a2c1-113c1c56ae81,botica,43616d97-2221-569d-82eb-bcc14bcd6344,LT-000021-202510-3361,2027-01-03,0,76d6c9f4-5d7d-53c0-bb1f-2a577383765a
f3ed512f-0d5b-539a-a73f-c23b087c0a94,e8aeb018-f679-5670-b210-de4f62ff2111,afe9d181-1c64-5cca-b4b7-a9fa24eceeea,botica,d6f21f11-7533-52dd-a4dc-2fb8e260c02c,LT-000020-202510-3362,2027-01-17,0,a6f6d890-1609-53fc-b4a6-5733ccc9d078
a4026da0-10e6-58cb-bbe1-2ea51771163e,e8aeb018-f679-5670-b210-de4f62ff2111,2082733c-4e17-51fe-bc8c-bf33d3ec5d7e,botica,8ecedccf-c230-516b-bbc2-108f7a6fbe63,LT-000016-202510-3363,2026-06-14,0,76d6c9f4-5d7d-53c0-bb1f-2a577383765a
0072cdb6-fc77-5798-a910-a7f654fb9bd5,e8aeb018-f679-5670-b210-de4f62ff2111,afe9d181-1c64-5cca-b4b7-a9fa24eceeea,botica,8ecedccf-c230-516b-bbc2-108f7a6fbe63,LT-000020-202510-3364,2027-02-07,0,a6f6d890-1609-53fc-b4a6-5733ccc9d078
ee3adf17-afc6-5bf2-bec3-4f69754d6a6e,e8aeb018-f679-5670-b210-de4f62ff2111,9928e9a1-d9fc-5fdd-86c2-8909352fd7fe,botica,26f7241d-a84e-5e4a-a43d-33eea1e54eea,LT-000005-202510-3365,2028-05-19,0,a6f6d890-1609-53fc-b4a6-5733ccc9d078
d5d0fdf9-6585-5ede-b944-407f84fccc61,e8aeb018-f679-5670-b210-de4f62ff2111,2933d8b7-2438-521b-b38d-d3a5224f87fc,botica,43616d97-2221-569d-82eb-bcc14bcd6344,LT-000002-202510-3366,2026-08-06,0,41cb90d0-d91a-57c2-b138-831be351479f
a4f9b93f-e5b6-5177-bbc0-9d8a15c2dbc8,e8aeb018-f679-5670-b210-de4f62ff2111,2082733c-4e17-51fe-bc8c-bf33d3ec5d7e,botica,43616d97-2221-569d-82eb-bcc14bcd6344,LT-000016-202510-3367,2026-11-30,0,76d6c9f4-5d7d-53c0-bb1f-2a577383765a
57ef7f97-0aae-5fa7-bd79-e94d700f0378,e8aeb018-f679-5670-b210-de4f62ff2111,d2f08f15-f9f2-5f65-a740-b05896774467,botica,43616d97-2221-569d-82eb-bcc14bcd6344,LT-000017-202510-3368,2026-11-24,0,41cb90d0-d91a-57c2-b138-831be351479f
588ee216-decc-5b0e-95e1-677dc4a0b020,e8aeb018-f679-5670-b210-de4f62ff2111,2933d8b7-2438-521b-b38d-d3a5224f87fc,botica,8ecedccf-c230-516b-bbc2-108f7a6fbe63,LT-000002-202510-3369,2028-08-15,0,41cb90d0-d91a-57c2-b138-831be351479f
96350d52-948f-5d04-a75e-4d92968acb8c,e8aeb018-f679-5670-b210-de4f62ff2111,87b859e0-789a-56e6-b1ba-4fe76221d3bf,botica,7fb983e8-6848-5425-97a2-14da72722d0f,LT-000014-202510-3370,2027-02-11,0,c6617891-56ff-5690-89a4-1ece06685ff5
135704a9-57c7-5bf5-af94-c4d4ee54172c,e8aeb018-f679-5670-b210-de4f62ff2111,0ec23038-d3ab-588c-bbd6-1f5c744cdde1,botica,7fb983e8-6848-5425-97a2-14da72722d0f,LT-000025-202510-3371,2026-07-03,0,a6f6d890-1609-53fc-b4a6-5733ccc9d078
4d79646f-08d0-568f-ae80-38b8607a10e6,e8aeb018-f679-5670-b210-de4f62ff2111,97d26d91-c562-5f27-9ebd-285e89c8f4bf,botica,26f7241d-a84e-5e4a-a43d-33eea1e54eea,LT-000018-202510-3372,2028-08-30,0,ab4a547f-e75d-5601-8171-00da4efa4b57
48ff7c1e-4ab2-5886-9d42-c8722c3e1efc,e8aeb018-f679-5670-b210-de4f62ff2111,5bbfdec8-65ae-59e6-b211-5eccb5b765fa,botica,43616d97-2221-569d-82eb-bcc14bcd6344,LT-000006-202510-3373,2026-09-24,0,76d6c9f4-5d7d-53c0-bb1f-2a577383765a
66bd3e6d-241f-5604-bcd3-13d8b1a5f49a,e8aeb018-f679-5670-b210-de4f62ff2111,9928e9a1-d9fc-5fdd-86c2-8909352fd7fe,botica,d6f21f11-7533-52dd-a4dc-2fb8e260c02c,LT-000005-202510-3374,2028-03-05,0,a6f6d890-1609-53fc-b4a6-5733ccc9d078
2d989659-50cc-5c56-8c6e-5891291f23b1,e8aeb018-f679-5670-b210-de4f62ff2111,1ca3438e-9e23-58f0-a35f-f15f7a23beb9,botica,26f7241d-a84e-5e4a-a43d-33eea1e54eea,LT-000024-202510-3375,2028-03-21,0,c6617891-56ff-5690-89a4-1ece06685ff5
8c7f88d4-0251-5abc-be3b-95eaffe192c8,e8aeb018-f679-5670-b210-de4f62ff2111,c0cf5e5c-b5c9-585a-8e79-d9830bc954f6,botica,43616d97-2221-569d-82eb-bcc14bcd6344,LT-000011-202510-3376,2028-06-01,15,76d6c9f4-5d7d-53c0-bb1f-2a577383765a
6d6c5813-d6af-5885-abf2-f9b339e064ef,e8aeb018-f679-5670-b210-de4f62ff2111,1ca3438e-9e23-58f0-a35f-f15f7a23beb9,botica,43616d97-2221-569d-82eb-bcc14bcd6344,LT-000024-202510-3377,2027-07-28,0,c6617891-56ff-5690-89a4-1ece06685ff5
41441605-a502-538f-acf7-251b4b3127d6,e8aeb018-f679-5670-b210-de4f62ff2111,22231140-3780-5fe8-a7d4-d33f61d15111,botica,8ecedccf-c230-516b-bbc2-108f7a6fbe63,LT-000023-202510-3378,2028-01-26,0,ab4a547f-e75d-5601-8171-00da4efa4b57
e88901d3-299d-59ff-bb64-b993330ddb3d,e8aeb018-f679-5670-b210-de4f62ff2111,2082733c-4e17-51fe-bc8c-bf33d3ec5d7e,botica,7fb983e8-6848-5425-97a2-14da72722d0f,LT-000016-202510-3379,2028-03-20,0,76d6c9f4-5d7d-53c0-bb1f-2a577383765a
ba5808bf-42ac-5845-83c0-7642c4ef0988,e8aeb018-f679-5670-b210-de4f62ff2111,97d26d91-c562-5f27-9ebd-285e89c8f4bf,botica,7fb983e8-6848-5425-97a2-14da72722d0f,LT-000018-202510-3380,2026-11-14,0,ab4a547f-e75d-5601-8171-00da4efa4b57
0e2b6004-965e-5f69-aa75-a19a6d81d161,e8aeb018-f679-5670-b210-de4f62ff2111,94e18241-54bd-5516-b36f-94ab6e323aca,botica,26f7241d-a84e-5e4a-a43d-33eea1e54eea,LT-000013-202510-3381,2027-02-05,0,ab4a547f-e75d-5601-8171-00da4efa4b57
bcb5fb74-f5c2-57ab-b047-6a70341c7fbf,e8aeb018-f679-5670-b210-de4f62ff2111,94e18241-54bd-5516-b36f-94ab6e323aca,botica,43616d97-2221-569d-82eb-bcc14bcd6344,LT-000013-202510-3382,2028-04-07,0,ab4a547f-e75d-5601-8171-00da4efa4b57
e8e4b1bc-b5a8-5c72-8063-cd392fa70dfd,e8aeb018-f679-5670-b210-de4f62ff2111,87b859e0-789a-56e6-b1ba-4fe76221d3bf,botica,43616d97-2221-569d-82eb-bcc14bcd6344,LT-000014-202510-3383,2026-12-16,0,c6617891-56ff-5690-89a4-1ece06685ff5
962e7430-be0a-5f6c-ac5b-b82450e47306,e8aeb018-f679-5670-b210-de4f62ff2111,cd81184b-b6f1-563c-b463-36a69ddfb598,botica,43616d97-2221-569d-82eb-bcc14bcd6344,LT-000026-202510-3384,2028-06-02,0,76d6c9f4-5d7d-53c0-bb1f-2a577383765a
2cd7467f-37ba-59d4-be02-89377653d7f8,e8aeb018-f679-5670-b210-de4f62ff2111,012857cc-907f-5e7d-b8fb-796d2c9f1621,botica,8ecedccf-c230-516b-bbc2-108f7a6fbe63,LT-000028-202510-3385,2028-02-17,0,ab4a547f-e75d-5601-8171-00da4efa4b57
7c835e21-5b8b-5daa-b314-852d39a9b4ac,e8aeb018-f679-5670-b210-de4f62ff2111,82cd11ba-d1a0-58b1-b14f-edd741f36e87,botica,7fb983e8-6848-5425-97a2-14da72722d0f,LT-000007-202510-3386,2028-02-17,0,41cb90d0-d91a-57c2-b138-831be351479f
5351a717-e0ab-519a-94ec-b7eef6b73645,e8aeb018-f679-5670-b210-de4f62ff2111,07371b94-955f-52a4-9bf9-f0a6ad2b4fa8,botica,7fb983e8-6848-5425-97a2-14da72722d0f,LT-000008-202510-3387,2027-07-01,0,ab4a547f-e75d-5601-8171-00da4efa4b57
fd9037eb-921a-5feb-8acf-3fbbe6284dfb,e8aeb018-f679-5670-b210-de4f62ff2111,afe9d181-1c64-5cca-b4b7-a9fa24eceeea,botica,26f7241d-a84e-5e4a-a43d-33eea1e54eea,LT-000020-202511-3388,2028-04-20,0,a6f6d890-1609-53fc-b4a6-5733ccc9d078
07a2d117-56be-56c5-a4f2-0f3a2753fdf7,e8aeb018-f679-5670-b210-de4f62ff2111,0ec23038-d3ab-588c-bbd6-1f5c744cdde1,botica,26f7241d-a84e-5e4a-a43d-33eea1e54eea,LT-000025-202511-3389,2028-02-10,0,a6f6d890-1609-53fc-b4a6-5733ccc9d078
cbc4ec23-7b91-5921-b2d9-d037e905ff61,e8aeb018-f679-5670-b210-de4f62ff2111,4d9429b6-2ebf-5b5d-ac48-f779d5a1e270,botica,43616d97-2221-569d-82eb-bcc14bcd6344,LT-000010-202511-3390,2027-10-16,0,a6f6d890-1609-53fc-b4a6-5733ccc9d078
3964f7cd-fbf6-5eb0-aa56-57662293f49b,e8aeb018-f679-5670-b210-de4f62ff2111,0ec23038-d3ab-588c-bbd6-1f5c744cdde1,botica,d6f21f11-7533-52dd-a4dc-2fb8e260c02c,LT-000025-202511-3391,2026-12-06,0,a6f6d890-1609-53fc-b4a6-5733ccc9d078
d988f2f7-8b25-531d-8ef9-f177380958ad,e8aeb018-f679-5670-b210-de4f62ff2111,6d807393-f4ab-5f76-b544-251eeda27ba3,botica,7fb983e8-6848-5425-97a2-14da72722d0f,LT-000003-202511-3392,2026-11-15,0,ab4a547f-e75d-5601-8171-00da4efa4b57
49879d1d-b588-599d-bedf-79bc291de172,e8aeb018-f679-5670-b210-de4f62ff2111,6baabed2-52d7-5cb7-bf74-86c7cb3e4f07,botica,d6f21f11-7533-52dd-a4dc-2fb8e260c02c,LT-000027-202511-3393,2028-09-16,36,41cb90d0-d91a-57c2-b138-831be351479f
1eab7243-daad-59d4-9c43-aded2fc55bb0,e8aeb018-f679-5670-b210-de4f62ff2111,1ca3438e-9e23-58f0-a35f-f15f7a23beb9,botica,7fb983e8-6848-5425-97a2-14da72722d0f,LT-000024-202511-3394,2027-04-18,0,c6617891-56ff-5690-89a4-1ece06685ff5
ccba9469-7dd1-5dfd-bf4a-41e6c80848a5,e8aeb018-f679-5670-b210-de4f62ff2111,cd81184b-b6f1-563c-b463-36a69ddfb598,botica,7fb983e8-6848-5425-97a2-14da72722d0f,LT-000026-202511-3395,2026-09-14,0,76d6c9f4-5d7d-53c0-bb1f-2a577383765a
4e87f8fe-83ce-512e-85ef-eeb876c005fd,e8aeb018-f679-5670-b210-de4f62ff2111,d2f08f15-f9f2-5f65-a740-b05896774467,botica,26f7241d-a84e-5e4a-a43d-33eea1e54eea,LT-000017-202511-3396,2027-04-17,0,41cb90d0-d91a-57c2-b138-831be351479f
073add4b-f5d8-5f69-a0e9-ddf3188eddc5,e8aeb018-f679-5670-b210-de4f62ff2111,058c6382-bde2-59d1-93ff-20c6161a4736,botica,d6f21f11-7533-52dd-a4dc-2fb8e260c02c,LT-000009-202511-3397,2027-04-03,0,c6617891-56ff-5690-89a4-1ece06685ff5
0099c9f7-c559-5e67-b5b6-371d0a225c0a,e8aeb018-f679-5670-b210-de4f62ff2111,2082733c-4e17-51fe-bc8c-bf33d3ec5d7e,botica,d6f21f11-7533-52dd-a4dc-2fb8e260c02c,LT-000016-202511-3398,2028-09-23,38,76d6c9f4-5d7d-53c0-bb1f-2a577383765a
5226fe2e-a44f-5aed-b63b-8267354ca573,e8aeb018-f679-5670-b210-de4f62ff2111,6d807393-f4ab-5f76-b544-251eeda27ba3,botica,8ecedccf-c230-516b-bbc2-108f7a6fbe63,LT-000003-202511-3399,2026-05-16,0,ab4a547f-e75d-5601-8171-00da4efa4b57
adc0f335-a99b-5607-a25d-e183478af01e,e8aeb018-f679-5670-b210-de4f62ff2111,c0cf5e5c-b5c9-585a-8e79-d9830bc954f6,botica,8ecedccf-c230-516b-bbc2-108f7a6fbe63,LT-000011-202511-3400,2027-01-07,0,76d6c9f4-5d7d-53c0-bb1f-2a577383765a
8190d304-c787-5b2b-b2aa-5e74e232fd91,e8aeb018-f679-5670-b210-de4f62ff2111,38adf7ba-476e-5e6b-9163-781a13538253,botica,8ecedccf-c230-516b-bbc2-108f7a6fbe63,LT-000012-202511-3401,2027-08-31,0,41cb90d0-d91a-57c2-b138-831be351479f
cbbda0e4-1de5-5412-97ea-69548be69ca1,e8aeb018-f679-5670-b210-de4f62ff2111,d2f08f15-f9f2-5f65-a740-b05896774467,botica,8ecedccf-c230-516b-bbc2-108f7a6fbe63,LT-000017-202511-3402,2028-08-18,0,41cb90d0-d91a-57c2-b138-831be351479f
d0bd0572-5fa6-57e6-ab88-71598e7afb79,e8aeb018-f679-5670-b210-de4f62ff2111,0ec23038-d3ab-588c-bbd6-1f5c744cdde1,botica,8ecedccf-c230-516b-bbc2-108f7a6fbe63,LT-000025-202511-3403,2026-07-16,0,a6f6d890-1609-53fc-b4a6-5733ccc9d078
1a4dfbb4-acf7-57d8-9b00-c4901106f4bf,e8aeb018-f679-5670-b210-de4f62ff2111,058c6382-bde2-59d1-93ff-20c6161a4736,botica,26f7241d-a84e-5e4a-a43d-33eea1e54eea,LT-000009-202511-3404,2027-04-04,0,c6617891-56ff-5690-89a4-1ece06685ff5
20e0d139-96b5-5526-be3a-fa80f8f7c9da,e8aeb018-f679-5670-b210-de4f62ff2111,2082733c-4e17-51fe-bc8c-bf33d3ec5d7e,botica,26f7241d-a84e-5e4a-a43d-33eea1e54eea,LT-000016-202511-3405,2028-08-17,0,76d6c9f4-5d7d-53c0-bb1f-2a577383765a
13689727-f99c-5088-bba5-87dcbdd63ed1,e8aeb018-f679-5670-b210-de4f62ff2111,012857cc-907f-5e7d-b8fb-796d2c9f1621,botica,d6f21f11-7533-52dd-a4dc-2fb8e260c02c,LT-000028-202511-3406,2028-03-09,0,ab4a547f-e75d-5601-8171-00da4efa4b57
bf91a61e-7166-5a91-ad3a-062fd97d9923,e8aeb018-f679-5670-b210-de4f62ff2111,058c6382-bde2-59d1-93ff-20c6161a4736,botica,7fb983e8-6848-5425-97a2-14da72722d0f,LT-000009-202511-3407,2027-04-19,0,c6617891-56ff-5690-89a4-1ece06685ff5
97b2942b-1c37-5e32-aa1b-1d14c22ed58a,e8aeb018-f679-5670-b210-de4f62ff2111,042e2e80-f954-5df4-97be-29dd428cc598,botica,26f7241d-a84e-5e4a-a43d-33eea1e54eea,LT-000004-202511-3408,2026-07-31,0,c6617891-56ff-5690-89a4-1ece06685ff5
e3ed1bcd-be38-5583-94d6-9aff5cd64475,e8aeb018-f679-5670-b210-de4f62ff2111,cd81184b-b6f1-563c-b463-36a69ddfb598,botica,26f7241d-a84e-5e4a-a43d-33eea1e54eea,LT-000026-202511-3409,2028-10-16,0,76d6c9f4-5d7d-53c0-bb1f-2a577383765a
75cebf0c-09b0-57e4-96d7-41ad850edf39,e8aeb018-f679-5670-b210-de4f62ff2111,d9506935-1215-5499-93c0-8bdd86ab9418,botica,26f7241d-a84e-5e4a-a43d-33eea1e54eea,LT-000029-202511-3410,2027-03-12,0,c6617891-56ff-5690-89a4-1ece06685ff5
81b8068a-7643-5dc0-b02c-570c33409ec3,e8aeb018-f679-5670-b210-de4f62ff2111,1e9605fd-5682-52b6-8f05-e8a92dd44513,botica,26f7241d-a84e-5e4a-a43d-33eea1e54eea,LT-000030-202511-3411,2028-08-02,17,a6f6d890-1609-53fc-b4a6-5733ccc9d078
6c952030-1342-5b17-b7fc-76e07b6a0b7b,e8aeb018-f679-5670-b210-de4f62ff2111,9928e9a1-d9fc-5fdd-86c2-8909352fd7fe,botica,7fb983e8-6848-5425-97a2-14da72722d0f,LT-000005-202511-3412,2028-10-03,33,a6f6d890-1609-53fc-b4a6-5733ccc9d078
78cb53ae-d4d6-514a-84ec-9f14cc4c624f,e8aeb018-f679-5670-b210-de4f62ff2111,38adf7ba-476e-5e6b-9163-781a13538253,botica,43616d97-2221-569d-82eb-bcc14bcd6344,LT-000012-202511-3413,2027-01-20,0,41cb90d0-d91a-57c2-b138-831be351479f
0dd0468e-debb-55e5-bcf9-89248cdf2103,e8aeb018-f679-5670-b210-de4f62ff2111,d9506935-1215-5499-93c0-8bdd86ab9418,botica,8ecedccf-c230-516b-bbc2-108f7a6fbe63,LT-000029-202511-3414,2026-08-01,0,c6617891-56ff-5690-89a4-1ece06685ff5
8532d653-a065-51f9-8055-d1234db8557a,e8aeb018-f679-5670-b210-de4f62ff2111,22231140-3780-5fe8-a7d4-d33f61d15111,botica,7fb983e8-6848-5425-97a2-14da72722d0f,LT-000023-202511-3415,2027-12-23,0,ab4a547f-e75d-5601-8171-00da4efa4b57
233902fb-0e9d-5336-ae1c-1b071da5375c,e8aeb018-f679-5670-b210-de4f62ff2111,042e2e80-f954-5df4-97be-29dd428cc598,botica,43616d97-2221-569d-82eb-bcc14bcd6344,LT-000004-202511-3416,2028-08-16,0,c6617891-56ff-5690-89a4-1ece06685ff5
97f47193-b209-550d-a1db-d03245e3d27e,e8aeb018-f679-5670-b210-de4f62ff2111,07371b94-955f-52a4-9bf9-f0a6ad2b4fa8,botica,43616d97-2221-569d-82eb-bcc14bcd6344,LT-000008-202511-3417,2028-07-09,0,ab4a547f-e75d-5601-8171-00da4efa4b57
d3d3edfb-3b6a-5b8c-bdd2-ec375bbda480,e8aeb018-f679-5670-b210-de4f62ff2111,6baabed2-52d7-5cb7-bf74-86c7cb3e4f07,botica,43616d97-2221-569d-82eb-bcc14bcd6344,LT-000027-202511-3418,2026-11-30,0,41cb90d0-d91a-57c2-b138-831be351479f
16f1811c-1606-50cb-8268-c3dd84a5d4b2,e8aeb018-f679-5670-b210-de4f62ff2111,97d26d91-c562-5f27-9ebd-285e89c8f4bf,botica,8ecedccf-c230-516b-bbc2-108f7a6fbe63,LT-000018-202511-3419,2028-04-03,0,ab4a547f-e75d-5601-8171-00da4efa4b57
7c6999e0-2cbc-5fe6-aaa9-ecad76cdf75a,e8aeb018-f679-5670-b210-de4f62ff2111,d0ae6d2d-e561-56b3-a2c1-113c1c56ae81,botica,7fb983e8-6848-5425-97a2-14da72722d0f,LT-000021-202511-3420,2027-07-24,0,76d6c9f4-5d7d-53c0-bb1f-2a577383765a
c0b9633d-8971-5d38-90d9-4fc7dcc6f7dc,e8aeb018-f679-5670-b210-de4f62ff2111,012857cc-907f-5e7d-b8fb-796d2c9f1621,botica,26f7241d-a84e-5e4a-a43d-33eea1e54eea,LT-000028-202511-3421,2027-07-16,0,ab4a547f-e75d-5601-8171-00da4efa4b57
04a3afcd-f48d-53c8-892d-864bc94c8cde,e8aeb018-f679-5670-b210-de4f62ff2111,042e2e80-f954-5df4-97be-29dd428cc598,botica,7fb983e8-6848-5425-97a2-14da72722d0f,LT-000004-202511-3422,2028-10-10,0,c6617891-56ff-5690-89a4-1ece06685ff5
a39c3a93-185a-5b37-bd81-ca099fe218e9,e8aeb018-f679-5670-b210-de4f62ff2111,4d9429b6-2ebf-5b5d-ac48-f779d5a1e270,botica,7fb983e8-6848-5425-97a2-14da72722d0f,LT-000010-202511-3423,2026-08-07,0,a6f6d890-1609-53fc-b4a6-5733ccc9d078
aa7d6797-ddc9-5b89-b284-a7462eda38e1,e8aeb018-f679-5670-b210-de4f62ff2111,38adf7ba-476e-5e6b-9163-781a13538253,botica,7fb983e8-6848-5425-97a2-14da72722d0f,LT-000012-202511-3424,2028-08-04,0,41cb90d0-d91a-57c2-b138-831be351479f
b7b82443-ecf9-50da-9b28-94ef494b7d53,e8aeb018-f679-5670-b210-de4f62ff2111,012857cc-907f-5e7d-b8fb-796d2c9f1621,botica,7fb983e8-6848-5425-97a2-14da72722d0f,LT-000028-202511-3425,2027-09-21,0,ab4a547f-e75d-5601-8171-00da4efa4b57
c102fa0a-620a-5791-8b22-df6622991122,e8aeb018-f679-5670-b210-de4f62ff2111,6d807393-f4ab-5f76-b544-251eeda27ba3,botica,26f7241d-a84e-5e4a-a43d-33eea1e54eea,LT-000003-202511-3426,2027-07-10,0,ab4a547f-e75d-5601-8171-00da4efa4b57
025225bb-6bca-5017-bb19-7b47b9e68b1b,e8aeb018-f679-5670-b210-de4f62ff2111,2933d8b7-2438-521b-b38d-d3a5224f87fc,botica,d6f21f11-7533-52dd-a4dc-2fb8e260c02c,LT-000002-202511-3427,2028-09-07,48,41cb90d0-d91a-57c2-b138-831be351479f
f5edaa1a-f380-5e9a-90de-051587fb014c,e8aeb018-f679-5670-b210-de4f62ff2111,5bbfdec8-65ae-59e6-b211-5eccb5b765fa,botica,7fb983e8-6848-5425-97a2-14da72722d0f,LT-000006-202511-3428,2027-02-13,0,76d6c9f4-5d7d-53c0-bb1f-2a577383765a
1f05fc3f-89ff-5990-97b7-c405c78703be,e8aeb018-f679-5670-b210-de4f62ff2111,c0cf5e5c-b5c9-585a-8e79-d9830bc954f6,botica,7fb983e8-6848-5425-97a2-14da72722d0f,LT-000011-202511-3429,2026-11-03,0,76d6c9f4-5d7d-53c0-bb1f-2a577383765a
1a102f14-ae57-5ff8-b8ab-13975a9ac30e,e8aeb018-f679-5670-b210-de4f62ff2111,983871db-adfb-543e-b438-6b00044ffb64,botica,7fb983e8-6848-5425-97a2-14da72722d0f,LT-000015-202511-3430,2027-08-13,0,a6f6d890-1609-53fc-b4a6-5733ccc9d078
3435e0b5-489a-53b9-9aca-c5a89f75b0f2,e8aeb018-f679-5670-b210-de4f62ff2111,d2f08f15-f9f2-5f65-a740-b05896774467,botica,7fb983e8-6848-5425-97a2-14da72722d0f,LT-000017-202511-3431,2027-07-03,0,41cb90d0-d91a-57c2-b138-831be351479f
b1430a75-3fc9-54d3-8e63-c9e014e8065e,e8aeb018-f679-5670-b210-de4f62ff2111,5bbfdec8-65ae-59e6-b211-5eccb5b765fa,botica,26f7241d-a84e-5e4a-a43d-33eea1e54eea,LT-000006-202511-3432,2027-07-17,0,76d6c9f4-5d7d-53c0-bb1f-2a577383765a
cac587e3-6bad-5375-8375-60b3e7f5a8c5,e8aeb018-f679-5670-b210-de4f62ff2111,c0cf5e5c-b5c9-585a-8e79-d9830bc954f6,botica,26f7241d-a84e-5e4a-a43d-33eea1e54eea,LT-000011-202511-3433,2028-07-16,18,76d6c9f4-5d7d-53c0-bb1f-2a577383765a
7320fc9c-4634-5a6d-8c65-c1c5f93a488e,e8aeb018-f679-5670-b210-de4f62ff2111,2897aac2-f219-5167-b800-73fac27f6b85,botica,26f7241d-a84e-5e4a-a43d-33eea1e54eea,LT-000022-202511-3434,2027-04-28,0,41cb90d0-d91a-57c2-b138-831be351479f
f3bac101-8bfa-5a79-83be-1260af343d47,e8aeb018-f679-5670-b210-de4f62ff2111,2897aac2-f219-5167-b800-73fac27f6b85,botica,43616d97-2221-569d-82eb-bcc14bcd6344,LT-000022-202511-3435,2028-04-04,0,41cb90d0-d91a-57c2-b138-831be351479f
6bf4da10-9f12-52c7-a65b-0dae9c3eb250,e8aeb018-f679-5670-b210-de4f62ff2111,4d9429b6-2ebf-5b5d-ac48-f779d5a1e270,botica,d6f21f11-7533-52dd-a4dc-2fb8e260c02c,LT-000010-202511-3436,2028-07-16,16,a6f6d890-1609-53fc-b4a6-5733ccc9d078
6a7e071a-b78c-5e0e-863a-ae8a2483bd34,e8aeb018-f679-5670-b210-de4f62ff2111,042e2e80-f954-5df4-97be-29dd428cc598,botica,8ecedccf-c230-516b-bbc2-108f7a6fbe63,LT-000004-202511-3437,2028-02-19,0,c6617891-56ff-5690-89a4-1ece06685ff5
aad2076f-6050-5058-9a09-96280605c9b8,e8aeb018-f679-5670-b210-de4f62ff2111,d3961f5a-3ea7-53d3-89f4-78b65b0c0c6b,botica,d6f21f11-7533-52dd-a4dc-2fb8e260c02c,LT-000001-202511-3438,2026-09-26,0,76d6c9f4-5d7d-53c0-bb1f-2a577383765a
cb78a0a6-8ba4-5d1e-9ff1-39a73bf926f7,e8aeb018-f679-5670-b210-de4f62ff2111,38adf7ba-476e-5e6b-9163-781a13538253,botica,d6f21f11-7533-52dd-a4dc-2fb8e260c02c,LT-000012-202511-3439,2027-11-03,0,41cb90d0-d91a-57c2-b138-831be351479f
226729f0-7704-5edc-b6d9-aab5d27a539c,e8aeb018-f679-5670-b210-de4f62ff2111,5bbfdec8-65ae-59e6-b211-5eccb5b765fa,botica,8ecedccf-c230-516b-bbc2-108f7a6fbe63,LT-000006-202511-3440,2027-06-08,0,76d6c9f4-5d7d-53c0-bb1f-2a577383765a
e1c2d7d2-e68a-58c8-b58f-63b9eb928a7f,e8aeb018-f679-5670-b210-de4f62ff2111,82cd11ba-d1a0-58b1-b14f-edd741f36e87,botica,26f7241d-a84e-5e4a-a43d-33eea1e54eea,LT-000007-202511-3441,2027-10-27,0,41cb90d0-d91a-57c2-b138-831be351479f
ce41bd92-89ff-5939-8d70-0f254ad6b4f6,e8aeb018-f679-5670-b210-de4f62ff2111,97d26d91-c562-5f27-9ebd-285e89c8f4bf,botica,43616d97-2221-569d-82eb-bcc14bcd6344,LT-000018-202511-3442,2027-07-12,0,ab4a547f-e75d-5601-8171-00da4efa4b57
b9478d5c-82c0-5ed2-af83-598cad02e7e3,e8aeb018-f679-5670-b210-de4f62ff2111,07371b94-955f-52a4-9bf9-f0a6ad2b4fa8,botica,d6f21f11-7533-52dd-a4dc-2fb8e260c02c,LT-000008-202511-3443,2028-08-12,0,ab4a547f-e75d-5601-8171-00da4efa4b57
cf3aaa37-124b-5f0d-9e84-64296eb7ebd0,e8aeb018-f679-5670-b210-de4f62ff2111,82cd11ba-d1a0-58b1-b14f-edd741f36e87,botica,43616d97-2221-569d-82eb-bcc14bcd6344,LT-000007-202511-3444,2027-09-24,0,41cb90d0-d91a-57c2-b138-831be351479f
d2a35a37-d7d7-5ad3-aa25-e4bd24a6af0b,e8aeb018-f679-5670-b210-de4f62ff2111,afe9d181-1c64-5cca-b4b7-a9fa24eceeea,botica,43616d97-2221-569d-82eb-bcc14bcd6344,LT-000020-202511-3445,2028-05-10,0,a6f6d890-1609-53fc-b4a6-5733ccc9d078
631189e1-27a3-54a5-a565-a2a1c02b2f1d,e8aeb018-f679-5670-b210-de4f62ff2111,983871db-adfb-543e-b438-6b00044ffb64,botica,d6f21f11-7533-52dd-a4dc-2fb8e260c02c,LT-000015-202511-3446,2027-09-13,0,a6f6d890-1609-53fc-b4a6-5733ccc9d078
c74f9d5d-15c2-596c-8c3f-fd6c3983d1da,e8aeb018-f679-5670-b210-de4f62ff2111,d3961f5a-3ea7-53d3-89f4-78b65b0c0c6b,botica,8ecedccf-c230-516b-bbc2-108f7a6fbe63,LT-000001-202511-3447,2026-12-23,0,76d6c9f4-5d7d-53c0-bb1f-2a577383765a
3df7f17b-0006-520b-b6ba-f0212e175642,e8aeb018-f679-5670-b210-de4f62ff2111,058c6382-bde2-59d1-93ff-20c6161a4736,botica,8ecedccf-c230-516b-bbc2-108f7a6fbe63,LT-000009-202511-3448,2028-06-27,0,c6617891-56ff-5690-89a4-1ece06685ff5
d02b237c-a26d-5484-a0de-3e4c92af105f,e8aeb018-f679-5670-b210-de4f62ff2111,afe9d181-1c64-5cca-b4b7-a9fa24eceeea,botica,7fb983e8-6848-5425-97a2-14da72722d0f,LT-000020-202511-3449,2027-02-15,0,a6f6d890-1609-53fc-b4a6-5733ccc9d078
6337690b-f3de-5807-88a6-ed0a53b384d3,e8aeb018-f679-5670-b210-de4f62ff2111,d3961f5a-3ea7-53d3-89f4-78b65b0c0c6b,botica,26f7241d-a84e-5e4a-a43d-33eea1e54eea,LT-000001-202511-3450,2028-10-17,0,76d6c9f4-5d7d-53c0-bb1f-2a577383765a
a5e00912-1ed1-5f9a-89c3-ec4fea0a9e16,e8aeb018-f679-5670-b210-de4f62ff2111,22231140-3780-5fe8-a7d4-d33f61d15111,botica,26f7241d-a84e-5e4a-a43d-33eea1e54eea,LT-000023-202511-3451,2027-12-25,0,ab4a547f-e75d-5601-8171-00da4efa4b57
1bb38be4-8e83-585d-ad56-ebf4177a5fd0,e8aeb018-f679-5670-b210-de4f62ff2111,5bbfdec8-65ae-59e6-b211-5eccb5b765fa,botica,d6f21f11-7533-52dd-a4dc-2fb8e260c02c,LT-000006-202511-3452,2028-10-28,50,76d6c9f4-5d7d-53c0-bb1f-2a577383765a
03f857a4-3294-5274-857f-308b3c0c9fa4,e8aeb018-f679-5670-b210-de4f62ff2111,c0cf5e5c-b5c9-585a-8e79-d9830bc954f6,botica,d6f21f11-7533-52dd-a4dc-2fb8e260c02c,LT-000011-202511-3453,2027-11-06,0,76d6c9f4-5d7d-53c0-bb1f-2a577383765a
6db3cc85-beb0-5f1a-bab2-12b93228a563,e8aeb018-f679-5670-b210-de4f62ff2111,97d26d91-c562-5f27-9ebd-285e89c8f4bf,botica,d6f21f11-7533-52dd-a4dc-2fb8e260c02c,LT-000018-202511-3454,2027-07-09,0,ab4a547f-e75d-5601-8171-00da4efa4b57
5f833000-d073-56a2-bb88-eac36689ea2c,e8aeb018-f679-5670-b210-de4f62ff2111,82cd11ba-d1a0-58b1-b14f-edd741f36e87,botica,8ecedccf-c230-516b-bbc2-108f7a6fbe63,LT-000007-202511-3455,2027-12-18,0,41cb90d0-d91a-57c2-b138-831be351479f
361a45b0-4cf8-58d5-8b4f-be9ee528690a,e8aeb018-f679-5670-b210-de4f62ff2111,07371b94-955f-52a4-9bf9-f0a6ad2b4fa8,botica,8ecedccf-c230-516b-bbc2-108f7a6fbe63,LT-000008-202511-3456,2026-09-16,0,ab4a547f-e75d-5601-8171-00da4efa4b57
74c25256-fbb7-59d7-944b-e19af9593aec,e8aeb018-f679-5670-b210-de4f62ff2111,94e18241-54bd-5516-b36f-94ab6e323aca,botica,8ecedccf-c230-516b-bbc2-108f7a6fbe63,LT-000013-202511-3457,2027-07-01,0,ab4a547f-e75d-5601-8171-00da4efa4b57
8172411e-2842-5e36-9e6f-2d9cd92986c0,e8aeb018-f679-5670-b210-de4f62ff2111,d0ae6d2d-e561-56b3-a2c1-113c1c56ae81,botica,8ecedccf-c230-516b-bbc2-108f7a6fbe63,LT-000021-202511-3458,2027-09-05,0,76d6c9f4-5d7d-53c0-bb1f-2a577383765a
cc0bddaf-dd60-5d57-9ac7-68066be916d9,e8aeb018-f679-5670-b210-de4f62ff2111,97d26d91-c562-5f27-9ebd-285e89c8f4bf,botica,26f7241d-a84e-5e4a-a43d-33eea1e54eea,LT-000018-202511-3459,2028-03-04,0,ab4a547f-e75d-5601-8171-00da4efa4b57
aa7a14c1-e4cd-5886-a762-6197188baeb8,e8aeb018-f679-5670-b210-de4f62ff2111,82cd11ba-d1a0-58b1-b14f-edd741f36e87,botica,d6f21f11-7533-52dd-a4dc-2fb8e260c02c,LT-000007-202511-3460,2028-03-15,0,41cb90d0-d91a-57c2-b138-831be351479f
8b667299-df19-537c-bb11-6418d8773245,e8aeb018-f679-5670-b210-de4f62ff2111,2eb3a104-e572-583a-afa0-156ee0dc4cce,botica,d6f21f11-7533-52dd-a4dc-2fb8e260c02c,LT-000019-202511-3461,2027-06-21,0,c6617891-56ff-5690-89a4-1ece06685ff5
3c737308-90f9-5c2a-8997-2b59101ec86a,e8aeb018-f679-5670-b210-de4f62ff2111,1e9605fd-5682-52b6-8f05-e8a92dd44513,botica,d6f21f11-7533-52dd-a4dc-2fb8e260c02c,LT-000030-202511-3462,2027-12-28,0,a6f6d890-1609-53fc-b4a6-5733ccc9d078
5da81f18-6bfc-52b7-9cb0-d9ea883e86fc,e8aeb018-f679-5670-b210-de4f62ff2111,2933d8b7-2438-521b-b38d-d3a5224f87fc,botica,7fb983e8-6848-5425-97a2-14da72722d0f,LT-000002-202511-3463,2026-09-09,0,41cb90d0-d91a-57c2-b138-831be351479f
2c55478a-911a-5ddf-a401-033306b39497,e8aeb018-f679-5670-b210-de4f62ff2111,94e18241-54bd-5516-b36f-94ab6e323aca,botica,7fb983e8-6848-5425-97a2-14da72722d0f,LT-000013-202511-3464,2026-08-19,0,ab4a547f-e75d-5601-8171-00da4efa4b57
3a5ec319-fb41-57d6-a632-5a594f668107,e8aeb018-f679-5670-b210-de4f62ff2111,38adf7ba-476e-5e6b-9163-781a13538253,botica,26f7241d-a84e-5e4a-a43d-33eea1e54eea,LT-000012-202511-3465,2027-04-01,0,41cb90d0-d91a-57c2-b138-831be351479f
03b4ed08-015e-5dfe-aed2-ef8bb01c72dd,e8aeb018-f679-5670-b210-de4f62ff2111,94e18241-54bd-5516-b36f-94ab6e323aca,botica,26f7241d-a84e-5e4a-a43d-33eea1e54eea,LT-000013-202511-3466,2027-10-08,0,ab4a547f-e75d-5601-8171-00da4efa4b57
1c94dd11-4c41-5d3f-8dbe-4be06c1c58ad,e8aeb018-f679-5670-b210-de4f62ff2111,87b859e0-789a-56e6-b1ba-4fe76221d3bf,botica,26f7241d-a84e-5e4a-a43d-33eea1e54eea,LT-000014-202511-3467,2026-11-20,0,c6617891-56ff-5690-89a4-1ece06685ff5
5a3bf16b-4101-5897-ac61-d40fb7ab3b95,e8aeb018-f679-5670-b210-de4f62ff2111,9928e9a1-d9fc-5fdd-86c2-8909352fd7fe,botica,43616d97-2221-569d-82eb-bcc14bcd6344,LT-000005-202511-3468,2028-06-14,0,a6f6d890-1609-53fc-b4a6-5733ccc9d078
6afe22d7-9ea2-5107-a526-bfe3843dad82,e8aeb018-f679-5670-b210-de4f62ff2111,2897aac2-f219-5167-b800-73fac27f6b85,botica,d6f21f11-7533-52dd-a4dc-2fb8e260c02c,LT-000022-202511-3469,2028-02-16,0,41cb90d0-d91a-57c2-b138-831be351479f
37632c9f-39cb-5736-b189-e646ff2c6ed0,e8aeb018-f679-5670-b210-de4f62ff2111,983871db-adfb-543e-b438-6b00044ffb64,botica,8ecedccf-c230-516b-bbc2-108f7a6fbe63,LT-000015-202511-3470,2026-05-29,0,a6f6d890-1609-53fc-b4a6-5733ccc9d078
06c86baa-84a8-53f1-b44d-0c1952d6d578,e8aeb018-f679-5670-b210-de4f62ff2111,2082733c-4e17-51fe-bc8c-bf33d3ec5d7e,botica,8ecedccf-c230-516b-bbc2-108f7a6fbe63,LT-000016-202511-3471,2027-05-13,0,76d6c9f4-5d7d-53c0-bb1f-2a577383765a
9f295d43-c22e-5810-b88d-f14d2800cd49,e8aeb018-f679-5670-b210-de4f62ff2111,d3961f5a-3ea7-53d3-89f4-78b65b0c0c6b,botica,43616d97-2221-569d-82eb-bcc14bcd6344,LT-000001-202511-3472,2028-01-03,0,76d6c9f4-5d7d-53c0-bb1f-2a577383765a
0c9f15e6-c550-5c0f-9c15-d22fe5717aa0,e8aeb018-f679-5670-b210-de4f62ff2111,058c6382-bde2-59d1-93ff-20c6161a4736,botica,43616d97-2221-569d-82eb-bcc14bcd6344,LT-000009-202511-3473,2028-01-01,0,c6617891-56ff-5690-89a4-1ece06685ff5
85122b49-96a9-5d39-a70b-b774ccf7e6aa,e8aeb018-f679-5670-b210-de4f62ff2111,d0ae6d2d-e561-56b3-a2c1-113c1c56ae81,botica,43616d97-2221-569d-82eb-bcc14bcd6344,LT-000021-202511-3474,2028-01-05,0,76d6c9f4-5d7d-53c0-bb1f-2a577383765a
2915200a-5be0-59f2-8446-c5a3c825fc83,e8aeb018-f679-5670-b210-de4f62ff2111,cd81184b-b6f1-563c-b463-36a69ddfb598,botica,d6f21f11-7533-52dd-a4dc-2fb8e260c02c,LT-000026-202511-3475,2028-02-27,0,76d6c9f4-5d7d-53c0-bb1f-2a577383765a
bb8582c4-fa63-5bd9-b184-e638e324f284,e8aeb018-f679-5670-b210-de4f62ff2111,5bbfdec8-65ae-59e6-b211-5eccb5b765fa,botica,43616d97-2221-569d-82eb-bcc14bcd6344,LT-000006-202511-3476,2027-10-16,0,76d6c9f4-5d7d-53c0-bb1f-2a577383765a
52e923fd-f897-5859-9cd8-ac04aa31434d,e8aeb018-f679-5670-b210-de4f62ff2111,d9506935-1215-5499-93c0-8bdd86ab9418,botica,43616d97-2221-569d-82eb-bcc14bcd6344,LT-000029-202511-3477,2027-11-16,0,c6617891-56ff-5690-89a4-1ece06685ff5
6de4f190-d856-5681-a338-be7a97812557,e8aeb018-f679-5670-b210-de4f62ff2111,94e18241-54bd-5516-b36f-94ab6e323aca,botica,d6f21f11-7533-52dd-a4dc-2fb8e260c02c,LT-000013-202511-3478,2027-01-22,0,ab4a547f-e75d-5601-8171-00da4efa4b57
3893bd11-002c-553a-b01a-a4dc990456d9,e8aeb018-f679-5670-b210-de4f62ff2111,87b859e0-789a-56e6-b1ba-4fe76221d3bf,botica,8ecedccf-c230-516b-bbc2-108f7a6fbe63,LT-000014-202511-3479,2028-11-11,29,c6617891-56ff-5690-89a4-1ece06685ff5
32420817-a3b6-591f-a20f-81da384b6e43,e8aeb018-f679-5670-b210-de4f62ff2111,9928e9a1-d9fc-5fdd-86c2-8909352fd7fe,botica,26f7241d-a84e-5e4a-a43d-33eea1e54eea,LT-000005-202511-3480,2027-12-18,0,a6f6d890-1609-53fc-b4a6-5733ccc9d078
e360e0c6-13c7-5d82-a0b3-c26025a93fde,e8aeb018-f679-5670-b210-de4f62ff2111,4d9429b6-2ebf-5b5d-ac48-f779d5a1e270,botica,26f7241d-a84e-5e4a-a43d-33eea1e54eea,LT-000010-202511-3481,2028-07-06,0,a6f6d890-1609-53fc-b4a6-5733ccc9d078
34797139-c623-5394-82a0-3a79c0b91b0e,e8aeb018-f679-5670-b210-de4f62ff2111,6d807393-f4ab-5f76-b544-251eeda27ba3,botica,43616d97-2221-569d-82eb-bcc14bcd6344,LT-000003-202511-3482,2027-05-12,0,ab4a547f-e75d-5601-8171-00da4efa4b57
61214fd7-95ee-5cdb-b4b4-68230cb9f163,e8aeb018-f679-5670-b210-de4f62ff2111,6baabed2-52d7-5cb7-bf74-86c7cb3e4f07,botica,8ecedccf-c230-516b-bbc2-108f7a6fbe63,LT-000027-202511-3483,2028-05-24,0,41cb90d0-d91a-57c2-b138-831be351479f
0d60d56a-f9eb-51c5-8477-6bcc743547d7,e8aeb018-f679-5670-b210-de4f62ff2111,2eb3a104-e572-583a-afa0-156ee0dc4cce,botica,26f7241d-a84e-5e4a-a43d-33eea1e54eea,LT-000019-202511-3484,2026-10-19,0,c6617891-56ff-5690-89a4-1ece06685ff5
1c5a510f-0070-524b-8199-acd68f9a0984,e8aeb018-f679-5670-b210-de4f62ff2111,012857cc-907f-5e7d-b8fb-796d2c9f1621,botica,43616d97-2221-569d-82eb-bcc14bcd6344,LT-000028-202511-3485,2027-07-16,0,ab4a547f-e75d-5601-8171-00da4efa4b57
926fb0a5-1c8b-58ed-a3c6-33b3aaed9449,e8aeb018-f679-5670-b210-de4f62ff2111,2eb3a104-e572-583a-afa0-156ee0dc4cce,botica,8ecedccf-c230-516b-bbc2-108f7a6fbe63,LT-000019-202511-3486,2027-12-13,0,c6617891-56ff-5690-89a4-1ece06685ff5
5c84918e-984c-5aeb-8afd-44672ea66ad8,e8aeb018-f679-5670-b210-de4f62ff2111,6d807393-f4ab-5f76-b544-251eeda27ba3,botica,d6f21f11-7533-52dd-a4dc-2fb8e260c02c,LT-000003-202511-3487,2028-07-01,0,ab4a547f-e75d-5601-8171-00da4efa4b57
e3ce7f35-a43a-5cd1-916b-3bb208c36e5f,e8aeb018-f679-5670-b210-de4f62ff2111,9928e9a1-d9fc-5fdd-86c2-8909352fd7fe,botica,8ecedccf-c230-516b-bbc2-108f7a6fbe63,LT-000005-202511-3488,2026-12-11,0,a6f6d890-1609-53fc-b4a6-5733ccc9d078
8e41ebc8-9c8e-5ca2-a5cb-4039a0eff5b4,e8aeb018-f679-5670-b210-de4f62ff2111,afe9d181-1c64-5cca-b4b7-a9fa24eceeea,botica,8ecedccf-c230-516b-bbc2-108f7a6fbe63,LT-000020-202511-3489,2027-05-01,0,a6f6d890-1609-53fc-b4a6-5733ccc9d078
9f93a784-027c-54bd-b7c3-d7b2049a287a,e8aeb018-f679-5670-b210-de4f62ff2111,2897aac2-f219-5167-b800-73fac27f6b85,botica,8ecedccf-c230-516b-bbc2-108f7a6fbe63,LT-000022-202511-3490,2026-08-21,0,41cb90d0-d91a-57c2-b138-831be351479f
abf9181d-d3c0-50dd-a27e-28a6abcfebf0,e8aeb018-f679-5670-b210-de4f62ff2111,2eb3a104-e572-583a-afa0-156ee0dc4cce,botica,7fb983e8-6848-5425-97a2-14da72722d0f,LT-000019-202511-3491,2027-05-21,0,c6617891-56ff-5690-89a4-1ece06685ff5
3a0475a6-9515-5be4-ae98-5b231e04bbb9,e8aeb018-f679-5670-b210-de4f62ff2111,2933d8b7-2438-521b-b38d-d3a5224f87fc,botica,26f7241d-a84e-5e4a-a43d-33eea1e54eea,LT-000002-202511-3492,2028-06-09,0,41cb90d0-d91a-57c2-b138-831be351479f
11128d33-4e0b-5dfa-9423-611265e1b0e0,e8aeb018-f679-5670-b210-de4f62ff2111,38adf7ba-476e-5e6b-9163-781a13538253,botica,43616d97-2221-569d-82eb-bcc14bcd6344,LT-000012-202511-3493,2028-03-27,0,41cb90d0-d91a-57c2-b138-831be351479f
32efdcc4-12e9-543f-92a8-3ee73a107f91,e8aeb018-f679-5670-b210-de4f62ff2111,87b859e0-789a-56e6-b1ba-4fe76221d3bf,botica,d6f21f11-7533-52dd-a4dc-2fb8e260c02c,LT-000014-202511-3494,2026-05-28,0,c6617891-56ff-5690-89a4-1ece06685ff5
9795ccdf-dae6-5118-aee1-c7740ad2e27d,e8aeb018-f679-5670-b210-de4f62ff2111,4d9429b6-2ebf-5b5d-ac48-f779d5a1e270,botica,8ecedccf-c230-516b-bbc2-108f7a6fbe63,LT-000010-202511-3495,2026-06-21,0,a6f6d890-1609-53fc-b4a6-5733ccc9d078
a2005c01-dc81-5521-8b04-084cfd873d2c,e8aeb018-f679-5670-b210-de4f62ff2111,07371b94-955f-52a4-9bf9-f0a6ad2b4fa8,botica,26f7241d-a84e-5e4a-a43d-33eea1e54eea,LT-000008-202511-3496,2027-01-13,0,ab4a547f-e75d-5601-8171-00da4efa4b57
ec159e42-163f-55cb-862e-edbf982a2254,e8aeb018-f679-5670-b210-de4f62ff2111,87b859e0-789a-56e6-b1ba-4fe76221d3bf,botica,43616d97-2221-569d-82eb-bcc14bcd6344,LT-000014-202511-3497,2026-12-24,0,c6617891-56ff-5690-89a4-1ece06685ff5
e949b8b7-6285-56f1-96ef-536e63fe38aa,e8aeb018-f679-5670-b210-de4f62ff2111,2eb3a104-e572-583a-afa0-156ee0dc4cce,botica,43616d97-2221-569d-82eb-bcc14bcd6344,LT-000019-202511-3498,2026-06-10,0,c6617891-56ff-5690-89a4-1ece06685ff5
b569977b-a9e6-59b0-894d-056b6e063171,e8aeb018-f679-5670-b210-de4f62ff2111,d9506935-1215-5499-93c0-8bdd86ab9418,botica,d6f21f11-7533-52dd-a4dc-2fb8e260c02c,LT-000029-202511-3499,2028-06-12,0,c6617891-56ff-5690-89a4-1ece06685ff5
6a610428-f634-54fa-845a-bac7bd950835,e8aeb018-f679-5670-b210-de4f62ff2111,22231140-3780-5fe8-a7d4-d33f61d15111,botica,8ecedccf-c230-516b-bbc2-108f7a6fbe63,LT-000023-202511-3500,2028-10-26,0,ab4a547f-e75d-5601-8171-00da4efa4b57
8339df76-0f0e-5615-a088-d95cfd05adb4,e8aeb018-f679-5670-b210-de4f62ff2111,1e9605fd-5682-52b6-8f05-e8a92dd44513,botica,8ecedccf-c230-516b-bbc2-108f7a6fbe63,LT-000030-202511-3501,2027-08-14,0,a6f6d890-1609-53fc-b4a6-5733ccc9d078
dce6d837-8676-52e5-920c-b27f1b85a352,e8aeb018-f679-5670-b210-de4f62ff2111,2897aac2-f219-5167-b800-73fac27f6b85,botica,7fb983e8-6848-5425-97a2-14da72722d0f,LT-000022-202511-3502,2026-06-14,0,41cb90d0-d91a-57c2-b138-831be351479f
7bbe618f-d571-5317-999d-7822fff13eb5,e8aeb018-f679-5670-b210-de4f62ff2111,afe9d181-1c64-5cca-b4b7-a9fa24eceeea,botica,26f7241d-a84e-5e4a-a43d-33eea1e54eea,LT-000020-202511-3503,2026-06-08,0,a6f6d890-1609-53fc-b4a6-5733ccc9d078
73aaada5-8c33-55bd-ba7f-4562af39c8e4,e8aeb018-f679-5670-b210-de4f62ff2111,d2f08f15-f9f2-5f65-a740-b05896774467,botica,8ecedccf-c230-516b-bbc2-108f7a6fbe63,LT-000017-202511-3504,2028-11-09,0,41cb90d0-d91a-57c2-b138-831be351479f
940c0650-c47c-5694-bb15-b22bf7ad693c,e8aeb018-f679-5670-b210-de4f62ff2111,1ca3438e-9e23-58f0-a35f-f15f7a23beb9,botica,8ecedccf-c230-516b-bbc2-108f7a6fbe63,LT-000024-202511-3505,2028-11-13,17,c6617891-56ff-5690-89a4-1ece06685ff5
a507340e-103f-5743-8e0b-c5e8e786cbe3,e8aeb018-f679-5670-b210-de4f62ff2111,d3961f5a-3ea7-53d3-89f4-78b65b0c0c6b,botica,7fb983e8-6848-5425-97a2-14da72722d0f,LT-000001-202511-3506,2027-10-01,0,76d6c9f4-5d7d-53c0-bb1f-2a577383765a
404689a8-660f-5554-ac8f-7d60bbbc7a86,e8aeb018-f679-5670-b210-de4f62ff2111,c0cf5e5c-b5c9-585a-8e79-d9830bc954f6,botica,26f7241d-a84e-5e4a-a43d-33eea1e54eea,LT-000011-202511-3507,2028-05-29,0,76d6c9f4-5d7d-53c0-bb1f-2a577383765a
897cda9b-ce92-5691-8e54-5698df59115c,e8aeb018-f679-5670-b210-de4f62ff2111,1ca3438e-9e23-58f0-a35f-f15f7a23beb9,botica,43616d97-2221-569d-82eb-bcc14bcd6344,LT-000024-202511-3508,2028-09-15,0,c6617891-56ff-5690-89a4-1ece06685ff5
24a89ece-c1ae-5923-93d6-819c25a3ad27,e8aeb018-f679-5670-b210-de4f62ff2111,9928e9a1-d9fc-5fdd-86c2-8909352fd7fe,botica,d6f21f11-7533-52dd-a4dc-2fb8e260c02c,LT-000005-202511-3509,2026-06-26,0,a6f6d890-1609-53fc-b4a6-5733ccc9d078
06c05aa5-fe68-510c-823a-4363ab1102dd,e8aeb018-f679-5670-b210-de4f62ff2111,1ca3438e-9e23-58f0-a35f-f15f7a23beb9,botica,d6f21f11-7533-52dd-a4dc-2fb8e260c02c,LT-000024-202511-3510,2028-04-23,0,c6617891-56ff-5690-89a4-1ece06685ff5
1495a26f-363b-511e-838f-fcd7cfb8890b,e8aeb018-f679-5670-b210-de4f62ff2111,cd81184b-b6f1-563c-b463-36a69ddfb598,botica,7fb983e8-6848-5425-97a2-14da72722d0f,LT-000026-202511-3511,2028-10-09,0,76d6c9f4-5d7d-53c0-bb1f-2a577383765a
69cbc804-4102-55aa-9d62-7ec7f9aaac92,e8aeb018-f679-5670-b210-de4f62ff2111,1ca3438e-9e23-58f0-a35f-f15f7a23beb9,botica,26f7241d-a84e-5e4a-a43d-33eea1e54eea,LT-000024-202511-3512,2028-08-04,17,c6617891-56ff-5690-89a4-1ece06685ff5
8772710b-d71c-565d-8549-34d4cf273d72,e8aeb018-f679-5670-b210-de4f62ff2111,042e2e80-f954-5df4-97be-29dd428cc598,botica,d6f21f11-7533-52dd-a4dc-2fb8e260c02c,LT-000004-202511-3513,2028-08-01,0,c6617891-56ff-5690-89a4-1ece06685ff5
af89ca07-246b-5d99-8ae0-6db89b107c92,e8aeb018-f679-5670-b210-de4f62ff2111,d0ae6d2d-e561-56b3-a2c1-113c1c56ae81,botica,d6f21f11-7533-52dd-a4dc-2fb8e260c02c,LT-000021-202511-3514,2028-10-30,33,76d6c9f4-5d7d-53c0-bb1f-2a577383765a
0b179cfa-5be8-5afb-815a-f67b75a79fe2,e8aeb018-f679-5670-b210-de4f62ff2111,1e9605fd-5682-52b6-8f05-e8a92dd44513,botica,7fb983e8-6848-5425-97a2-14da72722d0f,LT-000030-202511-3515,2028-11-28,0,a6f6d890-1609-53fc-b4a6-5733ccc9d078
d2675260-3164-580b-bb5a-5dd376ee6d7e,e8aeb018-f679-5670-b210-de4f62ff2111,0ec23038-d3ab-588c-bbd6-1f5c744cdde1,botica,26f7241d-a84e-5e4a-a43d-33eea1e54eea,LT-000025-202512-3516,2027-01-07,0,a6f6d890-1609-53fc-b4a6-5733ccc9d078
b1243896-74c7-5cb3-b6fe-7d7a9a5bfb56,e8aeb018-f679-5670-b210-de4f62ff2111,d2f08f15-f9f2-5f65-a740-b05896774467,botica,43616d97-2221-569d-82eb-bcc14bcd6344,LT-000017-202512-3517,2027-06-28,0,41cb90d0-d91a-57c2-b138-831be351479f
00e9099a-1dd4-506d-92b5-021a15d2c533,e8aeb018-f679-5670-b210-de4f62ff2111,cd81184b-b6f1-563c-b463-36a69ddfb598,botica,43616d97-2221-569d-82eb-bcc14bcd6344,LT-000026-202512-3518,2028-01-06,0,76d6c9f4-5d7d-53c0-bb1f-2a577383765a
31f43097-0703-54a5-91dd-3d224b7ffa0a,e8aeb018-f679-5670-b210-de4f62ff2111,c0cf5e5c-b5c9-585a-8e79-d9830bc954f6,botica,8ecedccf-c230-516b-bbc2-108f7a6fbe63,LT-000011-202512-3519,2028-09-19,0,76d6c9f4-5d7d-53c0-bb1f-2a577383765a
cb70193a-2540-5686-b644-690d786cac87,e8aeb018-f679-5670-b210-de4f62ff2111,07371b94-955f-52a4-9bf9-f0a6ad2b4fa8,botica,7fb983e8-6848-5425-97a2-14da72722d0f,LT-000008-202512-3520,2028-09-24,0,ab4a547f-e75d-5601-8171-00da4efa4b57
0f224d8b-dd94-5b05-a0f8-f2776953fb4d,e8aeb018-f679-5670-b210-de4f62ff2111,87b859e0-789a-56e6-b1ba-4fe76221d3bf,botica,7fb983e8-6848-5425-97a2-14da72722d0f,LT-000014-202512-3521,2027-08-28,0,c6617891-56ff-5690-89a4-1ece06685ff5
cfbe591e-245b-520f-8bba-6b8af9af8ef8,e8aeb018-f679-5670-b210-de4f62ff2111,2082733c-4e17-51fe-bc8c-bf33d3ec5d7e,botica,7fb983e8-6848-5425-97a2-14da72722d0f,LT-000016-202512-3522,2027-08-12,0,76d6c9f4-5d7d-53c0-bb1f-2a577383765a
acb8754a-7e07-592b-967f-aeb2983c3700,e8aeb018-f679-5670-b210-de4f62ff2111,983871db-adfb-543e-b438-6b00044ffb64,botica,26f7241d-a84e-5e4a-a43d-33eea1e54eea,LT-000015-202512-3523,2027-09-01,0,a6f6d890-1609-53fc-b4a6-5733ccc9d078
d72be3b7-1257-5c91-b8ac-09e3b84e346c,e8aeb018-f679-5670-b210-de4f62ff2111,d0ae6d2d-e561-56b3-a2c1-113c1c56ae81,botica,26f7241d-a84e-5e4a-a43d-33eea1e54eea,LT-000021-202512-3524,2026-09-14,0,76d6c9f4-5d7d-53c0-bb1f-2a577383765a
46b1abaa-3544-5e69-b769-1819db27ae35,e8aeb018-f679-5670-b210-de4f62ff2111,cd81184b-b6f1-563c-b463-36a69ddfb598,botica,26f7241d-a84e-5e4a-a43d-33eea1e54eea,LT-000026-202512-3525,2026-11-25,0,76d6c9f4-5d7d-53c0-bb1f-2a577383765a
416a0c37-1a4f-5675-8cf2-719e5ebf2d67,e8aeb018-f679-5670-b210-de4f62ff2111,6baabed2-52d7-5cb7-bf74-86c7cb3e4f07,botica,26f7241d-a84e-5e4a-a43d-33eea1e54eea,LT-000027-202512-3526,2026-06-03,0,41cb90d0-d91a-57c2-b138-831be351479f
527e7049-dc32-5b58-bfe1-2b95c7da4563,e8aeb018-f679-5670-b210-de4f62ff2111,c0cf5e5c-b5c9-585a-8e79-d9830bc954f6,botica,43616d97-2221-569d-82eb-bcc14bcd6344,LT-000011-202512-3527,2028-02-28,0,76d6c9f4-5d7d-53c0-bb1f-2a577383765a
ed2d88d8-8d5e-5acb-add5-2d72a24296f8,e8aeb018-f679-5670-b210-de4f62ff2111,22231140-3780-5fe8-a7d4-d33f61d15111,botica,43616d97-2221-569d-82eb-bcc14bcd6344,LT-000023-202512-3528,2027-11-18,0,ab4a547f-e75d-5601-8171-00da4efa4b57
45a9824d-2064-5f9c-b912-017e2f152fdb,e8aeb018-f679-5670-b210-de4f62ff2111,0ec23038-d3ab-588c-bbd6-1f5c744cdde1,botica,43616d97-2221-569d-82eb-bcc14bcd6344,LT-000025-202512-3529,2028-07-14,0,a6f6d890-1609-53fc-b4a6-5733ccc9d078
64604693-3455-5740-8271-e9c8d113156c,e8aeb018-f679-5670-b210-de4f62ff2111,afe9d181-1c64-5cca-b4b7-a9fa24eceeea,botica,d6f21f11-7533-52dd-a4dc-2fb8e260c02c,LT-000020-202512-3530,2026-06-18,0,a6f6d890-1609-53fc-b4a6-5733ccc9d078
256d1cb7-7eda-5c44-a489-89220a7fb7ce,e8aeb018-f679-5670-b210-de4f62ff2111,012857cc-907f-5e7d-b8fb-796d2c9f1621,botica,8ecedccf-c230-516b-bbc2-108f7a6fbe63,LT-000028-202512-3531,2028-08-01,12,ab4a547f-e75d-5601-8171-00da4efa4b57
cf43f314-8d6b-577d-ae91-35b4cba05d8e,e8aeb018-f679-5670-b210-de4f62ff2111,1ca3438e-9e23-58f0-a35f-f15f7a23beb9,botica,7fb983e8-6848-5425-97a2-14da72722d0f,LT-000024-202512-3532,2028-09-04,0,c6617891-56ff-5690-89a4-1ece06685ff5
51c94357-e86a-57c6-b9c4-61c6cdec4fed,e8aeb018-f679-5670-b210-de4f62ff2111,5bbfdec8-65ae-59e6-b211-5eccb5b765fa,botica,26f7241d-a84e-5e4a-a43d-33eea1e54eea,LT-000006-202512-3533,2028-11-16,0,76d6c9f4-5d7d-53c0-bb1f-2a577383765a
afa53bf3-5edf-5018-82cc-630ea5df9278,e8aeb018-f679-5670-b210-de4f62ff2111,07371b94-955f-52a4-9bf9-f0a6ad2b4fa8,botica,43616d97-2221-569d-82eb-bcc14bcd6344,LT-000008-202512-3534,2028-01-29,0,ab4a547f-e75d-5601-8171-00da4efa4b57
46baa856-7e73-5b8b-a360-befbbd97ec15,e8aeb018-f679-5670-b210-de4f62ff2111,94e18241-54bd-5516-b36f-94ab6e323aca,botica,43616d97-2221-569d-82eb-bcc14bcd6344,LT-000013-202512-3535,2027-06-20,0,ab4a547f-e75d-5601-8171-00da4efa4b57
a5dc651a-7fae-541f-825f-72989c6a4123,e8aeb018-f679-5670-b210-de4f62ff2111,983871db-adfb-543e-b438-6b00044ffb64,botica,43616d97-2221-569d-82eb-bcc14bcd6344,LT-000015-202512-3536,2028-06-23,57,a6f6d890-1609-53fc-b4a6-5733ccc9d078
508d0994-7a55-50f2-9156-1966f5a09c42,e8aeb018-f679-5670-b210-de4f62ff2111,2082733c-4e17-51fe-bc8c-bf33d3ec5d7e,botica,43616d97-2221-569d-82eb-bcc14bcd6344,LT-000016-202512-3537,2028-04-17,34,76d6c9f4-5d7d-53c0-bb1f-2a577383765a
e6407e78-73dc-50e7-bfb4-5b4b8eaa7c27,e8aeb018-f679-5670-b210-de4f62ff2111,058c6382-bde2-59d1-93ff-20c6161a4736,botica,d6f21f11-7533-52dd-a4dc-2fb8e260c02c,LT-000009-202512-3538,2028-02-01,24,c6617891-56ff-5690-89a4-1ece06685ff5
ee5b5d40-a229-50db-8977-dface5abec64,e8aeb018-f679-5670-b210-de4f62ff2111,d2f08f15-f9f2-5f65-a740-b05896774467,botica,d6f21f11-7533-52dd-a4dc-2fb8e260c02c,LT-000017-202512-3539,2026-11-06,0,41cb90d0-d91a-57c2-b138-831be351479f
c60666f7-c22a-5709-aab0-b524470a21fe,e8aeb018-f679-5670-b210-de4f62ff2111,22231140-3780-5fe8-a7d4-d33f61d15111,botica,d6f21f11-7533-52dd-a4dc-2fb8e260c02c,LT-000023-202512-3540,2027-03-30,0,ab4a547f-e75d-5601-8171-00da4efa4b57
fa428579-4cc2-5398-95b1-7fdeb5327b16,e8aeb018-f679-5670-b210-de4f62ff2111,38adf7ba-476e-5e6b-9163-781a13538253,botica,8ecedccf-c230-516b-bbc2-108f7a6fbe63,LT-000012-202512-3541,2028-01-03,0,41cb90d0-d91a-57c2-b138-831be351479f
5f07fa74-a7d8-52ef-b320-b55abe80b938,e8aeb018-f679-5670-b210-de4f62ff2111,cd81184b-b6f1-563c-b463-36a69ddfb598,botica,8ecedccf-c230-516b-bbc2-108f7a6fbe63,LT-000026-202512-3542,2028-09-02,40,76d6c9f4-5d7d-53c0-bb1f-2a577383765a
43750fb8-b9eb-5373-ad58-1c8db95b72a0,e8aeb018-f679-5670-b210-de4f62ff2111,6baabed2-52d7-5cb7-bf74-86c7cb3e4f07,botica,7fb983e8-6848-5425-97a2-14da72722d0f,LT-000027-202512-3543,2026-12-27,0,41cb90d0-d91a-57c2-b138-831be351479f
8fc9cef4-6eeb-5489-b8bd-696a07082017,e8aeb018-f679-5670-b210-de4f62ff2111,6d807393-f4ab-5f76-b544-251eeda27ba3,botica,26f7241d-a84e-5e4a-a43d-33eea1e54eea,LT-000003-202512-3544,2027-10-09,0,ab4a547f-e75d-5601-8171-00da4efa4b57
aedc4c55-41af-550d-907b-d2ebfcc8f65a,e8aeb018-f679-5670-b210-de4f62ff2111,042e2e80-f954-5df4-97be-29dd428cc598,botica,43616d97-2221-569d-82eb-bcc14bcd6344,LT-000004-202512-3545,2028-10-09,0,c6617891-56ff-5690-89a4-1ece06685ff5
c33b9791-eed7-5db3-9478-1f28bb82d9d6,e8aeb018-f679-5670-b210-de4f62ff2111,1e9605fd-5682-52b6-8f05-e8a92dd44513,botica,43616d97-2221-569d-82eb-bcc14bcd6344,LT-000030-202512-3546,2026-09-20,0,a6f6d890-1609-53fc-b4a6-5733ccc9d078
bf150d44-3315-50ed-9371-f50fdaf5c4c2,e8aeb018-f679-5670-b210-de4f62ff2111,012857cc-907f-5e7d-b8fb-796d2c9f1621,botica,d6f21f11-7533-52dd-a4dc-2fb8e260c02c,LT-000028-202512-3547,2027-05-06,0,ab4a547f-e75d-5601-8171-00da4efa4b57
8b7e43e2-f9dc-570e-a433-7f81764eb150,e8aeb018-f679-5670-b210-de4f62ff2111,058c6382-bde2-59d1-93ff-20c6161a4736,botica,7fb983e8-6848-5425-97a2-14da72722d0f,LT-000009-202512-3548,2026-12-16,0,c6617891-56ff-5690-89a4-1ece06685ff5
b8663a15-c378-5289-82dc-eceb4f7c73d5,e8aeb018-f679-5670-b210-de4f62ff2111,38adf7ba-476e-5e6b-9163-781a13538253,botica,7fb983e8-6848-5425-97a2-14da72722d0f,LT-000012-202512-3549,2028-07-19,0,41cb90d0-d91a-57c2-b138-831be351479f
771ff083-36a9-5e7b-878f-aad828dab92f,e8aeb018-f679-5670-b210-de4f62ff2111,d2f08f15-f9f2-5f65-a740-b05896774467,botica,26f7241d-a84e-5e4a-a43d-33eea1e54eea,LT-000017-202512-3550,2026-06-29,0,41cb90d0-d91a-57c2-b138-831be351479f
15969730-846f-5000-bc0d-7bc3de1e6f21,e8aeb018-f679-5670-b210-de4f62ff2111,22231140-3780-5fe8-a7d4-d33f61d15111,botica,26f7241d-a84e-5e4a-a43d-33eea1e54eea,LT-000023-202512-3551,2028-10-04,0,ab4a547f-e75d-5601-8171-00da4efa4b57
9c0bfef9-caa1-571b-adeb-9d83591be9db,e8aeb018-f679-5670-b210-de4f62ff2111,82cd11ba-d1a0-58b1-b14f-edd741f36e87,botica,26f7241d-a84e-5e4a-a43d-33eea1e54eea,LT-000007-202512-3552,2028-11-25,0,41cb90d0-d91a-57c2-b138-831be351479f
0c1a83a7-1687-5b8a-9115-ab5a667d7223,e8aeb018-f679-5670-b210-de4f62ff2111,38adf7ba-476e-5e6b-9163-781a13538253,botica,26f7241d-a84e-5e4a-a43d-33eea1e54eea,LT-000012-202512-3553,2028-11-10,35,41cb90d0-d91a-57c2-b138-831be351479f
973e1e5b-1ec8-5026-afe9-32e508168308,e8aeb018-f679-5670-b210-de4f62ff2111,94e18241-54bd-5516-b36f-94ab6e323aca,botica,26f7241d-a84e-5e4a-a43d-33eea1e54eea,LT-000013-202512-3554,2027-10-11,0,ab4a547f-e75d-5601-8171-00da4efa4b57
8e9c07c0-41a8-5007-bd6c-4870747eb2e0,e8aeb018-f679-5670-b210-de4f62ff2111,2933d8b7-2438-521b-b38d-d3a5224f87fc,botica,43616d97-2221-569d-82eb-bcc14bcd6344,LT-000002-202512-3555,2028-04-04,0,41cb90d0-d91a-57c2-b138-831be351479f
19b6f325-a5d7-513a-bbc7-92b438a970c0,e8aeb018-f679-5670-b210-de4f62ff2111,c0cf5e5c-b5c9-585a-8e79-d9830bc954f6,botica,7fb983e8-6848-5425-97a2-14da72722d0f,LT-000011-202512-3556,2028-01-06,0,76d6c9f4-5d7d-53c0-bb1f-2a577383765a
8e261b6f-b3ac-5a19-844d-86b7f1e779a6,e8aeb018-f679-5670-b210-de4f62ff2111,042e2e80-f954-5df4-97be-29dd428cc598,botica,26f7241d-a84e-5e4a-a43d-33eea1e54eea,LT-000004-202512-3557,2028-06-10,29,c6617891-56ff-5690-89a4-1ece06685ff5
d41cac9b-b784-5545-843b-e08b61e75b42,e8aeb018-f679-5670-b210-de4f62ff2111,2082733c-4e17-51fe-bc8c-bf33d3ec5d7e,botica,26f7241d-a84e-5e4a-a43d-33eea1e54eea,LT-000016-202512-3558,2028-06-10,0,76d6c9f4-5d7d-53c0-bb1f-2a577383765a
0f42306f-7343-532f-885e-28689a4a5486,e8aeb018-f679-5670-b210-de4f62ff2111,2933d8b7-2438-521b-b38d-d3a5224f87fc,botica,d6f21f11-7533-52dd-a4dc-2fb8e260c02c,LT-000002-202512-3559,2026-12-12,0,41cb90d0-d91a-57c2-b138-831be351479f
553a95fd-5b8e-5f4e-be95-538c5a6130bd,e8aeb018-f679-5670-b210-de4f62ff2111,d0ae6d2d-e561-56b3-a2c1-113c1c56ae81,botica,8ecedccf-c230-516b-bbc2-108f7a6fbe63,LT-000021-202512-3560,2027-07-08,0,76d6c9f4-5d7d-53c0-bb1f-2a577383765a
fae6a624-1b23-5493-bb14-1dee93dfb916,e8aeb018-f679-5670-b210-de4f62ff2111,4d9429b6-2ebf-5b5d-ac48-f779d5a1e270,botica,7fb983e8-6848-5425-97a2-14da72722d0f,LT-000010-202512-3561,2028-11-10,15,a6f6d890-1609-53fc-b4a6-5733ccc9d078
63940e37-bbfc-5c14-892d-76606bb5e9a9,e8aeb018-f679-5670-b210-de4f62ff2111,d3961f5a-3ea7-53d3-89f4-78b65b0c0c6b,botica,8ecedccf-c230-516b-bbc2-108f7a6fbe63,LT-000001-202512-3562,2028-06-09,53,76d6c9f4-5d7d-53c0-bb1f-2a577383765a
dff0b6eb-d727-5ebd-84b4-67ca5fe09377,e8aeb018-f679-5670-b210-de4f62ff2111,6d807393-f4ab-5f76-b544-251eeda27ba3,botica,8ecedccf-c230-516b-bbc2-108f7a6fbe63,LT-000003-202512-3563,2027-10-09,0,ab4a547f-e75d-5601-8171-00da4efa4b57
fab580d9-5b6a-5484-bf0c-8e52c89bc396,e8aeb018-f679-5670-b210-de4f62ff2111,0ec23038-d3ab-588c-bbd6-1f5c744cdde1,botica,7fb983e8-6848-5425-97a2-14da72722d0f,LT-000025-202512-3564,2028-06-22,62,a6f6d890-1609-53fc-b4a6-5733ccc9d078
6c973e9b-ed73-5f15-9d1d-eb83423289cc,e8aeb018-f679-5670-b210-de4f62ff2111,012857cc-907f-5e7d-b8fb-796d2c9f1621,botica,7fb983e8-6848-5425-97a2-14da72722d0f,LT-000028-202512-3565,2027-07-01,0,ab4a547f-e75d-5601-8171-00da4efa4b57
dfc5e728-14f3-5c4e-93a8-c45b6a1f7485,e8aeb018-f679-5670-b210-de4f62ff2111,d3961f5a-3ea7-53d3-89f4-78b65b0c0c6b,botica,43616d97-2221-569d-82eb-bcc14bcd6344,LT-000001-202512-3566,2028-02-05,0,76d6c9f4-5d7d-53c0-bb1f-2a577383765a
bfb6d4ac-9434-5056-a860-8cc4bc624d1f,e8aeb018-f679-5670-b210-de4f62ff2111,9928e9a1-d9fc-5fdd-86c2-8909352fd7fe,botica,43616d97-2221-569d-82eb-bcc14bcd6344,LT-000005-202512-3567,2027-09-01,0,a6f6d890-1609-53fc-b4a6-5733ccc9d078
fb98a652-319b-5aaa-9078-f8c105ba2263,e8aeb018-f679-5670-b210-de4f62ff2111,4d9429b6-2ebf-5b5d-ac48-f779d5a1e270,botica,43616d97-2221-569d-82eb-bcc14bcd6344,LT-000010-202512-3568,2028-04-08,0,a6f6d890-1609-53fc-b4a6-5733ccc9d078
0af36f98-1b41-5f2f-b942-20aefa182e9c,e8aeb018-f679-5670-b210-de4f62ff2111,0ec23038-d3ab-588c-bbd6-1f5c744cdde1,botica,d6f21f11-7533-52dd-a4dc-2fb8e260c02c,LT-000025-202512-3569,2028-06-14,0,a6f6d890-1609-53fc-b4a6-5733ccc9d078
02e59eba-d06b-52a5-8610-7170258f889d,e8aeb018-f679-5670-b210-de4f62ff2111,2933d8b7-2438-521b-b38d-d3a5224f87fc,botica,8ecedccf-c230-516b-bbc2-108f7a6fbe63,LT-000002-202512-3570,2028-10-16,0,41cb90d0-d91a-57c2-b138-831be351479f
9231a7ec-26c9-59af-ad10-0230874f1363,e8aeb018-f679-5670-b210-de4f62ff2111,058c6382-bde2-59d1-93ff-20c6161a4736,botica,8ecedccf-c230-516b-bbc2-108f7a6fbe63,LT-000009-202512-3571,2028-06-15,0,c6617891-56ff-5690-89a4-1ece06685ff5
cb4344d4-cdb6-570d-a338-45a49a009d58,e8aeb018-f679-5670-b210-de4f62ff2111,2082733c-4e17-51fe-bc8c-bf33d3ec5d7e,botica,8ecedccf-c230-516b-bbc2-108f7a6fbe63,LT-000016-202512-3572,2027-10-10,0,76d6c9f4-5d7d-53c0-bb1f-2a577383765a
e61f1ffa-3eaf-5fb0-be56-552c7483408e,e8aeb018-f679-5670-b210-de4f62ff2111,d9506935-1215-5499-93c0-8bdd86ab9418,botica,7fb983e8-6848-5425-97a2-14da72722d0f,LT-000029-202512-3573,2028-02-25,0,c6617891-56ff-5690-89a4-1ece06685ff5
5d164e0c-e18d-5267-a53e-6ba8606cc63c,e8aeb018-f679-5670-b210-de4f62ff2111,1e9605fd-5682-52b6-8f05-e8a92dd44513,botica,26f7241d-a84e-5e4a-a43d-33eea1e54eea,LT-000030-202512-3574,2027-06-01,0,a6f6d890-1609-53fc-b4a6-5733ccc9d078
da5b4a8c-376c-5014-930b-ccc0a158c181,e8aeb018-f679-5670-b210-de4f62ff2111,afe9d181-1c64-5cca-b4b7-a9fa24eceeea,botica,43616d97-2221-569d-82eb-bcc14bcd6344,LT-000020-202512-3575,2027-01-01,0,a6f6d890-1609-53fc-b4a6-5733ccc9d078
bc2a4076-2d99-55f4-9bac-3cddb0930584,e8aeb018-f679-5670-b210-de4f62ff2111,38adf7ba-476e-5e6b-9163-781a13538253,botica,d6f21f11-7533-52dd-a4dc-2fb8e260c02c,LT-000012-202512-3576,2027-02-12,0,41cb90d0-d91a-57c2-b138-831be351479f
24fffee4-a57e-5fb9-8406-f10df53fef61,e8aeb018-f679-5670-b210-de4f62ff2111,042e2e80-f954-5df4-97be-29dd428cc598,botica,7fb983e8-6848-5425-97a2-14da72722d0f,LT-000004-202512-3577,2026-11-10,0,c6617891-56ff-5690-89a4-1ece06685ff5
720091e8-caac-594c-9fda-5da9f384fdfc,e8aeb018-f679-5670-b210-de4f62ff2111,5bbfdec8-65ae-59e6-b211-5eccb5b765fa,botica,7fb983e8-6848-5425-97a2-14da72722d0f,LT-000006-202512-3578,2027-05-19,0,76d6c9f4-5d7d-53c0-bb1f-2a577383765a
23c0186b-4cc4-5943-984a-572b5f251d32,e8aeb018-f679-5670-b210-de4f62ff2111,2897aac2-f219-5167-b800-73fac27f6b85,botica,26f7241d-a84e-5e4a-a43d-33eea1e54eea,LT-000022-202512-3579,2028-08-05,0,41cb90d0-d91a-57c2-b138-831be351479f
1161074d-556a-58ff-8e49-7ea8752fa29b,e8aeb018-f679-5670-b210-de4f62ff2111,38adf7ba-476e-5e6b-9163-781a13538253,botica,43616d97-2221-569d-82eb-bcc14bcd6344,LT-000012-202512-3580,2027-07-22,0,41cb90d0-d91a-57c2-b138-831be351479f
a7cbb6a9-349c-5c89-91d5-1058d5c442be,e8aeb018-f679-5670-b210-de4f62ff2111,d3961f5a-3ea7-53d3-89f4-78b65b0c0c6b,botica,d6f21f11-7533-52dd-a4dc-2fb8e260c02c,LT-000001-202512-3581,2028-07-30,0,76d6c9f4-5d7d-53c0-bb1f-2a577383765a
81ea9f5e-824f-5cb1-8c1f-45c3da635f6a,e8aeb018-f679-5670-b210-de4f62ff2111,94e18241-54bd-5516-b36f-94ab6e323aca,botica,8ecedccf-c230-516b-bbc2-108f7a6fbe63,LT-000013-202512-3582,2027-04-11,0,ab4a547f-e75d-5601-8171-00da4efa4b57
a3fcdccb-bd23-58e1-bd3a-9ea06c940dc6,e8aeb018-f679-5670-b210-de4f62ff2111,058c6382-bde2-59d1-93ff-20c6161a4736,botica,26f7241d-a84e-5e4a-a43d-33eea1e54eea,LT-000009-202512-3583,2026-08-11,0,c6617891-56ff-5690-89a4-1ece06685ff5
29962f20-62c0-5f4d-b937-575eb0228074,e8aeb018-f679-5670-b210-de4f62ff2111,87b859e0-789a-56e6-b1ba-4fe76221d3bf,botica,43616d97-2221-569d-82eb-bcc14bcd6344,LT-000014-202512-3584,2026-08-27,0,c6617891-56ff-5690-89a4-1ece06685ff5
3b8b3d11-2a25-5e10-a784-201c8a453773,e8aeb018-f679-5670-b210-de4f62ff2111,2897aac2-f219-5167-b800-73fac27f6b85,botica,43616d97-2221-569d-82eb-bcc14bcd6344,LT-000022-202512-3585,2026-12-10,0,41cb90d0-d91a-57c2-b138-831be351479f
7db8ea28-dee8-5248-a0a0-81f2f96b2a14,e8aeb018-f679-5670-b210-de4f62ff2111,97d26d91-c562-5f27-9ebd-285e89c8f4bf,botica,d6f21f11-7533-52dd-a4dc-2fb8e260c02c,LT-000018-202512-3586,2028-06-22,0,ab4a547f-e75d-5601-8171-00da4efa4b57
027aa7df-d055-56c0-a9f8-f73c66aba1db,e8aeb018-f679-5670-b210-de4f62ff2111,5bbfdec8-65ae-59e6-b211-5eccb5b765fa,botica,8ecedccf-c230-516b-bbc2-108f7a6fbe63,LT-000006-202512-3587,2028-07-16,0,76d6c9f4-5d7d-53c0-bb1f-2a577383765a
c4280833-a405-517d-b8dc-f2e4e734224a,e8aeb018-f679-5670-b210-de4f62ff2111,6d807393-f4ab-5f76-b544-251eeda27ba3,botica,7fb983e8-6848-5425-97a2-14da72722d0f,LT-000003-202512-3588,2026-09-18,0,ab4a547f-e75d-5601-8171-00da4efa4b57
9fc77da8-46cb-507b-a37f-7ca3a498561e,e8aeb018-f679-5670-b210-de4f62ff2111,94e18241-54bd-5516-b36f-94ab6e323aca,botica,7fb983e8-6848-5425-97a2-14da72722d0f,LT-000013-202512-3589,2027-12-18,0,ab4a547f-e75d-5601-8171-00da4efa4b57
564a519f-c24b-568d-a745-a6b6bdf17b4e,e8aeb018-f679-5670-b210-de4f62ff2111,afe9d181-1c64-5cca-b4b7-a9fa24eceeea,botica,7fb983e8-6848-5425-97a2-14da72722d0f,LT-000020-202512-3590,2026-10-03,0,a6f6d890-1609-53fc-b4a6-5733ccc9d078
c1f26d91-5353-56c7-a1c7-b16d1b528c75,e8aeb018-f679-5670-b210-de4f62ff2111,d3961f5a-3ea7-53d3-89f4-78b65b0c0c6b,botica,26f7241d-a84e-5e4a-a43d-33eea1e54eea,LT-000001-202512-3591,2028-10-28,0,76d6c9f4-5d7d-53c0-bb1f-2a577383765a
6b6adcc3-7406-5cba-bee0-1a0f35935cec,e8aeb018-f679-5670-b210-de4f62ff2111,d9506935-1215-5499-93c0-8bdd86ab9418,botica,26f7241d-a84e-5e4a-a43d-33eea1e54eea,LT-000029-202512-3592,2028-06-06,0,c6617891-56ff-5690-89a4-1ece06685ff5
25e8bc7e-3b63-5cef-88e3-2099f4fab8ed,e8aeb018-f679-5670-b210-de4f62ff2111,c0cf5e5c-b5c9-585a-8e79-d9830bc954f6,botica,d6f21f11-7533-52dd-a4dc-2fb8e260c02c,LT-000011-202512-3593,2027-05-27,0,76d6c9f4-5d7d-53c0-bb1f-2a577383765a
6440f29f-f2a6-5523-ba77-cae763e0652c,e8aeb018-f679-5670-b210-de4f62ff2111,94e18241-54bd-5516-b36f-94ab6e323aca,botica,d6f21f11-7533-52dd-a4dc-2fb8e260c02c,LT-000013-202512-3594,2028-09-12,0,ab4a547f-e75d-5601-8171-00da4efa4b57
57baeaeb-39dd-52c0-b3b3-7a85f85ff1ce,e8aeb018-f679-5670-b210-de4f62ff2111,87b859e0-789a-56e6-b1ba-4fe76221d3bf,botica,d6f21f11-7533-52dd-a4dc-2fb8e260c02c,LT-000014-202512-3595,2027-09-27,0,c6617891-56ff-5690-89a4-1ece06685ff5
eb042466-ca07-52ec-8458-c1f5e898754f,e8aeb018-f679-5670-b210-de4f62ff2111,0ec23038-d3ab-588c-bbd6-1f5c744cdde1,botica,8ecedccf-c230-516b-bbc2-108f7a6fbe63,LT-000025-202512-3596,2028-04-08,62,a6f6d890-1609-53fc-b4a6-5733ccc9d078
cfd3736e-34ed-56ec-9320-ba6e3ca9d381,e8aeb018-f679-5670-b210-de4f62ff2111,97d26d91-c562-5f27-9ebd-285e89c8f4bf,botica,7fb983e8-6848-5425-97a2-14da72722d0f,LT-000018-202512-3597,2027-01-01,0,ab4a547f-e75d-5601-8171-00da4efa4b57
d41018c4-f5f9-5b70-9fee-86664c257380,e8aeb018-f679-5670-b210-de4f62ff2111,22231140-3780-5fe8-a7d4-d33f61d15111,botica,7fb983e8-6848-5425-97a2-14da72722d0f,LT-000023-202512-3598,2027-09-15,0,ab4a547f-e75d-5601-8171-00da4efa4b57
3d8e4563-dd32-5e7d-bd64-c3d202af9b10,e8aeb018-f679-5670-b210-de4f62ff2111,87b859e0-789a-56e6-b1ba-4fe76221d3bf,botica,26f7241d-a84e-5e4a-a43d-33eea1e54eea,LT-000014-202512-3599,2028-08-11,0,c6617891-56ff-5690-89a4-1ece06685ff5
8cd8fc98-1a88-50d1-85a5-2831bd525da5,e8aeb018-f679-5670-b210-de4f62ff2111,82cd11ba-d1a0-58b1-b14f-edd741f36e87,botica,d6f21f11-7533-52dd-a4dc-2fb8e260c02c,LT-000007-202512-3600,2028-08-06,0,41cb90d0-d91a-57c2-b138-831be351479f
260971bc-5bf5-5fc4-b59d-73670dabe3c8,e8aeb018-f679-5670-b210-de4f62ff2111,cd81184b-b6f1-563c-b463-36a69ddfb598,botica,d6f21f11-7533-52dd-a4dc-2fb8e260c02c,LT-000026-202512-3601,2026-07-25,0,76d6c9f4-5d7d-53c0-bb1f-2a577383765a
32282891-324b-5db5-9943-0ba2263cf0b6,e8aeb018-f679-5670-b210-de4f62ff2111,9928e9a1-d9fc-5fdd-86c2-8909352fd7fe,botica,7fb983e8-6848-5425-97a2-14da72722d0f,LT-000005-202512-3602,2028-07-04,0,a6f6d890-1609-53fc-b4a6-5733ccc9d078
f13c6819-1c4f-5fc5-8b74-1fb2e2b27bea,e8aeb018-f679-5670-b210-de4f62ff2111,82cd11ba-d1a0-58b1-b14f-edd741f36e87,botica,7fb983e8-6848-5425-97a2-14da72722d0f,LT-000007-202512-3603,2027-01-20,0,41cb90d0-d91a-57c2-b138-831be351479f
bd1e7639-302b-50db-8c03-e743a40afc72,e8aeb018-f679-5670-b210-de4f62ff2111,4d9429b6-2ebf-5b5d-ac48-f779d5a1e270,botica,8ecedccf-c230-516b-bbc2-108f7a6fbe63,LT-000010-202512-3604,2027-04-10,0,a6f6d890-1609-53fc-b4a6-5733ccc9d078
63f9a6ff-f9ca-5f80-bfd7-18ad100e9387,e8aeb018-f679-5670-b210-de4f62ff2111,38adf7ba-476e-5e6b-9163-781a13538253,botica,8ecedccf-c230-516b-bbc2-108f7a6fbe63,LT-000012-202512-3605,2026-12-12,0,41cb90d0-d91a-57c2-b138-831be351479f
6494cabc-d63e-5cd3-a742-d5a53ccb7d8f,e8aeb018-f679-5670-b210-de4f62ff2111,87b859e0-789a-56e6-b1ba-4fe76221d3bf,botica,8ecedccf-c230-516b-bbc2-108f7a6fbe63,LT-000014-202512-3606,2028-08-09,0,c6617891-56ff-5690-89a4-1ece06685ff5
bac23465-9fae-5812-a288-6e2aeaa77aa6,e8aeb018-f679-5670-b210-de4f62ff2111,4d9429b6-2ebf-5b5d-ac48-f779d5a1e270,botica,d6f21f11-7533-52dd-a4dc-2fb8e260c02c,LT-000010-202512-3607,2027-05-17,0,a6f6d890-1609-53fc-b4a6-5733ccc9d078
80daae16-920c-5995-bf95-653b990b9950,e8aeb018-f679-5670-b210-de4f62ff2111,2933d8b7-2438-521b-b38d-d3a5224f87fc,botica,7fb983e8-6848-5425-97a2-14da72722d0f,LT-000002-202512-3608,2028-08-12,0,41cb90d0-d91a-57c2-b138-831be351479f
a5d3e93a-e62e-5dbc-af76-98cf8674066a,e8aeb018-f679-5670-b210-de4f62ff2111,87b859e0-789a-56e6-b1ba-4fe76221d3bf,botica,7fb983e8-6848-5425-97a2-14da72722d0f,LT-000014-202512-3609,2028-05-18,0,c6617891-56ff-5690-89a4-1ece06685ff5
ef2baa6f-270e-5482-a095-ef88c9d87ead,e8aeb018-f679-5670-b210-de4f62ff2111,d2f08f15-f9f2-5f65-a740-b05896774467,botica,7fb983e8-6848-5425-97a2-14da72722d0f,LT-000017-202512-3610,2027-11-02,0,41cb90d0-d91a-57c2-b138-831be351479f
97c7096e-f980-58da-a76d-4c44a0f6cf1c,e8aeb018-f679-5670-b210-de4f62ff2111,9928e9a1-d9fc-5fdd-86c2-8909352fd7fe,botica,26f7241d-a84e-5e4a-a43d-33eea1e54eea,LT-000005-202512-3611,2027-03-20,0,a6f6d890-1609-53fc-b4a6-5733ccc9d078
9e129c4e-8574-5892-b7a6-901e0b352c45,e8aeb018-f679-5670-b210-de4f62ff2111,058c6382-bde2-59d1-93ff-20c6161a4736,botica,43616d97-2221-569d-82eb-bcc14bcd6344,LT-000009-202512-3612,2027-05-02,0,c6617891-56ff-5690-89a4-1ece06685ff5
9b96868b-58a0-5735-8913-84e29ce93bc0,e8aeb018-f679-5670-b210-de4f62ff2111,0ec23038-d3ab-588c-bbd6-1f5c744cdde1,botica,43616d97-2221-569d-82eb-bcc14bcd6344,LT-000025-202512-3613,2028-01-19,0,a6f6d890-1609-53fc-b4a6-5733ccc9d078
0040701d-1662-5368-bac2-40fe1574551e,e8aeb018-f679-5670-b210-de4f62ff2111,6baabed2-52d7-5cb7-bf74-86c7cb3e4f07,botica,43616d97-2221-569d-82eb-bcc14bcd6344,LT-000027-202512-3614,2028-06-09,0,41cb90d0-d91a-57c2-b138-831be351479f
c855f83e-52eb-5cf0-a4f0-88068f63c1cf,e8aeb018-f679-5670-b210-de4f62ff2111,5bbfdec8-65ae-59e6-b211-5eccb5b765fa,botica,43616d97-2221-569d-82eb-bcc14bcd6344,LT-000006-202512-3615,2028-12-09,45,76d6c9f4-5d7d-53c0-bb1f-2a577383765a
1f0e7968-fe66-5199-837e-0ee571342e0a,e8aeb018-f679-5670-b210-de4f62ff2111,82cd11ba-d1a0-58b1-b14f-edd741f36e87,botica,43616d97-2221-569d-82eb-bcc14bcd6344,LT-000007-202512-3616,2028-11-14,43,41cb90d0-d91a-57c2-b138-831be351479f
91fe35a2-af23-5299-9bec-8a311b8df80c,e8aeb018-f679-5670-b210-de4f62ff2111,94e18241-54bd-5516-b36f-94ab6e323aca,botica,43616d97-2221-569d-82eb-bcc14bcd6344,LT-000013-202512-3617,2026-11-27,0,ab4a547f-e75d-5601-8171-00da4efa4b57
1645c8bd-4de1-58f7-a042-03c1a64cecce,e8aeb018-f679-5670-b210-de4f62ff2111,1ca3438e-9e23-58f0-a35f-f15f7a23beb9,botica,43616d97-2221-569d-82eb-bcc14bcd6344,LT-000024-202512-3618,2027-11-24,0,c6617891-56ff-5690-89a4-1ece06685ff5
1967b71f-5d41-5a6a-a9b1-e7971dd4a3b4,e8aeb018-f679-5670-b210-de4f62ff2111,012857cc-907f-5e7d-b8fb-796d2c9f1621,botica,43616d97-2221-569d-82eb-bcc14bcd6344,LT-000028-202512-3619,2028-03-04,0,ab4a547f-e75d-5601-8171-00da4efa4b57
a699548f-7aac-5f7b-bc6f-f5a076e1173a,e8aeb018-f679-5670-b210-de4f62ff2111,2082733c-4e17-51fe-bc8c-bf33d3ec5d7e,botica,d6f21f11-7533-52dd-a4dc-2fb8e260c02c,LT-000016-202512-3620,2028-08-20,0,76d6c9f4-5d7d-53c0-bb1f-2a577383765a
f52b131a-f028-5fce-9beb-cf83ca926286,e8aeb018-f679-5670-b210-de4f62ff2111,2eb3a104-e572-583a-afa0-156ee0dc4cce,botica,d6f21f11-7533-52dd-a4dc-2fb8e260c02c,LT-000019-202512-3621,2028-06-06,45,c6617891-56ff-5690-89a4-1ece06685ff5
470fc546-c656-5d14-a620-e1320aa95c28,e8aeb018-f679-5670-b210-de4f62ff2111,1e9605fd-5682-52b6-8f05-e8a92dd44513,botica,d6f21f11-7533-52dd-a4dc-2fb8e260c02c,LT-000030-202512-3622,2028-04-04,0,a6f6d890-1609-53fc-b4a6-5733ccc9d078
d0a4d470-07e7-5fbc-a385-10b6bb74c42f,e8aeb018-f679-5670-b210-de4f62ff2111,042e2e80-f954-5df4-97be-29dd428cc598,botica,8ecedccf-c230-516b-bbc2-108f7a6fbe63,LT-000004-202512-3623,2028-06-02,27,c6617891-56ff-5690-89a4-1ece06685ff5
7c726354-2582-5697-8372-2d26e3e6bd97,e8aeb018-f679-5670-b210-de4f62ff2111,983871db-adfb-543e-b438-6b00044ffb64,botica,8ecedccf-c230-516b-bbc2-108f7a6fbe63,LT-000015-202512-3624,2028-01-22,0,a6f6d890-1609-53fc-b4a6-5733ccc9d078
258060e8-9187-5a9a-8c77-ba0c8caf72cb,e8aeb018-f679-5670-b210-de4f62ff2111,983871db-adfb-543e-b438-6b00044ffb64,botica,7fb983e8-6848-5425-97a2-14da72722d0f,LT-000015-202512-3625,2026-11-29,0,a6f6d890-1609-53fc-b4a6-5733ccc9d078
cd4a0f05-7585-565e-929b-92debb609404,e8aeb018-f679-5670-b210-de4f62ff2111,d0ae6d2d-e561-56b3-a2c1-113c1c56ae81,botica,7fb983e8-6848-5425-97a2-14da72722d0f,LT-000021-202512-3626,2026-07-17,0,76d6c9f4-5d7d-53c0-bb1f-2a577383765a
02765841-1550-5e8a-8079-52eb8ccfc8be,e8aeb018-f679-5670-b210-de4f62ff2111,4d9429b6-2ebf-5b5d-ac48-f779d5a1e270,botica,26f7241d-a84e-5e4a-a43d-33eea1e54eea,LT-000010-202512-3627,2026-12-15,0,a6f6d890-1609-53fc-b4a6-5733ccc9d078
2bcb50d3-aaf3-51a1-85ed-4bff8bdf706e,e8aeb018-f679-5670-b210-de4f62ff2111,97d26d91-c562-5f27-9ebd-285e89c8f4bf,botica,26f7241d-a84e-5e4a-a43d-33eea1e54eea,LT-000018-202512-3628,2028-02-29,0,ab4a547f-e75d-5601-8171-00da4efa4b57
ff6c04d5-64f4-550d-b7d5-15f27f10daef,e8aeb018-f679-5670-b210-de4f62ff2111,0ec23038-d3ab-588c-bbd6-1f5c744cdde1,botica,26f7241d-a84e-5e4a-a43d-33eea1e54eea,LT-000025-202512-3629,2027-08-22,0,a6f6d890-1609-53fc-b4a6-5733ccc9d078
c0699222-9ebe-556b-84a4-45b0e3db207f,e8aeb018-f679-5670-b210-de4f62ff2111,012857cc-907f-5e7d-b8fb-796d2c9f1621,botica,26f7241d-a84e-5e4a-a43d-33eea1e54eea,LT-000028-202512-3630,2027-06-14,0,ab4a547f-e75d-5601-8171-00da4efa4b57
ba664860-684b-5e63-a714-faa453e58a05,e8aeb018-f679-5670-b210-de4f62ff2111,1ca3438e-9e23-58f0-a35f-f15f7a23beb9,botica,8ecedccf-c230-516b-bbc2-108f7a6fbe63,LT-000024-202512-3631,2028-06-07,0,c6617891-56ff-5690-89a4-1ece06685ff5
e06345b7-31be-5d4c-b5b0-8a9cfd3f7436,e8aeb018-f679-5670-b210-de4f62ff2111,d3961f5a-3ea7-53d3-89f4-78b65b0c0c6b,botica,7fb983e8-6848-5425-97a2-14da72722d0f,LT-000001-202512-3632,2028-09-01,0,76d6c9f4-5d7d-53c0-bb1f-2a577383765a
bff6adf2-9f41-53e5-845c-6db444cc6b9f,e8aeb018-f679-5670-b210-de4f62ff2111,1ca3438e-9e23-58f0-a35f-f15f7a23beb9,botica,26f7241d-a84e-5e4a-a43d-33eea1e54eea,LT-000024-202512-3633,2027-08-15,0,c6617891-56ff-5690-89a4-1ece06685ff5
64bfa8cd-9b1e-5daa-9579-33e58f765094,e8aeb018-f679-5670-b210-de4f62ff2111,6d807393-f4ab-5f76-b544-251eeda27ba3,botica,43616d97-2221-569d-82eb-bcc14bcd6344,LT-000003-202512-3634,2027-11-26,0,ab4a547f-e75d-5601-8171-00da4efa4b57
fab0a249-5f22-5d00-b637-79d093b344a0,e8aeb018-f679-5670-b210-de4f62ff2111,97d26d91-c562-5f27-9ebd-285e89c8f4bf,botica,43616d97-2221-569d-82eb-bcc14bcd6344,LT-000018-202512-3635,2027-12-09,0,ab4a547f-e75d-5601-8171-00da4efa4b57
912db24a-068d-571b-89b1-be10d2601153,e8aeb018-f679-5670-b210-de4f62ff2111,5bbfdec8-65ae-59e6-b211-5eccb5b765fa,botica,d6f21f11-7533-52dd-a4dc-2fb8e260c02c,LT-000006-202512-3636,2026-10-28,0,76d6c9f4-5d7d-53c0-bb1f-2a577383765a
1df39428-38f7-59a6-a2f6-0cdf4bbfdd55,e8aeb018-f679-5670-b210-de4f62ff2111,9928e9a1-d9fc-5fdd-86c2-8909352fd7fe,botica,8ecedccf-c230-516b-bbc2-108f7a6fbe63,LT-000005-202512-3637,2027-04-20,0,a6f6d890-1609-53fc-b4a6-5733ccc9d078
7d30567c-3076-5f0d-8a45-480d5fa63ecc,e8aeb018-f679-5670-b210-de4f62ff2111,07371b94-955f-52a4-9bf9-f0a6ad2b4fa8,botica,8ecedccf-c230-516b-bbc2-108f7a6fbe63,LT-000008-202512-3638,2027-05-11,0,ab4a547f-e75d-5601-8171-00da4efa4b57
7e309e76-31df-5d32-adbf-32fb94425e17,e8aeb018-f679-5670-b210-de4f62ff2111,97d26d91-c562-5f27-9ebd-285e89c8f4bf,botica,8ecedccf-c230-516b-bbc2-108f7a6fbe63,LT-000018-202512-3639,2028-01-17,0,ab4a547f-e75d-5601-8171-00da4efa4b57
7c9c108a-e4d0-5d3e-9259-f2645aa88a03,e8aeb018-f679-5670-b210-de4f62ff2111,c0cf5e5c-b5c9-585a-8e79-d9830bc954f6,botica,26f7241d-a84e-5e4a-a43d-33eea1e54eea,LT-000011-202512-3640,2028-03-24,0,76d6c9f4-5d7d-53c0-bb1f-2a577383765a
cbb756cd-658c-55a1-b071-cc10eda403c9,e8aeb018-f679-5670-b210-de4f62ff2111,94e18241-54bd-5516-b36f-94ab6e323aca,botica,26f7241d-a84e-5e4a-a43d-33eea1e54eea,LT-000013-202512-3641,2027-02-25,0,ab4a547f-e75d-5601-8171-00da4efa4b57
b9791703-83f7-54c8-ba6a-fc9cd5d107f8,e8aeb018-f679-5670-b210-de4f62ff2111,afe9d181-1c64-5cca-b4b7-a9fa24eceeea,botica,26f7241d-a84e-5e4a-a43d-33eea1e54eea,LT-000020-202512-3642,2027-05-13,0,a6f6d890-1609-53fc-b4a6-5733ccc9d078
8604ecb3-ce00-551a-977f-3b8e7fdaf578,e8aeb018-f679-5670-b210-de4f62ff2111,d2f08f15-f9f2-5f65-a740-b05896774467,botica,43616d97-2221-569d-82eb-bcc14bcd6344,LT-000017-202512-3643,2027-02-02,0,41cb90d0-d91a-57c2-b138-831be351479f
677fa89d-4058-54df-a994-180ed46d2b21,e8aeb018-f679-5670-b210-de4f62ff2111,1ca3438e-9e23-58f0-a35f-f15f7a23beb9,botica,d6f21f11-7533-52dd-a4dc-2fb8e260c02c,LT-000024-202512-3644,2027-07-11,0,c6617891-56ff-5690-89a4-1ece06685ff5
c3801694-df46-5fcb-b8ba-07c12319b03f,e8aeb018-f679-5670-b210-de4f62ff2111,2eb3a104-e572-583a-afa0-156ee0dc4cce,botica,26f7241d-a84e-5e4a-a43d-33eea1e54eea,LT-000019-202512-3645,2027-10-23,0,c6617891-56ff-5690-89a4-1ece06685ff5
e6297e5a-6b6a-560d-ada7-d003d52237e4,e8aeb018-f679-5670-b210-de4f62ff2111,6d807393-f4ab-5f76-b544-251eeda27ba3,botica,d6f21f11-7533-52dd-a4dc-2fb8e260c02c,LT-000003-202512-3646,2026-08-17,0,ab4a547f-e75d-5601-8171-00da4efa4b57
499c3c60-0b6f-535b-9f76-784a65380683,e8aeb018-f679-5670-b210-de4f62ff2111,983871db-adfb-543e-b438-6b00044ffb64,botica,d6f21f11-7533-52dd-a4dc-2fb8e260c02c,LT-000015-202512-3647,2027-04-03,0,a6f6d890-1609-53fc-b4a6-5733ccc9d078
d61b71e7-f29e-585f-ba69-cc633fa78277,e8aeb018-f679-5670-b210-de4f62ff2111,2897aac2-f219-5167-b800-73fac27f6b85,botica,d6f21f11-7533-52dd-a4dc-2fb8e260c02c,LT-000022-202512-3648,2028-08-22,25,41cb90d0-d91a-57c2-b138-831be351479f
ba60b6b4-32c8-586d-9e72-7ae11176e5b5,e8aeb018-f679-5670-b210-de4f62ff2111,6baabed2-52d7-5cb7-bf74-86c7cb3e4f07,botica,d6f21f11-7533-52dd-a4dc-2fb8e260c02c,LT-000027-202512-3649,2027-04-23,0,41cb90d0-d91a-57c2-b138-831be351479f
017ffb5c-c77a-54c3-a7c7-23d30bde6fb7,e8aeb018-f679-5670-b210-de4f62ff2111,c0cf5e5c-b5c9-585a-8e79-d9830bc954f6,botica,8ecedccf-c230-516b-bbc2-108f7a6fbe63,LT-000011-202512-3650,2026-10-28,0,76d6c9f4-5d7d-53c0-bb1f-2a577383765a
44a48a85-8ffe-5c73-b977-5abe8260d6bc,e8aeb018-f679-5670-b210-de4f62ff2111,d9506935-1215-5499-93c0-8bdd86ab9418,botica,8ecedccf-c230-516b-bbc2-108f7a6fbe63,LT-000029-202512-3651,2028-04-19,0,c6617891-56ff-5690-89a4-1ece06685ff5
2bae33e0-c877-51b7-9ba7-d469db5fcf4c,e8aeb018-f679-5670-b210-de4f62ff2111,2eb3a104-e572-583a-afa0-156ee0dc4cce,botica,7fb983e8-6848-5425-97a2-14da72722d0f,LT-000019-202512-3652,2026-07-27,0,c6617891-56ff-5690-89a4-1ece06685ff5
a4edc7ca-a248-5e0d-91d0-027249d8da8f,e8aeb018-f679-5670-b210-de4f62ff2111,82cd11ba-d1a0-58b1-b14f-edd741f36e87,botica,8ecedccf-c230-516b-bbc2-108f7a6fbe63,LT-000007-202512-3653,2028-05-22,0,41cb90d0-d91a-57c2-b138-831be351479f
67988a5a-ef2b-5aaf-9726-1f2da2ef0c03,e8aeb018-f679-5670-b210-de4f62ff2111,94e18241-54bd-5516-b36f-94ab6e323aca,botica,8ecedccf-c230-516b-bbc2-108f7a6fbe63,LT-000013-202512-3654,2028-03-21,0,ab4a547f-e75d-5601-8171-00da4efa4b57
7d283c3d-1379-5a0a-9c64-55adef25cb8b,e8aeb018-f679-5670-b210-de4f62ff2111,6baabed2-52d7-5cb7-bf74-86c7cb3e4f07,botica,8ecedccf-c230-516b-bbc2-108f7a6fbe63,LT-000027-202512-3655,2027-12-10,0,41cb90d0-d91a-57c2-b138-831be351479f
ae510a81-ed1c-5fa0-9b70-857b8ca56f0e,e8aeb018-f679-5670-b210-de4f62ff2111,38adf7ba-476e-5e6b-9163-781a13538253,botica,26f7241d-a84e-5e4a-a43d-33eea1e54eea,LT-000012-202512-3656,2027-02-07,0,41cb90d0-d91a-57c2-b138-831be351479f
fdacbb5b-163d-5b4b-9919-5be474530da9,e8aeb018-f679-5670-b210-de4f62ff2111,07371b94-955f-52a4-9bf9-f0a6ad2b4fa8,botica,43616d97-2221-569d-82eb-bcc14bcd6344,LT-000008-202512-3657,2028-11-01,35,ab4a547f-e75d-5601-8171-00da4efa4b57
2fca0265-4b00-5e74-ab80-dced7e250e4f,e8aeb018-f679-5670-b210-de4f62ff2111,2eb3a104-e572-583a-afa0-156ee0dc4cce,botica,43616d97-2221-569d-82eb-bcc14bcd6344,LT-000019-202512-3658,2027-06-01,0,c6617891-56ff-5690-89a4-1ece06685ff5
f5927794-8dd8-5cde-8a5f-5a6d8ce356fa,e8aeb018-f679-5670-b210-de4f62ff2111,cd81184b-b6f1-563c-b463-36a69ddfb598,botica,43616d97-2221-569d-82eb-bcc14bcd6344,LT-000026-202512-3659,2027-10-04,0,76d6c9f4-5d7d-53c0-bb1f-2a577383765a
1171c20c-13de-5a42-82b1-5d7e3fa20d16,e8aeb018-f679-5670-b210-de4f62ff2111,38adf7ba-476e-5e6b-9163-781a13538253,botica,7fb983e8-6848-5425-97a2-14da72722d0f,LT-000012-202512-3660,2027-04-04,0,41cb90d0-d91a-57c2-b138-831be351479f
b57a59ed-36ff-537f-a33a-2e96b36a1bec,e8aeb018-f679-5670-b210-de4f62ff2111,94e18241-54bd-5516-b36f-94ab6e323aca,botica,7fb983e8-6848-5425-97a2-14da72722d0f,LT-000013-202512-3661,2026-12-21,0,ab4a547f-e75d-5601-8171-00da4efa4b57
ba9e6570-217d-5324-8b9c-a0e386a819d6,e8aeb018-f679-5670-b210-de4f62ff2111,c0cf5e5c-b5c9-585a-8e79-d9830bc954f6,botica,43616d97-2221-569d-82eb-bcc14bcd6344,LT-000011-202601-3662,2027-10-03,0,76d6c9f4-5d7d-53c0-bb1f-2a577383765a
39e7be75-aafb-56a0-8359-9babe0441146,e8aeb018-f679-5670-b210-de4f62ff2111,d0ae6d2d-e561-56b3-a2c1-113c1c56ae81,botica,d6f21f11-7533-52dd-a4dc-2fb8e260c02c,LT-000021-202601-3663,2028-05-28,0,76d6c9f4-5d7d-53c0-bb1f-2a577383765a
58f0dc20-6901-585a-b624-442f936c1de1,e8aeb018-f679-5670-b210-de4f62ff2111,983871db-adfb-543e-b438-6b00044ffb64,botica,26f7241d-a84e-5e4a-a43d-33eea1e54eea,LT-000015-202601-3664,2028-10-09,0,a6f6d890-1609-53fc-b4a6-5733ccc9d078
9ed1b3d1-19c9-5082-8343-55326f2254a0,e8aeb018-f679-5670-b210-de4f62ff2111,d0ae6d2d-e561-56b3-a2c1-113c1c56ae81,botica,43616d97-2221-569d-82eb-bcc14bcd6344,LT-000021-202601-3665,2027-01-29,0,76d6c9f4-5d7d-53c0-bb1f-2a577383765a
9da17613-f46a-50c2-be30-3d28f31e5145,e8aeb018-f679-5670-b210-de4f62ff2111,d2f08f15-f9f2-5f65-a740-b05896774467,botica,d6f21f11-7533-52dd-a4dc-2fb8e260c02c,LT-000017-202601-3666,2028-11-10,0,41cb90d0-d91a-57c2-b138-831be351479f
744c31ed-be77-5dc5-8a41-8ab92bce5d08,e8aeb018-f679-5670-b210-de4f62ff2111,d2f08f15-f9f2-5f65-a740-b05896774467,botica,8ecedccf-c230-516b-bbc2-108f7a6fbe63,LT-000017-202601-3667,2027-07-14,0,41cb90d0-d91a-57c2-b138-831be351479f
09ee0c1a-5d58-5c81-a0f8-83dbb9acb3cd,e8aeb018-f679-5670-b210-de4f62ff2111,012857cc-907f-5e7d-b8fb-796d2c9f1621,botica,8ecedccf-c230-516b-bbc2-108f7a6fbe63,LT-000028-202601-3668,2026-08-12,0,ab4a547f-e75d-5601-8171-00da4efa4b57
c3202aaa-ac8d-5fa9-91d4-8a8f78b551db,e8aeb018-f679-5670-b210-de4f62ff2111,87b859e0-789a-56e6-b1ba-4fe76221d3bf,botica,26f7241d-a84e-5e4a-a43d-33eea1e54eea,LT-000014-202601-3669,2028-03-12,0,c6617891-56ff-5690-89a4-1ece06685ff5
03614536-5ff5-5f60-8c4c-72a901da23bb,e8aeb018-f679-5670-b210-de4f62ff2111,d9506935-1215-5499-93c0-8bdd86ab9418,botica,d6f21f11-7533-52dd-a4dc-2fb8e260c02c,LT-000029-202601-3670,2028-02-12,0,c6617891-56ff-5690-89a4-1ece06685ff5
1c24fd0a-2242-551c-acc0-7ff657e7b72a,e8aeb018-f679-5670-b210-de4f62ff2111,2eb3a104-e572-583a-afa0-156ee0dc4cce,botica,8ecedccf-c230-516b-bbc2-108f7a6fbe63,LT-000019-202601-3671,2028-10-30,47,c6617891-56ff-5690-89a4-1ece06685ff5
783eedb4-5eda-5293-9a1f-34c5d4b69bcc,e8aeb018-f679-5670-b210-de4f62ff2111,6d807393-f4ab-5f76-b544-251eeda27ba3,botica,26f7241d-a84e-5e4a-a43d-33eea1e54eea,LT-000003-202601-3672,2028-09-25,0,ab4a547f-e75d-5601-8171-00da4efa4b57
4625471c-c129-5174-9901-b7a7cdf5c3b2,e8aeb018-f679-5670-b210-de4f62ff2111,d2f08f15-f9f2-5f65-a740-b05896774467,botica,26f7241d-a84e-5e4a-a43d-33eea1e54eea,LT-000017-202601-3673,2027-09-05,0,41cb90d0-d91a-57c2-b138-831be351479f
be2d402e-8cda-54ac-b355-614cfd1b4830,e8aeb018-f679-5670-b210-de4f62ff2111,4d9429b6-2ebf-5b5d-ac48-f779d5a1e270,botica,43616d97-2221-569d-82eb-bcc14bcd6344,LT-000010-202601-3674,2027-11-15,0,a6f6d890-1609-53fc-b4a6-5733ccc9d078
2cbce1fb-9da5-5ce8-a6eb-6893f1bd5278,e8aeb018-f679-5670-b210-de4f62ff2111,1ca3438e-9e23-58f0-a35f-f15f7a23beb9,botica,7fb983e8-6848-5425-97a2-14da72722d0f,LT-000024-202601-3675,2026-11-23,0,c6617891-56ff-5690-89a4-1ece06685ff5
ba023a1a-190c-5d05-b8b8-013e7367aa1a,e8aeb018-f679-5670-b210-de4f62ff2111,07371b94-955f-52a4-9bf9-f0a6ad2b4fa8,botica,26f7241d-a84e-5e4a-a43d-33eea1e54eea,LT-000008-202601-3676,2028-10-16,0,ab4a547f-e75d-5601-8171-00da4efa4b57
202a6582-74a4-5f29-9b23-53af2b0c2abf,e8aeb018-f679-5670-b210-de4f62ff2111,38adf7ba-476e-5e6b-9163-781a13538253,botica,43616d97-2221-569d-82eb-bcc14bcd6344,LT-000012-202601-3677,2028-05-19,0,41cb90d0-d91a-57c2-b138-831be351479f
81c79bc5-242b-5c42-9a5a-dde6e8aaae9b,e8aeb018-f679-5670-b210-de4f62ff2111,9928e9a1-d9fc-5fdd-86c2-8909352fd7fe,botica,d6f21f11-7533-52dd-a4dc-2fb8e260c02c,LT-000005-202601-3678,2027-04-24,0,a6f6d890-1609-53fc-b4a6-5733ccc9d078
41c86c11-6ede-512f-98a6-fcf790c023d0,e8aeb018-f679-5670-b210-de4f62ff2111,afe9d181-1c64-5cca-b4b7-a9fa24eceeea,botica,d6f21f11-7533-52dd-a4dc-2fb8e260c02c,LT-000020-202601-3679,2026-08-12,0,a6f6d890-1609-53fc-b4a6-5733ccc9d078
c49a4581-7ed7-5d2d-8afd-69916658dae4,e8aeb018-f679-5670-b210-de4f62ff2111,d0ae6d2d-e561-56b3-a2c1-113c1c56ae81,botica,8ecedccf-c230-516b-bbc2-108f7a6fbe63,LT-000021-202601-3680,2027-10-14,0,76d6c9f4-5d7d-53c0-bb1f-2a577383765a
7c03ad75-6045-5f6a-80d4-c6e60467df00,e8aeb018-f679-5670-b210-de4f62ff2111,87b859e0-789a-56e6-b1ba-4fe76221d3bf,botica,7fb983e8-6848-5425-97a2-14da72722d0f,LT-000014-202601-3681,2028-06-28,0,c6617891-56ff-5690-89a4-1ece06685ff5
4f650d8d-fdd0-5712-8889-a31f26f27786,e8aeb018-f679-5670-b210-de4f62ff2111,d3961f5a-3ea7-53d3-89f4-78b65b0c0c6b,botica,26f7241d-a84e-5e4a-a43d-33eea1e54eea,LT-000001-202601-3682,2027-04-04,0,76d6c9f4-5d7d-53c0-bb1f-2a577383765a
00b54738-6bf9-5a6f-b5a8-6e51c158eade,e8aeb018-f679-5670-b210-de4f62ff2111,2933d8b7-2438-521b-b38d-d3a5224f87fc,botica,26f7241d-a84e-5e4a-a43d-33eea1e54eea,LT-000002-202601-3683,2026-09-27,0,41cb90d0-d91a-57c2-b138-831be351479f
50346d62-7942-5ee3-9841-da5fb899f924,e8aeb018-f679-5670-b210-de4f62ff2111,cd81184b-b6f1-563c-b463-36a69ddfb598,botica,26f7241d-a84e-5e4a-a43d-33eea1e54eea,LT-000026-202601-3684,2028-01-25,0,76d6c9f4-5d7d-53c0-bb1f-2a577383765a
91e3363c-c5d3-504c-981f-077610e9b74d,e8aeb018-f679-5670-b210-de4f62ff2111,07371b94-955f-52a4-9bf9-f0a6ad2b4fa8,botica,d6f21f11-7533-52dd-a4dc-2fb8e260c02c,LT-000008-202601-3685,2028-09-23,39,ab4a547f-e75d-5601-8171-00da4efa4b57
3e548368-1b1b-5473-80d9-eacb7b6b5a09,e8aeb018-f679-5670-b210-de4f62ff2111,94e18241-54bd-5516-b36f-94ab6e323aca,botica,d6f21f11-7533-52dd-a4dc-2fb8e260c02c,LT-000013-202601-3686,2028-03-30,0,ab4a547f-e75d-5601-8171-00da4efa4b57
683e7834-049e-5782-b4ac-b9a81ca1bd96,e8aeb018-f679-5670-b210-de4f62ff2111,87b859e0-789a-56e6-b1ba-4fe76221d3bf,botica,d6f21f11-7533-52dd-a4dc-2fb8e260c02c,LT-000014-202601-3687,2027-04-11,0,c6617891-56ff-5690-89a4-1ece06685ff5
952636f7-acfe-5f9a-a313-5a2acfa14bba,e8aeb018-f679-5670-b210-de4f62ff2111,38adf7ba-476e-5e6b-9163-781a13538253,botica,8ecedccf-c230-516b-bbc2-108f7a6fbe63,LT-000012-202601-3688,2027-12-18,0,41cb90d0-d91a-57c2-b138-831be351479f
0be68b5a-56e8-55c7-8169-c955a87719f9,e8aeb018-f679-5670-b210-de4f62ff2111,87b859e0-789a-56e6-b1ba-4fe76221d3bf,botica,8ecedccf-c230-516b-bbc2-108f7a6fbe63,LT-000014-202601-3689,2027-08-25,0,c6617891-56ff-5690-89a4-1ece06685ff5
e9ff1545-97d8-5b58-8fcc-33da59a17470,e8aeb018-f679-5670-b210-de4f62ff2111,2897aac2-f219-5167-b800-73fac27f6b85,botica,8ecedccf-c230-516b-bbc2-108f7a6fbe63,LT-000022-202601-3690,2026-10-10,0,41cb90d0-d91a-57c2-b138-831be351479f
0650069b-2f83-5ae9-8695-84ddfe02c487,e8aeb018-f679-5670-b210-de4f62ff2111,4d9429b6-2ebf-5b5d-ac48-f779d5a1e270,botica,7fb983e8-6848-5425-97a2-14da72722d0f,LT-000010-202601-3691,2026-10-29,0,a6f6d890-1609-53fc-b4a6-5733ccc9d078
bdc7e3c8-3584-5c34-88cc-843d078e2cd2,e8aeb018-f679-5670-b210-de4f62ff2111,c0cf5e5c-b5c9-585a-8e79-d9830bc954f6,botica,7fb983e8-6848-5425-97a2-14da72722d0f,LT-000011-202601-3692,2027-01-03,0,76d6c9f4-5d7d-53c0-bb1f-2a577383765a
d45a4cce-9354-5d54-a175-f9a1773e8079,e8aeb018-f679-5670-b210-de4f62ff2111,94e18241-54bd-5516-b36f-94ab6e323aca,botica,26f7241d-a84e-5e4a-a43d-33eea1e54eea,LT-000013-202601-3693,2027-08-03,0,ab4a547f-e75d-5601-8171-00da4efa4b57
224e46c7-4b27-5390-a3aa-6f05165924a5,e8aeb018-f679-5670-b210-de4f62ff2111,2082733c-4e17-51fe-bc8c-bf33d3ec5d7e,botica,26f7241d-a84e-5e4a-a43d-33eea1e54eea,LT-000016-202601-3694,2026-09-17,0,76d6c9f4-5d7d-53c0-bb1f-2a577383765a
a69c70f8-3aba-538f-9486-7ef65c7b17b6,e8aeb018-f679-5670-b210-de4f62ff2111,d0ae6d2d-e561-56b3-a2c1-113c1c56ae81,botica,26f7241d-a84e-5e4a-a43d-33eea1e54eea,LT-000021-202601-3695,2028-11-03,32,76d6c9f4-5d7d-53c0-bb1f-2a577383765a
a3e394eb-8c83-5721-9e60-dcffaba2b79b,e8aeb018-f679-5670-b210-de4f62ff2111,1e9605fd-5682-52b6-8f05-e8a92dd44513,botica,8ecedccf-c230-516b-bbc2-108f7a6fbe63,LT-000030-202601-3696,2027-12-23,0,a6f6d890-1609-53fc-b4a6-5733ccc9d078
be55dfe4-d069-5638-be21-19f46f477065,e8aeb018-f679-5670-b210-de4f62ff2111,6baabed2-52d7-5cb7-bf74-86c7cb3e4f07,botica,7fb983e8-6848-5425-97a2-14da72722d0f,LT-000027-202601-3697,2027-05-01,0,41cb90d0-d91a-57c2-b138-831be351479f
03a42424-eaab-56b7-8a92-bae3a28f0063,e8aeb018-f679-5670-b210-de4f62ff2111,042e2e80-f954-5df4-97be-29dd428cc598,botica,26f7241d-a84e-5e4a-a43d-33eea1e54eea,LT-000004-202601-3698,2026-12-14,0,c6617891-56ff-5690-89a4-1ece06685ff5
cee99777-09b5-5d60-a295-a4ea71afa885,e8aeb018-f679-5670-b210-de4f62ff2111,82cd11ba-d1a0-58b1-b14f-edd741f36e87,botica,26f7241d-a84e-5e4a-a43d-33eea1e54eea,LT-000007-202601-3699,2028-03-21,0,41cb90d0-d91a-57c2-b138-831be351479f
dd6499f7-99f7-53ee-9f54-d970b15bf59c,e8aeb018-f679-5670-b210-de4f62ff2111,042e2e80-f954-5df4-97be-29dd428cc598,botica,43616d97-2221-569d-82eb-bcc14bcd6344,LT-000004-202601-3700,2027-12-07,0,c6617891-56ff-5690-89a4-1ece06685ff5
4747be80-24cd-5a84-af60-dfba3a8628aa,e8aeb018-f679-5670-b210-de4f62ff2111,87b859e0-789a-56e6-b1ba-4fe76221d3bf,botica,43616d97-2221-569d-82eb-bcc14bcd6344,LT-000014-202601-3701,2027-07-19,0,c6617891-56ff-5690-89a4-1ece06685ff5
ed822958-f113-56d5-8a3a-ef3026c0b9c1,e8aeb018-f679-5670-b210-de4f62ff2111,38adf7ba-476e-5e6b-9163-781a13538253,botica,d6f21f11-7533-52dd-a4dc-2fb8e260c02c,LT-000012-202601-3702,2027-02-28,0,41cb90d0-d91a-57c2-b138-831be351479f
ac1e0b05-10a0-5eb6-9df6-6da5d2d87099,e8aeb018-f679-5670-b210-de4f62ff2111,6d807393-f4ab-5f76-b544-251eeda27ba3,botica,8ecedccf-c230-516b-bbc2-108f7a6fbe63,LT-000003-202601-3703,2026-07-26,0,ab4a547f-e75d-5601-8171-00da4efa4b57
af123a01-98e6-54d9-9d9a-e34874b7636f,e8aeb018-f679-5670-b210-de4f62ff2111,5bbfdec8-65ae-59e6-b211-5eccb5b765fa,botica,7fb983e8-6848-5425-97a2-14da72722d0f,LT-000006-202601-3704,2026-07-17,0,76d6c9f4-5d7d-53c0-bb1f-2a577383765a
95162a3a-755c-56c0-a5e3-1e3da83e7383,e8aeb018-f679-5670-b210-de4f62ff2111,2082733c-4e17-51fe-bc8c-bf33d3ec5d7e,botica,43616d97-2221-569d-82eb-bcc14bcd6344,LT-000016-202601-3705,2026-11-17,0,76d6c9f4-5d7d-53c0-bb1f-2a577383765a
06415bd6-50db-5085-9172-8bf355975191,e8aeb018-f679-5670-b210-de4f62ff2111,d9506935-1215-5499-93c0-8bdd86ab9418,botica,43616d97-2221-569d-82eb-bcc14bcd6344,LT-000029-202601-3706,2026-11-19,0,c6617891-56ff-5690-89a4-1ece06685ff5
85b3d74e-d245-56a5-b5f1-1ce216d4a5db,e8aeb018-f679-5670-b210-de4f62ff2111,c0cf5e5c-b5c9-585a-8e79-d9830bc954f6,botica,d6f21f11-7533-52dd-a4dc-2fb8e260c02c,LT-000011-202601-3707,2028-04-04,23,76d6c9f4-5d7d-53c0-bb1f-2a577383765a
9ff37af5-ff6e-5202-a2b5-bca5f8d9b618,e8aeb018-f679-5670-b210-de4f62ff2111,2933d8b7-2438-521b-b38d-d3a5224f87fc,botica,8ecedccf-c230-516b-bbc2-108f7a6fbe63,LT-000002-202601-3708,2028-12-24,45,41cb90d0-d91a-57c2-b138-831be351479f
a8c1d434-f435-5501-a733-c0bd505c7c98,e8aeb018-f679-5670-b210-de4f62ff2111,94e18241-54bd-5516-b36f-94ab6e323aca,botica,8ecedccf-c230-516b-bbc2-108f7a6fbe63,LT-000013-202601-3709,2026-08-25,0,ab4a547f-e75d-5601-8171-00da4efa4b57
09d24e47-01d3-5e72-822d-c272f1a7a13a,e8aeb018-f679-5670-b210-de4f62ff2111,2082733c-4e17-51fe-bc8c-bf33d3ec5d7e,botica,8ecedccf-c230-516b-bbc2-108f7a6fbe63,LT-000016-202601-3710,2028-10-19,32,76d6c9f4-5d7d-53c0-bb1f-2a577383765a
83a6da63-7bfe-5c85-a11e-a6031b2a9b81,e8aeb018-f679-5670-b210-de4f62ff2111,d2f08f15-f9f2-5f65-a740-b05896774467,botica,7fb983e8-6848-5425-97a2-14da72722d0f,LT-000017-202601-3711,2027-03-20,0,41cb90d0-d91a-57c2-b138-831be351479f
af0a5b5d-cc1b-5a6d-b53a-0378092422ba,e8aeb018-f679-5670-b210-de4f62ff2111,1e9605fd-5682-52b6-8f05-e8a92dd44513,botica,7fb983e8-6848-5425-97a2-14da72722d0f,LT-000030-202601-3712,2028-12-03,0,a6f6d890-1609-53fc-b4a6-5733ccc9d078
29105e16-6549-5494-9266-bc9a404e60f3,e8aeb018-f679-5670-b210-de4f62ff2111,6baabed2-52d7-5cb7-bf74-86c7cb3e4f07,botica,26f7241d-a84e-5e4a-a43d-33eea1e54eea,LT-000027-202601-3713,2027-06-04,0,41cb90d0-d91a-57c2-b138-831be351479f
4a760430-68d9-5933-992b-26c74097f198,e8aeb018-f679-5670-b210-de4f62ff2111,22231140-3780-5fe8-a7d4-d33f61d15111,botica,d6f21f11-7533-52dd-a4dc-2fb8e260c02c,LT-000023-202601-3714,2027-12-14,0,ab4a547f-e75d-5601-8171-00da4efa4b57
54a8ad74-0177-51bc-bb03-2b4ea070b38e,e8aeb018-f679-5670-b210-de4f62ff2111,012857cc-907f-5e7d-b8fb-796d2c9f1621,botica,d6f21f11-7533-52dd-a4dc-2fb8e260c02c,LT-000028-202601-3715,2028-08-10,32,ab4a547f-e75d-5601-8171-00da4efa4b57
8066d43e-de4e-536b-830f-c8523434c829,e8aeb018-f679-5670-b210-de4f62ff2111,38adf7ba-476e-5e6b-9163-781a13538253,botica,7fb983e8-6848-5425-97a2-14da72722d0f,LT-000012-202601-3716,2027-09-10,0,41cb90d0-d91a-57c2-b138-831be351479f
190ee867-2ad2-5b78-8e5f-9d4a299148f1,e8aeb018-f679-5670-b210-de4f62ff2111,22231140-3780-5fe8-a7d4-d33f61d15111,botica,26f7241d-a84e-5e4a-a43d-33eea1e54eea,LT-000023-202601-3717,2028-11-10,16,ab4a547f-e75d-5601-8171-00da4efa4b57
524ac165-5e88-5177-965f-166f664a553b,e8aeb018-f679-5670-b210-de4f62ff2111,983871db-adfb-543e-b438-6b00044ffb64,botica,43616d97-2221-569d-82eb-bcc14bcd6344,LT-000015-202601-3718,2026-09-12,0,a6f6d890-1609-53fc-b4a6-5733ccc9d078
ffa1633d-3867-5e4f-9135-b27641254b13,e8aeb018-f679-5670-b210-de4f62ff2111,d3961f5a-3ea7-53d3-89f4-78b65b0c0c6b,botica,8ecedccf-c230-516b-bbc2-108f7a6fbe63,LT-000001-202601-3719,2026-09-01,0,76d6c9f4-5d7d-53c0-bb1f-2a577383765a
67ce324a-c03e-5fab-9c27-1f930d36e6be,e8aeb018-f679-5670-b210-de4f62ff2111,afe9d181-1c64-5cca-b4b7-a9fa24eceeea,botica,8ecedccf-c230-516b-bbc2-108f7a6fbe63,LT-000020-202601-3720,2027-12-04,0,a6f6d890-1609-53fc-b4a6-5733ccc9d078
e165c0b6-6bab-5399-b9a4-74709d48724a,e8aeb018-f679-5670-b210-de4f62ff2111,97d26d91-c562-5f27-9ebd-285e89c8f4bf,botica,7fb983e8-6848-5425-97a2-14da72722d0f,LT-000018-202601-3721,2027-03-21,0,ab4a547f-e75d-5601-8171-00da4efa4b57
91958293-cbeb-50a8-913c-baafcd939f66,e8aeb018-f679-5670-b210-de4f62ff2111,cd81184b-b6f1-563c-b463-36a69ddfb598,botica,7fb983e8-6848-5425-97a2-14da72722d0f,LT-000026-202601-3722,2027-08-14,0,76d6c9f4-5d7d-53c0-bb1f-2a577383765a
2d561bb6-a4c0-57c2-a5ae-555266c1ddb7,e8aeb018-f679-5670-b210-de4f62ff2111,5bbfdec8-65ae-59e6-b211-5eccb5b765fa,botica,26f7241d-a84e-5e4a-a43d-33eea1e54eea,LT-000006-202601-3723,2028-11-13,0,76d6c9f4-5d7d-53c0-bb1f-2a577383765a
a8f0c9b4-2aeb-5a5c-8152-3627bb37c1d0,e8aeb018-f679-5670-b210-de4f62ff2111,4d9429b6-2ebf-5b5d-ac48-f779d5a1e270,botica,26f7241d-a84e-5e4a-a43d-33eea1e54eea,LT-000010-202601-3724,2027-03-02,0,a6f6d890-1609-53fc-b4a6-5733ccc9d078
f7c3b1b3-849e-5655-a9b3-b2f3b7a1c85b,e8aeb018-f679-5670-b210-de4f62ff2111,38adf7ba-476e-5e6b-9163-781a13538253,botica,26f7241d-a84e-5e4a-a43d-33eea1e54eea,LT-000012-202601-3725,2028-04-01,0,41cb90d0-d91a-57c2-b138-831be351479f
845330ff-0b2b-57c9-87e6-9f1c2517d48e,e8aeb018-f679-5670-b210-de4f62ff2111,1ca3438e-9e23-58f0-a35f-f15f7a23beb9,botica,26f7241d-a84e-5e4a-a43d-33eea1e54eea,LT-000024-202601-3726,2027-04-26,0,c6617891-56ff-5690-89a4-1ece06685ff5
83cbae23-a0d1-58fc-b5fc-330f15482b89,e8aeb018-f679-5670-b210-de4f62ff2111,9928e9a1-d9fc-5fdd-86c2-8909352fd7fe,botica,43616d97-2221-569d-82eb-bcc14bcd6344,LT-000005-202601-3727,2028-11-01,0,a6f6d890-1609-53fc-b4a6-5733ccc9d078
16986648-9fb4-5925-9056-94aa44ee0dfc,e8aeb018-f679-5670-b210-de4f62ff2111,94e18241-54bd-5516-b36f-94ab6e323aca,botica,43616d97-2221-569d-82eb-bcc14bcd6344,LT-000013-202601-3728,2027-10-29,0,ab4a547f-e75d-5601-8171-00da4efa4b57
54d8ca64-5122-53ef-9f8b-563c2bb95e4a,e8aeb018-f679-5670-b210-de4f62ff2111,22231140-3780-5fe8-a7d4-d33f61d15111,botica,43616d97-2221-569d-82eb-bcc14bcd6344,LT-000023-202601-3729,2026-11-19,0,ab4a547f-e75d-5601-8171-00da4efa4b57
91812719-e8a5-5db5-bc87-25ad7b089b40,e8aeb018-f679-5670-b210-de4f62ff2111,1ca3438e-9e23-58f0-a35f-f15f7a23beb9,botica,43616d97-2221-569d-82eb-bcc14bcd6344,LT-000024-202601-3730,2028-08-13,0,c6617891-56ff-5690-89a4-1ece06685ff5
3bf00127-d0a0-5007-bc8a-214deb3bd6a9,e8aeb018-f679-5670-b210-de4f62ff2111,012857cc-907f-5e7d-b8fb-796d2c9f1621,botica,43616d97-2221-569d-82eb-bcc14bcd6344,LT-000028-202601-3731,2028-10-19,1,ab4a547f-e75d-5601-8171-00da4efa4b57
2b72ab03-40b9-5e34-9857-d65b83b9f7ba,e8aeb018-f679-5670-b210-de4f62ff2111,cd81184b-b6f1-563c-b463-36a69ddfb598,botica,8ecedccf-c230-516b-bbc2-108f7a6fbe63,LT-000026-202601-3732,2027-02-27,0,76d6c9f4-5d7d-53c0-bb1f-2a577383765a
52898225-53e4-595d-b678-73519a702c66,e8aeb018-f679-5670-b210-de4f62ff2111,058c6382-bde2-59d1-93ff-20c6161a4736,botica,7fb983e8-6848-5425-97a2-14da72722d0f,LT-000009-202601-3733,2028-08-21,23,c6617891-56ff-5690-89a4-1ece06685ff5
25eaf87b-d2be-543c-bb33-206afda18b99,e8aeb018-f679-5670-b210-de4f62ff2111,0ec23038-d3ab-588c-bbd6-1f5c744cdde1,botica,7fb983e8-6848-5425-97a2-14da72722d0f,LT-000025-202601-3734,2027-03-19,0,a6f6d890-1609-53fc-b4a6-5733ccc9d078
a538b167-835b-56ba-b894-cce4ff856e11,e8aeb018-f679-5670-b210-de4f62ff2111,012857cc-907f-5e7d-b8fb-796d2c9f1621,botica,7fb983e8-6848-5425-97a2-14da72722d0f,LT-000028-202601-3735,2027-04-21,0,ab4a547f-e75d-5601-8171-00da4efa4b57
48157f17-8dd6-5b46-a7b5-8ffbb36a61b6,e8aeb018-f679-5670-b210-de4f62ff2111,c0cf5e5c-b5c9-585a-8e79-d9830bc954f6,botica,26f7241d-a84e-5e4a-a43d-33eea1e54eea,LT-000011-202601-3736,2026-08-29,0,76d6c9f4-5d7d-53c0-bb1f-2a577383765a
c691d7d9-4412-5393-9245-fe0e9db86280,e8aeb018-f679-5670-b210-de4f62ff2111,2933d8b7-2438-521b-b38d-d3a5224f87fc,botica,43616d97-2221-569d-82eb-bcc14bcd6344,LT-000002-202601-3737,2028-09-23,0,41cb90d0-d91a-57c2-b138-831be351479f
a77cb68b-d753-5e36-b7c7-806bf65e7f37,e8aeb018-f679-5670-b210-de4f62ff2111,4d9429b6-2ebf-5b5d-ac48-f779d5a1e270,botica,d6f21f11-7533-52dd-a4dc-2fb8e260c02c,LT-000010-202601-3738,2027-01-11,0,a6f6d890-1609-53fc-b4a6-5733ccc9d078
8c80eba6-34e5-50da-85b9-52b701698739,e8aeb018-f679-5670-b210-de4f62ff2111,22231140-3780-5fe8-a7d4-d33f61d15111,botica,8ecedccf-c230-516b-bbc2-108f7a6fbe63,LT-000023-202601-3739,2027-10-26,0,ab4a547f-e75d-5601-8171-00da4efa4b57
f31c3420-bfdc-57af-a38d-932fc9cf4cf1,e8aeb018-f679-5670-b210-de4f62ff2111,042e2e80-f954-5df4-97be-29dd428cc598,botica,7fb983e8-6848-5425-97a2-14da72722d0f,LT-000004-202601-3740,2027-12-07,0,c6617891-56ff-5690-89a4-1ece06685ff5
9a30509f-0a12-5af9-9913-636a2a0098e5,e8aeb018-f679-5670-b210-de4f62ff2111,6baabed2-52d7-5cb7-bf74-86c7cb3e4f07,botica,43616d97-2221-569d-82eb-bcc14bcd6344,LT-000027-202601-3741,2028-12-27,30,41cb90d0-d91a-57c2-b138-831be351479f
65eb2b64-12c8-5741-aeea-ac5e2ddc17e4,e8aeb018-f679-5670-b210-de4f62ff2111,058c6382-bde2-59d1-93ff-20c6161a4736,botica,8ecedccf-c230-516b-bbc2-108f7a6fbe63,LT-000009-202601-3742,2027-09-25,0,c6617891-56ff-5690-89a4-1ece06685ff5
4cec8794-e2c4-523e-b170-b8d83e42fa23,e8aeb018-f679-5670-b210-de4f62ff2111,d9506935-1215-5499-93c0-8bdd86ab9418,botica,7fb983e8-6848-5425-97a2-14da72722d0f,LT-000029-202601-3743,2026-11-18,0,c6617891-56ff-5690-89a4-1ece06685ff5
005c44b0-1bb5-5129-8948-c37d5dea1bd8,e8aeb018-f679-5670-b210-de4f62ff2111,9928e9a1-d9fc-5fdd-86c2-8909352fd7fe,botica,26f7241d-a84e-5e4a-a43d-33eea1e54eea,LT-000005-202601-3744,2026-08-25,0,a6f6d890-1609-53fc-b4a6-5733ccc9d078
54931a81-373e-5bc0-b5ee-ad66c885b856,e8aeb018-f679-5670-b210-de4f62ff2111,38adf7ba-476e-5e6b-9163-781a13538253,botica,43616d97-2221-569d-82eb-bcc14bcd6344,LT-000012-202601-3745,2027-04-01,0,41cb90d0-d91a-57c2-b138-831be351479f
91515824-2847-5b98-b38c-42f0321269f8,e8aeb018-f679-5670-b210-de4f62ff2111,2eb3a104-e572-583a-afa0-156ee0dc4cce,botica,d6f21f11-7533-52dd-a4dc-2fb8e260c02c,LT-000019-202601-3746,2027-11-30,0,c6617891-56ff-5690-89a4-1ece06685ff5
d26aa9b1-bb13-59c0-9fa1-e89891375ea8,e8aeb018-f679-5670-b210-de4f62ff2111,983871db-adfb-543e-b438-6b00044ffb64,botica,8ecedccf-c230-516b-bbc2-108f7a6fbe63,LT-000015-202601-3747,2028-07-28,0,a6f6d890-1609-53fc-b4a6-5733ccc9d078
7816fa95-29da-5a39-85cd-ba7f683960b2,e8aeb018-f679-5670-b210-de4f62ff2111,07371b94-955f-52a4-9bf9-f0a6ad2b4fa8,botica,7fb983e8-6848-5425-97a2-14da72722d0f,LT-000008-202601-3748,2027-07-04,0,ab4a547f-e75d-5601-8171-00da4efa4b57
85dc386e-f29b-5155-a76f-dff3333aba0e,e8aeb018-f679-5670-b210-de4f62ff2111,2897aac2-f219-5167-b800-73fac27f6b85,botica,7fb983e8-6848-5425-97a2-14da72722d0f,LT-000022-202601-3749,2028-06-30,0,41cb90d0-d91a-57c2-b138-831be351479f
980ae2f4-0e53-580d-9b91-d5eb25e122db,e8aeb018-f679-5670-b210-de4f62ff2111,afe9d181-1c64-5cca-b4b7-a9fa24eceeea,botica,26f7241d-a84e-5e4a-a43d-33eea1e54eea,LT-000020-202601-3750,2027-07-21,0,a6f6d890-1609-53fc-b4a6-5733ccc9d078
5f255eda-db39-5f84-bd97-da0f187e34f9,e8aeb018-f679-5670-b210-de4f62ff2111,0ec23038-d3ab-588c-bbd6-1f5c744cdde1,botica,26f7241d-a84e-5e4a-a43d-33eea1e54eea,LT-000025-202601-3751,2026-09-29,0,a6f6d890-1609-53fc-b4a6-5733ccc9d078
070cac4c-8586-5fe0-a723-4078db78ebf4,e8aeb018-f679-5670-b210-de4f62ff2111,97d26d91-c562-5f27-9ebd-285e89c8f4bf,botica,43616d97-2221-569d-82eb-bcc14bcd6344,LT-000018-202601-3752,2028-02-05,0,ab4a547f-e75d-5601-8171-00da4efa4b57
e660c0b7-3684-5a4a-bc6c-56cc6b2fdd7b,e8aeb018-f679-5670-b210-de4f62ff2111,afe9d181-1c64-5cca-b4b7-a9fa24eceeea,botica,43616d97-2221-569d-82eb-bcc14bcd6344,LT-000020-202601-3753,2028-07-16,36,a6f6d890-1609-53fc-b4a6-5733ccc9d078
ee96d81c-e1d7-5a11-ab9a-5a2d06927003,e8aeb018-f679-5670-b210-de4f62ff2111,2897aac2-f219-5167-b800-73fac27f6b85,botica,43616d97-2221-569d-82eb-bcc14bcd6344,LT-000022-202601-3754,2027-04-10,0,41cb90d0-d91a-57c2-b138-831be351479f
14da8079-7be5-5d08-aaf9-d0fac9c33be6,e8aeb018-f679-5670-b210-de4f62ff2111,0ec23038-d3ab-588c-bbd6-1f5c744cdde1,botica,43616d97-2221-569d-82eb-bcc14bcd6344,LT-000025-202601-3755,2028-08-01,0,a6f6d890-1609-53fc-b4a6-5733ccc9d078
51253d24-e704-5daa-b7c6-11f96c65ff99,e8aeb018-f679-5670-b210-de4f62ff2111,2933d8b7-2438-521b-b38d-d3a5224f87fc,botica,d6f21f11-7533-52dd-a4dc-2fb8e260c02c,LT-000002-202601-3756,2028-03-13,0,41cb90d0-d91a-57c2-b138-831be351479f
9edf4dac-f8c4-512e-9130-03b2082ba983,e8aeb018-f679-5670-b210-de4f62ff2111,c0cf5e5c-b5c9-585a-8e79-d9830bc954f6,botica,8ecedccf-c230-516b-bbc2-108f7a6fbe63,LT-000011-202601-3757,2028-02-07,0,76d6c9f4-5d7d-53c0-bb1f-2a577383765a
1f8030cd-4e8c-58d9-a4ca-04721a452bec,e8aeb018-f679-5670-b210-de4f62ff2111,1ca3438e-9e23-58f0-a35f-f15f7a23beb9,botica,8ecedccf-c230-516b-bbc2-108f7a6fbe63,LT-000024-202601-3758,2028-04-05,0,c6617891-56ff-5690-89a4-1ece06685ff5
c8ea99ef-7b69-5b74-89ef-7126835ca502,e8aeb018-f679-5670-b210-de4f62ff2111,058c6382-bde2-59d1-93ff-20c6161a4736,botica,26f7241d-a84e-5e4a-a43d-33eea1e54eea,LT-000009-202601-3759,2028-06-20,0,c6617891-56ff-5690-89a4-1ece06685ff5
b232f092-46be-5f16-8611-3c1130a40e5e,e8aeb018-f679-5670-b210-de4f62ff2111,d3961f5a-3ea7-53d3-89f4-78b65b0c0c6b,botica,43616d97-2221-569d-82eb-bcc14bcd6344,LT-000001-202601-3760,2026-11-29,0,76d6c9f4-5d7d-53c0-bb1f-2a577383765a
d2e0ec52-fe07-5375-a395-f83eebfcf523,e8aeb018-f679-5670-b210-de4f62ff2111,1e9605fd-5682-52b6-8f05-e8a92dd44513,botica,43616d97-2221-569d-82eb-bcc14bcd6344,LT-000030-202601-3761,2027-01-29,0,a6f6d890-1609-53fc-b4a6-5733ccc9d078
7c55956c-415e-5ec8-a30d-167701f13c51,e8aeb018-f679-5670-b210-de4f62ff2111,97d26d91-c562-5f27-9ebd-285e89c8f4bf,botica,d6f21f11-7533-52dd-a4dc-2fb8e260c02c,LT-000018-202601-3762,2027-10-11,0,ab4a547f-e75d-5601-8171-00da4efa4b57
9a9c8a79-02eb-5549-a6a1-3c60a0413b4f,e8aeb018-f679-5670-b210-de4f62ff2111,1ca3438e-9e23-58f0-a35f-f15f7a23beb9,botica,d6f21f11-7533-52dd-a4dc-2fb8e260c02c,LT-000024-202601-3763,2027-02-11,0,c6617891-56ff-5690-89a4-1ece06685ff5
9758e694-4969-5ab0-b8d5-3d43dd2b6027,e8aeb018-f679-5670-b210-de4f62ff2111,94e18241-54bd-5516-b36f-94ab6e323aca,botica,8ecedccf-c230-516b-bbc2-108f7a6fbe63,LT-000013-202601-3764,2027-09-04,0,ab4a547f-e75d-5601-8171-00da4efa4b57
77811bb0-01df-50fa-9b1d-c48df67d4fec,e8aeb018-f679-5670-b210-de4f62ff2111,87b859e0-789a-56e6-b1ba-4fe76221d3bf,botica,8ecedccf-c230-516b-bbc2-108f7a6fbe63,LT-000014-202601-3765,2027-03-15,0,c6617891-56ff-5690-89a4-1ece06685ff5
9cff94d9-f959-5c9e-9e00-5ebd1b98a17c,e8aeb018-f679-5670-b210-de4f62ff2111,2082733c-4e17-51fe-bc8c-bf33d3ec5d7e,botica,7fb983e8-6848-5425-97a2-14da72722d0f,LT-000016-202601-3766,2028-02-07,0,76d6c9f4-5d7d-53c0-bb1f-2a577383765a
6e50c008-2270-5f90-8f40-2cfe0480030f,e8aeb018-f679-5670-b210-de4f62ff2111,afe9d181-1c64-5cca-b4b7-a9fa24eceeea,botica,7fb983e8-6848-5425-97a2-14da72722d0f,LT-000020-202601-3767,2028-03-04,0,a6f6d890-1609-53fc-b4a6-5733ccc9d078
e62af23a-f5d4-57ad-8b08-3e6de2600c0d,e8aeb018-f679-5670-b210-de4f62ff2111,94e18241-54bd-5516-b36f-94ab6e323aca,botica,26f7241d-a84e-5e4a-a43d-33eea1e54eea,LT-000013-202601-3768,2028-01-20,0,ab4a547f-e75d-5601-8171-00da4efa4b57
00f32ed4-a1a6-52a4-be5b-cb419e8965a9,e8aeb018-f679-5670-b210-de4f62ff2111,87b859e0-789a-56e6-b1ba-4fe76221d3bf,botica,26f7241d-a84e-5e4a-a43d-33eea1e54eea,LT-000014-202601-3769,2028-10-21,0,c6617891-56ff-5690-89a4-1ece06685ff5
ab2f3611-ebc0-5a69-8cd8-c44cd5111ab2,e8aeb018-f679-5670-b210-de4f62ff2111,2eb3a104-e572-583a-afa0-156ee0dc4cce,botica,26f7241d-a84e-5e4a-a43d-33eea1e54eea,LT-000019-202601-3770,2027-12-04,5,c6617891-56ff-5690-89a4-1ece06685ff5
9b98e187-3943-5ad0-b56b-fd5e324efe8b,e8aeb018-f679-5670-b210-de4f62ff2111,5bbfdec8-65ae-59e6-b211-5eccb5b765fa,botica,8ecedccf-c230-516b-bbc2-108f7a6fbe63,LT-000006-202601-3771,2027-04-06,0,76d6c9f4-5d7d-53c0-bb1f-2a577383765a
9f12e253-3831-54f5-9877-072f7876ef38,e8aeb018-f679-5670-b210-de4f62ff2111,94e18241-54bd-5516-b36f-94ab6e323aca,botica,7fb983e8-6848-5425-97a2-14da72722d0f,LT-000013-202601-3772,2027-11-20,0,ab4a547f-e75d-5601-8171-00da4efa4b57
4f3fcf73-b5a8-5d92-9047-5f575a60d8da,e8aeb018-f679-5670-b210-de4f62ff2111,82cd11ba-d1a0-58b1-b14f-edd741f36e87,botica,8ecedccf-c230-516b-bbc2-108f7a6fbe63,LT-000007-202601-3773,2027-01-27,0,41cb90d0-d91a-57c2-b138-831be351479f
baa2bf22-e922-52de-8d64-0df34f34231e,e8aeb018-f679-5670-b210-de4f62ff2111,4d9429b6-2ebf-5b5d-ac48-f779d5a1e270,botica,8ecedccf-c230-516b-bbc2-108f7a6fbe63,LT-000010-202601-3774,2028-02-25,0,a6f6d890-1609-53fc-b4a6-5733ccc9d078
440eda9b-b63c-52cf-ab1c-b616ce4a6626,e8aeb018-f679-5670-b210-de4f62ff2111,38adf7ba-476e-5e6b-9163-781a13538253,botica,7fb983e8-6848-5425-97a2-14da72722d0f,LT-000012-202601-3775,2028-09-05,38,41cb90d0-d91a-57c2-b138-831be351479f
0d31afe0-bbbf-5492-a808-f83fe2d65455,e8aeb018-f679-5670-b210-de4f62ff2111,87b859e0-789a-56e6-b1ba-4fe76221d3bf,botica,7fb983e8-6848-5425-97a2-14da72722d0f,LT-000014-202601-3776,2027-07-25,0,c6617891-56ff-5690-89a4-1ece06685ff5
7fda37be-0bcb-5bae-a199-85a2805d1bd9,e8aeb018-f679-5670-b210-de4f62ff2111,97d26d91-c562-5f27-9ebd-285e89c8f4bf,botica,26f7241d-a84e-5e4a-a43d-33eea1e54eea,LT-000018-202601-3777,2028-04-14,0,ab4a547f-e75d-5601-8171-00da4efa4b57
3775776d-5460-5fc9-83e9-c98ec6f197b6,e8aeb018-f679-5670-b210-de4f62ff2111,d9506935-1215-5499-93c0-8bdd86ab9418,botica,26f7241d-a84e-5e4a-a43d-33eea1e54eea,LT-000029-202601-3778,2027-12-10,0,c6617891-56ff-5690-89a4-1ece06685ff5
7b2e7f19-6931-56b8-9b3d-53d22b51d69c,e8aeb018-f679-5670-b210-de4f62ff2111,94e18241-54bd-5516-b36f-94ab6e323aca,botica,43616d97-2221-569d-82eb-bcc14bcd6344,LT-000013-202601-3779,2027-11-01,0,ab4a547f-e75d-5601-8171-00da4efa4b57
b5c31492-0fc2-56b4-a851-8c575bd9b97c,e8aeb018-f679-5670-b210-de4f62ff2111,87b859e0-789a-56e6-b1ba-4fe76221d3bf,botica,43616d97-2221-569d-82eb-bcc14bcd6344,LT-000014-202601-3780,2026-09-10,0,c6617891-56ff-5690-89a4-1ece06685ff5
557d91de-bc0e-5dd1-b5fe-0cef29656ff1,e8aeb018-f679-5670-b210-de4f62ff2111,cd81184b-b6f1-563c-b463-36a69ddfb598,botica,d6f21f11-7533-52dd-a4dc-2fb8e260c02c,LT-000026-202601-3781,2028-12-23,0,76d6c9f4-5d7d-53c0-bb1f-2a577383765a
aa502e5e-a748-5def-8641-6d383dbdc7c6,e8aeb018-f679-5670-b210-de4f62ff2111,22231140-3780-5fe8-a7d4-d33f61d15111,botica,7fb983e8-6848-5425-97a2-14da72722d0f,LT-000023-202601-3782,2028-03-26,0,ab4a547f-e75d-5601-8171-00da4efa4b57
d4bde861-f6cc-5342-8342-970941a6e926,e8aeb018-f679-5670-b210-de4f62ff2111,1ca3438e-9e23-58f0-a35f-f15f7a23beb9,botica,7fb983e8-6848-5425-97a2-14da72722d0f,LT-000024-202601-3783,2028-02-10,0,c6617891-56ff-5690-89a4-1ece06685ff5
7ccde402-c357-553f-9b4b-28a418e93bab,e8aeb018-f679-5670-b210-de4f62ff2111,38adf7ba-476e-5e6b-9163-781a13538253,botica,26f7241d-a84e-5e4a-a43d-33eea1e54eea,LT-000012-202601-3784,2028-01-22,0,41cb90d0-d91a-57c2-b138-831be351479f
92298582-e426-5cb9-89de-fd6a70d36ca3,e8aeb018-f679-5670-b210-de4f62ff2111,38adf7ba-476e-5e6b-9163-781a13538253,botica,8ecedccf-c230-516b-bbc2-108f7a6fbe63,LT-000012-202601-3785,2027-09-21,0,41cb90d0-d91a-57c2-b138-831be351479f
b3c413b9-b1a6-5975-8fed-b46901be71a9,e8aeb018-f679-5670-b210-de4f62ff2111,0ec23038-d3ab-588c-bbd6-1f5c744cdde1,botica,8ecedccf-c230-516b-bbc2-108f7a6fbe63,LT-000025-202601-3786,2027-12-16,0,a6f6d890-1609-53fc-b4a6-5733ccc9d078
b3edbe2b-f989-549e-8b10-2a3bc62ed4fe,e8aeb018-f679-5670-b210-de4f62ff2111,82cd11ba-d1a0-58b1-b14f-edd741f36e87,botica,7fb983e8-6848-5425-97a2-14da72722d0f,LT-000007-202601-3787,2028-01-27,0,41cb90d0-d91a-57c2-b138-831be351479f
0b8a255e-340f-52ff-94ba-b4c82df7af18,e8aeb018-f679-5670-b210-de4f62ff2111,1e9605fd-5682-52b6-8f05-e8a92dd44513,botica,26f7241d-a84e-5e4a-a43d-33eea1e54eea,LT-000030-202601-3788,2027-01-18,0,a6f6d890-1609-53fc-b4a6-5733ccc9d078
22e146ea-e442-53a6-b37b-4275dc44de7c,e8aeb018-f679-5670-b210-de4f62ff2111,5bbfdec8-65ae-59e6-b211-5eccb5b765fa,botica,43616d97-2221-569d-82eb-bcc14bcd6344,LT-000006-202601-3789,2027-06-18,0,76d6c9f4-5d7d-53c0-bb1f-2a577383765a
57f3fae4-81d3-5949-984b-b3c2ee51f87c,e8aeb018-f679-5670-b210-de4f62ff2111,82cd11ba-d1a0-58b1-b14f-edd741f36e87,botica,43616d97-2221-569d-82eb-bcc14bcd6344,LT-000007-202601-3790,2026-09-04,0,41cb90d0-d91a-57c2-b138-831be351479f
f74fd84f-5a3b-5aec-88b0-1a7ac539c9b0,e8aeb018-f679-5670-b210-de4f62ff2111,4d9429b6-2ebf-5b5d-ac48-f779d5a1e270,botica,43616d97-2221-569d-82eb-bcc14bcd6344,LT-000010-202601-3791,2028-12-11,14,a6f6d890-1609-53fc-b4a6-5733ccc9d078
714a8383-56ae-59b9-8c6d-70309e211550,e8aeb018-f679-5670-b210-de4f62ff2111,042e2e80-f954-5df4-97be-29dd428cc598,botica,d6f21f11-7533-52dd-a4dc-2fb8e260c02c,LT-000004-202601-3792,2028-05-08,0,c6617891-56ff-5690-89a4-1ece06685ff5
c43001ad-4e2c-5751-a4eb-be13f28c1404,e8aeb018-f679-5670-b210-de4f62ff2111,058c6382-bde2-59d1-93ff-20c6161a4736,botica,d6f21f11-7533-52dd-a4dc-2fb8e260c02c,LT-000009-202601-3793,2026-11-24,0,c6617891-56ff-5690-89a4-1ece06685ff5
ed6ef95b-a2ac-5373-a22f-81ee568d60a3,e8aeb018-f679-5670-b210-de4f62ff2111,0ec23038-d3ab-588c-bbd6-1f5c744cdde1,botica,d6f21f11-7533-52dd-a4dc-2fb8e260c02c,LT-000025-202601-3794,2028-11-16,0,a6f6d890-1609-53fc-b4a6-5733ccc9d078
193a9398-3878-5138-9007-61f156b933b3,e8aeb018-f679-5670-b210-de4f62ff2111,d2f08f15-f9f2-5f65-a740-b05896774467,botica,26f7241d-a84e-5e4a-a43d-33eea1e54eea,LT-000017-202601-3795,2027-05-24,0,41cb90d0-d91a-57c2-b138-831be351479f
fe439687-8161-5c15-a2e7-93ae97af24af,e8aeb018-f679-5670-b210-de4f62ff2111,d2f08f15-f9f2-5f65-a740-b05896774467,botica,8ecedccf-c230-516b-bbc2-108f7a6fbe63,LT-000017-202601-3796,2028-08-30,0,41cb90d0-d91a-57c2-b138-831be351479f
a9586e55-cee0-5fcc-be3b-eb8376b84833,e8aeb018-f679-5670-b210-de4f62ff2111,d3961f5a-3ea7-53d3-89f4-78b65b0c0c6b,botica,7fb983e8-6848-5425-97a2-14da72722d0f,LT-000001-202601-3797,2028-06-18,0,76d6c9f4-5d7d-53c0-bb1f-2a577383765a
bdb2553f-6b7c-5668-8037-ce0f2f7d1b3b,e8aeb018-f679-5670-b210-de4f62ff2111,983871db-adfb-543e-b438-6b00044ffb64,botica,7fb983e8-6848-5425-97a2-14da72722d0f,LT-000015-202601-3798,2028-01-01,0,a6f6d890-1609-53fc-b4a6-5733ccc9d078
143d3cfb-3fbf-57d2-8779-42849111040a,e8aeb018-f679-5670-b210-de4f62ff2111,d0ae6d2d-e561-56b3-a2c1-113c1c56ae81,botica,7fb983e8-6848-5425-97a2-14da72722d0f,LT-000021-202601-3799,2028-10-12,36,76d6c9f4-5d7d-53c0-bb1f-2a577383765a
6a5f4862-ab4c-5578-9d0f-f2f6ec58d73f,e8aeb018-f679-5670-b210-de4f62ff2111,4d9429b6-2ebf-5b5d-ac48-f779d5a1e270,botica,26f7241d-a84e-5e4a-a43d-33eea1e54eea,LT-000010-202601-3800,2028-07-20,0,a6f6d890-1609-53fc-b4a6-5733ccc9d078
642248b2-c487-570c-9782-858027f5a689,e8aeb018-f679-5670-b210-de4f62ff2111,012857cc-907f-5e7d-b8fb-796d2c9f1621,botica,26f7241d-a84e-5e4a-a43d-33eea1e54eea,LT-000028-202601-3801,2028-01-22,0,ab4a547f-e75d-5601-8171-00da4efa4b57
bef7bef9-836a-5136-ae5c-f3d659aa7ff3,e8aeb018-f679-5670-b210-de4f62ff2111,38adf7ba-476e-5e6b-9163-781a13538253,botica,d6f21f11-7533-52dd-a4dc-2fb8e260c02c,LT-000012-202601-3802,2027-07-07,0,41cb90d0-d91a-57c2-b138-831be351479f
fddb37c0-dd12-5394-91f2-bdf69f686d02,e8aeb018-f679-5670-b210-de4f62ff2111,d2f08f15-f9f2-5f65-a740-b05896774467,botica,43616d97-2221-569d-82eb-bcc14bcd6344,LT-000017-202601-3803,2026-10-02,0,41cb90d0-d91a-57c2-b138-831be351479f
c8f442e7-57ff-5a79-98de-ff96cf0dfad1,e8aeb018-f679-5670-b210-de4f62ff2111,d3961f5a-3ea7-53d3-89f4-78b65b0c0c6b,botica,d6f21f11-7533-52dd-a4dc-2fb8e260c02c,LT-000001-202601-3804,2028-04-18,0,76d6c9f4-5d7d-53c0-bb1f-2a577383765a
8fcecf65-10b1-5f06-99be-cff9fe491c97,e8aeb018-f679-5670-b210-de4f62ff2111,d3961f5a-3ea7-53d3-89f4-78b65b0c0c6b,botica,26f7241d-a84e-5e4a-a43d-33eea1e54eea,LT-000001-202601-3805,2028-05-19,0,76d6c9f4-5d7d-53c0-bb1f-2a577383765a
54c25928-2d08-5a9b-873f-4902043f4802,e8aeb018-f679-5670-b210-de4f62ff2111,6d807393-f4ab-5f76-b544-251eeda27ba3,botica,26f7241d-a84e-5e4a-a43d-33eea1e54eea,LT-000003-202601-3806,2028-06-12,0,ab4a547f-e75d-5601-8171-00da4efa4b57
0def6376-a7c1-591f-a5d9-150e3e933297,e8aeb018-f679-5670-b210-de4f62ff2111,2897aac2-f219-5167-b800-73fac27f6b85,botica,26f7241d-a84e-5e4a-a43d-33eea1e54eea,LT-000022-202601-3807,2027-08-26,0,41cb90d0-d91a-57c2-b138-831be351479f
a1ef2d79-5432-536a-9599-0ef44be768e8,e8aeb018-f679-5670-b210-de4f62ff2111,1ca3438e-9e23-58f0-a35f-f15f7a23beb9,botica,26f7241d-a84e-5e4a-a43d-33eea1e54eea,LT-000024-202601-3808,2028-04-10,2,c6617891-56ff-5690-89a4-1ece06685ff5
02aad4c5-d31b-506e-a44d-900d4e81823b,e8aeb018-f679-5670-b210-de4f62ff2111,2eb3a104-e572-583a-afa0-156ee0dc4cce,botica,43616d97-2221-569d-82eb-bcc14bcd6344,LT-000019-202601-3809,2028-02-21,0,c6617891-56ff-5690-89a4-1ece06685ff5
82b1a95f-6019-560f-9fd1-b8c926936872,e8aeb018-f679-5670-b210-de4f62ff2111,cd81184b-b6f1-563c-b463-36a69ddfb598,botica,43616d97-2221-569d-82eb-bcc14bcd6344,LT-000026-202601-3810,2027-02-25,0,76d6c9f4-5d7d-53c0-bb1f-2a577383765a
fc42aeef-57d4-51c1-acc5-78ade1dbff9d,e8aeb018-f679-5670-b210-de4f62ff2111,82cd11ba-d1a0-58b1-b14f-edd741f36e87,botica,d6f21f11-7533-52dd-a4dc-2fb8e260c02c,LT-000007-202601-3811,2028-10-16,43,41cb90d0-d91a-57c2-b138-831be351479f
5b286daa-f2fd-55ca-beda-6ab6fb0a54ae,e8aeb018-f679-5670-b210-de4f62ff2111,9928e9a1-d9fc-5fdd-86c2-8909352fd7fe,botica,7fb983e8-6848-5425-97a2-14da72722d0f,LT-000005-202601-3812,2027-02-01,0,a6f6d890-1609-53fc-b4a6-5733ccc9d078
34911452-1f5a-59d0-ad52-d2aa7251a1d6,e8aeb018-f679-5670-b210-de4f62ff2111,c0cf5e5c-b5c9-585a-8e79-d9830bc954f6,botica,7fb983e8-6848-5425-97a2-14da72722d0f,LT-000011-202601-3813,2027-04-25,0,76d6c9f4-5d7d-53c0-bb1f-2a577383765a
facf15ba-b892-5b0d-9e8b-24f012e1d645,e8aeb018-f679-5670-b210-de4f62ff2111,94e18241-54bd-5516-b36f-94ab6e323aca,botica,d6f21f11-7533-52dd-a4dc-2fb8e260c02c,LT-000013-202602-3814,2027-05-08,0,ab4a547f-e75d-5601-8171-00da4efa4b57
f77c7d28-ff83-52dd-9aff-5481472d23f7,e8aeb018-f679-5670-b210-de4f62ff2111,87b859e0-789a-56e6-b1ba-4fe76221d3bf,botica,d6f21f11-7533-52dd-a4dc-2fb8e260c02c,LT-000014-202602-3815,2028-12-23,37,c6617891-56ff-5690-89a4-1ece06685ff5
59452226-021c-5d54-833b-9b244d7eccfc,e8aeb018-f679-5670-b210-de4f62ff2111,97d26d91-c562-5f27-9ebd-285e89c8f4bf,botica,8ecedccf-c230-516b-bbc2-108f7a6fbe63,LT-000018-202602-3816,2028-12-17,51,ab4a547f-e75d-5601-8171-00da4efa4b57
866e7cfe-2f0c-5920-8a4b-1148db2a253d,e8aeb018-f679-5670-b210-de4f62ff2111,d9506935-1215-5499-93c0-8bdd86ab9418,botica,8ecedccf-c230-516b-bbc2-108f7a6fbe63,LT-000029-202602-3817,2028-10-30,0,c6617891-56ff-5690-89a4-1ece06685ff5
24c9a8c9-f356-5a2f-afcb-1b36ec82a913,e8aeb018-f679-5670-b210-de4f62ff2111,6d807393-f4ab-5f76-b544-251eeda27ba3,botica,7fb983e8-6848-5425-97a2-14da72722d0f,LT-000003-202602-3818,2028-12-10,52,ab4a547f-e75d-5601-8171-00da4efa4b57
82138fa9-1003-5558-876c-98792eb3efa4,e8aeb018-f679-5670-b210-de4f62ff2111,94e18241-54bd-5516-b36f-94ab6e323aca,botica,26f7241d-a84e-5e4a-a43d-33eea1e54eea,LT-000013-202602-3819,2027-06-18,0,ab4a547f-e75d-5601-8171-00da4efa4b57
3ec8e140-5647-590d-b065-179c7969c5a5,e8aeb018-f679-5670-b210-de4f62ff2111,38adf7ba-476e-5e6b-9163-781a13538253,botica,43616d97-2221-569d-82eb-bcc14bcd6344,LT-000012-202602-3820,2028-09-07,0,41cb90d0-d91a-57c2-b138-831be351479f
45aa74b8-a7aa-52a0-b41a-71a5759c37cc,e8aeb018-f679-5670-b210-de4f62ff2111,9928e9a1-d9fc-5fdd-86c2-8909352fd7fe,botica,8ecedccf-c230-516b-bbc2-108f7a6fbe63,LT-000005-202602-3821,2028-05-18,37,a6f6d890-1609-53fc-b4a6-5733ccc9d078
4fd74b7c-79f1-5e8f-8ce1-4f3a7f5f240a,e8aeb018-f679-5670-b210-de4f62ff2111,058c6382-bde2-59d1-93ff-20c6161a4736,botica,43616d97-2221-569d-82eb-bcc14bcd6344,LT-000009-202602-3822,2027-11-02,0,c6617891-56ff-5690-89a4-1ece06685ff5
4c16601f-bdf5-5841-877b-479f884692c0,e8aeb018-f679-5670-b210-de4f62ff2111,c0cf5e5c-b5c9-585a-8e79-d9830bc954f6,botica,43616d97-2221-569d-82eb-bcc14bcd6344,LT-000011-202602-3823,2027-10-10,0,76d6c9f4-5d7d-53c0-bb1f-2a577383765a
c17480e2-77e5-56f9-a5c8-ffd6326add28,e8aeb018-f679-5670-b210-de4f62ff2111,6d807393-f4ab-5f76-b544-251eeda27ba3,botica,43616d97-2221-569d-82eb-bcc14bcd6344,LT-000003-202602-3824,2026-08-14,0,ab4a547f-e75d-5601-8171-00da4efa4b57
fe1f6419-899d-5ca4-9dcb-f09b79023def,e8aeb018-f679-5670-b210-de4f62ff2111,2082733c-4e17-51fe-bc8c-bf33d3ec5d7e,botica,d6f21f11-7533-52dd-a4dc-2fb8e260c02c,LT-000016-202602-3825,2026-08-27,0,76d6c9f4-5d7d-53c0-bb1f-2a577383765a
53bf8e0f-8146-5dae-b55a-d6c407eca05e,e8aeb018-f679-5670-b210-de4f62ff2111,07371b94-955f-52a4-9bf9-f0a6ad2b4fa8,botica,8ecedccf-c230-516b-bbc2-108f7a6fbe63,LT-000008-202602-3826,2027-01-19,0,ab4a547f-e75d-5601-8171-00da4efa4b57
e813fcba-cbdc-5b90-8218-5d7dbe54af74,e8aeb018-f679-5670-b210-de4f62ff2111,38adf7ba-476e-5e6b-9163-781a13538253,botica,8ecedccf-c230-516b-bbc2-108f7a6fbe63,LT-000012-202602-3827,2027-11-23,0,41cb90d0-d91a-57c2-b138-831be351479f
64134185-ea11-596f-b94c-21e83c5fa03e,e8aeb018-f679-5670-b210-de4f62ff2111,2eb3a104-e572-583a-afa0-156ee0dc4cce,botica,8ecedccf-c230-516b-bbc2-108f7a6fbe63,LT-000019-202602-3828,2027-04-28,0,c6617891-56ff-5690-89a4-1ece06685ff5
1f729bb5-16a3-58ef-a138-acda3a357ddf,e8aeb018-f679-5670-b210-de4f62ff2111,d0ae6d2d-e561-56b3-a2c1-113c1c56ae81,botica,8ecedccf-c230-516b-bbc2-108f7a6fbe63,LT-000021-202602-3829,2026-08-30,0,76d6c9f4-5d7d-53c0-bb1f-2a577383765a
01b570ce-e1bc-5c4f-b818-6b42e077eb45,e8aeb018-f679-5670-b210-de4f62ff2111,6baabed2-52d7-5cb7-bf74-86c7cb3e4f07,botica,8ecedccf-c230-516b-bbc2-108f7a6fbe63,LT-000027-202602-3830,2026-10-30,0,41cb90d0-d91a-57c2-b138-831be351479f
0288be64-cb48-5780-92f5-9f8fa5c85ef8,e8aeb018-f679-5670-b210-de4f62ff2111,2082733c-4e17-51fe-bc8c-bf33d3ec5d7e,botica,26f7241d-a84e-5e4a-a43d-33eea1e54eea,LT-000016-202602-3831,2027-12-02,0,76d6c9f4-5d7d-53c0-bb1f-2a577383765a
275c238b-cb76-5e5d-bb72-7c8f37dd97d4,e8aeb018-f679-5670-b210-de4f62ff2111,042e2e80-f954-5df4-97be-29dd428cc598,botica,8ecedccf-c230-516b-bbc2-108f7a6fbe63,LT-000004-202602-3832,2028-03-27,0,c6617891-56ff-5690-89a4-1ece06685ff5
df548269-318c-5f36-98b5-5f1122da73be,e8aeb018-f679-5670-b210-de4f62ff2111,6baabed2-52d7-5cb7-bf74-86c7cb3e4f07,botica,7fb983e8-6848-5425-97a2-14da72722d0f,LT-000027-202602-3833,2027-06-18,0,41cb90d0-d91a-57c2-b138-831be351479f
f233e45e-dbe0-5fe9-8bd7-7b724feea5a0,e8aeb018-f679-5670-b210-de4f62ff2111,042e2e80-f954-5df4-97be-29dd428cc598,botica,43616d97-2221-569d-82eb-bcc14bcd6344,LT-000004-202602-3834,2028-02-02,0,c6617891-56ff-5690-89a4-1ece06685ff5
7f87928b-6cf9-539f-b0c3-a1634098f00a,e8aeb018-f679-5670-b210-de4f62ff2111,87b859e0-789a-56e6-b1ba-4fe76221d3bf,botica,43616d97-2221-569d-82eb-bcc14bcd6344,LT-000014-202602-3835,2026-09-02,0,c6617891-56ff-5690-89a4-1ece06685ff5
faadc99a-d4c0-5dbf-b273-ecd777e76320,e8aeb018-f679-5670-b210-de4f62ff2111,0ec23038-d3ab-588c-bbd6-1f5c744cdde1,botica,7fb983e8-6848-5425-97a2-14da72722d0f,LT-000025-202602-3836,2027-03-10,0,a6f6d890-1609-53fc-b4a6-5733ccc9d078
68a832b3-6006-5a8a-ae9b-34678a2d06e3,e8aeb018-f679-5670-b210-de4f62ff2111,9928e9a1-d9fc-5fdd-86c2-8909352fd7fe,botica,43616d97-2221-569d-82eb-bcc14bcd6344,LT-000005-202602-3837,2029-02-03,35,a6f6d890-1609-53fc-b4a6-5733ccc9d078
68ed8908-d967-5086-90de-d12e13c548f4,e8aeb018-f679-5670-b210-de4f62ff2111,1ca3438e-9e23-58f0-a35f-f15f7a23beb9,botica,43616d97-2221-569d-82eb-bcc14bcd6344,LT-000024-202602-3838,2028-08-12,0,c6617891-56ff-5690-89a4-1ece06685ff5
42d918aa-8f01-567a-917c-9d458677775b,e8aeb018-f679-5670-b210-de4f62ff2111,87b859e0-789a-56e6-b1ba-4fe76221d3bf,botica,8ecedccf-c230-516b-bbc2-108f7a6fbe63,LT-000014-202602-3839,2026-12-18,0,c6617891-56ff-5690-89a4-1ece06685ff5
1ee5fe8c-906c-5e83-99df-24a04f7c5f4c,e8aeb018-f679-5670-b210-de4f62ff2111,d2f08f15-f9f2-5f65-a740-b05896774467,botica,7fb983e8-6848-5425-97a2-14da72722d0f,LT-000017-202602-3840,2028-12-13,43,41cb90d0-d91a-57c2-b138-831be351479f
d0665c21-6ad5-5504-8c67-47b3aae6f695,e8aeb018-f679-5670-b210-de4f62ff2111,82cd11ba-d1a0-58b1-b14f-edd741f36e87,botica,26f7241d-a84e-5e4a-a43d-33eea1e54eea,LT-000007-202602-3841,2028-11-22,0,41cb90d0-d91a-57c2-b138-831be351479f
e985c3d8-23d8-550f-be3b-86dc77e7264e,e8aeb018-f679-5670-b210-de4f62ff2111,c0cf5e5c-b5c9-585a-8e79-d9830bc954f6,botica,26f7241d-a84e-5e4a-a43d-33eea1e54eea,LT-000011-202602-3842,2028-04-21,7,76d6c9f4-5d7d-53c0-bb1f-2a577383765a
858c9973-b654-5c0a-adc2-b8b38e719781,e8aeb018-f679-5670-b210-de4f62ff2111,38adf7ba-476e-5e6b-9163-781a13538253,botica,26f7241d-a84e-5e4a-a43d-33eea1e54eea,LT-000012-202602-3843,2027-01-27,0,41cb90d0-d91a-57c2-b138-831be351479f
3b6a467c-e534-5ef6-a266-95ce46be5366,e8aeb018-f679-5670-b210-de4f62ff2111,87b859e0-789a-56e6-b1ba-4fe76221d3bf,botica,26f7241d-a84e-5e4a-a43d-33eea1e54eea,LT-000014-202602-3844,2028-12-05,31,c6617891-56ff-5690-89a4-1ece06685ff5
96bf0b15-9dcb-5f19-becb-80b624b16889,e8aeb018-f679-5670-b210-de4f62ff2111,d0ae6d2d-e561-56b3-a2c1-113c1c56ae81,botica,26f7241d-a84e-5e4a-a43d-33eea1e54eea,LT-000021-202602-3845,2028-02-18,0,76d6c9f4-5d7d-53c0-bb1f-2a577383765a
ea8342b8-e659-58c2-85b9-d88832f64f01,e8aeb018-f679-5670-b210-de4f62ff2111,22231140-3780-5fe8-a7d4-d33f61d15111,botica,26f7241d-a84e-5e4a-a43d-33eea1e54eea,LT-000023-202602-3846,2028-01-20,0,ab4a547f-e75d-5601-8171-00da4efa4b57
b3972d66-59c3-5c92-a1fd-70279070c83b,e8aeb018-f679-5670-b210-de4f62ff2111,d2f08f15-f9f2-5f65-a740-b05896774467,botica,d6f21f11-7533-52dd-a4dc-2fb8e260c02c,LT-000017-202602-3847,2028-12-15,43,41cb90d0-d91a-57c2-b138-831be351479f
499477e0-4bb9-5987-9a25-a86c38341973,e8aeb018-f679-5670-b210-de4f62ff2111,2933d8b7-2438-521b-b38d-d3a5224f87fc,botica,7fb983e8-6848-5425-97a2-14da72722d0f,LT-000002-202602-3848,2028-02-06,0,41cb90d0-d91a-57c2-b138-831be351479f
67d52c26-a5ec-55a4-988e-9c5064fbaccf,e8aeb018-f679-5670-b210-de4f62ff2111,4d9429b6-2ebf-5b5d-ac48-f779d5a1e270,botica,7fb983e8-6848-5425-97a2-14da72722d0f,LT-000010-202602-3849,2028-11-05,2,a6f6d890-1609-53fc-b4a6-5733ccc9d078
7354db9e-0170-5b6d-bc2e-813571530862,e8aeb018-f679-5670-b210-de4f62ff2111,94e18241-54bd-5516-b36f-94ab6e323aca,botica,7fb983e8-6848-5425-97a2-14da72722d0f,LT-000013-202602-3850,2028-10-08,0,ab4a547f-e75d-5601-8171-00da4efa4b57
ebe354ca-d310-5f1f-9981-5632dcfc193a,e8aeb018-f679-5670-b210-de4f62ff2111,2eb3a104-e572-583a-afa0-156ee0dc4cce,botica,7fb983e8-6848-5425-97a2-14da72722d0f,LT-000019-202602-3851,2028-03-28,0,c6617891-56ff-5690-89a4-1ece06685ff5
5e20c3e8-2e82-594e-b73b-216878dc6c6f,e8aeb018-f679-5670-b210-de4f62ff2111,2933d8b7-2438-521b-b38d-d3a5224f87fc,botica,26f7241d-a84e-5e4a-a43d-33eea1e54eea,LT-000002-202602-3852,2027-05-05,0,41cb90d0-d91a-57c2-b138-831be351479f
f74a2fe7-41cb-5364-a6b4-d63ac10ac7c6,e8aeb018-f679-5670-b210-de4f62ff2111,058c6382-bde2-59d1-93ff-20c6161a4736,botica,26f7241d-a84e-5e4a-a43d-33eea1e54eea,LT-000009-202602-3853,2027-05-10,0,c6617891-56ff-5690-89a4-1ece06685ff5
0d3f8282-df5e-584b-b629-c4454b669253,e8aeb018-f679-5670-b210-de4f62ff2111,983871db-adfb-543e-b438-6b00044ffb64,botica,26f7241d-a84e-5e4a-a43d-33eea1e54eea,LT-000015-202602-3854,2026-08-20,0,a6f6d890-1609-53fc-b4a6-5733ccc9d078
1797cb35-f055-54d0-9fe2-0c54fc6ee905,e8aeb018-f679-5670-b210-de4f62ff2111,38adf7ba-476e-5e6b-9163-781a13538253,botica,d6f21f11-7533-52dd-a4dc-2fb8e260c02c,LT-000012-202602-3855,2027-02-16,0,41cb90d0-d91a-57c2-b138-831be351479f
bd04d71a-ba17-54de-94db-4b90e238e4c7,e8aeb018-f679-5670-b210-de4f62ff2111,983871db-adfb-543e-b438-6b00044ffb64,botica,d6f21f11-7533-52dd-a4dc-2fb8e260c02c,LT-000015-202602-3856,2026-11-23,0,a6f6d890-1609-53fc-b4a6-5733ccc9d078
4fef6e70-daee-5b92-b3e1-f540106c5905,e8aeb018-f679-5670-b210-de4f62ff2111,d3961f5a-3ea7-53d3-89f4-78b65b0c0c6b,botica,8ecedccf-c230-516b-bbc2-108f7a6fbe63,LT-000001-202602-3857,2027-06-30,0,76d6c9f4-5d7d-53c0-bb1f-2a577383765a
394882de-cb07-52d4-a51d-d98808d07289,e8aeb018-f679-5670-b210-de4f62ff2111,6d807393-f4ab-5f76-b544-251eeda27ba3,botica,8ecedccf-c230-516b-bbc2-108f7a6fbe63,LT-000003-202602-3858,2027-10-10,0,ab4a547f-e75d-5601-8171-00da4efa4b57
4bf20649-ef24-541c-ba0c-7db8a6c04bbc,e8aeb018-f679-5670-b210-de4f62ff2111,1ca3438e-9e23-58f0-a35f-f15f7a23beb9,botica,8ecedccf-c230-516b-bbc2-108f7a6fbe63,LT-000024-202602-3859,2026-11-06,0,c6617891-56ff-5690-89a4-1ece06685ff5
c96e3ef5-bd53-5006-a055-888676591ddd,e8aeb018-f679-5670-b210-de4f62ff2111,1e9605fd-5682-52b6-8f05-e8a92dd44513,botica,7fb983e8-6848-5425-97a2-14da72722d0f,LT-000030-202602-3860,2028-10-24,0,a6f6d890-1609-53fc-b4a6-5733ccc9d078
8faa1318-20b7-5319-b7d2-e40c08ec46a2,e8aeb018-f679-5670-b210-de4f62ff2111,2933d8b7-2438-521b-b38d-d3a5224f87fc,botica,43616d97-2221-569d-82eb-bcc14bcd6344,LT-000002-202602-3861,2028-12-01,45,41cb90d0-d91a-57c2-b138-831be351479f
2e52e631-ee0e-54bb-ad3d-5f2f70fdb441,e8aeb018-f679-5670-b210-de4f62ff2111,38adf7ba-476e-5e6b-9163-781a13538253,botica,43616d97-2221-569d-82eb-bcc14bcd6344,LT-000012-202602-3862,2028-10-24,0,41cb90d0-d91a-57c2-b138-831be351479f
c4580138-1b43-5183-9935-ce18a1330b6e,e8aeb018-f679-5670-b210-de4f62ff2111,94e18241-54bd-5516-b36f-94ab6e323aca,botica,43616d97-2221-569d-82eb-bcc14bcd6344,LT-000013-202602-3863,2026-12-30,0,ab4a547f-e75d-5601-8171-00da4efa4b57
192ba583-05d5-50d1-9f4f-856e8e01f181,e8aeb018-f679-5670-b210-de4f62ff2111,97d26d91-c562-5f27-9ebd-285e89c8f4bf,botica,43616d97-2221-569d-82eb-bcc14bcd6344,LT-000018-202602-3864,2029-01-11,54,ab4a547f-e75d-5601-8171-00da4efa4b57
686cf491-9b3b-55de-a911-c6bf4a69c951,e8aeb018-f679-5670-b210-de4f62ff2111,0ec23038-d3ab-588c-bbd6-1f5c744cdde1,botica,43616d97-2221-569d-82eb-bcc14bcd6344,LT-000025-202602-3865,2027-10-02,0,a6f6d890-1609-53fc-b4a6-5733ccc9d078
f71f546f-dfea-571c-8fb3-eac9bed278e5,e8aeb018-f679-5670-b210-de4f62ff2111,5bbfdec8-65ae-59e6-b211-5eccb5b765fa,botica,d6f21f11-7533-52dd-a4dc-2fb8e260c02c,LT-000006-202602-3866,2027-07-22,0,76d6c9f4-5d7d-53c0-bb1f-2a577383765a
b770d68b-2bc9-513e-9ea7-3fe8aabe7de6,e8aeb018-f679-5670-b210-de4f62ff2111,1e9605fd-5682-52b6-8f05-e8a92dd44513,botica,d6f21f11-7533-52dd-a4dc-2fb8e260c02c,LT-000030-202602-3867,2028-10-28,19,a6f6d890-1609-53fc-b4a6-5733ccc9d078
930611b4-c648-5983-b6a4-74f266765206,e8aeb018-f679-5670-b210-de4f62ff2111,2933d8b7-2438-521b-b38d-d3a5224f87fc,botica,8ecedccf-c230-516b-bbc2-108f7a6fbe63,LT-000002-202602-3868,2028-12-23,0,41cb90d0-d91a-57c2-b138-831be351479f
b8ef4962-73ef-54c8-ac91-24fd5817f6b1,e8aeb018-f679-5670-b210-de4f62ff2111,afe9d181-1c64-5cca-b4b7-a9fa24eceeea,botica,8ecedccf-c230-516b-bbc2-108f7a6fbe63,LT-000020-202602-3869,2027-05-01,0,a6f6d890-1609-53fc-b4a6-5733ccc9d078
eb395f75-7668-5c2c-996c-b4720195fd0f,e8aeb018-f679-5670-b210-de4f62ff2111,012857cc-907f-5e7d-b8fb-796d2c9f1621,botica,8ecedccf-c230-516b-bbc2-108f7a6fbe63,LT-000028-202602-3870,2028-04-22,0,ab4a547f-e75d-5601-8171-00da4efa4b57
4d668a4f-90ed-5f5c-ab2a-27179eff26ea,e8aeb018-f679-5670-b210-de4f62ff2111,042e2e80-f954-5df4-97be-29dd428cc598,botica,7fb983e8-6848-5425-97a2-14da72722d0f,LT-000004-202602-3871,2028-08-03,0,c6617891-56ff-5690-89a4-1ece06685ff5
27955aa9-7a4a-5039-9d46-eb2f114f4607,e8aeb018-f679-5670-b210-de4f62ff2111,4d9429b6-2ebf-5b5d-ac48-f779d5a1e270,botica,d6f21f11-7533-52dd-a4dc-2fb8e260c02c,LT-000010-202602-3872,2028-05-14,0,a6f6d890-1609-53fc-b4a6-5733ccc9d078
b451157d-9724-56dc-b487-7fccfe0b5929,e8aeb018-f679-5670-b210-de4f62ff2111,c0cf5e5c-b5c9-585a-8e79-d9830bc954f6,botica,8ecedccf-c230-516b-bbc2-108f7a6fbe63,LT-000011-202602-3873,2027-01-26,0,76d6c9f4-5d7d-53c0-bb1f-2a577383765a
9b9f655d-01b4-501f-9d0f-60357d6805ca,e8aeb018-f679-5670-b210-de4f62ff2111,38adf7ba-476e-5e6b-9163-781a13538253,botica,7fb983e8-6848-5425-97a2-14da72722d0f,LT-000012-202602-3874,2027-06-04,0,41cb90d0-d91a-57c2-b138-831be351479f
7d375f6b-27b5-545c-af8d-5524afb104c6,e8aeb018-f679-5670-b210-de4f62ff2111,94e18241-54bd-5516-b36f-94ab6e323aca,botica,26f7241d-a84e-5e4a-a43d-33eea1e54eea,LT-000013-202602-3875,2027-01-31,0,ab4a547f-e75d-5601-8171-00da4efa4b57
7b5a27dc-76ad-55dd-9b0f-805fa75bf9d0,e8aeb018-f679-5670-b210-de4f62ff2111,1e9605fd-5682-52b6-8f05-e8a92dd44513,botica,8ecedccf-c230-516b-bbc2-108f7a6fbe63,LT-000030-202602-3876,2028-06-19,16,a6f6d890-1609-53fc-b4a6-5733ccc9d078
1503ba2b-1d3a-50a8-91a7-d89c2ce9371f,e8aeb018-f679-5670-b210-de4f62ff2111,d0ae6d2d-e561-56b3-a2c1-113c1c56ae81,botica,43616d97-2221-569d-82eb-bcc14bcd6344,LT-000021-202602-3877,2027-02-10,0,76d6c9f4-5d7d-53c0-bb1f-2a577383765a
34199148-0cb2-5b40-abfc-b4d87a75f6c8,e8aeb018-f679-5670-b210-de4f62ff2111,9928e9a1-d9fc-5fdd-86c2-8909352fd7fe,botica,d6f21f11-7533-52dd-a4dc-2fb8e260c02c,LT-000005-202602-3878,2027-07-04,0,a6f6d890-1609-53fc-b4a6-5733ccc9d078
1e122498-791c-5763-9ede-0d538f6c3547,e8aeb018-f679-5670-b210-de4f62ff2111,5bbfdec8-65ae-59e6-b211-5eccb5b765fa,botica,26f7241d-a84e-5e4a-a43d-33eea1e54eea,LT-000006-202602-3879,2027-09-18,0,76d6c9f4-5d7d-53c0-bb1f-2a577383765a
fdb9785f-5aa0-5ddd-9018-c4d9da86ad62,e8aeb018-f679-5670-b210-de4f62ff2111,07371b94-955f-52a4-9bf9-f0a6ad2b4fa8,botica,43616d97-2221-569d-82eb-bcc14bcd6344,LT-000008-202602-3880,2027-08-06,0,ab4a547f-e75d-5601-8171-00da4efa4b57
7ea879d9-91ce-56c1-bca2-4aaa3509d17d,e8aeb018-f679-5670-b210-de4f62ff2111,4d9429b6-2ebf-5b5d-ac48-f779d5a1e270,botica,43616d97-2221-569d-82eb-bcc14bcd6344,LT-000010-202602-3881,2027-03-30,0,a6f6d890-1609-53fc-b4a6-5733ccc9d078
48aa33da-090c-58a5-b58c-19e9662b5e68,e8aeb018-f679-5670-b210-de4f62ff2111,6d807393-f4ab-5f76-b544-251eeda27ba3,botica,d6f21f11-7533-52dd-a4dc-2fb8e260c02c,LT-000003-202602-3882,2028-06-08,0,ab4a547f-e75d-5601-8171-00da4efa4b57
0899684c-f1da-5ed9-9274-6ae8519f7647,e8aeb018-f679-5670-b210-de4f62ff2111,c0cf5e5c-b5c9-585a-8e79-d9830bc954f6,botica,d6f21f11-7533-52dd-a4dc-2fb8e260c02c,LT-000011-202602-3883,2027-10-01,0,76d6c9f4-5d7d-53c0-bb1f-2a577383765a
6ff1e04a-3ae6-5f51-b414-2698ca6e95ef,e8aeb018-f679-5670-b210-de4f62ff2111,d0ae6d2d-e561-56b3-a2c1-113c1c56ae81,botica,d6f21f11-7533-52dd-a4dc-2fb8e260c02c,LT-000021-202602-3884,2026-11-26,0,76d6c9f4-5d7d-53c0-bb1f-2a577383765a
5cd400c8-4e0b-564a-84b1-164f8dd6f7cd,e8aeb018-f679-5670-b210-de4f62ff2111,6baabed2-52d7-5cb7-bf74-86c7cb3e4f07,botica,d6f21f11-7533-52dd-a4dc-2fb8e260c02c,LT-000027-202602-3885,2026-11-15,0,41cb90d0-d91a-57c2-b138-831be351479f
b9e8c1d7-61ce-595a-94d4-392b6abcf670,e8aeb018-f679-5670-b210-de4f62ff2111,2082733c-4e17-51fe-bc8c-bf33d3ec5d7e,botica,8ecedccf-c230-516b-bbc2-108f7a6fbe63,LT-000016-202602-3886,2028-04-30,0,76d6c9f4-5d7d-53c0-bb1f-2a577383765a
5b05c2fa-aa8a-5bb0-837b-d5588db8fbb4,e8aeb018-f679-5670-b210-de4f62ff2111,2082733c-4e17-51fe-bc8c-bf33d3ec5d7e,botica,7fb983e8-6848-5425-97a2-14da72722d0f,LT-000016-202602-3887,2028-05-16,38,76d6c9f4-5d7d-53c0-bb1f-2a577383765a
09706f59-53d9-5780-9504-317585926385,e8aeb018-f679-5670-b210-de4f62ff2111,cd81184b-b6f1-563c-b463-36a69ddfb598,botica,26f7241d-a84e-5e4a-a43d-33eea1e54eea,LT-000026-202602-3888,2029-02-02,0,76d6c9f4-5d7d-53c0-bb1f-2a577383765a
8a863ecd-ee5b-5162-87f3-7c6529ba01c9,e8aeb018-f679-5670-b210-de4f62ff2111,012857cc-907f-5e7d-b8fb-796d2c9f1621,botica,43616d97-2221-569d-82eb-bcc14bcd6344,LT-000028-202602-3889,2028-04-11,0,ab4a547f-e75d-5601-8171-00da4efa4b57
1eb2f9d6-efbb-5ae4-9f97-86004f2abeaf,e8aeb018-f679-5670-b210-de4f62ff2111,87b859e0-789a-56e6-b1ba-4fe76221d3bf,botica,d6f21f11-7533-52dd-a4dc-2fb8e260c02c,LT-000014-202602-3890,2027-01-12,0,c6617891-56ff-5690-89a4-1ece06685ff5
621180e0-f87d-542f-8878-74e4d1f3895b,e8aeb018-f679-5670-b210-de4f62ff2111,afe9d181-1c64-5cca-b4b7-a9fa24eceeea,botica,d6f21f11-7533-52dd-a4dc-2fb8e260c02c,LT-000020-202602-3891,2027-11-01,0,a6f6d890-1609-53fc-b4a6-5733ccc9d078
15ec9d87-0360-5802-8b75-17e13a6f5176,e8aeb018-f679-5670-b210-de4f62ff2111,94e18241-54bd-5516-b36f-94ab6e323aca,botica,8ecedccf-c230-516b-bbc2-108f7a6fbe63,LT-000013-202602-3892,2027-12-31,0,ab4a547f-e75d-5601-8171-00da4efa4b57
af3f68cd-277a-568e-aa52-00d1ebee80b6,e8aeb018-f679-5670-b210-de4f62ff2111,d9506935-1215-5499-93c0-8bdd86ab9418,botica,7fb983e8-6848-5425-97a2-14da72722d0f,LT-000029-202602-3893,2027-02-10,0,c6617891-56ff-5690-89a4-1ece06685ff5
c68053ce-f8d8-579f-a207-bbc5f3320f7c,e8aeb018-f679-5670-b210-de4f62ff2111,042e2e80-f954-5df4-97be-29dd428cc598,botica,26f7241d-a84e-5e4a-a43d-33eea1e54eea,LT-000004-202602-3894,2028-03-05,0,c6617891-56ff-5690-89a4-1ece06685ff5
4b9f04cb-9688-5e9b-9949-c9adf98214c0,e8aeb018-f679-5670-b210-de4f62ff2111,5bbfdec8-65ae-59e6-b211-5eccb5b765fa,botica,43616d97-2221-569d-82eb-bcc14bcd6344,LT-000006-202602-3895,2027-01-09,0,76d6c9f4-5d7d-53c0-bb1f-2a577383765a
4736f8a6-6410-5e3a-94ca-43f508f4549f,e8aeb018-f679-5670-b210-de4f62ff2111,2897aac2-f219-5167-b800-73fac27f6b85,botica,43616d97-2221-569d-82eb-bcc14bcd6344,LT-000022-202602-3896,2028-09-10,22,41cb90d0-d91a-57c2-b138-831be351479f
e3a2a333-3ae8-50b5-9352-67f4836c5a95,e8aeb018-f679-5670-b210-de4f62ff2111,d9506935-1215-5499-93c0-8bdd86ab9418,botica,43616d97-2221-569d-82eb-bcc14bcd6344,LT-000029-202602-3897,2028-11-27,14,c6617891-56ff-5690-89a4-1ece06685ff5
4a2f4e37-fb7c-5654-86e6-663cabfdf58d,e8aeb018-f679-5670-b210-de4f62ff2111,058c6382-bde2-59d1-93ff-20c6161a4736,botica,8ecedccf-c230-516b-bbc2-108f7a6fbe63,LT-000009-202602-3898,2026-10-30,0,c6617891-56ff-5690-89a4-1ece06685ff5
52d49471-d4a2-5adf-b8ba-521c4e9a94fc,e8aeb018-f679-5670-b210-de4f62ff2111,2897aac2-f219-5167-b800-73fac27f6b85,botica,8ecedccf-c230-516b-bbc2-108f7a6fbe63,LT-000022-202602-3899,2029-02-15,22,41cb90d0-d91a-57c2-b138-831be351479f
74f602a4-060c-507d-ba44-dc06a7a21a95,e8aeb018-f679-5670-b210-de4f62ff2111,cd81184b-b6f1-563c-b463-36a69ddfb598,botica,8ecedccf-c230-516b-bbc2-108f7a6fbe63,LT-000026-202602-3900,2026-11-29,0,76d6c9f4-5d7d-53c0-bb1f-2a577383765a
76a1416b-0b22-5f94-a858-04b43f59af47,e8aeb018-f679-5670-b210-de4f62ff2111,1e9605fd-5682-52b6-8f05-e8a92dd44513,botica,26f7241d-a84e-5e4a-a43d-33eea1e54eea,LT-000030-202602-3901,2026-08-19,0,a6f6d890-1609-53fc-b4a6-5733ccc9d078
97e52d17-b12a-573a-b4fd-a972a1664921,e8aeb018-f679-5670-b210-de4f62ff2111,c0cf5e5c-b5c9-585a-8e79-d9830bc954f6,botica,7fb983e8-6848-5425-97a2-14da72722d0f,LT-000011-202602-3902,2029-02-19,25,76d6c9f4-5d7d-53c0-bb1f-2a577383765a
96f09186-fedb-5305-8291-b2c2559feeac,e8aeb018-f679-5670-b210-de4f62ff2111,87b859e0-789a-56e6-b1ba-4fe76221d3bf,botica,7fb983e8-6848-5425-97a2-14da72722d0f,LT-000014-202602-3903,2028-08-24,43,c6617891-56ff-5690-89a4-1ece06685ff5
c7e225eb-3cb1-5f14-aee6-6737aecce31b,e8aeb018-f679-5670-b210-de4f62ff2111,012857cc-907f-5e7d-b8fb-796d2c9f1621,botica,7fb983e8-6848-5425-97a2-14da72722d0f,LT-000028-202602-3904,2027-04-05,0,ab4a547f-e75d-5601-8171-00da4efa4b57
ec9c0059-e08b-588a-8108-666fad04dcc8,e8aeb018-f679-5670-b210-de4f62ff2111,82cd11ba-d1a0-58b1-b14f-edd741f36e87,botica,43616d97-2221-569d-82eb-bcc14bcd6344,LT-000007-202602-3905,2027-01-02,0,41cb90d0-d91a-57c2-b138-831be351479f
19384a84-0632-5d51-af74-f01d70c46ac5,e8aeb018-f679-5670-b210-de4f62ff2111,d2f08f15-f9f2-5f65-a740-b05896774467,botica,43616d97-2221-569d-82eb-bcc14bcd6344,LT-000017-202602-3906,2027-09-17,2,41cb90d0-d91a-57c2-b138-831be351479f
7625cb7b-ff71-5cb3-bfff-6f62793f6d52,e8aeb018-f679-5670-b210-de4f62ff2111,1ca3438e-9e23-58f0-a35f-f15f7a23beb9,botica,d6f21f11-7533-52dd-a4dc-2fb8e260c02c,LT-000024-202602-3907,2028-02-19,0,c6617891-56ff-5690-89a4-1ece06685ff5
165049c8-7e25-5944-ad13-aaa31557348a,e8aeb018-f679-5670-b210-de4f62ff2111,5bbfdec8-65ae-59e6-b211-5eccb5b765fa,botica,8ecedccf-c230-516b-bbc2-108f7a6fbe63,LT-000006-202602-3908,2028-07-19,0,76d6c9f4-5d7d-53c0-bb1f-2a577383765a
9a5c7d19-ab33-5809-9410-ec24a614dad6,e8aeb018-f679-5670-b210-de4f62ff2111,38adf7ba-476e-5e6b-9163-781a13538253,botica,8ecedccf-c230-516b-bbc2-108f7a6fbe63,LT-000012-202602-3909,2028-08-13,43,41cb90d0-d91a-57c2-b138-831be351479f
fdd4bc12-4876-558b-b639-9e8e60d73ba9,e8aeb018-f679-5670-b210-de4f62ff2111,5bbfdec8-65ae-59e6-b211-5eccb5b765fa,botica,7fb983e8-6848-5425-97a2-14da72722d0f,LT-000006-202602-3910,2026-11-01,0,76d6c9f4-5d7d-53c0-bb1f-2a577383765a
22a3337f-ac63-5f56-9c67-456842d1f9c5,e8aeb018-f679-5670-b210-de4f62ff2111,afe9d181-1c64-5cca-b4b7-a9fa24eceeea,botica,7fb983e8-6848-5425-97a2-14da72722d0f,LT-000020-202602-3911,2028-04-05,47,a6f6d890-1609-53fc-b4a6-5733ccc9d078
314e07f4-8c28-559a-95e5-bc8db4e11e34,e8aeb018-f679-5670-b210-de4f62ff2111,97d26d91-c562-5f27-9ebd-285e89c8f4bf,botica,26f7241d-a84e-5e4a-a43d-33eea1e54eea,LT-000018-202602-3912,2028-01-30,0,ab4a547f-e75d-5601-8171-00da4efa4b57
daf899c2-38ef-533d-9aa2-a74c485fa4b5,e8aeb018-f679-5670-b210-de4f62ff2111,6baabed2-52d7-5cb7-bf74-86c7cb3e4f07,botica,43616d97-2221-569d-82eb-bcc14bcd6344,LT-000027-202602-3913,2028-09-25,0,41cb90d0-d91a-57c2-b138-831be351479f
582dc57a-9f79-5dff-b003-94a851f5a97e,e8aeb018-f679-5670-b210-de4f62ff2111,22231140-3780-5fe8-a7d4-d33f61d15111,botica,d6f21f11-7533-52dd-a4dc-2fb8e260c02c,LT-000023-202602-3914,2027-10-12,0,ab4a547f-e75d-5601-8171-00da4efa4b57
997ce0e4-1a9a-5936-b8a3-5caf27bb9d44,e8aeb018-f679-5670-b210-de4f62ff2111,4d9429b6-2ebf-5b5d-ac48-f779d5a1e270,botica,8ecedccf-c230-516b-bbc2-108f7a6fbe63,LT-000010-202602-3915,2028-03-10,0,a6f6d890-1609-53fc-b4a6-5733ccc9d078
c1d6c5ec-ce1b-5e38-95d9-70bdbafd5fa1,e8aeb018-f679-5670-b210-de4f62ff2111,6d807393-f4ab-5f76-b544-251eeda27ba3,botica,26f7241d-a84e-5e4a-a43d-33eea1e54eea,LT-000003-202602-3916,2028-10-03,44,ab4a547f-e75d-5601-8171-00da4efa4b57
12d5f4f3-dfe2-5b61-82fd-b22dc715060d,e8aeb018-f679-5670-b210-de4f62ff2111,1ca3438e-9e23-58f0-a35f-f15f7a23beb9,botica,26f7241d-a84e-5e4a-a43d-33eea1e54eea,LT-000024-202602-3917,2027-11-09,0,c6617891-56ff-5690-89a4-1ece06685ff5
752595d8-2842-5666-9d6e-8e2ed1ef450b,e8aeb018-f679-5670-b210-de4f62ff2111,0ec23038-d3ab-588c-bbd6-1f5c744cdde1,botica,26f7241d-a84e-5e4a-a43d-33eea1e54eea,LT-000025-202602-3918,2027-10-05,0,a6f6d890-1609-53fc-b4a6-5733ccc9d078
debed516-5143-5c5d-93f8-3c605ed3bfb9,e8aeb018-f679-5670-b210-de4f62ff2111,6baabed2-52d7-5cb7-bf74-86c7cb3e4f07,botica,26f7241d-a84e-5e4a-a43d-33eea1e54eea,LT-000027-202602-3919,2027-05-12,0,41cb90d0-d91a-57c2-b138-831be351479f
0d732ae8-26fe-5f40-ad72-c473fdd1b707,e8aeb018-f679-5670-b210-de4f62ff2111,94e18241-54bd-5516-b36f-94ab6e323aca,botica,43616d97-2221-569d-82eb-bcc14bcd6344,LT-000013-202602-3920,2029-02-12,25,ab4a547f-e75d-5601-8171-00da4efa4b57
5a31dcc8-6986-50b2-9b1a-d07f0377834b,e8aeb018-f679-5670-b210-de4f62ff2111,87b859e0-789a-56e6-b1ba-4fe76221d3bf,botica,43616d97-2221-569d-82eb-bcc14bcd6344,LT-000014-202602-3921,2028-06-21,36,c6617891-56ff-5690-89a4-1ece06685ff5
d2631438-72e6-5389-ab40-4833ab8203d9,e8aeb018-f679-5670-b210-de4f62ff2111,d9506935-1215-5499-93c0-8bdd86ab9418,botica,d6f21f11-7533-52dd-a4dc-2fb8e260c02c,LT-000029-202602-3922,2028-12-25,13,c6617891-56ff-5690-89a4-1ece06685ff5
ffd9c4ea-04f4-564b-ba12-af50d8e6a7f6,e8aeb018-f679-5670-b210-de4f62ff2111,0ec23038-d3ab-588c-bbd6-1f5c744cdde1,botica,8ecedccf-c230-516b-bbc2-108f7a6fbe63,LT-000025-202602-3923,2026-11-26,0,a6f6d890-1609-53fc-b4a6-5733ccc9d078
9e7a570a-58bb-5a77-b794-adb456b866ea,e8aeb018-f679-5670-b210-de4f62ff2111,82cd11ba-d1a0-58b1-b14f-edd741f36e87,botica,7fb983e8-6848-5425-97a2-14da72722d0f,LT-000007-202602-3924,2027-08-20,0,41cb90d0-d91a-57c2-b138-831be351479f
686dfcee-465a-5b05-aa2d-c106f404e212,e8aeb018-f679-5670-b210-de4f62ff2111,07371b94-955f-52a4-9bf9-f0a6ad2b4fa8,botica,26f7241d-a84e-5e4a-a43d-33eea1e54eea,LT-000008-202602-3925,2027-01-17,0,ab4a547f-e75d-5601-8171-00da4efa4b57
fc7d9e23-9db6-5fe5-8a89-6bd3bde914b5,e8aeb018-f679-5670-b210-de4f62ff2111,4d9429b6-2ebf-5b5d-ac48-f779d5a1e270,botica,26f7241d-a84e-5e4a-a43d-33eea1e54eea,LT-000010-202602-3926,2029-02-14,0,a6f6d890-1609-53fc-b4a6-5733ccc9d078
dd9d81ce-a346-55fa-8d13-797adeb42671,e8aeb018-f679-5670-b210-de4f62ff2111,94e18241-54bd-5516-b36f-94ab6e323aca,botica,26f7241d-a84e-5e4a-a43d-33eea1e54eea,LT-000013-202602-3927,2028-12-04,0,ab4a547f-e75d-5601-8171-00da4efa4b57
a0e3251c-844b-51e2-9279-8dd7207161e6,e8aeb018-f679-5670-b210-de4f62ff2111,d3961f5a-3ea7-53d3-89f4-78b65b0c0c6b,botica,43616d97-2221-569d-82eb-bcc14bcd6344,LT-000001-202602-3928,2028-11-22,63,76d6c9f4-5d7d-53c0-bb1f-2a577383765a
900840a1-08df-58e1-b8a3-b61ffa09a20f,e8aeb018-f679-5670-b210-de4f62ff2111,983871db-adfb-543e-b438-6b00044ffb64,botica,43616d97-2221-569d-82eb-bcc14bcd6344,LT-000015-202602-3929,2028-04-29,0,a6f6d890-1609-53fc-b4a6-5733ccc9d078
4e332f17-f5af-5bae-86f0-04af6096a4e9,e8aeb018-f679-5670-b210-de4f62ff2111,2082733c-4e17-51fe-bc8c-bf33d3ec5d7e,botica,43616d97-2221-569d-82eb-bcc14bcd6344,LT-000016-202602-3930,2027-10-12,0,76d6c9f4-5d7d-53c0-bb1f-2a577383765a
c38ede8f-1451-5942-b27c-b2114ad435dc,e8aeb018-f679-5670-b210-de4f62ff2111,1ca3438e-9e23-58f0-a35f-f15f7a23beb9,botica,7fb983e8-6848-5425-97a2-14da72722d0f,LT-000024-202602-3931,2029-01-08,31,c6617891-56ff-5690-89a4-1ece06685ff5
1360a9bd-15e3-54ee-8ab0-aaa26c7b9a68,e8aeb018-f679-5670-b210-de4f62ff2111,012857cc-907f-5e7d-b8fb-796d2c9f1621,botica,26f7241d-a84e-5e4a-a43d-33eea1e54eea,LT-000028-202602-3932,2027-01-21,0,ab4a547f-e75d-5601-8171-00da4efa4b57
4eb6eabd-fe65-589d-a8fe-9aecedf9dd53,e8aeb018-f679-5670-b210-de4f62ff2111,38adf7ba-476e-5e6b-9163-781a13538253,botica,43616d97-2221-569d-82eb-bcc14bcd6344,LT-000012-202602-3933,2027-08-25,0,41cb90d0-d91a-57c2-b138-831be351479f
4977f161-6490-52db-9110-258badb8fceb,e8aeb018-f679-5670-b210-de4f62ff2111,0ec23038-d3ab-588c-bbd6-1f5c744cdde1,botica,d6f21f11-7533-52dd-a4dc-2fb8e260c02c,LT-000025-202602-3934,2026-12-29,0,a6f6d890-1609-53fc-b4a6-5733ccc9d078
6387ce4a-7749-52cc-80ed-d87ba51e9694,e8aeb018-f679-5670-b210-de4f62ff2111,d2f08f15-f9f2-5f65-a740-b05896774467,botica,8ecedccf-c230-516b-bbc2-108f7a6fbe63,LT-000017-202602-3935,2028-05-27,0,41cb90d0-d91a-57c2-b138-831be351479f
a0a1bf3e-b628-5d6d-9750-c3aa01de2cba,e8aeb018-f679-5670-b210-de4f62ff2111,38adf7ba-476e-5e6b-9163-781a13538253,botica,26f7241d-a84e-5e4a-a43d-33eea1e54eea,LT-000012-202602-3936,2028-10-25,15,41cb90d0-d91a-57c2-b138-831be351479f
8a7ad657-2416-53bd-aba2-1779542fe1dd,e8aeb018-f679-5670-b210-de4f62ff2111,2897aac2-f219-5167-b800-73fac27f6b85,botica,26f7241d-a84e-5e4a-a43d-33eea1e54eea,LT-000022-202602-3937,2029-01-27,26,41cb90d0-d91a-57c2-b138-831be351479f
69387a01-4a0e-549b-8fac-f003e35d5375,e8aeb018-f679-5670-b210-de4f62ff2111,c0cf5e5c-b5c9-585a-8e79-d9830bc954f6,botica,43616d97-2221-569d-82eb-bcc14bcd6344,LT-000011-202602-3938,2026-12-08,0,76d6c9f4-5d7d-53c0-bb1f-2a577383765a
638a350d-1651-5fe5-9623-5911e5bcace6,e8aeb018-f679-5670-b210-de4f62ff2111,22231140-3780-5fe8-a7d4-d33f61d15111,botica,43616d97-2221-569d-82eb-bcc14bcd6344,LT-000023-202602-3939,2027-07-16,0,ab4a547f-e75d-5601-8171-00da4efa4b57
04d726fd-cf4c-5fc7-b39f-1d7a9e4474a3,e8aeb018-f679-5670-b210-de4f62ff2111,82cd11ba-d1a0-58b1-b14f-edd741f36e87,botica,8ecedccf-c230-516b-bbc2-108f7a6fbe63,LT-000007-202602-3940,2028-07-10,0,41cb90d0-d91a-57c2-b138-831be351479f
08909ffc-501b-5f63-bf74-bfe495d37c30,e8aeb018-f679-5670-b210-de4f62ff2111,87b859e0-789a-56e6-b1ba-4fe76221d3bf,botica,8ecedccf-c230-516b-bbc2-108f7a6fbe63,LT-000014-202602-3941,2026-12-16,0,c6617891-56ff-5690-89a4-1ece06685ff5
825c4514-e013-57f1-a334-2ee5bd3eeeb2,e8aeb018-f679-5670-b210-de4f62ff2111,97d26d91-c562-5f27-9ebd-285e89c8f4bf,botica,7fb983e8-6848-5425-97a2-14da72722d0f,LT-000018-202602-3942,2028-05-25,62,ab4a547f-e75d-5601-8171-00da4efa4b57
010cffab-a811-5435-802a-b23584f9bdf8,e8aeb018-f679-5670-b210-de4f62ff2111,cd81184b-b6f1-563c-b463-36a69ddfb598,botica,7fb983e8-6848-5425-97a2-14da72722d0f,LT-000026-202602-3943,2028-12-24,0,76d6c9f4-5d7d-53c0-bb1f-2a577383765a
e6ace484-1e7f-549d-b038-4e1eab622d51,e8aeb018-f679-5670-b210-de4f62ff2111,9928e9a1-d9fc-5fdd-86c2-8909352fd7fe,botica,26f7241d-a84e-5e4a-a43d-33eea1e54eea,LT-000005-202602-3944,2027-07-15,0,a6f6d890-1609-53fc-b4a6-5733ccc9d078
ea84e0f8-aaae-530c-9c2b-c265af63a7f7,e8aeb018-f679-5670-b210-de4f62ff2111,d2f08f15-f9f2-5f65-a740-b05896774467,botica,26f7241d-a84e-5e4a-a43d-33eea1e54eea,LT-000017-202602-3945,2028-12-27,40,41cb90d0-d91a-57c2-b138-831be351479f
3a275841-2707-5e33-9b46-3fc9d1bd8b0a,e8aeb018-f679-5670-b210-de4f62ff2111,2933d8b7-2438-521b-b38d-d3a5224f87fc,botica,d6f21f11-7533-52dd-a4dc-2fb8e260c02c,LT-000002-202602-3946,2028-07-08,2,41cb90d0-d91a-57c2-b138-831be351479f
7a63737c-b27f-5cb8-9cf6-65d8541526cc,e8aeb018-f679-5670-b210-de4f62ff2111,042e2e80-f954-5df4-97be-29dd428cc598,botica,d6f21f11-7533-52dd-a4dc-2fb8e260c02c,LT-000004-202602-3947,2028-11-14,29,c6617891-56ff-5690-89a4-1ece06685ff5
df0e0670-c313-53c1-ab5d-dfbcc826839d,e8aeb018-f679-5670-b210-de4f62ff2111,38adf7ba-476e-5e6b-9163-781a13538253,botica,d6f21f11-7533-52dd-a4dc-2fb8e260c02c,LT-000012-202602-3948,2027-08-31,0,41cb90d0-d91a-57c2-b138-831be351479f
6a78aae5-af33-5b88-919e-c9c34cec7898,e8aeb018-f679-5670-b210-de4f62ff2111,94e18241-54bd-5516-b36f-94ab6e323aca,botica,d6f21f11-7533-52dd-a4dc-2fb8e260c02c,LT-000013-202602-3949,2026-09-30,0,ab4a547f-e75d-5601-8171-00da4efa4b57
0be0f080-63ca-51b7-b042-6b5cb30b76a7,e8aeb018-f679-5670-b210-de4f62ff2111,6baabed2-52d7-5cb7-bf74-86c7cb3e4f07,botica,8ecedccf-c230-516b-bbc2-108f7a6fbe63,LT-000027-202602-3950,2028-05-04,0,41cb90d0-d91a-57c2-b138-831be351479f
ff9cf70a-26f8-5780-b2d0-e31d1dbc0bd8,e8aeb018-f679-5670-b210-de4f62ff2111,d3961f5a-3ea7-53d3-89f4-78b65b0c0c6b,botica,7fb983e8-6848-5425-97a2-14da72722d0f,LT-000001-202602-3951,2028-09-21,72,76d6c9f4-5d7d-53c0-bb1f-2a577383765a
7f8683cd-6a55-5c5d-9247-0d6a145979e3,e8aeb018-f679-5670-b210-de4f62ff2111,2eb3a104-e572-583a-afa0-156ee0dc4cce,botica,43616d97-2221-569d-82eb-bcc14bcd6344,LT-000019-202603-3952,2026-09-18,0,c6617891-56ff-5690-89a4-1ece06685ff5
df41ed07-05e8-50da-8ede-e3e85f698985,e8aeb018-f679-5670-b210-de4f62ff2111,1ca3438e-9e23-58f0-a35f-f15f7a23beb9,botica,43616d97-2221-569d-82eb-bcc14bcd6344,LT-000024-202603-3953,2028-04-21,0,c6617891-56ff-5690-89a4-1ece06685ff5
53cfdb51-705d-5864-be83-a1e8f3e36e24,e8aeb018-f679-5670-b210-de4f62ff2111,2897aac2-f219-5167-b800-73fac27f6b85,botica,d6f21f11-7533-52dd-a4dc-2fb8e260c02c,LT-000022-202603-3954,2028-02-14,1,41cb90d0-d91a-57c2-b138-831be351479f
b4155df7-647f-521e-b572-9e999e1dd0c2,e8aeb018-f679-5670-b210-de4f62ff2111,c0cf5e5c-b5c9-585a-8e79-d9830bc954f6,botica,8ecedccf-c230-516b-bbc2-108f7a6fbe63,LT-000011-202603-3955,2028-10-21,23,76d6c9f4-5d7d-53c0-bb1f-2a577383765a
4dc417a2-47a7-5214-a73d-fc118b1aa98c,e8aeb018-f679-5670-b210-de4f62ff2111,983871db-adfb-543e-b438-6b00044ffb64,botica,8ecedccf-c230-516b-bbc2-108f7a6fbe63,LT-000015-202603-3956,2026-12-09,0,a6f6d890-1609-53fc-b4a6-5733ccc9d078
d303819b-4b58-5bde-8a35-ce384db295d1,e8aeb018-f679-5670-b210-de4f62ff2111,058c6382-bde2-59d1-93ff-20c6161a4736,botica,7fb983e8-6848-5425-97a2-14da72722d0f,LT-000009-202603-3957,2028-03-30,0,c6617891-56ff-5690-89a4-1ece06685ff5
aa6aefc7-0e25-5452-956d-6564f0576b7c,e8aeb018-f679-5670-b210-de4f62ff2111,38adf7ba-476e-5e6b-9163-781a13538253,botica,7fb983e8-6848-5425-97a2-14da72722d0f,LT-000012-202603-3958,2026-08-28,0,41cb90d0-d91a-57c2-b138-831be351479f
eab64f35-a626-5003-8387-a858f3422eb9,e8aeb018-f679-5670-b210-de4f62ff2111,87b859e0-789a-56e6-b1ba-4fe76221d3bf,botica,26f7241d-a84e-5e4a-a43d-33eea1e54eea,LT-000014-202603-3959,2027-02-09,0,c6617891-56ff-5690-89a4-1ece06685ff5
1d607f95-f8f1-589c-98d0-0f41f0d075a2,e8aeb018-f679-5670-b210-de4f62ff2111,94e18241-54bd-5516-b36f-94ab6e323aca,botica,8ecedccf-c230-516b-bbc2-108f7a6fbe63,LT-000013-202603-3960,2027-06-30,0,ab4a547f-e75d-5601-8171-00da4efa4b57
391649ed-bc4d-5149-8cec-8ab159b3767e,e8aeb018-f679-5670-b210-de4f62ff2111,22231140-3780-5fe8-a7d4-d33f61d15111,botica,8ecedccf-c230-516b-bbc2-108f7a6fbe63,LT-000023-202603-3961,2029-01-14,20,ab4a547f-e75d-5601-8171-00da4efa4b57
707f457d-ad95-5435-bf92-76a2e0d51a57,e8aeb018-f679-5670-b210-de4f62ff2111,c0cf5e5c-b5c9-585a-8e79-d9830bc954f6,botica,26f7241d-a84e-5e4a-a43d-33eea1e54eea,LT-000011-202603-3962,2028-03-24,0,76d6c9f4-5d7d-53c0-bb1f-2a577383765a
ce243ed0-e5d9-581b-b904-d6d85bd52623,e8aeb018-f679-5670-b210-de4f62ff2111,4d9429b6-2ebf-5b5d-ac48-f779d5a1e270,botica,43616d97-2221-569d-82eb-bcc14bcd6344,LT-000010-202603-3963,2026-10-02,0,a6f6d890-1609-53fc-b4a6-5733ccc9d078
22cde8ca-7963-58ea-8ae4-c198b4d5234e,e8aeb018-f679-5670-b210-de4f62ff2111,1e9605fd-5682-52b6-8f05-e8a92dd44513,botica,43616d97-2221-569d-82eb-bcc14bcd6344,LT-000030-202603-3964,2028-05-07,3,a6f6d890-1609-53fc-b4a6-5733ccc9d078
a5763ac6-7ea9-5ad9-8340-82845ac9b420,e8aeb018-f679-5670-b210-de4f62ff2111,9928e9a1-d9fc-5fdd-86c2-8909352fd7fe,botica,8ecedccf-c230-516b-bbc2-108f7a6fbe63,LT-000005-202603-3965,2027-05-16,0,a6f6d890-1609-53fc-b4a6-5733ccc9d078
178c1c58-420b-59ff-b017-cd655260c489,e8aeb018-f679-5670-b210-de4f62ff2111,6d807393-f4ab-5f76-b544-251eeda27ba3,botica,7fb983e8-6848-5425-97a2-14da72722d0f,LT-000003-202603-3966,2028-07-24,0,ab4a547f-e75d-5601-8171-00da4efa4b57
27da07eb-ea5a-5e81-87bb-ea515c00b313,e8aeb018-f679-5670-b210-de4f62ff2111,94e18241-54bd-5516-b36f-94ab6e323aca,botica,7fb983e8-6848-5425-97a2-14da72722d0f,LT-000013-202603-3967,2028-10-31,18,ab4a547f-e75d-5601-8171-00da4efa4b57
08b82a02-92ca-5f2f-91d0-0eb8f699bdac,e8aeb018-f679-5670-b210-de4f62ff2111,afe9d181-1c64-5cca-b4b7-a9fa24eceeea,botica,26f7241d-a84e-5e4a-a43d-33eea1e54eea,LT-000020-202603-3968,2026-12-27,0,a6f6d890-1609-53fc-b4a6-5733ccc9d078
23f3bb7c-40e6-5c97-836c-b068015b9eb4,e8aeb018-f679-5670-b210-de4f62ff2111,afe9d181-1c64-5cca-b4b7-a9fa24eceeea,botica,43616d97-2221-569d-82eb-bcc14bcd6344,LT-000020-202603-3969,2027-08-08,0,a6f6d890-1609-53fc-b4a6-5733ccc9d078
bfe6579d-3fef-5bf8-af60-4a72863e735d,e8aeb018-f679-5670-b210-de4f62ff2111,058c6382-bde2-59d1-93ff-20c6161a4736,botica,d6f21f11-7533-52dd-a4dc-2fb8e260c02c,LT-000009-202603-3970,2027-06-22,1,c6617891-56ff-5690-89a4-1ece06685ff5
a65665f1-7c9d-517b-98ba-20ee213d7229,e8aeb018-f679-5670-b210-de4f62ff2111,d0ae6d2d-e561-56b3-a2c1-113c1c56ae81,botica,8ecedccf-c230-516b-bbc2-108f7a6fbe63,LT-000021-202603-3971,2026-12-04,0,76d6c9f4-5d7d-53c0-bb1f-2a577383765a
66f226c8-5b03-5fac-8466-cf2d2801a5e9,e8aeb018-f679-5670-b210-de4f62ff2111,4d9429b6-2ebf-5b5d-ac48-f779d5a1e270,botica,7fb983e8-6848-5425-97a2-14da72722d0f,LT-000010-202603-3972,2027-10-04,0,a6f6d890-1609-53fc-b4a6-5733ccc9d078
1fc9def2-374f-5a73-809c-07f4ef1c0a50,e8aeb018-f679-5670-b210-de4f62ff2111,d3961f5a-3ea7-53d3-89f4-78b65b0c0c6b,botica,26f7241d-a84e-5e4a-a43d-33eea1e54eea,LT-000001-202603-3973,2028-10-14,0,76d6c9f4-5d7d-53c0-bb1f-2a577383765a
aa7b616e-da9e-55da-973a-42bdf0a65088,e8aeb018-f679-5670-b210-de4f62ff2111,2eb3a104-e572-583a-afa0-156ee0dc4cce,botica,26f7241d-a84e-5e4a-a43d-33eea1e54eea,LT-000019-202603-3974,2027-11-27,4,c6617891-56ff-5690-89a4-1ece06685ff5
144b1b61-3569-52bf-b9d9-d9f15f0e1361,e8aeb018-f679-5670-b210-de4f62ff2111,d9506935-1215-5499-93c0-8bdd86ab9418,botica,26f7241d-a84e-5e4a-a43d-33eea1e54eea,LT-000029-202603-3975,2027-04-17,0,c6617891-56ff-5690-89a4-1ece06685ff5
d796c3aa-e48d-548d-98a9-c9665892b424,e8aeb018-f679-5670-b210-de4f62ff2111,cd81184b-b6f1-563c-b463-36a69ddfb598,botica,43616d97-2221-569d-82eb-bcc14bcd6344,LT-000026-202603-3976,2028-04-02,0,76d6c9f4-5d7d-53c0-bb1f-2a577383765a
883f7c3e-7259-516c-8735-7178ecdfbd31,e8aeb018-f679-5670-b210-de4f62ff2111,983871db-adfb-543e-b438-6b00044ffb64,botica,7fb983e8-6848-5425-97a2-14da72722d0f,LT-000015-202603-3977,2028-03-22,0,a6f6d890-1609-53fc-b4a6-5733ccc9d078
e7cf77ca-0a1c-5522-aed2-afe3106608f4,e8aeb018-f679-5670-b210-de4f62ff2111,d2f08f15-f9f2-5f65-a740-b05896774467,botica,7fb983e8-6848-5425-97a2-14da72722d0f,LT-000017-202603-3978,2027-09-09,0,41cb90d0-d91a-57c2-b138-831be351479f
e360e198-56a5-5e29-95e7-7180a7b99e3b,e8aeb018-f679-5670-b210-de4f62ff2111,2082733c-4e17-51fe-bc8c-bf33d3ec5d7e,botica,26f7241d-a84e-5e4a-a43d-33eea1e54eea,LT-000016-202603-3979,2026-09-15,0,76d6c9f4-5d7d-53c0-bb1f-2a577383765a
9862a1e5-5011-572e-a139-3a8160156583,e8aeb018-f679-5670-b210-de4f62ff2111,87b859e0-789a-56e6-b1ba-4fe76221d3bf,botica,43616d97-2221-569d-82eb-bcc14bcd6344,LT-000014-202603-3980,2027-07-13,0,c6617891-56ff-5690-89a4-1ece06685ff5
72cb78ce-1e22-5dec-9ded-39c208f61fc8,e8aeb018-f679-5670-b210-de4f62ff2111,97d26d91-c562-5f27-9ebd-285e89c8f4bf,botica,d6f21f11-7533-52dd-a4dc-2fb8e260c02c,LT-000018-202603-3981,2028-08-14,0,ab4a547f-e75d-5601-8171-00da4efa4b57
f360df1f-696e-5722-9b07-069de1e0f13c,e8aeb018-f679-5670-b210-de4f62ff2111,d3961f5a-3ea7-53d3-89f4-78b65b0c0c6b,botica,8ecedccf-c230-516b-bbc2-108f7a6fbe63,LT-000001-202603-3982,2027-10-28,20,76d6c9f4-5d7d-53c0-bb1f-2a577383765a
cdad32f0-8ce6-5fad-bfc7-08631ad2177f,e8aeb018-f679-5670-b210-de4f62ff2111,1ca3438e-9e23-58f0-a35f-f15f7a23beb9,botica,8ecedccf-c230-516b-bbc2-108f7a6fbe63,LT-000024-202603-3983,2027-09-17,0,c6617891-56ff-5690-89a4-1ece06685ff5
4df10456-9372-54f3-8b33-ed5912d1262f,e8aeb018-f679-5670-b210-de4f62ff2111,9928e9a1-d9fc-5fdd-86c2-8909352fd7fe,botica,43616d97-2221-569d-82eb-bcc14bcd6344,LT-000005-202603-3984,2027-12-27,0,a6f6d890-1609-53fc-b4a6-5733ccc9d078
2d367091-2c58-5ffc-8100-2d956a42374a,e8aeb018-f679-5670-b210-de4f62ff2111,94e18241-54bd-5516-b36f-94ab6e323aca,botica,43616d97-2221-569d-82eb-bcc14bcd6344,LT-000013-202603-3985,2028-01-13,0,ab4a547f-e75d-5601-8171-00da4efa4b57
d81d5415-890b-539b-8cc4-35b9c042d620,e8aeb018-f679-5670-b210-de4f62ff2111,87b859e0-789a-56e6-b1ba-4fe76221d3bf,botica,d6f21f11-7533-52dd-a4dc-2fb8e260c02c,LT-000014-202603-3986,2027-02-16,0,c6617891-56ff-5690-89a4-1ece06685ff5
ee107d7f-253b-5125-a652-723893770683,e8aeb018-f679-5670-b210-de4f62ff2111,cd81184b-b6f1-563c-b463-36a69ddfb598,botica,d6f21f11-7533-52dd-a4dc-2fb8e260c02c,LT-000026-202603-3987,2028-01-30,0,76d6c9f4-5d7d-53c0-bb1f-2a577383765a
d103fb7c-7a65-5b65-ac77-a9f2133d666c,e8aeb018-f679-5670-b210-de4f62ff2111,1e9605fd-5682-52b6-8f05-e8a92dd44513,botica,7fb983e8-6848-5425-97a2-14da72722d0f,LT-000030-202603-3988,2028-12-14,18,a6f6d890-1609-53fc-b4a6-5733ccc9d078
5034ac6e-0e76-5ea6-8292-450951d0a780,e8aeb018-f679-5670-b210-de4f62ff2111,1ca3438e-9e23-58f0-a35f-f15f7a23beb9,botica,26f7241d-a84e-5e4a-a43d-33eea1e54eea,LT-000024-202603-3989,2026-12-23,0,c6617891-56ff-5690-89a4-1ece06685ff5
179741a3-cd48-5fe4-8877-c404bf3705b2,e8aeb018-f679-5670-b210-de4f62ff2111,4d9429b6-2ebf-5b5d-ac48-f779d5a1e270,botica,d6f21f11-7533-52dd-a4dc-2fb8e260c02c,LT-000010-202603-3990,2028-06-07,0,a6f6d890-1609-53fc-b4a6-5733ccc9d078
2327a4ef-a2b6-546d-b327-f02295d9d80b,e8aeb018-f679-5670-b210-de4f62ff2111,012857cc-907f-5e7d-b8fb-796d2c9f1621,botica,d6f21f11-7533-52dd-a4dc-2fb8e260c02c,LT-000028-202603-3991,2027-03-03,2,ab4a547f-e75d-5601-8171-00da4efa4b57
407d3732-e9c2-55b8-be7a-d4188bbf2b5e,e8aeb018-f679-5670-b210-de4f62ff2111,38adf7ba-476e-5e6b-9163-781a13538253,botica,8ecedccf-c230-516b-bbc2-108f7a6fbe63,LT-000012-202603-3992,2028-05-10,0,41cb90d0-d91a-57c2-b138-831be351479f
9ef47c3c-7364-5ab1-8353-807cbcff2f76,e8aeb018-f679-5670-b210-de4f62ff2111,97d26d91-c562-5f27-9ebd-285e89c8f4bf,botica,8ecedccf-c230-516b-bbc2-108f7a6fbe63,LT-000018-202603-3993,2027-11-15,10,ab4a547f-e75d-5601-8171-00da4efa4b57
e1bda4cc-b003-5dbc-a056-bdafa0786a7b,e8aeb018-f679-5670-b210-de4f62ff2111,2eb3a104-e572-583a-afa0-156ee0dc4cce,botica,8ecedccf-c230-516b-bbc2-108f7a6fbe63,LT-000019-202603-3994,2028-07-28,6,c6617891-56ff-5690-89a4-1ece06685ff5
8df89036-5fb5-5663-ac77-271efb818f6f,e8aeb018-f679-5670-b210-de4f62ff2111,9928e9a1-d9fc-5fdd-86c2-8909352fd7fe,botica,7fb983e8-6848-5425-97a2-14da72722d0f,LT-000005-202603-3995,2026-09-28,0,a6f6d890-1609-53fc-b4a6-5733ccc9d078
cf1d4979-7593-5c73-af47-d6a727652105,e8aeb018-f679-5670-b210-de4f62ff2111,22231140-3780-5fe8-a7d4-d33f61d15111,botica,7fb983e8-6848-5425-97a2-14da72722d0f,LT-000023-202603-3996,2029-01-26,17,ab4a547f-e75d-5601-8171-00da4efa4b57
edfa1033-9489-5820-85b1-af9bb5f5f52b,e8aeb018-f679-5670-b210-de4f62ff2111,0ec23038-d3ab-588c-bbd6-1f5c744cdde1,botica,7fb983e8-6848-5425-97a2-14da72722d0f,LT-000025-202603-3997,2028-04-04,14,a6f6d890-1609-53fc-b4a6-5733ccc9d078
6b16134e-acda-5f31-a0df-ca902d7ae980,e8aeb018-f679-5670-b210-de4f62ff2111,058c6382-bde2-59d1-93ff-20c6161a4736,botica,26f7241d-a84e-5e4a-a43d-33eea1e54eea,LT-000009-202603-3998,2029-02-23,0,c6617891-56ff-5690-89a4-1ece06685ff5
aa940ad9-8b34-54aa-9833-0b87116134e4,e8aeb018-f679-5670-b210-de4f62ff2111,d0ae6d2d-e561-56b3-a2c1-113c1c56ae81,botica,43616d97-2221-569d-82eb-bcc14bcd6344,LT-000021-202603-3999,2028-05-14,36,76d6c9f4-5d7d-53c0-bb1f-2a577383765a
9c87a57e-805a-5cea-bad3-250d997925e9,e8aeb018-f679-5670-b210-de4f62ff2111,d3961f5a-3ea7-53d3-89f4-78b65b0c0c6b,botica,d6f21f11-7533-52dd-a4dc-2fb8e260c02c,LT-000001-202603-4000,2028-12-31,80,76d6c9f4-5d7d-53c0-bb1f-2a577383765a
21061b4a-89d9-5d29-b0e0-fa7391f9b7f0,e8aeb018-f679-5670-b210-de4f62ff2111,87b859e0-789a-56e6-b1ba-4fe76221d3bf,botica,7fb983e8-6848-5425-97a2-14da72722d0f,LT-000014-202603-4001,2027-04-23,1,c6617891-56ff-5690-89a4-1ece06685ff5
f7117000-e7b8-54cb-87cf-3897aa459c80,e8aeb018-f679-5670-b210-de4f62ff2111,2897aac2-f219-5167-b800-73fac27f6b85,botica,7fb983e8-6848-5425-97a2-14da72722d0f,LT-000022-202603-4002,2028-07-13,25,41cb90d0-d91a-57c2-b138-831be351479f
3ac4d273-c9c9-5057-8183-47dff0099f1c,e8aeb018-f679-5670-b210-de4f62ff2111,97d26d91-c562-5f27-9ebd-285e89c8f4bf,botica,43616d97-2221-569d-82eb-bcc14bcd6344,LT-000018-202603-4003,2028-10-16,6,ab4a547f-e75d-5601-8171-00da4efa4b57
ef511800-39e4-548b-94de-b16f0d1eead9,e8aeb018-f679-5670-b210-de4f62ff2111,82cd11ba-d1a0-58b1-b14f-edd741f36e87,botica,26f7241d-a84e-5e4a-a43d-33eea1e54eea,LT-000007-202603-4004,2027-04-25,0,41cb90d0-d91a-57c2-b138-831be351479f
189ee39b-8030-566b-8419-40419f8eda15,e8aeb018-f679-5670-b210-de4f62ff2111,07371b94-955f-52a4-9bf9-f0a6ad2b4fa8,botica,d6f21f11-7533-52dd-a4dc-2fb8e260c02c,LT-000008-202603-4005,2026-10-16,0,ab4a547f-e75d-5601-8171-00da4efa4b57
907fa920-faf2-571c-aa1f-bfed5bac34cb,e8aeb018-f679-5670-b210-de4f62ff2111,07371b94-955f-52a4-9bf9-f0a6ad2b4fa8,botica,8ecedccf-c230-516b-bbc2-108f7a6fbe63,LT-000008-202603-4006,2028-08-05,0,ab4a547f-e75d-5601-8171-00da4efa4b57
cddbd062-c676-5764-af95-bd21aff16bc5,e8aeb018-f679-5670-b210-de4f62ff2111,4d9429b6-2ebf-5b5d-ac48-f779d5a1e270,botica,8ecedccf-c230-516b-bbc2-108f7a6fbe63,LT-000010-202603-4007,2027-02-25,0,a6f6d890-1609-53fc-b4a6-5733ccc9d078
2fba61a5-92c3-571e-88df-38e37f0aa325,e8aeb018-f679-5670-b210-de4f62ff2111,d0ae6d2d-e561-56b3-a2c1-113c1c56ae81,botica,7fb983e8-6848-5425-97a2-14da72722d0f,LT-000021-202603-4008,2028-04-02,0,76d6c9f4-5d7d-53c0-bb1f-2a577383765a
daf9a14d-a0a2-55e2-9908-bf9bdefb2940,e8aeb018-f679-5670-b210-de4f62ff2111,1ca3438e-9e23-58f0-a35f-f15f7a23beb9,botica,7fb983e8-6848-5425-97a2-14da72722d0f,LT-000024-202603-4009,2028-02-19,0,c6617891-56ff-5690-89a4-1ece06685ff5
573d604c-59ea-502d-b1ef-480a6059f79d,e8aeb018-f679-5670-b210-de4f62ff2111,6baabed2-52d7-5cb7-bf74-86c7cb3e4f07,botica,7fb983e8-6848-5425-97a2-14da72722d0f,LT-000027-202603-4010,2029-02-14,33,41cb90d0-d91a-57c2-b138-831be351479f
f3f20e4b-d04e-5923-bf8b-780382824bd6,e8aeb018-f679-5670-b210-de4f62ff2111,97d26d91-c562-5f27-9ebd-285e89c8f4bf,botica,26f7241d-a84e-5e4a-a43d-33eea1e54eea,LT-000018-202603-4011,2028-09-29,50,ab4a547f-e75d-5601-8171-00da4efa4b57
1204ca24-66a1-5d8e-a252-c561ff518634,e8aeb018-f679-5670-b210-de4f62ff2111,6d807393-f4ab-5f76-b544-251eeda27ba3,botica,43616d97-2221-569d-82eb-bcc14bcd6344,LT-000003-202603-4012,2027-12-15,0,ab4a547f-e75d-5601-8171-00da4efa4b57
408617e3-a508-5d78-81db-883d9cee9147,e8aeb018-f679-5670-b210-de4f62ff2111,38adf7ba-476e-5e6b-9163-781a13538253,botica,43616d97-2221-569d-82eb-bcc14bcd6344,LT-000012-202603-4013,2027-04-24,0,41cb90d0-d91a-57c2-b138-831be351479f
5f96d89b-bf84-5bd4-9f3f-f291e2969b5c,e8aeb018-f679-5670-b210-de4f62ff2111,c0cf5e5c-b5c9-585a-8e79-d9830bc954f6,botica,d6f21f11-7533-52dd-a4dc-2fb8e260c02c,LT-000011-202603-4014,2026-12-31,0,76d6c9f4-5d7d-53c0-bb1f-2a577383765a
c173c4ff-545b-5287-84e2-395a27f03153,e8aeb018-f679-5670-b210-de4f62ff2111,042e2e80-f954-5df4-97be-29dd428cc598,botica,8ecedccf-c230-516b-bbc2-108f7a6fbe63,LT-000004-202603-4015,2027-11-15,0,c6617891-56ff-5690-89a4-1ece06685ff5
53a818b4-cf52-5338-b56c-4c47bb7f1c6a,e8aeb018-f679-5670-b210-de4f62ff2111,2082733c-4e17-51fe-bc8c-bf33d3ec5d7e,botica,8ecedccf-c230-516b-bbc2-108f7a6fbe63,LT-000016-202603-4016,2027-06-06,0,76d6c9f4-5d7d-53c0-bb1f-2a577383765a
3bf47cbe-4743-5c33-afae-b4cec5629668,e8aeb018-f679-5670-b210-de4f62ff2111,2933d8b7-2438-521b-b38d-d3a5224f87fc,botica,7fb983e8-6848-5425-97a2-14da72722d0f,LT-000002-202603-4017,2028-07-10,1,41cb90d0-d91a-57c2-b138-831be351479f
394c8854-ccf4-5ab8-915e-dcdb61ea395c,e8aeb018-f679-5670-b210-de4f62ff2111,07371b94-955f-52a4-9bf9-f0a6ad2b4fa8,botica,7fb983e8-6848-5425-97a2-14da72722d0f,LT-000008-202603-4018,2028-10-22,31,ab4a547f-e75d-5601-8171-00da4efa4b57
61b72319-8685-594e-8bcc-3f869db0bee4,e8aeb018-f679-5670-b210-de4f62ff2111,042e2e80-f954-5df4-97be-29dd428cc598,botica,26f7241d-a84e-5e4a-a43d-33eea1e54eea,LT-000004-202603-4019,2028-03-09,0,c6617891-56ff-5690-89a4-1ece06685ff5
37a2598f-dabd-56d2-9135-4ce8f8f56281,e8aeb018-f679-5670-b210-de4f62ff2111,5bbfdec8-65ae-59e6-b211-5eccb5b765fa,botica,26f7241d-a84e-5e4a-a43d-33eea1e54eea,LT-000006-202603-4020,2029-02-02,49,76d6c9f4-5d7d-53c0-bb1f-2a577383765a
bf1a8fb3-3d9c-571d-a059-3957c7f8fc33,e8aeb018-f679-5670-b210-de4f62ff2111,d2f08f15-f9f2-5f65-a740-b05896774467,botica,8ecedccf-c230-516b-bbc2-108f7a6fbe63,LT-000017-202603-4021,2029-01-08,43,41cb90d0-d91a-57c2-b138-831be351479f
a170cce2-8643-5af5-9026-8570b8b4a08d,e8aeb018-f679-5670-b210-de4f62ff2111,d0ae6d2d-e561-56b3-a2c1-113c1c56ae81,botica,26f7241d-a84e-5e4a-a43d-33eea1e54eea,LT-000021-202603-4022,2028-05-22,9,76d6c9f4-5d7d-53c0-bb1f-2a577383765a
11bd6439-f23c-54ae-9806-a39e7757376d,e8aeb018-f679-5670-b210-de4f62ff2111,058c6382-bde2-59d1-93ff-20c6161a4736,botica,43616d97-2221-569d-82eb-bcc14bcd6344,LT-000009-202603-4023,2026-09-21,0,c6617891-56ff-5690-89a4-1ece06685ff5
2ed56e23-738e-57b1-b9c0-ed9210beef99,e8aeb018-f679-5670-b210-de4f62ff2111,d2f08f15-f9f2-5f65-a740-b05896774467,botica,d6f21f11-7533-52dd-a4dc-2fb8e260c02c,LT-000017-202603-4024,2028-10-20,4,41cb90d0-d91a-57c2-b138-831be351479f
fcbbb7d0-c8e5-524b-ac56-b977778c620f,e8aeb018-f679-5670-b210-de4f62ff2111,2eb3a104-e572-583a-afa0-156ee0dc4cce,botica,d6f21f11-7533-52dd-a4dc-2fb8e260c02c,LT-000019-202603-4025,2027-03-10,0,c6617891-56ff-5690-89a4-1ece06685ff5
c3a4f77a-b2e6-5054-a17b-b7e3e7f44de6,e8aeb018-f679-5670-b210-de4f62ff2111,87b859e0-789a-56e6-b1ba-4fe76221d3bf,botica,8ecedccf-c230-516b-bbc2-108f7a6fbe63,LT-000014-202603-4026,2028-07-29,0,c6617891-56ff-5690-89a4-1ece06685ff5
93a1abef-1dee-5cab-b55e-1d3415d8a519,e8aeb018-f679-5670-b210-de4f62ff2111,5bbfdec8-65ae-59e6-b211-5eccb5b765fa,botica,7fb983e8-6848-5425-97a2-14da72722d0f,LT-000006-202603-4027,2027-10-22,0,76d6c9f4-5d7d-53c0-bb1f-2a577383765a
4e3f1146-b1fa-541d-8c65-4f912a31f88c,e8aeb018-f679-5670-b210-de4f62ff2111,38adf7ba-476e-5e6b-9163-781a13538253,botica,26f7241d-a84e-5e4a-a43d-33eea1e54eea,LT-000012-202603-4028,2027-09-04,0,41cb90d0-d91a-57c2-b138-831be351479f
51ca5eda-bd6d-503a-a73a-c741e0e1835d,e8aeb018-f679-5670-b210-de4f62ff2111,94e18241-54bd-5516-b36f-94ab6e323aca,botica,26f7241d-a84e-5e4a-a43d-33eea1e54eea,LT-000013-202603-4029,2028-07-02,0,ab4a547f-e75d-5601-8171-00da4efa4b57
6a749f8b-06ae-5766-87ca-d9752cc5888b,e8aeb018-f679-5670-b210-de4f62ff2111,983871db-adfb-543e-b438-6b00044ffb64,botica,26f7241d-a84e-5e4a-a43d-33eea1e54eea,LT-000015-202603-4030,2028-10-11,65,a6f6d890-1609-53fc-b4a6-5733ccc9d078
eff9f4e3-be0a-5b77-95d6-12b0a08f2b53,e8aeb018-f679-5670-b210-de4f62ff2111,042e2e80-f954-5df4-97be-29dd428cc598,botica,43616d97-2221-569d-82eb-bcc14bcd6344,LT-000004-202603-4031,2028-07-12,0,c6617891-56ff-5690-89a4-1ece06685ff5
65365e9f-504a-5572-95df-0b16b25ec39e,e8aeb018-f679-5670-b210-de4f62ff2111,9928e9a1-d9fc-5fdd-86c2-8909352fd7fe,botica,d6f21f11-7533-52dd-a4dc-2fb8e260c02c,LT-000005-202603-4032,2027-12-05,0,a6f6d890-1609-53fc-b4a6-5733ccc9d078
03fab6a0-12ed-53e9-9975-ec4a784faeb5,e8aeb018-f679-5670-b210-de4f62ff2111,94e18241-54bd-5516-b36f-94ab6e323aca,botica,d6f21f11-7533-52dd-a4dc-2fb8e260c02c,LT-000013-202603-4033,2028-11-26,0,ab4a547f-e75d-5601-8171-00da4efa4b57
886e9d7e-bb73-54e8-81d5-0d20615ece9a,e8aeb018-f679-5670-b210-de4f62ff2111,afe9d181-1c64-5cca-b4b7-a9fa24eceeea,botica,8ecedccf-c230-516b-bbc2-108f7a6fbe63,LT-000020-202603-4034,2028-01-08,1,a6f6d890-1609-53fc-b4a6-5733ccc9d078
05098f59-ee2f-5c5b-a7d2-a67aaa6af5e9,e8aeb018-f679-5670-b210-de4f62ff2111,38adf7ba-476e-5e6b-9163-781a13538253,botica,7fb983e8-6848-5425-97a2-14da72722d0f,LT-000012-202603-4035,2026-11-01,0,41cb90d0-d91a-57c2-b138-831be351479f
a81dee84-acb8-5b55-80f0-e838edd94cc4,e8aeb018-f679-5670-b210-de4f62ff2111,2933d8b7-2438-521b-b38d-d3a5224f87fc,botica,26f7241d-a84e-5e4a-a43d-33eea1e54eea,LT-000002-202603-4036,2026-10-13,0,41cb90d0-d91a-57c2-b138-831be351479f
34552447-9588-5a23-a392-08541fc18f24,e8aeb018-f679-5670-b210-de4f62ff2111,94e18241-54bd-5516-b36f-94ab6e323aca,botica,8ecedccf-c230-516b-bbc2-108f7a6fbe63,LT-000013-202603-4037,2028-12-30,28,ab4a547f-e75d-5601-8171-00da4efa4b57
d903e565-8c13-50a3-ac1e-a82c0aa237b2,e8aeb018-f679-5670-b210-de4f62ff2111,0ec23038-d3ab-588c-bbd6-1f5c744cdde1,botica,8ecedccf-c230-516b-bbc2-108f7a6fbe63,LT-000025-202603-4038,2027-10-21,3,a6f6d890-1609-53fc-b4a6-5733ccc9d078
07776b34-a028-548f-8a0e-ec1c8fb2a130,e8aeb018-f679-5670-b210-de4f62ff2111,012857cc-907f-5e7d-b8fb-796d2c9f1621,botica,26f7241d-a84e-5e4a-a43d-33eea1e54eea,LT-000028-202603-4039,2026-12-30,0,ab4a547f-e75d-5601-8171-00da4efa4b57
82b13505-b079-5497-8288-e7f0309205fe,e8aeb018-f679-5670-b210-de4f62ff2111,2897aac2-f219-5167-b800-73fac27f6b85,botica,43616d97-2221-569d-82eb-bcc14bcd6344,LT-000022-202603-4040,2027-03-08,0,41cb90d0-d91a-57c2-b138-831be351479f
f4e8d9a4-934e-58cf-b2fc-bc098d4f23fa,e8aeb018-f679-5670-b210-de4f62ff2111,2082733c-4e17-51fe-bc8c-bf33d3ec5d7e,botica,d6f21f11-7533-52dd-a4dc-2fb8e260c02c,LT-000016-202603-4041,2026-10-09,0,76d6c9f4-5d7d-53c0-bb1f-2a577383765a
02537d17-fe36-5bed-ba11-048f297f4c6a,e8aeb018-f679-5670-b210-de4f62ff2111,6d807393-f4ab-5f76-b544-251eeda27ba3,botica,8ecedccf-c230-516b-bbc2-108f7a6fbe63,LT-000003-202603-4042,2027-03-30,0,ab4a547f-e75d-5601-8171-00da4efa4b57
81d0ade0-e3e7-5e41-aae1-1d1d0f7c15b4,e8aeb018-f679-5670-b210-de4f62ff2111,22231140-3780-5fe8-a7d4-d33f61d15111,botica,26f7241d-a84e-5e4a-a43d-33eea1e54eea,LT-000023-202603-4043,2027-12-19,0,ab4a547f-e75d-5601-8171-00da4efa4b57
8e1218ec-4f27-54fe-9e6e-1c51009c8e3f,e8aeb018-f679-5670-b210-de4f62ff2111,1ca3438e-9e23-58f0-a35f-f15f7a23beb9,botica,43616d97-2221-569d-82eb-bcc14bcd6344,LT-000024-202603-4044,2028-12-14,28,c6617891-56ff-5690-89a4-1ece06685ff5
5d9b3d12-65ba-5232-992d-c2248dda4d32,e8aeb018-f679-5670-b210-de4f62ff2111,d9506935-1215-5499-93c0-8bdd86ab9418,botica,8ecedccf-c230-516b-bbc2-108f7a6fbe63,LT-000029-202603-4045,2029-02-01,14,c6617891-56ff-5690-89a4-1ece06685ff5
10be2e00-e035-5c0e-a195-5f1ff3050aae,e8aeb018-f679-5670-b210-de4f62ff2111,4d9429b6-2ebf-5b5d-ac48-f779d5a1e270,botica,26f7241d-a84e-5e4a-a43d-33eea1e54eea,LT-000010-202603-4046,2028-03-20,0,a6f6d890-1609-53fc-b4a6-5733ccc9d078
51522589-73fd-5a91-9f24-0c954f311cc7,e8aeb018-f679-5670-b210-de4f62ff2111,cd81184b-b6f1-563c-b463-36a69ddfb598,botica,26f7241d-a84e-5e4a-a43d-33eea1e54eea,LT-000026-202603-4047,2028-04-26,0,76d6c9f4-5d7d-53c0-bb1f-2a577383765a
4745d7b1-4a8c-500c-98ff-d46d9c5ecf44,e8aeb018-f679-5670-b210-de4f62ff2111,5bbfdec8-65ae-59e6-b211-5eccb5b765fa,botica,43616d97-2221-569d-82eb-bcc14bcd6344,LT-000006-202603-4048,2027-02-21,0,76d6c9f4-5d7d-53c0-bb1f-2a577383765a
6f820f31-26dd-5cd9-9d45-ae7230456c98,e8aeb018-f679-5670-b210-de4f62ff2111,38adf7ba-476e-5e6b-9163-781a13538253,botica,8ecedccf-c230-516b-bbc2-108f7a6fbe63,LT-000012-202603-4049,2027-06-11,0,41cb90d0-d91a-57c2-b138-831be351479f
4fdd144a-f583-5a51-9cdb-0680e5d8814e,e8aeb018-f679-5670-b210-de4f62ff2111,6d807393-f4ab-5f76-b544-251eeda27ba3,botica,26f7241d-a84e-5e4a-a43d-33eea1e54eea,LT-000003-202603-4050,2028-01-23,0,ab4a547f-e75d-5601-8171-00da4efa4b57
7fc129c7-daf2-5e23-87fa-3869617973d5,e8aeb018-f679-5670-b210-de4f62ff2111,0ec23038-d3ab-588c-bbd6-1f5c744cdde1,botica,43616d97-2221-569d-82eb-bcc14bcd6344,LT-000025-202603-4051,2028-10-11,0,a6f6d890-1609-53fc-b4a6-5733ccc9d078
3073a654-20de-53eb-ace2-052677158700,e8aeb018-f679-5670-b210-de4f62ff2111,82cd11ba-d1a0-58b1-b14f-edd741f36e87,botica,d6f21f11-7533-52dd-a4dc-2fb8e260c02c,LT-000007-202603-4052,2027-11-18,0,41cb90d0-d91a-57c2-b138-831be351479f
75f4901c-c182-5701-863f-cd3215ff0925,e8aeb018-f679-5670-b210-de4f62ff2111,82cd11ba-d1a0-58b1-b14f-edd741f36e87,botica,8ecedccf-c230-516b-bbc2-108f7a6fbe63,LT-000007-202603-4053,2028-09-21,0,41cb90d0-d91a-57c2-b138-831be351479f
0037fa3f-731a-5fcb-a69a-aa1b2b3c17cc,e8aeb018-f679-5670-b210-de4f62ff2111,0ec23038-d3ab-588c-bbd6-1f5c744cdde1,botica,26f7241d-a84e-5e4a-a43d-33eea1e54eea,LT-000025-202603-4054,2026-11-18,0,a6f6d890-1609-53fc-b4a6-5733ccc9d078
ed154576-624d-5407-bc19-8128662c4674,e8aeb018-f679-5670-b210-de4f62ff2111,4d9429b6-2ebf-5b5d-ac48-f779d5a1e270,botica,43616d97-2221-569d-82eb-bcc14bcd6344,LT-000010-202603-4055,2027-07-28,0,a6f6d890-1609-53fc-b4a6-5733ccc9d078
16bf89e1-ef9d-5fc9-98f9-e662b817c54d,e8aeb018-f679-5670-b210-de4f62ff2111,94e18241-54bd-5516-b36f-94ab6e323aca,botica,43616d97-2221-569d-82eb-bcc14bcd6344,LT-000013-202603-4056,2026-09-28,0,ab4a547f-e75d-5601-8171-00da4efa4b57
b5b5fd2e-0d98-593b-81ed-8f4103964bef,e8aeb018-f679-5670-b210-de4f62ff2111,38adf7ba-476e-5e6b-9163-781a13538253,botica,d6f21f11-7533-52dd-a4dc-2fb8e260c02c,LT-000012-202603-4057,2029-03-01,53,41cb90d0-d91a-57c2-b138-831be351479f
8122f37f-6fc7-5f50-9150-d85bce974dde,e8aeb018-f679-5670-b210-de4f62ff2111,058c6382-bde2-59d1-93ff-20c6161a4736,botica,8ecedccf-c230-516b-bbc2-108f7a6fbe63,LT-000009-202603-4058,2027-10-24,0,c6617891-56ff-5690-89a4-1ece06685ff5
acebd9cb-fad9-5d6c-8c54-82fbbd6ed657,e8aeb018-f679-5670-b210-de4f62ff2111,87b859e0-789a-56e6-b1ba-4fe76221d3bf,botica,26f7241d-a84e-5e4a-a43d-33eea1e54eea,LT-000014-202603-4059,2027-12-25,0,c6617891-56ff-5690-89a4-1ece06685ff5
7791bc16-89fa-5eb3-aeb3-c692b86b7b5e,e8aeb018-f679-5670-b210-de4f62ff2111,983871db-adfb-543e-b438-6b00044ffb64,botica,d6f21f11-7533-52dd-a4dc-2fb8e260c02c,LT-000015-202603-4060,2027-05-12,69,a6f6d890-1609-53fc-b4a6-5733ccc9d078
e55f7758-4c8e-5bb9-94fc-b9c60d5e79a4,e8aeb018-f679-5670-b210-de4f62ff2111,d0ae6d2d-e561-56b3-a2c1-113c1c56ae81,botica,d6f21f11-7533-52dd-a4dc-2fb8e260c02c,LT-000021-202603-4061,2027-01-23,0,76d6c9f4-5d7d-53c0-bb1f-2a577383765a
6c009c5d-1ed9-5233-b564-330cbef07026,e8aeb018-f679-5670-b210-de4f62ff2111,cd81184b-b6f1-563c-b463-36a69ddfb598,botica,8ecedccf-c230-516b-bbc2-108f7a6fbe63,LT-000026-202603-4062,2027-10-03,0,76d6c9f4-5d7d-53c0-bb1f-2a577383765a
c5784a30-a27c-5fd9-99f4-b4edfa80565d,e8aeb018-f679-5670-b210-de4f62ff2111,9928e9a1-d9fc-5fdd-86c2-8909352fd7fe,botica,26f7241d-a84e-5e4a-a43d-33eea1e54eea,LT-000005-202603-4063,2028-09-12,37,a6f6d890-1609-53fc-b4a6-5733ccc9d078
d2df4fe9-cfdf-5c49-aa32-e5b01871f3f3,e8aeb018-f679-5670-b210-de4f62ff2111,c0cf5e5c-b5c9-585a-8e79-d9830bc954f6,botica,43616d97-2221-569d-82eb-bcc14bcd6344,LT-000011-202603-4064,2027-03-04,0,76d6c9f4-5d7d-53c0-bb1f-2a577383765a
a3306afd-2302-5e58-9437-81a13d0976b1,e8aeb018-f679-5670-b210-de4f62ff2111,2933d8b7-2438-521b-b38d-d3a5224f87fc,botica,43616d97-2221-569d-82eb-bcc14bcd6344,LT-000002-202603-4065,2028-10-25,0,41cb90d0-d91a-57c2-b138-831be351479f
9d30bd5f-8f55-53e9-9e84-1925ea7309f2,e8aeb018-f679-5670-b210-de4f62ff2111,2eb3a104-e572-583a-afa0-156ee0dc4cce,botica,43616d97-2221-569d-82eb-bcc14bcd6344,LT-000019-202603-4066,2027-11-16,0,c6617891-56ff-5690-89a4-1ece06685ff5
fb5975f8-224a-560a-9c6d-0759e0ccff0c,e8aeb018-f679-5670-b210-de4f62ff2111,012857cc-907f-5e7d-b8fb-796d2c9f1621,botica,43616d97-2221-569d-82eb-bcc14bcd6344,LT-000028-202603-4067,2028-06-11,0,ab4a547f-e75d-5601-8171-00da4efa4b57
2624db97-8a9c-5be7-9dea-6ef1474e0617,e8aeb018-f679-5670-b210-de4f62ff2111,042e2e80-f954-5df4-97be-29dd428cc598,botica,d6f21f11-7533-52dd-a4dc-2fb8e260c02c,LT-000004-202603-4068,2028-02-06,0,c6617891-56ff-5690-89a4-1ece06685ff5
e10c146e-2691-5efc-a2fc-b863d6ed54e8,e8aeb018-f679-5670-b210-de4f62ff2111,2933d8b7-2438-521b-b38d-d3a5224f87fc,botica,8ecedccf-c230-516b-bbc2-108f7a6fbe63,LT-000002-202603-4069,2028-09-30,10,41cb90d0-d91a-57c2-b138-831be351479f
905be106-ed5a-57eb-9b6e-f3ff4103e530,e8aeb018-f679-5670-b210-de4f62ff2111,042e2e80-f954-5df4-97be-29dd428cc598,botica,7fb983e8-6848-5425-97a2-14da72722d0f,LT-000004-202603-4070,2028-10-13,30,c6617891-56ff-5690-89a4-1ece06685ff5
3be17b96-e742-59b1-b2f6-42233086f8d7,e8aeb018-f679-5670-b210-de4f62ff2111,c0cf5e5c-b5c9-585a-8e79-d9830bc954f6,botica,7fb983e8-6848-5425-97a2-14da72722d0f,LT-000011-202603-4071,2028-12-20,1,76d6c9f4-5d7d-53c0-bb1f-2a577383765a
26240c23-7203-506f-931e-7a9d5550ca12,e8aeb018-f679-5670-b210-de4f62ff2111,94e18241-54bd-5516-b36f-94ab6e323aca,botica,7fb983e8-6848-5425-97a2-14da72722d0f,LT-000013-202603-4072,2027-07-23,0,ab4a547f-e75d-5601-8171-00da4efa4b57
938ddb00-8e58-54b8-a140-a80b2a709e1d,e8aeb018-f679-5670-b210-de4f62ff2111,1e9605fd-5682-52b6-8f05-e8a92dd44513,botica,26f7241d-a84e-5e4a-a43d-33eea1e54eea,LT-000030-202603-4073,2027-08-09,0,a6f6d890-1609-53fc-b4a6-5733ccc9d078
9a73a5fd-3a2d-5103-9ec6-7180b2699dfd,e8aeb018-f679-5670-b210-de4f62ff2111,afe9d181-1c64-5cca-b4b7-a9fa24eceeea,botica,d6f21f11-7533-52dd-a4dc-2fb8e260c02c,LT-000020-202603-4074,2028-06-14,0,a6f6d890-1609-53fc-b4a6-5733ccc9d078
28945fd6-9412-5de8-9b8f-1ae8388a97bf,e8aeb018-f679-5670-b210-de4f62ff2111,6baabed2-52d7-5cb7-bf74-86c7cb3e4f07,botica,d6f21f11-7533-52dd-a4dc-2fb8e260c02c,LT-000027-202603-4075,2028-01-19,2,41cb90d0-d91a-57c2-b138-831be351479f
aedf5089-61ec-5bfa-a780-25cd1680b0b6,e8aeb018-f679-5670-b210-de4f62ff2111,2897aac2-f219-5167-b800-73fac27f6b85,botica,8ecedccf-c230-516b-bbc2-108f7a6fbe63,LT-000022-202603-4076,2027-11-08,0,41cb90d0-d91a-57c2-b138-831be351479f
d5bb28e9-c2ec-5ad2-9951-629bb1eb1883,e8aeb018-f679-5670-b210-de4f62ff2111,2eb3a104-e572-583a-afa0-156ee0dc4cce,botica,7fb983e8-6848-5425-97a2-14da72722d0f,LT-000019-202603-4077,2029-02-25,80,c6617891-56ff-5690-89a4-1ece06685ff5
dde7fca9-daf3-5d90-ab46-5427535d2d2f,e8aeb018-f679-5670-b210-de4f62ff2111,07371b94-955f-52a4-9bf9-f0a6ad2b4fa8,botica,43616d97-2221-569d-82eb-bcc14bcd6344,LT-000008-202603-4078,2028-10-22,0,ab4a547f-e75d-5601-8171-00da4efa4b57
58f808e1-6909-57ab-a7ad-d9de4ad34999,e8aeb018-f679-5670-b210-de4f62ff2111,87b859e0-789a-56e6-b1ba-4fe76221d3bf,botica,43616d97-2221-569d-82eb-bcc14bcd6344,LT-000014-202603-4079,2027-07-06,0,c6617891-56ff-5690-89a4-1ece06685ff5
a83295ef-e9c1-5d97-8037-b61304de4c4b,e8aeb018-f679-5670-b210-de4f62ff2111,d2f08f15-f9f2-5f65-a740-b05896774467,botica,43616d97-2221-569d-82eb-bcc14bcd6344,LT-000017-202603-4080,2027-04-12,0,41cb90d0-d91a-57c2-b138-831be351479f
d5f0db40-e0a4-56d8-a383-a1b54b47f497,e8aeb018-f679-5670-b210-de4f62ff2111,1ca3438e-9e23-58f0-a35f-f15f7a23beb9,botica,d6f21f11-7533-52dd-a4dc-2fb8e260c02c,LT-000024-202603-4081,2028-08-19,58,c6617891-56ff-5690-89a4-1ece06685ff5
e8dcd69b-db17-52a2-b6f7-6853e09cef19,e8aeb018-f679-5670-b210-de4f62ff2111,012857cc-907f-5e7d-b8fb-796d2c9f1621,botica,8ecedccf-c230-516b-bbc2-108f7a6fbe63,LT-000028-202603-4082,2027-02-15,0,ab4a547f-e75d-5601-8171-00da4efa4b57
9ee4d2b4-5cbc-594e-af76-47566a261ffa,e8aeb018-f679-5670-b210-de4f62ff2111,2082733c-4e17-51fe-bc8c-bf33d3ec5d7e,botica,7fb983e8-6848-5425-97a2-14da72722d0f,LT-000016-202603-4083,2027-03-28,0,76d6c9f4-5d7d-53c0-bb1f-2a577383765a
34d8fd5e-39fd-5052-9deb-9f35da5dc20d,e8aeb018-f679-5670-b210-de4f62ff2111,d3961f5a-3ea7-53d3-89f4-78b65b0c0c6b,botica,26f7241d-a84e-5e4a-a43d-33eea1e54eea,LT-000001-202604-4084,2029-01-01,81,76d6c9f4-5d7d-53c0-bb1f-2a577383765a
c164f2a6-ce0a-56c9-846a-5052fc897c0e,e8aeb018-f679-5670-b210-de4f62ff2111,2082733c-4e17-51fe-bc8c-bf33d3ec5d7e,botica,26f7241d-a84e-5e4a-a43d-33eea1e54eea,LT-000016-202604-4085,2027-07-08,0,76d6c9f4-5d7d-53c0-bb1f-2a577383765a
612955b5-3545-5d06-b5d6-c75b09f60a1a,e8aeb018-f679-5670-b210-de4f62ff2111,1ca3438e-9e23-58f0-a35f-f15f7a23beb9,botica,26f7241d-a84e-5e4a-a43d-33eea1e54eea,LT-000024-202604-4086,2027-08-13,15,c6617891-56ff-5690-89a4-1ece06685ff5
7c74c718-1bd0-5e8e-8fed-46d964598eee,e8aeb018-f679-5670-b210-de4f62ff2111,d3961f5a-3ea7-53d3-89f4-78b65b0c0c6b,botica,43616d97-2221-569d-82eb-bcc14bcd6344,LT-000001-202604-4087,2027-07-18,0,76d6c9f4-5d7d-53c0-bb1f-2a577383765a
acff533c-25e6-5f00-a014-67486729507a,e8aeb018-f679-5670-b210-de4f62ff2111,38adf7ba-476e-5e6b-9163-781a13538253,botica,7fb983e8-6848-5425-97a2-14da72722d0f,LT-000012-202604-4088,2028-08-22,0,41cb90d0-d91a-57c2-b138-831be351479f
f5975355-dce6-5b48-9944-f6a7e1402cee,e8aeb018-f679-5670-b210-de4f62ff2111,c0cf5e5c-b5c9-585a-8e79-d9830bc954f6,botica,26f7241d-a84e-5e4a-a43d-33eea1e54eea,LT-000011-202604-4089,2028-04-18,18,76d6c9f4-5d7d-53c0-bb1f-2a577383765a
6d77f292-e4d9-5fb6-948d-de87c30ce4c6,e8aeb018-f679-5670-b210-de4f62ff2111,d2f08f15-f9f2-5f65-a740-b05896774467,botica,26f7241d-a84e-5e4a-a43d-33eea1e54eea,LT-000017-202604-4090,2027-08-27,0,41cb90d0-d91a-57c2-b138-831be351479f
3e0fc5b9-1f3e-5893-ad3c-78a21e706998,e8aeb018-f679-5670-b210-de4f62ff2111,afe9d181-1c64-5cca-b4b7-a9fa24eceeea,botica,26f7241d-a84e-5e4a-a43d-33eea1e54eea,LT-000020-202604-4091,2028-03-14,4,a6f6d890-1609-53fc-b4a6-5733ccc9d078
7cb1ee61-5090-506d-bdcd-afeca3900bc5,e8aeb018-f679-5670-b210-de4f62ff2111,6baabed2-52d7-5cb7-bf74-86c7cb3e4f07,botica,26f7241d-a84e-5e4a-a43d-33eea1e54eea,LT-000027-202604-4092,2029-01-31,38,41cb90d0-d91a-57c2-b138-831be351479f
703a04de-9e89-5f8c-9efe-7888579a0f5b,e8aeb018-f679-5670-b210-de4f62ff2111,22231140-3780-5fe8-a7d4-d33f61d15111,botica,43616d97-2221-569d-82eb-bcc14bcd6344,LT-000023-202604-4093,2029-01-12,22,ab4a547f-e75d-5601-8171-00da4efa4b57
73b7758b-33ba-5d22-b662-8bdf284b214c,e8aeb018-f679-5670-b210-de4f62ff2111,0ec23038-d3ab-588c-bbd6-1f5c744cdde1,botica,d6f21f11-7533-52dd-a4dc-2fb8e260c02c,LT-000025-202604-4094,2028-11-26,0,a6f6d890-1609-53fc-b4a6-5733ccc9d078
51dd8a67-5da9-5ba4-843f-0596a6e33cb7,e8aeb018-f679-5670-b210-de4f62ff2111,1e9605fd-5682-52b6-8f05-e8a92dd44513,botica,d6f21f11-7533-52dd-a4dc-2fb8e260c02c,LT-000030-202604-4095,2026-10-13,20,a6f6d890-1609-53fc-b4a6-5733ccc9d078
66f3fcec-4da2-5281-b618-df1da631e8a8,e8aeb018-f679-5670-b210-de4f62ff2111,9928e9a1-d9fc-5fdd-86c2-8909352fd7fe,botica,43616d97-2221-569d-82eb-bcc14bcd6344,LT-000005-202604-4096,2028-09-09,0,a6f6d890-1609-53fc-b4a6-5733ccc9d078
d09a5a12-441d-57fd-a12f-38e389bae986,e8aeb018-f679-5670-b210-de4f62ff2111,983871db-adfb-543e-b438-6b00044ffb64,botica,43616d97-2221-569d-82eb-bcc14bcd6344,LT-000015-202604-4097,2027-12-03,9,a6f6d890-1609-53fc-b4a6-5733ccc9d078
fa3e6495-5132-5dda-9033-dc17edddef78,e8aeb018-f679-5670-b210-de4f62ff2111,d9506935-1215-5499-93c0-8bdd86ab9418,botica,43616d97-2221-569d-82eb-bcc14bcd6344,LT-000029-202604-4098,2027-10-09,25,c6617891-56ff-5690-89a4-1ece06685ff5
29efa22d-8d6c-5d97-bcb7-68946e1bcfca,e8aeb018-f679-5670-b210-de4f62ff2111,5bbfdec8-65ae-59e6-b211-5eccb5b765fa,botica,d6f21f11-7533-52dd-a4dc-2fb8e260c02c,LT-000006-202604-4099,2028-10-16,3,76d6c9f4-5d7d-53c0-bb1f-2a577383765a
46c922c9-4527-5bf6-b04d-2ad394cf65e8,e8aeb018-f679-5670-b210-de4f62ff2111,d3961f5a-3ea7-53d3-89f4-78b65b0c0c6b,botica,8ecedccf-c230-516b-bbc2-108f7a6fbe63,LT-000001-202604-4100,2027-10-22,0,76d6c9f4-5d7d-53c0-bb1f-2a577383765a
326167d2-fb4d-5d57-8c68-b99aa017bd3a,e8aeb018-f679-5670-b210-de4f62ff2111,6baabed2-52d7-5cb7-bf74-86c7cb3e4f07,botica,8ecedccf-c230-516b-bbc2-108f7a6fbe63,LT-000027-202604-4101,2028-06-28,64,41cb90d0-d91a-57c2-b138-831be351479f
b22d684b-9c0f-5b73-af7d-6fa70c52fe5e,e8aeb018-f679-5670-b210-de4f62ff2111,1e9605fd-5682-52b6-8f05-e8a92dd44513,botica,8ecedccf-c230-516b-bbc2-108f7a6fbe63,LT-000030-202604-4102,2027-07-08,0,a6f6d890-1609-53fc-b4a6-5733ccc9d078
ceaa9ef9-fb38-59bd-ad25-2877c288f20e,e8aeb018-f679-5670-b210-de4f62ff2111,07371b94-955f-52a4-9bf9-f0a6ad2b4fa8,botica,26f7241d-a84e-5e4a-a43d-33eea1e54eea,LT-000008-202604-4103,2029-01-21,22,ab4a547f-e75d-5601-8171-00da4efa4b57
aeb924cf-48d9-5712-8fbe-4d2e00b00b17,e8aeb018-f679-5670-b210-de4f62ff2111,94e18241-54bd-5516-b36f-94ab6e323aca,botica,26f7241d-a84e-5e4a-a43d-33eea1e54eea,LT-000013-202604-4104,2029-01-02,27,ab4a547f-e75d-5601-8171-00da4efa4b57
36e56e79-9054-5414-883f-1296b7e96809,e8aeb018-f679-5670-b210-de4f62ff2111,2eb3a104-e572-583a-afa0-156ee0dc4cce,botica,26f7241d-a84e-5e4a-a43d-33eea1e54eea,LT-000019-202604-4105,2027-07-01,0,c6617891-56ff-5690-89a4-1ece06685ff5
b2641f0b-4cf5-5b46-a8c1-c9be0a35fa5b,e8aeb018-f679-5670-b210-de4f62ff2111,38adf7ba-476e-5e6b-9163-781a13538253,botica,43616d97-2221-569d-82eb-bcc14bcd6344,LT-000012-202604-4106,2028-12-26,44,41cb90d0-d91a-57c2-b138-831be351479f
665c224b-31ff-5a58-a79a-dabd89f4a2f9,e8aeb018-f679-5670-b210-de4f62ff2111,d9506935-1215-5499-93c0-8bdd86ab9418,botica,d6f21f11-7533-52dd-a4dc-2fb8e260c02c,LT-000029-202604-4107,2028-09-10,32,c6617891-56ff-5690-89a4-1ece06685ff5
aed49c2c-7d0c-5d99-9b57-a73db4bfe502,e8aeb018-f679-5670-b210-de4f62ff2111,9928e9a1-d9fc-5fdd-86c2-8909352fd7fe,botica,8ecedccf-c230-516b-bbc2-108f7a6fbe63,LT-000005-202604-4108,2028-03-25,0,a6f6d890-1609-53fc-b4a6-5733ccc9d078
f097279f-e233-5af9-86e0-d98a6d4bd776,e8aeb018-f679-5670-b210-de4f62ff2111,4d9429b6-2ebf-5b5d-ac48-f779d5a1e270,botica,7fb983e8-6848-5425-97a2-14da72722d0f,LT-000010-202604-4109,2028-11-02,1,a6f6d890-1609-53fc-b4a6-5733ccc9d078
ceb97272-70fe-550f-bb3d-b1960eaef053,e8aeb018-f679-5670-b210-de4f62ff2111,cd81184b-b6f1-563c-b463-36a69ddfb598,botica,7fb983e8-6848-5425-97a2-14da72722d0f,LT-000026-202604-4110,2029-02-16,139,76d6c9f4-5d7d-53c0-bb1f-2a577383765a
7fef8217-8b44-5455-af29-3dc15b75b3f0,e8aeb018-f679-5670-b210-de4f62ff2111,c0cf5e5c-b5c9-585a-8e79-d9830bc954f6,botica,8ecedccf-c230-516b-bbc2-108f7a6fbe63,LT-000011-202604-4111,2027-07-30,34,76d6c9f4-5d7d-53c0-bb1f-2a577383765a
ed420e24-2eae-5fca-8288-dd3e03a66501,e8aeb018-f679-5670-b210-de4f62ff2111,6d807393-f4ab-5f76-b544-251eeda27ba3,botica,7fb983e8-6848-5425-97a2-14da72722d0f,LT-000003-202604-4112,2028-09-06,1,ab4a547f-e75d-5601-8171-00da4efa4b57
d21c0901-860e-519e-95c0-1a4368444de4,e8aeb018-f679-5670-b210-de4f62ff2111,afe9d181-1c64-5cca-b4b7-a9fa24eceeea,botica,7fb983e8-6848-5425-97a2-14da72722d0f,LT-000020-202604-4113,2027-02-06,93,a6f6d890-1609-53fc-b4a6-5733ccc9d078
3401b61c-fd06-55d5-9f52-824a5ce87295,e8aeb018-f679-5670-b210-de4f62ff2111,2897aac2-f219-5167-b800-73fac27f6b85,botica,26f7241d-a84e-5e4a-a43d-33eea1e54eea,LT-000022-202604-4114,2027-09-04,0,41cb90d0-d91a-57c2-b138-831be351479f
0d7544e5-27fe-5084-b4d9-c1a49cddfb51,e8aeb018-f679-5670-b210-de4f62ff2111,94e18241-54bd-5516-b36f-94ab6e323aca,botica,43616d97-2221-569d-82eb-bcc14bcd6344,LT-000013-202604-4115,2028-04-09,0,ab4a547f-e75d-5601-8171-00da4efa4b57
952c13ae-db41-569c-8eba-974c5913ee37,e8aeb018-f679-5670-b210-de4f62ff2111,2082733c-4e17-51fe-bc8c-bf33d3ec5d7e,botica,43616d97-2221-569d-82eb-bcc14bcd6344,LT-000016-202604-4116,2026-11-03,0,76d6c9f4-5d7d-53c0-bb1f-2a577383765a
dab8c31c-170d-5a0d-9429-e4abee6d8f4e,e8aeb018-f679-5670-b210-de4f62ff2111,afe9d181-1c64-5cca-b4b7-a9fa24eceeea,botica,43616d97-2221-569d-82eb-bcc14bcd6344,LT-000020-202604-4117,2028-07-03,8,a6f6d890-1609-53fc-b4a6-5733ccc9d078
9e71d223-4711-5e2e-b4e3-1043ccea5d3a,e8aeb018-f679-5670-b210-de4f62ff2111,2933d8b7-2438-521b-b38d-d3a5224f87fc,botica,d6f21f11-7533-52dd-a4dc-2fb8e260c02c,LT-000002-202604-4118,2027-04-27,0,41cb90d0-d91a-57c2-b138-831be351479f
35d9da5e-8f4c-581a-9585-335a6d21d796,e8aeb018-f679-5670-b210-de4f62ff2111,4d9429b6-2ebf-5b5d-ac48-f779d5a1e270,botica,d6f21f11-7533-52dd-a4dc-2fb8e260c02c,LT-000010-202604-4119,2027-06-04,25,a6f6d890-1609-53fc-b4a6-5733ccc9d078
2546e3e4-7240-5f74-8512-a629febc7c97,e8aeb018-f679-5670-b210-de4f62ff2111,5bbfdec8-65ae-59e6-b211-5eccb5b765fa,botica,8ecedccf-c230-516b-bbc2-108f7a6fbe63,LT-000006-202604-4120,2028-10-13,0,76d6c9f4-5d7d-53c0-bb1f-2a577383765a
7adf4873-1d0a-5904-b16c-1a73dee7769e,e8aeb018-f679-5670-b210-de4f62ff2111,1ca3438e-9e23-58f0-a35f-f15f7a23beb9,botica,8ecedccf-c230-516b-bbc2-108f7a6fbe63,LT-000024-202604-4121,2027-06-30,0,c6617891-56ff-5690-89a4-1ece06685ff5
2b3e72da-83a8-543c-933e-810ed5586c25,e8aeb018-f679-5670-b210-de4f62ff2111,82cd11ba-d1a0-58b1-b14f-edd741f36e87,botica,7fb983e8-6848-5425-97a2-14da72722d0f,LT-000007-202604-4122,2028-09-23,111,41cb90d0-d91a-57c2-b138-831be351479f
c8c431be-2e02-51d3-921d-553351902c9a,e8aeb018-f679-5670-b210-de4f62ff2111,87b859e0-789a-56e6-b1ba-4fe76221d3bf,botica,7fb983e8-6848-5425-97a2-14da72722d0f,LT-000014-202604-4123,2026-11-24,10,c6617891-56ff-5690-89a4-1ece06685ff5
19ab54b5-41b0-5a4f-90de-66af3d5e7580,e8aeb018-f679-5670-b210-de4f62ff2111,82cd11ba-d1a0-58b1-b14f-edd741f36e87,botica,26f7241d-a84e-5e4a-a43d-33eea1e54eea,LT-000007-202604-4124,2029-01-07,39,41cb90d0-d91a-57c2-b138-831be351479f
4f37f39f-498d-5731-b269-d4071a62301b,e8aeb018-f679-5670-b210-de4f62ff2111,058c6382-bde2-59d1-93ff-20c6161a4736,botica,26f7241d-a84e-5e4a-a43d-33eea1e54eea,LT-000009-202604-4125,2028-09-20,0,c6617891-56ff-5690-89a4-1ece06685ff5
5efe05bc-6c92-549e-8bfd-ab4b2b134279,e8aeb018-f679-5670-b210-de4f62ff2111,6baabed2-52d7-5cb7-bf74-86c7cb3e4f07,botica,43616d97-2221-569d-82eb-bcc14bcd6344,LT-000027-202604-4126,2027-10-12,3,41cb90d0-d91a-57c2-b138-831be351479f
11f885a3-0f58-5b39-b26f-ea098bc94574,e8aeb018-f679-5670-b210-de4f62ff2111,6d807393-f4ab-5f76-b544-251eeda27ba3,botica,d6f21f11-7533-52dd-a4dc-2fb8e260c02c,LT-000003-202604-4127,2029-02-18,77,ab4a547f-e75d-5601-8171-00da4efa4b57
96cd7c5f-5d3d-5150-b64f-009f85849033,e8aeb018-f679-5670-b210-de4f62ff2111,22231140-3780-5fe8-a7d4-d33f61d15111,botica,d6f21f11-7533-52dd-a4dc-2fb8e260c02c,LT-000023-202604-4128,2028-11-21,53,ab4a547f-e75d-5601-8171-00da4efa4b57
c062415e-6c94-5ffd-8a98-9b202eaf504f,e8aeb018-f679-5670-b210-de4f62ff2111,94e18241-54bd-5516-b36f-94ab6e323aca,botica,8ecedccf-c230-516b-bbc2-108f7a6fbe63,LT-000013-202604-4129,2027-01-24,3,ab4a547f-e75d-5601-8171-00da4efa4b57
368df1b4-a17e-50d5-a82e-9546f3c94154,e8aeb018-f679-5670-b210-de4f62ff2111,983871db-adfb-543e-b438-6b00044ffb64,botica,7fb983e8-6848-5425-97a2-14da72722d0f,LT-000015-202604-4130,2028-07-10,0,a6f6d890-1609-53fc-b4a6-5733ccc9d078
588f51ae-e104-5e0a-9494-18e00ae1aa15,e8aeb018-f679-5670-b210-de4f62ff2111,2897aac2-f219-5167-b800-73fac27f6b85,botica,7fb983e8-6848-5425-97a2-14da72722d0f,LT-000022-202604-4131,2027-04-05,0,41cb90d0-d91a-57c2-b138-831be351479f
a63c1a18-e728-59f1-a9ce-854b0987d5b4,e8aeb018-f679-5670-b210-de4f62ff2111,87b859e0-789a-56e6-b1ba-4fe76221d3bf,botica,d6f21f11-7533-52dd-a4dc-2fb8e260c02c,LT-000014-202604-4132,2028-09-19,33,c6617891-56ff-5690-89a4-1ece06685ff5
abea9ec8-9d7b-5dea-9dbc-1c3e8ba4976f,e8aeb018-f679-5670-b210-de4f62ff2111,87b859e0-789a-56e6-b1ba-4fe76221d3bf,botica,8ecedccf-c230-516b-bbc2-108f7a6fbe63,LT-000014-202604-4133,2028-08-28,68,c6617891-56ff-5690-89a4-1ece06685ff5
0b83cb24-8cde-5fae-8e27-8805828b714d,e8aeb018-f679-5670-b210-de4f62ff2111,1e9605fd-5682-52b6-8f05-e8a92dd44513,botica,7fb983e8-6848-5425-97a2-14da72722d0f,LT-000030-202604-4134,2027-06-13,50,a6f6d890-1609-53fc-b4a6-5733ccc9d078
9501d601-4d35-56cd-9e34-0ba7f07add69,e8aeb018-f679-5670-b210-de4f62ff2111,2933d8b7-2438-521b-b38d-d3a5224f87fc,botica,26f7241d-a84e-5e4a-a43d-33eea1e54eea,LT-000002-202604-4135,2027-11-19,0,41cb90d0-d91a-57c2-b138-831be351479f
b3a8f28b-b5de-511f-839c-48ee4d8db5cd,e8aeb018-f679-5670-b210-de4f62ff2111,1ca3438e-9e23-58f0-a35f-f15f7a23beb9,botica,43616d97-2221-569d-82eb-bcc14bcd6344,LT-000024-202604-4136,2028-08-12,0,c6617891-56ff-5690-89a4-1ece06685ff5
234ae3bb-9c35-55e5-9640-69ee05ec0d98,e8aeb018-f679-5670-b210-de4f62ff2111,c0cf5e5c-b5c9-585a-8e79-d9830bc954f6,botica,d6f21f11-7533-52dd-a4dc-2fb8e260c02c,LT-000011-202604-4137,2027-04-26,22,76d6c9f4-5d7d-53c0-bb1f-2a577383765a
c1d82523-5d90-5636-a5c1-e84d7d3a6bec,e8aeb018-f679-5670-b210-de4f62ff2111,983871db-adfb-543e-b438-6b00044ffb64,botica,8ecedccf-c230-516b-bbc2-108f7a6fbe63,LT-000015-202604-4138,2029-02-23,251,a6f6d890-1609-53fc-b4a6-5733ccc9d078
2f41f62b-96af-5f45-8dec-975aedd12543,e8aeb018-f679-5670-b210-de4f62ff2111,042e2e80-f954-5df4-97be-29dd428cc598,botica,26f7241d-a84e-5e4a-a43d-33eea1e54eea,LT-000004-202604-4139,2027-10-18,0,c6617891-56ff-5690-89a4-1ece06685ff5
28e3abb3-80e2-5a95-8e14-11c30e5a3541,e8aeb018-f679-5670-b210-de4f62ff2111,82cd11ba-d1a0-58b1-b14f-edd741f36e87,botica,43616d97-2221-569d-82eb-bcc14bcd6344,LT-000007-202604-4140,2027-03-21,0,41cb90d0-d91a-57c2-b138-831be351479f
a995baaa-d8dc-58c5-8ee8-de6f47c03822,e8aeb018-f679-5670-b210-de4f62ff2111,cd81184b-b6f1-563c-b463-36a69ddfb598,botica,43616d97-2221-569d-82eb-bcc14bcd6344,LT-000026-202604-4141,2029-01-12,44,76d6c9f4-5d7d-53c0-bb1f-2a577383765a
ede3c5af-07ab-50bf-8ac7-a3f20a076cc7,e8aeb018-f679-5670-b210-de4f62ff2111,97d26d91-c562-5f27-9ebd-285e89c8f4bf,botica,8ecedccf-c230-516b-bbc2-108f7a6fbe63,LT-000018-202604-4142,2027-01-02,41,ab4a547f-e75d-5601-8171-00da4efa4b57
97a53c59-5972-562f-b517-5cd6cf242863,e8aeb018-f679-5670-b210-de4f62ff2111,0ec23038-d3ab-588c-bbd6-1f5c744cdde1,botica,8ecedccf-c230-516b-bbc2-108f7a6fbe63,LT-000025-202604-4143,2027-02-21,111,a6f6d890-1609-53fc-b4a6-5733ccc9d078
521a9445-e902-5d2b-b0c2-c5986e90a81d,e8aeb018-f679-5670-b210-de4f62ff2111,d0ae6d2d-e561-56b3-a2c1-113c1c56ae81,botica,26f7241d-a84e-5e4a-a43d-33eea1e54eea,LT-000021-202604-4144,2028-02-09,46,76d6c9f4-5d7d-53c0-bb1f-2a577383765a
136c167f-66cd-5491-a52f-470f407b330b,e8aeb018-f679-5670-b210-de4f62ff2111,058c6382-bde2-59d1-93ff-20c6161a4736,botica,d6f21f11-7533-52dd-a4dc-2fb8e260c02c,LT-000009-202604-4145,2026-12-12,15,c6617891-56ff-5690-89a4-1ece06685ff5
c003f753-7d33-5074-bdaa-91c4281a5509,e8aeb018-f679-5670-b210-de4f62ff2111,38adf7ba-476e-5e6b-9163-781a13538253,botica,8ecedccf-c230-516b-bbc2-108f7a6fbe63,LT-000012-202604-4146,2028-06-16,42,41cb90d0-d91a-57c2-b138-831be351479f
f915864f-680e-560e-a1b8-593077538b2d,e8aeb018-f679-5670-b210-de4f62ff2111,d3961f5a-3ea7-53d3-89f4-78b65b0c0c6b,botica,7fb983e8-6848-5425-97a2-14da72722d0f,LT-000001-202604-4147,2026-10-20,158,76d6c9f4-5d7d-53c0-bb1f-2a577383765a
93a772d3-c7e0-58a1-8154-d8b42508d714,e8aeb018-f679-5670-b210-de4f62ff2111,38adf7ba-476e-5e6b-9163-781a13538253,botica,26f7241d-a84e-5e4a-a43d-33eea1e54eea,LT-000012-202604-4148,2027-11-14,68,41cb90d0-d91a-57c2-b138-831be351479f
2462bf9e-32e5-5d23-8d79-57e5a1c8de03,e8aeb018-f679-5670-b210-de4f62ff2111,87b859e0-789a-56e6-b1ba-4fe76221d3bf,botica,26f7241d-a84e-5e4a-a43d-33eea1e54eea,LT-000014-202604-4149,2028-05-08,36,c6617891-56ff-5690-89a4-1ece06685ff5
e7f62c82-0bba-5b30-9ba3-2b95c9e7d5d9,e8aeb018-f679-5670-b210-de4f62ff2111,058c6382-bde2-59d1-93ff-20c6161a4736,botica,43616d97-2221-569d-82eb-bcc14bcd6344,LT-000009-202604-4150,2028-05-01,34,c6617891-56ff-5690-89a4-1ece06685ff5
c4746305-a26d-51f3-9c29-239176a09a53,e8aeb018-f679-5670-b210-de4f62ff2111,d0ae6d2d-e561-56b3-a2c1-113c1c56ae81,botica,8ecedccf-c230-516b-bbc2-108f7a6fbe63,LT-000021-202604-4151,2028-05-12,40,76d6c9f4-5d7d-53c0-bb1f-2a577383765a
4004ce7b-a9f9-5e45-abec-9ca9addf5c7f,e8aeb018-f679-5670-b210-de4f62ff2111,22231140-3780-5fe8-a7d4-d33f61d15111,botica,8ecedccf-c230-516b-bbc2-108f7a6fbe63,LT-000023-202604-4152,2027-07-20,46,ab4a547f-e75d-5601-8171-00da4efa4b57
2b729a93-0b45-52f8-8ff7-b46046edfa2e,e8aeb018-f679-5670-b210-de4f62ff2111,058c6382-bde2-59d1-93ff-20c6161a4736,botica,7fb983e8-6848-5425-97a2-14da72722d0f,LT-000009-202604-4153,2027-10-01,1,c6617891-56ff-5690-89a4-1ece06685ff5
01c8524e-d1f7-52de-a0e7-d8c79a31a08f,e8aeb018-f679-5670-b210-de4f62ff2111,d2f08f15-f9f2-5f65-a740-b05896774467,botica,7fb983e8-6848-5425-97a2-14da72722d0f,LT-000017-202604-4154,2026-11-10,140,41cb90d0-d91a-57c2-b138-831be351479f
1b7197a7-551c-53e7-8ede-33ef3f17a85a,e8aeb018-f679-5670-b210-de4f62ff2111,012857cc-907f-5e7d-b8fb-796d2c9f1621,botica,7fb983e8-6848-5425-97a2-14da72722d0f,LT-000028-202604-4155,2027-10-15,71,ab4a547f-e75d-5601-8171-00da4efa4b57
25f202dd-684d-57d5-9ab3-e89a28d4875b,e8aeb018-f679-5670-b210-de4f62ff2111,0ec23038-d3ab-588c-bbd6-1f5c744cdde1,botica,26f7241d-a84e-5e4a-a43d-33eea1e54eea,LT-000025-202604-4156,2029-01-15,222,a6f6d890-1609-53fc-b4a6-5733ccc9d078
9894b0b6-c8d9-5ba8-b7a5-4ec2e87f0173,e8aeb018-f679-5670-b210-de4f62ff2111,042e2e80-f954-5df4-97be-29dd428cc598,botica,43616d97-2221-569d-82eb-bcc14bcd6344,LT-000004-202604-4157,2028-12-02,92,c6617891-56ff-5690-89a4-1ece06685ff5
3761f77e-7dba-594b-bf3e-f4b01ce90ecc,e8aeb018-f679-5670-b210-de4f62ff2111,0ec23038-d3ab-588c-bbd6-1f5c744cdde1,botica,43616d97-2221-569d-82eb-bcc14bcd6344,LT-000025-202604-4158,2028-12-14,94,a6f6d890-1609-53fc-b4a6-5733ccc9d078
bbd2943a-b3d1-5b27-a86a-30dad4112aac,e8aeb018-f679-5670-b210-de4f62ff2111,94e18241-54bd-5516-b36f-94ab6e323aca,botica,d6f21f11-7533-52dd-a4dc-2fb8e260c02c,LT-000013-202604-4159,2029-01-27,86,ab4a547f-e75d-5601-8171-00da4efa4b57
013681e0-398b-5070-8dcd-910c59cfd769,e8aeb018-f679-5670-b210-de4f62ff2111,6d807393-f4ab-5f76-b544-251eeda27ba3,botica,8ecedccf-c230-516b-bbc2-108f7a6fbe63,LT-000003-202604-4160,2028-03-31,0,ab4a547f-e75d-5601-8171-00da4efa4b57
8f110f21-5616-586d-9138-4a0420ff0144,e8aeb018-f679-5670-b210-de4f62ff2111,97d26d91-c562-5f27-9ebd-285e89c8f4bf,botica,7fb983e8-6848-5425-97a2-14da72722d0f,LT-000018-202604-4161,2027-08-31,202,ab4a547f-e75d-5601-8171-00da4efa4b57
9bdc98de-66d3-5ede-ae8e-5dac5b86fb33,e8aeb018-f679-5670-b210-de4f62ff2111,d9506935-1215-5499-93c0-8bdd86ab9418,botica,7fb983e8-6848-5425-97a2-14da72722d0f,LT-000029-202604-4162,2028-08-14,70,c6617891-56ff-5690-89a4-1ece06685ff5
a34f1299-15af-557c-8256-a63f5ff1b7f1,e8aeb018-f679-5670-b210-de4f62ff2111,5bbfdec8-65ae-59e6-b211-5eccb5b765fa,botica,26f7241d-a84e-5e4a-a43d-33eea1e54eea,LT-000006-202604-4163,2029-01-14,0,76d6c9f4-5d7d-53c0-bb1f-2a577383765a
ccae47c5-3d35-5d53-833f-6c353fddbca1,e8aeb018-f679-5670-b210-de4f62ff2111,4d9429b6-2ebf-5b5d-ac48-f779d5a1e270,botica,8ecedccf-c230-516b-bbc2-108f7a6fbe63,LT-000010-202604-4164,2029-02-09,62,a6f6d890-1609-53fc-b4a6-5733ccc9d078
aa18cbb4-494e-5983-b05a-2d42aeb94d3c,e8aeb018-f679-5670-b210-de4f62ff2111,0ec23038-d3ab-588c-bbd6-1f5c744cdde1,botica,7fb983e8-6848-5425-97a2-14da72722d0f,LT-000025-202604-4165,2028-01-09,209,a6f6d890-1609-53fc-b4a6-5733ccc9d078
5a5af0d4-57eb-59a1-83df-d76459a6f475,e8aeb018-f679-5670-b210-de4f62ff2111,9928e9a1-d9fc-5fdd-86c2-8909352fd7fe,botica,26f7241d-a84e-5e4a-a43d-33eea1e54eea,LT-000005-202604-4166,2028-05-31,0,a6f6d890-1609-53fc-b4a6-5733ccc9d078
70d739a9-ff09-5dc9-9be9-be1b94c83fd9,e8aeb018-f679-5670-b210-de4f62ff2111,6d807393-f4ab-5f76-b544-251eeda27ba3,botica,43616d97-2221-569d-82eb-bcc14bcd6344,LT-000003-202604-4167,2028-01-13,51,ab4a547f-e75d-5601-8171-00da4efa4b57
30a8c3c4-0454-524f-9ab5-5472bc88d293,e8aeb018-f679-5670-b210-de4f62ff2111,97d26d91-c562-5f27-9ebd-285e89c8f4bf,botica,43616d97-2221-569d-82eb-bcc14bcd6344,LT-000018-202604-4168,2028-03-17,222,ab4a547f-e75d-5601-8171-00da4efa4b57
ca9a21d2-46c8-5e2b-8c60-b490c0ac0c50,e8aeb018-f679-5670-b210-de4f62ff2111,9928e9a1-d9fc-5fdd-86c2-8909352fd7fe,botica,d6f21f11-7533-52dd-a4dc-2fb8e260c02c,LT-000005-202604-4169,2029-04-03,103,a6f6d890-1609-53fc-b4a6-5733ccc9d078
4f1efc43-b639-52b9-9e20-f3b0eddd8d21,e8aeb018-f679-5670-b210-de4f62ff2111,2eb3a104-e572-583a-afa0-156ee0dc4cce,botica,8ecedccf-c230-516b-bbc2-108f7a6fbe63,LT-000019-202604-4170,2026-10-27,168,c6617891-56ff-5690-89a4-1ece06685ff5
720172b4-010c-5d13-b440-e6dd1d977c85,e8aeb018-f679-5670-b210-de4f62ff2111,94e18241-54bd-5516-b36f-94ab6e323aca,botica,7fb983e8-6848-5425-97a2-14da72722d0f,LT-000013-202604-4171,2027-08-01,73,ab4a547f-e75d-5601-8171-00da4efa4b57
3461b4a6-c3f3-5e36-9565-f15663c1df99,e8aeb018-f679-5670-b210-de4f62ff2111,d0ae6d2d-e561-56b3-a2c1-113c1c56ae81,botica,7fb983e8-6848-5425-97a2-14da72722d0f,LT-000021-202604-4172,2026-11-22,121,76d6c9f4-5d7d-53c0-bb1f-2a577383765a
7c20dc9a-3011-54db-9e38-19cbb1bce0bc,e8aeb018-f679-5670-b210-de4f62ff2111,012857cc-907f-5e7d-b8fb-796d2c9f1621,botica,26f7241d-a84e-5e4a-a43d-33eea1e54eea,LT-000028-202604-4173,2028-08-14,40,ab4a547f-e75d-5601-8171-00da4efa4b57
47adcdec-66df-5d6d-9efb-e416ce3c3c06,e8aeb018-f679-5670-b210-de4f62ff2111,c0cf5e5c-b5c9-585a-8e79-d9830bc954f6,botica,43616d97-2221-569d-82eb-bcc14bcd6344,LT-000011-202604-4174,2027-10-15,52,76d6c9f4-5d7d-53c0-bb1f-2a577383765a
1b51e1e3-ba63-5df2-b16d-14131ee046c7,e8aeb018-f679-5670-b210-de4f62ff2111,1e9605fd-5682-52b6-8f05-e8a92dd44513,botica,43616d97-2221-569d-82eb-bcc14bcd6344,LT-000030-202604-4175,2026-11-14,56,a6f6d890-1609-53fc-b4a6-5733ccc9d078
a1d5ee3d-57d5-51f0-b49f-3e7b5160e153,e8aeb018-f679-5670-b210-de4f62ff2111,2082733c-4e17-51fe-bc8c-bf33d3ec5d7e,botica,d6f21f11-7533-52dd-a4dc-2fb8e260c02c,LT-000016-202604-4176,2027-11-09,87,76d6c9f4-5d7d-53c0-bb1f-2a577383765a
f596eee9-49ce-55c6-9938-e5de792e123d,e8aeb018-f679-5670-b210-de4f62ff2111,4d9429b6-2ebf-5b5d-ac48-f779d5a1e270,botica,43616d97-2221-569d-82eb-bcc14bcd6344,LT-000010-202604-4177,2028-06-14,24,a6f6d890-1609-53fc-b4a6-5733ccc9d078
07823bc6-295e-57ae-9141-01b5b44f607e,e8aeb018-f679-5670-b210-de4f62ff2111,87b859e0-789a-56e6-b1ba-4fe76221d3bf,botica,43616d97-2221-569d-82eb-bcc14bcd6344,LT-000014-202604-4178,2027-06-04,79,c6617891-56ff-5690-89a4-1ece06685ff5
c2fd8259-0051-50a0-971e-68499f7660c6,e8aeb018-f679-5670-b210-de4f62ff2111,9928e9a1-d9fc-5fdd-86c2-8909352fd7fe,botica,7fb983e8-6848-5425-97a2-14da72722d0f,LT-000005-202604-4179,2028-09-12,106,a6f6d890-1609-53fc-b4a6-5733ccc9d078
368dec5b-ba86-59b3-83a8-781c8f322ced,e8aeb018-f679-5670-b210-de4f62ff2111,38adf7ba-476e-5e6b-9163-781a13538253,botica,7fb983e8-6848-5425-97a2-14da72722d0f,LT-000012-202604-4180,2027-04-23,157,41cb90d0-d91a-57c2-b138-831be351479f
f95a2cfd-5f94-554b-86df-4587e3f308fa,e8aeb018-f679-5670-b210-de4f62ff2111,1ca3438e-9e23-58f0-a35f-f15f7a23beb9,botica,7fb983e8-6848-5425-97a2-14da72722d0f,LT-000024-202604-4181,2027-06-17,40,c6617891-56ff-5690-89a4-1ece06685ff5
daacdd99-d03f-5374-888c-3722417c7b72,e8aeb018-f679-5670-b210-de4f62ff2111,2082733c-4e17-51fe-bc8c-bf33d3ec5d7e,botica,26f7241d-a84e-5e4a-a43d-33eea1e54eea,LT-000016-202604-4182,2029-03-20,99,76d6c9f4-5d7d-53c0-bb1f-2a577383765a
6253c05a-36e3-546a-986d-adb5046210d8,e8aeb018-f679-5670-b210-de4f62ff2111,d9506935-1215-5499-93c0-8bdd86ab9418,botica,26f7241d-a84e-5e4a-a43d-33eea1e54eea,LT-000029-202604-4183,2028-06-30,72,c6617891-56ff-5690-89a4-1ece06685ff5
d0d7c223-890f-5a05-8bfd-003cd99448e9,e8aeb018-f679-5670-b210-de4f62ff2111,d3961f5a-3ea7-53d3-89f4-78b65b0c0c6b,botica,d6f21f11-7533-52dd-a4dc-2fb8e260c02c,LT-000001-202604-4184,2027-09-03,253,76d6c9f4-5d7d-53c0-bb1f-2a577383765a
a804437c-db00-5189-a203-a7d5a05509a1,e8aeb018-f679-5670-b210-de4f62ff2111,cd81184b-b6f1-563c-b463-36a69ddfb598,botica,d6f21f11-7533-52dd-a4dc-2fb8e260c02c,LT-000026-202604-4185,2029-01-18,220,76d6c9f4-5d7d-53c0-bb1f-2a577383765a
fcc513e4-c576-5d92-bb7b-72adf8755f07,e8aeb018-f679-5670-b210-de4f62ff2111,012857cc-907f-5e7d-b8fb-796d2c9f1621,botica,d6f21f11-7533-52dd-a4dc-2fb8e260c02c,LT-000028-202604-4186,2027-01-23,130,ab4a547f-e75d-5601-8171-00da4efa4b57
ff8cac31-9a08-5a8e-a63e-d0001c31d3be,e8aeb018-f679-5670-b210-de4f62ff2111,042e2e80-f954-5df4-97be-29dd428cc598,botica,8ecedccf-c230-516b-bbc2-108f7a6fbe63,LT-000004-202604-4187,2026-10-19,36,c6617891-56ff-5690-89a4-1ece06685ff5
49111950-3e4f-583e-aee3-5b5ffa1a9800,e8aeb018-f679-5670-b210-de4f62ff2111,2082733c-4e17-51fe-bc8c-bf33d3ec5d7e,botica,8ecedccf-c230-516b-bbc2-108f7a6fbe63,LT-000016-202604-4188,2028-07-18,90,76d6c9f4-5d7d-53c0-bb1f-2a577383765a
1e652735-03c1-5f3b-8633-709f58534e95,e8aeb018-f679-5670-b210-de4f62ff2111,97d26d91-c562-5f27-9ebd-285e89c8f4bf,botica,26f7241d-a84e-5e4a-a43d-33eea1e54eea,LT-000018-202604-4189,2028-06-14,132,ab4a547f-e75d-5601-8171-00da4efa4b57
21517b12-3ed0-56f2-9218-0d424ccd5263,e8aeb018-f679-5670-b210-de4f62ff2111,5bbfdec8-65ae-59e6-b211-5eccb5b765fa,botica,43616d97-2221-569d-82eb-bcc14bcd6344,LT-000006-202604-4190,2028-11-27,66,76d6c9f4-5d7d-53c0-bb1f-2a577383765a
17392f54-5aa9-58fc-afc9-2cd279700a88,e8aeb018-f679-5670-b210-de4f62ff2111,d2f08f15-f9f2-5f65-a740-b05896774467,botica,8ecedccf-c230-516b-bbc2-108f7a6fbe63,LT-000017-202604-4191,2027-12-28,129,41cb90d0-d91a-57c2-b138-831be351479f
427462ae-b218-5540-955b-9b8a2e12c511,e8aeb018-f679-5670-b210-de4f62ff2111,d3961f5a-3ea7-53d3-89f4-78b65b0c0c6b,botica,43616d97-2221-569d-82eb-bcc14bcd6344,LT-000001-202604-4192,2028-04-25,295,76d6c9f4-5d7d-53c0-bb1f-2a577383765a
1e7480cb-16e9-5f7f-8bfa-4244efb3e54b,e8aeb018-f679-5670-b210-de4f62ff2111,2933d8b7-2438-521b-b38d-d3a5224f87fc,botica,43616d97-2221-569d-82eb-bcc14bcd6344,LT-000002-202604-4193,2028-10-30,99,41cb90d0-d91a-57c2-b138-831be351479f
efce8cb3-59a1-532f-ba3a-00d881c1c7f0,e8aeb018-f679-5670-b210-de4f62ff2111,2eb3a104-e572-583a-afa0-156ee0dc4cce,botica,d6f21f11-7533-52dd-a4dc-2fb8e260c02c,LT-000019-202604-4194,2028-05-22,151,c6617891-56ff-5690-89a4-1ece06685ff5
dc55ea0d-f1e9-5dbd-9875-8e20de0eb6e5,e8aeb018-f679-5670-b210-de4f62ff2111,2897aac2-f219-5167-b800-73fac27f6b85,botica,d6f21f11-7533-52dd-a4dc-2fb8e260c02c,LT-000022-202604-4195,2026-10-24,51,41cb90d0-d91a-57c2-b138-831be351479f
e95ea742-8181-5945-8635-a22d7b6e070c,e8aeb018-f679-5670-b210-de4f62ff2111,6baabed2-52d7-5cb7-bf74-86c7cb3e4f07,botica,7fb983e8-6848-5425-97a2-14da72722d0f,LT-000027-202604-4196,2028-03-06,201,41cb90d0-d91a-57c2-b138-831be351479f
6be5dc3a-1fdc-569e-bb45-8b351a055a2b,e8aeb018-f679-5670-b210-de4f62ff2111,4d9429b6-2ebf-5b5d-ac48-f779d5a1e270,botica,26f7241d-a84e-5e4a-a43d-33eea1e54eea,LT-000010-202604-4197,2029-03-26,71,a6f6d890-1609-53fc-b4a6-5733ccc9d078
49d8c7dd-4088-5a90-af03-8dae5f59b078,e8aeb018-f679-5670-b210-de4f62ff2111,1ca3438e-9e23-58f0-a35f-f15f7a23beb9,botica,26f7241d-a84e-5e4a-a43d-33eea1e54eea,LT-000024-202604-4198,2027-02-27,116,c6617891-56ff-5690-89a4-1ece06685ff5
62c5f3df-40e3-50ea-bda9-10c25275194d,e8aeb018-f679-5670-b210-de4f62ff2111,2897aac2-f219-5167-b800-73fac27f6b85,botica,43616d97-2221-569d-82eb-bcc14bcd6344,LT-000022-202604-4199,2027-08-10,87,41cb90d0-d91a-57c2-b138-831be351479f
a5788c8a-5ec8-5938-b89d-e0fc0b624788,e8aeb018-f679-5670-b210-de4f62ff2111,82cd11ba-d1a0-58b1-b14f-edd741f36e87,botica,8ecedccf-c230-516b-bbc2-108f7a6fbe63,LT-000007-202604-4200,2028-10-06,178,41cb90d0-d91a-57c2-b138-831be351479f
f6e1d372-880c-562c-bb50-0dbb3fa82a5b,e8aeb018-f679-5670-b210-de4f62ff2111,d3961f5a-3ea7-53d3-89f4-78b65b0c0c6b,botica,26f7241d-a84e-5e4a-a43d-33eea1e54eea,LT-000001-202604-4201,2028-05-25,371,76d6c9f4-5d7d-53c0-bb1f-2a577383765a
0bf89b72-b948-5657-aa0e-88e40283e1a3,e8aeb018-f679-5670-b210-de4f62ff2111,d0ae6d2d-e561-56b3-a2c1-113c1c56ae81,botica,43616d97-2221-569d-82eb-bcc14bcd6344,LT-000021-202604-4202,2026-12-20,100,76d6c9f4-5d7d-53c0-bb1f-2a577383765a
89e94b8d-9628-5c84-bdd1-66aa42da330f,e8aeb018-f679-5670-b210-de4f62ff2111,042e2e80-f954-5df4-97be-29dd428cc598,botica,d6f21f11-7533-52dd-a4dc-2fb8e260c02c,LT-000004-202604-4203,2028-05-14,138,c6617891-56ff-5690-89a4-1ece06685ff5
62114456-ba31-55ac-a896-11723d5d4b0d,e8aeb018-f679-5670-b210-de4f62ff2111,97d26d91-c562-5f27-9ebd-285e89c8f4bf,botica,d6f21f11-7533-52dd-a4dc-2fb8e260c02c,LT-000018-202604-4204,2029-04-08,371,ab4a547f-e75d-5601-8171-00da4efa4b57
0d8fcfb5-71a4-5fb2-90cc-70fdfd25d8e9,e8aeb018-f679-5670-b210-de4f62ff2111,1e9605fd-5682-52b6-8f05-e8a92dd44513,botica,26f7241d-a84e-5e4a-a43d-33eea1e54eea,LT-000030-202604-4205,2027-12-02,79,a6f6d890-1609-53fc-b4a6-5733ccc9d078
1533f754-ee7a-5f89-b390-f1b19dc4c9a5,e8aeb018-f679-5670-b210-de4f62ff2111,2933d8b7-2438-521b-b38d-d3a5224f87fc,botica,7fb983e8-6848-5425-97a2-14da72722d0f,LT-000002-202604-4206,2027-03-23,115,41cb90d0-d91a-57c2-b138-831be351479f
3e6d77ce-c8bf-5cee-bdbc-bf6ac1fc777d,e8aeb018-f679-5670-b210-de4f62ff2111,042e2e80-f954-5df4-97be-29dd428cc598,botica,7fb983e8-6848-5425-97a2-14da72722d0f,LT-000004-202604-4207,2028-06-01,178,c6617891-56ff-5690-89a4-1ece06685ff5
ac1c8fa5-4b9c-5aec-8520-4297e74ab290,e8aeb018-f679-5670-b210-de4f62ff2111,5bbfdec8-65ae-59e6-b211-5eccb5b765fa,botica,7fb983e8-6848-5425-97a2-14da72722d0f,LT-000006-202604-4208,2029-03-24,158,76d6c9f4-5d7d-53c0-bb1f-2a577383765a
3def7bad-d42b-5cac-b726-b8334e2c6937,e8aeb018-f679-5670-b210-de4f62ff2111,22231140-3780-5fe8-a7d4-d33f61d15111,botica,7fb983e8-6848-5425-97a2-14da72722d0f,LT-000023-202604-4209,2027-09-20,66,ab4a547f-e75d-5601-8171-00da4efa4b57
b77931e5-4d1e-5a60-9353-812cc9e9048a,e8aeb018-f679-5670-b210-de4f62ff2111,94e18241-54bd-5516-b36f-94ab6e323aca,botica,43616d97-2221-569d-82eb-bcc14bcd6344,LT-000013-202604-4210,2026-12-26,82,ab4a547f-e75d-5601-8171-00da4efa4b57
740bb8cb-0fd1-5631-801c-0f60f23cee80,e8aeb018-f679-5670-b210-de4f62ff2111,82cd11ba-d1a0-58b1-b14f-edd741f36e87,botica,d6f21f11-7533-52dd-a4dc-2fb8e260c02c,LT-000007-202604-4211,2028-07-01,120,41cb90d0-d91a-57c2-b138-831be351479f
49779131-4c32-5b8c-9107-858115b5a76e,e8aeb018-f679-5670-b210-de4f62ff2111,07371b94-955f-52a4-9bf9-f0a6ad2b4fa8,botica,d6f21f11-7533-52dd-a4dc-2fb8e260c02c,LT-000008-202604-4212,2027-05-30,182,ab4a547f-e75d-5601-8171-00da4efa4b57
05b24ec7-60fe-5c32-83e3-74b86ce1fb26,e8aeb018-f679-5670-b210-de4f62ff2111,6baabed2-52d7-5cb7-bf74-86c7cb3e4f07,botica,d6f21f11-7533-52dd-a4dc-2fb8e260c02c,LT-000027-202604-4213,2027-02-08,230,41cb90d0-d91a-57c2-b138-831be351479f
896f47b3-d411-5fa6-88d3-a598e627e35a,e8aeb018-f679-5670-b210-de4f62ff2111,c0cf5e5c-b5c9-585a-8e79-d9830bc954f6,botica,7fb983e8-6848-5425-97a2-14da72722d0f,LT-000011-202604-4214,2026-11-12,87,76d6c9f4-5d7d-53c0-bb1f-2a577383765a
b765516a-9307-5794-827c-806a9aa12efd,e8aeb018-f679-5670-b210-de4f62ff2111,983871db-adfb-543e-b438-6b00044ffb64,botica,26f7241d-a84e-5e4a-a43d-33eea1e54eea,LT-000015-202604-4215,2028-05-12,318,a6f6d890-1609-53fc-b4a6-5733ccc9d078
22d49112-f1e2-5dc2-8203-09a845df3ca1,e8aeb018-f679-5670-b210-de4f62ff2111,d2f08f15-f9f2-5f65-a740-b05896774467,botica,26f7241d-a84e-5e4a-a43d-33eea1e54eea,LT-000017-202604-4216,2028-04-11,144,41cb90d0-d91a-57c2-b138-831be351479f
e6f2af2d-df91-540b-b402-cfa7061f3ad7,e8aeb018-f679-5670-b210-de4f62ff2111,cd81184b-b6f1-563c-b463-36a69ddfb598,botica,26f7241d-a84e-5e4a-a43d-33eea1e54eea,LT-000026-202604-4217,2029-03-16,356,76d6c9f4-5d7d-53c0-bb1f-2a577383765a
d125a05e-0945-5b05-951f-c3a890389de1,e8aeb018-f679-5670-b210-de4f62ff2111,afe9d181-1c64-5cca-b4b7-a9fa24eceeea,botica,d6f21f11-7533-52dd-a4dc-2fb8e260c02c,LT-000020-202604-4218,2028-09-03,158,a6f6d890-1609-53fc-b4a6-5733ccc9d078
1dd800ad-40c4-5f26-a919-4a04d4c4f54e,e8aeb018-f679-5670-b210-de4f62ff2111,d9506935-1215-5499-93c0-8bdd86ab9418,botica,8ecedccf-c230-516b-bbc2-108f7a6fbe63,LT-000029-202604-4219,2028-10-22,48,c6617891-56ff-5690-89a4-1ece06685ff5
9134723c-d302-56ff-a923-5ed9473db468,e8aeb018-f679-5670-b210-de4f62ff2111,2082733c-4e17-51fe-bc8c-bf33d3ec5d7e,botica,7fb983e8-6848-5425-97a2-14da72722d0f,LT-000016-202604-4220,2028-02-22,111,76d6c9f4-5d7d-53c0-bb1f-2a577383765a
5cd3e432-660f-5890-9783-61f3c9f049b5,e8aeb018-f679-5670-b210-de4f62ff2111,6d807393-f4ab-5f76-b544-251eeda27ba3,botica,26f7241d-a84e-5e4a-a43d-33eea1e54eea,LT-000003-202605-4221,2028-03-21,106,ab4a547f-e75d-5601-8171-00da4efa4b57
959e6a6a-f674-5ff0-b346-75ac93dd7aab,e8aeb018-f679-5670-b210-de4f62ff2111,22231140-3780-5fe8-a7d4-d33f61d15111,botica,26f7241d-a84e-5e4a-a43d-33eea1e54eea,LT-000023-202605-4222,2028-01-10,103,ab4a547f-e75d-5601-8171-00da4efa4b57
4b9202d5-4585-5a56-8e70-02cf516a9949,e8aeb018-f679-5670-b210-de4f62ff2111,38adf7ba-476e-5e6b-9163-781a13538253,botica,43616d97-2221-569d-82eb-bcc14bcd6344,LT-000012-202605-4223,2027-06-23,162,41cb90d0-d91a-57c2-b138-831be351479f
97d52d26-712a-5dec-98f9-48e005a87990,e8aeb018-f679-5670-b210-de4f62ff2111,d2f08f15-f9f2-5f65-a740-b05896774467,botica,d6f21f11-7533-52dd-a4dc-2fb8e260c02c,LT-000017-202605-4224,2027-07-10,247,41cb90d0-d91a-57c2-b138-831be351479f
7bf819ed-2a71-5d4c-8e9c-39b4ad43ec49,e8aeb018-f679-5670-b210-de4f62ff2111,9928e9a1-d9fc-5fdd-86c2-8909352fd7fe,botica,8ecedccf-c230-516b-bbc2-108f7a6fbe63,LT-000005-202605-4225,2027-08-08,151,a6f6d890-1609-53fc-b4a6-5733ccc9d078
50489923-7a97-55cf-939e-a6eb0a329254,e8aeb018-f679-5670-b210-de4f62ff2111,2eb3a104-e572-583a-afa0-156ee0dc4cce,botica,43616d97-2221-569d-82eb-bcc14bcd6344,LT-000019-202605-4226,2028-03-17,226,c6617891-56ff-5690-89a4-1ece06685ff5
2c3edcb9-c9e1-556b-a954-f1d2379f44d6,e8aeb018-f679-5670-b210-de4f62ff2111,5bbfdec8-65ae-59e6-b211-5eccb5b765fa,botica,d6f21f11-7533-52dd-a4dc-2fb8e260c02c,LT-000006-202605-4227,2028-05-22,315,76d6c9f4-5d7d-53c0-bb1f-2a577383765a
6e0386f8-3c81-53ab-9333-16fa1b211ead,e8aeb018-f679-5670-b210-de4f62ff2111,38adf7ba-476e-5e6b-9163-781a13538253,botica,d6f21f11-7533-52dd-a4dc-2fb8e260c02c,LT-000012-202605-4228,2028-06-25,211,41cb90d0-d91a-57c2-b138-831be351479f
8a40f103-0412-5a04-8e24-d494174dbc1d,e8aeb018-f679-5670-b210-de4f62ff2111,07371b94-955f-52a4-9bf9-f0a6ad2b4fa8,botica,8ecedccf-c230-516b-bbc2-108f7a6fbe63,LT-000008-202605-4229,2027-09-14,201,ab4a547f-e75d-5601-8171-00da4efa4b57
5ce87be9-2862-5993-acd6-93ae41d225c2,e8aeb018-f679-5670-b210-de4f62ff2111,058c6382-bde2-59d1-93ff-20c6161a4736,botica,8ecedccf-c230-516b-bbc2-108f7a6fbe63,LT-000009-202605-4230,2029-03-07,139,c6617891-56ff-5690-89a4-1ece06685ff5
fdcf76fa-7f3c-5102-bbfb-324987820430,e8aeb018-f679-5670-b210-de4f62ff2111,afe9d181-1c64-5cca-b4b7-a9fa24eceeea,botica,8ecedccf-c230-516b-bbc2-108f7a6fbe63,LT-000020-202605-4231,2027-12-05,308,a6f6d890-1609-53fc-b4a6-5733ccc9d078
4718ef86-4793-5339-835a-8fc4ac67fcbd,e8aeb018-f679-5670-b210-de4f62ff2111,cd81184b-b6f1-563c-b463-36a69ddfb598,botica,8ecedccf-c230-516b-bbc2-108f7a6fbe63,LT-000026-202605-4232,2028-03-25,365,76d6c9f4-5d7d-53c0-bb1f-2a577383765a
d9447105-42c5-5394-ae39-3f5bef353dab,e8aeb018-f679-5670-b210-de4f62ff2111,07371b94-955f-52a4-9bf9-f0a6ad2b4fa8,botica,7fb983e8-6848-5425-97a2-14da72722d0f,LT-000008-202605-4233,2027-05-04,193,ab4a547f-e75d-5601-8171-00da4efa4b57
6a6a81d2-18dc-5a0a-a570-e87c7370795f,e8aeb018-f679-5670-b210-de4f62ff2111,983871db-adfb-543e-b438-6b00044ffb64,botica,7fb983e8-6848-5425-97a2-14da72722d0f,LT-000015-202605-4234,2028-10-08,528,a6f6d890-1609-53fc-b4a6-5733ccc9d078
ba4ee538-a8a1-597a-a3c1-3fb29fb37b26,e8aeb018-f679-5670-b210-de4f62ff2111,07371b94-955f-52a4-9bf9-f0a6ad2b4fa8,botica,26f7241d-a84e-5e4a-a43d-33eea1e54eea,LT-000008-202605-4235,2027-09-08,51,ab4a547f-e75d-5601-8171-00da4efa4b57
c918ff5b-7ff8-58f2-a46f-1dd04234ea55,e8aeb018-f679-5670-b210-de4f62ff2111,058c6382-bde2-59d1-93ff-20c6161a4736,botica,26f7241d-a84e-5e4a-a43d-33eea1e54eea,LT-000009-202605-4236,2029-04-24,137,c6617891-56ff-5690-89a4-1ece06685ff5
e7a7d136-ae78-5e9f-be52-3bd658dc3300,e8aeb018-f679-5670-b210-de4f62ff2111,9928e9a1-d9fc-5fdd-86c2-8909352fd7fe,botica,43616d97-2221-569d-82eb-bcc14bcd6344,LT-000005-202605-4237,2028-12-31,194,a6f6d890-1609-53fc-b4a6-5733ccc9d078
4b623ab3-4380-50e3-8f06-6c0fc43aae37,e8aeb018-f679-5670-b210-de4f62ff2111,2897aac2-f219-5167-b800-73fac27f6b85,botica,8ecedccf-c230-516b-bbc2-108f7a6fbe63,LT-000022-202605-4238,2029-01-30,104,41cb90d0-d91a-57c2-b138-831be351479f
dc78c953-7cf9-5133-a541-1c555759c842,e8aeb018-f679-5670-b210-de4f62ff2111,1e9605fd-5682-52b6-8f05-e8a92dd44513,botica,8ecedccf-c230-516b-bbc2-108f7a6fbe63,LT-000030-202605-4239,2028-06-13,71,a6f6d890-1609-53fc-b4a6-5733ccc9d078
422a54c5-e29a-513c-bfd5-9a09bcba0a89,e8aeb018-f679-5670-b210-de4f62ff2111,6d807393-f4ab-5f76-b544-251eeda27ba3,botica,7fb983e8-6848-5425-97a2-14da72722d0f,LT-000003-202605-4240,2028-02-25,275,ab4a547f-e75d-5601-8171-00da4efa4b57
c253d9af-ba2b-5987-b39a-9d5c9fda648c,e8aeb018-f679-5670-b210-de4f62ff2111,2933d8b7-2438-521b-b38d-d3a5224f87fc,botica,26f7241d-a84e-5e4a-a43d-33eea1e54eea,LT-000002-202605-4241,2029-04-19,228,41cb90d0-d91a-57c2-b138-831be351479f
b1483403-692d-55f3-9e5b-36fe04b50d4d,e8aeb018-f679-5670-b210-de4f62ff2111,2082733c-4e17-51fe-bc8c-bf33d3ec5d7e,botica,43616d97-2221-569d-82eb-bcc14bcd6344,LT-000016-202605-4242,2027-11-14,223,76d6c9f4-5d7d-53c0-bb1f-2a577383765a
73c0a202-5406-5d5f-a5ae-73ee1879ca83,e8aeb018-f679-5670-b210-de4f62ff2111,afe9d181-1c64-5cca-b4b7-a9fa24eceeea,botica,43616d97-2221-569d-82eb-bcc14bcd6344,LT-000020-202605-4243,2027-02-19,297,a6f6d890-1609-53fc-b4a6-5733ccc9d078
aedec907-6c4f-56bd-b2c5-291e7314129b,e8aeb018-f679-5670-b210-de4f62ff2111,d0ae6d2d-e561-56b3-a2c1-113c1c56ae81,botica,d6f21f11-7533-52dd-a4dc-2fb8e260c02c,LT-000021-202605-4244,2028-03-29,199,76d6c9f4-5d7d-53c0-bb1f-2a577383765a
cbe7918b-4753-596f-a2e8-41d2b41ce24e,e8aeb018-f679-5670-b210-de4f62ff2111,cd81184b-b6f1-563c-b463-36a69ddfb598,botica,43616d97-2221-569d-82eb-bcc14bcd6344,LT-000026-202605-4245,2028-02-16,340,76d6c9f4-5d7d-53c0-bb1f-2a577383765a
634f4f37-ee97-5a39-b9bd-475bc828ebd0,e8aeb018-f679-5670-b210-de4f62ff2111,012857cc-907f-5e7d-b8fb-796d2c9f1621,botica,43616d97-2221-569d-82eb-bcc14bcd6344,LT-000028-202605-4246,2029-03-12,258,ab4a547f-e75d-5601-8171-00da4efa4b57
8ce7b474-d160-5c78-8349-b5e80085990c,e8aeb018-f679-5670-b210-de4f62ff2111,0ec23038-d3ab-588c-bbd6-1f5c744cdde1,botica,d6f21f11-7533-52dd-a4dc-2fb8e260c02c,LT-000025-202605-4247,2028-12-21,545,a6f6d890-1609-53fc-b4a6-5733ccc9d078
8bdf9151-2d26-5046-bc8e-330ffa6b4b5a,e8aeb018-f679-5670-b210-de4f62ff2111,5bbfdec8-65ae-59e6-b211-5eccb5b765fa,botica,8ecedccf-c230-516b-bbc2-108f7a6fbe63,LT-000006-202605-4248,2028-12-26,337,76d6c9f4-5d7d-53c0-bb1f-2a577383765a
a4f6713f-31fd-5749-88f1-c54f05d8e725,e8aeb018-f679-5670-b210-de4f62ff2111,9928e9a1-d9fc-5fdd-86c2-8909352fd7fe,botica,26f7241d-a84e-5e4a-a43d-33eea1e54eea,LT-000005-202605-4249,2028-04-28,293,a6f6d890-1609-53fc-b4a6-5733ccc9d078
c26561f4-aa2f-503c-ac96-bc48ebba8624,e8aeb018-f679-5670-b210-de4f62ff2111,afe9d181-1c64-5cca-b4b7-a9fa24eceeea,botica,26f7241d-a84e-5e4a-a43d-33eea1e54eea,LT-000020-202605-4250,2028-01-24,193,a6f6d890-1609-53fc-b4a6-5733ccc9d078
269c59cc-b680-55d1-bbbd-5365980a8733,e8aeb018-f679-5670-b210-de4f62ff2111,6baabed2-52d7-5cb7-bf74-86c7cb3e4f07,botica,26f7241d-a84e-5e4a-a43d-33eea1e54eea,LT-000027-202605-4251,2028-02-14,267,41cb90d0-d91a-57c2-b138-831be351479f
88ec6408-a65b-54f8-9e34-e0ab9c4e6036,e8aeb018-f679-5670-b210-de4f62ff2111,d3961f5a-3ea7-53d3-89f4-78b65b0c0c6b,botica,8ecedccf-c230-516b-bbc2-108f7a6fbe63,LT-000001-202605-4252,2027-07-23,465,76d6c9f4-5d7d-53c0-bb1f-2a577383765a
c0e3f239-2627-598b-af9f-a0ee224ff42e,e8aeb018-f679-5670-b210-de4f62ff2111,2933d8b7-2438-521b-b38d-d3a5224f87fc,botica,8ecedccf-c230-516b-bbc2-108f7a6fbe63,LT-000002-202605-4253,2026-11-30,222,41cb90d0-d91a-57c2-b138-831be351479f
cfb905b3-e039-527d-b662-c8458a108690,e8aeb018-f679-5670-b210-de4f62ff2111,6d807393-f4ab-5f76-b544-251eeda27ba3,botica,8ecedccf-c230-516b-bbc2-108f7a6fbe63,LT-000003-202605-4254,2028-06-07,481,ab4a547f-e75d-5601-8171-00da4efa4b57
3c4ef986-2390-5642-83f0-367e2ae4b49e,e8aeb018-f679-5670-b210-de4f62ff2111,1ca3438e-9e23-58f0-a35f-f15f7a23beb9,botica,8ecedccf-c230-516b-bbc2-108f7a6fbe63,LT-000024-202605-4255,2029-04-22,221,c6617891-56ff-5690-89a4-1ece06685ff5
db6c2930-44b7-56ab-844f-84fd9f65fc46,e8aeb018-f679-5670-b210-de4f62ff2111,012857cc-907f-5e7d-b8fb-796d2c9f1621,botica,8ecedccf-c230-516b-bbc2-108f7a6fbe63,LT-000028-202605-4256,2028-11-30,275,ab4a547f-e75d-5601-8171-00da4efa4b57
ca5c23b3-32e6-56d0-8ac6-69b22a1e0de9,e8aeb018-f679-5670-b210-de4f62ff2111,82cd11ba-d1a0-58b1-b14f-edd741f36e87,botica,43616d97-2221-569d-82eb-bcc14bcd6344,LT-000007-202605-4257,2028-04-24,282,41cb90d0-d91a-57c2-b138-831be351479f
cf60d297-4010-5c60-9c8f-24301a546e19,e8aeb018-f679-5670-b210-de4f62ff2111,07371b94-955f-52a4-9bf9-f0a6ad2b4fa8,botica,43616d97-2221-569d-82eb-bcc14bcd6344,LT-000008-202605-4258,2027-04-08,291,ab4a547f-e75d-5601-8171-00da4efa4b57
b2dcd79b-8074-52cf-8c94-5acacddb3c4e,e8aeb018-f679-5670-b210-de4f62ff2111,983871db-adfb-543e-b438-6b00044ffb64,botica,43616d97-2221-569d-82eb-bcc14bcd6344,LT-000015-202605-4259,2027-03-19,417,a6f6d890-1609-53fc-b4a6-5733ccc9d078
1cba5edc-9ff7-51c7-874c-4953a1791528,e8aeb018-f679-5670-b210-de4f62ff2111,4d9429b6-2ebf-5b5d-ac48-f779d5a1e270,botica,7fb983e8-6848-5425-97a2-14da72722d0f,LT-000010-202605-4260,2028-05-20,123,a6f6d890-1609-53fc-b4a6-5733ccc9d078
4ed0ce70-da0e-5f8b-8e69-5dbb6791a5f4,e8aeb018-f679-5670-b210-de4f62ff2111,5bbfdec8-65ae-59e6-b211-5eccb5b765fa,botica,26f7241d-a84e-5e4a-a43d-33eea1e54eea,LT-000006-202605-4261,2027-12-04,250,76d6c9f4-5d7d-53c0-bb1f-2a577383765a
eb65de3d-58d4-5f40-b398-f5cd232148ed,e8aeb018-f679-5670-b210-de4f62ff2111,94e18241-54bd-5516-b36f-94ab6e323aca,botica,26f7241d-a84e-5e4a-a43d-33eea1e54eea,LT-000013-202605-4262,2027-07-28,262,ab4a547f-e75d-5601-8171-00da4efa4b57
e4dadfd8-93a9-5282-adc1-8592a32c12bb,e8aeb018-f679-5670-b210-de4f62ff2111,d2f08f15-f9f2-5f65-a740-b05896774467,botica,43616d97-2221-569d-82eb-bcc14bcd6344,LT-000017-202605-4263,2029-02-22,288,41cb90d0-d91a-57c2-b138-831be351479f
a5bf4d24-c98f-5cf9-87ee-fb7e35d6e7dc,e8aeb018-f679-5670-b210-de4f62ff2111,6baabed2-52d7-5cb7-bf74-86c7cb3e4f07,botica,43616d97-2221-569d-82eb-bcc14bcd6344,LT-000027-202605-4264,2027-04-27,239,41cb90d0-d91a-57c2-b138-831be351479f
e2c7e410-f760-58a1-871a-7ea9268d45f5,e8aeb018-f679-5670-b210-de4f62ff2111,94e18241-54bd-5516-b36f-94ab6e323aca,botica,8ecedccf-c230-516b-bbc2-108f7a6fbe63,LT-000013-202605-4265,2027-08-14,210,ab4a547f-e75d-5601-8171-00da4efa4b57
30c01feb-ad52-5c4a-9ec4-6728f4264f3b,e8aeb018-f679-5670-b210-de4f62ff2111,2897aac2-f219-5167-b800-73fac27f6b85,botica,7fb983e8-6848-5425-97a2-14da72722d0f,LT-000022-202605-4266,2028-01-19,160,41cb90d0-d91a-57c2-b138-831be351479f
d5cda51a-d1a7-570a-a9d2-e6eda92713a1,e8aeb018-f679-5670-b210-de4f62ff2111,042e2e80-f954-5df4-97be-29dd428cc598,botica,26f7241d-a84e-5e4a-a43d-33eea1e54eea,LT-000004-202605-4267,2028-11-07,263,c6617891-56ff-5690-89a4-1ece06685ff5
bef4f798-24da-58a8-8912-e6a0024f874e,e8aeb018-f679-5670-b210-de4f62ff2111,82cd11ba-d1a0-58b1-b14f-edd741f36e87,botica,26f7241d-a84e-5e4a-a43d-33eea1e54eea,LT-000007-202605-4268,2028-11-04,340,41cb90d0-d91a-57c2-b138-831be351479f
966a1918-05af-51ce-b952-574cdf69d5a5,e8aeb018-f679-5670-b210-de4f62ff2111,2eb3a104-e572-583a-afa0-156ee0dc4cce,botica,26f7241d-a84e-5e4a-a43d-33eea1e54eea,LT-000019-202605-4269,2028-11-04,324,c6617891-56ff-5690-89a4-1ece06685ff5
efb835bb-a617-51bb-bec1-ae283f79d488,e8aeb018-f679-5670-b210-de4f62ff2111,2897aac2-f219-5167-b800-73fac27f6b85,botica,26f7241d-a84e-5e4a-a43d-33eea1e54eea,LT-000022-202605-4270,2029-04-03,152,41cb90d0-d91a-57c2-b138-831be351479f
ba5b44ab-d853-533a-b26e-caf9a08ede28,e8aeb018-f679-5670-b210-de4f62ff2111,1ca3438e-9e23-58f0-a35f-f15f7a23beb9,botica,43616d97-2221-569d-82eb-bcc14bcd6344,LT-000024-202605-4271,2028-02-29,141,c6617891-56ff-5690-89a4-1ece06685ff5
eb1e2ffa-1dc7-5c5d-8c7e-a393f12983b3,e8aeb018-f679-5670-b210-de4f62ff2111,2933d8b7-2438-521b-b38d-d3a5224f87fc,botica,d6f21f11-7533-52dd-a4dc-2fb8e260c02c,LT-000002-202605-4272,2028-12-26,398,41cb90d0-d91a-57c2-b138-831be351479f
3dbd7681-4a43-590f-bf87-53ecf4c7b508,e8aeb018-f679-5670-b210-de4f62ff2111,058c6382-bde2-59d1-93ff-20c6161a4736,botica,7fb983e8-6848-5425-97a2-14da72722d0f,LT-000009-202605-4273,2028-06-09,220,c6617891-56ff-5690-89a4-1ece06685ff5
