id,org_id,producto_id,botica_id,lote_id,fecha_merma,cantidad,motivo
0582ead1-2a4b-5549-be0d-03a6a7a878cf,e8aeb018-f679-5670-b210-de4f62ff2111,6d807393-f4ab-5f76-b544-251eeda27ba3,26f7241d-a84e-5e4a-a43d-33eea1e54eea,4762c206-ca6e-54a9-9fc8-63eea8046c99,2024-01-02T00:00:00,1,Producto vencido o dañado
05407a20-483d-5450-b5ab-b831e88f5116,e8aeb018-f679-5670-b210-de4f62ff2111,1ca3438e-9e23-58f0-a35f-f15f7a23beb9,8ecedccf-c230-516b-bbc2-108f7a6fbe63,85107c73-8697-5403-be76-bce233518878,2024-01-02T00:00:00,3,Producto vencido o dañado
e87e9c36-39fe-57f3-8107-4b9311421482,e8aeb018-f679-5670-b210-de4f62ff2111,6baabed2-52d7-5cb7-bf74-86c7cb3e4f07,8ecedccf-c230-516b-bbc2-108f7a6fbe63,0f681b2b-164a-5a95-9d67-28c333049517,2024-01-03T00:00:00,2,Producto vencido o dañado
09e2836c-982d-53d9-a9f2-014e94877b27,e8aeb018-f679-5670-b210-de4f62ff2111,07371b94-955f-52a4-9bf9-f0a6ad2b4fa8,43616d97-2221-569d-82eb-bcc14bcd6344,d34b1fb3-9259-54b8-a038-eda9b7580343,2024-01-05T00:00:00,2,Producto vencido o dañado
7f4097ca-c4f9-5822-bfd5-0118854e3fe1,e8aeb018-f679-5670-b210-de4f62ff2111,983871db-adfb-543e-b438-6b00044ffb64,d6f21f11-7533-52dd-a4dc-2fb8e260c02c,8e904b71-b0e1-58e1-b876-97743d0a4133,2024-01-05T00:00:00,1,Producto vencido o dañado
fd4f52de-aa03-5af2-ae76-c864534c512f,e8aeb018-f679-5670-b210-de4f62ff2111,1ca3438e-9e23-58f0-a35f-f15f7a23beb9,8ecedccf-c230-516b-bbc2-108f7a6fbe63,85107c73-8697-5403-be76-bce233518878,2024-01-05T00:00:00,1,Producto vencido o dañado
38e3bb84-71c6-59e8-aafa-2d4916ba3fe6,e8aeb018-f679-5670-b210-de4f62ff2111,983871db-adfb-543e-b438-6b00044ffb64,7fb983e8-6848-5425-97a2-14da72722d0f,108047d6-7859-53ab-9313-b802e5739b21,2024-01-08T00:00:00,1,Producto vencido o dañado
cb4a3b06-41b4-5bd6-92ab-4507fc667875,e8aeb018-f679-5670-b210-de4f62ff2111,9928e9a1-d9fc-5fdd-86c2-8909352fd7fe,43616d97-2221-569d-82eb-bcc14bcd6344,21eef348-cddf-5b8e-9cfc-b2fa1b750eb5,2024-01-09T00:00:00,2,Producto vencido o dañado
5eb07511-3358-56ad-8f9e-a9acd778978a,e8aeb018-f679-5670-b210-de4f62ff2111,983871db-adfb-543e-b438-6b00044ffb64,43616d97-2221-569d-82eb-bcc14bcd6344,45622113-f4f1-51b9-b05c-9f62b61ab436,2024-01-09T00:00:00,3,Producto vencido o dañado
527c2497-4fe8-5165-83c2-837154a8f4e9,e8aeb018-f679-5670-b210-de4f62ff2111,82cd11ba-d1a0-58b1-b14f-edd741f36e87,26f7241d-a84e-5e4a-a43d-33eea1e54eea,84dc48b3-dc6c-593a-ab31-c41d9f47ca53,2024-01-10T00:00:00,2,Producto vencido o dañado
634a0f53-cb22-58e0-ab2f-51b9e1d70baf,e8aeb018-f679-5670-b210-de4f62ff2111,d0ae6d2d-e561-56b3-a2c1-113c1c56ae81,26f7241d-a84e-5e4a-a43d-33eea1e54eea,a31f5ef1-0f70-5519-82af-c91d32d9f810,2024-01-10T00:00:00,2,Producto vencido o dañado
014e739c-9558-54e4-9478-2bdda267ad25,e8aeb018-f679-5670-b210-de4f62ff2111,983871db-adfb-543e-b438-6b00044ffb64,26f7241d-a84e-5e4a-a43d-33eea1e54eea,18d07477-8305-5db3-878e-d3c61281f5be,2024-01-11T00:00:00,1,Producto vencido o dañado
45c75f3d-1213-53ca-98a7-4e755b4f6c1a,e8aeb018-f679-5670-b210-de4f62ff2111,d3961f5a-3ea7-53d3-89f4-78b65b0c0c6b,8ecedccf-c230-516b-bbc2-108f7a6fbe63,40dc9c7a-0369-50cf-a7fd-9c06018d8057,2024-01-12T00:00:00,2,Producto vencido o dañado
b6ff56ee-09ce-570e-badb-1a5e73d35539,e8aeb018-f679-5670-b210-de4f62ff2111,afe9d181-1c64-5cca-b4b7-a9fa24eceeea,43616d97-2221-569d-82eb-bcc14bcd6344,7a4fa16f-9f55-5e7d-896c-0758bb5c139b,2024-01-13T00:00:00,3,Producto vencido o dañado
d497f52c-3e32-5b11-af93-5294dde14eeb,e8aeb018-f679-5670-b210-de4f62ff2111,2933d8b7-2438-521b-b38d-d3a5224f87fc,8ecedccf-c230-516b-bbc2-108f7a6fbe63,bf7e7395-72cc-5165-a38b-b70750a707d4,2024-01-13T00:00:00,1,Producto vencido o dañado
7eb9469e-bbb7-5fde-9200-36052d4c6ad8,e8aeb018-f679-5670-b210-de4f62ff2111,042e2e80-f954-5df4-97be-29dd428cc598,7fb983e8-6848-5425-97a2-14da72722d0f,c0beb331-0676-55db-9c10-196e5acfd2fc,2024-01-13T00:00:00,3,Producto vencido o dañado
5793a9fc-15b5-5f9b-93d5-27e74957c6ad,e8aeb018-f679-5670-b210-de4f62ff2111,1e9605fd-5682-52b6-8f05-e8a92dd44513,26f7241d-a84e-5e4a-a43d-33eea1e54eea,8d9950bc-7b32-5c9d-8a5a-7412d8f5c3c1,2024-01-14T00:00:00,3,Producto vencido o dañado
087783c2-6634-5b44-bca5-f02218924dd7,e8aeb018-f679-5670-b210-de4f62ff2111,94e18241-54bd-5516-b36f-94ab6e323aca,d6f21f11-7533-52dd-a4dc-2fb8e260c02c,1ede1152-487d-5075-b1bf-ee60d6ac2b24,2024-01-14T00:00:00,2,Producto vencido o dañado
9cb146b9-5a55-58f2-b0b0-82ff19825585,e8aeb018-f679-5670-b210-de4f62ff2111,2897aac2-f219-5167-b800-73fac27f6b85,d6f21f11-7533-52dd-a4dc-2fb8e260c02c,00dcee49-06fb-5914-8ad8-dff9fded39fa,2024-01-15T00:00:00,3,Producto vencido o dañado
f0ced2da-0e60-51d7-9e61-011fa86acc02,e8aeb018-f679-5670-b210-de4f62ff2111,22231140-3780-5fe8-a7d4-d33f61d15111,8ecedccf-c230-516b-bbc2-108f7a6fbe63,b3d57d01-1b5c-56d9-84f6-ddb7cadf050a,2024-01-15T00:00:00,3,Producto vencido o dañado
2a1eb3b7-7f59-5d67-8213-040f5aa1ad65,e8aeb018-f679-5670-b210-de4f62ff2111,afe9d181-1c64-5cca-b4b7-a9fa24eceeea,26f7241d-a84e-5e4a-a43d-33eea1e54eea,8113e934-2f74-5b45-b9ac-13359732bb4b,2024-01-16T00:00:00,3,Producto vencido o dañado
c32b77a7-fe3c-5df6-bae2-d9cd3e0430a8,e8aeb018-f679-5670-b210-de4f62ff2111,012857cc-907f-5e7d-b8fb-796d2c9f1621,d6f21f11-7533-52dd-a4dc-2fb8e260c02c,0acfb632-12a2-5ee0-bbd5-c7e64dac4f49,2024-01-17T00:00:00,1,Producto vencido o dañado
f860b56c-04a1-55a5-b108-e6eaa927c8b8,e8aeb018-f679-5670-b210-de4f62ff2111,cd81184b-b6f1-563c-b463-36a69ddfb598,26f7241d-a84e-5e4a-a43d-33eea1e54eea,1cd4bed0-0992-5d26-a5bc-4e6b64ae4e18,2024-01-18T00:00:00,2,Producto vencido o dañado
d6282f9d-1538-5bb7-ba10-2902ccdb88b4,e8aeb018-f679-5670-b210-de4f62ff2111,0ec23038-d3ab-588c-bbd6-1f5c744cdde1,43616d97-2221-569d-82eb-bcc14bcd6344,468d1c39-9e8f-5439-978e-459381d55169,2024-01-18T00:00:00,3,Producto vencido o dañado
7ecac081-5f31-5288-a2dd-5adf522578d2,e8aeb018-f679-5670-b210-de4f62ff2111,6baabed2-52d7-5cb7-bf74-86c7cb3e4f07,43616d97-2221-569d-82eb-bcc14bcd6344,5ac104bd-60eb-5768-8f11-c393cc6d186d,2024-01-18T00:00:00,2,Producto vencido o dañado
1883fce6-fa55-523f-922f-9e8b412f83c0,e8aeb018-f679-5670-b210-de4f62ff2111,2933d8b7-2438-521b-b38d-d3a5224f87fc,d6f21f11-7533-52dd-a4dc-2fb8e260c02c,6d60865b-5b59-51d5-8f53-f75db8436198,2024-01-22T00:00:00,2,Producto vencido o dañado
9b2bf4b5-aa5a-5b53-85dd-e9464d483631,e8aeb018-f679-5670-b210-de4f62ff2111,d2f08f15-f9f2-5f65-a740-b05896774467,d6f21f11-7533-52dd-a4dc-2fb8e260c02c,fb3a7790-bd0c-5efe-85fa-a7ac6bb47a7b,2024-01-22T00:00:00,3,Producto vencido o dañado
c4b35308-bc12-5f32-9d82-e00f10042ceb,e8aeb018-f679-5670-b210-de4f62ff2111,983871db-adfb-543e-b438-6b00044ffb64,d6f21f11-7533-52dd-a4dc-2fb8e260c02c,8e904b71-b0e1-58e1-b876-97743d0a4133,2024-01-23T00:00:00,2,Producto vencido o dañado
6f142c9a-3d8c-5e4e-bec5-627e514371c4,e8aeb018-f679-5670-b210-de4f62ff2111,1e9605fd-5682-52b6-8f05-e8a92dd44513,d6f21f11-7533-52dd-a4dc-2fb8e260c02c,b6c25a16-c36b-50e7-b495-78c490a47ace,2024-01-23T00:00:00,1,Producto vencido o dañado
066e032f-31e1-582f-86c3-7ca97b123771,e8aeb018-f679-5670-b210-de4f62ff2111,38adf7ba-476e-5e6b-9163-781a13538253,8ecedccf-c230-516b-bbc2-108f7a6fbe63,96e23770-40e2-59f2-aab7-c9a615e9240d,2024-01-24T00:00:00,3,Producto vencido o dañado
4bd58e2d-ebab-5d55-bfe8-0f63b1533064,e8aeb018-f679-5670-b210-de4f62ff2111,2933d8b7-2438-521b-b38d-d3a5224f87fc,d6f21f11-7533-52dd-a4dc-2fb8e260c02c,6d60865b-5b59-51d5-8f53-f75db8436198,2024-01-27T00:00:00,1,Producto vencido o dañado
1ef90dc5-befa-5bdf-962a-ddbbd1c89910,e8aeb018-f679-5670-b210-de4f62ff2111,c0cf5e5c-b5c9-585a-8e79-d9830bc954f6,8ecedccf-c230-516b-bbc2-108f7a6fbe63,d666d5d9-3f9e-5faa-bc28-9aad9982aa5a,2024-01-27T00:00:00,1,Producto vencido o dañado
00611f89-d5d9-5374-b354-fe73d3892086,e8aeb018-f679-5670-b210-de4f62ff2111,d2f08f15-f9f2-5f65-a740-b05896774467,8ecedccf-c230-516b-bbc2-108f7a6fbe63,6c3df9ca-d528-5cf4-9490-f3c1a96f9219,2024-01-27T00:00:00,3,Producto vencido o dañado
48ea76f8-c425-5ca3-981c-60975fa3adf5,e8aeb018-f679-5670-b210-de4f62ff2111,07371b94-955f-52a4-9bf9-f0a6ad2b4fa8,26f7241d-a84e-5e4a-a43d-33eea1e54eea,6a1b865f-ca89-59fd-9bd8-b5b66101768e,2024-01-28T00:00:00,2,Producto vencido o dañado
53073063-8efd-56b0-ba62-7d9c023cc861,e8aeb018-f679-5670-b210-de4f62ff2111,c0cf5e5c-b5c9-585a-8e79-d9830bc954f6,26f7241d-a84e-5e4a-a43d-33eea1e54eea,046a4b79-31d1-589e-824d-2300b11adce9,2024-01-28T00:00:00,3,Producto vencido o dañado
2e59de47-3157-5a84-8eaa-4b7316d5477a,e8aeb018-f679-5670-b210-de4f62ff2111,1ca3438e-9e23-58f0-a35f-f15f7a23beb9,26f7241d-a84e-5e4a-a43d-33eea1e54eea,8bdf902d-9fb7-5a6d-8ae0-ffb395f4a7cf,2024-01-28T00:00:00,2,Producto vencido o dañado
067b52cd-5222-5e43-8c2e-21ef676b13ba,e8aeb018-f679-5670-b210-de4f62ff2111,c0cf5e5c-b5c9-585a-8e79-d9830bc954f6,8ecedccf-c230-516b-bbc2-108f7a6fbe63,d666d5d9-3f9e-5faa-bc28-9aad9982aa5a,2024-01-28T00:00:00,3,Producto vencido o dañado
ec28e9dd-3069-598f-8057-b323e5790251,e8aeb018-f679-5670-b210-de4f62ff2111,012857cc-907f-5e7d-b8fb-796d2c9f1621,7fb983e8-6848-5425-97a2-14da72722d0f,54ee78c2-f599-5cfc-b6b9-01172599b7ae,2024-01-28T00:00:00,3,Producto vencido o dañado
0b9c9f5f-cd3a-56c7-a327-905662ad0658,e8aeb018-f679-5670-b210-de4f62ff2111,07371b94-955f-52a4-9bf9-f0a6ad2b4fa8,d6f21f11-7533-52dd-a4dc-2fb8e260c02c,11dfe301-81e5-5dff-b355-5b5506307c1b,2024-01-29T00:00:00,2,Producto vencido o dañado
79245981-79cf-5d4f-a359-6f8a933cd8b2,e8aeb018-f679-5670-b210-de4f62ff2111,2897aac2-f219-5167-b800-73fac27f6b85,26f7241d-a84e-5e4a-a43d-33eea1e54eea,7ae150d7-1e8c-5f3c-8b9f-7439ca027e29,2024-01-30T00:00:00,3,Producto vencido o dañado
107b75d2-042a-522f-83b5-6a238739f2cc,e8aeb018-f679-5670-b210-de4f62ff2111,97d26d91-c562-5f27-9ebd-285e89c8f4bf,43616d97-2221-569d-82eb-bcc14bcd6344,b5a13264-816c-5539-b73a-449de9b6782d,2024-01-30T00:00:00,1,Producto vencido o dañado
1ed0f544-952b-5bd3-9686-158451c3fe62,e8aeb018-f679-5670-b210-de4f62ff2111,d0ae6d2d-e561-56b3-a2c1-113c1c56ae81,7fb983e8-6848-5425-97a2-14da72722d0f,159d0549-9239-5a4b-a4a2-b479e2fd8eaf,2024-01-30T00:00:00,1,Producto vencido o dañado
46e4a7a7-3557-525b-8c82-35f2977d0542,e8aeb018-f679-5670-b210-de4f62ff2111,0ec23038-d3ab-588c-bbd6-1f5c744cdde1,26f7241d-a84e-5e4a-a43d-33eea1e54eea,a15b2b6b-49bf-5aa4-9c26-58e088aca4d0,2024-01-31T00:00:00,2,Producto vencido o dañado
65b5610b-997e-587c-84e3-9019b3bcc172,e8aeb018-f679-5670-b210-de4f62ff2111,4d9429b6-2ebf-5b5d-ac48-f779d5a1e270,d6f21f11-7533-52dd-a4dc-2fb8e260c02c,8a65b030-b5ee-5938-9189-92a3ad7eceb0,2024-01-31T00:00:00,1,Producto vencido o dañado
809ceac3-23c9-563c-8cd0-7283626271ee,e8aeb018-f679-5670-b210-de4f62ff2111,87b859e0-789a-56e6-b1ba-4fe76221d3bf,8ecedccf-c230-516b-bbc2-108f7a6fbe63,14384ab6-3b1c-5cc0-92be-2a5f6ca353c8,2024-01-31T00:00:00,2,Producto vencido o dañado
d9b291be-0cef-5ec6-a070-475b70500884,e8aeb018-f679-5670-b210-de4f62ff2111,82cd11ba-d1a0-58b1-b14f-edd741f36e87,26f7241d-a84e-5e4a-a43d-33eea1e54eea,965b3c4e-af52-5913-81d4-4966da739873,2024-02-01T00:00:00,3,Producto vencido o dañado
5c1c7199-7610-521d-ac9d-a9989829811e,e8aeb018-f679-5670-b210-de4f62ff2111,94e18241-54bd-5516-b36f-94ab6e323aca,7fb983e8-6848-5425-97a2-14da72722d0f,b36cca9a-c0a7-5236-a4f3-9ae84eb60ce7,2024-02-02T00:00:00,2,Producto vencido o dañado
a2417be1-e6f3-552c-91e7-0f50d8130c91,e8aeb018-f679-5670-b210-de4f62ff2111,c0cf5e5c-b5c9-585a-8e79-d9830bc954f6,43616d97-2221-569d-82eb-bcc14bcd6344,6eff4b91-1fb9-5915-9abb-8e5ed0cc64dd,2024-02-03T00:00:00,2,Producto vencido o dañado
1a0025cf-691f-5170-9d00-2a1d873a3d6b,e8aeb018-f679-5670-b210-de4f62ff2111,0ec23038-d3ab-588c-bbd6-1f5c744cdde1,8ecedccf-c230-516b-bbc2-108f7a6fbe63,3f304097-f082-5dcf-b738-38f9663d3701,2024-02-03T00:00:00,2,Producto vencido o dañado
b481a9b1-0986-5054-be2d-f3b9ff3432f0,e8aeb018-f679-5670-b210-de4f62ff2111,afe9d181-1c64-5cca-b4b7-a9fa24eceeea,43616d97-2221-569d-82eb-bcc14bcd6344,7a66c916-fc01-5587-859f-af7f70f96035,2024-02-04T00:00:00,3,Producto vencido o dañado
7dfeecb7-e632-57f7-a616-09896d50e204,e8aeb018-f679-5670-b210-de4f62ff2111,d9506935-1215-5499-93c0-8bdd86ab9418,d6f21f11-7533-52dd-a4dc-2fb8e260c02c,a2646bd2-d838-5f74-a22f-a63ebbff466d,2024-02-04T00:00:00,1,Producto vencido o dañado
88b4ab15-8b96-5366-9325-9cff30f330a6,e8aeb018-f679-5670-b210-de4f62ff2111,94e18241-54bd-5516-b36f-94ab6e323aca,8ecedccf-c230-516b-bbc2-108f7a6fbe63,32d2d9ea-648c-50e3-b3c8-3eca434947e0,2024-02-04T00:00:00,1,Producto vencido o dañado
4ad135b7-1f86-51ed-9659-8012fe9e1512,e8aeb018-f679-5670-b210-de4f62ff2111,012857cc-907f-5e7d-b8fb-796d2c9f1621,d6f21f11-7533-52dd-a4dc-2fb8e260c02c,d273b1d7-367b-5503-ab53-af2ad3f7a8db,2024-02-05T00:00:00,3,Producto vencido o dañado
c3a9f99a-4ff2-5a4f-bd4c-4492db6dc673,e8aeb018-f679-5670-b210-de4f62ff2111,07371b94-955f-52a4-9bf9-f0a6ad2b4fa8,7fb983e8-6848-5425-97a2-14da72722d0f,1b156121-c681-5c08-b655-c2e74b2584e1,2024-02-06T00:00:00,1,Producto vencido o dañado
424b0b93-2ccb-5ee3-87fc-e6f9a9391e4f,e8aeb018-f679-5670-b210-de4f62ff2111,6baabed2-52d7-5cb7-bf74-86c7cb3e4f07,43616d97-2221-569d-82eb-bcc14bcd6344,34056c91-502a-5c24-b80b-0be4696829ec,2024-02-07T00:00:00,1,Producto vencido o dañado
fd9478a3-35c3-555b-9660-0da7a2a515ed,e8aeb018-f679-5670-b210-de4f62ff2111,983871db-adfb-543e-b438-6b00044ffb64,26f7241d-a84e-5e4a-a43d-33eea1e54eea,6293ddd3-6577-5e73-8b09-b1a50667711f,2024-02-10T00:00:00,2,Producto vencido o dañado
a9c26c2d-71d9-54e8-accc-e7abadb4545b,e8aeb018-f679-5670-b210-de4f62ff2111,042e2e80-f954-5df4-97be-29dd428cc598,7fb983e8-6848-5425-97a2-14da72722d0f,cda838eb-79b7-5f35-aac2-a9c057024e4c,2024-02-10T00:00:00,3,Producto vencido o dañado
493bb1ea-90dd-54a4-948b-48ee4e04a488,e8aeb018-f679-5670-b210-de4f62ff2111,1e9605fd-5682-52b6-8f05-e8a92dd44513,43616d97-2221-569d-82eb-bcc14bcd6344,bb77fa2a-e516-54c7-b01c-34740301eba2,2024-02-11T00:00:00,1,Producto vencido o dañado
96e73311-2166-5ce2-9637-6d6dba289d38,e8aeb018-f679-5670-b210-de4f62ff2111,2eb3a104-e572-583a-afa0-156ee0dc4cce,d6f21f11-7533-52dd-a4dc-2fb8e260c02c,e65f4ebd-6062-52fd-95bc-61ef5a55f4e8,2024-02-11T00:00:00,3,Producto vencido o dañado
9401ea4b-2397-54be-9691-b97329e476c5,e8aeb018-f679-5670-b210-de4f62ff2111,6d807393-f4ab-5f76-b544-251eeda27ba3,7fb983e8-6848-5425-97a2-14da72722d0f,cdffd217-9188-57d2-8683-336f403ff476,2024-02-11T00:00:00,3,Producto vencido o dañado
f4fcd310-f966-58be-aa2e-0d49781aaef2,e8aeb018-f679-5670-b210-de4f62ff2111,4d9429b6-2ebf-5b5d-ac48-f779d5a1e270,7fb983e8-6848-5425-97a2-14da72722d0f,de23c36c-a7a3-5d86-8289-1aa17e3eaa9a,2024-02-11T00:00:00,2,Producto vencido o dañado
c3518ae1-d140-5f2a-8ad2-7391b2bc6608,e8aeb018-f679-5670-b210-de4f62ff2111,2897aac2-f219-5167-b800-73fac27f6b85,7fb983e8-6848-5425-97a2-14da72722d0f,1561a21a-72b9-53d7-8f41-708b6c7579a5,2024-02-11T00:00:00,3,Producto vencido o dañado
ea0d362e-1883-5b70-8c8d-fb7519f5431d,e8aeb018-f679-5670-b210-de4f62ff2111,012857cc-907f-5e7d-b8fb-796d2c9f1621,43616d97-2221-569d-82eb-bcc14bcd6344,86b4993f-560a-5f54-a465-8e48cbc36ea9,2024-02-12T00:00:00,3,Producto vencido o dañado
8b42ab1f-2726-5a5f-9a40-9f6a9eabcc10,e8aeb018-f679-5670-b210-de4f62ff2111,1e9605fd-5682-52b6-8f05-e8a92dd44513,43616d97-2221-569d-82eb-bcc14bcd6344,bb77fa2a-e516-54c7-b01c-34740301eba2,2024-02-12T00:00:00,3,Producto vencido o dañado
1875e27d-85bb-586a-8981-87415106e8e3,e8aeb018-f679-5670-b210-de4f62ff2111,94e18241-54bd-5516-b36f-94ab6e323aca,8ecedccf-c230-516b-bbc2-108f7a6fbe63,56670dca-22b9-5faf-bc3c-c518a3028624,2024-02-12T00:00:00,2,Producto vencido o dañado
39d0eb2a-2ac5-5a1d-9535-c7af356f701c,e8aeb018-f679-5670-b210-de4f62ff2111,07371b94-955f-52a4-9bf9-f0a6ad2b4fa8,7fb983e8-6848-5425-97a2-14da72722d0f,5602d7ce-c7d7-5068-a822-77ba83e89767,2024-02-13T00:00:00,3,Producto vencido o dañado
a32280be-fd75-50e3-8696-03bc10ed4d06,e8aeb018-f679-5670-b210-de4f62ff2111,38adf7ba-476e-5e6b-9163-781a13538253,43616d97-2221-569d-82eb-bcc14bcd6344,9af6dbd2-8289-55a6-96cd-f0bef3c6dc34,2024-02-14T00:00:00,2,Producto vencido o dañado
40e4e2c8-f4f1-5c24-8db2-2f74c6404ea2,e8aeb018-f679-5670-b210-de4f62ff2111,2897aac2-f219-5167-b800-73fac27f6b85,43616d97-2221-569d-82eb-bcc14bcd6344,bc80026c-6f06-5430-933a-2d0b3aa23958,2024-02-14T00:00:00,2,Producto vencido o dañado
a79d069c-c48f-5658-82e1-8e2d8ca180c5,e8aeb018-f679-5670-b210-de4f62ff2111,22231140-3780-5fe8-a7d4-d33f61d15111,7fb983e8-6848-5425-97a2-14da72722d0f,739ca168-d3e4-5e79-bcd6-8107cf8bb1b2,2024-02-14T00:00:00,3,Producto vencido o dañado
1d3dc8b0-ef05-5f56-93c4-a1a44aba70fe,e8aeb018-f679-5670-b210-de4f62ff2111,d2f08f15-f9f2-5f65-a740-b05896774467,7fb983e8-6848-5425-97a2-14da72722d0f,cef5d963-883e-5956-ba1a-0e93733a967c,2024-02-15T00:00:00,1,Producto vencido o dañado
310ecffb-5b06-596d-b8a1-ea42391001c2,e8aeb018-f679-5670-b210-de4f62ff2111,d3961f5a-3ea7-53d3-89f4-78b65b0c0c6b,d6f21f11-7533-52dd-a4dc-2fb8e260c02c,de603377-ad97-522f-8df5-93d62f00fb73,2024-02-16T00:00:00,2,Producto vencido o dañado
115f9eb5-721c-5002-b71e-d7e2f6d00e66,e8aeb018-f679-5670-b210-de4f62ff2111,4d9429b6-2ebf-5b5d-ac48-f779d5a1e270,8ecedccf-c230-516b-bbc2-108f7a6fbe63,404c43d6-c8ed-5d1c-8390-7db1588a4acf,2024-02-16T00:00:00,3,Producto vencido o dañado
3c6b0ec5-8a59-5392-9bd4-b493f00a03da,e8aeb018-f679-5670-b210-de4f62ff2111,d2f08f15-f9f2-5f65-a740-b05896774467,d6f21f11-7533-52dd-a4dc-2fb8e260c02c,03e6cf47-44e0-5790-8dc6-66624210d9e2,2024-02-17T00:00:00,2,Producto vencido o dañado
7ac51400-6a81-56a0-9e89-a1c2d5995a11,e8aeb018-f679-5670-b210-de4f62ff2111,22231140-3780-5fe8-a7d4-d33f61d15111,26f7241d-a84e-5e4a-a43d-33eea1e54eea,6b3594c6-93d4-564a-99bf-d3edc1e72314,2024-02-18T00:00:00,3,Producto vencido o dañado
6ee16702-be21-5b3e-b6e0-c6d1022c1eaa,e8aeb018-f679-5670-b210-de4f62ff2111,87b859e0-789a-56e6-b1ba-4fe76221d3bf,26f7241d-a84e-5e4a-a43d-33eea1e54eea,1fb98339-7e20-5d05-81d4-4577f83d7ce2,2024-02-20T00:00:00,3,Producto vencido o dañado
b68d339f-f3ca-5193-aa9d-40f952dab66b,e8aeb018-f679-5670-b210-de4f62ff2111,2897aac2-f219-5167-b800-73fac27f6b85,d6f21f11-7533-52dd-a4dc-2fb8e260c02c,1f187ed1-ad08-55a9-bc67-34645f9918ae,2024-02-21T00:00:00,3,Producto vencido o dañado
313b1c00-02ab-5358-b7ca-b6c28b44b517,e8aeb018-f679-5670-b210-de4f62ff2111,afe9d181-1c64-5cca-b4b7-a9fa24eceeea,7fb983e8-6848-5425-97a2-14da72722d0f,aeda2291-a93f-50ba-a67e-22c8f1f2c9eb,2024-02-21T00:00:00,3,Producto vencido o dañado
18222814-b456-56ce-a546-ee8ef32c32d7,e8aeb018-f679-5670-b210-de4f62ff2111,6d807393-f4ab-5f76-b544-251eeda27ba3,43616d97-2221-569d-82eb-bcc14bcd6344,845f7792-d9b4-5420-9600-0bd8a677c1a9,2024-02-22T00:00:00,2,Producto vencido o dañado
4acb9390-21cc-5430-8cce-3b402b816c09,e8aeb018-f679-5670-b210-de4f62ff2111,042e2e80-f954-5df4-97be-29dd428cc598,43616d97-2221-569d-82eb-bcc14bcd6344,835f1f87-638f-54d6-9335-4e5d74fe269c,2024-02-22T00:00:00,3,Producto vencido o dañado
a81f499c-58d1-5610-ae86-716e556c83ff,e8aeb018-f679-5670-b210-de4f62ff2111,cd81184b-b6f1-563c-b463-36a69ddfb598,7fb983e8-6848-5425-97a2-14da72722d0f,c228537c-4269-5673-84cf-1eb344b8f504,2024-02-22T00:00:00,3,Producto vencido o dañado
601e7b91-df29-515f-b688-40e6fd452e5b,e8aeb018-f679-5670-b210-de4f62ff2111,058c6382-bde2-59d1-93ff-20c6161a4736,43616d97-2221-569d-82eb-bcc14bcd6344,48afcc30-a357-5e87-80c8-c437ea1d70fe,2024-02-23T00:00:00,3,Producto vencido o dañado
6e9d3541-509d-5882-8c87-77fa262b3042,e8aeb018-f679-5670-b210-de4f62ff2111,d9506935-1215-5499-93c0-8bdd86ab9418,43616d97-2221-569d-82eb-bcc14bcd6344,a3f2acad-15b5-5257-8ed4-87f1b9b34a67,2024-02-24T00:00:00,2,Producto vencido o dañado
49fe4555-3020-58c9-b687-c3e9b3fac116,e8aeb018-f679-5670-b210-de4f62ff2111,042e2e80-f954-5df4-97be-29dd428cc598,8ecedccf-c230-516b-bbc2-108f7a6fbe63,84444d2e-3bf4-5771-99ab-7384c58040d4,2024-02-24T00:00:00,1,Producto vencido o dañado
880cd58c-a4d9-50ee-bf3d-242696ac073e,e8aeb018-f679-5670-b210-de4f62ff2111,38adf7ba-476e-5e6b-9163-781a13538253,d6f21f11-7533-52dd-a4dc-2fb8e260c02c,ffaf8b0d-90ff-5b0f-a8b0-b8b0bc76ab90,2024-02-26T00:00:00,3,Producto vencido o dañado
600b5f36-9db7-5ce1-bbd5-9890125f688f,e8aeb018-f679-5670-b210-de4f62ff2111,97d26d91-c562-5f27-9ebd-285e89c8f4bf,26f7241d-a84e-5e4a-a43d-33eea1e54eea,bdb39e31-4c13-5688-8142-2e7fc6229bb1,2024-02-27T00:00:00,1,Producto vencido o dañado
cdabfbd7-18c7-5214-b09d-1a848813fcb2,e8aeb018-f679-5670-b210-de4f62ff2111,042e2e80-f954-5df4-97be-29dd428cc598,7fb983e8-6848-5425-97a2-14da72722d0f,cda838eb-79b7-5f35-aac2-a9c057024e4c,2024-02-27T00:00:00,2,Producto vencido o dañado
5947f053-9bdd-5938-8e8a-06e145a52b9b,e8aeb018-f679-5670-b210-de4f62ff2111,058c6382-bde2-59d1-93ff-20c6161a4736,43616d97-2221-569d-82eb-bcc14bcd6344,48afcc30-a357-5e87-80c8-c437ea1d70fe,2024-02-28T00:00:00,3,Producto vencido o dañado
82a155a2-16d0-5971-85d1-78dc7aeeb613,e8aeb018-f679-5670-b210-de4f62ff2111,22231140-3780-5fe8-a7d4-d33f61d15111,43616d97-2221-569d-82eb-bcc14bcd6344,3a5646e7-a9fe-5eaf-9933-de59fc541a3a,2024-02-28T00:00:00,2,Producto vencido o dañado
868c858f-b9cf-543b-9d55-c93689ef857f,e8aeb018-f679-5670-b210-de4f62ff2111,4d9429b6-2ebf-5b5d-ac48-f779d5a1e270,d6f21f11-7533-52dd-a4dc-2fb8e260c02c,8a65b030-b5ee-5938-9189-92a3ad7eceb0,2024-02-28T00:00:00,1,Producto vencido o dañado
a530d175-67ed-593e-9787-c61c2a0b7f2f,e8aeb018-f679-5670-b210-de4f62ff2111,1ca3438e-9e23-58f0-a35f-f15f7a23beb9,43616d97-2221-569d-82eb-bcc14bcd6344,34052449-c5b9-5284-9c8f-c78ba039b4a8,2024-02-29T00:00:00,2,Producto vencido o dañado
ab785380-755b-5af9-96a4-1f85f7155d55,e8aeb018-f679-5670-b210-de4f62ff2111,012857cc-907f-5e7d-b8fb-796d2c9f1621,d6f21f11-7533-52dd-a4dc-2fb8e260c02c,d273b1d7-367b-5503-ab53-af2ad3f7a8db,2024-02-29T00:00:00,3,Producto vencido o dañado
8ce73e0b-28a7-5b16-98f3-73f492394e62,e8aeb018-f679-5670-b210-de4f62ff2111,012857cc-907f-5e7d-b8fb-796d2c9f1621,43616d97-2221-569d-82eb-bcc14bcd6344,86b4993f-560a-5f54-a465-8e48cbc36ea9,2024-03-01T00:00:00,3,Producto vencido o dañado
e1b0f312-ebab-534d-b0ac-127ad7f1eef3,e8aeb018-f679-5670-b210-de4f62ff2111,38adf7ba-476e-5e6b-9163-781a13538253,8ecedccf-c230-516b-bbc2-108f7a6fbe63,b43985b5-b746-5af5-8657-1d09f9338131,2024-03-01T00:00:00,3,Producto vencido o dañado
c0782812-c990-5866-a9e3-261f721a5c47,e8aeb018-f679-5670-b210-de4f62ff2111,983871db-adfb-543e-b438-6b00044ffb64,d6f21f11-7533-52dd-a4dc-2fb8e260c02c,6ebe808f-d7a2-5ece-b1b0-b65281fa7e82,2024-03-04T00:00:00,2,Producto vencido o dañado
36022918-6c30-519c-a253-e4fc8f5779b2,e8aeb018-f679-5670-b210-de4f62ff2111,afe9d181-1c64-5cca-b4b7-a9fa24eceeea,d6f21f11-7533-52dd-a4dc-2fb8e260c02c,4230f60a-d309-5adf-98a7-1a2369f2a8cf,2024-03-05T00:00:00,1,Producto vencido o dañado
52a04a68-511d-59c0-9bee-afd6a2469edd,e8aeb018-f679-5670-b210-de4f62ff2111,2897aac2-f219-5167-b800-73fac27f6b85,43616d97-2221-569d-82eb-bcc14bcd6344,bc80026c-6f06-5430-933a-2d0b3aa23958,2024-03-06T00:00:00,3,Producto vencido o dañado
b4601d97-4714-5920-9e73-d6889911e7ab,e8aeb018-f679-5670-b210-de4f62ff2111,6baabed2-52d7-5cb7-bf74-86c7cb3e4f07,43616d97-2221-569d-82eb-bcc14bcd6344,8c63fb41-4766-5f05-bcea-08019bda9e75,2024-03-06T00:00:00,1,Producto vencido o dañado
17dcfe5e-1547-5bb9-b8e8-88bbcf7dfe3c,e8aeb018-f679-5670-b210-de4f62ff2111,d9506935-1215-5499-93c0-8bdd86ab9418,8ecedccf-c230-516b-bbc2-108f7a6fbe63,8ce87cf5-d0c8-514f-ba5a-76bfb4189efc,2024-03-06T00:00:00,3,Producto vencido o dañado
386bfd50-09d7-5312-8d39-4079800aa98d,e8aeb018-f679-5670-b210-de4f62ff2111,042e2e80-f954-5df4-97be-29dd428cc598,d6f21f11-7533-52dd-a4dc-2fb8e260c02c,23ff832e-692f-57b7-8b27-cb4515b57b2b,2024-03-07T00:00:00,3,Producto vencido o dañado
adf3678e-c9d1-5e13-bc42-09f9e991d2e4,e8aeb018-f679-5670-b210-de4f62ff2111,9928e9a1-d9fc-5fdd-86c2-8909352fd7fe,d6f21f11-7533-52dd-a4dc-2fb8e260c02c,412a333c-b67a-5ca3-9e2d-7c1d8e532fc4,2024-03-07T00:00:00,2,Producto vencido o dañado
9e3ba797-384b-51a9-be9a-4d0841f0247e,e8aeb018-f679-5670-b210-de4f62ff2111,87b859e0-789a-56e6-b1ba-4fe76221d3bf,d6f21f11-7533-52dd-a4dc-2fb8e260c02c,b4fa9d8b-46b2-5ec4-b8b3-b0c4429a5832,2024-03-07T00:00:00,1,Producto vencido o dañado
26d079b6-d53b-59ba-91a3-2937c19c7338,e8aeb018-f679-5670-b210-de4f62ff2111,d0ae6d2d-e561-56b3-a2c1-113c1c56ae81,d6f21f11-7533-52dd-a4dc-2fb8e260c02c,0d63fe6f-7498-5664-8dbf-89bdeefb7b8d,2024-03-08T00:00:00,1,Producto vencido o dañado
41af1215-f0d2-5157-9e73-37513dece08b,e8aeb018-f679-5670-b210-de4f62ff2111,058c6382-bde2-59d1-93ff-20c6161a4736,8ecedccf-c230-516b-bbc2-108f7a6fbe63,aceda339-bf54-5f12-9e32-9fc5683ce94d,2024-03-08T00:00:00,3,Producto vencido o dañado
e1aac337-f2b1-52e7-b23f-b7d0330e3ec4,e8aeb018-f679-5670-b210-de4f62ff2111,38adf7ba-476e-5e6b-9163-781a13538253,43616d97-2221-569d-82eb-bcc14bcd6344,4ae07f13-61be-52d7-8e85-c983dbfcad70,2024-03-10T00:00:00,1,Producto vencido o dañado
7dcccf27-6080-5ef3-aa8e-98e36889e6c9,e8aeb018-f679-5670-b210-de4f62ff2111,c0cf5e5c-b5c9-585a-8e79-d9830bc954f6,43616d97-2221-569d-82eb-bcc14bcd6344,76903766-84fd-56a2-9c09-e8a195322425,2024-03-11T00:00:00,3,Producto vencido o dañado
e0fa5a86-464e-5d82-be4f-c725804134ac,e8aeb018-f679-5670-b210-de4f62ff2111,d2f08f15-f9f2-5f65-a740-b05896774467,7fb983e8-6848-5425-97a2-14da72722d0f,78b7669b-13aa-5c7a-8b9c-f88f7c28f514,2024-03-11T00:00:00,2,Producto vencido o dañado
06a9206f-6cbb-566f-a528-5b387242c31c,e8aeb018-f679-5670-b210-de4f62ff2111,94e18241-54bd-5516-b36f-94ab6e323aca,8ecedccf-c230-516b-bbc2-108f7a6fbe63,3c94cbd0-9ab7-5537-8ac8-135710ad3dba,2024-03-13T00:00:00,2,Producto vencido o dañado
be938a59-7945-5fc1-9340-aba2bd6f3d02,e8aeb018-f679-5670-b210-de4f62ff2111,1ca3438e-9e23-58f0-a35f-f15f7a23beb9,7fb983e8-6848-5425-97a2-14da72722d0f,18022bc4-867a-5e27-93c0-52a65f53c79e,2024-03-13T00:00:00,2,Producto vencido o dañado
7de97063-1940-5351-b9ec-05e8accdc1be,e8aeb018-f679-5670-b210-de4f62ff2111,983871db-adfb-543e-b438-6b00044ffb64,43616d97-2221-569d-82eb-bcc14bcd6344,ff4582d3-672e-5147-ab10-9299be14fe61,2024-03-14T00:00:00,1,Producto vencido o dañado
b339f843-b217-5543-bbd9-f82317588ba5,e8aeb018-f679-5670-b210-de4f62ff2111,38adf7ba-476e-5e6b-9163-781a13538253,7fb983e8-6848-5425-97a2-14da72722d0f,58657680-e4d8-500a-ac18-547b3c9a1595,2024-03-14T00:00:00,3,Producto vencido o dañado
62b575f5-49c7-5709-8e2e-5319eae68fdc,e8aeb018-f679-5670-b210-de4f62ff2111,82cd11ba-d1a0-58b1-b14f-edd741f36e87,43616d97-2221-569d-82eb-bcc14bcd6344,03dbcfe1-11d7-5b1b-ab85-602c31d31719,2024-03-16T00:00:00,1,Producto vencido o dañado
e7d66789-141d-5b73-8d37-dc7d950a1e0b,e8aeb018-f679-5670-b210-de4f62ff2111,d9506935-1215-5499-93c0-8bdd86ab9418,8ecedccf-c230-516b-bbc2-108f7a6fbe63,8ce87cf5-d0c8-514f-ba5a-76bfb4189efc,2024-03-17T00:00:00,3,Producto vencido o dañado
be73889c-a194-59e4-83ce-15725169653d,e8aeb018-f679-5670-b210-de4f62ff2111,983871db-adfb-543e-b438-6b00044ffb64,26f7241d-a84e-5e4a-a43d-33eea1e54eea,6293ddd3-6577-5e73-8b09-b1a50667711f,2024-03-18T00:00:00,3,Producto vencido o dañado
b7a2e43e-62c2-5d3b-b280-f4b1b5ac66fa,e8aeb018-f679-5670-b210-de4f62ff2111,c0cf5e5c-b5c9-585a-8e79-d9830bc954f6,8ecedccf-c230-516b-bbc2-108f7a6fbe63,92c78e41-e4c0-5b7f-81e9-1650dd3869f4,2024-03-18T00:00:00,3,Producto vencido o dañado
1909424f-9ce0-5bed-95a0-c09fdda9d582,e8aeb018-f679-5670-b210-de4f62ff2111,2933d8b7-2438-521b-b38d-d3a5224f87fc,26f7241d-a84e-5e4a-a43d-33eea1e54eea,e7cc3c9d-f419-5677-8a4f-0a5c38c089e4,2024-03-19T00:00:00,2,Producto vencido o dañado
1b7831cc-c7d4-58ec-98c5-914b78e61ed4,e8aeb018-f679-5670-b210-de4f62ff2111,22231140-3780-5fe8-a7d4-d33f61d15111,43616d97-2221-569d-82eb-bcc14bcd6344,e3227b30-73d4-5055-b1d0-36aced5a02bb,2024-03-19T00:00:00,3,Producto vencido o dañado
97e0ac01-372c-56f4-acc3-137e381ada17,e8aeb018-f679-5670-b210-de4f62ff2111,cd81184b-b6f1-563c-b463-36a69ddfb598,7fb983e8-6848-5425-97a2-14da72722d0f,c239be70-535f-5f1b-a96d-959a7082e0a5,2024-03-20T00:00:00,1,Producto vencido o dañado
40329ef4-04bb-5057-b756-5e60fc355f67,e8aeb018-f679-5670-b210-de4f62ff2111,4d9429b6-2ebf-5b5d-ac48-f779d5a1e270,d6f21f11-7533-52dd-a4dc-2fb8e260c02c,a3aa989e-b721-5f97-8f72-af4bb372f7a3,2024-03-21T00:00:00,2,Producto vencido o dañado
5519b3bc-5ef4-5272-9e88-a828e4735e08,e8aeb018-f679-5670-b210-de4f62ff2111,012857cc-907f-5e7d-b8fb-796d2c9f1621,8ecedccf-c230-516b-bbc2-108f7a6fbe63,e1a2ebe7-80d2-5b2a-b489-4aecb2b9d82f,2024-03-21T00:00:00,2,Producto vencido o dañado
0ab4e171-8252-555b-b145-f592f2044f5e,e8aeb018-f679-5670-b210-de4f62ff2111,042e2e80-f954-5df4-97be-29dd428cc598,8ecedccf-c230-516b-bbc2-108f7a6fbe63,1a1cd05e-9829-5468-b834-bec916372103,2024-03-22T00:00:00,2,Producto vencido o dañado
ff87cf00-3e64-57dc-8c1b-d241faadb0da,e8aeb018-f679-5670-b210-de4f62ff2111,2897aac2-f219-5167-b800-73fac27f6b85,26f7241d-a84e-5e4a-a43d-33eea1e54eea,747b227a-b0d7-51c5-9ed2-23e652b536d0,2024-03-23T00:00:00,1,Producto vencido o dañado
d632be06-9493-5854-9fb9-337855ba2839,e8aeb018-f679-5670-b210-de4f62ff2111,afe9d181-1c64-5cca-b4b7-a9fa24eceeea,d6f21f11-7533-52dd-a4dc-2fb8e260c02c,4230f60a-d309-5adf-98a7-1a2369f2a8cf,2024-03-23T00:00:00,3,Producto vencido o dañado
a1ec094e-c66d-5d14-a92d-bdf5f1daed25,e8aeb018-f679-5670-b210-de4f62ff2111,9928e9a1-d9fc-5fdd-86c2-8909352fd7fe,d6f21f11-7533-52dd-a4dc-2fb8e260c02c,da032e5f-9c02-5295-82c2-6fdb52b139fb,2024-03-24T00:00:00,2,Producto vencido o dañado
fd5a0de8-9254-5e11-af0e-c74100cd2e73,e8aeb018-f679-5670-b210-de4f62ff2111,22231140-3780-5fe8-a7d4-d33f61d15111,8ecedccf-c230-516b-bbc2-108f7a6fbe63,5dc1ce12-441b-5804-9bdb-d86649396684,2024-03-24T00:00:00,2,Producto vencido o dañado
0d21f54a-5ccb-5413-94fe-4903121cd167,e8aeb018-f679-5670-b210-de4f62ff2111,012857cc-907f-5e7d-b8fb-796d2c9f1621,7fb983e8-6848-5425-97a2-14da72722d0f,63200ca7-2456-5273-bc10-e78e7797acc4,2024-03-25T00:00:00,2,Producto vencido o dañado
356cf142-bf46-5520-9694-2943250ea5d9,e8aeb018-f679-5670-b210-de4f62ff2111,38adf7ba-476e-5e6b-9163-781a13538253,7fb983e8-6848-5425-97a2-14da72722d0f,5dbcc064-4838-5047-9c1e-fb023778d49f,2024-03-26T00:00:00,1,Producto vencido o dañado
ac3c23d1-3358-5101-b089-01023685ee11,e8aeb018-f679-5670-b210-de4f62ff2111,d9506935-1215-5499-93c0-8bdd86ab9418,7fb983e8-6848-5425-97a2-14da72722d0f,eed39607-de6e-56d5-a8a7-cab170e8dce6,2024-03-26T00:00:00,3,Producto vencido o dañado
711b917f-6dd7-587b-be2a-cbb9a3893648,e8aeb018-f679-5670-b210-de4f62ff2111,94e18241-54bd-5516-b36f-94ab6e323aca,43616d97-2221-569d-82eb-bcc14bcd6344,53136d6a-defe-58da-aa0f-c704435e6c44,2024-03-27T00:00:00,2,Producto vencido o dañado
9b075008-2968-52a0-bf9a-01dc5ab9b5b6,e8aeb018-f679-5670-b210-de4f62ff2111,2897aac2-f219-5167-b800-73fac27f6b85,7fb983e8-6848-5425-97a2-14da72722d0f,9841d106-12f2-53f7-94ed-224b2ff9e8ea,2024-03-27T00:00:00,3,Producto vencido o dañado
c60441ec-60e5-5d14-aec5-347c56dd4a60,e8aeb018-f679-5670-b210-de4f62ff2111,2933d8b7-2438-521b-b38d-d3a5224f87fc,26f7241d-a84e-5e4a-a43d-33eea1e54eea,e7cc3c9d-f419-5677-8a4f-0a5c38c089e4,2024-03-28T00:00:00,3,Producto vencido o dañado
187ac442-69ef-52d1-aba2-87b9aeef1e11,e8aeb018-f679-5670-b210-de4f62ff2111,5bbfdec8-65ae-59e6-b211-5eccb5b765fa,43616d97-2221-569d-82eb-bcc14bcd6344,e1ba7e1d-5026-5233-87bc-a157e480604a,2024-03-28T00:00:00,2,Producto vencido o dañado
ce4671ed-0334-5875-a891-d218ea166b8a,e8aeb018-f679-5670-b210-de4f62ff2111,97d26d91-c562-5f27-9ebd-285e89c8f4bf,d6f21f11-7533-52dd-a4dc-2fb8e260c02c,f5248417-acf0-5353-b5f4-52a1331a3671,2024-03-28T00:00:00,1,Producto vencido o dañado
a80cc305-5e56-5dbf-ae21-e53de6a2a3af,e8aeb018-f679-5670-b210-de4f62ff2111,1ca3438e-9e23-58f0-a35f-f15f7a23beb9,26f7241d-a84e-5e4a-a43d-33eea1e54eea,4cf7b412-048e-51aa-ac22-f5db0e52a2c5,2024-03-30T00:00:00,2,Producto vencido o dañado
3ee47fbe-8c5b-57b3-b414-a8103cdb0ab0,e8aeb018-f679-5670-b210-de4f62ff2111,0ec23038-d3ab-588c-bbd6-1f5c744cdde1,7fb983e8-6848-5425-97a2-14da72722d0f,ba582f6c-6302-5fb1-b606-12490ed7ab5c,2024-03-30T00:00:00,2,Producto vencido o dañado
97a40e60-f07e-5c32-9fcd-afd25814abc0,e8aeb018-f679-5670-b210-de4f62ff2111,2082733c-4e17-51fe-bc8c-bf33d3ec5d7e,26f7241d-a84e-5e4a-a43d-33eea1e54eea,8aa00cee-ff22-5d60-9c68-060671d600f5,2024-03-31T00:00:00,2,Producto vencido o dañado
49aa7296-1c65-5e5e-98eb-d4639d0a3470,e8aeb018-f679-5670-b210-de4f62ff2111,d0ae6d2d-e561-56b3-a2c1-113c1c56ae81,26f7241d-a84e-5e4a-a43d-33eea1e54eea,f289f3b0-b9d1-5b5e-972a-01f40c5208c7,2024-03-31T00:00:00,2,Producto vencido o dañado
66a314d7-6f29-5328-b2d9-7d5859773f45,e8aeb018-f679-5670-b210-de4f62ff2111,2082733c-4e17-51fe-bc8c-bf33d3ec5d7e,43616d97-2221-569d-82eb-bcc14bcd6344,5d3882c3-a603-5777-8588-7f345a670694,2024-03-31T00:00:00,3,Producto vencido o dañado
8b918fe4-fdd8-51a2-b0fe-8228684a4617,e8aeb018-f679-5670-b210-de4f62ff2111,042e2e80-f954-5df4-97be-29dd428cc598,26f7241d-a84e-5e4a-a43d-33eea1e54eea,7c954cfe-0304-599d-bd18-a246ddac1a51,2024-04-01T00:00:00,2,Producto vencido o dañado
4d9dc55a-018d-51e4-9a09-929f89c11485,e8aeb018-f679-5670-b210-de4f62ff2111,2eb3a104-e572-583a-afa0-156ee0dc4cce,8ecedccf-c230-516b-bbc2-108f7a6fbe63,75dc88ce-0ffe-5aa5-ac67-f8a447b74c91,2024-04-01T00:00:00,3,Producto vencido o dañado
d4c11306-80e4-59cf-aee9-17a89d1a087e,e8aeb018-f679-5670-b210-de4f62ff2111,22231140-3780-5fe8-a7d4-d33f61d15111,26f7241d-a84e-5e4a-a43d-33eea1e54eea,90b06dc2-a358-5642-8e97-76759660083f,2024-04-02T00:00:00,1,Producto vencido o dañado
b5350621-0066-5d19-b69b-b6d83f77bff4,e8aeb018-f679-5670-b210-de4f62ff2111,d0ae6d2d-e561-56b3-a2c1-113c1c56ae81,d6f21f11-7533-52dd-a4dc-2fb8e260c02c,0d63fe6f-7498-5664-8dbf-89bdeefb7b8d,2024-04-02T00:00:00,3,Producto vencido o dañado
b0fb642d-c6af-5e1a-8249-a9005fdf4cf0,e8aeb018-f679-5670-b210-de4f62ff2111,012857cc-907f-5e7d-b8fb-796d2c9f1621,7fb983e8-6848-5425-97a2-14da72722d0f,63200ca7-2456-5273-bc10-e78e7797acc4,2024-04-03T00:00:00,3,Producto vencido o dañado
0c8702c6-fea4-5bc8-9a56-2ea3a8d5ae73,e8aeb018-f679-5670-b210-de4f62ff2111,22231140-3780-5fe8-a7d4-d33f61d15111,43616d97-2221-569d-82eb-bcc14bcd6344,e3227b30-73d4-5055-b1d0-36aced5a02bb,2024-04-04T00:00:00,2,Producto vencido o dañado
d693f35d-04d6-5a91-9232-2dcac65b5564,e8aeb018-f679-5670-b210-de4f62ff2111,22231140-3780-5fe8-a7d4-d33f61d15111,26f7241d-a84e-5e4a-a43d-33eea1e54eea,90b06dc2-a358-5642-8e97-76759660083f,2024-04-05T00:00:00,3,Producto vencido o dañado
1f72dbf3-6faa-50b2-be90-18d861e01315,e8aeb018-f679-5670-b210-de4f62ff2111,2933d8b7-2438-521b-b38d-d3a5224f87fc,43616d97-2221-569d-82eb-bcc14bcd6344,62a1bb52-3d53-561a-9503-f26119b335a9,2024-04-05T00:00:00,1,Producto vencido o dañado
18682563-5ecc-5b41-a05a-9ea9101c7734,e8aeb018-f679-5670-b210-de4f62ff2111,97d26d91-c562-5f27-9ebd-285e89c8f4bf,43616d97-2221-569d-82eb-bcc14bcd6344,a67cb36c-f5ab-576a-84ff-72a7bfd5a75f,2024-04-05T00:00:00,3,Producto vencido o dañado
622e2d30-c237-5374-81ab-6abce58e04e6,e8aeb018-f679-5670-b210-de4f62ff2111,5bbfdec8-65ae-59e6-b211-5eccb5b765fa,d6f21f11-7533-52dd-a4dc-2fb8e260c02c,69babc2f-03ca-52a4-9009-e05c07026b2c,2024-04-07T00:00:00,1,Producto vencido o dañado
521d1b1d-f88a-566b-b948-35e0a8195fc2,e8aeb018-f679-5670-b210-de4f62ff2111,82cd11ba-d1a0-58b1-b14f-edd741f36e87,7fb983e8-6848-5425-97a2-14da72722d0f,24cf7ab2-adff-596c-b94f-b4d2377398b0,2024-04-07T00:00:00,3,Producto vencido o dañado
6c7d64a6-fa92-5442-9658-17ff5a24f2a1,e8aeb018-f679-5670-b210-de4f62ff2111,97d26d91-c562-5f27-9ebd-285e89c8f4bf,26f7241d-a84e-5e4a-a43d-33eea1e54eea,5ada738c-e6f0-58f5-b92b-5184f0a50e2c,2024-04-08T00:00:00,2,Producto vencido o dañado
5749cd59-17ff-5926-b55d-47b30c94e0aa,e8aeb018-f679-5670-b210-de4f62ff2111,012857cc-907f-5e7d-b8fb-796d2c9f1621,7fb983e8-6848-5425-97a2-14da72722d0f,63200ca7-2456-5273-bc10-e78e7797acc4,2024-04-08T00:00:00,3,Producto vencido o dañado
4545db9f-28dd-5488-a663-47b09a76e1fa,e8aeb018-f679-5670-b210-de4f62ff2111,d0ae6d2d-e561-56b3-a2c1-113c1c56ae81,26f7241d-a84e-5e4a-a43d-33eea1e54eea,c82a499a-cbfa-524f-82d8-7b9d48c355c0,2024-04-09T00:00:00,2,Producto vencido o dañado
d806dd4d-3ba8-5597-b2d9-4faeba20ebd3,e8aeb018-f679-5670-b210-de4f62ff2111,d9506935-1215-5499-93c0-8bdd86ab9418,d6f21f11-7533-52dd-a4dc-2fb8e260c02c,53dfc287-fde7-5143-ad70-80d903c7ba17,2024-04-09T00:00:00,1,Producto vencido o dañado
2e97a30b-08a6-5b2f-927c-04c4e43e73a0,e8aeb018-f679-5670-b210-de4f62ff2111,87b859e0-789a-56e6-b1ba-4fe76221d3bf,43616d97-2221-569d-82eb-bcc14bcd6344,28d594b1-f0eb-5dcb-9385-f2265816942a,2024-04-11T00:00:00,3,Producto vencido o dañado
b8ba5a8e-7002-5ea4-88be-173bc4199be9,e8aeb018-f679-5670-b210-de4f62ff2111,042e2e80-f954-5df4-97be-29dd428cc598,8ecedccf-c230-516b-bbc2-108f7a6fbe63,1a1cd05e-9829-5468-b834-bec916372103,2024-04-11T00:00:00,2,Producto vencido o dañado
d356241a-23e7-5886-8bbc-ec3c1ba92e7e,e8aeb018-f679-5670-b210-de4f62ff2111,983871db-adfb-543e-b438-6b00044ffb64,43616d97-2221-569d-82eb-bcc14bcd6344,ff4582d3-672e-5147-ab10-9299be14fe61,2024-04-12T00:00:00,1,Producto vencido o dañado
7343ecc1-e3e5-565b-8bce-903431c3ab44,e8aeb018-f679-5670-b210-de4f62ff2111,2082733c-4e17-51fe-bc8c-bf33d3ec5d7e,43616d97-2221-569d-82eb-bcc14bcd6344,c53d3d25-3f2c-55e7-a3ba-aee01f63bfe1,2024-04-12T00:00:00,1,Producto vencido o dañado
671cbdfb-d22c-5a49-b83b-8d1a41b8b905,e8aeb018-f679-5670-b210-de4f62ff2111,afe9d181-1c64-5cca-b4b7-a9fa24eceeea,8ecedccf-c230-516b-bbc2-108f7a6fbe63,48c921f3-a2c2-565e-99c2-64bb36d2c3aa,2024-04-12T00:00:00,3,Producto vencido o dañado
f794bfa2-9b5d-529d-947d-eb28666cfbf3,e8aeb018-f679-5670-b210-de4f62ff2111,2933d8b7-2438-521b-b38d-d3a5224f87fc,26f7241d-a84e-5e4a-a43d-33eea1e54eea,6d29d221-ee54-5edd-bc48-b7dd132a1daa,2024-04-13T00:00:00,3,Producto vencido o dañado
00706697-7ff5-516d-bdab-e4357870e1f6,e8aeb018-f679-5670-b210-de4f62ff2111,9928e9a1-d9fc-5fdd-86c2-8909352fd7fe,26f7241d-a84e-5e4a-a43d-33eea1e54eea,8be99408-6b7c-5576-b46f-f70e48d6394b,2024-04-13T00:00:00,1,Producto vencido o dañado
1d458ffb-3638-5f06-94b6-713fdb8033f9,e8aeb018-f679-5670-b210-de4f62ff2111,983871db-adfb-543e-b438-6b00044ffb64,7fb983e8-6848-5425-97a2-14da72722d0f,046d3091-100a-5af1-b7c0-238c5580829f,2024-04-13T00:00:00,3,Producto vencido o dañado
96fd6d95-48ea-5834-ad6f-8b02eb01c669,e8aeb018-f679-5670-b210-de4f62ff2111,07371b94-955f-52a4-9bf9-f0a6ad2b4fa8,d6f21f11-7533-52dd-a4dc-2fb8e260c02c,6602b2d1-d66a-571b-a4bb-4e50977d7358,2024-04-14T00:00:00,3,Producto vencido o dañado
c155e204-aa87-5862-9d2b-f85e633140d7,e8aeb018-f679-5670-b210-de4f62ff2111,5bbfdec8-65ae-59e6-b211-5eccb5b765fa,7fb983e8-6848-5425-97a2-14da72722d0f,27721ed3-c2a7-543d-aa9d-b41196f88871,2024-04-15T00:00:00,3,Producto vencido o dañado
9864b29a-ac8e-5892-932e-48f338dcc4ca,e8aeb018-f679-5670-b210-de4f62ff2111,94e18241-54bd-5516-b36f-94ab6e323aca,26f7241d-a84e-5e4a-a43d-33eea1e54eea,cab03d95-a3da-5408-96c8-41086283ffa9,2024-04-16T00:00:00,2,Producto vencido o dañado
2d2cf22c-af98-5fbb-8481-e11ee11a1c59,e8aeb018-f679-5670-b210-de4f62ff2111,22231140-3780-5fe8-a7d4-d33f61d15111,d6f21f11-7533-52dd-a4dc-2fb8e260c02c,80e0d8ab-cd53-59c1-b08b-e65a41c197ed,2024-04-17T00:00:00,1,Producto vencido o dañado
39224e53-a7ec-5d67-a3f6-3a36c8de45e2,e8aeb018-f679-5670-b210-de4f62ff2111,d2f08f15-f9f2-5f65-a740-b05896774467,7fb983e8-6848-5425-97a2-14da72722d0f,33a1de7e-e95a-5ce0-b9f4-dea09424aee2,2024-04-17T00:00:00,3,Producto vencido o dañado
969726c6-ad40-5d6f-8e45-9509b2c5d742,e8aeb018-f679-5670-b210-de4f62ff2111,2897aac2-f219-5167-b800-73fac27f6b85,d6f21f11-7533-52dd-a4dc-2fb8e260c02c,c8d2b24c-2768-54e3-a33f-9131ab185c54,2024-04-18T00:00:00,3,Producto vencido o dañado
b6031e91-4eb2-57ae-8c6f-d3dedbe0a19b,e8aeb018-f679-5670-b210-de4f62ff2111,d0ae6d2d-e561-56b3-a2c1-113c1c56ae81,43616d97-2221-569d-82eb-bcc14bcd6344,a719cc39-60af-5316-b371-19fb35528b4b,2024-04-19T00:00:00,1,Producto vencido o dañado
7ebeaaf0-af38-57a7-8e8c-95f8d7d63925,e8aeb018-f679-5670-b210-de4f62ff2111,6d807393-f4ab-5f76-b544-251eeda27ba3,d6f21f11-7533-52dd-a4dc-2fb8e260c02c,1ed78d33-eda5-595a-8093-9d7a5af5023d,2024-04-20T00:00:00,1,Producto vencido o dañado
ea654248-3225-55a0-b7c5-1cabee4a1981,e8aeb018-f679-5670-b210-de4f62ff2111,2eb3a104-e572-583a-afa0-156ee0dc4cce,7fb983e8-6848-5425-97a2-14da72722d0f,72c72058-7946-567e-beb3-b30d08308948,2024-04-20T00:00:00,1,Producto vencido o dañado
4309bb36-7657-5111-9a65-503751d466e7,e8aeb018-f679-5670-b210-de4f62ff2111,1ca3438e-9e23-58f0-a35f-f15f7a23beb9,26f7241d-a84e-5e4a-a43d-33eea1e54eea,54aeed24-51c0-5d45-84e6-9c03ce705a2a,2024-04-21T00:00:00,2,Producto vencido o dañado
7377ff83-4cc7-513b-96e7-ede82f1682e7,e8aeb018-f679-5670-b210-de4f62ff2111,07371b94-955f-52a4-9bf9-f0a6ad2b4fa8,7fb983e8-6848-5425-97a2-14da72722d0f,99f84377-a0ed-559d-b4fa-03f19c62ea9f,2024-04-22T00:00:00,3,Producto vencido o dañado
cf0e5540-98cc-5ec4-9071-1a1b0602408c,e8aeb018-f679-5670-b210-de4f62ff2111,2eb3a104-e572-583a-afa0-156ee0dc4cce,d6f21f11-7533-52dd-a4dc-2fb8e260c02c,456bb217-e792-5ef4-becb-c79ba3f28120,2024-04-23T00:00:00,2,Producto vencido o dañado
ee62155a-fba5-53e3-bdaa-b20f13401427,e8aeb018-f679-5670-b210-de4f62ff2111,6d807393-f4ab-5f76-b544-251eeda27ba3,7fb983e8-6848-5425-97a2-14da72722d0f,8fd9fd00-072a-520f-81f9-92c35458b119,2024-04-23T00:00:00,3,Producto vencido o dañado
d9453a47-abd5-5252-9eac-9af6b884d111,e8aeb018-f679-5670-b210-de4f62ff2111,d2f08f15-f9f2-5f65-a740-b05896774467,7fb983e8-6848-5425-97a2-14da72722d0f,33a1de7e-e95a-5ce0-b9f4-dea09424aee2,2024-04-23T00:00:00,3,Producto vencido o dañado
c512218f-1ada-54d0-819e-c39c94f13467,e8aeb018-f679-5670-b210-de4f62ff2111,d0ae6d2d-e561-56b3-a2c1-113c1c56ae81,43616d97-2221-569d-82eb-bcc14bcd6344,a719cc39-60af-5316-b371-19fb35528b4b,2024-04-25T00:00:00,3,Producto vencido o dañado
4254fd1d-9a5f-560b-b41b-e94fc47a457d,e8aeb018-f679-5670-b210-de4f62ff2111,87b859e0-789a-56e6-b1ba-4fe76221d3bf,8ecedccf-c230-516b-bbc2-108f7a6fbe63,4f759db6-bfc0-5721-8d8a-3ffedd0a61d3,2024-04-26T00:00:00,1,Producto vencido o dañado
95766237-36ac-5c95-8078-4c66a97916c4,e8aeb018-f679-5670-b210-de4f62ff2111,87b859e0-789a-56e6-b1ba-4fe76221d3bf,43616d97-2221-569d-82eb-bcc14bcd6344,81aebe9d-5b91-5441-845b-0876813e2b1a,2024-04-27T00:00:00,1,Producto vencido o dañado
d4f9ba95-c07b-583c-b838-81cbb8a29ac7,e8aeb018-f679-5670-b210-de4f62ff2111,2897aac2-f219-5167-b800-73fac27f6b85,43616d97-2221-569d-82eb-bcc14bcd6344,7e72643e-acec-5fa0-8ac6-e60565c352c9,2024-04-27T00:00:00,2,Producto vencido o dañado
10e740fe-e13d-5758-9e11-48938fc2f0bc,e8aeb018-f679-5670-b210-de4f62ff2111,afe9d181-1c64-5cca-b4b7-a9fa24eceeea,43616d97-2221-569d-82eb-bcc14bcd6344,34775d76-9d92-510e-86b1-109e77e7c8ad,2024-04-28T00:00:00,1,Producto vencido o dañado
3b9900d0-7b1e-5080-85e6-2cab0c5b2b10,e8aeb018-f679-5670-b210-de4f62ff2111,5bbfdec8-65ae-59e6-b211-5eccb5b765fa,43616d97-2221-569d-82eb-bcc14bcd6344,0337aea9-6afd-5f86-bae4-a7b700669715,2024-05-01T00:00:00,3,Producto vencido o dañado
291ebf08-e71f-50a1-823e-6bce0c1f6940,e8aeb018-f679-5670-b210-de4f62ff2111,d3961f5a-3ea7-53d3-89f4-78b65b0c0c6b,d6f21f11-7533-52dd-a4dc-2fb8e260c02c,bc206a7a-5011-5f1a-9ba0-91fa58ee364d,2024-05-03T00:00:00,2,Producto vencido o dañado
f411689d-99be-5728-af28-aafc1113e6a7,e8aeb018-f679-5670-b210-de4f62ff2111,6d807393-f4ab-5f76-b544-251eeda27ba3,d6f21f11-7533-52dd-a4dc-2fb8e260c02c,785b2447-2877-5db5-b99a-79f935f38b13,2024-05-03T00:00:00,2,Producto vencido o dañado
4fdf6b38-772e-51d9-b5e2-f439625efbcf,e8aeb018-f679-5670-b210-de4f62ff2111,afe9d181-1c64-5cca-b4b7-a9fa24eceeea,7fb983e8-6848-5425-97a2-14da72722d0f,0d839a52-8ea8-5cf9-9e64-c7ab96201034,2024-05-04T00:00:00,3,Producto vencido o dañado
62216ed3-2ce3-560a-83bb-99628eab72ec,e8aeb018-f679-5670-b210-de4f62ff2111,94e18241-54bd-5516-b36f-94ab6e323aca,7fb983e8-6848-5425-97a2-14da72722d0f,5ce752aa-f39b-5a90-bc6e-76b096b6c65d,2024-05-05T00:00:00,1,Producto vencido o dañado
3812fd04-b63c-5eb9-aea3-a7d5eaf2f85f,e8aeb018-f679-5670-b210-de4f62ff2111,2933d8b7-2438-521b-b38d-d3a5224f87fc,26f7241d-a84e-5e4a-a43d-33eea1e54eea,f34c5c69-155d-5a8c-894c-f9cca21e9d94,2024-05-08T00:00:00,1,Producto vencido o dañado
5448d090-fa56-5436-aca9-87d087afc067,e8aeb018-f679-5670-b210-de4f62ff2111,5bbfdec8-65ae-59e6-b211-5eccb5b765fa,26f7241d-a84e-5e4a-a43d-33eea1e54eea,1ad6a2bf-aba4-5273-97b1-ea585a014714,2024-05-11T00:00:00,2,Producto vencido o dañado
565baa3e-5b90-5b91-bef0-09899c1dd014,e8aeb018-f679-5670-b210-de4f62ff2111,2eb3a104-e572-583a-afa0-156ee0dc4cce,43616d97-2221-569d-82eb-bcc14bcd6344,c46c289c-d542-580a-96e4-7e9e8f5adfba,2024-05-11T00:00:00,3,Producto vencido o dañado
00ba22ad-55d9-5260-84e7-1431518bd8fc,e8aeb018-f679-5670-b210-de4f62ff2111,042e2e80-f954-5df4-97be-29dd428cc598,d6f21f11-7533-52dd-a4dc-2fb8e260c02c,69eff1f9-7719-5446-a6f4-b3329a849da0,2024-05-11T00:00:00,3,Producto vencido o dañado
ccd321fe-e159-56ea-be80-433b94294859,e8aeb018-f679-5670-b210-de4f62ff2111,cd81184b-b6f1-563c-b463-36a69ddfb598,43616d97-2221-569d-82eb-bcc14bcd6344,5a81fe00-c2db-514e-8ccd-24dc65840409,2024-05-13T00:00:00,2,Producto vencido o dañado
d15b2a60-aff4-50f2-a90f-6d28726ef4df,e8aeb018-f679-5670-b210-de4f62ff2111,058c6382-bde2-59d1-93ff-20c6161a4736,26f7241d-a84e-5e4a-a43d-33eea1e54eea,10bcedf0-4e7e-57f6-b93b-84d71fe5750e,2024-05-14T00:00:00,1,Producto vencido o dañado
b44461b7-403f-58e2-a64e-c7f8e827fdd8,e8aeb018-f679-5670-b210-de4f62ff2111,9928e9a1-d9fc-5fdd-86c2-8909352fd7fe,d6f21f11-7533-52dd-a4dc-2fb8e260c02c,faaa68df-d4cf-5858-babd-8b0ae9aaa430,2024-05-14T00:00:00,3,Producto vencido o dañado
76a6a2d8-4935-5843-a0ad-bdefa40cafe6,e8aeb018-f679-5670-b210-de4f62ff2111,d3961f5a-3ea7-53d3-89f4-78b65b0c0c6b,26f7241d-a84e-5e4a-a43d-33eea1e54eea,8f3d576e-4783-5d05-9a76-7bb8891ade03,2024-05-15T00:00:00,2,Producto vencido o dañado
8c8214f0-8b28-5395-affe-e2e86c2417ae,e8aeb018-f679-5670-b210-de4f62ff2111,6d807393-f4ab-5f76-b544-251eeda27ba3,d6f21f11-7533-52dd-a4dc-2fb8e260c02c,785b2447-2877-5db5-b99a-79f935f38b13,2024-05-15T00:00:00,3,Producto vencido o dañado
9cd13788-5778-5c98-8b5c-ea1d7fea74e4,e8aeb018-f679-5670-b210-de4f62ff2111,d3961f5a-3ea7-53d3-89f4-78b65b0c0c6b,43616d97-2221-569d-82eb-bcc14bcd6344,6ad17aa5-b4e0-5813-afc1-8f78b621ff9d,2024-05-16T00:00:00,1,Producto vencido o dañado
8ee12d67-8af0-518c-b9b9-5fb7173d02d5,e8aeb018-f679-5670-b210-de4f62ff2111,94e18241-54bd-5516-b36f-94ab6e323aca,8ecedccf-c230-516b-bbc2-108f7a6fbe63,870fd3dd-38b9-5f6a-93f5-50ec57b1872e,2024-05-17T00:00:00,2,Producto vencido o dañado
ecbdc082-6cbb-50ee-b358-3de22f48b138,e8aeb018-f679-5670-b210-de4f62ff2111,94e18241-54bd-5516-b36f-94ab6e323aca,7fb983e8-6848-5425-97a2-14da72722d0f,5ce752aa-f39b-5a90-bc6e-76b096b6c65d,2024-05-17T00:00:00,3,Producto vencido o dañado
21f37a0b-6f2e-5e7f-9177-81a8086628e5,e8aeb018-f679-5670-b210-de4f62ff2111,22231140-3780-5fe8-a7d4-d33f61d15111,26f7241d-a84e-5e4a-a43d-33eea1e54eea,a0881c8f-494d-52f4-9e82-0298e2127f6c,2024-05-19T00:00:00,1,Producto vencido o dañado
268a7d6f-3b2a-5e7e-a69d-0754f900646e,e8aeb018-f679-5670-b210-de4f62ff2111,058c6382-bde2-59d1-93ff-20c6161a4736,d6f21f11-7533-52dd-a4dc-2fb8e260c02c,95101e18-acc9-5174-98d7-2c956259813b,2024-05-20T00:00:00,1,Producto vencido o dañado
29dc96c4-8dc9-5da3-aed1-24ad2e9011b3,e8aeb018-f679-5670-b210-de4f62ff2111,87b859e0-789a-56e6-b1ba-4fe76221d3bf,d6f21f11-7533-52dd-a4dc-2fb8e260c02c,d77e1a2e-a05c-5e16-862c-fd324b5978bc,2024-05-20T00:00:00,1,Producto vencido o dañado
f30e1c76-ab7b-529b-861f-09a2ee5a19b0,e8aeb018-f679-5670-b210-de4f62ff2111,0ec23038-d3ab-588c-bbd6-1f5c744cdde1,43616d97-2221-569d-82eb-bcc14bcd6344,c214cac3-e7d5-5e72-887f-d1460142eb6b,2024-05-21T00:00:00,3,Producto vencido o dañado
493ed038-e19e-5a27-971d-66a8e6cbad02,e8aeb018-f679-5670-b210-de4f62ff2111,2eb3a104-e572-583a-afa0-156ee0dc4cce,26f7241d-a84e-5e4a-a43d-33eea1e54eea,ab44e597-865f-58f6-b20e-0b978dd226d9,2024-05-22T00:00:00,3,Producto vencido o dañado
55ecfe4d-4b53-5dfe-8c83-27fea60d6d4d,e8aeb018-f679-5670-b210-de4f62ff2111,cd81184b-b6f1-563c-b463-36a69ddfb598,8ecedccf-c230-516b-bbc2-108f7a6fbe63,5090d944-9ba5-59c1-a546-0800a3ec7019,2024-05-24T00:00:00,1,Producto vencido o dañado
fa3ea79b-9939-5861-9944-e54015237c60,e8aeb018-f679-5670-b210-de4f62ff2111,012857cc-907f-5e7d-b8fb-796d2c9f1621,d6f21f11-7533-52dd-a4dc-2fb8e260c02c,12b8a079-603f-57ae-aeef-254f09e05f70,2024-05-25T00:00:00,2,Producto vencido o dañado
a4348086-e307-5899-8c5e-ead7533671d6,e8aeb018-f679-5670-b210-de4f62ff2111,afe9d181-1c64-5cca-b4b7-a9fa24eceeea,7fb983e8-6848-5425-97a2-14da72722d0f,4865ca13-927c-5e94-b692-d9ba9fad6c49,2024-05-25T00:00:00,2,Producto vencido o dañado
d6c66070-f741-5c58-a46b-dc3632ba3fdd,e8aeb018-f679-5670-b210-de4f62ff2111,97d26d91-c562-5f27-9ebd-285e89c8f4bf,7fb983e8-6848-5425-97a2-14da72722d0f,4824f48c-01e2-5afa-8a69-5e6af4f96f51,2024-05-26T00:00:00,2,Producto vencido o dañado
fa4229d8-67da-50ce-8c99-fb38e4907fc6,e8aeb018-f679-5670-b210-de4f62ff2111,c0cf5e5c-b5c9-585a-8e79-d9830bc954f6,26f7241d-a84e-5e4a-a43d-33eea1e54eea,ee7900e0-dec3-576b-8a20-35f3a4152948,2024-05-27T00:00:00,3,Producto vencido o dañado
772905a7-0711-5d2e-957f-a6bfdbc01f63,e8aeb018-f679-5670-b210-de4f62ff2111,d3961f5a-3ea7-53d3-89f4-78b65b0c0c6b,43616d97-2221-569d-82eb-bcc14bcd6344,2e19f724-4f13-59d8-8044-b1bce1c3683a,2024-05-27T00:00:00,1,Producto vencido o dañado
5e11ee0c-5303-54c2-b433-7ae917a04174,e8aeb018-f679-5670-b210-de4f62ff2111,2082733c-4e17-51fe-bc8c-bf33d3ec5d7e,8ecedccf-c230-516b-bbc2-108f7a6fbe63,638e88cc-29c0-5e9a-b6f6-650f835d956e,2024-05-28T00:00:00,1,Producto vencido o dañado
06ff4139-7037-5480-8523-8b9a53d325e5,e8aeb018-f679-5670-b210-de4f62ff2111,38adf7ba-476e-5e6b-9163-781a13538253,d6f21f11-7533-52dd-a4dc-2fb8e260c02c,a0e2ceb4-de1a-5001-9113-11b8edeb8323,2024-05-29T00:00:00,2,Producto vencido o dañado
aa3dfd94-f7b7-5786-9bd7-03bfda17f86c,e8aeb018-f679-5670-b210-de4f62ff2111,97d26d91-c562-5f27-9ebd-285e89c8f4bf,d6f21f11-7533-52dd-a4dc-2fb8e260c02c,4c8a987e-f9b4-5c9c-bc5f-b30bd98be057,2024-05-29T00:00:00,2,Producto vencido o dañado
413fa0cc-9404-5ff8-ac23-d776a487ee9d,e8aeb018-f679-5670-b210-de4f62ff2111,22231140-3780-5fe8-a7d4-d33f61d15111,8ecedccf-c230-516b-bbc2-108f7a6fbe63,5461df4d-d834-5fb5-98e9-b280c82b0998,2024-05-29T00:00:00,3,Producto vencido o dañado
90bcfba5-4ed8-5b58-9600-a16a3025211f,e8aeb018-f679-5670-b210-de4f62ff2111,012857cc-907f-5e7d-b8fb-796d2c9f1621,7fb983e8-6848-5425-97a2-14da72722d0f,e9f7e029-cda2-511a-bfc5-d35ef8ff1861,2024-05-29T00:00:00,2,Producto vencido o dañado
a2cca0fb-dc6b-57ed-b142-3ebe34d648f3,e8aeb018-f679-5670-b210-de4f62ff2111,1e9605fd-5682-52b6-8f05-e8a92dd44513,7fb983e8-6848-5425-97a2-14da72722d0f,82f23df2-6684-5eec-a726-5861ddb47564,2024-05-29T00:00:00,2,Producto vencido o dañado
28bfc7d9-c490-5a04-add3-c87af18899d0,e8aeb018-f679-5670-b210-de4f62ff2111,058c6382-bde2-59d1-93ff-20c6161a4736,43616d97-2221-569d-82eb-bcc14bcd6344,56dd977f-0564-5a0d-a3b3-7584000ba514,2024-05-30T00:00:00,2,Producto vencido o dañado
bfbaa23b-07fc-55a5-945f-0f22de05500d,e8aeb018-f679-5670-b210-de4f62ff2111,d9506935-1215-5499-93c0-8bdd86ab9418,8ecedccf-c230-516b-bbc2-108f7a6fbe63,ce47a68a-f500-57b3-af51-886a31f5ad65,2024-05-31T00:00:00,1,Producto vencido o dañado
2d3e9abd-180c-5128-845f-3c0938b4968a,e8aeb018-f679-5670-b210-de4f62ff2111,9928e9a1-d9fc-5fdd-86c2-8909352fd7fe,7fb983e8-6848-5425-97a2-14da72722d0f,d054dbb1-bcc4-5278-ab55-37afa17e3c4b,2024-05-31T00:00:00,1,Producto vencido o dañado
2cb957e6-ac80-53c6-993e-20a44945d960,e8aeb018-f679-5670-b210-de4f62ff2111,97d26d91-c562-5f27-9ebd-285e89c8f4bf,d6f21f11-7533-52dd-a4dc-2fb8e260c02c,8ede11b6-15c2-57a8-90c7-671586bbc01d,2024-06-01T00:00:00,1,Producto vencido o dañado
d2e09550-0dd0-524c-8763-ce25c9f4598b,e8aeb018-f679-5670-b210-de4f62ff2111,2082733c-4e17-51fe-bc8c-bf33d3ec5d7e,8ecedccf-c230-516b-bbc2-108f7a6fbe63,638e88cc-29c0-5e9a-b6f6-650f835d956e,2024-06-02T00:00:00,3,Producto vencido o dañado
00f15ae6-84a1-5656-8491-5aef541b330b,e8aeb018-f679-5670-b210-de4f62ff2111,042e2e80-f954-5df4-97be-29dd428cc598,43616d97-2221-569d-82eb-bcc14bcd6344,f8256cb3-2e4d-5318-9e83-60cef053f02a,2024-06-03T00:00:00,1,Producto vencido o dañado
6fe60e47-8b37-5195-9883-67197db53e8a,e8aeb018-f679-5670-b210-de4f62ff2111,2eb3a104-e572-583a-afa0-156ee0dc4cce,d6f21f11-7533-52dd-a4dc-2fb8e260c02c,7c811bd2-2597-5d44-8462-63af260e572a,2024-06-03T00:00:00,2,Producto vencido o dañado
2d3b2106-4e70-5cd5-bec9-0f924eef57c0,e8aeb018-f679-5670-b210-de4f62ff2111,2082733c-4e17-51fe-bc8c-bf33d3ec5d7e,d6f21f11-7533-52dd-a4dc-2fb8e260c02c,9181cff2-1835-563a-adc2-08b48dc55ef5,2024-06-04T00:00:00,3,Producto vencido o dañado
c3aa5e26-dca9-5d14-9a57-42d2b4213ac2,e8aeb018-f679-5670-b210-de4f62ff2111,1ca3438e-9e23-58f0-a35f-f15f7a23beb9,43616d97-2221-569d-82eb-bcc14bcd6344,150d8c68-55b8-5713-a4b7-a815f330cb22,2024-06-06T00:00:00,3,Producto vencido o dañado
ea7e34c2-6543-5f9f-b420-f81d25f36276,e8aeb018-f679-5670-b210-de4f62ff2111,c0cf5e5c-b5c9-585a-8e79-d9830bc954f6,d6f21f11-7533-52dd-a4dc-2fb8e260c02c,425035e8-dcac-5409-8093-6c81ec1715c5,2024-06-08T00:00:00,3,Producto vencido o dañado
1862727b-df5d-5e0b-be12-7ffe4450f1ac,e8aeb018-f679-5670-b210-de4f62ff2111,94e18241-54bd-5516-b36f-94ab6e323aca,d6f21f11-7533-52dd-a4dc-2fb8e260c02c,7299dbcd-45ac-513a-8fec-c3d6ff9a0907,2024-06-08T00:00:00,2,Producto vencido o dañado
beecee53-6c25-57a0-9c45-56302821cf2c,e8aeb018-f679-5670-b210-de4f62ff2111,4d9429b6-2ebf-5b5d-ac48-f779d5a1e270,7fb983e8-6848-5425-97a2-14da72722d0f,e3af9199-728a-55bf-8673-99fef3e429d9,2024-06-08T00:00:00,2,Producto vencido o dañado
764ee1f5-4eb7-5cca-8a0d-199c38515f1a,e8aeb018-f679-5670-b210-de4f62ff2111,6baabed2-52d7-5cb7-bf74-86c7cb3e4f07,8ecedccf-c230-516b-bbc2-108f7a6fbe63,749ed8e8-2bb6-537b-bb1d-349254652604,2024-06-09T00:00:00,2,Producto vencido o dañado
16e85d9c-63b0-59fe-938a-90db89dada3b,e8aeb018-f679-5670-b210-de4f62ff2111,2933d8b7-2438-521b-b38d-d3a5224f87fc,26f7241d-a84e-5e4a-a43d-33eea1e54eea,47c030c8-2be2-507c-80b3-fbb29d395560,2024-06-10T00:00:00,2,Producto vencido o dañado
45916b62-2ed6-5b58-aede-3d547c47f5a4,e8aeb018-f679-5670-b210-de4f62ff2111,1e9605fd-5682-52b6-8f05-e8a92dd44513,d6f21f11-7533-52dd-a4dc-2fb8e260c02c,e2a00371-29d9-55cf-bb2a-24b148f5e87f,2024-06-10T00:00:00,2,Producto vencido o dañado
2156305c-8d50-542b-8590-188c6a28af2f,e8aeb018-f679-5670-b210-de4f62ff2111,d2f08f15-f9f2-5f65-a740-b05896774467,43616d97-2221-569d-82eb-bcc14bcd6344,ba21a37e-df5f-5e8a-ab70-c4376ea3ba69,2024-06-11T00:00:00,2,Producto vencido o dañado
2c978757-ef28-5f05-b32d-838dac577997,e8aeb018-f679-5670-b210-de4f62ff2111,2933d8b7-2438-521b-b38d-d3a5224f87fc,26f7241d-a84e-5e4a-a43d-33eea1e54eea,47c030c8-2be2-507c-80b3-fbb29d395560,2024-06-12T00:00:00,1,Producto vencido o dañado
c01249e2-5ecc-5386-9fe0-b01d91818a7d,e8aeb018-f679-5670-b210-de4f62ff2111,c0cf5e5c-b5c9-585a-8e79-d9830bc954f6,26f7241d-a84e-5e4a-a43d-33eea1e54eea,b815fe05-ab8e-52ce-a781-292c6e7b0dc3,2024-06-12T00:00:00,1,Producto vencido o dañado
093cfd0a-d9bc-5548-8de3-de290d20eea4,e8aeb018-f679-5670-b210-de4f62ff2111,07371b94-955f-52a4-9bf9-f0a6ad2b4fa8,43616d97-2221-569d-82eb-bcc14bcd6344,66acfac5-e845-567a-80cb-a139aecb4d14,2024-06-12T00:00:00,1,Producto vencido o dañado
4aa06780-acef-5573-a887-25abf4ed67e5,e8aeb018-f679-5670-b210-de4f62ff2111,2933d8b7-2438-521b-b38d-d3a5224f87fc,8ecedccf-c230-516b-bbc2-108f7a6fbe63,97e56920-a838-59c6-9045-637804eeb04d,2024-06-12T00:00:00,3,Producto vencido o dañado
9cd2bdaf-56f8-52a7-a0ac-d57c4aac272b,e8aeb018-f679-5670-b210-de4f62ff2111,87b859e0-789a-56e6-b1ba-4fe76221d3bf,26f7241d-a84e-5e4a-a43d-33eea1e54eea,a694d550-b2e9-5ba9-964c-325df205d9fb,2024-06-13T00:00:00,1,Producto vencido o dañado
8b3a88ac-867a-54bc-8b7c-a68243ee97a9,e8aeb018-f679-5670-b210-de4f62ff2111,97d26d91-c562-5f27-9ebd-285e89c8f4bf,43616d97-2221-569d-82eb-bcc14bcd6344,3420cac2-0c75-5f39-9ce2-2131dac5c0a4,2024-06-13T00:00:00,2,Producto vencido o dañado
62c65bef-2a6a-5823-819d-0edb31cafb84,e8aeb018-f679-5670-b210-de4f62ff2111,d3961f5a-3ea7-53d3-89f4-78b65b0c0c6b,8ecedccf-c230-516b-bbc2-108f7a6fbe63,30f9cca7-995a-5bb2-b1eb-9738386f9550,2024-06-13T00:00:00,1,Producto vencido o dañado
00bcb37e-7a67-5aa9-8193-3cde549d9fe9,e8aeb018-f679-5670-b210-de4f62ff2111,d0ae6d2d-e561-56b3-a2c1-113c1c56ae81,43616d97-2221-569d-82eb-bcc14bcd6344,1ebb833a-794c-5a86-b0e9-90dbfacd7f05,2024-06-14T00:00:00,2,Producto vencido o dañado
4ff851ed-f638-5d57-a0b1-56afb48049c0,e8aeb018-f679-5670-b210-de4f62ff2111,afe9d181-1c64-5cca-b4b7-a9fa24eceeea,8ecedccf-c230-516b-bbc2-108f7a6fbe63,da0eaefc-e5d2-5614-9a5b-c60e9e815b78,2024-06-14T00:00:00,2,Producto vencido o dañado
ae6fc150-638c-5bbc-a817-de36d2bbc74b,e8aeb018-f679-5670-b210-de4f62ff2111,012857cc-907f-5e7d-b8fb-796d2c9f1621,8ecedccf-c230-516b-bbc2-108f7a6fbe63,2d606c7b-52f0-50e5-bdb0-bd8a25ce3c01,2024-06-15T00:00:00,3,Producto vencido o dañado
899a36ad-c547-56bd-8a22-f7088bad2016,e8aeb018-f679-5670-b210-de4f62ff2111,97d26d91-c562-5f27-9ebd-285e89c8f4bf,7fb983e8-6848-5425-97a2-14da72722d0f,4824f48c-01e2-5afa-8a69-5e6af4f96f51,2024-06-15T00:00:00,2,Producto vencido o dañado
7cc5ec82-e2f1-5a2b-a48f-8f8f10427f0e,e8aeb018-f679-5670-b210-de4f62ff2111,82cd11ba-d1a0-58b1-b14f-edd741f36e87,d6f21f11-7533-52dd-a4dc-2fb8e260c02c,5d428361-b156-5329-81c5-afa873e7ace1,2024-06-16T00:00:00,2,Producto vencido o dañado
41ac1315-9e7f-5847-aaee-95dcb5df3342,e8aeb018-f679-5670-b210-de4f62ff2111,07371b94-955f-52a4-9bf9-f0a6ad2b4fa8,8ecedccf-c230-516b-bbc2-108f7a6fbe63,db738820-95d5-5fb0-9811-fdc8a8cd9f87,2024-06-16T00:00:00,1,Producto vencido o dañado
7d3c6f4a-c92d-54b4-b81c-67c09771fd8a,e8aeb018-f679-5670-b210-de4f62ff2111,4d9429b6-2ebf-5b5d-ac48-f779d5a1e270,8ecedccf-c230-516b-bbc2-108f7a6fbe63,941363a4-0c17-5da6-8686-880f6fa7ea35,2024-06-17T00:00:00,3,Producto vencido o dañado
bd80b2c7-6d85-5744-ad9d-647fccacc961,e8aeb018-f679-5670-b210-de4f62ff2111,1e9605fd-5682-52b6-8f05-e8a92dd44513,d6f21f11-7533-52dd-a4dc-2fb8e260c02c,e2a00371-29d9-55cf-bb2a-24b148f5e87f,2024-06-18T00:00:00,3,Producto vencido o dañado
483f55f7-6289-5c07-ab29-cca2fc7ec5e7,e8aeb018-f679-5670-b210-de4f62ff2111,2897aac2-f219-5167-b800-73fac27f6b85,8ecedccf-c230-516b-bbc2-108f7a6fbe63,bae88119-3a73-507d-9693-01f57f25dea0,2024-06-18T00:00:00,1,Producto vencido o dañado
ce4b7ac1-7cf6-5838-87ff-85262194e250,e8aeb018-f679-5670-b210-de4f62ff2111,2897aac2-f219-5167-b800-73fac27f6b85,d6f21f11-7533-52dd-a4dc-2fb8e260c02c,e4563a7e-317a-5315-930c-eac1c64ff6b5,2024-06-19T00:00:00,3,Producto vencido o dañado
21a0ba8c-7c3c-5815-b151-060acea85683,e8aeb018-f679-5670-b210-de4f62ff2111,d3961f5a-3ea7-53d3-89f4-78b65b0c0c6b,26f7241d-a84e-5e4a-a43d-33eea1e54eea,e3893838-63b6-58b7-9326-61c1c3bdf9d5,2024-06-20T00:00:00,3,Producto vencido o dañado
d8a7e09f-c284-54a7-8be6-0807323bc1de,e8aeb018-f679-5670-b210-de4f62ff2111,6d807393-f4ab-5f76-b544-251eeda27ba3,d6f21f11-7533-52dd-a4dc-2fb8e260c02c,1389dc4b-dc64-5eb2-97fb-4c848b3a6a64,2024-06-20T00:00:00,2,Producto vencido o dañado
4fb7eab0-4a92-55fa-9aa5-bb26bb15a82c,e8aeb018-f679-5670-b210-de4f62ff2111,c0cf5e5c-b5c9-585a-8e79-d9830bc954f6,d6f21f11-7533-52dd-a4dc-2fb8e260c02c,9991231b-e4fd-5180-8174-7f12b869c6d0,2024-06-20T00:00:00,1,Producto vencido o dañado
5e037c4e-fc16-56c7-829e-f94554c8e763,e8aeb018-f679-5670-b210-de4f62ff2111,0ec23038-d3ab-588c-bbd6-1f5c744cdde1,43616d97-2221-569d-82eb-bcc14bcd6344,2ce33fbe-2aba-5812-b413-f732cae9f1a8,2024-06-21T00:00:00,1,Producto vencido o dañado
86c785f9-c5fc-5cbc-b6d1-c1ee9146d05c,e8aeb018-f679-5670-b210-de4f62ff2111,2082733c-4e17-51fe-bc8c-bf33d3ec5d7e,d6f21f11-7533-52dd-a4dc-2fb8e260c02c,76a05ba4-f564-5c9c-841b-aa9812f65c4d,2024-06-21T00:00:00,2,Producto vencido o dañado
85d607b0-cff2-593d-9c69-6b7c57409b14,e8aeb018-f679-5670-b210-de4f62ff2111,5bbfdec8-65ae-59e6-b211-5eccb5b765fa,8ecedccf-c230-516b-bbc2-108f7a6fbe63,93d5577d-63d1-5182-b2da-4178b34d84b4,2024-06-21T00:00:00,2,Producto vencido o dañado
31801b08-3061-543b-989d-d7d65e3ff40b,e8aeb018-f679-5670-b210-de4f62ff2111,2eb3a104-e572-583a-afa0-156ee0dc4cce,7fb983e8-6848-5425-97a2-14da72722d0f,500ab920-c554-5f58-840d-abb9401f767c,2024-06-21T00:00:00,1,Producto vencido o dañado
c2b24acf-5c7b-5d29-aebb-c85ee39ea4c5,e8aeb018-f679-5670-b210-de4f62ff2111,2933d8b7-2438-521b-b38d-d3a5224f87fc,26f7241d-a84e-5e4a-a43d-33eea1e54eea,47c030c8-2be2-507c-80b3-fbb29d395560,2024-06-22T00:00:00,2,Producto vencido o dañado
29210a29-e3e6-5ed9-b069-cac58ff6baa1,e8aeb018-f679-5670-b210-de4f62ff2111,22231140-3780-5fe8-a7d4-d33f61d15111,d6f21f11-7533-52dd-a4dc-2fb8e260c02c,e9e212dd-5f02-5303-a3a3-fa60f06a4f63,2024-06-22T00:00:00,1,Producto vencido o dañado
3cb36dd0-56a8-5ac0-bfcb-8bd88548fcd4,e8aeb018-f679-5670-b210-de4f62ff2111,82cd11ba-d1a0-58b1-b14f-edd741f36e87,7fb983e8-6848-5425-97a2-14da72722d0f,da5e2c73-1f45-52e0-be33-45fb509d20f9,2024-06-22T00:00:00,2,Producto vencido o dañado
78b1e5e8-621c-5559-8eb3-353b915d3c9b,e8aeb018-f679-5670-b210-de4f62ff2111,97d26d91-c562-5f27-9ebd-285e89c8f4bf,43616d97-2221-569d-82eb-bcc14bcd6344,bd57a866-cf0b-5fa7-9576-71666c26d1d6,2024-06-24T00:00:00,1,Producto vencido o dañado
0839170f-51be-5457-9925-e9d0f8bed587,e8aeb018-f679-5670-b210-de4f62ff2111,87b859e0-789a-56e6-b1ba-4fe76221d3bf,43616d97-2221-569d-82eb-bcc14bcd6344,fc04799a-b67d-5ee5-b8f8-5047b6838281,2024-06-26T00:00:00,1,Producto vencido o dañado
90928355-bb6e-5b44-8959-6b431df714a3,e8aeb018-f679-5670-b210-de4f62ff2111,c0cf5e5c-b5c9-585a-8e79-d9830bc954f6,26f7241d-a84e-5e4a-a43d-33eea1e54eea,b815fe05-ab8e-52ce-a781-292c6e7b0dc3,2024-06-28T00:00:00,1,Producto vencido o dañado
40fdddc6-e903-5cc0-87a0-4ab0bfd3b537,e8aeb018-f679-5670-b210-de4f62ff2111,97d26d91-c562-5f27-9ebd-285e89c8f4bf,43616d97-2221-569d-82eb-bcc14bcd6344,bd57a866-cf0b-5fa7-9576-71666c26d1d6,2024-06-28T00:00:00,3,Producto vencido o dañado
175d1c8d-0928-5579-892f-da71d505abd2,e8aeb018-f679-5670-b210-de4f62ff2111,6baabed2-52d7-5cb7-bf74-86c7cb3e4f07,43616d97-2221-569d-82eb-bcc14bcd6344,494c650f-7034-5470-b1d9-6e4c7cc988e0,2024-06-28T00:00:00,3,Producto vencido o dañado
f437d85a-4f8d-58a4-a0e2-864b9adba158,e8aeb018-f679-5670-b210-de4f62ff2111,2eb3a104-e572-583a-afa0-156ee0dc4cce,d6f21f11-7533-52dd-a4dc-2fb8e260c02c,4ea3fce0-f978-5872-85cb-0619b822a6c8,2024-06-28T00:00:00,2,Producto vencido o dañado
a397c86f-106f-54ed-8d52-8c3b1f0eea58,e8aeb018-f679-5670-b210-de4f62ff2111,6d807393-f4ab-5f76-b544-251eeda27ba3,8ecedccf-c230-516b-bbc2-108f7a6fbe63,b3c8360c-f8a9-56d9-9afa-fce7f92eec68,2024-06-28T00:00:00,1,Producto vencido o dañado
9f4f1f67-3f0c-5d40-84c2-a2a7703e06b1,e8aeb018-f679-5670-b210-de4f62ff2111,2082733c-4e17-51fe-bc8c-bf33d3ec5d7e,7fb983e8-6848-5425-97a2-14da72722d0f,0119e379-263e-5ea7-9c59-153bf9e90262,2024-06-29T00:00:00,2,Producto vencido o dañado
58e26948-1aa7-577c-ac37-43d1bcca1301,e8aeb018-f679-5670-b210-de4f62ff2111,82cd11ba-d1a0-58b1-b14f-edd741f36e87,7fb983e8-6848-5425-97a2-14da72722d0f,0c16162e-c3a0-597c-8321-331379fb90eb,2024-06-30T00:00:00,2,Producto vencido o dañado
8218e0e2-9c2c-55e2-8c7b-91943f57e21f,e8aeb018-f679-5670-b210-de4f62ff2111,6baabed2-52d7-5cb7-bf74-86c7cb3e4f07,d6f21f11-7533-52dd-a4dc-2fb8e260c02c,657790f5-7192-5e8e-b712-1db33fa13ddd,2024-07-01T00:00:00,1,Producto vencido o dañado
ef26ff51-9c1f-5bd5-992a-c2ee9124999e,e8aeb018-f679-5670-b210-de4f62ff2111,d0ae6d2d-e561-56b3-a2c1-113c1c56ae81,26f7241d-a84e-5e4a-a43d-33eea1e54eea,68f951d7-6f59-5293-b0cf-6030585eeca4,2024-07-02T00:00:00,3,Producto vencido o dañado
20ee9162-d945-50ee-baae-33e922d7a418,e8aeb018-f679-5670-b210-de4f62ff2111,82cd11ba-d1a0-58b1-b14f-edd741f36e87,43616d97-2221-569d-82eb-bcc14bcd6344,8a21d365-584e-57f8-82a9-2fcbeebea90f,2024-07-02T00:00:00,3,Producto vencido o dañado
c338356f-7706-5d19-a1bd-d3a83880619f,e8aeb018-f679-5670-b210-de4f62ff2111,5bbfdec8-65ae-59e6-b211-5eccb5b765fa,8ecedccf-c230-516b-bbc2-108f7a6fbe63,93d5577d-63d1-5182-b2da-4178b34d84b4,2024-07-02T00:00:00,3,Producto vencido o dañado
6ac38cbf-2568-5ca7-af35-693fb1ed3623,e8aeb018-f679-5670-b210-de4f62ff2111,d9506935-1215-5499-93c0-8bdd86ab9418,26f7241d-a84e-5e4a-a43d-33eea1e54eea,fa83c582-e5e0-5f6d-9d9b-f968a37b2e27,2024-07-03T00:00:00,2,Producto vencido o dañado
2ab3446b-add9-5966-900e-6cd6215c8868,e8aeb018-f679-5670-b210-de4f62ff2111,4d9429b6-2ebf-5b5d-ac48-f779d5a1e270,8ecedccf-c230-516b-bbc2-108f7a6fbe63,941363a4-0c17-5da6-8686-880f6fa7ea35,2024-07-03T00:00:00,1,Producto vencido o dañado
7821b976-e8b6-53f7-8895-f72c7e471e1d,e8aeb018-f679-5670-b210-de4f62ff2111,c0cf5e5c-b5c9-585a-8e79-d9830bc954f6,d6f21f11-7533-52dd-a4dc-2fb8e260c02c,fddb9e3d-e95e-54fb-bd3f-ea45899cc50d,2024-07-04T00:00:00,1,Producto vencido o dañado
81f63360-f85e-515a-834f-09715abbbe2a,e8aeb018-f679-5670-b210-de4f62ff2111,d0ae6d2d-e561-56b3-a2c1-113c1c56ae81,d6f21f11-7533-52dd-a4dc-2fb8e260c02c,b86cbab1-8302-53bc-ac78-be57a0b61a7c,2024-07-04T00:00:00,2,Producto vencido o dañado
69aa4b93-20f7-5561-a2e3-aa86b214001e,e8aeb018-f679-5670-b210-de4f62ff2111,38adf7ba-476e-5e6b-9163-781a13538253,d6f21f11-7533-52dd-a4dc-2fb8e260c02c,fd8bff2e-9c89-59be-9e00-cc0344aeab5c,2024-07-06T00:00:00,2,Producto vencido o dañado
d4e4fde7-71bd-5fc7-ae34-f7eb962d242f,e8aeb018-f679-5670-b210-de4f62ff2111,cd81184b-b6f1-563c-b463-36a69ddfb598,d6f21f11-7533-52dd-a4dc-2fb8e260c02c,567ca6f9-9bb0-5c98-8031-05ff4bf09a39,2024-07-06T00:00:00,1,Producto vencido o dañado
80f619ea-18c4-557e-8b11-2cd9bf2976d4,e8aeb018-f679-5670-b210-de4f62ff2111,82cd11ba-d1a0-58b1-b14f-edd741f36e87,8ecedccf-c230-516b-bbc2-108f7a6fbe63,61dc9c7c-65b4-5651-a307-7e71b8250ac7,2024-07-06T00:00:00,3,Producto vencido o dañado
f2d4b503-0c95-5cd4-84ec-5add7fcd998d,e8aeb018-f679-5670-b210-de4f62ff2111,07371b94-955f-52a4-9bf9-f0a6ad2b4fa8,8ecedccf-c230-516b-bbc2-108f7a6fbe63,7f91752f-00ae-5a5d-898e-78069485d6b6,2024-07-06T00:00:00,1,Producto vencido o dañado
48cc5155-3e09-5739-9610-6b6e9ff79d9d,e8aeb018-f679-5670-b210-de4f62ff2111,cd81184b-b6f1-563c-b463-36a69ddfb598,8ecedccf-c230-516b-bbc2-108f7a6fbe63,40b3f4ab-eb2e-5a1f-86d4-cf0d6cb0daa2,2024-07-06T00:00:00,2,Producto vencido o dañado
1d709ddb-1e8a-5341-a592-c320f7078a5f,e8aeb018-f679-5670-b210-de4f62ff2111,9928e9a1-d9fc-5fdd-86c2-8909352fd7fe,8ecedccf-c230-516b-bbc2-108f7a6fbe63,ea84232e-957e-58c2-ae70-3ed93f4c21ea,2024-07-07T00:00:00,1,Producto vencido o dañado
b8c448dc-a46e-5703-8c7a-bd8d0ab64576,e8aeb018-f679-5670-b210-de4f62ff2111,c0cf5e5c-b5c9-585a-8e79-d9830bc954f6,8ecedccf-c230-516b-bbc2-108f7a6fbe63,1fca1f41-d663-5230-8c86-c3c64913f1f0,2024-07-07T00:00:00,2,Producto vencido o dañado
849fd147-34ee-5027-b56a-c75eeb0b49b0,e8aeb018-f679-5670-b210-de4f62ff2111,38adf7ba-476e-5e6b-9163-781a13538253,d6f21f11-7533-52dd-a4dc-2fb8e260c02c,fd8bff2e-9c89-59be-9e00-cc0344aeab5c,2024-07-08T00:00:00,2,Producto vencido o dañado
0ffa5d5e-6338-5100-9967-0ef40a59fc3a,e8aeb018-f679-5670-b210-de4f62ff2111,87b859e0-789a-56e6-b1ba-4fe76221d3bf,8ecedccf-c230-516b-bbc2-108f7a6fbe63,b5e3d729-3b38-5912-bb74-3e82d42463f1,2024-07-08T00:00:00,2,Producto vencido o dañado
79c8d125-bfbf-5828-89a5-6b75559c4c35,e8aeb018-f679-5670-b210-de4f62ff2111,97d26d91-c562-5f27-9ebd-285e89c8f4bf,7fb983e8-6848-5425-97a2-14da72722d0f,96466646-2aab-59e3-a696-3b62c9759667,2024-07-08T00:00:00,3,Producto vencido o dañado
0c171ad7-58c1-5fbf-b6be-b5df4acca0b4,e8aeb018-f679-5670-b210-de4f62ff2111,9928e9a1-d9fc-5fdd-86c2-8909352fd7fe,26f7241d-a84e-5e4a-a43d-33eea1e54eea,7cf6be7f-3dc4-5b0f-adc2-65ec40b51049,2024-07-09T00:00:00,2,Producto vencido o dañado
cff10a71-3965-5dd5-b632-efbbf4434034,e8aeb018-f679-5670-b210-de4f62ff2111,94e18241-54bd-5516-b36f-94ab6e323aca,7fb983e8-6848-5425-97a2-14da72722d0f,2e115ebf-3b19-5df3-9969-56d0cd679e5e,2024-07-12T00:00:00,2,Producto vencido o dañado
b7e5b906-0b3f-5ad3-a330-c55555cc8dbf,e8aeb018-f679-5670-b210-de4f62ff2111,d0ae6d2d-e561-56b3-a2c1-113c1c56ae81,26f7241d-a84e-5e4a-a43d-33eea1e54eea,82daade4-64a7-5335-9ae3-10d6004aa5b1,2024-07-13T00:00:00,1,Producto vencido o dañado
9a6523af-c3b3-5bcf-af3e-df92c478982e,e8aeb018-f679-5670-b210-de4f62ff2111,2eb3a104-e572-583a-afa0-156ee0dc4cce,d6f21f11-7533-52dd-a4dc-2fb8e260c02c,4ea3fce0-f978-5872-85cb-0619b822a6c8,2024-07-13T00:00:00,1,Producto vencido o dañado
df69ae16-1233-544f-91a6-4a1028235b9b,e8aeb018-f679-5670-b210-de4f62ff2111,2082733c-4e17-51fe-bc8c-bf33d3ec5d7e,d6f21f11-7533-52dd-a4dc-2fb8e260c02c,76a05ba4-f564-5c9c-841b-aa9812f65c4d,2024-07-14T00:00:00,1,Producto vencido o dañado
95abdd11-6a84-5a31-9e71-b4da402c3c44,e8aeb018-f679-5670-b210-de4f62ff2111,94e18241-54bd-5516-b36f-94ab6e323aca,8ecedccf-c230-516b-bbc2-108f7a6fbe63,50e99e3d-7801-5592-8637-d76f1dbeea9a,2024-07-15T00:00:00,1,Producto vencido o dañado
fee502be-fdbc-5b2e-a8b2-58f54e449e4e,e8aeb018-f679-5670-b210-de4f62ff2111,2933d8b7-2438-521b-b38d-d3a5224f87fc,26f7241d-a84e-5e4a-a43d-33eea1e54eea,5fafd6fd-f692-59e3-8f3d-5800f8ceea9a,2024-07-16T00:00:00,1,Producto vencido o dañado
dd21c86e-5ffd-59ec-955e-96f1c6c978e4,e8aeb018-f679-5670-b210-de4f62ff2111,2eb3a104-e572-583a-afa0-156ee0dc4cce,43616d97-2221-569d-82eb-bcc14bcd6344,bf6f34dd-ea9c-5434-aeb9-d66bcba99971,2024-07-16T00:00:00,2,Producto vencido o dañado
e74630a3-0642-5bf0-a401-c00be083ed0b,e8aeb018-f679-5670-b210-de4f62ff2111,5bbfdec8-65ae-59e6-b211-5eccb5b765fa,8ecedccf-c230-516b-bbc2-108f7a6fbe63,0f9c5322-fb40-5f08-9bd3-71f71f75dffb,2024-07-16T00:00:00,1,Producto vencido o dañado
4433c3bf-8244-5132-9e9d-d1b36781ca6f,e8aeb018-f679-5670-b210-de4f62ff2111,87b859e0-789a-56e6-b1ba-4fe76221d3bf,7fb983e8-6848-5425-97a2-14da72722d0f,c874a819-f992-5030-9916-3f3831206ed2,2024-07-16T00:00:00,3,Producto vencido o dañado
76db6c48-3e17-5c96-bb1b-e08748b7ad05,e8aeb018-f679-5670-b210-de4f62ff2111,2933d8b7-2438-521b-b38d-d3a5224f87fc,26f7241d-a84e-5e4a-a43d-33eea1e54eea,5fafd6fd-f692-59e3-8f3d-5800f8ceea9a,2024-07-17T00:00:00,1,Producto vencido o dañado
72a61f01-657c-560a-9bb7-f9ef573507b0,e8aeb018-f679-5670-b210-de4f62ff2111,5bbfdec8-65ae-59e6-b211-5eccb5b765fa,43616d97-2221-569d-82eb-bcc14bcd6344,53b39eeb-bef0-5571-9c2e-3c1a8ab32f9f,2024-07-17T00:00:00,3,Producto vencido o dañado
2de201e9-32cb-5ba6-a8b2-912fe66d16d4,e8aeb018-f679-5670-b210-de4f62ff2111,983871db-adfb-543e-b438-6b00044ffb64,d6f21f11-7533-52dd-a4dc-2fb8e260c02c,0805fff2-015c-5c61-84eb-7286aac3f6fa,2024-07-17T00:00:00,1,Producto vencido o dañado
5bd00c9e-5ed4-5efa-a776-0492065e83c4,e8aeb018-f679-5670-b210-de4f62ff2111,058c6382-bde2-59d1-93ff-20c6161a4736,26f7241d-a84e-5e4a-a43d-33eea1e54eea,bb37e549-4b51-5bae-b3b6-e4e47bf1ba1d,2024-07-18T00:00:00,2,Producto vencido o dañado
a4444d96-29b2-5cd5-bf64-8babfb69d5a4,e8aeb018-f679-5670-b210-de4f62ff2111,4d9429b6-2ebf-5b5d-ac48-f779d5a1e270,43616d97-2221-569d-82eb-bcc14bcd6344,d5b6fb96-7c16-5338-a8b7-f1d84c71629e,2024-07-19T00:00:00,2,Producto vencido o dañado
72467f87-3eb3-55e1-aa59-32e7d86c3cc8,e8aeb018-f679-5670-b210-de4f62ff2111,afe9d181-1c64-5cca-b4b7-a9fa24eceeea,43616d97-2221-569d-82eb-bcc14bcd6344,7fb6160c-dbb1-5309-9ac9-5b72052abb45,2024-07-19T00:00:00,3,Producto vencido o dañado
e8ae6f41-ee3c-59a4-b4bb-bba1870de68f,e8aeb018-f679-5670-b210-de4f62ff2111,cd81184b-b6f1-563c-b463-36a69ddfb598,26f7241d-a84e-5e4a-a43d-33eea1e54eea,8601006c-48c9-5a67-9fc2-4b593cc9adfc,2024-07-20T00:00:00,1,Producto vencido o dañado
b006786d-6564-58e9-8b0d-25412c7611ff,e8aeb018-f679-5670-b210-de4f62ff2111,983871db-adfb-543e-b438-6b00044ffb64,d6f21f11-7533-52dd-a4dc-2fb8e260c02c,0805fff2-015c-5c61-84eb-7286aac3f6fa,2024-07-21T00:00:00,1,Producto vencido o dañado
1f112ca9-3327-5f97-b924-fe2f179da13a,e8aeb018-f679-5670-b210-de4f62ff2111,012857cc-907f-5e7d-b8fb-796d2c9f1621,8ecedccf-c230-516b-bbc2-108f7a6fbe63,0ebf525d-5bf2-5813-8bc4-48ae499c2cb4,2024-07-21T00:00:00,3,Producto vencido o dañado
3a001516-b612-5050-a467-df45dfc4722e,e8aeb018-f679-5670-b210-de4f62ff2111,2082733c-4e17-51fe-bc8c-bf33d3ec5d7e,7fb983e8-6848-5425-97a2-14da72722d0f,7f2d6b84-13e4-5f18-93f3-eaff6258db5c,2024-07-22T00:00:00,3,Producto vencido o dañado
01af3086-1a68-534e-b3e1-ec762e0cf4bd,e8aeb018-f679-5670-b210-de4f62ff2111,6baabed2-52d7-5cb7-bf74-86c7cb3e4f07,43616d97-2221-569d-82eb-bcc14bcd6344,002f7900-faca-58f6-8282-367350301115,2024-07-23T00:00:00,1,Producto vencido o dañado
ef8c9db2-d799-5e52-992c-96f113228061,e8aeb018-f679-5670-b210-de4f62ff2111,afe9d181-1c64-5cca-b4b7-a9fa24eceeea,d6f21f11-7533-52dd-a4dc-2fb8e260c02c,f04443f2-bf9e-56bb-8ffe-679c52b8f7a3,2024-07-23T00:00:00,1,Producto vencido o dañado
d78bce81-06f6-584d-bcc3-0fd0141a0c3e,e8aeb018-f679-5670-b210-de4f62ff2111,d9506935-1215-5499-93c0-8bdd86ab9418,d6f21f11-7533-52dd-a4dc-2fb8e260c02c,89401d63-1bb7-52b5-91e5-74d6b271f243,2024-07-24T00:00:00,2,Producto vencido o dañado
9ba8ab5d-4222-537b-b156-651fe3505874,e8aeb018-f679-5670-b210-de4f62ff2111,22231140-3780-5fe8-a7d4-d33f61d15111,7fb983e8-6848-5425-97a2-14da72722d0f,d9d70f2d-0fc6-5255-9d8b-71719e0b2581,2024-07-24T00:00:00,1,Producto vencido o dañado
71b11a29-157e-589a-97d1-cd19606f8ec4,e8aeb018-f679-5670-b210-de4f62ff2111,87b859e0-789a-56e6-b1ba-4fe76221d3bf,26f7241d-a84e-5e4a-a43d-33eea1e54eea,ef436a9d-44b4-5e35-8e0e-2756103abf97,2024-07-25T00:00:00,3,Producto vencido o dañado
9f985b4c-6f98-540c-9de6-e4a5ccfcfa2c,e8aeb018-f679-5670-b210-de4f62ff2111,22231140-3780-5fe8-a7d4-d33f61d15111,43616d97-2221-569d-82eb-bcc14bcd6344,3b3664c0-b6d5-53c2-9680-a1fc67baa2e3,2024-07-25T00:00:00,1,Producto vencido o dañado
27b68493-aec9-567b-bf22-983e526b24a2,e8aeb018-f679-5670-b210-de4f62ff2111,2082733c-4e17-51fe-bc8c-bf33d3ec5d7e,8ecedccf-c230-516b-bbc2-108f7a6fbe63,5f7c42c6-4b01-594a-860a-fd608df23448,2024-07-25T00:00:00,1,Producto vencido o dañado
1522a845-db23-5932-b68f-376b0b7e2197,e8aeb018-f679-5670-b210-de4f62ff2111,97d26d91-c562-5f27-9ebd-285e89c8f4bf,26f7241d-a84e-5e4a-a43d-33eea1e54eea,650a1f9a-1b0f-503e-af48-407dd0db7735,2024-07-26T00:00:00,1,Producto vencido o dañado
ae5a79a7-933b-5efb-97e5-556509e5287c,e8aeb018-f679-5670-b210-de4f62ff2111,9928e9a1-d9fc-5fdd-86c2-8909352fd7fe,8ecedccf-c230-516b-bbc2-108f7a6fbe63,bd4e0429-6df0-53c5-a972-d88c09632411,2024-07-26T00:00:00,3,Producto vencido o dañado
edbf4a47-ede0-546e-b8dd-14d4f2e93f38,e8aeb018-f679-5670-b210-de4f62ff2111,d3961f5a-3ea7-53d3-89f4-78b65b0c0c6b,7fb983e8-6848-5425-97a2-14da72722d0f,fd171379-eb4f-5e52-8290-4b77f7724fbc,2024-07-26T00:00:00,1,Producto vencido o dañado
2e27379d-8447-58b7-bb3a-2a9374c4ef40,e8aeb018-f679-5670-b210-de4f62ff2111,042e2e80-f954-5df4-97be-29dd428cc598,26f7241d-a84e-5e4a-a43d-33eea1e54eea,8f9c984a-23e4-5bd9-b70a-0311f1e47c48,2024-07-27T00:00:00,2,Producto vencido o dañado
6bab5997-1039-5af3-b52c-663718616b84,e8aeb018-f679-5670-b210-de4f62ff2111,5bbfdec8-65ae-59e6-b211-5eccb5b765fa,43616d97-2221-569d-82eb-bcc14bcd6344,53b39eeb-bef0-5571-9c2e-3c1a8ab32f9f,2024-07-28T00:00:00,1,Producto vencido o dañado
8b4349d9-835f-5714-b06f-e7f1e1ce3a51,e8aeb018-f679-5670-b210-de4f62ff2111,5bbfdec8-65ae-59e6-b211-5eccb5b765fa,43616d97-2221-569d-82eb-bcc14bcd6344,e3b5f516-1eb6-53f3-be01-3c7bc8b75485,2024-07-28T00:00:00,1,Producto vencido o dañado
56232940-b8e6-58f6-bf32-0aee727fc57d,e8aeb018-f679-5670-b210-de4f62ff2111,c0cf5e5c-b5c9-585a-8e79-d9830bc954f6,43616d97-2221-569d-82eb-bcc14bcd6344,a7afd34e-cf70-5b37-8f3d-8d094e8eab90,2024-07-28T00:00:00,2,Producto vencido o dañado
3a6edf16-3d24-522b-8ed4-8b49868bbe19,e8aeb018-f679-5670-b210-de4f62ff2111,058c6382-bde2-59d1-93ff-20c6161a4736,d6f21f11-7533-52dd-a4dc-2fb8e260c02c,6f261c4f-1dd0-5fef-bda6-91c2f874de32,2024-07-28T00:00:00,3,Producto vencido o dañado
8e160a53-47e1-513c-8c7e-7381c070fcc0,e8aeb018-f679-5670-b210-de4f62ff2111,6d807393-f4ab-5f76-b544-251eeda27ba3,8ecedccf-c230-516b-bbc2-108f7a6fbe63,8cf01857-cd4e-57d5-81fc-9eaee2be426d,2024-07-28T00:00:00,2,Producto vencido o dañado
b6db6cf2-fa0d-5089-95ac-ec8154464fae,e8aeb018-f679-5670-b210-de4f62ff2111,d3961f5a-3ea7-53d3-89f4-78b65b0c0c6b,26f7241d-a84e-5e4a-a43d-33eea1e54eea,cc61405c-6f56-519e-a432-9b4ec56fb962,2024-07-29T00:00:00,3,Producto vencido o dañado
e2cc4d75-cdea-5abd-8c5c-109152c42687,e8aeb018-f679-5670-b210-de4f62ff2111,d9506935-1215-5499-93c0-8bdd86ab9418,43616d97-2221-569d-82eb-bcc14bcd6344,ff0c5761-02a6-57b9-a78f-8c0be47a05a9,2024-07-29T00:00:00,1,Producto vencido o dañado
6f25a7f5-b6a2-5d80-9f02-f44e2d71bddb,e8aeb018-f679-5670-b210-de4f62ff2111,d3961f5a-3ea7-53d3-89f4-78b65b0c0c6b,26f7241d-a84e-5e4a-a43d-33eea1e54eea,cc61405c-6f56-519e-a432-9b4ec56fb962,2024-07-31T00:00:00,1,Producto vencido o dañado
81523c66-3d25-5b4d-be4a-f7c4bea9e2a9,e8aeb018-f679-5670-b210-de4f62ff2111,cd81184b-b6f1-563c-b463-36a69ddfb598,26f7241d-a84e-5e4a-a43d-33eea1e54eea,979fecc7-d1c2-5b55-808d-542b5838ae62,2024-08-02T00:00:00,3,Producto vencido o dañado
27922cb3-2ed9-5c90-a870-8a044122d42b,e8aeb018-f679-5670-b210-de4f62ff2111,c0cf5e5c-b5c9-585a-8e79-d9830bc954f6,26f7241d-a84e-5e4a-a43d-33eea1e54eea,2173fb3d-6206-5961-962b-cd1e30572999,2024-08-03T00:00:00,2,Producto vencido o dañado
7a2eb9f5-ac90-500d-b573-d8d6d9ee71c7,e8aeb018-f679-5670-b210-de4f62ff2111,87b859e0-789a-56e6-b1ba-4fe76221d3bf,43616d97-2221-569d-82eb-bcc14bcd6344,e5fcae80-84e5-5232-9d7a-4a8197bf08ea,2024-08-03T00:00:00,3,Producto vencido o dañado
3f0cc20d-581e-5e90-84fb-94c17ada9559,e8aeb018-f679-5670-b210-de4f62ff2111,983871db-adfb-543e-b438-6b00044ffb64,43616d97-2221-569d-82eb-bcc14bcd6344,43f217ac-daaf-598a-83d8-7ac31797081a,2024-08-04T00:00:00,3,Producto vencido o dañado
a432e170-faf6-5c12-ad86-ab8cb6a1b33c,e8aeb018-f679-5670-b210-de4f62ff2111,97d26d91-c562-5f27-9ebd-285e89c8f4bf,d6f21f11-7533-52dd-a4dc-2fb8e260c02c,09f9d10e-6343-5be3-ba9c-5fbfd7b491c2,2024-08-05T00:00:00,1,Producto vencido o dañado
c13f3b9e-2a0f-5780-ac31-ce1fd1d925b9,e8aeb018-f679-5670-b210-de4f62ff2111,07371b94-955f-52a4-9bf9-f0a6ad2b4fa8,43616d97-2221-569d-82eb-bcc14bcd6344,cf7b523c-41c1-5958-b72e-87b627bf1995,2024-08-06T00:00:00,3,Producto vencido o dañado
3cfbe1a7-3239-5293-a6db-d24b08284bf4,e8aeb018-f679-5670-b210-de4f62ff2111,6baabed2-52d7-5cb7-bf74-86c7cb3e4f07,43616d97-2221-569d-82eb-bcc14bcd6344,7d280b26-9f9d-5bf7-b585-dad966aa0e75,2024-08-06T00:00:00,1,Producto vencido o dañado
632df1bd-4c28-5170-b8b5-7f1f97e5d2fc,e8aeb018-f679-5670-b210-de4f62ff2111,82cd11ba-d1a0-58b1-b14f-edd741f36e87,26f7241d-a84e-5e4a-a43d-33eea1e54eea,6868569b-d354-5b2b-8ae6-4931988dac64,2024-08-07T00:00:00,3,Producto vencido o dañado
0db500a8-be3a-5fda-8aef-901bc2fa0ff8,e8aeb018-f679-5670-b210-de4f62ff2111,d3961f5a-3ea7-53d3-89f4-78b65b0c0c6b,43616d97-2221-569d-82eb-bcc14bcd6344,ce81fffb-823e-543e-bd64-5705f8c591e3,2024-08-07T00:00:00,2,Producto vencido o dañado
06a08f64-1e21-5116-b902-5605e1d3db0b,e8aeb018-f679-5670-b210-de4f62ff2111,2933d8b7-2438-521b-b38d-d3a5224f87fc,43616d97-2221-569d-82eb-bcc14bcd6344,ead2c8e8-2668-5e03-b46a-b7ed43a96528,2024-08-08T00:00:00,3,Producto vencido o dañado
1c1df5f6-4394-5050-968a-2208520a1888,e8aeb018-f679-5670-b210-de4f62ff2111,38adf7ba-476e-5e6b-9163-781a13538253,43616d97-2221-569d-82eb-bcc14bcd6344,fa910b78-cbc9-5e80-ad3f-f88e3f3c3ca5,2024-08-08T00:00:00,3,Producto vencido o dañado
27e9f62d-68f9-5476-b7f9-96326886516f,e8aeb018-f679-5670-b210-de4f62ff2111,6baabed2-52d7-5cb7-bf74-86c7cb3e4f07,43616d97-2221-569d-82eb-bcc14bcd6344,7d280b26-9f9d-5bf7-b585-dad966aa0e75,2024-08-08T00:00:00,1,Producto vencido o dañado
1e969581-a8df-5045-9802-80c6db56452d,e8aeb018-f679-5670-b210-de4f62ff2111,2082733c-4e17-51fe-bc8c-bf33d3ec5d7e,43616d97-2221-569d-82eb-bcc14bcd6344,59295880-0f8b-5616-89e1-37f8923d0a35,2024-08-09T00:00:00,2,Producto vencido o dañado
4101ce9a-a436-524c-894f-0a5dffe9754a,e8aeb018-f679-5670-b210-de4f62ff2111,2eb3a104-e572-583a-afa0-156ee0dc4cce,7fb983e8-6848-5425-97a2-14da72722d0f,bfb570a1-5933-5aaf-85cb-4154bb5108e2,2024-08-09T00:00:00,3,Producto vencido o dañado
0827fd86-e6e3-5430-9af0-d8f2d8910564,e8aeb018-f679-5670-b210-de4f62ff2111,c0cf5e5c-b5c9-585a-8e79-d9830bc954f6,7fb983e8-6848-5425-97a2-14da72722d0f,98e8989c-9db2-5123-a866-16ac37d2cf3e,2024-08-10T00:00:00,2,Producto vencido o dañado
0a79113d-da1e-5c43-86f5-d8b57368dc07,e8aeb018-f679-5670-b210-de4f62ff2111,c0cf5e5c-b5c9-585a-8e79-d9830bc954f6,26f7241d-a84e-5e4a-a43d-33eea1e54eea,2173fb3d-6206-5961-962b-cd1e30572999,2024-08-12T00:00:00,3,Producto vencido o dañado
7dbe0a08-3cd9-502a-bbc8-bdf93e54de15,e8aeb018-f679-5670-b210-de4f62ff2111,38adf7ba-476e-5e6b-9163-781a13538253,26f7241d-a84e-5e4a-a43d-33eea1e54eea,ed42f642-1cc8-5600-a475-346f567d9d4c,2024-08-13T00:00:00,3,Producto vencido o dañado
43eb4c96-f4a6-57fd-af9b-689ee5403735,e8aeb018-f679-5670-b210-de4f62ff2111,6d807393-f4ab-5f76-b544-251eeda27ba3,d6f21f11-7533-52dd-a4dc-2fb8e260c02c,76e25e4d-7433-5e41-a43c-ca5c9fc84c6a,2024-08-13T00:00:00,3,Producto vencido o dañado
d18e0fc9-72fd-5917-bc07-39c35f904695,e8aeb018-f679-5670-b210-de4f62ff2111,cd81184b-b6f1-563c-b463-36a69ddfb598,7fb983e8-6848-5425-97a2-14da72722d0f,2b8257bd-5fc4-5400-a14d-bf2f26f3e4b9,2024-08-14T00:00:00,2,Producto vencido o dañado
b9273782-7f74-56e9-ab31-5cd545983cc7,e8aeb018-f679-5670-b210-de4f62ff2111,97d26d91-c562-5f27-9ebd-285e89c8f4bf,d6f21f11-7533-52dd-a4dc-2fb8e260c02c,09f9d10e-6343-5be3-ba9c-5fbfd7b491c2,2024-08-15T00:00:00,2,Producto vencido o dañado
83dd3051-a3db-5931-b3d0-d9d292671f76,e8aeb018-f679-5670-b210-de4f62ff2111,d3961f5a-3ea7-53d3-89f4-78b65b0c0c6b,26f7241d-a84e-5e4a-a43d-33eea1e54eea,e3893838-63b6-58b7-9326-61c1c3bdf9d5,2024-08-16T00:00:00,3,Producto vencido o dañado
71d30158-3528-56e4-9bcd-1ba59ecdc438,e8aeb018-f679-5670-b210-de4f62ff2111,d9506935-1215-5499-93c0-8bdd86ab9418,8ecedccf-c230-516b-bbc2-108f7a6fbe63,2fb7989f-df52-575f-bc1d-de52f449c258,2024-08-16T00:00:00,2,Producto vencido o dañado
8dbaae19-abe0-5b31-a390-cbae8933b77e,e8aeb018-f679-5670-b210-de4f62ff2111,d9506935-1215-5499-93c0-8bdd86ab9418,43616d97-2221-569d-82eb-bcc14bcd6344,ff0c5761-02a6-57b9-a78f-8c0be47a05a9,2024-08-17T00:00:00,3,Producto vencido o dañado
71cf700e-fb6f-5260-8c43-df27c67f64a1,e8aeb018-f679-5670-b210-de4f62ff2111,2082733c-4e17-51fe-bc8c-bf33d3ec5d7e,d6f21f11-7533-52dd-a4dc-2fb8e260c02c,04f0c2cc-54c9-5178-b5a7-d2e214174355,2024-08-17T00:00:00,2,Producto vencido o dañado
4d6ede68-1a6d-57ba-ae5b-4baa3f2d1e0a,e8aeb018-f679-5670-b210-de4f62ff2111,058c6382-bde2-59d1-93ff-20c6161a4736,8ecedccf-c230-516b-bbc2-108f7a6fbe63,029d6d31-6f36-5430-b3d1-c739ce66f2b8,2024-08-17T00:00:00,3,Producto vencido o dañado
206c6a1b-b509-566d-b633-cf24a43217cf,e8aeb018-f679-5670-b210-de4f62ff2111,cd81184b-b6f1-563c-b463-36a69ddfb598,7fb983e8-6848-5425-97a2-14da72722d0f,2b8257bd-5fc4-5400-a14d-bf2f26f3e4b9,2024-08-17T00:00:00,2,Producto vencido o dañado
8f322899-34e8-526f-86e6-8a36a251e8a8,e8aeb018-f679-5670-b210-de4f62ff2111,87b859e0-789a-56e6-b1ba-4fe76221d3bf,d6f21f11-7533-52dd-a4dc-2fb8e260c02c,65831e8e-19e7-5258-a590-4731fc7f26bd,2024-08-19T00:00:00,3,Producto vencido o dañado
1ed448dd-c0b1-52c2-9d3d-05cfdd1a5827,e8aeb018-f679-5670-b210-de4f62ff2111,d0ae6d2d-e561-56b3-a2c1-113c1c56ae81,7fb983e8-6848-5425-97a2-14da72722d0f,8fdb4a14-cbe8-5bc5-bd2f-63abbd2430c7,2024-08-19T00:00:00,1,Producto vencido o dañado
0f8f4208-0a06-58c7-a45e-d033e9eb8398,e8aeb018-f679-5670-b210-de4f62ff2111,2897aac2-f219-5167-b800-73fac27f6b85,7fb983e8-6848-5425-97a2-14da72722d0f,5cd8aef5-fefd-5925-800b-01ea65bf7021,2024-08-19T00:00:00,1,Producto vencido o dañado
84724a50-9b7b-5cd6-9c93-6e4f4dc1a702,e8aeb018-f679-5670-b210-de4f62ff2111,d3961f5a-3ea7-53d3-89f4-78b65b0c0c6b,26f7241d-a84e-5e4a-a43d-33eea1e54eea,e99ff075-b3de-5e61-9b7f-ceeb6a5dd1f1,2024-08-20T00:00:00,2,Producto vencido o dañado
1dbe0292-03da-52d8-964c-c44f3ea390eb,e8aeb018-f679-5670-b210-de4f62ff2111,2eb3a104-e572-583a-afa0-156ee0dc4cce,43616d97-2221-569d-82eb-bcc14bcd6344,ca06bab2-463b-5bf9-833f-e350048c8229,2024-08-20T00:00:00,1,Producto vencido o dañado
8b8be604-4de4-55c5-9bc5-07b70d2a36b0,e8aeb018-f679-5670-b210-de4f62ff2111,4d9429b6-2ebf-5b5d-ac48-f779d5a1e270,43616d97-2221-569d-82eb-bcc14bcd6344,6989336f-a81e-5410-9401-49c3fd65cd8c,2024-08-21T00:00:00,2,Producto vencido o dañado
7b18f0a3-d7f0-5dff-af74-677610942536,e8aeb018-f679-5670-b210-de4f62ff2111,87b859e0-789a-56e6-b1ba-4fe76221d3bf,26f7241d-a84e-5e4a-a43d-33eea1e54eea,e3ebdb1a-d196-5162-a429-84f89572570f,2024-08-22T00:00:00,3,Producto vencido o dañado
ba2b39b7-2638-5e97-bfed-debc7771d34d,e8aeb018-f679-5670-b210-de4f62ff2111,983871db-adfb-543e-b438-6b00044ffb64,8ecedccf-c230-516b-bbc2-108f7a6fbe63,db1067df-4143-5501-bcc0-d365c99f935c,2024-08-22T00:00:00,1,Producto vencido o dañado
6327956e-dbd3-599e-99ab-e25ce3abeefd,e8aeb018-f679-5670-b210-de4f62ff2111,042e2e80-f954-5df4-97be-29dd428cc598,26f7241d-a84e-5e4a-a43d-33eea1e54eea,ee4389c2-b974-578b-aee8-f6cf2a8c5b1b,2024-08-23T00:00:00,3,Producto vencido o dañado
5500d31a-31a9-5a75-adb2-8b9cfb983df8,e8aeb018-f679-5670-b210-de4f62ff2111,6baabed2-52d7-5cb7-bf74-86c7cb3e4f07,d6f21f11-7533-52dd-a4dc-2fb8e260c02c,f12cce16-9822-5b00-9664-942953a3c7ff,2024-08-23T00:00:00,2,Producto vencido o dañado
d44ddfde-a068-57f3-b0cd-84c8f6d78c51,e8aeb018-f679-5670-b210-de4f62ff2111,5bbfdec8-65ae-59e6-b211-5eccb5b765fa,26f7241d-a84e-5e4a-a43d-33eea1e54eea,a8a8d3cb-14ca-5d8c-b5e6-0214410a8575,2024-08-24T00:00:00,3,Producto vencido o dañado
d9bba24d-bf32-568b-ab8f-1bb31279d8a0,e8aeb018-f679-5670-b210-de4f62ff2111,38adf7ba-476e-5e6b-9163-781a13538253,26f7241d-a84e-5e4a-a43d-33eea1e54eea,9be9872a-1da3-5b1a-a096-75e062a9bef8,2024-08-26T00:00:00,1,Producto vencido o dañado
7c5412f8-3703-5e61-ac49-5e17c5ee2ddd,e8aeb018-f679-5670-b210-de4f62ff2111,058c6382-bde2-59d1-93ff-20c6161a4736,8ecedccf-c230-516b-bbc2-108f7a6fbe63,029d6d31-6f36-5430-b3d1-c739ce66f2b8,2024-08-26T00:00:00,3,Producto vencido o dañado
ed7890f4-6f8d-5338-96e0-e7567d2227f9,e8aeb018-f679-5670-b210-de4f62ff2111,d3961f5a-3ea7-53d3-89f4-78b65b0c0c6b,8ecedccf-c230-516b-bbc2-108f7a6fbe63,9dc41c4e-7bd0-59f5-a22f-f714afc30993,2024-08-27T00:00:00,3,Producto vencido o dañado
f5e86e57-5100-573a-b41e-c41304e77868,e8aeb018-f679-5670-b210-de4f62ff2111,97d26d91-c562-5f27-9ebd-285e89c8f4bf,7fb983e8-6848-5425-97a2-14da72722d0f,65014979-1f12-512f-9cb6-90cff2ba3db3,2024-08-29T00:00:00,2,Producto vencido o dañado
15be21c9-5d64-55a0-a911-2e055bba1c2b,e8aeb018-f679-5670-b210-de4f62ff2111,1ca3438e-9e23-58f0-a35f-f15f7a23beb9,7fb983e8-6848-5425-97a2-14da72722d0f,f1a58cf3-3908-5b16-8628-7d9f686ee62f,2024-08-29T00:00:00,2,Producto vencido o dañado
fab2dd0d-571f-53aa-a33a-443fbdd16b45,e8aeb018-f679-5670-b210-de4f62ff2111,97d26d91-c562-5f27-9ebd-285e89c8f4bf,43616d97-2221-569d-82eb-bcc14bcd6344,76234f06-d75d-501d-b1a1-99c1e7e91a87,2024-08-30T00:00:00,1,Producto vencido o dañado
2e4ce7e1-a7aa-50d1-8a39-955df6d7bc90,e8aeb018-f679-5670-b210-de4f62ff2111,042e2e80-f954-5df4-97be-29dd428cc598,d6f21f11-7533-52dd-a4dc-2fb8e260c02c,3a78ed2b-f79d-5102-a86e-33296e03d78d,2024-08-30T00:00:00,2,Producto vencido o dañado
50a49a40-f7f5-579e-b10e-8d90985f3f86,e8aeb018-f679-5670-b210-de4f62ff2111,6baabed2-52d7-5cb7-bf74-86c7cb3e4f07,d6f21f11-7533-52dd-a4dc-2fb8e260c02c,f12cce16-9822-5b00-9664-942953a3c7ff,2024-08-31T00:00:00,3,Producto vencido o dañado
53cf1daa-79f5-5960-8afa-9b3060c2c6b8,e8aeb018-f679-5670-b210-de4f62ff2111,d2f08f15-f9f2-5f65-a740-b05896774467,8ecedccf-c230-516b-bbc2-108f7a6fbe63,43c7bccd-d964-512f-82a5-a9e7fc7153c2,2024-09-01T00:00:00,2,Producto vencido o dañado
3cf76b4a-256e-5691-9807-d78aba044a4d,e8aeb018-f679-5670-b210-de4f62ff2111,afe9d181-1c64-5cca-b4b7-a9fa24eceeea,26f7241d-a84e-5e4a-a43d-33eea1e54eea,874a787f-d3e9-534f-9da6-91cf83f5dc6a,2024-09-02T00:00:00,3,Producto vencido o dañado
54a1382a-c7b7-53ae-a681-3d04881c0e46,e8aeb018-f679-5670-b210-de4f62ff2111,87b859e0-789a-56e6-b1ba-4fe76221d3bf,d6f21f11-7533-52dd-a4dc-2fb8e260c02c,8ead109b-e29b-575c-a7c9-af0b27f02030,2024-09-02T00:00:00,3,Producto vencido o dañado
e2295325-be06-5bae-9916-45a47a70b719,e8aeb018-f679-5670-b210-de4f62ff2111,d3961f5a-3ea7-53d3-89f4-78b65b0c0c6b,8ecedccf-c230-516b-bbc2-108f7a6fbe63,9dc41c4e-7bd0-59f5-a22f-f714afc30993,2024-09-02T00:00:00,3,Producto vencido o dañado
3cd96700-4de1-510b-a086-6b6f18579cbc,e8aeb018-f679-5670-b210-de4f62ff2111,87b859e0-789a-56e6-b1ba-4fe76221d3bf,7fb983e8-6848-5425-97a2-14da72722d0f,0d1b2767-bb43-57d1-9df5-b319cf3ef548,2024-09-03T00:00:00,3,Producto vencido o dañado
8c16b07d-61d3-55f7-97e6-af58320ce7b2,e8aeb018-f679-5670-b210-de4f62ff2111,d2f08f15-f9f2-5f65-a740-b05896774467,7fb983e8-6848-5425-97a2-14da72722d0f,60770c93-9403-500e-9c01-87de80c32f70,2024-09-03T00:00:00,1,Producto vencido o dañado
57de5c74-0c94-5405-bf28-0cbc90b0bc55,e8aeb018-f679-5670-b210-de4f62ff2111,6d807393-f4ab-5f76-b544-251eeda27ba3,26f7241d-a84e-5e4a-a43d-33eea1e54eea,be5a4621-69b3-5a5c-b82d-49919d5d84f0,2024-09-09T00:00:00,2,Producto vencido o dañado
98529804-7431-5f77-b784-6db21aa4c046,e8aeb018-f679-5670-b210-de4f62ff2111,012857cc-907f-5e7d-b8fb-796d2c9f1621,43616d97-2221-569d-82eb-bcc14bcd6344,c766a171-948f-5226-97c8-cdcff5f83256,2024-09-09T00:00:00,2,Producto vencido o dañado
f39664f0-4e76-5a90-b89a-ed4eee03b548,e8aeb018-f679-5670-b210-de4f62ff2111,2eb3a104-e572-583a-afa0-156ee0dc4cce,d6f21f11-7533-52dd-a4dc-2fb8e260c02c,964b4ea5-7923-5c5f-a4ae-792f82435a45,2024-09-09T00:00:00,3,Producto vencido o dañado
79e7ff56-e976-56f7-bc87-938a6fc24c9a,e8aeb018-f679-5670-b210-de4f62ff2111,4d9429b6-2ebf-5b5d-ac48-f779d5a1e270,43616d97-2221-569d-82eb-bcc14bcd6344,6989336f-a81e-5410-9401-49c3fd65cd8c,2024-09-11T00:00:00,2,Producto vencido o dañado
7d9bd92e-5c25-5594-8f35-b97d63212ad6,e8aeb018-f679-5670-b210-de4f62ff2111,97d26d91-c562-5f27-9ebd-285e89c8f4bf,43616d97-2221-569d-82eb-bcc14bcd6344,d7f4f3b0-794c-58f6-aa0f-86d81f70ebad,2024-09-12T00:00:00,1,Producto vencido o dañado
5508a9c3-1e5c-57d4-8e3d-032db576112f,e8aeb018-f679-5670-b210-de4f62ff2111,0ec23038-d3ab-588c-bbd6-1f5c744cdde1,d6f21f11-7533-52dd-a4dc-2fb8e260c02c,4f6536c6-077e-5a97-bb32-efd451aad431,2024-09-12T00:00:00,2,Producto vencido o dañado
b1a29198-cb46-54b7-b284-cd58f8c846b7,e8aeb018-f679-5670-b210-de4f62ff2111,6baabed2-52d7-5cb7-bf74-86c7cb3e4f07,7fb983e8-6848-5425-97a2-14da72722d0f,630b16f7-d395-59d2-b066-701599e8e0f1,2024-09-12T00:00:00,1,Producto vencido o dañado
9aad974a-fc97-5469-bb6c-39b075e5aa18,e8aeb018-f679-5670-b210-de4f62ff2111,82cd11ba-d1a0-58b1-b14f-edd741f36e87,26f7241d-a84e-5e4a-a43d-33eea1e54eea,858bec8e-f980-5ca0-97e2-c18c1ab243dd,2024-09-15T00:00:00,1,Producto vencido o dañado
61f56064-47e5-57c4-9dc4-5820cec5525d,e8aeb018-f679-5670-b210-de4f62ff2111,22231140-3780-5fe8-a7d4-d33f61d15111,26f7241d-a84e-5e4a-a43d-33eea1e54eea,a3c8e7df-6108-5c09-9a0b-885198a57bd4,2024-09-15T00:00:00,2,Producto vencido o dañado
3b991e2a-df06-5151-9c7c-ac6af52931da,e8aeb018-f679-5670-b210-de4f62ff2111,d9506935-1215-5499-93c0-8bdd86ab9418,d6f21f11-7533-52dd-a4dc-2fb8e260c02c,d52a3a0e-b4f2-5d42-9c77-176f10b933f9,2024-09-15T00:00:00,3,Producto vencido o dañado
04c13954-8394-53e3-86c6-4d1ca127da34,e8aeb018-f679-5670-b210-de4f62ff2111,d3961f5a-3ea7-53d3-89f4-78b65b0c0c6b,8ecedccf-c230-516b-bbc2-108f7a6fbe63,2131481a-7129-5feb-8478-a46b5dad3eac,2024-09-16T00:00:00,1,Producto vencido o dañado
a9e14caf-5247-5390-9d64-ff870a62d8a7,e8aeb018-f679-5670-b210-de4f62ff2111,9928e9a1-d9fc-5fdd-86c2-8909352fd7fe,8ecedccf-c230-516b-bbc2-108f7a6fbe63,8b39d3dc-b350-561a-ad4b-65e9da6f2715,2024-09-17T00:00:00,3,Producto vencido o dañado
aa49bc0e-590e-58ef-bccf-3226f226912a,e8aeb018-f679-5670-b210-de4f62ff2111,9928e9a1-d9fc-5fdd-86c2-8909352fd7fe,26f7241d-a84e-5e4a-a43d-33eea1e54eea,8063d291-3709-53ff-8842-4e32b502d25e,2024-09-18T00:00:00,3,Producto vencido o dañado
b69b223b-fdba-5536-a61b-e2d7bd3c453b,e8aeb018-f679-5670-b210-de4f62ff2111,058c6382-bde2-59d1-93ff-20c6161a4736,8ecedccf-c230-516b-bbc2-108f7a6fbe63,72728101-567f-563a-a2e1-918b1a79fe64,2024-09-18T00:00:00,1,Producto vencido o dañado
60d33550-3721-5757-92ab-a5612544a60e,e8aeb018-f679-5670-b210-de4f62ff2111,2eb3a104-e572-583a-afa0-156ee0dc4cce,7fb983e8-6848-5425-97a2-14da72722d0f,aeb807c0-a4a0-5c95-a111-cc1a1e55e239,2024-09-18T00:00:00,1,Producto vencido o dañado
021e872f-513d-5064-ba20-301b47f94882,e8aeb018-f679-5670-b210-de4f62ff2111,5bbfdec8-65ae-59e6-b211-5eccb5b765fa,43616d97-2221-569d-82eb-bcc14bcd6344,70a3dfaa-6fb4-5dae-bdee-e893b21560fa,2024-09-19T00:00:00,1,Producto vencido o dañado
9470e3a8-5ef3-5cbf-a39a-fd069f51cc86,e8aeb018-f679-5670-b210-de4f62ff2111,82cd11ba-d1a0-58b1-b14f-edd741f36e87,43616d97-2221-569d-82eb-bcc14bcd6344,dc2fa7af-6200-58b7-930b-cd0214ca0cb6,2024-09-19T00:00:00,1,Producto vencido o dañado
4f37955d-452d-5595-a138-76a57d458b20,e8aeb018-f679-5670-b210-de4f62ff2111,afe9d181-1c64-5cca-b4b7-a9fa24eceeea,26f7241d-a84e-5e4a-a43d-33eea1e54eea,874a787f-d3e9-534f-9da6-91cf83f5dc6a,2024-09-22T00:00:00,1,Producto vencido o dañado
55737e61-38da-53f9-bf73-8a850f22e74b,e8aeb018-f679-5670-b210-de4f62ff2111,6d807393-f4ab-5f76-b544-251eeda27ba3,26f7241d-a84e-5e4a-a43d-33eea1e54eea,be5a4621-69b3-5a5c-b82d-49919d5d84f0,2024-09-23T00:00:00,3,Producto vencido o dañado
1004a218-2aab-5b0b-b550-9249c2bbd0cb,e8aeb018-f679-5670-b210-de4f62ff2111,5bbfdec8-65ae-59e6-b211-5eccb5b765fa,d6f21f11-7533-52dd-a4dc-2fb8e260c02c,e1f0748b-4f3e-5722-ae33-067028cdac5d,2024-09-23T00:00:00,3,Producto vencido o dañado
a24ca004-19c1-54a9-8583-573de72ee701,e8aeb018-f679-5670-b210-de4f62ff2111,5bbfdec8-65ae-59e6-b211-5eccb5b765fa,8ecedccf-c230-516b-bbc2-108f7a6fbe63,fe030c92-9f6d-5dd0-af79-0e15e1bfa63d,2024-09-24T00:00:00,1,Producto vencido o dañado
d89cf1ed-df13-5097-acab-43340ca24042,e8aeb018-f679-5670-b210-de4f62ff2111,d9506935-1215-5499-93c0-8bdd86ab9418,8ecedccf-c230-516b-bbc2-108f7a6fbe63,2446ad09-0ceb-5ba5-9cf4-6ad760f7c68c,2024-09-25T00:00:00,3,Producto vencido o dañado
c151aafb-0110-5200-9ce2-440b6db64d85,e8aeb018-f679-5670-b210-de4f62ff2111,d3961f5a-3ea7-53d3-89f4-78b65b0c0c6b,43616d97-2221-569d-82eb-bcc14bcd6344,663b98be-a25a-5d00-8f1c-1642a1c8dcec,2024-09-26T00:00:00,1,Producto vencido o dañado
b79566c9-592f-5518-bde9-0b1b3a6313ac,e8aeb018-f679-5670-b210-de4f62ff2111,042e2e80-f954-5df4-97be-29dd428cc598,43616d97-2221-569d-82eb-bcc14bcd6344,4adb9c18-41bd-5c5b-8a3f-5667bd19d711,2024-09-26T00:00:00,2,Producto vencido o dañado
0746fcef-7837-5a6c-b17a-c6a248d04bfb,e8aeb018-f679-5670-b210-de4f62ff2111,87b859e0-789a-56e6-b1ba-4fe76221d3bf,26f7241d-a84e-5e4a-a43d-33eea1e54eea,e0335be5-ce35-5530-a62f-1248bcdc55ca,2024-09-27T00:00:00,1,Producto vencido o dañado
b8df0d87-4745-5826-92eb-97ebaea6c5a3,e8aeb018-f679-5670-b210-de4f62ff2111,6baabed2-52d7-5cb7-bf74-86c7cb3e4f07,7fb983e8-6848-5425-97a2-14da72722d0f,630b16f7-d395-59d2-b066-701599e8e0f1,2024-09-27T00:00:00,3,Producto vencido o dañado
f2c04665-9464-58a5-b39d-d4395112de7d,e8aeb018-f679-5670-b210-de4f62ff2111,94e18241-54bd-5516-b36f-94ab6e323aca,26f7241d-a84e-5e4a-a43d-33eea1e54eea,00c3d8c0-5b66-598c-956c-63081a32b257,2024-09-29T00:00:00,1,Producto vencido o dañado
3113a8d8-12a0-5f0e-af90-7e48e875617e,e8aeb018-f679-5670-b210-de4f62ff2111,d0ae6d2d-e561-56b3-a2c1-113c1c56ae81,26f7241d-a84e-5e4a-a43d-33eea1e54eea,13e7629c-d832-53d6-882c-96fa8ee36a80,2024-09-29T00:00:00,2,Producto vencido o dañado
d1a117de-9231-551b-b1e0-c59356a6f541,e8aeb018-f679-5670-b210-de4f62ff2111,cd81184b-b6f1-563c-b463-36a69ddfb598,d6f21f11-7533-52dd-a4dc-2fb8e260c02c,b43cc0a5-d5d3-5fd2-8e72-f0abfe10d2ed,2024-09-29T00:00:00,1,Producto vencido o dañado
5a8053e1-97a9-5219-8341-1e81b60af143,e8aeb018-f679-5670-b210-de4f62ff2111,c0cf5e5c-b5c9-585a-8e79-d9830bc954f6,7fb983e8-6848-5425-97a2-14da72722d0f,a9174325-7b23-5644-928b-67fb8e5745fd,2024-09-29T00:00:00,3,Producto vencido o dañado
e9eceb91-9c3b-514b-8457-89544419821a,e8aeb018-f679-5670-b210-de4f62ff2111,afe9d181-1c64-5cca-b4b7-a9fa24eceeea,8ecedccf-c230-516b-bbc2-108f7a6fbe63,c2eb1486-0512-5472-9532-418bba3fd960,2024-09-30T00:00:00,3,Producto vencido o dañado
bf8f1f98-a8cb-5c9b-bf8b-3fafb5eb8289,e8aeb018-f679-5670-b210-de4f62ff2111,6baabed2-52d7-5cb7-bf74-86c7cb3e4f07,8ecedccf-c230-516b-bbc2-108f7a6fbe63,dcb21792-0ad5-511f-9843-de95059b1f5e,2024-10-01T00:00:00,1,Producto vencido o dañado
9146a757-7ea1-5a55-8426-8c6d61684eb6,e8aeb018-f679-5670-b210-de4f62ff2111,012857cc-907f-5e7d-b8fb-796d2c9f1621,43616d97-2221-569d-82eb-bcc14bcd6344,93b30348-e448-5688-a706-f1b5fe31a30c,2024-10-02T00:00:00,3,Producto vencido o dañado
8679a8ec-acc2-58b8-870a-e7d7973b0493,e8aeb018-f679-5670-b210-de4f62ff2111,d2f08f15-f9f2-5f65-a740-b05896774467,7fb983e8-6848-5425-97a2-14da72722d0f,9e68388b-6520-5aea-8219-2590666fd06e,2024-10-02T00:00:00,3,Producto vencido o dañado
5a4dee6c-a470-5e07-9e57-42adff6651aa,e8aeb018-f679-5670-b210-de4f62ff2111,058c6382-bde2-59d1-93ff-20c6161a4736,43616d97-2221-569d-82eb-bcc14bcd6344,350993c3-584f-57f9-84ea-89455041f8f0,2024-10-06T00:00:00,3,Producto vencido o dañado
7e9108da-6015-5a54-97f1-cf36903db688,e8aeb018-f679-5670-b210-de4f62ff2111,d2f08f15-f9f2-5f65-a740-b05896774467,d6f21f11-7533-52dd-a4dc-2fb8e260c02c,a4ebefdc-4913-5cd1-8068-615e5bbdbdb4,2024-10-08T00:00:00,3,Producto vencido o dañado
71d71451-2d21-5d13-a6f1-218a589cd1db,e8aeb018-f679-5670-b210-de4f62ff2111,07371b94-955f-52a4-9bf9-f0a6ad2b4fa8,7fb983e8-6848-5425-97a2-14da72722d0f,c8bab611-bb7d-5374-8528-c6bd55166261,2024-10-08T00:00:00,2,Producto vencido o dañado
3f1bfa6b-8ef8-5618-b3c9-cd9bd86c7f4d,e8aeb018-f679-5670-b210-de4f62ff2111,38adf7ba-476e-5e6b-9163-781a13538253,7fb983e8-6848-5425-97a2-14da72722d0f,4b6cfdf1-dd8a-59b6-accf-a6fca5bba20b,2024-10-08T00:00:00,1,Producto vencido o dañado
532bb2e8-34b2-55c5-b2e3-5e72de00d44a,e8aeb018-f679-5670-b210-de4f62ff2111,afe9d181-1c64-5cca-b4b7-a9fa24eceeea,43616d97-2221-569d-82eb-bcc14bcd6344,9e40d63a-cfc8-5240-b131-f40ebba39d5c,2024-10-09T00:00:00,3,Producto vencido o dañado
72a73a60-f528-5477-8b92-7cec14af9fd6,e8aeb018-f679-5670-b210-de4f62ff2111,afe9d181-1c64-5cca-b4b7-a9fa24eceeea,7fb983e8-6848-5425-97a2-14da72722d0f,dc4a6426-635e-5829-8845-090448338335,2024-10-09T00:00:00,1,Producto vencido o dañado
0f4461a9-4223-52b9-b87a-103df4de4192,e8aeb018-f679-5670-b210-de4f62ff2111,983871db-adfb-543e-b438-6b00044ffb64,d6f21f11-7533-52dd-a4dc-2fb8e260c02c,ea3b7c1f-4241-58e4-baba-93c93674a351,2024-10-10T00:00:00,3,Producto vencido o dañado
08f45fb6-a16f-546f-a042-1c5b871bf6ea,e8aeb018-f679-5670-b210-de4f62ff2111,82cd11ba-d1a0-58b1-b14f-edd741f36e87,7fb983e8-6848-5425-97a2-14da72722d0f,50677b55-d189-5cc7-b807-167440e59fde,2024-10-10T00:00:00,1,Producto vencido o dañado
c9b1fba0-7ba3-58d2-a409-efccb992606a,e8aeb018-f679-5670-b210-de4f62ff2111,07371b94-955f-52a4-9bf9-f0a6ad2b4fa8,26f7241d-a84e-5e4a-a43d-33eea1e54eea,14666386-92de-5b23-8532-06247f36b86b,2024-10-12T00:00:00,2,Producto vencido o dañado
f71c80aa-0a05-5daf-9fb3-36dfd983af5c,e8aeb018-f679-5670-b210-de4f62ff2111,cd81184b-b6f1-563c-b463-36a69ddfb598,26f7241d-a84e-5e4a-a43d-33eea1e54eea,84eac023-cce7-5450-a0a7-260fc4bd6e03,2024-10-12T00:00:00,1,Producto vencido o dañado
5c4c1866-0545-5168-8196-6b4743a25407,e8aeb018-f679-5670-b210-de4f62ff2111,2082733c-4e17-51fe-bc8c-bf33d3ec5d7e,8ecedccf-c230-516b-bbc2-108f7a6fbe63,ce051693-d1ee-507f-8eea-a47f8cebbaae,2024-10-12T00:00:00,3,Producto vencido o dañado
7f64a8fa-e387-5050-88f2-4ef649b04694,e8aeb018-f679-5670-b210-de4f62ff2111,2897aac2-f219-5167-b800-73fac27f6b85,26f7241d-a84e-5e4a-a43d-33eea1e54eea,f9f764c0-5bd1-5935-ac18-363166114f33,2024-10-13T00:00:00,1,Producto vencido o dañado
82ba4975-a32a-5606-97a3-084d7332c6e3,e8aeb018-f679-5670-b210-de4f62ff2111,d2f08f15-f9f2-5f65-a740-b05896774467,7fb983e8-6848-5425-97a2-14da72722d0f,9e68388b-6520-5aea-8219-2590666fd06e,2024-10-13T00:00:00,3,Producto vencido o dañado
eea365b1-1e70-504c-ad43-38e2d7d761dd,e8aeb018-f679-5670-b210-de4f62ff2111,012857cc-907f-5e7d-b8fb-796d2c9f1621,26f7241d-a84e-5e4a-a43d-33eea1e54eea,286ffe1e-d831-5dad-a180-0b32a1d19447,2024-10-14T00:00:00,2,Producto vencido o dañado
651dc9c5-12ad-55b5-a52c-3b03f77938bb,e8aeb018-f679-5670-b210-de4f62ff2111,2933d8b7-2438-521b-b38d-d3a5224f87fc,7fb983e8-6848-5425-97a2-14da72722d0f,8e0bb3a3-b71d-5dc6-afcb-09c90324ed49,2024-10-14T00:00:00,2,Producto vencido o dañado
be55658c-12aa-5f76-92f8-16f759233327,e8aeb018-f679-5670-b210-de4f62ff2111,2933d8b7-2438-521b-b38d-d3a5224f87fc,26f7241d-a84e-5e4a-a43d-33eea1e54eea,c6ed6a8b-691b-5d83-abce-c93458b8b849,2024-10-15T00:00:00,3,Producto vencido o dañado
5c1a5d41-e44e-547e-b730-9a009f26b2b6,e8aeb018-f679-5670-b210-de4f62ff2111,2897aac2-f219-5167-b800-73fac27f6b85,26f7241d-a84e-5e4a-a43d-33eea1e54eea,f9f764c0-5bd1-5935-ac18-363166114f33,2024-10-15T00:00:00,3,Producto vencido o dañado
975d73e7-b557-5acb-ab2b-ce135049d928,e8aeb018-f679-5670-b210-de4f62ff2111,1ca3438e-9e23-58f0-a35f-f15f7a23beb9,d6f21f11-7533-52dd-a4dc-2fb8e260c02c,b652a7d2-217d-533e-85aa-f2f20b9671db,2024-10-16T00:00:00,2,Producto vencido o dañado
48241c28-1a83-55bc-995b-26bb49e38870,e8aeb018-f679-5670-b210-de4f62ff2111,38adf7ba-476e-5e6b-9163-781a13538253,43616d97-2221-569d-82eb-bcc14bcd6344,8e5aad71-bec2-5837-8ea4-0c255d9910aa,2024-10-17T00:00:00,1,Producto vencido o dañado
e04bee2f-4739-5e53-8abc-945b823dc0bf,e8aeb018-f679-5670-b210-de4f62ff2111,d0ae6d2d-e561-56b3-a2c1-113c1c56ae81,43616d97-2221-569d-82eb-bcc14bcd6344,7636b2b7-39a3-5a05-a893-a68b40cab42f,2024-10-17T00:00:00,3,Producto vencido o dañado
41aabfe7-10b0-589e-a2cd-08b4ce58e605,e8aeb018-f679-5670-b210-de4f62ff2111,6baabed2-52d7-5cb7-bf74-86c7cb3e4f07,d6f21f11-7533-52dd-a4dc-2fb8e260c02c,02933889-c854-5272-8b91-cebc2328cfa7,2024-10-17T00:00:00,1,Producto vencido o dañado
a3a7861e-4cb1-5cbc-9edc-c2fe0697470e,e8aeb018-f679-5670-b210-de4f62ff2111,97d26d91-c562-5f27-9ebd-285e89c8f4bf,7fb983e8-6848-5425-97a2-14da72722d0f,5a97c1a8-c1a4-51d9-88ff-1d3f8fa7ec7d,2024-10-17T00:00:00,2,Producto vencido o dañado
b488c0ba-7948-597d-b2dc-a334c796f748,e8aeb018-f679-5670-b210-de4f62ff2111,2eb3a104-e572-583a-afa0-156ee0dc4cce,26f7241d-a84e-5e4a-a43d-33eea1e54eea,18436b80-ce29-5822-b2e6-b49076868c6e,2024-10-18T00:00:00,1,Producto vencido o dañado
fb618184-e9b6-58ca-b728-1a00c7bb7e4f,e8aeb018-f679-5670-b210-de4f62ff2111,d9506935-1215-5499-93c0-8bdd86ab9418,8ecedccf-c230-516b-bbc2-108f7a6fbe63,6aa16bb2-099f-5f6d-a91f-bdd1e942ba89,2024-10-18T00:00:00,1,Producto vencido o dañado
778967bc-2729-5c68-84ce-e4ee1cab5c72,e8aeb018-f679-5670-b210-de4f62ff2111,d3961f5a-3ea7-53d3-89f4-78b65b0c0c6b,26f7241d-a84e-5e4a-a43d-33eea1e54eea,bd654afb-f68b-577a-8284-b8a46d4dded4,2024-10-19T00:00:00,2,Producto vencido o dañado
764bf6a6-c602-5720-bc7c-05afad3d8d04,e8aeb018-f679-5670-b210-de4f62ff2111,5bbfdec8-65ae-59e6-b211-5eccb5b765fa,26f7241d-a84e-5e4a-a43d-33eea1e54eea,6c6de701-84c7-5f4a-ae3d-312c2bfe82a4,2024-10-19T00:00:00,3,Producto vencido o dañado
b227e426-f21b-5390-9811-2e3c20a27614,e8aeb018-f679-5670-b210-de4f62ff2111,042e2e80-f954-5df4-97be-29dd428cc598,43616d97-2221-569d-82eb-bcc14bcd6344,2408b63f-31f4-592c-808c-e9643f0ed6b5,2024-10-19T00:00:00,1,Producto vencido o dañado
abbbc48e-8126-5737-b8f4-f62122ed87ba,e8aeb018-f679-5670-b210-de4f62ff2111,2897aac2-f219-5167-b800-73fac27f6b85,7fb983e8-6848-5425-97a2-14da72722d0f,aff0458d-eefd-5f2f-82c5-c11a4411d4d4,2024-10-19T00:00:00,2,Producto vencido o dañado
69d06107-7663-5512-a0ae-b469510520b8,e8aeb018-f679-5670-b210-de4f62ff2111,07371b94-955f-52a4-9bf9-f0a6ad2b4fa8,7fb983e8-6848-5425-97a2-14da72722d0f,2b06b321-efa3-5f66-96c6-3ecf31974060,2024-10-20T00:00:00,3,Producto vencido o dañado
ab83972f-49ea-5384-ba93-87d25464bce4,e8aeb018-f679-5670-b210-de4f62ff2111,2082733c-4e17-51fe-bc8c-bf33d3ec5d7e,7fb983e8-6848-5425-97a2-14da72722d0f,d09d9ce9-d0b9-5044-95d3-251bce557235,2024-10-20T00:00:00,2,Producto vencido o dañado
89346359-87d4-554f-84f8-647220dcf5a9,e8aeb018-f679-5670-b210-de4f62ff2111,6d807393-f4ab-5f76-b544-251eeda27ba3,d6f21f11-7533-52dd-a4dc-2fb8e260c02c,3da1437e-e5b6-5ed6-9f20-125e1aaa92e8,2024-10-21T00:00:00,2,Producto vencido o dañado
3c4ea3f9-4bf1-58d4-9eaa-e62231a52acc,e8aeb018-f679-5670-b210-de4f62ff2111,cd81184b-b6f1-563c-b463-36a69ddfb598,d6f21f11-7533-52dd-a4dc-2fb8e260c02c,b43cc0a5-d5d3-5fd2-8e72-f0abfe10d2ed,2024-10-21T00:00:00,2,Producto vencido o dañado
4812fd22-6c54-50dd-9952-775bf2b85216,e8aeb018-f679-5670-b210-de4f62ff2111,d2f08f15-f9f2-5f65-a740-b05896774467,d6f21f11-7533-52dd-a4dc-2fb8e260c02c,a4ebefdc-4913-5cd1-8068-615e5bbdbdb4,2024-10-23T00:00:00,3,Producto vencido o dañado
657e65e2-809f-59ee-a5c6-2c72c721a99c,e8aeb018-f679-5670-b210-de4f62ff2111,22231140-3780-5fe8-a7d4-d33f61d15111,43616d97-2221-569d-82eb-bcc14bcd6344,74be5892-71c7-51ed-84c1-d66d703fee87,2024-10-25T00:00:00,2,Producto vencido o dañado
028e4689-6f0f-5225-9d8b-f5be9a64a2b3,e8aeb018-f679-5670-b210-de4f62ff2111,6baabed2-52d7-5cb7-bf74-86c7cb3e4f07,26f7241d-a84e-5e4a-a43d-33eea1e54eea,ae31e4e5-c9a9-5cd0-aa3a-d4d51d675c2e,2024-10-26T00:00:00,3,Producto vencido o dañado
3fc718ac-308b-5550-b7b8-0828c7ac8226,e8aeb018-f679-5670-b210-de4f62ff2111,d2f08f15-f9f2-5f65-a740-b05896774467,43616d97-2221-569d-82eb-bcc14bcd6344,64ad59fe-516b-5312-9635-877dc140e041,2024-10-26T00:00:00,1,Producto vencido o dañado
641ddb15-02ab-5f72-8f13-98090b2370f4,e8aeb018-f679-5670-b210-de4f62ff2111,4d9429b6-2ebf-5b5d-ac48-f779d5a1e270,43616d97-2221-569d-82eb-bcc14bcd6344,a6b290c5-21b6-58c8-80ff-64608459bcb8,2024-10-28T00:00:00,1,Producto vencido o dañado
b439ada1-69de-540e-ae9c-b30db39ae88b,e8aeb018-f679-5670-b210-de4f62ff2111,4d9429b6-2ebf-5b5d-ac48-f779d5a1e270,7fb983e8-6848-5425-97a2-14da72722d0f,8d4c33a1-ab6a-5a63-8a68-d94d14f404b2,2024-10-30T00:00:00,3,Producto vencido o dañado
837cd6d2-ab78-5e98-989b-52b09480241c,e8aeb018-f679-5670-b210-de4f62ff2111,d0ae6d2d-e561-56b3-a2c1-113c1c56ae81,7fb983e8-6848-5425-97a2-14da72722d0f,ba123d31-89e4-5ba8-abdc-de80d38f19a8,2024-10-30T00:00:00,1,Producto vencido o dañado
38407e3c-8175-5d7d-9a32-b95896acf158,e8aeb018-f679-5670-b210-de4f62ff2111,cd81184b-b6f1-563c-b463-36a69ddfb598,7fb983e8-6848-5425-97a2-14da72722d0f,42980261-963e-5e9d-b87c-e567657d212c,2024-10-30T00:00:00,3,Producto vencido o dañado
f727e87f-2ada-5044-a5c1-0c1e95d99527,e8aeb018-f679-5670-b210-de4f62ff2111,1e9605fd-5682-52b6-8f05-e8a92dd44513,8ecedccf-c230-516b-bbc2-108f7a6fbe63,e6e5dc20-1612-51fe-ac13-7b99af9c5065,2024-10-31T00:00:00,1,Producto vencido o dañado
5b5d962d-c313-512f-9349-b80a6cf777e7,e8aeb018-f679-5670-b210-de4f62ff2111,94e18241-54bd-5516-b36f-94ab6e323aca,7fb983e8-6848-5425-97a2-14da72722d0f,5949bf36-4c61-5d1d-bbae-1f80a44cac3f,2024-10-31T00:00:00,3,Producto vencido o dañado
88601b07-3b4d-50a5-bba1-3bd587d078d2,e8aeb018-f679-5670-b210-de4f62ff2111,5bbfdec8-65ae-59e6-b211-5eccb5b765fa,8ecedccf-c230-516b-bbc2-108f7a6fbe63,26b592b5-4345-523c-b67a-06788057b7f3,2024-11-01T00:00:00,1,Producto vencido o dañado
29264220-5ba8-5629-bdd2-cef9b5f37198,e8aeb018-f679-5670-b210-de4f62ff2111,afe9d181-1c64-5cca-b4b7-a9fa24eceeea,43616d97-2221-569d-82eb-bcc14bcd6344,9e40d63a-cfc8-5240-b131-f40ebba39d5c,2024-11-03T00:00:00,1,Producto vencido o dañado
bbafab9c-10c1-5e11-9532-d68aa820d8d4,e8aeb018-f679-5670-b210-de4f62ff2111,cd81184b-b6f1-563c-b463-36a69ddfb598,8ecedccf-c230-516b-bbc2-108f7a6fbe63,5859b4e5-b53c-5845-a355-6a2f049b009f,2024-11-03T00:00:00,1,Producto vencido o dañado
a5ca9ff5-ebd0-59cf-8c42-910bb5ef9fc3,e8aeb018-f679-5670-b210-de4f62ff2111,cd81184b-b6f1-563c-b463-36a69ddfb598,8ecedccf-c230-516b-bbc2-108f7a6fbe63,5859b4e5-b53c-5845-a355-6a2f049b009f,2024-11-04T00:00:00,1,Producto vencido o dañado
45650b43-0093-50f5-9757-fdbdea195ca6,e8aeb018-f679-5670-b210-de4f62ff2111,d2f08f15-f9f2-5f65-a740-b05896774467,7fb983e8-6848-5425-97a2-14da72722d0f,9e68388b-6520-5aea-8219-2590666fd06e,2024-11-04T00:00:00,3,Producto vencido o dañado
01455952-93b8-5255-a9b7-0c6bb31661d1,e8aeb018-f679-5670-b210-de4f62ff2111,5bbfdec8-65ae-59e6-b211-5eccb5b765fa,d6f21f11-7533-52dd-a4dc-2fb8e260c02c,ba75e763-8ebe-5fd4-9832-713298f14a9d,2024-11-05T00:00:00,3,Producto vencido o dañado
cbc4263a-dd0d-553f-bd62-080621ee5239,e8aeb018-f679-5670-b210-de4f62ff2111,d3961f5a-3ea7-53d3-89f4-78b65b0c0c6b,8ecedccf-c230-516b-bbc2-108f7a6fbe63,6e6eb62f-24ff-53c9-8eb5-1faf7317f3ab,2024-11-05T00:00:00,1,Producto vencido o dañado
b22c6f46-b8e2-5dee-b0b9-4d90381a41ab,e8aeb018-f679-5670-b210-de4f62ff2111,c0cf5e5c-b5c9-585a-8e79-d9830bc954f6,d6f21f11-7533-52dd-a4dc-2fb8e260c02c,f4964814-0001-5819-a2ae-c80b8e1e5957,2024-11-06T00:00:00,1,Producto vencido o dañado
7bd7359d-3c58-59dc-b3cb-e72ec1f2d650,e8aeb018-f679-5670-b210-de4f62ff2111,82cd11ba-d1a0-58b1-b14f-edd741f36e87,8ecedccf-c230-516b-bbc2-108f7a6fbe63,5fb01682-7d28-58b8-86d1-f6387787d97c,2024-11-06T00:00:00,2,Producto vencido o dañado
68dfc140-9104-5a02-bafa-7f4f79bbb310,e8aeb018-f679-5670-b210-de4f62ff2111,5bbfdec8-65ae-59e6-b211-5eccb5b765fa,43616d97-2221-569d-82eb-bcc14bcd6344,62663c25-2efd-597f-8548-36ae01214a0b,2024-11-07T00:00:00,3,Producto vencido o dañado
f42388bb-ecd4-54d3-a478-b10f1c7b2972,e8aeb018-f679-5670-b210-de4f62ff2111,2082733c-4e17-51fe-bc8c-bf33d3ec5d7e,7fb983e8-6848-5425-97a2-14da72722d0f,51ecb018-81f2-5ce8-ae4a-4015ac99b0d7,2024-11-07T00:00:00,3,Producto vencido o dañado
9b01ce8b-6609-5fba-b356-c7b612309628,e8aeb018-f679-5670-b210-de4f62ff2111,6baabed2-52d7-5cb7-bf74-86c7cb3e4f07,43616d97-2221-569d-82eb-bcc14bcd6344,f8282725-6593-5238-8333-2f96df0fafee,2024-11-08T00:00:00,3,Producto vencido o dañado
770b0f79-c726-5c54-9d7c-1b6ef4d07058,e8aeb018-f679-5670-b210-de4f62ff2111,82cd11ba-d1a0-58b1-b14f-edd741f36e87,d6f21f11-7533-52dd-a4dc-2fb8e260c02c,a35e32f0-be8e-52f8-b4ff-0d2798cb8f9a,2024-11-09T00:00:00,2,Producto vencido o dañado
11230344-847b-5b02-b8ea-2e5356133efd,e8aeb018-f679-5670-b210-de4f62ff2111,6d807393-f4ab-5f76-b544-251eeda27ba3,26f7241d-a84e-5e4a-a43d-33eea1e54eea,99c9ed55-8e14-51ab-b5bc-9b8328876d50,2024-11-10T00:00:00,2,Producto vencido o dañado
fae75dd8-8c46-5a66-ba6a-6a8430b64e06,e8aeb018-f679-5670-b210-de4f62ff2111,9928e9a1-d9fc-5fdd-86c2-8909352fd7fe,d6f21f11-7533-52dd-a4dc-2fb8e260c02c,acd89460-1e73-5c4a-8718-a9c6ed0a8b05,2024-11-10T00:00:00,2,Producto vencido o dañado
ff0612fa-cf1e-5d73-8ed3-b31caab3426d,e8aeb018-f679-5670-b210-de4f62ff2111,983871db-adfb-543e-b438-6b00044ffb64,8ecedccf-c230-516b-bbc2-108f7a6fbe63,4d7666a9-f8b2-5286-ad7e-12f986953495,2024-11-10T00:00:00,1,Producto vencido o dañado
14df49d2-1f4e-5564-9d54-4536e724e276,e8aeb018-f679-5670-b210-de4f62ff2111,cd81184b-b6f1-563c-b463-36a69ddfb598,7fb983e8-6848-5425-97a2-14da72722d0f,42980261-963e-5e9d-b87c-e567657d212c,2024-11-10T00:00:00,2,Producto vencido o dañado
f15a3a90-cc23-525f-bef6-7386bff59190,e8aeb018-f679-5670-b210-de4f62ff2111,983871db-adfb-543e-b438-6b00044ffb64,8ecedccf-c230-516b-bbc2-108f7a6fbe63,4d7666a9-f8b2-5286-ad7e-12f986953495,2024-11-11T00:00:00,3,Producto vencido o dañado
814fff5d-4055-5b1a-824c-cf93e67a68cb,e8aeb018-f679-5670-b210-de4f62ff2111,c0cf5e5c-b5c9-585a-8e79-d9830bc954f6,26f7241d-a84e-5e4a-a43d-33eea1e54eea,30079fb2-c76a-5e2a-8c63-af164a18c572,2024-11-12T00:00:00,1,Producto vencido o dañado
6b8cdd7b-f2a9-5cdf-a8c7-a25a4a39e6bf,e8aeb018-f679-5670-b210-de4f62ff2111,6baabed2-52d7-5cb7-bf74-86c7cb3e4f07,26f7241d-a84e-5e4a-a43d-33eea1e54eea,ae31e4e5-c9a9-5cd0-aa3a-d4d51d675c2e,2024-11-12T00:00:00,1,Producto vencido o dañado
340b7d1b-0ba1-5367-bc0f-9eafc9cddb6c,e8aeb018-f679-5670-b210-de4f62ff2111,d2f08f15-f9f2-5f65-a740-b05896774467,7fb983e8-6848-5425-97a2-14da72722d0f,d32cc255-3281-50d4-b1a4-c8a90f3823bd,2024-11-14T00:00:00,2,Producto vencido o dañado
3ca769fe-d60c-5f1f-a380-6fa435bb36b2,e8aeb018-f679-5670-b210-de4f62ff2111,d3961f5a-3ea7-53d3-89f4-78b65b0c0c6b,26f7241d-a84e-5e4a-a43d-33eea1e54eea,13672ab5-9325-5149-9919-5c7b2c9991d7,2024-11-15T00:00:00,2,Producto vencido o dañado
2f96234c-0790-51b6-9d4a-23d7ec16e0af,e8aeb018-f679-5670-b210-de4f62ff2111,1ca3438e-9e23-58f0-a35f-f15f7a23beb9,d6f21f11-7533-52dd-a4dc-2fb8e260c02c,22fd0469-d942-5582-98d6-4864c7e36750,2024-11-15T00:00:00,1,Producto vencido o dañado
83a9f730-b814-58ba-a34b-c8b32570641c,e8aeb018-f679-5670-b210-de4f62ff2111,d0ae6d2d-e561-56b3-a2c1-113c1c56ae81,7fb983e8-6848-5425-97a2-14da72722d0f,ba123d31-89e4-5ba8-abdc-de80d38f19a8,2024-11-16T00:00:00,3,Producto vencido o dañado
6a807bfd-e45a-51a9-9095-dec5be6a7ca2,e8aeb018-f679-5670-b210-de4f62ff2111,97d26d91-c562-5f27-9ebd-285e89c8f4bf,7fb983e8-6848-5425-97a2-14da72722d0f,7c349b40-6d72-5927-b64c-94f97d4ca4ba,2024-11-17T00:00:00,3,Producto vencido o dañado
2243010e-d714-5393-8a11-e587f33c062a,e8aeb018-f679-5670-b210-de4f62ff2111,2082733c-4e17-51fe-bc8c-bf33d3ec5d7e,8ecedccf-c230-516b-bbc2-108f7a6fbe63,0dfb2153-d908-586e-ad7b-bb94e539f281,2024-11-19T00:00:00,3,Producto vencido o dañado
3273fec3-b9c1-5554-ba2a-59d1d7a0e3ab,e8aeb018-f679-5670-b210-de4f62ff2111,c0cf5e5c-b5c9-585a-8e79-d9830bc954f6,8ecedccf-c230-516b-bbc2-108f7a6fbe63,9598d0b2-dab5-5d37-95d0-e7cf35fb0bfa,2024-11-20T00:00:00,1,Producto vencido o dañado
1d78de0d-e422-525f-bfa3-30a2b19072b7,e8aeb018-f679-5670-b210-de4f62ff2111,6baabed2-52d7-5cb7-bf74-86c7cb3e4f07,7fb983e8-6848-5425-97a2-14da72722d0f,b6ff21e3-38b3-5e47-afa9-fad2f99bcf69,2024-11-20T00:00:00,2,Producto vencido o dañado
5519bbfa-7a8d-5d62-8b39-045d58a6b191,e8aeb018-f679-5670-b210-de4f62ff2111,2933d8b7-2438-521b-b38d-d3a5224f87fc,d6f21f11-7533-52dd-a4dc-2fb8e260c02c,aead2b32-b863-5db5-b0d2-1e280e331e29,2024-11-22T00:00:00,3,Producto vencido o dañado
ec870bd2-30ab-5885-914f-fcb448de52d6,e8aeb018-f679-5670-b210-de4f62ff2111,d0ae6d2d-e561-56b3-a2c1-113c1c56ae81,8ecedccf-c230-516b-bbc2-108f7a6fbe63,74868356-df4d-521a-ac4a-af03cedb4eaa,2024-11-22T00:00:00,2,Producto vencido o dañado
10555e1d-16e6-51c7-aca0-74fb3ab9e0fc,e8aeb018-f679-5670-b210-de4f62ff2111,cd81184b-b6f1-563c-b463-36a69ddfb598,7fb983e8-6848-5425-97a2-14da72722d0f,c0a75586-7f38-55d7-8617-1ce1900937e8,2024-11-22T00:00:00,1,Producto vencido o dañado
d7ba00e9-79d3-5f33-9daa-e69796c5e290,e8aeb018-f679-5670-b210-de4f62ff2111,2933d8b7-2438-521b-b38d-d3a5224f87fc,43616d97-2221-569d-82eb-bcc14bcd6344,64c36351-404d-5744-84aa-7974acb3c367,2024-11-25T00:00:00,2,Producto vencido o dañado
b13b7c8f-c4c3-5346-8136-7f2e82280ea4,e8aeb018-f679-5670-b210-de4f62ff2111,d9506935-1215-5499-93c0-8bdd86ab9418,43616d97-2221-569d-82eb-bcc14bcd6344,de69edd1-2b3a-547d-8f36-c6dafd30db2b,2024-11-26T00:00:00,1,Producto vencido o dañado
fd13b93b-1518-55fc-8a86-b34d0b1f73a5,e8aeb018-f679-5670-b210-de4f62ff2111,afe9d181-1c64-5cca-b4b7-a9fa24eceeea,d6f21f11-7533-52dd-a4dc-2fb8e260c02c,bcff7f78-8915-5f41-8e8f-fd4194efefe8,2024-11-28T00:00:00,2,Producto vencido o dañado
2e1f6139-ed2c-5fbc-b61a-76372c209bbb,e8aeb018-f679-5670-b210-de4f62ff2111,97d26d91-c562-5f27-9ebd-285e89c8f4bf,26f7241d-a84e-5e4a-a43d-33eea1e54eea,b9117fd3-51f6-5d11-ac4c-89645f6eb864,2024-11-29T00:00:00,1,Producto vencido o dañado
fe1cc4eb-c0ac-5fa0-91b7-02c9936f035a,e8aeb018-f679-5670-b210-de4f62ff2111,2eb3a104-e572-583a-afa0-156ee0dc4cce,7fb983e8-6848-5425-97a2-14da72722d0f,ca1ca958-263c-5e5c-b9c0-ae1527c56446,2024-11-29T00:00:00,1,Producto vencido o dañado
1ae2228d-a7e0-593f-937b-96ea504731b6,e8aeb018-f679-5670-b210-de4f62ff2111,87b859e0-789a-56e6-b1ba-4fe76221d3bf,d6f21f11-7533-52dd-a4dc-2fb8e260c02c,f46e4854-2d91-5180-89d9-5967f0847b24,2024-12-03T00:00:00,2,Producto vencido o dañado
099e99be-8f60-5d14-b7da-1a64c938c460,e8aeb018-f679-5670-b210-de4f62ff2111,2082733c-4e17-51fe-bc8c-bf33d3ec5d7e,d6f21f11-7533-52dd-a4dc-2fb8e260c02c,20ebc3da-2de5-53d3-9854-4bc44b5f467a,2024-12-03T00:00:00,3,Producto vencido o dañado
890a2ef1-80cd-5119-a26f-1b2847c8b0e0,e8aeb018-f679-5670-b210-de4f62ff2111,d0ae6d2d-e561-56b3-a2c1-113c1c56ae81,43616d97-2221-569d-82eb-bcc14bcd6344,b0bec371-2053-5283-ad83-03b206535193,2024-12-04T00:00:00,1,Producto vencido o dañado
1869d5b7-d3e0-5b49-b90b-823c98d3fdb0,e8aeb018-f679-5670-b210-de4f62ff2111,1e9605fd-5682-52b6-8f05-e8a92dd44513,7fb983e8-6848-5425-97a2-14da72722d0f,49265d32-af4d-568b-9ce9-985992d05955,2024-12-05T00:00:00,1,Producto vencido o dañado
72dfcf66-26bb-5259-9882-e4137e43a987,e8aeb018-f679-5670-b210-de4f62ff2111,d0ae6d2d-e561-56b3-a2c1-113c1c56ae81,43616d97-2221-569d-82eb-bcc14bcd6344,b0bec371-2053-5283-ad83-03b206535193,2024-12-08T00:00:00,2,Producto vencido o dañado
40ecf2a1-fecf-51e5-844c-7e4ca3da7fe9,e8aeb018-f679-5670-b210-de4f62ff2111,22231140-3780-5fe8-a7d4-d33f61d15111,d6f21f11-7533-52dd-a4dc-2fb8e260c02c,1a4c1ec5-5b46-5807-a824-a4afcd06a6b4,2024-12-08T00:00:00,1,Producto vencido o dañado
63a36979-30de-58bd-8c88-b3869f111e18,e8aeb018-f679-5670-b210-de4f62ff2111,9928e9a1-d9fc-5fdd-86c2-8909352fd7fe,8ecedccf-c230-516b-bbc2-108f7a6fbe63,21684ff0-a954-53f2-99e8-08631d7799dd,2024-12-08T00:00:00,3,Producto vencido o dañado
e073db81-4a15-5f0c-a553-9cd16b20c900,e8aeb018-f679-5670-b210-de4f62ff2111,2082733c-4e17-51fe-bc8c-bf33d3ec5d7e,7fb983e8-6848-5425-97a2-14da72722d0f,51ecb018-81f2-5ce8-ae4a-4015ac99b0d7,2024-12-08T00:00:00,2,Producto vencido o dañado
805351de-4d4f-58f5-8076-f00c99666694,e8aeb018-f679-5670-b210-de4f62ff2111,87b859e0-789a-56e6-b1ba-4fe76221d3bf,7fb983e8-6848-5425-97a2-14da72722d0f,286e4b0f-e349-5963-9e1a-6d0e2bba0f3f,2024-12-11T00:00:00,3,Producto vencido o dañado
878b3dd8-ebe6-5a7d-a97c-39529ba897a9,e8aeb018-f679-5670-b210-de4f62ff2111,97d26d91-c562-5f27-9ebd-285e89c8f4bf,43616d97-2221-569d-82eb-bcc14bcd6344,5bba4bad-81c6-5b99-a974-2358491b438d,2024-12-12T00:00:00,2,Producto vencido o dañado
352838e8-ead3-5c14-9831-a61b7e7e5075,e8aeb018-f679-5670-b210-de4f62ff2111,5bbfdec8-65ae-59e6-b211-5eccb5b765fa,d6f21f11-7533-52dd-a4dc-2fb8e260c02c,ba75e763-8ebe-5fd4-9832-713298f14a9d,2024-12-12T00:00:00,3,Producto vencido o dañado
5d10d420-58c2-5c29-9be4-64477b6b2158,e8aeb018-f679-5670-b210-de4f62ff2111,2897aac2-f219-5167-b800-73fac27f6b85,8ecedccf-c230-516b-bbc2-108f7a6fbe63,e1f8fd9b-9f45-5da4-be15-0f8e6a0a2c0d,2024-12-12T00:00:00,2,Producto vencido o dañado
28304fb1-fe8d-5fa1-b32d-662416195aa7,e8aeb018-f679-5670-b210-de4f62ff2111,d9506935-1215-5499-93c0-8bdd86ab9418,8ecedccf-c230-516b-bbc2-108f7a6fbe63,3c6161c2-be93-50c0-9205-a44c2db0bec6,2024-12-12T00:00:00,2,Producto vencido o dañado
fed070c7-4db0-51ee-a38a-54b4aa7b7761,e8aeb018-f679-5670-b210-de4f62ff2111,042e2e80-f954-5df4-97be-29dd428cc598,8ecedccf-c230-516b-bbc2-108f7a6fbe63,1a7b62d1-0798-5e52-bf65-8006e72ddf2e,2024-12-14T00:00:00,1,Producto vencido o dañado
cdd0ef49-f066-5bd2-8602-cfc7ecb5a827,e8aeb018-f679-5670-b210-de4f62ff2111,012857cc-907f-5e7d-b8fb-796d2c9f1621,7fb983e8-6848-5425-97a2-14da72722d0f,fcda4b90-f17d-5122-8e08-c9b38ae8d054,2024-12-14T00:00:00,1,Producto vencido o dañado
81fbb7a2-a91c-5496-9766-091a1386a873,e8aeb018-f679-5670-b210-de4f62ff2111,94e18241-54bd-5516-b36f-94ab6e323aca,7fb983e8-6848-5425-97a2-14da72722d0f,566e075b-4948-5ecc-b9a8-3f1c496338a9,2024-12-15T00:00:00,3,Producto vencido o dañado
7226cb5c-a59d-5df5-a3ee-d44d78964074,e8aeb018-f679-5670-b210-de4f62ff2111,d2f08f15-f9f2-5f65-a740-b05896774467,7fb983e8-6848-5425-97a2-14da72722d0f,d32cc255-3281-50d4-b1a4-c8a90f3823bd,2024-12-15T00:00:00,1,Producto vencido o dañado
71e188a9-6376-57a6-92fb-12feb68c3b52,e8aeb018-f679-5670-b210-de4f62ff2111,d2f08f15-f9f2-5f65-a740-b05896774467,7fb983e8-6848-5425-97a2-14da72722d0f,9ce976af-9c83-5035-a351-432b473928a8,2024-12-15T00:00:00,2,Producto vencido o dañado
a146a7bc-48ba-55ad-bd98-d14e110e78fd,e8aeb018-f679-5670-b210-de4f62ff2111,5bbfdec8-65ae-59e6-b211-5eccb5b765fa,26f7241d-a84e-5e4a-a43d-33eea1e54eea,518f1616-bd0c-5f1d-91d9-6b770f41d546,2024-12-16T00:00:00,2,Producto vencido o dañado
cfdd968f-e553-53b9-9a49-ffd461c50967,e8aeb018-f679-5670-b210-de4f62ff2111,d9506935-1215-5499-93c0-8bdd86ab9418,8ecedccf-c230-516b-bbc2-108f7a6fbe63,3c6161c2-be93-50c0-9205-a44c2db0bec6,2024-12-16T00:00:00,2,Producto vencido o dañado
fc0b5bec-a73b-5fda-9af2-2d4d833a7a9a,e8aeb018-f679-5670-b210-de4f62ff2111,2933d8b7-2438-521b-b38d-d3a5224f87fc,7fb983e8-6848-5425-97a2-14da72722d0f,58352c3b-f854-5818-b875-6ff88aa7e735,2024-12-18T00:00:00,2,Producto vencido o dañado
6a3f38ad-5181-572c-aea4-bf38fef95358,e8aeb018-f679-5670-b210-de4f62ff2111,d9506935-1215-5499-93c0-8bdd86ab9418,7fb983e8-6848-5425-97a2-14da72722d0f,f9b57246-3cd2-549d-900b-fd4f45f3a1e7,2024-12-19T00:00:00,3,Producto vencido o dañado
81f81771-456d-5bd4-ab85-fec03cf1724e,e8aeb018-f679-5670-b210-de4f62ff2111,c0cf5e5c-b5c9-585a-8e79-d9830bc954f6,43616d97-2221-569d-82eb-bcc14bcd6344,fb232be6-7c97-5c07-9aa4-02bcbfdd78c6,2024-12-20T00:00:00,2,Producto vencido o dañado
a09892cb-5864-5a31-99ad-a8ec9f0c375e,e8aeb018-f679-5670-b210-de4f62ff2111,07371b94-955f-52a4-9bf9-f0a6ad2b4fa8,8ecedccf-c230-516b-bbc2-108f7a6fbe63,0c0b4676-2fa2-5592-abf1-24d6511ba918,2024-12-20T00:00:00,2,Producto vencido o dañado
e6bbb957-553b-50d1-bcf3-edf28e3a8f33,e8aeb018-f679-5670-b210-de4f62ff2111,d3961f5a-3ea7-53d3-89f4-78b65b0c0c6b,7fb983e8-6848-5425-97a2-14da72722d0f,72adc08e-9c9b-56bc-9aa5-74dc3a37ed5c,2024-12-20T00:00:00,2,Producto vencido o dañado
660266b9-952c-56c6-bc83-fb1ac6181063,e8aeb018-f679-5670-b210-de4f62ff2111,afe9d181-1c64-5cca-b4b7-a9fa24eceeea,43616d97-2221-569d-82eb-bcc14bcd6344,7ccab62e-9361-5375-8e89-f4821c7d0228,2024-12-21T00:00:00,2,Producto vencido o dañado
af8c2801-a3cf-5e43-9978-8731dc827018,e8aeb018-f679-5670-b210-de4f62ff2111,4d9429b6-2ebf-5b5d-ac48-f779d5a1e270,d6f21f11-7533-52dd-a4dc-2fb8e260c02c,c3849a5b-4c56-584c-b814-17a6e8069329,2024-12-21T00:00:00,3,Producto vencido o dañado
6aa3eae9-9ef6-5ac3-8057-614a7f6b285a,e8aeb018-f679-5670-b210-de4f62ff2111,012857cc-907f-5e7d-b8fb-796d2c9f1621,7fb983e8-6848-5425-97a2-14da72722d0f,fcda4b90-f17d-5122-8e08-c9b38ae8d054,2024-12-21T00:00:00,2,Producto vencido o dañado
329f9a39-6b84-54b1-a076-d776df343a20,e8aeb018-f679-5670-b210-de4f62ff2111,6baabed2-52d7-5cb7-bf74-86c7cb3e4f07,43616d97-2221-569d-82eb-bcc14bcd6344,766a8e8f-cf53-506b-b94e-b1d5dbd8d47d,2024-12-22T00:00:00,3,Producto vencido o dañado
5b7a6ca2-6291-5720-a662-b1d440670941,e8aeb018-f679-5670-b210-de4f62ff2111,82cd11ba-d1a0-58b1-b14f-edd741f36e87,d6f21f11-7533-52dd-a4dc-2fb8e260c02c,5060b6ee-4132-5aac-ab8a-f03a3c7a3a36,2024-12-22T00:00:00,3,Producto vencido o dañado
34c92d1b-4260-5500-8b40-eb5fa14f6b74,e8aeb018-f679-5670-b210-de4f62ff2111,2897aac2-f219-5167-b800-73fac27f6b85,d6f21f11-7533-52dd-a4dc-2fb8e260c02c,a91a3dab-a43c-5cac-839d-317de723e0cb,2024-12-24T00:00:00,3,Producto vencido o dañado
287e4094-2a56-528b-9c95-2ba1603f48d5,e8aeb018-f679-5670-b210-de4f62ff2111,d2f08f15-f9f2-5f65-a740-b05896774467,43616d97-2221-569d-82eb-bcc14bcd6344,0cc96469-7ab9-5414-b1c1-702822ff601c,2024-12-25T00:00:00,1,Producto vencido o dañado
d7e6286f-5026-5a21-be0a-92edc19a5318,e8aeb018-f679-5670-b210-de4f62ff2111,97d26d91-c562-5f27-9ebd-285e89c8f4bf,7fb983e8-6848-5425-97a2-14da72722d0f,30f88b20-d767-5e79-b9ed-cf353b973c16,2024-12-25T00:00:00,3,Producto vencido o dañado
63d3e2f3-cab7-528b-88cd-6d7c4150b36f,e8aeb018-f679-5670-b210-de4f62ff2111,0ec23038-d3ab-588c-bbd6-1f5c744cdde1,26f7241d-a84e-5e4a-a43d-33eea1e54eea,603af6a2-d379-5580-8659-9043a4c94add,2024-12-27T00:00:00,3,Producto vencido o dañado
2c135d9d-ef23-5111-8e9f-c593526bf673,e8aeb018-f679-5670-b210-de4f62ff2111,042e2e80-f954-5df4-97be-29dd428cc598,d6f21f11-7533-52dd-a4dc-2fb8e260c02c,d00eaea4-658b-5d9b-a276-20ddb6a5bd92,2024-12-27T00:00:00,2,Producto vencido o dañado
f053c6f6-14d7-5fd2-9c74-1a7af3c9f148,e8aeb018-f679-5670-b210-de4f62ff2111,d9506935-1215-5499-93c0-8bdd86ab9418,8ecedccf-c230-516b-bbc2-108f7a6fbe63,3c6161c2-be93-50c0-9205-a44c2db0bec6,2024-12-28T00:00:00,2,Producto vencido o dañado
469fc84d-fd54-5391-9e11-4fd37d4c4832,e8aeb018-f679-5670-b210-de4f62ff2111,1e9605fd-5682-52b6-8f05-e8a92dd44513,26f7241d-a84e-5e4a-a43d-33eea1e54eea,bf46859f-38ae-53de-8445-45d6353d009f,2024-12-29T00:00:00,1,Producto vencido o dañado
9a885939-4251-508c-b26e-53255d288e54,e8aeb018-f679-5670-b210-de4f62ff2111,cd81184b-b6f1-563c-b463-36a69ddfb598,8ecedccf-c230-516b-bbc2-108f7a6fbe63,c4f38cb4-1cbe-5282-b733-aa481cdec4a9,2024-12-31T00:00:00,3,Producto vencido o dañado
7dd11010-28d8-58f0-af10-6c820460ae0f,e8aeb018-f679-5670-b210-de4f62ff2111,2933d8b7-2438-521b-b38d-d3a5224f87fc,26f7241d-a84e-5e4a-a43d-33eea1e54eea,09fc89b1-4a9c-5ef0-82e9-85bc75119976,2025-01-01T00:00:00,2,Producto vencido o dañado
f34cc08d-c73c-5dd9-ab2f-b8678f881e98,e8aeb018-f679-5670-b210-de4f62ff2111,c0cf5e5c-b5c9-585a-8e79-d9830bc954f6,26f7241d-a84e-5e4a-a43d-33eea1e54eea,cf278c07-50b4-57fc-9f46-0fb118ab98c9,2025-01-01T00:00:00,3,Producto vencido o dañado
79aa1655-aba2-5e00-be5f-1188d3309944,e8aeb018-f679-5670-b210-de4f62ff2111,d2f08f15-f9f2-5f65-a740-b05896774467,26f7241d-a84e-5e4a-a43d-33eea1e54eea,f708fd1a-fdf0-567e-8c67-3d6aeb2d34a1,2025-01-01T00:00:00,3,Producto vencido o dañado
03137bed-a172-5da4-b90a-725ccdcd9673,e8aeb018-f679-5670-b210-de4f62ff2111,d2f08f15-f9f2-5f65-a740-b05896774467,8ecedccf-c230-516b-bbc2-108f7a6fbe63,bd03396c-cc53-51e0-8ec0-e92d40e6e5a6,2025-01-01T00:00:00,3,Producto vencido o dañado
c8831ca0-1b60-5956-8b5e-f58169c2e4e4,e8aeb018-f679-5670-b210-de4f62ff2111,042e2e80-f954-5df4-97be-29dd428cc598,d6f21f11-7533-52dd-a4dc-2fb8e260c02c,d00eaea4-658b-5d9b-a276-20ddb6a5bd92,2025-01-02T00:00:00,3,Producto vencido o dañado
af65408e-bb47-5d95-a2e4-39cc66a1e9ac,e8aeb018-f679-5670-b210-de4f62ff2111,07371b94-955f-52a4-9bf9-f0a6ad2b4fa8,43616d97-2221-569d-82eb-bcc14bcd6344,56713226-c407-55db-88d3-703445dcc9d3,2025-01-04T00:00:00,3,Producto vencido o dañado
deecc996-e9d9-544c-9c69-b6be63af9d65,e8aeb018-f679-5670-b210-de4f62ff2111,d2f08f15-f9f2-5f65-a740-b05896774467,43616d97-2221-569d-82eb-bcc14bcd6344,0cc96469-7ab9-5414-b1c1-702822ff601c,2025-01-04T00:00:00,1,Producto vencido o dañado
a77b228f-edc6-5e4a-b2c1-52ca6fda9270,e8aeb018-f679-5670-b210-de4f62ff2111,2897aac2-f219-5167-b800-73fac27f6b85,43616d97-2221-569d-82eb-bcc14bcd6344,8ee98ea8-f294-577a-a77b-9609bb2e7112,2025-01-04T00:00:00,3,Producto vencido o dañado
607f9aac-c37c-5818-a8ba-d6e36b535b88,e8aeb018-f679-5670-b210-de4f62ff2111,058c6382-bde2-59d1-93ff-20c6161a4736,8ecedccf-c230-516b-bbc2-108f7a6fbe63,950cdd67-412e-581d-9415-17986a16e029,2025-01-04T00:00:00,1,Producto vencido o dañado
d1a8eb3d-06d2-5ece-84c9-3543bc73af50,e8aeb018-f679-5670-b210-de4f62ff2111,2082733c-4e17-51fe-bc8c-bf33d3ec5d7e,8ecedccf-c230-516b-bbc2-108f7a6fbe63,0f42df66-b9b2-5af4-9d0c-04b535e7f8d7,2025-01-06T00:00:00,2,Producto vencido o dañado
5902187c-5cfc-541e-adbb-532731b52db9,e8aeb018-f679-5670-b210-de4f62ff2111,afe9d181-1c64-5cca-b4b7-a9fa24eceeea,26f7241d-a84e-5e4a-a43d-33eea1e54eea,10cb9602-0095-596b-ba0d-2ca0ca3bfabe,2025-01-07T00:00:00,3,Producto vencido o dañado
d97af790-4aba-55a7-8ef1-cfc28718d622,e8aeb018-f679-5670-b210-de4f62ff2111,2082733c-4e17-51fe-bc8c-bf33d3ec5d7e,43616d97-2221-569d-82eb-bcc14bcd6344,4e9ca454-a525-595e-a0ac-5c3886588f09,2025-01-08T00:00:00,2,Producto vencido o dañado
b6cf0db6-8722-5e7c-bcfe-d7024b3eb889,e8aeb018-f679-5670-b210-de4f62ff2111,6d807393-f4ab-5f76-b544-251eeda27ba3,43616d97-2221-569d-82eb-bcc14bcd6344,91259159-20fd-56fb-ba1b-f8f9c73b8165,2025-01-10T00:00:00,1,Producto vencido o dañado
0c70aa8b-b392-590c-9835-432bdcde97ce,e8aeb018-f679-5670-b210-de4f62ff2111,1ca3438e-9e23-58f0-a35f-f15f7a23beb9,43616d97-2221-569d-82eb-bcc14bcd6344,0ff38ba8-7a7c-5436-8d70-0a95b2963e1b,2025-01-10T00:00:00,2,Producto vencido o dañado
3b52d029-190e-5398-a34d-509b8b5c4068,e8aeb018-f679-5670-b210-de4f62ff2111,012857cc-907f-5e7d-b8fb-796d2c9f1621,8ecedccf-c230-516b-bbc2-108f7a6fbe63,c7480eaf-e98f-50fd-99df-b548bc41fa55,2025-01-10T00:00:00,3,Producto vencido o dañado
39c69b22-a49c-51bc-a97d-534078049630,e8aeb018-f679-5670-b210-de4f62ff2111,058c6382-bde2-59d1-93ff-20c6161a4736,d6f21f11-7533-52dd-a4dc-2fb8e260c02c,0626461c-862a-5c39-bb4a-258e674ffc00,2025-01-12T00:00:00,3,Producto vencido o dañado
2b8166a4-6b4e-526d-a90a-650b4e16b2d7,e8aeb018-f679-5670-b210-de4f62ff2111,2082733c-4e17-51fe-bc8c-bf33d3ec5d7e,d6f21f11-7533-52dd-a4dc-2fb8e260c02c,cb19fab9-4da7-5f35-96c9-44e2acbc0abe,2025-01-15T00:00:00,3,Producto vencido o dañado
d7cb302a-86b5-58af-a596-e9661e001354,e8aeb018-f679-5670-b210-de4f62ff2111,97d26d91-c562-5f27-9ebd-285e89c8f4bf,d6f21f11-7533-52dd-a4dc-2fb8e260c02c,7ce40791-13ef-5f4c-ba6a-91645d00118d,2025-01-15T00:00:00,3,Producto vencido o dañado
4c4299f6-88bd-58eb-bd8f-09dccd46b8e2,e8aeb018-f679-5670-b210-de4f62ff2111,38adf7ba-476e-5e6b-9163-781a13538253,7fb983e8-6848-5425-97a2-14da72722d0f,9d46e5f6-994c-5a0f-88b2-053fe974a4ec,2025-01-17T00:00:00,2,Producto vencido o dañado
21756edb-a13b-5245-ad62-5b79de5dc48c,e8aeb018-f679-5670-b210-de4f62ff2111,012857cc-907f-5e7d-b8fb-796d2c9f1621,d6f21f11-7533-52dd-a4dc-2fb8e260c02c,32c6e06c-d3eb-55a3-8df9-cf6090b24521,2025-01-19T00:00:00,2,Producto vencido o dañado
f3fa8494-4162-509b-8460-d869076d1ec9,e8aeb018-f679-5670-b210-de4f62ff2111,1ca3438e-9e23-58f0-a35f-f15f7a23beb9,8ecedccf-c230-516b-bbc2-108f7a6fbe63,f016abb6-3bd9-5cca-90b3-e48d2ec1ab28,2025-01-19T00:00:00,1,Producto vencido o dañado
61a6340c-e3dd-5efa-8c25-1028b6d67d03,e8aeb018-f679-5670-b210-de4f62ff2111,94e18241-54bd-5516-b36f-94ab6e323aca,d6f21f11-7533-52dd-a4dc-2fb8e260c02c,bafb09de-3c05-5e91-9f58-14d0f5e48ece,2025-01-20T00:00:00,2,Producto vencido o dañado
d9e4b134-21e9-5a6b-a107-f995f2b2588a,e8aeb018-f679-5670-b210-de4f62ff2111,d0ae6d2d-e561-56b3-a2c1-113c1c56ae81,8ecedccf-c230-516b-bbc2-108f7a6fbe63,cf4f1730-cdd1-5184-9965-3e8e7dc94dd9,2025-01-20T00:00:00,2,Producto vencido o dañado
c5d53fbb-555d-5ee6-b074-b2556750ebd5,e8aeb018-f679-5670-b210-de4f62ff2111,6baabed2-52d7-5cb7-bf74-86c7cb3e4f07,43616d97-2221-569d-82eb-bcc14bcd6344,b4b4836e-8473-5b5d-b64f-c50ffd835055,2025-01-21T00:00:00,1,Producto vencido o dañado
4f2f4e87-4b71-5bce-b51f-7045a7a56cf8,e8aeb018-f679-5670-b210-de4f62ff2111,d3961f5a-3ea7-53d3-89f4-78b65b0c0c6b,26f7241d-a84e-5e4a-a43d-33eea1e54eea,ad3acc4a-9a6d-5434-8452-d7da7328427a,2025-01-22T00:00:00,2,Producto vencido o dañado
61711150-e938-5e05-91f2-106232ca2621,e8aeb018-f679-5670-b210-de4f62ff2111,d0ae6d2d-e561-56b3-a2c1-113c1c56ae81,d6f21f11-7533-52dd-a4dc-2fb8e260c02c,38963619-993d-5633-8544-541e8fb2d753,2025-01-22T00:00:00,1,Producto vencido o dañado
1e3285c4-6279-5390-9481-163604755145,e8aeb018-f679-5670-b210-de4f62ff2111,94e18241-54bd-5516-b36f-94ab6e323aca,7fb983e8-6848-5425-97a2-14da72722d0f,e414f059-cebb-5a78-8956-e599ddb0f88f,2025-01-22T00:00:00,2,Producto vencido o dañado
d1d5eba3-8aef-5a98-91f3-6e1bd57c5737,e8aeb018-f679-5670-b210-de4f62ff2111,cd81184b-b6f1-563c-b463-36a69ddfb598,7fb983e8-6848-5425-97a2-14da72722d0f,a18a240b-f0c9-5017-8525-a35b366f8052,2025-01-22T00:00:00,1,Producto vencido o dañado
23c48d82-d32f-573d-a131-ecc05074b65f,e8aeb018-f679-5670-b210-de4f62ff2111,d0ae6d2d-e561-56b3-a2c1-113c1c56ae81,d6f21f11-7533-52dd-a4dc-2fb8e260c02c,38963619-993d-5633-8544-541e8fb2d753,2025-01-24T00:00:00,1,Producto vencido o dañado
99870d91-3683-5915-9e1b-608ee15bf0b8,e8aeb018-f679-5670-b210-de4f62ff2111,5bbfdec8-65ae-59e6-b211-5eccb5b765fa,7fb983e8-6848-5425-97a2-14da72722d0f,eb01b0fb-e66d-507c-80ca-b18665d71aaa,2025-01-24T00:00:00,1,Producto vencido o dañado
055bd613-0498-5437-9df4-c97b8b48d491,e8aeb018-f679-5670-b210-de4f62ff2111,07371b94-955f-52a4-9bf9-f0a6ad2b4fa8,43616d97-2221-569d-82eb-bcc14bcd6344,c92b2beb-6c96-5560-88db-21bf3e976500,2025-01-27T00:00:00,3,Producto vencido o dañado
2f1bc4ae-3373-565e-a1b9-b95db91046db,e8aeb018-f679-5670-b210-de4f62ff2111,6baabed2-52d7-5cb7-bf74-86c7cb3e4f07,d6f21f11-7533-52dd-a4dc-2fb8e260c02c,9a9564fd-e390-55f2-aede-7b99ecb63bc2,2025-01-27T00:00:00,3,Producto vencido o dañado
c045a56c-eedc-5ed2-8f4c-b67083dc5a45,e8aeb018-f679-5670-b210-de4f62ff2111,cd81184b-b6f1-563c-b463-36a69ddfb598,8ecedccf-c230-516b-bbc2-108f7a6fbe63,71475e55-3c15-521f-9eea-23eb4e732a31,2025-01-27T00:00:00,1,Producto vencido o dañado
fe2d8e3c-b6da-556c-91ee-dac0a2caa87d,e8aeb018-f679-5670-b210-de4f62ff2111,38adf7ba-476e-5e6b-9163-781a13538253,d6f21f11-7533-52dd-a4dc-2fb8e260c02c,c177da6f-7115-5339-b96d-fb50573918b3,2025-01-29T00:00:00,2,Producto vencido o dañado
51258b3d-0142-5bba-91b7-f1fb9cb194c0,e8aeb018-f679-5670-b210-de4f62ff2111,6d807393-f4ab-5f76-b544-251eeda27ba3,43616d97-2221-569d-82eb-bcc14bcd6344,e0d8d8d8-78e9-50a4-bcc7-12e21568ab6c,2025-01-31T00:00:00,3,Producto vencido o dañado
47af83f7-045e-51bd-964d-c6b0f03e2587,e8aeb018-f679-5670-b210-de4f62ff2111,983871db-adfb-543e-b438-6b00044ffb64,d6f21f11-7533-52dd-a4dc-2fb8e260c02c,9b86440a-4c33-56fe-a724-f7678bbb67da,2025-01-31T00:00:00,3,Producto vencido o dañado
c43a581d-a1bf-56d7-ae98-c6d7cfd4cdc9,e8aeb018-f679-5670-b210-de4f62ff2111,d3961f5a-3ea7-53d3-89f4-78b65b0c0c6b,7fb983e8-6848-5425-97a2-14da72722d0f,96b7e9e7-d192-53b0-8c3b-b9ddf6973796,2025-01-31T00:00:00,3,Producto vencido o dañado
eecfd666-0240-5cd9-a9de-b00e7b7c20b8,e8aeb018-f679-5670-b210-de4f62ff2111,2897aac2-f219-5167-b800-73fac27f6b85,26f7241d-a84e-5e4a-a43d-33eea1e54eea,dd830e29-7923-5f2e-a217-b7ae8fb1e792,2025-02-01T00:00:00,2,Producto vencido o dañado
3c75163e-0486-5ab2-b173-7ee89d6bad86,e8aeb018-f679-5670-b210-de4f62ff2111,042e2e80-f954-5df4-97be-29dd428cc598,d6f21f11-7533-52dd-a4dc-2fb8e260c02c,7e3691e1-9e2e-5000-b0d1-6af7bdbe5cb4,2025-02-01T00:00:00,2,Producto vencido o dañado
007fa027-a817-5970-9879-78868a5bfee9,e8aeb018-f679-5670-b210-de4f62ff2111,012857cc-907f-5e7d-b8fb-796d2c9f1621,d6f21f11-7533-52dd-a4dc-2fb8e260c02c,32c6e06c-d3eb-55a3-8df9-cf6090b24521,2025-02-01T00:00:00,3,Producto vencido o dañado
c8a2d971-9469-5c49-a8f6-849e4dac5e86,e8aeb018-f679-5670-b210-de4f62ff2111,012857cc-907f-5e7d-b8fb-796d2c9f1621,26f7241d-a84e-5e4a-a43d-33eea1e54eea,d4823070-7335-52c1-9fe0-751d2d0225c1,2025-02-02T00:00:00,3,Producto vencido o dañado
78e5661c-a3a6-5aba-be96-95c64d29997e,e8aeb018-f679-5670-b210-de4f62ff2111,d9506935-1215-5499-93c0-8bdd86ab9418,8ecedccf-c230-516b-bbc2-108f7a6fbe63,899a0a67-4c9d-5782-835e-45b33d3327e3,2025-02-03T00:00:00,3,Producto vencido o dañado
4b1a2578-fe87-5265-9fa5-d85711b32ab0,e8aeb018-f679-5670-b210-de4f62ff2111,0ec23038-d3ab-588c-bbd6-1f5c744cdde1,43616d97-2221-569d-82eb-bcc14bcd6344,74aa517e-edf8-5572-a67b-a2da473a7245,2025-02-04T00:00:00,2,Producto vencido o dañado
be301051-789b-5859-97ff-d4aacaaaefc7,e8aeb018-f679-5670-b210-de4f62ff2111,2082733c-4e17-51fe-bc8c-bf33d3ec5d7e,7fb983e8-6848-5425-97a2-14da72722d0f,ed7c7061-00b9-5286-b7e3-70ede83364d1,2025-02-04T00:00:00,1,Producto vencido o dañado
8059a975-70eb-5e22-ad08-a90f09b71dce,e8aeb018-f679-5670-b210-de4f62ff2111,d0ae6d2d-e561-56b3-a2c1-113c1c56ae81,26f7241d-a84e-5e4a-a43d-33eea1e54eea,005a41c8-b05c-581c-bd7e-0a57959653a4,2025-02-06T00:00:00,3,Producto vencido o dañado
4db113fd-542a-5cc4-99b0-89ea53717d1d,e8aeb018-f679-5670-b210-de4f62ff2111,9928e9a1-d9fc-5fdd-86c2-8909352fd7fe,26f7241d-a84e-5e4a-a43d-33eea1e54eea,a87f0f6a-885a-587e-b583-f1016aa309f7,2025-02-07T00:00:00,1,Producto vencido o dañado
c5ab0d82-31e3-5294-80ed-ca50d48589a2,e8aeb018-f679-5670-b210-de4f62ff2111,1ca3438e-9e23-58f0-a35f-f15f7a23beb9,43616d97-2221-569d-82eb-bcc14bcd6344,69fe7e02-765d-57b6-be38-8311a8a533ab,2025-02-07T00:00:00,2,Producto vencido o dañado
1b5bb387-9acc-592e-b25d-e1376805e95d,e8aeb018-f679-5670-b210-de4f62ff2111,9928e9a1-d9fc-5fdd-86c2-8909352fd7fe,26f7241d-a84e-5e4a-a43d-33eea1e54eea,a87f0f6a-885a-587e-b583-f1016aa309f7,2025-02-08T00:00:00,3,Producto vencido o dañado
7f6f011f-7da3-531d-9e7e-57e63dcfc632,e8aeb018-f679-5670-b210-de4f62ff2111,983871db-adfb-543e-b438-6b00044ffb64,d6f21f11-7533-52dd-a4dc-2fb8e260c02c,9b86440a-4c33-56fe-a724-f7678bbb67da,2025-02-08T00:00:00,3,Producto vencido o dañado
cbe75650-56cc-5855-a792-f53656e65767,e8aeb018-f679-5670-b210-de4f62ff2111,042e2e80-f954-5df4-97be-29dd428cc598,8ecedccf-c230-516b-bbc2-108f7a6fbe63,d98cce6c-5d79-54e7-89ea-383f9235b194,2025-02-08T00:00:00,2,Producto vencido o dañado
9c251ba8-9331-58b2-ac56-17423a7adaae,e8aeb018-f679-5670-b210-de4f62ff2111,4d9429b6-2ebf-5b5d-ac48-f779d5a1e270,26f7241d-a84e-5e4a-a43d-33eea1e54eea,ddb8d5b2-a3fc-510c-bde6-24899f9609d7,2025-02-09T00:00:00,2,Producto vencido o dañado
40ed761c-26ee-584a-a0ce-772a919b1fad,e8aeb018-f679-5670-b210-de4f62ff2111,d0ae6d2d-e561-56b3-a2c1-113c1c56ae81,43616d97-2221-569d-82eb-bcc14bcd6344,79e5274f-8d38-5e7f-9ee0-d29592442db1,2025-02-10T00:00:00,2,Producto vencido o dañado
d9631ad6-1e93-5591-b4e4-cceae7631289,e8aeb018-f679-5670-b210-de4f62ff2111,9928e9a1-d9fc-5fdd-86c2-8909352fd7fe,d6f21f11-7533-52dd-a4dc-2fb8e260c02c,e06e3cc6-e74c-51d9-b634-75f66f9fd9ca,2025-02-10T00:00:00,2,Producto vencido o dañado
f5c3dc58-fe94-50b3-bf42-4f57c8a92ecd,e8aeb018-f679-5670-b210-de4f62ff2111,94e18241-54bd-5516-b36f-94ab6e323aca,d6f21f11-7533-52dd-a4dc-2fb8e260c02c,c2e052af-b499-550e-9710-667388d92bbe,2025-02-10T00:00:00,2,Producto vencido o dañado
3537e239-8e4c-5acf-9b56-a3291720ad2d,e8aeb018-f679-5670-b210-de4f62ff2111,5bbfdec8-65ae-59e6-b211-5eccb5b765fa,8ecedccf-c230-516b-bbc2-108f7a6fbe63,a5c9939d-bf9d-57fc-9bd1-2062c9bf23be,2025-02-10T00:00:00,2,Producto vencido o dañado
ae63859f-2ca4-547f-a146-55a19a857938,e8aeb018-f679-5670-b210-de4f62ff2111,2082733c-4e17-51fe-bc8c-bf33d3ec5d7e,8ecedccf-c230-516b-bbc2-108f7a6fbe63,b77e2ba4-48e9-5c61-80ed-d02c8b592f88,2025-02-12T00:00:00,2,Producto vencido o dañado
767b0ff8-6974-5acc-997c-1cad89c578b7,e8aeb018-f679-5670-b210-de4f62ff2111,2933d8b7-2438-521b-b38d-d3a5224f87fc,d6f21f11-7533-52dd-a4dc-2fb8e260c02c,f7ad3913-4433-51f9-bf13-544afd173156,2025-02-13T00:00:00,1,Producto vencido o dañado
333a074d-65af-5650-af60-653395558a63,e8aeb018-f679-5670-b210-de4f62ff2111,c0cf5e5c-b5c9-585a-8e79-d9830bc954f6,43616d97-2221-569d-82eb-bcc14bcd6344,910aaa51-8374-5806-ac3c-c00c7ef88b7a,2025-02-14T00:00:00,3,Producto vencido o dañado
566ce90d-d111-5f74-9827-12eefef98b32,e8aeb018-f679-5670-b210-de4f62ff2111,9928e9a1-d9fc-5fdd-86c2-8909352fd7fe,43616d97-2221-569d-82eb-bcc14bcd6344,0635f0f3-af61-5209-ac92-bb5bfe60bf93,2025-02-15T00:00:00,2,Producto vencido o dañado
c17eb5df-0a01-5b90-9a50-c60f60e0aab6,e8aeb018-f679-5670-b210-de4f62ff2111,1ca3438e-9e23-58f0-a35f-f15f7a23beb9,d6f21f11-7533-52dd-a4dc-2fb8e260c02c,b47deff4-d030-5037-ae35-75fff0b74717,2025-02-15T00:00:00,2,Producto vencido o dañado
c3b98631-ce5e-5304-8e58-a5abb798d2b8,e8aeb018-f679-5670-b210-de4f62ff2111,94e18241-54bd-5516-b36f-94ab6e323aca,7fb983e8-6848-5425-97a2-14da72722d0f,a3b2416d-c37e-59b7-b161-7ec844799f8f,2025-02-16T00:00:00,1,Producto vencido o dañado
730b7319-f73c-5b9b-85b0-62baddf1ea5b,e8aeb018-f679-5670-b210-de4f62ff2111,38adf7ba-476e-5e6b-9163-781a13538253,26f7241d-a84e-5e4a-a43d-33eea1e54eea,425b7923-1877-531e-b621-416c4b947e7a,2025-02-17T00:00:00,1,Producto vencido o dañado
e4c5645c-67bc-5cfb-b8b5-108ca1e105f3,e8aeb018-f679-5670-b210-de4f62ff2111,94e18241-54bd-5516-b36f-94ab6e323aca,d6f21f11-7533-52dd-a4dc-2fb8e260c02c,c2e052af-b499-550e-9710-667388d92bbe,2025-02-17T00:00:00,1,Producto vencido o dañado
7a31de86-1e73-5139-8216-76278dd07ad2,e8aeb018-f679-5670-b210-de4f62ff2111,d0ae6d2d-e561-56b3-a2c1-113c1c56ae81,26f7241d-a84e-5e4a-a43d-33eea1e54eea,005a41c8-b05c-581c-bd7e-0a57959653a4,2025-02-18T00:00:00,3,Producto vencido o dañado
c52a8419-ecc0-5165-b096-3b99ab6e46b8,e8aeb018-f679-5670-b210-de4f62ff2111,2897aac2-f219-5167-b800-73fac27f6b85,d6f21f11-7533-52dd-a4dc-2fb8e260c02c,51306241-ef56-588c-b031-ae38354e3b43,2025-02-19T00:00:00,2,Producto vencido o dañado
f88538e5-f7de-5cf6-99c5-ab952a807941,e8aeb018-f679-5670-b210-de4f62ff2111,d0ae6d2d-e561-56b3-a2c1-113c1c56ae81,8ecedccf-c230-516b-bbc2-108f7a6fbe63,4f80620b-c4d8-5fe4-b8be-2b748aa720ab,2025-02-19T00:00:00,3,Producto vencido o dañado
4df1b8bb-ef89-50a2-9fb2-bbcdc0307ad5,e8aeb018-f679-5670-b210-de4f62ff2111,6d807393-f4ab-5f76-b544-251eeda27ba3,7fb983e8-6848-5425-97a2-14da72722d0f,0472998d-05d4-5486-be50-9cb58ee213ec,2025-02-19T00:00:00,3,Producto vencido o dañado
2e7c8c72-467a-5a16-b125-0d26613134c2,e8aeb018-f679-5670-b210-de4f62ff2111,cd81184b-b6f1-563c-b463-36a69ddfb598,43616d97-2221-569d-82eb-bcc14bcd6344,05c0bf15-7558-555f-9e22-46c8c5a501d1,2025-02-20T00:00:00,3,Producto vencido o dañado
a7b2d63d-b899-5748-a3f8-cea1b1817488,e8aeb018-f679-5670-b210-de4f62ff2111,0ec23038-d3ab-588c-bbd6-1f5c744cdde1,8ecedccf-c230-516b-bbc2-108f7a6fbe63,47be99d7-ea8e-5b66-9147-594582f6f2e9,2025-02-20T00:00:00,2,Producto vencido o dañado
f4d3ed37-e03b-5a1f-9fd6-51c83491e8f2,e8aeb018-f679-5670-b210-de4f62ff2111,2897aac2-f219-5167-b800-73fac27f6b85,26f7241d-a84e-5e4a-a43d-33eea1e54eea,dd830e29-7923-5f2e-a217-b7ae8fb1e792,2025-02-21T00:00:00,1,Producto vencido o dañado
8e39cce8-d4be-5848-84f5-345c05a578a3,e8aeb018-f679-5670-b210-de4f62ff2111,6baabed2-52d7-5cb7-bf74-86c7cb3e4f07,43616d97-2221-569d-82eb-bcc14bcd6344,f28f8e51-ca3f-5310-bc7b-6cd2408195c9,2025-02-21T00:00:00,3,Producto vencido o dañado
a2bf4c3e-e826-5b61-be0a-1b5cfae2c5fc,e8aeb018-f679-5670-b210-de4f62ff2111,87b859e0-789a-56e6-b1ba-4fe76221d3bf,8ecedccf-c230-516b-bbc2-108f7a6fbe63,145e9956-19b1-5347-aa1f-1b07069a7fd0,2025-02-21T00:00:00,1,Producto vencido o dañado
e56f06cd-03b2-5da3-9b02-4da3cb9079e4,e8aeb018-f679-5670-b210-de4f62ff2111,22231140-3780-5fe8-a7d4-d33f61d15111,8ecedccf-c230-516b-bbc2-108f7a6fbe63,4137b150-24b4-530b-afe8-28672792e0fc,2025-02-21T00:00:00,3,Producto vencido o dañado
85a9c7b7-319d-5eb8-893b-5ea9672c45bf,e8aeb018-f679-5670-b210-de4f62ff2111,5bbfdec8-65ae-59e6-b211-5eccb5b765fa,8ecedccf-c230-516b-bbc2-108f7a6fbe63,a5c9939d-bf9d-57fc-9bd1-2062c9bf23be,2025-02-23T00:00:00,3,Producto vencido o dañado
0d3f400e-b562-5055-baa0-4469751e51ba,e8aeb018-f679-5670-b210-de4f62ff2111,2897aac2-f219-5167-b800-73fac27f6b85,26f7241d-a84e-5e4a-a43d-33eea1e54eea,dd830e29-7923-5f2e-a217-b7ae8fb1e792,2025-02-24T00:00:00,2,Producto vencido o dañado
3f5817d2-1fce-5677-aad2-3e0731cb5c9b,e8aeb018-f679-5670-b210-de4f62ff2111,4d9429b6-2ebf-5b5d-ac48-f779d5a1e270,43616d97-2221-569d-82eb-bcc14bcd6344,7aa5b9c3-4c90-52aa-be25-4909a90927bb,2025-02-25T00:00:00,1,Producto vencido o dañado
e8ed1827-0b00-586e-bd85-ae6a3a3df3c0,e8aeb018-f679-5670-b210-de4f62ff2111,983871db-adfb-543e-b438-6b00044ffb64,8ecedccf-c230-516b-bbc2-108f7a6fbe63,ca05554b-206d-5d82-98aa-1d7305b22408,2025-02-26T00:00:00,3,Producto vencido o dañado
27496307-81bc-5f6f-a323-416dfe0a7002,e8aeb018-f679-5670-b210-de4f62ff2111,afe9d181-1c64-5cca-b4b7-a9fa24eceeea,7fb983e8-6848-5425-97a2-14da72722d0f,c6f49f3b-7e74-54d2-85dc-696f98db8379,2025-02-26T00:00:00,2,Producto vencido o dañado
0aa395a5-657e-59bf-a155-5910425070db,e8aeb018-f679-5670-b210-de4f62ff2111,0ec23038-d3ab-588c-bbd6-1f5c744cdde1,43616d97-2221-569d-82eb-bcc14bcd6344,85063371-86d3-5922-808b-d7269fe9cb21,2025-02-27T00:00:00,3,Producto vencido o dañado
50bb0d0c-17ea-5326-a437-32276957bdd5,e8aeb018-f679-5670-b210-de4f62ff2111,012857cc-907f-5e7d-b8fb-796d2c9f1621,8ecedccf-c230-516b-bbc2-108f7a6fbe63,349f6ed8-dd75-5009-9a91-f2618d39b13e,2025-02-27T00:00:00,2,Producto vencido o dañado
71de6795-a54f-55ee-821a-3442809d753c,e8aeb018-f679-5670-b210-de4f62ff2111,012857cc-907f-5e7d-b8fb-796d2c9f1621,26f7241d-a84e-5e4a-a43d-33eea1e54eea,e71e9e8a-93a2-51f8-afe0-eeedefd5fe38,2025-02-28T00:00:00,3,Producto vencido o dañado
5401f863-1604-51cc-9b7a-6386e90af2a8,e8aeb018-f679-5670-b210-de4f62ff2111,4d9429b6-2ebf-5b5d-ac48-f779d5a1e270,8ecedccf-c230-516b-bbc2-108f7a6fbe63,4fae0123-8944-57dd-9d13-edfc341af0bc,2025-03-01T00:00:00,1,Producto vencido o dañado
9ebe29e4-3414-52f2-a85a-194f92be4f1d,e8aeb018-f679-5670-b210-de4f62ff2111,87b859e0-789a-56e6-b1ba-4fe76221d3bf,8ecedccf-c230-516b-bbc2-108f7a6fbe63,145e9956-19b1-5347-aa1f-1b07069a7fd0,2025-03-01T00:00:00,3,Producto vencido o dañado
f353640a-172d-5d9f-8e67-6287952560d2,e8aeb018-f679-5670-b210-de4f62ff2111,6d807393-f4ab-5f76-b544-251eeda27ba3,8ecedccf-c230-516b-bbc2-108f7a6fbe63,bc364ee4-9b91-5f31-976d-68d9ab8364b5,2025-03-02T00:00:00,1,Producto vencido o dañado
02c35b0a-41e4-5b8d-8893-6f3f723d0b04,e8aeb018-f679-5670-b210-de4f62ff2111,2897aac2-f219-5167-b800-73fac27f6b85,26f7241d-a84e-5e4a-a43d-33eea1e54eea,dd830e29-7923-5f2e-a217-b7ae8fb1e792,2025-03-03T00:00:00,1,Producto vencido o dañado
78c5017f-774c-5260-b2b5-e53ba9f6d1bc,e8aeb018-f679-5670-b210-de4f62ff2111,97d26d91-c562-5f27-9ebd-285e89c8f4bf,d6f21f11-7533-52dd-a4dc-2fb8e260c02c,648ee204-74aa-5cb9-9d84-b904f90e5f39,2025-03-04T00:00:00,1,Producto vencido o dañado
963f29cc-7e13-5ba1-aac0-e0ebb257aa02,e8aeb018-f679-5670-b210-de4f62ff2111,82cd11ba-d1a0-58b1-b14f-edd741f36e87,d6f21f11-7533-52dd-a4dc-2fb8e260c02c,cc316826-c8e3-5664-9855-916633c8fbc5,2025-03-06T00:00:00,2,Producto vencido o dañado
858560f8-4fa0-5314-a5f2-2a474caa5391,e8aeb018-f679-5670-b210-de4f62ff2111,2897aac2-f219-5167-b800-73fac27f6b85,d6f21f11-7533-52dd-a4dc-2fb8e260c02c,7f2ecce7-03a6-5643-a0f7-e56ba687480b,2025-03-06T00:00:00,2,Producto vencido o dañado
42e78a3e-b89c-5cc9-9a2b-876a5557ada7,e8aeb018-f679-5670-b210-de4f62ff2111,983871db-adfb-543e-b438-6b00044ffb64,7fb983e8-6848-5425-97a2-14da72722d0f,8987a2fa-83ee-55ae-80eb-3e217469e3ae,2025-03-06T00:00:00,3,Producto vencido o dañado
ca5d99ef-2a8d-5664-8088-e66998c90d09,e8aeb018-f679-5670-b210-de4f62ff2111,983871db-adfb-543e-b438-6b00044ffb64,8ecedccf-c230-516b-bbc2-108f7a6fbe63,ca05554b-206d-5d82-98aa-1d7305b22408,2025-03-07T00:00:00,2,Producto vencido o dañado
28aed07b-4ed7-5151-b87b-646d8d18e8a2,e8aeb018-f679-5670-b210-de4f62ff2111,c0cf5e5c-b5c9-585a-8e79-d9830bc954f6,8ecedccf-c230-516b-bbc2-108f7a6fbe63,f973fbb6-ba7f-5781-8165-c5a5c5695377,2025-03-10T00:00:00,2,Producto vencido o dañado
657ff433-f835-5ac8-8025-1bc3b76e6566,e8aeb018-f679-5670-b210-de4f62ff2111,2933d8b7-2438-521b-b38d-d3a5224f87fc,26f7241d-a84e-5e4a-a43d-33eea1e54eea,abae8c93-82df-5543-862f-5bb1b4b5ac81,2025-03-13T00:00:00,3,Producto vencido o dañado
a591a408-2efc-56c9-bfd9-e6c9ab2b8834,e8aeb018-f679-5670-b210-de4f62ff2111,2933d8b7-2438-521b-b38d-d3a5224f87fc,43616d97-2221-569d-82eb-bcc14bcd6344,2786f4eb-2507-5511-9056-290e7f05310f,2025-03-13T00:00:00,1,Producto vencido o dañado
fd2746b0-0d30-5eb2-9f78-5991bf94c8b4,e8aeb018-f679-5670-b210-de4f62ff2111,058c6382-bde2-59d1-93ff-20c6161a4736,43616d97-2221-569d-82eb-bcc14bcd6344,9c807805-89d2-5293-82fb-c838712e80f3,2025-03-13T00:00:00,2,Producto vencido o dañado
f6746cfb-c643-5032-8ab7-baaecec84c12,e8aeb018-f679-5670-b210-de4f62ff2111,07371b94-955f-52a4-9bf9-f0a6ad2b4fa8,8ecedccf-c230-516b-bbc2-108f7a6fbe63,3f83ec4f-9eed-5b6c-b38e-11f706c31ac3,2025-03-13T00:00:00,1,Producto vencido o dañado
e3ac5f6d-aa54-5ee2-9218-a38c6935e712,e8aeb018-f679-5670-b210-de4f62ff2111,d2f08f15-f9f2-5f65-a740-b05896774467,26f7241d-a84e-5e4a-a43d-33eea1e54eea,99fd3e0e-ba82-5322-8c84-f43aa5b108eb,2025-03-14T00:00:00,3,Producto vencido o dañado
cc00a47f-c2c1-57c3-a8e9-3cbec473edde,e8aeb018-f679-5670-b210-de4f62ff2111,0ec23038-d3ab-588c-bbd6-1f5c744cdde1,26f7241d-a84e-5e4a-a43d-33eea1e54eea,f0a992f1-7033-59c0-8726-fe25178c9906,2025-03-14T00:00:00,3,Producto vencido o dañado
974d5a83-4320-5631-abd4-2d943cd37f58,e8aeb018-f679-5670-b210-de4f62ff2111,2082733c-4e17-51fe-bc8c-bf33d3ec5d7e,7fb983e8-6848-5425-97a2-14da72722d0f,7042a9e8-6f45-547a-b348-ece922f631bf,2025-03-15T00:00:00,2,Producto vencido o dañado
b983b81b-d115-5989-8c9a-d6f06c046a76,e8aeb018-f679-5670-b210-de4f62ff2111,38adf7ba-476e-5e6b-9163-781a13538253,26f7241d-a84e-5e4a-a43d-33eea1e54eea,c822df04-2a7e-5afb-9f2d-2412b6fb8d3d,2025-03-18T00:00:00,1,Producto vencido o dañado
6c2e2ca1-088a-5935-a680-15d7205edc87,e8aeb018-f679-5670-b210-de4f62ff2111,87b859e0-789a-56e6-b1ba-4fe76221d3bf,d6f21f11-7533-52dd-a4dc-2fb8e260c02c,df52a1bc-6f40-5140-afe8-a7a40887e383,2025-03-18T00:00:00,2,Producto vencido o dañado
0b02534b-e6f8-50c7-8ea0-8ef6493b7dc5,e8aeb018-f679-5670-b210-de4f62ff2111,6baabed2-52d7-5cb7-bf74-86c7cb3e4f07,d6f21f11-7533-52dd-a4dc-2fb8e260c02c,03992943-73ab-5b81-b2a1-ab19ef387874,2025-03-18T00:00:00,1,Producto vencido o dañado
2c837cbd-6871-5579-96d2-9f821527903f,e8aeb018-f679-5670-b210-de4f62ff2111,9928e9a1-d9fc-5fdd-86c2-8909352fd7fe,26f7241d-a84e-5e4a-a43d-33eea1e54eea,96cc79bf-17e8-5253-942d-7fb02d515d9e,2025-03-19T00:00:00,1,Producto vencido o dañado
8aed9e0c-c644-5e7b-a858-7608374af3cb,e8aeb018-f679-5670-b210-de4f62ff2111,6baabed2-52d7-5cb7-bf74-86c7cb3e4f07,8ecedccf-c230-516b-bbc2-108f7a6fbe63,03aef85a-acbe-5177-a4e4-e298827a8ebf,2025-03-19T00:00:00,3,Producto vencido o dañado
59d3cf42-a7be-5a3e-bf16-5c61c53b29d9,e8aeb018-f679-5670-b210-de4f62ff2111,82cd11ba-d1a0-58b1-b14f-edd741f36e87,43616d97-2221-569d-82eb-bcc14bcd6344,f09f4fa7-233c-5438-851f-d97d614ca753,2025-03-20T00:00:00,3,Producto vencido o dañado
7bacdf10-abfd-596d-8049-3ff5311e1dc1,e8aeb018-f679-5670-b210-de4f62ff2111,07371b94-955f-52a4-9bf9-f0a6ad2b4fa8,7fb983e8-6848-5425-97a2-14da72722d0f,18129375-b6b1-590c-8414-d8e9d88106a5,2025-03-20T00:00:00,3,Producto vencido o dañado
4ad73b2f-b081-5504-9af8-c6bc443fafda,e8aeb018-f679-5670-b210-de4f62ff2111,1e9605fd-5682-52b6-8f05-e8a92dd44513,26f7241d-a84e-5e4a-a43d-33eea1e54eea,b755b7b1-d2da-5868-b217-0afdbf312ad2,2025-03-21T00:00:00,1,Producto vencido o dañado
e3b268ca-3d38-5c38-ac96-2acc51426fbb,e8aeb018-f679-5670-b210-de4f62ff2111,d2f08f15-f9f2-5f65-a740-b05896774467,7fb983e8-6848-5425-97a2-14da72722d0f,139ba5f4-0a13-545e-8d74-39ff6d7af152,2025-03-21T00:00:00,2,Producto vencido o dañado
0a2eaaf6-3e6b-5e88-85bf-ac66b77e02d5,e8aeb018-f679-5670-b210-de4f62ff2111,2933d8b7-2438-521b-b38d-d3a5224f87fc,26f7241d-a84e-5e4a-a43d-33eea1e54eea,90d76bdd-3a4e-5f90-841f-20c8446f3b7b,2025-03-22T00:00:00,3,Producto vencido o dañado
5bf3fa90-e115-5c58-a318-d66693229505,e8aeb018-f679-5670-b210-de4f62ff2111,c0cf5e5c-b5c9-585a-8e79-d9830bc954f6,26f7241d-a84e-5e4a-a43d-33eea1e54eea,7e9ae6b0-d599-5f94-9709-286514833fd7,2025-03-23T00:00:00,1,Producto vencido o dañado
7155af29-6153-58ce-98c4-7a2b643438da,e8aeb018-f679-5670-b210-de4f62ff2111,983871db-adfb-543e-b438-6b00044ffb64,43616d97-2221-569d-82eb-bcc14bcd6344,092b8d94-ee68-540d-9545-f853364e8bb7,2025-03-24T00:00:00,2,Producto vencido o dañado
80001c4b-0c2e-5a7e-a295-795d4118e646,e8aeb018-f679-5670-b210-de4f62ff2111,012857cc-907f-5e7d-b8fb-796d2c9f1621,43616d97-2221-569d-82eb-bcc14bcd6344,cb76919b-031f-58a6-a77f-386edaeca9f4,2025-03-24T00:00:00,1,Producto vencido o dañado
6801d070-c8ea-5fd1-96a3-738cb047f86d,e8aeb018-f679-5670-b210-de4f62ff2111,2897aac2-f219-5167-b800-73fac27f6b85,7fb983e8-6848-5425-97a2-14da72722d0f,d5ac52a2-66a6-5c7a-8758-9c1f15bf5051,2025-03-24T00:00:00,3,Producto vencido o dañado
80fc886b-c26b-5cff-b491-29bafcba0744,e8aeb018-f679-5670-b210-de4f62ff2111,2082733c-4e17-51fe-bc8c-bf33d3ec5d7e,d6f21f11-7533-52dd-a4dc-2fb8e260c02c,c23938f5-022f-50e2-8229-9f73b0bd1bfe,2025-03-25T00:00:00,2,Producto vencido o dañado
2207d5aa-9dee-5a4b-9c88-cbeddebf0534,e8aeb018-f679-5670-b210-de4f62ff2111,2eb3a104-e572-583a-afa0-156ee0dc4cce,8ecedccf-c230-516b-bbc2-108f7a6fbe63,acce5115-3cef-5d0f-81a2-0738790681b7,2025-03-25T00:00:00,2,Producto vencido o dañado
55b7eb24-514b-52c3-bc84-6d9a8bff8a22,e8aeb018-f679-5670-b210-de4f62ff2111,1ca3438e-9e23-58f0-a35f-f15f7a23beb9,43616d97-2221-569d-82eb-bcc14bcd6344,700596b6-c024-5884-879c-e33086539f74,2025-03-27T00:00:00,3,Producto vencido o dañado
334b2766-b2bd-523e-9e27-343a6a4b6560,e8aeb018-f679-5670-b210-de4f62ff2111,d0ae6d2d-e561-56b3-a2c1-113c1c56ae81,43616d97-2221-569d-82eb-bcc14bcd6344,c76496d8-1ad9-571e-9f64-e326d10549b1,2025-03-29T00:00:00,1,Producto vencido o dañado
459b77d5-30cc-5a06-b4b4-e3570dba0e82,e8aeb018-f679-5670-b210-de4f62ff2111,22231140-3780-5fe8-a7d4-d33f61d15111,26f7241d-a84e-5e4a-a43d-33eea1e54eea,062f7fd0-7b5e-5f7e-ab8d-2820fc41e417,2025-03-30T00:00:00,1,Producto vencido o dañado
ba753687-8d1e-5962-96c6-1ec34237a934,e8aeb018-f679-5670-b210-de4f62ff2111,d0ae6d2d-e561-56b3-a2c1-113c1c56ae81,7fb983e8-6848-5425-97a2-14da72722d0f,f24b533a-1293-54f4-989a-ec3987ef2126,2025-03-30T00:00:00,2,Producto vencido o dañado
828af2aa-102d-508a-acd2-6b2bef0ce715,e8aeb018-f679-5670-b210-de4f62ff2111,4d9429b6-2ebf-5b5d-ac48-f779d5a1e270,26f7241d-a84e-5e4a-a43d-33eea1e54eea,49e86038-c06c-5cec-be74-61c99feb1671,2025-03-31T00:00:00,2,Producto vencido o dañado
d49dad0d-9225-5471-94ee-6a04766f1229,e8aeb018-f679-5670-b210-de4f62ff2111,cd81184b-b6f1-563c-b463-36a69ddfb598,d6f21f11-7533-52dd-a4dc-2fb8e260c02c,596ee507-42af-53b5-846a-3a59c9711be7,2025-04-01T00:00:00,3,Producto vencido o dañado
764cf83b-3ebc-5e7b-a562-c05ec0f90b64,e8aeb018-f679-5670-b210-de4f62ff2111,cd81184b-b6f1-563c-b463-36a69ddfb598,8ecedccf-c230-516b-bbc2-108f7a6fbe63,73181ee4-10ae-5b55-9150-bf2490f3ce3c,2025-04-01T00:00:00,1,Producto vencido o dañado
f5febe40-cf79-5abc-9078-63c971d0e8f1,e8aeb018-f679-5670-b210-de4f62ff2111,042e2e80-f954-5df4-97be-29dd428cc598,7fb983e8-6848-5425-97a2-14da72722d0f,2f05c166-395f-5c9c-95c8-17b1b0eeeade,2025-04-01T00:00:00,3,Producto vencido o dañado
ee448c71-b418-5c38-a0cc-a39a22378626,e8aeb018-f679-5670-b210-de4f62ff2111,058c6382-bde2-59d1-93ff-20c6161a4736,7fb983e8-6848-5425-97a2-14da72722d0f,e0aea38d-6085-5687-9746-bf19b5e42bf8,2025-04-01T00:00:00,2,Producto vencido o dañado
44d66258-edda-5e53-bd1a-b01546b1e395,e8aeb018-f679-5670-b210-de4f62ff2111,2897aac2-f219-5167-b800-73fac27f6b85,d6f21f11-7533-52dd-a4dc-2fb8e260c02c,7f2ecce7-03a6-5643-a0f7-e56ba687480b,2025-04-02T00:00:00,1,Producto vencido o dañado
59a91e63-c4ba-5a87-85c6-93c9d462ef2b,e8aeb018-f679-5670-b210-de4f62ff2111,d3961f5a-3ea7-53d3-89f4-78b65b0c0c6b,8ecedccf-c230-516b-bbc2-108f7a6fbe63,546828c3-5296-5a63-8e6c-c6024b5d1e9e,2025-04-02T00:00:00,2,Producto vencido o dañado
e5422c47-3658-5026-abc9-aa84bb217912,e8aeb018-f679-5670-b210-de4f62ff2111,0ec23038-d3ab-588c-bbd6-1f5c744cdde1,8ecedccf-c230-516b-bbc2-108f7a6fbe63,ea133798-173e-5fda-8ea0-2eac0e7cc598,2025-04-02T00:00:00,3,Producto vencido o dañado
b2c9b1e4-dc8c-5842-aa0e-90fca963eda2,e8aeb018-f679-5670-b210-de4f62ff2111,07371b94-955f-52a4-9bf9-f0a6ad2b4fa8,7fb983e8-6848-5425-97a2-14da72722d0f,1b75c777-bc0a-5fb3-8372-bd2e2b27fe08,2025-04-02T00:00:00,2,Producto vencido o dañado
49592d37-6438-5abf-96be-c34a591e7cc7,e8aeb018-f679-5670-b210-de4f62ff2111,058c6382-bde2-59d1-93ff-20c6161a4736,7fb983e8-6848-5425-97a2-14da72722d0f,e0aea38d-6085-5687-9746-bf19b5e42bf8,2025-04-02T00:00:00,1,Producto vencido o dañado
0c92182f-092c-57ea-be50-3d7bb02dd0b4,e8aeb018-f679-5670-b210-de4f62ff2111,94e18241-54bd-5516-b36f-94ab6e323aca,7fb983e8-6848-5425-97a2-14da72722d0f,da81d76a-31b3-5cc6-a5a1-aa70d8bc934c,2025-04-02T00:00:00,1,Producto vencido o dañado
96b4863e-5119-5e9e-b36b-b0f16f64ffe8,e8aeb018-f679-5670-b210-de4f62ff2111,d3961f5a-3ea7-53d3-89f4-78b65b0c0c6b,43616d97-2221-569d-82eb-bcc14bcd6344,c6962705-75d3-5f07-88f2-392b0c34b69c,2025-04-03T00:00:00,2,Producto vencido o dañado
92bda27c-1333-519b-8004-6f0f04038219,e8aeb018-f679-5670-b210-de4f62ff2111,2933d8b7-2438-521b-b38d-d3a5224f87fc,d6f21f11-7533-52dd-a4dc-2fb8e260c02c,01ec8b65-d7d2-5b9b-af98-879ae8f9ab50,2025-04-03T00:00:00,1,Producto vencido o dañado
39720973-527c-51a5-add6-5bcae66bf5e6,e8aeb018-f679-5670-b210-de4f62ff2111,6baabed2-52d7-5cb7-bf74-86c7cb3e4f07,8ecedccf-c230-516b-bbc2-108f7a6fbe63,9f9120a7-dd81-565d-b50e-73285dd34b7b,2025-04-04T00:00:00,3,Producto vencido o dañado
45c06c0f-a191-5937-93b0-a7cd6648ac1b,e8aeb018-f679-5670-b210-de4f62ff2111,6d807393-f4ab-5f76-b544-251eeda27ba3,7fb983e8-6848-5425-97a2-14da72722d0f,301eb5cf-fef6-5118-943d-17e7a9038d0d,2025-04-04T00:00:00,2,Producto vencido o dañado
115c5c04-379e-5400-8924-a06d2ac4923c,e8aeb018-f679-5670-b210-de4f62ff2111,1ca3438e-9e23-58f0-a35f-f15f7a23beb9,43616d97-2221-569d-82eb-bcc14bcd6344,700596b6-c024-5884-879c-e33086539f74,2025-04-05T00:00:00,3,Producto vencido o dañado
7ead9df7-db88-5dc6-a9f3-c36746066116,e8aeb018-f679-5670-b210-de4f62ff2111,9928e9a1-d9fc-5fdd-86c2-8909352fd7fe,d6f21f11-7533-52dd-a4dc-2fb8e260c02c,a1c4819c-60f8-5a6c-a916-af82583a15ac,2025-04-05T00:00:00,2,Producto vencido o dañado
df93048f-6546-5688-a17e-cf307c1cc56c,e8aeb018-f679-5670-b210-de4f62ff2111,c0cf5e5c-b5c9-585a-8e79-d9830bc954f6,8ecedccf-c230-516b-bbc2-108f7a6fbe63,2be756f9-6110-5c11-915b-874dd2587903,2025-04-05T00:00:00,1,Producto vencido o dañado
5d17db32-f953-5f16-9a2f-1f906159a1fa,e8aeb018-f679-5670-b210-de4f62ff2111,4d9429b6-2ebf-5b5d-ac48-f779d5a1e270,26f7241d-a84e-5e4a-a43d-33eea1e54eea,49e86038-c06c-5cec-be74-61c99feb1671,2025-04-07T00:00:00,2,Producto vencido o dañado
d81c5b87-e379-5d34-b437-bbe398dee8b1,e8aeb018-f679-5670-b210-de4f62ff2111,6d807393-f4ab-5f76-b544-251eeda27ba3,d6f21f11-7533-52dd-a4dc-2fb8e260c02c,6b3d9b71-356a-5956-983a-f8d90548f6ad,2025-04-07T00:00:00,3,Producto vencido o dañado
88e5881d-df3b-52ab-93ed-857a834fa701,e8aeb018-f679-5670-b210-de4f62ff2111,5bbfdec8-65ae-59e6-b211-5eccb5b765fa,26f7241d-a84e-5e4a-a43d-33eea1e54eea,a550ec1e-715e-5cff-bce2-b3a2f598f719,2025-04-08T00:00:00,2,Producto vencido o dañado
5560a151-0bf6-530a-b536-14fc6b4fda6a,e8aeb018-f679-5670-b210-de4f62ff2111,5bbfdec8-65ae-59e6-b211-5eccb5b765fa,d6f21f11-7533-52dd-a4dc-2fb8e260c02c,14928b8b-9a4b-5961-b087-0eab04f98928,2025-04-10T00:00:00,2,Producto vencido o dañado
373002f4-5777-5709-9de4-bb3e34b5daa9,e8aeb018-f679-5670-b210-de4f62ff2111,d9506935-1215-5499-93c0-8bdd86ab9418,43616d97-2221-569d-82eb-bcc14bcd6344,e69275ec-4e9c-5afd-98bc-1a843699cc0c,2025-04-11T00:00:00,2,Producto vencido o dañado
1a58fab8-8787-5903-8d7f-c83780a44882,e8aeb018-f679-5670-b210-de4f62ff2111,38adf7ba-476e-5e6b-9163-781a13538253,d6f21f11-7533-52dd-a4dc-2fb8e260c02c,f4437319-fd26-5598-9cf5-a51f24793009,2025-04-11T00:00:00,2,Producto vencido o dañado
5a6a8732-80b4-5535-ac18-97f71d4d4be2,e8aeb018-f679-5670-b210-de4f62ff2111,94e18241-54bd-5516-b36f-94ab6e323aca,26f7241d-a84e-5e4a-a43d-33eea1e54eea,457f76e4-fae6-5516-a089-e9ca8459776a,2025-04-12T00:00:00,3,Producto vencido o dañado
59ceaf19-63ca-5d52-be13-d4bdca38a308,e8aeb018-f679-5670-b210-de4f62ff2111,1ca3438e-9e23-58f0-a35f-f15f7a23beb9,d6f21f11-7533-52dd-a4dc-2fb8e260c02c,f276074e-eec3-5627-ac90-e034cf9fc8a3,2025-04-12T00:00:00,1,Producto vencido o dañado
2002f95c-aaae-5ed4-bce8-6ffd1961fb99,e8aeb018-f679-5670-b210-de4f62ff2111,9928e9a1-d9fc-5fdd-86c2-8909352fd7fe,8ecedccf-c230-516b-bbc2-108f7a6fbe63,70798714-8c49-58f2-b91e-bc522f68b35b,2025-04-12T00:00:00,2,Producto vencido o dañado
76da16f9-4994-516a-a6d3-40d80e624083,e8aeb018-f679-5670-b210-de4f62ff2111,07371b94-955f-52a4-9bf9-f0a6ad2b4fa8,d6f21f11-7533-52dd-a4dc-2fb8e260c02c,a1a0f656-5770-5505-bfc7-b8e63c4048a5,2025-04-14T00:00:00,2,Producto vencido o dañado
f34e8a0a-1942-552c-a310-e9ae1c412967,e8aeb018-f679-5670-b210-de4f62ff2111,6d807393-f4ab-5f76-b544-251eeda27ba3,7fb983e8-6848-5425-97a2-14da72722d0f,301eb5cf-fef6-5118-943d-17e7a9038d0d,2025-04-14T00:00:00,1,Producto vencido o dañado
6a867565-ba02-508a-bd90-a6a4c96e5c69,e8aeb018-f679-5670-b210-de4f62ff2111,2933d8b7-2438-521b-b38d-d3a5224f87fc,26f7241d-a84e-5e4a-a43d-33eea1e54eea,957f70b8-4756-574e-b53e-c7f585026b11,2025-04-16T00:00:00,2,Producto vencido o dañado
bdde744d-7931-5281-a71b-55d2ff30eff1,e8aeb018-f679-5670-b210-de4f62ff2111,2eb3a104-e572-583a-afa0-156ee0dc4cce,26f7241d-a84e-5e4a-a43d-33eea1e54eea,50d2e12e-0bfe-5100-a662-9f71e9c3c686,2025-04-16T00:00:00,1,Producto vencido o dañado
f8022914-865b-59e7-a5d4-c5fc5fd838ed,e8aeb018-f679-5670-b210-de4f62ff2111,6d807393-f4ab-5f76-b544-251eeda27ba3,43616d97-2221-569d-82eb-bcc14bcd6344,0f215672-7ef0-5ad9-b080-8fb45748c2fc,2025-04-17T00:00:00,3,Producto vencido o dañado
9ee9b124-306d-56a3-a338-4c7b342d2dee,e8aeb018-f679-5670-b210-de4f62ff2111,d0ae6d2d-e561-56b3-a2c1-113c1c56ae81,8ecedccf-c230-516b-bbc2-108f7a6fbe63,057d9e86-6697-567d-8d22-7ffb440fd364,2025-04-17T00:00:00,3,Producto vencido o dañado
eee2c3e6-6704-5160-8cdf-24b140242087,e8aeb018-f679-5670-b210-de4f62ff2111,38adf7ba-476e-5e6b-9163-781a13538253,43616d97-2221-569d-82eb-bcc14bcd6344,5907729a-f4bb-5e56-b5d1-bcdd461e8a2c,2025-04-18T00:00:00,2,Producto vencido o dañado
c0d3f755-9a41-5c3c-bb4c-d05bf7b4a745,e8aeb018-f679-5670-b210-de4f62ff2111,2eb3a104-e572-583a-afa0-156ee0dc4cce,d6f21f11-7533-52dd-a4dc-2fb8e260c02c,bb504c6e-08ba-5aa5-b207-fd7b50661c72,2025-04-18T00:00:00,1,Producto vencido o dañado
c53d1682-db17-5f2f-a57d-e0398efffc4c,e8aeb018-f679-5670-b210-de4f62ff2111,2082733c-4e17-51fe-bc8c-bf33d3ec5d7e,8ecedccf-c230-516b-bbc2-108f7a6fbe63,1b5129aa-9415-5784-b04d-c78b8501b3a3,2025-04-19T00:00:00,3,Producto vencido o dañado
1fdc0ec7-e46c-5889-bb53-cbc96f59531a,e8aeb018-f679-5670-b210-de4f62ff2111,012857cc-907f-5e7d-b8fb-796d2c9f1621,8ecedccf-c230-516b-bbc2-108f7a6fbe63,20683af0-dc9b-5f9d-a594-f9c6250ec64f,2025-04-19T00:00:00,3,Producto vencido o dañado
232f553a-1fbf-58dc-9338-d22eae4363c1,e8aeb018-f679-5670-b210-de4f62ff2111,d0ae6d2d-e561-56b3-a2c1-113c1c56ae81,7fb983e8-6848-5425-97a2-14da72722d0f,78ff32f3-e6c7-51ca-ba4e-14ac422c974b,2025-04-19T00:00:00,1,Producto vencido o dañado
b9993ddc-ca49-5f4d-9386-b76fba3b149f,e8aeb018-f679-5670-b210-de4f62ff2111,22231140-3780-5fe8-a7d4-d33f61d15111,26f7241d-a84e-5e4a-a43d-33eea1e54eea,062f7fd0-7b5e-5f7e-ab8d-2820fc41e417,2025-04-20T00:00:00,2,Producto vencido o dañado
f16b2202-2646-51d0-8822-7de2146dfe4d,e8aeb018-f679-5670-b210-de4f62ff2111,2933d8b7-2438-521b-b38d-d3a5224f87fc,7fb983e8-6848-5425-97a2-14da72722d0f,4acb6c96-7ac5-5ff1-a8ae-fb753e79a302,2025-04-20T00:00:00,3,Producto vencido o dañado
ea232e6e-8240-5e5b-bda1-a37d61df8719,e8aeb018-f679-5670-b210-de4f62ff2111,87b859e0-789a-56e6-b1ba-4fe76221d3bf,26f7241d-a84e-5e4a-a43d-33eea1e54eea,214b9d7e-0945-5af9-9b17-65fe0bc3fe59,2025-04-21T00:00:00,2,Producto vencido o dañado
f7e3c408-feb8-5801-89b5-e0fec61fd2d4,e8aeb018-f679-5670-b210-de4f62ff2111,2897aac2-f219-5167-b800-73fac27f6b85,7fb983e8-6848-5425-97a2-14da72722d0f,3fc7c6d8-36b5-5b7c-9d72-cbd64c84239f,2025-04-21T00:00:00,3,Producto vencido o dañado
687f7cfb-bbd0-5f72-96e8-c409efc1bc08,e8aeb018-f679-5670-b210-de4f62ff2111,6baabed2-52d7-5cb7-bf74-86c7cb3e4f07,d6f21f11-7533-52dd-a4dc-2fb8e260c02c,03992943-73ab-5b81-b2a1-ab19ef387874,2025-04-23T00:00:00,3,Producto vencido o dañado
8c22488e-fdb5-505e-86cb-6e8be31f80c3,e8aeb018-f679-5670-b210-de4f62ff2111,6baabed2-52d7-5cb7-bf74-86c7cb3e4f07,d6f21f11-7533-52dd-a4dc-2fb8e260c02c,03992943-73ab-5b81-b2a1-ab19ef387874,2025-04-24T00:00:00,2,Producto vencido o dañado
07a824b7-c423-5d64-bc76-3d4c320f753f,e8aeb018-f679-5670-b210-de4f62ff2111,5bbfdec8-65ae-59e6-b211-5eccb5b765fa,8ecedccf-c230-516b-bbc2-108f7a6fbe63,b403f72f-afff-5bbc-9711-c997d4e98b67,2025-04-24T00:00:00,1,Producto vencido o dañado
e7d17a27-0cf4-5ecc-bdb1-f44e41798d57,e8aeb018-f679-5670-b210-de4f62ff2111,cd81184b-b6f1-563c-b463-36a69ddfb598,8ecedccf-c230-516b-bbc2-108f7a6fbe63,3d193b65-e73d-5188-b105-d818cb08e482,2025-04-24T00:00:00,3,Producto vencido o dañado
018eeb12-b115-5340-b00b-42cac77e6815,e8aeb018-f679-5670-b210-de4f62ff2111,d9506935-1215-5499-93c0-8bdd86ab9418,7fb983e8-6848-5425-97a2-14da72722d0f,5fd846d6-abef-56cb-9387-bd7ec05a35bb,2025-04-26T00:00:00,1,Producto vencido o dañado
2f39768e-9e53-5e96-b2c5-d9eaed06e4c7,e8aeb018-f679-5670-b210-de4f62ff2111,5bbfdec8-65ae-59e6-b211-5eccb5b765fa,43616d97-2221-569d-82eb-bcc14bcd6344,9e34160b-9b6c-5127-a232-479eea8ad2cc,2025-04-27T00:00:00,1,Producto vencido o dañado
86b044ca-03d5-5f30-af00-5522b7e95d79,e8aeb018-f679-5670-b210-de4f62ff2111,012857cc-907f-5e7d-b8fb-796d2c9f1621,d6f21f11-7533-52dd-a4dc-2fb8e260c02c,0c9db3c4-5a85-5592-8a41-2319cafcb7ea,2025-04-28T00:00:00,1,Producto vencido o dañado
e5a875e2-d2ff-500a-804d-805be388bf7e,e8aeb018-f679-5670-b210-de4f62ff2111,6d807393-f4ab-5f76-b544-251eeda27ba3,d6f21f11-7533-52dd-a4dc-2fb8e260c02c,1991da4d-45a1-5cbc-b197-c60373cc3ac6,2025-04-29T00:00:00,2,Producto vencido o dañado
f7d4de79-f7ca-55ff-98ff-d9391de8c51c,e8aeb018-f679-5670-b210-de4f62ff2111,058c6382-bde2-59d1-93ff-20c6161a4736,7fb983e8-6848-5425-97a2-14da72722d0f,04357a7c-ce85-543f-8a92-108520ececb1,2025-04-30T00:00:00,2,Producto vencido o dañado
e4176255-b2d0-5235-849d-248b5927c2dd,e8aeb018-f679-5670-b210-de4f62ff2111,1e9605fd-5682-52b6-8f05-e8a92dd44513,7fb983e8-6848-5425-97a2-14da72722d0f,cc712df9-3087-5349-b1d1-c8dab31ef450,2025-04-30T00:00:00,2,Producto vencido o dañado
05005437-fcee-5b02-8422-cd506e14d8a4,e8aeb018-f679-5670-b210-de4f62ff2111,2933d8b7-2438-521b-b38d-d3a5224f87fc,26f7241d-a84e-5e4a-a43d-33eea1e54eea,957f70b8-4756-574e-b53e-c7f585026b11,2025-05-02T00:00:00,1,Producto vencido o dañado
b7d1d53d-bdf3-50f4-8a85-d8c65472b754,e8aeb018-f679-5670-b210-de4f62ff2111,6baabed2-52d7-5cb7-bf74-86c7cb3e4f07,d6f21f11-7533-52dd-a4dc-2fb8e260c02c,2dd64fe0-1d9a-552a-8fe3-40dc8497a454,2025-05-02T00:00:00,2,Producto vencido o dañado
95ca6694-46c0-5b97-8b87-be3e1701b400,e8aeb018-f679-5670-b210-de4f62ff2111,1e9605fd-5682-52b6-8f05-e8a92dd44513,26f7241d-a84e-5e4a-a43d-33eea1e54eea,f376dbd2-d710-5739-bb52-eff8c2987c95,2025-05-03T00:00:00,2,Producto vencido o dañado
d41b7421-3a63-56c3-a71c-8b1ded42d71d,e8aeb018-f679-5670-b210-de4f62ff2111,38adf7ba-476e-5e6b-9163-781a13538253,43616d97-2221-569d-82eb-bcc14bcd6344,0fc3fccf-fe76-5da9-87e7-97c394dd0b5b,2025-05-03T00:00:00,1,Producto vencido o dañado
9eb2b44c-4f2e-59d8-9ee5-da25569071b0,e8aeb018-f679-5670-b210-de4f62ff2111,012857cc-907f-5e7d-b8fb-796d2c9f1621,8ecedccf-c230-516b-bbc2-108f7a6fbe63,9c9f25fd-8d05-57cf-ab02-082693c62e4f,2025-05-03T00:00:00,2,Producto vencido o dañado
1e993223-a716-5e69-8430-337c3c9271b8,e8aeb018-f679-5670-b210-de4f62ff2111,0ec23038-d3ab-588c-bbd6-1f5c744cdde1,7fb983e8-6848-5425-97a2-14da72722d0f,1282a21f-cf72-5ba5-8aec-c5d4393c746e,2025-05-03T00:00:00,3,Producto vencido o dañado
e922fe39-9dd5-5863-a8d2-10152368ba63,e8aeb018-f679-5670-b210-de4f62ff2111,c0cf5e5c-b5c9-585a-8e79-d9830bc954f6,26f7241d-a84e-5e4a-a43d-33eea1e54eea,838642e0-b2ba-5973-8fd4-608810fb1947,2025-05-04T00:00:00,2,Producto vencido o dañado
de202f82-0cb6-55ad-a4fe-23509014a92c,e8aeb018-f679-5670-b210-de4f62ff2111,2897aac2-f219-5167-b800-73fac27f6b85,43616d97-2221-569d-82eb-bcc14bcd6344,5ace8e25-5ebc-5189-8638-402cf511e207,2025-05-04T00:00:00,2,Producto vencido o dañado
a6498b85-70d7-5fd8-935b-7fe38b08c080,e8aeb018-f679-5670-b210-de4f62ff2111,d0ae6d2d-e561-56b3-a2c1-113c1c56ae81,43616d97-2221-569d-82eb-bcc14bcd6344,68d5731d-15ee-5230-b36a-e2ef987637ea,2025-05-05T00:00:00,3,Producto vencido o dañado
18816ac7-c8c1-5dec-a205-29cf0ef8c913,e8aeb018-f679-5670-b210-de4f62ff2111,d0ae6d2d-e561-56b3-a2c1-113c1c56ae81,26f7241d-a84e-5e4a-a43d-33eea1e54eea,bbc6b056-8f81-5a4b-9322-2676e0e14db7,2025-05-06T00:00:00,2,Producto vencido o dañado
82bfe2f0-dbc0-5015-a31f-187637302137,e8aeb018-f679-5670-b210-de4f62ff2111,5bbfdec8-65ae-59e6-b211-5eccb5b765fa,d6f21f11-7533-52dd-a4dc-2fb8e260c02c,895ab2f5-8610-5da4-bf2d-f79a09d1534b,2025-05-07T00:00:00,2,Producto vencido o dañado
1e0b822f-1bb8-5de8-b4c3-85065fe73a4f,e8aeb018-f679-5670-b210-de4f62ff2111,cd81184b-b6f1-563c-b463-36a69ddfb598,d6f21f11-7533-52dd-a4dc-2fb8e260c02c,cab8850e-e249-5f3f-b05c-afd2cbd95e39,2025-05-07T00:00:00,2,Producto vencido o dañado
540fe0e3-8a65-524b-a7c8-fa583095a0e8,e8aeb018-f679-5670-b210-de4f62ff2111,6baabed2-52d7-5cb7-bf74-86c7cb3e4f07,7fb983e8-6848-5425-97a2-14da72722d0f,d551cddf-aaee-50d1-b36c-239d23b8aa25,2025-05-07T00:00:00,1,Producto vencido o dañado
b0a4c43b-d93a-5520-8733-750b128f750b,e8aeb018-f679-5670-b210-de4f62ff2111,afe9d181-1c64-5cca-b4b7-a9fa24eceeea,d6f21f11-7533-52dd-a4dc-2fb8e260c02c,6f2e77f3-2ff3-5b04-a70c-f8275c008f11,2025-05-08T00:00:00,2,Producto vencido o dañado
29572c65-1026-562d-83bf-a00af840b183,e8aeb018-f679-5670-b210-de4f62ff2111,d0ae6d2d-e561-56b3-a2c1-113c1c56ae81,8ecedccf-c230-516b-bbc2-108f7a6fbe63,ad06d9ce-c49b-5c4c-ba79-b38d8e614a6c,2025-05-12T00:00:00,1,Producto vencido o dañado
20640d28-8e8c-550d-b94e-66139bd34dd1,e8aeb018-f679-5670-b210-de4f62ff2111,2082733c-4e17-51fe-bc8c-bf33d3ec5d7e,43616d97-2221-569d-82eb-bcc14bcd6344,8b64dd54-b82e-5246-853d-957fb4e2e632,2025-05-13T00:00:00,3,Producto vencido o dañado
5e946afd-7409-543f-af1e-b1b17c4ecf31,e8aeb018-f679-5670-b210-de4f62ff2111,2933d8b7-2438-521b-b38d-d3a5224f87fc,7fb983e8-6848-5425-97a2-14da72722d0f,bd983dbe-bfad-56bf-890d-d594a5f10ad4,2025-05-15T00:00:00,1,Producto vencido o dañado
b7e2930b-6253-527f-b9a4-48c0fcc7e671,e8aeb018-f679-5670-b210-de4f62ff2111,87b859e0-789a-56e6-b1ba-4fe76221d3bf,8ecedccf-c230-516b-bbc2-108f7a6fbe63,e4c5616d-6bc2-539f-ba04-a44c35d8a5a4,2025-05-16T00:00:00,2,Producto vencido o dañado
030c3169-5d4a-5167-bcea-0ce5c6f0b0fa,e8aeb018-f679-5670-b210-de4f62ff2111,012857cc-907f-5e7d-b8fb-796d2c9f1621,43616d97-2221-569d-82eb-bcc14bcd6344,c74b9762-110b-5ed4-b819-ec5098faf2b7,2025-05-17T00:00:00,3,Producto vencido o dañado
844b35b3-9135-5bc3-8ac5-77cd8ade8f76,e8aeb018-f679-5670-b210-de4f62ff2111,38adf7ba-476e-5e6b-9163-781a13538253,d6f21f11-7533-52dd-a4dc-2fb8e260c02c,d3f4fc4f-7958-515d-a597-6b08ca2102ba,2025-05-17T00:00:00,2,Producto vencido o dañado
c8cb341a-fa9f-577b-a4c4-5cefc336ebc0,e8aeb018-f679-5670-b210-de4f62ff2111,6d807393-f4ab-5f76-b544-251eeda27ba3,8ecedccf-c230-516b-bbc2-108f7a6fbe63,bbe2a18a-3e09-5ced-a9ff-f301eb726b92,2025-05-17T00:00:00,3,Producto vencido o dañado
009c983c-600f-5740-9ea2-edd20bf1869d,e8aeb018-f679-5670-b210-de4f62ff2111,0ec23038-d3ab-588c-bbd6-1f5c744cdde1,7fb983e8-6848-5425-97a2-14da72722d0f,1282a21f-cf72-5ba5-8aec-c5d4393c746e,2025-05-17T00:00:00,1,Producto vencido o dañado
854457de-7cbc-5ccf-8645-bfeb62db7802,e8aeb018-f679-5670-b210-de4f62ff2111,6d807393-f4ab-5f76-b544-251eeda27ba3,d6f21f11-7533-52dd-a4dc-2fb8e260c02c,1991da4d-45a1-5cbc-b197-c60373cc3ac6,2025-05-18T00:00:00,3,Producto vencido o dañado
1f4f35d3-16a0-500c-ab3d-829424b3c27a,e8aeb018-f679-5670-b210-de4f62ff2111,87b859e0-789a-56e6-b1ba-4fe76221d3bf,26f7241d-a84e-5e4a-a43d-33eea1e54eea,214b9d7e-0945-5af9-9b17-65fe0bc3fe59,2025-05-19T00:00:00,3,Producto vencido o dañado
0156cecb-2a0d-5fa2-adcd-17e53bf4422a,e8aeb018-f679-5670-b210-de4f62ff2111,82cd11ba-d1a0-58b1-b14f-edd741f36e87,43616d97-2221-569d-82eb-bcc14bcd6344,8eafa747-d136-5ec8-bd82-c9d5a46e3a30,2025-05-20T00:00:00,1,Producto vencido o dañado
7dd1ba8b-3da7-5a44-b878-a75350386872,e8aeb018-f679-5670-b210-de4f62ff2111,94e18241-54bd-5516-b36f-94ab6e323aca,43616d97-2221-569d-82eb-bcc14bcd6344,531fb692-6668-5efa-a177-b4942ee2368b,2025-05-20T00:00:00,2,Producto vencido o dañado
695e84a9-2dc3-5e12-b3d1-029b5870643d,e8aeb018-f679-5670-b210-de4f62ff2111,6d807393-f4ab-5f76-b544-251eeda27ba3,43616d97-2221-569d-82eb-bcc14bcd6344,1ff5246e-3206-54e9-8c59-f8d8c31f18cf,2025-05-22T00:00:00,3,Producto vencido o dañado
2dbda46e-c6f1-5aa9-8c5c-0c260c970fbe,e8aeb018-f679-5670-b210-de4f62ff2111,22231140-3780-5fe8-a7d4-d33f61d15111,d6f21f11-7533-52dd-a4dc-2fb8e260c02c,9a4a0c78-7811-5c75-9b1b-01ce02fffd85,2025-05-22T00:00:00,2,Producto vencido o dañado
5bdae521-493c-5e69-971e-16a7877e183b,e8aeb018-f679-5670-b210-de4f62ff2111,042e2e80-f954-5df4-97be-29dd428cc598,8ecedccf-c230-516b-bbc2-108f7a6fbe63,62551b60-0e31-5819-beb5-658e48aa269b,2025-05-22T00:00:00,3,Producto vencido o dañado
18225376-0637-57ef-9396-a43b7d2635dd,e8aeb018-f679-5670-b210-de4f62ff2111,6baabed2-52d7-5cb7-bf74-86c7cb3e4f07,7fb983e8-6848-5425-97a2-14da72722d0f,d551cddf-aaee-50d1-b36c-239d23b8aa25,2025-05-22T00:00:00,3,Producto vencido o dañado
9c5cfeff-9237-58b1-88e0-5ffdfadec433,e8aeb018-f679-5670-b210-de4f62ff2111,6d807393-f4ab-5f76-b544-251eeda27ba3,26f7241d-a84e-5e4a-a43d-33eea1e54eea,94c77158-52b2-5482-b255-e56839201235,2025-05-24T00:00:00,1,Producto vencido o dañado
a52f5612-4cbe-57d0-8f13-f1c60110cf8e,e8aeb018-f679-5670-b210-de4f62ff2111,82cd11ba-d1a0-58b1-b14f-edd741f36e87,43616d97-2221-569d-82eb-bcc14bcd6344,8eafa747-d136-5ec8-bd82-c9d5a46e3a30,2025-05-24T00:00:00,3,Producto vencido o dañado
365980b6-36b2-5c79-8230-3cf90e60c042,e8aeb018-f679-5670-b210-de4f62ff2111,d9506935-1215-5499-93c0-8bdd86ab9418,7fb983e8-6848-5425-97a2-14da72722d0f,5fd846d6-abef-56cb-9387-bd7ec05a35bb,2025-05-24T00:00:00,3,Producto vencido o dañado
d36d98e9-0fe7-538a-9d4d-6c9123d34da3,e8aeb018-f679-5670-b210-de4f62ff2111,2933d8b7-2438-521b-b38d-d3a5224f87fc,26f7241d-a84e-5e4a-a43d-33eea1e54eea,08bfa07b-506d-538c-b02f-07484de682e6,2025-05-26T00:00:00,1,Producto vencido o dañado
8cdd1e7c-21ee-5fd9-a93b-a4900d0dee7f,e8aeb018-f679-5670-b210-de4f62ff2111,c0cf5e5c-b5c9-585a-8e79-d9830bc954f6,7fb983e8-6848-5425-97a2-14da72722d0f,f04e55f7-577b-57d1-bbb4-b3e0cbc4d0ea,2025-05-28T00:00:00,3,Producto vencido o dañado
298a6bd9-6fa8-5d04-ab2b-116a91418b0d,e8aeb018-f679-5670-b210-de4f62ff2111,2897aac2-f219-5167-b800-73fac27f6b85,43616d97-2221-569d-82eb-bcc14bcd6344,c5852b65-cd8a-506b-9265-9c1ceb80ad2e,2025-06-01T00:00:00,2,Producto vencido o dañado
8ab9aeaa-3f88-5bac-81bb-fa46f57e2a97,e8aeb018-f679-5670-b210-de4f62ff2111,1e9605fd-5682-52b6-8f05-e8a92dd44513,26f7241d-a84e-5e4a-a43d-33eea1e54eea,a37725b5-e82e-5245-b800-2e7b710d6421,2025-06-05T00:00:00,3,Producto vencido o dañado
cf56f43d-7ef6-5642-bc7e-1e7d9dbbeec6,e8aeb018-f679-5670-b210-de4f62ff2111,cd81184b-b6f1-563c-b463-36a69ddfb598,8ecedccf-c230-516b-bbc2-108f7a6fbe63,f61f4b45-874a-504b-a03d-41b048458c73,2025-06-06T00:00:00,2,Producto vencido o dañado
b599d019-8460-56c9-a23b-65eac00bbd17,e8aeb018-f679-5670-b210-de4f62ff2111,5bbfdec8-65ae-59e6-b211-5eccb5b765fa,7fb983e8-6848-5425-97a2-14da72722d0f,d49438d3-9db6-56bc-ba2a-e1514055a789,2025-06-07T00:00:00,2,Producto vencido o dañado
51bae1cb-67f6-5dd6-b8f5-1825cb95a62c,e8aeb018-f679-5670-b210-de4f62ff2111,d3961f5a-3ea7-53d3-89f4-78b65b0c0c6b,8ecedccf-c230-516b-bbc2-108f7a6fbe63,fdabf22d-4490-5aca-b17d-cb5a2dba164c,2025-06-08T00:00:00,2,Producto vencido o dañado
4581d913-a44a-5cc3-be89-3406c80ebeac,e8aeb018-f679-5670-b210-de4f62ff2111,22231140-3780-5fe8-a7d4-d33f61d15111,d6f21f11-7533-52dd-a4dc-2fb8e260c02c,9a4a0c78-7811-5c75-9b1b-01ce02fffd85,2025-06-09T00:00:00,1,Producto vencido o dañado
08255d9e-5c18-5ce6-843e-50c9912a469d,e8aeb018-f679-5670-b210-de4f62ff2111,94e18241-54bd-5516-b36f-94ab6e323aca,8ecedccf-c230-516b-bbc2-108f7a6fbe63,18c15ba5-820d-5841-98bf-eb9054c6bc9c,2025-06-09T00:00:00,1,Producto vencido o dañado
92e0ab2d-7478-5d49-8128-637dff863de8,e8aeb018-f679-5670-b210-de4f62ff2111,2933d8b7-2438-521b-b38d-d3a5224f87fc,8ecedccf-c230-516b-bbc2-108f7a6fbe63,b9cd30d8-e5cd-5ecc-b533-a84904619acc,2025-06-10T00:00:00,2,Producto vencido o dañado
dc7d08f5-33c3-5695-93cc-b26c85c3b624,e8aeb018-f679-5670-b210-de4f62ff2111,6d807393-f4ab-5f76-b544-251eeda27ba3,8ecedccf-c230-516b-bbc2-108f7a6fbe63,4caad625-97ac-5423-bb1c-d4a1ea3c7201,2025-06-11T00:00:00,1,Producto vencido o dañado
4290631d-a868-522a-aae2-39d5a9660a2d,e8aeb018-f679-5670-b210-de4f62ff2111,042e2e80-f954-5df4-97be-29dd428cc598,43616d97-2221-569d-82eb-bcc14bcd6344,5eac4615-5bee-5b10-b6b0-af6b830dec75,2025-06-13T00:00:00,2,Producto vencido o dañado
552e604f-5090-5660-b177-2f5f38cef766,e8aeb018-f679-5670-b210-de4f62ff2111,97d26d91-c562-5f27-9ebd-285e89c8f4bf,43616d97-2221-569d-82eb-bcc14bcd6344,6f3d59c1-cad8-57c7-b5f8-2af53ec839cc,2025-06-13T00:00:00,1,Producto vencido o dañado
69076cdc-252e-568f-a2f1-800f598ea282,e8aeb018-f679-5670-b210-de4f62ff2111,d0ae6d2d-e561-56b3-a2c1-113c1c56ae81,26f7241d-a84e-5e4a-a43d-33eea1e54eea,151b7411-e6fd-5169-a69a-d66d948dd5b6,2025-06-14T00:00:00,3,Producto vencido o dañado
1225fd1d-e854-551b-9700-04e9a26cd5e8,e8aeb018-f679-5670-b210-de4f62ff2111,1e9605fd-5682-52b6-8f05-e8a92dd44513,d6f21f11-7533-52dd-a4dc-2fb8e260c02c,cf46e46f-4ad4-5a2e-99d4-e9c05cfc3c2f,2025-06-14T00:00:00,1,Producto vencido o dañado
6c9e9aa6-6833-5892-a814-471e1cb550f1,e8aeb018-f679-5670-b210-de4f62ff2111,2933d8b7-2438-521b-b38d-d3a5224f87fc,26f7241d-a84e-5e4a-a43d-33eea1e54eea,6d3ed336-922d-5e2a-83bc-0c8198013d48,2025-06-16T00:00:00,1,Producto vencido o dañado
20218261-57b4-536b-829f-cc0fcbeba3fe,e8aeb018-f679-5670-b210-de4f62ff2111,07371b94-955f-52a4-9bf9-f0a6ad2b4fa8,7fb983e8-6848-5425-97a2-14da72722d0f,957b8716-6ddf-519d-a006-6fa85ba9527d,2025-06-16T00:00:00,3,Producto vencido o dañado
dc3eea19-fd25-502c-b950-6e5d7916ea13,e8aeb018-f679-5670-b210-de4f62ff2111,042e2e80-f954-5df4-97be-29dd428cc598,26f7241d-a84e-5e4a-a43d-33eea1e54eea,cfbccc97-8603-530d-ad5a-54534dce3b2c,2025-06-18T00:00:00,3,Producto vencido o dañado
3a211a33-8827-5b36-980c-eecce1ed9a7f,e8aeb018-f679-5670-b210-de4f62ff2111,c0cf5e5c-b5c9-585a-8e79-d9830bc954f6,8ecedccf-c230-516b-bbc2-108f7a6fbe63,6c4f91a1-3e09-54f8-99cb-2e012b9be64b,2025-06-18T00:00:00,1,Producto vencido o dañado
1ea37166-59f3-5232-9b23-d699405f7167,e8aeb018-f679-5670-b210-de4f62ff2111,82cd11ba-d1a0-58b1-b14f-edd741f36e87,26f7241d-a84e-5e4a-a43d-33eea1e54eea,4760ceda-13f1-5ac1-998e-ce15ba07f903,2025-06-20T00:00:00,2,Producto vencido o dañado
be9013a0-8f33-5899-bf52-858f7fdf6859,e8aeb018-f679-5670-b210-de4f62ff2111,cd81184b-b6f1-563c-b463-36a69ddfb598,d6f21f11-7533-52dd-a4dc-2fb8e260c02c,faae7fc5-8f65-5055-b2f1-8d7b9f140627,2025-06-20T00:00:00,1,Producto vencido o dañado
931fe7b8-6c4d-5d38-bf1b-d3cf792b729b,e8aeb018-f679-5670-b210-de4f62ff2111,97d26d91-c562-5f27-9ebd-285e89c8f4bf,43616d97-2221-569d-82eb-bcc14bcd6344,6f3d59c1-cad8-57c7-b5f8-2af53ec839cc,2025-06-21T00:00:00,3,Producto vencido o dañado
5313ab60-22d9-57fe-a32a-b523a31d506d,e8aeb018-f679-5670-b210-de4f62ff2111,c0cf5e5c-b5c9-585a-8e79-d9830bc954f6,d6f21f11-7533-52dd-a4dc-2fb8e260c02c,ac1ff96f-0da7-5333-9aa1-bbec6f23db97,2025-06-21T00:00:00,1,Producto vencido o dañado
5742758f-0c28-52d5-89b2-5e3102301630,e8aeb018-f679-5670-b210-de4f62ff2111,97d26d91-c562-5f27-9ebd-285e89c8f4bf,8ecedccf-c230-516b-bbc2-108f7a6fbe63,d6993655-edaf-54d0-a6b2-18bcfa54bb6b,2025-06-22T00:00:00,3,Producto vencido o dañado
5cf6ad75-6284-5d9e-9ea6-6b30b48bbf46,e8aeb018-f679-5670-b210-de4f62ff2111,94e18241-54bd-5516-b36f-94ab6e323aca,7fb983e8-6848-5425-97a2-14da72722d0f,f411db4a-4fa9-5b6d-8d70-01a1cfd03e83,2025-06-23T00:00:00,2,Producto vencido o dañado
d05ac66e-2d85-5f2d-be7c-0893ccecd3c4,e8aeb018-f679-5670-b210-de4f62ff2111,97d26d91-c562-5f27-9ebd-285e89c8f4bf,26f7241d-a84e-5e4a-a43d-33eea1e54eea,d63d5b85-0096-5991-a506-62cb9b3f9ffa,2025-06-24T00:00:00,1,Producto vencido o dañado
6829874b-37c6-50ea-9d8e-ed43f8dfac72,e8aeb018-f679-5670-b210-de4f62ff2111,afe9d181-1c64-5cca-b4b7-a9fa24eceeea,d6f21f11-7533-52dd-a4dc-2fb8e260c02c,c5fada80-bdc7-5b53-956a-9ff20dc0e7eb,2025-06-24T00:00:00,1,Producto vencido o dañado
36359d88-d445-5b7b-8e90-0751c0e07a4f,e8aeb018-f679-5670-b210-de4f62ff2111,6baabed2-52d7-5cb7-bf74-86c7cb3e4f07,d6f21f11-7533-52dd-a4dc-2fb8e260c02c,a28f6db3-edc5-5d7f-88dc-ba7c86d5f59e,2025-06-24T00:00:00,3,Producto vencido o dañado
a1636bf4-2908-573f-b65d-771d0782014c,e8aeb018-f679-5670-b210-de4f62ff2111,22231140-3780-5fe8-a7d4-d33f61d15111,43616d97-2221-569d-82eb-bcc14bcd6344,46277d86-2af6-5d43-89ca-bb714d138988,2025-06-25T00:00:00,2,Producto vencido o dañado
721b2caa-13c1-52c6-a78e-2c72a9763437,e8aeb018-f679-5670-b210-de4f62ff2111,4d9429b6-2ebf-5b5d-ac48-f779d5a1e270,8ecedccf-c230-516b-bbc2-108f7a6fbe63,07c3ae61-34b3-5970-aa2d-c08cbcdab623,2025-06-25T00:00:00,3,Producto vencido o dañado
4e89e58f-50bb-5cc1-829b-38c56c783b34,e8aeb018-f679-5670-b210-de4f62ff2111,97d26d91-c562-5f27-9ebd-285e89c8f4bf,7fb983e8-6848-5425-97a2-14da72722d0f,af5d9965-ee9d-5885-bad7-5c3298e5d95a,2025-06-26T00:00:00,3,Producto vencido o dañado
a0424cdb-efa5-5035-b4f4-2ec5f4320e56,e8aeb018-f679-5670-b210-de4f62ff2111,82cd11ba-d1a0-58b1-b14f-edd741f36e87,26f7241d-a84e-5e4a-a43d-33eea1e54eea,4760ceda-13f1-5ac1-998e-ce15ba07f903,2025-06-27T00:00:00,2,Producto vencido o dañado
10079c9b-717d-5d80-ace7-d234b50f9b8b,e8aeb018-f679-5670-b210-de4f62ff2111,1ca3438e-9e23-58f0-a35f-f15f7a23beb9,26f7241d-a84e-5e4a-a43d-33eea1e54eea,bb7530c4-2382-5494-9233-949123b216d7,2025-06-27T00:00:00,1,Producto vencido o dañado
96b67e0c-01cc-5c89-8a70-d342bf9fcce9,e8aeb018-f679-5670-b210-de4f62ff2111,012857cc-907f-5e7d-b8fb-796d2c9f1621,26f7241d-a84e-5e4a-a43d-33eea1e54eea,30c680b4-8707-5c5d-9521-98abeb10d44c,2025-06-27T00:00:00,2,Producto vencido o dañado
5508d5fe-a7c3-50ca-b899-a77130814134,e8aeb018-f679-5670-b210-de4f62ff2111,82cd11ba-d1a0-58b1-b14f-edd741f36e87,43616d97-2221-569d-82eb-bcc14bcd6344,76020ce9-ffbf-5ed5-a626-7b47c3c1dbc7,2025-06-29T00:00:00,1,Producto vencido o dañado
18b193ef-3de7-55ee-9c8d-fc6a25773ad6,e8aeb018-f679-5670-b210-de4f62ff2111,2897aac2-f219-5167-b800-73fac27f6b85,26f7241d-a84e-5e4a-a43d-33eea1e54eea,9252419a-0ccb-5f4e-b69e-db4b5fe84db0,2025-06-30T00:00:00,1,Producto vencido o dañado
45dc6f12-8431-5dd9-822d-fcbb870d5ef4,e8aeb018-f679-5670-b210-de4f62ff2111,6d807393-f4ab-5f76-b544-251eeda27ba3,26f7241d-a84e-5e4a-a43d-33eea1e54eea,eeff3e89-e814-5365-8f0d-d21e60d62b17,2025-07-01T00:00:00,1,Producto vencido o dañado
2420623f-4e13-5fdc-ba7f-6629a9f35037,e8aeb018-f679-5670-b210-de4f62ff2111,d2f08f15-f9f2-5f65-a740-b05896774467,26f7241d-a84e-5e4a-a43d-33eea1e54eea,6519e4bc-3613-590a-a385-57a76d75491c,2025-07-01T00:00:00,3,Producto vencido o dañado
2ed3dc49-5fb5-5f25-833a-a4f70a7fb5bc,e8aeb018-f679-5670-b210-de4f62ff2111,1ca3438e-9e23-58f0-a35f-f15f7a23beb9,8ecedccf-c230-516b-bbc2-108f7a6fbe63,873936df-d5c4-5f74-b4df-f3e31c7a9f4f,2025-07-01T00:00:00,3,Producto vencido o dañado
94632375-9bf6-5aff-a1da-84a6ec73d97d,e8aeb018-f679-5670-b210-de4f62ff2111,6baabed2-52d7-5cb7-bf74-86c7cb3e4f07,26f7241d-a84e-5e4a-a43d-33eea1e54eea,a192176d-f3b5-53a2-b179-65a54e242f71,2025-07-02T00:00:00,3,Producto vencido o dañado
13d8d850-31b1-5021-abc0-f02fb8ba491e,e8aeb018-f679-5670-b210-de4f62ff2111,d3961f5a-3ea7-53d3-89f4-78b65b0c0c6b,d6f21f11-7533-52dd-a4dc-2fb8e260c02c,69c9ce49-98e5-57cd-bcad-8c6d70b96a70,2025-07-02T00:00:00,3,Producto vencido o dañado
96db3de0-c7fb-5acc-be62-a0469b8c0be5,e8aeb018-f679-5670-b210-de4f62ff2111,97d26d91-c562-5f27-9ebd-285e89c8f4bf,d6f21f11-7533-52dd-a4dc-2fb8e260c02c,db9a1743-d46e-5064-a759-4f04cf1a3e5b,2025-07-02T00:00:00,1,Producto vencido o dañado
734040fd-a9cf-5659-b055-a8bf499e6895,e8aeb018-f679-5670-b210-de4f62ff2111,2eb3a104-e572-583a-afa0-156ee0dc4cce,8ecedccf-c230-516b-bbc2-108f7a6fbe63,ce4ff0ed-d466-5d03-bf39-715ca2ed415f,2025-07-03T00:00:00,3,Producto vencido o dañado
0762d100-deae-5b7d-a850-e7ad0dc296f8,e8aeb018-f679-5670-b210-de4f62ff2111,c0cf5e5c-b5c9-585a-8e79-d9830bc954f6,7fb983e8-6848-5425-97a2-14da72722d0f,804ed1f7-f1a0-5c92-8fb2-ecf7c38f3b2e,2025-07-03T00:00:00,3,Producto vencido o dañado
e0dd0b45-503d-5b01-a91e-8eac3f3e184f,e8aeb018-f679-5670-b210-de4f62ff2111,87b859e0-789a-56e6-b1ba-4fe76221d3bf,7fb983e8-6848-5425-97a2-14da72722d0f,6ac728fe-dafa-5a99-bf38-49951c42ba5b,2025-07-03T00:00:00,3,Producto vencido o dañado
3cd8fd7e-4ae6-5cf7-89fe-928d3e464007,e8aeb018-f679-5670-b210-de4f62ff2111,d3961f5a-3ea7-53d3-89f4-78b65b0c0c6b,26f7241d-a84e-5e4a-a43d-33eea1e54eea,b9dfb1e9-ab94-5e21-b6b9-9a4f746bdc86,2025-07-04T00:00:00,1,Producto vencido o dañado
d05a9def-6231-5f78-85d4-7155f56a1ec8,e8aeb018-f679-5670-b210-de4f62ff2111,6baabed2-52d7-5cb7-bf74-86c7cb3e4f07,43616d97-2221-569d-82eb-bcc14bcd6344,ce24d36a-05b5-55e2-9115-d9270a1fe5f2,2025-07-05T00:00:00,1,Producto vencido o dañado
61430e4c-3e0f-5932-a41c-a187492adad5,e8aeb018-f679-5670-b210-de4f62ff2111,9928e9a1-d9fc-5fdd-86c2-8909352fd7fe,26f7241d-a84e-5e4a-a43d-33eea1e54eea,0781ec93-faf5-5716-a32e-421bacb3cba1,2025-07-07T00:00:00,3,Producto vencido o dañado
b68827ef-e08f-552d-9fdb-921ca3aa58d7,e8aeb018-f679-5670-b210-de4f62ff2111,2082733c-4e17-51fe-bc8c-bf33d3ec5d7e,d6f21f11-7533-52dd-a4dc-2fb8e260c02c,0ed53a02-53e7-51cb-8cc0-b4db834f52c4,2025-07-08T00:00:00,3,Producto vencido o dañado
25ae1edb-8498-5970-b50b-da0fc826eeeb,e8aeb018-f679-5670-b210-de4f62ff2111,97d26d91-c562-5f27-9ebd-285e89c8f4bf,8ecedccf-c230-516b-bbc2-108f7a6fbe63,d6993655-edaf-54d0-a6b2-18bcfa54bb6b,2025-07-09T00:00:00,3,Producto vencido o dañado
2894bcf7-2a02-555a-a998-2e778bdf422c,e8aeb018-f679-5670-b210-de4f62ff2111,0ec23038-d3ab-588c-bbd6-1f5c744cdde1,7fb983e8-6848-5425-97a2-14da72722d0f,0315bbba-464c-550a-b33e-4853d2d8b7e5,2025-07-09T00:00:00,3,Producto vencido o dañado
e328d1bb-236f-5196-b8b2-6c683c253651,e8aeb018-f679-5670-b210-de4f62ff2111,afe9d181-1c64-5cca-b4b7-a9fa24eceeea,8ecedccf-c230-516b-bbc2-108f7a6fbe63,d2c9c3ad-588a-5700-a13e-5055e74f5fbe,2025-07-10T00:00:00,2,Producto vencido o dañado
4d86b501-5b5d-55cf-a8c3-1bb7a2706e18,e8aeb018-f679-5670-b210-de4f62ff2111,2933d8b7-2438-521b-b38d-d3a5224f87fc,d6f21f11-7533-52dd-a4dc-2fb8e260c02c,de40be4f-1e79-5725-88b4-1b4d6ce69e0c,2025-07-11T00:00:00,1,Producto vencido o dañado
3e19b10b-668f-5143-9edb-a07f84b4d2f5,e8aeb018-f679-5670-b210-de4f62ff2111,4d9429b6-2ebf-5b5d-ac48-f779d5a1e270,d6f21f11-7533-52dd-a4dc-2fb8e260c02c,b6ddfe90-9697-5314-b5d6-d2564842f2ca,2025-07-11T00:00:00,2,Producto vencido o dañado
fa4f7c13-4be3-55d9-a255-97cfc520dc50,e8aeb018-f679-5670-b210-de4f62ff2111,22231140-3780-5fe8-a7d4-d33f61d15111,8ecedccf-c230-516b-bbc2-108f7a6fbe63,48692684-7f04-5c8d-97cc-a0536839183d,2025-07-13T00:00:00,1,Producto vencido o dañado
52e7aed8-dc12-541f-96ac-77740d1c2395,e8aeb018-f679-5670-b210-de4f62ff2111,1ca3438e-9e23-58f0-a35f-f15f7a23beb9,26f7241d-a84e-5e4a-a43d-33eea1e54eea,bb7530c4-2382-5494-9233-949123b216d7,2025-07-14T00:00:00,2,Producto vencido o dañado
57f39ea8-d516-5633-b4d9-9aaa23898d8f,e8aeb018-f679-5670-b210-de4f62ff2111,22231140-3780-5fe8-a7d4-d33f61d15111,43616d97-2221-569d-82eb-bcc14bcd6344,caa659fd-fccb-5278-afa9-624c92767208,2025-07-14T00:00:00,2,Producto vencido o dañado
1cbe33c8-528f-51b3-87e9-f7db78805df7,e8aeb018-f679-5670-b210-de4f62ff2111,042e2e80-f954-5df4-97be-29dd428cc598,8ecedccf-c230-516b-bbc2-108f7a6fbe63,c6d7f11c-5881-52dd-83dd-ed31f591cf0d,2025-07-15T00:00:00,2,Producto vencido o dañado
886ff202-f01c-5d6e-8cf1-e1d78792895e,e8aeb018-f679-5670-b210-de4f62ff2111,d0ae6d2d-e561-56b3-a2c1-113c1c56ae81,7fb983e8-6848-5425-97a2-14da72722d0f,f33ea926-2c41-53e0-b464-574c3954a39f,2025-07-16T00:00:00,3,Producto vencido o dañado
23f034af-96ed-5be8-8607-acef2d55f66b,e8aeb018-f679-5670-b210-de4f62ff2111,0ec23038-d3ab-588c-bbd6-1f5c744cdde1,d6f21f11-7533-52dd-a4dc-2fb8e260c02c,247cc4d8-cf20-50b7-934a-d32a0a5b828c,2025-07-17T00:00:00,3,Producto vencido o dañado
3df98ad3-f8c5-5be1-8332-cc3cc9975dae,e8aeb018-f679-5670-b210-de4f62ff2111,983871db-adfb-543e-b438-6b00044ffb64,26f7241d-a84e-5e4a-a43d-33eea1e54eea,72e1d81f-7005-5a85-8be5-bb24a91bb3c2,2025-07-18T00:00:00,1,Producto vencido o dañado
6809843f-c9a7-593f-91b8-fc310ce50c22,e8aeb018-f679-5670-b210-de4f62ff2111,d3961f5a-3ea7-53d3-89f4-78b65b0c0c6b,d6f21f11-7533-52dd-a4dc-2fb8e260c02c,3b79c51a-070c-5fc1-af5b-c96ab212426a,2025-07-20T00:00:00,1,Producto vencido o dañado
f4ca3b2a-04fb-5181-a36c-f5955c9c3898,e8aeb018-f679-5670-b210-de4f62ff2111,22231140-3780-5fe8-a7d4-d33f61d15111,8ecedccf-c230-516b-bbc2-108f7a6fbe63,48692684-7f04-5c8d-97cc-a0536839183d,2025-07-20T00:00:00,3,Producto vencido o dañado
eb0a59ca-1d12-5d6d-9006-c240362b81e1,e8aeb018-f679-5670-b210-de4f62ff2111,2082733c-4e17-51fe-bc8c-bf33d3ec5d7e,26f7241d-a84e-5e4a-a43d-33eea1e54eea,d8c3a7e5-4977-5c8d-ad53-2e87643e14c7,2025-07-21T00:00:00,1,Producto vencido o dañado
4451a3ae-9e30-51ac-88fc-c1331044379b,e8aeb018-f679-5670-b210-de4f62ff2111,9928e9a1-d9fc-5fdd-86c2-8909352fd7fe,d6f21f11-7533-52dd-a4dc-2fb8e260c02c,10501526-c364-5858-831b-52958be5f955,2025-07-21T00:00:00,1,Producto vencido o dañado
8fcc2ea3-e6bc-5802-85a7-02a7a3e42da7,e8aeb018-f679-5670-b210-de4f62ff2111,1ca3438e-9e23-58f0-a35f-f15f7a23beb9,7fb983e8-6848-5425-97a2-14da72722d0f,8bc2a2ca-4843-5f33-8ca4-5a6e203a8124,2025-07-21T00:00:00,1,Producto vencido o dañado
9c8ab031-7e5e-5857-beca-5d8fa3a2fba4,e8aeb018-f679-5670-b210-de4f62ff2111,9928e9a1-d9fc-5fdd-86c2-8909352fd7fe,d6f21f11-7533-52dd-a4dc-2fb8e260c02c,10501526-c364-5858-831b-52958be5f955,2025-07-23T00:00:00,3,Producto vencido o dañado
a391a575-031c-5a2c-8cff-7578c9a4ba60,e8aeb018-f679-5670-b210-de4f62ff2111,012857cc-907f-5e7d-b8fb-796d2c9f1621,d6f21f11-7533-52dd-a4dc-2fb8e260c02c,bf60573b-bb26-5c47-b739-eca5bb43ef30,2025-07-23T00:00:00,3,Producto vencido o dañado
e12a137a-7f7e-5ba6-9b8f-7ce7a3c3ba27,e8aeb018-f679-5670-b210-de4f62ff2111,82cd11ba-d1a0-58b1-b14f-edd741f36e87,d6f21f11-7533-52dd-a4dc-2fb8e260c02c,937fd262-9592-50d4-9aba-7a64938bded1,2025-07-24T00:00:00,1,Producto vencido o dañado
53b9a436-f77e-54cd-a5fc-fe5cafbd1d08,e8aeb018-f679-5670-b210-de4f62ff2111,cd81184b-b6f1-563c-b463-36a69ddfb598,8ecedccf-c230-516b-bbc2-108f7a6fbe63,25e6cfda-0d0b-542a-a100-d3aefd3ea3dc,2025-07-27T00:00:00,2,Producto vencido o dañado
f15eaf04-2242-5a81-a0e3-918c96a0f5ec,e8aeb018-f679-5670-b210-de4f62ff2111,1e9605fd-5682-52b6-8f05-e8a92dd44513,7fb983e8-6848-5425-97a2-14da72722d0f,f88ea513-9c6c-54f5-a974-2651600fc981,2025-07-28T00:00:00,3,Producto vencido o dañado
ca4a5fb9-5708-58b3-afdd-fa06fe31ad74,e8aeb018-f679-5670-b210-de4f62ff2111,5bbfdec8-65ae-59e6-b211-5eccb5b765fa,43616d97-2221-569d-82eb-bcc14bcd6344,eb4da74c-d41e-5ea3-997e-c60b820ca2a6,2025-07-29T00:00:00,2,Producto vencido o dañado
985cf55c-01e8-5ae0-a4c6-59cba370830b,e8aeb018-f679-5670-b210-de4f62ff2111,d2f08f15-f9f2-5f65-a740-b05896774467,7fb983e8-6848-5425-97a2-14da72722d0f,a50716e8-81d0-5ad4-ada8-194f7097e0af,2025-07-30T00:00:00,2,Producto vencido o dañado
d67ad179-76e8-5496-b9ca-3d273eee1126,e8aeb018-f679-5670-b210-de4f62ff2111,012857cc-907f-5e7d-b8fb-796d2c9f1621,7fb983e8-6848-5425-97a2-14da72722d0f,54537965-664b-550d-bd65-5ce903d7f90a,2025-07-30T00:00:00,2,Producto vencido o dañado
b5970e29-9bf2-5e1d-80a5-93f5ad3c4086,e8aeb018-f679-5670-b210-de4f62ff2111,82cd11ba-d1a0-58b1-b14f-edd741f36e87,26f7241d-a84e-5e4a-a43d-33eea1e54eea,7fd53ab5-6d9a-5e63-8880-c798b6ddbf77,2025-07-31T00:00:00,3,Producto vencido o dañado
c0955311-6efa-5796-aabf-836e699fd730,e8aeb018-f679-5670-b210-de4f62ff2111,4d9429b6-2ebf-5b5d-ac48-f779d5a1e270,8ecedccf-c230-516b-bbc2-108f7a6fbe63,14490926-dcb9-58fe-8a0d-610773b9b1d8,2025-07-31T00:00:00,3,Producto vencido o dañado
98793edd-8eba-542c-80e2-06291fc12f61,e8aeb018-f679-5670-b210-de4f62ff2111,2933d8b7-2438-521b-b38d-d3a5224f87fc,26f7241d-a84e-5e4a-a43d-33eea1e54eea,0426e88f-0d89-5834-8341-cb09aa10f10c,2025-08-01T00:00:00,1,Producto vencido o dañado
d6eb8e1b-3582-5e7e-8b08-4bc3ae9af359,e8aeb018-f679-5670-b210-de4f62ff2111,07371b94-955f-52a4-9bf9-f0a6ad2b4fa8,d6f21f11-7533-52dd-a4dc-2fb8e260c02c,604a8150-b2b7-500d-af71-ce844a320c50,2025-08-01T00:00:00,3,Producto vencido o dañado
ba753532-9316-5cf3-890b-dc611f639a3a,e8aeb018-f679-5670-b210-de4f62ff2111,4d9429b6-2ebf-5b5d-ac48-f779d5a1e270,7fb983e8-6848-5425-97a2-14da72722d0f,f00efe5e-d409-5a5c-8e8b-000e731533a4,2025-08-01T00:00:00,2,Producto vencido o dañado
0cda13fc-7ff4-5693-a381-c237f3b03739,e8aeb018-f679-5670-b210-de4f62ff2111,1ca3438e-9e23-58f0-a35f-f15f7a23beb9,7fb983e8-6848-5425-97a2-14da72722d0f,8bc2a2ca-4843-5f33-8ca4-5a6e203a8124,2025-08-01T00:00:00,1,Producto vencido o dañado
f7ca31df-016f-5c4e-be12-8e31afe1476c,e8aeb018-f679-5670-b210-de4f62ff2111,042e2e80-f954-5df4-97be-29dd428cc598,7fb983e8-6848-5425-97a2-14da72722d0f,9f159d08-d176-5549-a8c9-1f3aeeef5480,2025-08-02T00:00:00,3,Producto vencido o dañado
23000187-f432-5c12-b1ee-a49211a1c7f2,e8aeb018-f679-5670-b210-de4f62ff2111,c0cf5e5c-b5c9-585a-8e79-d9830bc954f6,26f7241d-a84e-5e4a-a43d-33eea1e54eea,71d16cb2-9bb8-5858-bb1f-8a9cf40839e6,2025-08-03T00:00:00,1,Producto vencido o dañado
b9a1c68f-fd7e-5490-bacf-a0e08a680ef4,e8aeb018-f679-5670-b210-de4f62ff2111,4d9429b6-2ebf-5b5d-ac48-f779d5a1e270,d6f21f11-7533-52dd-a4dc-2fb8e260c02c,b6ddfe90-9697-5314-b5d6-d2564842f2ca,2025-08-03T00:00:00,2,Producto vencido o dañado
c55497e8-c228-5210-9c8e-92be716c013d,e8aeb018-f679-5670-b210-de4f62ff2111,afe9d181-1c64-5cca-b4b7-a9fa24eceeea,d6f21f11-7533-52dd-a4dc-2fb8e260c02c,89314cf9-824d-5535-8b2b-3bbdf3db783d,2025-08-03T00:00:00,1,Producto vencido o dañado
096552a6-ca29-51f1-8291-bed511847469,e8aeb018-f679-5670-b210-de4f62ff2111,d3961f5a-3ea7-53d3-89f4-78b65b0c0c6b,7fb983e8-6848-5425-97a2-14da72722d0f,d51db0bb-95f5-5351-9aff-54bffb7262ec,2025-08-03T00:00:00,3,Producto vencido o dañado
f334c768-a9de-5678-8c35-26cd1d2ce7a6,e8aeb018-f679-5670-b210-de4f62ff2111,042e2e80-f954-5df4-97be-29dd428cc598,8ecedccf-c230-516b-bbc2-108f7a6fbe63,176f09ec-e23b-564f-a07a-99f629ed9d1e,2025-08-04T00:00:00,2,Producto vencido o dañado
35f8220e-2f9f-58f2-9a43-678dd5f68612,e8aeb018-f679-5670-b210-de4f62ff2111,012857cc-907f-5e7d-b8fb-796d2c9f1621,8ecedccf-c230-516b-bbc2-108f7a6fbe63,7b83218b-8217-51a0-93a8-ae05d0ad85ea,2025-08-04T00:00:00,2,Producto vencido o dañado
ec88b237-7d6f-5f52-8e01-b0cb2918488b,e8aeb018-f679-5670-b210-de4f62ff2111,2082733c-4e17-51fe-bc8c-bf33d3ec5d7e,26f7241d-a84e-5e4a-a43d-33eea1e54eea,f8738dcb-66e5-5b59-82f0-7edada376ab0,2025-08-06T00:00:00,1,Producto vencido o dañado
5140792e-4d04-5488-9132-b3656fa35cb4,e8aeb018-f679-5670-b210-de4f62ff2111,07371b94-955f-52a4-9bf9-f0a6ad2b4fa8,d6f21f11-7533-52dd-a4dc-2fb8e260c02c,604a8150-b2b7-500d-af71-ce844a320c50,2025-08-06T00:00:00,1,Producto vencido o dañado
53ee6344-4db2-51a7-8644-9d3f96b82ebe,e8aeb018-f679-5670-b210-de4f62ff2111,d0ae6d2d-e561-56b3-a2c1-113c1c56ae81,7fb983e8-6848-5425-97a2-14da72722d0f,8fd60361-ddcd-55f9-bdc1-0973ef94c26a,2025-08-06T00:00:00,1,Producto vencido o dañado
89de684b-afce-54aa-8ed0-a342f2d3c78b,e8aeb018-f679-5670-b210-de4f62ff2111,38adf7ba-476e-5e6b-9163-781a13538253,43616d97-2221-569d-82eb-bcc14bcd6344,42c921f7-8a82-5b57-ab98-ed8854599938,2025-08-07T00:00:00,3,Producto vencido o dañado
fcc16ef0-ab40-5725-9f82-8b7b18087461,e8aeb018-f679-5670-b210-de4f62ff2111,22231140-3780-5fe8-a7d4-d33f61d15111,43616d97-2221-569d-82eb-bcc14bcd6344,0c9fba44-6c92-5038-bb36-28b8ded1bd92,2025-08-07T00:00:00,1,Producto vencido o dañado
65ae960d-e08f-5b05-b397-c4a81125b479,e8aeb018-f679-5670-b210-de4f62ff2111,1ca3438e-9e23-58f0-a35f-f15f7a23beb9,8ecedccf-c230-516b-bbc2-108f7a6fbe63,6694cf3a-0516-5c32-be50-baa7e4813a62,2025-08-08T00:00:00,1,Producto vencido o dañado
9f886cdb-58dd-50b2-b98c-e8b15ac44ad5,e8aeb018-f679-5670-b210-de4f62ff2111,d3961f5a-3ea7-53d3-89f4-78b65b0c0c6b,d6f21f11-7533-52dd-a4dc-2fb8e260c02c,9ebe5df9-5bae-5b39-9532-8f699b99a455,2025-08-09T00:00:00,3,Producto vencido o dañado
1c5f2265-c1c7-544f-a028-a32c97751080,e8aeb018-f679-5670-b210-de4f62ff2111,2897aac2-f219-5167-b800-73fac27f6b85,d6f21f11-7533-52dd-a4dc-2fb8e260c02c,ed758df0-4a33-546d-a126-772c87338518,2025-08-09T00:00:00,1,Producto vencido o dañado
8ca8c302-9725-52df-aed4-2c8a0f40a448,e8aeb018-f679-5670-b210-de4f62ff2111,2933d8b7-2438-521b-b38d-d3a5224f87fc,8ecedccf-c230-516b-bbc2-108f7a6fbe63,d1b2d812-e1de-520d-940f-801776c623c7,2025-08-09T00:00:00,2,Producto vencido o dañado
ddbd3313-799c-56ac-acbc-b957c7fec303,e8aeb018-f679-5670-b210-de4f62ff2111,983871db-adfb-543e-b438-6b00044ffb64,43616d97-2221-569d-82eb-bcc14bcd6344,663284f6-8db3-5dc2-b4e2-616fafaa0432,2025-08-10T00:00:00,3,Producto vencido o dañado
dc453700-cedb-5273-b5f5-4768632d07bb,e8aeb018-f679-5670-b210-de4f62ff2111,d3961f5a-3ea7-53d3-89f4-78b65b0c0c6b,26f7241d-a84e-5e4a-a43d-33eea1e54eea,2566f75f-f129-5b0a-ac00-56ec671b06e7,2025-08-11T00:00:00,3,Producto vencido o dañado
f15d6082-1815-520b-bd46-3e20850bf584,e8aeb018-f679-5670-b210-de4f62ff2111,6d807393-f4ab-5f76-b544-251eeda27ba3,43616d97-2221-569d-82eb-bcc14bcd6344,51e22719-e220-5eeb-a6a7-1facaab6a9a3,2025-08-11T00:00:00,2,Producto vencido o dañado
9771748c-a534-5287-9fc6-ae9e4b57e5c3,e8aeb018-f679-5670-b210-de4f62ff2111,6baabed2-52d7-5cb7-bf74-86c7cb3e4f07,43616d97-2221-569d-82eb-bcc14bcd6344,2067bd56-cc12-55a2-a3d9-120bb6def673,2025-08-11T00:00:00,1,Producto vencido o dañado
4ca074cf-db4a-53ce-8bdf-e58e77f55d03,e8aeb018-f679-5670-b210-de4f62ff2111,d3961f5a-3ea7-53d3-89f4-78b65b0c0c6b,26f7241d-a84e-5e4a-a43d-33eea1e54eea,05a7f042-4606-5d89-bc7f-6158017c395f,2025-08-12T00:00:00,3,Producto vencido o dañado
196d68fa-80bf-58be-b885-2806b158bfcc,e8aeb018-f679-5670-b210-de4f62ff2111,042e2e80-f954-5df4-97be-29dd428cc598,8ecedccf-c230-516b-bbc2-108f7a6fbe63,176f09ec-e23b-564f-a07a-99f629ed9d1e,2025-08-12T00:00:00,3,Producto vencido o dañado
af410387-1f8b-5789-80ca-d14ecdf3dce2,e8aeb018-f679-5670-b210-de4f62ff2111,07371b94-955f-52a4-9bf9-f0a6ad2b4fa8,7fb983e8-6848-5425-97a2-14da72722d0f,d970f344-7f6f-5da4-be42-24f90957c849,2025-08-12T00:00:00,2,Producto vencido o dañado
ff27b9be-16ac-5e71-a50c-b4eb2f60bfa2,e8aeb018-f679-5670-b210-de4f62ff2111,2082733c-4e17-51fe-bc8c-bf33d3ec5d7e,7fb983e8-6848-5425-97a2-14da72722d0f,48b35d1c-58a7-5876-a138-94fda3a7c50f,2025-08-12T00:00:00,2,Producto vencido o dañado
d1a1266a-56af-5282-935d-e9156bd3021a,e8aeb018-f679-5670-b210-de4f62ff2111,1e9605fd-5682-52b6-8f05-e8a92dd44513,d6f21f11-7533-52dd-a4dc-2fb8e260c02c,f41bf0e8-5cb9-5e23-968d-7da5f63e193b,2025-08-13T00:00:00,2,Producto vencido o dañado
3b4bc15d-5b56-5944-8cbf-3f0b68ae40a4,e8aeb018-f679-5670-b210-de4f62ff2111,87b859e0-789a-56e6-b1ba-4fe76221d3bf,26f7241d-a84e-5e4a-a43d-33eea1e54eea,af99502b-a533-56e4-b7cd-b9cd6f1f3d34,2025-08-14T00:00:00,3,Producto vencido o dañado
e2a70df1-ae55-52fd-a524-07d4f136d760,e8aeb018-f679-5670-b210-de4f62ff2111,38adf7ba-476e-5e6b-9163-781a13538253,43616d97-2221-569d-82eb-bcc14bcd6344,42c921f7-8a82-5b57-ab98-ed8854599938,2025-08-15T00:00:00,1,Producto vencido o dañado
42fa5169-e2e4-5cb4-94a1-0f7ff2d192ac,e8aeb018-f679-5670-b210-de4f62ff2111,2eb3a104-e572-583a-afa0-156ee0dc4cce,8ecedccf-c230-516b-bbc2-108f7a6fbe63,18ff7f3a-5f05-5ba3-9b5a-9c714984358a,2025-08-15T00:00:00,1,Producto vencido o dañado
ede5b34a-d423-5139-a2bf-a98439a265a2,e8aeb018-f679-5670-b210-de4f62ff2111,6d807393-f4ab-5f76-b544-251eeda27ba3,43616d97-2221-569d-82eb-bcc14bcd6344,51e22719-e220-5eeb-a6a7-1facaab6a9a3,2025-08-16T00:00:00,2,Producto vencido o dañado
0e4a318f-26ab-51b2-bf85-93ac61b4cc6e,e8aeb018-f679-5670-b210-de4f62ff2111,2897aac2-f219-5167-b800-73fac27f6b85,d6f21f11-7533-52dd-a4dc-2fb8e260c02c,ed758df0-4a33-546d-a126-772c87338518,2025-08-16T00:00:00,1,Producto vencido o dañado
74fe99a5-bfad-5fea-bfee-dbc6ac891528,e8aeb018-f679-5670-b210-de4f62ff2111,d3961f5a-3ea7-53d3-89f4-78b65b0c0c6b,43616d97-2221-569d-82eb-bcc14bcd6344,91f40e93-e8a2-52f5-a889-898000b6abdb,2025-08-17T00:00:00,1,Producto vencido o dañado
93abe803-5a7d-5626-b02d-985cabf1d99a,e8aeb018-f679-5670-b210-de4f62ff2111,d3961f5a-3ea7-53d3-89f4-78b65b0c0c6b,7fb983e8-6848-5425-97a2-14da72722d0f,bd866952-bc0c-5193-886b-5077b0356d44,2025-08-17T00:00:00,2,Producto vencido o dañado
9d04aa88-a142-5d7a-92a2-d283667d4e8e,e8aeb018-f679-5670-b210-de4f62ff2111,d2f08f15-f9f2-5f65-a740-b05896774467,43616d97-2221-569d-82eb-bcc14bcd6344,dbe20dc9-1611-5513-9d5a-dcf397ee7360,2025-08-19T00:00:00,1,Producto vencido o dañado
e4c5d7ba-1126-5560-81a9-3ebabc0f0d40,e8aeb018-f679-5670-b210-de4f62ff2111,97d26d91-c562-5f27-9ebd-285e89c8f4bf,43616d97-2221-569d-82eb-bcc14bcd6344,f5abb1c0-95b3-5ef1-bc33-57e203ed694f,2025-08-19T00:00:00,2,Producto vencido o dañado
73ebc2e8-cfe0-571a-b94a-c1163cc898a3,e8aeb018-f679-5670-b210-de4f62ff2111,2933d8b7-2438-521b-b38d-d3a5224f87fc,d6f21f11-7533-52dd-a4dc-2fb8e260c02c,636fc627-f7c6-5238-9f6e-e9cbe60f2507,2025-08-19T00:00:00,2,Producto vencido o dañado
e397cb6c-2258-5192-8c33-3f6f708e6e21,e8aeb018-f679-5670-b210-de4f62ff2111,38adf7ba-476e-5e6b-9163-781a13538253,d6f21f11-7533-52dd-a4dc-2fb8e260c02c,0a28a310-4630-57e0-8ce6-0d666426dcc9,2025-08-19T00:00:00,3,Producto vencido o dañado
34895f69-1a80-5038-8ebf-c963e391fa3a,e8aeb018-f679-5670-b210-de4f62ff2111,d9506935-1215-5499-93c0-8bdd86ab9418,43616d97-2221-569d-82eb-bcc14bcd6344,70c99ea5-1160-59fd-bf1f-500b9202acc8,2025-08-20T00:00:00,3,Producto vencido o dañado
267352ab-b370-5edc-9bff-5e1d8aa079e6,e8aeb018-f679-5670-b210-de4f62ff2111,1e9605fd-5682-52b6-8f05-e8a92dd44513,7fb983e8-6848-5425-97a2-14da72722d0f,5291a4ea-00a7-537b-9cde-522a13cd636c,2025-08-22T00:00:00,3,Producto vencido o dañado
1874d24d-40be-5d87-b03b-f1af87496dfa,e8aeb018-f679-5670-b210-de4f62ff2111,2082733c-4e17-51fe-bc8c-bf33d3ec5d7e,d6f21f11-7533-52dd-a4dc-2fb8e260c02c,2b1f84aa-62d4-5ef9-a845-1db498897b8b,2025-08-23T00:00:00,3,Producto vencido o dañado
5ef7aece-97a9-5d27-a63d-8f2e649c488b,e8aeb018-f679-5670-b210-de4f62ff2111,c0cf5e5c-b5c9-585a-8e79-d9830bc954f6,26f7241d-a84e-5e4a-a43d-33eea1e54eea,5fb74bbe-445c-5e96-81cd-8d81cd962dac,2025-08-25T00:00:00,2,Producto vencido o dañado
e24071e6-852e-536e-8ba9-0a9f5c3ca4ee,e8aeb018-f679-5670-b210-de4f62ff2111,2eb3a104-e572-583a-afa0-156ee0dc4cce,d6f21f11-7533-52dd-a4dc-2fb8e260c02c,b55d3339-aedf-5d53-83c4-4c19aa8c3bf1,2025-08-25T00:00:00,3,Producto vencido o dañado
2bdd2af1-e2fe-5a02-b7ff-af3877855c40,e8aeb018-f679-5670-b210-de4f62ff2111,97d26d91-c562-5f27-9ebd-285e89c8f4bf,d6f21f11-7533-52dd-a4dc-2fb8e260c02c,605ada84-fc4f-5322-8311-d3b2e868fdf0,2025-08-27T00:00:00,3,Producto vencido o dañado
9b023e24-839c-5cc5-8981-3e101daf637b,e8aeb018-f679-5670-b210-de4f62ff2111,38adf7ba-476e-5e6b-9163-781a13538253,8ecedccf-c230-516b-bbc2-108f7a6fbe63,8f617313-e8fb-55b6-b9d6-94d3a8df131b,2025-08-27T00:00:00,2,Producto vencido o dañado
46ae36f6-3fc8-52bb-80b6-357573ac25ff,e8aeb018-f679-5670-b210-de4f62ff2111,012857cc-907f-5e7d-b8fb-796d2c9f1621,7fb983e8-6848-5425-97a2-14da72722d0f,c1c2d0ae-21ef-531e-89ca-422c6f8bfa7b,2025-08-27T00:00:00,2,Producto vencido o dañado
74a2aba9-e5f6-5de9-81f3-9aac325df9df,e8aeb018-f679-5670-b210-de4f62ff2111,d0ae6d2d-e561-56b3-a2c1-113c1c56ae81,8ecedccf-c230-516b-bbc2-108f7a6fbe63,ed39a314-c623-5319-9f49-7e5147eb7323,2025-08-30T00:00:00,3,Producto vencido o dañado
6c4327f6-8756-5795-943e-2e05df788df0,e8aeb018-f679-5670-b210-de4f62ff2111,042e2e80-f954-5df4-97be-29dd428cc598,8ecedccf-c230-516b-bbc2-108f7a6fbe63,9ea7aacb-13ff-5256-8255-046dd6869613,2025-08-31T00:00:00,2,Producto vencido o dañado
818d5d31-0654-5281-91ba-2e50e8fab1ff,e8aeb018-f679-5670-b210-de4f62ff2111,058c6382-bde2-59d1-93ff-20c6161a4736,26f7241d-a84e-5e4a-a43d-33eea1e54eea,55a859aa-6c52-5e07-b505-fc2b9430b0cd,2025-09-01T00:00:00,3,Producto vencido o dañado
ffa9c16e-5f08-5360-9ff6-6e3d0eb1e5cc,e8aeb018-f679-5670-b210-de4f62ff2111,38adf7ba-476e-5e6b-9163-781a13538253,d6f21f11-7533-52dd-a4dc-2fb8e260c02c,0a28a310-4630-57e0-8ce6-0d666426dcc9,2025-09-01T00:00:00,1,Producto vencido o dañado
e78ed2e7-d411-5beb-b242-d594d55482f7,e8aeb018-f679-5670-b210-de4f62ff2111,87b859e0-789a-56e6-b1ba-4fe76221d3bf,d6f21f11-7533-52dd-a4dc-2fb8e260c02c,d5b19933-a1ab-5a85-8029-29e3898413b2,2025-09-01T00:00:00,2,Producto vencido o dañado
8b8135ee-4096-5f90-8f77-876db29d0866,e8aeb018-f679-5670-b210-de4f62ff2111,042e2e80-f954-5df4-97be-29dd428cc598,7fb983e8-6848-5425-97a2-14da72722d0f,74f96f4a-e197-5dca-875a-e8233dab0bfe,2025-09-02T00:00:00,1,Producto vencido o dañado
77cf5491-85e6-5801-b0a4-82b5e6f3b0d7,e8aeb018-f679-5670-b210-de4f62ff2111,058c6382-bde2-59d1-93ff-20c6161a4736,d6f21f11-7533-52dd-a4dc-2fb8e260c02c,de5515cc-98f1-55f0-8193-8521f8794515,2025-09-03T00:00:00,3,Producto vencido o dañado
ff59b2f0-a5d1-54b4-af50-28131e728507,e8aeb018-f679-5670-b210-de4f62ff2111,4d9429b6-2ebf-5b5d-ac48-f779d5a1e270,d6f21f11-7533-52dd-a4dc-2fb8e260c02c,044520b3-af42-546f-b356-36699e6f9c12,2025-09-03T00:00:00,1,Producto vencido o dañado
eea883ff-91b6-5838-9651-371c4e521970,e8aeb018-f679-5670-b210-de4f62ff2111,82cd11ba-d1a0-58b1-b14f-edd741f36e87,8ecedccf-c230-516b-bbc2-108f7a6fbe63,112d1e88-db64-5d10-8821-82509d2f937c,2025-09-03T00:00:00,3,Producto vencido o dañado
c3d7e58e-6451-5010-9cce-8809299fe65f,e8aeb018-f679-5670-b210-de4f62ff2111,012857cc-907f-5e7d-b8fb-796d2c9f1621,7fb983e8-6848-5425-97a2-14da72722d0f,c1c2d0ae-21ef-531e-89ca-422c6f8bfa7b,2025-09-04T00:00:00,3,Producto vencido o dañado
50bfd942-6033-5678-8604-4fbbfd79f201,e8aeb018-f679-5670-b210-de4f62ff2111,d3961f5a-3ea7-53d3-89f4-78b65b0c0c6b,d6f21f11-7533-52dd-a4dc-2fb8e260c02c,5c85abc1-7a41-59ad-893b-448126ed1d50,2025-09-05T00:00:00,3,Producto vencido o dañado
c10aa5bd-b92f-545b-b073-457df3f97423,e8aeb018-f679-5670-b210-de4f62ff2111,c0cf5e5c-b5c9-585a-8e79-d9830bc954f6,26f7241d-a84e-5e4a-a43d-33eea1e54eea,5fb74bbe-445c-5e96-81cd-8d81cd962dac,2025-09-06T00:00:00,3,Producto vencido o dañado
eee9c246-4de9-5366-979d-4cfb1528f295,e8aeb018-f679-5670-b210-de4f62ff2111,d0ae6d2d-e561-56b3-a2c1-113c1c56ae81,43616d97-2221-569d-82eb-bcc14bcd6344,eb5833f4-b846-5e1c-86bd-6d01b332b092,2025-09-06T00:00:00,2,Producto vencido o dañado
4bdc8bb5-36c7-549f-a207-0ea2219d9cb6,e8aeb018-f679-5670-b210-de4f62ff2111,97d26d91-c562-5f27-9ebd-285e89c8f4bf,7fb983e8-6848-5425-97a2-14da72722d0f,664fc1fd-6e4b-516c-b805-a3ef3d6436f9,2025-09-07T00:00:00,3,Producto vencido o dañado
2d87f715-8e67-5f30-ac4c-a5f58b386320,e8aeb018-f679-5670-b210-de4f62ff2111,38adf7ba-476e-5e6b-9163-781a13538253,26f7241d-a84e-5e4a-a43d-33eea1e54eea,32e82b32-c33d-5019-9b11-64d8a18b1f79,2025-09-08T00:00:00,2,Producto vencido o dañado
7bff2d13-f6ea-5556-9a3d-b3b3063cdfb1,e8aeb018-f679-5670-b210-de4f62ff2111,d2f08f15-f9f2-5f65-a740-b05896774467,43616d97-2221-569d-82eb-bcc14bcd6344,a91d25b6-be21-503c-bc52-89597f6ad489,2025-09-08T00:00:00,3,Producto vencido o dañado
f202a075-b745-5742-b6b7-5f452abf823f,e8aeb018-f679-5670-b210-de4f62ff2111,0ec23038-d3ab-588c-bbd6-1f5c744cdde1,26f7241d-a84e-5e4a-a43d-33eea1e54eea,c54e7329-b0a9-5e4c-9bf2-00d0ea57bc0c,2025-09-10T00:00:00,3,Producto vencido o dañado
0121fc82-3c63-59e8-b408-b9b49b1a7efd,e8aeb018-f679-5670-b210-de4f62ff2111,82cd11ba-d1a0-58b1-b14f-edd741f36e87,43616d97-2221-569d-82eb-bcc14bcd6344,9ae2f835-65b4-52fa-bc00-bfdddacda58b,2025-09-12T00:00:00,3,Producto vencido o dañado
1319a4eb-95a3-562f-9fa6-d7c2177fffbd,e8aeb018-f679-5670-b210-de4f62ff2111,38adf7ba-476e-5e6b-9163-781a13538253,43616d97-2221-569d-82eb-bcc14bcd6344,b36a3ddb-e92d-5b16-af38-aa25ca1f87b8,2025-09-12T00:00:00,3,Producto vencido o dañado
07e36d43-f972-58f9-8a89-b2c74596f29c,e8aeb018-f679-5670-b210-de4f62ff2111,38adf7ba-476e-5e6b-9163-781a13538253,43616d97-2221-569d-82eb-bcc14bcd6344,b36a3ddb-e92d-5b16-af38-aa25ca1f87b8,2025-09-13T00:00:00,1,Producto vencido o dañado
2be0a874-cf8f-5a0a-8289-765bf9a4f836,e8aeb018-f679-5670-b210-de4f62ff2111,2eb3a104-e572-583a-afa0-156ee0dc4cce,43616d97-2221-569d-82eb-bcc14bcd6344,06353309-9b35-532f-9f05-66bc87e4a6ba,2025-09-15T00:00:00,1,Producto vencido o dañado
fa1f2896-eeaf-52b8-972b-a60c4fa7bd74,e8aeb018-f679-5670-b210-de4f62ff2111,012857cc-907f-5e7d-b8fb-796d2c9f1621,8ecedccf-c230-516b-bbc2-108f7a6fbe63,6242bb5f-c764-5396-83db-5aaecfd5ca53,2025-09-15T00:00:00,3,Producto vencido o dañado
de47e674-1d05-54ce-ba3f-e031bdd41f51,e8aeb018-f679-5670-b210-de4f62ff2111,cd81184b-b6f1-563c-b463-36a69ddfb598,43616d97-2221-569d-82eb-bcc14bcd6344,3f734f56-b31e-5ecb-8458-c73fd673a9f4,2025-09-16T00:00:00,3,Producto vencido o dañado
6ca1f745-8197-5217-92d7-f0945b9a7a17,e8aeb018-f679-5670-b210-de4f62ff2111,07371b94-955f-52a4-9bf9-f0a6ad2b4fa8,d6f21f11-7533-52dd-a4dc-2fb8e260c02c,b8874373-1611-5d11-a953-4c15ee3a9e7b,2025-09-16T00:00:00,2,Producto vencido o dañado
128a190d-be01-5b68-95c7-021db088d006,e8aeb018-f679-5670-b210-de4f62ff2111,c0cf5e5c-b5c9-585a-8e79-d9830bc954f6,26f7241d-a84e-5e4a-a43d-33eea1e54eea,73f30ede-f3fb-5f41-833e-38741b2c25d5,2025-09-17T00:00:00,2,Producto vencido o dañado
0acc6b9d-d881-5a0b-9751-0a51b0eaef4c,e8aeb018-f679-5670-b210-de4f62ff2111,82cd11ba-d1a0-58b1-b14f-edd741f36e87,26f7241d-a84e-5e4a-a43d-33eea1e54eea,da58c9e9-4ddd-5488-99e6-6fcab249472c,2025-09-18T00:00:00,1,Producto vencido o dañado
10581d1a-3817-54b5-b774-7653cd347835,e8aeb018-f679-5670-b210-de4f62ff2111,058c6382-bde2-59d1-93ff-20c6161a4736,43616d97-2221-569d-82eb-bcc14bcd6344,01bff200-e118-54d7-a2b7-254dafc401ba,2025-09-18T00:00:00,3,Producto vencido o dañado
31ac81ec-79e8-5381-91ed-e1a5997ad688,e8aeb018-f679-5670-b210-de4f62ff2111,d2f08f15-f9f2-5f65-a740-b05896774467,43616d97-2221-569d-82eb-bcc14bcd6344,a91d25b6-be21-503c-bc52-89597f6ad489,2025-09-18T00:00:00,1,Producto vencido o dañado
951d0fbf-4694-5817-b98c-7563f5efd6f3,e8aeb018-f679-5670-b210-de4f62ff2111,afe9d181-1c64-5cca-b4b7-a9fa24eceeea,26f7241d-a84e-5e4a-a43d-33eea1e54eea,0fe90287-029c-559e-ba8a-84c62c6369bd,2025-09-19T00:00:00,1,Producto vencido o dañado
16a911da-73d5-5d44-882f-9a14f4fc664b,e8aeb018-f679-5670-b210-de4f62ff2111,97d26d91-c562-5f27-9ebd-285e89c8f4bf,26f7241d-a84e-5e4a-a43d-33eea1e54eea,0cbd8a5a-7e1f-5001-ba92-f0c187af3bd8,2025-09-20T00:00:00,2,Producto vencido o dañado
d2113014-42d8-54a7-8436-a4ce34e5ab6d,e8aeb018-f679-5670-b210-de4f62ff2111,4d9429b6-2ebf-5b5d-ac48-f779d5a1e270,7fb983e8-6848-5425-97a2-14da72722d0f,1a7e53ae-433e-5c03-91ba-b054ad26d5bd,2025-09-20T00:00:00,1,Producto vencido o dañado
2270142b-b6cd-5b87-8339-42fdf57655b6,e8aeb018-f679-5670-b210-de4f62ff2111,97d26d91-c562-5f27-9ebd-285e89c8f4bf,8ecedccf-c230-516b-bbc2-108f7a6fbe63,f3b5e3ba-d3f8-5fbe-b1e9-c865be1f22ab,2025-09-21T00:00:00,1,Producto vencido o dañado
c7edd834-08c5-5c2f-8abb-cc7ae7b8aeb8,e8aeb018-f679-5670-b210-de4f62ff2111,d2f08f15-f9f2-5f65-a740-b05896774467,43616d97-2221-569d-82eb-bcc14bcd6344,a91d25b6-be21-503c-bc52-89597f6ad489,2025-09-22T00:00:00,2,Producto vencido o dañado
4178e724-ca82-50ff-8494-bbfa1c3b2d34,e8aeb018-f679-5670-b210-de4f62ff2111,d2f08f15-f9f2-5f65-a740-b05896774467,7fb983e8-6848-5425-97a2-14da72722d0f,e1985f27-724b-5faf-9b5f-dd65a912ad50,2025-09-23T00:00:00,2,Producto vencido o dañado
354519ee-a458-5190-8edb-d75353f697fb,e8aeb018-f679-5670-b210-de4f62ff2111,6baabed2-52d7-5cb7-bf74-86c7cb3e4f07,26f7241d-a84e-5e4a-a43d-33eea1e54eea,2b9bc8c6-4332-5afe-9662-5d3c9db66d47,2025-09-24T00:00:00,3,Producto vencido o dañado
ba3ca162-6575-5fbc-b317-393e36c2be12,e8aeb018-f679-5670-b210-de4f62ff2111,c0cf5e5c-b5c9-585a-8e79-d9830bc954f6,43616d97-2221-569d-82eb-bcc14bcd6344,a5d470d1-10c9-520c-9323-e4a0b6029b83,2025-09-24T00:00:00,1,Producto vencido o dañado
fe8f137a-627e-5e8e-8a48-ba5d8fdaff4f,e8aeb018-f679-5670-b210-de4f62ff2111,1ca3438e-9e23-58f0-a35f-f15f7a23beb9,7fb983e8-6848-5425-97a2-14da72722d0f,1c3ecc1e-0bd0-5499-878a-fae3495d6da5,2025-09-24T00:00:00,1,Producto vencido o dañado
34c2f3dd-6f1c-5b7f-ae7d-9c947829bebe,e8aeb018-f679-5670-b210-de4f62ff2111,2082733c-4e17-51fe-bc8c-bf33d3ec5d7e,7fb983e8-6848-5425-97a2-14da72722d0f,51322f61-4abd-51af-9f38-d54f3c161b33,2025-09-25T00:00:00,2,Producto vencido o dañado
b3f3822f-49fe-5aa0-b542-eaa6dc977b87,e8aeb018-f679-5670-b210-de4f62ff2111,6baabed2-52d7-5cb7-bf74-86c7cb3e4f07,26f7241d-a84e-5e4a-a43d-33eea1e54eea,2b9bc8c6-4332-5afe-9662-5d3c9db66d47,2025-09-26T00:00:00,1,Producto vencido o dañado
d84ea704-c3ab-5065-b113-50b00dea48c9,e8aeb018-f679-5670-b210-de4f62ff2111,2897aac2-f219-5167-b800-73fac27f6b85,43616d97-2221-569d-82eb-bcc14bcd6344,76bc1796-dd15-5fe7-b930-b58819d55a30,2025-09-26T00:00:00,1,Producto vencido o dañado
70cb058b-1c78-5959-9ff5-e01e3f76cea6,e8aeb018-f679-5670-b210-de4f62ff2111,94e18241-54bd-5516-b36f-94ab6e323aca,d6f21f11-7533-52dd-a4dc-2fb8e260c02c,57a466dd-5b9a-5fc3-8cfa-a8f5533524e9,2025-09-26T00:00:00,2,Producto vencido o dañado
79351372-02dd-5035-979b-b505304f8f6d,e8aeb018-f679-5670-b210-de4f62ff2111,5bbfdec8-65ae-59e6-b211-5eccb5b765fa,d6f21f11-7533-52dd-a4dc-2fb8e260c02c,72ade0a0-d7a3-50f4-a31b-e5d48f202c7c,2025-09-27T00:00:00,3,Producto vencido o dañado
5a5b25bd-f8a8-594a-9b1c-06ff80b2e834,e8aeb018-f679-5670-b210-de4f62ff2111,012857cc-907f-5e7d-b8fb-796d2c9f1621,d6f21f11-7533-52dd-a4dc-2fb8e260c02c,e3b7b2a0-13ea-590d-a1b3-a0ccf1a60ae2,2025-09-27T00:00:00,3,Producto vencido o dañado
1eb964c4-ec85-5445-8cd9-9efd977dd76a,e8aeb018-f679-5670-b210-de4f62ff2111,0ec23038-d3ab-588c-bbd6-1f5c744cdde1,43616d97-2221-569d-82eb-bcc14bcd6344,d800f73a-223d-5a59-8336-cfc8be6dbcd3,2025-09-29T00:00:00,2,Producto vencido o dañado
c908e328-86ba-5581-bfa9-1c64fa3a0504,e8aeb018-f679-5670-b210-de4f62ff2111,983871db-adfb-543e-b438-6b00044ffb64,7fb983e8-6848-5425-97a2-14da72722d0f,7cc7ac0d-dbae-50b2-85db-e2f09a6f3757,2025-09-29T00:00:00,3,Producto vencido o dañado
f8891c2d-9da0-5d81-b865-f06ae35fa21e,e8aeb018-f679-5670-b210-de4f62ff2111,6baabed2-52d7-5cb7-bf74-86c7cb3e4f07,7fb983e8-6848-5425-97a2-14da72722d0f,35445e9f-a70f-579a-ae43-3f7475c73424,2025-09-29T00:00:00,2,Producto vencido o dañado
134c9671-9087-5f61-bb32-67139a2b6c74,e8aeb018-f679-5670-b210-de4f62ff2111,9928e9a1-d9fc-5fdd-86c2-8909352fd7fe,26f7241d-a84e-5e4a-a43d-33eea1e54eea,d25ad630-7b5d-5f91-b271-cf144a13c392,2025-10-01T00:00:00,1,Producto vencido o dañado
8bb92f48-4d3e-568c-bfdc-98b320f9bea2,e8aeb018-f679-5670-b210-de4f62ff2111,c0cf5e5c-b5c9-585a-8e79-d9830bc954f6,43616d97-2221-569d-82eb-bcc14bcd6344,a5d470d1-10c9-520c-9323-e4a0b6029b83,2025-10-01T00:00:00,1,Producto vencido o dañado
c7a5bb72-9cc0-54f3-a542-f723d39a8673,e8aeb018-f679-5670-b210-de4f62ff2111,d2f08f15-f9f2-5f65-a740-b05896774467,d6f21f11-7533-52dd-a4dc-2fb8e260c02c,a30561d9-1eb4-500a-b414-fc40b8684b40,2025-10-01T00:00:00,3,Producto vencido o dañado
7359e418-f64f-58f4-a524-c7f374f454db,e8aeb018-f679-5670-b210-de4f62ff2111,38adf7ba-476e-5e6b-9163-781a13538253,26f7241d-a84e-5e4a-a43d-33eea1e54eea,5ffa02dd-cf6b-510a-ae14-407320bc7d56,2025-10-02T00:00:00,1,Producto vencido o dañado
7bb933e2-6dfa-5a39-8938-8c29aa8183f2,e8aeb018-f679-5670-b210-de4f62ff2111,d9506935-1215-5499-93c0-8bdd86ab9418,43616d97-2221-569d-82eb-bcc14bcd6344,d127fedd-9a4e-5642-bae1-9cf5e41ed9cd,2025-10-02T00:00:00,1,Producto vencido o dañado
e79f7d67-176e-5ae6-beda-462a396d5cc9,e8aeb018-f679-5670-b210-de4f62ff2111,d2f08f15-f9f2-5f65-a740-b05896774467,d6f21f11-7533-52dd-a4dc-2fb8e260c02c,a30561d9-1eb4-500a-b414-fc40b8684b40,2025-10-03T00:00:00,2,Producto vencido o dañado
63bce656-fcab-5688-8ce5-7ee261aca903,e8aeb018-f679-5670-b210-de4f62ff2111,82cd11ba-d1a0-58b1-b14f-edd741f36e87,26f7241d-a84e-5e4a-a43d-33eea1e54eea,da58c9e9-4ddd-5488-99e6-6fcab249472c,2025-10-04T00:00:00,1,Producto vencido o dañado
1018db70-4d51-5e7a-bb5a-67046ee06882,e8aeb018-f679-5670-b210-de4f62ff2111,2082733c-4e17-51fe-bc8c-bf33d3ec5d7e,43616d97-2221-569d-82eb-bcc14bcd6344,ad79a673-f744-5443-ba4a-0a0ee65d6947,2025-10-04T00:00:00,3,Producto vencido o dañado
08218e96-85e1-5159-8307-e799477b92a2,e8aeb018-f679-5670-b210-de4f62ff2111,5bbfdec8-65ae-59e6-b211-5eccb5b765fa,26f7241d-a84e-5e4a-a43d-33eea1e54eea,415bd12a-5303-5920-88d2-4fe3bf9c1230,2025-10-06T00:00:00,2,Producto vencido o dañado
d98bf7aa-87e3-5cc2-8f32-10baf5146663,e8aeb018-f679-5670-b210-de4f62ff2111,012857cc-907f-5e7d-b8fb-796d2c9f1621,43616d97-2221-569d-82eb-bcc14bcd6344,a5d1cf06-6c4a-546e-8a57-760b762a3b18,2025-10-07T00:00:00,1,Producto vencido o dañado
c43fad29-1197-5b12-b885-f0eef76289a6,e8aeb018-f679-5670-b210-de4f62ff2111,5bbfdec8-65ae-59e6-b211-5eccb5b765fa,8ecedccf-c230-516b-bbc2-108f7a6fbe63,2e156350-34ea-58c7-9994-d914b6cb6087,2025-10-07T00:00:00,2,Producto vencido o dañado
6092a988-c940-5f20-9152-47da9facdbb4,e8aeb018-f679-5670-b210-de4f62ff2111,983871db-adfb-543e-b438-6b00044ffb64,8ecedccf-c230-516b-bbc2-108f7a6fbe63,fccd29d9-4bdf-52e9-ba08-84f07fca2501,2025-10-07T00:00:00,2,Producto vencido o dañado
5ced75ba-1cb9-50ec-9c09-cfe3f909f886,e8aeb018-f679-5670-b210-de4f62ff2111,2933d8b7-2438-521b-b38d-d3a5224f87fc,8ecedccf-c230-516b-bbc2-108f7a6fbe63,64924398-5664-54b7-9d69-e37cbdfd2aca,2025-10-12T00:00:00,2,Producto vencido o dañado
80474783-1cb4-5171-be27-1bbce2ea2e9d,e8aeb018-f679-5670-b210-de4f62ff2111,983871db-adfb-543e-b438-6b00044ffb64,8ecedccf-c230-516b-bbc2-108f7a6fbe63,fccd29d9-4bdf-52e9-ba08-84f07fca2501,2025-10-12T00:00:00,1,Producto vencido o dañado
d8d2d0a6-8442-5d38-b60f-0765b3ac44bc,e8aeb018-f679-5670-b210-de4f62ff2111,9928e9a1-d9fc-5fdd-86c2-8909352fd7fe,7fb983e8-6848-5425-97a2-14da72722d0f,826a8838-a993-5172-88e0-9bc83a313deb,2025-10-12T00:00:00,1,Producto vencido o dañado
1e3b57d8-7470-5182-8805-89434c71c566,e8aeb018-f679-5670-b210-de4f62ff2111,afe9d181-1c64-5cca-b4b7-a9fa24eceeea,d6f21f11-7533-52dd-a4dc-2fb8e260c02c,c560ccb5-2f76-5f4b-a748-08a28005e87a,2025-10-13T00:00:00,3,Producto vencido o dañado
723e921a-43c8-5f12-9cf0-1c7750b6a41b,e8aeb018-f679-5670-b210-de4f62ff2111,6d807393-f4ab-5f76-b544-251eeda27ba3,26f7241d-a84e-5e4a-a43d-33eea1e54eea,dde506dd-076f-551c-be96-59a5e240ed50,2025-10-15T00:00:00,1,Producto vencido o dañado
dcac3246-66d6-5887-b00f-12760a3aaa69,e8aeb018-f679-5670-b210-de4f62ff2111,5bbfdec8-65ae-59e6-b211-5eccb5b765fa,8ecedccf-c230-516b-bbc2-108f7a6fbe63,2e156350-34ea-58c7-9994-d914b6cb6087,2025-10-15T00:00:00,1,Producto vencido o dañado
2f69486f-4cbc-51b8-b307-b868858f08b8,e8aeb018-f679-5670-b210-de4f62ff2111,afe9d181-1c64-5cca-b4b7-a9fa24eceeea,8ecedccf-c230-516b-bbc2-108f7a6fbe63,c36c8db0-9741-52aa-96be-7bb4efbec207,2025-10-15T00:00:00,3,Producto vencido o dañado
071e1e6a-3ac4-5cfe-a6f2-eb6611488587,e8aeb018-f679-5670-b210-de4f62ff2111,2eb3a104-e572-583a-afa0-156ee0dc4cce,7fb983e8-6848-5425-97a2-14da72722d0f,62b97d5c-ef76-5d21-9991-5d4b2c27080a,2025-10-15T00:00:00,2,Producto vencido o dañado
7665ff9a-5beb-5927-89bf-25fb02954e67,e8aeb018-f679-5670-b210-de4f62ff2111,2082733c-4e17-51fe-bc8c-bf33d3ec5d7e,26f7241d-a84e-5e4a-a43d-33eea1e54eea,8809ce18-ddac-5bc9-a675-7466eabf4672,2025-10-17T00:00:00,1,Producto vencido o dañado
c4d5ff5c-9233-5189-8877-8aef9e4269e9,e8aeb018-f679-5670-b210-de4f62ff2111,cd81184b-b6f1-563c-b463-36a69ddfb598,d6f21f11-7533-52dd-a4dc-2fb8e260c02c,178ca1bc-e601-5222-9e12-4684c379071b,2025-10-18T00:00:00,1,Producto vencido o dañado
4466f179-7cf1-567f-885c-1ceb23efd21b,e8aeb018-f679-5670-b210-de4f62ff2111,38adf7ba-476e-5e6b-9163-781a13538253,d6f21f11-7533-52dd-a4dc-2fb8e260c02c,73622416-cb3a-5e2d-8420-54fe69ea76e5,2025-10-19T00:00:00,3,Producto vencido o dañado
430d3847-bbb0-5c1c-a370-4d124b59cfb7,e8aeb018-f679-5670-b210-de4f62ff2111,38adf7ba-476e-5e6b-9163-781a13538253,8ecedccf-c230-516b-bbc2-108f7a6fbe63,bd2866b5-84d2-5a79-bbe9-ab53b6f3de38,2025-10-20T00:00:00,1,Producto vencido o dañado
9f14088d-ff50-56a7-bb8b-bf06f0c54fd9,e8aeb018-f679-5670-b210-de4f62ff2111,1e9605fd-5682-52b6-8f05-e8a92dd44513,26f7241d-a84e-5e4a-a43d-33eea1e54eea,4c146017-416c-5535-8dfa-8ba37305970c,2025-10-23T00:00:00,1,Producto vencido o dañado
c49e442c-fc27-50e8-8aa6-47bd8bd78c5d,e8aeb018-f679-5670-b210-de4f62ff2111,1ca3438e-9e23-58f0-a35f-f15f7a23beb9,43616d97-2221-569d-82eb-bcc14bcd6344,112697e9-68bc-5046-9a46-004c474d53ff,2025-10-23T00:00:00,2,Producto vencido o dañado
8cbc9c9c-dff0-509b-adc0-1d950343d306,e8aeb018-f679-5670-b210-de4f62ff2111,cd81184b-b6f1-563c-b463-36a69ddfb598,d6f21f11-7533-52dd-a4dc-2fb8e260c02c,178ca1bc-e601-5222-9e12-4684c379071b,2025-10-23T00:00:00,2,Producto vencido o dañado
242dff7a-d734-5b85-af8f-c701bc3b990b,e8aeb018-f679-5670-b210-de4f62ff2111,87b859e0-789a-56e6-b1ba-4fe76221d3bf,7fb983e8-6848-5425-97a2-14da72722d0f,104ccd66-c3ee-5700-9e7c-f63d717e002e,2025-10-23T00:00:00,2,Producto vencido o dañado
56385a52-665b-5168-9b9e-7fbf72fdfedf,e8aeb018-f679-5670-b210-de4f62ff2111,9928e9a1-d9fc-5fdd-86c2-8909352fd7fe,43616d97-2221-569d-82eb-bcc14bcd6344,5ce185ec-2472-5750-8035-34a9d9c2ee62,2025-10-24T00:00:00,2,Producto vencido o dañado
19895558-7e81-597a-a6cd-ee0bc0f71176,e8aeb018-f679-5670-b210-de4f62ff2111,38adf7ba-476e-5e6b-9163-781a13538253,8ecedccf-c230-516b-bbc2-108f7a6fbe63,bd2866b5-84d2-5a79-bbe9-ab53b6f3de38,2025-10-24T00:00:00,2,Producto vencido o dañado
8ba52735-cc3c-572d-ac3b-776ca858d2e2,e8aeb018-f679-5670-b210-de4f62ff2111,1ca3438e-9e23-58f0-a35f-f15f7a23beb9,7fb983e8-6848-5425-97a2-14da72722d0f,83add48c-b8fb-511a-96f4-77be283a973c,2025-10-24T00:00:00,1,Producto vencido o dañado
1ee72c87-52cb-5490-994d-151b6a6f0fc5,e8aeb018-f679-5670-b210-de4f62ff2111,d9506935-1215-5499-93c0-8bdd86ab9418,26f7241d-a84e-5e4a-a43d-33eea1e54eea,3521bf6e-3b78-5e06-a12e-48ce57941258,2025-10-25T00:00:00,2,Producto vencido o dañado
66f5bfc7-3587-545a-863a-9f651f733150,e8aeb018-f679-5670-b210-de4f62ff2111,983871db-adfb-543e-b438-6b00044ffb64,8ecedccf-c230-516b-bbc2-108f7a6fbe63,fccd29d9-4bdf-52e9-ba08-84f07fca2501,2025-10-25T00:00:00,3,Producto vencido o dañado
50d57ab4-6609-5674-962d-03fbbbb33765,e8aeb018-f679-5670-b210-de4f62ff2111,cd81184b-b6f1-563c-b463-36a69ddfb598,43616d97-2221-569d-82eb-bcc14bcd6344,a9d6ff8d-ad3a-58a0-8b0c-50f523a3f8ca,2025-10-26T00:00:00,3,Producto vencido o dañado
dcdd2071-e231-5b44-9338-6fad357d649e,e8aeb018-f679-5670-b210-de4f62ff2111,0ec23038-d3ab-588c-bbd6-1f5c744cdde1,d6f21f11-7533-52dd-a4dc-2fb8e260c02c,758a034e-91c7-58db-a9fb-7ac352174f17,2025-10-27T00:00:00,3,Producto vencido o dañado
196b3d6a-3c23-5656-b422-2fcdf9baea7d,e8aeb018-f679-5670-b210-de4f62ff2111,c0cf5e5c-b5c9-585a-8e79-d9830bc954f6,26f7241d-a84e-5e4a-a43d-33eea1e54eea,c4a2af16-45c0-5d7a-88f8-65f3dffdfeba,2025-10-28T00:00:00,1,Producto vencido o dañado
c788829f-10fc-5135-8c03-5bdfec33ec4f,e8aeb018-f679-5670-b210-de4f62ff2111,2eb3a104-e572-583a-afa0-156ee0dc4cce,d6f21f11-7533-52dd-a4dc-2fb8e260c02c,90ea10b6-455a-5d41-ae58-983d8aa51244,2025-10-28T00:00:00,2,Producto vencido o dañado
97b909eb-995d-5a60-bda2-562049e34e29,e8aeb018-f679-5670-b210-de4f62ff2111,1e9605fd-5682-52b6-8f05-e8a92dd44513,7fb983e8-6848-5425-97a2-14da72722d0f,892727f4-2d33-53c7-8508-eefb5e8ec8f9,2025-10-28T00:00:00,1,Producto vencido o dañado
fdb43b73-172c-52a6-a321-00bcd2ce4c25,e8aeb018-f679-5670-b210-de4f62ff2111,9928e9a1-d9fc-5fdd-86c2-8909352fd7fe,43616d97-2221-569d-82eb-bcc14bcd6344,5ce185ec-2472-5750-8035-34a9d9c2ee62,2025-10-30T00:00:00,1,Producto vencido o dañado
24752c2a-279c-5c0b-9cf2-2db701e66732,e8aeb018-f679-5670-b210-de4f62ff2111,6baabed2-52d7-5cb7-bf74-86c7cb3e4f07,7fb983e8-6848-5425-97a2-14da72722d0f,bb921e62-977c-599e-9f74-a639702b10e1,2025-10-30T00:00:00,2,Producto vencido o dañado
2f47ea5b-97d9-5642-a346-9c230c203d27,e8aeb018-f679-5670-b210-de4f62ff2111,1e9605fd-5682-52b6-8f05-e8a92dd44513,43616d97-2221-569d-82eb-bcc14bcd6344,044b5b61-87b9-5fbe-9863-01ce931dffd2,2025-10-31T00:00:00,3,Producto vencido o dañado
a510e74f-9d3d-578c-bb12-7405c9b791e7,e8aeb018-f679-5670-b210-de4f62ff2111,38adf7ba-476e-5e6b-9163-781a13538253,26f7241d-a84e-5e4a-a43d-33eea1e54eea,f4a581e7-a4e5-5851-85e9-6eb1be868286,2025-11-01T00:00:00,2,Producto vencido o dañado
a2b18c69-407b-5f74-96a4-27818b7e6fc7,e8aeb018-f679-5670-b210-de4f62ff2111,058c6382-bde2-59d1-93ff-20c6161a4736,7fb983e8-6848-5425-97a2-14da72722d0f,4ddb5e60-b54a-530c-8022-55bcf4adb707,2025-11-01T00:00:00,1,Producto vencido o dañado
79049519-78d5-5e52-842e-5adf28246060,e8aeb018-f679-5670-b210-de4f62ff2111,d0ae6d2d-e561-56b3-a2c1-113c1c56ae81,43616d97-2221-569d-82eb-bcc14bcd6344,b28a53a5-e252-5bb0-af45-b880a8a2e285,2025-11-02T00:00:00,1,Producto vencido o dañado
a2f9be36-7c7e-50fc-9dd9-f28e1dab06ae,e8aeb018-f679-5670-b210-de4f62ff2111,afe9d181-1c64-5cca-b4b7-a9fa24eceeea,d6f21f11-7533-52dd-a4dc-2fb8e260c02c,a1fa898c-7b29-5f48-891f-420b0fb4c22c,2025-11-02T00:00:00,3,Producto vencido o dañado
facc1ebe-2f7a-58f4-a6b0-0f07d0635c58,e8aeb018-f679-5670-b210-de4f62ff2111,82cd11ba-d1a0-58b1-b14f-edd741f36e87,7fb983e8-6848-5425-97a2-14da72722d0f,74daff3d-b355-570d-95a8-9da2838f8a04,2025-11-02T00:00:00,1,Producto vencido o dañado
0e72136e-5284-52d0-a3f7-201baf001a98,e8aeb018-f679-5670-b210-de4f62ff2111,983871db-adfb-543e-b438-6b00044ffb64,7fb983e8-6848-5425-97a2-14da72722d0f,5b236bc2-48f3-5902-ac1a-bbe8ff79a47a,2025-11-02T00:00:00,2,Producto vencido o dañado
9ed5c521-d16a-5f7e-84a6-1cec9aca4499,e8aeb018-f679-5670-b210-de4f62ff2111,d9506935-1215-5499-93c0-8bdd86ab9418,d6f21f11-7533-52dd-a4dc-2fb8e260c02c,6e24414f-aa1e-5254-abfa-7ebd23734240,2025-11-03T00:00:00,1,Producto vencido o dañado
149b0221-9603-54e1-a93c-dac21b2a130f,e8aeb018-f679-5670-b210-de4f62ff2111,6baabed2-52d7-5cb7-bf74-86c7cb3e4f07,43616d97-2221-569d-82eb-bcc14bcd6344,a35a35fa-17e1-50cc-b22e-6675fa33b60e,2025-11-04T00:00:00,3,Producto vencido o dañado
632ba9e2-250f-598a-8bb8-93dc218b6ea4,e8aeb018-f679-5670-b210-de4f62ff2111,97d26d91-c562-5f27-9ebd-285e89c8f4bf,7fb983e8-6848-5425-97a2-14da72722d0f,91a134b0-1e03-5feb-a7a9-897177b64055,2025-11-05T00:00:00,1,Producto vencido o dañado
dae5a63a-d4be-5357-ba53-8e42cd0edc16,e8aeb018-f679-5670-b210-de4f62ff2111,5bbfdec8-65ae-59e6-b211-5eccb5b765fa,d6f21f11-7533-52dd-a4dc-2fb8e260c02c,8e59c799-46b3-5fbe-9a8a-ff938739193f,2025-11-07T00:00:00,1,Producto vencido o dañado
98e196d4-725a-5f08-ac87-3e595eb72696,e8aeb018-f679-5670-b210-de4f62ff2111,97d26d91-c562-5f27-9ebd-285e89c8f4bf,d6f21f11-7533-52dd-a4dc-2fb8e260c02c,1678b70e-d88e-5519-b835-37f9e33f9a4a,2025-11-07T00:00:00,1,Producto vencido o dañado
b8a1c255-79f2-5134-aa33-39e0c352b4ff,e8aeb018-f679-5670-b210-de4f62ff2111,97d26d91-c562-5f27-9ebd-285e89c8f4bf,26f7241d-a84e-5e4a-a43d-33eea1e54eea,5b4ec5fe-1381-59f3-a283-1686a68e7c8a,2025-11-08T00:00:00,1,Producto vencido o dañado
8878246f-ac9a-5115-a44d-f7775b3ad2d0,e8aeb018-f679-5670-b210-de4f62ff2111,07371b94-955f-52a4-9bf9-f0a6ad2b4fa8,43616d97-2221-569d-82eb-bcc14bcd6344,dbda94bf-237f-5101-8237-41044daa0818,2025-11-08T00:00:00,1,Producto vencido o dañado
8b27f323-8500-5abd-ada7-fd7bc1d2538b,e8aeb018-f679-5670-b210-de4f62ff2111,2897aac2-f219-5167-b800-73fac27f6b85,26f7241d-a84e-5e4a-a43d-33eea1e54eea,2e363e89-cab8-54a8-a47a-af2e68d8b514,2025-11-09T00:00:00,1,Producto vencido o dañado
4084a6e0-a69d-5006-b5ae-cb624a688f1d,e8aeb018-f679-5670-b210-de4f62ff2111,4d9429b6-2ebf-5b5d-ac48-f779d5a1e270,26f7241d-a84e-5e4a-a43d-33eea1e54eea,9db0fe76-8ca8-5334-8c05-c35375b3f419,2025-11-10T00:00:00,1,Producto vencido o dañado
da175969-b9f1-5d6a-a56f-4576002830db,e8aeb018-f679-5670-b210-de4f62ff2111,012857cc-907f-5e7d-b8fb-796d2c9f1621,7fb983e8-6848-5425-97a2-14da72722d0f,5717c094-66d3-5565-875e-c82685b7336c,2025-11-10T00:00:00,3,Producto vencido o dañado
6de48f9c-5b16-56ab-8052-9514f9905a27,e8aeb018-f679-5670-b210-de4f62ff2111,cd81184b-b6f1-563c-b463-36a69ddfb598,7fb983e8-6848-5425-97a2-14da72722d0f,b085e6f1-495e-5c2c-8307-aecb5343bf18,2025-11-11T00:00:00,3,Producto vencido o dañado
8234db35-a2ff-5790-ac3e-f51e88f751ef,e8aeb018-f679-5670-b210-de4f62ff2111,5bbfdec8-65ae-59e6-b211-5eccb5b765fa,43616d97-2221-569d-82eb-bcc14bcd6344,3357fa53-e909-54c5-ad70-7f0c7d233871,2025-11-14T00:00:00,2,Producto vencido o dañado
523ffb5e-031b-5dc5-8e93-3b977f2324aa,e8aeb018-f679-5670-b210-de4f62ff2111,38adf7ba-476e-5e6b-9163-781a13538253,7fb983e8-6848-5425-97a2-14da72722d0f,aa2e1ea7-09ad-5f99-8555-de0df3778eec,2025-11-14T00:00:00,1,Producto vencido o dañado
07cc1246-f073-5b93-8090-bee056162c90,e8aeb018-f679-5670-b210-de4f62ff2111,94e18241-54bd-5516-b36f-94ab6e323aca,26f7241d-a84e-5e4a-a43d-33eea1e54eea,3d42e7e4-430a-5831-b1f2-a1becd68c8a2,2025-11-16T00:00:00,2,Producto vencido o dañado
31729ddd-59b7-54df-a400-3e4c1c0db454,e8aeb018-f679-5670-b210-de4f62ff2111,6baabed2-52d7-5cb7-bf74-86c7cb3e4f07,8ecedccf-c230-516b-bbc2-108f7a6fbe63,8ce891bf-715a-5cd7-820b-5d64d3ef7c36,2025-11-16T00:00:00,3,Producto vencido o dañado
2a4d74c6-1f3d-5334-ad96-25ebb2ffa51e,e8aeb018-f679-5670-b210-de4f62ff2111,82cd11ba-d1a0-58b1-b14f-edd741f36e87,43616d97-2221-569d-82eb-bcc14bcd6344,afe8a170-354f-517e-9049-1a6e91fce23f,2025-11-17T00:00:00,2,Producto vencido o dañado
d2be497f-4bac-5451-b29e-f021f257c696,e8aeb018-f679-5670-b210-de4f62ff2111,d2f08f15-f9f2-5f65-a740-b05896774467,26f7241d-a84e-5e4a-a43d-33eea1e54eea,afcdb187-1fea-5f0c-84ee-f802d4ecaada,2025-11-18T00:00:00,1,Producto vencido o dañado
a3cf115d-6c1f-58ff-b9ab-a7661d1bc105,e8aeb018-f679-5670-b210-de4f62ff2111,97d26d91-c562-5f27-9ebd-285e89c8f4bf,43616d97-2221-569d-82eb-bcc14bcd6344,de79e46f-cf71-5310-9022-3119240c4d4c,2025-11-18T00:00:00,3,Producto vencido o dañado
8eeb62f2-b42a-599d-829c-d83424395573,e8aeb018-f679-5670-b210-de4f62ff2111,d0ae6d2d-e561-56b3-a2c1-113c1c56ae81,d6f21f11-7533-52dd-a4dc-2fb8e260c02c,122e4add-8231-5b6c-bcc8-6c1ab0150884,2025-11-19T00:00:00,2,Producto vencido o dañado
48652f3c-5033-53c2-9ad2-7d49397395fa,e8aeb018-f679-5670-b210-de4f62ff2111,012857cc-907f-5e7d-b8fb-796d2c9f1621,43616d97-2221-569d-82eb-bcc14bcd6344,69d2cf05-a5f9-5336-aadc-5b3ec0b44919,2025-11-20T00:00:00,3,Producto vencido o dañado
996a462b-50b4-56c9-84bc-c7e1430f0492,e8aeb018-f679-5670-b210-de4f62ff2111,d0ae6d2d-e561-56b3-a2c1-113c1c56ae81,d6f21f11-7533-52dd-a4dc-2fb8e260c02c,db3e8994-2d83-50ab-b413-07697cdd21c4,2025-11-21T00:00:00,2,Producto vencido o dañado
4c3ba7df-8789-570b-ad03-ff8753988953,e8aeb018-f679-5670-b210-de4f62ff2111,22231140-3780-5fe8-a7d4-d33f61d15111,26f7241d-a84e-5e4a-a43d-33eea1e54eea,5159d1e5-1c7f-587f-b56b-8696b08edbf6,2025-11-23T00:00:00,2,Producto vencido o dañado
e491343a-af53-5436-bbd0-f4a97813aa07,e8aeb018-f679-5670-b210-de4f62ff2111,82cd11ba-d1a0-58b1-b14f-edd741f36e87,26f7241d-a84e-5e4a-a43d-33eea1e54eea,31ddfe71-c93b-50d5-b0bb-1d7d948fbfd5,2025-11-24T00:00:00,3,Producto vencido o dañado
5dfd9690-a52e-501b-8893-463e02bdddc0,e8aeb018-f679-5670-b210-de4f62ff2111,2933d8b7-2438-521b-b38d-d3a5224f87fc,d6f21f11-7533-52dd-a4dc-2fb8e260c02c,e93a4481-3837-5f01-8771-2ed9f404dce7,2025-11-24T00:00:00,3,Producto vencido o dañado
abceae2c-e5a9-5cf6-a0ae-a769fdf32c69,e8aeb018-f679-5670-b210-de4f62ff2111,5bbfdec8-65ae-59e6-b211-5eccb5b765fa,8ecedccf-c230-516b-bbc2-108f7a6fbe63,3f80e466-7e3f-5711-9999-87899cd42701,2025-11-24T00:00:00,3,Producto vencido o dañado
589992ae-80b0-5fd6-8e49-9e855d9f7580,e8aeb018-f679-5670-b210-de4f62ff2111,82cd11ba-d1a0-58b1-b14f-edd741f36e87,d6f21f11-7533-52dd-a4dc-2fb8e260c02c,632a149e-3cd1-58b1-b099-7e4c52f90415,2025-11-27T00:00:00,3,Producto vencido o dañado
371b69c1-955e-58b8-a65a-46fe74daad8c,e8aeb018-f679-5670-b210-de4f62ff2111,22231140-3780-5fe8-a7d4-d33f61d15111,7fb983e8-6848-5425-97a2-14da72722d0f,3b779e0e-62be-52d4-9a9b-9e891ede005a,2025-11-29T00:00:00,1,Producto vencido o dañado
568fdbf0-7a61-5862-ae2b-ba4e0072cc48,e8aeb018-f679-5670-b210-de4f62ff2111,2082733c-4e17-51fe-bc8c-bf33d3ec5d7e,8ecedccf-c230-516b-bbc2-108f7a6fbe63,e200c9c5-6510-563b-a80d-5e7604162507,2025-11-30T00:00:00,3,Producto vencido o dañado
249aa335-00dc-512c-ad4b-ec7f834e0474,e8aeb018-f679-5670-b210-de4f62ff2111,97d26d91-c562-5f27-9ebd-285e89c8f4bf,26f7241d-a84e-5e4a-a43d-33eea1e54eea,615a91bf-ee77-5c8d-a2dc-f72ccf115f8c,2025-12-01T00:00:00,2,Producto vencido o dañado
e15a2ef8-26e1-5e41-b724-1067126ff10a,e8aeb018-f679-5670-b210-de4f62ff2111,d3961f5a-3ea7-53d3-89f4-78b65b0c0c6b,8ecedccf-c230-516b-bbc2-108f7a6fbe63,6d4136aa-5837-516e-a04d-327f21025f48,2025-12-01T00:00:00,1,Producto vencido o dañado
427c4c7d-5761-5892-b8db-faa248b64b37,e8aeb018-f679-5670-b210-de4f62ff2111,0ec23038-d3ab-588c-bbd6-1f5c744cdde1,7fb983e8-6848-5425-97a2-14da72722d0f,e1f26e19-e1c8-52a3-9f83-c2d6db1bff89,2025-12-04T00:00:00,3,Producto vencido o dañado
c1e38f30-d7f1-53b3-b504-34a811776f8b,e8aeb018-f679-5670-b210-de4f62ff2111,cd81184b-b6f1-563c-b463-36a69ddfb598,43616d97-2221-569d-82eb-bcc14bcd6344,a80116ac-e2bc-50c6-b7f2-197d9de2d29e,2025-12-05T00:00:00,3,Producto vencido o dañado
33776853-8d19-5269-a9ae-be27f88f12ed,e8aeb018-f679-5670-b210-de4f62ff2111,2897aac2-f219-5167-b800-73fac27f6b85,d6f21f11-7533-52dd-a4dc-2fb8e260c02c,6be2e06e-81c8-53c0-b81b-8b5bea7a3861,2025-12-05T00:00:00,2,Producto vencido o dañado
b1eac375-e9ce-5d8d-a0a9-2b7b04911d06,e8aeb018-f679-5670-b210-de4f62ff2111,2eb3a104-e572-583a-afa0-156ee0dc4cce,7fb983e8-6848-5425-97a2-14da72722d0f,395f5bf7-1130-51f5-a7b9-a05b1ad0439f,2025-12-05T00:00:00,1,Producto vencido o dañado
70386a5a-b948-5611-bc84-766d0541172b,e8aeb018-f679-5670-b210-de4f62ff2111,d2f08f15-f9f2-5f65-a740-b05896774467,7fb983e8-6848-5425-97a2-14da72722d0f,1f869957-cde1-52d9-a92f-09921f572cf4,2025-12-06T00:00:00,1,Producto vencido o dañado
219cdfab-778e-542d-a259-e47acdcc2961,e8aeb018-f679-5670-b210-de4f62ff2111,2897aac2-f219-5167-b800-73fac27f6b85,8ecedccf-c230-516b-bbc2-108f7a6fbe63,ebc76660-968a-583a-9849-3d3a3dcb71ae,2025-12-07T00:00:00,1,Producto vencido o dañado
bba76a0d-b7b9-583c-9e38-6966af84e8e2,e8aeb018-f679-5670-b210-de4f62ff2111,2082733c-4e17-51fe-bc8c-bf33d3ec5d7e,d6f21f11-7533-52dd-a4dc-2fb8e260c02c,25c83dbc-40fa-5c70-8e67-f93070e74dd7,2025-12-08T00:00:00,1,Producto vencido o dañado
c0a03c4f-bb63-5767-9df6-ec3830154571,e8aeb018-f679-5670-b210-de4f62ff2111,94e18241-54bd-5516-b36f-94ab6e323aca,8ecedccf-c230-516b-bbc2-108f7a6fbe63,5a7f5923-fa67-50eb-a3e8-acf6a0a166ca,2025-12-08T00:00:00,2,Producto vencido o dañado
5fa32608-c9c8-596e-b298-3914eaac7e8f,e8aeb018-f679-5670-b210-de4f62ff2111,cd81184b-b6f1-563c-b463-36a69ddfb598,7fb983e8-6848-5425-97a2-14da72722d0f,71dd2b4e-4c4c-55ab-ad65-bd78633144ea,2025-12-08T00:00:00,1,Producto vencido o dañado
84077fd2-6c1b-5c21-b9fe-01fa52be7f93,e8aeb018-f679-5670-b210-de4f62ff2111,1ca3438e-9e23-58f0-a35f-f15f7a23beb9,7fb983e8-6848-5425-97a2-14da72722d0f,2ab6755f-c456-564f-8236-b1b8b99ce7da,2025-12-10T00:00:00,2,Producto vencido o dañado
d6657826-3435-5173-a3c3-7af6c2503772,e8aeb018-f679-5670-b210-de4f62ff2111,983871db-adfb-543e-b438-6b00044ffb64,26f7241d-a84e-5e4a-a43d-33eea1e54eea,2f483b89-4da5-5e3f-80c3-e2cf4f62b899,2025-12-11T00:00:00,2,Producto vencido o dañado
256376ba-8859-5b7d-a5b8-0051b6335e83,e8aeb018-f679-5670-b210-de4f62ff2111,2082733c-4e17-51fe-bc8c-bf33d3ec5d7e,7fb983e8-6848-5425-97a2-14da72722d0f,f5a89b86-1aab-53f5-a7b3-dc7e3cee22b8,2025-12-12T00:00:00,2,Producto vencido o dañado
ad302336-815e-5a52-b715-11a116a339d6,e8aeb018-f679-5670-b210-de4f62ff2111,012857cc-907f-5e7d-b8fb-796d2c9f1621,d6f21f11-7533-52dd-a4dc-2fb8e260c02c,41f421cb-c6e3-5bae-b7ec-3867380e56cc,2025-12-13T00:00:00,1,Producto vencido o dañado
e8bcf2bc-f899-5a86-bd5d-674d3bb1035f,e8aeb018-f679-5670-b210-de4f62ff2111,82cd11ba-d1a0-58b1-b14f-edd741f36e87,8ecedccf-c230-516b-bbc2-108f7a6fbe63,aeaacdca-98ce-5900-8520-caa1457b35c4,2025-12-13T00:00:00,2,Producto vencido o dañado
21174f09-7a3d-565e-840c-740f3611dfcc,e8aeb018-f679-5670-b210-de4f62ff2111,2082733c-4e17-51fe-bc8c-bf33d3ec5d7e,8ecedccf-c230-516b-bbc2-108f7a6fbe63,e200c9c5-6510-563b-a80d-5e7604162507,2025-12-13T00:00:00,3,Producto vencido o dañado
e86b1620-329c-5dbe-8e93-b6d09a14ca18,e8aeb018-f679-5670-b210-de4f62ff2111,4d9429b6-2ebf-5b5d-ac48-f779d5a1e270,26f7241d-a84e-5e4a-a43d-33eea1e54eea,a6119793-8360-5574-83f2-3f666cf15040,2025-12-16T00:00:00,1,Producto vencido o dañado
62ec6d72-032c-5f0a-94b7-b33941dd96ec,e8aeb018-f679-5670-b210-de4f62ff2111,9928e9a1-d9fc-5fdd-86c2-8909352fd7fe,43616d97-2221-569d-82eb-bcc14bcd6344,d677fe23-0c48-5510-b652-928ee90cecb3,2025-12-16T00:00:00,1,Producto vencido o dañado
b0983965-01c9-5136-bbc8-d4a412b5af52,e8aeb018-f679-5670-b210-de4f62ff2111,82cd11ba-d1a0-58b1-b14f-edd741f36e87,26f7241d-a84e-5e4a-a43d-33eea1e54eea,a35f07f1-d0c0-56ff-858c-e54f6a619d24,2025-12-18T00:00:00,3,Producto vencido o dañado
c8940d13-a205-59ee-a6eb-f94ff8faf5c2,e8aeb018-f679-5670-b210-de4f62ff2111,d0ae6d2d-e561-56b3-a2c1-113c1c56ae81,d6f21f11-7533-52dd-a4dc-2fb8e260c02c,6dca7834-7745-5b30-9b14-ee56b4517b7c,2025-12-19T00:00:00,3,Producto vencido o dañado
1a1f8083-8ae5-5770-a58c-59c4327f2d88,e8aeb018-f679-5670-b210-de4f62ff2111,1ca3438e-9e23-58f0-a35f-f15f7a23beb9,7fb983e8-6848-5425-97a2-14da72722d0f,2ab6755f-c456-564f-8236-b1b8b99ce7da,2025-12-21T00:00:00,3,Producto vencido o dañado
95138375-4de4-5cc8-b5a2-4bedf5ef4263,e8aeb018-f679-5670-b210-de4f62ff2111,07371b94-955f-52a4-9bf9-f0a6ad2b4fa8,d6f21f11-7533-52dd-a4dc-2fb8e260c02c,f344cb19-e878-5d9f-9f29-686f66dba2cc,2025-12-22T00:00:00,1,Producto vencido o dañado
570234aa-331f-5218-ad74-9964e4723e5a,e8aeb018-f679-5670-b210-de4f62ff2111,5bbfdec8-65ae-59e6-b211-5eccb5b765fa,26f7241d-a84e-5e4a-a43d-33eea1e54eea,374fdab4-0231-5fe3-9e47-de1658e181fc,2025-12-23T00:00:00,2,Producto vencido o dañado
ff0663f8-cea6-59bb-8358-f41f01d70c57,e8aeb018-f679-5670-b210-de4f62ff2111,cd81184b-b6f1-563c-b463-36a69ddfb598,43616d97-2221-569d-82eb-bcc14bcd6344,4415b1fa-8078-5ff1-a7e5-190e8c830950,2025-12-24T00:00:00,3,Producto vencido o dañado
70a7895e-ee1a-5c72-90c8-ce1260f199f8,e8aeb018-f679-5670-b210-de4f62ff2111,94e18241-54bd-5516-b36f-94ab6e323aca,d6f21f11-7533-52dd-a4dc-2fb8e260c02c,3b3d0b8d-e415-5ea9-ba8d-58546f9cfda1,2025-12-25T00:00:00,2,Producto vencido o dañado
b7143804-cbe9-54a5-9e37-941c5f89746d,e8aeb018-f679-5670-b210-de4f62ff2111,058c6382-bde2-59d1-93ff-20c6161a4736,8ecedccf-c230-516b-bbc2-108f7a6fbe63,97b36482-9c48-5736-807a-6342050f1453,2025-12-27T00:00:00,1,Producto vencido o dañado
4b7d1929-4f5d-5688-ae0b-440e96bc7967,e8aeb018-f679-5670-b210-de4f62ff2111,2897aac2-f219-5167-b800-73fac27f6b85,26f7241d-a84e-5e4a-a43d-33eea1e54eea,a4e1e06e-b734-5139-ae4e-f5b3c40b9530,2025-12-28T00:00:00,2,Producto vencido o dañado
5ed42131-6b6d-592a-868d-242343b53532,e8aeb018-f679-5670-b210-de4f62ff2111,22231140-3780-5fe8-a7d4-d33f61d15111,d6f21f11-7533-52dd-a4dc-2fb8e260c02c,3687c92c-a059-5332-9e4f-31858c4ac0a9,2025-12-28T00:00:00,2,Producto vencido o dañado
3ad76432-1d28-5ab0-8eb1-83dde4659ba6,e8aeb018-f679-5670-b210-de4f62ff2111,38adf7ba-476e-5e6b-9163-781a13538253,8ecedccf-c230-516b-bbc2-108f7a6fbe63,5259f78f-a07e-5dc7-9425-bfea7007916f,2025-12-28T00:00:00,3,Producto vencido o dañado
746cf31c-a8f8-5062-b37f-e4512d0d4a20,e8aeb018-f679-5670-b210-de4f62ff2111,d9506935-1215-5499-93c0-8bdd86ab9418,d6f21f11-7533-52dd-a4dc-2fb8e260c02c,c962854d-08e6-56e0-aff1-baf2e34fb9ac,2025-12-30T00:00:00,1,Producto vencido o dañado
0fdd07d6-b34d-5c21-9373-444b40cfb5b4,e8aeb018-f679-5670-b210-de4f62ff2111,2082733c-4e17-51fe-bc8c-bf33d3ec5d7e,7fb983e8-6848-5425-97a2-14da72722d0f,f5a89b86-1aab-53f5-a7b3-dc7e3cee22b8,2025-12-30T00:00:00,3,Producto vencido o dañado
b60bcffc-cba0-50a4-a13b-1681f2ae8be3,e8aeb018-f679-5670-b210-de4f62ff2111,d3961f5a-3ea7-53d3-89f4-78b65b0c0c6b,7fb983e8-6848-5425-97a2-14da72722d0f,3c247af1-4e00-5c0f-a955-af1160723424,2025-12-31T00:00:00,2,Producto vencido o dañado
f9c45e50-6c6c-5ad1-b59d-5ed9c98959e7,e8aeb018-f679-5670-b210-de4f62ff2111,5bbfdec8-65ae-59e6-b211-5eccb5b765fa,d6f21f11-7533-52dd-a4dc-2fb8e260c02c,42def4e3-48bb-56e1-95f7-76be79cace90,2026-01-03T00:00:00,1,Producto vencido o dañado
248063e5-c640-5f2e-a55b-83b05d7203d9,e8aeb018-f679-5670-b210-de4f62ff2111,2082733c-4e17-51fe-bc8c-bf33d3ec5d7e,8ecedccf-c230-516b-bbc2-108f7a6fbe63,dbc05601-5a3d-5a37-ba40-49813eb4f99f,2026-01-03T00:00:00,1,Producto vencido o dañado
cdeb1c33-66ef-5531-ac36-6c4d3501ce05,e8aeb018-f679-5670-b210-de4f62ff2111,97d26d91-c562-5f27-9ebd-285e89c8f4bf,43616d97-2221-569d-82eb-bcc14bcd6344,d0fa53bb-a2c5-5f8e-9014-bd9cb16ae35c,2026-01-04T00:00:00,1,Producto vencido o dañado
74a1addd-e5a0-5cd7-8084-ba333e9501a2,e8aeb018-f679-5670-b210-de4f62ff2111,012857cc-907f-5e7d-b8fb-796d2c9f1621,43616d97-2221-569d-82eb-bcc14bcd6344,4bc37499-3651-5886-905d-a55375aa7cad,2026-01-04T00:00:00,1,Producto vencido o dañado
7f272494-a5f3-531a-a500-5e548611c1cc,e8aeb018-f679-5670-b210-de4f62ff2111,22231140-3780-5fe8-a7d4-d33f61d15111,d6f21f11-7533-52dd-a4dc-2fb8e260c02c,3687c92c-a059-5332-9e4f-31858c4ac0a9,2026-01-04T00:00:00,3,Producto vencido o dañado
59300335-f4bf-54ef-b4b5-23210ff375bb,e8aeb018-f679-5670-b210-de4f62ff2111,2897aac2-f219-5167-b800-73fac27f6b85,26f7241d-a84e-5e4a-a43d-33eea1e54eea,a4e1e06e-b734-5139-ae4e-f5b3c40b9530,2026-01-06T00:00:00,3,Producto vencido o dañado
94dd8277-8092-5938-a4b5-485434786b7d,e8aeb018-f679-5670-b210-de4f62ff2111,d9506935-1215-5499-93c0-8bdd86ab9418,8ecedccf-c230-516b-bbc2-108f7a6fbe63,388a58c3-203d-593e-a2a6-6228f8ffc842,2026-01-07T00:00:00,3,Producto vencido o dañado
2771bf70-56bf-53b0-ac78-3f8f6b2dc9b8,e8aeb018-f679-5670-b210-de4f62ff2111,983871db-adfb-543e-b438-6b00044ffb64,43616d97-2221-569d-82eb-bcc14bcd6344,44bb088c-27f1-5030-a3a3-98c0f3f42ec2,2026-01-08T00:00:00,3,Producto vencido o dañado
8e536a70-f65c-5df2-944e-adbb76d8c2cc,e8aeb018-f679-5670-b210-de4f62ff2111,c0cf5e5c-b5c9-585a-8e79-d9830bc954f6,d6f21f11-7533-52dd-a4dc-2fb8e260c02c,6ba3b5eb-5ae1-5507-8d18-946c2524a878,2026-01-08T00:00:00,3,Producto vencido o dañado
e58b1bd9-0faf-5169-9965-896540362c01,e8aeb018-f679-5670-b210-de4f62ff2111,38adf7ba-476e-5e6b-9163-781a13538253,26f7241d-a84e-5e4a-a43d-33eea1e54eea,e4f57dd3-96c5-531f-85c0-dc5ae9009172,2026-01-10T00:00:00,1,Producto vencido o dañado
d432c071-e253-5020-a538-853d5aa7fc55,e8aeb018-f679-5670-b210-de4f62ff2111,2eb3a104-e572-583a-afa0-156ee0dc4cce,d6f21f11-7533-52dd-a4dc-2fb8e260c02c,4b59b49a-e677-57c0-af06-acbda7bd280d,2026-01-10T00:00:00,3,Producto vencido o dañado
3e06f8e0-c391-5a4c-ad55-717fc7bbf096,e8aeb018-f679-5670-b210-de4f62ff2111,058c6382-bde2-59d1-93ff-20c6161a4736,8ecedccf-c230-516b-bbc2-108f7a6fbe63,97b36482-9c48-5736-807a-6342050f1453,2026-01-11T00:00:00,3,Producto vencido o dañado
f242b6a4-bc10-5925-aa03-5bb79f390deb,e8aeb018-f679-5670-b210-de4f62ff2111,1ca3438e-9e23-58f0-a35f-f15f7a23beb9,26f7241d-a84e-5e4a-a43d-33eea1e54eea,465f4da0-3e18-55d1-a9ca-1c8ece93327e,2026-01-12T00:00:00,2,Producto vencido o dañado
56b7f292-94f1-596c-a9a0-3555387ba4b2,e8aeb018-f679-5670-b210-de4f62ff2111,2933d8b7-2438-521b-b38d-d3a5224f87fc,d6f21f11-7533-52dd-a4dc-2fb8e260c02c,95c00db4-e85f-5ff8-abd5-085f946369f2,2026-01-12T00:00:00,1,Producto vencido o dañado
22e23f90-b9cf-5ce8-9e8f-cd88f28f71f0,e8aeb018-f679-5670-b210-de4f62ff2111,d0ae6d2d-e561-56b3-a2c1-113c1c56ae81,d6f21f11-7533-52dd-a4dc-2fb8e260c02c,b2742c38-951b-5835-b60d-ae091e364804,2026-01-12T00:00:00,3,Producto vencido o dañado
ac878c28-76ca-541b-80e6-43f095002445,e8aeb018-f679-5670-b210-de4f62ff2111,0ec23038-d3ab-588c-bbd6-1f5c744cdde1,7fb983e8-6848-5425-97a2-14da72722d0f,3812c306-3616-5d10-bfa6-ba840f566daf,2026-01-13T00:00:00,3,Producto vencido o dañado
80063779-a00d-551c-b293-9b9324440c79,e8aeb018-f679-5670-b210-de4f62ff2111,4d9429b6-2ebf-5b5d-ac48-f779d5a1e270,26f7241d-a84e-5e4a-a43d-33eea1e54eea,1cac1f04-b47c-5292-b074-7a86a336df39,2026-01-14T00:00:00,2,Producto vencido o dañado
82d13dcb-aac8-5141-9b5c-e3102cd99c5e,e8aeb018-f679-5670-b210-de4f62ff2111,22231140-3780-5fe8-a7d4-d33f61d15111,43616d97-2221-569d-82eb-bcc14bcd6344,6c95fe3d-2dd8-52f3-8cb3-d8a264f98f7c,2026-01-14T00:00:00,1,Producto vencido o dañado
e82b87d7-3f11-57d6-90b9-119e5aa318fe,e8aeb018-f679-5670-b210-de4f62ff2111,82cd11ba-d1a0-58b1-b14f-edd741f36e87,8ecedccf-c230-516b-bbc2-108f7a6fbe63,0a5629ef-e26e-54a5-8e5c-1a4a9a1b12a3,2026-01-14T00:00:00,2,Producto vencido o dañado
a0204b07-24d7-5acb-a419-75c068282074,e8aeb018-f679-5670-b210-de4f62ff2111,c0cf5e5c-b5c9-585a-8e79-d9830bc954f6,7fb983e8-6848-5425-97a2-14da72722d0f,bed6abb2-45d6-580b-a5e9-91fc2f13d792,2026-01-14T00:00:00,3,Producto vencido o dañado
54d03a3f-8957-5036-90ef-f82e60ba0242,e8aeb018-f679-5670-b210-de4f62ff2111,cd81184b-b6f1-563c-b463-36a69ddfb598,26f7241d-a84e-5e4a-a43d-33eea1e54eea,d11c9197-039c-5617-bad4-dfdda37bb1e0,2026-01-15T00:00:00,1,Producto vencido o dañado
8b42831a-b55a-53ae-b837-cdf33057f268,e8aeb018-f679-5670-b210-de4f62ff2111,d0ae6d2d-e561-56b3-a2c1-113c1c56ae81,7fb983e8-6848-5425-97a2-14da72722d0f,bf3fcbaf-4068-501e-b0b2-f5b9ef3dc3fb,2026-01-16T00:00:00,3,Producto vencido o dañado
2fdcadd1-3a12-5079-ab1a-b5bc81b7c050,e8aeb018-f679-5670-b210-de4f62ff2111,c0cf5e5c-b5c9-585a-8e79-d9830bc954f6,26f7241d-a84e-5e4a-a43d-33eea1e54eea,be563cac-6fdc-527e-ae14-48c60d901dad,2026-01-18T00:00:00,3,Producto vencido o dañado
a0624fac-463e-5059-b483-1aa1048b64ac,e8aeb018-f679-5670-b210-de4f62ff2111,2eb3a104-e572-583a-afa0-156ee0dc4cce,43616d97-2221-569d-82eb-bcc14bcd6344,3c4898f3-b8a3-5c7a-92b2-2690637aedf6,2026-01-18T00:00:00,2,Producto vencido o dañado
1aa8abfb-3b4a-5c4f-b035-f659d4de7176,e8aeb018-f679-5670-b210-de4f62ff2111,6baabed2-52d7-5cb7-bf74-86c7cb3e4f07,26f7241d-a84e-5e4a-a43d-33eea1e54eea,a82c5d04-0715-52d8-a45b-30e693a98fc6,2026-01-20T00:00:00,1,Producto vencido o dañado
7832c974-e21d-5f27-a4ab-95c4756b6431,e8aeb018-f679-5670-b210-de4f62ff2111,87b859e0-789a-56e6-b1ba-4fe76221d3bf,26f7241d-a84e-5e4a-a43d-33eea1e54eea,45edf1de-7ad7-5085-aea9-ec5cfe8bdb24,2026-01-21T00:00:00,3,Producto vencido o dañado
312b79d9-58fe-5f67-a8a8-addbcd07a297,e8aeb018-f679-5670-b210-de4f62ff2111,983871db-adfb-543e-b438-6b00044ffb64,26f7241d-a84e-5e4a-a43d-33eea1e54eea,8a26223e-378a-5971-91b4-4e15dd6e5c79,2026-01-21T00:00:00,3,Producto vencido o dañado
ca108869-7f62-5f45-b25e-5613e1cfbba4,e8aeb018-f679-5670-b210-de4f62ff2111,d2f08f15-f9f2-5f65-a740-b05896774467,26f7241d-a84e-5e4a-a43d-33eea1e54eea,6e72befe-4aac-5ce4-b8a6-e1826541ffa5,2026-01-22T00:00:00,1,Producto vencido o dañado
e31ab382-b1b7-57e0-a79a-155b420325b0,e8aeb018-f679-5670-b210-de4f62ff2111,d0ae6d2d-e561-56b3-a2c1-113c1c56ae81,26f7241d-a84e-5e4a-a43d-33eea1e54eea,13224bea-2b31-512a-808a-99cf10611122,2026-01-22T00:00:00,3,Producto vencido o dañado
7843339d-5cee-5568-9ecc-8f3994e92790,e8aeb018-f679-5670-b210-de4f62ff2111,d3961f5a-3ea7-53d3-89f4-78b65b0c0c6b,d6f21f11-7533-52dd-a4dc-2fb8e260c02c,1d4ed060-15ec-5b49-b5fa-a0264d0aa0e6,2026-01-24T00:00:00,3,Producto vencido o dañado
565eb050-13b7-5563-aadb-d9be22beb051,e8aeb018-f679-5670-b210-de4f62ff2111,94e18241-54bd-5516-b36f-94ab6e323aca,8ecedccf-c230-516b-bbc2-108f7a6fbe63,e82c56ef-ac23-5a5a-9617-8395ad6857c8,2026-01-25T00:00:00,1,Producto vencido o dañado
384a6ea1-1f2b-5997-a5dc-d2f4ef3b8c21,e8aeb018-f679-5670-b210-de4f62ff2111,c0cf5e5c-b5c9-585a-8e79-d9830bc954f6,26f7241d-a84e-5e4a-a43d-33eea1e54eea,98c55e3f-e265-53cf-8c6a-adc0a69ca7cb,2026-01-26T00:00:00,3,Producto vencido o dañado
5734e669-f861-55ba-ac16-5deec8a860db,e8aeb018-f679-5670-b210-de4f62ff2111,c0cf5e5c-b5c9-585a-8e79-d9830bc954f6,26f7241d-a84e-5e4a-a43d-33eea1e54eea,98c55e3f-e265-53cf-8c6a-adc0a69ca7cb,2026-01-27T00:00:00,2,Producto vencido o dañado
f0dc6e90-653b-54f4-8bdf-d51d5fce4cb8,e8aeb018-f679-5670-b210-de4f62ff2111,c0cf5e5c-b5c9-585a-8e79-d9830bc954f6,43616d97-2221-569d-82eb-bcc14bcd6344,ee37e56e-726e-56db-bb75-ceeea74903e1,2026-01-27T00:00:00,3,Producto vencido o dañado
d70f2999-a5f2-571c-b065-830c2aedf963,e8aeb018-f679-5670-b210-de4f62ff2111,6d807393-f4ab-5f76-b544-251eeda27ba3,8ecedccf-c230-516b-bbc2-108f7a6fbe63,def0cb3d-df52-5163-9c10-f95b9d5e7a8f,2026-01-27T00:00:00,2,Producto vencido o dañado
900ea56f-62c3-574a-bb71-bcc9b8a1babf,e8aeb018-f679-5670-b210-de4f62ff2111,4d9429b6-2ebf-5b5d-ac48-f779d5a1e270,26f7241d-a84e-5e4a-a43d-33eea1e54eea,1cac1f04-b47c-5292-b074-7a86a336df39,2026-01-28T00:00:00,3,Producto vencido o dañado
171f6c71-14d5-52f7-a080-25cd44195548,e8aeb018-f679-5670-b210-de4f62ff2111,cd81184b-b6f1-563c-b463-36a69ddfb598,d6f21f11-7533-52dd-a4dc-2fb8e260c02c,907348a1-f19a-57fe-afde-c7e4502c4dbb,2026-01-28T00:00:00,2,Producto vencido o dañado
b119f104-056c-5aba-95b2-2e02c14bb448,e8aeb018-f679-5670-b210-de4f62ff2111,6d807393-f4ab-5f76-b544-251eeda27ba3,8ecedccf-c230-516b-bbc2-108f7a6fbe63,def0cb3d-df52-5163-9c10-f95b9d5e7a8f,2026-01-28T00:00:00,3,Producto vencido o dañado
bfc60984-c1cc-511b-a0de-767b3feb1ff7,e8aeb018-f679-5670-b210-de4f62ff2111,2082733c-4e17-51fe-bc8c-bf33d3ec5d7e,8ecedccf-c230-516b-bbc2-108f7a6fbe63,03e10e24-515a-5ac7-a6f9-963d5e46f874,2026-01-28T00:00:00,1,Producto vencido o dañado
b32852d6-eb6a-517a-83ee-1fb65ceaeb02,e8aeb018-f679-5670-b210-de4f62ff2111,2933d8b7-2438-521b-b38d-d3a5224f87fc,26f7241d-a84e-5e4a-a43d-33eea1e54eea,9ef45dc3-a610-5e33-b748-a26632410df5,2026-01-29T00:00:00,2,Producto vencido o dañado
5247b693-d62c-58a6-94ca-968260f7e240,e8aeb018-f679-5670-b210-de4f62ff2111,2eb3a104-e572-583a-afa0-156ee0dc4cce,26f7241d-a84e-5e4a-a43d-33eea1e54eea,009417a6-2096-5299-aef5-4a63c7456fe6,2026-01-29T00:00:00,1,Producto vencido o dañado
7dc495d5-2ac3-5866-9063-aba9afc70f78,e8aeb018-f679-5670-b210-de4f62ff2111,012857cc-907f-5e7d-b8fb-796d2c9f1621,d6f21f11-7533-52dd-a4dc-2fb8e260c02c,dee940e7-5c35-5f3e-b7c9-05393d031361,2026-01-29T00:00:00,2,Producto vencido o dañado
a90478e6-cba7-5f10-ab5d-8b50d5ccc1d7,e8aeb018-f679-5670-b210-de4f62ff2111,983871db-adfb-543e-b438-6b00044ffb64,43616d97-2221-569d-82eb-bcc14bcd6344,44bb088c-27f1-5030-a3a3-98c0f3f42ec2,2026-01-31T00:00:00,3,Producto vencido o dañado
1ce0b1f6-5f68-56e5-8385-73d6682e736e,e8aeb018-f679-5670-b210-de4f62ff2111,d3961f5a-3ea7-53d3-89f4-78b65b0c0c6b,7fb983e8-6848-5425-97a2-14da72722d0f,c87ba4c1-ca31-5171-8e51-568cda86357d,2026-01-31T00:00:00,2,Producto vencido o dañado
3b1bbffb-fb4d-555e-af1a-bd6a2b662e04,e8aeb018-f679-5670-b210-de4f62ff2111,6d807393-f4ab-5f76-b544-251eeda27ba3,43616d97-2221-569d-82eb-bcc14bcd6344,75694fce-aa6f-575e-85bd-e348212ae5db,2026-02-02T00:00:00,1,Producto vencido o dañado
00742edd-2d44-54f0-9017-b9ee61a53d6e,e8aeb018-f679-5670-b210-de4f62ff2111,cd81184b-b6f1-563c-b463-36a69ddfb598,43616d97-2221-569d-82eb-bcc14bcd6344,cc212904-8525-597d-aff9-a4b3ecf32e36,2026-02-02T00:00:00,2,Producto vencido o dañado
bd615a0e-7538-5a23-a191-c11d0e7e6372,e8aeb018-f679-5670-b210-de4f62ff2111,d2f08f15-f9f2-5f65-a740-b05896774467,7fb983e8-6848-5425-97a2-14da72722d0f,6ea58099-1f84-5b4d-8d4e-882a0fca87a8,2026-02-02T00:00:00,3,Producto vencido o dañado
fee70363-0cea-53e7-ab3b-49c340c8faae,e8aeb018-f679-5670-b210-de4f62ff2111,1ca3438e-9e23-58f0-a35f-f15f7a23beb9,7fb983e8-6848-5425-97a2-14da72722d0f,0c850537-0702-56d5-a6af-280faf9cb59d,2026-02-04T00:00:00,1,Producto vencido o dañado
74af7c1b-ad84-53dd-bdf2-0471b151da5b,e8aeb018-f679-5670-b210-de4f62ff2111,c0cf5e5c-b5c9-585a-8e79-d9830bc954f6,8ecedccf-c230-516b-bbc2-108f7a6fbe63,4ef519c9-df51-57d1-9b68-84d22780313c,2026-02-06T00:00:00,1,Producto vencido o dañado
4bf0df56-6cc0-5d02-814f-c3dcc21ca38d,e8aeb018-f679-5670-b210-de4f62ff2111,afe9d181-1c64-5cca-b4b7-a9fa24eceeea,8ecedccf-c230-516b-bbc2-108f7a6fbe63,676c1b80-eff0-5c12-b95a-d2014412acc9,2026-02-06T00:00:00,2,Producto vencido o dañado
aee27893-9c9d-581c-8d26-f20e9ba3aa3f,e8aeb018-f679-5670-b210-de4f62ff2111,97d26d91-c562-5f27-9ebd-285e89c8f4bf,7fb983e8-6848-5425-97a2-14da72722d0f,eac3be96-84aa-57a2-a03e-3280d4f8edd0,2026-02-06T00:00:00,2,Producto vencido o dañado
3875b5a3-1ada-546a-a8f7-b67e6dc2799e,e8aeb018-f679-5670-b210-de4f62ff2111,22231140-3780-5fe8-a7d4-d33f61d15111,26f7241d-a84e-5e4a-a43d-33eea1e54eea,5492ac4e-125f-529c-bade-fa936bbab016,2026-02-07T00:00:00,3,Producto vencido o dañado
7e0941b3-c272-5e15-8163-8e04a4bd3e9e,e8aeb018-f679-5670-b210-de4f62ff2111,2897aac2-f219-5167-b800-73fac27f6b85,8ecedccf-c230-516b-bbc2-108f7a6fbe63,12284114-d6dc-5799-ad60-a1f0d1b47d34,2026-02-07T00:00:00,3,Producto vencido o dañado
fe66ff8c-ad0f-5d1e-9b30-7e7e2bb9c456,e8aeb018-f679-5670-b210-de4f62ff2111,2897aac2-f219-5167-b800-73fac27f6b85,7fb983e8-6848-5425-97a2-14da72722d0f,efbc4a43-a293-5225-b94e-f27cb944727c,2026-02-07T00:00:00,2,Producto vencido o dañado
f08fb1a7-f6da-565e-95e5-789522ddd7a7,e8aeb018-f679-5670-b210-de4f62ff2111,4d9429b6-2ebf-5b5d-ac48-f779d5a1e270,d6f21f11-7533-52dd-a4dc-2fb8e260c02c,cbc42dcf-61b0-5283-a843-5a4ee9bca955,2026-02-09T00:00:00,2,Producto vencido o dañado
b0111087-18c7-5849-a4a2-542ed73ef0e5,e8aeb018-f679-5670-b210-de4f62ff2111,9928e9a1-d9fc-5fdd-86c2-8909352fd7fe,8ecedccf-c230-516b-bbc2-108f7a6fbe63,10b8c67d-dbeb-5b39-930a-57db575d5ed8,2026-02-09T00:00:00,3,Producto vencido o dañado
580c92b6-4a0b-5845-bd58-d622b6190e0d,e8aeb018-f679-5670-b210-de4f62ff2111,cd81184b-b6f1-563c-b463-36a69ddfb598,26f7241d-a84e-5e4a-a43d-33eea1e54eea,7292f523-2aa5-57f9-a795-91d11b21350b,2026-02-10T00:00:00,3,Producto vencido o dañado
cf75b44c-710c-5701-9731-de688def8497,e8aeb018-f679-5670-b210-de4f62ff2111,94e18241-54bd-5516-b36f-94ab6e323aca,8ecedccf-c230-516b-bbc2-108f7a6fbe63,e82c56ef-ac23-5a5a-9617-8395ad6857c8,2026-02-11T00:00:00,2,Producto vencido o dañado
4e8b5fcf-70c2-5e82-8749-ed764e695898,e8aeb018-f679-5670-b210-de4f62ff2111,afe9d181-1c64-5cca-b4b7-a9fa24eceeea,7fb983e8-6848-5425-97a2-14da72722d0f,74ae84aa-c148-5b44-8508-7bef01c338b9,2026-02-12T00:00:00,2,Producto vencido o dañado
c33c0b2e-8279-56ab-9012-ef9bf9ed7ba3,e8aeb018-f679-5670-b210-de4f62ff2111,2eb3a104-e572-583a-afa0-156ee0dc4cce,8ecedccf-c230-516b-bbc2-108f7a6fbe63,8c26ab71-f927-59b1-86fd-c27ec3fadc54,2026-02-14T00:00:00,2,Producto vencido o dañado
13119c18-48bc-5e45-b66b-56257efbccff,e8aeb018-f679-5670-b210-de4f62ff2111,07371b94-955f-52a4-9bf9-f0a6ad2b4fa8,8ecedccf-c230-516b-bbc2-108f7a6fbe63,d68d3d90-7bd9-5cdb-ac77-af06eefcc875,2026-02-15T00:00:00,2,Producto vencido o dañado
f54cb351-efac-5ada-8cf4-98e0551c14d8,e8aeb018-f679-5670-b210-de4f62ff2111,d2f08f15-f9f2-5f65-a740-b05896774467,26f7241d-a84e-5e4a-a43d-33eea1e54eea,1b65d875-e184-517f-859a-a89dc15615c6,2026-02-16T00:00:00,3,Producto vencido o dañado
e861fb49-6cd6-5b38-9b99-18d676ef4217,e8aeb018-f679-5670-b210-de4f62ff2111,97d26d91-c562-5f27-9ebd-285e89c8f4bf,43616d97-2221-569d-82eb-bcc14bcd6344,ac987405-a8dd-536f-a74b-09a6c399a92a,2026-02-18T00:00:00,2,Producto vencido o dañado
ee4d9aec-bb3e-5472-a85f-0b50eda97045,e8aeb018-f679-5670-b210-de4f62ff2111,012857cc-907f-5e7d-b8fb-796d2c9f1621,26f7241d-a84e-5e4a-a43d-33eea1e54eea,6866f716-5d2a-564e-bccf-9a2377c2ac33,2026-02-19T00:00:00,3,Producto vencido o dañado
74c15b58-c048-5379-8b7b-2946bd69364d,e8aeb018-f679-5670-b210-de4f62ff2111,1ca3438e-9e23-58f0-a35f-f15f7a23beb9,43616d97-2221-569d-82eb-bcc14bcd6344,a2136ce4-8e30-5b20-b18e-2ecbd5680c98,2026-02-19T00:00:00,2,Producto vencido o dañado
5791febf-a0a5-58ce-b0f5-401a1e579bd0,e8aeb018-f679-5670-b210-de4f62ff2111,97d26d91-c562-5f27-9ebd-285e89c8f4bf,8ecedccf-c230-516b-bbc2-108f7a6fbe63,98c72938-d9f6-5114-87f2-08bbcc5aab72,2026-02-20T00:00:00,3,Producto vencido o dañado
3a2bba56-f72e-57c9-8e3e-87a8ef64c457,e8aeb018-f679-5670-b210-de4f62ff2111,d9506935-1215-5499-93c0-8bdd86ab9418,7fb983e8-6848-5425-97a2-14da72722d0f,a44931ff-74f6-53d3-9ced-54961d5854cd,2026-02-20T00:00:00,2,Producto vencido o dañado
7cebd84f-023f-564d-ac53-8bdd847ee117,e8aeb018-f679-5670-b210-de4f62ff2111,82cd11ba-d1a0-58b1-b14f-edd741f36e87,26f7241d-a84e-5e4a-a43d-33eea1e54eea,93e698b9-9da9-566a-a930-64b6fb956334,2026-02-21T00:00:00,1,Producto vencido o dañado
fb5790bf-e903-5c42-a450-935f14d5155c,e8aeb018-f679-5670-b210-de4f62ff2111,2897aac2-f219-5167-b800-73fac27f6b85,26f7241d-a84e-5e4a-a43d-33eea1e54eea,6a2ddd7b-42a9-5ff9-8004-8cde35ecb719,2026-02-22T00:00:00,1,Producto vencido o dañado
20d7f2c9-0e37-5ee3-b0e6-5c0c72a9c50c,e8aeb018-f679-5670-b210-de4f62ff2111,22231140-3780-5fe8-a7d4-d33f61d15111,8ecedccf-c230-516b-bbc2-108f7a6fbe63,d18c390b-1e04-5dba-a7fd-530ea73deae3,2026-02-22T00:00:00,3,Producto vencido o dañado
553ee31f-f403-5855-b8ab-74ae27f42452,e8aeb018-f679-5670-b210-de4f62ff2111,d2f08f15-f9f2-5f65-a740-b05896774467,d6f21f11-7533-52dd-a4dc-2fb8e260c02c,e609f226-a418-5b8f-9aed-2984b827b357,2026-02-24T00:00:00,1,Producto vencido o dañado
4c476702-f9d7-5f57-89b8-067ad8d30dc4,e8aeb018-f679-5670-b210-de4f62ff2111,22231140-3780-5fe8-a7d4-d33f61d15111,7fb983e8-6848-5425-97a2-14da72722d0f,3e8fe24a-ec75-59d7-a470-44ac38e87f0b,2026-02-24T00:00:00,1,Producto vencido o dañado
e0c2e5ca-a6a6-586f-9426-be3c07335fd1,e8aeb018-f679-5670-b210-de4f62ff2111,6baabed2-52d7-5cb7-bf74-86c7cb3e4f07,43616d97-2221-569d-82eb-bcc14bcd6344,358ee246-735a-5d5c-9b46-1dd7420c4577,2026-02-25T00:00:00,2,Producto vencido o dañado
543bee96-6530-5df8-8979-c828db2fcf9f,e8aeb018-f679-5670-b210-de4f62ff2111,22231140-3780-5fe8-a7d4-d33f61d15111,d6f21f11-7533-52dd-a4dc-2fb8e260c02c,ebcc037e-e08d-5bba-9a1a-f51b39dd346a,2026-02-25T00:00:00,1,Producto vencido o dañado
0dc026ba-5616-524b-9e5e-86285d0a867f,e8aeb018-f679-5670-b210-de4f62ff2111,94e18241-54bd-5516-b36f-94ab6e323aca,d6f21f11-7533-52dd-a4dc-2fb8e260c02c,230b71cc-fdd1-5763-aacc-131e055cacb6,2026-02-27T00:00:00,1,Producto vencido o dañado
68b86088-d305-5974-98d9-2c8098fdac01,e8aeb018-f679-5670-b210-de4f62ff2111,2897aac2-f219-5167-b800-73fac27f6b85,26f7241d-a84e-5e4a-a43d-33eea1e54eea,6a2ddd7b-42a9-5ff9-8004-8cde35ecb719,2026-02-28T00:00:00,1,Producto vencido o dañado
febccdd4-9067-5b21-b98e-703d19a5dc1a,e8aeb018-f679-5670-b210-de4f62ff2111,cd81184b-b6f1-563c-b463-36a69ddfb598,43616d97-2221-569d-82eb-bcc14bcd6344,a186b6b5-2ebb-5eb1-aebd-195fe9b203d0,2026-03-01T00:00:00,3,Producto vencido o dañado
0b42fde7-42bb-56a3-9099-430b677cbc17,e8aeb018-f679-5670-b210-de4f62ff2111,0ec23038-d3ab-588c-bbd6-1f5c744cdde1,d6f21f11-7533-52dd-a4dc-2fb8e260c02c,dee1c8f8-1d24-51a0-b2e1-eb3f33f7c349,2026-03-01T00:00:00,2,Producto vencido o dañado
be81ce56-3288-51c2-b694-46c5eec01066,e8aeb018-f679-5670-b210-de4f62ff2111,058c6382-bde2-59d1-93ff-20c6161a4736,d6f21f11-7533-52dd-a4dc-2fb8e260c02c,f4f1316d-a239-5717-aedd-8c5b09945605,2026-03-02T00:00:00,1,Producto vencido o dañado
3e1f5ce4-ddd4-563d-b957-06b60fbe532e,e8aeb018-f679-5670-b210-de4f62ff2111,afe9d181-1c64-5cca-b4b7-a9fa24eceeea,d6f21f11-7533-52dd-a4dc-2fb8e260c02c,2307074d-1ee2-5220-9f3d-2e60848eb6b6,2026-03-02T00:00:00,3,Producto vencido o dañado
2a333ae5-fd33-511c-900c-b91db76c8a1b,e8aeb018-f679-5670-b210-de4f62ff2111,87b859e0-789a-56e6-b1ba-4fe76221d3bf,7fb983e8-6848-5425-97a2-14da72722d0f,db3e95f1-b073-5ed1-bc72-d096e66540db,2026-03-02T00:00:00,2,Producto vencido o dañado
16b7e01e-6f6e-5831-aac1-b13ce687a8a6,e8aeb018-f679-5670-b210-de4f62ff2111,2eb3a104-e572-583a-afa0-156ee0dc4cce,7fb983e8-6848-5425-97a2-14da72722d0f,37138aba-06dc-54ae-94b6-836f1b4e4ee6,2026-03-02T00:00:00,1,Producto vencido o dañado
11b9e46b-021d-5470-94d9-a2599d45366d,e8aeb018-f679-5670-b210-de4f62ff2111,6baabed2-52d7-5cb7-bf74-86c7cb3e4f07,d6f21f11-7533-52dd-a4dc-2fb8e260c02c,daa7b395-837c-5f4d-8f50-57ff96839729,2026-03-03T00:00:00,1,Producto vencido o dañado
6e7a3981-dc5d-5a2d-ac9f-925b5556e8ea,e8aeb018-f679-5670-b210-de4f62ff2111,012857cc-907f-5e7d-b8fb-796d2c9f1621,8ecedccf-c230-516b-bbc2-108f7a6fbe63,c87442b0-c07b-507f-9fbc-65f05a7c53be,2026-03-04T00:00:00,2,Producto vencido o dañado
88e6ad89-37dd-57eb-a5ff-e6f1c7b05530,e8aeb018-f679-5670-b210-de4f62ff2111,1e9605fd-5682-52b6-8f05-e8a92dd44513,7fb983e8-6848-5425-97a2-14da72722d0f,7609fb95-ae04-5c8e-8a9a-9ce7f8990b85,2026-03-05T00:00:00,3,Producto vencido o dañado
1ab94cf5-6a97-5d70-b8be-dffe63a82911,e8aeb018-f679-5670-b210-de4f62ff2111,2082733c-4e17-51fe-bc8c-bf33d3ec5d7e,43616d97-2221-569d-82eb-bcc14bcd6344,2164876c-a627-5abb-8817-f66a5dca0a87,2026-03-06T00:00:00,3,Producto vencido o dañado
c490c3da-c01a-519b-952e-68b5960b1c3b,e8aeb018-f679-5670-b210-de4f62ff2111,97d26d91-c562-5f27-9ebd-285e89c8f4bf,43616d97-2221-569d-82eb-bcc14bcd6344,ac987405-a8dd-536f-a74b-09a6c399a92a,2026-03-08T00:00:00,3,Producto vencido o dañado
d46d27c0-8365-54bf-a70d-b92c4aa5c4ca,e8aeb018-f679-5670-b210-de4f62ff2111,2eb3a104-e572-583a-afa0-156ee0dc4cce,8ecedccf-c230-516b-bbc2-108f7a6fbe63,8c26ab71-f927-59b1-86fd-c27ec3fadc54,2026-03-08T00:00:00,1,Producto vencido o dañado
d89667dd-be8b-5204-adfc-074b1736acff,e8aeb018-f679-5670-b210-de4f62ff2111,1e9605fd-5682-52b6-8f05-e8a92dd44513,7fb983e8-6848-5425-97a2-14da72722d0f,7609fb95-ae04-5c8e-8a9a-9ce7f8990b85,2026-03-08T00:00:00,3,Producto vencido o dañado
08b601d4-b6b5-5dab-ad63-6c31eea6abd8,e8aeb018-f679-5670-b210-de4f62ff2111,d2f08f15-f9f2-5f65-a740-b05896774467,43616d97-2221-569d-82eb-bcc14bcd6344,68bbb6c0-f344-5ab1-8f9d-5e8656d12fad,2026-03-09T00:00:00,1,Producto vencido o dañado
c11247f3-00f2-59d2-8f9e-455d234bd9b5,e8aeb018-f679-5670-b210-de4f62ff2111,c0cf5e5c-b5c9-585a-8e79-d9830bc954f6,26f7241d-a84e-5e4a-a43d-33eea1e54eea,d6cc7621-8e4e-549b-8832-016f64cc3ddf,2026-03-10T00:00:00,3,Producto vencido o dañado
eb9f27db-7b23-52f0-bd7e-c3a21d189ffd,e8aeb018-f679-5670-b210-de4f62ff2111,983871db-adfb-543e-b438-6b00044ffb64,d6f21f11-7533-52dd-a4dc-2fb8e260c02c,51a1311b-f4c4-5834-9973-2b4dae2bd632,2026-03-11T00:00:00,3,Producto vencido o dañado
844b00db-43ea-5a03-8c70-b72e5a2ae99b,e8aeb018-f679-5670-b210-de4f62ff2111,97d26d91-c562-5f27-9ebd-285e89c8f4bf,7fb983e8-6848-5425-97a2-14da72722d0f,6cdff924-a5a1-5f3d-9ed2-056ea61fa678,2026-03-11T00:00:00,2,Producto vencido o dañado
2706f48d-d9e3-552c-a5ff-7b3479170df8,e8aeb018-f679-5670-b210-de4f62ff2111,6d807393-f4ab-5f76-b544-251eeda27ba3,8ecedccf-c230-516b-bbc2-108f7a6fbe63,eba9e4a7-de25-5955-9bce-eb9d774fc1be,2026-03-12T00:00:00,3,Producto vencido o dañado
b0ec1694-6aba-534e-ae2b-e19258d2a1c2,e8aeb018-f679-5670-b210-de4f62ff2111,87b859e0-789a-56e6-b1ba-4fe76221d3bf,7fb983e8-6848-5425-97a2-14da72722d0f,0ed7052b-7209-5795-96cd-d13d63212b94,2026-03-12T00:00:00,1,Producto vencido o dañado
ed84eda1-10d6-5d30-925d-7536f895c1e8,e8aeb018-f679-5670-b210-de4f62ff2111,94e18241-54bd-5516-b36f-94ab6e323aca,7fb983e8-6848-5425-97a2-14da72722d0f,26dcf630-76a9-5d4a-9a54-7e1037f51a69,2026-03-14T00:00:00,2,Producto vencido o dañado
c60d8ef4-8429-56e9-bc95-101a5a1addf5,e8aeb018-f679-5670-b210-de4f62ff2111,0ec23038-d3ab-588c-bbd6-1f5c744cdde1,43616d97-2221-569d-82eb-bcc14bcd6344,e182e255-6e8f-5490-9986-f8e167693bef,2026-03-15T00:00:00,2,Producto vencido o dañado
075324e4-8364-5a34-b1a5-8b1395f0e9ac,e8aeb018-f679-5670-b210-de4f62ff2111,d2f08f15-f9f2-5f65-a740-b05896774467,43616d97-2221-569d-82eb-bcc14bcd6344,68bbb6c0-f344-5ab1-8f9d-5e8656d12fad,2026-03-16T00:00:00,1,Producto vencido o dañado
d40fd778-91a3-56ac-813c-31317885ab9d,e8aeb018-f679-5670-b210-de4f62ff2111,012857cc-907f-5e7d-b8fb-796d2c9f1621,8ecedccf-c230-516b-bbc2-108f7a6fbe63,c87442b0-c07b-507f-9fbc-65f05a7c53be,2026-03-16T00:00:00,1,Producto vencido o dañado
8600dd86-3fdc-58c5-a473-c8cd582eaa12,e8aeb018-f679-5670-b210-de4f62ff2111,012857cc-907f-5e7d-b8fb-796d2c9f1621,8ecedccf-c230-516b-bbc2-108f7a6fbe63,50a14240-2253-5d89-8442-fbd9c01f2055,2026-03-16T00:00:00,1,Producto vencido o dañado
43a1feb6-7121-5831-8aca-95b7e9ac6687,e8aeb018-f679-5670-b210-de4f62ff2111,6d807393-f4ab-5f76-b544-251eeda27ba3,7fb983e8-6848-5425-97a2-14da72722d0f,959cef15-d9ec-5022-88d8-25ddbe2c7236,2026-03-16T00:00:00,3,Producto vencido o dañado
a12db918-5009-5333-a0c3-ddf3035bb508,e8aeb018-f679-5670-b210-de4f62ff2111,87b859e0-789a-56e6-b1ba-4fe76221d3bf,7fb983e8-6848-5425-97a2-14da72722d0f,0ed7052b-7209-5795-96cd-d13d63212b94,2026-03-16T00:00:00,3,Producto vencido o dañado
4a98bf9b-ca72-5472-8bd6-0924d2f72a69,e8aeb018-f679-5670-b210-de4f62ff2111,1e9605fd-5682-52b6-8f05-e8a92dd44513,d6f21f11-7533-52dd-a4dc-2fb8e260c02c,bea8d419-9728-57f8-a751-fef228b47f52,2026-03-17T00:00:00,3,Producto vencido o dañado
d18585fb-5109-56b0-bf65-ab11633d7a90,e8aeb018-f679-5670-b210-de4f62ff2111,6d807393-f4ab-5f76-b544-251eeda27ba3,8ecedccf-c230-516b-bbc2-108f7a6fbe63,eba9e4a7-de25-5955-9bce-eb9d774fc1be,2026-03-19T00:00:00,1,Producto vencido o dañado
01242fc8-b9c0-5c3b-8fa9-f8924aaf861a,e8aeb018-f679-5670-b210-de4f62ff2111,058c6382-bde2-59d1-93ff-20c6161a4736,26f7241d-a84e-5e4a-a43d-33eea1e54eea,c8fe3c0a-122c-5fe9-980e-1d3489e7394e,2026-03-20T00:00:00,3,Producto vencido o dañado
a76300a1-386e-5579-8c84-febf185d817a,e8aeb018-f679-5670-b210-de4f62ff2111,afe9d181-1c64-5cca-b4b7-a9fa24eceeea,26f7241d-a84e-5e4a-a43d-33eea1e54eea,d474ee61-9d48-588b-bc12-b85ab9d6d9ad,2026-03-20T00:00:00,1,Producto vencido o dañado
15dc5ea0-08f8-5009-81bc-e1a991941db5,e8aeb018-f679-5670-b210-de4f62ff2111,94e18241-54bd-5516-b36f-94ab6e323aca,8ecedccf-c230-516b-bbc2-108f7a6fbe63,18bb7f3d-7b82-571f-b2e1-e4d91e753c12,2026-03-20T00:00:00,1,Producto vencido o dañado
61348d87-a244-538a-9510-dc634d081ec8,e8aeb018-f679-5670-b210-de4f62ff2111,d0ae6d2d-e561-56b3-a2c1-113c1c56ae81,8ecedccf-c230-516b-bbc2-108f7a6fbe63,37ea0975-354f-5e84-b5fd-af3a513c4c65,2026-03-20T00:00:00,3,Producto vencido o dañado
648de967-6609-54f4-8e07-10a0701af3ec,e8aeb018-f679-5670-b210-de4f62ff2111,07371b94-955f-52a4-9bf9-f0a6ad2b4fa8,43616d97-2221-569d-82eb-bcc14bcd6344,3e3a8149-989c-5576-9edb-d17515ab2968,2026-03-22T00:00:00,2,Producto vencido o dañado
1c8f6ea0-bfc5-57be-98e4-d062d5d782dd,e8aeb018-f679-5670-b210-de4f62ff2111,4d9429b6-2ebf-5b5d-ac48-f779d5a1e270,43616d97-2221-569d-82eb-bcc14bcd6344,76c96c6d-4491-5654-896b-2444bfacca5c,2026-03-22T00:00:00,3,Producto vencido o dañado
464d82a5-cedc-5d5e-9092-82800cde4815,e8aeb018-f679-5670-b210-de4f62ff2111,d9506935-1215-5499-93c0-8bdd86ab9418,d6f21f11-7533-52dd-a4dc-2fb8e260c02c,d6c73d93-4b03-5b94-9ea8-878ca0fbd929,2026-03-22T00:00:00,1,Producto vencido o dañado
b2b82257-5739-5d6c-ad3f-bcf1751b16be,e8aeb018-f679-5670-b210-de4f62ff2111,97d26d91-c562-5f27-9ebd-285e89c8f4bf,43616d97-2221-569d-82eb-bcc14bcd6344,001424df-57da-5259-baaf-6b187d8f13bc,2026-03-23T00:00:00,3,Producto vencido o dañado
fb185652-6920-51b9-93b1-5a8a30dda657,e8aeb018-f679-5670-b210-de4f62ff2111,6d807393-f4ab-5f76-b544-251eeda27ba3,26f7241d-a84e-5e4a-a43d-33eea1e54eea,edfee8ce-9bf6-525e-b70c-16387c6e2397,2026-03-24T00:00:00,3,Producto vencido o dañado
80ad88a3-54a3-562e-a184-a8fad5702153,e8aeb018-f679-5670-b210-de4f62ff2111,058c6382-bde2-59d1-93ff-20c6161a4736,43616d97-2221-569d-82eb-bcc14bcd6344,0d989d11-f18e-5310-8b78-8a2b8718eeee,2026-03-24T00:00:00,3,Producto vencido o dañado
b7de2739-5a10-5a34-ad5b-746a4ddf3365,e8aeb018-f679-5670-b210-de4f62ff2111,2eb3a104-e572-583a-afa0-156ee0dc4cce,7fb983e8-6848-5425-97a2-14da72722d0f,6c979d27-95e8-5d94-8379-ddfa73380f0a,2026-03-25T00:00:00,3,Producto vencido o dañado
3c479a0c-c4a7-501f-9c93-1e7b2ca0f031,e8aeb018-f679-5670-b210-de4f62ff2111,2082733c-4e17-51fe-bc8c-bf33d3ec5d7e,26f7241d-a84e-5e4a-a43d-33eea1e54eea,c0bebbbc-cf77-5674-abdf-745f51454aba,2026-03-27T00:00:00,1,Producto vencido o dañado
e3dc06fe-522c-5873-960b-8c61c10ca179,e8aeb018-f679-5670-b210-de4f62ff2111,983871db-adfb-543e-b438-6b00044ffb64,d6f21f11-7533-52dd-a4dc-2fb8e260c02c,51a1311b-f4c4-5834-9973-2b4dae2bd632,2026-03-27T00:00:00,1,Producto vencido o dañado
3441cff3-c9aa-5646-a2f5-b29ac4d6c24e,e8aeb018-f679-5670-b210-de4f62ff2111,2eb3a104-e572-583a-afa0-156ee0dc4cce,8ecedccf-c230-516b-bbc2-108f7a6fbe63,307501b9-fccd-5d4f-a845-269cf252ce1e,2026-03-27T00:00:00,3,Producto vencido o dañado
73df25dd-a8c5-54b9-9636-33b097728325,e8aeb018-f679-5670-b210-de4f62ff2111,6d807393-f4ab-5f76-b544-251eeda27ba3,26f7241d-a84e-5e4a-a43d-33eea1e54eea,edfee8ce-9bf6-525e-b70c-16387c6e2397,2026-03-29T00:00:00,3,Producto vencido o dañado
5fbe827c-8297-5968-83de-24e9fa32b240,e8aeb018-f679-5670-b210-de4f62ff2111,042e2e80-f954-5df4-97be-29dd428cc598,43616d97-2221-569d-82eb-bcc14bcd6344,63fd0cde-88dc-5acf-bd35-3534f29a5337,2026-03-29T00:00:00,2,Producto vencido o dañado
41fdf5d7-08b0-5eed-8e62-0c872bdb66c4,e8aeb018-f679-5670-b210-de4f62ff2111,2897aac2-f219-5167-b800-73fac27f6b85,d6f21f11-7533-52dd-a4dc-2fb8e260c02c,8017e8a9-742e-5237-a0fe-83df892304ec,2026-03-29T00:00:00,1,Producto vencido o dañado
14289a63-4a48-5cf6-9c46-a22979b37078,e8aeb018-f679-5670-b210-de4f62ff2111,1ca3438e-9e23-58f0-a35f-f15f7a23beb9,d6f21f11-7533-52dd-a4dc-2fb8e260c02c,bc015b7d-466f-5c12-8bfd-db00d06001ea,2026-03-29T00:00:00,1,Producto vencido o dañado
41838745-daa3-52e1-8e0e-8a105fa90a32,e8aeb018-f679-5670-b210-de4f62ff2111,cd81184b-b6f1-563c-b463-36a69ddfb598,8ecedccf-c230-516b-bbc2-108f7a6fbe63,5f6143d3-9fd2-522c-a507-de2a728253db,2026-03-29T00:00:00,2,Producto vencido o dañado
dab3cf8d-7775-5182-a090-6bffc0195e17,e8aeb018-f679-5670-b210-de4f62ff2111,07371b94-955f-52a4-9bf9-f0a6ad2b4fa8,8ecedccf-c230-516b-bbc2-108f7a6fbe63,6aef6462-9ec3-5a52-a04b-f6c7ece92ed8,2026-03-30T00:00:00,2,Producto vencido o dañado
f24dd2f8-ef24-5b16-8440-69b88ffa3b66,e8aeb018-f679-5670-b210-de4f62ff2111,983871db-adfb-543e-b438-6b00044ffb64,43616d97-2221-569d-82eb-bcc14bcd6344,777a30bf-f1ad-59ab-af47-ef4f2681dddb,2026-04-01T00:00:00,2,Producto vencido o dañado
1d7b4b51-f422-5eee-b370-b8923dd9a37e,e8aeb018-f679-5670-b210-de4f62ff2111,2eb3a104-e572-583a-afa0-156ee0dc4cce,8ecedccf-c230-516b-bbc2-108f7a6fbe63,307501b9-fccd-5d4f-a845-269cf252ce1e,2026-04-01T00:00:00,1,Producto vencido o dañado
2e4483d5-0b0b-5ecc-b84b-262339fcd7df,e8aeb018-f679-5670-b210-de4f62ff2111,22231140-3780-5fe8-a7d4-d33f61d15111,26f7241d-a84e-5e4a-a43d-33eea1e54eea,f076f5d5-9735-5229-aa95-47c96ecb2db0,2026-04-02T00:00:00,2,Producto vencido o dañado
78cd3073-84b9-50b0-a8c0-12d2d46ae60a,e8aeb018-f679-5670-b210-de4f62ff2111,cd81184b-b6f1-563c-b463-36a69ddfb598,43616d97-2221-569d-82eb-bcc14bcd6344,8f869c54-b36a-577f-b6b8-7dcc6a023096,2026-04-02T00:00:00,2,Producto vencido o dañado
3b691eb2-11de-54cc-8087-bbda8be9bdba,e8aeb018-f679-5670-b210-de4f62ff2111,1e9605fd-5682-52b6-8f05-e8a92dd44513,43616d97-2221-569d-82eb-bcc14bcd6344,cec29e4d-027a-5293-aeb7-4ff8d9a46a9e,2026-04-02T00:00:00,3,Producto vencido o dañado
8385bc3b-0e86-5ee2-a77a-91912ef89b2f,e8aeb018-f679-5670-b210-de4f62ff2111,1ca3438e-9e23-58f0-a35f-f15f7a23beb9,7fb983e8-6848-5425-97a2-14da72722d0f,ec6ddea4-406f-57ad-99a0-bb25cf74eeef,2026-04-02T00:00:00,1,Producto vencido o dañado
b33f3737-a0ab-58c4-9a04-8b6ce7bbb47a,e8aeb018-f679-5670-b210-de4f62ff2111,07371b94-955f-52a4-9bf9-f0a6ad2b4fa8,8ecedccf-c230-516b-bbc2-108f7a6fbe63,6aef6462-9ec3-5a52-a04b-f6c7ece92ed8,2026-04-03T00:00:00,1,Producto vencido o dañado
efdaeabe-82fd-58f3-8322-bd808bb529d8,e8aeb018-f679-5670-b210-de4f62ff2111,2933d8b7-2438-521b-b38d-d3a5224f87fc,7fb983e8-6848-5425-97a2-14da72722d0f,f12dc775-43a4-58cf-8fed-0fb6ad7d74e7,2026-04-03T00:00:00,1,Producto vencido o dañado
fec7c9be-a546-5c22-9f4d-5c555cc44f82,e8aeb018-f679-5670-b210-de4f62ff2111,38adf7ba-476e-5e6b-9163-781a13538253,d6f21f11-7533-52dd-a4dc-2fb8e260c02c,e20fd1b3-6017-58e5-9cf7-3c96ce3d74a5,2026-04-04T00:00:00,3,Producto vencido o dañado
e3f0252b-2d9f-5f29-bad9-4e097f3fbd28,e8aeb018-f679-5670-b210-de4f62ff2111,97d26d91-c562-5f27-9ebd-285e89c8f4bf,d6f21f11-7533-52dd-a4dc-2fb8e260c02c,f8b48575-78b7-517f-842e-253a248ef8ea,2026-04-04T00:00:00,1,Producto vencido o dañado
16de5138-7f8a-5349-9f7f-7f699ed830c2,e8aeb018-f679-5670-b210-de4f62ff2111,6baabed2-52d7-5cb7-bf74-86c7cb3e4f07,7fb983e8-6848-5425-97a2-14da72722d0f,53913815-a50e-5f1d-987e-dfab3e881311,2026-04-04T00:00:00,3,Producto vencido o dañado
6dcc1644-909a-5d22-aaa6-1b71de5c95f7,e8aeb018-f679-5670-b210-de4f62ff2111,5bbfdec8-65ae-59e6-b211-5eccb5b765fa,d6f21f11-7533-52dd-a4dc-2fb8e260c02c,6c610326-68f2-5659-8235-ce7ffcd50daa,2026-04-05T00:00:00,1,Producto vencido o dañado
87a37bf6-c39b-5dcf-b534-da85b5005959,e8aeb018-f679-5670-b210-de4f62ff2111,d2f08f15-f9f2-5f65-a740-b05896774467,7fb983e8-6848-5425-97a2-14da72722d0f,a5c9df23-9ab6-5c83-b37d-33eeb1b85e7f,2026-04-05T00:00:00,1,Producto vencido o dañado
50b2685f-0065-56db-a7a4-4c375f81d345,e8aeb018-f679-5670-b210-de4f62ff2111,1ca3438e-9e23-58f0-a35f-f15f7a23beb9,d6f21f11-7533-52dd-a4dc-2fb8e260c02c,bc015b7d-466f-5c12-8bfd-db00d06001ea,2026-04-06T00:00:00,1,Producto vencido o dañado
1f41ac69-8ab8-5047-9c79-8a438f5b889c,e8aeb018-f679-5670-b210-de4f62ff2111,1ca3438e-9e23-58f0-a35f-f15f7a23beb9,8ecedccf-c230-516b-bbc2-108f7a6fbe63,812f7281-bede-5220-ae8e-c730c42bd221,2026-04-06T00:00:00,1,Producto vencido o dañado
2bc113fb-ab4d-5880-be00-f9e2ea1b1f29,e8aeb018-f679-5670-b210-de4f62ff2111,012857cc-907f-5e7d-b8fb-796d2c9f1621,7fb983e8-6848-5425-97a2-14da72722d0f,a3c79c24-0065-58fb-a7cc-e96e8f96bf30,2026-04-06T00:00:00,2,Producto vencido o dañado
ce2c23de-3b1e-59d2-a5c9-878f97a5d96d,e8aeb018-f679-5670-b210-de4f62ff2111,042e2e80-f954-5df4-97be-29dd428cc598,d6f21f11-7533-52dd-a4dc-2fb8e260c02c,4aa245b3-e759-55fc-8583-aa51737db29e,2026-04-07T00:00:00,2,Producto vencido o dañado
be67ef6f-b5d0-53ec-b00f-abf3a95de993,e8aeb018-f679-5670-b210-de4f62ff2111,82cd11ba-d1a0-58b1-b14f-edd741f36e87,8ecedccf-c230-516b-bbc2-108f7a6fbe63,7ef8042c-e64f-5e5d-8ce2-018f38525f2b,2026-04-08T00:00:00,2,Producto vencido o dañado
ab7c99e8-c674-5575-92f8-a9b320d2a175,e8aeb018-f679-5670-b210-de4f62ff2111,82cd11ba-d1a0-58b1-b14f-edd741f36e87,26f7241d-a84e-5e4a-a43d-33eea1e54eea,c877f57b-ff4b-5436-8cde-f509a4da7777,2026-04-10T00:00:00,3,Producto vencido o dañado
fe537cd0-2fcc-526b-bf72-f2078810610f,e8aeb018-f679-5670-b210-de4f62ff2111,012857cc-907f-5e7d-b8fb-796d2c9f1621,26f7241d-a84e-5e4a-a43d-33eea1e54eea,068b60c5-bd87-5229-9e71-854cb5196979,2026-04-10T00:00:00,2,Producto vencido o dañado
ff9dd0ac-4efe-5ddd-a9b5-639b28f1741f,e8aeb018-f679-5670-b210-de4f62ff2111,d9506935-1215-5499-93c0-8bdd86ab9418,7fb983e8-6848-5425-97a2-14da72722d0f,a52fec8b-f999-560a-b617-063f3ab0a4d0,2026-04-10T00:00:00,3,Producto vencido o dañado
9660e427-964f-5089-9c94-810995e399b1,e8aeb018-f679-5670-b210-de4f62ff2111,cd81184b-b6f1-563c-b463-36a69ddfb598,7fb983e8-6848-5425-97a2-14da72722d0f,e0b680ea-2d65-5e58-af63-329114d35b96,2026-04-11T00:00:00,3,Producto vencido o dañado
79f4018b-5afb-50c9-be37-398272ace8d1,e8aeb018-f679-5670-b210-de4f62ff2111,1e9605fd-5682-52b6-8f05-e8a92dd44513,8ecedccf-c230-516b-bbc2-108f7a6fbe63,18a8c3e5-1c7f-5999-9d78-b1025c5587fa,2026-04-14T00:00:00,3,Producto vencido o dañado
c496c407-970c-5e7e-9cd6-0f63aaf86c43,e8aeb018-f679-5670-b210-de4f62ff2111,d3961f5a-3ea7-53d3-89f4-78b65b0c0c6b,26f7241d-a84e-5e4a-a43d-33eea1e54eea,29e297b8-9edd-5c11-b56b-192a708f2609,2026-04-15T00:00:00,1,Producto vencido o dañado
f3316bf6-21ed-5026-9a66-7e9d251d6dc1,e8aeb018-f679-5670-b210-de4f62ff2111,82cd11ba-d1a0-58b1-b14f-edd741f36e87,43616d97-2221-569d-82eb-bcc14bcd6344,87860b26-b48e-54bc-8690-48ffe2b4d67e,2026-04-17T00:00:00,3,Producto vencido o dañado
14b74389-4fbb-5605-8868-1dd6f76bca13,e8aeb018-f679-5670-b210-de4f62ff2111,c0cf5e5c-b5c9-585a-8e79-d9830bc954f6,43616d97-2221-569d-82eb-bcc14bcd6344,6fdb651e-c43e-5317-b341-8907b87693a4,2026-04-17T00:00:00,2,Producto vencido o dañado
25283476-aeea-522a-ab71-a0070749f9c0,e8aeb018-f679-5670-b210-de4f62ff2111,5bbfdec8-65ae-59e6-b211-5eccb5b765fa,7fb983e8-6848-5425-97a2-14da72722d0f,7c968f81-583d-5746-b50f-2493906c7b14,2026-04-18T00:00:00,2,Producto vencido o dañado
3b7157d9-7bd5-5fa7-aad9-d95f2a2fff58,e8aeb018-f679-5670-b210-de4f62ff2111,1e9605fd-5682-52b6-8f05-e8a92dd44513,7fb983e8-6848-5425-97a2-14da72722d0f,ef5a2135-ef74-57ca-928c-f5c7aeb970cb,2026-04-18T00:00:00,3,Producto vencido o dañado
b01f1cc4-eed7-512a-8727-63241227a6f5,e8aeb018-f679-5670-b210-de4f62ff2111,0ec23038-d3ab-588c-bbd6-1f5c744cdde1,43616d97-2221-569d-82eb-bcc14bcd6344,8492326e-6b14-5d4d-82f2-0ba3416706dc,2026-04-19T00:00:00,1,Producto vencido o dañado
c295da6b-2191-52eb-8b05-b29f8b1aaee7,e8aeb018-f679-5670-b210-de4f62ff2111,22231140-3780-5fe8-a7d4-d33f61d15111,8ecedccf-c230-516b-bbc2-108f7a6fbe63,828db402-4813-5db4-91d8-63b2b4f0b2f5,2026-04-19T00:00:00,3,Producto vencido o dañado
18a3b12d-51e5-50cd-bdbe-e94e0a06162d,e8aeb018-f679-5670-b210-de4f62ff2111,cd81184b-b6f1-563c-b463-36a69ddfb598,7fb983e8-6848-5425-97a2-14da72722d0f,e0b680ea-2d65-5e58-af63-329114d35b96,2026-04-19T00:00:00,2,Producto vencido o dañado
c1921582-cb4d-5299-97d8-23dd0d540b6c,e8aeb018-f679-5670-b210-de4f62ff2111,983871db-adfb-543e-b438-6b00044ffb64,d6f21f11-7533-52dd-a4dc-2fb8e260c02c,048a6366-180b-5826-b0a2-a9947b7a59f0,2026-04-20T00:00:00,3,Producto vencido o dañado
3eeb14b9-fd0c-589a-81f3-b1133d176b12,e8aeb018-f679-5670-b210-de4f62ff2111,4d9429b6-2ebf-5b5d-ac48-f779d5a1e270,26f7241d-a84e-5e4a-a43d-33eea1e54eea,5b3ef3ba-8d97-516f-bc1c-2ecd7f77b0ef,2026-04-21T00:00:00,2,Producto vencido o dañado
ce5e3e4a-41cb-5825-8460-08bcd3c2cf65,e8aeb018-f679-5670-b210-de4f62ff2111,6d807393-f4ab-5f76-b544-251eeda27ba3,26f7241d-a84e-5e4a-a43d-33eea1e54eea,edfee8ce-9bf6-525e-b70c-16387c6e2397,2026-04-22T00:00:00,2,Producto vencido o dañado
a945fce7-626d-511d-9b20-464463ab68df,e8aeb018-f679-5670-b210-de4f62ff2111,012857cc-907f-5e7d-b8fb-796d2c9f1621,7fb983e8-6848-5425-97a2-14da72722d0f,b62a0a6d-1d25-5b53-8377-163afbe4db7d,2026-04-22T00:00:00,2,Producto vencido o dañado
ed1e3af7-ec92-533d-b343-1154d61363f1,e8aeb018-f679-5670-b210-de4f62ff2111,2897aac2-f219-5167-b800-73fac27f6b85,43616d97-2221-569d-82eb-bcc14bcd6344,4a55f51a-ebae-5a41-9944-9249be4a7b14,2026-04-23T00:00:00,1,Producto vencido o dañado
6b6d7a9a-acb5-5708-b388-12f55f3d40d0,e8aeb018-f679-5670-b210-de4f62ff2111,97d26d91-c562-5f27-9ebd-285e89c8f4bf,d6f21f11-7533-52dd-a4dc-2fb8e260c02c,63af18a9-dd86-5eae-9699-b3339b7a9795,2026-04-23T00:00:00,2,Producto vencido o dañado
7a996256-7dfc-5925-81e8-598559f8839f,e8aeb018-f679-5670-b210-de4f62ff2111,d3961f5a-3ea7-53d3-89f4-78b65b0c0c6b,d6f21f11-7533-52dd-a4dc-2fb8e260c02c,2e318fce-190c-5956-9fbf-83364f0e3721,2026-04-24T00:00:00,1,Producto vencido o dañado
21fe8b78-9f18-5143-b361-526cff8f66e9,e8aeb018-f679-5670-b210-de4f62ff2111,d9506935-1215-5499-93c0-8bdd86ab9418,26f7241d-a84e-5e4a-a43d-33eea1e54eea,f6d44a07-50cf-5b9b-bee2-862f3ea39861,2026-04-25T00:00:00,1,Producto vencido o dañado
2f1d1a02-b6ee-576a-87e2-339cff80d13b,e8aeb018-f679-5670-b210-de4f62ff2111,2eb3a104-e572-583a-afa0-156ee0dc4cce,d6f21f11-7533-52dd-a4dc-2fb8e260c02c,0720d54d-116e-5c85-90ab-170f1cd6905f,2026-04-25T00:00:00,1,Producto vencido o dañado
5c6da461-b6f8-58ab-9f36-4a77b08273fb,e8aeb018-f679-5670-b210-de4f62ff2111,983871db-adfb-543e-b438-6b00044ffb64,43616d97-2221-569d-82eb-bcc14bcd6344,777a30bf-f1ad-59ab-af47-ef4f2681dddb,2026-04-26T00:00:00,3,Producto vencido o dañado
88ee9ca6-135c-568a-b7c1-9617406fbb96,e8aeb018-f679-5670-b210-de4f62ff2111,82cd11ba-d1a0-58b1-b14f-edd741f36e87,d6f21f11-7533-52dd-a4dc-2fb8e260c02c,be2c5cf6-ea6f-5e1a-bdd1-0d0807439cd4,2026-04-27T00:00:00,1,Producto vencido o dañado
43df1a42-12a6-5f1f-a4f7-679e282289dd,e8aeb018-f679-5670-b210-de4f62ff2111,1ca3438e-9e23-58f0-a35f-f15f7a23beb9,7fb983e8-6848-5425-97a2-14da72722d0f,ec6ddea4-406f-57ad-99a0-bb25cf74eeef,2026-04-27T00:00:00,1,Producto vencido o dañado
65c7ef06-ed97-5034-9917-ac22deff14f8,e8aeb018-f679-5670-b210-de4f62ff2111,983871db-adfb-543e-b438-6b00044ffb64,d6f21f11-7533-52dd-a4dc-2fb8e260c02c,048a6366-180b-5826-b0a2-a9947b7a59f0,2026-04-28T00:00:00,2,Producto vencido o dañado
85b376b9-1222-5637-a612-db71ea9b65f5,e8aeb018-f679-5670-b210-de4f62ff2111,c0cf5e5c-b5c9-585a-8e79-d9830bc954f6,8ecedccf-c230-516b-bbc2-108f7a6fbe63,4ef519c9-df51-57d1-9b68-84d22780313c,2026-04-28T00:00:00,2,Producto vencido o dañado
ba34fb4f-b3bf-5f98-955b-342c366292a1,e8aeb018-f679-5670-b210-de4f62ff2111,9928e9a1-d9fc-5fdd-86c2-8909352fd7fe,7fb983e8-6848-5425-97a2-14da72722d0f,edd44f61-2cc6-5a22-9af5-f61dfeff107b,2026-04-28T00:00:00,2,Producto vencido o dañado
084187b9-a571-597c-8aad-50c2da9a9ab4,e8aeb018-f679-5670-b210-de4f62ff2111,d0ae6d2d-e561-56b3-a2c1-113c1c56ae81,26f7241d-a84e-5e4a-a43d-33eea1e54eea,ebd2b028-2aea-5249-ab10-ce83936cc6c9,2026-04-30T00:00:00,1,Producto vencido o dañado
62ffd1f0-61c8-5a1c-866d-937813aa5e8e,e8aeb018-f679-5670-b210-de4f62ff2111,0ec23038-d3ab-588c-bbd6-1f5c744cdde1,8ecedccf-c230-516b-bbc2-108f7a6fbe63,081f9170-3d34-5501-9de1-fc780ca5f03d,2026-04-30T00:00:00,3,Producto vencido o dañado
e5dbb56b-edc1-51e7-b477-d6a1e83b24c5,e8aeb018-f679-5670-b210-de4f62ff2111,2eb3a104-e572-583a-afa0-156ee0dc4cce,7fb983e8-6848-5425-97a2-14da72722d0f,d3957b2b-eebd-588a-a2ac-6a7aa7eed7a3,2026-04-30T00:00:00,3,Producto vencido o dañado
06d5b3af-71c1-574d-a6d5-2ad7ec51edc7,e8aeb018-f679-5670-b210-de4f62ff2111,d3961f5a-3ea7-53d3-89f4-78b65b0c0c6b,43616d97-2221-569d-82eb-bcc14bcd6344,223af7d6-233b-570a-8afc-07cc6c0fe1f2,2026-05-01T00:00:00,1,Producto vencido o dañado
4f05047d-1323-525f-8c00-430255dd9d7d,e8aeb018-f679-5670-b210-de4f62ff2111,2897aac2-f219-5167-b800-73fac27f6b85,d6f21f11-7533-52dd-a4dc-2fb8e260c02c,8017e8a9-742e-5237-a0fe-83df892304ec,2026-05-01T00:00:00,3,Producto vencido o dañado
ba044cb2-14a3-57f4-9efa-94872e7e70ac,e8aeb018-f679-5670-b210-de4f62ff2111,22231140-3780-5fe8-a7d4-d33f61d15111,26f7241d-a84e-5e4a-a43d-33eea1e54eea,28a75abd-f605-5fc3-afcb-231f5effc05b,2026-05-04T00:00:00,1,Producto vencido o dañado
1888108d-46d6-5b8e-8d69-1171e578245b,e8aeb018-f679-5670-b210-de4f62ff2111,07371b94-955f-52a4-9bf9-f0a6ad2b4fa8,8ecedccf-c230-516b-bbc2-108f7a6fbe63,fd87d0d4-6513-56fe-81da-356c706a28fe,2026-05-04T00:00:00,2,Producto vencido o dañado
b5335c77-7c32-5d75-92f2-0aed8426768b,e8aeb018-f679-5670-b210-de4f62ff2111,94e18241-54bd-5516-b36f-94ab6e323aca,d6f21f11-7533-52dd-a4dc-2fb8e260c02c,3f551ae1-8893-5257-be31-18f4b3b2020e,2026-05-05T00:00:00,3,Producto vencido o dañado
4ced9201-78a3-55be-bf07-58e6dc2f59b5,e8aeb018-f679-5670-b210-de4f62ff2111,2082733c-4e17-51fe-bc8c-bf33d3ec5d7e,8ecedccf-c230-516b-bbc2-108f7a6fbe63,27d653d9-2c0f-5dcf-ae88-08ac91f9e11b,2026-05-05T00:00:00,1,Producto vencido o dañado
dbcbea0c-869f-5616-8900-bc5260a85253,e8aeb018-f679-5670-b210-de4f62ff2111,c0cf5e5c-b5c9-585a-8e79-d9830bc954f6,43616d97-2221-569d-82eb-bcc14bcd6344,625ca64a-3fc5-59a1-86f9-d9de29e40e7e,2026-05-06T00:00:00,1,Producto vencido o dañado
8f319bf1-bffa-52c4-b5a6-2741b7584266,e8aeb018-f679-5670-b210-de4f62ff2111,d9506935-1215-5499-93c0-8bdd86ab9418,43616d97-2221-569d-82eb-bcc14bcd6344,28532da3-55a8-5353-80cb-3d0fe718dc6a,2026-05-06T00:00:00,1,Producto vencido o dañado
a87bc097-ca76-5e74-8fbe-0463e40da249,e8aeb018-f679-5670-b210-de4f62ff2111,6d807393-f4ab-5f76-b544-251eeda27ba3,26f7241d-a84e-5e4a-a43d-33eea1e54eea,6ccaa096-8b23-59df-8e8a-65fb4dc80846,2026-05-07T00:00:00,1,Producto vencido o dañado
e38d2f53-80cf-542e-841f-ae2cd48d980a,e8aeb018-f679-5670-b210-de4f62ff2111,4d9429b6-2ebf-5b5d-ac48-f779d5a1e270,8ecedccf-c230-516b-bbc2-108f7a6fbe63,2e45e9c2-ad5b-5247-bb58-72a91964038e,2026-05-07T00:00:00,2,Producto vencido o dañado
e06c0a06-ba93-53d8-a701-f4496c07eb5d,e8aeb018-f679-5670-b210-de4f62ff2111,82cd11ba-d1a0-58b1-b14f-edd741f36e87,7fb983e8-6848-5425-97a2-14da72722d0f,abed4f0d-0d9c-51e2-9a5a-b1e18ee63975,2026-05-07T00:00:00,1,Producto vencido o dañado
3e1eba57-8932-5ffc-860f-09300a076925,e8aeb018-f679-5670-b210-de4f62ff2111,983871db-adfb-543e-b438-6b00044ffb64,d6f21f11-7533-52dd-a4dc-2fb8e260c02c,048a6366-180b-5826-b0a2-a9947b7a59f0,2026-05-08T00:00:00,2,Producto vencido o dañado
d6352292-e8b3-5f0a-93c4-72f68c207fc1,e8aeb018-f679-5670-b210-de4f62ff2111,012857cc-907f-5e7d-b8fb-796d2c9f1621,7fb983e8-6848-5425-97a2-14da72722d0f,b62a0a6d-1d25-5b53-8377-163afbe4db7d,2026-05-08T00:00:00,2,Producto vencido o dañado
b8951690-0463-5c82-9cb7-1f4eced3f190,e8aeb018-f679-5670-b210-de4f62ff2111,d9506935-1215-5499-93c0-8bdd86ab9418,d6f21f11-7533-52dd-a4dc-2fb8e260c02c,ba0815f2-073c-5c12-b0e2-3766da2e537f,2026-05-09T00:00:00,3,Producto vencido o dañado
