id,org_id,proveedor_id,producto_id,fecha_pedido,fecha_recepcion,dias
93555a00-4b81-583e-9e4b-bc1b4b86cbc0,e8aeb018-f679-5670-b210-de4f62ff2111,41cb90d0-d91a-57c2-b138-831be351479f,38adf7ba-476e-5e6b-9163-781a13538253,2024-01-09,2024-01-14,5
132cc549-1d37-5280-b2ca-c6b35f0c0a99,e8aeb018-f679-5670-b210-de4f62ff2111,76d6c9f4-5d7d-53c0-bb1f-2a577383765a,c0cf5e5c-b5c9-585a-8e79-d9830bc954f6,2024-01-13,2024-01-16,3
efdafa33-3959-5ca1-aca1-60d583d76404,e8aeb018-f679-5670-b210-de4f62ff2111,41cb90d0-d91a-57c2-b138-831be351479f,38adf7ba-476e-5e6b-9163-781a13538253,2024-01-12,2024-01-17,5
0368981f-0dd9-5180-aeb7-c01c51040206,e8aeb018-f679-5670-b210-de4f62ff2111,41cb90d0-d91a-57c2-b138-831be351479f,38adf7ba-476e-5e6b-9163-781a13538253,2024-01-12,2024-01-17,5
7d3179a9-fbe9-50d9-9fcd-a3bbd75d6032,e8aeb018-f679-5670-b210-de4f62ff2111,ab4a547f-e75d-5601-8171-00da4efa4b57,94e18241-54bd-5516-b36f-94ab6e323aca,2024-01-11,2024-01-18,7
4f63485c-1d74-5910-851f-f40cc374f91c,e8aeb018-f679-5670-b210-de4f62ff2111,41cb90d0-d91a-57c2-b138-831be351479f,38adf7ba-476e-5e6b-9163-781a13538253,2024-01-13,2024-01-18,5
65fba02c-451f-532b-b75b-1b4d41440b5c,e8aeb018-f679-5670-b210-de4f62ff2111,76d6c9f4-5d7d-53c0-bb1f-2a577383765a,d3961f5a-3ea7-53d3-89f4-78b65b0c0c6b,2024-01-17,2024-01-20,3
f7d1e1e6-c41e-5bbb-9b01-6e1a119b175f,e8aeb018-f679-5670-b210-de4f62ff2111,41cb90d0-d91a-57c2-b138-831be351479f,38adf7ba-476e-5e6b-9163-781a13538253,2024-01-15,2024-01-20,5
d64b2c3e-8c00-509e-a363-d2f8630ba8ae,e8aeb018-f679-5670-b210-de4f62ff2111,76d6c9f4-5d7d-53c0-bb1f-2a577383765a,c0cf5e5c-b5c9-585a-8e79-d9830bc954f6,2024-01-18,2024-01-21,3
3e22a453-7237-5870-915c-d91b81980f6e,e8aeb018-f679-5670-b210-de4f62ff2111,76d6c9f4-5d7d-53c0-bb1f-2a577383765a,c0cf5e5c-b5c9-585a-8e79-d9830bc954f6,2024-01-18,2024-01-21,3
451c1939-0d49-55fc-82a4-2c8ff7c5d91a,e8aeb018-f679-5670-b210-de4f62ff2111,76d6c9f4-5d7d-53c0-bb1f-2a577383765a,d3961f5a-3ea7-53d3-89f4-78b65b0c0c6b,2024-01-19,2024-01-22,3
4dc2886f-4650-57fd-8f49-d2261f9f99b3,e8aeb018-f679-5670-b210-de4f62ff2111,ab4a547f-e75d-5601-8171-00da4efa4b57,94e18241-54bd-5516-b36f-94ab6e323aca,2024-01-15,2024-01-22,7
7325fab8-4c31-507e-96db-1e518ece661a,e8aeb018-f679-5670-b210-de4f62ff2111,c6617891-56ff-5690-89a4-1ece06685ff5,87b859e0-789a-56e6-b1ba-4fe76221d3bf,2024-01-12,2024-01-22,10
21ff52ac-0753-5801-a8a1-62960fbf368c,e8aeb018-f679-5670-b210-de4f62ff2111,ab4a547f-e75d-5601-8171-00da4efa4b57,94e18241-54bd-5516-b36f-94ab6e323aca,2024-01-15,2024-01-22,7
06e99265-8af3-5dfa-a011-6ed16a9f1b13,e8aeb018-f679-5670-b210-de4f62ff2111,76d6c9f4-5d7d-53c0-bb1f-2a577383765a,d3961f5a-3ea7-53d3-89f4-78b65b0c0c6b,2024-01-19,2024-01-22,3
557c9ae2-e8b8-5f9f-9ac8-8744842292a3,e8aeb018-f679-5670-b210-de4f62ff2111,ab4a547f-e75d-5601-8171-00da4efa4b57,94e18241-54bd-5516-b36f-94ab6e323aca,2024-01-15,2024-01-22,7
2ee3cdba-3ee3-56cd-af9a-60af42249448,e8aeb018-f679-5670-b210-de4f62ff2111,c6617891-56ff-5690-89a4-1ece06685ff5,87b859e0-789a-56e6-b1ba-4fe76221d3bf,2024-01-12,2024-01-22,10
998aaa60-0015-50ba-99c0-161d4c943026,e8aeb018-f679-5670-b210-de4f62ff2111,41cb90d0-d91a-57c2-b138-831be351479f,d2f08f15-f9f2-5f65-a740-b05896774467,2024-01-18,2024-01-23,5
7ccec264-4584-56c4-abd9-27e7c33d152a,e8aeb018-f679-5670-b210-de4f62ff2111,41cb90d0-d91a-57c2-b138-831be351479f,d2f08f15-f9f2-5f65-a740-b05896774467,2024-01-18,2024-01-23,5
8ef0ffde-c994-5f85-ae89-9820504ab573,e8aeb018-f679-5670-b210-de4f62ff2111,c6617891-56ff-5690-89a4-1ece06685ff5,1ca3438e-9e23-58f0-a35f-f15f7a23beb9,2024-01-13,2024-01-23,10
ebf1b36a-a179-596b-a521-d4e81774fbf9,e8aeb018-f679-5670-b210-de4f62ff2111,ab4a547f-e75d-5601-8171-00da4efa4b57,94e18241-54bd-5516-b36f-94ab6e323aca,2024-01-16,2024-01-23,7
26194816-1835-5dae-9712-016416e5ebd8,e8aeb018-f679-5670-b210-de4f62ff2111,41cb90d0-d91a-57c2-b138-831be351479f,d2f08f15-f9f2-5f65-a740-b05896774467,2024-01-19,2024-01-24,5
9013ef8c-f83a-5c26-b147-3194a0b5d297,e8aeb018-f679-5670-b210-de4f62ff2111,41cb90d0-d91a-57c2-b138-831be351479f,d2f08f15-f9f2-5f65-a740-b05896774467,2024-01-19,2024-01-24,5
92d2039d-9ca8-5c65-b0c1-69d0aec0e28c,e8aeb018-f679-5670-b210-de4f62ff2111,c6617891-56ff-5690-89a4-1ece06685ff5,87b859e0-789a-56e6-b1ba-4fe76221d3bf,2024-01-15,2024-01-25,10
99a3126a-3d9f-538b-8044-28d685d87192,e8aeb018-f679-5670-b210-de4f62ff2111,76d6c9f4-5d7d-53c0-bb1f-2a577383765a,c0cf5e5c-b5c9-585a-8e79-d9830bc954f6,2024-01-22,2024-01-25,3
415cf786-d526-588a-a4e7-a58a1d0374d8,e8aeb018-f679-5670-b210-de4f62ff2111,76d6c9f4-5d7d-53c0-bb1f-2a577383765a,2082733c-4e17-51fe-bc8c-bf33d3ec5d7e,2024-01-22,2024-01-25,3
95c4aef4-1cc2-57e4-9b2d-356aae098139,e8aeb018-f679-5670-b210-de4f62ff2111,76d6c9f4-5d7d-53c0-bb1f-2a577383765a,2082733c-4e17-51fe-bc8c-bf33d3ec5d7e,2024-01-22,2024-01-25,3
289ab277-85f9-587c-8521-6125c0a2175c,e8aeb018-f679-5670-b210-de4f62ff2111,76d6c9f4-5d7d-53c0-bb1f-2a577383765a,cd81184b-b6f1-563c-b463-36a69ddfb598,2024-01-22,2024-01-25,3
5cb03429-01ca-5ff7-88da-1dbefe277132,e8aeb018-f679-5670-b210-de4f62ff2111,76d6c9f4-5d7d-53c0-bb1f-2a577383765a,c0cf5e5c-b5c9-585a-8e79-d9830bc954f6,2024-01-22,2024-01-25,3
070ea4f7-7bd8-578d-b3fa-8c8d0c4cf624,e8aeb018-f679-5670-b210-de4f62ff2111,41cb90d0-d91a-57c2-b138-831be351479f,d2f08f15-f9f2-5f65-a740-b05896774467,2024-01-20,2024-01-25,5
de8c8b26-276b-57ad-939b-9bb341e5f8f0,e8aeb018-f679-5670-b210-de4f62ff2111,c6617891-56ff-5690-89a4-1ece06685ff5,1ca3438e-9e23-58f0-a35f-f15f7a23beb9,2024-01-15,2024-01-25,10
0d6e9692-6211-53fe-ba9d-531ac8197efd,e8aeb018-f679-5670-b210-de4f62ff2111,76d6c9f4-5d7d-53c0-bb1f-2a577383765a,cd81184b-b6f1-563c-b463-36a69ddfb598,2024-01-22,2024-01-25,3
abf724eb-31ae-5c8c-a02d-529f3e0942f0,e8aeb018-f679-5670-b210-de4f62ff2111,c6617891-56ff-5690-89a4-1ece06685ff5,042e2e80-f954-5df4-97be-29dd428cc598,2024-01-16,2024-01-26,10
813020b5-fc75-5e8f-b675-70689a5a9b35,e8aeb018-f679-5670-b210-de4f62ff2111,c6617891-56ff-5690-89a4-1ece06685ff5,1ca3438e-9e23-58f0-a35f-f15f7a23beb9,2024-01-16,2024-01-26,10
f929a2e5-dc98-5e15-b175-0aae7967568e,e8aeb018-f679-5670-b210-de4f62ff2111,76d6c9f4-5d7d-53c0-bb1f-2a577383765a,cd81184b-b6f1-563c-b463-36a69ddfb598,2024-01-23,2024-01-26,3
ad731868-68c7-507b-8472-59246045a93e,e8aeb018-f679-5670-b210-de4f62ff2111,ab4a547f-e75d-5601-8171-00da4efa4b57,6d807393-f4ab-5f76-b544-251eeda27ba3,2024-01-19,2024-01-26,7
ddf15fb0-41c3-5ccf-bd27-cbdefe9c9a21,e8aeb018-f679-5670-b210-de4f62ff2111,76d6c9f4-5d7d-53c0-bb1f-2a577383765a,5bbfdec8-65ae-59e6-b211-5eccb5b765fa,2024-01-23,2024-01-26,3
7d650f04-d21d-5d50-bfe8-c9e8453ba3ce,e8aeb018-f679-5670-b210-de4f62ff2111,c6617891-56ff-5690-89a4-1ece06685ff5,87b859e0-789a-56e6-b1ba-4fe76221d3bf,2024-01-16,2024-01-26,10
840dbd9f-e28c-541d-b4fe-09ec46d67e41,e8aeb018-f679-5670-b210-de4f62ff2111,76d6c9f4-5d7d-53c0-bb1f-2a577383765a,d3961f5a-3ea7-53d3-89f4-78b65b0c0c6b,2024-01-23,2024-01-26,3
bcd827d6-7138-5a83-97ef-ffa6423123c3,e8aeb018-f679-5670-b210-de4f62ff2111,76d6c9f4-5d7d-53c0-bb1f-2a577383765a,d3961f5a-3ea7-53d3-89f4-78b65b0c0c6b,2024-01-24,2024-01-27,3
9ec8c747-5170-53f0-8b6f-783188328bb9,e8aeb018-f679-5670-b210-de4f62ff2111,c6617891-56ff-5690-89a4-1ece06685ff5,1ca3438e-9e23-58f0-a35f-f15f7a23beb9,2024-01-17,2024-01-27,10
4f014b10-9d95-5017-b630-3b5e3e3a620e,e8aeb018-f679-5670-b210-de4f62ff2111,c6617891-56ff-5690-89a4-1ece06685ff5,1ca3438e-9e23-58f0-a35f-f15f7a23beb9,2024-01-17,2024-01-27,10
9029ba22-c174-5443-97fc-d02e2d397b08,e8aeb018-f679-5670-b210-de4f62ff2111,41cb90d0-d91a-57c2-b138-831be351479f,6baabed2-52d7-5cb7-bf74-86c7cb3e4f07,2024-01-22,2024-01-27,5
01edcad9-144e-5e2b-8c2f-3d78ecd6e2f2,e8aeb018-f679-5670-b210-de4f62ff2111,41cb90d0-d91a-57c2-b138-831be351479f,82cd11ba-d1a0-58b1-b14f-edd741f36e87,2024-01-22,2024-01-27,5
3ba82e35-c9ea-5baa-b037-f93851910cfc,e8aeb018-f679-5670-b210-de4f62ff2111,c6617891-56ff-5690-89a4-1ece06685ff5,87b859e0-789a-56e6-b1ba-4fe76221d3bf,2024-01-17,2024-01-27,10
22887323-0684-5cf4-87e7-55bc37513ded,e8aeb018-f679-5670-b210-de4f62ff2111,76d6c9f4-5d7d-53c0-bb1f-2a577383765a,2082733c-4e17-51fe-bc8c-bf33d3ec5d7e,2024-01-25,2024-01-28,3
e9d1c489-bacd-58eb-8c0c-b6f7838d0415,e8aeb018-f679-5670-b210-de4f62ff2111,c6617891-56ff-5690-89a4-1ece06685ff5,d9506935-1215-5499-93c0-8bdd86ab9418,2024-01-18,2024-01-28,10
5c66f39d-aea9-50a4-a0cc-66c90931c4fe,e8aeb018-f679-5670-b210-de4f62ff2111,76d6c9f4-5d7d-53c0-bb1f-2a577383765a,2082733c-4e17-51fe-bc8c-bf33d3ec5d7e,2024-01-25,2024-01-28,3
fb5b661d-0ea1-5ca3-b16b-fa89e4c70459,e8aeb018-f679-5670-b210-de4f62ff2111,41cb90d0-d91a-57c2-b138-831be351479f,2933d8b7-2438-521b-b38d-d3a5224f87fc,2024-01-23,2024-01-28,5
1fbccf6b-23ee-55fb-a15a-2c4b70157201,e8aeb018-f679-5670-b210-de4f62ff2111,76d6c9f4-5d7d-53c0-bb1f-2a577383765a,d0ae6d2d-e561-56b3-a2c1-113c1c56ae81,2024-01-25,2024-01-28,3
8496b6a7-2819-560c-bc28-c6c9fafcd0fe,e8aeb018-f679-5670-b210-de4f62ff2111,41cb90d0-d91a-57c2-b138-831be351479f,6baabed2-52d7-5cb7-bf74-86c7cb3e4f07,2024-01-23,2024-01-28,5
996d7486-5238-58e6-8433-eb21eb770f2a,e8aeb018-f679-5670-b210-de4f62ff2111,41cb90d0-d91a-57c2-b138-831be351479f,6baabed2-52d7-5cb7-bf74-86c7cb3e4f07,2024-01-23,2024-01-28,5
a0c7ee75-0154-502a-a9e0-61a9016332e5,e8aeb018-f679-5670-b210-de4f62ff2111,76d6c9f4-5d7d-53c0-bb1f-2a577383765a,d0ae6d2d-e561-56b3-a2c1-113c1c56ae81,2024-01-25,2024-01-28,3
cef48eac-2fef-5fa8-9976-936819741b6e,e8aeb018-f679-5670-b210-de4f62ff2111,76d6c9f4-5d7d-53c0-bb1f-2a577383765a,5bbfdec8-65ae-59e6-b211-5eccb5b765fa,2024-01-26,2024-01-29,3
f944b5af-47fc-5b99-9a32-147b83a4cc19,e8aeb018-f679-5670-b210-de4f62ff2111,41cb90d0-d91a-57c2-b138-831be351479f,82cd11ba-d1a0-58b1-b14f-edd741f36e87,2024-01-24,2024-01-29,5
cc483636-af62-5bbf-91ad-e25859a92eb4,e8aeb018-f679-5670-b210-de4f62ff2111,76d6c9f4-5d7d-53c0-bb1f-2a577383765a,d0ae6d2d-e561-56b3-a2c1-113c1c56ae81,2024-01-26,2024-01-29,3
6f319d1a-7952-57aa-80ad-09cdfb3cf4de,e8aeb018-f679-5670-b210-de4f62ff2111,76d6c9f4-5d7d-53c0-bb1f-2a577383765a,cd81184b-b6f1-563c-b463-36a69ddfb598,2024-01-26,2024-01-29,3
68baf928-6501-5200-a456-1a10c7f2833b,e8aeb018-f679-5670-b210-de4f62ff2111,76d6c9f4-5d7d-53c0-bb1f-2a577383765a,5bbfdec8-65ae-59e6-b211-5eccb5b765fa,2024-01-26,2024-01-29,3
03f604a6-88d8-588f-b9fa-69728ecd29d7,e8aeb018-f679-5670-b210-de4f62ff2111,ab4a547f-e75d-5601-8171-00da4efa4b57,97d26d91-c562-5f27-9ebd-285e89c8f4bf,2024-01-22,2024-01-29,7
d501fd89-24d6-5821-b2db-21e6f55ea8c1,e8aeb018-f679-5670-b210-de4f62ff2111,ab4a547f-e75d-5601-8171-00da4efa4b57,97d26d91-c562-5f27-9ebd-285e89c8f4bf,2024-01-22,2024-01-29,7
2ad344cf-7fc2-5b70-8a74-e4c206243171,e8aeb018-f679-5670-b210-de4f62ff2111,ab4a547f-e75d-5601-8171-00da4efa4b57,012857cc-907f-5e7d-b8fb-796d2c9f1621,2024-01-22,2024-01-29,7
c5b63525-da43-5c86-bc0d-cda0df2ec15c,e8aeb018-f679-5670-b210-de4f62ff2111,41cb90d0-d91a-57c2-b138-831be351479f,2933d8b7-2438-521b-b38d-d3a5224f87fc,2024-01-24,2024-01-29,5
8bb5fddc-5f54-507d-a827-b06311fd8bb8,e8aeb018-f679-5670-b210-de4f62ff2111,76d6c9f4-5d7d-53c0-bb1f-2a577383765a,2082733c-4e17-51fe-bc8c-bf33d3ec5d7e,2024-01-26,2024-01-29,3
d7e2814a-7851-5c0c-a836-d1bd5ca76450,e8aeb018-f679-5670-b210-de4f62ff2111,ab4a547f-e75d-5601-8171-00da4efa4b57,97d26d91-c562-5f27-9ebd-285e89c8f4bf,2024-01-23,2024-01-30,7
b232b982-23e4-5a6c-be14-8e3c960c6c6f,e8aeb018-f679-5670-b210-de4f62ff2111,41cb90d0-d91a-57c2-b138-831be351479f,2933d8b7-2438-521b-b38d-d3a5224f87fc,2024-01-25,2024-01-30,5
eafa002d-8594-5cce-9c1c-68837140771c,e8aeb018-f679-5670-b210-de4f62ff2111,41cb90d0-d91a-57c2-b138-831be351479f,38adf7ba-476e-5e6b-9163-781a13538253,2024-01-25,2024-01-30,5
f5766fbf-c3f4-5894-a7c8-e89f3d2c4446,e8aeb018-f679-5670-b210-de4f62ff2111,a6f6d890-1609-53fc-b4a6-5733ccc9d078,4d9429b6-2ebf-5b5d-ac48-f779d5a1e270,2024-01-16,2024-01-30,14
9d330ae1-b3e8-577c-8ae5-c6239dc8ac02,e8aeb018-f679-5670-b210-de4f62ff2111,41cb90d0-d91a-57c2-b138-831be351479f,2933d8b7-2438-521b-b38d-d3a5224f87fc,2024-01-25,2024-01-30,5
d4276266-9af3-5e6d-9e56-fc99d7d2c710,e8aeb018-f679-5670-b210-de4f62ff2111,76d6c9f4-5d7d-53c0-bb1f-2a577383765a,d0ae6d2d-e561-56b3-a2c1-113c1c56ae81,2024-01-27,2024-01-30,3
30d4a7e8-94b5-52b9-8a19-c4342889b226,e8aeb018-f679-5670-b210-de4f62ff2111,76d6c9f4-5d7d-53c0-bb1f-2a577383765a,5bbfdec8-65ae-59e6-b211-5eccb5b765fa,2024-01-27,2024-01-30,3
98dd611f-2dd6-544f-9811-2effad1ae466,e8aeb018-f679-5670-b210-de4f62ff2111,ab4a547f-e75d-5601-8171-00da4efa4b57,97d26d91-c562-5f27-9ebd-285e89c8f4bf,2024-01-23,2024-01-30,7
482af9f6-8d15-5c85-9e2c-06849d80d59b,e8aeb018-f679-5670-b210-de4f62ff2111,41cb90d0-d91a-57c2-b138-831be351479f,2933d8b7-2438-521b-b38d-d3a5224f87fc,2024-01-26,2024-01-31,5
307a4d7d-bea7-5ca8-b6bd-6dce75c4617b,e8aeb018-f679-5670-b210-de4f62ff2111,ab4a547f-e75d-5601-8171-00da4efa4b57,6d807393-f4ab-5f76-b544-251eeda27ba3,2024-01-24,2024-01-31,7
f9ed0362-8f6d-5af8-a390-eebd0da68455,e8aeb018-f679-5670-b210-de4f62ff2111,41cb90d0-d91a-57c2-b138-831be351479f,38adf7ba-476e-5e6b-9163-781a13538253,2024-01-26,2024-01-31,5
ce70c86c-7c24-50fc-91c3-2e43dbe6a7f0,e8aeb018-f679-5670-b210-de4f62ff2111,a6f6d890-1609-53fc-b4a6-5733ccc9d078,0ec23038-d3ab-588c-bbd6-1f5c744cdde1,2024-01-17,2024-01-31,14
80f74e7e-833a-5588-a5da-f134a3f471ae,e8aeb018-f679-5670-b210-de4f62ff2111,41cb90d0-d91a-57c2-b138-831be351479f,6baabed2-52d7-5cb7-bf74-86c7cb3e4f07,2024-01-26,2024-01-31,5
872c4ffd-5dec-5f1d-a5b8-c3a395c76e53,e8aeb018-f679-5670-b210-de4f62ff2111,ab4a547f-e75d-5601-8171-00da4efa4b57,6d807393-f4ab-5f76-b544-251eeda27ba3,2024-01-24,2024-01-31,7
67203ca3-4c31-5cd9-b931-052af0319d78,e8aeb018-f679-5670-b210-de4f62ff2111,a6f6d890-1609-53fc-b4a6-5733ccc9d078,4d9429b6-2ebf-5b5d-ac48-f779d5a1e270,2024-01-17,2024-01-31,14
91847595-6eec-5993-861e-57a13347d633,e8aeb018-f679-5670-b210-de4f62ff2111,a6f6d890-1609-53fc-b4a6-5733ccc9d078,4d9429b6-2ebf-5b5d-ac48-f779d5a1e270,2024-01-18,2024-02-01,14
a46e07aa-501f-568f-8bf0-cfaf7cc6a600,e8aeb018-f679-5670-b210-de4f62ff2111,ab4a547f-e75d-5601-8171-00da4efa4b57,22231140-3780-5fe8-a7d4-d33f61d15111,2024-01-25,2024-02-01,7
dce2dd01-90a4-5eea-87a4-ec48dafb892b,e8aeb018-f679-5670-b210-de4f62ff2111,76d6c9f4-5d7d-53c0-bb1f-2a577383765a,cd81184b-b6f1-563c-b463-36a69ddfb598,2024-01-29,2024-02-01,3
62a6740e-6f33-587b-845d-7cdb53c10770,e8aeb018-f679-5670-b210-de4f62ff2111,76d6c9f4-5d7d-53c0-bb1f-2a577383765a,5bbfdec8-65ae-59e6-b211-5eccb5b765fa,2024-01-29,2024-02-01,3
cb80bc67-ff04-56d1-86f0-3c581c02c235,e8aeb018-f679-5670-b210-de4f62ff2111,c6617891-56ff-5690-89a4-1ece06685ff5,058c6382-bde2-59d1-93ff-20c6161a4736,2024-01-22,2024-02-01,10
ae51dfcf-96d4-539b-834a-9ee686b0bb0b,e8aeb018-f679-5670-b210-de4f62ff2111,a6f6d890-1609-53fc-b4a6-5733ccc9d078,afe9d181-1c64-5cca-b4b7-a9fa24eceeea,2024-01-18,2024-02-01,14
f8d082a1-0658-533a-be4b-b21f123c380f,e8aeb018-f679-5670-b210-de4f62ff2111,76d6c9f4-5d7d-53c0-bb1f-2a577383765a,d0ae6d2d-e561-56b3-a2c1-113c1c56ae81,2024-01-29,2024-02-01,3
8c866a74-6a70-5676-8ffa-f0002dc73fd5,e8aeb018-f679-5670-b210-de4f62ff2111,c6617891-56ff-5690-89a4-1ece06685ff5,058c6382-bde2-59d1-93ff-20c6161a4736,2024-01-22,2024-02-01,10
7a893f85-4074-5e0c-8deb-457efa223f4b,e8aeb018-f679-5670-b210-de4f62ff2111,c6617891-56ff-5690-89a4-1ece06685ff5,042e2e80-f954-5df4-97be-29dd428cc598,2024-01-22,2024-02-01,10
98f3447f-c1ac-500a-aaf5-a83ed511d16a,e8aeb018-f679-5670-b210-de4f62ff2111,41cb90d0-d91a-57c2-b138-831be351479f,6baabed2-52d7-5cb7-bf74-86c7cb3e4f07,2024-01-27,2024-02-01,5
73ffa969-4a84-51f0-9934-e4cb907dfd0d,e8aeb018-f679-5670-b210-de4f62ff2111,ab4a547f-e75d-5601-8171-00da4efa4b57,012857cc-907f-5e7d-b8fb-796d2c9f1621,2024-01-26,2024-02-02,7
c09faba9-d1fd-5128-859d-1694e73f0941,e8aeb018-f679-5670-b210-de4f62ff2111,c6617891-56ff-5690-89a4-1ece06685ff5,2eb3a104-e572-583a-afa0-156ee0dc4cce,2024-01-23,2024-02-02,10
516b589b-3b72-5bba-a34d-fcf72872642d,e8aeb018-f679-5670-b210-de4f62ff2111,ab4a547f-e75d-5601-8171-00da4efa4b57,22231140-3780-5fe8-a7d4-d33f61d15111,2024-01-26,2024-02-02,7
b9ea6a71-e6d7-559b-8af3-862602acc12c,e8aeb018-f679-5670-b210-de4f62ff2111,41cb90d0-d91a-57c2-b138-831be351479f,2897aac2-f219-5167-b800-73fac27f6b85,2024-01-29,2024-02-03,5
5e44453e-3956-58c1-b54a-4a591e9b8bdf,e8aeb018-f679-5670-b210-de4f62ff2111,a6f6d890-1609-53fc-b4a6-5733ccc9d078,9928e9a1-d9fc-5fdd-86c2-8909352fd7fe,2024-01-20,2024-02-03,14
a6114c42-188f-5221-aae5-86bec48ad96f,e8aeb018-f679-5670-b210-de4f62ff2111,ab4a547f-e75d-5601-8171-00da4efa4b57,97d26d91-c562-5f27-9ebd-285e89c8f4bf,2024-01-27,2024-02-03,7
2011c159-91f6-5aec-b48e-26b0d1c3373a,e8aeb018-f679-5670-b210-de4f62ff2111,ab4a547f-e75d-5601-8171-00da4efa4b57,012857cc-907f-5e7d-b8fb-796d2c9f1621,2024-01-27,2024-02-03,7
29290e29-4af1-563e-bde7-86e2a1f67119,e8aeb018-f679-5670-b210-de4f62ff2111,c6617891-56ff-5690-89a4-1ece06685ff5,058c6382-bde2-59d1-93ff-20c6161a4736,2024-01-24,2024-02-03,10
8c1b5675-5412-57f6-a2f3-bc2f5d7d349e,e8aeb018-f679-5670-b210-de4f62ff2111,ab4a547f-e75d-5601-8171-00da4efa4b57,012857cc-907f-5e7d-b8fb-796d2c9f1621,2024-01-27,2024-02-03,7
f77b5bec-a956-5c5b-92ed-cdd787d864f6,e8aeb018-f679-5670-b210-de4f62ff2111,c6617891-56ff-5690-89a4-1ece06685ff5,042e2e80-f954-5df4-97be-29dd428cc598,2024-01-24,2024-02-03,10
b07e5ba4-521d-5e7e-a5a2-abec13d09f7d,e8aeb018-f679-5670-b210-de4f62ff2111,41cb90d0-d91a-57c2-b138-831be351479f,82cd11ba-d1a0-58b1-b14f-edd741f36e87,2024-01-29,2024-02-03,5
b33df8f1-df63-5c7d-9701-8505f835593d,e8aeb018-f679-5670-b210-de4f62ff2111,a6f6d890-1609-53fc-b4a6-5733ccc9d078,983871db-adfb-543e-b438-6b00044ffb64,2024-01-20,2024-02-03,14
fa6f3359-52da-5383-8929-c7e4f1d33ad2,e8aeb018-f679-5670-b210-de4f62ff2111,c6617891-56ff-5690-89a4-1ece06685ff5,2eb3a104-e572-583a-afa0-156ee0dc4cce,2024-01-24,2024-02-03,10
c6b90b8a-ed51-5b2c-800e-f7ffea911e89,e8aeb018-f679-5670-b210-de4f62ff2111,a6f6d890-1609-53fc-b4a6-5733ccc9d078,0ec23038-d3ab-588c-bbd6-1f5c744cdde1,2024-01-20,2024-02-03,14
514fc981-ae46-5c08-a0b2-b93de2f813d5,e8aeb018-f679-5670-b210-de4f62ff2111,ab4a547f-e75d-5601-8171-00da4efa4b57,6d807393-f4ab-5f76-b544-251eeda27ba3,2024-01-27,2024-02-03,7
a483978f-0a6d-5db0-b6fd-596b99b9fbb7,e8aeb018-f679-5670-b210-de4f62ff2111,41cb90d0-d91a-57c2-b138-831be351479f,82cd11ba-d1a0-58b1-b14f-edd741f36e87,2024-01-29,2024-02-03,5
a1731854-9101-59c2-aef4-df8b19a74d18,e8aeb018-f679-5670-b210-de4f62ff2111,a6f6d890-1609-53fc-b4a6-5733ccc9d078,983871db-adfb-543e-b438-6b00044ffb64,2024-01-20,2024-02-03,14
1e6b1137-f500-5c9c-af33-9af6313796fc,e8aeb018-f679-5670-b210-de4f62ff2111,a6f6d890-1609-53fc-b4a6-5733ccc9d078,0ec23038-d3ab-588c-bbd6-1f5c744cdde1,2024-01-20,2024-02-03,14
9db39411-b677-5782-bf1d-97b29227265a,e8aeb018-f679-5670-b210-de4f62ff2111,c6617891-56ff-5690-89a4-1ece06685ff5,042e2e80-f954-5df4-97be-29dd428cc598,2024-01-25,2024-02-04,10
bac9c0a2-d3c7-525e-ac07-4aa987c975be,e8aeb018-f679-5670-b210-de4f62ff2111,c6617891-56ff-5690-89a4-1ece06685ff5,042e2e80-f954-5df4-97be-29dd428cc598,2024-01-25,2024-02-04,10
a05d7f05-7546-5676-8a42-927a700acdc7,e8aeb018-f679-5670-b210-de4f62ff2111,c6617891-56ff-5690-89a4-1ece06685ff5,2eb3a104-e572-583a-afa0-156ee0dc4cce,2024-01-26,2024-02-05,10
730aa8c4-64ea-5df1-bb73-d4bfeac9f757,e8aeb018-f679-5670-b210-de4f62ff2111,ab4a547f-e75d-5601-8171-00da4efa4b57,6d807393-f4ab-5f76-b544-251eeda27ba3,2024-01-29,2024-02-05,7
f6eca146-a398-5028-9bcd-d19378057459,e8aeb018-f679-5670-b210-de4f62ff2111,41cb90d0-d91a-57c2-b138-831be351479f,82cd11ba-d1a0-58b1-b14f-edd741f36e87,2024-01-31,2024-02-05,5
817e07f9-ea91-5270-9403-53d5907d2b5b,e8aeb018-f679-5670-b210-de4f62ff2111,a6f6d890-1609-53fc-b4a6-5733ccc9d078,4d9429b6-2ebf-5b5d-ac48-f779d5a1e270,2024-01-22,2024-02-05,14
857f110b-167b-569d-b1ee-43575a5a5649,e8aeb018-f679-5670-b210-de4f62ff2111,c6617891-56ff-5690-89a4-1ece06685ff5,d9506935-1215-5499-93c0-8bdd86ab9418,2024-01-26,2024-02-05,10
4994762b-4814-5c85-a679-3490f07fb0a7,e8aeb018-f679-5670-b210-de4f62ff2111,c6617891-56ff-5690-89a4-1ece06685ff5,2eb3a104-e572-583a-afa0-156ee0dc4cce,2024-01-26,2024-02-05,10
6ceb2cad-7870-5586-af98-19d19c09a73a,e8aeb018-f679-5670-b210-de4f62ff2111,ab4a547f-e75d-5601-8171-00da4efa4b57,22231140-3780-5fe8-a7d4-d33f61d15111,2024-01-29,2024-02-05,7
3234272e-3e9e-59b2-b712-244e3c5e6039,e8aeb018-f679-5670-b210-de4f62ff2111,a6f6d890-1609-53fc-b4a6-5733ccc9d078,9928e9a1-d9fc-5fdd-86c2-8909352fd7fe,2024-01-22,2024-02-05,14
ed999021-d4c6-5285-b5da-1077a7d7562e,e8aeb018-f679-5670-b210-de4f62ff2111,a6f6d890-1609-53fc-b4a6-5733ccc9d078,4d9429b6-2ebf-5b5d-ac48-f779d5a1e270,2024-01-22,2024-02-05,14
30734816-62cd-52cb-9522-65ee36aa5bf0,e8aeb018-f679-5670-b210-de4f62ff2111,41cb90d0-d91a-57c2-b138-831be351479f,38adf7ba-476e-5e6b-9163-781a13538253,2024-01-31,2024-02-05,5
48d884cd-6449-57f1-b570-a15acbd6ae72,e8aeb018-f679-5670-b210-de4f62ff2111,ab4a547f-e75d-5601-8171-00da4efa4b57,012857cc-907f-5e7d-b8fb-796d2c9f1621,2024-01-29,2024-02-05,7
3379ede2-c68a-5b4d-83c6-e5c2b86c29db,e8aeb018-f679-5670-b210-de4f62ff2111,ab4a547f-e75d-5601-8171-00da4efa4b57,07371b94-955f-52a4-9bf9-f0a6ad2b4fa8,2024-01-30,2024-02-06,7
a8e8b883-366c-5fd0-9684-782e7f60b520,e8aeb018-f679-5670-b210-de4f62ff2111,ab4a547f-e75d-5601-8171-00da4efa4b57,07371b94-955f-52a4-9bf9-f0a6ad2b4fa8,2024-01-30,2024-02-06,7
e94febfb-604a-5a96-b895-2e05f14b4ab7,e8aeb018-f679-5670-b210-de4f62ff2111,a6f6d890-1609-53fc-b4a6-5733ccc9d078,983871db-adfb-543e-b438-6b00044ffb64,2024-01-23,2024-02-06,14
7cd2d3e0-c3b9-581a-bb9d-ec650f7c9d53,e8aeb018-f679-5670-b210-de4f62ff2111,ab4a547f-e75d-5601-8171-00da4efa4b57,22231140-3780-5fe8-a7d4-d33f61d15111,2024-01-30,2024-02-06,7
ba3f61c3-ce0f-57ae-aeb2-67545467f0f7,e8aeb018-f679-5670-b210-de4f62ff2111,a6f6d890-1609-53fc-b4a6-5733ccc9d078,9928e9a1-d9fc-5fdd-86c2-8909352fd7fe,2024-01-23,2024-02-06,14
c8745d6c-508b-50be-986d-0b8c2e6b19ad,e8aeb018-f679-5670-b210-de4f62ff2111,a6f6d890-1609-53fc-b4a6-5733ccc9d078,0ec23038-d3ab-588c-bbd6-1f5c744cdde1,2024-01-23,2024-02-06,14
1262dd1b-3407-5837-9542-0c47586d1276,e8aeb018-f679-5670-b210-de4f62ff2111,ab4a547f-e75d-5601-8171-00da4efa4b57,07371b94-955f-52a4-9bf9-f0a6ad2b4fa8,2024-01-30,2024-02-06,7
8f271e2d-0b98-5e59-a748-8678f9d3a808,e8aeb018-f679-5670-b210-de4f62ff2111,c6617891-56ff-5690-89a4-1ece06685ff5,2eb3a104-e572-583a-afa0-156ee0dc4cce,2024-01-27,2024-02-06,10
894cb8c8-15fb-5411-9e11-eec7e4272af6,e8aeb018-f679-5670-b210-de4f62ff2111,a6f6d890-1609-53fc-b4a6-5733ccc9d078,9928e9a1-d9fc-5fdd-86c2-8909352fd7fe,2024-01-24,2024-02-07,14
d9bef8d9-2c1c-5815-868b-c097841bcbe0,e8aeb018-f679-5670-b210-de4f62ff2111,c6617891-56ff-5690-89a4-1ece06685ff5,058c6382-bde2-59d1-93ff-20c6161a4736,2024-01-29,2024-02-08,10
50d58b88-20e9-58a3-9d3e-ddcd9ca112f4,e8aeb018-f679-5670-b210-de4f62ff2111,a6f6d890-1609-53fc-b4a6-5733ccc9d078,afe9d181-1c64-5cca-b4b7-a9fa24eceeea,2024-01-25,2024-02-08,14
2168f142-b660-54ae-9d16-b6d32052a0b5,e8aeb018-f679-5670-b210-de4f62ff2111,a6f6d890-1609-53fc-b4a6-5733ccc9d078,1e9605fd-5682-52b6-8f05-e8a92dd44513,2024-01-25,2024-02-08,14
6ea49dfb-fbac-5fcd-bf43-19281d767077,e8aeb018-f679-5670-b210-de4f62ff2111,a6f6d890-1609-53fc-b4a6-5733ccc9d078,0ec23038-d3ab-588c-bbd6-1f5c744cdde1,2024-01-25,2024-02-08,14
53c0c0b2-6f46-5601-a7bc-b43112bb0a59,e8aeb018-f679-5670-b210-de4f62ff2111,41cb90d0-d91a-57c2-b138-831be351479f,38adf7ba-476e-5e6b-9163-781a13538253,2024-02-03,2024-02-08,5
2e8b096f-e7d4-5ccf-96c0-019dbb08bb43,e8aeb018-f679-5670-b210-de4f62ff2111,a6f6d890-1609-53fc-b4a6-5733ccc9d078,983871db-adfb-543e-b438-6b00044ffb64,2024-01-25,2024-02-08,14
febf541b-29d1-59d1-a9e6-7c1bfef47789,e8aeb018-f679-5670-b210-de4f62ff2111,a6f6d890-1609-53fc-b4a6-5733ccc9d078,afe9d181-1c64-5cca-b4b7-a9fa24eceeea,2024-01-25,2024-02-08,14
f4f79028-534a-5afc-992e-b0b54645fbaa,e8aeb018-f679-5670-b210-de4f62ff2111,41cb90d0-d91a-57c2-b138-831be351479f,38adf7ba-476e-5e6b-9163-781a13538253,2024-02-03,2024-02-08,5
19a197ff-a95b-5300-b634-c0dd2cc254cb,e8aeb018-f679-5670-b210-de4f62ff2111,41cb90d0-d91a-57c2-b138-831be351479f,2897aac2-f219-5167-b800-73fac27f6b85,2024-02-03,2024-02-08,5
8fb56d16-f955-5d89-9f33-aa2a5c146c8e,e8aeb018-f679-5670-b210-de4f62ff2111,c6617891-56ff-5690-89a4-1ece06685ff5,058c6382-bde2-59d1-93ff-20c6161a4736,2024-01-29,2024-02-08,10
64841b5b-c2ad-5a77-9289-e8694c91c79f,e8aeb018-f679-5670-b210-de4f62ff2111,76d6c9f4-5d7d-53c0-bb1f-2a577383765a,c0cf5e5c-b5c9-585a-8e79-d9830bc954f6,2024-02-06,2024-02-09,3
528b8166-c02c-5ab9-8e01-21f71d62b222,e8aeb018-f679-5670-b210-de4f62ff2111,a6f6d890-1609-53fc-b4a6-5733ccc9d078,1e9605fd-5682-52b6-8f05-e8a92dd44513,2024-01-26,2024-02-09,14
1f187c76-c6b6-5f38-8990-01c5f41c29a5,e8aeb018-f679-5670-b210-de4f62ff2111,ab4a547f-e75d-5601-8171-00da4efa4b57,22231140-3780-5fe8-a7d4-d33f61d15111,2024-02-02,2024-02-09,7
556b1c00-55b6-593a-ba72-224294386210,e8aeb018-f679-5670-b210-de4f62ff2111,ab4a547f-e75d-5601-8171-00da4efa4b57,94e18241-54bd-5516-b36f-94ab6e323aca,2024-02-02,2024-02-09,7
bc051b98-ac6f-5c07-9f7f-8438aaf988bc,e8aeb018-f679-5670-b210-de4f62ff2111,c6617891-56ff-5690-89a4-1ece06685ff5,d9506935-1215-5499-93c0-8bdd86ab9418,2024-01-30,2024-02-09,10
e9583ee8-baee-583b-81e2-02226e163e16,e8aeb018-f679-5670-b210-de4f62ff2111,a6f6d890-1609-53fc-b4a6-5733ccc9d078,1e9605fd-5682-52b6-8f05-e8a92dd44513,2024-01-26,2024-02-09,14
0ea5765a-7fd4-5044-a351-a29bf4bb1afa,e8aeb018-f679-5670-b210-de4f62ff2111,ab4a547f-e75d-5601-8171-00da4efa4b57,94e18241-54bd-5516-b36f-94ab6e323aca,2024-02-02,2024-02-09,7
1d340dfd-30fa-52de-b9bf-d75c3463af49,e8aeb018-f679-5670-b210-de4f62ff2111,a6f6d890-1609-53fc-b4a6-5733ccc9d078,afe9d181-1c64-5cca-b4b7-a9fa24eceeea,2024-01-26,2024-02-09,14
231b27c7-2767-5db9-8e3e-9853969958d7,e8aeb018-f679-5670-b210-de4f62ff2111,c6617891-56ff-5690-89a4-1ece06685ff5,d9506935-1215-5499-93c0-8bdd86ab9418,2024-01-30,2024-02-09,10
8b9ce606-ae31-588e-93cb-e04b5690c84a,e8aeb018-f679-5670-b210-de4f62ff2111,ab4a547f-e75d-5601-8171-00da4efa4b57,94e18241-54bd-5516-b36f-94ab6e323aca,2024-02-03,2024-02-10,7
3ee38a1d-7734-5d27-8361-45f2c9e169d3,e8aeb018-f679-5670-b210-de4f62ff2111,a6f6d890-1609-53fc-b4a6-5733ccc9d078,983871db-adfb-543e-b438-6b00044ffb64,2024-01-27,2024-02-10,14
43819cb7-4281-5eae-aea6-9990d8087f3a,e8aeb018-f679-5670-b210-de4f62ff2111,76d6c9f4-5d7d-53c0-bb1f-2a577383765a,c0cf5e5c-b5c9-585a-8e79-d9830bc954f6,2024-02-07,2024-02-10,3
c72f7cf8-990b-5590-be96-eedb1bc3e0f1,e8aeb018-f679-5670-b210-de4f62ff2111,ab4a547f-e75d-5601-8171-00da4efa4b57,94e18241-54bd-5516-b36f-94ab6e323aca,2024-02-03,2024-02-10,7
c5593ffb-b261-5605-b5ab-842be5a9d5d6,e8aeb018-f679-5670-b210-de4f62ff2111,41cb90d0-d91a-57c2-b138-831be351479f,2897aac2-f219-5167-b800-73fac27f6b85,2024-02-05,2024-02-10,5
5d0a42c2-04ac-59f6-b08e-6aaed74bcfc6,e8aeb018-f679-5670-b210-de4f62ff2111,ab4a547f-e75d-5601-8171-00da4efa4b57,07371b94-955f-52a4-9bf9-f0a6ad2b4fa8,2024-02-03,2024-02-10,7
eba6a0ac-4908-5809-aa3d-e5ac0cad501a,e8aeb018-f679-5670-b210-de4f62ff2111,ab4a547f-e75d-5601-8171-00da4efa4b57,94e18241-54bd-5516-b36f-94ab6e323aca,2024-02-03,2024-02-10,7
6f8df9b2-805c-50cd-aca6-9b039c355e65,e8aeb018-f679-5670-b210-de4f62ff2111,c6617891-56ff-5690-89a4-1ece06685ff5,d9506935-1215-5499-93c0-8bdd86ab9418,2024-01-31,2024-02-10,10
1d532d63-38ec-5e8b-9b3c-cdee2b17491d,e8aeb018-f679-5670-b210-de4f62ff2111,41cb90d0-d91a-57c2-b138-831be351479f,2897aac2-f219-5167-b800-73fac27f6b85,2024-02-05,2024-02-10,5
21001af8-36be-57f8-98c3-9a68812f5102,e8aeb018-f679-5670-b210-de4f62ff2111,41cb90d0-d91a-57c2-b138-831be351479f,38adf7ba-476e-5e6b-9163-781a13538253,2024-02-06,2024-02-11,5
53c119ea-f4ea-5331-97b8-4f9d3181401e,e8aeb018-f679-5670-b210-de4f62ff2111,41cb90d0-d91a-57c2-b138-831be351479f,2897aac2-f219-5167-b800-73fac27f6b85,2024-02-06,2024-02-11,5
19775b3b-e433-5348-9c4e-6b12e1b95319,e8aeb018-f679-5670-b210-de4f62ff2111,a6f6d890-1609-53fc-b4a6-5733ccc9d078,1e9605fd-5682-52b6-8f05-e8a92dd44513,2024-01-29,2024-02-12,14
9de20171-4e7d-5e8a-aed0-226f52f49d65,e8aeb018-f679-5670-b210-de4f62ff2111,a6f6d890-1609-53fc-b4a6-5733ccc9d078,9928e9a1-d9fc-5fdd-86c2-8909352fd7fe,2024-01-29,2024-02-12,14
2ceb3df8-985f-5a1a-8f04-8008888e4b58,e8aeb018-f679-5670-b210-de4f62ff2111,a6f6d890-1609-53fc-b4a6-5733ccc9d078,afe9d181-1c64-5cca-b4b7-a9fa24eceeea,2024-01-29,2024-02-12,14
c8968553-4f6c-5c28-8242-7d8d395be6b0,e8aeb018-f679-5670-b210-de4f62ff2111,ab4a547f-e75d-5601-8171-00da4efa4b57,07371b94-955f-52a4-9bf9-f0a6ad2b4fa8,2024-02-05,2024-02-12,7
012ad2b0-6482-5493-a329-5f45578749e6,e8aeb018-f679-5670-b210-de4f62ff2111,a6f6d890-1609-53fc-b4a6-5733ccc9d078,1e9605fd-5682-52b6-8f05-e8a92dd44513,2024-01-29,2024-02-12,14
cd22f6e2-783c-5ed2-b43c-bf4a54b97898,e8aeb018-f679-5670-b210-de4f62ff2111,41cb90d0-d91a-57c2-b138-831be351479f,38adf7ba-476e-5e6b-9163-781a13538253,2024-02-10,2024-02-15,5
fc2fac05-c47b-5c52-9122-8041cc37abe4,e8aeb018-f679-5670-b210-de4f62ff2111,c6617891-56ff-5690-89a4-1ece06685ff5,87b859e0-789a-56e6-b1ba-4fe76221d3bf,2024-02-05,2024-02-15,10
bddf772d-e4f7-5fb5-93e4-b477f96657a6,e8aeb018-f679-5670-b210-de4f62ff2111,c6617891-56ff-5690-89a4-1ece06685ff5,87b859e0-789a-56e6-b1ba-4fe76221d3bf,2024-02-06,2024-02-16,10
1f82a6ba-5891-5972-a4e0-ffb54e339129,e8aeb018-f679-5670-b210-de4f62ff2111,76d6c9f4-5d7d-53c0-bb1f-2a577383765a,c0cf5e5c-b5c9-585a-8e79-d9830bc954f6,2024-02-13,2024-02-16,3
2f53445f-c677-5fb3-b277-8ac54aa9e6b9,e8aeb018-f679-5670-b210-de4f62ff2111,c6617891-56ff-5690-89a4-1ece06685ff5,87b859e0-789a-56e6-b1ba-4fe76221d3bf,2024-02-07,2024-02-17,10
9150da2b-7976-58c3-9419-325421dd3536,e8aeb018-f679-5670-b210-de4f62ff2111,41cb90d0-d91a-57c2-b138-831be351479f,d2f08f15-f9f2-5f65-a740-b05896774467,2024-02-12,2024-02-17,5
dcc19ae6-88ff-5a37-a40d-d538e9d32d38,e8aeb018-f679-5670-b210-de4f62ff2111,41cb90d0-d91a-57c2-b138-831be351479f,d2f08f15-f9f2-5f65-a740-b05896774467,2024-02-12,2024-02-17,5
0e349fa5-e872-560a-925f-1efa7728f197,e8aeb018-f679-5670-b210-de4f62ff2111,76d6c9f4-5d7d-53c0-bb1f-2a577383765a,c0cf5e5c-b5c9-585a-8e79-d9830bc954f6,2024-02-14,2024-02-17,3
951493f0-5c81-51e0-abb1-9b5a626a3bb3,e8aeb018-f679-5670-b210-de4f62ff2111,c6617891-56ff-5690-89a4-1ece06685ff5,87b859e0-789a-56e6-b1ba-4fe76221d3bf,2024-02-07,2024-02-17,10
6aeb2cad-dbcd-587b-8fb4-7b66cd4fba75,e8aeb018-f679-5670-b210-de4f62ff2111,c6617891-56ff-5690-89a4-1ece06685ff5,1ca3438e-9e23-58f0-a35f-f15f7a23beb9,2024-02-09,2024-02-19,10
e1a480f9-394b-55ab-b556-281b890012ca,e8aeb018-f679-5670-b210-de4f62ff2111,76d6c9f4-5d7d-53c0-bb1f-2a577383765a,c0cf5e5c-b5c9-585a-8e79-d9830bc954f6,2024-02-16,2024-02-19,3
0e0183ae-946a-5b5d-8b7a-15059ff77a1a,e8aeb018-f679-5670-b210-de4f62ff2111,41cb90d0-d91a-57c2-b138-831be351479f,38adf7ba-476e-5e6b-9163-781a13538253,2024-02-14,2024-02-19,5
042cdee8-a4c5-58aa-9916-0f0327955102,e8aeb018-f679-5670-b210-de4f62ff2111,41cb90d0-d91a-57c2-b138-831be351479f,d2f08f15-f9f2-5f65-a740-b05896774467,2024-02-16,2024-02-21,5
3ed1fda2-62f3-5656-97fe-3e027412e443,e8aeb018-f679-5670-b210-de4f62ff2111,c6617891-56ff-5690-89a4-1ece06685ff5,1ca3438e-9e23-58f0-a35f-f15f7a23beb9,2024-02-12,2024-02-22,10
5d154d47-29fb-533c-961a-ef1a33c9d9aa,e8aeb018-f679-5670-b210-de4f62ff2111,c6617891-56ff-5690-89a4-1ece06685ff5,87b859e0-789a-56e6-b1ba-4fe76221d3bf,2024-02-12,2024-02-22,10
4b95af34-abb6-5826-a2cc-2860a15197e3,e8aeb018-f679-5670-b210-de4f62ff2111,76d6c9f4-5d7d-53c0-bb1f-2a577383765a,cd81184b-b6f1-563c-b463-36a69ddfb598,2024-02-19,2024-02-22,3
cd877a6a-fbe0-5f8f-8879-592feea4941e,e8aeb018-f679-5670-b210-de4f62ff2111,76d6c9f4-5d7d-53c0-bb1f-2a577383765a,d3961f5a-3ea7-53d3-89f4-78b65b0c0c6b,2024-02-20,2024-02-23,3
6b9b44a8-5604-5c65-8295-2cefd37cacac,e8aeb018-f679-5670-b210-de4f62ff2111,c6617891-56ff-5690-89a4-1ece06685ff5,1ca3438e-9e23-58f0-a35f-f15f7a23beb9,2024-02-14,2024-02-24,10
c0c38e25-8dee-5b82-8330-87e611ff0126,e8aeb018-f679-5670-b210-de4f62ff2111,76d6c9f4-5d7d-53c0-bb1f-2a577383765a,d3961f5a-3ea7-53d3-89f4-78b65b0c0c6b,2024-02-22,2024-02-25,3
3aece8ea-b970-52e8-8a4a-f73e3185d658,e8aeb018-f679-5670-b210-de4f62ff2111,41cb90d0-d91a-57c2-b138-831be351479f,6baabed2-52d7-5cb7-bf74-86c7cb3e4f07,2024-02-21,2024-02-26,5
e20c216c-a973-56de-bee8-e466c5264f21,e8aeb018-f679-5670-b210-de4f62ff2111,76d6c9f4-5d7d-53c0-bb1f-2a577383765a,d3961f5a-3ea7-53d3-89f4-78b65b0c0c6b,2024-02-23,2024-02-26,3
026ae682-5d5e-5279-a3ba-87bb8484a0e8,e8aeb018-f679-5670-b210-de4f62ff2111,41cb90d0-d91a-57c2-b138-831be351479f,38adf7ba-476e-5e6b-9163-781a13538253,2024-02-21,2024-02-26,5
d2300bc5-fdbb-5b31-9156-81cac3736ae7,e8aeb018-f679-5670-b210-de4f62ff2111,41cb90d0-d91a-57c2-b138-831be351479f,d2f08f15-f9f2-5f65-a740-b05896774467,2024-02-21,2024-02-26,5
cb51c414-6497-5712-ac6b-2426080e7846,e8aeb018-f679-5670-b210-de4f62ff2111,76d6c9f4-5d7d-53c0-bb1f-2a577383765a,5bbfdec8-65ae-59e6-b211-5eccb5b765fa,2024-02-23,2024-02-26,3
169d52d8-7bf0-588a-8241-a67ea62ce8be,e8aeb018-f679-5670-b210-de4f62ff2111,c6617891-56ff-5690-89a4-1ece06685ff5,1ca3438e-9e23-58f0-a35f-f15f7a23beb9,2024-02-16,2024-02-26,10
79c500f8-a4f3-57bb-b4f7-c55eb7f547c1,e8aeb018-f679-5670-b210-de4f62ff2111,ab4a547f-e75d-5601-8171-00da4efa4b57,6d807393-f4ab-5f76-b544-251eeda27ba3,2024-02-20,2024-02-27,7
e1798682-1fe1-5646-b8d5-d89b9993b77b,e8aeb018-f679-5670-b210-de4f62ff2111,76d6c9f4-5d7d-53c0-bb1f-2a577383765a,2082733c-4e17-51fe-bc8c-bf33d3ec5d7e,2024-02-24,2024-02-27,3
7bd192d5-af62-5714-9ddf-83be10e16c44,e8aeb018-f679-5670-b210-de4f62ff2111,ab4a547f-e75d-5601-8171-00da4efa4b57,97d26d91-c562-5f27-9ebd-285e89c8f4bf,2024-02-20,2024-02-27,7
0f149e54-9811-5249-a377-534c5bd765f2,e8aeb018-f679-5670-b210-de4f62ff2111,ab4a547f-e75d-5601-8171-00da4efa4b57,94e18241-54bd-5516-b36f-94ab6e323aca,2024-02-20,2024-02-27,7
6bed79b0-d9b7-5b04-8238-0317e0fe412a,e8aeb018-f679-5670-b210-de4f62ff2111,76d6c9f4-5d7d-53c0-bb1f-2a577383765a,d0ae6d2d-e561-56b3-a2c1-113c1c56ae81,2024-02-24,2024-02-27,3
7579f125-b4b6-5727-a85b-c645ead68929,e8aeb018-f679-5670-b210-de4f62ff2111,76d6c9f4-5d7d-53c0-bb1f-2a577383765a,cd81184b-b6f1-563c-b463-36a69ddfb598,2024-02-24,2024-02-27,3
c88dd64b-bbac-5ac2-9a62-473a8ff413fa,e8aeb018-f679-5670-b210-de4f62ff2111,41cb90d0-d91a-57c2-b138-831be351479f,38adf7ba-476e-5e6b-9163-781a13538253,2024-02-23,2024-02-28,5
4ee9c5e3-9ae5-59e3-b17b-cf0e2e1af659,e8aeb018-f679-5670-b210-de4f62ff2111,76d6c9f4-5d7d-53c0-bb1f-2a577383765a,d0ae6d2d-e561-56b3-a2c1-113c1c56ae81,2024-02-26,2024-02-29,3
714e6aa4-fae3-50ab-a745-589f3e94098c,e8aeb018-f679-5670-b210-de4f62ff2111,c6617891-56ff-5690-89a4-1ece06685ff5,1ca3438e-9e23-58f0-a35f-f15f7a23beb9,2024-02-20,2024-03-01,10
7caadfee-dda0-5a38-9699-8dfe326284e9,e8aeb018-f679-5670-b210-de4f62ff2111,76d6c9f4-5d7d-53c0-bb1f-2a577383765a,d0ae6d2d-e561-56b3-a2c1-113c1c56ae81,2024-02-27,2024-03-01,3
bf7e6c4e-15ee-59a4-8dd7-cebd7a1ecd12,e8aeb018-f679-5670-b210-de4f62ff2111,76d6c9f4-5d7d-53c0-bb1f-2a577383765a,d3961f5a-3ea7-53d3-89f4-78b65b0c0c6b,2024-02-28,2024-03-02,3
dbebb6d3-3fab-5b6f-b654-dd42c0316857,e8aeb018-f679-5670-b210-de4f62ff2111,41cb90d0-d91a-57c2-b138-831be351479f,82cd11ba-d1a0-58b1-b14f-edd741f36e87,2024-02-26,2024-03-02,5
93d9c19a-d32e-5990-a6c1-f07d994e498b,e8aeb018-f679-5670-b210-de4f62ff2111,a6f6d890-1609-53fc-b4a6-5733ccc9d078,4d9429b6-2ebf-5b5d-ac48-f779d5a1e270,2024-02-17,2024-03-02,14
4b5964a0-6ef8-586e-8642-e38d8b201cd7,e8aeb018-f679-5670-b210-de4f62ff2111,a6f6d890-1609-53fc-b4a6-5733ccc9d078,0ec23038-d3ab-588c-bbd6-1f5c744cdde1,2024-02-17,2024-03-02,14
20524197-fe3d-56c1-a9f7-87df3735c025,e8aeb018-f679-5670-b210-de4f62ff2111,76d6c9f4-5d7d-53c0-bb1f-2a577383765a,c0cf5e5c-b5c9-585a-8e79-d9830bc954f6,2024-02-29,2024-03-03,3
a9d05b25-874a-5265-9ca8-97a41be44408,e8aeb018-f679-5670-b210-de4f62ff2111,41cb90d0-d91a-57c2-b138-831be351479f,38adf7ba-476e-5e6b-9163-781a13538253,2024-02-27,2024-03-03,5
f951eee2-d0c0-57a2-8e1d-7b7d12ec92b1,e8aeb018-f679-5670-b210-de4f62ff2111,76d6c9f4-5d7d-53c0-bb1f-2a577383765a,d0ae6d2d-e561-56b3-a2c1-113c1c56ae81,2024-02-29,2024-03-03,3
04551179-77ab-5593-a074-a9e9488dd6c7,e8aeb018-f679-5670-b210-de4f62ff2111,ab4a547f-e75d-5601-8171-00da4efa4b57,22231140-3780-5fe8-a7d4-d33f61d15111,2024-02-26,2024-03-04,7
e1541d37-8fe7-5092-9d69-c8956f51cd7b,e8aeb018-f679-5670-b210-de4f62ff2111,41cb90d0-d91a-57c2-b138-831be351479f,38adf7ba-476e-5e6b-9163-781a13538253,2024-02-28,2024-03-04,5
f00d0cb2-8483-5ad6-85bb-fa7cc4d3db62,e8aeb018-f679-5670-b210-de4f62ff2111,76d6c9f4-5d7d-53c0-bb1f-2a577383765a,cd81184b-b6f1-563c-b463-36a69ddfb598,2024-03-01,2024-03-04,3
906750de-8910-53c5-999e-e191686c5935,e8aeb018-f679-5670-b210-de4f62ff2111,ab4a547f-e75d-5601-8171-00da4efa4b57,94e18241-54bd-5516-b36f-94ab6e323aca,2024-02-26,2024-03-04,7
4983402c-d734-520c-81e1-227285f8b00a,e8aeb018-f679-5670-b210-de4f62ff2111,76d6c9f4-5d7d-53c0-bb1f-2a577383765a,2082733c-4e17-51fe-bc8c-bf33d3ec5d7e,2024-03-01,2024-03-04,3
248cfcea-a917-5a95-8971-dafd1f237c47,e8aeb018-f679-5670-b210-de4f62ff2111,ab4a547f-e75d-5601-8171-00da4efa4b57,97d26d91-c562-5f27-9ebd-285e89c8f4bf,2024-02-26,2024-03-04,7
453fee9b-8e0a-5b30-a464-111930a28e37,e8aeb018-f679-5670-b210-de4f62ff2111,41cb90d0-d91a-57c2-b138-831be351479f,2933d8b7-2438-521b-b38d-d3a5224f87fc,2024-02-28,2024-03-04,5
f3db2475-b588-5be0-b5e0-dea9bad940c6,e8aeb018-f679-5670-b210-de4f62ff2111,ab4a547f-e75d-5601-8171-00da4efa4b57,94e18241-54bd-5516-b36f-94ab6e323aca,2024-02-26,2024-03-04,7
e4d10a06-30bb-572b-b4a4-0dd49b50f24a,e8aeb018-f679-5670-b210-de4f62ff2111,76d6c9f4-5d7d-53c0-bb1f-2a577383765a,d0ae6d2d-e561-56b3-a2c1-113c1c56ae81,2024-03-01,2024-03-04,3
782dd7ca-048a-54fd-b049-f3e926b396d5,e8aeb018-f679-5670-b210-de4f62ff2111,41cb90d0-d91a-57c2-b138-831be351479f,38adf7ba-476e-5e6b-9163-781a13538253,2024-02-28,2024-03-04,5
96a71428-ef58-5e74-a386-b52c8efd0569,e8aeb018-f679-5670-b210-de4f62ff2111,41cb90d0-d91a-57c2-b138-831be351479f,d2f08f15-f9f2-5f65-a740-b05896774467,2024-02-28,2024-03-04,5
c332d60e-5d2d-5696-92f2-2a28f5af843a,e8aeb018-f679-5670-b210-de4f62ff2111,ab4a547f-e75d-5601-8171-00da4efa4b57,94e18241-54bd-5516-b36f-94ab6e323aca,2024-02-27,2024-03-05,7
3eb6fb0b-0925-5f25-a654-934ff86fbee6,e8aeb018-f679-5670-b210-de4f62ff2111,76d6c9f4-5d7d-53c0-bb1f-2a577383765a,5bbfdec8-65ae-59e6-b211-5eccb5b765fa,2024-03-02,2024-03-05,3
b53177da-6cbb-597c-8277-e0d53be22721,e8aeb018-f679-5670-b210-de4f62ff2111,a6f6d890-1609-53fc-b4a6-5733ccc9d078,4d9429b6-2ebf-5b5d-ac48-f779d5a1e270,2024-02-20,2024-03-05,14
68fc806b-12d5-5a5a-a4e9-9e4986912b85,e8aeb018-f679-5670-b210-de4f62ff2111,76d6c9f4-5d7d-53c0-bb1f-2a577383765a,2082733c-4e17-51fe-bc8c-bf33d3ec5d7e,2024-03-02,2024-03-05,3
e9f519cc-ef2a-561c-8150-97e80d3e2a88,e8aeb018-f679-5670-b210-de4f62ff2111,ab4a547f-e75d-5601-8171-00da4efa4b57,97d26d91-c562-5f27-9ebd-285e89c8f4bf,2024-02-27,2024-03-05,7
71d0d4b3-7d88-5b81-af4c-5c80d9d803d9,e8aeb018-f679-5670-b210-de4f62ff2111,ab4a547f-e75d-5601-8171-00da4efa4b57,012857cc-907f-5e7d-b8fb-796d2c9f1621,2024-02-27,2024-03-05,7
e4d8a2fb-1175-59b5-b6ec-74eadcd4c50f,e8aeb018-f679-5670-b210-de4f62ff2111,76d6c9f4-5d7d-53c0-bb1f-2a577383765a,2082733c-4e17-51fe-bc8c-bf33d3ec5d7e,2024-03-02,2024-03-05,3
48af66a5-1570-55f9-9b95-cc9fd1918d93,e8aeb018-f679-5670-b210-de4f62ff2111,76d6c9f4-5d7d-53c0-bb1f-2a577383765a,5bbfdec8-65ae-59e6-b211-5eccb5b765fa,2024-03-02,2024-03-05,3
1c7967b0-feed-534f-9190-1ada59ca544a,e8aeb018-f679-5670-b210-de4f62ff2111,ab4a547f-e75d-5601-8171-00da4efa4b57,07371b94-955f-52a4-9bf9-f0a6ad2b4fa8,2024-02-28,2024-03-06,7
1f55122c-90f5-5bd7-bb45-447e0ff4e7dd,e8aeb018-f679-5670-b210-de4f62ff2111,41cb90d0-d91a-57c2-b138-831be351479f,6baabed2-52d7-5cb7-bf74-86c7cb3e4f07,2024-03-01,2024-03-06,5
ba02aa50-5271-5247-9db3-d31ae764f034,e8aeb018-f679-5670-b210-de4f62ff2111,ab4a547f-e75d-5601-8171-00da4efa4b57,012857cc-907f-5e7d-b8fb-796d2c9f1621,2024-02-28,2024-03-06,7
1e3ddf6b-3c5b-581a-a1d6-ca9de61f34a7,e8aeb018-f679-5670-b210-de4f62ff2111,41cb90d0-d91a-57c2-b138-831be351479f,2933d8b7-2438-521b-b38d-d3a5224f87fc,2024-03-01,2024-03-06,5
9c1e2d7b-c9bf-5701-a77a-f09e5ca2ddc2,e8aeb018-f679-5670-b210-de4f62ff2111,ab4a547f-e75d-5601-8171-00da4efa4b57,6d807393-f4ab-5f76-b544-251eeda27ba3,2024-02-28,2024-03-06,7
44680b99-f4d6-5693-8235-0a7db155d9d1,e8aeb018-f679-5670-b210-de4f62ff2111,c6617891-56ff-5690-89a4-1ece06685ff5,042e2e80-f954-5df4-97be-29dd428cc598,2024-02-26,2024-03-07,10
f8010ea1-0d3f-592f-a8ec-9aaac25d2420,e8aeb018-f679-5670-b210-de4f62ff2111,76d6c9f4-5d7d-53c0-bb1f-2a577383765a,c0cf5e5c-b5c9-585a-8e79-d9830bc954f6,2024-03-04,2024-03-07,3
4e17ee37-0704-57ea-803a-c4cb10012b4d,e8aeb018-f679-5670-b210-de4f62ff2111,41cb90d0-d91a-57c2-b138-831be351479f,6baabed2-52d7-5cb7-bf74-86c7cb3e4f07,2024-03-02,2024-03-07,5
775dd152-0572-5e73-80e5-b8de6f9ff366,e8aeb018-f679-5670-b210-de4f62ff2111,76d6c9f4-5d7d-53c0-bb1f-2a577383765a,d3961f5a-3ea7-53d3-89f4-78b65b0c0c6b,2024-03-04,2024-03-07,3
d25141e7-00c0-59c3-9694-1146c307f049,e8aeb018-f679-5670-b210-de4f62ff2111,76d6c9f4-5d7d-53c0-bb1f-2a577383765a,2082733c-4e17-51fe-bc8c-bf33d3ec5d7e,2024-03-04,2024-03-07,3
1f81e403-f2e3-500e-81d9-89c0e113ad15,e8aeb018-f679-5670-b210-de4f62ff2111,76d6c9f4-5d7d-53c0-bb1f-2a577383765a,5bbfdec8-65ae-59e6-b211-5eccb5b765fa,2024-03-05,2024-03-08,3
e8d9c0cb-50fb-53c8-8341-012d095575e3,e8aeb018-f679-5670-b210-de4f62ff2111,c6617891-56ff-5690-89a4-1ece06685ff5,d9506935-1215-5499-93c0-8bdd86ab9418,2024-02-27,2024-03-08,10
fdaad63f-b90e-582a-b8b3-a1f650c79c19,e8aeb018-f679-5670-b210-de4f62ff2111,ab4a547f-e75d-5601-8171-00da4efa4b57,97d26d91-c562-5f27-9ebd-285e89c8f4bf,2024-03-01,2024-03-08,7
a1313a99-88d0-5b36-9acb-275098d6e12d,e8aeb018-f679-5670-b210-de4f62ff2111,ab4a547f-e75d-5601-8171-00da4efa4b57,94e18241-54bd-5516-b36f-94ab6e323aca,2024-03-01,2024-03-08,7
eb1c4cc1-a0c5-594d-8d06-f1006cf42472,e8aeb018-f679-5670-b210-de4f62ff2111,ab4a547f-e75d-5601-8171-00da4efa4b57,97d26d91-c562-5f27-9ebd-285e89c8f4bf,2024-03-01,2024-03-08,7
3fee1db6-4fed-5954-83ca-f2016b90501e,e8aeb018-f679-5670-b210-de4f62ff2111,41cb90d0-d91a-57c2-b138-831be351479f,2933d8b7-2438-521b-b38d-d3a5224f87fc,2024-03-04,2024-03-09,5
bee11a17-cd55-56c3-846a-75dac51b9212,e8aeb018-f679-5670-b210-de4f62ff2111,76d6c9f4-5d7d-53c0-bb1f-2a577383765a,5bbfdec8-65ae-59e6-b211-5eccb5b765fa,2024-03-06,2024-03-09,3
69d0cd17-58e5-54e6-9803-64fd8c275b53,e8aeb018-f679-5670-b210-de4f62ff2111,ab4a547f-e75d-5601-8171-00da4efa4b57,6d807393-f4ab-5f76-b544-251eeda27ba3,2024-03-02,2024-03-09,7
5e3ad99e-f309-5005-a78f-f167ac6599fe,e8aeb018-f679-5670-b210-de4f62ff2111,41cb90d0-d91a-57c2-b138-831be351479f,6baabed2-52d7-5cb7-bf74-86c7cb3e4f07,2024-03-04,2024-03-09,5
31d84297-5d09-557f-aa16-f71b58211202,e8aeb018-f679-5670-b210-de4f62ff2111,41cb90d0-d91a-57c2-b138-831be351479f,2897aac2-f219-5167-b800-73fac27f6b85,2024-03-05,2024-03-10,5
58b703c9-bba5-5048-b3f3-37501e37e3bf,e8aeb018-f679-5670-b210-de4f62ff2111,41cb90d0-d91a-57c2-b138-831be351479f,6baabed2-52d7-5cb7-bf74-86c7cb3e4f07,2024-03-05,2024-03-10,5
0c8ddbec-8095-52ce-bd59-00e4dc3edd75,e8aeb018-f679-5670-b210-de4f62ff2111,ab4a547f-e75d-5601-8171-00da4efa4b57,6d807393-f4ab-5f76-b544-251eeda27ba3,2024-03-04,2024-03-11,7
5ca363ce-2835-5af2-ab07-d12bc2fc3a71,e8aeb018-f679-5670-b210-de4f62ff2111,c6617891-56ff-5690-89a4-1ece06685ff5,058c6382-bde2-59d1-93ff-20c6161a4736,2024-03-01,2024-03-11,10
161645c5-6551-5db6-80b6-87457cd0c72b,e8aeb018-f679-5670-b210-de4f62ff2111,41cb90d0-d91a-57c2-b138-831be351479f,2933d8b7-2438-521b-b38d-d3a5224f87fc,2024-03-06,2024-03-11,5
a1ebbb0b-b6c2-514c-b94b-5b0b7c0aaec5,e8aeb018-f679-5670-b210-de4f62ff2111,c6617891-56ff-5690-89a4-1ece06685ff5,042e2e80-f954-5df4-97be-29dd428cc598,2024-03-01,2024-03-11,10
72c047ef-6ffa-5fdb-98c8-f91e207eee6b,e8aeb018-f679-5670-b210-de4f62ff2111,c6617891-56ff-5690-89a4-1ece06685ff5,2eb3a104-e572-583a-afa0-156ee0dc4cce,2024-03-01,2024-03-11,10
206c592c-9693-5fc8-b93e-62a907fc91b9,e8aeb018-f679-5670-b210-de4f62ff2111,76d6c9f4-5d7d-53c0-bb1f-2a577383765a,cd81184b-b6f1-563c-b463-36a69ddfb598,2024-03-08,2024-03-11,3
7ad5139b-834a-540b-a1ec-1c8cb376d8eb,e8aeb018-f679-5670-b210-de4f62ff2111,ab4a547f-e75d-5601-8171-00da4efa4b57,6d807393-f4ab-5f76-b544-251eeda27ba3,2024-03-04,2024-03-11,7
042f0bd3-a5dc-52e6-ab6a-addfa33cba5e,e8aeb018-f679-5670-b210-de4f62ff2111,41cb90d0-d91a-57c2-b138-831be351479f,82cd11ba-d1a0-58b1-b14f-edd741f36e87,2024-03-06,2024-03-11,5
e6420d06-f5bd-5040-998b-2505c3353cb4,e8aeb018-f679-5670-b210-de4f62ff2111,a6f6d890-1609-53fc-b4a6-5733ccc9d078,4d9429b6-2ebf-5b5d-ac48-f779d5a1e270,2024-02-26,2024-03-11,14
15e87646-1e34-5a24-bdea-6607b06eebe4,e8aeb018-f679-5670-b210-de4f62ff2111,c6617891-56ff-5690-89a4-1ece06685ff5,2eb3a104-e572-583a-afa0-156ee0dc4cce,2024-03-01,2024-03-11,10
c9747054-e8c7-58b2-a9f3-842d6377b713,e8aeb018-f679-5670-b210-de4f62ff2111,41cb90d0-d91a-57c2-b138-831be351479f,2897aac2-f219-5167-b800-73fac27f6b85,2024-03-06,2024-03-11,5
fa04bfce-00d3-57f9-91e4-641ef7563c46,e8aeb018-f679-5670-b210-de4f62ff2111,76d6c9f4-5d7d-53c0-bb1f-2a577383765a,c0cf5e5c-b5c9-585a-8e79-d9830bc954f6,2024-03-08,2024-03-11,3
65596713-6a09-5390-aee2-dba93d0ea32e,e8aeb018-f679-5670-b210-de4f62ff2111,a6f6d890-1609-53fc-b4a6-5733ccc9d078,0ec23038-d3ab-588c-bbd6-1f5c744cdde1,2024-02-26,2024-03-11,14
cc0e3bbe-2699-5069-8a8b-c6db7b06d7ba,e8aeb018-f679-5670-b210-de4f62ff2111,c6617891-56ff-5690-89a4-1ece06685ff5,87b859e0-789a-56e6-b1ba-4fe76221d3bf,2024-03-02,2024-03-12,10
d09166e6-c5c5-5972-a7d3-0cff558e2d5a,e8aeb018-f679-5670-b210-de4f62ff2111,a6f6d890-1609-53fc-b4a6-5733ccc9d078,4d9429b6-2ebf-5b5d-ac48-f779d5a1e270,2024-02-27,2024-03-12,14
9926d3db-0e68-525a-821f-dd31438f0017,e8aeb018-f679-5670-b210-de4f62ff2111,76d6c9f4-5d7d-53c0-bb1f-2a577383765a,c0cf5e5c-b5c9-585a-8e79-d9830bc954f6,2024-03-09,2024-03-12,3
0a44e238-aca3-5aff-adca-19bbed586a44,e8aeb018-f679-5670-b210-de4f62ff2111,ab4a547f-e75d-5601-8171-00da4efa4b57,22231140-3780-5fe8-a7d4-d33f61d15111,2024-03-05,2024-03-12,7
c87f5764-5516-5104-820e-9e771aef3e55,e8aeb018-f679-5670-b210-de4f62ff2111,ab4a547f-e75d-5601-8171-00da4efa4b57,07371b94-955f-52a4-9bf9-f0a6ad2b4fa8,2024-03-06,2024-03-13,7
4f6a9549-650f-5637-b2a5-5df2f34870a8,e8aeb018-f679-5670-b210-de4f62ff2111,41cb90d0-d91a-57c2-b138-831be351479f,d2f08f15-f9f2-5f65-a740-b05896774467,2024-03-08,2024-03-13,5
6dc70572-983e-5da8-8a38-d2a1ffc5ea04,e8aeb018-f679-5670-b210-de4f62ff2111,a6f6d890-1609-53fc-b4a6-5733ccc9d078,afe9d181-1c64-5cca-b4b7-a9fa24eceeea,2024-02-28,2024-03-13,14
4934d6fc-5773-5940-906b-01035952f4d7,e8aeb018-f679-5670-b210-de4f62ff2111,41cb90d0-d91a-57c2-b138-831be351479f,38adf7ba-476e-5e6b-9163-781a13538253,2024-03-08,2024-03-13,5
def85ae0-3644-5494-9c9a-4c9a8abedd33,e8aeb018-f679-5670-b210-de4f62ff2111,ab4a547f-e75d-5601-8171-00da4efa4b57,012857cc-907f-5e7d-b8fb-796d2c9f1621,2024-03-06,2024-03-13,7
48d06b17-f9c8-5de5-974d-6427b2dd018d,e8aeb018-f679-5670-b210-de4f62ff2111,ab4a547f-e75d-5601-8171-00da4efa4b57,22231140-3780-5fe8-a7d4-d33f61d15111,2024-03-06,2024-03-13,7
e956b28a-f47d-5ad4-98ef-666f9e50fc72,e8aeb018-f679-5670-b210-de4f62ff2111,a6f6d890-1609-53fc-b4a6-5733ccc9d078,4d9429b6-2ebf-5b5d-ac48-f779d5a1e270,2024-02-28,2024-03-13,14
d932fae5-1012-5389-9652-9ac27e38a579,e8aeb018-f679-5670-b210-de4f62ff2111,c6617891-56ff-5690-89a4-1ece06685ff5,87b859e0-789a-56e6-b1ba-4fe76221d3bf,2024-03-04,2024-03-14,10
ccdb3792-c464-52f4-9ec3-d5257533264b,e8aeb018-f679-5670-b210-de4f62ff2111,a6f6d890-1609-53fc-b4a6-5733ccc9d078,983871db-adfb-543e-b438-6b00044ffb64,2024-02-29,2024-03-14,14
c3329b9f-f0d8-56c0-a0a0-8050d5b2c0d4,e8aeb018-f679-5670-b210-de4f62ff2111,c6617891-56ff-5690-89a4-1ece06685ff5,058c6382-bde2-59d1-93ff-20c6161a4736,2024-03-04,2024-03-14,10
a9fc7fa8-3bd6-50fa-9692-333d68b2615a,e8aeb018-f679-5670-b210-de4f62ff2111,c6617891-56ff-5690-89a4-1ece06685ff5,042e2e80-f954-5df4-97be-29dd428cc598,2024-03-04,2024-03-14,10
98abf9d6-3ec8-54a8-9a14-6b2e361c094c,e8aeb018-f679-5670-b210-de4f62ff2111,c6617891-56ff-5690-89a4-1ece06685ff5,042e2e80-f954-5df4-97be-29dd428cc598,2024-03-04,2024-03-14,10
003d9028-14fb-5bd2-a343-b4b5651c0353,e8aeb018-f679-5670-b210-de4f62ff2111,c6617891-56ff-5690-89a4-1ece06685ff5,2eb3a104-e572-583a-afa0-156ee0dc4cce,2024-03-04,2024-03-14,10
08450035-4484-592c-9523-7af9670e5da4,e8aeb018-f679-5670-b210-de4f62ff2111,a6f6d890-1609-53fc-b4a6-5733ccc9d078,afe9d181-1c64-5cca-b4b7-a9fa24eceeea,2024-03-01,2024-03-15,14
92eebca3-426d-52c4-bdce-a9a1608353e8,e8aeb018-f679-5670-b210-de4f62ff2111,76d6c9f4-5d7d-53c0-bb1f-2a577383765a,cd81184b-b6f1-563c-b463-36a69ddfb598,2024-03-12,2024-03-15,3
42a9a58e-369d-5b4e-b276-e6838e1e704a,e8aeb018-f679-5670-b210-de4f62ff2111,ab4a547f-e75d-5601-8171-00da4efa4b57,22231140-3780-5fe8-a7d4-d33f61d15111,2024-03-08,2024-03-15,7
e25f8e90-6875-596e-a5d8-385a60e6bdca,e8aeb018-f679-5670-b210-de4f62ff2111,c6617891-56ff-5690-89a4-1ece06685ff5,058c6382-bde2-59d1-93ff-20c6161a4736,2024-03-05,2024-03-15,10
a10ba404-0ca1-5629-a7c0-1d697c2fe025,e8aeb018-f679-5670-b210-de4f62ff2111,c6617891-56ff-5690-89a4-1ece06685ff5,87b859e0-789a-56e6-b1ba-4fe76221d3bf,2024-03-05,2024-03-15,10
4294d6e4-1621-5215-96aa-45d4a9c4afb5,e8aeb018-f679-5670-b210-de4f62ff2111,a6f6d890-1609-53fc-b4a6-5733ccc9d078,0ec23038-d3ab-588c-bbd6-1f5c744cdde1,2024-03-01,2024-03-15,14
42da6614-e8c1-50a3-9f7d-67572843a6a9,e8aeb018-f679-5670-b210-de4f62ff2111,c6617891-56ff-5690-89a4-1ece06685ff5,87b859e0-789a-56e6-b1ba-4fe76221d3bf,2024-03-05,2024-03-15,10
bdf5cd61-5aef-5522-817e-0ce6d9905c78,e8aeb018-f679-5670-b210-de4f62ff2111,c6617891-56ff-5690-89a4-1ece06685ff5,d9506935-1215-5499-93c0-8bdd86ab9418,2024-03-05,2024-03-15,10
f0f24582-b288-5c63-8cc0-dce6f5a6eff6,e8aeb018-f679-5670-b210-de4f62ff2111,a6f6d890-1609-53fc-b4a6-5733ccc9d078,0ec23038-d3ab-588c-bbd6-1f5c744cdde1,2024-03-02,2024-03-16,14
b99c2fd1-9ff5-5e76-8207-53538f9fa118,e8aeb018-f679-5670-b210-de4f62ff2111,41cb90d0-d91a-57c2-b138-831be351479f,82cd11ba-d1a0-58b1-b14f-edd741f36e87,2024-03-12,2024-03-17,5
b6d113c8-d6ef-5039-a781-1d91ec4f080a,e8aeb018-f679-5670-b210-de4f62ff2111,41cb90d0-d91a-57c2-b138-831be351479f,82cd11ba-d1a0-58b1-b14f-edd741f36e87,2024-03-12,2024-03-17,5
f5887d6b-02d8-5b81-b246-e3ec0a13ee36,e8aeb018-f679-5670-b210-de4f62ff2111,c6617891-56ff-5690-89a4-1ece06685ff5,058c6382-bde2-59d1-93ff-20c6161a4736,2024-03-08,2024-03-18,10
8cecf52b-ccdf-5d32-b3bb-b54379fc7131,e8aeb018-f679-5670-b210-de4f62ff2111,c6617891-56ff-5690-89a4-1ece06685ff5,042e2e80-f954-5df4-97be-29dd428cc598,2024-03-08,2024-03-18,10
02a7ba13-b546-50ed-9036-3ae862d22fe1,e8aeb018-f679-5670-b210-de4f62ff2111,c6617891-56ff-5690-89a4-1ece06685ff5,2eb3a104-e572-583a-afa0-156ee0dc4cce,2024-03-08,2024-03-18,10
a053aec4-8b2b-5628-a6f1-58977d238edc,e8aeb018-f679-5670-b210-de4f62ff2111,ab4a547f-e75d-5601-8171-00da4efa4b57,012857cc-907f-5e7d-b8fb-796d2c9f1621,2024-03-11,2024-03-18,7
d21e1edc-e29a-5294-9cd0-9cf198d02f5f,e8aeb018-f679-5670-b210-de4f62ff2111,41cb90d0-d91a-57c2-b138-831be351479f,2933d8b7-2438-521b-b38d-d3a5224f87fc,2024-03-13,2024-03-18,5
c9d1ace9-1e54-5927-8795-47e9b223c22c,e8aeb018-f679-5670-b210-de4f62ff2111,a6f6d890-1609-53fc-b4a6-5733ccc9d078,9928e9a1-d9fc-5fdd-86c2-8909352fd7fe,2024-03-05,2024-03-19,14
5a6912c0-059f-5a8f-8b6f-22968c04db63,e8aeb018-f679-5670-b210-de4f62ff2111,c6617891-56ff-5690-89a4-1ece06685ff5,2eb3a104-e572-583a-afa0-156ee0dc4cce,2024-03-09,2024-03-19,10
9484b972-dc4f-5d27-9aed-0ec7290cd38d,e8aeb018-f679-5670-b210-de4f62ff2111,a6f6d890-1609-53fc-b4a6-5733ccc9d078,1e9605fd-5682-52b6-8f05-e8a92dd44513,2024-03-05,2024-03-19,14
0f480085-4791-584c-955a-6a061ecfc0a1,e8aeb018-f679-5670-b210-de4f62ff2111,a6f6d890-1609-53fc-b4a6-5733ccc9d078,9928e9a1-d9fc-5fdd-86c2-8909352fd7fe,2024-03-05,2024-03-19,14
27228646-4e85-5f78-9bf1-d1bd8ee9b3c7,e8aeb018-f679-5670-b210-de4f62ff2111,ab4a547f-e75d-5601-8171-00da4efa4b57,94e18241-54bd-5516-b36f-94ab6e323aca,2024-03-12,2024-03-19,7
9aa09d5c-4c73-5868-a161-45c72be3b802,e8aeb018-f679-5670-b210-de4f62ff2111,41cb90d0-d91a-57c2-b138-831be351479f,38adf7ba-476e-5e6b-9163-781a13538253,2024-03-14,2024-03-19,5
2a1d43e8-a944-51f2-8ab5-ef0d86bedaf6,e8aeb018-f679-5670-b210-de4f62ff2111,41cb90d0-d91a-57c2-b138-831be351479f,d2f08f15-f9f2-5f65-a740-b05896774467,2024-03-14,2024-03-19,5
eb392dd1-ea7b-54a4-b091-7c20196b84e9,e8aeb018-f679-5670-b210-de4f62ff2111,a6f6d890-1609-53fc-b4a6-5733ccc9d078,afe9d181-1c64-5cca-b4b7-a9fa24eceeea,2024-03-05,2024-03-19,14
d5cb5c3c-eade-5d03-bbee-9cfd975177c8,e8aeb018-f679-5670-b210-de4f62ff2111,41cb90d0-d91a-57c2-b138-831be351479f,2897aac2-f219-5167-b800-73fac27f6b85,2024-03-15,2024-03-20,5
f2ac5c70-b52b-5a33-bbc6-93fdc7ece29b,e8aeb018-f679-5670-b210-de4f62ff2111,41cb90d0-d91a-57c2-b138-831be351479f,38adf7ba-476e-5e6b-9163-781a13538253,2024-03-15,2024-03-20,5
e920374a-7df5-5c0c-85b5-16e649e7731c,e8aeb018-f679-5670-b210-de4f62ff2111,ab4a547f-e75d-5601-8171-00da4efa4b57,012857cc-907f-5e7d-b8fb-796d2c9f1621,2024-03-13,2024-03-20,7
489a0842-d1a6-5284-9bca-291b020fbf3d,e8aeb018-f679-5670-b210-de4f62ff2111,41cb90d0-d91a-57c2-b138-831be351479f,d2f08f15-f9f2-5f65-a740-b05896774467,2024-03-16,2024-03-21,5
f0debbbb-d933-58c0-a5a6-d05fc24fcbc2,e8aeb018-f679-5670-b210-de4f62ff2111,c6617891-56ff-5690-89a4-1ece06685ff5,1ca3438e-9e23-58f0-a35f-f15f7a23beb9,2024-03-11,2024-03-21,10
6e06e63c-d341-53e9-8055-47e5f7d1e97b,e8aeb018-f679-5670-b210-de4f62ff2111,a6f6d890-1609-53fc-b4a6-5733ccc9d078,9928e9a1-d9fc-5fdd-86c2-8909352fd7fe,2024-03-07,2024-03-21,14
96641f54-6de5-5fb2-8996-10f683ce300d,e8aeb018-f679-5670-b210-de4f62ff2111,ab4a547f-e75d-5601-8171-00da4efa4b57,07371b94-955f-52a4-9bf9-f0a6ad2b4fa8,2024-03-14,2024-03-21,7
ababa78e-c520-5271-81ed-d8d86da8b510,e8aeb018-f679-5670-b210-de4f62ff2111,c6617891-56ff-5690-89a4-1ece06685ff5,058c6382-bde2-59d1-93ff-20c6161a4736,2024-03-11,2024-03-21,10
08217f8f-a1e7-5fbc-8758-824c84d1dd55,e8aeb018-f679-5670-b210-de4f62ff2111,ab4a547f-e75d-5601-8171-00da4efa4b57,07371b94-955f-52a4-9bf9-f0a6ad2b4fa8,2024-03-15,2024-03-22,7
d508fdda-53fc-5d17-9708-a4810cf3b9ea,e8aeb018-f679-5670-b210-de4f62ff2111,a6f6d890-1609-53fc-b4a6-5733ccc9d078,9928e9a1-d9fc-5fdd-86c2-8909352fd7fe,2024-03-08,2024-03-22,14
10b0d53a-ac16-53f3-aa4c-4d1fe1b52b9c,e8aeb018-f679-5670-b210-de4f62ff2111,76d6c9f4-5d7d-53c0-bb1f-2a577383765a,d3961f5a-3ea7-53d3-89f4-78b65b0c0c6b,2024-03-20,2024-03-23,3
35fa3d99-fa2b-58dd-a9bc-607405291399,e8aeb018-f679-5670-b210-de4f62ff2111,41cb90d0-d91a-57c2-b138-831be351479f,38adf7ba-476e-5e6b-9163-781a13538253,2024-03-18,2024-03-23,5
d7db94b5-c837-5992-a079-b1d331a2852f,e8aeb018-f679-5670-b210-de4f62ff2111,a6f6d890-1609-53fc-b4a6-5733ccc9d078,983871db-adfb-543e-b438-6b00044ffb64,2024-03-09,2024-03-23,14
75f3a882-8be9-56bd-a581-61b7769f23e8,e8aeb018-f679-5670-b210-de4f62ff2111,ab4a547f-e75d-5601-8171-00da4efa4b57,22231140-3780-5fe8-a7d4-d33f61d15111,2024-03-16,2024-03-23,7
af32754f-9f81-5470-9ce0-f5c2c193ddf3,e8aeb018-f679-5670-b210-de4f62ff2111,76d6c9f4-5d7d-53c0-bb1f-2a577383765a,d3961f5a-3ea7-53d3-89f4-78b65b0c0c6b,2024-03-20,2024-03-23,3
49620e0e-f2bd-522d-8db5-fb1e1c4f9da8,e8aeb018-f679-5670-b210-de4f62ff2111,a6f6d890-1609-53fc-b4a6-5733ccc9d078,1e9605fd-5682-52b6-8f05-e8a92dd44513,2024-03-09,2024-03-23,14
bd8067e1-11e9-5228-80fb-1bdd60bfe0d1,e8aeb018-f679-5670-b210-de4f62ff2111,41cb90d0-d91a-57c2-b138-831be351479f,38adf7ba-476e-5e6b-9163-781a13538253,2024-03-19,2024-03-24,5
ea51674d-ba11-5a12-8d35-91de7b771838,e8aeb018-f679-5670-b210-de4f62ff2111,41cb90d0-d91a-57c2-b138-831be351479f,82cd11ba-d1a0-58b1-b14f-edd741f36e87,2024-03-20,2024-03-25,5
145e6797-072c-53b9-b712-21f2ab2b398b,e8aeb018-f679-5670-b210-de4f62ff2111,76d6c9f4-5d7d-53c0-bb1f-2a577383765a,c0cf5e5c-b5c9-585a-8e79-d9830bc954f6,2024-03-22,2024-03-25,3
11717114-f619-53eb-8d00-b1e7c71ecaf6,e8aeb018-f679-5670-b210-de4f62ff2111,c6617891-56ff-5690-89a4-1ece06685ff5,87b859e0-789a-56e6-b1ba-4fe76221d3bf,2024-03-15,2024-03-25,10
c66bb674-dc94-5225-9664-cac6bac49e0e,e8aeb018-f679-5670-b210-de4f62ff2111,76d6c9f4-5d7d-53c0-bb1f-2a577383765a,cd81184b-b6f1-563c-b463-36a69ddfb598,2024-03-22,2024-03-25,3
f59fa976-0519-53f3-8f38-6ddbed07683b,e8aeb018-f679-5670-b210-de4f62ff2111,c6617891-56ff-5690-89a4-1ece06685ff5,d9506935-1215-5499-93c0-8bdd86ab9418,2024-03-16,2024-03-26,10
f9005a18-d73d-56bc-b212-5862742a9d01,e8aeb018-f679-5670-b210-de4f62ff2111,a6f6d890-1609-53fc-b4a6-5733ccc9d078,1e9605fd-5682-52b6-8f05-e8a92dd44513,2024-03-12,2024-03-26,14
ccc99553-7cf5-5325-9fd0-eff7a934fa69,e8aeb018-f679-5670-b210-de4f62ff2111,ab4a547f-e75d-5601-8171-00da4efa4b57,94e18241-54bd-5516-b36f-94ab6e323aca,2024-03-20,2024-03-27,7
b49eeeec-060c-5b11-baff-3f34724cf8bd,e8aeb018-f679-5670-b210-de4f62ff2111,a6f6d890-1609-53fc-b4a6-5733ccc9d078,983871db-adfb-543e-b438-6b00044ffb64,2024-03-13,2024-03-27,14
b3614776-7393-5559-a18a-eba5cfb8e8ae,e8aeb018-f679-5670-b210-de4f62ff2111,ab4a547f-e75d-5601-8171-00da4efa4b57,6d807393-f4ab-5f76-b544-251eeda27ba3,2024-03-21,2024-03-28,7
5c2a6f4f-ee0d-5fec-89c5-88a6dbb7bcfb,e8aeb018-f679-5670-b210-de4f62ff2111,c6617891-56ff-5690-89a4-1ece06685ff5,d9506935-1215-5499-93c0-8bdd86ab9418,2024-03-18,2024-03-28,10
6e503585-f066-51db-b69e-87732e895130,e8aeb018-f679-5670-b210-de4f62ff2111,a6f6d890-1609-53fc-b4a6-5733ccc9d078,983871db-adfb-543e-b438-6b00044ffb64,2024-03-15,2024-03-29,14
7bbb8336-1c19-5174-ba60-ee42c324cd0d,e8aeb018-f679-5670-b210-de4f62ff2111,ab4a547f-e75d-5601-8171-00da4efa4b57,97d26d91-c562-5f27-9ebd-285e89c8f4bf,2024-03-22,2024-03-29,7
c9e33a18-f419-585b-bc1c-505138530144,e8aeb018-f679-5670-b210-de4f62ff2111,76d6c9f4-5d7d-53c0-bb1f-2a577383765a,c0cf5e5c-b5c9-585a-8e79-d9830bc954f6,2024-03-26,2024-03-29,3
d52c85ed-b433-508f-9bbd-b55fbff52aee,e8aeb018-f679-5670-b210-de4f62ff2111,c6617891-56ff-5690-89a4-1ece06685ff5,1ca3438e-9e23-58f0-a35f-f15f7a23beb9,2024-03-19,2024-03-29,10
3a2a067a-c597-525f-9f11-504761526003,e8aeb018-f679-5670-b210-de4f62ff2111,ab4a547f-e75d-5601-8171-00da4efa4b57,07371b94-955f-52a4-9bf9-f0a6ad2b4fa8,2024-03-22,2024-03-29,7
1fa64378-70ca-5c90-baad-54d398e692b1,e8aeb018-f679-5670-b210-de4f62ff2111,ab4a547f-e75d-5601-8171-00da4efa4b57,94e18241-54bd-5516-b36f-94ab6e323aca,2024-03-22,2024-03-29,7
99a25b5a-f162-5933-900d-b573db11fbce,e8aeb018-f679-5670-b210-de4f62ff2111,ab4a547f-e75d-5601-8171-00da4efa4b57,94e18241-54bd-5516-b36f-94ab6e323aca,2024-03-23,2024-03-30,7
df36a283-6988-5634-93aa-c98ef4c474dc,e8aeb018-f679-5670-b210-de4f62ff2111,a6f6d890-1609-53fc-b4a6-5733ccc9d078,afe9d181-1c64-5cca-b4b7-a9fa24eceeea,2024-03-16,2024-03-30,14
49d0f2ed-85a4-5158-9fa5-ee21cace77c4,e8aeb018-f679-5670-b210-de4f62ff2111,76d6c9f4-5d7d-53c0-bb1f-2a577383765a,2082733c-4e17-51fe-bc8c-bf33d3ec5d7e,2024-03-28,2024-03-31,3
023de255-aa26-5cf5-abe2-23b5e0b6fd42,e8aeb018-f679-5670-b210-de4f62ff2111,76d6c9f4-5d7d-53c0-bb1f-2a577383765a,5bbfdec8-65ae-59e6-b211-5eccb5b765fa,2024-03-28,2024-03-31,3
094b76ba-f41f-572c-b5fb-cf924b3b5db2,e8aeb018-f679-5670-b210-de4f62ff2111,41cb90d0-d91a-57c2-b138-831be351479f,2897aac2-f219-5167-b800-73fac27f6b85,2024-03-26,2024-03-31,5
abd112a4-aaa4-5830-8377-5ab69383c6ae,e8aeb018-f679-5670-b210-de4f62ff2111,41cb90d0-d91a-57c2-b138-831be351479f,6baabed2-52d7-5cb7-bf74-86c7cb3e4f07,2024-03-27,2024-04-01,5
6e51e4f6-f795-55d4-a75b-5a7d65cf0089,e8aeb018-f679-5670-b210-de4f62ff2111,a6f6d890-1609-53fc-b4a6-5733ccc9d078,0ec23038-d3ab-588c-bbd6-1f5c744cdde1,2024-03-18,2024-04-01,14
1e7c9b26-8ad8-5141-8b9d-cf4064bd3a31,e8aeb018-f679-5670-b210-de4f62ff2111,a6f6d890-1609-53fc-b4a6-5733ccc9d078,9928e9a1-d9fc-5fdd-86c2-8909352fd7fe,2024-03-18,2024-04-01,14
a8b998fd-d8f3-5b3c-8841-50701a425365,e8aeb018-f679-5670-b210-de4f62ff2111,76d6c9f4-5d7d-53c0-bb1f-2a577383765a,c0cf5e5c-b5c9-585a-8e79-d9830bc954f6,2024-03-30,2024-04-02,3
36b8dabf-8405-52f7-9297-9e4b729cd562,e8aeb018-f679-5670-b210-de4f62ff2111,41cb90d0-d91a-57c2-b138-831be351479f,38adf7ba-476e-5e6b-9163-781a13538253,2024-03-28,2024-04-02,5
0b511e01-c30e-5efe-a542-c8e07dc55475,e8aeb018-f679-5670-b210-de4f62ff2111,ab4a547f-e75d-5601-8171-00da4efa4b57,94e18241-54bd-5516-b36f-94ab6e323aca,2024-03-26,2024-04-02,7
71c888f1-2b71-5d7e-8a4a-d29752d7c074,e8aeb018-f679-5670-b210-de4f62ff2111,c6617891-56ff-5690-89a4-1ece06685ff5,1ca3438e-9e23-58f0-a35f-f15f7a23beb9,2024-03-23,2024-04-02,10
72135e6c-050d-5c68-86ac-f24ce4136272,e8aeb018-f679-5670-b210-de4f62ff2111,c6617891-56ff-5690-89a4-1ece06685ff5,d9506935-1215-5499-93c0-8bdd86ab9418,2024-03-23,2024-04-02,10
dfffbfe0-59b3-5e3b-8094-c338d5f9aff9,e8aeb018-f679-5670-b210-de4f62ff2111,c6617891-56ff-5690-89a4-1ece06685ff5,1ca3438e-9e23-58f0-a35f-f15f7a23beb9,2024-03-23,2024-04-02,10
c201067c-6711-59af-b254-21adc9c5f9ce,e8aeb018-f679-5670-b210-de4f62ff2111,a6f6d890-1609-53fc-b4a6-5733ccc9d078,0ec23038-d3ab-588c-bbd6-1f5c744cdde1,2024-03-20,2024-04-03,14
ca3b700c-9092-5ee0-9aa2-6cd1eba2cdac,e8aeb018-f679-5670-b210-de4f62ff2111,a6f6d890-1609-53fc-b4a6-5733ccc9d078,afe9d181-1c64-5cca-b4b7-a9fa24eceeea,2024-03-20,2024-04-03,14
73538ef9-527f-5479-a5fa-c51c3fceaf72,e8aeb018-f679-5670-b210-de4f62ff2111,41cb90d0-d91a-57c2-b138-831be351479f,2897aac2-f219-5167-b800-73fac27f6b85,2024-03-29,2024-04-03,5
ce5dbdb7-4939-56ff-b884-f7d0d9f93100,e8aeb018-f679-5670-b210-de4f62ff2111,a6f6d890-1609-53fc-b4a6-5733ccc9d078,983871db-adfb-543e-b438-6b00044ffb64,2024-03-20,2024-04-03,14
b9e78430-eaea-5614-87b4-57a1f6a75d92,e8aeb018-f679-5670-b210-de4f62ff2111,76d6c9f4-5d7d-53c0-bb1f-2a577383765a,d3961f5a-3ea7-53d3-89f4-78b65b0c0c6b,2024-04-01,2024-04-04,3
0a162b03-93b4-5d42-ae4d-03021053821f,e8aeb018-f679-5670-b210-de4f62ff2111,a6f6d890-1609-53fc-b4a6-5733ccc9d078,1e9605fd-5682-52b6-8f05-e8a92dd44513,2024-03-21,2024-04-04,14
90879033-4f78-52fd-9141-9715f31300c1,e8aeb018-f679-5670-b210-de4f62ff2111,41cb90d0-d91a-57c2-b138-831be351479f,38adf7ba-476e-5e6b-9163-781a13538253,2024-03-30,2024-04-04,5
8bf542e8-4d95-5bb6-8ac9-a6fccd2fde76,e8aeb018-f679-5670-b210-de4f62ff2111,76d6c9f4-5d7d-53c0-bb1f-2a577383765a,cd81184b-b6f1-563c-b463-36a69ddfb598,2024-04-01,2024-04-04,3
b716e0df-33de-5576-a56d-9f6d82f5f041,e8aeb018-f679-5670-b210-de4f62ff2111,76d6c9f4-5d7d-53c0-bb1f-2a577383765a,c0cf5e5c-b5c9-585a-8e79-d9830bc954f6,2024-04-02,2024-04-05,3
2011b520-b742-5fe9-8cef-ac7b9485f3c9,e8aeb018-f679-5670-b210-de4f62ff2111,41cb90d0-d91a-57c2-b138-831be351479f,2933d8b7-2438-521b-b38d-d3a5224f87fc,2024-04-01,2024-04-06,5
24273bbb-0735-591b-befc-93ab245e922d,e8aeb018-f679-5670-b210-de4f62ff2111,76d6c9f4-5d7d-53c0-bb1f-2a577383765a,5bbfdec8-65ae-59e6-b211-5eccb5b765fa,2024-04-03,2024-04-06,3
6bf15048-d088-505d-8948-c1cbde3c3d1a,e8aeb018-f679-5670-b210-de4f62ff2111,41cb90d0-d91a-57c2-b138-831be351479f,82cd11ba-d1a0-58b1-b14f-edd741f36e87,2024-04-01,2024-04-06,5
5cafed0a-0e76-5741-a2f2-3fa95b8e6776,e8aeb018-f679-5670-b210-de4f62ff2111,76d6c9f4-5d7d-53c0-bb1f-2a577383765a,d0ae6d2d-e561-56b3-a2c1-113c1c56ae81,2024-04-03,2024-04-06,3
d30a2eb2-d594-5018-ba8e-5926d5c683b3,e8aeb018-f679-5670-b210-de4f62ff2111,76d6c9f4-5d7d-53c0-bb1f-2a577383765a,cd81184b-b6f1-563c-b463-36a69ddfb598,2024-04-03,2024-04-06,3
1d14d24f-0bc1-5849-90e4-f2ab0c0b3af1,e8aeb018-f679-5670-b210-de4f62ff2111,41cb90d0-d91a-57c2-b138-831be351479f,d2f08f15-f9f2-5f65-a740-b05896774467,2024-04-01,2024-04-06,5
83e20748-684b-5634-bb3c-3b7c2af337cb,e8aeb018-f679-5670-b210-de4f62ff2111,76d6c9f4-5d7d-53c0-bb1f-2a577383765a,2082733c-4e17-51fe-bc8c-bf33d3ec5d7e,2024-04-03,2024-04-06,3
e6ef5d11-4c1c-5f70-bcde-a36395348b38,e8aeb018-f679-5670-b210-de4f62ff2111,76d6c9f4-5d7d-53c0-bb1f-2a577383765a,d3961f5a-3ea7-53d3-89f4-78b65b0c0c6b,2024-04-04,2024-04-07,3
66a1c383-900c-5184-a670-da3556563470,e8aeb018-f679-5670-b210-de4f62ff2111,76d6c9f4-5d7d-53c0-bb1f-2a577383765a,d0ae6d2d-e561-56b3-a2c1-113c1c56ae81,2024-04-05,2024-04-08,3
f3e356ed-eec2-581e-a215-7652d3fe30c2,e8aeb018-f679-5670-b210-de4f62ff2111,76d6c9f4-5d7d-53c0-bb1f-2a577383765a,cd81184b-b6f1-563c-b463-36a69ddfb598,2024-04-05,2024-04-08,3
e1f067ef-12f9-5324-874a-c09fd87eda4b,e8aeb018-f679-5670-b210-de4f62ff2111,41cb90d0-d91a-57c2-b138-831be351479f,2933d8b7-2438-521b-b38d-d3a5224f87fc,2024-04-03,2024-04-08,5
8e51b78d-e1fb-55b4-ac45-57abd369b4e8,e8aeb018-f679-5670-b210-de4f62ff2111,a6f6d890-1609-53fc-b4a6-5733ccc9d078,1e9605fd-5682-52b6-8f05-e8a92dd44513,2024-03-25,2024-04-08,14
82d9a058-ae0f-54ca-b3eb-b78863d1897a,e8aeb018-f679-5670-b210-de4f62ff2111,c6617891-56ff-5690-89a4-1ece06685ff5,87b859e0-789a-56e6-b1ba-4fe76221d3bf,2024-03-30,2024-04-09,10
ef1265cf-84b2-5a9f-96bc-f7feb20aa2fb,e8aeb018-f679-5670-b210-de4f62ff2111,76d6c9f4-5d7d-53c0-bb1f-2a577383765a,2082733c-4e17-51fe-bc8c-bf33d3ec5d7e,2024-04-06,2024-04-09,3
0bfaede7-3a41-5a56-b58e-b6cd2128a7a7,e8aeb018-f679-5670-b210-de4f62ff2111,ab4a547f-e75d-5601-8171-00da4efa4b57,012857cc-907f-5e7d-b8fb-796d2c9f1621,2024-04-02,2024-04-09,7
11691990-69f4-5d04-809b-189648d508f1,e8aeb018-f679-5670-b210-de4f62ff2111,c6617891-56ff-5690-89a4-1ece06685ff5,1ca3438e-9e23-58f0-a35f-f15f7a23beb9,2024-03-30,2024-04-09,10
7b8e27a8-b3b7-5f1c-af70-27de23df6bd7,e8aeb018-f679-5670-b210-de4f62ff2111,ab4a547f-e75d-5601-8171-00da4efa4b57,07371b94-955f-52a4-9bf9-f0a6ad2b4fa8,2024-04-03,2024-04-10,7
86e688c8-8b32-5cd2-9b4b-4e3feb2c217b,e8aeb018-f679-5670-b210-de4f62ff2111,ab4a547f-e75d-5601-8171-00da4efa4b57,22231140-3780-5fe8-a7d4-d33f61d15111,2024-04-03,2024-04-10,7
23d3d598-c2f3-5714-9eb2-fde636f23229,e8aeb018-f679-5670-b210-de4f62ff2111,41cb90d0-d91a-57c2-b138-831be351479f,38adf7ba-476e-5e6b-9163-781a13538253,2024-04-05,2024-04-10,5
b004d571-b511-567a-89c8-ceb4778e5467,e8aeb018-f679-5670-b210-de4f62ff2111,41cb90d0-d91a-57c2-b138-831be351479f,6baabed2-52d7-5cb7-bf74-86c7cb3e4f07,2024-04-05,2024-04-10,5
7035aa2d-411e-54d7-b0ef-5eb0abf6f125,e8aeb018-f679-5670-b210-de4f62ff2111,41cb90d0-d91a-57c2-b138-831be351479f,d2f08f15-f9f2-5f65-a740-b05896774467,2024-04-05,2024-04-10,5
a484d850-63eb-5595-8363-127b5c8a612d,e8aeb018-f679-5670-b210-de4f62ff2111,76d6c9f4-5d7d-53c0-bb1f-2a577383765a,d0ae6d2d-e561-56b3-a2c1-113c1c56ae81,2024-04-08,2024-04-11,3
e6d8cba5-b2e4-5b03-9900-e8b236ffcbf2,e8aeb018-f679-5670-b210-de4f62ff2111,76d6c9f4-5d7d-53c0-bb1f-2a577383765a,d0ae6d2d-e561-56b3-a2c1-113c1c56ae81,2024-04-08,2024-04-11,3
aa06c616-4e36-5da8-972f-cf4e712135af,e8aeb018-f679-5670-b210-de4f62ff2111,c6617891-56ff-5690-89a4-1ece06685ff5,042e2e80-f954-5df4-97be-29dd428cc598,2024-04-02,2024-04-12,10
730fd66b-95c6-519a-ac50-967e52821517,e8aeb018-f679-5670-b210-de4f62ff2111,c6617891-56ff-5690-89a4-1ece06685ff5,058c6382-bde2-59d1-93ff-20c6161a4736,2024-04-02,2024-04-12,10
9f3ce805-0f1c-520b-8fdf-b71b224e78e1,e8aeb018-f679-5670-b210-de4f62ff2111,41cb90d0-d91a-57c2-b138-831be351479f,2897aac2-f219-5167-b800-73fac27f6b85,2024-04-08,2024-04-13,5
d127eb38-c8ba-5c68-a253-cab67b6f935e,e8aeb018-f679-5670-b210-de4f62ff2111,ab4a547f-e75d-5601-8171-00da4efa4b57,97d26d91-c562-5f27-9ebd-285e89c8f4bf,2024-04-06,2024-04-13,7
9d062754-417a-5c93-91c8-7fc9a89f53b4,e8aeb018-f679-5670-b210-de4f62ff2111,c6617891-56ff-5690-89a4-1ece06685ff5,87b859e0-789a-56e6-b1ba-4fe76221d3bf,2024-04-03,2024-04-13,10
1a819e6c-1dc0-5373-86e5-f95393820eca,e8aeb018-f679-5670-b210-de4f62ff2111,76d6c9f4-5d7d-53c0-bb1f-2a577383765a,c0cf5e5c-b5c9-585a-8e79-d9830bc954f6,2024-04-10,2024-04-13,3
3ad12096-9c13-5c34-aa58-f2c5195cd985,e8aeb018-f679-5670-b210-de4f62ff2111,76d6c9f4-5d7d-53c0-bb1f-2a577383765a,d0ae6d2d-e561-56b3-a2c1-113c1c56ae81,2024-04-10,2024-04-13,3
1c8d8e7c-f5ab-5e04-a43b-e273a6444604,e8aeb018-f679-5670-b210-de4f62ff2111,c6617891-56ff-5690-89a4-1ece06685ff5,1ca3438e-9e23-58f0-a35f-f15f7a23beb9,2024-04-04,2024-04-14,10
4b303a22-1fbe-57df-8b7d-4f017e220884,e8aeb018-f679-5670-b210-de4f62ff2111,41cb90d0-d91a-57c2-b138-831be351479f,6baabed2-52d7-5cb7-bf74-86c7cb3e4f07,2024-04-09,2024-04-14,5
ea58a9fb-3e57-591f-8ce5-663db3915dd8,e8aeb018-f679-5670-b210-de4f62ff2111,41cb90d0-d91a-57c2-b138-831be351479f,2933d8b7-2438-521b-b38d-d3a5224f87fc,2024-04-09,2024-04-14,5
c8ae720a-7cd0-5ee8-944e-e945f7a3b13e,e8aeb018-f679-5670-b210-de4f62ff2111,a6f6d890-1609-53fc-b4a6-5733ccc9d078,4d9429b6-2ebf-5b5d-ac48-f779d5a1e270,2024-04-01,2024-04-15,14
a3be685c-990f-5815-a508-154728278e89,e8aeb018-f679-5670-b210-de4f62ff2111,41cb90d0-d91a-57c2-b138-831be351479f,38adf7ba-476e-5e6b-9163-781a13538253,2024-04-10,2024-04-15,5
5771c0c9-6bbc-57ac-9e41-baf0facf8e2d,e8aeb018-f679-5670-b210-de4f62ff2111,a6f6d890-1609-53fc-b4a6-5733ccc9d078,4d9429b6-2ebf-5b5d-ac48-f779d5a1e270,2024-04-01,2024-04-15,14
75103e1e-49db-59d0-ae05-9f184c64c61d,e8aeb018-f679-5670-b210-de4f62ff2111,c6617891-56ff-5690-89a4-1ece06685ff5,042e2e80-f954-5df4-97be-29dd428cc598,2024-04-05,2024-04-15,10
b32ba322-bdb3-53cc-8b26-1da28346e1d8,e8aeb018-f679-5670-b210-de4f62ff2111,ab4a547f-e75d-5601-8171-00da4efa4b57,97d26d91-c562-5f27-9ebd-285e89c8f4bf,2024-04-08,2024-04-15,7
325ff5b0-2c21-5303-aed6-0f1bd9ee2b88,e8aeb018-f679-5670-b210-de4f62ff2111,76d6c9f4-5d7d-53c0-bb1f-2a577383765a,d3961f5a-3ea7-53d3-89f4-78b65b0c0c6b,2024-04-12,2024-04-15,3
b3be2be3-08f2-5f9f-b10d-9a304f889604,e8aeb018-f679-5670-b210-de4f62ff2111,c6617891-56ff-5690-89a4-1ece06685ff5,87b859e0-789a-56e6-b1ba-4fe76221d3bf,2024-04-05,2024-04-15,10
394c3067-6940-5c82-980b-20dfeffb4def,e8aeb018-f679-5670-b210-de4f62ff2111,ab4a547f-e75d-5601-8171-00da4efa4b57,07371b94-955f-52a4-9bf9-f0a6ad2b4fa8,2024-04-09,2024-04-16,7
0a084683-3f5a-5d37-b373-a545a643453c,e8aeb018-f679-5670-b210-de4f62ff2111,ab4a547f-e75d-5601-8171-00da4efa4b57,94e18241-54bd-5516-b36f-94ab6e323aca,2024-04-09,2024-04-16,7
0c80d387-d865-54fb-81c1-53b9684d52eb,e8aeb018-f679-5670-b210-de4f62ff2111,41cb90d0-d91a-57c2-b138-831be351479f,2933d8b7-2438-521b-b38d-d3a5224f87fc,2024-04-12,2024-04-17,5
1115cc84-16ed-51db-b2ae-6758d43d5056,e8aeb018-f679-5670-b210-de4f62ff2111,41cb90d0-d91a-57c2-b138-831be351479f,d2f08f15-f9f2-5f65-a740-b05896774467,2024-04-12,2024-04-17,5
b51ea0ca-0273-557f-a706-0960e8029ffe,e8aeb018-f679-5670-b210-de4f62ff2111,ab4a547f-e75d-5601-8171-00da4efa4b57,6d807393-f4ab-5f76-b544-251eeda27ba3,2024-04-11,2024-04-18,7
78c40fbd-3460-51f5-95ed-94786c63e797,e8aeb018-f679-5670-b210-de4f62ff2111,c6617891-56ff-5690-89a4-1ece06685ff5,87b859e0-789a-56e6-b1ba-4fe76221d3bf,2024-04-08,2024-04-18,10
c818f9ce-68c4-501c-8f89-4edec007f55e,e8aeb018-f679-5670-b210-de4f62ff2111,76d6c9f4-5d7d-53c0-bb1f-2a577383765a,2082733c-4e17-51fe-bc8c-bf33d3ec5d7e,2024-04-15,2024-04-18,3
953eb2ef-41d6-52fe-a959-9065df4a5fac,e8aeb018-f679-5670-b210-de4f62ff2111,41cb90d0-d91a-57c2-b138-831be351479f,6baabed2-52d7-5cb7-bf74-86c7cb3e4f07,2024-04-13,2024-04-18,5
6353ffa3-cec4-5dca-bf66-ab189f9ddf77,e8aeb018-f679-5670-b210-de4f62ff2111,ab4a547f-e75d-5601-8171-00da4efa4b57,97d26d91-c562-5f27-9ebd-285e89c8f4bf,2024-04-11,2024-04-18,7
23311938-a7d1-56c9-a086-31790b534e59,e8aeb018-f679-5670-b210-de4f62ff2111,41cb90d0-d91a-57c2-b138-831be351479f,6baabed2-52d7-5cb7-bf74-86c7cb3e4f07,2024-04-13,2024-04-18,5
1f653475-afe5-57a7-b723-ff1cf55ea711,e8aeb018-f679-5670-b210-de4f62ff2111,ab4a547f-e75d-5601-8171-00da4efa4b57,012857cc-907f-5e7d-b8fb-796d2c9f1621,2024-04-12,2024-04-19,7
18f1d3e5-47af-51d0-9b1e-3593e9f119f7,e8aeb018-f679-5670-b210-de4f62ff2111,a6f6d890-1609-53fc-b4a6-5733ccc9d078,4d9429b6-2ebf-5b5d-ac48-f779d5a1e270,2024-04-05,2024-04-19,14
ccff1058-e12c-5752-bba4-0450351c2914,e8aeb018-f679-5670-b210-de4f62ff2111,c6617891-56ff-5690-89a4-1ece06685ff5,2eb3a104-e572-583a-afa0-156ee0dc4cce,2024-04-09,2024-04-19,10
d9c07fa4-de57-5b34-8cc7-36ba0e1e2205,e8aeb018-f679-5670-b210-de4f62ff2111,ab4a547f-e75d-5601-8171-00da4efa4b57,22231140-3780-5fe8-a7d4-d33f61d15111,2024-04-12,2024-04-19,7
31f531c5-e54d-5c4e-a419-4b6a31f5d3aa,e8aeb018-f679-5670-b210-de4f62ff2111,a6f6d890-1609-53fc-b4a6-5733ccc9d078,0ec23038-d3ab-588c-bbd6-1f5c744cdde1,2024-04-05,2024-04-19,14
3c4c11a2-f320-55ac-b12d-5ad234d24043,e8aeb018-f679-5670-b210-de4f62ff2111,a6f6d890-1609-53fc-b4a6-5733ccc9d078,afe9d181-1c64-5cca-b4b7-a9fa24eceeea,2024-04-06,2024-04-20,14
8e5ef7c2-419e-5dbf-9b34-da718a520277,e8aeb018-f679-5670-b210-de4f62ff2111,ab4a547f-e75d-5601-8171-00da4efa4b57,012857cc-907f-5e7d-b8fb-796d2c9f1621,2024-04-13,2024-04-20,7
db445723-7d9f-5d55-b4a5-5336611d59d9,e8aeb018-f679-5670-b210-de4f62ff2111,ab4a547f-e75d-5601-8171-00da4efa4b57,6d807393-f4ab-5f76-b544-251eeda27ba3,2024-04-13,2024-04-20,7
53c1cff1-9b92-508e-a4fe-8cb19aaa2c6b,e8aeb018-f679-5670-b210-de4f62ff2111,41cb90d0-d91a-57c2-b138-831be351479f,82cd11ba-d1a0-58b1-b14f-edd741f36e87,2024-04-15,2024-04-20,5
eabfc32d-cea7-520f-8a9a-7b374d2bbb3e,e8aeb018-f679-5670-b210-de4f62ff2111,41cb90d0-d91a-57c2-b138-831be351479f,2933d8b7-2438-521b-b38d-d3a5224f87fc,2024-04-16,2024-04-21,5
40ab4550-56a4-5ef2-af7a-78f20411d2f2,e8aeb018-f679-5670-b210-de4f62ff2111,41cb90d0-d91a-57c2-b138-831be351479f,38adf7ba-476e-5e6b-9163-781a13538253,2024-04-16,2024-04-21,5
497e1510-6846-5f75-ba53-6681c41e0430,e8aeb018-f679-5670-b210-de4f62ff2111,c6617891-56ff-5690-89a4-1ece06685ff5,87b859e0-789a-56e6-b1ba-4fe76221d3bf,2024-04-12,2024-04-22,10
73066c3d-1c41-5e2d-8d62-ba1088dd26f2,e8aeb018-f679-5670-b210-de4f62ff2111,ab4a547f-e75d-5601-8171-00da4efa4b57,012857cc-907f-5e7d-b8fb-796d2c9f1621,2024-04-15,2024-04-22,7
a028fc37-b909-551e-a0f0-9d4c008b7908,e8aeb018-f679-5670-b210-de4f62ff2111,76d6c9f4-5d7d-53c0-bb1f-2a577383765a,5bbfdec8-65ae-59e6-b211-5eccb5b765fa,2024-04-19,2024-04-22,3
9b63b6e5-a875-550e-836b-bb0aad007b20,e8aeb018-f679-5670-b210-de4f62ff2111,c6617891-56ff-5690-89a4-1ece06685ff5,d9506935-1215-5499-93c0-8bdd86ab9418,2024-04-12,2024-04-22,10
c6a5b1f7-a35e-568d-b01d-dd168c7b018c,e8aeb018-f679-5670-b210-de4f62ff2111,a6f6d890-1609-53fc-b4a6-5733ccc9d078,afe9d181-1c64-5cca-b4b7-a9fa24eceeea,2024-04-09,2024-04-23,14
57e2bb4b-0f09-50e3-b1d9-5ce34aa17f08,e8aeb018-f679-5670-b210-de4f62ff2111,a6f6d890-1609-53fc-b4a6-5733ccc9d078,4d9429b6-2ebf-5b5d-ac48-f779d5a1e270,2024-04-09,2024-04-23,14
3f177563-3058-5088-ae8f-871945a70afd,e8aeb018-f679-5670-b210-de4f62ff2111,a6f6d890-1609-53fc-b4a6-5733ccc9d078,9928e9a1-d9fc-5fdd-86c2-8909352fd7fe,2024-04-10,2024-04-24,14
47750177-4cf3-5662-b984-df3a4749ce7b,e8aeb018-f679-5670-b210-de4f62ff2111,c6617891-56ff-5690-89a4-1ece06685ff5,058c6382-bde2-59d1-93ff-20c6161a4736,2024-04-15,2024-04-25,10
02e419a0-7d3b-5e76-b793-421855610a43,e8aeb018-f679-5670-b210-de4f62ff2111,76d6c9f4-5d7d-53c0-bb1f-2a577383765a,2082733c-4e17-51fe-bc8c-bf33d3ec5d7e,2024-04-22,2024-04-25,3
6b3283fd-acb5-5d63-ac00-7293a8c3c2b9,e8aeb018-f679-5670-b210-de4f62ff2111,76d6c9f4-5d7d-53c0-bb1f-2a577383765a,5bbfdec8-65ae-59e6-b211-5eccb5b765fa,2024-04-22,2024-04-25,3
a8c4e4c3-e548-5729-8bb2-d03b8bb5acd4,e8aeb018-f679-5670-b210-de4f62ff2111,ab4a547f-e75d-5601-8171-00da4efa4b57,6d807393-f4ab-5f76-b544-251eeda27ba3,2024-04-18,2024-04-25,7
ca0cfc90-b9da-5e06-94f1-2c550bb6190e,e8aeb018-f679-5670-b210-de4f62ff2111,76d6c9f4-5d7d-53c0-bb1f-2a577383765a,d3961f5a-3ea7-53d3-89f4-78b65b0c0c6b,2024-04-22,2024-04-25,3
4d2b5cb9-f33d-5289-938d-6b1f5a35f5f0,e8aeb018-f679-5670-b210-de4f62ff2111,41cb90d0-d91a-57c2-b138-831be351479f,38adf7ba-476e-5e6b-9163-781a13538253,2024-04-20,2024-04-25,5
21e43236-db40-57ff-9e5e-c86c062930dd,e8aeb018-f679-5670-b210-de4f62ff2111,c6617891-56ff-5690-89a4-1ece06685ff5,042e2e80-f954-5df4-97be-29dd428cc598,2024-04-15,2024-04-25,10
51e32133-aaa6-5be9-9f03-708f0a2da237,e8aeb018-f679-5670-b210-de4f62ff2111,ab4a547f-e75d-5601-8171-00da4efa4b57,012857cc-907f-5e7d-b8fb-796d2c9f1621,2024-04-18,2024-04-25,7
6efc863e-9e3e-5fdb-8d7c-7d2d6529fc63,e8aeb018-f679-5670-b210-de4f62ff2111,ab4a547f-e75d-5601-8171-00da4efa4b57,6d807393-f4ab-5f76-b544-251eeda27ba3,2024-04-19,2024-04-26,7
d63950ce-6fc2-59a2-a4be-10f62274ac0f,e8aeb018-f679-5670-b210-de4f62ff2111,a6f6d890-1609-53fc-b4a6-5733ccc9d078,0ec23038-d3ab-588c-bbd6-1f5c744cdde1,2024-04-12,2024-04-26,14
a5c4f5f8-f28d-516f-af9d-0ff2048c840e,e8aeb018-f679-5670-b210-de4f62ff2111,ab4a547f-e75d-5601-8171-00da4efa4b57,94e18241-54bd-5516-b36f-94ab6e323aca,2024-04-19,2024-04-26,7
b3b7efcf-1889-5863-9899-d07166707503,e8aeb018-f679-5670-b210-de4f62ff2111,ab4a547f-e75d-5601-8171-00da4efa4b57,97d26d91-c562-5f27-9ebd-285e89c8f4bf,2024-04-19,2024-04-26,7
d4b4122b-73d5-5558-a86e-f2d45db5f3dd,e8aeb018-f679-5670-b210-de4f62ff2111,ab4a547f-e75d-5601-8171-00da4efa4b57,6d807393-f4ab-5f76-b544-251eeda27ba3,2024-04-19,2024-04-26,7
261cbf99-3818-573a-863c-2845146f7eb1,e8aeb018-f679-5670-b210-de4f62ff2111,ab4a547f-e75d-5601-8171-00da4efa4b57,94e18241-54bd-5516-b36f-94ab6e323aca,2024-04-19,2024-04-26,7
2f4ef8c5-feb4-588e-a7e8-79e1158e61d9,e8aeb018-f679-5670-b210-de4f62ff2111,76d6c9f4-5d7d-53c0-bb1f-2a577383765a,cd81184b-b6f1-563c-b463-36a69ddfb598,2024-04-23,2024-04-26,3
ee000b7c-424b-5d6d-aee6-e2ef07bcabd4,e8aeb018-f679-5670-b210-de4f62ff2111,41cb90d0-d91a-57c2-b138-831be351479f,d2f08f15-f9f2-5f65-a740-b05896774467,2024-04-22,2024-04-27,5
b9fd479a-5642-5664-b6af-12e752c72d29,e8aeb018-f679-5670-b210-de4f62ff2111,a6f6d890-1609-53fc-b4a6-5733ccc9d078,1e9605fd-5682-52b6-8f05-e8a92dd44513,2024-04-13,2024-04-27,14
b057717b-ee3c-5508-a56c-f2fc4ec4e556,e8aeb018-f679-5670-b210-de4f62ff2111,41cb90d0-d91a-57c2-b138-831be351479f,d2f08f15-f9f2-5f65-a740-b05896774467,2024-04-22,2024-04-27,5
f7d33b5d-efab-58b0-bdfd-ca3ba08f92f5,e8aeb018-f679-5670-b210-de4f62ff2111,c6617891-56ff-5690-89a4-1ece06685ff5,2eb3a104-e572-583a-afa0-156ee0dc4cce,2024-04-17,2024-04-27,10
d7c83c9b-addd-56eb-8bb3-2ccfa9317b25,e8aeb018-f679-5670-b210-de4f62ff2111,41cb90d0-d91a-57c2-b138-831be351479f,38adf7ba-476e-5e6b-9163-781a13538253,2024-04-22,2024-04-27,5
c145948e-075b-5b2c-a6a3-ea6b1b6c2413,e8aeb018-f679-5670-b210-de4f62ff2111,a6f6d890-1609-53fc-b4a6-5733ccc9d078,9928e9a1-d9fc-5fdd-86c2-8909352fd7fe,2024-04-13,2024-04-27,14
392ee4ac-1025-53de-90e6-fbe804d54179,e8aeb018-f679-5670-b210-de4f62ff2111,41cb90d0-d91a-57c2-b138-831be351479f,82cd11ba-d1a0-58b1-b14f-edd741f36e87,2024-04-22,2024-04-27,5
86503953-2656-5ec8-9d9e-c89725d8ba82,e8aeb018-f679-5670-b210-de4f62ff2111,a6f6d890-1609-53fc-b4a6-5733ccc9d078,afe9d181-1c64-5cca-b4b7-a9fa24eceeea,2024-04-13,2024-04-27,14
06d99e8f-70a0-560f-bec6-30ca414d4ae5,e8aeb018-f679-5670-b210-de4f62ff2111,c6617891-56ff-5690-89a4-1ece06685ff5,d9506935-1215-5499-93c0-8bdd86ab9418,2024-04-17,2024-04-27,10
b99846a0-d5e9-5a70-ac8b-bf906328ba5e,e8aeb018-f679-5670-b210-de4f62ff2111,76d6c9f4-5d7d-53c0-bb1f-2a577383765a,d3961f5a-3ea7-53d3-89f4-78b65b0c0c6b,2024-04-25,2024-04-28,3
e9605a3b-4ddd-5f6c-b023-3a33c06a0e73,e8aeb018-f679-5670-b210-de4f62ff2111,c6617891-56ff-5690-89a4-1ece06685ff5,042e2e80-f954-5df4-97be-29dd428cc598,2024-04-18,2024-04-28,10
82728107-5af9-5513-ae04-b1be4a9a0568,e8aeb018-f679-5670-b210-de4f62ff2111,41cb90d0-d91a-57c2-b138-831be351479f,38adf7ba-476e-5e6b-9163-781a13538253,2024-04-23,2024-04-28,5
271cb333-f99b-5784-a3f9-5378196a7ff4,e8aeb018-f679-5670-b210-de4f62ff2111,76d6c9f4-5d7d-53c0-bb1f-2a577383765a,2082733c-4e17-51fe-bc8c-bf33d3ec5d7e,2024-04-25,2024-04-28,3
12ec5dca-dacd-553f-8059-79718940686c,e8aeb018-f679-5670-b210-de4f62ff2111,76d6c9f4-5d7d-53c0-bb1f-2a577383765a,5bbfdec8-65ae-59e6-b211-5eccb5b765fa,2024-04-26,2024-04-29,3
e15c0c94-96c5-58e2-88e4-6d12de8ae531,e8aeb018-f679-5670-b210-de4f62ff2111,c6617891-56ff-5690-89a4-1ece06685ff5,2eb3a104-e572-583a-afa0-156ee0dc4cce,2024-04-19,2024-04-29,10
9e0e1995-c71e-50b1-98d9-d9824c06db60,e8aeb018-f679-5670-b210-de4f62ff2111,c6617891-56ff-5690-89a4-1ece06685ff5,2eb3a104-e572-583a-afa0-156ee0dc4cce,2024-04-20,2024-04-30,10
ae853a4a-cf14-50bb-a464-f8384fc5ced8,e8aeb018-f679-5670-b210-de4f62ff2111,a6f6d890-1609-53fc-b4a6-5733ccc9d078,983871db-adfb-543e-b438-6b00044ffb64,2024-04-16,2024-04-30,14
77590796-507f-5f43-8244-6ae7ecfa20c2,e8aeb018-f679-5670-b210-de4f62ff2111,ab4a547f-e75d-5601-8171-00da4efa4b57,22231140-3780-5fe8-a7d4-d33f61d15111,2024-04-23,2024-04-30,7
f5696ced-5017-558b-81ac-d97f8b4b42be,e8aeb018-f679-5670-b210-de4f62ff2111,c6617891-56ff-5690-89a4-1ece06685ff5,2eb3a104-e572-583a-afa0-156ee0dc4cce,2024-04-20,2024-04-30,10
d2eb682f-da64-5435-8819-1b397aa97d8e,e8aeb018-f679-5670-b210-de4f62ff2111,a6f6d890-1609-53fc-b4a6-5733ccc9d078,4d9429b6-2ebf-5b5d-ac48-f779d5a1e270,2024-04-16,2024-04-30,14
d54467f2-cafa-59d0-98ba-957eb3b2d290,e8aeb018-f679-5670-b210-de4f62ff2111,ab4a547f-e75d-5601-8171-00da4efa4b57,94e18241-54bd-5516-b36f-94ab6e323aca,2024-04-23,2024-04-30,7
abe678b6-4e61-50a5-8eb8-36533cff8bfd,e8aeb018-f679-5670-b210-de4f62ff2111,ab4a547f-e75d-5601-8171-00da4efa4b57,22231140-3780-5fe8-a7d4-d33f61d15111,2024-04-23,2024-04-30,7
7f99a5b8-0b58-5ec3-aa5d-6cba5b3f6753,e8aeb018-f679-5670-b210-de4f62ff2111,a6f6d890-1609-53fc-b4a6-5733ccc9d078,0ec23038-d3ab-588c-bbd6-1f5c744cdde1,2024-04-16,2024-04-30,14
709c1fee-0351-50f6-9f16-5fab8b36c4cd,e8aeb018-f679-5670-b210-de4f62ff2111,41cb90d0-d91a-57c2-b138-831be351479f,6baabed2-52d7-5cb7-bf74-86c7cb3e4f07,2024-04-26,2024-05-01,5
d20e78e1-4d87-53cf-b3c3-4c64c6715946,e8aeb018-f679-5670-b210-de4f62ff2111,ab4a547f-e75d-5601-8171-00da4efa4b57,22231140-3780-5fe8-a7d4-d33f61d15111,2024-04-24,2024-05-01,7
558e2b93-d382-5639-8865-00d629fa1e57,e8aeb018-f679-5670-b210-de4f62ff2111,ab4a547f-e75d-5601-8171-00da4efa4b57,07371b94-955f-52a4-9bf9-f0a6ad2b4fa8,2024-04-24,2024-05-01,7
ac17efab-98d8-5f9c-837d-d4525d61e77d,e8aeb018-f679-5670-b210-de4f62ff2111,41cb90d0-d91a-57c2-b138-831be351479f,2933d8b7-2438-521b-b38d-d3a5224f87fc,2024-04-27,2024-05-02,5
29e36dea-5466-5948-b4af-53c134b49010,e8aeb018-f679-5670-b210-de4f62ff2111,41cb90d0-d91a-57c2-b138-831be351479f,82cd11ba-d1a0-58b1-b14f-edd741f36e87,2024-04-27,2024-05-02,5
30e3f4b9-b726-58bd-b2e6-83e26af50f2b,e8aeb018-f679-5670-b210-de4f62ff2111,c6617891-56ff-5690-89a4-1ece06685ff5,d9506935-1215-5499-93c0-8bdd86ab9418,2024-04-22,2024-05-02,10
f874cba2-539c-54ee-85af-aaa92a54731b,e8aeb018-f679-5670-b210-de4f62ff2111,41cb90d0-d91a-57c2-b138-831be351479f,2897aac2-f219-5167-b800-73fac27f6b85,2024-04-27,2024-05-02,5
d6aa2078-4d3e-53a3-b5b2-04805e239a44,e8aeb018-f679-5670-b210-de4f62ff2111,ab4a547f-e75d-5601-8171-00da4efa4b57,07371b94-955f-52a4-9bf9-f0a6ad2b4fa8,2024-04-25,2024-05-02,7
d24a5c2f-ca4d-5e00-9b26-cfa8bca8bc01,e8aeb018-f679-5670-b210-de4f62ff2111,c6617891-56ff-5690-89a4-1ece06685ff5,1ca3438e-9e23-58f0-a35f-f15f7a23beb9,2024-04-22,2024-05-02,10
6e3c8090-ec82-520f-a85b-81ce0c323233,e8aeb018-f679-5670-b210-de4f62ff2111,76d6c9f4-5d7d-53c0-bb1f-2a577383765a,5bbfdec8-65ae-59e6-b211-5eccb5b765fa,2024-04-30,2024-05-03,3
5b410a2c-ba12-541d-b10e-553569c963e1,e8aeb018-f679-5670-b210-de4f62ff2111,ab4a547f-e75d-5601-8171-00da4efa4b57,94e18241-54bd-5516-b36f-94ab6e323aca,2024-04-26,2024-05-03,7
7b14f578-53c3-5235-920a-df837175140a,e8aeb018-f679-5670-b210-de4f62ff2111,ab4a547f-e75d-5601-8171-00da4efa4b57,97d26d91-c562-5f27-9ebd-285e89c8f4bf,2024-04-26,2024-05-03,7
d5a06b57-67c3-5309-8a62-f1edb64b4b4a,e8aeb018-f679-5670-b210-de4f62ff2111,c6617891-56ff-5690-89a4-1ece06685ff5,1ca3438e-9e23-58f0-a35f-f15f7a23beb9,2024-04-23,2024-05-03,10
104e9fc6-c456-5ecb-87fa-d18c894f8cc1,e8aeb018-f679-5670-b210-de4f62ff2111,76d6c9f4-5d7d-53c0-bb1f-2a577383765a,d3961f5a-3ea7-53d3-89f4-78b65b0c0c6b,2024-04-30,2024-05-03,3
fc5d35ba-6e40-5eca-a5a9-2dc9f8a9a20d,e8aeb018-f679-5670-b210-de4f62ff2111,76d6c9f4-5d7d-53c0-bb1f-2a577383765a,cd81184b-b6f1-563c-b463-36a69ddfb598,2024-04-30,2024-05-03,3
043a59f1-eac3-5d36-8ffb-8cd84ff7a4b6,e8aeb018-f679-5670-b210-de4f62ff2111,76d6c9f4-5d7d-53c0-bb1f-2a577383765a,c0cf5e5c-b5c9-585a-8e79-d9830bc954f6,2024-05-01,2024-05-04,3
d23183d6-ceb6-5435-9c34-12c9182c0d9d,e8aeb018-f679-5670-b210-de4f62ff2111,76d6c9f4-5d7d-53c0-bb1f-2a577383765a,cd81184b-b6f1-563c-b463-36a69ddfb598,2024-05-01,2024-05-04,3
48507eab-72c5-5d5d-aa8b-c3fde7968352,e8aeb018-f679-5670-b210-de4f62ff2111,41cb90d0-d91a-57c2-b138-831be351479f,82cd11ba-d1a0-58b1-b14f-edd741f36e87,2024-04-29,2024-05-04,5
4ba8fdb5-84c3-5c84-bf2a-b2f7e93f043f,e8aeb018-f679-5670-b210-de4f62ff2111,76d6c9f4-5d7d-53c0-bb1f-2a577383765a,c0cf5e5c-b5c9-585a-8e79-d9830bc954f6,2024-05-01,2024-05-04,3
a9074ada-a531-53f6-8706-9f93f4f31c0c,e8aeb018-f679-5670-b210-de4f62ff2111,76d6c9f4-5d7d-53c0-bb1f-2a577383765a,c0cf5e5c-b5c9-585a-8e79-d9830bc954f6,2024-05-01,2024-05-04,3
4832a43c-70b8-5dae-8cb3-54703f0c00a4,e8aeb018-f679-5670-b210-de4f62ff2111,c6617891-56ff-5690-89a4-1ece06685ff5,042e2e80-f954-5df4-97be-29dd428cc598,2024-04-24,2024-05-04,10
0b4e5889-da4e-503e-9c99-ca548c5baf61,e8aeb018-f679-5670-b210-de4f62ff2111,c6617891-56ff-5690-89a4-1ece06685ff5,d9506935-1215-5499-93c0-8bdd86ab9418,2024-04-25,2024-05-05,10
3aa3ba26-01ea-5d7c-ac55-b5a2d59afbab,e8aeb018-f679-5670-b210-de4f62ff2111,41cb90d0-d91a-57c2-b138-831be351479f,82cd11ba-d1a0-58b1-b14f-edd741f36e87,2024-04-30,2024-05-05,5
a4e5db09-3a72-5c28-a35f-4f3d8950203e,e8aeb018-f679-5670-b210-de4f62ff2111,76d6c9f4-5d7d-53c0-bb1f-2a577383765a,c0cf5e5c-b5c9-585a-8e79-d9830bc954f6,2024-05-02,2024-05-05,3
e1669b6e-3eb6-5566-b2b5-66cb3b24f0c7,e8aeb018-f679-5670-b210-de4f62ff2111,76d6c9f4-5d7d-53c0-bb1f-2a577383765a,d3961f5a-3ea7-53d3-89f4-78b65b0c0c6b,2024-05-03,2024-05-06,3
04ccdeac-31f0-57a7-b779-6cfc7430b2ba,e8aeb018-f679-5670-b210-de4f62ff2111,ab4a547f-e75d-5601-8171-00da4efa4b57,07371b94-955f-52a4-9bf9-f0a6ad2b4fa8,2024-04-29,2024-05-06,7
7cd4d14e-be2e-5b12-8fb9-7bcf2547f2a6,e8aeb018-f679-5670-b210-de4f62ff2111,76d6c9f4-5d7d-53c0-bb1f-2a577383765a,d0ae6d2d-e561-56b3-a2c1-113c1c56ae81,2024-05-03,2024-05-06,3
eebb2214-5220-560d-a705-2f6a5bdb3e7e,e8aeb018-f679-5670-b210-de4f62ff2111,a6f6d890-1609-53fc-b4a6-5733ccc9d078,1e9605fd-5682-52b6-8f05-e8a92dd44513,2024-04-22,2024-05-06,14
5ef4ea0e-7a14-543d-82a9-ff401f581cdf,e8aeb018-f679-5670-b210-de4f62ff2111,a6f6d890-1609-53fc-b4a6-5733ccc9d078,9928e9a1-d9fc-5fdd-86c2-8909352fd7fe,2024-04-22,2024-05-06,14
92ccd220-cf3f-540d-a360-d91148464066,e8aeb018-f679-5670-b210-de4f62ff2111,c6617891-56ff-5690-89a4-1ece06685ff5,058c6382-bde2-59d1-93ff-20c6161a4736,2024-04-26,2024-05-06,10
3fad0b94-91d8-5126-a652-aa181ff65a49,e8aeb018-f679-5670-b210-de4f62ff2111,a6f6d890-1609-53fc-b4a6-5733ccc9d078,983871db-adfb-543e-b438-6b00044ffb64,2024-04-22,2024-05-06,14
bc6f45d4-ba5a-5125-948a-062ae566cdb9,e8aeb018-f679-5670-b210-de4f62ff2111,76d6c9f4-5d7d-53c0-bb1f-2a577383765a,5bbfdec8-65ae-59e6-b211-5eccb5b765fa,2024-05-03,2024-05-06,3
15dc1a95-eea3-5868-a4ef-dc263470c2a5,e8aeb018-f679-5670-b210-de4f62ff2111,a6f6d890-1609-53fc-b4a6-5733ccc9d078,983871db-adfb-543e-b438-6b00044ffb64,2024-04-22,2024-05-06,14
7a4d1f25-c012-593e-b2f4-0b8e6e9a9b2e,e8aeb018-f679-5670-b210-de4f62ff2111,41cb90d0-d91a-57c2-b138-831be351479f,2897aac2-f219-5167-b800-73fac27f6b85,2024-05-02,2024-05-07,5
ba8e83a6-6eb2-5281-b1c9-e74e4a8fd38c,e8aeb018-f679-5670-b210-de4f62ff2111,c6617891-56ff-5690-89a4-1ece06685ff5,058c6382-bde2-59d1-93ff-20c6161a4736,2024-04-27,2024-05-07,10
98639fcb-fd0b-57d0-810f-ab1cff1636a5,e8aeb018-f679-5670-b210-de4f62ff2111,a6f6d890-1609-53fc-b4a6-5733ccc9d078,1e9605fd-5682-52b6-8f05-e8a92dd44513,2024-04-23,2024-05-07,14
d20d8e07-e20c-5117-b7c8-5c717fbe5fc1,e8aeb018-f679-5670-b210-de4f62ff2111,76d6c9f4-5d7d-53c0-bb1f-2a577383765a,2082733c-4e17-51fe-bc8c-bf33d3ec5d7e,2024-05-04,2024-05-07,3
0f7e94d9-24d5-59fc-af6d-f1dca76d44f7,e8aeb018-f679-5670-b210-de4f62ff2111,c6617891-56ff-5690-89a4-1ece06685ff5,87b859e0-789a-56e6-b1ba-4fe76221d3bf,2024-04-29,2024-05-09,10
aa31486f-1b9b-54c2-8026-8586b1fe6eb7,e8aeb018-f679-5670-b210-de4f62ff2111,a6f6d890-1609-53fc-b4a6-5733ccc9d078,9928e9a1-d9fc-5fdd-86c2-8909352fd7fe,2024-04-25,2024-05-09,14
4e5f2449-76a6-5f3a-9514-77cc49915cda,e8aeb018-f679-5670-b210-de4f62ff2111,76d6c9f4-5d7d-53c0-bb1f-2a577383765a,cd81184b-b6f1-563c-b463-36a69ddfb598,2024-05-06,2024-05-09,3
da4dbc38-9cb2-500d-918c-528f7dcaf1c3,e8aeb018-f679-5670-b210-de4f62ff2111,c6617891-56ff-5690-89a4-1ece06685ff5,1ca3438e-9e23-58f0-a35f-f15f7a23beb9,2024-04-29,2024-05-09,10
cfdfd575-d785-56cb-bc19-d0d82b3944f4,e8aeb018-f679-5670-b210-de4f62ff2111,76d6c9f4-5d7d-53c0-bb1f-2a577383765a,cd81184b-b6f1-563c-b463-36a69ddfb598,2024-05-06,2024-05-09,3
f7ce7bcb-81ee-5cd2-a948-62b23ea754ee,e8aeb018-f679-5670-b210-de4f62ff2111,76d6c9f4-5d7d-53c0-bb1f-2a577383765a,2082733c-4e17-51fe-bc8c-bf33d3ec5d7e,2024-05-07,2024-05-10,3
7b8f6bac-25e8-5065-8798-3fcd15e375ec,e8aeb018-f679-5670-b210-de4f62ff2111,41cb90d0-d91a-57c2-b138-831be351479f,38adf7ba-476e-5e6b-9163-781a13538253,2024-05-06,2024-05-11,5
08a1099d-ca52-5690-b7e9-ea2c5bb6aaf6,e8aeb018-f679-5670-b210-de4f62ff2111,ab4a547f-e75d-5601-8171-00da4efa4b57,22231140-3780-5fe8-a7d4-d33f61d15111,2024-05-04,2024-05-11,7
5b4b54da-aa33-5867-9823-09d7db55ae92,e8aeb018-f679-5670-b210-de4f62ff2111,ab4a547f-e75d-5601-8171-00da4efa4b57,07371b94-955f-52a4-9bf9-f0a6ad2b4fa8,2024-05-04,2024-05-11,7
74f7ad45-0027-5180-b531-cee9fa811d78,e8aeb018-f679-5670-b210-de4f62ff2111,c6617891-56ff-5690-89a4-1ece06685ff5,058c6382-bde2-59d1-93ff-20c6161a4736,2024-05-01,2024-05-11,10
647b76db-7a13-546a-9429-485f791133b2,e8aeb018-f679-5670-b210-de4f62ff2111,76d6c9f4-5d7d-53c0-bb1f-2a577383765a,d0ae6d2d-e561-56b3-a2c1-113c1c56ae81,2024-05-09,2024-05-12,3
3cbd212d-ec05-5d18-9967-8b195c71ac47,e8aeb018-f679-5670-b210-de4f62ff2111,76d6c9f4-5d7d-53c0-bb1f-2a577383765a,d0ae6d2d-e561-56b3-a2c1-113c1c56ae81,2024-05-09,2024-05-12,3
c44bd456-d252-55c3-9e17-a114c663f55d,e8aeb018-f679-5670-b210-de4f62ff2111,a6f6d890-1609-53fc-b4a6-5733ccc9d078,983871db-adfb-543e-b438-6b00044ffb64,2024-04-29,2024-05-13,14
119de17b-3f6d-55f4-babd-74a06447d5b1,e8aeb018-f679-5670-b210-de4f62ff2111,41cb90d0-d91a-57c2-b138-831be351479f,2897aac2-f219-5167-b800-73fac27f6b85,2024-05-08,2024-05-13,5
37c6310c-3922-5b89-9cdb-7bd71681659f,e8aeb018-f679-5670-b210-de4f62ff2111,41cb90d0-d91a-57c2-b138-831be351479f,6baabed2-52d7-5cb7-bf74-86c7cb3e4f07,2024-05-09,2024-05-14,5
82377b90-69cd-5161-b83a-742a8613b94e,e8aeb018-f679-5670-b210-de4f62ff2111,ab4a547f-e75d-5601-8171-00da4efa4b57,012857cc-907f-5e7d-b8fb-796d2c9f1621,2024-05-07,2024-05-14,7
3522aca1-0faf-53ff-8398-ed9654cae8f5,e8aeb018-f679-5670-b210-de4f62ff2111,41cb90d0-d91a-57c2-b138-831be351479f,2933d8b7-2438-521b-b38d-d3a5224f87fc,2024-05-09,2024-05-14,5
e47ab668-7111-5340-9767-46c6f7849dd6,e8aeb018-f679-5670-b210-de4f62ff2111,41cb90d0-d91a-57c2-b138-831be351479f,82cd11ba-d1a0-58b1-b14f-edd741f36e87,2024-05-09,2024-05-14,5
d1d37cb9-56f5-552b-b1fc-d748f032d1a2,e8aeb018-f679-5670-b210-de4f62ff2111,41cb90d0-d91a-57c2-b138-831be351479f,2897aac2-f219-5167-b800-73fac27f6b85,2024-05-09,2024-05-14,5
be6342d1-0bce-59cb-a126-d2f5ee8ea85e,e8aeb018-f679-5670-b210-de4f62ff2111,ab4a547f-e75d-5601-8171-00da4efa4b57,97d26d91-c562-5f27-9ebd-285e89c8f4bf,2024-05-08,2024-05-15,7
7a03e4eb-3b79-5bc0-b7fc-e03f844c394e,e8aeb018-f679-5670-b210-de4f62ff2111,a6f6d890-1609-53fc-b4a6-5733ccc9d078,9928e9a1-d9fc-5fdd-86c2-8909352fd7fe,2024-05-01,2024-05-15,14
50ae291f-eb88-5121-a4a1-c50eeed6f25a,e8aeb018-f679-5670-b210-de4f62ff2111,ab4a547f-e75d-5601-8171-00da4efa4b57,97d26d91-c562-5f27-9ebd-285e89c8f4bf,2024-05-08,2024-05-15,7
180d811f-8f5b-5d45-91af-19d9a46c7b46,e8aeb018-f679-5670-b210-de4f62ff2111,a6f6d890-1609-53fc-b4a6-5733ccc9d078,1e9605fd-5682-52b6-8f05-e8a92dd44513,2024-05-02,2024-05-16,14
45caa6f6-bb0b-5e40-8175-c4e2a61dd1b4,e8aeb018-f679-5670-b210-de4f62ff2111,a6f6d890-1609-53fc-b4a6-5733ccc9d078,4d9429b6-2ebf-5b5d-ac48-f779d5a1e270,2024-05-03,2024-05-17,14
ac18989e-f721-593f-9e5a-9524c68cf27e,e8aeb018-f679-5670-b210-de4f62ff2111,a6f6d890-1609-53fc-b4a6-5733ccc9d078,0ec23038-d3ab-588c-bbd6-1f5c744cdde1,2024-05-03,2024-05-17,14
9c8e66ce-31f9-58bf-bfe2-e9da39aa5b24,e8aeb018-f679-5670-b210-de4f62ff2111,ab4a547f-e75d-5601-8171-00da4efa4b57,07371b94-955f-52a4-9bf9-f0a6ad2b4fa8,2024-05-10,2024-05-17,7
3029ece9-0fbf-5b26-a40f-2d7df6110bd4,e8aeb018-f679-5670-b210-de4f62ff2111,c6617891-56ff-5690-89a4-1ece06685ff5,058c6382-bde2-59d1-93ff-20c6161a4736,2024-05-07,2024-05-17,10
ade84ec0-04c3-55b7-918f-d649446ad9e6,e8aeb018-f679-5670-b210-de4f62ff2111,ab4a547f-e75d-5601-8171-00da4efa4b57,94e18241-54bd-5516-b36f-94ab6e323aca,2024-05-10,2024-05-17,7
97ea8af2-b54a-5d6a-9489-dcbb569f1470,e8aeb018-f679-5670-b210-de4f62ff2111,76d6c9f4-5d7d-53c0-bb1f-2a577383765a,d0ae6d2d-e561-56b3-a2c1-113c1c56ae81,2024-05-14,2024-05-17,3
08d40908-1e68-5845-b16c-7e6dce4182d3,e8aeb018-f679-5670-b210-de4f62ff2111,76d6c9f4-5d7d-53c0-bb1f-2a577383765a,d3961f5a-3ea7-53d3-89f4-78b65b0c0c6b,2024-05-15,2024-05-18,3
29613de4-a667-5573-ac15-91b15fa7ca44,e8aeb018-f679-5670-b210-de4f62ff2111,41cb90d0-d91a-57c2-b138-831be351479f,2933d8b7-2438-521b-b38d-d3a5224f87fc,2024-05-13,2024-05-18,5
b8efb944-d59a-5f3c-aabc-f86f8e1597d2,e8aeb018-f679-5670-b210-de4f62ff2111,41cb90d0-d91a-57c2-b138-831be351479f,2897aac2-f219-5167-b800-73fac27f6b85,2024-05-13,2024-05-18,5
94aa5021-7ec1-5c17-a0f8-acc368a74ab2,e8aeb018-f679-5670-b210-de4f62ff2111,a6f6d890-1609-53fc-b4a6-5733ccc9d078,0ec23038-d3ab-588c-bbd6-1f5c744cdde1,2024-05-04,2024-05-18,14
91fa85f2-dbf0-54b6-881f-e646b3c1f7a4,e8aeb018-f679-5670-b210-de4f62ff2111,41cb90d0-d91a-57c2-b138-831be351479f,6baabed2-52d7-5cb7-bf74-86c7cb3e4f07,2024-05-13,2024-05-18,5
a9710906-2778-53d3-8d09-5db4d18a78c2,e8aeb018-f679-5670-b210-de4f62ff2111,41cb90d0-d91a-57c2-b138-831be351479f,d2f08f15-f9f2-5f65-a740-b05896774467,2024-05-13,2024-05-18,5
38036b30-1d14-594e-8cbc-e7921e5d21ad,e8aeb018-f679-5670-b210-de4f62ff2111,c6617891-56ff-5690-89a4-1ece06685ff5,1ca3438e-9e23-58f0-a35f-f15f7a23beb9,2024-05-08,2024-05-18,10
dad7136d-043f-5043-a93a-494b549e1db8,e8aeb018-f679-5670-b210-de4f62ff2111,41cb90d0-d91a-57c2-b138-831be351479f,2933d8b7-2438-521b-b38d-d3a5224f87fc,2024-05-14,2024-05-19,5
35ff73dd-20a0-5436-a5b5-f8cc70f7a6fe,e8aeb018-f679-5670-b210-de4f62ff2111,c6617891-56ff-5690-89a4-1ece06685ff5,042e2e80-f954-5df4-97be-29dd428cc598,2024-05-09,2024-05-19,10
9c60a7e3-6b28-5460-a776-35e839c7379c,e8aeb018-f679-5670-b210-de4f62ff2111,41cb90d0-d91a-57c2-b138-831be351479f,2933d8b7-2438-521b-b38d-d3a5224f87fc,2024-05-14,2024-05-19,5
10cb7825-5410-5f1b-813e-66d553c5303c,e8aeb018-f679-5670-b210-de4f62ff2111,c6617891-56ff-5690-89a4-1ece06685ff5,1ca3438e-9e23-58f0-a35f-f15f7a23beb9,2024-05-10,2024-05-20,10
00f95b48-4d77-581f-bd1c-79250cadc672,e8aeb018-f679-5670-b210-de4f62ff2111,76d6c9f4-5d7d-53c0-bb1f-2a577383765a,5bbfdec8-65ae-59e6-b211-5eccb5b765fa,2024-05-17,2024-05-20,3
62283c67-4fb0-56cb-92a9-cfeb03ace81c,e8aeb018-f679-5670-b210-de4f62ff2111,41cb90d0-d91a-57c2-b138-831be351479f,d2f08f15-f9f2-5f65-a740-b05896774467,2024-05-15,2024-05-20,5
208aa7dc-b0a1-5b47-97be-e49a01fa27d9,e8aeb018-f679-5670-b210-de4f62ff2111,ab4a547f-e75d-5601-8171-00da4efa4b57,22231140-3780-5fe8-a7d4-d33f61d15111,2024-05-13,2024-05-20,7
23a7c4f7-8187-54cd-9dad-035b0c9cfe7b,e8aeb018-f679-5670-b210-de4f62ff2111,76d6c9f4-5d7d-53c0-bb1f-2a577383765a,d3961f5a-3ea7-53d3-89f4-78b65b0c0c6b,2024-05-17,2024-05-20,3
189214e2-a1ae-57c7-a697-7ffab060ccff,e8aeb018-f679-5670-b210-de4f62ff2111,41cb90d0-d91a-57c2-b138-831be351479f,38adf7ba-476e-5e6b-9163-781a13538253,2024-05-15,2024-05-20,5
4756d275-365d-5544-9eec-011bddca15c5,e8aeb018-f679-5670-b210-de4f62ff2111,a6f6d890-1609-53fc-b4a6-5733ccc9d078,afe9d181-1c64-5cca-b4b7-a9fa24eceeea,2024-05-06,2024-05-20,14
ab9aadd4-3a07-5513-9d46-0f24671cdc60,e8aeb018-f679-5670-b210-de4f62ff2111,c6617891-56ff-5690-89a4-1ece06685ff5,87b859e0-789a-56e6-b1ba-4fe76221d3bf,2024-05-11,2024-05-21,10
2ae6f2f1-bc18-54c4-8460-979a327f5fa1,e8aeb018-f679-5670-b210-de4f62ff2111,ab4a547f-e75d-5601-8171-00da4efa4b57,6d807393-f4ab-5f76-b544-251eeda27ba3,2024-05-14,2024-05-21,7
0ba8d232-fe40-5d6d-87ed-beca63c0e8c2,e8aeb018-f679-5670-b210-de4f62ff2111,41cb90d0-d91a-57c2-b138-831be351479f,82cd11ba-d1a0-58b1-b14f-edd741f36e87,2024-05-17,2024-05-22,5
f9d474a3-c7fd-5798-a2d3-fcc254489f34,e8aeb018-f679-5670-b210-de4f62ff2111,41cb90d0-d91a-57c2-b138-831be351479f,6baabed2-52d7-5cb7-bf74-86c7cb3e4f07,2024-05-17,2024-05-22,5
70e927f5-32c5-5434-a5b9-b25cf09bac02,e8aeb018-f679-5670-b210-de4f62ff2111,ab4a547f-e75d-5601-8171-00da4efa4b57,6d807393-f4ab-5f76-b544-251eeda27ba3,2024-05-16,2024-05-23,7
d3a00946-3695-5138-b494-e41e13533838,e8aeb018-f679-5670-b210-de4f62ff2111,41cb90d0-d91a-57c2-b138-831be351479f,2897aac2-f219-5167-b800-73fac27f6b85,2024-05-18,2024-05-23,5
3db74651-2646-5541-810f-fe8433555000,e8aeb018-f679-5670-b210-de4f62ff2111,a6f6d890-1609-53fc-b4a6-5733ccc9d078,0ec23038-d3ab-588c-bbd6-1f5c744cdde1,2024-05-09,2024-05-23,14
71c217f5-b3ee-5be1-8f3c-1400dd6663fd,e8aeb018-f679-5670-b210-de4f62ff2111,ab4a547f-e75d-5601-8171-00da4efa4b57,22231140-3780-5fe8-a7d4-d33f61d15111,2024-05-17,2024-05-24,7
7fcfe50e-66da-55d1-bf90-5c929371c9a7,e8aeb018-f679-5670-b210-de4f62ff2111,a6f6d890-1609-53fc-b4a6-5733ccc9d078,1e9605fd-5682-52b6-8f05-e8a92dd44513,2024-05-10,2024-05-24,14
b20ffeea-673f-5c52-b345-d8bbe110d8c1,e8aeb018-f679-5670-b210-de4f62ff2111,ab4a547f-e75d-5601-8171-00da4efa4b57,012857cc-907f-5e7d-b8fb-796d2c9f1621,2024-05-17,2024-05-24,7
4c5f6c3d-1584-542b-b52d-9405ab433c6d,e8aeb018-f679-5670-b210-de4f62ff2111,c6617891-56ff-5690-89a4-1ece06685ff5,87b859e0-789a-56e6-b1ba-4fe76221d3bf,2024-05-14,2024-05-24,10
f4d849e8-dcff-565d-ad1e-c6b410296a83,e8aeb018-f679-5670-b210-de4f62ff2111,c6617891-56ff-5690-89a4-1ece06685ff5,058c6382-bde2-59d1-93ff-20c6161a4736,2024-05-15,2024-05-25,10
5a8f1c2e-0816-5f66-bbbb-02d124fa4dfd,e8aeb018-f679-5670-b210-de4f62ff2111,41cb90d0-d91a-57c2-b138-831be351479f,38adf7ba-476e-5e6b-9163-781a13538253,2024-05-20,2024-05-25,5
f5ed6ff2-78d8-5dd0-8b76-cffa8eb87b91,e8aeb018-f679-5670-b210-de4f62ff2111,ab4a547f-e75d-5601-8171-00da4efa4b57,94e18241-54bd-5516-b36f-94ab6e323aca,2024-05-18,2024-05-25,7
d98d1775-530d-545e-a49c-063ab8e223bd,e8aeb018-f679-5670-b210-de4f62ff2111,ab4a547f-e75d-5601-8171-00da4efa4b57,97d26d91-c562-5f27-9ebd-285e89c8f4bf,2024-05-18,2024-05-25,7
535556e4-cbb5-57d8-8d68-85581a7a4a6b,e8aeb018-f679-5670-b210-de4f62ff2111,76d6c9f4-5d7d-53c0-bb1f-2a577383765a,cd81184b-b6f1-563c-b463-36a69ddfb598,2024-05-22,2024-05-25,3
5e4df40b-1726-50bd-8b7b-a2f5ed6470b6,e8aeb018-f679-5670-b210-de4f62ff2111,76d6c9f4-5d7d-53c0-bb1f-2a577383765a,2082733c-4e17-51fe-bc8c-bf33d3ec5d7e,2024-05-23,2024-05-26,3
838b9ee3-6105-5322-860c-9a8f0be74367,e8aeb018-f679-5670-b210-de4f62ff2111,41cb90d0-d91a-57c2-b138-831be351479f,6baabed2-52d7-5cb7-bf74-86c7cb3e4f07,2024-05-21,2024-05-26,5
d118da36-6306-5e91-908f-96ec2b76c60d,e8aeb018-f679-5670-b210-de4f62ff2111,41cb90d0-d91a-57c2-b138-831be351479f,d2f08f15-f9f2-5f65-a740-b05896774467,2024-05-21,2024-05-26,5
02c79edb-0da7-5d00-874e-e273ba429923,e8aeb018-f679-5670-b210-de4f62ff2111,76d6c9f4-5d7d-53c0-bb1f-2a577383765a,d3961f5a-3ea7-53d3-89f4-78b65b0c0c6b,2024-05-24,2024-05-27,3
a519394f-652d-5f1c-a4bc-640de65bb9b2,e8aeb018-f679-5670-b210-de4f62ff2111,ab4a547f-e75d-5601-8171-00da4efa4b57,6d807393-f4ab-5f76-b544-251eeda27ba3,2024-05-20,2024-05-27,7
cbaa291f-c40f-567e-b712-22e6c7b47666,e8aeb018-f679-5670-b210-de4f62ff2111,ab4a547f-e75d-5601-8171-00da4efa4b57,07371b94-955f-52a4-9bf9-f0a6ad2b4fa8,2024-05-20,2024-05-27,7
82682bd2-cdc7-5a54-801e-611cf8052f87,e8aeb018-f679-5670-b210-de4f62ff2111,76d6c9f4-5d7d-53c0-bb1f-2a577383765a,2082733c-4e17-51fe-bc8c-bf33d3ec5d7e,2024-05-24,2024-05-27,3
4ddda1d7-bf72-5eb7-9bee-8ac843cbe29e,e8aeb018-f679-5670-b210-de4f62ff2111,ab4a547f-e75d-5601-8171-00da4efa4b57,6d807393-f4ab-5f76-b544-251eeda27ba3,2024-05-20,2024-05-27,7
f048bc02-e554-58bb-9594-7b5500577abb,e8aeb018-f679-5670-b210-de4f62ff2111,a6f6d890-1609-53fc-b4a6-5733ccc9d078,4d9429b6-2ebf-5b5d-ac48-f779d5a1e270,2024-05-13,2024-05-27,14
da6a7cec-f252-534c-a602-4d8bef1b5466,e8aeb018-f679-5670-b210-de4f62ff2111,41cb90d0-d91a-57c2-b138-831be351479f,d2f08f15-f9f2-5f65-a740-b05896774467,2024-05-22,2024-05-27,5
044afad5-f0a8-512e-8b74-40049be3a1e6,e8aeb018-f679-5670-b210-de4f62ff2111,76d6c9f4-5d7d-53c0-bb1f-2a577383765a,5bbfdec8-65ae-59e6-b211-5eccb5b765fa,2024-05-24,2024-05-27,3
3c3d14d7-d466-5e11-a4a1-a4fd71cb7c17,e8aeb018-f679-5670-b210-de4f62ff2111,ab4a547f-e75d-5601-8171-00da4efa4b57,012857cc-907f-5e7d-b8fb-796d2c9f1621,2024-05-21,2024-05-28,7
28f1dd96-517e-55bb-b9e7-bfb6fe497b2e,e8aeb018-f679-5670-b210-de4f62ff2111,41cb90d0-d91a-57c2-b138-831be351479f,82cd11ba-d1a0-58b1-b14f-edd741f36e87,2024-05-23,2024-05-28,5
f5cfc1c6-7395-5541-a422-130ac7fb6445,e8aeb018-f679-5670-b210-de4f62ff2111,ab4a547f-e75d-5601-8171-00da4efa4b57,07371b94-955f-52a4-9bf9-f0a6ad2b4fa8,2024-05-21,2024-05-28,7
b8856e4e-dd1d-5884-b5e9-f91527658860,e8aeb018-f679-5670-b210-de4f62ff2111,ab4a547f-e75d-5601-8171-00da4efa4b57,94e18241-54bd-5516-b36f-94ab6e323aca,2024-05-21,2024-05-28,7
31ceb7f2-9aa0-55b7-b5cf-eaef11296540,e8aeb018-f679-5670-b210-de4f62ff2111,ab4a547f-e75d-5601-8171-00da4efa4b57,22231140-3780-5fe8-a7d4-d33f61d15111,2024-05-21,2024-05-28,7
3ea3b609-d30a-54f4-be34-6211be930acb,e8aeb018-f679-5670-b210-de4f62ff2111,41cb90d0-d91a-57c2-b138-831be351479f,82cd11ba-d1a0-58b1-b14f-edd741f36e87,2024-05-24,2024-05-29,5
57cba09b-0044-576d-8db8-585ae8d7bf79,e8aeb018-f679-5670-b210-de4f62ff2111,ab4a547f-e75d-5601-8171-00da4efa4b57,6d807393-f4ab-5f76-b544-251eeda27ba3,2024-05-22,2024-05-29,7
b45f43a3-e30b-529a-b6fc-c7d9628161ac,e8aeb018-f679-5670-b210-de4f62ff2111,76d6c9f4-5d7d-53c0-bb1f-2a577383765a,cd81184b-b6f1-563c-b463-36a69ddfb598,2024-05-27,2024-05-30,3
bace7178-fa22-5b10-8d21-d3b3f7dc90d6,e8aeb018-f679-5670-b210-de4f62ff2111,c6617891-56ff-5690-89a4-1ece06685ff5,042e2e80-f954-5df4-97be-29dd428cc598,2024-05-20,2024-05-30,10
08194e24-f562-50ef-b622-fde2e6468660,e8aeb018-f679-5670-b210-de4f62ff2111,76d6c9f4-5d7d-53c0-bb1f-2a577383765a,d3961f5a-3ea7-53d3-89f4-78b65b0c0c6b,2024-05-27,2024-05-30,3
17071c3b-b05c-5d9b-a6d8-1ea0a888cf3b,e8aeb018-f679-5670-b210-de4f62ff2111,c6617891-56ff-5690-89a4-1ece06685ff5,2eb3a104-e572-583a-afa0-156ee0dc4cce,2024-05-20,2024-05-30,10
e32bd55e-5de3-5500-aea0-1c92e8f215b0,e8aeb018-f679-5670-b210-de4f62ff2111,a6f6d890-1609-53fc-b4a6-5733ccc9d078,983871db-adfb-543e-b438-6b00044ffb64,2024-05-16,2024-05-30,14
fe91e45f-a353-52ac-b359-9ea8c42586f9,e8aeb018-f679-5670-b210-de4f62ff2111,a6f6d890-1609-53fc-b4a6-5733ccc9d078,9928e9a1-d9fc-5fdd-86c2-8909352fd7fe,2024-05-17,2024-05-31,14
60e160b2-4b63-5109-bee2-3d6a873c8e6e,e8aeb018-f679-5670-b210-de4f62ff2111,76d6c9f4-5d7d-53c0-bb1f-2a577383765a,5bbfdec8-65ae-59e6-b211-5eccb5b765fa,2024-05-28,2024-05-31,3
6f511063-d628-55b5-aabb-3034fa977203,e8aeb018-f679-5670-b210-de4f62ff2111,ab4a547f-e75d-5601-8171-00da4efa4b57,94e18241-54bd-5516-b36f-94ab6e323aca,2024-05-24,2024-05-31,7
178912c4-6f58-5103-97b7-081136d25331,e8aeb018-f679-5670-b210-de4f62ff2111,c6617891-56ff-5690-89a4-1ece06685ff5,87b859e0-789a-56e6-b1ba-4fe76221d3bf,2024-05-21,2024-05-31,10
c386e0a1-a301-5d23-b90e-be73ec8862eb,e8aeb018-f679-5670-b210-de4f62ff2111,c6617891-56ff-5690-89a4-1ece06685ff5,042e2e80-f954-5df4-97be-29dd428cc598,2024-05-21,2024-05-31,10
cd045cad-f628-553e-8043-3c26189867b1,e8aeb018-f679-5670-b210-de4f62ff2111,ab4a547f-e75d-5601-8171-00da4efa4b57,07371b94-955f-52a4-9bf9-f0a6ad2b4fa8,2024-05-24,2024-05-31,7
3b20f960-7d96-5f56-a649-522d3325a5f4,e8aeb018-f679-5670-b210-de4f62ff2111,c6617891-56ff-5690-89a4-1ece06685ff5,042e2e80-f954-5df4-97be-29dd428cc598,2024-05-22,2024-06-01,10
35177a97-0a58-54e9-86ad-e3754a19cdf4,e8aeb018-f679-5670-b210-de4f62ff2111,c6617891-56ff-5690-89a4-1ece06685ff5,2eb3a104-e572-583a-afa0-156ee0dc4cce,2024-05-22,2024-06-01,10
c664508b-d66b-504b-be72-a0695ca14eef,e8aeb018-f679-5670-b210-de4f62ff2111,41cb90d0-d91a-57c2-b138-831be351479f,2897aac2-f219-5167-b800-73fac27f6b85,2024-05-27,2024-06-01,5
d2e84a87-95ce-5b29-bb98-c6861e829904,e8aeb018-f679-5670-b210-de4f62ff2111,ab4a547f-e75d-5601-8171-00da4efa4b57,97d26d91-c562-5f27-9ebd-285e89c8f4bf,2024-05-25,2024-06-01,7
6f3f99d1-c9bc-51fc-b402-79a26de76d4c,e8aeb018-f679-5670-b210-de4f62ff2111,76d6c9f4-5d7d-53c0-bb1f-2a577383765a,d0ae6d2d-e561-56b3-a2c1-113c1c56ae81,2024-05-29,2024-06-01,3
066b4fe9-d751-5b0e-b143-ebb105ee039e,e8aeb018-f679-5670-b210-de4f62ff2111,76d6c9f4-5d7d-53c0-bb1f-2a577383765a,cd81184b-b6f1-563c-b463-36a69ddfb598,2024-05-29,2024-06-01,3
125f499a-53e8-5013-a328-359507b8027d,e8aeb018-f679-5670-b210-de4f62ff2111,41cb90d0-d91a-57c2-b138-831be351479f,38adf7ba-476e-5e6b-9163-781a13538253,2024-05-28,2024-06-02,5
03a3d4b1-136d-531b-83c3-56007d94dd4e,e8aeb018-f679-5670-b210-de4f62ff2111,41cb90d0-d91a-57c2-b138-831be351479f,38adf7ba-476e-5e6b-9163-781a13538253,2024-05-28,2024-06-02,5
ae4d1926-fc1c-5bfd-b876-7e396b941696,e8aeb018-f679-5670-b210-de4f62ff2111,41cb90d0-d91a-57c2-b138-831be351479f,2933d8b7-2438-521b-b38d-d3a5224f87fc,2024-05-28,2024-06-02,5
0bb549d7-84f1-530b-abf4-04d575f95d52,e8aeb018-f679-5670-b210-de4f62ff2111,a6f6d890-1609-53fc-b4a6-5733ccc9d078,afe9d181-1c64-5cca-b4b7-a9fa24eceeea,2024-05-20,2024-06-03,14
276b1f6d-dd44-52d8-ac4a-b46db98ffcb4,e8aeb018-f679-5670-b210-de4f62ff2111,a6f6d890-1609-53fc-b4a6-5733ccc9d078,4d9429b6-2ebf-5b5d-ac48-f779d5a1e270,2024-05-20,2024-06-03,14
d79752ad-397b-5a92-9f97-0ef176cd5ee2,e8aeb018-f679-5670-b210-de4f62ff2111,76d6c9f4-5d7d-53c0-bb1f-2a577383765a,c0cf5e5c-b5c9-585a-8e79-d9830bc954f6,2024-05-31,2024-06-03,3
65586166-6bb0-533c-a923-df4adc3d015e,e8aeb018-f679-5670-b210-de4f62ff2111,a6f6d890-1609-53fc-b4a6-5733ccc9d078,0ec23038-d3ab-588c-bbd6-1f5c744cdde1,2024-05-20,2024-06-03,14
4edaf959-7c2d-5768-ac15-f47df29f5838,e8aeb018-f679-5670-b210-de4f62ff2111,41cb90d0-d91a-57c2-b138-831be351479f,2897aac2-f219-5167-b800-73fac27f6b85,2024-05-30,2024-06-04,5
0c01c710-a88a-58d2-a0a4-ac71924867fc,e8aeb018-f679-5670-b210-de4f62ff2111,76d6c9f4-5d7d-53c0-bb1f-2a577383765a,d3961f5a-3ea7-53d3-89f4-78b65b0c0c6b,2024-06-01,2024-06-04,3
8851fcd7-4db1-5e74-922b-9b0209cb7e54,e8aeb018-f679-5670-b210-de4f62ff2111,c6617891-56ff-5690-89a4-1ece06685ff5,058c6382-bde2-59d1-93ff-20c6161a4736,2024-05-25,2024-06-04,10
6e96af89-33e5-575d-b749-4d145dc49e77,e8aeb018-f679-5670-b210-de4f62ff2111,ab4a547f-e75d-5601-8171-00da4efa4b57,94e18241-54bd-5516-b36f-94ab6e323aca,2024-05-28,2024-06-04,7
c43ccfc5-efdc-5742-8c3c-db03448acfc5,e8aeb018-f679-5670-b210-de4f62ff2111,c6617891-56ff-5690-89a4-1ece06685ff5,d9506935-1215-5499-93c0-8bdd86ab9418,2024-05-25,2024-06-04,10
297b9722-765f-5bf9-a83b-e7c9e41d929c,e8aeb018-f679-5670-b210-de4f62ff2111,41cb90d0-d91a-57c2-b138-831be351479f,d2f08f15-f9f2-5f65-a740-b05896774467,2024-05-31,2024-06-05,5
c6cfc745-2b69-5c4e-ad7f-eda795a28f94,e8aeb018-f679-5670-b210-de4f62ff2111,ab4a547f-e75d-5601-8171-00da4efa4b57,22231140-3780-5fe8-a7d4-d33f61d15111,2024-05-29,2024-06-05,7
4fb34c0e-eb9e-5ec7-ab57-2afaebf4b256,e8aeb018-f679-5670-b210-de4f62ff2111,41cb90d0-d91a-57c2-b138-831be351479f,6baabed2-52d7-5cb7-bf74-86c7cb3e4f07,2024-05-31,2024-06-05,5
2f576a40-221b-5c65-8eda-b561b0d72104,e8aeb018-f679-5670-b210-de4f62ff2111,41cb90d0-d91a-57c2-b138-831be351479f,82cd11ba-d1a0-58b1-b14f-edd741f36e87,2024-05-31,2024-06-05,5
62ade639-b4c6-5d81-9011-a837ca16ebe0,e8aeb018-f679-5670-b210-de4f62ff2111,a6f6d890-1609-53fc-b4a6-5733ccc9d078,4d9429b6-2ebf-5b5d-ac48-f779d5a1e270,2024-05-22,2024-06-05,14
ad97bf0f-b30a-5b7e-a21d-405ae60d7876,e8aeb018-f679-5670-b210-de4f62ff2111,a6f6d890-1609-53fc-b4a6-5733ccc9d078,afe9d181-1c64-5cca-b4b7-a9fa24eceeea,2024-05-22,2024-06-05,14
7a140462-5a4d-520d-bbd4-e42792bb30f6,e8aeb018-f679-5670-b210-de4f62ff2111,41cb90d0-d91a-57c2-b138-831be351479f,38adf7ba-476e-5e6b-9163-781a13538253,2024-06-01,2024-06-06,5
39847213-99a9-5e37-b120-9cdcb98c1ed5,e8aeb018-f679-5670-b210-de4f62ff2111,c6617891-56ff-5690-89a4-1ece06685ff5,2eb3a104-e572-583a-afa0-156ee0dc4cce,2024-05-27,2024-06-06,10
d15e8db9-d49d-5ef9-b7a5-0e5c6cdc14a5,e8aeb018-f679-5670-b210-de4f62ff2111,76d6c9f4-5d7d-53c0-bb1f-2a577383765a,cd81184b-b6f1-563c-b463-36a69ddfb598,2024-06-03,2024-06-06,3
2fc8c790-b6e5-58d7-9a53-84e68595b956,e8aeb018-f679-5670-b210-de4f62ff2111,ab4a547f-e75d-5601-8171-00da4efa4b57,22231140-3780-5fe8-a7d4-d33f61d15111,2024-05-30,2024-06-06,7
da3f9e81-da02-5d61-85ee-2aef34ae3015,e8aeb018-f679-5670-b210-de4f62ff2111,41cb90d0-d91a-57c2-b138-831be351479f,82cd11ba-d1a0-58b1-b14f-edd741f36e87,2024-06-01,2024-06-06,5
d63be3fd-2288-5027-afaa-079193b6f368,e8aeb018-f679-5670-b210-de4f62ff2111,76d6c9f4-5d7d-53c0-bb1f-2a577383765a,2082733c-4e17-51fe-bc8c-bf33d3ec5d7e,2024-06-04,2024-06-07,3
ad39acd5-5b21-5eb5-a378-28027afc9b48,e8aeb018-f679-5670-b210-de4f62ff2111,c6617891-56ff-5690-89a4-1ece06685ff5,d9506935-1215-5499-93c0-8bdd86ab9418,2024-05-28,2024-06-07,10
f811f615-b634-5760-8f7f-c65bea07de56,e8aeb018-f679-5670-b210-de4f62ff2111,76d6c9f4-5d7d-53c0-bb1f-2a577383765a,5bbfdec8-65ae-59e6-b211-5eccb5b765fa,2024-06-04,2024-06-07,3
79d5462b-c442-5c71-a6b9-78024d6e00f4,e8aeb018-f679-5670-b210-de4f62ff2111,c6617891-56ff-5690-89a4-1ece06685ff5,87b859e0-789a-56e6-b1ba-4fe76221d3bf,2024-05-28,2024-06-07,10
9fd920cd-d3cf-5087-a479-3cb07c4ad745,e8aeb018-f679-5670-b210-de4f62ff2111,c6617891-56ff-5690-89a4-1ece06685ff5,058c6382-bde2-59d1-93ff-20c6161a4736,2024-05-28,2024-06-07,10
9baa7e5b-95e5-52bc-91ec-86c06b507b96,e8aeb018-f679-5670-b210-de4f62ff2111,c6617891-56ff-5690-89a4-1ece06685ff5,2eb3a104-e572-583a-afa0-156ee0dc4cce,2024-05-28,2024-06-07,10
cfee49d5-56fb-5692-be32-36441a3e6a36,e8aeb018-f679-5670-b210-de4f62ff2111,76d6c9f4-5d7d-53c0-bb1f-2a577383765a,c0cf5e5c-b5c9-585a-8e79-d9830bc954f6,2024-06-05,2024-06-08,3
0eb9a204-3db3-5f19-825e-d3170bebe17a,e8aeb018-f679-5670-b210-de4f62ff2111,c6617891-56ff-5690-89a4-1ece06685ff5,87b859e0-789a-56e6-b1ba-4fe76221d3bf,2024-05-29,2024-06-08,10
919e236d-c19c-5a49-a5a0-c350b6f62632,e8aeb018-f679-5670-b210-de4f62ff2111,a6f6d890-1609-53fc-b4a6-5733ccc9d078,afe9d181-1c64-5cca-b4b7-a9fa24eceeea,2024-05-25,2024-06-08,14
99e7c9f6-8c6e-5220-b708-9fd646208494,e8aeb018-f679-5670-b210-de4f62ff2111,76d6c9f4-5d7d-53c0-bb1f-2a577383765a,d0ae6d2d-e561-56b3-a2c1-113c1c56ae81,2024-06-05,2024-06-08,3
cff63cdb-bf30-5b94-8f91-fc313b611304,e8aeb018-f679-5670-b210-de4f62ff2111,76d6c9f4-5d7d-53c0-bb1f-2a577383765a,d3961f5a-3ea7-53d3-89f4-78b65b0c0c6b,2024-06-05,2024-06-08,3
0a413c7c-0b9c-5235-b2f0-1cf339642428,e8aeb018-f679-5670-b210-de4f62ff2111,ab4a547f-e75d-5601-8171-00da4efa4b57,07371b94-955f-52a4-9bf9-f0a6ad2b4fa8,2024-06-01,2024-06-08,7
96f05db7-ca2d-5187-b37f-051191a7ae4b,e8aeb018-f679-5670-b210-de4f62ff2111,76d6c9f4-5d7d-53c0-bb1f-2a577383765a,2082733c-4e17-51fe-bc8c-bf33d3ec5d7e,2024-06-05,2024-06-08,3
75dca337-35e8-5726-83f4-b5aabdb537d6,e8aeb018-f679-5670-b210-de4f62ff2111,76d6c9f4-5d7d-53c0-bb1f-2a577383765a,c0cf5e5c-b5c9-585a-8e79-d9830bc954f6,2024-06-06,2024-06-09,3
8a16cc5a-2862-5364-8312-a97aae76b2c8,e8aeb018-f679-5670-b210-de4f62ff2111,76d6c9f4-5d7d-53c0-bb1f-2a577383765a,5bbfdec8-65ae-59e6-b211-5eccb5b765fa,2024-06-06,2024-06-09,3
c14f3556-8bf8-5e20-99d4-b4a5a6d48278,e8aeb018-f679-5670-b210-de4f62ff2111,41cb90d0-d91a-57c2-b138-831be351479f,2897aac2-f219-5167-b800-73fac27f6b85,2024-06-04,2024-06-09,5
80433a6a-d209-5cf1-b983-3c8cf3769958,e8aeb018-f679-5670-b210-de4f62ff2111,41cb90d0-d91a-57c2-b138-831be351479f,2933d8b7-2438-521b-b38d-d3a5224f87fc,2024-06-05,2024-06-10,5
a48304ff-9238-5cd9-bca4-1196545ecc88,e8aeb018-f679-5670-b210-de4f62ff2111,ab4a547f-e75d-5601-8171-00da4efa4b57,97d26d91-c562-5f27-9ebd-285e89c8f4bf,2024-06-03,2024-06-10,7
1f1f5ea2-2dfa-5770-83bd-d239a37463b8,e8aeb018-f679-5670-b210-de4f62ff2111,a6f6d890-1609-53fc-b4a6-5733ccc9d078,983871db-adfb-543e-b438-6b00044ffb64,2024-05-27,2024-06-10,14
2e2701ee-42a6-5480-bdb6-ebb01f181508,e8aeb018-f679-5670-b210-de4f62ff2111,ab4a547f-e75d-5601-8171-00da4efa4b57,012857cc-907f-5e7d-b8fb-796d2c9f1621,2024-06-03,2024-06-10,7
b9f35054-bb15-5001-82de-cb41b2c72fd3,e8aeb018-f679-5670-b210-de4f62ff2111,41cb90d0-d91a-57c2-b138-831be351479f,2933d8b7-2438-521b-b38d-d3a5224f87fc,2024-06-05,2024-06-10,5
40d8d5cc-7c92-5bc8-8458-a7e3c025664b,e8aeb018-f679-5670-b210-de4f62ff2111,76d6c9f4-5d7d-53c0-bb1f-2a577383765a,5bbfdec8-65ae-59e6-b211-5eccb5b765fa,2024-06-08,2024-06-11,3
a5df204a-cfa9-5d05-935c-2cde132b1a86,e8aeb018-f679-5670-b210-de4f62ff2111,a6f6d890-1609-53fc-b4a6-5733ccc9d078,0ec23038-d3ab-588c-bbd6-1f5c744cdde1,2024-05-28,2024-06-11,14
d7261c9d-67a1-5eb5-90ee-355e356232b2,e8aeb018-f679-5670-b210-de4f62ff2111,a6f6d890-1609-53fc-b4a6-5733ccc9d078,983871db-adfb-543e-b438-6b00044ffb64,2024-05-28,2024-06-11,14
fd604a4d-8c2a-5b58-97d7-b0aeb4c2afa9,e8aeb018-f679-5670-b210-de4f62ff2111,a6f6d890-1609-53fc-b4a6-5733ccc9d078,afe9d181-1c64-5cca-b4b7-a9fa24eceeea,2024-05-28,2024-06-11,14
e4128666-7913-586c-9791-9ff323ba396d,e8aeb018-f679-5670-b210-de4f62ff2111,ab4a547f-e75d-5601-8171-00da4efa4b57,07371b94-955f-52a4-9bf9-f0a6ad2b4fa8,2024-06-05,2024-06-12,7
ed84808a-6657-5a5e-a732-b183a54acd4d,e8aeb018-f679-5670-b210-de4f62ff2111,41cb90d0-d91a-57c2-b138-831be351479f,82cd11ba-d1a0-58b1-b14f-edd741f36e87,2024-06-07,2024-06-12,5
9e775b06-b021-5db4-8088-5c408bf5d052,e8aeb018-f679-5670-b210-de4f62ff2111,a6f6d890-1609-53fc-b4a6-5733ccc9d078,4d9429b6-2ebf-5b5d-ac48-f779d5a1e270,2024-05-29,2024-06-12,14
79ce9861-7b16-5c63-87f1-95efd4eadbf0,e8aeb018-f679-5670-b210-de4f62ff2111,41cb90d0-d91a-57c2-b138-831be351479f,38adf7ba-476e-5e6b-9163-781a13538253,2024-06-07,2024-06-12,5
04ae5160-4598-5f88-876c-0ffaf615d7d4,e8aeb018-f679-5670-b210-de4f62ff2111,76d6c9f4-5d7d-53c0-bb1f-2a577383765a,cd81184b-b6f1-563c-b463-36a69ddfb598,2024-06-10,2024-06-13,3
5d838a5f-cdb2-5a26-a1f7-4281795437ec,e8aeb018-f679-5670-b210-de4f62ff2111,41cb90d0-d91a-57c2-b138-831be351479f,2897aac2-f219-5167-b800-73fac27f6b85,2024-06-08,2024-06-13,5
f09b151e-d432-50e9-a1bf-4292d3a4ae0f,e8aeb018-f679-5670-b210-de4f62ff2111,ab4a547f-e75d-5601-8171-00da4efa4b57,22231140-3780-5fe8-a7d4-d33f61d15111,2024-06-06,2024-06-13,7
cadaec91-2d8b-5e58-897b-8b1ddcbba58e,e8aeb018-f679-5670-b210-de4f62ff2111,76d6c9f4-5d7d-53c0-bb1f-2a577383765a,2082733c-4e17-51fe-bc8c-bf33d3ec5d7e,2024-06-10,2024-06-13,3
69b78b72-1d80-5b51-9492-2f3a78e84cbd,e8aeb018-f679-5670-b210-de4f62ff2111,c6617891-56ff-5690-89a4-1ece06685ff5,d9506935-1215-5499-93c0-8bdd86ab9418,2024-06-04,2024-06-14,10
6420052a-c3d4-50fe-b0f4-1daa61832673,e8aeb018-f679-5670-b210-de4f62ff2111,ab4a547f-e75d-5601-8171-00da4efa4b57,012857cc-907f-5e7d-b8fb-796d2c9f1621,2024-06-07,2024-06-14,7
9f236ea2-c381-5ffb-b531-9ba7f8c0f934,e8aeb018-f679-5670-b210-de4f62ff2111,c6617891-56ff-5690-89a4-1ece06685ff5,042e2e80-f954-5df4-97be-29dd428cc598,2024-06-04,2024-06-14,10
790a2a90-f1da-5903-8588-7203e83a75cc,e8aeb018-f679-5670-b210-de4f62ff2111,76d6c9f4-5d7d-53c0-bb1f-2a577383765a,c0cf5e5c-b5c9-585a-8e79-d9830bc954f6,2024-06-11,2024-06-14,3
4dad47c5-3933-53b3-9624-32a8f6978aba,e8aeb018-f679-5670-b210-de4f62ff2111,c6617891-56ff-5690-89a4-1ece06685ff5,d9506935-1215-5499-93c0-8bdd86ab9418,2024-06-04,2024-06-14,10
9a40487e-ad44-58ab-96b2-e4d348b16213,e8aeb018-f679-5670-b210-de4f62ff2111,c6617891-56ff-5690-89a4-1ece06685ff5,058c6382-bde2-59d1-93ff-20c6161a4736,2024-06-04,2024-06-14,10
21f87aff-2d0d-5576-ab92-e79d8608281d,e8aeb018-f679-5670-b210-de4f62ff2111,76d6c9f4-5d7d-53c0-bb1f-2a577383765a,d0ae6d2d-e561-56b3-a2c1-113c1c56ae81,2024-06-12,2024-06-15,3
78fcf185-ccbd-53ae-9031-ab1b56ca03a1,e8aeb018-f679-5670-b210-de4f62ff2111,c6617891-56ff-5690-89a4-1ece06685ff5,1ca3438e-9e23-58f0-a35f-f15f7a23beb9,2024-06-05,2024-06-15,10
cf3277e1-d1dc-571d-a5b8-ff42d31ee8f6,e8aeb018-f679-5670-b210-de4f62ff2111,a6f6d890-1609-53fc-b4a6-5733ccc9d078,9928e9a1-d9fc-5fdd-86c2-8909352fd7fe,2024-06-01,2024-06-15,14
b4ee548f-9a1f-573e-97f4-a4711c3d76d3,e8aeb018-f679-5670-b210-de4f62ff2111,76d6c9f4-5d7d-53c0-bb1f-2a577383765a,d3961f5a-3ea7-53d3-89f4-78b65b0c0c6b,2024-06-13,2024-06-16,3
1e0c8fb9-7a4b-55d2-b64e-f0d48e535faf,e8aeb018-f679-5670-b210-de4f62ff2111,76d6c9f4-5d7d-53c0-bb1f-2a577383765a,d3961f5a-3ea7-53d3-89f4-78b65b0c0c6b,2024-06-13,2024-06-16,3
4fab5264-447e-5263-94c9-35ab264db895,e8aeb018-f679-5670-b210-de4f62ff2111,a6f6d890-1609-53fc-b4a6-5733ccc9d078,1e9605fd-5682-52b6-8f05-e8a92dd44513,2024-06-03,2024-06-17,14
9d48cc1f-afda-5e42-8d91-7aa70a2b2677,e8aeb018-f679-5670-b210-de4f62ff2111,76d6c9f4-5d7d-53c0-bb1f-2a577383765a,c0cf5e5c-b5c9-585a-8e79-d9830bc954f6,2024-06-14,2024-06-17,3
c65e2c17-0699-5c96-91ef-0579082ac1ba,e8aeb018-f679-5670-b210-de4f62ff2111,a6f6d890-1609-53fc-b4a6-5733ccc9d078,1e9605fd-5682-52b6-8f05-e8a92dd44513,2024-06-03,2024-06-17,14
89ca4b89-4dd6-5823-a555-7c851c9189d7,e8aeb018-f679-5670-b210-de4f62ff2111,41cb90d0-d91a-57c2-b138-831be351479f,82cd11ba-d1a0-58b1-b14f-edd741f36e87,2024-06-13,2024-06-18,5
185ad0d7-702c-5e61-a6db-b1d254d65421,e8aeb018-f679-5670-b210-de4f62ff2111,c6617891-56ff-5690-89a4-1ece06685ff5,058c6382-bde2-59d1-93ff-20c6161a4736,2024-06-08,2024-06-18,10
c0765a93-079e-5206-aa37-2a1826258a5b,e8aeb018-f679-5670-b210-de4f62ff2111,a6f6d890-1609-53fc-b4a6-5733ccc9d078,1e9605fd-5682-52b6-8f05-e8a92dd44513,2024-06-04,2024-06-18,14
9a4a28af-4a2d-55a2-9338-68e4649a4b80,e8aeb018-f679-5670-b210-de4f62ff2111,41cb90d0-d91a-57c2-b138-831be351479f,2933d8b7-2438-521b-b38d-d3a5224f87fc,2024-06-13,2024-06-18,5
c170de58-4c0c-5f1e-afcc-e84cbd678ceb,e8aeb018-f679-5670-b210-de4f62ff2111,76d6c9f4-5d7d-53c0-bb1f-2a577383765a,d3961f5a-3ea7-53d3-89f4-78b65b0c0c6b,2024-06-15,2024-06-18,3
e4609816-f6fe-59f5-a085-3d0bbe44e434,e8aeb018-f679-5670-b210-de4f62ff2111,ab4a547f-e75d-5601-8171-00da4efa4b57,012857cc-907f-5e7d-b8fb-796d2c9f1621,2024-06-11,2024-06-18,7
6175ca31-7566-5550-86d9-006b3d7a6c41,e8aeb018-f679-5670-b210-de4f62ff2111,ab4a547f-e75d-5601-8171-00da4efa4b57,6d807393-f4ab-5f76-b544-251eeda27ba3,2024-06-12,2024-06-19,7
eac714b9-c81b-574f-a2b1-8e19a1b2d10f,e8aeb018-f679-5670-b210-de4f62ff2111,a6f6d890-1609-53fc-b4a6-5733ccc9d078,9928e9a1-d9fc-5fdd-86c2-8909352fd7fe,2024-06-05,2024-06-19,14
8f590cf6-8fa4-58a9-8eca-482416b4929b,e8aeb018-f679-5670-b210-de4f62ff2111,41cb90d0-d91a-57c2-b138-831be351479f,2897aac2-f219-5167-b800-73fac27f6b85,2024-06-14,2024-06-19,5
e7084af2-aab3-51b7-9062-3311ad9f711e,e8aeb018-f679-5670-b210-de4f62ff2111,a6f6d890-1609-53fc-b4a6-5733ccc9d078,9928e9a1-d9fc-5fdd-86c2-8909352fd7fe,2024-06-05,2024-06-19,14
73e8f2f1-8efd-52ff-9a8d-4441b83f491a,e8aeb018-f679-5670-b210-de4f62ff2111,a6f6d890-1609-53fc-b4a6-5733ccc9d078,4d9429b6-2ebf-5b5d-ac48-f779d5a1e270,2024-06-06,2024-06-20,14
e488abc0-c08c-5425-bad4-2ffeb50d2d88,e8aeb018-f679-5670-b210-de4f62ff2111,ab4a547f-e75d-5601-8171-00da4efa4b57,6d807393-f4ab-5f76-b544-251eeda27ba3,2024-06-13,2024-06-20,7
736a52c2-f079-5157-afc8-9769e05b44bf,e8aeb018-f679-5670-b210-de4f62ff2111,c6617891-56ff-5690-89a4-1ece06685ff5,058c6382-bde2-59d1-93ff-20c6161a4736,2024-06-10,2024-06-20,10
0c795085-0c3c-5b87-9d34-5b7b96c81c25,e8aeb018-f679-5670-b210-de4f62ff2111,ab4a547f-e75d-5601-8171-00da4efa4b57,6d807393-f4ab-5f76-b544-251eeda27ba3,2024-06-13,2024-06-20,7
4c052a7a-77a9-50b2-877f-422100009bfa,e8aeb018-f679-5670-b210-de4f62ff2111,a6f6d890-1609-53fc-b4a6-5733ccc9d078,0ec23038-d3ab-588c-bbd6-1f5c744cdde1,2024-06-06,2024-06-20,14
937e60b1-8ada-551c-a8d0-c0c0af1773e3,e8aeb018-f679-5670-b210-de4f62ff2111,76d6c9f4-5d7d-53c0-bb1f-2a577383765a,5bbfdec8-65ae-59e6-b211-5eccb5b765fa,2024-06-18,2024-06-21,3
10ccf765-f8fd-53b3-9c23-b204e6ef2197,e8aeb018-f679-5670-b210-de4f62ff2111,ab4a547f-e75d-5601-8171-00da4efa4b57,22231140-3780-5fe8-a7d4-d33f61d15111,2024-06-14,2024-06-21,7
f90c15f6-72a8-5d4f-887e-9a55c1109f54,e8aeb018-f679-5670-b210-de4f62ff2111,ab4a547f-e75d-5601-8171-00da4efa4b57,6d807393-f4ab-5f76-b544-251eeda27ba3,2024-06-14,2024-06-21,7
5b67f3fa-5ef5-59b6-b9c1-d801ab585bb3,e8aeb018-f679-5670-b210-de4f62ff2111,ab4a547f-e75d-5601-8171-00da4efa4b57,07371b94-955f-52a4-9bf9-f0a6ad2b4fa8,2024-06-15,2024-06-22,7
061818ec-1191-5855-a04b-7c0143b78feb,e8aeb018-f679-5670-b210-de4f62ff2111,41cb90d0-d91a-57c2-b138-831be351479f,2897aac2-f219-5167-b800-73fac27f6b85,2024-06-17,2024-06-22,5
0cd4c459-ed0b-5b35-97ff-deaeacd67175,e8aeb018-f679-5670-b210-de4f62ff2111,a6f6d890-1609-53fc-b4a6-5733ccc9d078,0ec23038-d3ab-588c-bbd6-1f5c744cdde1,2024-06-08,2024-06-22,14
e1f2ced6-cc26-5ab1-a22a-5af11b3e6ce7,e8aeb018-f679-5670-b210-de4f62ff2111,41cb90d0-d91a-57c2-b138-831be351479f,2933d8b7-2438-521b-b38d-d3a5224f87fc,2024-06-17,2024-06-22,5
009271a2-0e79-515d-9992-c8a7f383989f,e8aeb018-f679-5670-b210-de4f62ff2111,c6617891-56ff-5690-89a4-1ece06685ff5,87b859e0-789a-56e6-b1ba-4fe76221d3bf,2024-06-12,2024-06-22,10
76a0195c-af5c-539d-bcc5-c6fb438d44f0,e8aeb018-f679-5670-b210-de4f62ff2111,c6617891-56ff-5690-89a4-1ece06685ff5,2eb3a104-e572-583a-afa0-156ee0dc4cce,2024-06-12,2024-06-22,10
6872e510-d93c-5131-b436-258668bef112,e8aeb018-f679-5670-b210-de4f62ff2111,ab4a547f-e75d-5601-8171-00da4efa4b57,97d26d91-c562-5f27-9ebd-285e89c8f4bf,2024-06-15,2024-06-22,7
8162fe57-8428-5576-9caf-2dff203cbf88,e8aeb018-f679-5670-b210-de4f62ff2111,c6617891-56ff-5690-89a4-1ece06685ff5,d9506935-1215-5499-93c0-8bdd86ab9418,2024-06-12,2024-06-22,10
a02dac53-027f-5d8a-a3ae-0afa3b96a066,e8aeb018-f679-5670-b210-de4f62ff2111,76d6c9f4-5d7d-53c0-bb1f-2a577383765a,d3961f5a-3ea7-53d3-89f4-78b65b0c0c6b,2024-06-20,2024-06-23,3
203ddc97-f584-52de-84c7-736df7992d9a,e8aeb018-f679-5670-b210-de4f62ff2111,41cb90d0-d91a-57c2-b138-831be351479f,d2f08f15-f9f2-5f65-a740-b05896774467,2024-06-18,2024-06-23,5
e4673143-89da-5fc3-ba7c-3ad04a28cc52,e8aeb018-f679-5670-b210-de4f62ff2111,41cb90d0-d91a-57c2-b138-831be351479f,d2f08f15-f9f2-5f65-a740-b05896774467,2024-06-18,2024-06-23,5
bcef0284-5ab0-553b-a6bc-c5f5f92c2f5a,e8aeb018-f679-5670-b210-de4f62ff2111,76d6c9f4-5d7d-53c0-bb1f-2a577383765a,d0ae6d2d-e561-56b3-a2c1-113c1c56ae81,2024-06-20,2024-06-23,3
cfd41304-9282-5956-a22e-1918c8c4085e,e8aeb018-f679-5670-b210-de4f62ff2111,76d6c9f4-5d7d-53c0-bb1f-2a577383765a,5bbfdec8-65ae-59e6-b211-5eccb5b765fa,2024-06-20,2024-06-23,3
ab6ff740-c60a-5790-91ac-144598818fd6,e8aeb018-f679-5670-b210-de4f62ff2111,c6617891-56ff-5690-89a4-1ece06685ff5,1ca3438e-9e23-58f0-a35f-f15f7a23beb9,2024-06-13,2024-06-23,10
6bf7b378-9a57-53d6-9944-a3498b3948e0,e8aeb018-f679-5670-b210-de4f62ff2111,c6617891-56ff-5690-89a4-1ece06685ff5,042e2e80-f954-5df4-97be-29dd428cc598,2024-06-14,2024-06-24,10
682c0606-d43a-5f30-9561-9aa011d51054,e8aeb018-f679-5670-b210-de4f62ff2111,76d6c9f4-5d7d-53c0-bb1f-2a577383765a,2082733c-4e17-51fe-bc8c-bf33d3ec5d7e,2024-06-21,2024-06-24,3
83b7c712-4c92-5542-b8bc-25984d1852bf,e8aeb018-f679-5670-b210-de4f62ff2111,ab4a547f-e75d-5601-8171-00da4efa4b57,97d26d91-c562-5f27-9ebd-285e89c8f4bf,2024-06-17,2024-06-24,7
74f31f3e-6154-5fd9-8a06-2c5a0b41b635,e8aeb018-f679-5670-b210-de4f62ff2111,ab4a547f-e75d-5601-8171-00da4efa4b57,07371b94-955f-52a4-9bf9-f0a6ad2b4fa8,2024-06-17,2024-06-24,7
c0372e12-5b6d-576b-ace3-c633c2fa9be9,e8aeb018-f679-5670-b210-de4f62ff2111,ab4a547f-e75d-5601-8171-00da4efa4b57,07371b94-955f-52a4-9bf9-f0a6ad2b4fa8,2024-06-17,2024-06-24,7
740328c1-6ff3-5823-96bf-c3bad3e66c1c,e8aeb018-f679-5670-b210-de4f62ff2111,ab4a547f-e75d-5601-8171-00da4efa4b57,22231140-3780-5fe8-a7d4-d33f61d15111,2024-06-18,2024-06-25,7
18331ac0-f57c-56ac-af97-32593d2751e0,e8aeb018-f679-5670-b210-de4f62ff2111,41cb90d0-d91a-57c2-b138-831be351479f,82cd11ba-d1a0-58b1-b14f-edd741f36e87,2024-06-20,2024-06-25,5
52cc692a-674e-57df-b91a-c7271722a4f1,e8aeb018-f679-5670-b210-de4f62ff2111,a6f6d890-1609-53fc-b4a6-5733ccc9d078,0ec23038-d3ab-588c-bbd6-1f5c744cdde1,2024-06-11,2024-06-25,14
768a8c58-45dc-5891-b807-f2ce55e3a1ff,e8aeb018-f679-5670-b210-de4f62ff2111,c6617891-56ff-5690-89a4-1ece06685ff5,1ca3438e-9e23-58f0-a35f-f15f7a23beb9,2024-06-15,2024-06-25,10
bd4962f3-3a14-530e-a597-156a9ca79f86,e8aeb018-f679-5670-b210-de4f62ff2111,76d6c9f4-5d7d-53c0-bb1f-2a577383765a,cd81184b-b6f1-563c-b463-36a69ddfb598,2024-06-22,2024-06-25,3
5baebc07-7518-5295-91bd-a17445f03dfe,e8aeb018-f679-5670-b210-de4f62ff2111,ab4a547f-e75d-5601-8171-00da4efa4b57,012857cc-907f-5e7d-b8fb-796d2c9f1621,2024-06-19,2024-06-26,7
3e3e9c0e-1930-55e5-bbab-4e8b4398a3a6,e8aeb018-f679-5670-b210-de4f62ff2111,41cb90d0-d91a-57c2-b138-831be351479f,82cd11ba-d1a0-58b1-b14f-edd741f36e87,2024-06-21,2024-06-26,5
9ebd40b2-81cd-5dc4-ba52-961de8a1445a,e8aeb018-f679-5670-b210-de4f62ff2111,41cb90d0-d91a-57c2-b138-831be351479f,38adf7ba-476e-5e6b-9163-781a13538253,2024-06-21,2024-06-26,5
8a04a9a6-841b-5890-a449-d8591348f2c4,e8aeb018-f679-5670-b210-de4f62ff2111,41cb90d0-d91a-57c2-b138-831be351479f,82cd11ba-d1a0-58b1-b14f-edd741f36e87,2024-06-21,2024-06-26,5
e7b762ce-74f2-5534-aafd-74e3ba22a311,e8aeb018-f679-5670-b210-de4f62ff2111,ab4a547f-e75d-5601-8171-00da4efa4b57,94e18241-54bd-5516-b36f-94ab6e323aca,2024-06-20,2024-06-27,7
e1c2e598-6b70-5f83-9408-db606704cb6f,e8aeb018-f679-5670-b210-de4f62ff2111,41cb90d0-d91a-57c2-b138-831be351479f,2897aac2-f219-5167-b800-73fac27f6b85,2024-06-22,2024-06-27,5
501714f0-11f2-538e-b400-d2c54349d30d,e8aeb018-f679-5670-b210-de4f62ff2111,a6f6d890-1609-53fc-b4a6-5733ccc9d078,983871db-adfb-543e-b438-6b00044ffb64,2024-06-13,2024-06-27,14
17b1f5d1-f3c7-55cb-b8de-42888356b856,e8aeb018-f679-5670-b210-de4f62ff2111,ab4a547f-e75d-5601-8171-00da4efa4b57,6d807393-f4ab-5f76-b544-251eeda27ba3,2024-06-20,2024-06-27,7
b8b250b7-2658-5fca-be81-7db5527f9858,e8aeb018-f679-5670-b210-de4f62ff2111,76d6c9f4-5d7d-53c0-bb1f-2a577383765a,2082733c-4e17-51fe-bc8c-bf33d3ec5d7e,2024-06-24,2024-06-27,3
e4d169cf-6d2d-52be-8d1f-e439fd223d2b,e8aeb018-f679-5670-b210-de4f62ff2111,c6617891-56ff-5690-89a4-1ece06685ff5,87b859e0-789a-56e6-b1ba-4fe76221d3bf,2024-06-17,2024-06-27,10
f480f0d7-9c10-50d8-bbf7-c081e7f5ff01,e8aeb018-f679-5670-b210-de4f62ff2111,ab4a547f-e75d-5601-8171-00da4efa4b57,22231140-3780-5fe8-a7d4-d33f61d15111,2024-06-20,2024-06-27,7
e1836f7b-7342-5da3-8b97-c667a018f7c3,e8aeb018-f679-5670-b210-de4f62ff2111,a6f6d890-1609-53fc-b4a6-5733ccc9d078,1e9605fd-5682-52b6-8f05-e8a92dd44513,2024-06-13,2024-06-27,14
92000827-ce8d-5866-ae65-1dee28d5721a,e8aeb018-f679-5670-b210-de4f62ff2111,ab4a547f-e75d-5601-8171-00da4efa4b57,07371b94-955f-52a4-9bf9-f0a6ad2b4fa8,2024-06-21,2024-06-28,7
ac063335-ff11-5e1b-96c0-436c8d1d2b00,e8aeb018-f679-5670-b210-de4f62ff2111,76d6c9f4-5d7d-53c0-bb1f-2a577383765a,d3961f5a-3ea7-53d3-89f4-78b65b0c0c6b,2024-06-25,2024-06-28,3
6086975d-661d-5780-ad71-273e075327a3,e8aeb018-f679-5670-b210-de4f62ff2111,ab4a547f-e75d-5601-8171-00da4efa4b57,94e18241-54bd-5516-b36f-94ab6e323aca,2024-06-21,2024-06-28,7
3864cd45-a763-5352-824f-17967809e993,e8aeb018-f679-5670-b210-de4f62ff2111,41cb90d0-d91a-57c2-b138-831be351479f,6baabed2-52d7-5cb7-bf74-86c7cb3e4f07,2024-06-24,2024-06-29,5
5694e3e8-3c62-5bca-a818-ea679396c53b,e8aeb018-f679-5670-b210-de4f62ff2111,41cb90d0-d91a-57c2-b138-831be351479f,6baabed2-52d7-5cb7-bf74-86c7cb3e4f07,2024-06-24,2024-06-29,5
92ac6199-f589-5637-a793-e5bfd4694232,e8aeb018-f679-5670-b210-de4f62ff2111,41cb90d0-d91a-57c2-b138-831be351479f,6baabed2-52d7-5cb7-bf74-86c7cb3e4f07,2024-06-25,2024-06-30,5
06eac191-a924-5189-8444-4b7c2c6baf5b,e8aeb018-f679-5670-b210-de4f62ff2111,c6617891-56ff-5690-89a4-1ece06685ff5,058c6382-bde2-59d1-93ff-20c6161a4736,2024-06-20,2024-06-30,10
4dc8c7d7-c3c7-5a65-a1ed-3513b2485f12,e8aeb018-f679-5670-b210-de4f62ff2111,76d6c9f4-5d7d-53c0-bb1f-2a577383765a,d0ae6d2d-e561-56b3-a2c1-113c1c56ae81,2024-06-27,2024-06-30,3
16a9a517-16ea-57e5-8a18-65909a427b09,e8aeb018-f679-5670-b210-de4f62ff2111,41cb90d0-d91a-57c2-b138-831be351479f,82cd11ba-d1a0-58b1-b14f-edd741f36e87,2024-06-25,2024-06-30,5
a0b1c234-286f-5d12-ae86-c6720d06c377,e8aeb018-f679-5670-b210-de4f62ff2111,41cb90d0-d91a-57c2-b138-831be351479f,2897aac2-f219-5167-b800-73fac27f6b85,2024-06-25,2024-06-30,5
4d92b817-86e2-5590-bf1a-2e8c9c2c3651,e8aeb018-f679-5670-b210-de4f62ff2111,76d6c9f4-5d7d-53c0-bb1f-2a577383765a,cd81184b-b6f1-563c-b463-36a69ddfb598,2024-06-28,2024-07-01,3
b6368f38-372d-560c-9471-8e7d315fac00,e8aeb018-f679-5670-b210-de4f62ff2111,c6617891-56ff-5690-89a4-1ece06685ff5,042e2e80-f954-5df4-97be-29dd428cc598,2024-06-21,2024-07-01,10
946bc58f-f8d5-5f5f-b241-a15d5a4c6748,e8aeb018-f679-5670-b210-de4f62ff2111,41cb90d0-d91a-57c2-b138-831be351479f,d2f08f15-f9f2-5f65-a740-b05896774467,2024-06-26,2024-07-01,5
7ec91949-3fc6-5cb4-a920-74ec28d1d088,e8aeb018-f679-5670-b210-de4f62ff2111,41cb90d0-d91a-57c2-b138-831be351479f,6baabed2-52d7-5cb7-bf74-86c7cb3e4f07,2024-06-26,2024-07-01,5
cb961f0f-d30f-5528-9575-377d59c0b573,e8aeb018-f679-5670-b210-de4f62ff2111,ab4a547f-e75d-5601-8171-00da4efa4b57,012857cc-907f-5e7d-b8fb-796d2c9f1621,2024-06-24,2024-07-01,7
66779199-e903-5a05-95ba-005b881dfb39,e8aeb018-f679-5670-b210-de4f62ff2111,a6f6d890-1609-53fc-b4a6-5733ccc9d078,983871db-adfb-543e-b438-6b00044ffb64,2024-06-18,2024-07-02,14
2e2d99ff-a124-5b33-9a8a-39af52e358d0,e8aeb018-f679-5670-b210-de4f62ff2111,a6f6d890-1609-53fc-b4a6-5733ccc9d078,0ec23038-d3ab-588c-bbd6-1f5c744cdde1,2024-06-18,2024-07-02,14
1fce76bb-45bb-5244-9f93-f25496bf4886,e8aeb018-f679-5670-b210-de4f62ff2111,ab4a547f-e75d-5601-8171-00da4efa4b57,94e18241-54bd-5516-b36f-94ab6e323aca,2024-06-26,2024-07-03,7
752d6fb9-3452-5b61-aeea-a80b383f84d2,e8aeb018-f679-5670-b210-de4f62ff2111,ab4a547f-e75d-5601-8171-00da4efa4b57,07371b94-955f-52a4-9bf9-f0a6ad2b4fa8,2024-06-26,2024-07-03,7
caaadd57-71b3-525c-aff5-a59aa2141464,e8aeb018-f679-5670-b210-de4f62ff2111,41cb90d0-d91a-57c2-b138-831be351479f,2933d8b7-2438-521b-b38d-d3a5224f87fc,2024-06-28,2024-07-03,5
4d36bbbc-4cbc-5572-bc3c-3f6e8c7d2f0b,e8aeb018-f679-5670-b210-de4f62ff2111,41cb90d0-d91a-57c2-b138-831be351479f,2897aac2-f219-5167-b800-73fac27f6b85,2024-06-28,2024-07-03,5
bfb4c9c7-3dc5-5e6c-b154-13ad5ce4e354,e8aeb018-f679-5670-b210-de4f62ff2111,76d6c9f4-5d7d-53c0-bb1f-2a577383765a,d3961f5a-3ea7-53d3-89f4-78b65b0c0c6b,2024-07-01,2024-07-04,3
4c67fc37-2859-5d6a-af56-2ca190c5e8a5,e8aeb018-f679-5670-b210-de4f62ff2111,a6f6d890-1609-53fc-b4a6-5733ccc9d078,4d9429b6-2ebf-5b5d-ac48-f779d5a1e270,2024-06-20,2024-07-04,14
4a2cd510-d373-5048-b4dc-c14e39676501,e8aeb018-f679-5670-b210-de4f62ff2111,76d6c9f4-5d7d-53c0-bb1f-2a577383765a,5bbfdec8-65ae-59e6-b211-5eccb5b765fa,2024-07-01,2024-07-04,3
2c0086a7-27af-5db4-abf0-a54d711d1e96,e8aeb018-f679-5670-b210-de4f62ff2111,c6617891-56ff-5690-89a4-1ece06685ff5,1ca3438e-9e23-58f0-a35f-f15f7a23beb9,2024-06-24,2024-07-04,10
61d4c050-64bc-5807-b62f-5f24cf42f1c7,e8aeb018-f679-5670-b210-de4f62ff2111,c6617891-56ff-5690-89a4-1ece06685ff5,058c6382-bde2-59d1-93ff-20c6161a4736,2024-06-24,2024-07-04,10
8b0a2214-0358-576a-b159-b0d2b50fa21e,e8aeb018-f679-5670-b210-de4f62ff2111,41cb90d0-d91a-57c2-b138-831be351479f,2933d8b7-2438-521b-b38d-d3a5224f87fc,2024-06-29,2024-07-04,5
c67abdd0-c378-5866-8f4f-2eb878e3a6f8,e8aeb018-f679-5670-b210-de4f62ff2111,c6617891-56ff-5690-89a4-1ece06685ff5,2eb3a104-e572-583a-afa0-156ee0dc4cce,2024-06-25,2024-07-05,10
57af8085-88ba-576f-97ab-c1cdf0a21743,e8aeb018-f679-5670-b210-de4f62ff2111,76d6c9f4-5d7d-53c0-bb1f-2a577383765a,5bbfdec8-65ae-59e6-b211-5eccb5b765fa,2024-07-03,2024-07-06,3
f37e2152-f538-503f-866a-77770808df97,e8aeb018-f679-5670-b210-de4f62ff2111,76d6c9f4-5d7d-53c0-bb1f-2a577383765a,5bbfdec8-65ae-59e6-b211-5eccb5b765fa,2024-07-03,2024-07-06,3
80881367-ac1b-51a9-bc17-df1419ba3066,e8aeb018-f679-5670-b210-de4f62ff2111,41cb90d0-d91a-57c2-b138-831be351479f,38adf7ba-476e-5e6b-9163-781a13538253,2024-07-01,2024-07-06,5
8c216d62-625a-5bd2-8f0a-dd5f80a29f65,e8aeb018-f679-5670-b210-de4f62ff2111,ab4a547f-e75d-5601-8171-00da4efa4b57,94e18241-54bd-5516-b36f-94ab6e323aca,2024-06-29,2024-07-06,7
b3ae72a1-4ede-5e38-86a6-f4da5407fd07,e8aeb018-f679-5670-b210-de4f62ff2111,76d6c9f4-5d7d-53c0-bb1f-2a577383765a,5bbfdec8-65ae-59e6-b211-5eccb5b765fa,2024-07-03,2024-07-06,3
ad0f950a-837d-5f69-bbfd-c5a9f6ef8b17,e8aeb018-f679-5670-b210-de4f62ff2111,a6f6d890-1609-53fc-b4a6-5733ccc9d078,9928e9a1-d9fc-5fdd-86c2-8909352fd7fe,2024-06-22,2024-07-06,14
cfdc5b9d-d1db-5967-8fad-9a6d7741dd9c,e8aeb018-f679-5670-b210-de4f62ff2111,76d6c9f4-5d7d-53c0-bb1f-2a577383765a,d0ae6d2d-e561-56b3-a2c1-113c1c56ae81,2024-07-03,2024-07-06,3
a889d94f-f883-5281-862b-7e18df7a1473,e8aeb018-f679-5670-b210-de4f62ff2111,76d6c9f4-5d7d-53c0-bb1f-2a577383765a,cd81184b-b6f1-563c-b463-36a69ddfb598,2024-07-03,2024-07-06,3
936eda40-0463-5f97-8b79-a030b0b0c584,e8aeb018-f679-5670-b210-de4f62ff2111,41cb90d0-d91a-57c2-b138-831be351479f,2933d8b7-2438-521b-b38d-d3a5224f87fc,2024-07-02,2024-07-07,5
636fbbba-c00a-54c3-8ec4-ea374c5667fa,e8aeb018-f679-5670-b210-de4f62ff2111,c6617891-56ff-5690-89a4-1ece06685ff5,d9506935-1215-5499-93c0-8bdd86ab9418,2024-06-27,2024-07-07,10
2493e67f-7e84-5208-976a-c8d1b15c97ff,e8aeb018-f679-5670-b210-de4f62ff2111,c6617891-56ff-5690-89a4-1ece06685ff5,2eb3a104-e572-583a-afa0-156ee0dc4cce,2024-06-27,2024-07-07,10
492b2ac7-671e-5fe6-8feb-39b2bd9033f1,e8aeb018-f679-5670-b210-de4f62ff2111,76d6c9f4-5d7d-53c0-bb1f-2a577383765a,c0cf5e5c-b5c9-585a-8e79-d9830bc954f6,2024-07-04,2024-07-07,3
107f9ef3-f506-5bea-b330-8fe9949e08c8,e8aeb018-f679-5670-b210-de4f62ff2111,a6f6d890-1609-53fc-b4a6-5733ccc9d078,9928e9a1-d9fc-5fdd-86c2-8909352fd7fe,2024-06-24,2024-07-08,14
f97ad03c-ee13-5b4c-928c-d4ed86358ba3,e8aeb018-f679-5670-b210-de4f62ff2111,41cb90d0-d91a-57c2-b138-831be351479f,2897aac2-f219-5167-b800-73fac27f6b85,2024-07-03,2024-07-08,5
208b9159-9bb7-528d-a562-f9c614460357,e8aeb018-f679-5670-b210-de4f62ff2111,41cb90d0-d91a-57c2-b138-831be351479f,6baabed2-52d7-5cb7-bf74-86c7cb3e4f07,2024-07-03,2024-07-08,5
50ff6e75-2f03-5d3a-8aa1-aaa2a7af5418,e8aeb018-f679-5670-b210-de4f62ff2111,ab4a547f-e75d-5601-8171-00da4efa4b57,97d26d91-c562-5f27-9ebd-285e89c8f4bf,2024-07-01,2024-07-08,7
29d237a0-4638-51c1-bb34-c16f30e59d75,e8aeb018-f679-5670-b210-de4f62ff2111,76d6c9f4-5d7d-53c0-bb1f-2a577383765a,d3961f5a-3ea7-53d3-89f4-78b65b0c0c6b,2024-07-05,2024-07-08,3
708f967f-06be-5a33-b04b-d7dfee381e8b,e8aeb018-f679-5670-b210-de4f62ff2111,ab4a547f-e75d-5601-8171-00da4efa4b57,94e18241-54bd-5516-b36f-94ab6e323aca,2024-07-01,2024-07-08,7
57a6c1f2-3beb-5861-bece-c70ab85b1015,e8aeb018-f679-5670-b210-de4f62ff2111,41cb90d0-d91a-57c2-b138-831be351479f,d2f08f15-f9f2-5f65-a740-b05896774467,2024-07-03,2024-07-08,5
288e49f5-eae1-596f-9d6f-12cd3bd8bbaf,e8aeb018-f679-5670-b210-de4f62ff2111,41cb90d0-d91a-57c2-b138-831be351479f,82cd11ba-d1a0-58b1-b14f-edd741f36e87,2024-07-04,2024-07-09,5
f5ad8fe1-0107-5383-b85e-15054cee8a50,e8aeb018-f679-5670-b210-de4f62ff2111,c6617891-56ff-5690-89a4-1ece06685ff5,87b859e0-789a-56e6-b1ba-4fe76221d3bf,2024-06-29,2024-07-09,10
c1c7abd9-eca5-5930-b333-b97eea897d40,e8aeb018-f679-5670-b210-de4f62ff2111,ab4a547f-e75d-5601-8171-00da4efa4b57,22231140-3780-5fe8-a7d4-d33f61d15111,2024-07-02,2024-07-09,7
c3774d6f-91a8-5191-ad79-945a4e69229e,e8aeb018-f679-5670-b210-de4f62ff2111,ab4a547f-e75d-5601-8171-00da4efa4b57,22231140-3780-5fe8-a7d4-d33f61d15111,2024-07-02,2024-07-09,7
4b4f9e10-bf84-53e3-877f-5bdebf76960e,e8aeb018-f679-5670-b210-de4f62ff2111,c6617891-56ff-5690-89a4-1ece06685ff5,042e2e80-f954-5df4-97be-29dd428cc598,2024-06-29,2024-07-09,10
1c4ac496-1f4b-5c29-a96b-56f03cdef63a,e8aeb018-f679-5670-b210-de4f62ff2111,41cb90d0-d91a-57c2-b138-831be351479f,38adf7ba-476e-5e6b-9163-781a13538253,2024-07-05,2024-07-10,5
1e8ff6bd-6b22-5589-876b-f6294c3e686c,e8aeb018-f679-5670-b210-de4f62ff2111,41cb90d0-d91a-57c2-b138-831be351479f,d2f08f15-f9f2-5f65-a740-b05896774467,2024-07-05,2024-07-10,5
f31173c2-54fd-51de-a2da-f975ce47cae8,e8aeb018-f679-5670-b210-de4f62ff2111,41cb90d0-d91a-57c2-b138-831be351479f,2897aac2-f219-5167-b800-73fac27f6b85,2024-07-05,2024-07-10,5
14c3a4a9-d908-50ef-897c-ea437437d23d,e8aeb018-f679-5670-b210-de4f62ff2111,a6f6d890-1609-53fc-b4a6-5733ccc9d078,afe9d181-1c64-5cca-b4b7-a9fa24eceeea,2024-06-26,2024-07-10,14
87c4f5fd-6a52-5683-a4f6-6eb95b8c8d99,e8aeb018-f679-5670-b210-de4f62ff2111,a6f6d890-1609-53fc-b4a6-5733ccc9d078,afe9d181-1c64-5cca-b4b7-a9fa24eceeea,2024-06-27,2024-07-11,14
33c39817-6da1-5030-abca-4f3246e9d2ba,e8aeb018-f679-5670-b210-de4f62ff2111,ab4a547f-e75d-5601-8171-00da4efa4b57,07371b94-955f-52a4-9bf9-f0a6ad2b4fa8,2024-07-04,2024-07-11,7
1fb30541-405a-5dc8-b32f-5cfe5d3b3188,e8aeb018-f679-5670-b210-de4f62ff2111,ab4a547f-e75d-5601-8171-00da4efa4b57,6d807393-f4ab-5f76-b544-251eeda27ba3,2024-07-05,2024-07-12,7
51bc2994-4c86-5efd-9454-a6f2cc70de98,e8aeb018-f679-5670-b210-de4f62ff2111,c6617891-56ff-5690-89a4-1ece06685ff5,058c6382-bde2-59d1-93ff-20c6161a4736,2024-07-02,2024-07-12,10
79ac23a3-a4aa-54fe-a73e-cf3bfacb27a4,e8aeb018-f679-5670-b210-de4f62ff2111,76d6c9f4-5d7d-53c0-bb1f-2a577383765a,d0ae6d2d-e561-56b3-a2c1-113c1c56ae81,2024-07-09,2024-07-12,3
b9a655ca-f3ed-5167-93bb-90ce8f87975a,e8aeb018-f679-5670-b210-de4f62ff2111,c6617891-56ff-5690-89a4-1ece06685ff5,1ca3438e-9e23-58f0-a35f-f15f7a23beb9,2024-07-02,2024-07-12,10
ab94bc65-748e-5d12-8ddd-b548a48dd4b3,e8aeb018-f679-5670-b210-de4f62ff2111,76d6c9f4-5d7d-53c0-bb1f-2a577383765a,d3961f5a-3ea7-53d3-89f4-78b65b0c0c6b,2024-07-09,2024-07-12,3
2954e412-ca16-5cdb-a0c0-66a042b42fc8,e8aeb018-f679-5670-b210-de4f62ff2111,ab4a547f-e75d-5601-8171-00da4efa4b57,22231140-3780-5fe8-a7d4-d33f61d15111,2024-07-05,2024-07-12,7
55a8b3f4-9c26-575d-a298-d5afa327787c,e8aeb018-f679-5670-b210-de4f62ff2111,ab4a547f-e75d-5601-8171-00da4efa4b57,012857cc-907f-5e7d-b8fb-796d2c9f1621,2024-07-05,2024-07-12,7
ec916836-73c0-5f50-ac58-eb79795586b2,e8aeb018-f679-5670-b210-de4f62ff2111,c6617891-56ff-5690-89a4-1ece06685ff5,d9506935-1215-5499-93c0-8bdd86ab9418,2024-07-02,2024-07-12,10
ed9a7aa9-a8a4-52f9-a8ac-e6e243c8d2db,e8aeb018-f679-5670-b210-de4f62ff2111,76d6c9f4-5d7d-53c0-bb1f-2a577383765a,d3961f5a-3ea7-53d3-89f4-78b65b0c0c6b,2024-07-09,2024-07-12,3
565684b2-6d88-572f-acb1-1650dbe9cb76,e8aeb018-f679-5670-b210-de4f62ff2111,c6617891-56ff-5690-89a4-1ece06685ff5,042e2e80-f954-5df4-97be-29dd428cc598,2024-07-02,2024-07-12,10
fef73f4b-7009-5d56-ba8b-dde083c64bff,e8aeb018-f679-5670-b210-de4f62ff2111,ab4a547f-e75d-5601-8171-00da4efa4b57,07371b94-955f-52a4-9bf9-f0a6ad2b4fa8,2024-07-05,2024-07-12,7
097e97cb-ef6f-57b6-b1d8-005d238ca758,e8aeb018-f679-5670-b210-de4f62ff2111,c6617891-56ff-5690-89a4-1ece06685ff5,058c6382-bde2-59d1-93ff-20c6161a4736,2024-07-02,2024-07-12,10
0cc6e2f5-4035-59cd-9c24-dc8d1aac69d4,e8aeb018-f679-5670-b210-de4f62ff2111,76d6c9f4-5d7d-53c0-bb1f-2a577383765a,c0cf5e5c-b5c9-585a-8e79-d9830bc954f6,2024-07-10,2024-07-13,3
c6cd6b13-effd-5842-8bfa-736dbb6d9b7b,e8aeb018-f679-5670-b210-de4f62ff2111,c6617891-56ff-5690-89a4-1ece06685ff5,058c6382-bde2-59d1-93ff-20c6161a4736,2024-07-03,2024-07-13,10
4535e260-521d-5c96-922f-4a60238a5cd4,e8aeb018-f679-5670-b210-de4f62ff2111,76d6c9f4-5d7d-53c0-bb1f-2a577383765a,2082733c-4e17-51fe-bc8c-bf33d3ec5d7e,2024-07-10,2024-07-13,3
1bbbe228-5915-5399-b359-9191f6aebb25,e8aeb018-f679-5670-b210-de4f62ff2111,a6f6d890-1609-53fc-b4a6-5733ccc9d078,0ec23038-d3ab-588c-bbd6-1f5c744cdde1,2024-06-29,2024-07-13,14
d0e17183-97be-58b6-a942-60ae1b79ffb1,e8aeb018-f679-5670-b210-de4f62ff2111,c6617891-56ff-5690-89a4-1ece06685ff5,042e2e80-f954-5df4-97be-29dd428cc598,2024-07-03,2024-07-13,10
ce35f784-f81d-550b-b66a-bbdb9acfc062,e8aeb018-f679-5670-b210-de4f62ff2111,76d6c9f4-5d7d-53c0-bb1f-2a577383765a,d0ae6d2d-e561-56b3-a2c1-113c1c56ae81,2024-07-11,2024-07-14,3
9fea036a-7c5c-5c79-9f2c-88cbaa2d9c5a,e8aeb018-f679-5670-b210-de4f62ff2111,41cb90d0-d91a-57c2-b138-831be351479f,38adf7ba-476e-5e6b-9163-781a13538253,2024-07-09,2024-07-14,5
3943cd2b-6d8e-5859-a6a8-269bd64fe479,e8aeb018-f679-5670-b210-de4f62ff2111,41cb90d0-d91a-57c2-b138-831be351479f,82cd11ba-d1a0-58b1-b14f-edd741f36e87,2024-07-09,2024-07-14,5
a4dc7f74-21a4-5062-afc0-e0d92fc9ce9e,e8aeb018-f679-5670-b210-de4f62ff2111,76d6c9f4-5d7d-53c0-bb1f-2a577383765a,cd81184b-b6f1-563c-b463-36a69ddfb598,2024-07-12,2024-07-15,3
fae893c6-ce68-595b-9381-e6789c95164e,e8aeb018-f679-5670-b210-de4f62ff2111,41cb90d0-d91a-57c2-b138-831be351479f,2933d8b7-2438-521b-b38d-d3a5224f87fc,2024-07-10,2024-07-15,5
cb3ace2b-5b46-5883-b14c-ee2a414c85b6,e8aeb018-f679-5670-b210-de4f62ff2111,76d6c9f4-5d7d-53c0-bb1f-2a577383765a,cd81184b-b6f1-563c-b463-36a69ddfb598,2024-07-12,2024-07-15,3
b1c5f337-298c-566b-9c33-324cf843562d,e8aeb018-f679-5670-b210-de4f62ff2111,ab4a547f-e75d-5601-8171-00da4efa4b57,07371b94-955f-52a4-9bf9-f0a6ad2b4fa8,2024-07-09,2024-07-16,7
8aa8567c-2dc8-5aa7-a4bc-e49ad1d63ebd,e8aeb018-f679-5670-b210-de4f62ff2111,c6617891-56ff-5690-89a4-1ece06685ff5,2eb3a104-e572-583a-afa0-156ee0dc4cce,2024-07-06,2024-07-16,10
41c567ad-c5f7-5877-ad6d-4248449821a0,e8aeb018-f679-5670-b210-de4f62ff2111,a6f6d890-1609-53fc-b4a6-5733ccc9d078,afe9d181-1c64-5cca-b4b7-a9fa24eceeea,2024-07-02,2024-07-16,14
523351a0-48e5-5919-87dc-51aaa31ee01c,e8aeb018-f679-5670-b210-de4f62ff2111,76d6c9f4-5d7d-53c0-bb1f-2a577383765a,c0cf5e5c-b5c9-585a-8e79-d9830bc954f6,2024-07-13,2024-07-16,3
5231770f-8157-5933-bcf7-ed75e8affc07,e8aeb018-f679-5670-b210-de4f62ff2111,c6617891-56ff-5690-89a4-1ece06685ff5,87b859e0-789a-56e6-b1ba-4fe76221d3bf,2024-07-06,2024-07-16,10
94e7ca31-4a14-52a4-b1f2-72cc732b664f,e8aeb018-f679-5670-b210-de4f62ff2111,41cb90d0-d91a-57c2-b138-831be351479f,82cd11ba-d1a0-58b1-b14f-edd741f36e87,2024-07-12,2024-07-17,5
91b79c64-15c9-50df-98db-e4f8819b6467,e8aeb018-f679-5670-b210-de4f62ff2111,ab4a547f-e75d-5601-8171-00da4efa4b57,07371b94-955f-52a4-9bf9-f0a6ad2b4fa8,2024-07-10,2024-07-17,7
d618f167-3941-58c0-87c8-ebd502010d25,e8aeb018-f679-5670-b210-de4f62ff2111,41cb90d0-d91a-57c2-b138-831be351479f,82cd11ba-d1a0-58b1-b14f-edd741f36e87,2024-07-12,2024-07-17,5
8d3f0a28-6120-5ebd-a32e-6a8c874513ba,e8aeb018-f679-5670-b210-de4f62ff2111,a6f6d890-1609-53fc-b4a6-5733ccc9d078,4d9429b6-2ebf-5b5d-ac48-f779d5a1e270,2024-07-03,2024-07-17,14
f323283e-014d-5d71-8eea-f1981adacf2f,e8aeb018-f679-5670-b210-de4f62ff2111,ab4a547f-e75d-5601-8171-00da4efa4b57,22231140-3780-5fe8-a7d4-d33f61d15111,2024-07-11,2024-07-18,7
f4520206-7db2-56c7-837e-6058bf95f601,e8aeb018-f679-5670-b210-de4f62ff2111,a6f6d890-1609-53fc-b4a6-5733ccc9d078,983871db-adfb-543e-b438-6b00044ffb64,2024-07-04,2024-07-18,14
4f9e87d5-be29-5d93-a40b-e80eb9f9e291,e8aeb018-f679-5670-b210-de4f62ff2111,c6617891-56ff-5690-89a4-1ece06685ff5,87b859e0-789a-56e6-b1ba-4fe76221d3bf,2024-07-08,2024-07-18,10
678ed7b8-e3f0-5586-9567-5340ba962f1d,e8aeb018-f679-5670-b210-de4f62ff2111,76d6c9f4-5d7d-53c0-bb1f-2a577383765a,2082733c-4e17-51fe-bc8c-bf33d3ec5d7e,2024-07-15,2024-07-18,3
07c07c5d-3e50-5b95-81a9-d021caec2fcd,e8aeb018-f679-5670-b210-de4f62ff2111,ab4a547f-e75d-5601-8171-00da4efa4b57,012857cc-907f-5e7d-b8fb-796d2c9f1621,2024-07-11,2024-07-18,7
f977ce72-57b5-5cdb-8003-c02396037e4f,e8aeb018-f679-5670-b210-de4f62ff2111,c6617891-56ff-5690-89a4-1ece06685ff5,042e2e80-f954-5df4-97be-29dd428cc598,2024-07-09,2024-07-19,10
82466448-5e08-55d4-891e-89f1260b6ee5,e8aeb018-f679-5670-b210-de4f62ff2111,a6f6d890-1609-53fc-b4a6-5733ccc9d078,9928e9a1-d9fc-5fdd-86c2-8909352fd7fe,2024-07-05,2024-07-19,14
1416c819-8d7d-5a5c-bf7a-7812e62baf7f,e8aeb018-f679-5670-b210-de4f62ff2111,a6f6d890-1609-53fc-b4a6-5733ccc9d078,4d9429b6-2ebf-5b5d-ac48-f779d5a1e270,2024-07-05,2024-07-19,14
d34a5abd-e7a7-5123-aaa5-6958e8424588,e8aeb018-f679-5670-b210-de4f62ff2111,a6f6d890-1609-53fc-b4a6-5733ccc9d078,1e9605fd-5682-52b6-8f05-e8a92dd44513,2024-07-05,2024-07-19,14
95d00edd-275e-566e-ab36-8a7bb3d4573f,e8aeb018-f679-5670-b210-de4f62ff2111,76d6c9f4-5d7d-53c0-bb1f-2a577383765a,c0cf5e5c-b5c9-585a-8e79-d9830bc954f6,2024-07-16,2024-07-19,3
854ca05c-7e26-56e9-a536-8a5cb4a2eb39,e8aeb018-f679-5670-b210-de4f62ff2111,76d6c9f4-5d7d-53c0-bb1f-2a577383765a,5bbfdec8-65ae-59e6-b211-5eccb5b765fa,2024-07-16,2024-07-19,3
35980187-5074-5e34-a496-db7fb9f868be,e8aeb018-f679-5670-b210-de4f62ff2111,ab4a547f-e75d-5601-8171-00da4efa4b57,22231140-3780-5fe8-a7d4-d33f61d15111,2024-07-12,2024-07-19,7
a1ca9827-6f83-5bd8-b7e5-c459e1120387,e8aeb018-f679-5670-b210-de4f62ff2111,76d6c9f4-5d7d-53c0-bb1f-2a577383765a,c0cf5e5c-b5c9-585a-8e79-d9830bc954f6,2024-07-17,2024-07-20,3
ce97e121-aab8-5d48-be7d-3452d82e3b76,e8aeb018-f679-5670-b210-de4f62ff2111,ab4a547f-e75d-5601-8171-00da4efa4b57,97d26d91-c562-5f27-9ebd-285e89c8f4bf,2024-07-13,2024-07-20,7
3a2c2b0f-71c5-54fc-93e5-f2385dcda3d4,e8aeb018-f679-5670-b210-de4f62ff2111,a6f6d890-1609-53fc-b4a6-5733ccc9d078,9928e9a1-d9fc-5fdd-86c2-8909352fd7fe,2024-07-06,2024-07-20,14
46205250-5064-5a49-89f6-a5f2f4f9fa76,e8aeb018-f679-5670-b210-de4f62ff2111,41cb90d0-d91a-57c2-b138-831be351479f,38adf7ba-476e-5e6b-9163-781a13538253,2024-07-15,2024-07-20,5
c65661bc-82e2-5c3a-90b1-bc0a9aef8d6b,e8aeb018-f679-5670-b210-de4f62ff2111,76d6c9f4-5d7d-53c0-bb1f-2a577383765a,2082733c-4e17-51fe-bc8c-bf33d3ec5d7e,2024-07-17,2024-07-20,3
8a23c6e3-0697-56fe-8002-331ef284a6ba,e8aeb018-f679-5670-b210-de4f62ff2111,41cb90d0-d91a-57c2-b138-831be351479f,2933d8b7-2438-521b-b38d-d3a5224f87fc,2024-07-16,2024-07-21,5
c21049db-ab66-517f-9fac-e481cf5acedf,e8aeb018-f679-5670-b210-de4f62ff2111,41cb90d0-d91a-57c2-b138-831be351479f,2897aac2-f219-5167-b800-73fac27f6b85,2024-07-16,2024-07-21,5
1751d3dc-67a6-523a-a6b1-482f923f924d,e8aeb018-f679-5670-b210-de4f62ff2111,41cb90d0-d91a-57c2-b138-831be351479f,2897aac2-f219-5167-b800-73fac27f6b85,2024-07-16,2024-07-21,5
c25fe6a3-abaf-5eb4-8d01-ba589b9f5db5,e8aeb018-f679-5670-b210-de4f62ff2111,c6617891-56ff-5690-89a4-1ece06685ff5,2eb3a104-e572-583a-afa0-156ee0dc4cce,2024-07-11,2024-07-21,10
eb5be853-bf5d-559e-951b-73e7c24aa3a0,e8aeb018-f679-5670-b210-de4f62ff2111,ab4a547f-e75d-5601-8171-00da4efa4b57,6d807393-f4ab-5f76-b544-251eeda27ba3,2024-07-15,2024-07-22,7
21d256ea-8627-51f4-b6ae-7bbdd7efdd70,e8aeb018-f679-5670-b210-de4f62ff2111,a6f6d890-1609-53fc-b4a6-5733ccc9d078,9928e9a1-d9fc-5fdd-86c2-8909352fd7fe,2024-07-08,2024-07-22,14
660c5f10-51d3-5f85-b394-772726281726,e8aeb018-f679-5670-b210-de4f62ff2111,a6f6d890-1609-53fc-b4a6-5733ccc9d078,983871db-adfb-543e-b438-6b00044ffb64,2024-07-08,2024-07-22,14
7791172b-c50d-51f6-87a8-3c814baa4fe8,e8aeb018-f679-5670-b210-de4f62ff2111,41cb90d0-d91a-57c2-b138-831be351479f,d2f08f15-f9f2-5f65-a740-b05896774467,2024-07-17,2024-07-22,5
6bf5338b-0479-50b2-ad6d-0f644a06c3eb,e8aeb018-f679-5670-b210-de4f62ff2111,41cb90d0-d91a-57c2-b138-831be351479f,82cd11ba-d1a0-58b1-b14f-edd741f36e87,2024-07-18,2024-07-23,5
992e6142-9cdd-5dcd-b3fd-5e5cd79d911d,e8aeb018-f679-5670-b210-de4f62ff2111,a6f6d890-1609-53fc-b4a6-5733ccc9d078,afe9d181-1c64-5cca-b4b7-a9fa24eceeea,2024-07-09,2024-07-23,14
6f85b4e4-7f0a-5833-adf1-0ab85af5aa59,e8aeb018-f679-5670-b210-de4f62ff2111,a6f6d890-1609-53fc-b4a6-5733ccc9d078,0ec23038-d3ab-588c-bbd6-1f5c744cdde1,2024-07-09,2024-07-23,14
53593599-cb58-5e77-8b1e-95291bbd289e,e8aeb018-f679-5670-b210-de4f62ff2111,a6f6d890-1609-53fc-b4a6-5733ccc9d078,983871db-adfb-543e-b438-6b00044ffb64,2024-07-09,2024-07-23,14
9797d175-8b4f-5e20-91d4-510bac811e63,e8aeb018-f679-5670-b210-de4f62ff2111,41cb90d0-d91a-57c2-b138-831be351479f,2897aac2-f219-5167-b800-73fac27f6b85,2024-07-18,2024-07-23,5
f22a01e9-9b98-553e-a69f-7188bb1d366d,e8aeb018-f679-5670-b210-de4f62ff2111,ab4a547f-e75d-5601-8171-00da4efa4b57,012857cc-907f-5e7d-b8fb-796d2c9f1621,2024-07-16,2024-07-23,7
ec19dde8-0c77-5aeb-8601-ead7edcf50e4,e8aeb018-f679-5670-b210-de4f62ff2111,a6f6d890-1609-53fc-b4a6-5733ccc9d078,4d9429b6-2ebf-5b5d-ac48-f779d5a1e270,2024-07-10,2024-07-24,14
11e60d55-554c-523e-8cf6-30ff9b7a8820,e8aeb018-f679-5670-b210-de4f62ff2111,ab4a547f-e75d-5601-8171-00da4efa4b57,97d26d91-c562-5f27-9ebd-285e89c8f4bf,2024-07-17,2024-07-24,7
e769e61e-53b1-5092-adae-c2b34e4edaf8,e8aeb018-f679-5670-b210-de4f62ff2111,a6f6d890-1609-53fc-b4a6-5733ccc9d078,0ec23038-d3ab-588c-bbd6-1f5c744cdde1,2024-07-10,2024-07-24,14
3079b815-b947-5931-a2c5-572ab0784f11,e8aeb018-f679-5670-b210-de4f62ff2111,ab4a547f-e75d-5601-8171-00da4efa4b57,97d26d91-c562-5f27-9ebd-285e89c8f4bf,2024-07-17,2024-07-24,7
6538e2e1-2c8b-5249-bce3-e9539d3b392f,e8aeb018-f679-5670-b210-de4f62ff2111,ab4a547f-e75d-5601-8171-00da4efa4b57,6d807393-f4ab-5f76-b544-251eeda27ba3,2024-07-17,2024-07-24,7
e6d0c16a-6a0f-5ad3-8c49-d9848f8b8693,e8aeb018-f679-5670-b210-de4f62ff2111,41cb90d0-d91a-57c2-b138-831be351479f,82cd11ba-d1a0-58b1-b14f-edd741f36e87,2024-07-19,2024-07-24,5
7d1bce37-4ef6-5e0d-befa-80d81b8256a3,e8aeb018-f679-5670-b210-de4f62ff2111,76d6c9f4-5d7d-53c0-bb1f-2a577383765a,cd81184b-b6f1-563c-b463-36a69ddfb598,2024-07-22,2024-07-25,3
ad0c4b9f-4ae3-5ddb-bd93-93efa8da8fb7,e8aeb018-f679-5670-b210-de4f62ff2111,ab4a547f-e75d-5601-8171-00da4efa4b57,012857cc-907f-5e7d-b8fb-796d2c9f1621,2024-07-18,2024-07-25,7
02ee379a-e4df-5233-a03f-9953681cb1cc,e8aeb018-f679-5670-b210-de4f62ff2111,ab4a547f-e75d-5601-8171-00da4efa4b57,6d807393-f4ab-5f76-b544-251eeda27ba3,2024-07-18,2024-07-25,7
82389627-7b8e-5790-91c1-a1286359cb9d,e8aeb018-f679-5670-b210-de4f62ff2111,a6f6d890-1609-53fc-b4a6-5733ccc9d078,4d9429b6-2ebf-5b5d-ac48-f779d5a1e270,2024-07-11,2024-07-25,14
e33e0dc1-2d0f-5d61-91e2-4ec18f647adf,e8aeb018-f679-5670-b210-de4f62ff2111,76d6c9f4-5d7d-53c0-bb1f-2a577383765a,cd81184b-b6f1-563c-b463-36a69ddfb598,2024-07-22,2024-07-25,3
51937ec6-2946-5575-84de-a16c183ce4d0,e8aeb018-f679-5670-b210-de4f62ff2111,a6f6d890-1609-53fc-b4a6-5733ccc9d078,1e9605fd-5682-52b6-8f05-e8a92dd44513,2024-07-11,2024-07-25,14
fb70cf34-c083-5d35-bad4-aec5953b34e4,e8aeb018-f679-5670-b210-de4f62ff2111,ab4a547f-e75d-5601-8171-00da4efa4b57,6d807393-f4ab-5f76-b544-251eeda27ba3,2024-07-18,2024-07-25,7
80885f41-8bc6-54c8-89e9-bef760206e0f,e8aeb018-f679-5670-b210-de4f62ff2111,ab4a547f-e75d-5601-8171-00da4efa4b57,97d26d91-c562-5f27-9ebd-285e89c8f4bf,2024-07-18,2024-07-25,7
39dc85c1-c2b3-5c0f-8c16-f735ea2f4848,e8aeb018-f679-5670-b210-de4f62ff2111,76d6c9f4-5d7d-53c0-bb1f-2a577383765a,5bbfdec8-65ae-59e6-b211-5eccb5b765fa,2024-07-23,2024-07-26,3
cd73f25a-0585-56ea-a1b2-a3b065c8f577,e8aeb018-f679-5670-b210-de4f62ff2111,76d6c9f4-5d7d-53c0-bb1f-2a577383765a,d3961f5a-3ea7-53d3-89f4-78b65b0c0c6b,2024-07-23,2024-07-26,3
ebaf99c1-7600-5f87-92b0-474be0560198,e8aeb018-f679-5670-b210-de4f62ff2111,ab4a547f-e75d-5601-8171-00da4efa4b57,07371b94-955f-52a4-9bf9-f0a6ad2b4fa8,2024-07-19,2024-07-26,7
9147d176-0582-5ebd-a129-fbd3f177dc54,e8aeb018-f679-5670-b210-de4f62ff2111,c6617891-56ff-5690-89a4-1ece06685ff5,058c6382-bde2-59d1-93ff-20c6161a4736,2024-07-16,2024-07-26,10
915118af-b5ed-5494-a087-704f671ddbbf,e8aeb018-f679-5670-b210-de4f62ff2111,76d6c9f4-5d7d-53c0-bb1f-2a577383765a,d3961f5a-3ea7-53d3-89f4-78b65b0c0c6b,2024-07-24,2024-07-27,3
9db4c81c-f68e-522d-825c-bbd2d3daa15e,e8aeb018-f679-5670-b210-de4f62ff2111,41cb90d0-d91a-57c2-b138-831be351479f,2933d8b7-2438-521b-b38d-d3a5224f87fc,2024-07-22,2024-07-27,5
0e29de1a-8f7a-50e9-830a-bbb16e58b34a,e8aeb018-f679-5670-b210-de4f62ff2111,76d6c9f4-5d7d-53c0-bb1f-2a577383765a,5bbfdec8-65ae-59e6-b211-5eccb5b765fa,2024-07-24,2024-07-27,3
c21ed293-461f-5be0-9696-bff73360e005,e8aeb018-f679-5670-b210-de4f62ff2111,76d6c9f4-5d7d-53c0-bb1f-2a577383765a,2082733c-4e17-51fe-bc8c-bf33d3ec5d7e,2024-07-24,2024-07-27,3
8efea1a4-6ad2-56b6-b6a5-b11c68ab4575,e8aeb018-f679-5670-b210-de4f62ff2111,c6617891-56ff-5690-89a4-1ece06685ff5,1ca3438e-9e23-58f0-a35f-f15f7a23beb9,2024-07-17,2024-07-27,10
8946b92f-abd8-5757-b3e7-1ddbb61dc169,e8aeb018-f679-5670-b210-de4f62ff2111,76d6c9f4-5d7d-53c0-bb1f-2a577383765a,2082733c-4e17-51fe-bc8c-bf33d3ec5d7e,2024-07-24,2024-07-27,3
51418d8e-9a0e-5be2-a84e-5a70c32b11f4,e8aeb018-f679-5670-b210-de4f62ff2111,41cb90d0-d91a-57c2-b138-831be351479f,2933d8b7-2438-521b-b38d-d3a5224f87fc,2024-07-22,2024-07-27,5
099e227b-6dff-5dc9-acce-7bd03dece0c0,e8aeb018-f679-5670-b210-de4f62ff2111,c6617891-56ff-5690-89a4-1ece06685ff5,2eb3a104-e572-583a-afa0-156ee0dc4cce,2024-07-18,2024-07-28,10
5391c9e7-fd5d-5ab4-8f9b-05b8c3776c2e,e8aeb018-f679-5670-b210-de4f62ff2111,76d6c9f4-5d7d-53c0-bb1f-2a577383765a,d3961f5a-3ea7-53d3-89f4-78b65b0c0c6b,2024-07-25,2024-07-28,3
94bfefc7-f444-5063-8bd4-b396182d532a,e8aeb018-f679-5670-b210-de4f62ff2111,a6f6d890-1609-53fc-b4a6-5733ccc9d078,1e9605fd-5682-52b6-8f05-e8a92dd44513,2024-07-15,2024-07-29,14
3d9a6573-b46d-5b32-a356-ccbfcc47b95c,e8aeb018-f679-5670-b210-de4f62ff2111,a6f6d890-1609-53fc-b4a6-5733ccc9d078,0ec23038-d3ab-588c-bbd6-1f5c744cdde1,2024-07-15,2024-07-29,14
d8195add-af62-50a8-bdac-cd0d3d97c31b,e8aeb018-f679-5670-b210-de4f62ff2111,c6617891-56ff-5690-89a4-1ece06685ff5,d9506935-1215-5499-93c0-8bdd86ab9418,2024-07-19,2024-07-29,10
5f2e2471-bdcd-5137-9a9f-7fde33c979d2,e8aeb018-f679-5670-b210-de4f62ff2111,76d6c9f4-5d7d-53c0-bb1f-2a577383765a,d3961f5a-3ea7-53d3-89f4-78b65b0c0c6b,2024-07-27,2024-07-30,3
2cc60fb6-44b3-5abd-b51f-d40dee964eb1,e8aeb018-f679-5670-b210-de4f62ff2111,41cb90d0-d91a-57c2-b138-831be351479f,2933d8b7-2438-521b-b38d-d3a5224f87fc,2024-07-25,2024-07-30,5
6e282ca4-ace0-5fcb-8623-864e940199bd,e8aeb018-f679-5670-b210-de4f62ff2111,ab4a547f-e75d-5601-8171-00da4efa4b57,22231140-3780-5fe8-a7d4-d33f61d15111,2024-07-23,2024-07-30,7
9151cfa4-00e4-5d25-b782-4bf7725ab9d8,e8aeb018-f679-5670-b210-de4f62ff2111,41cb90d0-d91a-57c2-b138-831be351479f,2897aac2-f219-5167-b800-73fac27f6b85,2024-07-26,2024-07-31,5
810379f5-253a-5f80-b511-5b38645f922f,e8aeb018-f679-5670-b210-de4f62ff2111,a6f6d890-1609-53fc-b4a6-5733ccc9d078,1e9605fd-5682-52b6-8f05-e8a92dd44513,2024-07-17,2024-07-31,14
b22c3062-97e5-5f69-8388-5b0ed8a82cef,e8aeb018-f679-5670-b210-de4f62ff2111,ab4a547f-e75d-5601-8171-00da4efa4b57,07371b94-955f-52a4-9bf9-f0a6ad2b4fa8,2024-07-24,2024-07-31,7
56626de1-ecc7-5148-87bc-b662cece4799,e8aeb018-f679-5670-b210-de4f62ff2111,ab4a547f-e75d-5601-8171-00da4efa4b57,07371b94-955f-52a4-9bf9-f0a6ad2b4fa8,2024-07-25,2024-08-01,7
40fc75ca-1ddd-5691-9909-91ab3544b723,e8aeb018-f679-5670-b210-de4f62ff2111,c6617891-56ff-5690-89a4-1ece06685ff5,87b859e0-789a-56e6-b1ba-4fe76221d3bf,2024-07-22,2024-08-01,10
7374fa42-c54e-5cac-89cb-93e42bab0103,e8aeb018-f679-5670-b210-de4f62ff2111,76d6c9f4-5d7d-53c0-bb1f-2a577383765a,d3961f5a-3ea7-53d3-89f4-78b65b0c0c6b,2024-07-30,2024-08-02,3
08a0c2f4-1326-5ae1-b73e-55c8eb245d35,e8aeb018-f679-5670-b210-de4f62ff2111,ab4a547f-e75d-5601-8171-00da4efa4b57,07371b94-955f-52a4-9bf9-f0a6ad2b4fa8,2024-07-26,2024-08-02,7
5479c0d3-ac04-5f58-a6a8-8dff90436f45,e8aeb018-f679-5670-b210-de4f62ff2111,76d6c9f4-5d7d-53c0-bb1f-2a577383765a,5bbfdec8-65ae-59e6-b211-5eccb5b765fa,2024-07-30,2024-08-02,3
cd5599d4-0c32-5298-95ea-b7b38afdd4ac,e8aeb018-f679-5670-b210-de4f62ff2111,c6617891-56ff-5690-89a4-1ece06685ff5,058c6382-bde2-59d1-93ff-20c6161a4736,2024-07-23,2024-08-02,10
b7d767ce-cd02-53ee-9e32-7e9ea2ce3990,e8aeb018-f679-5670-b210-de4f62ff2111,ab4a547f-e75d-5601-8171-00da4efa4b57,94e18241-54bd-5516-b36f-94ab6e323aca,2024-07-27,2024-08-03,7
cce0bdad-eb78-5b5f-9523-62f5771ee18d,e8aeb018-f679-5670-b210-de4f62ff2111,41cb90d0-d91a-57c2-b138-831be351479f,6baabed2-52d7-5cb7-bf74-86c7cb3e4f07,2024-07-29,2024-08-03,5
b86354db-21ba-5ad9-902b-4b2f47acb454,e8aeb018-f679-5670-b210-de4f62ff2111,c6617891-56ff-5690-89a4-1ece06685ff5,042e2e80-f954-5df4-97be-29dd428cc598,2024-07-24,2024-08-03,10
a5733084-ab54-5b0b-a9f1-83f6b012df12,e8aeb018-f679-5670-b210-de4f62ff2111,41cb90d0-d91a-57c2-b138-831be351479f,2933d8b7-2438-521b-b38d-d3a5224f87fc,2024-07-29,2024-08-03,5
fa0f2853-0a15-5efe-9a82-92c42fe99e3d,e8aeb018-f679-5670-b210-de4f62ff2111,c6617891-56ff-5690-89a4-1ece06685ff5,042e2e80-f954-5df4-97be-29dd428cc598,2024-07-24,2024-08-03,10
33dc950f-6805-51c6-a8a7-e59e7048ec7f,e8aeb018-f679-5670-b210-de4f62ff2111,c6617891-56ff-5690-89a4-1ece06685ff5,d9506935-1215-5499-93c0-8bdd86ab9418,2024-07-25,2024-08-04,10
e58389cc-c4c5-5110-85d3-894b0b143628,e8aeb018-f679-5670-b210-de4f62ff2111,41cb90d0-d91a-57c2-b138-831be351479f,82cd11ba-d1a0-58b1-b14f-edd741f36e87,2024-07-30,2024-08-04,5
e86766c8-8da5-5025-830c-c2bae6387c9a,e8aeb018-f679-5670-b210-de4f62ff2111,41cb90d0-d91a-57c2-b138-831be351479f,6baabed2-52d7-5cb7-bf74-86c7cb3e4f07,2024-07-30,2024-08-04,5
cd3686f5-d4ee-57a7-a129-e5a201f7d8ee,e8aeb018-f679-5670-b210-de4f62ff2111,76d6c9f4-5d7d-53c0-bb1f-2a577383765a,5bbfdec8-65ae-59e6-b211-5eccb5b765fa,2024-08-01,2024-08-04,3
16a04bc5-2b31-5adf-91de-15af8db8423c,e8aeb018-f679-5670-b210-de4f62ff2111,c6617891-56ff-5690-89a4-1ece06685ff5,1ca3438e-9e23-58f0-a35f-f15f7a23beb9,2024-07-25,2024-08-04,10
2dbdf4ab-f925-5745-8dd6-d37d60054c1a,e8aeb018-f679-5670-b210-de4f62ff2111,41cb90d0-d91a-57c2-b138-831be351479f,82cd11ba-d1a0-58b1-b14f-edd741f36e87,2024-07-30,2024-08-04,5
a66ef177-0f04-56f9-96c0-663cce91d138,e8aeb018-f679-5670-b210-de4f62ff2111,ab4a547f-e75d-5601-8171-00da4efa4b57,6d807393-f4ab-5f76-b544-251eeda27ba3,2024-07-29,2024-08-05,7
8cded3b9-7b6b-510c-88d2-e56d84d7758b,e8aeb018-f679-5670-b210-de4f62ff2111,41cb90d0-d91a-57c2-b138-831be351479f,82cd11ba-d1a0-58b1-b14f-edd741f36e87,2024-07-31,2024-08-05,5
55ca37fa-65a9-56a8-a961-3aeb970d1c2d,e8aeb018-f679-5670-b210-de4f62ff2111,ab4a547f-e75d-5601-8171-00da4efa4b57,94e18241-54bd-5516-b36f-94ab6e323aca,2024-07-29,2024-08-05,7
b3e6ec05-1745-5ce9-869e-970666a6bc17,e8aeb018-f679-5670-b210-de4f62ff2111,a6f6d890-1609-53fc-b4a6-5733ccc9d078,afe9d181-1c64-5cca-b4b7-a9fa24eceeea,2024-07-22,2024-08-05,14
f2b9daea-1134-56d6-81b6-2ecad4ca64d9,e8aeb018-f679-5670-b210-de4f62ff2111,76d6c9f4-5d7d-53c0-bb1f-2a577383765a,c0cf5e5c-b5c9-585a-8e79-d9830bc954f6,2024-08-02,2024-08-05,3
877f89ee-af63-516d-9989-7a7c78d694c4,e8aeb018-f679-5670-b210-de4f62ff2111,a6f6d890-1609-53fc-b4a6-5733ccc9d078,1e9605fd-5682-52b6-8f05-e8a92dd44513,2024-07-22,2024-08-05,14
16a0bb4f-dfdf-52dd-9b73-880c6ea322d3,e8aeb018-f679-5670-b210-de4f62ff2111,76d6c9f4-5d7d-53c0-bb1f-2a577383765a,d0ae6d2d-e561-56b3-a2c1-113c1c56ae81,2024-08-03,2024-08-06,3
369f69b8-9c7d-51eb-a502-5962fb9c3fed,e8aeb018-f679-5670-b210-de4f62ff2111,41cb90d0-d91a-57c2-b138-831be351479f,2897aac2-f219-5167-b800-73fac27f6b85,2024-08-01,2024-08-06,5
83d72a3c-b755-5baa-9c71-549d5d97e9af,e8aeb018-f679-5670-b210-de4f62ff2111,ab4a547f-e75d-5601-8171-00da4efa4b57,22231140-3780-5fe8-a7d4-d33f61d15111,2024-07-30,2024-08-06,7
8092c25b-d586-5f9b-874a-cbf9507524a9,e8aeb018-f679-5670-b210-de4f62ff2111,41cb90d0-d91a-57c2-b138-831be351479f,2897aac2-f219-5167-b800-73fac27f6b85,2024-08-01,2024-08-06,5
9fcb7efa-4dd3-5bbb-860a-fea3fe746483,e8aeb018-f679-5670-b210-de4f62ff2111,c6617891-56ff-5690-89a4-1ece06685ff5,87b859e0-789a-56e6-b1ba-4fe76221d3bf,2024-07-27,2024-08-06,10
4715e1c3-1d7b-5d66-9fd7-1908afffd67d,e8aeb018-f679-5670-b210-de4f62ff2111,41cb90d0-d91a-57c2-b138-831be351479f,38adf7ba-476e-5e6b-9163-781a13538253,2024-08-02,2024-08-07,5
650bb103-fefc-56ea-9075-53d3b24dc0de,e8aeb018-f679-5670-b210-de4f62ff2111,ab4a547f-e75d-5601-8171-00da4efa4b57,012857cc-907f-5e7d-b8fb-796d2c9f1621,2024-07-31,2024-08-07,7
bd50c725-e37d-5c61-a9ad-7513e6e9db0e,e8aeb018-f679-5670-b210-de4f62ff2111,a6f6d890-1609-53fc-b4a6-5733ccc9d078,0ec23038-d3ab-588c-bbd6-1f5c744cdde1,2024-07-24,2024-08-07,14
234070b3-3322-50a2-b6c1-f6d8de6d6e4a,e8aeb018-f679-5670-b210-de4f62ff2111,a6f6d890-1609-53fc-b4a6-5733ccc9d078,983871db-adfb-543e-b438-6b00044ffb64,2024-07-25,2024-08-08,14
e1cd9884-8961-5d51-85d0-75514538602b,e8aeb018-f679-5670-b210-de4f62ff2111,41cb90d0-d91a-57c2-b138-831be351479f,d2f08f15-f9f2-5f65-a740-b05896774467,2024-08-03,2024-08-08,5
ca646194-0fb4-52ca-8f51-7dc7cbea286c,e8aeb018-f679-5670-b210-de4f62ff2111,41cb90d0-d91a-57c2-b138-831be351479f,d2f08f15-f9f2-5f65-a740-b05896774467,2024-08-03,2024-08-08,5
025ce441-cfcc-5a0f-9d4a-69759f8b4bbc,e8aeb018-f679-5670-b210-de4f62ff2111,ab4a547f-e75d-5601-8171-00da4efa4b57,22231140-3780-5fe8-a7d4-d33f61d15111,2024-08-01,2024-08-08,7
fe3205ef-3dae-5329-8458-5180034b4b89,e8aeb018-f679-5670-b210-de4f62ff2111,76d6c9f4-5d7d-53c0-bb1f-2a577383765a,d0ae6d2d-e561-56b3-a2c1-113c1c56ae81,2024-08-05,2024-08-08,3
5c485095-5af3-5b33-86b1-db693151f4da,e8aeb018-f679-5670-b210-de4f62ff2111,41cb90d0-d91a-57c2-b138-831be351479f,6baabed2-52d7-5cb7-bf74-86c7cb3e4f07,2024-08-03,2024-08-08,5
d067c1b1-f3f4-5e74-b60c-54ea8f331a12,e8aeb018-f679-5670-b210-de4f62ff2111,a6f6d890-1609-53fc-b4a6-5733ccc9d078,9928e9a1-d9fc-5fdd-86c2-8909352fd7fe,2024-07-25,2024-08-08,14
6b860bae-139e-58d6-aae4-da2c57ebfc24,e8aeb018-f679-5670-b210-de4f62ff2111,41cb90d0-d91a-57c2-b138-831be351479f,2897aac2-f219-5167-b800-73fac27f6b85,2024-08-03,2024-08-08,5
d82b4525-670d-516e-8794-eaf9371d9784,e8aeb018-f679-5670-b210-de4f62ff2111,76d6c9f4-5d7d-53c0-bb1f-2a577383765a,cd81184b-b6f1-563c-b463-36a69ddfb598,2024-08-06,2024-08-09,3
b92c856f-ebe9-5808-bab6-03fe9ef044bb,e8aeb018-f679-5670-b210-de4f62ff2111,ab4a547f-e75d-5601-8171-00da4efa4b57,22231140-3780-5fe8-a7d4-d33f61d15111,2024-08-03,2024-08-10,7
0a722305-6939-51c5-b8a8-526331b199ed,e8aeb018-f679-5670-b210-de4f62ff2111,ab4a547f-e75d-5601-8171-00da4efa4b57,97d26d91-c562-5f27-9ebd-285e89c8f4bf,2024-08-03,2024-08-10,7
d7b28b1f-a94b-56b3-8996-81c184f84071,e8aeb018-f679-5670-b210-de4f62ff2111,c6617891-56ff-5690-89a4-1ece06685ff5,058c6382-bde2-59d1-93ff-20c6161a4736,2024-07-31,2024-08-10,10
3a440cff-f125-5b53-8029-15d1d9c98523,e8aeb018-f679-5670-b210-de4f62ff2111,ab4a547f-e75d-5601-8171-00da4efa4b57,22231140-3780-5fe8-a7d4-d33f61d15111,2024-08-03,2024-08-10,7
3442cd07-7137-56eb-b36b-2d67ab2565c3,e8aeb018-f679-5670-b210-de4f62ff2111,c6617891-56ff-5690-89a4-1ece06685ff5,1ca3438e-9e23-58f0-a35f-f15f7a23beb9,2024-07-31,2024-08-10,10
0418f943-c406-5866-8393-9506914079d8,e8aeb018-f679-5670-b210-de4f62ff2111,c6617891-56ff-5690-89a4-1ece06685ff5,d9506935-1215-5499-93c0-8bdd86ab9418,2024-07-31,2024-08-10,10
e4d5c405-30f9-5627-83b7-1e6bd9bd4025,e8aeb018-f679-5670-b210-de4f62ff2111,41cb90d0-d91a-57c2-b138-831be351479f,6baabed2-52d7-5cb7-bf74-86c7cb3e4f07,2024-08-06,2024-08-11,5
6b58a35e-eb62-51e9-ab28-15e5a9e28ca5,e8aeb018-f679-5670-b210-de4f62ff2111,a6f6d890-1609-53fc-b4a6-5733ccc9d078,9928e9a1-d9fc-5fdd-86c2-8909352fd7fe,2024-07-29,2024-08-12,14
a37ebb5c-76b8-5506-839a-a7970343596d,e8aeb018-f679-5670-b210-de4f62ff2111,41cb90d0-d91a-57c2-b138-831be351479f,82cd11ba-d1a0-58b1-b14f-edd741f36e87,2024-08-07,2024-08-12,5
3261e1c7-198c-5ef4-aa26-635356a0a6f2,e8aeb018-f679-5670-b210-de4f62ff2111,c6617891-56ff-5690-89a4-1ece06685ff5,058c6382-bde2-59d1-93ff-20c6161a4736,2024-08-02,2024-08-12,10
285dc8db-e2ae-5641-8cdf-1b04d5b02f63,e8aeb018-f679-5670-b210-de4f62ff2111,76d6c9f4-5d7d-53c0-bb1f-2a577383765a,d3961f5a-3ea7-53d3-89f4-78b65b0c0c6b,2024-08-09,2024-08-12,3
b59216b5-58cc-551e-bebd-a9f5d018d7c8,e8aeb018-f679-5670-b210-de4f62ff2111,ab4a547f-e75d-5601-8171-00da4efa4b57,94e18241-54bd-5516-b36f-94ab6e323aca,2024-08-05,2024-08-12,7
c8cc304e-cb23-5f7a-ab85-1e4baffe3d31,e8aeb018-f679-5670-b210-de4f62ff2111,c6617891-56ff-5690-89a4-1ece06685ff5,042e2e80-f954-5df4-97be-29dd428cc598,2024-08-02,2024-08-12,10
3ed33f31-5c05-596d-80e4-06e0818d404b,e8aeb018-f679-5670-b210-de4f62ff2111,ab4a547f-e75d-5601-8171-00da4efa4b57,07371b94-955f-52a4-9bf9-f0a6ad2b4fa8,2024-08-05,2024-08-12,7
f4d1d61a-75ea-5e4b-9570-5d1e767a3f48,e8aeb018-f679-5670-b210-de4f62ff2111,41cb90d0-d91a-57c2-b138-831be351479f,2933d8b7-2438-521b-b38d-d3a5224f87fc,2024-08-08,2024-08-13,5
b5663197-6cb9-5379-abb1-39db4fd435e8,e8aeb018-f679-5670-b210-de4f62ff2111,c6617891-56ff-5690-89a4-1ece06685ff5,1ca3438e-9e23-58f0-a35f-f15f7a23beb9,2024-08-03,2024-08-13,10
a942925c-e5d1-5a9f-b48e-25dee026e38e,e8aeb018-f679-5670-b210-de4f62ff2111,c6617891-56ff-5690-89a4-1ece06685ff5,2eb3a104-e572-583a-afa0-156ee0dc4cce,2024-08-03,2024-08-13,10
145c7942-ac2c-53a8-8be4-b8a0504fb62a,e8aeb018-f679-5670-b210-de4f62ff2111,76d6c9f4-5d7d-53c0-bb1f-2a577383765a,cd81184b-b6f1-563c-b463-36a69ddfb598,2024-08-10,2024-08-13,3
8b69eabe-b5b3-501b-b5db-56e693172442,e8aeb018-f679-5670-b210-de4f62ff2111,ab4a547f-e75d-5601-8171-00da4efa4b57,07371b94-955f-52a4-9bf9-f0a6ad2b4fa8,2024-08-06,2024-08-13,7
21f4d0de-fafd-5e8a-a3cc-b79299ed7210,e8aeb018-f679-5670-b210-de4f62ff2111,a6f6d890-1609-53fc-b4a6-5733ccc9d078,983871db-adfb-543e-b438-6b00044ffb64,2024-07-30,2024-08-13,14
b3facc6e-1663-5716-a1c1-10b2184a2ebd,e8aeb018-f679-5670-b210-de4f62ff2111,41cb90d0-d91a-57c2-b138-831be351479f,6baabed2-52d7-5cb7-bf74-86c7cb3e4f07,2024-08-08,2024-08-13,5
aa2afb47-b9e7-514a-8cb4-5fb9369d770a,e8aeb018-f679-5670-b210-de4f62ff2111,76d6c9f4-5d7d-53c0-bb1f-2a577383765a,d3961f5a-3ea7-53d3-89f4-78b65b0c0c6b,2024-08-10,2024-08-13,3
b4d47dc2-a5dc-50c9-9276-ddc6c421394f,e8aeb018-f679-5670-b210-de4f62ff2111,76d6c9f4-5d7d-53c0-bb1f-2a577383765a,d3961f5a-3ea7-53d3-89f4-78b65b0c0c6b,2024-08-10,2024-08-13,3
6b5f7b10-63f0-548c-bda5-d1f16a96ecd7,e8aeb018-f679-5670-b210-de4f62ff2111,41cb90d0-d91a-57c2-b138-831be351479f,d2f08f15-f9f2-5f65-a740-b05896774467,2024-08-08,2024-08-13,5
8a1a9a58-fa16-52da-8a76-fdcb3cec4e41,e8aeb018-f679-5670-b210-de4f62ff2111,a6f6d890-1609-53fc-b4a6-5733ccc9d078,0ec23038-d3ab-588c-bbd6-1f5c744cdde1,2024-07-31,2024-08-14,14
b79aafa3-4ed5-5b48-8dbc-c2d2b7f71f14,e8aeb018-f679-5670-b210-de4f62ff2111,41cb90d0-d91a-57c2-b138-831be351479f,2897aac2-f219-5167-b800-73fac27f6b85,2024-08-09,2024-08-14,5
fe29352c-1a5a-5ddc-9a97-b137cb73d511,e8aeb018-f679-5670-b210-de4f62ff2111,c6617891-56ff-5690-89a4-1ece06685ff5,042e2e80-f954-5df4-97be-29dd428cc598,2024-08-05,2024-08-15,10
ca65c46c-52c1-5a72-b048-30eba2ad6db9,e8aeb018-f679-5670-b210-de4f62ff2111,76d6c9f4-5d7d-53c0-bb1f-2a577383765a,cd81184b-b6f1-563c-b463-36a69ddfb598,2024-08-12,2024-08-15,3
3272a93e-d36a-5b8f-895c-e53643ffa502,e8aeb018-f679-5670-b210-de4f62ff2111,c6617891-56ff-5690-89a4-1ece06685ff5,d9506935-1215-5499-93c0-8bdd86ab9418,2024-08-05,2024-08-15,10
93022fc8-97bc-5e3d-aeaa-643d9857a93f,e8aeb018-f679-5670-b210-de4f62ff2111,a6f6d890-1609-53fc-b4a6-5733ccc9d078,4d9429b6-2ebf-5b5d-ac48-f779d5a1e270,2024-08-02,2024-08-16,14
b09b97a7-9b20-5ad7-92a4-286c7487deae,e8aeb018-f679-5670-b210-de4f62ff2111,76d6c9f4-5d7d-53c0-bb1f-2a577383765a,d3961f5a-3ea7-53d3-89f4-78b65b0c0c6b,2024-08-14,2024-08-17,3
6af3ddfa-f33f-5c3c-9bf9-00c4b7144306,e8aeb018-f679-5670-b210-de4f62ff2111,76d6c9f4-5d7d-53c0-bb1f-2a577383765a,c0cf5e5c-b5c9-585a-8e79-d9830bc954f6,2024-08-14,2024-08-17,3
6133d3b0-5936-5b96-980e-a27ba052161d,e8aeb018-f679-5670-b210-de4f62ff2111,41cb90d0-d91a-57c2-b138-831be351479f,38adf7ba-476e-5e6b-9163-781a13538253,2024-08-12,2024-08-17,5
90fe4a3d-24fe-5eed-b8bb-bf89d805e396,e8aeb018-f679-5670-b210-de4f62ff2111,41cb90d0-d91a-57c2-b138-831be351479f,38adf7ba-476e-5e6b-9163-781a13538253,2024-08-12,2024-08-17,5
2d0f8855-f98e-5276-aca4-5362f886a385,e8aeb018-f679-5670-b210-de4f62ff2111,ab4a547f-e75d-5601-8171-00da4efa4b57,012857cc-907f-5e7d-b8fb-796d2c9f1621,2024-08-10,2024-08-17,7
0a4c348d-e3df-5f4c-a7b0-8dd52fb1f3c6,e8aeb018-f679-5670-b210-de4f62ff2111,76d6c9f4-5d7d-53c0-bb1f-2a577383765a,5bbfdec8-65ae-59e6-b211-5eccb5b765fa,2024-08-15,2024-08-18,3
32a3bbb2-77ce-57a6-a666-28e5b6a2514b,e8aeb018-f679-5670-b210-de4f62ff2111,41cb90d0-d91a-57c2-b138-831be351479f,2933d8b7-2438-521b-b38d-d3a5224f87fc,2024-08-13,2024-08-18,5
5fa67c9b-c955-51e9-a404-d7e9df3e511c,e8aeb018-f679-5670-b210-de4f62ff2111,76d6c9f4-5d7d-53c0-bb1f-2a577383765a,5bbfdec8-65ae-59e6-b211-5eccb5b765fa,2024-08-15,2024-08-18,3
11154494-25a7-5fcf-9e00-96fce0dfaa64,e8aeb018-f679-5670-b210-de4f62ff2111,41cb90d0-d91a-57c2-b138-831be351479f,82cd11ba-d1a0-58b1-b14f-edd741f36e87,2024-08-13,2024-08-18,5
902de918-9e9c-5894-90d1-4d9eb9fbbc0f,e8aeb018-f679-5670-b210-de4f62ff2111,c6617891-56ff-5690-89a4-1ece06685ff5,058c6382-bde2-59d1-93ff-20c6161a4736,2024-08-08,2024-08-18,10
9ebd3e14-66f7-54e9-904c-af85b9da51a6,e8aeb018-f679-5670-b210-de4f62ff2111,41cb90d0-d91a-57c2-b138-831be351479f,82cd11ba-d1a0-58b1-b14f-edd741f36e87,2024-08-13,2024-08-18,5
0aab84ed-2b15-5933-9b44-55291a37d998,e8aeb018-f679-5670-b210-de4f62ff2111,41cb90d0-d91a-57c2-b138-831be351479f,38adf7ba-476e-5e6b-9163-781a13538253,2024-08-13,2024-08-18,5
cf357d9d-62c8-5276-b51b-d3701637660e,e8aeb018-f679-5670-b210-de4f62ff2111,41cb90d0-d91a-57c2-b138-831be351479f,2933d8b7-2438-521b-b38d-d3a5224f87fc,2024-08-13,2024-08-18,5
e6d22969-b8a3-5922-affc-833d5f97b286,e8aeb018-f679-5670-b210-de4f62ff2111,c6617891-56ff-5690-89a4-1ece06685ff5,87b859e0-789a-56e6-b1ba-4fe76221d3bf,2024-08-09,2024-08-19,10
c8d68580-7db9-5134-b913-b2b7a4e3d41e,e8aeb018-f679-5670-b210-de4f62ff2111,41cb90d0-d91a-57c2-b138-831be351479f,d2f08f15-f9f2-5f65-a740-b05896774467,2024-08-14,2024-08-19,5
98dae335-fef5-5b29-8970-4c58dc26f85e,e8aeb018-f679-5670-b210-de4f62ff2111,76d6c9f4-5d7d-53c0-bb1f-2a577383765a,d3961f5a-3ea7-53d3-89f4-78b65b0c0c6b,2024-08-16,2024-08-19,3
99407b6a-5234-5c06-9a0b-2fd8357bcfa8,e8aeb018-f679-5670-b210-de4f62ff2111,ab4a547f-e75d-5601-8171-00da4efa4b57,94e18241-54bd-5516-b36f-94ab6e323aca,2024-08-12,2024-08-19,7
392a702f-72bc-5afa-8bcf-8534ccaa6bb2,e8aeb018-f679-5670-b210-de4f62ff2111,76d6c9f4-5d7d-53c0-bb1f-2a577383765a,d0ae6d2d-e561-56b3-a2c1-113c1c56ae81,2024-08-16,2024-08-19,3
e4eedf45-3aee-5ff1-b3b3-987b62a93e7d,e8aeb018-f679-5670-b210-de4f62ff2111,ab4a547f-e75d-5601-8171-00da4efa4b57,6d807393-f4ab-5f76-b544-251eeda27ba3,2024-08-12,2024-08-19,7
f56848f7-d48b-54d3-885d-dfa73e117dc0,e8aeb018-f679-5670-b210-de4f62ff2111,76d6c9f4-5d7d-53c0-bb1f-2a577383765a,d0ae6d2d-e561-56b3-a2c1-113c1c56ae81,2024-08-16,2024-08-19,3
721363bb-60f2-58f3-ac54-30b2d849c3c2,e8aeb018-f679-5670-b210-de4f62ff2111,76d6c9f4-5d7d-53c0-bb1f-2a577383765a,5bbfdec8-65ae-59e6-b211-5eccb5b765fa,2024-08-16,2024-08-19,3
d23ecd31-f9eb-5b24-9e05-17ed4bb4780d,e8aeb018-f679-5670-b210-de4f62ff2111,ab4a547f-e75d-5601-8171-00da4efa4b57,94e18241-54bd-5516-b36f-94ab6e323aca,2024-08-12,2024-08-19,7
b1c83d6c-daa7-5ada-86aa-0e951cfe9ece,e8aeb018-f679-5670-b210-de4f62ff2111,41cb90d0-d91a-57c2-b138-831be351479f,2897aac2-f219-5167-b800-73fac27f6b85,2024-08-15,2024-08-20,5
d97b1dac-ef85-5bcd-be64-2f255412d140,e8aeb018-f679-5670-b210-de4f62ff2111,a6f6d890-1609-53fc-b4a6-5733ccc9d078,afe9d181-1c64-5cca-b4b7-a9fa24eceeea,2024-08-06,2024-08-20,14
3f99df47-e0a6-5ce6-9143-aed95cf9c3ca,e8aeb018-f679-5670-b210-de4f62ff2111,ab4a547f-e75d-5601-8171-00da4efa4b57,6d807393-f4ab-5f76-b544-251eeda27ba3,2024-08-13,2024-08-20,7
344b3879-b6f7-553a-845a-2721cf6dd110,e8aeb018-f679-5670-b210-de4f62ff2111,ab4a547f-e75d-5601-8171-00da4efa4b57,6d807393-f4ab-5f76-b544-251eeda27ba3,2024-08-14,2024-08-21,7
6334b7b0-a8c6-5e6b-bdbd-b4c9a4fa6554,e8aeb018-f679-5670-b210-de4f62ff2111,ab4a547f-e75d-5601-8171-00da4efa4b57,22231140-3780-5fe8-a7d4-d33f61d15111,2024-08-14,2024-08-21,7
01014f15-7881-5ed1-b967-e551b6a08689,e8aeb018-f679-5670-b210-de4f62ff2111,41cb90d0-d91a-57c2-b138-831be351479f,2933d8b7-2438-521b-b38d-d3a5224f87fc,2024-08-16,2024-08-21,5
4caf822b-5af7-5462-81b1-49440cab485f,e8aeb018-f679-5670-b210-de4f62ff2111,a6f6d890-1609-53fc-b4a6-5733ccc9d078,4d9429b6-2ebf-5b5d-ac48-f779d5a1e270,2024-08-07,2024-08-21,14
5bc6b70a-aa0b-5f07-843a-e90cf81ac8a6,e8aeb018-f679-5670-b210-de4f62ff2111,41cb90d0-d91a-57c2-b138-831be351479f,38adf7ba-476e-5e6b-9163-781a13538253,2024-08-16,2024-08-21,5
3930babf-9034-5b5f-a8ca-79ee586b1f80,e8aeb018-f679-5670-b210-de4f62ff2111,ab4a547f-e75d-5601-8171-00da4efa4b57,07371b94-955f-52a4-9bf9-f0a6ad2b4fa8,2024-08-15,2024-08-22,7
8f69b616-1fe6-56c0-9c94-c30a7b886a52,e8aeb018-f679-5670-b210-de4f62ff2111,76d6c9f4-5d7d-53c0-bb1f-2a577383765a,cd81184b-b6f1-563c-b463-36a69ddfb598,2024-08-19,2024-08-22,3
d1629785-43ef-5c05-b803-252c9241072c,e8aeb018-f679-5670-b210-de4f62ff2111,76d6c9f4-5d7d-53c0-bb1f-2a577383765a,c0cf5e5c-b5c9-585a-8e79-d9830bc954f6,2024-08-19,2024-08-22,3
6aac3786-f9cd-588f-9b7f-c375dad51812,e8aeb018-f679-5670-b210-de4f62ff2111,c6617891-56ff-5690-89a4-1ece06685ff5,1ca3438e-9e23-58f0-a35f-f15f7a23beb9,2024-08-12,2024-08-22,10
8eefb407-b07d-5809-8934-4c37e639088f,e8aeb018-f679-5670-b210-de4f62ff2111,41cb90d0-d91a-57c2-b138-831be351479f,82cd11ba-d1a0-58b1-b14f-edd741f36e87,2024-08-17,2024-08-22,5
402e24e7-5d0d-519b-a5bb-61d3b244de1a,e8aeb018-f679-5670-b210-de4f62ff2111,ab4a547f-e75d-5601-8171-00da4efa4b57,07371b94-955f-52a4-9bf9-f0a6ad2b4fa8,2024-08-15,2024-08-22,7
d0474df0-9401-53ed-b357-5d8423caccd7,e8aeb018-f679-5670-b210-de4f62ff2111,76d6c9f4-5d7d-53c0-bb1f-2a577383765a,2082733c-4e17-51fe-bc8c-bf33d3ec5d7e,2024-08-19,2024-08-22,3
8292dab9-5c4c-545e-bd8b-59e95b1f5c40,e8aeb018-f679-5670-b210-de4f62ff2111,76d6c9f4-5d7d-53c0-bb1f-2a577383765a,d0ae6d2d-e561-56b3-a2c1-113c1c56ae81,2024-08-19,2024-08-22,3
abb4ecef-da89-5d3c-8a08-1f5c1caac985,e8aeb018-f679-5670-b210-de4f62ff2111,c6617891-56ff-5690-89a4-1ece06685ff5,042e2e80-f954-5df4-97be-29dd428cc598,2024-08-13,2024-08-23,10
a71202ab-f5e0-5b40-b55c-c5496aa6b241,e8aeb018-f679-5670-b210-de4f62ff2111,a6f6d890-1609-53fc-b4a6-5733ccc9d078,afe9d181-1c64-5cca-b4b7-a9fa24eceeea,2024-08-09,2024-08-23,14
7ee8a263-cdbc-538a-880d-2a82024109af,e8aeb018-f679-5670-b210-de4f62ff2111,a6f6d890-1609-53fc-b4a6-5733ccc9d078,9928e9a1-d9fc-5fdd-86c2-8909352fd7fe,2024-08-09,2024-08-23,14
54d85dd6-6adb-530e-919e-bf45ef1ca173,e8aeb018-f679-5670-b210-de4f62ff2111,a6f6d890-1609-53fc-b4a6-5733ccc9d078,4d9429b6-2ebf-5b5d-ac48-f779d5a1e270,2024-08-10,2024-08-24,14
3aeff0ba-0449-5767-8ab1-11bcb3d4a46c,e8aeb018-f679-5670-b210-de4f62ff2111,ab4a547f-e75d-5601-8171-00da4efa4b57,97d26d91-c562-5f27-9ebd-285e89c8f4bf,2024-08-17,2024-08-24,7
e6db3e76-82fb-512d-91fe-4ea58ec298cb,e8aeb018-f679-5670-b210-de4f62ff2111,c6617891-56ff-5690-89a4-1ece06685ff5,2eb3a104-e572-583a-afa0-156ee0dc4cce,2024-08-14,2024-08-24,10
3c58742a-a90e-5e67-9d37-badfaa45c487,e8aeb018-f679-5670-b210-de4f62ff2111,41cb90d0-d91a-57c2-b138-831be351479f,2897aac2-f219-5167-b800-73fac27f6b85,2024-08-19,2024-08-24,5
a96550e9-3741-50fb-ad8e-0e8fc546d104,e8aeb018-f679-5670-b210-de4f62ff2111,c6617891-56ff-5690-89a4-1ece06685ff5,2eb3a104-e572-583a-afa0-156ee0dc4cce,2024-08-14,2024-08-24,10
3666d7ac-1a45-568f-84e0-9ce0fec9422e,e8aeb018-f679-5670-b210-de4f62ff2111,a6f6d890-1609-53fc-b4a6-5733ccc9d078,0ec23038-d3ab-588c-bbd6-1f5c744cdde1,2024-08-10,2024-08-24,14
06abd5fb-4893-5e2c-ad43-4bb814aa6e85,e8aeb018-f679-5670-b210-de4f62ff2111,ab4a547f-e75d-5601-8171-00da4efa4b57,6d807393-f4ab-5f76-b544-251eeda27ba3,2024-08-17,2024-08-24,7
8843735d-0705-526f-a71d-44ff286900ad,e8aeb018-f679-5670-b210-de4f62ff2111,76d6c9f4-5d7d-53c0-bb1f-2a577383765a,2082733c-4e17-51fe-bc8c-bf33d3ec5d7e,2024-08-22,2024-08-25,3
85ec108d-4d4f-5be1-a8c6-3e6dc8542bcc,e8aeb018-f679-5670-b210-de4f62ff2111,76d6c9f4-5d7d-53c0-bb1f-2a577383765a,2082733c-4e17-51fe-bc8c-bf33d3ec5d7e,2024-08-22,2024-08-25,3
495dfac6-d83e-5c5a-bdfd-8d7429737ce1,e8aeb018-f679-5670-b210-de4f62ff2111,76d6c9f4-5d7d-53c0-bb1f-2a577383765a,2082733c-4e17-51fe-bc8c-bf33d3ec5d7e,2024-08-23,2024-08-26,3
89386b00-5636-50cd-8a54-8fc33f7e541c,e8aeb018-f679-5670-b210-de4f62ff2111,a6f6d890-1609-53fc-b4a6-5733ccc9d078,afe9d181-1c64-5cca-b4b7-a9fa24eceeea,2024-08-12,2024-08-26,14
fe38278a-c0dc-5995-854a-e4791dc96ea0,e8aeb018-f679-5670-b210-de4f62ff2111,a6f6d890-1609-53fc-b4a6-5733ccc9d078,0ec23038-d3ab-588c-bbd6-1f5c744cdde1,2024-08-13,2024-08-27,14
1df41bfe-a8c6-5930-b4be-c42871936665,e8aeb018-f679-5670-b210-de4f62ff2111,ab4a547f-e75d-5601-8171-00da4efa4b57,07371b94-955f-52a4-9bf9-f0a6ad2b4fa8,2024-08-20,2024-08-27,7
5efb9eda-c65a-5b28-8805-e7b71e10fe2b,e8aeb018-f679-5670-b210-de4f62ff2111,76d6c9f4-5d7d-53c0-bb1f-2a577383765a,5bbfdec8-65ae-59e6-b211-5eccb5b765fa,2024-08-24,2024-08-27,3
1cc825fb-9a51-5fed-801a-ee05c4b32c0e,e8aeb018-f679-5670-b210-de4f62ff2111,76d6c9f4-5d7d-53c0-bb1f-2a577383765a,2082733c-4e17-51fe-bc8c-bf33d3ec5d7e,2024-08-24,2024-08-27,3
93f1c03c-6871-5de9-902c-7c2af73dc534,e8aeb018-f679-5670-b210-de4f62ff2111,41cb90d0-d91a-57c2-b138-831be351479f,d2f08f15-f9f2-5f65-a740-b05896774467,2024-08-22,2024-08-27,5
148a31d1-4934-58c5-ad4e-27f5c70e2377,e8aeb018-f679-5670-b210-de4f62ff2111,41cb90d0-d91a-57c2-b138-831be351479f,2897aac2-f219-5167-b800-73fac27f6b85,2024-08-23,2024-08-28,5
76c94146-a3d9-5f77-abd6-0bf88b2ed57a,e8aeb018-f679-5670-b210-de4f62ff2111,ab4a547f-e75d-5601-8171-00da4efa4b57,94e18241-54bd-5516-b36f-94ab6e323aca,2024-08-22,2024-08-29,7
fba5ec83-51d2-5e1a-a977-e25e5bba5a45,e8aeb018-f679-5670-b210-de4f62ff2111,c6617891-56ff-5690-89a4-1ece06685ff5,d9506935-1215-5499-93c0-8bdd86ab9418,2024-08-19,2024-08-29,10
12a29a9d-7f5a-573e-9785-7a53730831dc,e8aeb018-f679-5670-b210-de4f62ff2111,ab4a547f-e75d-5601-8171-00da4efa4b57,97d26d91-c562-5f27-9ebd-285e89c8f4bf,2024-08-22,2024-08-29,7
cd661ffa-8d7b-51cb-af48-537722633176,e8aeb018-f679-5670-b210-de4f62ff2111,a6f6d890-1609-53fc-b4a6-5733ccc9d078,0ec23038-d3ab-588c-bbd6-1f5c744cdde1,2024-08-15,2024-08-29,14
726e63db-1122-5ca6-a566-4b6d71f69bac,e8aeb018-f679-5670-b210-de4f62ff2111,c6617891-56ff-5690-89a4-1ece06685ff5,d9506935-1215-5499-93c0-8bdd86ab9418,2024-08-19,2024-08-29,10
b1ea517e-7196-5dc5-8184-bb477ac2af0a,e8aeb018-f679-5670-b210-de4f62ff2111,ab4a547f-e75d-5601-8171-00da4efa4b57,6d807393-f4ab-5f76-b544-251eeda27ba3,2024-08-23,2024-08-30,7
a7f6c9a7-a7b9-597a-b95f-f4e3ef0bf069,e8aeb018-f679-5670-b210-de4f62ff2111,a6f6d890-1609-53fc-b4a6-5733ccc9d078,9928e9a1-d9fc-5fdd-86c2-8909352fd7fe,2024-08-16,2024-08-30,14
66772853-be21-5bcd-aede-ac5e7071d4c0,e8aeb018-f679-5670-b210-de4f62ff2111,c6617891-56ff-5690-89a4-1ece06685ff5,87b859e0-789a-56e6-b1ba-4fe76221d3bf,2024-08-20,2024-08-30,10
88f5f6be-72ef-5da8-b68a-946db4e8f84f,e8aeb018-f679-5670-b210-de4f62ff2111,ab4a547f-e75d-5601-8171-00da4efa4b57,97d26d91-c562-5f27-9ebd-285e89c8f4bf,2024-08-24,2024-08-31,7
86fc620d-8f85-55aa-8403-126aa8afd74f,e8aeb018-f679-5670-b210-de4f62ff2111,76d6c9f4-5d7d-53c0-bb1f-2a577383765a,c0cf5e5c-b5c9-585a-8e79-d9830bc954f6,2024-08-28,2024-08-31,3
0e50a063-7334-59c3-a1f4-d5b547edb0bf,e8aeb018-f679-5670-b210-de4f62ff2111,41cb90d0-d91a-57c2-b138-831be351479f,82cd11ba-d1a0-58b1-b14f-edd741f36e87,2024-08-26,2024-08-31,5
dfa09085-64e2-5f1f-8baa-0439128ce622,e8aeb018-f679-5670-b210-de4f62ff2111,ab4a547f-e75d-5601-8171-00da4efa4b57,07371b94-955f-52a4-9bf9-f0a6ad2b4fa8,2024-08-24,2024-08-31,7
64acee2f-11b9-549d-9b93-f28223460fb6,e8aeb018-f679-5670-b210-de4f62ff2111,41cb90d0-d91a-57c2-b138-831be351479f,2897aac2-f219-5167-b800-73fac27f6b85,2024-08-26,2024-08-31,5
83c98c01-da55-58c7-ad8a-4f649d969daa,e8aeb018-f679-5670-b210-de4f62ff2111,41cb90d0-d91a-57c2-b138-831be351479f,2933d8b7-2438-521b-b38d-d3a5224f87fc,2024-08-27,2024-09-01,5
f88bbf24-4d7b-5b3b-8676-a638ec6031a4,e8aeb018-f679-5670-b210-de4f62ff2111,41cb90d0-d91a-57c2-b138-831be351479f,6baabed2-52d7-5cb7-bf74-86c7cb3e4f07,2024-08-27,2024-09-01,5
224fb628-f4d4-535d-bade-c6916766de45,e8aeb018-f679-5670-b210-de4f62ff2111,76d6c9f4-5d7d-53c0-bb1f-2a577383765a,5bbfdec8-65ae-59e6-b211-5eccb5b765fa,2024-08-29,2024-09-01,3
1c2905aa-3ae8-5ce5-812e-51430cd092c9,e8aeb018-f679-5670-b210-de4f62ff2111,41cb90d0-d91a-57c2-b138-831be351479f,82cd11ba-d1a0-58b1-b14f-edd741f36e87,2024-08-28,2024-09-02,5
8338c09c-9f73-5576-a746-f0328c3a7ae6,e8aeb018-f679-5670-b210-de4f62ff2111,ab4a547f-e75d-5601-8171-00da4efa4b57,012857cc-907f-5e7d-b8fb-796d2c9f1621,2024-08-26,2024-09-02,7
4d120e96-d0b8-5f62-a713-be0edda9b027,e8aeb018-f679-5670-b210-de4f62ff2111,76d6c9f4-5d7d-53c0-bb1f-2a577383765a,d3961f5a-3ea7-53d3-89f4-78b65b0c0c6b,2024-08-30,2024-09-02,3
90728dfa-b919-5408-80fe-a09064c619e4,e8aeb018-f679-5670-b210-de4f62ff2111,c6617891-56ff-5690-89a4-1ece06685ff5,058c6382-bde2-59d1-93ff-20c6161a4736,2024-08-23,2024-09-02,10
65713b2b-721e-5307-a5e8-c045f6369816,e8aeb018-f679-5670-b210-de4f62ff2111,c6617891-56ff-5690-89a4-1ece06685ff5,87b859e0-789a-56e6-b1ba-4fe76221d3bf,2024-08-23,2024-09-02,10
65ff334f-4eff-5ca2-a8d2-a02177365070,e8aeb018-f679-5670-b210-de4f62ff2111,ab4a547f-e75d-5601-8171-00da4efa4b57,012857cc-907f-5e7d-b8fb-796d2c9f1621,2024-08-26,2024-09-02,7
813e1e45-06b1-5514-910d-d90f792fcbb7,e8aeb018-f679-5670-b210-de4f62ff2111,76d6c9f4-5d7d-53c0-bb1f-2a577383765a,d3961f5a-3ea7-53d3-89f4-78b65b0c0c6b,2024-08-30,2024-09-02,3
8f8d8183-6453-516c-aa2d-7c537b2e6474,e8aeb018-f679-5670-b210-de4f62ff2111,ab4a547f-e75d-5601-8171-00da4efa4b57,94e18241-54bd-5516-b36f-94ab6e323aca,2024-08-26,2024-09-02,7
67793546-3dc1-501c-9d66-63d5774893a4,e8aeb018-f679-5670-b210-de4f62ff2111,a6f6d890-1609-53fc-b4a6-5733ccc9d078,983871db-adfb-543e-b438-6b00044ffb64,2024-08-19,2024-09-02,14
d3751522-097d-5b16-a588-1ed3e2eb550d,e8aeb018-f679-5670-b210-de4f62ff2111,76d6c9f4-5d7d-53c0-bb1f-2a577383765a,d3961f5a-3ea7-53d3-89f4-78b65b0c0c6b,2024-08-30,2024-09-02,3
32064ee2-a972-50f3-83b4-88c8f776f1f3,e8aeb018-f679-5670-b210-de4f62ff2111,ab4a547f-e75d-5601-8171-00da4efa4b57,22231140-3780-5fe8-a7d4-d33f61d15111,2024-08-27,2024-09-03,7
fcd86376-fed5-5f00-9614-4d7bc6a8a6f6,e8aeb018-f679-5670-b210-de4f62ff2111,ab4a547f-e75d-5601-8171-00da4efa4b57,97d26d91-c562-5f27-9ebd-285e89c8f4bf,2024-08-27,2024-09-03,7
39e421dc-44b8-5105-9f66-d80ddc815849,e8aeb018-f679-5670-b210-de4f62ff2111,a6f6d890-1609-53fc-b4a6-5733ccc9d078,983871db-adfb-543e-b438-6b00044ffb64,2024-08-21,2024-09-04,14
b464d24f-5b86-5c37-a11e-1654d1f3a471,e8aeb018-f679-5670-b210-de4f62ff2111,a6f6d890-1609-53fc-b4a6-5733ccc9d078,983871db-adfb-543e-b438-6b00044ffb64,2024-08-21,2024-09-04,14
f8b83e3a-dee9-5b3a-ab2f-2b442a1845bc,e8aeb018-f679-5670-b210-de4f62ff2111,ab4a547f-e75d-5601-8171-00da4efa4b57,22231140-3780-5fe8-a7d4-d33f61d15111,2024-08-29,2024-09-05,7
6b81eab5-2cd0-5aef-a6ab-ed602c6a12bf,e8aeb018-f679-5670-b210-de4f62ff2111,41cb90d0-d91a-57c2-b138-831be351479f,2933d8b7-2438-521b-b38d-d3a5224f87fc,2024-08-31,2024-09-05,5
8d21b61d-1a1f-59e0-b8ea-2bba0c3730da,e8aeb018-f679-5670-b210-de4f62ff2111,a6f6d890-1609-53fc-b4a6-5733ccc9d078,afe9d181-1c64-5cca-b4b7-a9fa24eceeea,2024-08-22,2024-09-05,14
3bbb4c98-27ea-5aee-a263-2f9f7df8fa12,e8aeb018-f679-5670-b210-de4f62ff2111,c6617891-56ff-5690-89a4-1ece06685ff5,058c6382-bde2-59d1-93ff-20c6161a4736,2024-08-26,2024-09-05,10
6f1f5277-b2f8-5ec7-9f5f-21539df04455,e8aeb018-f679-5670-b210-de4f62ff2111,76d6c9f4-5d7d-53c0-bb1f-2a577383765a,cd81184b-b6f1-563c-b463-36a69ddfb598,2024-09-02,2024-09-05,3
1773161e-4553-55d1-9810-3b61659cef72,e8aeb018-f679-5670-b210-de4f62ff2111,c6617891-56ff-5690-89a4-1ece06685ff5,2eb3a104-e572-583a-afa0-156ee0dc4cce,2024-08-26,2024-09-05,10
ee583018-9563-5062-991b-c151503349bb,e8aeb018-f679-5670-b210-de4f62ff2111,ab4a547f-e75d-5601-8171-00da4efa4b57,22231140-3780-5fe8-a7d4-d33f61d15111,2024-08-29,2024-09-05,7
fbe85cf4-6629-5fda-a80b-a854265f78bb,e8aeb018-f679-5670-b210-de4f62ff2111,ab4a547f-e75d-5601-8171-00da4efa4b57,012857cc-907f-5e7d-b8fb-796d2c9f1621,2024-08-29,2024-09-05,7
7c3723c7-6dbe-5c30-a0a1-3bea0b89cfe5,e8aeb018-f679-5670-b210-de4f62ff2111,76d6c9f4-5d7d-53c0-bb1f-2a577383765a,d3961f5a-3ea7-53d3-89f4-78b65b0c0c6b,2024-09-03,2024-09-06,3
cd56fca4-6585-5f1b-b2d4-bc0eaa63b21a,e8aeb018-f679-5670-b210-de4f62ff2111,76d6c9f4-5d7d-53c0-bb1f-2a577383765a,d0ae6d2d-e561-56b3-a2c1-113c1c56ae81,2024-09-03,2024-09-06,3
fbb356c0-d3f1-58ce-ad0a-acf377ea59af,e8aeb018-f679-5670-b210-de4f62ff2111,c6617891-56ff-5690-89a4-1ece06685ff5,2eb3a104-e572-583a-afa0-156ee0dc4cce,2024-08-27,2024-09-06,10
92c099ae-8323-58b1-a89e-f03609a4747a,e8aeb018-f679-5670-b210-de4f62ff2111,ab4a547f-e75d-5601-8171-00da4efa4b57,22231140-3780-5fe8-a7d4-d33f61d15111,2024-08-30,2024-09-06,7
37945ee8-8ee8-572c-a0b7-3229bf81c354,e8aeb018-f679-5670-b210-de4f62ff2111,a6f6d890-1609-53fc-b4a6-5733ccc9d078,1e9605fd-5682-52b6-8f05-e8a92dd44513,2024-08-23,2024-09-06,14
a8c37708-3344-531c-9c8f-a090fe0a930c,e8aeb018-f679-5670-b210-de4f62ff2111,c6617891-56ff-5690-89a4-1ece06685ff5,042e2e80-f954-5df4-97be-29dd428cc598,2024-08-27,2024-09-06,10
7adfdd73-7df2-597b-a616-7ec32fe7d1a7,e8aeb018-f679-5670-b210-de4f62ff2111,76d6c9f4-5d7d-53c0-bb1f-2a577383765a,cd81184b-b6f1-563c-b463-36a69ddfb598,2024-09-03,2024-09-06,3
13d3c9fc-8c6d-5bf3-a5b9-f117d6de76f7,e8aeb018-f679-5670-b210-de4f62ff2111,41cb90d0-d91a-57c2-b138-831be351479f,2897aac2-f219-5167-b800-73fac27f6b85,2024-09-02,2024-09-07,5
c1642b9f-758e-551c-ba30-bd2686c7e589,e8aeb018-f679-5670-b210-de4f62ff2111,c6617891-56ff-5690-89a4-1ece06685ff5,042e2e80-f954-5df4-97be-29dd428cc598,2024-08-28,2024-09-07,10
20648b54-5730-5d4d-a2b8-9c6a7670f2ac,e8aeb018-f679-5670-b210-de4f62ff2111,a6f6d890-1609-53fc-b4a6-5733ccc9d078,1e9605fd-5682-52b6-8f05-e8a92dd44513,2024-08-24,2024-09-07,14
8fcbddaa-fa05-5dae-8e9f-39b27379bcb3,e8aeb018-f679-5670-b210-de4f62ff2111,a6f6d890-1609-53fc-b4a6-5733ccc9d078,9928e9a1-d9fc-5fdd-86c2-8909352fd7fe,2024-08-24,2024-09-07,14
6fbb9610-b543-52b5-aef8-cf32a9deeb8f,e8aeb018-f679-5670-b210-de4f62ff2111,76d6c9f4-5d7d-53c0-bb1f-2a577383765a,c0cf5e5c-b5c9-585a-8e79-d9830bc954f6,2024-09-05,2024-09-08,3
f5efcb03-8083-5600-9f01-5c7e53f7ad28,e8aeb018-f679-5670-b210-de4f62ff2111,41cb90d0-d91a-57c2-b138-831be351479f,38adf7ba-476e-5e6b-9163-781a13538253,2024-09-03,2024-09-08,5
46ecac24-e133-5436-b675-f7c16321d468,e8aeb018-f679-5670-b210-de4f62ff2111,41cb90d0-d91a-57c2-b138-831be351479f,2897aac2-f219-5167-b800-73fac27f6b85,2024-09-03,2024-09-08,5
7f7fbfc7-2141-58d0-9ba1-5354e75879f8,e8aeb018-f679-5670-b210-de4f62ff2111,76d6c9f4-5d7d-53c0-bb1f-2a577383765a,d3961f5a-3ea7-53d3-89f4-78b65b0c0c6b,2024-09-06,2024-09-09,3
d61624bb-11ff-51c2-8552-1934b8bd16f2,e8aeb018-f679-5670-b210-de4f62ff2111,c6617891-56ff-5690-89a4-1ece06685ff5,87b859e0-789a-56e6-b1ba-4fe76221d3bf,2024-08-31,2024-09-10,10
1fe08c02-24ae-5fb0-bf95-aad26e23945d,e8aeb018-f679-5670-b210-de4f62ff2111,41cb90d0-d91a-57c2-b138-831be351479f,82cd11ba-d1a0-58b1-b14f-edd741f36e87,2024-09-05,2024-09-10,5
116ac88c-4a1f-5034-afe7-1a8a2f739879,e8aeb018-f679-5670-b210-de4f62ff2111,ab4a547f-e75d-5601-8171-00da4efa4b57,07371b94-955f-52a4-9bf9-f0a6ad2b4fa8,2024-09-04,2024-09-11,7
0dc08a31-dd34-5a9c-96eb-a2dad586afb2,e8aeb018-f679-5670-b210-de4f62ff2111,41cb90d0-d91a-57c2-b138-831be351479f,2933d8b7-2438-521b-b38d-d3a5224f87fc,2024-09-06,2024-09-11,5
e56c9724-0733-544a-9417-cb0d41fcc494,e8aeb018-f679-5670-b210-de4f62ff2111,a6f6d890-1609-53fc-b4a6-5733ccc9d078,4d9429b6-2ebf-5b5d-ac48-f779d5a1e270,2024-08-28,2024-09-11,14
58d030a1-8acf-5019-9449-1410f48d6931,e8aeb018-f679-5670-b210-de4f62ff2111,a6f6d890-1609-53fc-b4a6-5733ccc9d078,9928e9a1-d9fc-5fdd-86c2-8909352fd7fe,2024-08-28,2024-09-11,14
f7bfd70d-ac7d-5690-b569-eb0040fee1ce,e8aeb018-f679-5670-b210-de4f62ff2111,76d6c9f4-5d7d-53c0-bb1f-2a577383765a,5bbfdec8-65ae-59e6-b211-5eccb5b765fa,2024-09-09,2024-09-12,3
ceb50528-54cf-5668-8824-294bdc4cd2e0,e8aeb018-f679-5670-b210-de4f62ff2111,41cb90d0-d91a-57c2-b138-831be351479f,38adf7ba-476e-5e6b-9163-781a13538253,2024-09-07,2024-09-12,5
238e2830-2800-5330-b0f9-f8e0fceaff78,e8aeb018-f679-5670-b210-de4f62ff2111,c6617891-56ff-5690-89a4-1ece06685ff5,1ca3438e-9e23-58f0-a35f-f15f7a23beb9,2024-09-02,2024-09-12,10
42ed0bcb-0fc1-566b-9900-8c55136efa86,e8aeb018-f679-5670-b210-de4f62ff2111,76d6c9f4-5d7d-53c0-bb1f-2a577383765a,cd81184b-b6f1-563c-b463-36a69ddfb598,2024-09-09,2024-09-12,3
f1ddc0a2-9b76-593e-91f3-771edd69bb29,e8aeb018-f679-5670-b210-de4f62ff2111,41cb90d0-d91a-57c2-b138-831be351479f,6baabed2-52d7-5cb7-bf74-86c7cb3e4f07,2024-09-07,2024-09-12,5
071eab6d-217d-52ff-bed8-8439b7b0fcc6,e8aeb018-f679-5670-b210-de4f62ff2111,c6617891-56ff-5690-89a4-1ece06685ff5,042e2e80-f954-5df4-97be-29dd428cc598,2024-09-02,2024-09-12,10
ffb2222c-1a23-52fe-b1a6-d8fddd13faba,e8aeb018-f679-5670-b210-de4f62ff2111,c6617891-56ff-5690-89a4-1ece06685ff5,058c6382-bde2-59d1-93ff-20c6161a4736,2024-09-02,2024-09-12,10
c567e296-9377-5821-afe8-753ddc9715c4,e8aeb018-f679-5670-b210-de4f62ff2111,41cb90d0-d91a-57c2-b138-831be351479f,6baabed2-52d7-5cb7-bf74-86c7cb3e4f07,2024-09-07,2024-09-12,5
ffc66545-e9bf-545e-bea8-4e4ef4bf163c,e8aeb018-f679-5670-b210-de4f62ff2111,c6617891-56ff-5690-89a4-1ece06685ff5,042e2e80-f954-5df4-97be-29dd428cc598,2024-09-04,2024-09-14,10
7aa6d7d4-e01a-53b6-85de-10005339c1f7,e8aeb018-f679-5670-b210-de4f62ff2111,c6617891-56ff-5690-89a4-1ece06685ff5,058c6382-bde2-59d1-93ff-20c6161a4736,2024-09-04,2024-09-14,10
72cd4990-dd06-5ccb-9bc5-27636aa66341,e8aeb018-f679-5670-b210-de4f62ff2111,41cb90d0-d91a-57c2-b138-831be351479f,2933d8b7-2438-521b-b38d-d3a5224f87fc,2024-09-09,2024-09-14,5
52069709-f20d-53d5-b1a2-0967da75b85f,e8aeb018-f679-5670-b210-de4f62ff2111,41cb90d0-d91a-57c2-b138-831be351479f,82cd11ba-d1a0-58b1-b14f-edd741f36e87,2024-09-09,2024-09-14,5
df7e8c1d-b0f6-5ff2-a193-94f865b8cd29,e8aeb018-f679-5670-b210-de4f62ff2111,ab4a547f-e75d-5601-8171-00da4efa4b57,07371b94-955f-52a4-9bf9-f0a6ad2b4fa8,2024-09-07,2024-09-14,7
31cee255-ced6-58f3-aa49-1a6d97258ac2,e8aeb018-f679-5670-b210-de4f62ff2111,41cb90d0-d91a-57c2-b138-831be351479f,6baabed2-52d7-5cb7-bf74-86c7cb3e4f07,2024-09-09,2024-09-14,5
42de216d-eb5a-53f5-b22b-3da0416eefee,e8aeb018-f679-5670-b210-de4f62ff2111,ab4a547f-e75d-5601-8171-00da4efa4b57,012857cc-907f-5e7d-b8fb-796d2c9f1621,2024-09-07,2024-09-14,7
c2fbc868-8a8a-56bc-9e94-423fc17b452d,e8aeb018-f679-5670-b210-de4f62ff2111,76d6c9f4-5d7d-53c0-bb1f-2a577383765a,c0cf5e5c-b5c9-585a-8e79-d9830bc954f6,2024-09-11,2024-09-14,3
2861f030-d7c3-55b9-8c6c-b02a3a825c54,e8aeb018-f679-5670-b210-de4f62ff2111,a6f6d890-1609-53fc-b4a6-5733ccc9d078,0ec23038-d3ab-588c-bbd6-1f5c744cdde1,2024-08-31,2024-09-14,14
abe04744-0ec9-55ba-8dad-e4d1c8b98177,e8aeb018-f679-5670-b210-de4f62ff2111,c6617891-56ff-5690-89a4-1ece06685ff5,d9506935-1215-5499-93c0-8bdd86ab9418,2024-09-05,2024-09-15,10
ddd4e573-0cfd-5ec6-a830-e2391e30c3f3,e8aeb018-f679-5670-b210-de4f62ff2111,41cb90d0-d91a-57c2-b138-831be351479f,38adf7ba-476e-5e6b-9163-781a13538253,2024-09-10,2024-09-15,5
b52f46e6-113e-5aab-974f-1a8ca8c9724b,e8aeb018-f679-5670-b210-de4f62ff2111,41cb90d0-d91a-57c2-b138-831be351479f,d2f08f15-f9f2-5f65-a740-b05896774467,2024-09-10,2024-09-15,5
1f68e4f0-3726-558a-b483-67162ea09028,e8aeb018-f679-5670-b210-de4f62ff2111,41cb90d0-d91a-57c2-b138-831be351479f,82cd11ba-d1a0-58b1-b14f-edd741f36e87,2024-09-10,2024-09-15,5
16e20707-3ae8-5eed-80bb-9985c127ecb5,e8aeb018-f679-5670-b210-de4f62ff2111,c6617891-56ff-5690-89a4-1ece06685ff5,87b859e0-789a-56e6-b1ba-4fe76221d3bf,2024-09-05,2024-09-15,10
176f2e00-f858-51ec-94d1-3277e6ebefff,e8aeb018-f679-5670-b210-de4f62ff2111,c6617891-56ff-5690-89a4-1ece06685ff5,1ca3438e-9e23-58f0-a35f-f15f7a23beb9,2024-09-05,2024-09-15,10
250253e7-9d68-51c9-b3d9-74ae7ebac065,e8aeb018-f679-5670-b210-de4f62ff2111,a6f6d890-1609-53fc-b4a6-5733ccc9d078,1e9605fd-5682-52b6-8f05-e8a92dd44513,2024-09-02,2024-09-16,14
7bf78902-38b5-5efb-af19-528d7cb863e8,e8aeb018-f679-5670-b210-de4f62ff2111,41cb90d0-d91a-57c2-b138-831be351479f,2897aac2-f219-5167-b800-73fac27f6b85,2024-09-11,2024-09-16,5
8fefc8aa-3d91-5a17-9a56-2a92a360d7f2,e8aeb018-f679-5670-b210-de4f62ff2111,a6f6d890-1609-53fc-b4a6-5733ccc9d078,4d9429b6-2ebf-5b5d-ac48-f779d5a1e270,2024-09-02,2024-09-16,14
f1b93c33-ab7f-5031-90c1-dd8394709e9e,e8aeb018-f679-5670-b210-de4f62ff2111,ab4a547f-e75d-5601-8171-00da4efa4b57,97d26d91-c562-5f27-9ebd-285e89c8f4bf,2024-09-09,2024-09-16,7
614d6780-83f6-5c96-9e9a-7b8d2ae4dcb3,e8aeb018-f679-5670-b210-de4f62ff2111,c6617891-56ff-5690-89a4-1ece06685ff5,1ca3438e-9e23-58f0-a35f-f15f7a23beb9,2024-09-06,2024-09-16,10
99d568a3-506f-5e91-8c76-ebeb75f0110b,e8aeb018-f679-5670-b210-de4f62ff2111,a6f6d890-1609-53fc-b4a6-5733ccc9d078,0ec23038-d3ab-588c-bbd6-1f5c744cdde1,2024-09-03,2024-09-17,14
6bafd452-ba46-578a-96b4-19d36373cb25,e8aeb018-f679-5670-b210-de4f62ff2111,ab4a547f-e75d-5601-8171-00da4efa4b57,6d807393-f4ab-5f76-b544-251eeda27ba3,2024-09-10,2024-09-17,7
ee8a7e85-a2eb-565f-b930-b952d04a40a1,e8aeb018-f679-5670-b210-de4f62ff2111,c6617891-56ff-5690-89a4-1ece06685ff5,042e2e80-f954-5df4-97be-29dd428cc598,2024-09-07,2024-09-17,10
149ed3ce-20f3-547f-8626-f36af651d807,e8aeb018-f679-5670-b210-de4f62ff2111,a6f6d890-1609-53fc-b4a6-5733ccc9d078,9928e9a1-d9fc-5fdd-86c2-8909352fd7fe,2024-09-04,2024-09-18,14
cdc98b8f-e102-51fa-8d49-30742fe30475,e8aeb018-f679-5670-b210-de4f62ff2111,a6f6d890-1609-53fc-b4a6-5733ccc9d078,983871db-adfb-543e-b438-6b00044ffb64,2024-09-04,2024-09-18,14
5ac98493-0143-5504-a260-491491622c6c,e8aeb018-f679-5670-b210-de4f62ff2111,ab4a547f-e75d-5601-8171-00da4efa4b57,6d807393-f4ab-5f76-b544-251eeda27ba3,2024-09-11,2024-09-18,7
a39dd533-d72a-55d6-b906-b0da34d73105,e8aeb018-f679-5670-b210-de4f62ff2111,ab4a547f-e75d-5601-8171-00da4efa4b57,07371b94-955f-52a4-9bf9-f0a6ad2b4fa8,2024-09-12,2024-09-19,7
9f8e3fe0-7bba-50f8-a467-777594fc01fa,e8aeb018-f679-5670-b210-de4f62ff2111,c6617891-56ff-5690-89a4-1ece06685ff5,1ca3438e-9e23-58f0-a35f-f15f7a23beb9,2024-09-09,2024-09-19,10
62e50205-bc66-5a0c-a832-609be2242f3a,e8aeb018-f679-5670-b210-de4f62ff2111,ab4a547f-e75d-5601-8171-00da4efa4b57,6d807393-f4ab-5f76-b544-251eeda27ba3,2024-09-12,2024-09-19,7
9a21bed2-4d6e-5394-b308-b8ee5d044a5a,e8aeb018-f679-5670-b210-de4f62ff2111,76d6c9f4-5d7d-53c0-bb1f-2a577383765a,5bbfdec8-65ae-59e6-b211-5eccb5b765fa,2024-09-16,2024-09-19,3
6a987532-1c49-58e5-ac3e-33bb8ea66774,e8aeb018-f679-5670-b210-de4f62ff2111,c6617891-56ff-5690-89a4-1ece06685ff5,058c6382-bde2-59d1-93ff-20c6161a4736,2024-09-09,2024-09-19,10
54b662a8-2c3a-5209-81da-72cc3ff0a783,e8aeb018-f679-5670-b210-de4f62ff2111,ab4a547f-e75d-5601-8171-00da4efa4b57,22231140-3780-5fe8-a7d4-d33f61d15111,2024-09-12,2024-09-19,7
b8988c64-56a6-505a-8e9e-e019b40a7277,e8aeb018-f679-5670-b210-de4f62ff2111,76d6c9f4-5d7d-53c0-bb1f-2a577383765a,2082733c-4e17-51fe-bc8c-bf33d3ec5d7e,2024-09-17,2024-09-20,3
4aab2e11-c7e7-5eca-ae61-90d0ecf593a9,e8aeb018-f679-5670-b210-de4f62ff2111,ab4a547f-e75d-5601-8171-00da4efa4b57,94e18241-54bd-5516-b36f-94ab6e323aca,2024-09-13,2024-09-20,7
6a3a96d3-2022-57a7-9e91-49bc3d50c12b,e8aeb018-f679-5670-b210-de4f62ff2111,a6f6d890-1609-53fc-b4a6-5733ccc9d078,1e9605fd-5682-52b6-8f05-e8a92dd44513,2024-09-06,2024-09-20,14
cae82d78-fd89-5719-b855-d032b2590145,e8aeb018-f679-5670-b210-de4f62ff2111,ab4a547f-e75d-5601-8171-00da4efa4b57,6d807393-f4ab-5f76-b544-251eeda27ba3,2024-09-13,2024-09-20,7
d50164c8-fb2a-5316-8464-c8ca7a574756,e8aeb018-f679-5670-b210-de4f62ff2111,a6f6d890-1609-53fc-b4a6-5733ccc9d078,afe9d181-1c64-5cca-b4b7-a9fa24eceeea,2024-09-06,2024-09-20,14
938ed270-b385-5e07-93a8-616ebb1609c9,e8aeb018-f679-5670-b210-de4f62ff2111,76d6c9f4-5d7d-53c0-bb1f-2a577383765a,5bbfdec8-65ae-59e6-b211-5eccb5b765fa,2024-09-17,2024-09-20,3
ea81b1a7-a119-507d-bfe0-bfd62439ee63,e8aeb018-f679-5670-b210-de4f62ff2111,41cb90d0-d91a-57c2-b138-831be351479f,6baabed2-52d7-5cb7-bf74-86c7cb3e4f07,2024-09-16,2024-09-21,5
ccff03a3-02ab-5746-a735-92c558707930,e8aeb018-f679-5670-b210-de4f62ff2111,76d6c9f4-5d7d-53c0-bb1f-2a577383765a,5bbfdec8-65ae-59e6-b211-5eccb5b765fa,2024-09-18,2024-09-21,3
d07e8219-b061-5f47-b95b-ab00dec45127,e8aeb018-f679-5670-b210-de4f62ff2111,76d6c9f4-5d7d-53c0-bb1f-2a577383765a,d0ae6d2d-e561-56b3-a2c1-113c1c56ae81,2024-09-18,2024-09-21,3
b47d970c-926c-5f57-9fae-bde44e2c4801,e8aeb018-f679-5670-b210-de4f62ff2111,41cb90d0-d91a-57c2-b138-831be351479f,d2f08f15-f9f2-5f65-a740-b05896774467,2024-09-17,2024-09-22,5
486fb8ea-7757-54d5-8e02-616775f94f0a,e8aeb018-f679-5670-b210-de4f62ff2111,41cb90d0-d91a-57c2-b138-831be351479f,2897aac2-f219-5167-b800-73fac27f6b85,2024-09-17,2024-09-22,5
dd6bc138-e90a-524c-bd49-a7524bba1467,e8aeb018-f679-5670-b210-de4f62ff2111,76d6c9f4-5d7d-53c0-bb1f-2a577383765a,d3961f5a-3ea7-53d3-89f4-78b65b0c0c6b,2024-09-19,2024-09-22,3
83037d65-ac18-5aa2-9180-d66485feebd1,e8aeb018-f679-5670-b210-de4f62ff2111,41cb90d0-d91a-57c2-b138-831be351479f,82cd11ba-d1a0-58b1-b14f-edd741f36e87,2024-09-18,2024-09-23,5
92b5849b-b384-59eb-93f2-cc26458421a7,e8aeb018-f679-5670-b210-de4f62ff2111,c6617891-56ff-5690-89a4-1ece06685ff5,2eb3a104-e572-583a-afa0-156ee0dc4cce,2024-09-13,2024-09-23,10
78389c83-c9cf-5f18-9f5d-90401a147c07,e8aeb018-f679-5670-b210-de4f62ff2111,76d6c9f4-5d7d-53c0-bb1f-2a577383765a,cd81184b-b6f1-563c-b463-36a69ddfb598,2024-09-20,2024-09-23,3
4de0a1dd-44aa-5453-ae83-e9647319b23a,e8aeb018-f679-5670-b210-de4f62ff2111,c6617891-56ff-5690-89a4-1ece06685ff5,2eb3a104-e572-583a-afa0-156ee0dc4cce,2024-09-13,2024-09-23,10
2b4d01d9-5f68-5a10-be06-f752d140008f,e8aeb018-f679-5670-b210-de4f62ff2111,ab4a547f-e75d-5601-8171-00da4efa4b57,07371b94-955f-52a4-9bf9-f0a6ad2b4fa8,2024-09-16,2024-09-23,7
b19b34f4-5e4d-589c-9ac1-8e750603e5af,e8aeb018-f679-5670-b210-de4f62ff2111,41cb90d0-d91a-57c2-b138-831be351479f,d2f08f15-f9f2-5f65-a740-b05896774467,2024-09-18,2024-09-23,5
1ebf14bd-51df-56b8-b3dd-a65637fac3fa,e8aeb018-f679-5670-b210-de4f62ff2111,c6617891-56ff-5690-89a4-1ece06685ff5,d9506935-1215-5499-93c0-8bdd86ab9418,2024-09-13,2024-09-23,10
bbc7747d-c2c5-56c7-a148-a3d4fde9423e,e8aeb018-f679-5670-b210-de4f62ff2111,41cb90d0-d91a-57c2-b138-831be351479f,2933d8b7-2438-521b-b38d-d3a5224f87fc,2024-09-19,2024-09-24,5
e73bcca9-b715-5fff-a45c-051717536be1,e8aeb018-f679-5670-b210-de4f62ff2111,76d6c9f4-5d7d-53c0-bb1f-2a577383765a,cd81184b-b6f1-563c-b463-36a69ddfb598,2024-09-21,2024-09-24,3
b37e17c6-d90f-55cb-b985-43b5d77760cd,e8aeb018-f679-5670-b210-de4f62ff2111,a6f6d890-1609-53fc-b4a6-5733ccc9d078,9928e9a1-d9fc-5fdd-86c2-8909352fd7fe,2024-09-10,2024-09-24,14
9997a025-abd0-5dfb-99f2-8780d27ec48b,e8aeb018-f679-5670-b210-de4f62ff2111,76d6c9f4-5d7d-53c0-bb1f-2a577383765a,c0cf5e5c-b5c9-585a-8e79-d9830bc954f6,2024-09-21,2024-09-24,3
cd58c1ff-7844-527c-9d1e-27938297ad35,e8aeb018-f679-5670-b210-de4f62ff2111,41cb90d0-d91a-57c2-b138-831be351479f,d2f08f15-f9f2-5f65-a740-b05896774467,2024-09-19,2024-09-24,5
4cfffc4e-0859-5418-8baf-4537a91c113f,e8aeb018-f679-5670-b210-de4f62ff2111,76d6c9f4-5d7d-53c0-bb1f-2a577383765a,d3961f5a-3ea7-53d3-89f4-78b65b0c0c6b,2024-09-21,2024-09-24,3
93facb21-b6cf-5c4a-97b0-fad01e6aa739,e8aeb018-f679-5670-b210-de4f62ff2111,ab4a547f-e75d-5601-8171-00da4efa4b57,94e18241-54bd-5516-b36f-94ab6e323aca,2024-09-17,2024-09-24,7
c6499733-3703-5e69-a3e3-963f4c7fca4b,e8aeb018-f679-5670-b210-de4f62ff2111,41cb90d0-d91a-57c2-b138-831be351479f,2897aac2-f219-5167-b800-73fac27f6b85,2024-09-19,2024-09-24,5
75a03eef-e27a-5f1e-bd76-90c02aa4a78d,e8aeb018-f679-5670-b210-de4f62ff2111,ab4a547f-e75d-5601-8171-00da4efa4b57,07371b94-955f-52a4-9bf9-f0a6ad2b4fa8,2024-09-19,2024-09-26,7
87702d73-20cd-5f7a-85e5-49ee327b86c1,e8aeb018-f679-5670-b210-de4f62ff2111,ab4a547f-e75d-5601-8171-00da4efa4b57,6d807393-f4ab-5f76-b544-251eeda27ba3,2024-09-20,2024-09-27,7
355f74dc-367d-5f33-b684-26f6390831ff,e8aeb018-f679-5670-b210-de4f62ff2111,c6617891-56ff-5690-89a4-1ece06685ff5,87b859e0-789a-56e6-b1ba-4fe76221d3bf,2024-09-17,2024-09-27,10
09582902-6ebd-5eaa-85b6-01ad3e3fc9b6,e8aeb018-f679-5670-b210-de4f62ff2111,ab4a547f-e75d-5601-8171-00da4efa4b57,97d26d91-c562-5f27-9ebd-285e89c8f4bf,2024-09-20,2024-09-27,7
3dc1ab77-2802-5f8a-9e20-decf5fc74c3b,e8aeb018-f679-5670-b210-de4f62ff2111,76d6c9f4-5d7d-53c0-bb1f-2a577383765a,d0ae6d2d-e561-56b3-a2c1-113c1c56ae81,2024-09-24,2024-09-27,3
a4c7236b-293c-5882-923b-d33f511393cc,e8aeb018-f679-5670-b210-de4f62ff2111,ab4a547f-e75d-5601-8171-00da4efa4b57,94e18241-54bd-5516-b36f-94ab6e323aca,2024-09-20,2024-09-27,7
afba4781-7be8-57c0-a624-ca4aea59da7b,e8aeb018-f679-5670-b210-de4f62ff2111,76d6c9f4-5d7d-53c0-bb1f-2a577383765a,d0ae6d2d-e561-56b3-a2c1-113c1c56ae81,2024-09-24,2024-09-27,3
c5e9b46a-b2e1-5bbb-939e-ae64cab20133,e8aeb018-f679-5670-b210-de4f62ff2111,76d6c9f4-5d7d-53c0-bb1f-2a577383765a,2082733c-4e17-51fe-bc8c-bf33d3ec5d7e,2024-09-24,2024-09-27,3
b68cda8c-a203-573c-bfdb-30098d7b367f,e8aeb018-f679-5670-b210-de4f62ff2111,76d6c9f4-5d7d-53c0-bb1f-2a577383765a,d3961f5a-3ea7-53d3-89f4-78b65b0c0c6b,2024-09-25,2024-09-28,3
1966b286-d565-5518-9af5-5d45db6388db,e8aeb018-f679-5670-b210-de4f62ff2111,41cb90d0-d91a-57c2-b138-831be351479f,2933d8b7-2438-521b-b38d-d3a5224f87fc,2024-09-23,2024-09-28,5
6ac6bc29-5cee-5a10-b3c6-0a0efa057100,e8aeb018-f679-5670-b210-de4f62ff2111,41cb90d0-d91a-57c2-b138-831be351479f,38adf7ba-476e-5e6b-9163-781a13538253,2024-09-23,2024-09-28,5
f44647c7-c7e4-5707-8374-dc273a17e4db,e8aeb018-f679-5670-b210-de4f62ff2111,76d6c9f4-5d7d-53c0-bb1f-2a577383765a,d3961f5a-3ea7-53d3-89f4-78b65b0c0c6b,2024-09-27,2024-09-30,3
4fdac654-2911-5f82-ac8b-b4a8fb8e6b8d,e8aeb018-f679-5670-b210-de4f62ff2111,c6617891-56ff-5690-89a4-1ece06685ff5,2eb3a104-e572-583a-afa0-156ee0dc4cce,2024-09-20,2024-09-30,10
e184711c-1e06-58cb-98ed-e0a93bd3da73,e8aeb018-f679-5670-b210-de4f62ff2111,a6f6d890-1609-53fc-b4a6-5733ccc9d078,0ec23038-d3ab-588c-bbd6-1f5c744cdde1,2024-09-16,2024-09-30,14
2786f0b9-c79b-5d64-b246-3321c414dc79,e8aeb018-f679-5670-b210-de4f62ff2111,a6f6d890-1609-53fc-b4a6-5733ccc9d078,4d9429b6-2ebf-5b5d-ac48-f779d5a1e270,2024-09-16,2024-09-30,14
af3580cc-bd9e-5590-8476-d98ca3ab28f7,e8aeb018-f679-5670-b210-de4f62ff2111,76d6c9f4-5d7d-53c0-bb1f-2a577383765a,2082733c-4e17-51fe-bc8c-bf33d3ec5d7e,2024-09-27,2024-09-30,3
ee0caa28-811a-5c17-b516-e2d04aee8c57,e8aeb018-f679-5670-b210-de4f62ff2111,ab4a547f-e75d-5601-8171-00da4efa4b57,012857cc-907f-5e7d-b8fb-796d2c9f1621,2024-09-23,2024-09-30,7
41f4840c-3446-55de-9b58-7a33ab6e9680,e8aeb018-f679-5670-b210-de4f62ff2111,76d6c9f4-5d7d-53c0-bb1f-2a577383765a,5bbfdec8-65ae-59e6-b211-5eccb5b765fa,2024-09-27,2024-09-30,3
5a2a8fdf-c30e-5c51-b8b4-581f81c508ea,e8aeb018-f679-5670-b210-de4f62ff2111,a6f6d890-1609-53fc-b4a6-5733ccc9d078,4d9429b6-2ebf-5b5d-ac48-f779d5a1e270,2024-09-17,2024-10-01,14
0f203905-c5b2-5357-a5a0-93fcbaf2d42e,e8aeb018-f679-5670-b210-de4f62ff2111,76d6c9f4-5d7d-53c0-bb1f-2a577383765a,d3961f5a-3ea7-53d3-89f4-78b65b0c0c6b,2024-09-28,2024-10-01,3
8fce5cfb-3e6b-534d-bfd4-531527a4ba4e,e8aeb018-f679-5670-b210-de4f62ff2111,41cb90d0-d91a-57c2-b138-831be351479f,2933d8b7-2438-521b-b38d-d3a5224f87fc,2024-09-26,2024-10-01,5
8ebe110a-94f9-5694-b3da-f6aeaf09ad7d,e8aeb018-f679-5670-b210-de4f62ff2111,ab4a547f-e75d-5601-8171-00da4efa4b57,97d26d91-c562-5f27-9ebd-285e89c8f4bf,2024-09-24,2024-10-01,7
c607c8c5-850e-5357-a486-828831c263c8,e8aeb018-f679-5670-b210-de4f62ff2111,76d6c9f4-5d7d-53c0-bb1f-2a577383765a,2082733c-4e17-51fe-bc8c-bf33d3ec5d7e,2024-09-28,2024-10-01,3
1d0cdb33-1f7f-5ce2-b401-9268cb103a3f,e8aeb018-f679-5670-b210-de4f62ff2111,41cb90d0-d91a-57c2-b138-831be351479f,82cd11ba-d1a0-58b1-b14f-edd741f36e87,2024-09-26,2024-10-01,5
32810259-c811-501f-b1c7-e3265347b4b0,e8aeb018-f679-5670-b210-de4f62ff2111,a6f6d890-1609-53fc-b4a6-5733ccc9d078,983871db-adfb-543e-b438-6b00044ffb64,2024-09-18,2024-10-02,14
16b40688-ba78-54e4-b355-90fffa0e4cb7,e8aeb018-f679-5670-b210-de4f62ff2111,41cb90d0-d91a-57c2-b138-831be351479f,d2f08f15-f9f2-5f65-a740-b05896774467,2024-09-27,2024-10-02,5
af10be91-ce66-523a-a087-0bc30c71ade5,e8aeb018-f679-5670-b210-de4f62ff2111,41cb90d0-d91a-57c2-b138-831be351479f,2897aac2-f219-5167-b800-73fac27f6b85,2024-09-27,2024-10-02,5
422ea8cf-4dd2-55a3-9fd2-808dce5cdd1a,e8aeb018-f679-5670-b210-de4f62ff2111,a6f6d890-1609-53fc-b4a6-5733ccc9d078,1e9605fd-5682-52b6-8f05-e8a92dd44513,2024-09-18,2024-10-02,14
bdfba0df-d783-50fc-943e-f7d1ad96e40d,e8aeb018-f679-5670-b210-de4f62ff2111,76d6c9f4-5d7d-53c0-bb1f-2a577383765a,c0cf5e5c-b5c9-585a-8e79-d9830bc954f6,2024-09-30,2024-10-03,3
09d88d1c-3a65-59ae-bbc5-7b08686cc543,e8aeb018-f679-5670-b210-de4f62ff2111,41cb90d0-d91a-57c2-b138-831be351479f,2897aac2-f219-5167-b800-73fac27f6b85,2024-09-28,2024-10-03,5
bf9afbe0-1883-5c15-b078-f3d43f2de308,e8aeb018-f679-5670-b210-de4f62ff2111,ab4a547f-e75d-5601-8171-00da4efa4b57,97d26d91-c562-5f27-9ebd-285e89c8f4bf,2024-09-26,2024-10-03,7
08bb5dd8-b000-59c9-b188-41a4addc752d,e8aeb018-f679-5670-b210-de4f62ff2111,41cb90d0-d91a-57c2-b138-831be351479f,82cd11ba-d1a0-58b1-b14f-edd741f36e87,2024-09-28,2024-10-03,5
8620bfc6-c041-5218-8aa9-b5a9527678b5,e8aeb018-f679-5670-b210-de4f62ff2111,a6f6d890-1609-53fc-b4a6-5733ccc9d078,afe9d181-1c64-5cca-b4b7-a9fa24eceeea,2024-09-19,2024-10-03,14
1a7b939b-5ff4-531c-b814-41db939c8b0b,e8aeb018-f679-5670-b210-de4f62ff2111,ab4a547f-e75d-5601-8171-00da4efa4b57,22231140-3780-5fe8-a7d4-d33f61d15111,2024-09-27,2024-10-04,7
c352a556-5cb4-5923-a534-57acd431e39e,e8aeb018-f679-5670-b210-de4f62ff2111,ab4a547f-e75d-5601-8171-00da4efa4b57,012857cc-907f-5e7d-b8fb-796d2c9f1621,2024-09-27,2024-10-04,7
b1793fe1-e328-5e33-9c67-7ff141b09a0f,e8aeb018-f679-5670-b210-de4f62ff2111,c6617891-56ff-5690-89a4-1ece06685ff5,87b859e0-789a-56e6-b1ba-4fe76221d3bf,2024-09-24,2024-10-04,10
5de801fc-4920-591a-bdb6-8d631f370b25,e8aeb018-f679-5670-b210-de4f62ff2111,41cb90d0-d91a-57c2-b138-831be351479f,38adf7ba-476e-5e6b-9163-781a13538253,2024-09-30,2024-10-05,5
8b130cbb-c8f9-58a6-a714-c0eb193fcb6b,e8aeb018-f679-5670-b210-de4f62ff2111,c6617891-56ff-5690-89a4-1ece06685ff5,1ca3438e-9e23-58f0-a35f-f15f7a23beb9,2024-09-25,2024-10-05,10
f58ebd97-a8d3-5bfd-aabd-0bfa807eb3f0,e8aeb018-f679-5670-b210-de4f62ff2111,a6f6d890-1609-53fc-b4a6-5733ccc9d078,0ec23038-d3ab-588c-bbd6-1f5c744cdde1,2024-09-21,2024-10-05,14
016523e2-5c22-5f50-bb96-be0e3d7d845c,e8aeb018-f679-5670-b210-de4f62ff2111,c6617891-56ff-5690-89a4-1ece06685ff5,d9506935-1215-5499-93c0-8bdd86ab9418,2024-09-26,2024-10-06,10
95a49817-7714-518c-bc66-a7f90e7a2cf5,e8aeb018-f679-5670-b210-de4f62ff2111,c6617891-56ff-5690-89a4-1ece06685ff5,87b859e0-789a-56e6-b1ba-4fe76221d3bf,2024-09-26,2024-10-06,10
5f9086e6-a486-58fe-a52e-76271dc9b123,e8aeb018-f679-5670-b210-de4f62ff2111,a6f6d890-1609-53fc-b4a6-5733ccc9d078,afe9d181-1c64-5cca-b4b7-a9fa24eceeea,2024-09-23,2024-10-07,14
bc84d002-b5e8-5ec4-a910-ce2a874f1b4f,e8aeb018-f679-5670-b210-de4f62ff2111,41cb90d0-d91a-57c2-b138-831be351479f,2933d8b7-2438-521b-b38d-d3a5224f87fc,2024-10-02,2024-10-07,5
31d918b4-03e4-5f0e-9772-50ea4794e7be,e8aeb018-f679-5670-b210-de4f62ff2111,a6f6d890-1609-53fc-b4a6-5733ccc9d078,afe9d181-1c64-5cca-b4b7-a9fa24eceeea,2024-09-23,2024-10-07,14
fae219ac-2871-566f-b39c-0696b9749e4d,e8aeb018-f679-5670-b210-de4f62ff2111,ab4a547f-e75d-5601-8171-00da4efa4b57,22231140-3780-5fe8-a7d4-d33f61d15111,2024-09-30,2024-10-07,7
6fbeb385-7b92-524b-a5b0-b0f870e5b5aa,e8aeb018-f679-5670-b210-de4f62ff2111,c6617891-56ff-5690-89a4-1ece06685ff5,d9506935-1215-5499-93c0-8bdd86ab9418,2024-09-27,2024-10-07,10
90d2bacb-5a2d-5dde-89bc-0e05085f7bb1,e8aeb018-f679-5670-b210-de4f62ff2111,a6f6d890-1609-53fc-b4a6-5733ccc9d078,4d9429b6-2ebf-5b5d-ac48-f779d5a1e270,2024-09-23,2024-10-07,14
1c4aeda6-d98d-566d-b170-5810c26b9209,e8aeb018-f679-5670-b210-de4f62ff2111,ab4a547f-e75d-5601-8171-00da4efa4b57,94e18241-54bd-5516-b36f-94ab6e323aca,2024-10-01,2024-10-08,7
3fd1f1f5-0f4d-5880-921d-020d45886130,e8aeb018-f679-5670-b210-de4f62ff2111,76d6c9f4-5d7d-53c0-bb1f-2a577383765a,d0ae6d2d-e561-56b3-a2c1-113c1c56ae81,2024-10-05,2024-10-08,3
651c2502-d17f-5ac6-863e-5c535b8750a0,e8aeb018-f679-5670-b210-de4f62ff2111,76d6c9f4-5d7d-53c0-bb1f-2a577383765a,2082733c-4e17-51fe-bc8c-bf33d3ec5d7e,2024-10-05,2024-10-08,3
8e8fec70-f709-58b7-bf01-79b6660f4871,e8aeb018-f679-5670-b210-de4f62ff2111,a6f6d890-1609-53fc-b4a6-5733ccc9d078,0ec23038-d3ab-588c-bbd6-1f5c744cdde1,2024-09-24,2024-10-08,14
c7ce2980-dec5-589b-b4b6-e2be2e84926c,e8aeb018-f679-5670-b210-de4f62ff2111,41cb90d0-d91a-57c2-b138-831be351479f,2933d8b7-2438-521b-b38d-d3a5224f87fc,2024-10-03,2024-10-08,5
700edb75-5c99-5c67-a9a3-ed9a424c47cd,e8aeb018-f679-5670-b210-de4f62ff2111,76d6c9f4-5d7d-53c0-bb1f-2a577383765a,cd81184b-b6f1-563c-b463-36a69ddfb598,2024-10-05,2024-10-08,3
0e9349d0-ab24-5114-bf2c-ebd736f9f6d6,e8aeb018-f679-5670-b210-de4f62ff2111,ab4a547f-e75d-5601-8171-00da4efa4b57,012857cc-907f-5e7d-b8fb-796d2c9f1621,2024-10-01,2024-10-08,7
9af02c51-1597-57ca-9ff5-410f083f0225,e8aeb018-f679-5670-b210-de4f62ff2111,41cb90d0-d91a-57c2-b138-831be351479f,6baabed2-52d7-5cb7-bf74-86c7cb3e4f07,2024-10-04,2024-10-09,5
0d0c69e5-5d7a-55cc-937c-7a4c5f6c21c1,e8aeb018-f679-5670-b210-de4f62ff2111,41cb90d0-d91a-57c2-b138-831be351479f,2897aac2-f219-5167-b800-73fac27f6b85,2024-10-04,2024-10-09,5
d61136d6-793f-5f8d-9ebb-2b6a8cff75e3,e8aeb018-f679-5670-b210-de4f62ff2111,ab4a547f-e75d-5601-8171-00da4efa4b57,22231140-3780-5fe8-a7d4-d33f61d15111,2024-10-02,2024-10-09,7
05992967-a87d-58bd-a509-ec8e4beff514,e8aeb018-f679-5670-b210-de4f62ff2111,c6617891-56ff-5690-89a4-1ece06685ff5,058c6382-bde2-59d1-93ff-20c6161a4736,2024-09-30,2024-10-10,10
95b59c00-2c63-545e-a85f-8cf63e44086f,e8aeb018-f679-5670-b210-de4f62ff2111,a6f6d890-1609-53fc-b4a6-5733ccc9d078,983871db-adfb-543e-b438-6b00044ffb64,2024-09-26,2024-10-10,14
93140aa3-07bc-5daa-a3ba-18a25fadba94,e8aeb018-f679-5670-b210-de4f62ff2111,c6617891-56ff-5690-89a4-1ece06685ff5,2eb3a104-e572-583a-afa0-156ee0dc4cce,2024-09-30,2024-10-10,10
5fe8967f-2c81-5d2c-a0b7-72d5d8018304,e8aeb018-f679-5670-b210-de4f62ff2111,c6617891-56ff-5690-89a4-1ece06685ff5,d9506935-1215-5499-93c0-8bdd86ab9418,2024-10-01,2024-10-11,10
34a3d432-7b83-55be-8b33-6a7f44bf0e04,e8aeb018-f679-5670-b210-de4f62ff2111,c6617891-56ff-5690-89a4-1ece06685ff5,042e2e80-f954-5df4-97be-29dd428cc598,2024-10-01,2024-10-11,10
bebe6ce5-30ed-5656-9a80-b3cf0a1df90e,e8aeb018-f679-5670-b210-de4f62ff2111,a6f6d890-1609-53fc-b4a6-5733ccc9d078,9928e9a1-d9fc-5fdd-86c2-8909352fd7fe,2024-09-28,2024-10-12,14
7a2b5169-5f7f-56d4-ad44-69bd39887832,e8aeb018-f679-5670-b210-de4f62ff2111,c6617891-56ff-5690-89a4-1ece06685ff5,042e2e80-f954-5df4-97be-29dd428cc598,2024-10-03,2024-10-13,10
21942de5-d1dc-5e6a-8a0e-8eb44b19be0f,e8aeb018-f679-5670-b210-de4f62ff2111,41cb90d0-d91a-57c2-b138-831be351479f,38adf7ba-476e-5e6b-9163-781a13538253,2024-10-08,2024-10-13,5
4ea64d8d-9cf9-595f-829c-ac85a70b3db4,e8aeb018-f679-5670-b210-de4f62ff2111,41cb90d0-d91a-57c2-b138-831be351479f,82cd11ba-d1a0-58b1-b14f-edd741f36e87,2024-10-09,2024-10-14,5
00f82aa3-d05b-5b08-83bc-eca6cdd4e833,e8aeb018-f679-5670-b210-de4f62ff2111,a6f6d890-1609-53fc-b4a6-5733ccc9d078,983871db-adfb-543e-b438-6b00044ffb64,2024-09-30,2024-10-14,14
5909baca-a0dd-563c-bd4b-9f81b9528aae,e8aeb018-f679-5670-b210-de4f62ff2111,41cb90d0-d91a-57c2-b138-831be351479f,d2f08f15-f9f2-5f65-a740-b05896774467,2024-10-09,2024-10-14,5
9bc315ef-0fa5-573e-b408-2e8343acedba,e8aeb018-f679-5670-b210-de4f62ff2111,c6617891-56ff-5690-89a4-1ece06685ff5,058c6382-bde2-59d1-93ff-20c6161a4736,2024-10-04,2024-10-14,10
4b8588c0-6039-543f-b03d-65156c527ea1,e8aeb018-f679-5670-b210-de4f62ff2111,c6617891-56ff-5690-89a4-1ece06685ff5,042e2e80-f954-5df4-97be-29dd428cc598,2024-10-04,2024-10-14,10
0080a298-6eea-5489-bea7-937d4ad064ff,e8aeb018-f679-5670-b210-de4f62ff2111,41cb90d0-d91a-57c2-b138-831be351479f,6baabed2-52d7-5cb7-bf74-86c7cb3e4f07,2024-10-09,2024-10-14,5
d059d22c-9c16-56a4-9d6d-6c6462e819b2,e8aeb018-f679-5670-b210-de4f62ff2111,76d6c9f4-5d7d-53c0-bb1f-2a577383765a,5bbfdec8-65ae-59e6-b211-5eccb5b765fa,2024-10-12,2024-10-15,3
72a0034b-9de4-5203-8fbf-d5230561d24a,e8aeb018-f679-5670-b210-de4f62ff2111,76d6c9f4-5d7d-53c0-bb1f-2a577383765a,cd81184b-b6f1-563c-b463-36a69ddfb598,2024-10-12,2024-10-15,3
0475798b-0525-5714-a133-87ab73329422,e8aeb018-f679-5670-b210-de4f62ff2111,41cb90d0-d91a-57c2-b138-831be351479f,6baabed2-52d7-5cb7-bf74-86c7cb3e4f07,2024-10-10,2024-10-15,5
cb19dcf7-9268-5216-a4b0-d5b07536745d,e8aeb018-f679-5670-b210-de4f62ff2111,a6f6d890-1609-53fc-b4a6-5733ccc9d078,9928e9a1-d9fc-5fdd-86c2-8909352fd7fe,2024-10-01,2024-10-15,14
999a6839-7b4a-5bb0-bfb9-6c5acf2f2874,e8aeb018-f679-5670-b210-de4f62ff2111,c6617891-56ff-5690-89a4-1ece06685ff5,058c6382-bde2-59d1-93ff-20c6161a4736,2024-10-05,2024-10-15,10
d46e1363-40d7-55e0-9134-2477ccbb632e,e8aeb018-f679-5670-b210-de4f62ff2111,ab4a547f-e75d-5601-8171-00da4efa4b57,07371b94-955f-52a4-9bf9-f0a6ad2b4fa8,2024-10-09,2024-10-16,7
c3204ca1-f3cb-5199-8b40-8e880b64c000,e8aeb018-f679-5670-b210-de4f62ff2111,41cb90d0-d91a-57c2-b138-831be351479f,38adf7ba-476e-5e6b-9163-781a13538253,2024-10-11,2024-10-16,5
959e983e-1eac-5dcb-8fce-a3bc2e11533e,e8aeb018-f679-5670-b210-de4f62ff2111,ab4a547f-e75d-5601-8171-00da4efa4b57,22231140-3780-5fe8-a7d4-d33f61d15111,2024-10-09,2024-10-16,7
598798a4-f700-52ce-bf8c-b07f64ce02c4,e8aeb018-f679-5670-b210-de4f62ff2111,41cb90d0-d91a-57c2-b138-831be351479f,6baabed2-52d7-5cb7-bf74-86c7cb3e4f07,2024-10-11,2024-10-16,5
cc3e62ca-70c6-5a30-9047-feb24c5fe8d6,e8aeb018-f679-5670-b210-de4f62ff2111,41cb90d0-d91a-57c2-b138-831be351479f,2933d8b7-2438-521b-b38d-d3a5224f87fc,2024-10-12,2024-10-17,5
0e68c4d7-319b-57c8-bb27-afda6ed0ce63,e8aeb018-f679-5670-b210-de4f62ff2111,ab4a547f-e75d-5601-8171-00da4efa4b57,07371b94-955f-52a4-9bf9-f0a6ad2b4fa8,2024-10-10,2024-10-17,7
6f8f9022-2615-5d8c-a67b-4b40258a8b0a,e8aeb018-f679-5670-b210-de4f62ff2111,c6617891-56ff-5690-89a4-1ece06685ff5,042e2e80-f954-5df4-97be-29dd428cc598,2024-10-07,2024-10-17,10
e9991d4d-41eb-57b2-a282-dd0895061ae8,e8aeb018-f679-5670-b210-de4f62ff2111,76d6c9f4-5d7d-53c0-bb1f-2a577383765a,d3961f5a-3ea7-53d3-89f4-78b65b0c0c6b,2024-10-14,2024-10-17,3
56cbd96e-29c9-54d2-949e-c092d1d8b9b1,e8aeb018-f679-5670-b210-de4f62ff2111,a6f6d890-1609-53fc-b4a6-5733ccc9d078,1e9605fd-5682-52b6-8f05-e8a92dd44513,2024-10-03,2024-10-17,14
bdc50837-973f-5030-9c6d-53b20b5687ce,e8aeb018-f679-5670-b210-de4f62ff2111,76d6c9f4-5d7d-53c0-bb1f-2a577383765a,cd81184b-b6f1-563c-b463-36a69ddfb598,2024-10-14,2024-10-17,3
eba120ec-7420-5811-9584-a758176a806e,e8aeb018-f679-5670-b210-de4f62ff2111,c6617891-56ff-5690-89a4-1ece06685ff5,058c6382-bde2-59d1-93ff-20c6161a4736,2024-10-08,2024-10-18,10
ee1ebb26-1e45-5bbd-b6d5-e2c33a02c17f,e8aeb018-f679-5670-b210-de4f62ff2111,76d6c9f4-5d7d-53c0-bb1f-2a577383765a,2082733c-4e17-51fe-bc8c-bf33d3ec5d7e,2024-10-15,2024-10-18,3
b2937095-772e-525e-85ed-f27a40179593,e8aeb018-f679-5670-b210-de4f62ff2111,ab4a547f-e75d-5601-8171-00da4efa4b57,6d807393-f4ab-5f76-b544-251eeda27ba3,2024-10-11,2024-10-18,7
c82e6982-f36e-5bd6-8d01-2d5820afb184,e8aeb018-f679-5670-b210-de4f62ff2111,ab4a547f-e75d-5601-8171-00da4efa4b57,012857cc-907f-5e7d-b8fb-796d2c9f1621,2024-10-11,2024-10-18,7
542aeb86-2c7f-5858-bd42-f2b1b55ac78c,e8aeb018-f679-5670-b210-de4f62ff2111,ab4a547f-e75d-5601-8171-00da4efa4b57,97d26d91-c562-5f27-9ebd-285e89c8f4bf,2024-10-11,2024-10-18,7
ec3c77f1-6e83-5777-9e31-034a17e3182d,e8aeb018-f679-5670-b210-de4f62ff2111,a6f6d890-1609-53fc-b4a6-5733ccc9d078,9928e9a1-d9fc-5fdd-86c2-8909352fd7fe,2024-10-04,2024-10-18,14
7416be6e-9abc-5ed4-889a-4aa2e469fc20,e8aeb018-f679-5670-b210-de4f62ff2111,a6f6d890-1609-53fc-b4a6-5733ccc9d078,983871db-adfb-543e-b438-6b00044ffb64,2024-10-04,2024-10-18,14
c7c221ad-b4d1-5172-85f8-b6a8cd2881da,e8aeb018-f679-5670-b210-de4f62ff2111,41cb90d0-d91a-57c2-b138-831be351479f,82cd11ba-d1a0-58b1-b14f-edd741f36e87,2024-10-14,2024-10-19,5
66c05072-8efb-5de4-a572-02a7145b53b8,e8aeb018-f679-5670-b210-de4f62ff2111,c6617891-56ff-5690-89a4-1ece06685ff5,87b859e0-789a-56e6-b1ba-4fe76221d3bf,2024-10-09,2024-10-19,10
3c0125cf-b978-5290-b6a7-af3b807a0982,e8aeb018-f679-5670-b210-de4f62ff2111,76d6c9f4-5d7d-53c0-bb1f-2a577383765a,c0cf5e5c-b5c9-585a-8e79-d9830bc954f6,2024-10-16,2024-10-19,3
13773624-9245-5ae0-9686-b1574ee7d8fa,e8aeb018-f679-5670-b210-de4f62ff2111,ab4a547f-e75d-5601-8171-00da4efa4b57,07371b94-955f-52a4-9bf9-f0a6ad2b4fa8,2024-10-12,2024-10-19,7
8c7c6950-8672-58fe-a599-20c44c63b8a2,e8aeb018-f679-5670-b210-de4f62ff2111,76d6c9f4-5d7d-53c0-bb1f-2a577383765a,d0ae6d2d-e561-56b3-a2c1-113c1c56ae81,2024-10-16,2024-10-19,3
3f683c36-f58f-5278-8d34-5ebbc92731eb,e8aeb018-f679-5670-b210-de4f62ff2111,76d6c9f4-5d7d-53c0-bb1f-2a577383765a,cd81184b-b6f1-563c-b463-36a69ddfb598,2024-10-17,2024-10-20,3
97313efe-d288-5f26-848e-faec106ef763,e8aeb018-f679-5670-b210-de4f62ff2111,c6617891-56ff-5690-89a4-1ece06685ff5,1ca3438e-9e23-58f0-a35f-f15f7a23beb9,2024-10-10,2024-10-20,10
56f2bae4-a0c2-5f99-8838-d88dbb358c9a,e8aeb018-f679-5670-b210-de4f62ff2111,76d6c9f4-5d7d-53c0-bb1f-2a577383765a,c0cf5e5c-b5c9-585a-8e79-d9830bc954f6,2024-10-17,2024-10-20,3
16c22136-4d89-570f-acaf-7cc6cb1f90a1,e8aeb018-f679-5670-b210-de4f62ff2111,c6617891-56ff-5690-89a4-1ece06685ff5,1ca3438e-9e23-58f0-a35f-f15f7a23beb9,2024-10-10,2024-10-20,10
e8438125-aac2-5133-adf4-d57511fe1667,e8aeb018-f679-5670-b210-de4f62ff2111,76d6c9f4-5d7d-53c0-bb1f-2a577383765a,5bbfdec8-65ae-59e6-b211-5eccb5b765fa,2024-10-18,2024-10-21,3
cacfeb19-a012-5153-bee3-656f977ba473,e8aeb018-f679-5670-b210-de4f62ff2111,76d6c9f4-5d7d-53c0-bb1f-2a577383765a,d0ae6d2d-e561-56b3-a2c1-113c1c56ae81,2024-10-18,2024-10-21,3
d4855102-3381-5a32-ad54-01867bd6f202,e8aeb018-f679-5670-b210-de4f62ff2111,76d6c9f4-5d7d-53c0-bb1f-2a577383765a,d0ae6d2d-e561-56b3-a2c1-113c1c56ae81,2024-10-18,2024-10-21,3
5f7c716c-d722-5c32-99a3-db35f42299ef,e8aeb018-f679-5670-b210-de4f62ff2111,ab4a547f-e75d-5601-8171-00da4efa4b57,97d26d91-c562-5f27-9ebd-285e89c8f4bf,2024-10-15,2024-10-22,7
c1d66339-91f0-5dfe-9430-448e9792f876,e8aeb018-f679-5670-b210-de4f62ff2111,76d6c9f4-5d7d-53c0-bb1f-2a577383765a,c0cf5e5c-b5c9-585a-8e79-d9830bc954f6,2024-10-19,2024-10-22,3
698bc9a3-081b-5768-a27a-3f967f5bbff3,e8aeb018-f679-5670-b210-de4f62ff2111,41cb90d0-d91a-57c2-b138-831be351479f,82cd11ba-d1a0-58b1-b14f-edd741f36e87,2024-10-17,2024-10-22,5
3edf473c-ff6c-521f-8f63-8ff88b53c4a0,e8aeb018-f679-5670-b210-de4f62ff2111,ab4a547f-e75d-5601-8171-00da4efa4b57,22231140-3780-5fe8-a7d4-d33f61d15111,2024-10-15,2024-10-22,7
f75b53d7-1012-554e-b817-f12197b21e58,e8aeb018-f679-5670-b210-de4f62ff2111,a6f6d890-1609-53fc-b4a6-5733ccc9d078,983871db-adfb-543e-b438-6b00044ffb64,2024-10-09,2024-10-23,14
462f5497-581c-5fde-9912-a3cee99e0d98,e8aeb018-f679-5670-b210-de4f62ff2111,ab4a547f-e75d-5601-8171-00da4efa4b57,97d26d91-c562-5f27-9ebd-285e89c8f4bf,2024-10-16,2024-10-23,7
9c2a9fe1-96f8-5b0c-8494-b0ee1592a49c,e8aeb018-f679-5670-b210-de4f62ff2111,41cb90d0-d91a-57c2-b138-831be351479f,2897aac2-f219-5167-b800-73fac27f6b85,2024-10-18,2024-10-23,5
6ad03021-1f8c-5cae-9104-49325bc1dc6b,e8aeb018-f679-5670-b210-de4f62ff2111,a6f6d890-1609-53fc-b4a6-5733ccc9d078,0ec23038-d3ab-588c-bbd6-1f5c744cdde1,2024-10-09,2024-10-23,14
ef998614-0aa2-5d45-abf6-12016f2af4e0,e8aeb018-f679-5670-b210-de4f62ff2111,c6617891-56ff-5690-89a4-1ece06685ff5,1ca3438e-9e23-58f0-a35f-f15f7a23beb9,2024-10-14,2024-10-24,10
23605aca-812b-5c3f-a159-83b73941d30f,e8aeb018-f679-5670-b210-de4f62ff2111,ab4a547f-e75d-5601-8171-00da4efa4b57,07371b94-955f-52a4-9bf9-f0a6ad2b4fa8,2024-10-17,2024-10-24,7
1c93e366-c2a2-5586-8cbe-63e7dacee9f2,e8aeb018-f679-5670-b210-de4f62ff2111,41cb90d0-d91a-57c2-b138-831be351479f,38adf7ba-476e-5e6b-9163-781a13538253,2024-10-19,2024-10-24,5
8846c89e-4dbe-53a5-96e2-7fe2f602f34c,e8aeb018-f679-5670-b210-de4f62ff2111,a6f6d890-1609-53fc-b4a6-5733ccc9d078,afe9d181-1c64-5cca-b4b7-a9fa24eceeea,2024-10-10,2024-10-24,14
36432a01-fb19-5b9c-b4cc-0bcff4a5ce8c,e8aeb018-f679-5670-b210-de4f62ff2111,a6f6d890-1609-53fc-b4a6-5733ccc9d078,afe9d181-1c64-5cca-b4b7-a9fa24eceeea,2024-10-11,2024-10-25,14
f5861df6-9af7-5f6a-8304-39372806728b,e8aeb018-f679-5670-b210-de4f62ff2111,ab4a547f-e75d-5601-8171-00da4efa4b57,012857cc-907f-5e7d-b8fb-796d2c9f1621,2024-10-18,2024-10-25,7
6077f00f-4bf3-5203-9d63-6a974c19fc16,e8aeb018-f679-5670-b210-de4f62ff2111,a6f6d890-1609-53fc-b4a6-5733ccc9d078,9928e9a1-d9fc-5fdd-86c2-8909352fd7fe,2024-10-12,2024-10-26,14
6202c716-54c3-53bf-8f4a-b55c97d07691,e8aeb018-f679-5670-b210-de4f62ff2111,c6617891-56ff-5690-89a4-1ece06685ff5,d9506935-1215-5499-93c0-8bdd86ab9418,2024-10-16,2024-10-26,10
009d8e0d-bfd5-517d-a681-dbfe81d073cd,e8aeb018-f679-5670-b210-de4f62ff2111,ab4a547f-e75d-5601-8171-00da4efa4b57,94e18241-54bd-5516-b36f-94ab6e323aca,2024-10-19,2024-10-26,7
d0143a00-4afb-5c99-887c-f9789d47ef9b,e8aeb018-f679-5670-b210-de4f62ff2111,a6f6d890-1609-53fc-b4a6-5733ccc9d078,4d9429b6-2ebf-5b5d-ac48-f779d5a1e270,2024-10-12,2024-10-26,14
e3f5abc7-9b8a-5ca5-bc42-65b279891479,e8aeb018-f679-5670-b210-de4f62ff2111,41cb90d0-d91a-57c2-b138-831be351479f,38adf7ba-476e-5e6b-9163-781a13538253,2024-10-21,2024-10-26,5
43d05010-bdaa-58ca-acdb-440a20659a98,e8aeb018-f679-5670-b210-de4f62ff2111,c6617891-56ff-5690-89a4-1ece06685ff5,058c6382-bde2-59d1-93ff-20c6161a4736,2024-10-17,2024-10-27,10
07222d4f-5ffd-52b8-ab17-a24e470febb5,e8aeb018-f679-5670-b210-de4f62ff2111,76d6c9f4-5d7d-53c0-bb1f-2a577383765a,cd81184b-b6f1-563c-b463-36a69ddfb598,2024-10-25,2024-10-28,3
8d2f1b4e-e626-520e-b92d-4a7b0c8a6424,e8aeb018-f679-5670-b210-de4f62ff2111,76d6c9f4-5d7d-53c0-bb1f-2a577383765a,5bbfdec8-65ae-59e6-b211-5eccb5b765fa,2024-10-25,2024-10-28,3
c5e77db3-2145-5974-9365-2c3edc28319b,e8aeb018-f679-5670-b210-de4f62ff2111,ab4a547f-e75d-5601-8171-00da4efa4b57,94e18241-54bd-5516-b36f-94ab6e323aca,2024-10-21,2024-10-28,7
d343c0f7-41bd-5432-a36d-29d698707fc7,e8aeb018-f679-5670-b210-de4f62ff2111,76d6c9f4-5d7d-53c0-bb1f-2a577383765a,5bbfdec8-65ae-59e6-b211-5eccb5b765fa,2024-10-25,2024-10-28,3
ea150bb5-6b20-5c59-bc7f-cda62ef967be,e8aeb018-f679-5670-b210-de4f62ff2111,41cb90d0-d91a-57c2-b138-831be351479f,2933d8b7-2438-521b-b38d-d3a5224f87fc,2024-10-24,2024-10-29,5
0db36f57-6fa9-5608-857d-66e664705084,e8aeb018-f679-5670-b210-de4f62ff2111,76d6c9f4-5d7d-53c0-bb1f-2a577383765a,d3961f5a-3ea7-53d3-89f4-78b65b0c0c6b,2024-10-26,2024-10-29,3
8f8a6550-96b4-5867-98e8-f7d065d65cba,e8aeb018-f679-5670-b210-de4f62ff2111,41cb90d0-d91a-57c2-b138-831be351479f,d2f08f15-f9f2-5f65-a740-b05896774467,2024-10-24,2024-10-29,5
04daeaff-192d-5026-80d6-2f0366a4dfed,e8aeb018-f679-5670-b210-de4f62ff2111,ab4a547f-e75d-5601-8171-00da4efa4b57,07371b94-955f-52a4-9bf9-f0a6ad2b4fa8,2024-10-22,2024-10-29,7
5ad9b5f3-b6c4-590f-90a4-35b85c3cea28,e8aeb018-f679-5670-b210-de4f62ff2111,a6f6d890-1609-53fc-b4a6-5733ccc9d078,9928e9a1-d9fc-5fdd-86c2-8909352fd7fe,2024-10-16,2024-10-30,14
266fe40a-8728-5c20-8257-df7c901ae28b,e8aeb018-f679-5670-b210-de4f62ff2111,a6f6d890-1609-53fc-b4a6-5733ccc9d078,0ec23038-d3ab-588c-bbd6-1f5c744cdde1,2024-10-16,2024-10-30,14
f0472c30-23b5-5da5-a1a0-59bd68733212,e8aeb018-f679-5670-b210-de4f62ff2111,ab4a547f-e75d-5601-8171-00da4efa4b57,6d807393-f4ab-5f76-b544-251eeda27ba3,2024-10-23,2024-10-30,7
e98dbd47-3522-5e96-b52d-426efb2bfdd8,e8aeb018-f679-5670-b210-de4f62ff2111,41cb90d0-d91a-57c2-b138-831be351479f,d2f08f15-f9f2-5f65-a740-b05896774467,2024-10-26,2024-10-31,5
efdb6b90-f8be-5e3f-89d8-55274e0b41d2,e8aeb018-f679-5670-b210-de4f62ff2111,a6f6d890-1609-53fc-b4a6-5733ccc9d078,1e9605fd-5682-52b6-8f05-e8a92dd44513,2024-10-17,2024-10-31,14
d3ff431f-561a-5898-ba02-bbd2e108d06e,e8aeb018-f679-5670-b210-de4f62ff2111,c6617891-56ff-5690-89a4-1ece06685ff5,042e2e80-f954-5df4-97be-29dd428cc598,2024-10-21,2024-10-31,10
56658379-bddf-55cd-bf29-7d45a1385311,e8aeb018-f679-5670-b210-de4f62ff2111,ab4a547f-e75d-5601-8171-00da4efa4b57,6d807393-f4ab-5f76-b544-251eeda27ba3,2024-10-24,2024-10-31,7
56ee2955-ec0b-59d9-bea8-2cd3c65a41bf,e8aeb018-f679-5670-b210-de4f62ff2111,76d6c9f4-5d7d-53c0-bb1f-2a577383765a,c0cf5e5c-b5c9-585a-8e79-d9830bc954f6,2024-10-28,2024-10-31,3
2b6e500c-c31c-5c91-ac9e-9101b1830782,e8aeb018-f679-5670-b210-de4f62ff2111,76d6c9f4-5d7d-53c0-bb1f-2a577383765a,2082733c-4e17-51fe-bc8c-bf33d3ec5d7e,2024-10-28,2024-10-31,3
80b800f9-0f4c-5fe2-a7a4-215c78621d4e,e8aeb018-f679-5670-b210-de4f62ff2111,c6617891-56ff-5690-89a4-1ece06685ff5,2eb3a104-e572-583a-afa0-156ee0dc4cce,2024-10-22,2024-11-01,10
50f95f04-0640-5222-8759-ab16cb322797,e8aeb018-f679-5670-b210-de4f62ff2111,ab4a547f-e75d-5601-8171-00da4efa4b57,012857cc-907f-5e7d-b8fb-796d2c9f1621,2024-10-25,2024-11-01,7
29906e01-5dde-582f-a4d8-22fb03019989,e8aeb018-f679-5670-b210-de4f62ff2111,ab4a547f-e75d-5601-8171-00da4efa4b57,97d26d91-c562-5f27-9ebd-285e89c8f4bf,2024-10-25,2024-11-01,7
583d7676-76ee-57ce-a6a9-05c93b1780bb,e8aeb018-f679-5670-b210-de4f62ff2111,76d6c9f4-5d7d-53c0-bb1f-2a577383765a,d3961f5a-3ea7-53d3-89f4-78b65b0c0c6b,2024-10-30,2024-11-02,3
d0a0319d-c53e-5b74-832e-6335ce2c5e5f,e8aeb018-f679-5670-b210-de4f62ff2111,c6617891-56ff-5690-89a4-1ece06685ff5,87b859e0-789a-56e6-b1ba-4fe76221d3bf,2024-10-23,2024-11-02,10
5c8794c3-c8ca-5c45-a1fe-a84680123ad5,e8aeb018-f679-5670-b210-de4f62ff2111,ab4a547f-e75d-5601-8171-00da4efa4b57,94e18241-54bd-5516-b36f-94ab6e323aca,2024-10-26,2024-11-02,7
99195ca7-11f2-5d74-8501-036c0b4309c5,e8aeb018-f679-5670-b210-de4f62ff2111,c6617891-56ff-5690-89a4-1ece06685ff5,2eb3a104-e572-583a-afa0-156ee0dc4cce,2024-10-23,2024-11-02,10
e85bbb3a-34ca-5ac3-ac6d-711b91a1c817,e8aeb018-f679-5670-b210-de4f62ff2111,41cb90d0-d91a-57c2-b138-831be351479f,2933d8b7-2438-521b-b38d-d3a5224f87fc,2024-10-28,2024-11-02,5
de47053a-166a-576a-997d-118e923d7a8e,e8aeb018-f679-5670-b210-de4f62ff2111,41cb90d0-d91a-57c2-b138-831be351479f,2897aac2-f219-5167-b800-73fac27f6b85,2024-10-29,2024-11-03,5
ea0f0e71-8a5e-5281-beb8-0b474417a561,e8aeb018-f679-5670-b210-de4f62ff2111,41cb90d0-d91a-57c2-b138-831be351479f,d2f08f15-f9f2-5f65-a740-b05896774467,2024-10-29,2024-11-03,5
0c464cc6-c84d-5571-9244-82aba8c0e176,e8aeb018-f679-5670-b210-de4f62ff2111,c6617891-56ff-5690-89a4-1ece06685ff5,1ca3438e-9e23-58f0-a35f-f15f7a23beb9,2024-10-24,2024-11-03,10
77688a05-27a3-5897-8b96-f524cb8572be,e8aeb018-f679-5670-b210-de4f62ff2111,76d6c9f4-5d7d-53c0-bb1f-2a577383765a,d3961f5a-3ea7-53d3-89f4-78b65b0c0c6b,2024-10-31,2024-11-03,3
7dd7f3ea-beab-5760-972b-35f1ac0f8590,e8aeb018-f679-5670-b210-de4f62ff2111,41cb90d0-d91a-57c2-b138-831be351479f,82cd11ba-d1a0-58b1-b14f-edd741f36e87,2024-10-29,2024-11-03,5
2b412914-5514-5021-87f7-ba4169a1fdbe,e8aeb018-f679-5670-b210-de4f62ff2111,76d6c9f4-5d7d-53c0-bb1f-2a577383765a,c0cf5e5c-b5c9-585a-8e79-d9830bc954f6,2024-11-01,2024-11-04,3
7504df97-1c70-5a0b-8da7-43509c39863e,e8aeb018-f679-5670-b210-de4f62ff2111,41cb90d0-d91a-57c2-b138-831be351479f,82cd11ba-d1a0-58b1-b14f-edd741f36e87,2024-10-30,2024-11-04,5
90505a37-8c9a-5657-9cef-a6b59c05204e,e8aeb018-f679-5670-b210-de4f62ff2111,ab4a547f-e75d-5601-8171-00da4efa4b57,6d807393-f4ab-5f76-b544-251eeda27ba3,2024-10-28,2024-11-04,7
a99efb36-97a2-59ab-bde0-980494f320a4,e8aeb018-f679-5670-b210-de4f62ff2111,c6617891-56ff-5690-89a4-1ece06685ff5,87b859e0-789a-56e6-b1ba-4fe76221d3bf,2024-10-25,2024-11-04,10
ffd0cab7-8bb2-551c-8d58-fdfc04ab7fe7,e8aeb018-f679-5670-b210-de4f62ff2111,ab4a547f-e75d-5601-8171-00da4efa4b57,22231140-3780-5fe8-a7d4-d33f61d15111,2024-10-29,2024-11-05,7
01a8d40a-1af7-5766-8344-c462a34adc22,e8aeb018-f679-5670-b210-de4f62ff2111,76d6c9f4-5d7d-53c0-bb1f-2a577383765a,2082733c-4e17-51fe-bc8c-bf33d3ec5d7e,2024-11-02,2024-11-05,3
2f683d51-c0e4-5f13-8908-3ea16a62d7e8,e8aeb018-f679-5670-b210-de4f62ff2111,76d6c9f4-5d7d-53c0-bb1f-2a577383765a,5bbfdec8-65ae-59e6-b211-5eccb5b765fa,2024-11-02,2024-11-05,3
4c638822-5b94-5f87-af95-71334848677f,e8aeb018-f679-5670-b210-de4f62ff2111,a6f6d890-1609-53fc-b4a6-5733ccc9d078,4d9429b6-2ebf-5b5d-ac48-f779d5a1e270,2024-10-22,2024-11-05,14
64e8edd5-555e-56ad-9695-71d44cda29d0,e8aeb018-f679-5670-b210-de4f62ff2111,ab4a547f-e75d-5601-8171-00da4efa4b57,97d26d91-c562-5f27-9ebd-285e89c8f4bf,2024-10-29,2024-11-05,7
66f4a4c4-c301-560b-9c95-4780232be5b4,e8aeb018-f679-5670-b210-de4f62ff2111,76d6c9f4-5d7d-53c0-bb1f-2a577383765a,d0ae6d2d-e561-56b3-a2c1-113c1c56ae81,2024-11-02,2024-11-05,3
ac335185-7d03-5eac-bffd-fa20c3def762,e8aeb018-f679-5670-b210-de4f62ff2111,a6f6d890-1609-53fc-b4a6-5733ccc9d078,0ec23038-d3ab-588c-bbd6-1f5c744cdde1,2024-10-23,2024-11-06,14
1efea96d-96c3-5a29-a05a-cb6198042dd0,e8aeb018-f679-5670-b210-de4f62ff2111,41cb90d0-d91a-57c2-b138-831be351479f,38adf7ba-476e-5e6b-9163-781a13538253,2024-11-01,2024-11-06,5
5433534e-025e-587c-ae22-42c7a4ed991b,e8aeb018-f679-5670-b210-de4f62ff2111,41cb90d0-d91a-57c2-b138-831be351479f,6baabed2-52d7-5cb7-bf74-86c7cb3e4f07,2024-11-01,2024-11-06,5
d739fa4f-b3a2-53f3-b95e-976a3a2f7ad8,e8aeb018-f679-5670-b210-de4f62ff2111,ab4a547f-e75d-5601-8171-00da4efa4b57,94e18241-54bd-5516-b36f-94ab6e323aca,2024-10-30,2024-11-06,7
0b4f2622-d254-5f4c-b625-997ce94f6398,e8aeb018-f679-5670-b210-de4f62ff2111,c6617891-56ff-5690-89a4-1ece06685ff5,2eb3a104-e572-583a-afa0-156ee0dc4cce,2024-10-28,2024-11-07,10
55633379-e9bd-553f-88cd-6765e0c793f6,e8aeb018-f679-5670-b210-de4f62ff2111,ab4a547f-e75d-5601-8171-00da4efa4b57,012857cc-907f-5e7d-b8fb-796d2c9f1621,2024-10-31,2024-11-07,7
83ea9d35-04e8-57bf-9ec7-71b34de1c0aa,e8aeb018-f679-5670-b210-de4f62ff2111,41cb90d0-d91a-57c2-b138-831be351479f,2897aac2-f219-5167-b800-73fac27f6b85,2024-11-02,2024-11-07,5
957acf6c-09b5-5241-a47b-a35d8655dc9b,e8aeb018-f679-5670-b210-de4f62ff2111,c6617891-56ff-5690-89a4-1ece06685ff5,2eb3a104-e572-583a-afa0-156ee0dc4cce,2024-10-28,2024-11-07,10
553aadee-d3e4-51c3-aca9-c36101d4d5d4,e8aeb018-f679-5670-b210-de4f62ff2111,76d6c9f4-5d7d-53c0-bb1f-2a577383765a,d0ae6d2d-e561-56b3-a2c1-113c1c56ae81,2024-11-05,2024-11-08,3
9c3bbba2-c198-5e0c-a2b8-b4bb2ae7d34f,e8aeb018-f679-5670-b210-de4f62ff2111,a6f6d890-1609-53fc-b4a6-5733ccc9d078,1e9605fd-5682-52b6-8f05-e8a92dd44513,2024-10-25,2024-11-08,14
b4f4b764-3f1c-58e9-8d96-352933292e3d,e8aeb018-f679-5670-b210-de4f62ff2111,c6617891-56ff-5690-89a4-1ece06685ff5,87b859e0-789a-56e6-b1ba-4fe76221d3bf,2024-10-29,2024-11-08,10
53936edc-3f17-5f8b-a806-c04a8bb1ee8d,e8aeb018-f679-5670-b210-de4f62ff2111,76d6c9f4-5d7d-53c0-bb1f-2a577383765a,2082733c-4e17-51fe-bc8c-bf33d3ec5d7e,2024-11-05,2024-11-08,3
12e8ce15-95fc-56cf-a5fd-b0f78d825e56,e8aeb018-f679-5670-b210-de4f62ff2111,ab4a547f-e75d-5601-8171-00da4efa4b57,6d807393-f4ab-5f76-b544-251eeda27ba3,2024-11-02,2024-11-09,7
cf0efb60-d49c-5849-812b-b4785d2cff0a,e8aeb018-f679-5670-b210-de4f62ff2111,76d6c9f4-5d7d-53c0-bb1f-2a577383765a,d3961f5a-3ea7-53d3-89f4-78b65b0c0c6b,2024-11-06,2024-11-09,3
9226ade0-00ee-55bd-8e2c-9757ab5e1077,e8aeb018-f679-5670-b210-de4f62ff2111,ab4a547f-e75d-5601-8171-00da4efa4b57,22231140-3780-5fe8-a7d4-d33f61d15111,2024-11-02,2024-11-09,7
12a5f81d-1879-5b67-a599-a5a371d6ac1e,e8aeb018-f679-5670-b210-de4f62ff2111,41cb90d0-d91a-57c2-b138-831be351479f,d2f08f15-f9f2-5f65-a740-b05896774467,2024-11-04,2024-11-09,5
315249eb-b34b-5f60-90ee-9c7cd2c27eab,e8aeb018-f679-5670-b210-de4f62ff2111,41cb90d0-d91a-57c2-b138-831be351479f,38adf7ba-476e-5e6b-9163-781a13538253,2024-11-05,2024-11-10,5
1c9d25dd-4b72-534a-a7e2-120ccea84654,e8aeb018-f679-5670-b210-de4f62ff2111,41cb90d0-d91a-57c2-b138-831be351479f,2897aac2-f219-5167-b800-73fac27f6b85,2024-11-05,2024-11-10,5
f8bd0060-23d5-52be-b817-7e144043d4e8,e8aeb018-f679-5670-b210-de4f62ff2111,ab4a547f-e75d-5601-8171-00da4efa4b57,94e18241-54bd-5516-b36f-94ab6e323aca,2024-11-04,2024-11-11,7
7ee77cb2-7cfb-56bd-a560-c80e916df267,e8aeb018-f679-5670-b210-de4f62ff2111,c6617891-56ff-5690-89a4-1ece06685ff5,1ca3438e-9e23-58f0-a35f-f15f7a23beb9,2024-11-01,2024-11-11,10
c5ca9ee8-8a18-5433-bfb1-5d9b7a95e2eb,e8aeb018-f679-5670-b210-de4f62ff2111,a6f6d890-1609-53fc-b4a6-5733ccc9d078,1e9605fd-5682-52b6-8f05-e8a92dd44513,2024-10-28,2024-11-11,14
a57d8010-2782-5bb5-9299-808fb0e24469,e8aeb018-f679-5670-b210-de4f62ff2111,41cb90d0-d91a-57c2-b138-831be351479f,82cd11ba-d1a0-58b1-b14f-edd741f36e87,2024-11-08,2024-11-13,5
d4fc828b-cbf7-534f-80f2-9f034e88b5e2,e8aeb018-f679-5670-b210-de4f62ff2111,a6f6d890-1609-53fc-b4a6-5733ccc9d078,4d9429b6-2ebf-5b5d-ac48-f779d5a1e270,2024-10-30,2024-11-13,14
a1b7b551-ca07-56aa-bbe6-de574076a9d2,e8aeb018-f679-5670-b210-de4f62ff2111,76d6c9f4-5d7d-53c0-bb1f-2a577383765a,5bbfdec8-65ae-59e6-b211-5eccb5b765fa,2024-11-11,2024-11-14,3
c500985d-dbd5-5bbe-85cd-7719b2aa22bc,e8aeb018-f679-5670-b210-de4f62ff2111,76d6c9f4-5d7d-53c0-bb1f-2a577383765a,cd81184b-b6f1-563c-b463-36a69ddfb598,2024-11-11,2024-11-14,3
6cbdc912-0992-516f-ae0e-b4dec4f2f446,e8aeb018-f679-5670-b210-de4f62ff2111,c6617891-56ff-5690-89a4-1ece06685ff5,058c6382-bde2-59d1-93ff-20c6161a4736,2024-11-04,2024-11-14,10
66cb64b0-d0e5-548b-b383-998ff0907759,e8aeb018-f679-5670-b210-de4f62ff2111,76d6c9f4-5d7d-53c0-bb1f-2a577383765a,cd81184b-b6f1-563c-b463-36a69ddfb598,2024-11-11,2024-11-14,3
c4d1121b-e023-5824-adaf-a87f6c260cd6,e8aeb018-f679-5670-b210-de4f62ff2111,a6f6d890-1609-53fc-b4a6-5733ccc9d078,afe9d181-1c64-5cca-b4b7-a9fa24eceeea,2024-11-01,2024-11-15,14
5ba45f54-3fdd-5b54-aa64-519721490464,e8aeb018-f679-5670-b210-de4f62ff2111,a6f6d890-1609-53fc-b4a6-5733ccc9d078,0ec23038-d3ab-588c-bbd6-1f5c744cdde1,2024-11-01,2024-11-15,14
9557bee4-09f3-5a2b-aec7-45faf9b8677c,e8aeb018-f679-5670-b210-de4f62ff2111,c6617891-56ff-5690-89a4-1ece06685ff5,d9506935-1215-5499-93c0-8bdd86ab9418,2024-11-05,2024-11-15,10
45b4c77c-f098-5f0e-b3f9-39a44dff6e7e,e8aeb018-f679-5670-b210-de4f62ff2111,41cb90d0-d91a-57c2-b138-831be351479f,d2f08f15-f9f2-5f65-a740-b05896774467,2024-11-11,2024-11-16,5
640e5d30-fc37-50ef-9ba9-c2b696cb4d67,e8aeb018-f679-5670-b210-de4f62ff2111,41cb90d0-d91a-57c2-b138-831be351479f,38adf7ba-476e-5e6b-9163-781a13538253,2024-11-11,2024-11-16,5
5ed59622-76aa-549f-b7cc-2cce18bde647,e8aeb018-f679-5670-b210-de4f62ff2111,76d6c9f4-5d7d-53c0-bb1f-2a577383765a,cd81184b-b6f1-563c-b463-36a69ddfb598,2024-11-13,2024-11-16,3
c1018bdf-546f-5906-87c0-eeb3c70a1f8a,e8aeb018-f679-5670-b210-de4f62ff2111,41cb90d0-d91a-57c2-b138-831be351479f,82cd11ba-d1a0-58b1-b14f-edd741f36e87,2024-11-12,2024-11-17,5
582c0f8f-7a80-5743-a342-90fe8db75c6a,e8aeb018-f679-5670-b210-de4f62ff2111,c6617891-56ff-5690-89a4-1ece06685ff5,2eb3a104-e572-583a-afa0-156ee0dc4cce,2024-11-07,2024-11-17,10
a50cdb91-4fe3-5385-8f3d-1c612c781048,e8aeb018-f679-5670-b210-de4f62ff2111,41cb90d0-d91a-57c2-b138-831be351479f,2933d8b7-2438-521b-b38d-d3a5224f87fc,2024-11-13,2024-11-18,5
2b285396-1424-5c2c-8e22-3b43f76d9da9,e8aeb018-f679-5670-b210-de4f62ff2111,41cb90d0-d91a-57c2-b138-831be351479f,6baabed2-52d7-5cb7-bf74-86c7cb3e4f07,2024-11-13,2024-11-18,5
d164f811-acbf-531b-8abf-0907c9c977aa,e8aeb018-f679-5670-b210-de4f62ff2111,a6f6d890-1609-53fc-b4a6-5733ccc9d078,9928e9a1-d9fc-5fdd-86c2-8909352fd7fe,2024-11-04,2024-11-18,14
a743f132-5e90-56a5-b0ed-8ee4f45283b2,e8aeb018-f679-5670-b210-de4f62ff2111,76d6c9f4-5d7d-53c0-bb1f-2a577383765a,c0cf5e5c-b5c9-585a-8e79-d9830bc954f6,2024-11-15,2024-11-18,3
e8b89727-5d34-5f1a-a175-ab4359663b09,e8aeb018-f679-5670-b210-de4f62ff2111,ab4a547f-e75d-5601-8171-00da4efa4b57,97d26d91-c562-5f27-9ebd-285e89c8f4bf,2024-11-11,2024-11-18,7
aecc70ea-cc9a-5fb8-9c1b-7e8800dfd7b3,e8aeb018-f679-5670-b210-de4f62ff2111,41cb90d0-d91a-57c2-b138-831be351479f,6baabed2-52d7-5cb7-bf74-86c7cb3e4f07,2024-11-13,2024-11-18,5
9f7c6fca-2c33-5948-8868-4754c971b4c3,e8aeb018-f679-5670-b210-de4f62ff2111,a6f6d890-1609-53fc-b4a6-5733ccc9d078,4d9429b6-2ebf-5b5d-ac48-f779d5a1e270,2024-11-05,2024-11-19,14
0930dfb1-faba-50f2-a971-dc3cd9fee943,e8aeb018-f679-5670-b210-de4f62ff2111,ab4a547f-e75d-5601-8171-00da4efa4b57,6d807393-f4ab-5f76-b544-251eeda27ba3,2024-11-12,2024-11-19,7
b3c9bab4-0edb-5909-b672-e474b323d114,e8aeb018-f679-5670-b210-de4f62ff2111,41cb90d0-d91a-57c2-b138-831be351479f,2933d8b7-2438-521b-b38d-d3a5224f87fc,2024-11-14,2024-11-19,5
9b3f8651-0df7-55d8-8392-a11c5713d3f8,e8aeb018-f679-5670-b210-de4f62ff2111,a6f6d890-1609-53fc-b4a6-5733ccc9d078,983871db-adfb-543e-b438-6b00044ffb64,2024-11-05,2024-11-19,14
1bd9d014-c0dd-5444-9877-a28db6432e54,e8aeb018-f679-5670-b210-de4f62ff2111,ab4a547f-e75d-5601-8171-00da4efa4b57,22231140-3780-5fe8-a7d4-d33f61d15111,2024-11-12,2024-11-19,7
b1824fb7-608d-5e48-909f-7c9b05b29f9e,e8aeb018-f679-5670-b210-de4f62ff2111,a6f6d890-1609-53fc-b4a6-5733ccc9d078,983871db-adfb-543e-b438-6b00044ffb64,2024-11-06,2024-11-20,14
e2dd5b02-ddab-5439-a35f-fe52a746b83d,e8aeb018-f679-5670-b210-de4f62ff2111,ab4a547f-e75d-5601-8171-00da4efa4b57,22231140-3780-5fe8-a7d4-d33f61d15111,2024-11-13,2024-11-20,7
6c8685c7-f7b6-5cf6-83d4-ffb30d6e84d3,e8aeb018-f679-5670-b210-de4f62ff2111,ab4a547f-e75d-5601-8171-00da4efa4b57,97d26d91-c562-5f27-9ebd-285e89c8f4bf,2024-11-14,2024-11-21,7
50d08ec2-b299-5f17-864d-b4550e0af159,e8aeb018-f679-5670-b210-de4f62ff2111,c6617891-56ff-5690-89a4-1ece06685ff5,058c6382-bde2-59d1-93ff-20c6161a4736,2024-11-11,2024-11-21,10
97e647e3-c55f-5a72-a7cc-deb73be6d48a,e8aeb018-f679-5670-b210-de4f62ff2111,c6617891-56ff-5690-89a4-1ece06685ff5,042e2e80-f954-5df4-97be-29dd428cc598,2024-11-11,2024-11-21,10
39040077-3a32-5ee1-8e01-bd5a84bbd37a,e8aeb018-f679-5670-b210-de4f62ff2111,c6617891-56ff-5690-89a4-1ece06685ff5,d9506935-1215-5499-93c0-8bdd86ab9418,2024-11-11,2024-11-21,10
7f91638f-730f-5a37-a96c-353064cafb8e,e8aeb018-f679-5670-b210-de4f62ff2111,a6f6d890-1609-53fc-b4a6-5733ccc9d078,afe9d181-1c64-5cca-b4b7-a9fa24eceeea,2024-11-07,2024-11-21,14
2c4a3214-66f0-5fb9-85c5-8d9484df7529,e8aeb018-f679-5670-b210-de4f62ff2111,ab4a547f-e75d-5601-8171-00da4efa4b57,012857cc-907f-5e7d-b8fb-796d2c9f1621,2024-11-14,2024-11-21,7
a4fee52a-5b06-58fe-9583-8509d0b2d8ab,e8aeb018-f679-5670-b210-de4f62ff2111,c6617891-56ff-5690-89a4-1ece06685ff5,87b859e0-789a-56e6-b1ba-4fe76221d3bf,2024-11-12,2024-11-22,10
d3b40dbf-55ca-5c55-9e67-879e921bcf3f,e8aeb018-f679-5670-b210-de4f62ff2111,76d6c9f4-5d7d-53c0-bb1f-2a577383765a,d0ae6d2d-e561-56b3-a2c1-113c1c56ae81,2024-11-19,2024-11-22,3
cdd37640-7c90-58d7-8704-9cb18a7c968b,e8aeb018-f679-5670-b210-de4f62ff2111,c6617891-56ff-5690-89a4-1ece06685ff5,042e2e80-f954-5df4-97be-29dd428cc598,2024-11-13,2024-11-23,10
6186428b-f24e-51cb-8c4f-95acdc93f8a0,e8aeb018-f679-5670-b210-de4f62ff2111,c6617891-56ff-5690-89a4-1ece06685ff5,058c6382-bde2-59d1-93ff-20c6161a4736,2024-11-13,2024-11-23,10
399b7c93-d218-5e67-854d-4e404e27374f,e8aeb018-f679-5670-b210-de4f62ff2111,76d6c9f4-5d7d-53c0-bb1f-2a577383765a,2082733c-4e17-51fe-bc8c-bf33d3ec5d7e,2024-11-20,2024-11-23,3
07cd6dcf-d604-5f17-835e-c271722220b9,e8aeb018-f679-5670-b210-de4f62ff2111,c6617891-56ff-5690-89a4-1ece06685ff5,1ca3438e-9e23-58f0-a35f-f15f7a23beb9,2024-11-13,2024-11-23,10
7cc2c41f-b559-560e-b66e-f6f2968cd785,e8aeb018-f679-5670-b210-de4f62ff2111,76d6c9f4-5d7d-53c0-bb1f-2a577383765a,cd81184b-b6f1-563c-b463-36a69ddfb598,2024-11-20,2024-11-23,3
60799592-1c10-52c5-b395-198e51311ab5,e8aeb018-f679-5670-b210-de4f62ff2111,c6617891-56ff-5690-89a4-1ece06685ff5,d9506935-1215-5499-93c0-8bdd86ab9418,2024-11-13,2024-11-23,10
b2972c61-07ac-5739-8891-ea5ff32d0563,e8aeb018-f679-5670-b210-de4f62ff2111,41cb90d0-d91a-57c2-b138-831be351479f,82cd11ba-d1a0-58b1-b14f-edd741f36e87,2024-11-18,2024-11-23,5
494ad6ff-cf4b-5a37-88d6-77f5ce5029f1,e8aeb018-f679-5670-b210-de4f62ff2111,ab4a547f-e75d-5601-8171-00da4efa4b57,07371b94-955f-52a4-9bf9-f0a6ad2b4fa8,2024-11-16,2024-11-23,7
723a70b8-b8b3-5f08-8c20-c85a3f9f0de7,e8aeb018-f679-5670-b210-de4f62ff2111,76d6c9f4-5d7d-53c0-bb1f-2a577383765a,2082733c-4e17-51fe-bc8c-bf33d3ec5d7e,2024-11-20,2024-11-23,3
30f057ff-8455-500f-80c1-32a06c1d115f,e8aeb018-f679-5670-b210-de4f62ff2111,a6f6d890-1609-53fc-b4a6-5733ccc9d078,983871db-adfb-543e-b438-6b00044ffb64,2024-11-09,2024-11-23,14
9e59f149-02b9-5631-9c41-208df5848395,e8aeb018-f679-5670-b210-de4f62ff2111,a6f6d890-1609-53fc-b4a6-5733ccc9d078,0ec23038-d3ab-588c-bbd6-1f5c744cdde1,2024-11-09,2024-11-23,14
38b70f23-6ded-550a-b1ee-c1084dc43bf6,e8aeb018-f679-5670-b210-de4f62ff2111,c6617891-56ff-5690-89a4-1ece06685ff5,042e2e80-f954-5df4-97be-29dd428cc598,2024-11-13,2024-11-23,10
ba8323fa-90dc-5d76-a8a7-cf66246ca0b3,e8aeb018-f679-5670-b210-de4f62ff2111,c6617891-56ff-5690-89a4-1ece06685ff5,042e2e80-f954-5df4-97be-29dd428cc598,2024-11-14,2024-11-24,10
7f19d30c-ca36-5585-ae58-24437eda53c6,e8aeb018-f679-5670-b210-de4f62ff2111,41cb90d0-d91a-57c2-b138-831be351479f,38adf7ba-476e-5e6b-9163-781a13538253,2024-11-19,2024-11-24,5
0443ab01-3ac2-5b2a-8fea-0fdb095fcd65,e8aeb018-f679-5670-b210-de4f62ff2111,41cb90d0-d91a-57c2-b138-831be351479f,2897aac2-f219-5167-b800-73fac27f6b85,2024-11-19,2024-11-24,5
438f00bc-cbdd-5ce8-a08a-37e865ffea5d,e8aeb018-f679-5670-b210-de4f62ff2111,41cb90d0-d91a-57c2-b138-831be351479f,2933d8b7-2438-521b-b38d-d3a5224f87fc,2024-11-19,2024-11-24,5
2c11cc7a-b6fb-50a6-a6f4-62262be5787b,e8aeb018-f679-5670-b210-de4f62ff2111,76d6c9f4-5d7d-53c0-bb1f-2a577383765a,5bbfdec8-65ae-59e6-b211-5eccb5b765fa,2024-11-21,2024-11-24,3
c597f199-53f9-5eee-86b5-1ba89d6daf20,e8aeb018-f679-5670-b210-de4f62ff2111,c6617891-56ff-5690-89a4-1ece06685ff5,87b859e0-789a-56e6-b1ba-4fe76221d3bf,2024-11-14,2024-11-24,10
88e2aa53-6388-56fb-8148-d6a77a3ae665,e8aeb018-f679-5670-b210-de4f62ff2111,ab4a547f-e75d-5601-8171-00da4efa4b57,07371b94-955f-52a4-9bf9-f0a6ad2b4fa8,2024-11-18,2024-11-25,7
6e1b3096-46f4-57db-b96b-f185723d7efb,e8aeb018-f679-5670-b210-de4f62ff2111,76d6c9f4-5d7d-53c0-bb1f-2a577383765a,5bbfdec8-65ae-59e6-b211-5eccb5b765fa,2024-11-22,2024-11-25,3
fd430234-c0a8-586c-beec-fd56fcbe4cd3,e8aeb018-f679-5670-b210-de4f62ff2111,76d6c9f4-5d7d-53c0-bb1f-2a577383765a,d0ae6d2d-e561-56b3-a2c1-113c1c56ae81,2024-11-22,2024-11-25,3
905c0693-1eef-5e0f-bbcf-84f047b0ca5b,e8aeb018-f679-5670-b210-de4f62ff2111,c6617891-56ff-5690-89a4-1ece06685ff5,058c6382-bde2-59d1-93ff-20c6161a4736,2024-11-15,2024-11-25,10
0eb15b70-5eb2-5e1a-a9dd-bcdc567f3b47,e8aeb018-f679-5670-b210-de4f62ff2111,a6f6d890-1609-53fc-b4a6-5733ccc9d078,983871db-adfb-543e-b438-6b00044ffb64,2024-11-12,2024-11-26,14
4a170e53-beba-5742-9b1f-e3ec902c0145,e8aeb018-f679-5670-b210-de4f62ff2111,41cb90d0-d91a-57c2-b138-831be351479f,d2f08f15-f9f2-5f65-a740-b05896774467,2024-11-21,2024-11-26,5
30da2a8a-a8d9-511a-92ac-7a183fdf5b9f,e8aeb018-f679-5670-b210-de4f62ff2111,41cb90d0-d91a-57c2-b138-831be351479f,6baabed2-52d7-5cb7-bf74-86c7cb3e4f07,2024-11-21,2024-11-26,5
8ae9a6cd-9ffe-588d-b195-6dbe3bcb6478,e8aeb018-f679-5670-b210-de4f62ff2111,ab4a547f-e75d-5601-8171-00da4efa4b57,07371b94-955f-52a4-9bf9-f0a6ad2b4fa8,2024-11-19,2024-11-26,7
8691b1e4-682b-5f20-b135-6d934a2bca3a,e8aeb018-f679-5670-b210-de4f62ff2111,ab4a547f-e75d-5601-8171-00da4efa4b57,94e18241-54bd-5516-b36f-94ab6e323aca,2024-11-19,2024-11-26,7
42c2f91b-eabe-55c9-8d8d-18afb72a76fd,e8aeb018-f679-5670-b210-de4f62ff2111,a6f6d890-1609-53fc-b4a6-5733ccc9d078,983871db-adfb-543e-b438-6b00044ffb64,2024-11-12,2024-11-26,14
1fbad3a9-4b34-5da0-93f5-c766fce08296,e8aeb018-f679-5670-b210-de4f62ff2111,ab4a547f-e75d-5601-8171-00da4efa4b57,97d26d91-c562-5f27-9ebd-285e89c8f4bf,2024-11-20,2024-11-27,7
e7dccf18-4c44-51ea-8d6d-9eaf43ff778f,e8aeb018-f679-5670-b210-de4f62ff2111,a6f6d890-1609-53fc-b4a6-5733ccc9d078,4d9429b6-2ebf-5b5d-ac48-f779d5a1e270,2024-11-13,2024-11-27,14
0ccb881b-18a6-5ff6-8a08-744d9267c7ec,e8aeb018-f679-5670-b210-de4f62ff2111,c6617891-56ff-5690-89a4-1ece06685ff5,87b859e0-789a-56e6-b1ba-4fe76221d3bf,2024-11-18,2024-11-28,10
6d179fe7-eeff-5cd4-9344-9cfdea54d598,e8aeb018-f679-5670-b210-de4f62ff2111,76d6c9f4-5d7d-53c0-bb1f-2a577383765a,c0cf5e5c-b5c9-585a-8e79-d9830bc954f6,2024-11-25,2024-11-28,3
18e2f21b-3bdd-5b93-984e-96ca708e26a9,e8aeb018-f679-5670-b210-de4f62ff2111,ab4a547f-e75d-5601-8171-00da4efa4b57,94e18241-54bd-5516-b36f-94ab6e323aca,2024-11-21,2024-11-28,7
8c27518c-054f-5771-a354-3832573f7f5a,e8aeb018-f679-5670-b210-de4f62ff2111,a6f6d890-1609-53fc-b4a6-5733ccc9d078,9928e9a1-d9fc-5fdd-86c2-8909352fd7fe,2024-11-14,2024-11-28,14
d3bff420-596a-5541-95e1-c6af10877914,e8aeb018-f679-5670-b210-de4f62ff2111,a6f6d890-1609-53fc-b4a6-5733ccc9d078,afe9d181-1c64-5cca-b4b7-a9fa24eceeea,2024-11-15,2024-11-29,14
12f1cad3-0e9b-533f-9cf3-82200886b24a,e8aeb018-f679-5670-b210-de4f62ff2111,76d6c9f4-5d7d-53c0-bb1f-2a577383765a,cd81184b-b6f1-563c-b463-36a69ddfb598,2024-11-26,2024-11-29,3
009d542e-5788-5c1a-808c-1eb140bc15c3,e8aeb018-f679-5670-b210-de4f62ff2111,ab4a547f-e75d-5601-8171-00da4efa4b57,012857cc-907f-5e7d-b8fb-796d2c9f1621,2024-11-22,2024-11-29,7
7267f70c-df9d-5ee7-8ee3-574edcd02a62,e8aeb018-f679-5670-b210-de4f62ff2111,76d6c9f4-5d7d-53c0-bb1f-2a577383765a,d3961f5a-3ea7-53d3-89f4-78b65b0c0c6b,2024-11-26,2024-11-29,3
78c7288d-daf7-5776-92cb-3ae8db01702b,e8aeb018-f679-5670-b210-de4f62ff2111,76d6c9f4-5d7d-53c0-bb1f-2a577383765a,c0cf5e5c-b5c9-585a-8e79-d9830bc954f6,2024-11-26,2024-11-29,3
b94640d4-ab93-5531-8d2f-5fef7f4d3061,e8aeb018-f679-5670-b210-de4f62ff2111,76d6c9f4-5d7d-53c0-bb1f-2a577383765a,d3961f5a-3ea7-53d3-89f4-78b65b0c0c6b,2024-11-27,2024-11-30,3
5147da6d-986f-5923-b41b-a9b00439eb9d,e8aeb018-f679-5670-b210-de4f62ff2111,76d6c9f4-5d7d-53c0-bb1f-2a577383765a,c0cf5e5c-b5c9-585a-8e79-d9830bc954f6,2024-11-27,2024-11-30,3
f9581660-862b-5fde-9671-6b426687a0c2,e8aeb018-f679-5670-b210-de4f62ff2111,41cb90d0-d91a-57c2-b138-831be351479f,2933d8b7-2438-521b-b38d-d3a5224f87fc,2024-11-25,2024-11-30,5
83451e45-b918-5985-8fe3-42b871f56abb,e8aeb018-f679-5670-b210-de4f62ff2111,41cb90d0-d91a-57c2-b138-831be351479f,2933d8b7-2438-521b-b38d-d3a5224f87fc,2024-11-25,2024-11-30,5
1b13bd7d-3c5a-5020-8aa0-3416cf8f80f3,e8aeb018-f679-5670-b210-de4f62ff2111,76d6c9f4-5d7d-53c0-bb1f-2a577383765a,d0ae6d2d-e561-56b3-a2c1-113c1c56ae81,2024-11-28,2024-12-01,3
420a3de0-6885-5159-815b-b0d5dddad2a8,e8aeb018-f679-5670-b210-de4f62ff2111,41cb90d0-d91a-57c2-b138-831be351479f,38adf7ba-476e-5e6b-9163-781a13538253,2024-11-26,2024-12-01,5
029f9050-9a62-5559-8411-7b2284ddc5c5,e8aeb018-f679-5670-b210-de4f62ff2111,41cb90d0-d91a-57c2-b138-831be351479f,d2f08f15-f9f2-5f65-a740-b05896774467,2024-11-26,2024-12-01,5
f631d8c6-148c-598e-8a26-77eddea58b85,e8aeb018-f679-5670-b210-de4f62ff2111,41cb90d0-d91a-57c2-b138-831be351479f,6baabed2-52d7-5cb7-bf74-86c7cb3e4f07,2024-11-26,2024-12-01,5
ea7cbffd-5372-5a67-84f4-9ae74d79913e,e8aeb018-f679-5670-b210-de4f62ff2111,ab4a547f-e75d-5601-8171-00da4efa4b57,012857cc-907f-5e7d-b8fb-796d2c9f1621,2024-11-25,2024-12-02,7
064e199a-2f2a-5cef-a3d3-86d24340da1f,e8aeb018-f679-5670-b210-de4f62ff2111,a6f6d890-1609-53fc-b4a6-5733ccc9d078,1e9605fd-5682-52b6-8f05-e8a92dd44513,2024-11-18,2024-12-02,14
8e95a4ea-6dd6-5677-97b3-94855b333ed4,e8aeb018-f679-5670-b210-de4f62ff2111,ab4a547f-e75d-5601-8171-00da4efa4b57,07371b94-955f-52a4-9bf9-f0a6ad2b4fa8,2024-11-25,2024-12-02,7
0a005e9a-06eb-555c-819e-d4ed328e7a75,e8aeb018-f679-5670-b210-de4f62ff2111,ab4a547f-e75d-5601-8171-00da4efa4b57,94e18241-54bd-5516-b36f-94ab6e323aca,2024-11-25,2024-12-02,7
6564f9bf-74d6-5ed3-9af5-547cbc93a01f,e8aeb018-f679-5670-b210-de4f62ff2111,a6f6d890-1609-53fc-b4a6-5733ccc9d078,0ec23038-d3ab-588c-bbd6-1f5c744cdde1,2024-11-18,2024-12-02,14
a87f8744-9f5f-52e0-826a-698046a7e54a,e8aeb018-f679-5670-b210-de4f62ff2111,a6f6d890-1609-53fc-b4a6-5733ccc9d078,1e9605fd-5682-52b6-8f05-e8a92dd44513,2024-11-18,2024-12-02,14
caed9c4e-21bd-545a-a3ea-470a6da1dea8,e8aeb018-f679-5670-b210-de4f62ff2111,41cb90d0-d91a-57c2-b138-831be351479f,38adf7ba-476e-5e6b-9163-781a13538253,2024-11-28,2024-12-03,5
e8a6f9ba-10a5-5559-a35c-9acf2a626094,e8aeb018-f679-5670-b210-de4f62ff2111,76d6c9f4-5d7d-53c0-bb1f-2a577383765a,d3961f5a-3ea7-53d3-89f4-78b65b0c0c6b,2024-11-30,2024-12-03,3
6e030e9e-bd7b-5a70-9e79-dcee6a2b5fde,e8aeb018-f679-5670-b210-de4f62ff2111,ab4a547f-e75d-5601-8171-00da4efa4b57,6d807393-f4ab-5f76-b544-251eeda27ba3,2024-11-26,2024-12-03,7
180e52de-9ca6-5b5c-92eb-a11b2d831f65,e8aeb018-f679-5670-b210-de4f62ff2111,41cb90d0-d91a-57c2-b138-831be351479f,38adf7ba-476e-5e6b-9163-781a13538253,2024-11-28,2024-12-03,5
ce7d776c-95ac-53eb-931a-112044367766,e8aeb018-f679-5670-b210-de4f62ff2111,ab4a547f-e75d-5601-8171-00da4efa4b57,22231140-3780-5fe8-a7d4-d33f61d15111,2024-11-28,2024-12-05,7
b459af72-6822-573b-924e-e100842f00f0,e8aeb018-f679-5670-b210-de4f62ff2111,c6617891-56ff-5690-89a4-1ece06685ff5,1ca3438e-9e23-58f0-a35f-f15f7a23beb9,2024-11-25,2024-12-05,10
2849c191-3f74-5190-a501-eb1c72bccbed,e8aeb018-f679-5670-b210-de4f62ff2111,41cb90d0-d91a-57c2-b138-831be351479f,d2f08f15-f9f2-5f65-a740-b05896774467,2024-11-30,2024-12-05,5
2dbae43e-99e4-50e3-ac22-a9ca21a5f8d9,e8aeb018-f679-5670-b210-de4f62ff2111,c6617891-56ff-5690-89a4-1ece06685ff5,1ca3438e-9e23-58f0-a35f-f15f7a23beb9,2024-11-25,2024-12-05,10
289a1df4-ea6a-5261-b775-64296a8c3f7d,e8aeb018-f679-5670-b210-de4f62ff2111,ab4a547f-e75d-5601-8171-00da4efa4b57,6d807393-f4ab-5f76-b544-251eeda27ba3,2024-11-28,2024-12-05,7
347d1912-1af0-5be0-b2a7-487dc18fcf6a,e8aeb018-f679-5670-b210-de4f62ff2111,76d6c9f4-5d7d-53c0-bb1f-2a577383765a,5bbfdec8-65ae-59e6-b211-5eccb5b765fa,2024-12-02,2024-12-05,3
7f297860-e7a1-51c7-93e1-130e7fd57a62,e8aeb018-f679-5670-b210-de4f62ff2111,c6617891-56ff-5690-89a4-1ece06685ff5,87b859e0-789a-56e6-b1ba-4fe76221d3bf,2024-11-25,2024-12-05,10
18df96d6-8b79-57c8-bdca-d2bab0aed19c,e8aeb018-f679-5670-b210-de4f62ff2111,ab4a547f-e75d-5601-8171-00da4efa4b57,97d26d91-c562-5f27-9ebd-285e89c8f4bf,2024-11-28,2024-12-05,7
147a3892-d6c9-522f-9878-668ce6517d7e,e8aeb018-f679-5670-b210-de4f62ff2111,c6617891-56ff-5690-89a4-1ece06685ff5,2eb3a104-e572-583a-afa0-156ee0dc4cce,2024-11-26,2024-12-06,10
ced19630-89ae-57da-9824-7aaeb1c780d9,e8aeb018-f679-5670-b210-de4f62ff2111,ab4a547f-e75d-5601-8171-00da4efa4b57,012857cc-907f-5e7d-b8fb-796d2c9f1621,2024-11-29,2024-12-06,7
48e82f4c-d5ac-502f-92cd-8be1c1537560,e8aeb018-f679-5670-b210-de4f62ff2111,c6617891-56ff-5690-89a4-1ece06685ff5,058c6382-bde2-59d1-93ff-20c6161a4736,2024-11-26,2024-12-06,10
0c7c382f-9a38-5419-9364-165d6f80fa5d,e8aeb018-f679-5670-b210-de4f62ff2111,ab4a547f-e75d-5601-8171-00da4efa4b57,22231140-3780-5fe8-a7d4-d33f61d15111,2024-11-29,2024-12-06,7
5cb75646-69fe-5f73-a160-79cdf13a09ce,e8aeb018-f679-5670-b210-de4f62ff2111,76d6c9f4-5d7d-53c0-bb1f-2a577383765a,d3961f5a-3ea7-53d3-89f4-78b65b0c0c6b,2024-12-03,2024-12-06,3
c58ca70d-0902-5179-b106-c7685543f165,e8aeb018-f679-5670-b210-de4f62ff2111,c6617891-56ff-5690-89a4-1ece06685ff5,1ca3438e-9e23-58f0-a35f-f15f7a23beb9,2024-11-26,2024-12-06,10
f094269e-890d-58e2-8052-bd57d68924b7,e8aeb018-f679-5670-b210-de4f62ff2111,76d6c9f4-5d7d-53c0-bb1f-2a577383765a,2082733c-4e17-51fe-bc8c-bf33d3ec5d7e,2024-12-04,2024-12-07,3
8b48d0f4-15e0-516b-befc-4bed65d46681,e8aeb018-f679-5670-b210-de4f62ff2111,41cb90d0-d91a-57c2-b138-831be351479f,2897aac2-f219-5167-b800-73fac27f6b85,2024-12-03,2024-12-08,5
6fb8fc41-fd50-594b-851f-b65a1918b254,e8aeb018-f679-5670-b210-de4f62ff2111,a6f6d890-1609-53fc-b4a6-5733ccc9d078,9928e9a1-d9fc-5fdd-86c2-8909352fd7fe,2024-11-25,2024-12-09,14
651b9388-5b37-59f4-8883-f7f52d6dbc58,e8aeb018-f679-5670-b210-de4f62ff2111,a6f6d890-1609-53fc-b4a6-5733ccc9d078,1e9605fd-5682-52b6-8f05-e8a92dd44513,2024-11-25,2024-12-09,14
1f924235-6647-5f25-b76c-4a72f07344c5,e8aeb018-f679-5670-b210-de4f62ff2111,ab4a547f-e75d-5601-8171-00da4efa4b57,012857cc-907f-5e7d-b8fb-796d2c9f1621,2024-12-02,2024-12-09,7
85e73f1e-067c-52e1-9132-fc9f22621eac,e8aeb018-f679-5670-b210-de4f62ff2111,c6617891-56ff-5690-89a4-1ece06685ff5,042e2e80-f954-5df4-97be-29dd428cc598,2024-11-29,2024-12-09,10
fdbb32ba-30f4-5805-afa9-bfeec0fddf87,e8aeb018-f679-5670-b210-de4f62ff2111,41cb90d0-d91a-57c2-b138-831be351479f,82cd11ba-d1a0-58b1-b14f-edd741f36e87,2024-12-04,2024-12-09,5
2fa5e11e-555b-54e7-9bdb-49b37f3bc821,e8aeb018-f679-5670-b210-de4f62ff2111,ab4a547f-e75d-5601-8171-00da4efa4b57,94e18241-54bd-5516-b36f-94ab6e323aca,2024-12-03,2024-12-10,7
b08d0f8d-b468-535b-be8e-0d996c6cedcb,e8aeb018-f679-5670-b210-de4f62ff2111,a6f6d890-1609-53fc-b4a6-5733ccc9d078,0ec23038-d3ab-588c-bbd6-1f5c744cdde1,2024-11-26,2024-12-10,14
fe8704e9-c37f-5846-852b-a77a0a75df64,e8aeb018-f679-5670-b210-de4f62ff2111,c6617891-56ff-5690-89a4-1ece06685ff5,d9506935-1215-5499-93c0-8bdd86ab9418,2024-11-30,2024-12-10,10
0f2d1332-b217-5173-a670-be56ff09274a,e8aeb018-f679-5670-b210-de4f62ff2111,41cb90d0-d91a-57c2-b138-831be351479f,82cd11ba-d1a0-58b1-b14f-edd741f36e87,2024-12-05,2024-12-10,5
99b15d56-d9cd-5ca1-9ad2-d100ec0765a5,e8aeb018-f679-5670-b210-de4f62ff2111,41cb90d0-d91a-57c2-b138-831be351479f,38adf7ba-476e-5e6b-9163-781a13538253,2024-12-05,2024-12-10,5
67de4dd8-f3f0-5e30-a4c0-4ce228a2f0dd,e8aeb018-f679-5670-b210-de4f62ff2111,ab4a547f-e75d-5601-8171-00da4efa4b57,94e18241-54bd-5516-b36f-94ab6e323aca,2024-12-04,2024-12-11,7
4c475429-b1e6-5574-b7cc-094fc0ae08bb,e8aeb018-f679-5670-b210-de4f62ff2111,76d6c9f4-5d7d-53c0-bb1f-2a577383765a,5bbfdec8-65ae-59e6-b211-5eccb5b765fa,2024-12-09,2024-12-12,3
c4ee8f17-14cc-5168-aa1e-97737e5987eb,e8aeb018-f679-5670-b210-de4f62ff2111,76d6c9f4-5d7d-53c0-bb1f-2a577383765a,c0cf5e5c-b5c9-585a-8e79-d9830bc954f6,2024-12-09,2024-12-12,3
fe63a3d3-f04f-5bb2-b8f2-3c68cdd28654,e8aeb018-f679-5670-b210-de4f62ff2111,a6f6d890-1609-53fc-b4a6-5733ccc9d078,4d9429b6-2ebf-5b5d-ac48-f779d5a1e270,2024-11-28,2024-12-12,14
63c7d59d-3519-5d5f-aa5b-382829b9adfd,e8aeb018-f679-5670-b210-de4f62ff2111,41cb90d0-d91a-57c2-b138-831be351479f,d2f08f15-f9f2-5f65-a740-b05896774467,2024-12-07,2024-12-12,5
c1ddbb88-5352-5f06-99b0-2342637afe9e,e8aeb018-f679-5670-b210-de4f62ff2111,76d6c9f4-5d7d-53c0-bb1f-2a577383765a,d0ae6d2d-e561-56b3-a2c1-113c1c56ae81,2024-12-10,2024-12-13,3
0acdd6b0-40a2-5542-972e-003d008dd84b,e8aeb018-f679-5670-b210-de4f62ff2111,c6617891-56ff-5690-89a4-1ece06685ff5,d9506935-1215-5499-93c0-8bdd86ab9418,2024-12-03,2024-12-13,10
e3a518be-8664-5a37-a60b-311f8358464b,e8aeb018-f679-5670-b210-de4f62ff2111,ab4a547f-e75d-5601-8171-00da4efa4b57,22231140-3780-5fe8-a7d4-d33f61d15111,2024-12-06,2024-12-13,7
473beff9-6246-5a38-a3de-a2876bab29e6,e8aeb018-f679-5670-b210-de4f62ff2111,a6f6d890-1609-53fc-b4a6-5733ccc9d078,4d9429b6-2ebf-5b5d-ac48-f779d5a1e270,2024-11-29,2024-12-13,14
56362af0-265b-5d22-bfd7-9b1938134d93,e8aeb018-f679-5670-b210-de4f62ff2111,ab4a547f-e75d-5601-8171-00da4efa4b57,6d807393-f4ab-5f76-b544-251eeda27ba3,2024-12-06,2024-12-13,7
a3208b3b-0fb1-5210-8108-a8bbf6264158,e8aeb018-f679-5670-b210-de4f62ff2111,76d6c9f4-5d7d-53c0-bb1f-2a577383765a,2082733c-4e17-51fe-bc8c-bf33d3ec5d7e,2024-12-10,2024-12-13,3
3dd003c9-3284-55dc-8732-5518eb186775,e8aeb018-f679-5670-b210-de4f62ff2111,c6617891-56ff-5690-89a4-1ece06685ff5,2eb3a104-e572-583a-afa0-156ee0dc4cce,2024-12-03,2024-12-13,10
0d444a0e-cb3a-516a-869b-4d3a2d5a8d81,e8aeb018-f679-5670-b210-de4f62ff2111,a6f6d890-1609-53fc-b4a6-5733ccc9d078,9928e9a1-d9fc-5fdd-86c2-8909352fd7fe,2024-11-29,2024-12-13,14
b9d460bc-2b24-555e-80fb-bcf984213555,e8aeb018-f679-5670-b210-de4f62ff2111,a6f6d890-1609-53fc-b4a6-5733ccc9d078,9928e9a1-d9fc-5fdd-86c2-8909352fd7fe,2024-11-30,2024-12-14,14
5fc80fd9-468c-548d-80c1-f1016ba653e1,e8aeb018-f679-5670-b210-de4f62ff2111,ab4a547f-e75d-5601-8171-00da4efa4b57,07371b94-955f-52a4-9bf9-f0a6ad2b4fa8,2024-12-07,2024-12-14,7
2f6d5439-7152-5905-92aa-da43a3f0a9eb,e8aeb018-f679-5670-b210-de4f62ff2111,c6617891-56ff-5690-89a4-1ece06685ff5,2eb3a104-e572-583a-afa0-156ee0dc4cce,2024-12-04,2024-12-14,10
d774d0d9-2929-5976-b30b-738f091b7613,e8aeb018-f679-5670-b210-de4f62ff2111,41cb90d0-d91a-57c2-b138-831be351479f,82cd11ba-d1a0-58b1-b14f-edd741f36e87,2024-12-10,2024-12-15,5
3b87da79-1fce-54f7-875c-883dd389ea7a,e8aeb018-f679-5670-b210-de4f62ff2111,41cb90d0-d91a-57c2-b138-831be351479f,6baabed2-52d7-5cb7-bf74-86c7cb3e4f07,2024-12-10,2024-12-15,5
43e9036f-d412-5bed-b1ff-d009399e80f0,e8aeb018-f679-5670-b210-de4f62ff2111,76d6c9f4-5d7d-53c0-bb1f-2a577383765a,d3961f5a-3ea7-53d3-89f4-78b65b0c0c6b,2024-12-12,2024-12-15,3
ef55a9b7-cbbd-5691-bbfb-bc63970e7524,e8aeb018-f679-5670-b210-de4f62ff2111,41cb90d0-d91a-57c2-b138-831be351479f,82cd11ba-d1a0-58b1-b14f-edd741f36e87,2024-12-10,2024-12-15,5
afc45029-192c-5bd1-a0d5-0e68cdd35a99,e8aeb018-f679-5670-b210-de4f62ff2111,76d6c9f4-5d7d-53c0-bb1f-2a577383765a,cd81184b-b6f1-563c-b463-36a69ddfb598,2024-12-13,2024-12-16,3
4f9ca020-1ca1-54d5-a687-dfa4673ffea5,e8aeb018-f679-5670-b210-de4f62ff2111,76d6c9f4-5d7d-53c0-bb1f-2a577383765a,5bbfdec8-65ae-59e6-b211-5eccb5b765fa,2024-12-13,2024-12-16,3
c08b0056-475a-56d6-abed-91cd523cdf86,e8aeb018-f679-5670-b210-de4f62ff2111,76d6c9f4-5d7d-53c0-bb1f-2a577383765a,d0ae6d2d-e561-56b3-a2c1-113c1c56ae81,2024-12-13,2024-12-16,3
8a4b6392-270e-5788-b4b6-fe136e531c59,e8aeb018-f679-5670-b210-de4f62ff2111,c6617891-56ff-5690-89a4-1ece06685ff5,1ca3438e-9e23-58f0-a35f-f15f7a23beb9,2024-12-06,2024-12-16,10
65a37e44-5a3e-5a49-ac4f-239ae84af66c,e8aeb018-f679-5670-b210-de4f62ff2111,a6f6d890-1609-53fc-b4a6-5733ccc9d078,afe9d181-1c64-5cca-b4b7-a9fa24eceeea,2024-12-02,2024-12-16,14
34e5addd-0520-5ec8-8e42-2ada4d85b91c,e8aeb018-f679-5670-b210-de4f62ff2111,41cb90d0-d91a-57c2-b138-831be351479f,2897aac2-f219-5167-b800-73fac27f6b85,2024-12-11,2024-12-16,5
2ae0fa31-2c58-570b-9e8f-5b443a1ad31c,e8aeb018-f679-5670-b210-de4f62ff2111,ab4a547f-e75d-5601-8171-00da4efa4b57,97d26d91-c562-5f27-9ebd-285e89c8f4bf,2024-12-10,2024-12-17,7
6e416242-e0dc-534d-9727-d7a6bd81bb6e,e8aeb018-f679-5670-b210-de4f62ff2111,a6f6d890-1609-53fc-b4a6-5733ccc9d078,0ec23038-d3ab-588c-bbd6-1f5c744cdde1,2024-12-03,2024-12-17,14
004f38b4-a3a1-562a-a00d-5e69ef61a2e8,e8aeb018-f679-5670-b210-de4f62ff2111,ab4a547f-e75d-5601-8171-00da4efa4b57,6d807393-f4ab-5f76-b544-251eeda27ba3,2024-12-10,2024-12-17,7
c29f7c8e-740b-5261-b3cf-f9725ccb2424,e8aeb018-f679-5670-b210-de4f62ff2111,76d6c9f4-5d7d-53c0-bb1f-2a577383765a,cd81184b-b6f1-563c-b463-36a69ddfb598,2024-12-14,2024-12-17,3
de69e875-9fee-5fd5-98d9-d66cf46d147b,e8aeb018-f679-5670-b210-de4f62ff2111,76d6c9f4-5d7d-53c0-bb1f-2a577383765a,2082733c-4e17-51fe-bc8c-bf33d3ec5d7e,2024-12-14,2024-12-17,3
556825f1-0815-5073-b952-ba1605c0d1e2,e8aeb018-f679-5670-b210-de4f62ff2111,41cb90d0-d91a-57c2-b138-831be351479f,38adf7ba-476e-5e6b-9163-781a13538253,2024-12-13,2024-12-18,5
480f7256-07fb-553f-beb2-a13e4517e186,e8aeb018-f679-5670-b210-de4f62ff2111,ab4a547f-e75d-5601-8171-00da4efa4b57,97d26d91-c562-5f27-9ebd-285e89c8f4bf,2024-12-11,2024-12-18,7
5c5aad47-595a-5638-b821-aad84f515910,e8aeb018-f679-5670-b210-de4f62ff2111,ab4a547f-e75d-5601-8171-00da4efa4b57,6d807393-f4ab-5f76-b544-251eeda27ba3,2024-12-12,2024-12-19,7
082a6fbb-c6d4-5c54-924e-58d91c8749c4,e8aeb018-f679-5670-b210-de4f62ff2111,a6f6d890-1609-53fc-b4a6-5733ccc9d078,afe9d181-1c64-5cca-b4b7-a9fa24eceeea,2024-12-06,2024-12-20,14
77365bbb-1301-517d-ac7e-d96ad980f583,e8aeb018-f679-5670-b210-de4f62ff2111,c6617891-56ff-5690-89a4-1ece06685ff5,058c6382-bde2-59d1-93ff-20c6161a4736,2024-12-10,2024-12-20,10
fea375cb-5ade-5ed8-bce1-4aecab2f18d7,e8aeb018-f679-5670-b210-de4f62ff2111,41cb90d0-d91a-57c2-b138-831be351479f,d2f08f15-f9f2-5f65-a740-b05896774467,2024-12-16,2024-12-21,5
03341d88-d74a-54e7-927f-ae348b41b81c,e8aeb018-f679-5670-b210-de4f62ff2111,41cb90d0-d91a-57c2-b138-831be351479f,6baabed2-52d7-5cb7-bf74-86c7cb3e4f07,2024-12-16,2024-12-21,5
d14e7db1-80a9-500c-b65e-a34f7dd6902d,e8aeb018-f679-5670-b210-de4f62ff2111,ab4a547f-e75d-5601-8171-00da4efa4b57,22231140-3780-5fe8-a7d4-d33f61d15111,2024-12-14,2024-12-21,7
862b0fba-5897-5b31-be41-74f2ca813e58,e8aeb018-f679-5670-b210-de4f62ff2111,76d6c9f4-5d7d-53c0-bb1f-2a577383765a,cd81184b-b6f1-563c-b463-36a69ddfb598,2024-12-19,2024-12-22,3
0c4749f1-9d16-5a86-931e-bb730202d67c,e8aeb018-f679-5670-b210-de4f62ff2111,c6617891-56ff-5690-89a4-1ece06685ff5,87b859e0-789a-56e6-b1ba-4fe76221d3bf,2024-12-12,2024-12-22,10
1c8fab01-b653-5812-b335-afa28b24b157,e8aeb018-f679-5670-b210-de4f62ff2111,76d6c9f4-5d7d-53c0-bb1f-2a577383765a,c0cf5e5c-b5c9-585a-8e79-d9830bc954f6,2024-12-19,2024-12-22,3
53704955-61b1-5c0d-a83f-cf1e04b2ecbd,e8aeb018-f679-5670-b210-de4f62ff2111,41cb90d0-d91a-57c2-b138-831be351479f,2933d8b7-2438-521b-b38d-d3a5224f87fc,2024-12-18,2024-12-23,5
c945b8e2-ff78-5762-aa7b-5625302aa84a,e8aeb018-f679-5670-b210-de4f62ff2111,41cb90d0-d91a-57c2-b138-831be351479f,38adf7ba-476e-5e6b-9163-781a13538253,2024-12-18,2024-12-23,5
5fc851d8-a9a5-573f-9604-fb5e2f445b8f,e8aeb018-f679-5670-b210-de4f62ff2111,41cb90d0-d91a-57c2-b138-831be351479f,2897aac2-f219-5167-b800-73fac27f6b85,2024-12-18,2024-12-23,5
91f9b1f9-8a68-5da7-894e-8b1748cd4a61,e8aeb018-f679-5670-b210-de4f62ff2111,a6f6d890-1609-53fc-b4a6-5733ccc9d078,1e9605fd-5682-52b6-8f05-e8a92dd44513,2024-12-09,2024-12-23,14
271d77f6-791f-51b5-add6-f180a950d8b0,e8aeb018-f679-5670-b210-de4f62ff2111,ab4a547f-e75d-5601-8171-00da4efa4b57,94e18241-54bd-5516-b36f-94ab6e323aca,2024-12-16,2024-12-23,7
3958d9f7-8fd0-5954-9157-beaf41471c8a,e8aeb018-f679-5670-b210-de4f62ff2111,41cb90d0-d91a-57c2-b138-831be351479f,2897aac2-f219-5167-b800-73fac27f6b85,2024-12-18,2024-12-23,5
7f431479-53c2-594e-94d2-9d435e8f447a,e8aeb018-f679-5670-b210-de4f62ff2111,76d6c9f4-5d7d-53c0-bb1f-2a577383765a,c0cf5e5c-b5c9-585a-8e79-d9830bc954f6,2024-12-21,2024-12-24,3
bbd384c5-92ab-59fd-bec9-4cf841f43bd5,e8aeb018-f679-5670-b210-de4f62ff2111,ab4a547f-e75d-5601-8171-00da4efa4b57,94e18241-54bd-5516-b36f-94ab6e323aca,2024-12-17,2024-12-24,7
7cbd2136-1548-5cdf-9db7-33d1a9da31ef,e8aeb018-f679-5670-b210-de4f62ff2111,c6617891-56ff-5690-89a4-1ece06685ff5,2eb3a104-e572-583a-afa0-156ee0dc4cce,2024-12-14,2024-12-24,10
fafc34a6-8673-5aae-8b84-b9c1e845fd80,e8aeb018-f679-5670-b210-de4f62ff2111,41cb90d0-d91a-57c2-b138-831be351479f,2933d8b7-2438-521b-b38d-d3a5224f87fc,2024-12-19,2024-12-24,5
95376c83-f7fa-53f9-99b2-f72ba1902e0b,e8aeb018-f679-5670-b210-de4f62ff2111,ab4a547f-e75d-5601-8171-00da4efa4b57,94e18241-54bd-5516-b36f-94ab6e323aca,2024-12-17,2024-12-24,7
c27cbf46-103e-5381-83e2-26b940f52a1f,e8aeb018-f679-5670-b210-de4f62ff2111,41cb90d0-d91a-57c2-b138-831be351479f,d2f08f15-f9f2-5f65-a740-b05896774467,2024-12-20,2024-12-25,5
6fba290e-858b-54d8-a05d-b6367577a79f,e8aeb018-f679-5670-b210-de4f62ff2111,a6f6d890-1609-53fc-b4a6-5733ccc9d078,9928e9a1-d9fc-5fdd-86c2-8909352fd7fe,2024-12-11,2024-12-25,14
b3c2b644-e4f8-5d52-a538-ee5096532308,e8aeb018-f679-5670-b210-de4f62ff2111,41cb90d0-d91a-57c2-b138-831be351479f,6baabed2-52d7-5cb7-bf74-86c7cb3e4f07,2024-12-20,2024-12-25,5
12dfaba5-3bea-5f35-a56e-9a36e85bb8cb,e8aeb018-f679-5670-b210-de4f62ff2111,ab4a547f-e75d-5601-8171-00da4efa4b57,012857cc-907f-5e7d-b8fb-796d2c9f1621,2024-12-18,2024-12-25,7
0a50369d-e232-5846-8586-1431510d804c,e8aeb018-f679-5670-b210-de4f62ff2111,76d6c9f4-5d7d-53c0-bb1f-2a577383765a,d3961f5a-3ea7-53d3-89f4-78b65b0c0c6b,2024-12-23,2024-12-26,3
3aab73e4-0efd-5925-bb63-1e5d2a9e2c52,e8aeb018-f679-5670-b210-de4f62ff2111,c6617891-56ff-5690-89a4-1ece06685ff5,87b859e0-789a-56e6-b1ba-4fe76221d3bf,2024-12-16,2024-12-26,10
e6c9124a-d034-507d-bf71-62d098e1487d,e8aeb018-f679-5670-b210-de4f62ff2111,a6f6d890-1609-53fc-b4a6-5733ccc9d078,afe9d181-1c64-5cca-b4b7-a9fa24eceeea,2024-12-12,2024-12-26,14
5805626b-7f06-52c5-835b-b862be3d73e1,e8aeb018-f679-5670-b210-de4f62ff2111,41cb90d0-d91a-57c2-b138-831be351479f,38adf7ba-476e-5e6b-9163-781a13538253,2024-12-21,2024-12-26,5
159c985f-d989-5912-8565-bb86c420fc07,e8aeb018-f679-5670-b210-de4f62ff2111,c6617891-56ff-5690-89a4-1ece06685ff5,1ca3438e-9e23-58f0-a35f-f15f7a23beb9,2024-12-17,2024-12-27,10
bec70c2c-51fa-5a31-a864-51f6fd5f650b,e8aeb018-f679-5670-b210-de4f62ff2111,c6617891-56ff-5690-89a4-1ece06685ff5,87b859e0-789a-56e6-b1ba-4fe76221d3bf,2024-12-17,2024-12-27,10
af711794-6874-5d6e-a2e3-f449928a1dc7,e8aeb018-f679-5670-b210-de4f62ff2111,76d6c9f4-5d7d-53c0-bb1f-2a577383765a,d3961f5a-3ea7-53d3-89f4-78b65b0c0c6b,2024-12-24,2024-12-27,3
84d42ea1-a8cf-5174-b3b6-751670543bfa,e8aeb018-f679-5670-b210-de4f62ff2111,76d6c9f4-5d7d-53c0-bb1f-2a577383765a,d0ae6d2d-e561-56b3-a2c1-113c1c56ae81,2024-12-24,2024-12-27,3
387b89a5-391f-5309-9f72-784ec6641241,e8aeb018-f679-5670-b210-de4f62ff2111,ab4a547f-e75d-5601-8171-00da4efa4b57,94e18241-54bd-5516-b36f-94ab6e323aca,2024-12-21,2024-12-28,7
cc20a59a-e080-5642-8f84-f3adfb1eb22a,e8aeb018-f679-5670-b210-de4f62ff2111,c6617891-56ff-5690-89a4-1ece06685ff5,87b859e0-789a-56e6-b1ba-4fe76221d3bf,2024-12-18,2024-12-28,10
ee0cfec7-23ce-5cdf-8dfa-c9daf5a032d4,e8aeb018-f679-5670-b210-de4f62ff2111,ab4a547f-e75d-5601-8171-00da4efa4b57,97d26d91-c562-5f27-9ebd-285e89c8f4bf,2024-12-21,2024-12-28,7
418d2a20-5b0c-5e3a-8fb4-46ec98ad6c6c,e8aeb018-f679-5670-b210-de4f62ff2111,c6617891-56ff-5690-89a4-1ece06685ff5,042e2e80-f954-5df4-97be-29dd428cc598,2024-12-19,2024-12-29,10
43825069-0bbf-5d2b-b467-b3f73ccceb92,e8aeb018-f679-5670-b210-de4f62ff2111,41cb90d0-d91a-57c2-b138-831be351479f,38adf7ba-476e-5e6b-9163-781a13538253,2024-12-24,2024-12-29,5
24f4b013-45a5-500b-aaa4-f4069353119a,e8aeb018-f679-5670-b210-de4f62ff2111,c6617891-56ff-5690-89a4-1ece06685ff5,d9506935-1215-5499-93c0-8bdd86ab9418,2024-12-19,2024-12-29,10
bc89e8a6-e563-5a2f-a3aa-c7ffb7cebf12,e8aeb018-f679-5670-b210-de4f62ff2111,a6f6d890-1609-53fc-b4a6-5733ccc9d078,983871db-adfb-543e-b438-6b00044ffb64,2024-12-16,2024-12-30,14
f8ba807a-baf8-5ba5-b385-0c6e88d4c7bf,e8aeb018-f679-5670-b210-de4f62ff2111,76d6c9f4-5d7d-53c0-bb1f-2a577383765a,5bbfdec8-65ae-59e6-b211-5eccb5b765fa,2024-12-27,2024-12-30,3
d6cd9cc0-46b1-580f-9ec5-4d9cc9448405,e8aeb018-f679-5670-b210-de4f62ff2111,41cb90d0-d91a-57c2-b138-831be351479f,38adf7ba-476e-5e6b-9163-781a13538253,2024-12-25,2024-12-30,5
2165fe5c-444c-5cd0-893f-daab43ac687a,e8aeb018-f679-5670-b210-de4f62ff2111,41cb90d0-d91a-57c2-b138-831be351479f,2933d8b7-2438-521b-b38d-d3a5224f87fc,2024-12-25,2024-12-30,5
b8f16328-766b-582a-83e3-2f42fcf02821,e8aeb018-f679-5670-b210-de4f62ff2111,a6f6d890-1609-53fc-b4a6-5733ccc9d078,4d9429b6-2ebf-5b5d-ac48-f779d5a1e270,2024-12-16,2024-12-30,14
3cf0c54f-2cb0-55f5-a499-6ff2e8ed5a6a,e8aeb018-f679-5670-b210-de4f62ff2111,a6f6d890-1609-53fc-b4a6-5733ccc9d078,4d9429b6-2ebf-5b5d-ac48-f779d5a1e270,2024-12-17,2024-12-31,14
527fb3a0-af79-5734-bdd7-02bf0ad1a232,e8aeb018-f679-5670-b210-de4f62ff2111,41cb90d0-d91a-57c2-b138-831be351479f,6baabed2-52d7-5cb7-bf74-86c7cb3e4f07,2024-12-26,2024-12-31,5
d1b0f34b-42e2-5159-9136-f7e739e2fd2a,e8aeb018-f679-5670-b210-de4f62ff2111,ab4a547f-e75d-5601-8171-00da4efa4b57,07371b94-955f-52a4-9bf9-f0a6ad2b4fa8,2024-12-24,2024-12-31,7
418177b5-86c9-5b26-9175-a41706acbaee,e8aeb018-f679-5670-b210-de4f62ff2111,c6617891-56ff-5690-89a4-1ece06685ff5,042e2e80-f954-5df4-97be-29dd428cc598,2024-12-21,2024-12-31,10
aea897a3-0923-530d-bbfb-4b2b39e295ec,e8aeb018-f679-5670-b210-de4f62ff2111,ab4a547f-e75d-5601-8171-00da4efa4b57,07371b94-955f-52a4-9bf9-f0a6ad2b4fa8,2024-12-24,2024-12-31,7
7fd5ed06-fd02-5321-becf-943145bf58ef,e8aeb018-f679-5670-b210-de4f62ff2111,76d6c9f4-5d7d-53c0-bb1f-2a577383765a,cd81184b-b6f1-563c-b463-36a69ddfb598,2024-12-28,2024-12-31,3
336e7902-b30a-59d9-bb34-84419722e2c9,e8aeb018-f679-5670-b210-de4f62ff2111,ab4a547f-e75d-5601-8171-00da4efa4b57,22231140-3780-5fe8-a7d4-d33f61d15111,2024-12-25,2025-01-01,7
c8b8845a-9264-5610-bd8b-19986495092a,e8aeb018-f679-5670-b210-de4f62ff2111,a6f6d890-1609-53fc-b4a6-5733ccc9d078,afe9d181-1c64-5cca-b4b7-a9fa24eceeea,2024-12-18,2025-01-01,14
c291ba89-6b5a-5377-ba93-7ce7b714db1c,e8aeb018-f679-5670-b210-de4f62ff2111,a6f6d890-1609-53fc-b4a6-5733ccc9d078,4d9429b6-2ebf-5b5d-ac48-f779d5a1e270,2024-12-19,2025-01-02,14
4d86f581-c143-5998-b22b-58e3a5a5aacb,e8aeb018-f679-5670-b210-de4f62ff2111,c6617891-56ff-5690-89a4-1ece06685ff5,1ca3438e-9e23-58f0-a35f-f15f7a23beb9,2024-12-23,2025-01-02,10
ee7633dd-6661-5087-af11-4e14a8fdb992,e8aeb018-f679-5670-b210-de4f62ff2111,76d6c9f4-5d7d-53c0-bb1f-2a577383765a,d0ae6d2d-e561-56b3-a2c1-113c1c56ae81,2024-12-30,2025-01-02,3
56d4235f-0e96-5f18-80e3-1dc8cbfb1e19,e8aeb018-f679-5670-b210-de4f62ff2111,c6617891-56ff-5690-89a4-1ece06685ff5,058c6382-bde2-59d1-93ff-20c6161a4736,2024-12-23,2025-01-02,10
a3bb394b-b964-5bbb-b06a-b8c4082a8064,e8aeb018-f679-5670-b210-de4f62ff2111,a6f6d890-1609-53fc-b4a6-5733ccc9d078,983871db-adfb-543e-b438-6b00044ffb64,2024-12-19,2025-01-02,14
e17e52d6-15f1-5df3-8d53-d41f92200186,e8aeb018-f679-5670-b210-de4f62ff2111,c6617891-56ff-5690-89a4-1ece06685ff5,058c6382-bde2-59d1-93ff-20c6161a4736,2024-12-24,2025-01-03,10
66032ae2-8be6-5f41-b18b-516a2c713984,e8aeb018-f679-5670-b210-de4f62ff2111,ab4a547f-e75d-5601-8171-00da4efa4b57,94e18241-54bd-5516-b36f-94ab6e323aca,2024-12-27,2025-01-03,7
05a734b0-7bee-5106-835b-35466675b583,e8aeb018-f679-5670-b210-de4f62ff2111,a6f6d890-1609-53fc-b4a6-5733ccc9d078,983871db-adfb-543e-b438-6b00044ffb64,2024-12-20,2025-01-03,14
5dc8f97a-e78d-5252-88aa-e6197425e896,e8aeb018-f679-5670-b210-de4f62ff2111,a6f6d890-1609-53fc-b4a6-5733ccc9d078,0ec23038-d3ab-588c-bbd6-1f5c744cdde1,2024-12-20,2025-01-03,14
dde2c2ce-326e-54ec-a269-a869d6e566a4,e8aeb018-f679-5670-b210-de4f62ff2111,41cb90d0-d91a-57c2-b138-831be351479f,38adf7ba-476e-5e6b-9163-781a13538253,2024-12-30,2025-01-04,5
9e0276e2-89dd-5cdd-986b-d446e4cb54ea,e8aeb018-f679-5670-b210-de4f62ff2111,76d6c9f4-5d7d-53c0-bb1f-2a577383765a,c0cf5e5c-b5c9-585a-8e79-d9830bc954f6,2025-01-01,2025-01-04,3
dcd98892-0669-5920-9c1c-7cfb9e4883a7,e8aeb018-f679-5670-b210-de4f62ff2111,c6617891-56ff-5690-89a4-1ece06685ff5,2eb3a104-e572-583a-afa0-156ee0dc4cce,2024-12-25,2025-01-04,10
180d7996-8531-5ee9-80e7-c392622eabf8,e8aeb018-f679-5670-b210-de4f62ff2111,76d6c9f4-5d7d-53c0-bb1f-2a577383765a,2082733c-4e17-51fe-bc8c-bf33d3ec5d7e,2025-01-02,2025-01-05,3
dd9e3036-612b-54b2-a1af-4c481eaeee20,e8aeb018-f679-5670-b210-de4f62ff2111,76d6c9f4-5d7d-53c0-bb1f-2a577383765a,d3961f5a-3ea7-53d3-89f4-78b65b0c0c6b,2025-01-02,2025-01-05,3
4c5ec975-9b3b-52eb-baf4-3615eb21a90c,e8aeb018-f679-5670-b210-de4f62ff2111,76d6c9f4-5d7d-53c0-bb1f-2a577383765a,c0cf5e5c-b5c9-585a-8e79-d9830bc954f6,2025-01-03,2025-01-06,3
eeafff3d-6b61-501f-9af2-bc74a59e6422,e8aeb018-f679-5670-b210-de4f62ff2111,41cb90d0-d91a-57c2-b138-831be351479f,2933d8b7-2438-521b-b38d-d3a5224f87fc,2025-01-01,2025-01-06,5
1a601f1b-169a-5afd-93b5-74cce32a4eba,e8aeb018-f679-5670-b210-de4f62ff2111,ab4a547f-e75d-5601-8171-00da4efa4b57,012857cc-907f-5e7d-b8fb-796d2c9f1621,2024-12-30,2025-01-06,7
8e661892-4c24-5198-ada7-cb3b5e23d8d7,e8aeb018-f679-5670-b210-de4f62ff2111,c6617891-56ff-5690-89a4-1ece06685ff5,d9506935-1215-5499-93c0-8bdd86ab9418,2024-12-27,2025-01-06,10
0ed6cda8-5fe2-5b56-b5fb-73e946f2c3d0,e8aeb018-f679-5670-b210-de4f62ff2111,c6617891-56ff-5690-89a4-1ece06685ff5,042e2e80-f954-5df4-97be-29dd428cc598,2024-12-28,2025-01-07,10
12d8ad88-a563-524d-8f38-7fe49da5e415,e8aeb018-f679-5670-b210-de4f62ff2111,a6f6d890-1609-53fc-b4a6-5733ccc9d078,983871db-adfb-543e-b438-6b00044ffb64,2024-12-24,2025-01-07,14
c305fe28-bfc7-5efc-a7fe-84266983484b,e8aeb018-f679-5670-b210-de4f62ff2111,c6617891-56ff-5690-89a4-1ece06685ff5,2eb3a104-e572-583a-afa0-156ee0dc4cce,2024-12-28,2025-01-07,10
6b9df86a-3b39-5b08-8b3c-a4921dbed05b,e8aeb018-f679-5670-b210-de4f62ff2111,76d6c9f4-5d7d-53c0-bb1f-2a577383765a,5bbfdec8-65ae-59e6-b211-5eccb5b765fa,2025-01-04,2025-01-07,3
b443ddbf-6384-5500-aad7-1a99d80f8685,e8aeb018-f679-5670-b210-de4f62ff2111,76d6c9f4-5d7d-53c0-bb1f-2a577383765a,2082733c-4e17-51fe-bc8c-bf33d3ec5d7e,2025-01-04,2025-01-07,3
c8e62093-a659-509d-b342-fc50c89da55f,e8aeb018-f679-5670-b210-de4f62ff2111,41cb90d0-d91a-57c2-b138-831be351479f,82cd11ba-d1a0-58b1-b14f-edd741f36e87,2025-01-02,2025-01-07,5
9082f9fc-77fc-5cd9-88be-6b4bbf90943f,e8aeb018-f679-5670-b210-de4f62ff2111,c6617891-56ff-5690-89a4-1ece06685ff5,058c6382-bde2-59d1-93ff-20c6161a4736,2024-12-28,2025-01-07,10
93b480cd-816f-5ebe-8029-d272701435d9,e8aeb018-f679-5670-b210-de4f62ff2111,41cb90d0-d91a-57c2-b138-831be351479f,d2f08f15-f9f2-5f65-a740-b05896774467,2025-01-02,2025-01-07,5
704ff68e-65e9-5d19-8f18-4336d8b1c00a,e8aeb018-f679-5670-b210-de4f62ff2111,41cb90d0-d91a-57c2-b138-831be351479f,38adf7ba-476e-5e6b-9163-781a13538253,2025-01-03,2025-01-08,5
8905811a-5454-5801-9bdb-77aa15708f47,e8aeb018-f679-5670-b210-de4f62ff2111,ab4a547f-e75d-5601-8171-00da4efa4b57,22231140-3780-5fe8-a7d4-d33f61d15111,2025-01-01,2025-01-08,7
f04ae54a-d44e-584d-b8b0-5a86e85ac9d9,e8aeb018-f679-5670-b210-de4f62ff2111,ab4a547f-e75d-5601-8171-00da4efa4b57,97d26d91-c562-5f27-9ebd-285e89c8f4bf,2025-01-01,2025-01-08,7
d5c91754-abe9-5a80-864c-9980ed3325d6,e8aeb018-f679-5670-b210-de4f62ff2111,41cb90d0-d91a-57c2-b138-831be351479f,2933d8b7-2438-521b-b38d-d3a5224f87fc,2025-01-03,2025-01-08,5
592bcfd1-00ee-5283-b2ff-c83202da13ce,e8aeb018-f679-5670-b210-de4f62ff2111,ab4a547f-e75d-5601-8171-00da4efa4b57,6d807393-f4ab-5f76-b544-251eeda27ba3,2025-01-01,2025-01-08,7
587c84db-fbdf-5a33-adae-7280b7405997,e8aeb018-f679-5670-b210-de4f62ff2111,76d6c9f4-5d7d-53c0-bb1f-2a577383765a,d3961f5a-3ea7-53d3-89f4-78b65b0c0c6b,2025-01-06,2025-01-09,3
d646dbc7-62e4-5daf-9b69-f44d2932e768,e8aeb018-f679-5670-b210-de4f62ff2111,76d6c9f4-5d7d-53c0-bb1f-2a577383765a,2082733c-4e17-51fe-bc8c-bf33d3ec5d7e,2025-01-06,2025-01-09,3
275999eb-2cf0-585c-ae63-6795662f7058,e8aeb018-f679-5670-b210-de4f62ff2111,a6f6d890-1609-53fc-b4a6-5733ccc9d078,0ec23038-d3ab-588c-bbd6-1f5c744cdde1,2024-12-26,2025-01-09,14
3433d22a-e0c8-506d-8969-19610e2b9d8e,e8aeb018-f679-5670-b210-de4f62ff2111,a6f6d890-1609-53fc-b4a6-5733ccc9d078,1e9605fd-5682-52b6-8f05-e8a92dd44513,2024-12-26,2025-01-09,14
ba98c21b-7c99-543e-8cf6-1f4737c2fe9b,e8aeb018-f679-5670-b210-de4f62ff2111,c6617891-56ff-5690-89a4-1ece06685ff5,1ca3438e-9e23-58f0-a35f-f15f7a23beb9,2024-12-30,2025-01-09,10
05e0b107-cd6a-5624-b888-ebc7958141f7,e8aeb018-f679-5670-b210-de4f62ff2111,c6617891-56ff-5690-89a4-1ece06685ff5,042e2e80-f954-5df4-97be-29dd428cc598,2024-12-30,2025-01-09,10
1c1d89d7-1485-59e9-a9b0-b1266a3980e0,e8aeb018-f679-5670-b210-de4f62ff2111,ab4a547f-e75d-5601-8171-00da4efa4b57,07371b94-955f-52a4-9bf9-f0a6ad2b4fa8,2025-01-02,2025-01-09,7
13aa7de1-9c23-5d62-a8cf-9a1aa81184fc,e8aeb018-f679-5670-b210-de4f62ff2111,ab4a547f-e75d-5601-8171-00da4efa4b57,97d26d91-c562-5f27-9ebd-285e89c8f4bf,2025-01-02,2025-01-09,7
37e49e7f-7423-52fa-9080-c62bd2e5bc9f,e8aeb018-f679-5670-b210-de4f62ff2111,76d6c9f4-5d7d-53c0-bb1f-2a577383765a,d0ae6d2d-e561-56b3-a2c1-113c1c56ae81,2025-01-07,2025-01-10,3
672ac67a-cc3f-59a7-a4d4-64f25f05c374,e8aeb018-f679-5670-b210-de4f62ff2111,c6617891-56ff-5690-89a4-1ece06685ff5,d9506935-1215-5499-93c0-8bdd86ab9418,2024-12-31,2025-01-10,10
da42d8d9-6f94-5e78-b860-e7b610ccb986,e8aeb018-f679-5670-b210-de4f62ff2111,76d6c9f4-5d7d-53c0-bb1f-2a577383765a,cd81184b-b6f1-563c-b463-36a69ddfb598,2025-01-08,2025-01-11,3
278b83ce-c5ff-55bb-b3cb-51ddfc2b804a,e8aeb018-f679-5670-b210-de4f62ff2111,41cb90d0-d91a-57c2-b138-831be351479f,d2f08f15-f9f2-5f65-a740-b05896774467,2025-01-06,2025-01-11,5
c0580588-a83d-56ea-bbf2-2789db269902,e8aeb018-f679-5670-b210-de4f62ff2111,c6617891-56ff-5690-89a4-1ece06685ff5,87b859e0-789a-56e6-b1ba-4fe76221d3bf,2025-01-01,2025-01-11,10
57957cce-cb7a-5e34-9ff6-a9617945bf01,e8aeb018-f679-5670-b210-de4f62ff2111,c6617891-56ff-5690-89a4-1ece06685ff5,d9506935-1215-5499-93c0-8bdd86ab9418,2025-01-02,2025-01-12,10
1bce7da6-e8da-5331-9881-265ad4e4b89c,e8aeb018-f679-5670-b210-de4f62ff2111,41cb90d0-d91a-57c2-b138-831be351479f,82cd11ba-d1a0-58b1-b14f-edd741f36e87,2025-01-07,2025-01-12,5
9fbe9320-3ebd-5ce5-90b3-8cb8d0918684,e8aeb018-f679-5670-b210-de4f62ff2111,41cb90d0-d91a-57c2-b138-831be351479f,2897aac2-f219-5167-b800-73fac27f6b85,2025-01-07,2025-01-12,5
ff8fcbdf-0603-5494-bedb-bd2750c3a902,e8aeb018-f679-5670-b210-de4f62ff2111,76d6c9f4-5d7d-53c0-bb1f-2a577383765a,c0cf5e5c-b5c9-585a-8e79-d9830bc954f6,2025-01-09,2025-01-12,3
5dad3a15-3b58-5515-8042-f8b11bcc355a,e8aeb018-f679-5670-b210-de4f62ff2111,ab4a547f-e75d-5601-8171-00da4efa4b57,07371b94-955f-52a4-9bf9-f0a6ad2b4fa8,2025-01-06,2025-01-13,7
e96c8e41-e97c-5ec0-b1b0-8e575906603b,e8aeb018-f679-5670-b210-de4f62ff2111,41cb90d0-d91a-57c2-b138-831be351479f,6baabed2-52d7-5cb7-bf74-86c7cb3e4f07,2025-01-08,2025-01-13,5
92efd4e5-25e2-518f-974f-5debc8696ad1,e8aeb018-f679-5670-b210-de4f62ff2111,ab4a547f-e75d-5601-8171-00da4efa4b57,012857cc-907f-5e7d-b8fb-796d2c9f1621,2025-01-06,2025-01-13,7
06af4cfa-4bfe-5c3a-a971-e52746b90d52,e8aeb018-f679-5670-b210-de4f62ff2111,ab4a547f-e75d-5601-8171-00da4efa4b57,94e18241-54bd-5516-b36f-94ab6e323aca,2025-01-06,2025-01-13,7
d48f4936-da49-59ef-a437-c6ecf6f76890,e8aeb018-f679-5670-b210-de4f62ff2111,c6617891-56ff-5690-89a4-1ece06685ff5,1ca3438e-9e23-58f0-a35f-f15f7a23beb9,2025-01-03,2025-01-13,10
8e78b695-d69d-5eca-8477-bfeaa1fdb283,e8aeb018-f679-5670-b210-de4f62ff2111,a6f6d890-1609-53fc-b4a6-5733ccc9d078,0ec23038-d3ab-588c-bbd6-1f5c744cdde1,2024-12-30,2025-01-13,14
f163d6ef-f7a2-5272-8ce6-505db40a22e2,e8aeb018-f679-5670-b210-de4f62ff2111,41cb90d0-d91a-57c2-b138-831be351479f,6baabed2-52d7-5cb7-bf74-86c7cb3e4f07,2025-01-08,2025-01-13,5
d43f617a-faeb-5466-bb78-38123b7c6a6c,e8aeb018-f679-5670-b210-de4f62ff2111,a6f6d890-1609-53fc-b4a6-5733ccc9d078,9928e9a1-d9fc-5fdd-86c2-8909352fd7fe,2024-12-31,2025-01-14,14
7a817044-fb56-5717-bd2b-777941215e97,e8aeb018-f679-5670-b210-de4f62ff2111,ab4a547f-e75d-5601-8171-00da4efa4b57,97d26d91-c562-5f27-9ebd-285e89c8f4bf,2025-01-07,2025-01-14,7
04b99160-4dcf-5ff4-be11-94cda9574fb1,e8aeb018-f679-5670-b210-de4f62ff2111,c6617891-56ff-5690-89a4-1ece06685ff5,058c6382-bde2-59d1-93ff-20c6161a4736,2025-01-04,2025-01-14,10
4e1ddc4e-21f6-5a6c-ab01-7cc71ee55e0e,e8aeb018-f679-5670-b210-de4f62ff2111,a6f6d890-1609-53fc-b4a6-5733ccc9d078,983871db-adfb-543e-b438-6b00044ffb64,2024-12-31,2025-01-14,14
ec5b213d-9198-52f1-861c-5f082351c8b9,e8aeb018-f679-5670-b210-de4f62ff2111,ab4a547f-e75d-5601-8171-00da4efa4b57,22231140-3780-5fe8-a7d4-d33f61d15111,2025-01-07,2025-01-14,7
f8e39456-6f2f-5dd2-a20b-d0fe48643912,e8aeb018-f679-5670-b210-de4f62ff2111,41cb90d0-d91a-57c2-b138-831be351479f,38adf7ba-476e-5e6b-9163-781a13538253,2025-01-09,2025-01-14,5
72c82a55-95c5-56a9-af14-8fd3d1c4ab45,e8aeb018-f679-5670-b210-de4f62ff2111,a6f6d890-1609-53fc-b4a6-5733ccc9d078,1e9605fd-5682-52b6-8f05-e8a92dd44513,2024-12-31,2025-01-14,14
639d65d5-97d6-59d7-88f9-5b991e522f19,e8aeb018-f679-5670-b210-de4f62ff2111,ab4a547f-e75d-5601-8171-00da4efa4b57,6d807393-f4ab-5f76-b544-251eeda27ba3,2025-01-08,2025-01-15,7
79793db1-0978-5fdc-8957-dab21c971059,e8aeb018-f679-5670-b210-de4f62ff2111,ab4a547f-e75d-5601-8171-00da4efa4b57,6d807393-f4ab-5f76-b544-251eeda27ba3,2025-01-08,2025-01-15,7
55b2e75c-26b9-575b-b744-b5e3384841d6,e8aeb018-f679-5670-b210-de4f62ff2111,41cb90d0-d91a-57c2-b138-831be351479f,38adf7ba-476e-5e6b-9163-781a13538253,2025-01-10,2025-01-15,5
94a64661-3be6-5c73-b489-a2ba4635763d,e8aeb018-f679-5670-b210-de4f62ff2111,a6f6d890-1609-53fc-b4a6-5733ccc9d078,1e9605fd-5682-52b6-8f05-e8a92dd44513,2025-01-01,2025-01-15,14
6b3db026-0a44-50e6-a69f-18ca8f078c32,e8aeb018-f679-5670-b210-de4f62ff2111,41cb90d0-d91a-57c2-b138-831be351479f,82cd11ba-d1a0-58b1-b14f-edd741f36e87,2025-01-10,2025-01-15,5
4f0e5552-ecef-566c-8bc9-5db78b0ed260,e8aeb018-f679-5670-b210-de4f62ff2111,ab4a547f-e75d-5601-8171-00da4efa4b57,94e18241-54bd-5516-b36f-94ab6e323aca,2025-01-08,2025-01-15,7
5e2c1edd-1140-5262-bb1c-195776dd9324,e8aeb018-f679-5670-b210-de4f62ff2111,76d6c9f4-5d7d-53c0-bb1f-2a577383765a,5bbfdec8-65ae-59e6-b211-5eccb5b765fa,2025-01-13,2025-01-16,3
9f5300d9-2a40-5153-b6c5-438cbb13b82b,e8aeb018-f679-5670-b210-de4f62ff2111,ab4a547f-e75d-5601-8171-00da4efa4b57,94e18241-54bd-5516-b36f-94ab6e323aca,2025-01-09,2025-01-16,7
9bb14798-46f2-5cec-969c-e1c59ae3cff5,e8aeb018-f679-5670-b210-de4f62ff2111,76d6c9f4-5d7d-53c0-bb1f-2a577383765a,d0ae6d2d-e561-56b3-a2c1-113c1c56ae81,2025-01-13,2025-01-16,3
0b370196-f64c-511f-b3a6-883920e7c859,e8aeb018-f679-5670-b210-de4f62ff2111,ab4a547f-e75d-5601-8171-00da4efa4b57,22231140-3780-5fe8-a7d4-d33f61d15111,2025-01-09,2025-01-16,7
e4020f8b-3212-5878-ad31-fc501e7fa637,e8aeb018-f679-5670-b210-de4f62ff2111,a6f6d890-1609-53fc-b4a6-5733ccc9d078,0ec23038-d3ab-588c-bbd6-1f5c744cdde1,2025-01-02,2025-01-16,14
c199b052-e4f1-57c2-85ff-637df13b244e,e8aeb018-f679-5670-b210-de4f62ff2111,ab4a547f-e75d-5601-8171-00da4efa4b57,012857cc-907f-5e7d-b8fb-796d2c9f1621,2025-01-09,2025-01-16,7
c499e111-65fa-5323-a54a-2364250dd6de,e8aeb018-f679-5670-b210-de4f62ff2111,a6f6d890-1609-53fc-b4a6-5733ccc9d078,9928e9a1-d9fc-5fdd-86c2-8909352fd7fe,2025-01-02,2025-01-16,14
98576f0d-d717-5361-90e7-bc9595a5e09f,e8aeb018-f679-5670-b210-de4f62ff2111,a6f6d890-1609-53fc-b4a6-5733ccc9d078,4d9429b6-2ebf-5b5d-ac48-f779d5a1e270,2025-01-02,2025-01-16,14
41a47d7f-432c-53cd-a1b3-1726336ad98a,e8aeb018-f679-5670-b210-de4f62ff2111,ab4a547f-e75d-5601-8171-00da4efa4b57,6d807393-f4ab-5f76-b544-251eeda27ba3,2025-01-10,2025-01-17,7
67367740-a26a-5cb4-9536-48639d9b8649,e8aeb018-f679-5670-b210-de4f62ff2111,76d6c9f4-5d7d-53c0-bb1f-2a577383765a,d3961f5a-3ea7-53d3-89f4-78b65b0c0c6b,2025-01-14,2025-01-17,3
836e2822-f414-57db-83dc-2e8fe21887c8,e8aeb018-f679-5670-b210-de4f62ff2111,ab4a547f-e75d-5601-8171-00da4efa4b57,07371b94-955f-52a4-9bf9-f0a6ad2b4fa8,2025-01-10,2025-01-17,7
aa947372-a1d1-5b47-86f0-8259667192c5,e8aeb018-f679-5670-b210-de4f62ff2111,76d6c9f4-5d7d-53c0-bb1f-2a577383765a,c0cf5e5c-b5c9-585a-8e79-d9830bc954f6,2025-01-14,2025-01-17,3
1ffe7166-4056-56f6-9515-eb64d4fe4106,e8aeb018-f679-5670-b210-de4f62ff2111,ab4a547f-e75d-5601-8171-00da4efa4b57,94e18241-54bd-5516-b36f-94ab6e323aca,2025-01-10,2025-01-17,7
11ad081d-7388-509f-ab92-349d3611ba40,e8aeb018-f679-5670-b210-de4f62ff2111,76d6c9f4-5d7d-53c0-bb1f-2a577383765a,2082733c-4e17-51fe-bc8c-bf33d3ec5d7e,2025-01-14,2025-01-17,3
7661b197-f06f-540b-a3e0-3bc86816794e,e8aeb018-f679-5670-b210-de4f62ff2111,41cb90d0-d91a-57c2-b138-831be351479f,2933d8b7-2438-521b-b38d-d3a5224f87fc,2025-01-13,2025-01-18,5
035514d1-585f-5e45-aae8-1a746c3ca7e8,e8aeb018-f679-5670-b210-de4f62ff2111,c6617891-56ff-5690-89a4-1ece06685ff5,87b859e0-789a-56e6-b1ba-4fe76221d3bf,2025-01-08,2025-01-18,10
6266f5b3-7564-5fb7-9b24-e3c00faa91ca,e8aeb018-f679-5670-b210-de4f62ff2111,c6617891-56ff-5690-89a4-1ece06685ff5,87b859e0-789a-56e6-b1ba-4fe76221d3bf,2025-01-08,2025-01-18,10
0daed482-5c4f-50e7-802f-e5ef44cd7598,e8aeb018-f679-5670-b210-de4f62ff2111,c6617891-56ff-5690-89a4-1ece06685ff5,2eb3a104-e572-583a-afa0-156ee0dc4cce,2025-01-09,2025-01-19,10
c8557712-aa72-5c1a-98b5-0f6f01931778,e8aeb018-f679-5670-b210-de4f62ff2111,41cb90d0-d91a-57c2-b138-831be351479f,2897aac2-f219-5167-b800-73fac27f6b85,2025-01-14,2025-01-19,5
fe98c377-2f19-559f-9e34-328a06afc46a,e8aeb018-f679-5670-b210-de4f62ff2111,41cb90d0-d91a-57c2-b138-831be351479f,d2f08f15-f9f2-5f65-a740-b05896774467,2025-01-15,2025-01-20,5
23df3a9b-7e2f-51aa-9965-3b67fe59009d,e8aeb018-f679-5670-b210-de4f62ff2111,ab4a547f-e75d-5601-8171-00da4efa4b57,012857cc-907f-5e7d-b8fb-796d2c9f1621,2025-01-13,2025-01-20,7
253e9c3e-0524-5ec5-8a24-440f350b47f2,e8aeb018-f679-5670-b210-de4f62ff2111,c6617891-56ff-5690-89a4-1ece06685ff5,87b859e0-789a-56e6-b1ba-4fe76221d3bf,2025-01-10,2025-01-20,10
74e1a7f4-87c9-5921-acb2-782c1e7757f8,e8aeb018-f679-5670-b210-de4f62ff2111,76d6c9f4-5d7d-53c0-bb1f-2a577383765a,cd81184b-b6f1-563c-b463-36a69ddfb598,2025-01-17,2025-01-20,3
7699d41f-196c-553f-9d4c-86012f8edee7,e8aeb018-f679-5670-b210-de4f62ff2111,a6f6d890-1609-53fc-b4a6-5733ccc9d078,9928e9a1-d9fc-5fdd-86c2-8909352fd7fe,2025-01-06,2025-01-20,14
ca5ebbb0-1cc7-5a69-b9c1-237f0f111587,e8aeb018-f679-5670-b210-de4f62ff2111,41cb90d0-d91a-57c2-b138-831be351479f,82cd11ba-d1a0-58b1-b14f-edd741f36e87,2025-01-16,2025-01-21,5
70118c27-7860-5217-9ebc-72ec07f63cfc,e8aeb018-f679-5670-b210-de4f62ff2111,ab4a547f-e75d-5601-8171-00da4efa4b57,6d807393-f4ab-5f76-b544-251eeda27ba3,2025-01-14,2025-01-21,7
e8ccd83b-1cff-5fa6-a67a-ac302901f57c,e8aeb018-f679-5670-b210-de4f62ff2111,c6617891-56ff-5690-89a4-1ece06685ff5,1ca3438e-9e23-58f0-a35f-f15f7a23beb9,2025-01-11,2025-01-21,10
faa7069f-c7c1-555b-b021-8ab790f74ee7,e8aeb018-f679-5670-b210-de4f62ff2111,a6f6d890-1609-53fc-b4a6-5733ccc9d078,afe9d181-1c64-5cca-b4b7-a9fa24eceeea,2025-01-08,2025-01-22,14
1ea9521d-6cbb-5f88-907a-48db091b2b05,e8aeb018-f679-5670-b210-de4f62ff2111,41cb90d0-d91a-57c2-b138-831be351479f,38adf7ba-476e-5e6b-9163-781a13538253,2025-01-18,2025-01-23,5
b07ca1bc-68bc-56cd-bd3f-ca9c1e2cc5b9,e8aeb018-f679-5670-b210-de4f62ff2111,41cb90d0-d91a-57c2-b138-831be351479f,d2f08f15-f9f2-5f65-a740-b05896774467,2025-01-18,2025-01-23,5
8777f9a6-c357-5d97-9487-5b6dfe9c0717,e8aeb018-f679-5670-b210-de4f62ff2111,41cb90d0-d91a-57c2-b138-831be351479f,38adf7ba-476e-5e6b-9163-781a13538253,2025-01-18,2025-01-23,5
ba8cadef-b785-515e-8362-463ef0b0598d,e8aeb018-f679-5670-b210-de4f62ff2111,a6f6d890-1609-53fc-b4a6-5733ccc9d078,4d9429b6-2ebf-5b5d-ac48-f779d5a1e270,2025-01-09,2025-01-23,14
664d3a4c-0eb6-5cb4-9f92-1bbe309e2cf1,e8aeb018-f679-5670-b210-de4f62ff2111,41cb90d0-d91a-57c2-b138-831be351479f,d2f08f15-f9f2-5f65-a740-b05896774467,2025-01-18,2025-01-23,5
d0a85817-356a-5f05-b413-e89f396d1e98,e8aeb018-f679-5670-b210-de4f62ff2111,76d6c9f4-5d7d-53c0-bb1f-2a577383765a,c0cf5e5c-b5c9-585a-8e79-d9830bc954f6,2025-01-21,2025-01-24,3
b8f4bb7f-eb99-554d-8275-78449240e359,e8aeb018-f679-5670-b210-de4f62ff2111,c6617891-56ff-5690-89a4-1ece06685ff5,1ca3438e-9e23-58f0-a35f-f15f7a23beb9,2025-01-15,2025-01-25,10
7907b9b3-b86f-5b0e-b959-38351cdde778,e8aeb018-f679-5670-b210-de4f62ff2111,a6f6d890-1609-53fc-b4a6-5733ccc9d078,1e9605fd-5682-52b6-8f05-e8a92dd44513,2025-01-11,2025-01-25,14
dfdcb334-023c-58d8-9ac3-d18abc9b9f53,e8aeb018-f679-5670-b210-de4f62ff2111,76d6c9f4-5d7d-53c0-bb1f-2a577383765a,5bbfdec8-65ae-59e6-b211-5eccb5b765fa,2025-01-22,2025-01-25,3
05ebe2d9-1e3d-5dce-93ad-5302284c5e95,e8aeb018-f679-5670-b210-de4f62ff2111,41cb90d0-d91a-57c2-b138-831be351479f,38adf7ba-476e-5e6b-9163-781a13538253,2025-01-21,2025-01-26,5
abb1dc90-e79e-55ca-8a04-6a8ea1c409a8,e8aeb018-f679-5670-b210-de4f62ff2111,c6617891-56ff-5690-89a4-1ece06685ff5,058c6382-bde2-59d1-93ff-20c6161a4736,2025-01-16,2025-01-26,10
4c751465-d0d3-52f9-9388-0f746089af43,e8aeb018-f679-5670-b210-de4f62ff2111,76d6c9f4-5d7d-53c0-bb1f-2a577383765a,2082733c-4e17-51fe-bc8c-bf33d3ec5d7e,2025-01-23,2025-01-26,3
ff0eef0d-6480-5687-a67c-fd398b8a238e,e8aeb018-f679-5670-b210-de4f62ff2111,c6617891-56ff-5690-89a4-1ece06685ff5,2eb3a104-e572-583a-afa0-156ee0dc4cce,2025-01-17,2025-01-27,10
aa62d3da-66c3-54d3-963b-723a234b46ad,e8aeb018-f679-5670-b210-de4f62ff2111,76d6c9f4-5d7d-53c0-bb1f-2a577383765a,cd81184b-b6f1-563c-b463-36a69ddfb598,2025-01-24,2025-01-27,3
43b8ce36-b37b-5fb8-9b5c-e22556462ee6,e8aeb018-f679-5670-b210-de4f62ff2111,76d6c9f4-5d7d-53c0-bb1f-2a577383765a,d3961f5a-3ea7-53d3-89f4-78b65b0c0c6b,2025-01-24,2025-01-27,3
85e7bc9b-b717-517e-8a9c-c36749a6a9a6,e8aeb018-f679-5670-b210-de4f62ff2111,41cb90d0-d91a-57c2-b138-831be351479f,82cd11ba-d1a0-58b1-b14f-edd741f36e87,2025-01-22,2025-01-27,5
8adcea08-c22c-54ad-ba32-1de7d7431bf5,e8aeb018-f679-5670-b210-de4f62ff2111,c6617891-56ff-5690-89a4-1ece06685ff5,042e2e80-f954-5df4-97be-29dd428cc598,2025-01-18,2025-01-28,10
1ef1b675-662e-59d1-82d5-3f4da1e7a453,e8aeb018-f679-5670-b210-de4f62ff2111,41cb90d0-d91a-57c2-b138-831be351479f,2897aac2-f219-5167-b800-73fac27f6b85,2025-01-24,2025-01-29,5
dfdd31ea-e7d3-5e2e-a594-7f1348d3ec3e,e8aeb018-f679-5670-b210-de4f62ff2111,a6f6d890-1609-53fc-b4a6-5733ccc9d078,0ec23038-d3ab-588c-bbd6-1f5c744cdde1,2025-01-15,2025-01-29,14
94c43cc6-f885-5df9-955b-f316c2836a5e,e8aeb018-f679-5670-b210-de4f62ff2111,41cb90d0-d91a-57c2-b138-831be351479f,2897aac2-f219-5167-b800-73fac27f6b85,2025-01-24,2025-01-29,5
58f4fd48-54d8-53ac-99c5-692e9c25a9c1,e8aeb018-f679-5670-b210-de4f62ff2111,76d6c9f4-5d7d-53c0-bb1f-2a577383765a,c0cf5e5c-b5c9-585a-8e79-d9830bc954f6,2025-01-27,2025-01-30,3
ad3a4117-791a-506f-8e12-f444c806e4d0,e8aeb018-f679-5670-b210-de4f62ff2111,41cb90d0-d91a-57c2-b138-831be351479f,6baabed2-52d7-5cb7-bf74-86c7cb3e4f07,2025-01-25,2025-01-30,5
152d4b48-94ab-5fbd-9469-453c7d4aa520,e8aeb018-f679-5670-b210-de4f62ff2111,76d6c9f4-5d7d-53c0-bb1f-2a577383765a,d3961f5a-3ea7-53d3-89f4-78b65b0c0c6b,2025-01-28,2025-01-31,3
fabfd17b-d301-5cee-8e4b-de6370802579,e8aeb018-f679-5670-b210-de4f62ff2111,a6f6d890-1609-53fc-b4a6-5733ccc9d078,4d9429b6-2ebf-5b5d-ac48-f779d5a1e270,2025-01-17,2025-01-31,14
0b66f430-f074-5a5e-afb0-5c7f9f49b958,e8aeb018-f679-5670-b210-de4f62ff2111,c6617891-56ff-5690-89a4-1ece06685ff5,87b859e0-789a-56e6-b1ba-4fe76221d3bf,2025-01-21,2025-01-31,10
0f58668b-2c6a-5aad-a2b0-c9ead4ae102b,e8aeb018-f679-5670-b210-de4f62ff2111,a6f6d890-1609-53fc-b4a6-5733ccc9d078,4d9429b6-2ebf-5b5d-ac48-f779d5a1e270,2025-01-17,2025-01-31,14
24b3cfd9-9321-568c-b907-1d097bc61aa5,e8aeb018-f679-5670-b210-de4f62ff2111,76d6c9f4-5d7d-53c0-bb1f-2a577383765a,5bbfdec8-65ae-59e6-b211-5eccb5b765fa,2025-01-29,2025-02-01,3
0ae3b725-8939-5a5d-95f4-86c135c8105b,e8aeb018-f679-5670-b210-de4f62ff2111,ab4a547f-e75d-5601-8171-00da4efa4b57,94e18241-54bd-5516-b36f-94ab6e323aca,2025-01-25,2025-02-01,7
7505c175-4414-52a4-9597-3ffac21bdd7a,e8aeb018-f679-5670-b210-de4f62ff2111,c6617891-56ff-5690-89a4-1ece06685ff5,2eb3a104-e572-583a-afa0-156ee0dc4cce,2025-01-22,2025-02-01,10
637dff93-4a72-551d-9369-cf63648e9e62,e8aeb018-f679-5670-b210-de4f62ff2111,76d6c9f4-5d7d-53c0-bb1f-2a577383765a,5bbfdec8-65ae-59e6-b211-5eccb5b765fa,2025-01-29,2025-02-01,3
c42815ad-1543-5d2c-9a07-ebfc8b573180,e8aeb018-f679-5670-b210-de4f62ff2111,76d6c9f4-5d7d-53c0-bb1f-2a577383765a,c0cf5e5c-b5c9-585a-8e79-d9830bc954f6,2025-01-29,2025-02-01,3
e029e193-4232-51bc-87a0-6a6b80082ea6,e8aeb018-f679-5670-b210-de4f62ff2111,41cb90d0-d91a-57c2-b138-831be351479f,38adf7ba-476e-5e6b-9163-781a13538253,2025-01-27,2025-02-01,5
f817e20a-18e3-55a6-950b-7f6f3dcc71a5,e8aeb018-f679-5670-b210-de4f62ff2111,41cb90d0-d91a-57c2-b138-831be351479f,38adf7ba-476e-5e6b-9163-781a13538253,2025-01-27,2025-02-01,5
efe9d747-1cc4-52fb-ad90-48aaeb9c41d7,e8aeb018-f679-5670-b210-de4f62ff2111,ab4a547f-e75d-5601-8171-00da4efa4b57,012857cc-907f-5e7d-b8fb-796d2c9f1621,2025-01-25,2025-02-01,7
118f6094-89a4-5cc9-9d09-56d05fe2aa32,e8aeb018-f679-5670-b210-de4f62ff2111,76d6c9f4-5d7d-53c0-bb1f-2a577383765a,cd81184b-b6f1-563c-b463-36a69ddfb598,2025-01-30,2025-02-02,3
57ec9896-3df7-56d2-b90b-e0fd12b39f04,e8aeb018-f679-5670-b210-de4f62ff2111,c6617891-56ff-5690-89a4-1ece06685ff5,042e2e80-f954-5df4-97be-29dd428cc598,2025-01-23,2025-02-02,10
5522de4b-2e08-5b9b-9bd3-efec1ee65039,e8aeb018-f679-5670-b210-de4f62ff2111,c6617891-56ff-5690-89a4-1ece06685ff5,1ca3438e-9e23-58f0-a35f-f15f7a23beb9,2025-01-23,2025-02-02,10
311e736e-986b-5120-9316-68c66b06b18d,e8aeb018-f679-5670-b210-de4f62ff2111,c6617891-56ff-5690-89a4-1ece06685ff5,d9506935-1215-5499-93c0-8bdd86ab9418,2025-01-23,2025-02-02,10
a4355dd5-b3bd-5598-bf75-9d9014ab2993,e8aeb018-f679-5670-b210-de4f62ff2111,76d6c9f4-5d7d-53c0-bb1f-2a577383765a,c0cf5e5c-b5c9-585a-8e79-d9830bc954f6,2025-01-30,2025-02-02,3
a3a1229b-6575-5004-8e04-82c86abd250b,e8aeb018-f679-5670-b210-de4f62ff2111,ab4a547f-e75d-5601-8171-00da4efa4b57,94e18241-54bd-5516-b36f-94ab6e323aca,2025-01-27,2025-02-03,7
76b93727-a105-50db-9ca4-4fbcbf1ea74a,e8aeb018-f679-5670-b210-de4f62ff2111,76d6c9f4-5d7d-53c0-bb1f-2a577383765a,d0ae6d2d-e561-56b3-a2c1-113c1c56ae81,2025-01-31,2025-02-03,3
fad625dd-7410-507c-abb7-34474c8845a1,e8aeb018-f679-5670-b210-de4f62ff2111,ab4a547f-e75d-5601-8171-00da4efa4b57,94e18241-54bd-5516-b36f-94ab6e323aca,2025-01-27,2025-02-03,7
edadf496-5aa1-567b-9336-4a57d110589f,e8aeb018-f679-5670-b210-de4f62ff2111,ab4a547f-e75d-5601-8171-00da4efa4b57,94e18241-54bd-5516-b36f-94ab6e323aca,2025-01-27,2025-02-03,7
2ed0372b-1dc7-55af-99b0-2cc1f2ca1052,e8aeb018-f679-5670-b210-de4f62ff2111,41cb90d0-d91a-57c2-b138-831be351479f,2933d8b7-2438-521b-b38d-d3a5224f87fc,2025-01-30,2025-02-04,5
98e34120-37d7-52c7-8249-69a40ca888c1,e8aeb018-f679-5670-b210-de4f62ff2111,41cb90d0-d91a-57c2-b138-831be351479f,6baabed2-52d7-5cb7-bf74-86c7cb3e4f07,2025-01-30,2025-02-04,5
ed174695-da70-5424-9c41-0835a4d83e30,e8aeb018-f679-5670-b210-de4f62ff2111,a6f6d890-1609-53fc-b4a6-5733ccc9d078,afe9d181-1c64-5cca-b4b7-a9fa24eceeea,2025-01-21,2025-02-04,14
921320f4-fa32-5afb-9efb-0f5523dee286,e8aeb018-f679-5670-b210-de4f62ff2111,76d6c9f4-5d7d-53c0-bb1f-2a577383765a,d0ae6d2d-e561-56b3-a2c1-113c1c56ae81,2025-02-01,2025-02-04,3
0760ecac-759a-5544-ad77-96687597e7ca,e8aeb018-f679-5670-b210-de4f62ff2111,a6f6d890-1609-53fc-b4a6-5733ccc9d078,afe9d181-1c64-5cca-b4b7-a9fa24eceeea,2025-01-22,2025-02-05,14
c2cd3651-9aa6-5884-8b22-3fb46e22c6fe,e8aeb018-f679-5670-b210-de4f62ff2111,a6f6d890-1609-53fc-b4a6-5733ccc9d078,9928e9a1-d9fc-5fdd-86c2-8909352fd7fe,2025-01-22,2025-02-05,14
0d10ca79-9b7e-5cd7-91c1-bb1291d6ba5d,e8aeb018-f679-5670-b210-de4f62ff2111,a6f6d890-1609-53fc-b4a6-5733ccc9d078,9928e9a1-d9fc-5fdd-86c2-8909352fd7fe,2025-01-22,2025-02-05,14
d60db1c7-9a34-5571-95d5-9fe1be9b2b0e,e8aeb018-f679-5670-b210-de4f62ff2111,ab4a547f-e75d-5601-8171-00da4efa4b57,012857cc-907f-5e7d-b8fb-796d2c9f1621,2025-01-29,2025-02-05,7
48778741-9635-55c0-8c9c-30b0421236e7,e8aeb018-f679-5670-b210-de4f62ff2111,ab4a547f-e75d-5601-8171-00da4efa4b57,22231140-3780-5fe8-a7d4-d33f61d15111,2025-01-29,2025-02-05,7
63579c1e-07de-5053-b1fe-4d2aa5b30f4a,e8aeb018-f679-5670-b210-de4f62ff2111,76d6c9f4-5d7d-53c0-bb1f-2a577383765a,d0ae6d2d-e561-56b3-a2c1-113c1c56ae81,2025-02-03,2025-02-06,3
25fd2fd7-cd37-513a-9845-4f4956b7e1b7,e8aeb018-f679-5670-b210-de4f62ff2111,41cb90d0-d91a-57c2-b138-831be351479f,2933d8b7-2438-521b-b38d-d3a5224f87fc,2025-02-01,2025-02-06,5
059a6fb3-4c56-58ce-bd01-40857cba2a97,e8aeb018-f679-5670-b210-de4f62ff2111,ab4a547f-e75d-5601-8171-00da4efa4b57,94e18241-54bd-5516-b36f-94ab6e323aca,2025-01-31,2025-02-07,7
e9880f34-9efc-5fbf-9263-0b28988722de,e8aeb018-f679-5670-b210-de4f62ff2111,c6617891-56ff-5690-89a4-1ece06685ff5,2eb3a104-e572-583a-afa0-156ee0dc4cce,2025-01-28,2025-02-07,10
a9585b8d-78b0-51a4-ace0-a8c8bf5ac6c9,e8aeb018-f679-5670-b210-de4f62ff2111,76d6c9f4-5d7d-53c0-bb1f-2a577383765a,2082733c-4e17-51fe-bc8c-bf33d3ec5d7e,2025-02-05,2025-02-08,3
0db773cb-5346-5311-af28-dc0996e77584,e8aeb018-f679-5670-b210-de4f62ff2111,ab4a547f-e75d-5601-8171-00da4efa4b57,97d26d91-c562-5f27-9ebd-285e89c8f4bf,2025-02-01,2025-02-08,7
676e97a1-0ae7-57fb-aef2-73a3dcac52c6,e8aeb018-f679-5670-b210-de4f62ff2111,41cb90d0-d91a-57c2-b138-831be351479f,6baabed2-52d7-5cb7-bf74-86c7cb3e4f07,2025-02-03,2025-02-08,5
b8a636d7-2fc9-5962-82d5-c0fe5a0b40f9,e8aeb018-f679-5670-b210-de4f62ff2111,76d6c9f4-5d7d-53c0-bb1f-2a577383765a,d3961f5a-3ea7-53d3-89f4-78b65b0c0c6b,2025-02-05,2025-02-08,3
5f8a6595-9320-5280-b259-277f447bcc19,e8aeb018-f679-5670-b210-de4f62ff2111,76d6c9f4-5d7d-53c0-bb1f-2a577383765a,d3961f5a-3ea7-53d3-89f4-78b65b0c0c6b,2025-02-06,2025-02-09,3
9b350230-15f1-5266-b437-2ef2c7b0f64d,e8aeb018-f679-5670-b210-de4f62ff2111,41cb90d0-d91a-57c2-b138-831be351479f,2933d8b7-2438-521b-b38d-d3a5224f87fc,2025-02-04,2025-02-09,5
3db1d6ae-5075-50e7-beb6-6a604ced303c,e8aeb018-f679-5670-b210-de4f62ff2111,41cb90d0-d91a-57c2-b138-831be351479f,38adf7ba-476e-5e6b-9163-781a13538253,2025-02-04,2025-02-09,5
83109e9f-b587-57bd-93af-cab463f3f405,e8aeb018-f679-5670-b210-de4f62ff2111,c6617891-56ff-5690-89a4-1ece06685ff5,87b859e0-789a-56e6-b1ba-4fe76221d3bf,2025-01-30,2025-02-09,10
449f3131-af18-5e31-925d-c2877685d4e0,e8aeb018-f679-5670-b210-de4f62ff2111,41cb90d0-d91a-57c2-b138-831be351479f,d2f08f15-f9f2-5f65-a740-b05896774467,2025-02-04,2025-02-09,5
8e5c1d76-a559-5d18-a3b1-99eb254314d2,e8aeb018-f679-5670-b210-de4f62ff2111,41cb90d0-d91a-57c2-b138-831be351479f,38adf7ba-476e-5e6b-9163-781a13538253,2025-02-05,2025-02-10,5
70934c56-9a2f-5a8c-967c-a569a44f736c,e8aeb018-f679-5670-b210-de4f62ff2111,76d6c9f4-5d7d-53c0-bb1f-2a577383765a,d0ae6d2d-e561-56b3-a2c1-113c1c56ae81,2025-02-07,2025-02-10,3
497d4f18-4311-5436-a577-ae6e64472d88,e8aeb018-f679-5670-b210-de4f62ff2111,a6f6d890-1609-53fc-b4a6-5733ccc9d078,1e9605fd-5682-52b6-8f05-e8a92dd44513,2025-01-27,2025-02-10,14
a25019d1-3c2d-5d98-a97c-b0d3edcf7e96,e8aeb018-f679-5670-b210-de4f62ff2111,a6f6d890-1609-53fc-b4a6-5733ccc9d078,983871db-adfb-543e-b438-6b00044ffb64,2025-01-27,2025-02-10,14
27d6392e-7013-5f7c-9392-c169e8d10cfa,e8aeb018-f679-5670-b210-de4f62ff2111,41cb90d0-d91a-57c2-b138-831be351479f,6baabed2-52d7-5cb7-bf74-86c7cb3e4f07,2025-02-06,2025-02-11,5
51eb4a92-acb8-5079-a93d-bba0f9f27026,e8aeb018-f679-5670-b210-de4f62ff2111,ab4a547f-e75d-5601-8171-00da4efa4b57,97d26d91-c562-5f27-9ebd-285e89c8f4bf,2025-02-04,2025-02-11,7
81f835d2-6e14-56d4-b7e6-e771e9ba50b8,e8aeb018-f679-5670-b210-de4f62ff2111,76d6c9f4-5d7d-53c0-bb1f-2a577383765a,d3961f5a-3ea7-53d3-89f4-78b65b0c0c6b,2025-02-08,2025-02-11,3
49c1af65-4d59-5e02-923e-4c77282efd82,e8aeb018-f679-5670-b210-de4f62ff2111,41cb90d0-d91a-57c2-b138-831be351479f,d2f08f15-f9f2-5f65-a740-b05896774467,2025-02-06,2025-02-11,5
b32dacb9-aaad-5677-a46a-f17412c2ac8e,e8aeb018-f679-5670-b210-de4f62ff2111,c6617891-56ff-5690-89a4-1ece06685ff5,1ca3438e-9e23-58f0-a35f-f15f7a23beb9,2025-02-01,2025-02-11,10
42e4d6f5-b258-5f65-9b70-5b9c08ddd88a,e8aeb018-f679-5670-b210-de4f62ff2111,c6617891-56ff-5690-89a4-1ece06685ff5,87b859e0-789a-56e6-b1ba-4fe76221d3bf,2025-02-01,2025-02-11,10
2d5b73c7-f41c-5cca-bec7-b3b34d4cfdf0,e8aeb018-f679-5670-b210-de4f62ff2111,a6f6d890-1609-53fc-b4a6-5733ccc9d078,983871db-adfb-543e-b438-6b00044ffb64,2025-01-28,2025-02-11,14
75c64550-90ac-5e8f-a219-707c661eae7d,e8aeb018-f679-5670-b210-de4f62ff2111,41cb90d0-d91a-57c2-b138-831be351479f,2933d8b7-2438-521b-b38d-d3a5224f87fc,2025-02-07,2025-02-12,5
2e1342be-76bf-5023-80f1-afc2efc8db08,e8aeb018-f679-5670-b210-de4f62ff2111,ab4a547f-e75d-5601-8171-00da4efa4b57,07371b94-955f-52a4-9bf9-f0a6ad2b4fa8,2025-02-05,2025-02-12,7
315e1735-ddad-5290-8370-ccaf55eb8ceb,e8aeb018-f679-5670-b210-de4f62ff2111,c6617891-56ff-5690-89a4-1ece06685ff5,042e2e80-f954-5df4-97be-29dd428cc598,2025-02-03,2025-02-13,10
e8956eed-6ddd-553b-8d60-44b70b2a006c,e8aeb018-f679-5670-b210-de4f62ff2111,c6617891-56ff-5690-89a4-1ece06685ff5,058c6382-bde2-59d1-93ff-20c6161a4736,2025-02-03,2025-02-13,10
c9a433be-ce24-5c76-8025-a388ed1326b7,e8aeb018-f679-5670-b210-de4f62ff2111,c6617891-56ff-5690-89a4-1ece06685ff5,87b859e0-789a-56e6-b1ba-4fe76221d3bf,2025-02-03,2025-02-13,10
bd1b4755-c14a-566a-b622-a4ee29737993,e8aeb018-f679-5670-b210-de4f62ff2111,76d6c9f4-5d7d-53c0-bb1f-2a577383765a,2082733c-4e17-51fe-bc8c-bf33d3ec5d7e,2025-02-10,2025-02-13,3
0a397566-52a5-50e1-aea9-1202a76f0d41,e8aeb018-f679-5670-b210-de4f62ff2111,41cb90d0-d91a-57c2-b138-831be351479f,38adf7ba-476e-5e6b-9163-781a13538253,2025-02-08,2025-02-13,5
1a6d8bb8-26f6-5901-993f-c6a0ff25d699,e8aeb018-f679-5670-b210-de4f62ff2111,c6617891-56ff-5690-89a4-1ece06685ff5,d9506935-1215-5499-93c0-8bdd86ab9418,2025-02-03,2025-02-13,10
e4341fd3-4835-54f8-8916-80b40661628e,e8aeb018-f679-5670-b210-de4f62ff2111,ab4a547f-e75d-5601-8171-00da4efa4b57,6d807393-f4ab-5f76-b544-251eeda27ba3,2025-02-06,2025-02-13,7
2f4fec6a-fbac-589b-a67d-5df669c4e450,e8aeb018-f679-5670-b210-de4f62ff2111,c6617891-56ff-5690-89a4-1ece06685ff5,1ca3438e-9e23-58f0-a35f-f15f7a23beb9,2025-02-03,2025-02-13,10
f20158fd-78b1-5af7-9bdf-01971ff92e3b,e8aeb018-f679-5670-b210-de4f62ff2111,76d6c9f4-5d7d-53c0-bb1f-2a577383765a,cd81184b-b6f1-563c-b463-36a69ddfb598,2025-02-10,2025-02-13,3
df963f90-0d5a-5068-88c0-745bcf6892f2,e8aeb018-f679-5670-b210-de4f62ff2111,ab4a547f-e75d-5601-8171-00da4efa4b57,22231140-3780-5fe8-a7d4-d33f61d15111,2025-02-07,2025-02-14,7
09c8c394-27bc-5daf-8b32-97a2802cf402,e8aeb018-f679-5670-b210-de4f62ff2111,ab4a547f-e75d-5601-8171-00da4efa4b57,97d26d91-c562-5f27-9ebd-285e89c8f4bf,2025-02-07,2025-02-14,7
dd25d650-7521-5ea7-ba3f-8c501f865c53,e8aeb018-f679-5670-b210-de4f62ff2111,a6f6d890-1609-53fc-b4a6-5733ccc9d078,0ec23038-d3ab-588c-bbd6-1f5c744cdde1,2025-01-31,2025-02-14,14
1f771c85-b16e-56ab-8198-e10eda80ff9f,e8aeb018-f679-5670-b210-de4f62ff2111,c6617891-56ff-5690-89a4-1ece06685ff5,042e2e80-f954-5df4-97be-29dd428cc598,2025-02-04,2025-02-14,10
85161284-ffc0-5d0e-8ab9-c0c42d54cd97,e8aeb018-f679-5670-b210-de4f62ff2111,76d6c9f4-5d7d-53c0-bb1f-2a577383765a,2082733c-4e17-51fe-bc8c-bf33d3ec5d7e,2025-02-12,2025-02-15,3
028f8747-1987-5782-a73c-d61f36c9a2cc,e8aeb018-f679-5670-b210-de4f62ff2111,c6617891-56ff-5690-89a4-1ece06685ff5,2eb3a104-e572-583a-afa0-156ee0dc4cce,2025-02-06,2025-02-16,10
65841786-bb34-5d11-ab95-72d86bf11e9b,e8aeb018-f679-5670-b210-de4f62ff2111,76d6c9f4-5d7d-53c0-bb1f-2a577383765a,5bbfdec8-65ae-59e6-b211-5eccb5b765fa,2025-02-13,2025-02-16,3
143a5b3c-544b-5f56-a7f7-49cdeecfc735,e8aeb018-f679-5670-b210-de4f62ff2111,76d6c9f4-5d7d-53c0-bb1f-2a577383765a,c0cf5e5c-b5c9-585a-8e79-d9830bc954f6,2025-02-13,2025-02-16,3
02230922-5744-5f39-8b75-ced6221087d9,e8aeb018-f679-5670-b210-de4f62ff2111,c6617891-56ff-5690-89a4-1ece06685ff5,042e2e80-f954-5df4-97be-29dd428cc598,2025-02-06,2025-02-16,10
25d8987c-5014-50d1-8f17-277c427e033e,e8aeb018-f679-5670-b210-de4f62ff2111,ab4a547f-e75d-5601-8171-00da4efa4b57,07371b94-955f-52a4-9bf9-f0a6ad2b4fa8,2025-02-10,2025-02-17,7
dcaadd9c-f8d6-54a3-8af4-b541d4461a1d,e8aeb018-f679-5670-b210-de4f62ff2111,a6f6d890-1609-53fc-b4a6-5733ccc9d078,983871db-adfb-543e-b438-6b00044ffb64,2025-02-03,2025-02-17,14
e448bfbe-fd63-5dda-90b4-d5e07b2ed29b,e8aeb018-f679-5670-b210-de4f62ff2111,a6f6d890-1609-53fc-b4a6-5733ccc9d078,4d9429b6-2ebf-5b5d-ac48-f779d5a1e270,2025-02-03,2025-02-17,14
fca27754-ddef-54ad-ac49-a961da482900,e8aeb018-f679-5670-b210-de4f62ff2111,a6f6d890-1609-53fc-b4a6-5733ccc9d078,983871db-adfb-543e-b438-6b00044ffb64,2025-02-03,2025-02-17,14
27fe6d55-d85d-5c46-9090-b702efedd016,e8aeb018-f679-5670-b210-de4f62ff2111,c6617891-56ff-5690-89a4-1ece06685ff5,87b859e0-789a-56e6-b1ba-4fe76221d3bf,2025-02-07,2025-02-17,10
1df27912-7168-5de3-be1b-c4d9b5b6d5be,e8aeb018-f679-5670-b210-de4f62ff2111,41cb90d0-d91a-57c2-b138-831be351479f,38adf7ba-476e-5e6b-9163-781a13538253,2025-02-12,2025-02-17,5
5c59d6bc-240c-5923-86c9-235c08e60e49,e8aeb018-f679-5670-b210-de4f62ff2111,ab4a547f-e75d-5601-8171-00da4efa4b57,97d26d91-c562-5f27-9ebd-285e89c8f4bf,2025-02-10,2025-02-17,7
2ff30fd8-a9a2-59c3-8f55-6427942266c3,e8aeb018-f679-5670-b210-de4f62ff2111,a6f6d890-1609-53fc-b4a6-5733ccc9d078,afe9d181-1c64-5cca-b4b7-a9fa24eceeea,2025-02-03,2025-02-17,14
284df2dc-4cd8-56db-b546-303e52bba76c,e8aeb018-f679-5670-b210-de4f62ff2111,ab4a547f-e75d-5601-8171-00da4efa4b57,6d807393-f4ab-5f76-b544-251eeda27ba3,2025-02-11,2025-02-18,7
3decf6f4-44b6-56d9-8f75-cb9d4fada934,e8aeb018-f679-5670-b210-de4f62ff2111,ab4a547f-e75d-5601-8171-00da4efa4b57,97d26d91-c562-5f27-9ebd-285e89c8f4bf,2025-02-11,2025-02-18,7
dca0ab6f-416a-555f-883e-0af7dd6c35d2,e8aeb018-f679-5670-b210-de4f62ff2111,a6f6d890-1609-53fc-b4a6-5733ccc9d078,afe9d181-1c64-5cca-b4b7-a9fa24eceeea,2025-02-04,2025-02-18,14
645c218c-d29d-55ae-be7b-61949f5ab58a,e8aeb018-f679-5670-b210-de4f62ff2111,41cb90d0-d91a-57c2-b138-831be351479f,2897aac2-f219-5167-b800-73fac27f6b85,2025-02-13,2025-02-18,5
f78ca68e-848b-5d40-97c0-c38909bc4698,e8aeb018-f679-5670-b210-de4f62ff2111,a6f6d890-1609-53fc-b4a6-5733ccc9d078,1e9605fd-5682-52b6-8f05-e8a92dd44513,2025-02-04,2025-02-18,14
173ccbcf-1b37-56b6-ba8e-a2d8ef7d530d,e8aeb018-f679-5670-b210-de4f62ff2111,ab4a547f-e75d-5601-8171-00da4efa4b57,22231140-3780-5fe8-a7d4-d33f61d15111,2025-02-12,2025-02-19,7
762e40e5-7325-5f63-aa4e-1af8e34b1b21,e8aeb018-f679-5670-b210-de4f62ff2111,ab4a547f-e75d-5601-8171-00da4efa4b57,012857cc-907f-5e7d-b8fb-796d2c9f1621,2025-02-12,2025-02-19,7
2f0b3938-dbe1-57b4-87f0-031b6072af9f,e8aeb018-f679-5670-b210-de4f62ff2111,a6f6d890-1609-53fc-b4a6-5733ccc9d078,0ec23038-d3ab-588c-bbd6-1f5c744cdde1,2025-02-05,2025-02-19,14
321ff656-5cf5-510e-9fce-03d70939364a,e8aeb018-f679-5670-b210-de4f62ff2111,41cb90d0-d91a-57c2-b138-831be351479f,2933d8b7-2438-521b-b38d-d3a5224f87fc,2025-02-15,2025-02-20,5
94b8181d-ec20-5d95-8477-242c64366e19,e8aeb018-f679-5670-b210-de4f62ff2111,c6617891-56ff-5690-89a4-1ece06685ff5,d9506935-1215-5499-93c0-8bdd86ab9418,2025-02-10,2025-02-20,10
46d95de5-62e6-50f1-9b2b-9a0dac58c510,e8aeb018-f679-5670-b210-de4f62ff2111,c6617891-56ff-5690-89a4-1ece06685ff5,058c6382-bde2-59d1-93ff-20c6161a4736,2025-02-10,2025-02-20,10
74290805-1c51-5890-a189-9c9a4b340f8f,e8aeb018-f679-5670-b210-de4f62ff2111,ab4a547f-e75d-5601-8171-00da4efa4b57,012857cc-907f-5e7d-b8fb-796d2c9f1621,2025-02-13,2025-02-20,7
5a4f2616-ffe6-5aec-b235-a8b4ba786582,e8aeb018-f679-5670-b210-de4f62ff2111,ab4a547f-e75d-5601-8171-00da4efa4b57,94e18241-54bd-5516-b36f-94ab6e323aca,2025-02-13,2025-02-20,7
d5de5a7b-0bdc-5abf-90e5-4ff533d0ad5c,e8aeb018-f679-5670-b210-de4f62ff2111,ab4a547f-e75d-5601-8171-00da4efa4b57,22231140-3780-5fe8-a7d4-d33f61d15111,2025-02-13,2025-02-20,7
53380536-d8a2-5b36-a304-f58d7d5b9d1e,e8aeb018-f679-5670-b210-de4f62ff2111,41cb90d0-d91a-57c2-b138-831be351479f,6baabed2-52d7-5cb7-bf74-86c7cb3e4f07,2025-02-15,2025-02-20,5
ad4c5345-3d23-524e-aabe-b77929b5f9c4,e8aeb018-f679-5670-b210-de4f62ff2111,ab4a547f-e75d-5601-8171-00da4efa4b57,94e18241-54bd-5516-b36f-94ab6e323aca,2025-02-14,2025-02-21,7
3c1ee5eb-932b-5701-bcfe-33a60518bae6,e8aeb018-f679-5670-b210-de4f62ff2111,c6617891-56ff-5690-89a4-1ece06685ff5,058c6382-bde2-59d1-93ff-20c6161a4736,2025-02-11,2025-02-21,10
1af8f760-7f9b-5f40-8584-8512f253c4d8,e8aeb018-f679-5670-b210-de4f62ff2111,76d6c9f4-5d7d-53c0-bb1f-2a577383765a,c0cf5e5c-b5c9-585a-8e79-d9830bc954f6,2025-02-19,2025-02-22,3
89c8e4aa-9d68-5cc8-83a4-b1a26974e217,e8aeb018-f679-5670-b210-de4f62ff2111,a6f6d890-1609-53fc-b4a6-5733ccc9d078,1e9605fd-5682-52b6-8f05-e8a92dd44513,2025-02-08,2025-02-22,14
43a11c0d-57fb-5e2f-a626-781e068a5ff3,e8aeb018-f679-5670-b210-de4f62ff2111,41cb90d0-d91a-57c2-b138-831be351479f,38adf7ba-476e-5e6b-9163-781a13538253,2025-02-17,2025-02-22,5
e3912183-73ed-5156-bd2f-201ed1a252d8,e8aeb018-f679-5670-b210-de4f62ff2111,ab4a547f-e75d-5601-8171-00da4efa4b57,94e18241-54bd-5516-b36f-94ab6e323aca,2025-02-15,2025-02-22,7
e87eb0b8-a0fb-54ac-a9da-29868078888a,e8aeb018-f679-5670-b210-de4f62ff2111,41cb90d0-d91a-57c2-b138-831be351479f,d2f08f15-f9f2-5f65-a740-b05896774467,2025-02-17,2025-02-22,5
2d968467-8bb8-54cb-a62b-9cf136a31155,e8aeb018-f679-5670-b210-de4f62ff2111,c6617891-56ff-5690-89a4-1ece06685ff5,d9506935-1215-5499-93c0-8bdd86ab9418,2025-02-12,2025-02-22,10
73871fdf-28c5-59bd-bb29-df0e98a63ffa,e8aeb018-f679-5670-b210-de4f62ff2111,41cb90d0-d91a-57c2-b138-831be351479f,d2f08f15-f9f2-5f65-a740-b05896774467,2025-02-18,2025-02-23,5
5b15af49-1805-50d6-82c3-dba21c109387,e8aeb018-f679-5670-b210-de4f62ff2111,c6617891-56ff-5690-89a4-1ece06685ff5,1ca3438e-9e23-58f0-a35f-f15f7a23beb9,2025-02-13,2025-02-23,10
d485f510-637f-54b7-898a-c30b9f905f26,e8aeb018-f679-5670-b210-de4f62ff2111,c6617891-56ff-5690-89a4-1ece06685ff5,2eb3a104-e572-583a-afa0-156ee0dc4cce,2025-02-13,2025-02-23,10
ed78f29a-47ee-5d0c-8163-dfcd14a7e04b,e8aeb018-f679-5670-b210-de4f62ff2111,a6f6d890-1609-53fc-b4a6-5733ccc9d078,9928e9a1-d9fc-5fdd-86c2-8909352fd7fe,2025-02-10,2025-02-24,14
eaf16535-2eac-5a7a-a27b-2a59b5ea1c2b,e8aeb018-f679-5670-b210-de4f62ff2111,41cb90d0-d91a-57c2-b138-831be351479f,38adf7ba-476e-5e6b-9163-781a13538253,2025-02-19,2025-02-24,5
eb1d5f93-d8b0-5657-8619-0268c8ec7b88,e8aeb018-f679-5670-b210-de4f62ff2111,41cb90d0-d91a-57c2-b138-831be351479f,d2f08f15-f9f2-5f65-a740-b05896774467,2025-02-19,2025-02-24,5
e8a98cff-fce7-5960-a98c-17320eec4468,e8aeb018-f679-5670-b210-de4f62ff2111,c6617891-56ff-5690-89a4-1ece06685ff5,1ca3438e-9e23-58f0-a35f-f15f7a23beb9,2025-02-14,2025-02-24,10
e5da1af7-5647-5436-b8f6-37fcec3fb1b2,e8aeb018-f679-5670-b210-de4f62ff2111,41cb90d0-d91a-57c2-b138-831be351479f,82cd11ba-d1a0-58b1-b14f-edd741f36e87,2025-02-19,2025-02-24,5
85dd9477-e4d7-54de-9c53-231ceb8b5bb7,e8aeb018-f679-5670-b210-de4f62ff2111,ab4a547f-e75d-5601-8171-00da4efa4b57,07371b94-955f-52a4-9bf9-f0a6ad2b4fa8,2025-02-17,2025-02-24,7
79d3f69a-faaa-56de-85de-4616523fc9e5,e8aeb018-f679-5670-b210-de4f62ff2111,ab4a547f-e75d-5601-8171-00da4efa4b57,22231140-3780-5fe8-a7d4-d33f61d15111,2025-02-17,2025-02-24,7
63a12976-7a17-56d1-baf2-c757c1d73fac,e8aeb018-f679-5670-b210-de4f62ff2111,ab4a547f-e75d-5601-8171-00da4efa4b57,012857cc-907f-5e7d-b8fb-796d2c9f1621,2025-02-17,2025-02-24,7
3ca0ec11-b0f8-5498-b623-a38da3f5f1ff,e8aeb018-f679-5670-b210-de4f62ff2111,76d6c9f4-5d7d-53c0-bb1f-2a577383765a,2082733c-4e17-51fe-bc8c-bf33d3ec5d7e,2025-02-21,2025-02-24,3
e3e8fe67-4195-5489-940c-49bcb66372af,e8aeb018-f679-5670-b210-de4f62ff2111,41cb90d0-d91a-57c2-b138-831be351479f,82cd11ba-d1a0-58b1-b14f-edd741f36e87,2025-02-19,2025-02-24,5
b59eecb7-9935-52be-96fd-1c13103dc1b0,e8aeb018-f679-5670-b210-de4f62ff2111,ab4a547f-e75d-5601-8171-00da4efa4b57,07371b94-955f-52a4-9bf9-f0a6ad2b4fa8,2025-02-17,2025-02-24,7
03eba000-ea80-5e85-b66a-cba14ad81d86,e8aeb018-f679-5670-b210-de4f62ff2111,c6617891-56ff-5690-89a4-1ece06685ff5,058c6382-bde2-59d1-93ff-20c6161a4736,2025-02-14,2025-02-24,10
b4ddfab5-3c6b-51d9-aca9-9dda48331c03,e8aeb018-f679-5670-b210-de4f62ff2111,76d6c9f4-5d7d-53c0-bb1f-2a577383765a,c0cf5e5c-b5c9-585a-8e79-d9830bc954f6,2025-02-22,2025-02-25,3
4fd4e7fc-8725-5d1c-b907-f79f5d4b8dde,e8aeb018-f679-5670-b210-de4f62ff2111,76d6c9f4-5d7d-53c0-bb1f-2a577383765a,d0ae6d2d-e561-56b3-a2c1-113c1c56ae81,2025-02-22,2025-02-25,3
60411004-6f90-54b1-a730-1ebcc265d10e,e8aeb018-f679-5670-b210-de4f62ff2111,ab4a547f-e75d-5601-8171-00da4efa4b57,07371b94-955f-52a4-9bf9-f0a6ad2b4fa8,2025-02-18,2025-02-25,7
37c483ba-286e-52eb-9218-4677c6a1339e,e8aeb018-f679-5670-b210-de4f62ff2111,76d6c9f4-5d7d-53c0-bb1f-2a577383765a,c0cf5e5c-b5c9-585a-8e79-d9830bc954f6,2025-02-22,2025-02-25,3
92415428-6982-5229-a231-4b4d8fdcb5a7,e8aeb018-f679-5670-b210-de4f62ff2111,a6f6d890-1609-53fc-b4a6-5733ccc9d078,1e9605fd-5682-52b6-8f05-e8a92dd44513,2025-02-11,2025-02-25,14
dfbb6689-b7d3-58d7-aa05-819c33e340a1,e8aeb018-f679-5670-b210-de4f62ff2111,41cb90d0-d91a-57c2-b138-831be351479f,82cd11ba-d1a0-58b1-b14f-edd741f36e87,2025-02-21,2025-02-26,5
1e6436e6-0acc-54b2-a21b-b0fc54813a2c,e8aeb018-f679-5670-b210-de4f62ff2111,ab4a547f-e75d-5601-8171-00da4efa4b57,6d807393-f4ab-5f76-b544-251eeda27ba3,2025-02-19,2025-02-26,7
1dd213bc-c8f4-5e96-9df9-aa8e2f8b144b,e8aeb018-f679-5670-b210-de4f62ff2111,ab4a547f-e75d-5601-8171-00da4efa4b57,94e18241-54bd-5516-b36f-94ab6e323aca,2025-02-19,2025-02-26,7
ae22bd3b-68d7-58f6-9850-9f49efaf471f,e8aeb018-f679-5670-b210-de4f62ff2111,ab4a547f-e75d-5601-8171-00da4efa4b57,94e18241-54bd-5516-b36f-94ab6e323aca,2025-02-19,2025-02-26,7
d5973632-abec-5ae9-822f-91a5ed66b379,e8aeb018-f679-5670-b210-de4f62ff2111,ab4a547f-e75d-5601-8171-00da4efa4b57,6d807393-f4ab-5f76-b544-251eeda27ba3,2025-02-19,2025-02-26,7
86c4249f-1c62-5619-ac7f-1f67e85a6572,e8aeb018-f679-5670-b210-de4f62ff2111,a6f6d890-1609-53fc-b4a6-5733ccc9d078,0ec23038-d3ab-588c-bbd6-1f5c744cdde1,2025-02-12,2025-02-26,14
4e216126-575d-5ea1-8e28-089aad29820e,e8aeb018-f679-5670-b210-de4f62ff2111,76d6c9f4-5d7d-53c0-bb1f-2a577383765a,5bbfdec8-65ae-59e6-b211-5eccb5b765fa,2025-02-24,2025-02-27,3
e8c9a6c7-9a71-5827-bd14-3fd5d3954865,e8aeb018-f679-5670-b210-de4f62ff2111,76d6c9f4-5d7d-53c0-bb1f-2a577383765a,cd81184b-b6f1-563c-b463-36a69ddfb598,2025-02-24,2025-02-27,3
2a3393d9-cdf3-508c-99a9-430239401703,e8aeb018-f679-5670-b210-de4f62ff2111,c6617891-56ff-5690-89a4-1ece06685ff5,87b859e0-789a-56e6-b1ba-4fe76221d3bf,2025-02-17,2025-02-27,10
e36c0dfb-e576-5c05-8c6e-b74b9dd8eb7e,e8aeb018-f679-5670-b210-de4f62ff2111,a6f6d890-1609-53fc-b4a6-5733ccc9d078,0ec23038-d3ab-588c-bbd6-1f5c744cdde1,2025-02-13,2025-02-27,14
84b3edca-4ec7-550d-bfe5-069e64d8663a,e8aeb018-f679-5670-b210-de4f62ff2111,41cb90d0-d91a-57c2-b138-831be351479f,82cd11ba-d1a0-58b1-b14f-edd741f36e87,2025-02-22,2025-02-27,5
26ad7b0f-4e5c-5691-bb07-558e8609a019,e8aeb018-f679-5670-b210-de4f62ff2111,c6617891-56ff-5690-89a4-1ece06685ff5,2eb3a104-e572-583a-afa0-156ee0dc4cce,2025-02-18,2025-02-28,10
677e7145-f420-5576-be79-c781ec9fa011,e8aeb018-f679-5670-b210-de4f62ff2111,a6f6d890-1609-53fc-b4a6-5733ccc9d078,9928e9a1-d9fc-5fdd-86c2-8909352fd7fe,2025-02-14,2025-02-28,14
7f5f9868-fae5-51a1-8a0a-8119d5107421,e8aeb018-f679-5670-b210-de4f62ff2111,a6f6d890-1609-53fc-b4a6-5733ccc9d078,4d9429b6-2ebf-5b5d-ac48-f779d5a1e270,2025-02-14,2025-02-28,14
d78efc55-f39e-5d27-9d58-55716a923ee4,e8aeb018-f679-5670-b210-de4f62ff2111,76d6c9f4-5d7d-53c0-bb1f-2a577383765a,c0cf5e5c-b5c9-585a-8e79-d9830bc954f6,2025-02-25,2025-02-28,3
2f4fe88a-7682-59a9-bad8-f044885694fa,e8aeb018-f679-5670-b210-de4f62ff2111,41cb90d0-d91a-57c2-b138-831be351479f,38adf7ba-476e-5e6b-9163-781a13538253,2025-02-24,2025-03-01,5
2ccc0438-e3f5-5fae-9ba9-6ea6c8407a7e,e8aeb018-f679-5670-b210-de4f62ff2111,c6617891-56ff-5690-89a4-1ece06685ff5,d9506935-1215-5499-93c0-8bdd86ab9418,2025-02-19,2025-03-01,10
6f16fb5f-b195-5319-9c90-3c181e7f190c,e8aeb018-f679-5670-b210-de4f62ff2111,76d6c9f4-5d7d-53c0-bb1f-2a577383765a,2082733c-4e17-51fe-bc8c-bf33d3ec5d7e,2025-02-26,2025-03-01,3
7aefdb11-a833-5626-960b-f3a51c0a23c1,e8aeb018-f679-5670-b210-de4f62ff2111,76d6c9f4-5d7d-53c0-bb1f-2a577383765a,d3961f5a-3ea7-53d3-89f4-78b65b0c0c6b,2025-02-28,2025-03-03,3
26f2185a-44a0-5e3f-b0f9-566a1fe4bfb2,e8aeb018-f679-5670-b210-de4f62ff2111,c6617891-56ff-5690-89a4-1ece06685ff5,1ca3438e-9e23-58f0-a35f-f15f7a23beb9,2025-02-21,2025-03-03,10
fc2da691-ac03-5fb0-b9fb-fe85de8d4fcb,e8aeb018-f679-5670-b210-de4f62ff2111,41cb90d0-d91a-57c2-b138-831be351479f,6baabed2-52d7-5cb7-bf74-86c7cb3e4f07,2025-02-26,2025-03-03,5
5d3cd047-cca9-5add-a3b9-2ee124fd8659,e8aeb018-f679-5670-b210-de4f62ff2111,41cb90d0-d91a-57c2-b138-831be351479f,82cd11ba-d1a0-58b1-b14f-edd741f36e87,2025-02-26,2025-03-03,5
0debc01f-871c-545c-9c06-7bc3fbfcd235,e8aeb018-f679-5670-b210-de4f62ff2111,76d6c9f4-5d7d-53c0-bb1f-2a577383765a,cd81184b-b6f1-563c-b463-36a69ddfb598,2025-02-28,2025-03-03,3
b255331c-b5f6-5256-a3c0-2483e021c20a,e8aeb018-f679-5670-b210-de4f62ff2111,a6f6d890-1609-53fc-b4a6-5733ccc9d078,afe9d181-1c64-5cca-b4b7-a9fa24eceeea,2025-02-18,2025-03-04,14
94253dac-97d9-55b4-97b2-6ccacd6d9c10,e8aeb018-f679-5670-b210-de4f62ff2111,a6f6d890-1609-53fc-b4a6-5733ccc9d078,4d9429b6-2ebf-5b5d-ac48-f779d5a1e270,2025-02-18,2025-03-04,14
ce387738-ffcc-5a24-b076-ffc9a672b8ee,e8aeb018-f679-5670-b210-de4f62ff2111,41cb90d0-d91a-57c2-b138-831be351479f,38adf7ba-476e-5e6b-9163-781a13538253,2025-02-27,2025-03-04,5
21b5a8f0-621a-5739-821b-2e4e20bf310b,e8aeb018-f679-5670-b210-de4f62ff2111,76d6c9f4-5d7d-53c0-bb1f-2a577383765a,5bbfdec8-65ae-59e6-b211-5eccb5b765fa,2025-03-01,2025-03-04,3
8e43c9f7-eaa6-5029-80cd-17acd3941b1f,e8aeb018-f679-5670-b210-de4f62ff2111,a6f6d890-1609-53fc-b4a6-5733ccc9d078,9928e9a1-d9fc-5fdd-86c2-8909352fd7fe,2025-02-18,2025-03-04,14
729f948c-ed9f-5e6b-b8ef-99aef3861575,e8aeb018-f679-5670-b210-de4f62ff2111,41cb90d0-d91a-57c2-b138-831be351479f,2897aac2-f219-5167-b800-73fac27f6b85,2025-02-27,2025-03-04,5
c35aa2f3-8abe-5823-b7ce-19869a4453ef,e8aeb018-f679-5670-b210-de4f62ff2111,76d6c9f4-5d7d-53c0-bb1f-2a577383765a,c0cf5e5c-b5c9-585a-8e79-d9830bc954f6,2025-03-03,2025-03-06,3
271c08ae-2b12-508e-b6c4-e24dce9f4e5a,e8aeb018-f679-5670-b210-de4f62ff2111,41cb90d0-d91a-57c2-b138-831be351479f,2897aac2-f219-5167-b800-73fac27f6b85,2025-03-01,2025-03-06,5
14822107-2296-5be7-9ccf-3e8f2cda8ce6,e8aeb018-f679-5670-b210-de4f62ff2111,76d6c9f4-5d7d-53c0-bb1f-2a577383765a,cd81184b-b6f1-563c-b463-36a69ddfb598,2025-03-03,2025-03-06,3
e9541f0e-a4da-5210-bdbf-694f466915fe,e8aeb018-f679-5670-b210-de4f62ff2111,76d6c9f4-5d7d-53c0-bb1f-2a577383765a,d3961f5a-3ea7-53d3-89f4-78b65b0c0c6b,2025-03-04,2025-03-07,3
38181dd0-3f28-5be0-9ab3-213abfdd3527,e8aeb018-f679-5670-b210-de4f62ff2111,a6f6d890-1609-53fc-b4a6-5733ccc9d078,983871db-adfb-543e-b438-6b00044ffb64,2025-02-21,2025-03-07,14
1342b0ee-ca46-5a34-b163-a2b478389665,e8aeb018-f679-5670-b210-de4f62ff2111,76d6c9f4-5d7d-53c0-bb1f-2a577383765a,d3961f5a-3ea7-53d3-89f4-78b65b0c0c6b,2025-03-04,2025-03-07,3
567d852c-04c4-5334-b788-9582b289febe,e8aeb018-f679-5670-b210-de4f62ff2111,c6617891-56ff-5690-89a4-1ece06685ff5,87b859e0-789a-56e6-b1ba-4fe76221d3bf,2025-02-25,2025-03-07,10
9e35c28f-2f28-531e-a2b5-e79b616bd2b4,e8aeb018-f679-5670-b210-de4f62ff2111,a6f6d890-1609-53fc-b4a6-5733ccc9d078,4d9429b6-2ebf-5b5d-ac48-f779d5a1e270,2025-02-22,2025-03-08,14
513f9c09-5ce9-5de2-8f97-d16c6e5ddbc1,e8aeb018-f679-5670-b210-de4f62ff2111,ab4a547f-e75d-5601-8171-00da4efa4b57,012857cc-907f-5e7d-b8fb-796d2c9f1621,2025-03-01,2025-03-08,7
a532e5a0-923d-5b5f-885f-5366675d67ec,e8aeb018-f679-5670-b210-de4f62ff2111,41cb90d0-d91a-57c2-b138-831be351479f,38adf7ba-476e-5e6b-9163-781a13538253,2025-03-04,2025-03-09,5
ed475bf2-978e-5896-b0b0-d1a384dd03ea,e8aeb018-f679-5670-b210-de4f62ff2111,76d6c9f4-5d7d-53c0-bb1f-2a577383765a,cd81184b-b6f1-563c-b463-36a69ddfb598,2025-03-06,2025-03-09,3
a496de69-9fa3-52e6-be36-0e56b834de84,e8aeb018-f679-5670-b210-de4f62ff2111,41cb90d0-d91a-57c2-b138-831be351479f,2933d8b7-2438-521b-b38d-d3a5224f87fc,2025-03-04,2025-03-09,5
25ef7702-ebf3-5aa5-8030-bad76131dfd3,e8aeb018-f679-5670-b210-de4f62ff2111,41cb90d0-d91a-57c2-b138-831be351479f,2897aac2-f219-5167-b800-73fac27f6b85,2025-03-04,2025-03-09,5
7758c2dd-df0d-534e-b983-213baeea193f,e8aeb018-f679-5670-b210-de4f62ff2111,41cb90d0-d91a-57c2-b138-831be351479f,6baabed2-52d7-5cb7-bf74-86c7cb3e4f07,2025-03-04,2025-03-09,5
ab313a89-9c96-5100-8b2e-2b68e84edf7a,e8aeb018-f679-5670-b210-de4f62ff2111,c6617891-56ff-5690-89a4-1ece06685ff5,d9506935-1215-5499-93c0-8bdd86ab9418,2025-02-27,2025-03-09,10
dd19b32d-f1fa-5057-9032-d849ae8dbce4,e8aeb018-f679-5670-b210-de4f62ff2111,c6617891-56ff-5690-89a4-1ece06685ff5,058c6382-bde2-59d1-93ff-20c6161a4736,2025-02-27,2025-03-09,10
299253ee-6890-59a1-ad51-0cf67fe4702c,e8aeb018-f679-5670-b210-de4f62ff2111,41cb90d0-d91a-57c2-b138-831be351479f,38adf7ba-476e-5e6b-9163-781a13538253,2025-03-04,2025-03-09,5
8f407a47-8572-5b32-af78-7ddc78907396,e8aeb018-f679-5670-b210-de4f62ff2111,c6617891-56ff-5690-89a4-1ece06685ff5,87b859e0-789a-56e6-b1ba-4fe76221d3bf,2025-02-28,2025-03-10,10
1d383a29-1f7f-58cb-aad7-ac3f85a7d2ed,e8aeb018-f679-5670-b210-de4f62ff2111,ab4a547f-e75d-5601-8171-00da4efa4b57,6d807393-f4ab-5f76-b544-251eeda27ba3,2025-03-03,2025-03-10,7
afae882d-c396-51e0-8046-8008d3258bc2,e8aeb018-f679-5670-b210-de4f62ff2111,c6617891-56ff-5690-89a4-1ece06685ff5,042e2e80-f954-5df4-97be-29dd428cc598,2025-02-28,2025-03-10,10
2df8cc8f-bf28-57dd-8596-d838bbfd5fe9,e8aeb018-f679-5670-b210-de4f62ff2111,a6f6d890-1609-53fc-b4a6-5733ccc9d078,4d9429b6-2ebf-5b5d-ac48-f779d5a1e270,2025-02-24,2025-03-10,14
77e3f231-af4c-5ff3-aa09-71b657543129,e8aeb018-f679-5670-b210-de4f62ff2111,a6f6d890-1609-53fc-b4a6-5733ccc9d078,0ec23038-d3ab-588c-bbd6-1f5c744cdde1,2025-02-25,2025-03-11,14
1f4fb307-9233-5e8a-a381-d1f4fdd69642,e8aeb018-f679-5670-b210-de4f62ff2111,a6f6d890-1609-53fc-b4a6-5733ccc9d078,1e9605fd-5682-52b6-8f05-e8a92dd44513,2025-02-25,2025-03-11,14
faef118c-52dc-5e60-a3e4-59f330b7517a,e8aeb018-f679-5670-b210-de4f62ff2111,ab4a547f-e75d-5601-8171-00da4efa4b57,94e18241-54bd-5516-b36f-94ab6e323aca,2025-03-05,2025-03-12,7
0aba6227-7501-55ac-b54b-6c8993f0055c,e8aeb018-f679-5670-b210-de4f62ff2111,41cb90d0-d91a-57c2-b138-831be351479f,d2f08f15-f9f2-5f65-a740-b05896774467,2025-03-07,2025-03-12,5
b5547038-e3bd-53c2-99c9-53c0a8081320,e8aeb018-f679-5670-b210-de4f62ff2111,41cb90d0-d91a-57c2-b138-831be351479f,2933d8b7-2438-521b-b38d-d3a5224f87fc,2025-03-07,2025-03-12,5
9d0e3a5c-0c34-5025-8790-67409f69e502,e8aeb018-f679-5670-b210-de4f62ff2111,c6617891-56ff-5690-89a4-1ece06685ff5,87b859e0-789a-56e6-b1ba-4fe76221d3bf,2025-03-03,2025-03-13,10
1d88763d-315d-578b-9e7d-1cb3062c06af,e8aeb018-f679-5670-b210-de4f62ff2111,76d6c9f4-5d7d-53c0-bb1f-2a577383765a,2082733c-4e17-51fe-bc8c-bf33d3ec5d7e,2025-03-10,2025-03-13,3
924868ef-ae5a-5f06-99a8-c175482a72c2,e8aeb018-f679-5670-b210-de4f62ff2111,a6f6d890-1609-53fc-b4a6-5733ccc9d078,afe9d181-1c64-5cca-b4b7-a9fa24eceeea,2025-02-28,2025-03-14,14
8f0534e5-f8ac-5f9c-9e35-39424efde3c5,e8aeb018-f679-5670-b210-de4f62ff2111,76d6c9f4-5d7d-53c0-bb1f-2a577383765a,d3961f5a-3ea7-53d3-89f4-78b65b0c0c6b,2025-03-11,2025-03-14,3
fa5504aa-5117-5a31-af5b-763a2c8a312f,e8aeb018-f679-5670-b210-de4f62ff2111,76d6c9f4-5d7d-53c0-bb1f-2a577383765a,d3961f5a-3ea7-53d3-89f4-78b65b0c0c6b,2025-03-11,2025-03-14,3
3a17e627-2c3d-52ab-b186-3423637f52f5,e8aeb018-f679-5670-b210-de4f62ff2111,41cb90d0-d91a-57c2-b138-831be351479f,2897aac2-f219-5167-b800-73fac27f6b85,2025-03-10,2025-03-15,5
7abeb5d9-6418-54b7-8151-27026577a676,e8aeb018-f679-5670-b210-de4f62ff2111,41cb90d0-d91a-57c2-b138-831be351479f,38adf7ba-476e-5e6b-9163-781a13538253,2025-03-10,2025-03-15,5
43e3a8a0-6f9e-5149-bf36-aa235ebef1ba,e8aeb018-f679-5670-b210-de4f62ff2111,c6617891-56ff-5690-89a4-1ece06685ff5,1ca3438e-9e23-58f0-a35f-f15f7a23beb9,2025-03-05,2025-03-15,10
86a56713-b810-5f21-a8ec-386a883e966c,e8aeb018-f679-5670-b210-de4f62ff2111,76d6c9f4-5d7d-53c0-bb1f-2a577383765a,5bbfdec8-65ae-59e6-b211-5eccb5b765fa,2025-03-12,2025-03-15,3
83c02f25-33a6-5f40-ad92-695243289488,e8aeb018-f679-5670-b210-de4f62ff2111,c6617891-56ff-5690-89a4-1ece06685ff5,042e2e80-f954-5df4-97be-29dd428cc598,2025-03-06,2025-03-16,10
fa69a43a-6576-5503-808a-411dd7925902,e8aeb018-f679-5670-b210-de4f62ff2111,41cb90d0-d91a-57c2-b138-831be351479f,2933d8b7-2438-521b-b38d-d3a5224f87fc,2025-03-11,2025-03-16,5
b32705a0-547e-5b9f-ae29-726ad479bc99,e8aeb018-f679-5670-b210-de4f62ff2111,41cb90d0-d91a-57c2-b138-831be351479f,2933d8b7-2438-521b-b38d-d3a5224f87fc,2025-03-12,2025-03-17,5
45e97659-c0ff-5fa3-97be-b416b8e41ae7,e8aeb018-f679-5670-b210-de4f62ff2111,76d6c9f4-5d7d-53c0-bb1f-2a577383765a,c0cf5e5c-b5c9-585a-8e79-d9830bc954f6,2025-03-14,2025-03-17,3
0d4f3948-33aa-59c6-9cb0-972b42101291,e8aeb018-f679-5670-b210-de4f62ff2111,ab4a547f-e75d-5601-8171-00da4efa4b57,94e18241-54bd-5516-b36f-94ab6e323aca,2025-03-10,2025-03-17,7
887a6bd9-405b-5c51-9645-2e50664bfea7,e8aeb018-f679-5670-b210-de4f62ff2111,c6617891-56ff-5690-89a4-1ece06685ff5,87b859e0-789a-56e6-b1ba-4fe76221d3bf,2025-03-07,2025-03-17,10
447f7b1d-8cff-5403-bcf0-4c5393d904f4,e8aeb018-f679-5670-b210-de4f62ff2111,ab4a547f-e75d-5601-8171-00da4efa4b57,6d807393-f4ab-5f76-b544-251eeda27ba3,2025-03-10,2025-03-17,7
c1334584-e5fb-5d93-a06a-6d2e6ae652c7,e8aeb018-f679-5670-b210-de4f62ff2111,76d6c9f4-5d7d-53c0-bb1f-2a577383765a,d0ae6d2d-e561-56b3-a2c1-113c1c56ae81,2025-03-14,2025-03-17,3
1c1707f4-43ac-5ba7-93cd-7c95db0d39d2,e8aeb018-f679-5670-b210-de4f62ff2111,c6617891-56ff-5690-89a4-1ece06685ff5,1ca3438e-9e23-58f0-a35f-f15f7a23beb9,2025-03-08,2025-03-18,10
90117f95-959b-5478-89b5-2ac573c61346,e8aeb018-f679-5670-b210-de4f62ff2111,a6f6d890-1609-53fc-b4a6-5733ccc9d078,9928e9a1-d9fc-5fdd-86c2-8909352fd7fe,2025-03-04,2025-03-18,14
4cbc4eb8-df4d-5580-9620-1eab54efda02,e8aeb018-f679-5670-b210-de4f62ff2111,41cb90d0-d91a-57c2-b138-831be351479f,38adf7ba-476e-5e6b-9163-781a13538253,2025-03-13,2025-03-18,5
b134eff4-aa31-5379-95b1-f8c6f4016c01,e8aeb018-f679-5670-b210-de4f62ff2111,c6617891-56ff-5690-89a4-1ece06685ff5,1ca3438e-9e23-58f0-a35f-f15f7a23beb9,2025-03-08,2025-03-18,10
e3cec88c-e6c9-527f-8d4b-3a3ee58f6ced,e8aeb018-f679-5670-b210-de4f62ff2111,41cb90d0-d91a-57c2-b138-831be351479f,6baabed2-52d7-5cb7-bf74-86c7cb3e4f07,2025-03-14,2025-03-19,5
c915187b-cc0c-5b1f-93de-99eee98d51a2,e8aeb018-f679-5670-b210-de4f62ff2111,ab4a547f-e75d-5601-8171-00da4efa4b57,97d26d91-c562-5f27-9ebd-285e89c8f4bf,2025-03-12,2025-03-19,7
0fc107a8-7775-5088-8765-635d1cb310ed,e8aeb018-f679-5670-b210-de4f62ff2111,ab4a547f-e75d-5601-8171-00da4efa4b57,97d26d91-c562-5f27-9ebd-285e89c8f4bf,2025-03-12,2025-03-19,7
6bf81974-98b1-58ee-bc54-2303768139ba,e8aeb018-f679-5670-b210-de4f62ff2111,ab4a547f-e75d-5601-8171-00da4efa4b57,012857cc-907f-5e7d-b8fb-796d2c9f1621,2025-03-12,2025-03-19,7
ee0c4392-7c99-51d0-a06e-d7e9e8d84066,e8aeb018-f679-5670-b210-de4f62ff2111,ab4a547f-e75d-5601-8171-00da4efa4b57,94e18241-54bd-5516-b36f-94ab6e323aca,2025-03-13,2025-03-20,7
d30f7219-45be-5280-99a3-da7c5c36f74c,e8aeb018-f679-5670-b210-de4f62ff2111,a6f6d890-1609-53fc-b4a6-5733ccc9d078,0ec23038-d3ab-588c-bbd6-1f5c744cdde1,2025-03-06,2025-03-20,14
e83f773e-c214-50bb-9bae-2f8d11f17284,e8aeb018-f679-5670-b210-de4f62ff2111,41cb90d0-d91a-57c2-b138-831be351479f,6baabed2-52d7-5cb7-bf74-86c7cb3e4f07,2025-03-15,2025-03-20,5
e8c7f688-be09-5000-8186-b0cd334a5063,e8aeb018-f679-5670-b210-de4f62ff2111,76d6c9f4-5d7d-53c0-bb1f-2a577383765a,5bbfdec8-65ae-59e6-b211-5eccb5b765fa,2025-03-18,2025-03-21,3
5aca2bd0-15e5-5961-9c42-f40064970e11,e8aeb018-f679-5670-b210-de4f62ff2111,76d6c9f4-5d7d-53c0-bb1f-2a577383765a,d0ae6d2d-e561-56b3-a2c1-113c1c56ae81,2025-03-18,2025-03-21,3
cf127b4f-e76d-5f06-8af6-4ba0d9de98cd,e8aeb018-f679-5670-b210-de4f62ff2111,c6617891-56ff-5690-89a4-1ece06685ff5,2eb3a104-e572-583a-afa0-156ee0dc4cce,2025-03-11,2025-03-21,10
343eaa82-9945-54d5-ac7e-b13f1030ed64,e8aeb018-f679-5670-b210-de4f62ff2111,76d6c9f4-5d7d-53c0-bb1f-2a577383765a,d0ae6d2d-e561-56b3-a2c1-113c1c56ae81,2025-03-18,2025-03-21,3
7b08456d-e0bc-568e-8daf-bcdcb91708bd,e8aeb018-f679-5670-b210-de4f62ff2111,a6f6d890-1609-53fc-b4a6-5733ccc9d078,9928e9a1-d9fc-5fdd-86c2-8909352fd7fe,2025-03-07,2025-03-21,14
0f0f9286-b4fc-5f3b-bacb-ca25af198d01,e8aeb018-f679-5670-b210-de4f62ff2111,a6f6d890-1609-53fc-b4a6-5733ccc9d078,983871db-adfb-543e-b438-6b00044ffb64,2025-03-07,2025-03-21,14
e4ea7466-0ec0-5e98-84b8-9d4a8d7d5990,e8aeb018-f679-5670-b210-de4f62ff2111,c6617891-56ff-5690-89a4-1ece06685ff5,042e2e80-f954-5df4-97be-29dd428cc598,2025-03-11,2025-03-21,10
d6f0bb4f-1d2e-52e1-b3ad-dc34ff0195f1,e8aeb018-f679-5670-b210-de4f62ff2111,ab4a547f-e75d-5601-8171-00da4efa4b57,94e18241-54bd-5516-b36f-94ab6e323aca,2025-03-14,2025-03-21,7
9d189afd-a1b9-5d9b-a6da-f117035bdafa,e8aeb018-f679-5670-b210-de4f62ff2111,41cb90d0-d91a-57c2-b138-831be351479f,2933d8b7-2438-521b-b38d-d3a5224f87fc,2025-03-17,2025-03-22,5
524aded0-4827-59ee-bb99-447fbb233094,e8aeb018-f679-5670-b210-de4f62ff2111,a6f6d890-1609-53fc-b4a6-5733ccc9d078,983871db-adfb-543e-b438-6b00044ffb64,2025-03-08,2025-03-22,14
b13c299c-d68a-5b9d-99cd-7a768eb9a3d5,e8aeb018-f679-5670-b210-de4f62ff2111,ab4a547f-e75d-5601-8171-00da4efa4b57,94e18241-54bd-5516-b36f-94ab6e323aca,2025-03-15,2025-03-22,7
af93657a-4e49-5a5b-9cd2-9b3959d31e75,e8aeb018-f679-5670-b210-de4f62ff2111,ab4a547f-e75d-5601-8171-00da4efa4b57,07371b94-955f-52a4-9bf9-f0a6ad2b4fa8,2025-03-15,2025-03-22,7
dd2edadf-e210-5e64-9ac0-7bbb27bdb83f,e8aeb018-f679-5670-b210-de4f62ff2111,ab4a547f-e75d-5601-8171-00da4efa4b57,97d26d91-c562-5f27-9ebd-285e89c8f4bf,2025-03-15,2025-03-22,7
577581d7-60be-579d-8cb3-5a0b9d7699b4,e8aeb018-f679-5670-b210-de4f62ff2111,c6617891-56ff-5690-89a4-1ece06685ff5,042e2e80-f954-5df4-97be-29dd428cc598,2025-03-13,2025-03-23,10
124fac32-a691-552e-80e3-651eece171fe,e8aeb018-f679-5670-b210-de4f62ff2111,c6617891-56ff-5690-89a4-1ece06685ff5,1ca3438e-9e23-58f0-a35f-f15f7a23beb9,2025-03-13,2025-03-23,10
f908f03f-30e1-51e4-a909-36a1aa376c7e,e8aeb018-f679-5670-b210-de4f62ff2111,41cb90d0-d91a-57c2-b138-831be351479f,d2f08f15-f9f2-5f65-a740-b05896774467,2025-03-18,2025-03-23,5
f7edf16d-fce3-5b61-8b58-19be3ccf0a3c,e8aeb018-f679-5670-b210-de4f62ff2111,ab4a547f-e75d-5601-8171-00da4efa4b57,6d807393-f4ab-5f76-b544-251eeda27ba3,2025-03-17,2025-03-24,7
070cc874-5839-5fe8-a26e-f415f8bf5b44,e8aeb018-f679-5670-b210-de4f62ff2111,c6617891-56ff-5690-89a4-1ece06685ff5,058c6382-bde2-59d1-93ff-20c6161a4736,2025-03-14,2025-03-24,10
b97f1666-0c62-5349-b82b-68867151fb68,e8aeb018-f679-5670-b210-de4f62ff2111,76d6c9f4-5d7d-53c0-bb1f-2a577383765a,2082733c-4e17-51fe-bc8c-bf33d3ec5d7e,2025-03-21,2025-03-24,3
99b53a53-f94c-55da-9ad4-594bc20a79c9,e8aeb018-f679-5670-b210-de4f62ff2111,ab4a547f-e75d-5601-8171-00da4efa4b57,22231140-3780-5fe8-a7d4-d33f61d15111,2025-03-17,2025-03-24,7
35ff8339-10e4-58f2-999c-d5ef11d57350,e8aeb018-f679-5670-b210-de4f62ff2111,76d6c9f4-5d7d-53c0-bb1f-2a577383765a,5bbfdec8-65ae-59e6-b211-5eccb5b765fa,2025-03-21,2025-03-24,3
5b20e7ba-8b12-5761-b01a-ea0361276019,e8aeb018-f679-5670-b210-de4f62ff2111,41cb90d0-d91a-57c2-b138-831be351479f,38adf7ba-476e-5e6b-9163-781a13538253,2025-03-19,2025-03-24,5
b074a534-b94b-5a75-86da-4a2c791f6d95,e8aeb018-f679-5670-b210-de4f62ff2111,76d6c9f4-5d7d-53c0-bb1f-2a577383765a,d0ae6d2d-e561-56b3-a2c1-113c1c56ae81,2025-03-21,2025-03-24,3
1fe5eab3-ddba-5a1d-815d-7ff7f0046fe1,e8aeb018-f679-5670-b210-de4f62ff2111,76d6c9f4-5d7d-53c0-bb1f-2a577383765a,cd81184b-b6f1-563c-b463-36a69ddfb598,2025-03-21,2025-03-24,3
08be6ec4-db56-51cf-b914-001d12d7c996,e8aeb018-f679-5670-b210-de4f62ff2111,41cb90d0-d91a-57c2-b138-831be351479f,6baabed2-52d7-5cb7-bf74-86c7cb3e4f07,2025-03-19,2025-03-24,5
fef2ce8c-e3b8-5fba-b48d-52b97c24c7c8,e8aeb018-f679-5670-b210-de4f62ff2111,c6617891-56ff-5690-89a4-1ece06685ff5,2eb3a104-e572-583a-afa0-156ee0dc4cce,2025-03-15,2025-03-25,10
980b6a8f-a8e2-5ca7-a188-154e77e087c3,e8aeb018-f679-5670-b210-de4f62ff2111,ab4a547f-e75d-5601-8171-00da4efa4b57,012857cc-907f-5e7d-b8fb-796d2c9f1621,2025-03-19,2025-03-26,7
dcdb1418-fa53-5801-8029-2360a192e3d1,e8aeb018-f679-5670-b210-de4f62ff2111,ab4a547f-e75d-5601-8171-00da4efa4b57,012857cc-907f-5e7d-b8fb-796d2c9f1621,2025-03-19,2025-03-26,7
ed7d39eb-55db-5af1-b350-8ef422e7c370,e8aeb018-f679-5670-b210-de4f62ff2111,a6f6d890-1609-53fc-b4a6-5733ccc9d078,afe9d181-1c64-5cca-b4b7-a9fa24eceeea,2025-03-12,2025-03-26,14
407568eb-4820-526e-a030-e76b2c5e4043,e8aeb018-f679-5670-b210-de4f62ff2111,41cb90d0-d91a-57c2-b138-831be351479f,38adf7ba-476e-5e6b-9163-781a13538253,2025-03-22,2025-03-27,5
3f263990-70ff-56ed-9e7f-82af8e55d233,e8aeb018-f679-5670-b210-de4f62ff2111,41cb90d0-d91a-57c2-b138-831be351479f,d2f08f15-f9f2-5f65-a740-b05896774467,2025-03-22,2025-03-27,5
007a588e-f214-5fd9-93eb-1a080361bc37,e8aeb018-f679-5670-b210-de4f62ff2111,c6617891-56ff-5690-89a4-1ece06685ff5,1ca3438e-9e23-58f0-a35f-f15f7a23beb9,2025-03-17,2025-03-27,10
15f688b2-e3bb-579f-a22b-1b3b0046285b,e8aeb018-f679-5670-b210-de4f62ff2111,ab4a547f-e75d-5601-8171-00da4efa4b57,012857cc-907f-5e7d-b8fb-796d2c9f1621,2025-03-20,2025-03-27,7
e5ebc6bf-8fdb-5c4a-839d-d0c8605d8773,e8aeb018-f679-5670-b210-de4f62ff2111,41cb90d0-d91a-57c2-b138-831be351479f,2897aac2-f219-5167-b800-73fac27f6b85,2025-03-22,2025-03-27,5
17d09776-7964-5f22-ad29-d8e3df4f8553,e8aeb018-f679-5670-b210-de4f62ff2111,ab4a547f-e75d-5601-8171-00da4efa4b57,22231140-3780-5fe8-a7d4-d33f61d15111,2025-03-20,2025-03-27,7
36fe5cb3-362e-57da-a131-08aecb24380d,e8aeb018-f679-5670-b210-de4f62ff2111,a6f6d890-1609-53fc-b4a6-5733ccc9d078,4d9429b6-2ebf-5b5d-ac48-f779d5a1e270,2025-03-14,2025-03-28,14
4dd6db4a-3441-566d-bf2b-441b0195d41b,e8aeb018-f679-5670-b210-de4f62ff2111,76d6c9f4-5d7d-53c0-bb1f-2a577383765a,c0cf5e5c-b5c9-585a-8e79-d9830bc954f6,2025-03-25,2025-03-28,3
f42104af-ac6f-5af6-93c1-304cb151a40f,e8aeb018-f679-5670-b210-de4f62ff2111,a6f6d890-1609-53fc-b4a6-5733ccc9d078,afe9d181-1c64-5cca-b4b7-a9fa24eceeea,2025-03-14,2025-03-28,14
d8eaece0-0b5a-5173-8aee-cdbb7bf521fe,e8aeb018-f679-5670-b210-de4f62ff2111,41cb90d0-d91a-57c2-b138-831be351479f,d2f08f15-f9f2-5f65-a740-b05896774467,2025-03-24,2025-03-29,5
20927666-5438-5c0d-aaa6-c3e1fd99b93b,e8aeb018-f679-5670-b210-de4f62ff2111,41cb90d0-d91a-57c2-b138-831be351479f,38adf7ba-476e-5e6b-9163-781a13538253,2025-03-24,2025-03-29,5
8368dca1-4a39-5fbe-a30a-3d76f5a0abcd,e8aeb018-f679-5670-b210-de4f62ff2111,41cb90d0-d91a-57c2-b138-831be351479f,d2f08f15-f9f2-5f65-a740-b05896774467,2025-03-25,2025-03-30,5
b5f916ac-e8f9-5c51-a531-1bdf6bf22a15,e8aeb018-f679-5670-b210-de4f62ff2111,76d6c9f4-5d7d-53c0-bb1f-2a577383765a,d0ae6d2d-e561-56b3-a2c1-113c1c56ae81,2025-03-27,2025-03-30,3
73d0f81f-ab32-54ce-9caa-f1d1c7f102cb,e8aeb018-f679-5670-b210-de4f62ff2111,41cb90d0-d91a-57c2-b138-831be351479f,82cd11ba-d1a0-58b1-b14f-edd741f36e87,2025-03-25,2025-03-30,5
fee7d064-c8f0-5d0c-8c37-fee91e7e5547,e8aeb018-f679-5670-b210-de4f62ff2111,76d6c9f4-5d7d-53c0-bb1f-2a577383765a,2082733c-4e17-51fe-bc8c-bf33d3ec5d7e,2025-03-27,2025-03-30,3
9e08e558-9ca3-53ed-8873-8b59e009f675,e8aeb018-f679-5670-b210-de4f62ff2111,c6617891-56ff-5690-89a4-1ece06685ff5,042e2e80-f954-5df4-97be-29dd428cc598,2025-03-20,2025-03-30,10
59cb65fc-d21c-5552-9ecc-3db74c013c51,e8aeb018-f679-5670-b210-de4f62ff2111,76d6c9f4-5d7d-53c0-bb1f-2a577383765a,c0cf5e5c-b5c9-585a-8e79-d9830bc954f6,2025-03-27,2025-03-30,3
e5770a8a-1839-5bf1-a944-38f4c2ecbf86,e8aeb018-f679-5670-b210-de4f62ff2111,c6617891-56ff-5690-89a4-1ece06685ff5,2eb3a104-e572-583a-afa0-156ee0dc4cce,2025-03-21,2025-03-31,10
4db80295-dd4f-5ebc-9ec3-36d0046be3c8,e8aeb018-f679-5670-b210-de4f62ff2111,c6617891-56ff-5690-89a4-1ece06685ff5,87b859e0-789a-56e6-b1ba-4fe76221d3bf,2025-03-21,2025-03-31,10
4742ce31-2690-55ce-972d-b2e7087f38ce,e8aeb018-f679-5670-b210-de4f62ff2111,ab4a547f-e75d-5601-8171-00da4efa4b57,07371b94-955f-52a4-9bf9-f0a6ad2b4fa8,2025-03-24,2025-03-31,7
b23c4013-d8c5-53e3-a96c-e7fe726221f1,e8aeb018-f679-5670-b210-de4f62ff2111,ab4a547f-e75d-5601-8171-00da4efa4b57,97d26d91-c562-5f27-9ebd-285e89c8f4bf,2025-03-24,2025-03-31,7
0e9a3cd8-ab81-55c3-924d-d0e6043e2aba,e8aeb018-f679-5670-b210-de4f62ff2111,a6f6d890-1609-53fc-b4a6-5733ccc9d078,9928e9a1-d9fc-5fdd-86c2-8909352fd7fe,2025-03-18,2025-04-01,14
74f7d0de-9a87-50a3-9a1a-4a7af51784e5,e8aeb018-f679-5670-b210-de4f62ff2111,76d6c9f4-5d7d-53c0-bb1f-2a577383765a,c0cf5e5c-b5c9-585a-8e79-d9830bc954f6,2025-03-29,2025-04-01,3
138b4d3d-5be1-5ff7-965b-47c904aedf41,e8aeb018-f679-5670-b210-de4f62ff2111,ab4a547f-e75d-5601-8171-00da4efa4b57,97d26d91-c562-5f27-9ebd-285e89c8f4bf,2025-03-25,2025-04-01,7
672fe4d8-8aee-5cf7-ace0-0978281ba718,e8aeb018-f679-5670-b210-de4f62ff2111,ab4a547f-e75d-5601-8171-00da4efa4b57,6d807393-f4ab-5f76-b544-251eeda27ba3,2025-03-25,2025-04-01,7
43de1f53-67bf-545b-afc7-7773aa802fbe,e8aeb018-f679-5670-b210-de4f62ff2111,76d6c9f4-5d7d-53c0-bb1f-2a577383765a,cd81184b-b6f1-563c-b463-36a69ddfb598,2025-03-29,2025-04-01,3
e30471ca-bb03-5317-bf76-adf1dead178f,e8aeb018-f679-5670-b210-de4f62ff2111,76d6c9f4-5d7d-53c0-bb1f-2a577383765a,2082733c-4e17-51fe-bc8c-bf33d3ec5d7e,2025-03-29,2025-04-01,3
47f2bbd8-9c7e-551d-abcf-d63835b46a11,e8aeb018-f679-5670-b210-de4f62ff2111,41cb90d0-d91a-57c2-b138-831be351479f,82cd11ba-d1a0-58b1-b14f-edd741f36e87,2025-03-28,2025-04-02,5
458a9b15-5f88-536b-93c2-ab09dab9cbc4,e8aeb018-f679-5670-b210-de4f62ff2111,ab4a547f-e75d-5601-8171-00da4efa4b57,07371b94-955f-52a4-9bf9-f0a6ad2b4fa8,2025-03-26,2025-04-02,7
7aa68770-6c48-538a-9805-a0930a05c31b,e8aeb018-f679-5670-b210-de4f62ff2111,a6f6d890-1609-53fc-b4a6-5733ccc9d078,0ec23038-d3ab-588c-bbd6-1f5c744cdde1,2025-03-19,2025-04-02,14
ac57934a-014d-52fc-900e-6c2f535db6a8,e8aeb018-f679-5670-b210-de4f62ff2111,76d6c9f4-5d7d-53c0-bb1f-2a577383765a,d3961f5a-3ea7-53d3-89f4-78b65b0c0c6b,2025-03-31,2025-04-03,3
70ace9da-50b6-5b0f-929a-1e917a6ec55b,e8aeb018-f679-5670-b210-de4f62ff2111,c6617891-56ff-5690-89a4-1ece06685ff5,2eb3a104-e572-583a-afa0-156ee0dc4cce,2025-03-24,2025-04-03,10
f1222f62-99f5-5833-923f-4aaaeddc351c,e8aeb018-f679-5670-b210-de4f62ff2111,41cb90d0-d91a-57c2-b138-831be351479f,6baabed2-52d7-5cb7-bf74-86c7cb3e4f07,2025-03-29,2025-04-03,5
3aa57860-a78a-57d2-a694-42e9396a1365,e8aeb018-f679-5670-b210-de4f62ff2111,c6617891-56ff-5690-89a4-1ece06685ff5,2eb3a104-e572-583a-afa0-156ee0dc4cce,2025-03-24,2025-04-03,10
0839a3ce-e639-553e-abe5-004ca3ba1747,e8aeb018-f679-5670-b210-de4f62ff2111,a6f6d890-1609-53fc-b4a6-5733ccc9d078,1e9605fd-5682-52b6-8f05-e8a92dd44513,2025-03-21,2025-04-04,14
15e4c0e1-553a-5c06-9667-a89929ae3dbf,e8aeb018-f679-5670-b210-de4f62ff2111,a6f6d890-1609-53fc-b4a6-5733ccc9d078,1e9605fd-5682-52b6-8f05-e8a92dd44513,2025-03-21,2025-04-04,14
3a8fb990-5a89-5a15-8b50-709507bf2866,e8aeb018-f679-5670-b210-de4f62ff2111,ab4a547f-e75d-5601-8171-00da4efa4b57,22231140-3780-5fe8-a7d4-d33f61d15111,2025-03-28,2025-04-04,7
190b3f9c-c42d-5070-9b22-61c5b4efd031,e8aeb018-f679-5670-b210-de4f62ff2111,a6f6d890-1609-53fc-b4a6-5733ccc9d078,983871db-adfb-543e-b438-6b00044ffb64,2025-03-21,2025-04-04,14
2bc28e02-e005-53f6-ac27-0d2a453d8c85,e8aeb018-f679-5670-b210-de4f62ff2111,a6f6d890-1609-53fc-b4a6-5733ccc9d078,983871db-adfb-543e-b438-6b00044ffb64,2025-03-22,2025-04-05,14
b15575aa-4a1d-50d7-8576-cb7350d232f7,e8aeb018-f679-5670-b210-de4f62ff2111,41cb90d0-d91a-57c2-b138-831be351479f,38adf7ba-476e-5e6b-9163-781a13538253,2025-03-31,2025-04-05,5
c817778a-2f11-54aa-a9b8-a447a9a2227e,e8aeb018-f679-5670-b210-de4f62ff2111,ab4a547f-e75d-5601-8171-00da4efa4b57,22231140-3780-5fe8-a7d4-d33f61d15111,2025-03-29,2025-04-05,7
6436c357-7e33-56d0-a2db-b61ec6c622ed,e8aeb018-f679-5670-b210-de4f62ff2111,ab4a547f-e75d-5601-8171-00da4efa4b57,22231140-3780-5fe8-a7d4-d33f61d15111,2025-03-29,2025-04-05,7
a34f9ccf-98db-5579-802e-656207bee1ef,e8aeb018-f679-5670-b210-de4f62ff2111,76d6c9f4-5d7d-53c0-bb1f-2a577383765a,cd81184b-b6f1-563c-b463-36a69ddfb598,2025-04-02,2025-04-05,3
911d351b-d2a5-5791-8d90-60ed8791321e,e8aeb018-f679-5670-b210-de4f62ff2111,c6617891-56ff-5690-89a4-1ece06685ff5,d9506935-1215-5499-93c0-8bdd86ab9418,2025-03-27,2025-04-06,10
cd89539a-ea6b-58a7-8bb3-50e56bdfba6b,e8aeb018-f679-5670-b210-de4f62ff2111,41cb90d0-d91a-57c2-b138-831be351479f,38adf7ba-476e-5e6b-9163-781a13538253,2025-04-01,2025-04-06,5
7579b248-4ba6-571b-91ef-332bc71505c3,e8aeb018-f679-5670-b210-de4f62ff2111,76d6c9f4-5d7d-53c0-bb1f-2a577383765a,2082733c-4e17-51fe-bc8c-bf33d3ec5d7e,2025-04-03,2025-04-06,3
a87f67a2-c824-52fb-8d6c-4df7987b0f83,e8aeb018-f679-5670-b210-de4f62ff2111,76d6c9f4-5d7d-53c0-bb1f-2a577383765a,5bbfdec8-65ae-59e6-b211-5eccb5b765fa,2025-04-04,2025-04-07,3
af5396b1-c317-5cdc-9ae8-784c31f7bd20,e8aeb018-f679-5670-b210-de4f62ff2111,ab4a547f-e75d-5601-8171-00da4efa4b57,94e18241-54bd-5516-b36f-94ab6e323aca,2025-03-31,2025-04-07,7
73e8e8b8-114b-5e0b-8c58-7d51d7b9c7b8,e8aeb018-f679-5670-b210-de4f62ff2111,41cb90d0-d91a-57c2-b138-831be351479f,2933d8b7-2438-521b-b38d-d3a5224f87fc,2025-04-02,2025-04-07,5
cb2645e9-e3d5-5fec-9c50-db68d270ceb9,e8aeb018-f679-5670-b210-de4f62ff2111,c6617891-56ff-5690-89a4-1ece06685ff5,058c6382-bde2-59d1-93ff-20c6161a4736,2025-03-28,2025-04-07,10
6c43beb8-3660-59e4-8aff-2acfc4341fe4,e8aeb018-f679-5670-b210-de4f62ff2111,c6617891-56ff-5690-89a4-1ece06685ff5,d9506935-1215-5499-93c0-8bdd86ab9418,2025-03-28,2025-04-07,10
5706a974-af47-58bc-b800-cd59891b29f0,e8aeb018-f679-5670-b210-de4f62ff2111,a6f6d890-1609-53fc-b4a6-5733ccc9d078,0ec23038-d3ab-588c-bbd6-1f5c744cdde1,2025-03-24,2025-04-07,14
f82ad1c5-0140-590d-a460-613bfcd96087,e8aeb018-f679-5670-b210-de4f62ff2111,76d6c9f4-5d7d-53c0-bb1f-2a577383765a,c0cf5e5c-b5c9-585a-8e79-d9830bc954f6,2025-04-05,2025-04-08,3
a8f881df-8693-546b-ab7e-0c9290826bb5,e8aeb018-f679-5670-b210-de4f62ff2111,ab4a547f-e75d-5601-8171-00da4efa4b57,07371b94-955f-52a4-9bf9-f0a6ad2b4fa8,2025-04-01,2025-04-08,7
82b7a5b9-3867-5172-a105-4bff9f7a1dc4,e8aeb018-f679-5670-b210-de4f62ff2111,a6f6d890-1609-53fc-b4a6-5733ccc9d078,4d9429b6-2ebf-5b5d-ac48-f779d5a1e270,2025-03-25,2025-04-08,14
d04ca0af-39d5-50a6-ba63-5a123a9cd967,e8aeb018-f679-5670-b210-de4f62ff2111,a6f6d890-1609-53fc-b4a6-5733ccc9d078,afe9d181-1c64-5cca-b4b7-a9fa24eceeea,2025-03-25,2025-04-08,14
05b18b3a-5f04-5775-a739-f186da36b959,e8aeb018-f679-5670-b210-de4f62ff2111,76d6c9f4-5d7d-53c0-bb1f-2a577383765a,5bbfdec8-65ae-59e6-b211-5eccb5b765fa,2025-04-05,2025-04-08,3
bca270ae-43c8-50f8-8f3b-896661cfd2ce,e8aeb018-f679-5670-b210-de4f62ff2111,41cb90d0-d91a-57c2-b138-831be351479f,82cd11ba-d1a0-58b1-b14f-edd741f36e87,2025-04-03,2025-04-08,5
4426f301-3960-541f-82ad-98f7ae1e2734,e8aeb018-f679-5670-b210-de4f62ff2111,41cb90d0-d91a-57c2-b138-831be351479f,82cd11ba-d1a0-58b1-b14f-edd741f36e87,2025-04-04,2025-04-09,5
729b52fc-a6d5-5e36-a3de-bcb15302cbbf,e8aeb018-f679-5670-b210-de4f62ff2111,ab4a547f-e75d-5601-8171-00da4efa4b57,6d807393-f4ab-5f76-b544-251eeda27ba3,2025-04-02,2025-04-09,7
6384e796-4533-5880-bf5e-8fcd35ef6c4f,e8aeb018-f679-5670-b210-de4f62ff2111,c6617891-56ff-5690-89a4-1ece06685ff5,87b859e0-789a-56e6-b1ba-4fe76221d3bf,2025-03-31,2025-04-10,10
ed7a4bcf-cfa7-5ca1-bc94-431719014eae,e8aeb018-f679-5670-b210-de4f62ff2111,c6617891-56ff-5690-89a4-1ece06685ff5,058c6382-bde2-59d1-93ff-20c6161a4736,2025-03-31,2025-04-10,10
e6afadf1-421c-5653-b94d-3300c35a5e87,e8aeb018-f679-5670-b210-de4f62ff2111,41cb90d0-d91a-57c2-b138-831be351479f,38adf7ba-476e-5e6b-9163-781a13538253,2025-04-05,2025-04-10,5
36959904-2bf5-5dbb-8255-6871c7e02e6d,e8aeb018-f679-5670-b210-de4f62ff2111,c6617891-56ff-5690-89a4-1ece06685ff5,87b859e0-789a-56e6-b1ba-4fe76221d3bf,2025-03-31,2025-04-10,10
ae1a846d-e973-5ca0-bee2-ee348c5ff716,e8aeb018-f679-5670-b210-de4f62ff2111,76d6c9f4-5d7d-53c0-bb1f-2a577383765a,2082733c-4e17-51fe-bc8c-bf33d3ec5d7e,2025-04-08,2025-04-11,3
990e5101-b2eb-5009-ae73-4c115271e17a,e8aeb018-f679-5670-b210-de4f62ff2111,76d6c9f4-5d7d-53c0-bb1f-2a577383765a,d3961f5a-3ea7-53d3-89f4-78b65b0c0c6b,2025-04-09,2025-04-12,3
301a3466-14c6-5f8a-8a68-543357ad235c,e8aeb018-f679-5670-b210-de4f62ff2111,76d6c9f4-5d7d-53c0-bb1f-2a577383765a,cd81184b-b6f1-563c-b463-36a69ddfb598,2025-04-09,2025-04-12,3
c7a0e2d2-915b-52a2-83b7-a608e866c886,e8aeb018-f679-5670-b210-de4f62ff2111,ab4a547f-e75d-5601-8171-00da4efa4b57,94e18241-54bd-5516-b36f-94ab6e323aca,2025-04-05,2025-04-12,7
d878c248-33e6-528f-bde3-7c8e2a941c78,e8aeb018-f679-5670-b210-de4f62ff2111,c6617891-56ff-5690-89a4-1ece06685ff5,87b859e0-789a-56e6-b1ba-4fe76221d3bf,2025-04-02,2025-04-12,10
5d7263a7-d357-59ff-b359-6336d016f089,e8aeb018-f679-5670-b210-de4f62ff2111,41cb90d0-d91a-57c2-b138-831be351479f,d2f08f15-f9f2-5f65-a740-b05896774467,2025-04-07,2025-04-12,5
5f37bb54-d116-55d5-8e41-a009b9162c34,e8aeb018-f679-5670-b210-de4f62ff2111,a6f6d890-1609-53fc-b4a6-5733ccc9d078,1e9605fd-5682-52b6-8f05-e8a92dd44513,2025-03-29,2025-04-12,14
db90996c-7024-55c4-afa9-38f7c73e52a5,e8aeb018-f679-5670-b210-de4f62ff2111,c6617891-56ff-5690-89a4-1ece06685ff5,1ca3438e-9e23-58f0-a35f-f15f7a23beb9,2025-04-03,2025-04-13,10
00298bfa-a7f9-58dc-8d34-69b6f610b240,e8aeb018-f679-5670-b210-de4f62ff2111,c6617891-56ff-5690-89a4-1ece06685ff5,042e2e80-f954-5df4-97be-29dd428cc598,2025-04-03,2025-04-13,10
5dec1889-277e-5dcf-a437-0a56d1a662d4,e8aeb018-f679-5670-b210-de4f62ff2111,41cb90d0-d91a-57c2-b138-831be351479f,82cd11ba-d1a0-58b1-b14f-edd741f36e87,2025-04-08,2025-04-13,5
e64e04e9-824e-51b3-9fb7-0999ed4cd0ca,e8aeb018-f679-5670-b210-de4f62ff2111,c6617891-56ff-5690-89a4-1ece06685ff5,1ca3438e-9e23-58f0-a35f-f15f7a23beb9,2025-04-03,2025-04-13,10
385d35d0-bc97-53ca-a8fd-08f2440088e4,e8aeb018-f679-5670-b210-de4f62ff2111,76d6c9f4-5d7d-53c0-bb1f-2a577383765a,d3961f5a-3ea7-53d3-89f4-78b65b0c0c6b,2025-04-10,2025-04-13,3
77e92f58-9891-5e88-86ba-9e2d2a81a486,e8aeb018-f679-5670-b210-de4f62ff2111,c6617891-56ff-5690-89a4-1ece06685ff5,058c6382-bde2-59d1-93ff-20c6161a4736,2025-04-03,2025-04-13,10
9e407619-fb32-5a70-a880-3d5a75f3fc35,e8aeb018-f679-5670-b210-de4f62ff2111,41cb90d0-d91a-57c2-b138-831be351479f,2933d8b7-2438-521b-b38d-d3a5224f87fc,2025-04-09,2025-04-14,5
941abad2-0804-555d-87ab-f393bcefde15,e8aeb018-f679-5670-b210-de4f62ff2111,41cb90d0-d91a-57c2-b138-831be351479f,6baabed2-52d7-5cb7-bf74-86c7cb3e4f07,2025-04-09,2025-04-14,5
9e75085f-af6b-5322-b607-cfaf44bc1d87,e8aeb018-f679-5670-b210-de4f62ff2111,ab4a547f-e75d-5601-8171-00da4efa4b57,94e18241-54bd-5516-b36f-94ab6e323aca,2025-04-07,2025-04-14,7
ead386db-f469-555a-a30d-b30c61cb6099,e8aeb018-f679-5670-b210-de4f62ff2111,a6f6d890-1609-53fc-b4a6-5733ccc9d078,0ec23038-d3ab-588c-bbd6-1f5c744cdde1,2025-03-31,2025-04-14,14
3788f4a1-df27-5ccb-b0ea-17bda017365a,e8aeb018-f679-5670-b210-de4f62ff2111,76d6c9f4-5d7d-53c0-bb1f-2a577383765a,d3961f5a-3ea7-53d3-89f4-78b65b0c0c6b,2025-04-11,2025-04-14,3
768fd482-1a70-5624-80fb-8b7ca7fcd7fb,e8aeb018-f679-5670-b210-de4f62ff2111,a6f6d890-1609-53fc-b4a6-5733ccc9d078,4d9429b6-2ebf-5b5d-ac48-f779d5a1e270,2025-03-31,2025-04-14,14
37629cff-0283-54b3-b36c-f2e9efde2fdb,e8aeb018-f679-5670-b210-de4f62ff2111,a6f6d890-1609-53fc-b4a6-5733ccc9d078,9928e9a1-d9fc-5fdd-86c2-8909352fd7fe,2025-03-31,2025-04-14,14
eeb0d235-14e1-5b43-a44f-006f2709462b,e8aeb018-f679-5670-b210-de4f62ff2111,41cb90d0-d91a-57c2-b138-831be351479f,2897aac2-f219-5167-b800-73fac27f6b85,2025-04-09,2025-04-14,5
f152cb55-f64b-5ce1-ac48-9c8cf7bb1cc3,e8aeb018-f679-5670-b210-de4f62ff2111,ab4a547f-e75d-5601-8171-00da4efa4b57,012857cc-907f-5e7d-b8fb-796d2c9f1621,2025-04-07,2025-04-14,7
da97aa9e-d5eb-59da-b6bf-82ce3e9681a4,e8aeb018-f679-5670-b210-de4f62ff2111,a6f6d890-1609-53fc-b4a6-5733ccc9d078,1e9605fd-5682-52b6-8f05-e8a92dd44513,2025-03-31,2025-04-14,14
aeef50d6-3a16-5021-b00c-9ce7fa65c0f2,e8aeb018-f679-5670-b210-de4f62ff2111,a6f6d890-1609-53fc-b4a6-5733ccc9d078,afe9d181-1c64-5cca-b4b7-a9fa24eceeea,2025-04-01,2025-04-15,14
eb0ef62a-11c1-5d2c-a0fa-834090c1092d,e8aeb018-f679-5670-b210-de4f62ff2111,41cb90d0-d91a-57c2-b138-831be351479f,2897aac2-f219-5167-b800-73fac27f6b85,2025-04-10,2025-04-15,5
db54676b-c88a-5a2f-ae8a-58546632a8b8,e8aeb018-f679-5670-b210-de4f62ff2111,ab4a547f-e75d-5601-8171-00da4efa4b57,94e18241-54bd-5516-b36f-94ab6e323aca,2025-04-08,2025-04-15,7
1c7c6747-b067-5493-84f7-f4a1ba20e6df,e8aeb018-f679-5670-b210-de4f62ff2111,76d6c9f4-5d7d-53c0-bb1f-2a577383765a,5bbfdec8-65ae-59e6-b211-5eccb5b765fa,2025-04-12,2025-04-15,3
be23266a-b1d0-5a47-bdc4-75979340ce24,e8aeb018-f679-5670-b210-de4f62ff2111,ab4a547f-e75d-5601-8171-00da4efa4b57,94e18241-54bd-5516-b36f-94ab6e323aca,2025-04-09,2025-04-16,7
eb15a14c-54c6-5626-931f-8b75ce8ecea0,e8aeb018-f679-5670-b210-de4f62ff2111,41cb90d0-d91a-57c2-b138-831be351479f,2897aac2-f219-5167-b800-73fac27f6b85,2025-04-12,2025-04-17,5
7f9fabf7-349b-5abb-b878-d6316d29fd5c,e8aeb018-f679-5670-b210-de4f62ff2111,c6617891-56ff-5690-89a4-1ece06685ff5,d9506935-1215-5499-93c0-8bdd86ab9418,2025-04-07,2025-04-17,10
d7488860-39ba-571f-9d7f-2efda0cffd8a,e8aeb018-f679-5670-b210-de4f62ff2111,c6617891-56ff-5690-89a4-1ece06685ff5,058c6382-bde2-59d1-93ff-20c6161a4736,2025-04-07,2025-04-17,10
ecf60ecf-432e-5e3a-a978-f6c04f1fbeb7,e8aeb018-f679-5670-b210-de4f62ff2111,41cb90d0-d91a-57c2-b138-831be351479f,2933d8b7-2438-521b-b38d-d3a5224f87fc,2025-04-12,2025-04-17,5
19052ded-8b3c-5d5d-a3b7-a8097dbe0d74,e8aeb018-f679-5670-b210-de4f62ff2111,c6617891-56ff-5690-89a4-1ece06685ff5,d9506935-1215-5499-93c0-8bdd86ab9418,2025-04-07,2025-04-17,10
fc0bdfdc-a368-5d5f-beaa-7f12347fe69e,e8aeb018-f679-5670-b210-de4f62ff2111,ab4a547f-e75d-5601-8171-00da4efa4b57,07371b94-955f-52a4-9bf9-f0a6ad2b4fa8,2025-04-11,2025-04-18,7
ae523647-e3ca-519c-a8a6-184d68e3ec29,e8aeb018-f679-5670-b210-de4f62ff2111,ab4a547f-e75d-5601-8171-00da4efa4b57,6d807393-f4ab-5f76-b544-251eeda27ba3,2025-04-11,2025-04-18,7
3303b055-d0ad-5215-95c7-731546ae8e7e,e8aeb018-f679-5670-b210-de4f62ff2111,76d6c9f4-5d7d-53c0-bb1f-2a577383765a,c0cf5e5c-b5c9-585a-8e79-d9830bc954f6,2025-04-15,2025-04-18,3
b46120d5-6202-5408-b5d8-4e23b2a95a17,e8aeb018-f679-5670-b210-de4f62ff2111,a6f6d890-1609-53fc-b4a6-5733ccc9d078,4d9429b6-2ebf-5b5d-ac48-f779d5a1e270,2025-04-04,2025-04-18,14
2ca112a9-b1a6-54a8-af23-587b2472fa47,e8aeb018-f679-5670-b210-de4f62ff2111,76d6c9f4-5d7d-53c0-bb1f-2a577383765a,5bbfdec8-65ae-59e6-b211-5eccb5b765fa,2025-04-16,2025-04-19,3
e2024300-a2dd-553c-a67e-c05e54c7b9a7,e8aeb018-f679-5670-b210-de4f62ff2111,c6617891-56ff-5690-89a4-1ece06685ff5,87b859e0-789a-56e6-b1ba-4fe76221d3bf,2025-04-09,2025-04-19,10
3bf3513b-6a07-5c46-af34-dbbcb549823a,e8aeb018-f679-5670-b210-de4f62ff2111,ab4a547f-e75d-5601-8171-00da4efa4b57,97d26d91-c562-5f27-9ebd-285e89c8f4bf,2025-04-12,2025-04-19,7
9a87b2f2-666b-5ed9-8a28-904c64319943,e8aeb018-f679-5670-b210-de4f62ff2111,76d6c9f4-5d7d-53c0-bb1f-2a577383765a,d3961f5a-3ea7-53d3-89f4-78b65b0c0c6b,2025-04-16,2025-04-19,3
fb791ff1-76bc-55c5-a1e2-569a2d3e88f7,e8aeb018-f679-5670-b210-de4f62ff2111,41cb90d0-d91a-57c2-b138-831be351479f,6baabed2-52d7-5cb7-bf74-86c7cb3e4f07,2025-04-14,2025-04-19,5
b57bd3c4-601e-530e-bcef-68d6d444de0c,e8aeb018-f679-5670-b210-de4f62ff2111,41cb90d0-d91a-57c2-b138-831be351479f,38adf7ba-476e-5e6b-9163-781a13538253,2025-04-15,2025-04-20,5
a2a0e507-762e-502e-8b72-90d4148161e1,e8aeb018-f679-5670-b210-de4f62ff2111,76d6c9f4-5d7d-53c0-bb1f-2a577383765a,d0ae6d2d-e561-56b3-a2c1-113c1c56ae81,2025-04-17,2025-04-20,3
8c699691-9dc5-5f33-a30d-7c6c26271316,e8aeb018-f679-5670-b210-de4f62ff2111,a6f6d890-1609-53fc-b4a6-5733ccc9d078,4d9429b6-2ebf-5b5d-ac48-f779d5a1e270,2025-04-07,2025-04-21,14
ee8ee6be-45b5-5f01-a1e7-a7590b17bc03,e8aeb018-f679-5670-b210-de4f62ff2111,a6f6d890-1609-53fc-b4a6-5733ccc9d078,1e9605fd-5682-52b6-8f05-e8a92dd44513,2025-04-07,2025-04-21,14
ee383879-8b5b-55b8-be99-e7238b5447ae,e8aeb018-f679-5670-b210-de4f62ff2111,a6f6d890-1609-53fc-b4a6-5733ccc9d078,9928e9a1-d9fc-5fdd-86c2-8909352fd7fe,2025-04-07,2025-04-21,14
2f5aea04-c739-58d5-aaef-e70ba22f667d,e8aeb018-f679-5670-b210-de4f62ff2111,ab4a547f-e75d-5601-8171-00da4efa4b57,6d807393-f4ab-5f76-b544-251eeda27ba3,2025-04-14,2025-04-21,7
a39f0f30-63d5-5697-89ba-e34b4d9318d3,e8aeb018-f679-5670-b210-de4f62ff2111,41cb90d0-d91a-57c2-b138-831be351479f,d2f08f15-f9f2-5f65-a740-b05896774467,2025-04-18,2025-04-23,5
253767d0-67c8-5339-a2c1-5ff1859b3a8b,e8aeb018-f679-5670-b210-de4f62ff2111,76d6c9f4-5d7d-53c0-bb1f-2a577383765a,d0ae6d2d-e561-56b3-a2c1-113c1c56ae81,2025-04-21,2025-04-24,3
af60fca6-131c-5515-840d-71bc301a2774,e8aeb018-f679-5670-b210-de4f62ff2111,c6617891-56ff-5690-89a4-1ece06685ff5,042e2e80-f954-5df4-97be-29dd428cc598,2025-04-14,2025-04-24,10
d71837f2-fb69-51aa-a0b0-a0c276eeb430,e8aeb018-f679-5670-b210-de4f62ff2111,c6617891-56ff-5690-89a4-1ece06685ff5,1ca3438e-9e23-58f0-a35f-f15f7a23beb9,2025-04-14,2025-04-24,10
87977387-fd28-5ee6-a073-642f313ef551,e8aeb018-f679-5670-b210-de4f62ff2111,76d6c9f4-5d7d-53c0-bb1f-2a577383765a,2082733c-4e17-51fe-bc8c-bf33d3ec5d7e,2025-04-22,2025-04-25,3
65b7d13e-9cb3-512f-8cf6-3133d349ab88,e8aeb018-f679-5670-b210-de4f62ff2111,a6f6d890-1609-53fc-b4a6-5733ccc9d078,0ec23038-d3ab-588c-bbd6-1f5c744cdde1,2025-04-11,2025-04-25,14
c27fecd5-390f-5762-a551-8efcfc73dd4c,e8aeb018-f679-5670-b210-de4f62ff2111,a6f6d890-1609-53fc-b4a6-5733ccc9d078,983871db-adfb-543e-b438-6b00044ffb64,2025-04-11,2025-04-25,14
29b6e80c-e9b9-5b16-9961-00959f1369a5,e8aeb018-f679-5670-b210-de4f62ff2111,76d6c9f4-5d7d-53c0-bb1f-2a577383765a,cd81184b-b6f1-563c-b463-36a69ddfb598,2025-04-22,2025-04-25,3
a205ac1c-0793-50ac-881b-3a97b4e1f493,e8aeb018-f679-5670-b210-de4f62ff2111,ab4a547f-e75d-5601-8171-00da4efa4b57,012857cc-907f-5e7d-b8fb-796d2c9f1621,2025-04-18,2025-04-25,7
ed6d0e80-78b2-50fa-b64b-41032cbb63ca,e8aeb018-f679-5670-b210-de4f62ff2111,c6617891-56ff-5690-89a4-1ece06685ff5,058c6382-bde2-59d1-93ff-20c6161a4736,2025-04-16,2025-04-26,10
51a055ae-fc2f-5e67-8004-0cec6d9d9047,e8aeb018-f679-5670-b210-de4f62ff2111,41cb90d0-d91a-57c2-b138-831be351479f,2897aac2-f219-5167-b800-73fac27f6b85,2025-04-21,2025-04-26,5
10278dd9-d06c-5d9a-9ebe-652cd9cbb44a,e8aeb018-f679-5670-b210-de4f62ff2111,a6f6d890-1609-53fc-b4a6-5733ccc9d078,9928e9a1-d9fc-5fdd-86c2-8909352fd7fe,2025-04-12,2025-04-26,14
aa8e820e-bc78-5dd8-b0c1-c56e879ae09b,e8aeb018-f679-5670-b210-de4f62ff2111,41cb90d0-d91a-57c2-b138-831be351479f,38adf7ba-476e-5e6b-9163-781a13538253,2025-04-21,2025-04-26,5
2d3f5c0e-d5df-5cc7-88f7-2d134ae6d015,e8aeb018-f679-5670-b210-de4f62ff2111,76d6c9f4-5d7d-53c0-bb1f-2a577383765a,d0ae6d2d-e561-56b3-a2c1-113c1c56ae81,2025-04-24,2025-04-27,3
8358a545-62ed-5358-819e-45582e8d07ea,e8aeb018-f679-5670-b210-de4f62ff2111,41cb90d0-d91a-57c2-b138-831be351479f,6baabed2-52d7-5cb7-bf74-86c7cb3e4f07,2025-04-22,2025-04-27,5
941dbaed-1119-5e93-844d-e6b06be5e26b,e8aeb018-f679-5670-b210-de4f62ff2111,41cb90d0-d91a-57c2-b138-831be351479f,6baabed2-52d7-5cb7-bf74-86c7cb3e4f07,2025-04-22,2025-04-27,5
cfd8421e-e52b-5fb6-843b-a580888f8e01,e8aeb018-f679-5670-b210-de4f62ff2111,a6f6d890-1609-53fc-b4a6-5733ccc9d078,983871db-adfb-543e-b438-6b00044ffb64,2025-04-14,2025-04-28,14
fd40dfe5-78cf-5fdc-9898-b5c795a5674f,e8aeb018-f679-5670-b210-de4f62ff2111,c6617891-56ff-5690-89a4-1ece06685ff5,1ca3438e-9e23-58f0-a35f-f15f7a23beb9,2025-04-18,2025-04-28,10
eaaec480-afa6-59a2-a497-6b4a5526e51d,e8aeb018-f679-5670-b210-de4f62ff2111,41cb90d0-d91a-57c2-b138-831be351479f,2933d8b7-2438-521b-b38d-d3a5224f87fc,2025-04-23,2025-04-28,5
c6ca6cb0-d86d-5be4-975f-37ffe6295f14,e8aeb018-f679-5670-b210-de4f62ff2111,76d6c9f4-5d7d-53c0-bb1f-2a577383765a,d0ae6d2d-e561-56b3-a2c1-113c1c56ae81,2025-04-25,2025-04-28,3
0bb361ca-c48d-5b96-b449-b1cd1061a803,e8aeb018-f679-5670-b210-de4f62ff2111,a6f6d890-1609-53fc-b4a6-5733ccc9d078,0ec23038-d3ab-588c-bbd6-1f5c744cdde1,2025-04-14,2025-04-28,14
7df9d734-5090-56c1-ad0c-ad4d7ea82d02,e8aeb018-f679-5670-b210-de4f62ff2111,ab4a547f-e75d-5601-8171-00da4efa4b57,6d807393-f4ab-5f76-b544-251eeda27ba3,2025-04-22,2025-04-29,7
5c5c6a2d-f202-5735-8e48-b808456b92cf,e8aeb018-f679-5670-b210-de4f62ff2111,ab4a547f-e75d-5601-8171-00da4efa4b57,012857cc-907f-5e7d-b8fb-796d2c9f1621,2025-04-22,2025-04-29,7
a9f4c0cc-f38a-59ff-85f7-73e84ca57d0e,e8aeb018-f679-5670-b210-de4f62ff2111,ab4a547f-e75d-5601-8171-00da4efa4b57,07371b94-955f-52a4-9bf9-f0a6ad2b4fa8,2025-04-23,2025-04-30,7
b93d6ff2-b954-540d-a616-38bc1ee589ee,e8aeb018-f679-5670-b210-de4f62ff2111,a6f6d890-1609-53fc-b4a6-5733ccc9d078,afe9d181-1c64-5cca-b4b7-a9fa24eceeea,2025-04-16,2025-04-30,14
d26ee43c-1498-5fa4-810f-2f694c2e2dc5,e8aeb018-f679-5670-b210-de4f62ff2111,41cb90d0-d91a-57c2-b138-831be351479f,d2f08f15-f9f2-5f65-a740-b05896774467,2025-04-25,2025-04-30,5
a8c434a9-0af9-5225-aee3-583d29a4835c,e8aeb018-f679-5670-b210-de4f62ff2111,ab4a547f-e75d-5601-8171-00da4efa4b57,97d26d91-c562-5f27-9ebd-285e89c8f4bf,2025-04-24,2025-05-01,7
5e65bdc8-a7bb-5afe-ad6f-8366a6a643c7,e8aeb018-f679-5670-b210-de4f62ff2111,c6617891-56ff-5690-89a4-1ece06685ff5,1ca3438e-9e23-58f0-a35f-f15f7a23beb9,2025-04-21,2025-05-01,10
da5b87d4-7dc9-5284-9a96-ebaf4367d07b,e8aeb018-f679-5670-b210-de4f62ff2111,76d6c9f4-5d7d-53c0-bb1f-2a577383765a,5bbfdec8-65ae-59e6-b211-5eccb5b765fa,2025-04-28,2025-05-01,3
b3868086-3b95-5d0e-b297-cd6e532e463b,e8aeb018-f679-5670-b210-de4f62ff2111,76d6c9f4-5d7d-53c0-bb1f-2a577383765a,5bbfdec8-65ae-59e6-b211-5eccb5b765fa,2025-04-29,2025-05-02,3
cb5b2a81-b7a3-5d48-aef2-9cb3026cc751,e8aeb018-f679-5670-b210-de4f62ff2111,c6617891-56ff-5690-89a4-1ece06685ff5,d9506935-1215-5499-93c0-8bdd86ab9418,2025-04-22,2025-05-02,10
712a475a-97c5-571c-978c-1d9681a2df2a,e8aeb018-f679-5670-b210-de4f62ff2111,ab4a547f-e75d-5601-8171-00da4efa4b57,07371b94-955f-52a4-9bf9-f0a6ad2b4fa8,2025-04-25,2025-05-02,7
32f95c7e-486c-5631-99ca-a51bc3c80d29,e8aeb018-f679-5670-b210-de4f62ff2111,76d6c9f4-5d7d-53c0-bb1f-2a577383765a,d3961f5a-3ea7-53d3-89f4-78b65b0c0c6b,2025-04-30,2025-05-03,3
123ad8c3-be8b-57bc-811a-b6c5d9f381e6,e8aeb018-f679-5670-b210-de4f62ff2111,41cb90d0-d91a-57c2-b138-831be351479f,38adf7ba-476e-5e6b-9163-781a13538253,2025-04-28,2025-05-03,5
e0e057f9-42d3-54b8-be21-c6941b40600d,e8aeb018-f679-5670-b210-de4f62ff2111,41cb90d0-d91a-57c2-b138-831be351479f,2933d8b7-2438-521b-b38d-d3a5224f87fc,2025-04-28,2025-05-03,5
dd2f557c-d5f0-5f5a-94c6-547086db6875,e8aeb018-f679-5670-b210-de4f62ff2111,a6f6d890-1609-53fc-b4a6-5733ccc9d078,983871db-adfb-543e-b438-6b00044ffb64,2025-04-19,2025-05-03,14
689d140a-094a-569b-8303-6f80bc67973e,e8aeb018-f679-5670-b210-de4f62ff2111,41cb90d0-d91a-57c2-b138-831be351479f,2897aac2-f219-5167-b800-73fac27f6b85,2025-04-28,2025-05-03,5
c166a38d-f0b5-5426-8789-83f05b1bdf0a,e8aeb018-f679-5670-b210-de4f62ff2111,ab4a547f-e75d-5601-8171-00da4efa4b57,22231140-3780-5fe8-a7d4-d33f61d15111,2025-04-26,2025-05-03,7
0e9be68c-7ef0-5bed-b04d-2b819fa72bc5,e8aeb018-f679-5670-b210-de4f62ff2111,76d6c9f4-5d7d-53c0-bb1f-2a577383765a,cd81184b-b6f1-563c-b463-36a69ddfb598,2025-04-30,2025-05-03,3
c29b013c-60a4-5790-891f-2907e6ddd317,e8aeb018-f679-5670-b210-de4f62ff2111,41cb90d0-d91a-57c2-b138-831be351479f,82cd11ba-d1a0-58b1-b14f-edd741f36e87,2025-04-29,2025-05-04,5
b293ce3c-3e5b-55e0-b0b2-33b6b5a5b42a,e8aeb018-f679-5670-b210-de4f62ff2111,76d6c9f4-5d7d-53c0-bb1f-2a577383765a,c0cf5e5c-b5c9-585a-8e79-d9830bc954f6,2025-05-01,2025-05-04,3
47ed190b-c0ad-5e5d-a972-6e6e8a98ce1b,e8aeb018-f679-5670-b210-de4f62ff2111,76d6c9f4-5d7d-53c0-bb1f-2a577383765a,c0cf5e5c-b5c9-585a-8e79-d9830bc954f6,2025-05-01,2025-05-04,3
e96725bb-565e-56fb-b3ad-922e20c29b16,e8aeb018-f679-5670-b210-de4f62ff2111,41cb90d0-d91a-57c2-b138-831be351479f,d2f08f15-f9f2-5f65-a740-b05896774467,2025-04-30,2025-05-05,5
bd3221b8-5eba-5542-9a24-3b9994b0089c,e8aeb018-f679-5670-b210-de4f62ff2111,76d6c9f4-5d7d-53c0-bb1f-2a577383765a,cd81184b-b6f1-563c-b463-36a69ddfb598,2025-05-02,2025-05-05,3
f6f6e37b-d9f7-52dc-a83e-ad2a37a002bf,e8aeb018-f679-5670-b210-de4f62ff2111,ab4a547f-e75d-5601-8171-00da4efa4b57,6d807393-f4ab-5f76-b544-251eeda27ba3,2025-04-28,2025-05-05,7
67f33afa-4841-5c9a-a85a-4b3a6a7e9de6,e8aeb018-f679-5670-b210-de4f62ff2111,41cb90d0-d91a-57c2-b138-831be351479f,82cd11ba-d1a0-58b1-b14f-edd741f36e87,2025-04-30,2025-05-05,5
09829462-ffaf-50e8-bcf5-b107e6191ac1,e8aeb018-f679-5670-b210-de4f62ff2111,ab4a547f-e75d-5601-8171-00da4efa4b57,012857cc-907f-5e7d-b8fb-796d2c9f1621,2025-04-28,2025-05-05,7
e6ccc5ac-916e-5ea4-baf5-34270985de25,e8aeb018-f679-5670-b210-de4f62ff2111,ab4a547f-e75d-5601-8171-00da4efa4b57,94e18241-54bd-5516-b36f-94ab6e323aca,2025-04-29,2025-05-06,7
9705bb1c-bbb7-55f4-a42e-7a75a1671773,e8aeb018-f679-5670-b210-de4f62ff2111,c6617891-56ff-5690-89a4-1ece06685ff5,2eb3a104-e572-583a-afa0-156ee0dc4cce,2025-04-26,2025-05-06,10
3974465b-0925-5b54-afc2-338b5bac15eb,e8aeb018-f679-5670-b210-de4f62ff2111,41cb90d0-d91a-57c2-b138-831be351479f,2933d8b7-2438-521b-b38d-d3a5224f87fc,2025-05-01,2025-05-06,5
87f45f73-78b1-52da-a13c-14be962944f8,e8aeb018-f679-5670-b210-de4f62ff2111,76d6c9f4-5d7d-53c0-bb1f-2a577383765a,c0cf5e5c-b5c9-585a-8e79-d9830bc954f6,2025-05-03,2025-05-06,3
caadbc25-318f-5a4d-87c3-202620c1ec7b,e8aeb018-f679-5670-b210-de4f62ff2111,ab4a547f-e75d-5601-8171-00da4efa4b57,97d26d91-c562-5f27-9ebd-285e89c8f4bf,2025-04-29,2025-05-06,7
d58efc10-31ed-56d0-a8c0-1989bd92368f,e8aeb018-f679-5670-b210-de4f62ff2111,a6f6d890-1609-53fc-b4a6-5733ccc9d078,afe9d181-1c64-5cca-b4b7-a9fa24eceeea,2025-04-22,2025-05-06,14
e4e8d964-a17e-5110-ba3d-da2ae9b39c27,e8aeb018-f679-5670-b210-de4f62ff2111,c6617891-56ff-5690-89a4-1ece06685ff5,042e2e80-f954-5df4-97be-29dd428cc598,2025-04-26,2025-05-06,10
3faa9622-27fc-5c08-b715-31811b68d9bb,e8aeb018-f679-5670-b210-de4f62ff2111,a6f6d890-1609-53fc-b4a6-5733ccc9d078,afe9d181-1c64-5cca-b4b7-a9fa24eceeea,2025-04-22,2025-05-06,14
845a6c6e-0491-5cb4-97fd-8f71569a6706,e8aeb018-f679-5670-b210-de4f62ff2111,41cb90d0-d91a-57c2-b138-831be351479f,2933d8b7-2438-521b-b38d-d3a5224f87fc,2025-05-02,2025-05-07,5
187d8560-2a9d-5eb7-af65-8c804e883702,e8aeb018-f679-5670-b210-de4f62ff2111,a6f6d890-1609-53fc-b4a6-5733ccc9d078,9928e9a1-d9fc-5fdd-86c2-8909352fd7fe,2025-04-23,2025-05-07,14
78009488-8dc9-5395-9e21-b5e3dcdc57e2,e8aeb018-f679-5670-b210-de4f62ff2111,41cb90d0-d91a-57c2-b138-831be351479f,38adf7ba-476e-5e6b-9163-781a13538253,2025-05-02,2025-05-07,5
97a4c05b-df7e-56ac-900a-707d37a88db5,e8aeb018-f679-5670-b210-de4f62ff2111,41cb90d0-d91a-57c2-b138-831be351479f,82cd11ba-d1a0-58b1-b14f-edd741f36e87,2025-05-02,2025-05-07,5
376f4e2b-e043-5dfd-ba89-ca4bb6849964,e8aeb018-f679-5670-b210-de4f62ff2111,c6617891-56ff-5690-89a4-1ece06685ff5,042e2e80-f954-5df4-97be-29dd428cc598,2025-04-28,2025-05-08,10
70335d3f-3701-5872-ac5e-1c8c4fe767a3,e8aeb018-f679-5670-b210-de4f62ff2111,76d6c9f4-5d7d-53c0-bb1f-2a577383765a,c0cf5e5c-b5c9-585a-8e79-d9830bc954f6,2025-05-05,2025-05-08,3
6032a1a6-21a7-5dc3-a664-7e6a40d9df53,e8aeb018-f679-5670-b210-de4f62ff2111,76d6c9f4-5d7d-53c0-bb1f-2a577383765a,d0ae6d2d-e561-56b3-a2c1-113c1c56ae81,2025-05-05,2025-05-08,3
51fcfd4e-270f-5f23-94b0-986d23d93abb,e8aeb018-f679-5670-b210-de4f62ff2111,ab4a547f-e75d-5601-8171-00da4efa4b57,22231140-3780-5fe8-a7d4-d33f61d15111,2025-05-01,2025-05-08,7
326f3e16-3850-5f43-8963-a80d1943601c,e8aeb018-f679-5670-b210-de4f62ff2111,41cb90d0-d91a-57c2-b138-831be351479f,6baabed2-52d7-5cb7-bf74-86c7cb3e4f07,2025-05-03,2025-05-08,5
d0ae71d7-a2ff-5daa-b469-946c4932666b,e8aeb018-f679-5670-b210-de4f62ff2111,76d6c9f4-5d7d-53c0-bb1f-2a577383765a,d3961f5a-3ea7-53d3-89f4-78b65b0c0c6b,2025-05-05,2025-05-08,3
733ee853-02a0-565b-80cc-39c02ec17355,e8aeb018-f679-5670-b210-de4f62ff2111,ab4a547f-e75d-5601-8171-00da4efa4b57,6d807393-f4ab-5f76-b544-251eeda27ba3,2025-05-01,2025-05-08,7
17df5c21-6d3a-5ca1-91e2-5c68e02af91e,e8aeb018-f679-5670-b210-de4f62ff2111,76d6c9f4-5d7d-53c0-bb1f-2a577383765a,2082733c-4e17-51fe-bc8c-bf33d3ec5d7e,2025-05-05,2025-05-08,3
9fbe5325-4c1b-5d0c-8549-3bf4aaa92a24,e8aeb018-f679-5670-b210-de4f62ff2111,a6f6d890-1609-53fc-b4a6-5733ccc9d078,9928e9a1-d9fc-5fdd-86c2-8909352fd7fe,2025-04-25,2025-05-09,14
9a40bee9-b06c-5556-ac2d-382025306924,e8aeb018-f679-5670-b210-de4f62ff2111,ab4a547f-e75d-5601-8171-00da4efa4b57,22231140-3780-5fe8-a7d4-d33f61d15111,2025-05-02,2025-05-09,7
9b1ccfad-afa8-5486-b5d1-b42f47c89e43,e8aeb018-f679-5670-b210-de4f62ff2111,ab4a547f-e75d-5601-8171-00da4efa4b57,012857cc-907f-5e7d-b8fb-796d2c9f1621,2025-05-02,2025-05-09,7
12238282-ae70-5cec-ba22-f8d83accae40,e8aeb018-f679-5670-b210-de4f62ff2111,76d6c9f4-5d7d-53c0-bb1f-2a577383765a,cd81184b-b6f1-563c-b463-36a69ddfb598,2025-05-06,2025-05-09,3
270892c7-f837-5e2e-add1-5e93e6e77664,e8aeb018-f679-5670-b210-de4f62ff2111,a6f6d890-1609-53fc-b4a6-5733ccc9d078,4d9429b6-2ebf-5b5d-ac48-f779d5a1e270,2025-04-26,2025-05-10,14
891ca207-fa79-5e3c-8996-5e5013269a9c,e8aeb018-f679-5670-b210-de4f62ff2111,ab4a547f-e75d-5601-8171-00da4efa4b57,07371b94-955f-52a4-9bf9-f0a6ad2b4fa8,2025-05-03,2025-05-10,7
0eee7333-994a-5ee1-a293-bcc7965a0e80,e8aeb018-f679-5670-b210-de4f62ff2111,a6f6d890-1609-53fc-b4a6-5733ccc9d078,983871db-adfb-543e-b438-6b00044ffb64,2025-04-26,2025-05-10,14
3d32b934-43ac-548a-b9cf-5abba62057f5,e8aeb018-f679-5670-b210-de4f62ff2111,41cb90d0-d91a-57c2-b138-831be351479f,82cd11ba-d1a0-58b1-b14f-edd741f36e87,2025-05-06,2025-05-11,5
774e513b-3eb2-57be-a352-21f316dcaa65,e8aeb018-f679-5670-b210-de4f62ff2111,41cb90d0-d91a-57c2-b138-831be351479f,d2f08f15-f9f2-5f65-a740-b05896774467,2025-05-06,2025-05-11,5
64aab86b-6429-54a6-bdb5-8af6f8769618,e8aeb018-f679-5670-b210-de4f62ff2111,41cb90d0-d91a-57c2-b138-831be351479f,d2f08f15-f9f2-5f65-a740-b05896774467,2025-05-07,2025-05-12,5
48bac379-b255-5af5-b63b-a91577ee3827,e8aeb018-f679-5670-b210-de4f62ff2111,c6617891-56ff-5690-89a4-1ece06685ff5,2eb3a104-e572-583a-afa0-156ee0dc4cce,2025-05-02,2025-05-12,10
f11501ea-336c-5c5a-9684-7b59d7f82208,e8aeb018-f679-5670-b210-de4f62ff2111,c6617891-56ff-5690-89a4-1ece06685ff5,d9506935-1215-5499-93c0-8bdd86ab9418,2025-05-02,2025-05-12,10
dd447498-f4e2-5bd2-b737-ccf7b3308489,e8aeb018-f679-5670-b210-de4f62ff2111,76d6c9f4-5d7d-53c0-bb1f-2a577383765a,d3961f5a-3ea7-53d3-89f4-78b65b0c0c6b,2025-05-09,2025-05-12,3
67093ea0-6b24-58ad-9237-ecef37ab132d,e8aeb018-f679-5670-b210-de4f62ff2111,c6617891-56ff-5690-89a4-1ece06685ff5,2eb3a104-e572-583a-afa0-156ee0dc4cce,2025-05-02,2025-05-12,10
5aac7b0e-ee41-5b1c-a1a2-7d9f4789d3b4,e8aeb018-f679-5670-b210-de4f62ff2111,a6f6d890-1609-53fc-b4a6-5733ccc9d078,983871db-adfb-543e-b438-6b00044ffb64,2025-04-29,2025-05-13,14
de9d756a-7ee3-50cb-bd63-52c35fdf8793,e8aeb018-f679-5670-b210-de4f62ff2111,c6617891-56ff-5690-89a4-1ece06685ff5,058c6382-bde2-59d1-93ff-20c6161a4736,2025-05-03,2025-05-13,10
42061115-77f6-55e6-a7fb-2831ff933c2d,e8aeb018-f679-5670-b210-de4f62ff2111,41cb90d0-d91a-57c2-b138-831be351479f,38adf7ba-476e-5e6b-9163-781a13538253,2025-05-08,2025-05-13,5
76b62fd2-7ba2-5a18-a02f-73855334d16d,e8aeb018-f679-5670-b210-de4f62ff2111,ab4a547f-e75d-5601-8171-00da4efa4b57,97d26d91-c562-5f27-9ebd-285e89c8f4bf,2025-05-06,2025-05-13,7
ea24b633-92a0-5791-a192-95dcd6431c67,e8aeb018-f679-5670-b210-de4f62ff2111,ab4a547f-e75d-5601-8171-00da4efa4b57,94e18241-54bd-5516-b36f-94ab6e323aca,2025-05-07,2025-05-14,7
b7e182f2-f831-5f3e-93a9-dbf171ccc298,e8aeb018-f679-5670-b210-de4f62ff2111,a6f6d890-1609-53fc-b4a6-5733ccc9d078,1e9605fd-5682-52b6-8f05-e8a92dd44513,2025-04-30,2025-05-14,14
9e84983c-8615-5b7b-bce3-8b892e98f585,e8aeb018-f679-5670-b210-de4f62ff2111,c6617891-56ff-5690-89a4-1ece06685ff5,042e2e80-f954-5df4-97be-29dd428cc598,2025-05-05,2025-05-15,10
f61e61f7-0680-54fd-9cf7-90d9205e03b3,e8aeb018-f679-5670-b210-de4f62ff2111,76d6c9f4-5d7d-53c0-bb1f-2a577383765a,5bbfdec8-65ae-59e6-b211-5eccb5b765fa,2025-05-12,2025-05-15,3
0395ffca-03da-503a-b4e5-ea6ec6e20625,e8aeb018-f679-5670-b210-de4f62ff2111,76d6c9f4-5d7d-53c0-bb1f-2a577383765a,2082733c-4e17-51fe-bc8c-bf33d3ec5d7e,2025-05-12,2025-05-15,3
0d4ca4ec-c0a1-563b-9443-9879a4b2e13a,e8aeb018-f679-5670-b210-de4f62ff2111,41cb90d0-d91a-57c2-b138-831be351479f,82cd11ba-d1a0-58b1-b14f-edd741f36e87,2025-05-10,2025-05-15,5
2f9c66b5-ad39-5fa8-acca-bea564e72f73,e8aeb018-f679-5670-b210-de4f62ff2111,ab4a547f-e75d-5601-8171-00da4efa4b57,07371b94-955f-52a4-9bf9-f0a6ad2b4fa8,2025-05-08,2025-05-15,7
dbd3fb83-56a2-5b8c-900e-1c21232c6ea2,e8aeb018-f679-5670-b210-de4f62ff2111,ab4a547f-e75d-5601-8171-00da4efa4b57,22231140-3780-5fe8-a7d4-d33f61d15111,2025-05-08,2025-05-15,7
ad1f08ee-3d42-53d9-a1e2-0f652040722c,e8aeb018-f679-5670-b210-de4f62ff2111,c6617891-56ff-5690-89a4-1ece06685ff5,042e2e80-f954-5df4-97be-29dd428cc598,2025-05-05,2025-05-15,10
0ee108e0-b3c6-587c-9c7d-ddba7a2c01f4,e8aeb018-f679-5670-b210-de4f62ff2111,c6617891-56ff-5690-89a4-1ece06685ff5,1ca3438e-9e23-58f0-a35f-f15f7a23beb9,2025-05-05,2025-05-15,10
6ab29fa4-6962-5bc5-a002-a5719f2fefa7,e8aeb018-f679-5670-b210-de4f62ff2111,76d6c9f4-5d7d-53c0-bb1f-2a577383765a,5bbfdec8-65ae-59e6-b211-5eccb5b765fa,2025-05-12,2025-05-15,3
0945826e-4277-5364-8478-7af8c5e9f2a7,e8aeb018-f679-5670-b210-de4f62ff2111,ab4a547f-e75d-5601-8171-00da4efa4b57,97d26d91-c562-5f27-9ebd-285e89c8f4bf,2025-05-08,2025-05-15,7
53a5a054-9824-51c9-80d1-a0a34fd17224,e8aeb018-f679-5670-b210-de4f62ff2111,76d6c9f4-5d7d-53c0-bb1f-2a577383765a,cd81184b-b6f1-563c-b463-36a69ddfb598,2025-05-13,2025-05-16,3
5aa46dba-fd10-52d2-9fee-37b0c2c45ebd,e8aeb018-f679-5670-b210-de4f62ff2111,ab4a547f-e75d-5601-8171-00da4efa4b57,22231140-3780-5fe8-a7d4-d33f61d15111,2025-05-09,2025-05-16,7
9ceb1cb0-da0e-51bd-9a84-a704e22d0872,e8aeb018-f679-5670-b210-de4f62ff2111,c6617891-56ff-5690-89a4-1ece06685ff5,d9506935-1215-5499-93c0-8bdd86ab9418,2025-05-06,2025-05-16,10
093a5c34-2ff3-5bbe-b33d-b8df2ae21dc2,e8aeb018-f679-5670-b210-de4f62ff2111,c6617891-56ff-5690-89a4-1ece06685ff5,058c6382-bde2-59d1-93ff-20c6161a4736,2025-05-06,2025-05-16,10
eb928cce-6b00-58e4-b5ec-b98bf71634b4,e8aeb018-f679-5670-b210-de4f62ff2111,76d6c9f4-5d7d-53c0-bb1f-2a577383765a,d3961f5a-3ea7-53d3-89f4-78b65b0c0c6b,2025-05-14,2025-05-17,3
dedcca81-1730-5cff-92d9-8d4c48174a8f,e8aeb018-f679-5670-b210-de4f62ff2111,ab4a547f-e75d-5601-8171-00da4efa4b57,07371b94-955f-52a4-9bf9-f0a6ad2b4fa8,2025-05-10,2025-05-17,7
57004e01-6e2a-59ca-9bd4-ff052ca7803f,e8aeb018-f679-5670-b210-de4f62ff2111,c6617891-56ff-5690-89a4-1ece06685ff5,87b859e0-789a-56e6-b1ba-4fe76221d3bf,2025-05-07,2025-05-17,10
81ac13fc-7616-5532-965a-cd790278a7f0,e8aeb018-f679-5670-b210-de4f62ff2111,41cb90d0-d91a-57c2-b138-831be351479f,2933d8b7-2438-521b-b38d-d3a5224f87fc,2025-05-12,2025-05-17,5
b56860d5-333b-5631-939e-c0e153430a68,e8aeb018-f679-5670-b210-de4f62ff2111,41cb90d0-d91a-57c2-b138-831be351479f,2897aac2-f219-5167-b800-73fac27f6b85,2025-05-13,2025-05-18,5
38066ddc-e543-54f8-ae46-7c96373fd755,e8aeb018-f679-5670-b210-de4f62ff2111,76d6c9f4-5d7d-53c0-bb1f-2a577383765a,5bbfdec8-65ae-59e6-b211-5eccb5b765fa,2025-05-15,2025-05-18,3
349a9844-bd52-5335-bb7b-5fdb9bf0f1ef,e8aeb018-f679-5670-b210-de4f62ff2111,76d6c9f4-5d7d-53c0-bb1f-2a577383765a,c0cf5e5c-b5c9-585a-8e79-d9830bc954f6,2025-05-15,2025-05-18,3
8ba3b9ef-aa38-5a2e-bb98-1249fcb59500,e8aeb018-f679-5670-b210-de4f62ff2111,c6617891-56ff-5690-89a4-1ece06685ff5,87b859e0-789a-56e6-b1ba-4fe76221d3bf,2025-05-08,2025-05-18,10
b1c84346-2dc3-52d1-9e99-79ab1f6b65d2,e8aeb018-f679-5670-b210-de4f62ff2111,c6617891-56ff-5690-89a4-1ece06685ff5,1ca3438e-9e23-58f0-a35f-f15f7a23beb9,2025-05-09,2025-05-19,10
a39c1224-0afb-5b15-8d60-185813969da1,e8aeb018-f679-5670-b210-de4f62ff2111,c6617891-56ff-5690-89a4-1ece06685ff5,d9506935-1215-5499-93c0-8bdd86ab9418,2025-05-09,2025-05-19,10
a9044d0e-1a45-510b-a561-3755afd6187f,e8aeb018-f679-5670-b210-de4f62ff2111,c6617891-56ff-5690-89a4-1ece06685ff5,058c6382-bde2-59d1-93ff-20c6161a4736,2025-05-09,2025-05-19,10
cc974389-8190-5bb3-8c00-0285de1cbdf0,e8aeb018-f679-5670-b210-de4f62ff2111,76d6c9f4-5d7d-53c0-bb1f-2a577383765a,2082733c-4e17-51fe-bc8c-bf33d3ec5d7e,2025-05-16,2025-05-19,3
7ca52c18-7bca-571d-8533-5b8b723b76e3,e8aeb018-f679-5670-b210-de4f62ff2111,ab4a547f-e75d-5601-8171-00da4efa4b57,012857cc-907f-5e7d-b8fb-796d2c9f1621,2025-05-12,2025-05-19,7
fcc8c1fb-2cdb-599b-8db1-b557f9bd40ab,e8aeb018-f679-5670-b210-de4f62ff2111,76d6c9f4-5d7d-53c0-bb1f-2a577383765a,d0ae6d2d-e561-56b3-a2c1-113c1c56ae81,2025-05-17,2025-05-20,3
bcb37a6c-7f93-52d8-a15f-c1dc010e258c,e8aeb018-f679-5670-b210-de4f62ff2111,41cb90d0-d91a-57c2-b138-831be351479f,2897aac2-f219-5167-b800-73fac27f6b85,2025-05-16,2025-05-21,5
150c7d73-d27a-53bb-9ad1-7803c343ba53,e8aeb018-f679-5670-b210-de4f62ff2111,a6f6d890-1609-53fc-b4a6-5733ccc9d078,0ec23038-d3ab-588c-bbd6-1f5c744cdde1,2025-05-07,2025-05-21,14
4bb3db94-bb81-5ede-b23f-2d88119bda6b,e8aeb018-f679-5670-b210-de4f62ff2111,a6f6d890-1609-53fc-b4a6-5733ccc9d078,4d9429b6-2ebf-5b5d-ac48-f779d5a1e270,2025-05-07,2025-05-21,14
f6ea0ffe-2371-571f-8a5a-a543115a4eaf,e8aeb018-f679-5670-b210-de4f62ff2111,a6f6d890-1609-53fc-b4a6-5733ccc9d078,afe9d181-1c64-5cca-b4b7-a9fa24eceeea,2025-05-07,2025-05-21,14
26d48f4e-b0bd-5ee6-93b8-9ef53dd9cbe6,e8aeb018-f679-5670-b210-de4f62ff2111,a6f6d890-1609-53fc-b4a6-5733ccc9d078,1e9605fd-5682-52b6-8f05-e8a92dd44513,2025-05-07,2025-05-21,14
2b93b1a9-6916-52c4-a750-4ffacf92fcfd,e8aeb018-f679-5670-b210-de4f62ff2111,41cb90d0-d91a-57c2-b138-831be351479f,6baabed2-52d7-5cb7-bf74-86c7cb3e4f07,2025-05-16,2025-05-21,5
be50f82b-dbd1-5109-9487-e19c0ba88dd2,e8aeb018-f679-5670-b210-de4f62ff2111,ab4a547f-e75d-5601-8171-00da4efa4b57,94e18241-54bd-5516-b36f-94ab6e323aca,2025-05-14,2025-05-21,7
f38668fd-d289-50a6-a667-c3c8cff72ef7,e8aeb018-f679-5670-b210-de4f62ff2111,a6f6d890-1609-53fc-b4a6-5733ccc9d078,4d9429b6-2ebf-5b5d-ac48-f779d5a1e270,2025-05-08,2025-05-22,14
55f44282-ef7f-5d71-8c46-bd3f920a9b6b,e8aeb018-f679-5670-b210-de4f62ff2111,41cb90d0-d91a-57c2-b138-831be351479f,38adf7ba-476e-5e6b-9163-781a13538253,2025-05-17,2025-05-22,5
e0641acd-b9fd-5265-bbc8-034634c91ce8,e8aeb018-f679-5670-b210-de4f62ff2111,c6617891-56ff-5690-89a4-1ece06685ff5,2eb3a104-e572-583a-afa0-156ee0dc4cce,2025-05-12,2025-05-22,10
a7cf169f-4617-5e41-bfba-1af2ecb221bb,e8aeb018-f679-5670-b210-de4f62ff2111,ab4a547f-e75d-5601-8171-00da4efa4b57,94e18241-54bd-5516-b36f-94ab6e323aca,2025-05-15,2025-05-22,7
f65b9958-b88a-58e2-a4a6-a32b328be25f,e8aeb018-f679-5670-b210-de4f62ff2111,c6617891-56ff-5690-89a4-1ece06685ff5,2eb3a104-e572-583a-afa0-156ee0dc4cce,2025-05-12,2025-05-22,10
b315cdc1-916f-5c87-860d-71df758ef87e,e8aeb018-f679-5670-b210-de4f62ff2111,c6617891-56ff-5690-89a4-1ece06685ff5,058c6382-bde2-59d1-93ff-20c6161a4736,2025-05-13,2025-05-23,10
a2fd2665-f9fb-5e55-ab20-83b32a780472,e8aeb018-f679-5670-b210-de4f62ff2111,a6f6d890-1609-53fc-b4a6-5733ccc9d078,4d9429b6-2ebf-5b5d-ac48-f779d5a1e270,2025-05-09,2025-05-23,14
5f13c749-aaef-5d11-a59a-252705c2cc73,e8aeb018-f679-5670-b210-de4f62ff2111,41cb90d0-d91a-57c2-b138-831be351479f,6baabed2-52d7-5cb7-bf74-86c7cb3e4f07,2025-05-19,2025-05-24,5
a788102a-c876-5703-b9f7-9110cca6b483,e8aeb018-f679-5670-b210-de4f62ff2111,a6f6d890-1609-53fc-b4a6-5733ccc9d078,1e9605fd-5682-52b6-8f05-e8a92dd44513,2025-05-10,2025-05-24,14
7242683e-acae-52b7-9592-e95dc5f1d745,e8aeb018-f679-5670-b210-de4f62ff2111,76d6c9f4-5d7d-53c0-bb1f-2a577383765a,d3961f5a-3ea7-53d3-89f4-78b65b0c0c6b,2025-05-21,2025-05-24,3
6518d3db-3b0d-526e-a52f-6c9c3489a455,e8aeb018-f679-5670-b210-de4f62ff2111,76d6c9f4-5d7d-53c0-bb1f-2a577383765a,2082733c-4e17-51fe-bc8c-bf33d3ec5d7e,2025-05-21,2025-05-24,3
4b175977-3a75-56e0-8ace-bad89016c1e2,e8aeb018-f679-5670-b210-de4f62ff2111,41cb90d0-d91a-57c2-b138-831be351479f,2897aac2-f219-5167-b800-73fac27f6b85,2025-05-19,2025-05-24,5
9bb15f6a-d5aa-52e2-be55-29f53031da81,e8aeb018-f679-5670-b210-de4f62ff2111,41cb90d0-d91a-57c2-b138-831be351479f,82cd11ba-d1a0-58b1-b14f-edd741f36e87,2025-05-20,2025-05-25,5
025825ec-3b6b-5174-94fc-6fcaaa29d1ac,e8aeb018-f679-5670-b210-de4f62ff2111,41cb90d0-d91a-57c2-b138-831be351479f,2897aac2-f219-5167-b800-73fac27f6b85,2025-05-20,2025-05-25,5
e034406e-0f9e-5c4e-a105-bbf3b234e3fb,e8aeb018-f679-5670-b210-de4f62ff2111,c6617891-56ff-5690-89a4-1ece06685ff5,87b859e0-789a-56e6-b1ba-4fe76221d3bf,2025-05-16,2025-05-26,10
5f026914-7c57-5a51-b801-484659faa690,e8aeb018-f679-5670-b210-de4f62ff2111,c6617891-56ff-5690-89a4-1ece06685ff5,87b859e0-789a-56e6-b1ba-4fe76221d3bf,2025-05-16,2025-05-26,10
d75cfb2d-afdc-516e-9c97-182f7436b4e7,e8aeb018-f679-5670-b210-de4f62ff2111,76d6c9f4-5d7d-53c0-bb1f-2a577383765a,d3961f5a-3ea7-53d3-89f4-78b65b0c0c6b,2025-05-23,2025-05-26,3
410ea7de-a57a-56f0-bec9-3ada68704f86,e8aeb018-f679-5670-b210-de4f62ff2111,ab4a547f-e75d-5601-8171-00da4efa4b57,012857cc-907f-5e7d-b8fb-796d2c9f1621,2025-05-19,2025-05-26,7
60f6018b-64ee-5ea6-8976-940a51a4926d,e8aeb018-f679-5670-b210-de4f62ff2111,ab4a547f-e75d-5601-8171-00da4efa4b57,07371b94-955f-52a4-9bf9-f0a6ad2b4fa8,2025-05-20,2025-05-27,7
36ccbd92-5ecd-50ca-90ee-3cda113f38dc,e8aeb018-f679-5670-b210-de4f62ff2111,41cb90d0-d91a-57c2-b138-831be351479f,38adf7ba-476e-5e6b-9163-781a13538253,2025-05-22,2025-05-27,5
e996d1c6-5497-5f45-aad2-b7e4cd097ece,e8aeb018-f679-5670-b210-de4f62ff2111,41cb90d0-d91a-57c2-b138-831be351479f,d2f08f15-f9f2-5f65-a740-b05896774467,2025-05-22,2025-05-27,5
fe6040cd-1dfd-5d79-8531-b6e815649374,e8aeb018-f679-5670-b210-de4f62ff2111,ab4a547f-e75d-5601-8171-00da4efa4b57,97d26d91-c562-5f27-9ebd-285e89c8f4bf,2025-05-20,2025-05-27,7
901f7e21-ec4c-55d3-95ab-65e581ca4913,e8aeb018-f679-5670-b210-de4f62ff2111,41cb90d0-d91a-57c2-b138-831be351479f,2933d8b7-2438-521b-b38d-d3a5224f87fc,2025-05-22,2025-05-27,5
141f7522-5da3-5133-8b6e-55f2222a8040,e8aeb018-f679-5670-b210-de4f62ff2111,ab4a547f-e75d-5601-8171-00da4efa4b57,07371b94-955f-52a4-9bf9-f0a6ad2b4fa8,2025-05-20,2025-05-27,7
205da895-c25b-5bb6-b3ca-c866fb9ca5ba,e8aeb018-f679-5670-b210-de4f62ff2111,a6f6d890-1609-53fc-b4a6-5733ccc9d078,1e9605fd-5682-52b6-8f05-e8a92dd44513,2025-05-13,2025-05-27,14
41bf8e57-482e-5b77-8169-6ea11ae9ea92,e8aeb018-f679-5670-b210-de4f62ff2111,41cb90d0-d91a-57c2-b138-831be351479f,2933d8b7-2438-521b-b38d-d3a5224f87fc,2025-05-23,2025-05-28,5
b9ff23b4-2eca-578f-b34d-4b891f6b93aa,e8aeb018-f679-5670-b210-de4f62ff2111,76d6c9f4-5d7d-53c0-bb1f-2a577383765a,d0ae6d2d-e561-56b3-a2c1-113c1c56ae81,2025-05-26,2025-05-29,3
01871efe-7055-56f9-9975-60e8ac0626c0,e8aeb018-f679-5670-b210-de4f62ff2111,a6f6d890-1609-53fc-b4a6-5733ccc9d078,4d9429b6-2ebf-5b5d-ac48-f779d5a1e270,2025-05-15,2025-05-29,14
a21ffc8b-727c-5170-8b5a-f249daadc3a8,e8aeb018-f679-5670-b210-de4f62ff2111,ab4a547f-e75d-5601-8171-00da4efa4b57,94e18241-54bd-5516-b36f-94ab6e323aca,2025-05-22,2025-05-29,7
9fe3f41b-6da0-5f64-a948-56e0d216d802,e8aeb018-f679-5670-b210-de4f62ff2111,ab4a547f-e75d-5601-8171-00da4efa4b57,6d807393-f4ab-5f76-b544-251eeda27ba3,2025-05-22,2025-05-29,7
f6f1495b-0618-5acb-9660-bc2c39a15541,e8aeb018-f679-5670-b210-de4f62ff2111,ab4a547f-e75d-5601-8171-00da4efa4b57,012857cc-907f-5e7d-b8fb-796d2c9f1621,2025-05-23,2025-05-30,7
b0387d83-b687-5250-b102-f091a5befe63,e8aeb018-f679-5670-b210-de4f62ff2111,ab4a547f-e75d-5601-8171-00da4efa4b57,6d807393-f4ab-5f76-b544-251eeda27ba3,2025-05-23,2025-05-30,7
0b601d5c-c923-56d1-8634-a4ba91b59f37,e8aeb018-f679-5670-b210-de4f62ff2111,ab4a547f-e75d-5601-8171-00da4efa4b57,6d807393-f4ab-5f76-b544-251eeda27ba3,2025-05-23,2025-05-30,7
62df853a-295a-5b1e-af44-d62d2cb98c74,e8aeb018-f679-5670-b210-de4f62ff2111,76d6c9f4-5d7d-53c0-bb1f-2a577383765a,5bbfdec8-65ae-59e6-b211-5eccb5b765fa,2025-05-27,2025-05-30,3
43ab46d0-6aa0-561b-b729-799c9fdd0060,e8aeb018-f679-5670-b210-de4f62ff2111,a6f6d890-1609-53fc-b4a6-5733ccc9d078,1e9605fd-5682-52b6-8f05-e8a92dd44513,2025-05-16,2025-05-30,14
9ec49f9a-1589-5caf-b901-5adda468b403,e8aeb018-f679-5670-b210-de4f62ff2111,a6f6d890-1609-53fc-b4a6-5733ccc9d078,0ec23038-d3ab-588c-bbd6-1f5c744cdde1,2025-05-16,2025-05-30,14
2603024d-9ecf-5de7-bff9-a55eac7c46e0,e8aeb018-f679-5670-b210-de4f62ff2111,41cb90d0-d91a-57c2-b138-831be351479f,2933d8b7-2438-521b-b38d-d3a5224f87fc,2025-05-26,2025-05-31,5
17bb09ae-abd8-5790-ae8c-1f3110533f41,e8aeb018-f679-5670-b210-de4f62ff2111,ab4a547f-e75d-5601-8171-00da4efa4b57,22231140-3780-5fe8-a7d4-d33f61d15111,2025-05-24,2025-05-31,7
af8c4fc7-879d-5c14-ac99-99f69c497a89,e8aeb018-f679-5670-b210-de4f62ff2111,c6617891-56ff-5690-89a4-1ece06685ff5,042e2e80-f954-5df4-97be-29dd428cc598,2025-05-21,2025-05-31,10
3459941a-581d-5b7a-a164-39bb98a32f77,e8aeb018-f679-5670-b210-de4f62ff2111,c6617891-56ff-5690-89a4-1ece06685ff5,87b859e0-789a-56e6-b1ba-4fe76221d3bf,2025-05-21,2025-05-31,10
96bd9f99-d2fd-59f5-850b-72ea277b00e1,e8aeb018-f679-5670-b210-de4f62ff2111,a6f6d890-1609-53fc-b4a6-5733ccc9d078,9928e9a1-d9fc-5fdd-86c2-8909352fd7fe,2025-05-17,2025-05-31,14
a29aa342-fed6-5b93-a7d5-b389f1b445b5,e8aeb018-f679-5670-b210-de4f62ff2111,ab4a547f-e75d-5601-8171-00da4efa4b57,22231140-3780-5fe8-a7d4-d33f61d15111,2025-05-24,2025-05-31,7
cf34681a-cd6d-5cdc-bf2c-37cd4f808b12,e8aeb018-f679-5670-b210-de4f62ff2111,c6617891-56ff-5690-89a4-1ece06685ff5,d9506935-1215-5499-93c0-8bdd86ab9418,2025-05-21,2025-05-31,10
0b6171b8-55fe-5683-9585-8b423fdd6e25,e8aeb018-f679-5670-b210-de4f62ff2111,76d6c9f4-5d7d-53c0-bb1f-2a577383765a,2082733c-4e17-51fe-bc8c-bf33d3ec5d7e,2025-05-29,2025-06-01,3
e004cb93-c3f8-5d1b-b092-7c0d3a90dc1f,e8aeb018-f679-5670-b210-de4f62ff2111,41cb90d0-d91a-57c2-b138-831be351479f,2933d8b7-2438-521b-b38d-d3a5224f87fc,2025-05-27,2025-06-01,5
5a531519-9b19-5592-88f9-a93abdaf48ae,e8aeb018-f679-5670-b210-de4f62ff2111,76d6c9f4-5d7d-53c0-bb1f-2a577383765a,cd81184b-b6f1-563c-b463-36a69ddfb598,2025-05-29,2025-06-01,3
b5f304ca-7944-50ef-80d1-d39dbd596b7a,e8aeb018-f679-5670-b210-de4f62ff2111,76d6c9f4-5d7d-53c0-bb1f-2a577383765a,d0ae6d2d-e561-56b3-a2c1-113c1c56ae81,2025-05-29,2025-06-01,3
471f8b14-131a-544c-a8dd-0033c4793a2c,e8aeb018-f679-5670-b210-de4f62ff2111,76d6c9f4-5d7d-53c0-bb1f-2a577383765a,d3961f5a-3ea7-53d3-89f4-78b65b0c0c6b,2025-05-29,2025-06-01,3
1d895ba6-5d62-5ea9-beb0-c2b8ddc60eb5,e8aeb018-f679-5670-b210-de4f62ff2111,41cb90d0-d91a-57c2-b138-831be351479f,82cd11ba-d1a0-58b1-b14f-edd741f36e87,2025-05-27,2025-06-01,5
a9c4b29d-8820-56ae-84d3-168876816b1c,e8aeb018-f679-5670-b210-de4f62ff2111,41cb90d0-d91a-57c2-b138-831be351479f,38adf7ba-476e-5e6b-9163-781a13538253,2025-05-27,2025-06-01,5
10305215-f022-5faf-887d-99e17ac28f55,e8aeb018-f679-5670-b210-de4f62ff2111,ab4a547f-e75d-5601-8171-00da4efa4b57,6d807393-f4ab-5f76-b544-251eeda27ba3,2025-05-26,2025-06-02,7
7bed0845-d350-50b2-aa91-60e01e21d876,e8aeb018-f679-5670-b210-de4f62ff2111,a6f6d890-1609-53fc-b4a6-5733ccc9d078,0ec23038-d3ab-588c-bbd6-1f5c744cdde1,2025-05-19,2025-06-02,14
d1c06b06-78e0-5ecc-bf43-19d89385ca96,e8aeb018-f679-5670-b210-de4f62ff2111,41cb90d0-d91a-57c2-b138-831be351479f,82cd11ba-d1a0-58b1-b14f-edd741f36e87,2025-05-28,2025-06-02,5
e20a62b8-7b26-5570-9b87-3b1bb9b5e10b,e8aeb018-f679-5670-b210-de4f62ff2111,41cb90d0-d91a-57c2-b138-831be351479f,2897aac2-f219-5167-b800-73fac27f6b85,2025-05-28,2025-06-02,5
e91b268f-4d8f-52d9-bcff-40306d0a52f7,e8aeb018-f679-5670-b210-de4f62ff2111,41cb90d0-d91a-57c2-b138-831be351479f,d2f08f15-f9f2-5f65-a740-b05896774467,2025-05-28,2025-06-02,5
00c08544-6c79-5889-9a98-17a2bd58d94a,e8aeb018-f679-5670-b210-de4f62ff2111,c6617891-56ff-5690-89a4-1ece06685ff5,058c6382-bde2-59d1-93ff-20c6161a4736,2025-05-24,2025-06-03,10
97350fe5-3e38-5c68-b005-5ad26c095b2c,e8aeb018-f679-5670-b210-de4f62ff2111,41cb90d0-d91a-57c2-b138-831be351479f,d2f08f15-f9f2-5f65-a740-b05896774467,2025-05-29,2025-06-03,5
6a55c51f-411e-5831-a0cd-61eebf9a6ddc,e8aeb018-f679-5670-b210-de4f62ff2111,ab4a547f-e75d-5601-8171-00da4efa4b57,97d26d91-c562-5f27-9ebd-285e89c8f4bf,2025-05-27,2025-06-03,7
47779084-c0ff-5894-87eb-a6608d1ac8d0,e8aeb018-f679-5670-b210-de4f62ff2111,ab4a547f-e75d-5601-8171-00da4efa4b57,22231140-3780-5fe8-a7d4-d33f61d15111,2025-05-27,2025-06-03,7
798902c5-8a32-5fd0-bbbb-0760118ce1d7,e8aeb018-f679-5670-b210-de4f62ff2111,41cb90d0-d91a-57c2-b138-831be351479f,6baabed2-52d7-5cb7-bf74-86c7cb3e4f07,2025-05-29,2025-06-03,5
1b45a07f-c85f-5e9f-8ba0-10838041effe,e8aeb018-f679-5670-b210-de4f62ff2111,76d6c9f4-5d7d-53c0-bb1f-2a577383765a,d3961f5a-3ea7-53d3-89f4-78b65b0c0c6b,2025-05-31,2025-06-03,3
9b66d13a-9775-5e81-84a2-0ef1877d4f11,e8aeb018-f679-5670-b210-de4f62ff2111,a6f6d890-1609-53fc-b4a6-5733ccc9d078,9928e9a1-d9fc-5fdd-86c2-8909352fd7fe,2025-05-20,2025-06-03,14
eabcb35a-d0de-501b-8908-98ae97792f0c,e8aeb018-f679-5670-b210-de4f62ff2111,c6617891-56ff-5690-89a4-1ece06685ff5,1ca3438e-9e23-58f0-a35f-f15f7a23beb9,2025-05-24,2025-06-03,10
364b0610-7e56-552e-9351-050e485e0b3a,e8aeb018-f679-5670-b210-de4f62ff2111,76d6c9f4-5d7d-53c0-bb1f-2a577383765a,d0ae6d2d-e561-56b3-a2c1-113c1c56ae81,2025-06-02,2025-06-05,3
a3248440-fe65-508c-81de-fc4b016043bc,e8aeb018-f679-5670-b210-de4f62ff2111,76d6c9f4-5d7d-53c0-bb1f-2a577383765a,cd81184b-b6f1-563c-b463-36a69ddfb598,2025-06-02,2025-06-05,3
6708bd7e-a6dd-5a31-be0c-6c8e2226bd3b,e8aeb018-f679-5670-b210-de4f62ff2111,c6617891-56ff-5690-89a4-1ece06685ff5,d9506935-1215-5499-93c0-8bdd86ab9418,2025-05-26,2025-06-05,10
934023e7-29b5-50f7-bf7f-1dc361f03f97,e8aeb018-f679-5670-b210-de4f62ff2111,a6f6d890-1609-53fc-b4a6-5733ccc9d078,983871db-adfb-543e-b438-6b00044ffb64,2025-05-22,2025-06-05,14
6cde0a68-9579-528e-9107-5b4517d6f408,e8aeb018-f679-5670-b210-de4f62ff2111,a6f6d890-1609-53fc-b4a6-5733ccc9d078,afe9d181-1c64-5cca-b4b7-a9fa24eceeea,2025-05-22,2025-06-05,14
1b8979bb-dd1c-564e-93d6-049fd2786fc5,e8aeb018-f679-5670-b210-de4f62ff2111,a6f6d890-1609-53fc-b4a6-5733ccc9d078,9928e9a1-d9fc-5fdd-86c2-8909352fd7fe,2025-05-22,2025-06-05,14
10ce74a0-e1f8-5186-82d5-d1ce5210faca,e8aeb018-f679-5670-b210-de4f62ff2111,a6f6d890-1609-53fc-b4a6-5733ccc9d078,983871db-adfb-543e-b438-6b00044ffb64,2025-05-22,2025-06-05,14
c14b4c4e-baa6-5f8e-a45d-5a786733eb05,e8aeb018-f679-5670-b210-de4f62ff2111,76d6c9f4-5d7d-53c0-bb1f-2a577383765a,d0ae6d2d-e561-56b3-a2c1-113c1c56ae81,2025-06-02,2025-06-05,3
4f2f3d0d-1d64-5ea7-b2bc-1c148605922b,e8aeb018-f679-5670-b210-de4f62ff2111,ab4a547f-e75d-5601-8171-00da4efa4b57,6d807393-f4ab-5f76-b544-251eeda27ba3,2025-05-29,2025-06-05,7
8a0ee855-838d-5fae-bdd4-fbb89c1db710,e8aeb018-f679-5670-b210-de4f62ff2111,41cb90d0-d91a-57c2-b138-831be351479f,82cd11ba-d1a0-58b1-b14f-edd741f36e87,2025-05-31,2025-06-05,5
33ff1d59-d1fa-53fa-ba88-9c804df042b7,e8aeb018-f679-5670-b210-de4f62ff2111,41cb90d0-d91a-57c2-b138-831be351479f,38adf7ba-476e-5e6b-9163-781a13538253,2025-05-31,2025-06-05,5
762c40db-09e1-507a-89bf-bd314f6d54e2,e8aeb018-f679-5670-b210-de4f62ff2111,76d6c9f4-5d7d-53c0-bb1f-2a577383765a,5bbfdec8-65ae-59e6-b211-5eccb5b765fa,2025-06-03,2025-06-06,3
5e2cc4ad-6120-5fa4-8ff7-5045988a798a,e8aeb018-f679-5670-b210-de4f62ff2111,a6f6d890-1609-53fc-b4a6-5733ccc9d078,0ec23038-d3ab-588c-bbd6-1f5c744cdde1,2025-05-23,2025-06-06,14
ecab8461-4cdb-5ffa-bc7a-ff49a19718b3,e8aeb018-f679-5670-b210-de4f62ff2111,c6617891-56ff-5690-89a4-1ece06685ff5,042e2e80-f954-5df4-97be-29dd428cc598,2025-05-27,2025-06-06,10
a733c835-18a6-5e64-8c41-fa51efaf06c6,e8aeb018-f679-5670-b210-de4f62ff2111,76d6c9f4-5d7d-53c0-bb1f-2a577383765a,d3961f5a-3ea7-53d3-89f4-78b65b0c0c6b,2025-06-04,2025-06-07,3
8bf23f2c-da21-54b9-9ab9-0c2540c54e76,e8aeb018-f679-5670-b210-de4f62ff2111,76d6c9f4-5d7d-53c0-bb1f-2a577383765a,c0cf5e5c-b5c9-585a-8e79-d9830bc954f6,2025-06-04,2025-06-07,3
ce53cfac-8492-5213-a9b4-0838d30832db,e8aeb018-f679-5670-b210-de4f62ff2111,76d6c9f4-5d7d-53c0-bb1f-2a577383765a,5bbfdec8-65ae-59e6-b211-5eccb5b765fa,2025-06-04,2025-06-07,3
48b3ae25-6c93-5d74-9067-37875a4bf960,e8aeb018-f679-5670-b210-de4f62ff2111,76d6c9f4-5d7d-53c0-bb1f-2a577383765a,cd81184b-b6f1-563c-b463-36a69ddfb598,2025-06-04,2025-06-07,3
3311cde2-0da4-5b36-883f-6fe1bc8daced,e8aeb018-f679-5670-b210-de4f62ff2111,41cb90d0-d91a-57c2-b138-831be351479f,82cd11ba-d1a0-58b1-b14f-edd741f36e87,2025-06-02,2025-06-07,5
0566c2ce-bf8b-57a3-aebc-4621216d542d,e8aeb018-f679-5670-b210-de4f62ff2111,41cb90d0-d91a-57c2-b138-831be351479f,2897aac2-f219-5167-b800-73fac27f6b85,2025-06-03,2025-06-08,5
8753432a-5464-5c76-b898-e93571f89171,e8aeb018-f679-5670-b210-de4f62ff2111,41cb90d0-d91a-57c2-b138-831be351479f,2933d8b7-2438-521b-b38d-d3a5224f87fc,2025-06-03,2025-06-08,5
e364b7b8-4b75-52fe-9261-ed4e249c8b97,e8aeb018-f679-5670-b210-de4f62ff2111,ab4a547f-e75d-5601-8171-00da4efa4b57,94e18241-54bd-5516-b36f-94ab6e323aca,2025-06-02,2025-06-09,7
144bf4a7-9840-55b6-9ebb-1f368449740c,e8aeb018-f679-5670-b210-de4f62ff2111,c6617891-56ff-5690-89a4-1ece06685ff5,042e2e80-f954-5df4-97be-29dd428cc598,2025-05-30,2025-06-09,10
cb0063ad-9243-506e-9d30-6ea2e7f82d0b,e8aeb018-f679-5670-b210-de4f62ff2111,ab4a547f-e75d-5601-8171-00da4efa4b57,07371b94-955f-52a4-9bf9-f0a6ad2b4fa8,2025-06-02,2025-06-09,7
5e873460-068c-5e6b-a802-9d8481227db3,e8aeb018-f679-5670-b210-de4f62ff2111,41cb90d0-d91a-57c2-b138-831be351479f,2897aac2-f219-5167-b800-73fac27f6b85,2025-06-04,2025-06-09,5
73ec1aa4-ee4d-5fe9-8d7f-7fccd1ccf22c,e8aeb018-f679-5670-b210-de4f62ff2111,a6f6d890-1609-53fc-b4a6-5733ccc9d078,afe9d181-1c64-5cca-b4b7-a9fa24eceeea,2025-05-27,2025-06-10,14
0d9267cd-75a8-5a7d-b8a3-040a1e8e7a37,e8aeb018-f679-5670-b210-de4f62ff2111,a6f6d890-1609-53fc-b4a6-5733ccc9d078,9928e9a1-d9fc-5fdd-86c2-8909352fd7fe,2025-05-27,2025-06-10,14
455adf87-bfb0-5ced-bbac-38f9367294c5,e8aeb018-f679-5670-b210-de4f62ff2111,c6617891-56ff-5690-89a4-1ece06685ff5,058c6382-bde2-59d1-93ff-20c6161a4736,2025-05-31,2025-06-10,10
62ca99c8-c31d-5585-b387-79911542650a,e8aeb018-f679-5670-b210-de4f62ff2111,41cb90d0-d91a-57c2-b138-831be351479f,2897aac2-f219-5167-b800-73fac27f6b85,2025-06-05,2025-06-10,5
edc5946b-8bf7-5029-8377-1e90050d35c9,e8aeb018-f679-5670-b210-de4f62ff2111,a6f6d890-1609-53fc-b4a6-5733ccc9d078,983871db-adfb-543e-b438-6b00044ffb64,2025-05-28,2025-06-11,14
ee748543-c674-52b1-a976-fcc1fc156aa7,e8aeb018-f679-5670-b210-de4f62ff2111,ab4a547f-e75d-5601-8171-00da4efa4b57,22231140-3780-5fe8-a7d4-d33f61d15111,2025-06-04,2025-06-11,7
89138bbe-0f15-5fc0-a53c-2de54726446e,e8aeb018-f679-5670-b210-de4f62ff2111,a6f6d890-1609-53fc-b4a6-5733ccc9d078,0ec23038-d3ab-588c-bbd6-1f5c744cdde1,2025-05-28,2025-06-11,14
b0d3f11e-6db8-56e0-9680-1d058820a021,e8aeb018-f679-5670-b210-de4f62ff2111,ab4a547f-e75d-5601-8171-00da4efa4b57,07371b94-955f-52a4-9bf9-f0a6ad2b4fa8,2025-06-04,2025-06-11,7
c9aa198f-c9ce-5097-a215-2d6a1412957b,e8aeb018-f679-5670-b210-de4f62ff2111,41cb90d0-d91a-57c2-b138-831be351479f,2897aac2-f219-5167-b800-73fac27f6b85,2025-06-06,2025-06-11,5
5de955c6-a20c-5da2-8e7a-6df0dab3c171,e8aeb018-f679-5670-b210-de4f62ff2111,c6617891-56ff-5690-89a4-1ece06685ff5,042e2e80-f954-5df4-97be-29dd428cc598,2025-06-02,2025-06-12,10
8c43f92b-def3-547e-a0cd-bc741ee90e9a,e8aeb018-f679-5670-b210-de4f62ff2111,c6617891-56ff-5690-89a4-1ece06685ff5,1ca3438e-9e23-58f0-a35f-f15f7a23beb9,2025-06-02,2025-06-12,10
c54713de-05b5-58e9-a57c-a4d17b0093fc,e8aeb018-f679-5670-b210-de4f62ff2111,ab4a547f-e75d-5601-8171-00da4efa4b57,012857cc-907f-5e7d-b8fb-796d2c9f1621,2025-06-05,2025-06-12,7
45b95bec-354c-5efe-a5dd-4fdf0f7842fc,e8aeb018-f679-5670-b210-de4f62ff2111,a6f6d890-1609-53fc-b4a6-5733ccc9d078,afe9d181-1c64-5cca-b4b7-a9fa24eceeea,2025-05-29,2025-06-12,14
ce521c3d-bbc0-5b50-a9e3-b151da08a7c0,e8aeb018-f679-5670-b210-de4f62ff2111,76d6c9f4-5d7d-53c0-bb1f-2a577383765a,c0cf5e5c-b5c9-585a-8e79-d9830bc954f6,2025-06-10,2025-06-13,3
fd414b03-5930-5061-8c4a-477d689a9690,e8aeb018-f679-5670-b210-de4f62ff2111,76d6c9f4-5d7d-53c0-bb1f-2a577383765a,5bbfdec8-65ae-59e6-b211-5eccb5b765fa,2025-06-10,2025-06-13,3
9d3bf61f-951a-5271-8b7e-cdf8df2053f6,e8aeb018-f679-5670-b210-de4f62ff2111,76d6c9f4-5d7d-53c0-bb1f-2a577383765a,cd81184b-b6f1-563c-b463-36a69ddfb598,2025-06-10,2025-06-13,3
d0ea8385-bd76-53cc-b385-a242674c4ab0,e8aeb018-f679-5670-b210-de4f62ff2111,76d6c9f4-5d7d-53c0-bb1f-2a577383765a,cd81184b-b6f1-563c-b463-36a69ddfb598,2025-06-10,2025-06-13,3
540934a8-dffa-5e5d-a5d0-36c6d7a6e401,e8aeb018-f679-5670-b210-de4f62ff2111,76d6c9f4-5d7d-53c0-bb1f-2a577383765a,d3961f5a-3ea7-53d3-89f4-78b65b0c0c6b,2025-06-11,2025-06-14,3
150ecaa9-661b-59f7-b748-b38772b14728,e8aeb018-f679-5670-b210-de4f62ff2111,ab4a547f-e75d-5601-8171-00da4efa4b57,07371b94-955f-52a4-9bf9-f0a6ad2b4fa8,2025-06-07,2025-06-14,7
8718e954-3663-56ab-b369-1d054f7fb721,e8aeb018-f679-5670-b210-de4f62ff2111,41cb90d0-d91a-57c2-b138-831be351479f,38adf7ba-476e-5e6b-9163-781a13538253,2025-06-09,2025-06-14,5
f9697eb4-cfa0-5743-a2cb-e61d10686332,e8aeb018-f679-5670-b210-de4f62ff2111,41cb90d0-d91a-57c2-b138-831be351479f,d2f08f15-f9f2-5f65-a740-b05896774467,2025-06-09,2025-06-14,5
d5e373f6-d844-5a91-9523-ecc1fde41c9f,e8aeb018-f679-5670-b210-de4f62ff2111,76d6c9f4-5d7d-53c0-bb1f-2a577383765a,5bbfdec8-65ae-59e6-b211-5eccb5b765fa,2025-06-11,2025-06-14,3
7af95de8-e104-5e87-9f32-132ee5804a7a,e8aeb018-f679-5670-b210-de4f62ff2111,41cb90d0-d91a-57c2-b138-831be351479f,6baabed2-52d7-5cb7-bf74-86c7cb3e4f07,2025-06-10,2025-06-15,5
54fc372e-0720-5400-8e2a-8d7b47d555f6,e8aeb018-f679-5670-b210-de4f62ff2111,76d6c9f4-5d7d-53c0-bb1f-2a577383765a,2082733c-4e17-51fe-bc8c-bf33d3ec5d7e,2025-06-12,2025-06-15,3
e2c9c16c-1d3e-574f-b202-7e6d76e5771d,e8aeb018-f679-5670-b210-de4f62ff2111,76d6c9f4-5d7d-53c0-bb1f-2a577383765a,c0cf5e5c-b5c9-585a-8e79-d9830bc954f6,2025-06-12,2025-06-15,3
03520216-4945-5613-b871-f60bf7972d43,e8aeb018-f679-5670-b210-de4f62ff2111,ab4a547f-e75d-5601-8171-00da4efa4b57,07371b94-955f-52a4-9bf9-f0a6ad2b4fa8,2025-06-09,2025-06-16,7
0f675d10-f248-5cbc-8086-05fce4a81b04,e8aeb018-f679-5670-b210-de4f62ff2111,c6617891-56ff-5690-89a4-1ece06685ff5,1ca3438e-9e23-58f0-a35f-f15f7a23beb9,2025-06-06,2025-06-16,10
c0ee4b12-fc6f-5fc9-9f55-eed2e474a7ad,e8aeb018-f679-5670-b210-de4f62ff2111,ab4a547f-e75d-5601-8171-00da4efa4b57,012857cc-907f-5e7d-b8fb-796d2c9f1621,2025-06-09,2025-06-16,7
c2937956-5abe-5ccc-8a8a-b20f47b1d094,e8aeb018-f679-5670-b210-de4f62ff2111,ab4a547f-e75d-5601-8171-00da4efa4b57,22231140-3780-5fe8-a7d4-d33f61d15111,2025-06-09,2025-06-16,7
c2ac3334-d4d7-5b85-9146-d4fb5b797fc2,e8aeb018-f679-5670-b210-de4f62ff2111,c6617891-56ff-5690-89a4-1ece06685ff5,d9506935-1215-5499-93c0-8bdd86ab9418,2025-06-06,2025-06-16,10
7d14f667-7131-596d-9ff0-5551683e0da8,e8aeb018-f679-5670-b210-de4f62ff2111,41cb90d0-d91a-57c2-b138-831be351479f,6baabed2-52d7-5cb7-bf74-86c7cb3e4f07,2025-06-11,2025-06-16,5
1214eb0b-e74b-5ac8-8e0a-22a13080b4ed,e8aeb018-f679-5670-b210-de4f62ff2111,c6617891-56ff-5690-89a4-1ece06685ff5,87b859e0-789a-56e6-b1ba-4fe76221d3bf,2025-06-07,2025-06-17,10
7e8b065e-cbb8-5228-ad28-5e9f010d0e61,e8aeb018-f679-5670-b210-de4f62ff2111,41cb90d0-d91a-57c2-b138-831be351479f,2933d8b7-2438-521b-b38d-d3a5224f87fc,2025-06-12,2025-06-17,5
54fb755c-47ae-5ab4-84ff-665403e8e24e,e8aeb018-f679-5670-b210-de4f62ff2111,a6f6d890-1609-53fc-b4a6-5733ccc9d078,afe9d181-1c64-5cca-b4b7-a9fa24eceeea,2025-06-03,2025-06-17,14
5c703ab4-66d9-58cb-bcb1-51ae4151fbbc,e8aeb018-f679-5670-b210-de4f62ff2111,c6617891-56ff-5690-89a4-1ece06685ff5,1ca3438e-9e23-58f0-a35f-f15f7a23beb9,2025-06-07,2025-06-17,10
33141558-3d5c-5d3f-8bd5-3f7b925b8fa4,e8aeb018-f679-5670-b210-de4f62ff2111,c6617891-56ff-5690-89a4-1ece06685ff5,058c6382-bde2-59d1-93ff-20c6161a4736,2025-06-07,2025-06-17,10
fe2fc090-cfa9-50b7-95e8-3cef377a8c71,e8aeb018-f679-5670-b210-de4f62ff2111,a6f6d890-1609-53fc-b4a6-5733ccc9d078,983871db-adfb-543e-b438-6b00044ffb64,2025-06-04,2025-06-18,14
11579d56-2774-5414-9395-d994953e4595,e8aeb018-f679-5670-b210-de4f62ff2111,ab4a547f-e75d-5601-8171-00da4efa4b57,94e18241-54bd-5516-b36f-94ab6e323aca,2025-06-11,2025-06-18,7
366c043b-7495-5086-8558-fcd3e84febb3,e8aeb018-f679-5670-b210-de4f62ff2111,ab4a547f-e75d-5601-8171-00da4efa4b57,97d26d91-c562-5f27-9ebd-285e89c8f4bf,2025-06-11,2025-06-18,7
4f78674d-52f6-5cd7-a8f9-f90faabb5691,e8aeb018-f679-5670-b210-de4f62ff2111,41cb90d0-d91a-57c2-b138-831be351479f,2897aac2-f219-5167-b800-73fac27f6b85,2025-06-13,2025-06-18,5
d8abf3fe-6b71-53de-ad6a-c5685f177937,e8aeb018-f679-5670-b210-de4f62ff2111,41cb90d0-d91a-57c2-b138-831be351479f,82cd11ba-d1a0-58b1-b14f-edd741f36e87,2025-06-14,2025-06-19,5
2e53b02d-5992-5f2f-a94a-5d3ffbbf1fc0,e8aeb018-f679-5670-b210-de4f62ff2111,76d6c9f4-5d7d-53c0-bb1f-2a577383765a,d3961f5a-3ea7-53d3-89f4-78b65b0c0c6b,2025-06-16,2025-06-19,3
28d0cbec-66db-5727-b96f-80a3750e7b79,e8aeb018-f679-5670-b210-de4f62ff2111,c6617891-56ff-5690-89a4-1ece06685ff5,042e2e80-f954-5df4-97be-29dd428cc598,2025-06-09,2025-06-19,10
81440306-a44a-5b09-a91d-16b116b49086,e8aeb018-f679-5670-b210-de4f62ff2111,ab4a547f-e75d-5601-8171-00da4efa4b57,07371b94-955f-52a4-9bf9-f0a6ad2b4fa8,2025-06-12,2025-06-19,7
ad497b68-844f-5c17-bc06-8b68be247ade,e8aeb018-f679-5670-b210-de4f62ff2111,a6f6d890-1609-53fc-b4a6-5733ccc9d078,9928e9a1-d9fc-5fdd-86c2-8909352fd7fe,2025-06-06,2025-06-20,14
ae07b2e4-3b4a-5aff-8e0d-f261f0c7d13e,e8aeb018-f679-5670-b210-de4f62ff2111,a6f6d890-1609-53fc-b4a6-5733ccc9d078,983871db-adfb-543e-b438-6b00044ffb64,2025-06-06,2025-06-20,14
758bd8b3-bf53-593c-bbec-b4304884cf17,e8aeb018-f679-5670-b210-de4f62ff2111,41cb90d0-d91a-57c2-b138-831be351479f,38adf7ba-476e-5e6b-9163-781a13538253,2025-06-16,2025-06-21,5
ff05895a-374c-5e0f-b27d-e8a41b206d7c,e8aeb018-f679-5670-b210-de4f62ff2111,c6617891-56ff-5690-89a4-1ece06685ff5,1ca3438e-9e23-58f0-a35f-f15f7a23beb9,2025-06-11,2025-06-21,10
8e55e4cc-ec3d-5fa6-9f0f-e1ecfeb62d4a,e8aeb018-f679-5670-b210-de4f62ff2111,a6f6d890-1609-53fc-b4a6-5733ccc9d078,4d9429b6-2ebf-5b5d-ac48-f779d5a1e270,2025-06-07,2025-06-21,14
810b263d-67df-58f2-a957-ce62ad650e30,e8aeb018-f679-5670-b210-de4f62ff2111,41cb90d0-d91a-57c2-b138-831be351479f,38adf7ba-476e-5e6b-9163-781a13538253,2025-06-16,2025-06-21,5
97499f03-6ddb-5ff9-b0ba-5401164e4a0d,e8aeb018-f679-5670-b210-de4f62ff2111,76d6c9f4-5d7d-53c0-bb1f-2a577383765a,2082733c-4e17-51fe-bc8c-bf33d3ec5d7e,2025-06-18,2025-06-21,3
33ce988b-ff56-5de9-9c28-4f72b1a8052c,e8aeb018-f679-5670-b210-de4f62ff2111,ab4a547f-e75d-5601-8171-00da4efa4b57,97d26d91-c562-5f27-9ebd-285e89c8f4bf,2025-06-14,2025-06-21,7
1a2325fc-da22-509d-8622-3a663625ed78,e8aeb018-f679-5670-b210-de4f62ff2111,ab4a547f-e75d-5601-8171-00da4efa4b57,97d26d91-c562-5f27-9ebd-285e89c8f4bf,2025-06-14,2025-06-21,7
d95db946-839a-52c1-b0e7-6c1229f4af7f,e8aeb018-f679-5670-b210-de4f62ff2111,76d6c9f4-5d7d-53c0-bb1f-2a577383765a,d3961f5a-3ea7-53d3-89f4-78b65b0c0c6b,2025-06-19,2025-06-22,3
68b1cb2b-bee4-5dbd-8abe-2aade3b9caac,e8aeb018-f679-5670-b210-de4f62ff2111,41cb90d0-d91a-57c2-b138-831be351479f,2933d8b7-2438-521b-b38d-d3a5224f87fc,2025-06-17,2025-06-22,5
6d75cf33-c33b-56d9-beb3-5349a5b0ecb5,e8aeb018-f679-5670-b210-de4f62ff2111,76d6c9f4-5d7d-53c0-bb1f-2a577383765a,d3961f5a-3ea7-53d3-89f4-78b65b0c0c6b,2025-06-19,2025-06-22,3
93f048f0-2421-5db1-accb-2ee0eef2d88c,e8aeb018-f679-5670-b210-de4f62ff2111,c6617891-56ff-5690-89a4-1ece06685ff5,2eb3a104-e572-583a-afa0-156ee0dc4cce,2025-06-13,2025-06-23,10
97f30b55-32c7-52da-a353-8e77df2ecfd0,e8aeb018-f679-5670-b210-de4f62ff2111,41cb90d0-d91a-57c2-b138-831be351479f,82cd11ba-d1a0-58b1-b14f-edd741f36e87,2025-06-18,2025-06-23,5
227ed288-3b0d-5c3b-8b19-3e0a28d454c5,e8aeb018-f679-5670-b210-de4f62ff2111,c6617891-56ff-5690-89a4-1ece06685ff5,2eb3a104-e572-583a-afa0-156ee0dc4cce,2025-06-13,2025-06-23,10
8eaa85dd-47eb-59fd-abae-958837fd1bda,e8aeb018-f679-5670-b210-de4f62ff2111,ab4a547f-e75d-5601-8171-00da4efa4b57,22231140-3780-5fe8-a7d4-d33f61d15111,2025-06-16,2025-06-23,7
b91a8837-478a-544b-be94-9179bc25932e,e8aeb018-f679-5670-b210-de4f62ff2111,41cb90d0-d91a-57c2-b138-831be351479f,2933d8b7-2438-521b-b38d-d3a5224f87fc,2025-06-19,2025-06-24,5
bb68c6cc-b4ee-5bc0-b2dc-f72b30b38e45,e8aeb018-f679-5670-b210-de4f62ff2111,c6617891-56ff-5690-89a4-1ece06685ff5,058c6382-bde2-59d1-93ff-20c6161a4736,2025-06-14,2025-06-24,10
e269446f-38ba-5036-804e-ea52aafed31d,e8aeb018-f679-5670-b210-de4f62ff2111,76d6c9f4-5d7d-53c0-bb1f-2a577383765a,2082733c-4e17-51fe-bc8c-bf33d3ec5d7e,2025-06-21,2025-06-24,3
e2dc1ff1-57ab-51c9-98fa-88bc7f987814,e8aeb018-f679-5670-b210-de4f62ff2111,ab4a547f-e75d-5601-8171-00da4efa4b57,22231140-3780-5fe8-a7d4-d33f61d15111,2025-06-18,2025-06-25,7
6f6453e0-7141-5efd-a8a6-ceb03b63bac5,e8aeb018-f679-5670-b210-de4f62ff2111,41cb90d0-d91a-57c2-b138-831be351479f,6baabed2-52d7-5cb7-bf74-86c7cb3e4f07,2025-06-20,2025-06-25,5
b886adc1-a320-51ea-8fff-aa273f21ad11,e8aeb018-f679-5670-b210-de4f62ff2111,a6f6d890-1609-53fc-b4a6-5733ccc9d078,0ec23038-d3ab-588c-bbd6-1f5c744cdde1,2025-06-11,2025-06-25,14
9d455b8f-d400-5a74-8095-03649dd731f5,e8aeb018-f679-5670-b210-de4f62ff2111,ab4a547f-e75d-5601-8171-00da4efa4b57,6d807393-f4ab-5f76-b544-251eeda27ba3,2025-06-19,2025-06-26,7
6cd6e37a-6700-58ed-a7b7-b01fa401fb8a,e8aeb018-f679-5670-b210-de4f62ff2111,41cb90d0-d91a-57c2-b138-831be351479f,d2f08f15-f9f2-5f65-a740-b05896774467,2025-06-21,2025-06-26,5
19887561-bf7a-5b0f-a49b-e251cc7e31b8,e8aeb018-f679-5670-b210-de4f62ff2111,76d6c9f4-5d7d-53c0-bb1f-2a577383765a,c0cf5e5c-b5c9-585a-8e79-d9830bc954f6,2025-06-23,2025-06-26,3
49471dac-b847-5b6d-bfac-2254487f5b1f,e8aeb018-f679-5670-b210-de4f62ff2111,41cb90d0-d91a-57c2-b138-831be351479f,2897aac2-f219-5167-b800-73fac27f6b85,2025-06-21,2025-06-26,5
4df68666-db84-514d-9054-b51ce516916e,e8aeb018-f679-5670-b210-de4f62ff2111,76d6c9f4-5d7d-53c0-bb1f-2a577383765a,d3961f5a-3ea7-53d3-89f4-78b65b0c0c6b,2025-06-23,2025-06-26,3
e7f93e6c-ee42-55a6-8f8d-8a3a21b77846,e8aeb018-f679-5670-b210-de4f62ff2111,41cb90d0-d91a-57c2-b138-831be351479f,82cd11ba-d1a0-58b1-b14f-edd741f36e87,2025-06-21,2025-06-26,5
c144447f-5f3e-5a44-b824-1fe4745d6e41,e8aeb018-f679-5670-b210-de4f62ff2111,c6617891-56ff-5690-89a4-1ece06685ff5,2eb3a104-e572-583a-afa0-156ee0dc4cce,2025-06-16,2025-06-26,10
19934280-9dbe-55a6-9146-0d55d0896421,e8aeb018-f679-5670-b210-de4f62ff2111,41cb90d0-d91a-57c2-b138-831be351479f,82cd11ba-d1a0-58b1-b14f-edd741f36e87,2025-06-21,2025-06-26,5
69ec0928-060e-5a7d-b8a8-508449b7df08,e8aeb018-f679-5670-b210-de4f62ff2111,c6617891-56ff-5690-89a4-1ece06685ff5,87b859e0-789a-56e6-b1ba-4fe76221d3bf,2025-06-16,2025-06-26,10
dcffba7e-660d-588e-9851-5b35048f99c1,e8aeb018-f679-5670-b210-de4f62ff2111,ab4a547f-e75d-5601-8171-00da4efa4b57,6d807393-f4ab-5f76-b544-251eeda27ba3,2025-06-20,2025-06-27,7
39a70f24-4a29-5e42-b2df-4e7588363df0,e8aeb018-f679-5670-b210-de4f62ff2111,76d6c9f4-5d7d-53c0-bb1f-2a577383765a,5bbfdec8-65ae-59e6-b211-5eccb5b765fa,2025-06-24,2025-06-27,3
cb26f2e7-af94-5876-aa14-53cccca6615e,e8aeb018-f679-5670-b210-de4f62ff2111,c6617891-56ff-5690-89a4-1ece06685ff5,058c6382-bde2-59d1-93ff-20c6161a4736,2025-06-17,2025-06-27,10
47e2e2cd-a022-51ec-ba94-fe67eb514fc6,e8aeb018-f679-5670-b210-de4f62ff2111,ab4a547f-e75d-5601-8171-00da4efa4b57,6d807393-f4ab-5f76-b544-251eeda27ba3,2025-06-20,2025-06-27,7
651e17f0-a1e3-5a1a-a210-b5391c02ca92,e8aeb018-f679-5670-b210-de4f62ff2111,c6617891-56ff-5690-89a4-1ece06685ff5,058c6382-bde2-59d1-93ff-20c6161a4736,2025-06-17,2025-06-27,10
379b6156-692a-5aa3-be14-6fb92f9be52e,e8aeb018-f679-5670-b210-de4f62ff2111,ab4a547f-e75d-5601-8171-00da4efa4b57,6d807393-f4ab-5f76-b544-251eeda27ba3,2025-06-20,2025-06-27,7
13c5055f-8aa7-570e-ae50-6978aafbc0c2,e8aeb018-f679-5670-b210-de4f62ff2111,c6617891-56ff-5690-89a4-1ece06685ff5,d9506935-1215-5499-93c0-8bdd86ab9418,2025-06-17,2025-06-27,10
ff19e8d6-7e44-54b5-82e0-fd43377f9790,e8aeb018-f679-5670-b210-de4f62ff2111,41cb90d0-d91a-57c2-b138-831be351479f,2933d8b7-2438-521b-b38d-d3a5224f87fc,2025-06-23,2025-06-28,5
9bcbe644-302e-50d8-90ad-951ffca77bbf,e8aeb018-f679-5670-b210-de4f62ff2111,41cb90d0-d91a-57c2-b138-831be351479f,2897aac2-f219-5167-b800-73fac27f6b85,2025-06-23,2025-06-28,5
c0cdc485-440f-5b91-917d-991b224c0772,e8aeb018-f679-5670-b210-de4f62ff2111,76d6c9f4-5d7d-53c0-bb1f-2a577383765a,c0cf5e5c-b5c9-585a-8e79-d9830bc954f6,2025-06-25,2025-06-28,3
0edd66bb-a20f-5892-ad2a-b671d3fbd1ca,e8aeb018-f679-5670-b210-de4f62ff2111,41cb90d0-d91a-57c2-b138-831be351479f,6baabed2-52d7-5cb7-bf74-86c7cb3e4f07,2025-06-23,2025-06-28,5
9b30be90-9df1-5a50-b069-b18840e7442f,e8aeb018-f679-5670-b210-de4f62ff2111,ab4a547f-e75d-5601-8171-00da4efa4b57,6d807393-f4ab-5f76-b544-251eeda27ba3,2025-06-21,2025-06-28,7
a67fbe39-6e02-51bc-a660-d195f572c5be,e8aeb018-f679-5670-b210-de4f62ff2111,a6f6d890-1609-53fc-b4a6-5733ccc9d078,0ec23038-d3ab-588c-bbd6-1f5c744cdde1,2025-06-14,2025-06-28,14
d83134ce-273b-52d1-a3bc-f07f45ca0e14,e8aeb018-f679-5670-b210-de4f62ff2111,76d6c9f4-5d7d-53c0-bb1f-2a577383765a,5bbfdec8-65ae-59e6-b211-5eccb5b765fa,2025-06-26,2025-06-29,3
7372af8b-226d-5138-8c9d-8d3d1c49260e,e8aeb018-f679-5670-b210-de4f62ff2111,c6617891-56ff-5690-89a4-1ece06685ff5,2eb3a104-e572-583a-afa0-156ee0dc4cce,2025-06-19,2025-06-29,10
0f5e1b9d-53dd-5dcd-b38a-532920b35f7c,e8aeb018-f679-5670-b210-de4f62ff2111,41cb90d0-d91a-57c2-b138-831be351479f,d2f08f15-f9f2-5f65-a740-b05896774467,2025-06-24,2025-06-29,5
165d5131-84a1-5534-b280-73a4a3c8f45e,e8aeb018-f679-5670-b210-de4f62ff2111,76d6c9f4-5d7d-53c0-bb1f-2a577383765a,cd81184b-b6f1-563c-b463-36a69ddfb598,2025-06-26,2025-06-29,3
f1dca3f6-3f30-5819-8026-843b65ab1e10,e8aeb018-f679-5670-b210-de4f62ff2111,ab4a547f-e75d-5601-8171-00da4efa4b57,97d26d91-c562-5f27-9ebd-285e89c8f4bf,2025-06-23,2025-06-30,7
d0bb7288-b1b4-5c6c-946f-c19437d6b9b8,e8aeb018-f679-5670-b210-de4f62ff2111,76d6c9f4-5d7d-53c0-bb1f-2a577383765a,d0ae6d2d-e561-56b3-a2c1-113c1c56ae81,2025-06-27,2025-06-30,3
494b9c7d-95fe-5f62-b25f-56018282796c,e8aeb018-f679-5670-b210-de4f62ff2111,ab4a547f-e75d-5601-8171-00da4efa4b57,22231140-3780-5fe8-a7d4-d33f61d15111,2025-06-23,2025-06-30,7
f044c0dc-4d0b-5fcc-92c8-ec9cdfd1bb2f,e8aeb018-f679-5670-b210-de4f62ff2111,a6f6d890-1609-53fc-b4a6-5733ccc9d078,1e9605fd-5682-52b6-8f05-e8a92dd44513,2025-06-16,2025-06-30,14
44f94014-fa37-5cf9-908b-5f03bb1a4a62,e8aeb018-f679-5670-b210-de4f62ff2111,ab4a547f-e75d-5601-8171-00da4efa4b57,94e18241-54bd-5516-b36f-94ab6e323aca,2025-06-23,2025-06-30,7
6fa195ed-b649-5f32-8dca-6f97af00df11,e8aeb018-f679-5670-b210-de4f62ff2111,ab4a547f-e75d-5601-8171-00da4efa4b57,012857cc-907f-5e7d-b8fb-796d2c9f1621,2025-06-23,2025-06-30,7
10ad7021-5d40-5ac1-b5e6-01ec876bf2f3,e8aeb018-f679-5670-b210-de4f62ff2111,41cb90d0-d91a-57c2-b138-831be351479f,d2f08f15-f9f2-5f65-a740-b05896774467,2025-06-26,2025-07-01,5
c55deb55-d47f-5693-9590-b4d636396c8e,e8aeb018-f679-5670-b210-de4f62ff2111,a6f6d890-1609-53fc-b4a6-5733ccc9d078,0ec23038-d3ab-588c-bbd6-1f5c744cdde1,2025-06-17,2025-07-01,14
fe5d456a-c5fa-5365-a34f-1b8dc267ccd4,e8aeb018-f679-5670-b210-de4f62ff2111,ab4a547f-e75d-5601-8171-00da4efa4b57,07371b94-955f-52a4-9bf9-f0a6ad2b4fa8,2025-06-24,2025-07-01,7
eab7265f-f9ca-5635-82c5-971acb5ac77e,e8aeb018-f679-5670-b210-de4f62ff2111,41cb90d0-d91a-57c2-b138-831be351479f,82cd11ba-d1a0-58b1-b14f-edd741f36e87,2025-06-26,2025-07-01,5
aed11c41-7275-5a5e-a46a-f2dc613e0e20,e8aeb018-f679-5670-b210-de4f62ff2111,ab4a547f-e75d-5601-8171-00da4efa4b57,94e18241-54bd-5516-b36f-94ab6e323aca,2025-06-24,2025-07-01,7
37672887-fbae-592a-87e3-21f6871cc747,e8aeb018-f679-5670-b210-de4f62ff2111,c6617891-56ff-5690-89a4-1ece06685ff5,2eb3a104-e572-583a-afa0-156ee0dc4cce,2025-06-21,2025-07-01,10
80356091-309f-510b-ab97-4742895cca0b,e8aeb018-f679-5670-b210-de4f62ff2111,41cb90d0-d91a-57c2-b138-831be351479f,2897aac2-f219-5167-b800-73fac27f6b85,2025-06-27,2025-07-02,5
04b55599-5a4f-5744-9f50-776d2b9520cf,e8aeb018-f679-5670-b210-de4f62ff2111,41cb90d0-d91a-57c2-b138-831be351479f,2933d8b7-2438-521b-b38d-d3a5224f87fc,2025-06-27,2025-07-02,5
ba59e28c-a913-52f2-bbb9-83eb79251fd9,e8aeb018-f679-5670-b210-de4f62ff2111,c6617891-56ff-5690-89a4-1ece06685ff5,d9506935-1215-5499-93c0-8bdd86ab9418,2025-06-23,2025-07-03,10
f781fa8b-4fd4-502e-866a-9337ad2e68e8,e8aeb018-f679-5670-b210-de4f62ff2111,76d6c9f4-5d7d-53c0-bb1f-2a577383765a,5bbfdec8-65ae-59e6-b211-5eccb5b765fa,2025-06-30,2025-07-03,3
c18fbfc9-2258-5148-9dda-65e04737e05f,e8aeb018-f679-5670-b210-de4f62ff2111,41cb90d0-d91a-57c2-b138-831be351479f,2897aac2-f219-5167-b800-73fac27f6b85,2025-06-28,2025-07-03,5
54ac613f-1c7b-57b7-b5d3-18a8f967f838,e8aeb018-f679-5670-b210-de4f62ff2111,41cb90d0-d91a-57c2-b138-831be351479f,38adf7ba-476e-5e6b-9163-781a13538253,2025-06-28,2025-07-03,5
2086e39d-3479-5f4c-b692-8486697256af,e8aeb018-f679-5670-b210-de4f62ff2111,76d6c9f4-5d7d-53c0-bb1f-2a577383765a,d0ae6d2d-e561-56b3-a2c1-113c1c56ae81,2025-06-30,2025-07-03,3
3d1f0a6e-ad93-5f09-819d-f43924a5760e,e8aeb018-f679-5670-b210-de4f62ff2111,ab4a547f-e75d-5601-8171-00da4efa4b57,07371b94-955f-52a4-9bf9-f0a6ad2b4fa8,2025-06-27,2025-07-04,7
585eb781-8cd8-5300-a001-bfdd6c853dc2,e8aeb018-f679-5670-b210-de4f62ff2111,ab4a547f-e75d-5601-8171-00da4efa4b57,012857cc-907f-5e7d-b8fb-796d2c9f1621,2025-06-27,2025-07-04,7
8c8d99fe-7fc6-529b-a889-d12da4b59319,e8aeb018-f679-5670-b210-de4f62ff2111,76d6c9f4-5d7d-53c0-bb1f-2a577383765a,cd81184b-b6f1-563c-b463-36a69ddfb598,2025-07-01,2025-07-04,3
1361a4a8-ef60-55b1-89ab-98c911c882b5,e8aeb018-f679-5670-b210-de4f62ff2111,c6617891-56ff-5690-89a4-1ece06685ff5,87b859e0-789a-56e6-b1ba-4fe76221d3bf,2025-06-24,2025-07-04,10
7b3a310f-866c-59c4-83ae-5133fdec37e8,e8aeb018-f679-5670-b210-de4f62ff2111,76d6c9f4-5d7d-53c0-bb1f-2a577383765a,d0ae6d2d-e561-56b3-a2c1-113c1c56ae81,2025-07-01,2025-07-04,3
af32ed9a-9134-5520-a1b9-2a3fbc8808ad,e8aeb018-f679-5670-b210-de4f62ff2111,ab4a547f-e75d-5601-8171-00da4efa4b57,22231140-3780-5fe8-a7d4-d33f61d15111,2025-06-27,2025-07-04,7
ee87540f-51a9-5196-93a1-d4440bc98b23,e8aeb018-f679-5670-b210-de4f62ff2111,76d6c9f4-5d7d-53c0-bb1f-2a577383765a,5bbfdec8-65ae-59e6-b211-5eccb5b765fa,2025-07-01,2025-07-04,3
bfacb6ad-b6e2-5901-a579-23a4dc2b574b,e8aeb018-f679-5670-b210-de4f62ff2111,41cb90d0-d91a-57c2-b138-831be351479f,82cd11ba-d1a0-58b1-b14f-edd741f36e87,2025-06-30,2025-07-05,5
1bd87744-338f-516e-81f3-f550fa126480,e8aeb018-f679-5670-b210-de4f62ff2111,a6f6d890-1609-53fc-b4a6-5733ccc9d078,4d9429b6-2ebf-5b5d-ac48-f779d5a1e270,2025-06-21,2025-07-05,14
9212f0bd-e16a-5b8a-8116-2cb6ac393f6a,e8aeb018-f679-5670-b210-de4f62ff2111,c6617891-56ff-5690-89a4-1ece06685ff5,058c6382-bde2-59d1-93ff-20c6161a4736,2025-06-25,2025-07-05,10
cd94d233-db80-5f78-a954-c4fbaa2dd3d1,e8aeb018-f679-5670-b210-de4f62ff2111,ab4a547f-e75d-5601-8171-00da4efa4b57,012857cc-907f-5e7d-b8fb-796d2c9f1621,2025-06-28,2025-07-05,7
cdace9a7-051b-5409-b760-b1ad7ed11b40,e8aeb018-f679-5670-b210-de4f62ff2111,ab4a547f-e75d-5601-8171-00da4efa4b57,07371b94-955f-52a4-9bf9-f0a6ad2b4fa8,2025-06-28,2025-07-05,7
87486b8c-d872-58ba-83b9-0d8a4e05a282,e8aeb018-f679-5670-b210-de4f62ff2111,c6617891-56ff-5690-89a4-1ece06685ff5,042e2e80-f954-5df4-97be-29dd428cc598,2025-06-26,2025-07-06,10
2cb1abc0-8b36-53ce-b42b-9fa379a85c6a,e8aeb018-f679-5670-b210-de4f62ff2111,76d6c9f4-5d7d-53c0-bb1f-2a577383765a,d0ae6d2d-e561-56b3-a2c1-113c1c56ae81,2025-07-03,2025-07-06,3
3a7cc5f1-3e83-57bd-b761-9b77866ceb56,e8aeb018-f679-5670-b210-de4f62ff2111,76d6c9f4-5d7d-53c0-bb1f-2a577383765a,d3961f5a-3ea7-53d3-89f4-78b65b0c0c6b,2025-07-03,2025-07-06,3
0ab60a59-e504-5044-b4f2-16f98f0dcb4f,e8aeb018-f679-5670-b210-de4f62ff2111,41cb90d0-d91a-57c2-b138-831be351479f,38adf7ba-476e-5e6b-9163-781a13538253,2025-07-01,2025-07-06,5
eb2a1d5d-86d9-5f0a-a27a-3d8c109bcbf6,e8aeb018-f679-5670-b210-de4f62ff2111,76d6c9f4-5d7d-53c0-bb1f-2a577383765a,d3961f5a-3ea7-53d3-89f4-78b65b0c0c6b,2025-07-04,2025-07-07,3
554e6200-3610-54dd-a856-7514089703dc,e8aeb018-f679-5670-b210-de4f62ff2111,c6617891-56ff-5690-89a4-1ece06685ff5,042e2e80-f954-5df4-97be-29dd428cc598,2025-06-27,2025-07-07,10
46ba3773-5893-5702-a19c-404d653c473a,e8aeb018-f679-5670-b210-de4f62ff2111,76d6c9f4-5d7d-53c0-bb1f-2a577383765a,d3961f5a-3ea7-53d3-89f4-78b65b0c0c6b,2025-07-04,2025-07-07,3
2a7e5bb8-0398-5478-b91b-94e5aceddde9,e8aeb018-f679-5670-b210-de4f62ff2111,ab4a547f-e75d-5601-8171-00da4efa4b57,07371b94-955f-52a4-9bf9-f0a6ad2b4fa8,2025-06-30,2025-07-07,7
3a495646-64b3-55e2-9f7b-fe26ec74d66a,e8aeb018-f679-5670-b210-de4f62ff2111,ab4a547f-e75d-5601-8171-00da4efa4b57,94e18241-54bd-5516-b36f-94ab6e323aca,2025-06-30,2025-07-07,7
0d864ce9-9c3e-5157-aab7-fdb9b635e76d,e8aeb018-f679-5670-b210-de4f62ff2111,a6f6d890-1609-53fc-b4a6-5733ccc9d078,4d9429b6-2ebf-5b5d-ac48-f779d5a1e270,2025-06-23,2025-07-07,14
d7f2497a-601b-57b5-a913-cf4f5f1e1712,e8aeb018-f679-5670-b210-de4f62ff2111,76d6c9f4-5d7d-53c0-bb1f-2a577383765a,cd81184b-b6f1-563c-b463-36a69ddfb598,2025-07-05,2025-07-08,3
5ae3109b-e1b4-5342-8732-964715ddbe9e,e8aeb018-f679-5670-b210-de4f62ff2111,a6f6d890-1609-53fc-b4a6-5733ccc9d078,1e9605fd-5682-52b6-8f05-e8a92dd44513,2025-06-24,2025-07-08,14
c23a7cc1-cc96-5b78-b8d2-3fb940a1ff6f,e8aeb018-f679-5670-b210-de4f62ff2111,ab4a547f-e75d-5601-8171-00da4efa4b57,97d26d91-c562-5f27-9ebd-285e89c8f4bf,2025-07-01,2025-07-08,7
8973b4eb-f892-57dc-995d-ffefe2d85fcf,e8aeb018-f679-5670-b210-de4f62ff2111,c6617891-56ff-5690-89a4-1ece06685ff5,042e2e80-f954-5df4-97be-29dd428cc598,2025-06-28,2025-07-08,10
6145fc1d-8891-597a-b50e-f5a20c5e1d47,e8aeb018-f679-5670-b210-de4f62ff2111,41cb90d0-d91a-57c2-b138-831be351479f,2897aac2-f219-5167-b800-73fac27f6b85,2025-07-03,2025-07-08,5
edce3323-5486-54a8-b8be-f5d3ee0ff722,e8aeb018-f679-5670-b210-de4f62ff2111,a6f6d890-1609-53fc-b4a6-5733ccc9d078,0ec23038-d3ab-588c-bbd6-1f5c744cdde1,2025-06-25,2025-07-09,14
95349248-36db-553e-b43b-7d4653f4916f,e8aeb018-f679-5670-b210-de4f62ff2111,c6617891-56ff-5690-89a4-1ece06685ff5,87b859e0-789a-56e6-b1ba-4fe76221d3bf,2025-06-30,2025-07-10,10
548c45ee-aef9-51da-82ed-7dfd032320ff,e8aeb018-f679-5670-b210-de4f62ff2111,a6f6d890-1609-53fc-b4a6-5733ccc9d078,4d9429b6-2ebf-5b5d-ac48-f779d5a1e270,2025-06-26,2025-07-10,14
ece2a777-757f-5327-9e2d-130760467280,e8aeb018-f679-5670-b210-de4f62ff2111,ab4a547f-e75d-5601-8171-00da4efa4b57,07371b94-955f-52a4-9bf9-f0a6ad2b4fa8,2025-07-04,2025-07-11,7
76bcdfe6-42dc-5ab3-b910-0fd2d5d29289,e8aeb018-f679-5670-b210-de4f62ff2111,ab4a547f-e75d-5601-8171-00da4efa4b57,94e18241-54bd-5516-b36f-94ab6e323aca,2025-07-05,2025-07-12,7
0f40b7ae-e3b5-54a4-9c9c-2c85794668d7,e8aeb018-f679-5670-b210-de4f62ff2111,c6617891-56ff-5690-89a4-1ece06685ff5,d9506935-1215-5499-93c0-8bdd86ab9418,2025-07-02,2025-07-12,10
f39823a0-1529-56a7-91c8-f6d8a5b534ec,e8aeb018-f679-5670-b210-de4f62ff2111,c6617891-56ff-5690-89a4-1ece06685ff5,87b859e0-789a-56e6-b1ba-4fe76221d3bf,2025-07-02,2025-07-12,10
4988a1a8-1a70-55de-a22d-bfa605ac4077,e8aeb018-f679-5670-b210-de4f62ff2111,a6f6d890-1609-53fc-b4a6-5733ccc9d078,9928e9a1-d9fc-5fdd-86c2-8909352fd7fe,2025-06-28,2025-07-12,14
c5def279-a720-5fd9-a8e2-cedbda640daf,e8aeb018-f679-5670-b210-de4f62ff2111,76d6c9f4-5d7d-53c0-bb1f-2a577383765a,2082733c-4e17-51fe-bc8c-bf33d3ec5d7e,2025-07-09,2025-07-12,3
a98c8c6e-640d-50e7-bc4a-c01f823f219a,e8aeb018-f679-5670-b210-de4f62ff2111,ab4a547f-e75d-5601-8171-00da4efa4b57,22231140-3780-5fe8-a7d4-d33f61d15111,2025-07-05,2025-07-12,7
d0c67a5b-7ed0-5bf3-a837-2c3e6f348405,e8aeb018-f679-5670-b210-de4f62ff2111,a6f6d890-1609-53fc-b4a6-5733ccc9d078,9928e9a1-d9fc-5fdd-86c2-8909352fd7fe,2025-06-28,2025-07-12,14
ad35c6d4-e1b8-5825-ba6e-0b2fead36418,e8aeb018-f679-5670-b210-de4f62ff2111,76d6c9f4-5d7d-53c0-bb1f-2a577383765a,5bbfdec8-65ae-59e6-b211-5eccb5b765fa,2025-07-09,2025-07-12,3
7abd23f3-3dab-59a4-bdbf-b5da4a9aadbd,e8aeb018-f679-5670-b210-de4f62ff2111,a6f6d890-1609-53fc-b4a6-5733ccc9d078,1e9605fd-5682-52b6-8f05-e8a92dd44513,2025-06-28,2025-07-12,14
1cf980fc-a9b9-5e0d-aea4-5a5b57d30a11,e8aeb018-f679-5670-b210-de4f62ff2111,41cb90d0-d91a-57c2-b138-831be351479f,2897aac2-f219-5167-b800-73fac27f6b85,2025-07-08,2025-07-13,5
44679ea7-adba-5797-a25f-ce7e86b5d5e3,e8aeb018-f679-5670-b210-de4f62ff2111,41cb90d0-d91a-57c2-b138-831be351479f,82cd11ba-d1a0-58b1-b14f-edd741f36e87,2025-07-08,2025-07-13,5
018ed487-2c2a-52ce-8e2a-c029d7f4c28c,e8aeb018-f679-5670-b210-de4f62ff2111,41cb90d0-d91a-57c2-b138-831be351479f,82cd11ba-d1a0-58b1-b14f-edd741f36e87,2025-07-08,2025-07-13,5
844f99f0-a665-54a2-aa91-b341b4f1136e,e8aeb018-f679-5670-b210-de4f62ff2111,41cb90d0-d91a-57c2-b138-831be351479f,d2f08f15-f9f2-5f65-a740-b05896774467,2025-07-08,2025-07-13,5
1c264080-24cf-5a94-983a-a9e4eb1db18a,e8aeb018-f679-5670-b210-de4f62ff2111,76d6c9f4-5d7d-53c0-bb1f-2a577383765a,cd81184b-b6f1-563c-b463-36a69ddfb598,2025-07-10,2025-07-13,3
f6f501d1-5c6d-5b73-95a7-cdd6ab104f15,e8aeb018-f679-5670-b210-de4f62ff2111,76d6c9f4-5d7d-53c0-bb1f-2a577383765a,c0cf5e5c-b5c9-585a-8e79-d9830bc954f6,2025-07-11,2025-07-14,3
c8eafd4f-7507-5fe5-8362-5c101e532c44,e8aeb018-f679-5670-b210-de4f62ff2111,a6f6d890-1609-53fc-b4a6-5733ccc9d078,983871db-adfb-543e-b438-6b00044ffb64,2025-06-30,2025-07-14,14
99d64031-4f5b-55bd-a243-42fc8c843c7f,e8aeb018-f679-5670-b210-de4f62ff2111,41cb90d0-d91a-57c2-b138-831be351479f,2897aac2-f219-5167-b800-73fac27f6b85,2025-07-09,2025-07-14,5
8a57ace9-ec67-50a5-8e32-c8637dd35873,e8aeb018-f679-5670-b210-de4f62ff2111,76d6c9f4-5d7d-53c0-bb1f-2a577383765a,cd81184b-b6f1-563c-b463-36a69ddfb598,2025-07-11,2025-07-14,3
1e85582c-7275-5dbd-bb49-08d6554c5799,e8aeb018-f679-5670-b210-de4f62ff2111,76d6c9f4-5d7d-53c0-bb1f-2a577383765a,c0cf5e5c-b5c9-585a-8e79-d9830bc954f6,2025-07-11,2025-07-14,3
2615c0a4-1e4b-53e2-b782-ca4ea92dfea6,e8aeb018-f679-5670-b210-de4f62ff2111,ab4a547f-e75d-5601-8171-00da4efa4b57,22231140-3780-5fe8-a7d4-d33f61d15111,2025-07-07,2025-07-14,7
9b6e41b1-8df2-5aad-a2da-972a2d757066,e8aeb018-f679-5670-b210-de4f62ff2111,41cb90d0-d91a-57c2-b138-831be351479f,6baabed2-52d7-5cb7-bf74-86c7cb3e4f07,2025-07-09,2025-07-14,5
d3676bd1-e681-5992-8552-513f2aa8df36,e8aeb018-f679-5670-b210-de4f62ff2111,76d6c9f4-5d7d-53c0-bb1f-2a577383765a,5bbfdec8-65ae-59e6-b211-5eccb5b765fa,2025-07-12,2025-07-15,3
a4554f50-60bf-58ea-b1e8-eeeded3d6cdf,e8aeb018-f679-5670-b210-de4f62ff2111,a6f6d890-1609-53fc-b4a6-5733ccc9d078,4d9429b6-2ebf-5b5d-ac48-f779d5a1e270,2025-07-01,2025-07-15,14
da82c4a6-b859-54a3-8fba-e33af14d6718,e8aeb018-f679-5670-b210-de4f62ff2111,a6f6d890-1609-53fc-b4a6-5733ccc9d078,1e9605fd-5682-52b6-8f05-e8a92dd44513,2025-07-01,2025-07-15,14
6fb7804a-d463-516d-b460-51c9b7bb5fc5,e8aeb018-f679-5670-b210-de4f62ff2111,76d6c9f4-5d7d-53c0-bb1f-2a577383765a,d3961f5a-3ea7-53d3-89f4-78b65b0c0c6b,2025-07-12,2025-07-15,3
f4873ad7-8310-5e22-8e25-b54a53f581e9,e8aeb018-f679-5670-b210-de4f62ff2111,41cb90d0-d91a-57c2-b138-831be351479f,82cd11ba-d1a0-58b1-b14f-edd741f36e87,2025-07-10,2025-07-15,5
fddb3edb-9f14-56a8-b0e5-9c7f5d37f23d,e8aeb018-f679-5670-b210-de4f62ff2111,c6617891-56ff-5690-89a4-1ece06685ff5,058c6382-bde2-59d1-93ff-20c6161a4736,2025-07-05,2025-07-15,10
3a8b63c3-5a2d-556b-8b0a-eaa376998163,e8aeb018-f679-5670-b210-de4f62ff2111,c6617891-56ff-5690-89a4-1ece06685ff5,d9506935-1215-5499-93c0-8bdd86ab9418,2025-07-05,2025-07-15,10
275de534-168d-5b91-a039-acd7106fbf2b,e8aeb018-f679-5670-b210-de4f62ff2111,a6f6d890-1609-53fc-b4a6-5733ccc9d078,9928e9a1-d9fc-5fdd-86c2-8909352fd7fe,2025-07-02,2025-07-16,14
d7e57322-4b0e-5b50-aad7-23f5a7d815d2,e8aeb018-f679-5670-b210-de4f62ff2111,41cb90d0-d91a-57c2-b138-831be351479f,38adf7ba-476e-5e6b-9163-781a13538253,2025-07-11,2025-07-16,5
2fb11294-466f-5431-b4e9-35013e390a70,e8aeb018-f679-5670-b210-de4f62ff2111,41cb90d0-d91a-57c2-b138-831be351479f,2897aac2-f219-5167-b800-73fac27f6b85,2025-07-11,2025-07-16,5
d5b9bef0-f7d0-5525-81da-f88827f00035,e8aeb018-f679-5670-b210-de4f62ff2111,a6f6d890-1609-53fc-b4a6-5733ccc9d078,0ec23038-d3ab-588c-bbd6-1f5c744cdde1,2025-07-02,2025-07-16,14
a63e1d36-d619-59f4-b883-8bcc5c076091,e8aeb018-f679-5670-b210-de4f62ff2111,a6f6d890-1609-53fc-b4a6-5733ccc9d078,afe9d181-1c64-5cca-b4b7-a9fa24eceeea,2025-07-03,2025-07-17,14
a9467393-e791-5f8b-b38d-fd0cd043e342,e8aeb018-f679-5670-b210-de4f62ff2111,ab4a547f-e75d-5601-8171-00da4efa4b57,22231140-3780-5fe8-a7d4-d33f61d15111,2025-07-10,2025-07-17,7
70256942-dc00-5d6a-83dd-80364ee3bf21,e8aeb018-f679-5670-b210-de4f62ff2111,41cb90d0-d91a-57c2-b138-831be351479f,2933d8b7-2438-521b-b38d-d3a5224f87fc,2025-07-12,2025-07-17,5
4b91318c-d3df-5eb0-9663-61577fa299b6,e8aeb018-f679-5670-b210-de4f62ff2111,ab4a547f-e75d-5601-8171-00da4efa4b57,07371b94-955f-52a4-9bf9-f0a6ad2b4fa8,2025-07-10,2025-07-17,7
99028c90-f508-54ae-b757-bea1429a94f9,e8aeb018-f679-5670-b210-de4f62ff2111,41cb90d0-d91a-57c2-b138-831be351479f,82cd11ba-d1a0-58b1-b14f-edd741f36e87,2025-07-12,2025-07-17,5
b10c00e2-f285-5686-8bdd-57326c689277,e8aeb018-f679-5670-b210-de4f62ff2111,a6f6d890-1609-53fc-b4a6-5733ccc9d078,afe9d181-1c64-5cca-b4b7-a9fa24eceeea,2025-07-03,2025-07-17,14
039b92c9-96c8-5a59-a249-28c4e05837d3,e8aeb018-f679-5670-b210-de4f62ff2111,76d6c9f4-5d7d-53c0-bb1f-2a577383765a,d3961f5a-3ea7-53d3-89f4-78b65b0c0c6b,2025-07-14,2025-07-17,3
dbfcf974-7501-5859-a50d-51bd4588fc7b,e8aeb018-f679-5670-b210-de4f62ff2111,c6617891-56ff-5690-89a4-1ece06685ff5,042e2e80-f954-5df4-97be-29dd428cc598,2025-07-07,2025-07-17,10
c8137925-d2d5-5b56-8e91-0fb99c013ff1,e8aeb018-f679-5670-b210-de4f62ff2111,a6f6d890-1609-53fc-b4a6-5733ccc9d078,9928e9a1-d9fc-5fdd-86c2-8909352fd7fe,2025-07-03,2025-07-17,14
5b3eefa2-50b1-5f8f-b85d-597a4193890a,e8aeb018-f679-5670-b210-de4f62ff2111,76d6c9f4-5d7d-53c0-bb1f-2a577383765a,2082733c-4e17-51fe-bc8c-bf33d3ec5d7e,2025-07-15,2025-07-18,3
a9ca0eed-d9d6-5cf3-9a6a-56955efb66b7,e8aeb018-f679-5670-b210-de4f62ff2111,41cb90d0-d91a-57c2-b138-831be351479f,38adf7ba-476e-5e6b-9163-781a13538253,2025-07-14,2025-07-19,5
4d4844a1-55eb-57f1-9fa0-5196243024f7,e8aeb018-f679-5670-b210-de4f62ff2111,a6f6d890-1609-53fc-b4a6-5733ccc9d078,afe9d181-1c64-5cca-b4b7-a9fa24eceeea,2025-07-05,2025-07-19,14
da7658f6-12f7-58c1-8974-a88a44080339,e8aeb018-f679-5670-b210-de4f62ff2111,76d6c9f4-5d7d-53c0-bb1f-2a577383765a,d0ae6d2d-e561-56b3-a2c1-113c1c56ae81,2025-07-16,2025-07-19,3
15811d7a-fafc-51ae-ac60-abe59d1edded,e8aeb018-f679-5670-b210-de4f62ff2111,41cb90d0-d91a-57c2-b138-831be351479f,2933d8b7-2438-521b-b38d-d3a5224f87fc,2025-07-14,2025-07-19,5
daf0ef15-6c64-51d7-bca6-6ba322899aab,e8aeb018-f679-5670-b210-de4f62ff2111,ab4a547f-e75d-5601-8171-00da4efa4b57,6d807393-f4ab-5f76-b544-251eeda27ba3,2025-07-12,2025-07-19,7
df36605a-ee9d-5430-9d91-01c8f732ef3f,e8aeb018-f679-5670-b210-de4f62ff2111,c6617891-56ff-5690-89a4-1ece06685ff5,1ca3438e-9e23-58f0-a35f-f15f7a23beb9,2025-07-09,2025-07-19,10
d0d600c8-501d-50bb-a226-11ef11757172,e8aeb018-f679-5670-b210-de4f62ff2111,76d6c9f4-5d7d-53c0-bb1f-2a577383765a,2082733c-4e17-51fe-bc8c-bf33d3ec5d7e,2025-07-17,2025-07-20,3
b99dd7fa-2790-52a3-999c-8052ca06b076,e8aeb018-f679-5670-b210-de4f62ff2111,41cb90d0-d91a-57c2-b138-831be351479f,d2f08f15-f9f2-5f65-a740-b05896774467,2025-07-15,2025-07-20,5
baca057d-98f7-53f5-8c57-900713a7392c,e8aeb018-f679-5670-b210-de4f62ff2111,41cb90d0-d91a-57c2-b138-831be351479f,2933d8b7-2438-521b-b38d-d3a5224f87fc,2025-07-15,2025-07-20,5
8189d9f0-a6c6-5dab-8ac0-e8419a692df5,e8aeb018-f679-5670-b210-de4f62ff2111,76d6c9f4-5d7d-53c0-bb1f-2a577383765a,d3961f5a-3ea7-53d3-89f4-78b65b0c0c6b,2025-07-18,2025-07-21,3
7eef6a68-4c9d-5e8b-b300-f542c71fd323,e8aeb018-f679-5670-b210-de4f62ff2111,41cb90d0-d91a-57c2-b138-831be351479f,2933d8b7-2438-521b-b38d-d3a5224f87fc,2025-07-16,2025-07-21,5
a891642f-e329-5402-b8b8-97427b7a1035,e8aeb018-f679-5670-b210-de4f62ff2111,ab4a547f-e75d-5601-8171-00da4efa4b57,6d807393-f4ab-5f76-b544-251eeda27ba3,2025-07-14,2025-07-21,7
cc9bfecc-fed7-55d2-a38f-6a36c1028aec,e8aeb018-f679-5670-b210-de4f62ff2111,a6f6d890-1609-53fc-b4a6-5733ccc9d078,9928e9a1-d9fc-5fdd-86c2-8909352fd7fe,2025-07-07,2025-07-21,14
d86fa62c-ffe0-5b01-8196-86a0ff1478ba,e8aeb018-f679-5670-b210-de4f62ff2111,76d6c9f4-5d7d-53c0-bb1f-2a577383765a,d3961f5a-3ea7-53d3-89f4-78b65b0c0c6b,2025-07-18,2025-07-21,3
aa374196-38b0-567a-bc85-1429312f374a,e8aeb018-f679-5670-b210-de4f62ff2111,ab4a547f-e75d-5601-8171-00da4efa4b57,6d807393-f4ab-5f76-b544-251eeda27ba3,2025-07-14,2025-07-21,7
1ae2cd3d-64a5-5a4c-b1f8-a447c7243914,e8aeb018-f679-5670-b210-de4f62ff2111,76d6c9f4-5d7d-53c0-bb1f-2a577383765a,5bbfdec8-65ae-59e6-b211-5eccb5b765fa,2025-07-18,2025-07-21,3
8155c24d-7615-55fd-a818-a8d597c11f54,e8aeb018-f679-5670-b210-de4f62ff2111,ab4a547f-e75d-5601-8171-00da4efa4b57,22231140-3780-5fe8-a7d4-d33f61d15111,2025-07-14,2025-07-21,7
6b51b301-9896-55e7-bd34-c3ec9bf9ef53,e8aeb018-f679-5670-b210-de4f62ff2111,41cb90d0-d91a-57c2-b138-831be351479f,6baabed2-52d7-5cb7-bf74-86c7cb3e4f07,2025-07-16,2025-07-21,5
dd1b0cf5-e697-5f06-9bdd-de3235454e03,e8aeb018-f679-5670-b210-de4f62ff2111,41cb90d0-d91a-57c2-b138-831be351479f,2933d8b7-2438-521b-b38d-d3a5224f87fc,2025-07-16,2025-07-21,5
4505b7cc-d62a-5e7a-a053-b156f9b8054d,e8aeb018-f679-5670-b210-de4f62ff2111,a6f6d890-1609-53fc-b4a6-5733ccc9d078,1e9605fd-5682-52b6-8f05-e8a92dd44513,2025-07-07,2025-07-21,14
9798766f-1094-52cb-a67d-6427599eba1f,e8aeb018-f679-5670-b210-de4f62ff2111,ab4a547f-e75d-5601-8171-00da4efa4b57,97d26d91-c562-5f27-9ebd-285e89c8f4bf,2025-07-14,2025-07-21,7
e08c59ae-e9f6-5337-8663-af262abfe6df,e8aeb018-f679-5670-b210-de4f62ff2111,ab4a547f-e75d-5601-8171-00da4efa4b57,07371b94-955f-52a4-9bf9-f0a6ad2b4fa8,2025-07-15,2025-07-22,7
8ba5cf31-26b5-5a48-a458-eeebb2ae8c4f,e8aeb018-f679-5670-b210-de4f62ff2111,a6f6d890-1609-53fc-b4a6-5733ccc9d078,0ec23038-d3ab-588c-bbd6-1f5c744cdde1,2025-07-09,2025-07-23,14
4e16015f-797c-5ab9-8e70-04dab2a89194,e8aeb018-f679-5670-b210-de4f62ff2111,ab4a547f-e75d-5601-8171-00da4efa4b57,012857cc-907f-5e7d-b8fb-796d2c9f1621,2025-07-16,2025-07-23,7
eec5e4b9-502b-5a77-833e-d8cd5144c8f2,e8aeb018-f679-5670-b210-de4f62ff2111,41cb90d0-d91a-57c2-b138-831be351479f,2897aac2-f219-5167-b800-73fac27f6b85,2025-07-18,2025-07-23,5
4c10753d-773c-58e4-833a-cf8722993e81,e8aeb018-f679-5670-b210-de4f62ff2111,76d6c9f4-5d7d-53c0-bb1f-2a577383765a,c0cf5e5c-b5c9-585a-8e79-d9830bc954f6,2025-07-21,2025-07-24,3
60f0d200-1598-51a7-b148-38e5f2260c56,e8aeb018-f679-5670-b210-de4f62ff2111,41cb90d0-d91a-57c2-b138-831be351479f,38adf7ba-476e-5e6b-9163-781a13538253,2025-07-19,2025-07-24,5
2dd042a9-09ac-5d25-b7be-b3f0951ea333,e8aeb018-f679-5670-b210-de4f62ff2111,76d6c9f4-5d7d-53c0-bb1f-2a577383765a,2082733c-4e17-51fe-bc8c-bf33d3ec5d7e,2025-07-21,2025-07-24,3
83fa61ba-906f-5c48-bce6-023161c32a81,e8aeb018-f679-5670-b210-de4f62ff2111,c6617891-56ff-5690-89a4-1ece06685ff5,1ca3438e-9e23-58f0-a35f-f15f7a23beb9,2025-07-14,2025-07-24,10
a9beb331-7e82-5176-8750-0393d7b5cfb8,e8aeb018-f679-5670-b210-de4f62ff2111,c6617891-56ff-5690-89a4-1ece06685ff5,1ca3438e-9e23-58f0-a35f-f15f7a23beb9,2025-07-14,2025-07-24,10
147174e6-58d0-5290-b56b-b0970efd20d9,e8aeb018-f679-5670-b210-de4f62ff2111,c6617891-56ff-5690-89a4-1ece06685ff5,042e2e80-f954-5df4-97be-29dd428cc598,2025-07-14,2025-07-24,10
71a52cf7-5549-530c-b1d8-6e480f977a58,e8aeb018-f679-5670-b210-de4f62ff2111,c6617891-56ff-5690-89a4-1ece06685ff5,87b859e0-789a-56e6-b1ba-4fe76221d3bf,2025-07-14,2025-07-24,10
a5ba0ab0-227f-5932-85ca-471e8e455d6e,e8aeb018-f679-5670-b210-de4f62ff2111,c6617891-56ff-5690-89a4-1ece06685ff5,058c6382-bde2-59d1-93ff-20c6161a4736,2025-07-15,2025-07-25,10
9f6bae59-3c28-57fa-8a81-d4e9671e1c47,e8aeb018-f679-5670-b210-de4f62ff2111,ab4a547f-e75d-5601-8171-00da4efa4b57,012857cc-907f-5e7d-b8fb-796d2c9f1621,2025-07-18,2025-07-25,7
8fb79f08-b8a5-5061-bf4a-8294ed2e8c74,e8aeb018-f679-5670-b210-de4f62ff2111,c6617891-56ff-5690-89a4-1ece06685ff5,d9506935-1215-5499-93c0-8bdd86ab9418,2025-07-15,2025-07-25,10
a6c675ff-eaeb-5f4a-8f37-e49d13bc9331,e8aeb018-f679-5670-b210-de4f62ff2111,ab4a547f-e75d-5601-8171-00da4efa4b57,97d26d91-c562-5f27-9ebd-285e89c8f4bf,2025-07-18,2025-07-25,7
a3a51313-2bc6-5da3-abdf-a57bfa52a2de,e8aeb018-f679-5670-b210-de4f62ff2111,ab4a547f-e75d-5601-8171-00da4efa4b57,07371b94-955f-52a4-9bf9-f0a6ad2b4fa8,2025-07-19,2025-07-26,7
7e2742a6-f2a4-5306-ad40-58a58f175a14,e8aeb018-f679-5670-b210-de4f62ff2111,a6f6d890-1609-53fc-b4a6-5733ccc9d078,4d9429b6-2ebf-5b5d-ac48-f779d5a1e270,2025-07-12,2025-07-26,14
c2d8430c-cf11-5bc3-abfb-ce1187eff22d,e8aeb018-f679-5670-b210-de4f62ff2111,41cb90d0-d91a-57c2-b138-831be351479f,2897aac2-f219-5167-b800-73fac27f6b85,2025-07-21,2025-07-26,5
39f63146-b4e4-5aa2-9ced-21187686e76f,e8aeb018-f679-5670-b210-de4f62ff2111,41cb90d0-d91a-57c2-b138-831be351479f,82cd11ba-d1a0-58b1-b14f-edd741f36e87,2025-07-22,2025-07-27,5
7adae8df-3038-5d1d-9bd1-af85d57bbdf6,e8aeb018-f679-5670-b210-de4f62ff2111,41cb90d0-d91a-57c2-b138-831be351479f,d2f08f15-f9f2-5f65-a740-b05896774467,2025-07-22,2025-07-27,5
47464214-11a9-54b7-9e83-c4af461269f9,e8aeb018-f679-5670-b210-de4f62ff2111,41cb90d0-d91a-57c2-b138-831be351479f,6baabed2-52d7-5cb7-bf74-86c7cb3e4f07,2025-07-22,2025-07-27,5
2799e232-3c7c-5f8a-9f5b-370e39732b20,e8aeb018-f679-5670-b210-de4f62ff2111,c6617891-56ff-5690-89a4-1ece06685ff5,058c6382-bde2-59d1-93ff-20c6161a4736,2025-07-17,2025-07-27,10
03301e49-b3cc-5296-a49c-814c8551bb40,e8aeb018-f679-5670-b210-de4f62ff2111,c6617891-56ff-5690-89a4-1ece06685ff5,1ca3438e-9e23-58f0-a35f-f15f7a23beb9,2025-07-17,2025-07-27,10
6a6385e7-bb3f-5334-9d48-c73f27d50053,e8aeb018-f679-5670-b210-de4f62ff2111,c6617891-56ff-5690-89a4-1ece06685ff5,2eb3a104-e572-583a-afa0-156ee0dc4cce,2025-07-18,2025-07-28,10
79d11dd4-9ac7-5b98-b4ec-1e8449b1bf1f,e8aeb018-f679-5670-b210-de4f62ff2111,41cb90d0-d91a-57c2-b138-831be351479f,d2f08f15-f9f2-5f65-a740-b05896774467,2025-07-23,2025-07-28,5
a72fab15-d585-559f-8ff9-de10faaaa599,e8aeb018-f679-5670-b210-de4f62ff2111,ab4a547f-e75d-5601-8171-00da4efa4b57,07371b94-955f-52a4-9bf9-f0a6ad2b4fa8,2025-07-21,2025-07-28,7
1dccd726-63ef-5d12-a731-6a7986b68f95,e8aeb018-f679-5670-b210-de4f62ff2111,a6f6d890-1609-53fc-b4a6-5733ccc9d078,0ec23038-d3ab-588c-bbd6-1f5c744cdde1,2025-07-14,2025-07-28,14
0b1292fc-63ae-52b4-a285-14ff135b2a77,e8aeb018-f679-5670-b210-de4f62ff2111,ab4a547f-e75d-5601-8171-00da4efa4b57,6d807393-f4ab-5f76-b544-251eeda27ba3,2025-07-22,2025-07-29,7
06b480f8-65b6-57f5-80b2-5ce0186ad9c9,e8aeb018-f679-5670-b210-de4f62ff2111,41cb90d0-d91a-57c2-b138-831be351479f,2897aac2-f219-5167-b800-73fac27f6b85,2025-07-25,2025-07-30,5
4f65a9be-8ae6-5db3-bfdc-aeb8ed11b9fa,e8aeb018-f679-5670-b210-de4f62ff2111,a6f6d890-1609-53fc-b4a6-5733ccc9d078,0ec23038-d3ab-588c-bbd6-1f5c744cdde1,2025-07-16,2025-07-30,14
cc97f8a3-c823-56ea-971a-16d84d54334b,e8aeb018-f679-5670-b210-de4f62ff2111,a6f6d890-1609-53fc-b4a6-5733ccc9d078,983871db-adfb-543e-b438-6b00044ffb64,2025-07-16,2025-07-30,14
2c654610-1e3e-51f5-bad4-ee81d9fd881b,e8aeb018-f679-5670-b210-de4f62ff2111,ab4a547f-e75d-5601-8171-00da4efa4b57,07371b94-955f-52a4-9bf9-f0a6ad2b4fa8,2025-07-23,2025-07-30,7
b8fa88ff-5207-50c6-91f8-7085301a378e,e8aeb018-f679-5670-b210-de4f62ff2111,a6f6d890-1609-53fc-b4a6-5733ccc9d078,983871db-adfb-543e-b438-6b00044ffb64,2025-07-16,2025-07-30,14
4c8a8bda-1703-5bc6-be01-87fbffd1d200,e8aeb018-f679-5670-b210-de4f62ff2111,a6f6d890-1609-53fc-b4a6-5733ccc9d078,983871db-adfb-543e-b438-6b00044ffb64,2025-07-16,2025-07-30,14
d6751e11-941e-5415-a8b3-7e3ef23f200c,e8aeb018-f679-5670-b210-de4f62ff2111,a6f6d890-1609-53fc-b4a6-5733ccc9d078,983871db-adfb-543e-b438-6b00044ffb64,2025-07-17,2025-07-31,14
33307f85-bb78-5242-8c1d-f2af8204248c,e8aeb018-f679-5670-b210-de4f62ff2111,41cb90d0-d91a-57c2-b138-831be351479f,6baabed2-52d7-5cb7-bf74-86c7cb3e4f07,2025-07-26,2025-07-31,5
fc18d0ac-b745-544c-ba62-c386a46b05bf,e8aeb018-f679-5670-b210-de4f62ff2111,76d6c9f4-5d7d-53c0-bb1f-2a577383765a,d3961f5a-3ea7-53d3-89f4-78b65b0c0c6b,2025-07-28,2025-07-31,3
539623ce-6dfd-5194-83b2-e6fe8bfd32f6,e8aeb018-f679-5670-b210-de4f62ff2111,76d6c9f4-5d7d-53c0-bb1f-2a577383765a,5bbfdec8-65ae-59e6-b211-5eccb5b765fa,2025-07-28,2025-07-31,3
1f5519b0-271a-589f-b8ad-aa6060becd49,e8aeb018-f679-5670-b210-de4f62ff2111,76d6c9f4-5d7d-53c0-bb1f-2a577383765a,c0cf5e5c-b5c9-585a-8e79-d9830bc954f6,2025-07-28,2025-07-31,3
d511b87e-b498-5ff1-98a6-882eb484d71e,e8aeb018-f679-5670-b210-de4f62ff2111,c6617891-56ff-5690-89a4-1ece06685ff5,1ca3438e-9e23-58f0-a35f-f15f7a23beb9,2025-07-22,2025-08-01,10
0282b808-b1ab-54fb-b542-ebad913a1b8a,e8aeb018-f679-5670-b210-de4f62ff2111,ab4a547f-e75d-5601-8171-00da4efa4b57,94e18241-54bd-5516-b36f-94ab6e323aca,2025-07-25,2025-08-01,7
ec59eb96-763a-5667-b2e4-d8163aba2c95,e8aeb018-f679-5670-b210-de4f62ff2111,c6617891-56ff-5690-89a4-1ece06685ff5,2eb3a104-e572-583a-afa0-156ee0dc4cce,2025-07-22,2025-08-01,10
9643e7a6-f9b8-5881-ba10-7ffa5b3ccfdf,e8aeb018-f679-5670-b210-de4f62ff2111,ab4a547f-e75d-5601-8171-00da4efa4b57,6d807393-f4ab-5f76-b544-251eeda27ba3,2025-07-25,2025-08-01,7
c28782a5-924b-5419-a6a2-25ad1c24f615,e8aeb018-f679-5670-b210-de4f62ff2111,c6617891-56ff-5690-89a4-1ece06685ff5,042e2e80-f954-5df4-97be-29dd428cc598,2025-07-22,2025-08-01,10
643ef478-1ce8-5ed4-8798-709ae59f83c8,e8aeb018-f679-5670-b210-de4f62ff2111,c6617891-56ff-5690-89a4-1ece06685ff5,2eb3a104-e572-583a-afa0-156ee0dc4cce,2025-07-22,2025-08-01,10
72bb8890-4355-5438-a904-9abc647f6f60,e8aeb018-f679-5670-b210-de4f62ff2111,c6617891-56ff-5690-89a4-1ece06685ff5,042e2e80-f954-5df4-97be-29dd428cc598,2025-07-23,2025-08-02,10
f8b72642-3d72-525e-9dc1-cd37f516412d,e8aeb018-f679-5670-b210-de4f62ff2111,c6617891-56ff-5690-89a4-1ece06685ff5,058c6382-bde2-59d1-93ff-20c6161a4736,2025-07-23,2025-08-02,10
777315f4-3dfb-5e7e-8c4b-761eb41c8e96,e8aeb018-f679-5670-b210-de4f62ff2111,41cb90d0-d91a-57c2-b138-831be351479f,2897aac2-f219-5167-b800-73fac27f6b85,2025-07-28,2025-08-02,5
7d7218e0-41f6-5bd1-a25e-676e84961332,e8aeb018-f679-5670-b210-de4f62ff2111,76d6c9f4-5d7d-53c0-bb1f-2a577383765a,5bbfdec8-65ae-59e6-b211-5eccb5b765fa,2025-07-30,2025-08-02,3
47324186-6b9e-50dc-8eca-71999dab3ff9,e8aeb018-f679-5670-b210-de4f62ff2111,76d6c9f4-5d7d-53c0-bb1f-2a577383765a,5bbfdec8-65ae-59e6-b211-5eccb5b765fa,2025-07-30,2025-08-02,3
328c689c-0a3b-5aac-94ee-824f2bfcbea2,e8aeb018-f679-5670-b210-de4f62ff2111,76d6c9f4-5d7d-53c0-bb1f-2a577383765a,d0ae6d2d-e561-56b3-a2c1-113c1c56ae81,2025-07-30,2025-08-02,3
6e2b578c-e178-5194-81e6-abe4d89f75e1,e8aeb018-f679-5670-b210-de4f62ff2111,c6617891-56ff-5690-89a4-1ece06685ff5,042e2e80-f954-5df4-97be-29dd428cc598,2025-07-24,2025-08-03,10
10eb4e1a-3cf3-514b-9b4d-6bcd5373ae01,e8aeb018-f679-5670-b210-de4f62ff2111,76d6c9f4-5d7d-53c0-bb1f-2a577383765a,cd81184b-b6f1-563c-b463-36a69ddfb598,2025-07-31,2025-08-03,3
3f7a579a-0c21-5753-890f-56df21056d73,e8aeb018-f679-5670-b210-de4f62ff2111,41cb90d0-d91a-57c2-b138-831be351479f,82cd11ba-d1a0-58b1-b14f-edd741f36e87,2025-07-29,2025-08-03,5
d1d558cd-e655-5688-87af-20fb2f73def7,e8aeb018-f679-5670-b210-de4f62ff2111,41cb90d0-d91a-57c2-b138-831be351479f,82cd11ba-d1a0-58b1-b14f-edd741f36e87,2025-07-29,2025-08-03,5
d1f705f8-193b-5a6b-98ab-2e76e37326e5,e8aeb018-f679-5670-b210-de4f62ff2111,76d6c9f4-5d7d-53c0-bb1f-2a577383765a,cd81184b-b6f1-563c-b463-36a69ddfb598,2025-08-01,2025-08-04,3
07c58f66-54b9-5ebc-83b7-8f9eb8dc1841,e8aeb018-f679-5670-b210-de4f62ff2111,c6617891-56ff-5690-89a4-1ece06685ff5,d9506935-1215-5499-93c0-8bdd86ab9418,2025-07-25,2025-08-04,10
53bf8eaf-833c-5ae3-a06e-1b2247e12b79,e8aeb018-f679-5670-b210-de4f62ff2111,ab4a547f-e75d-5601-8171-00da4efa4b57,94e18241-54bd-5516-b36f-94ab6e323aca,2025-07-28,2025-08-04,7
36da87ee-37b5-5908-9013-5c58a13ecf95,e8aeb018-f679-5670-b210-de4f62ff2111,a6f6d890-1609-53fc-b4a6-5733ccc9d078,afe9d181-1c64-5cca-b4b7-a9fa24eceeea,2025-07-21,2025-08-04,14
e09a1cdc-a808-5574-9519-47c3cac1e8f6,e8aeb018-f679-5670-b210-de4f62ff2111,ab4a547f-e75d-5601-8171-00da4efa4b57,22231140-3780-5fe8-a7d4-d33f61d15111,2025-07-28,2025-08-04,7
5ca93292-be86-58d5-91e7-85170a99d55b,e8aeb018-f679-5670-b210-de4f62ff2111,ab4a547f-e75d-5601-8171-00da4efa4b57,012857cc-907f-5e7d-b8fb-796d2c9f1621,2025-07-29,2025-08-05,7
87abcf20-f0b6-559c-ba5f-86d64392888a,e8aeb018-f679-5670-b210-de4f62ff2111,c6617891-56ff-5690-89a4-1ece06685ff5,058c6382-bde2-59d1-93ff-20c6161a4736,2025-07-26,2025-08-05,10
12c3fa09-81a7-5659-9a94-19b56a43d735,e8aeb018-f679-5670-b210-de4f62ff2111,c6617891-56ff-5690-89a4-1ece06685ff5,2eb3a104-e572-583a-afa0-156ee0dc4cce,2025-07-26,2025-08-05,10
c9c0439d-382a-51a4-bb1a-1fb49f2ebec1,e8aeb018-f679-5670-b210-de4f62ff2111,41cb90d0-d91a-57c2-b138-831be351479f,2897aac2-f219-5167-b800-73fac27f6b85,2025-08-01,2025-08-06,5
a58ec533-6e3c-51e1-ab74-05adf34979ff,e8aeb018-f679-5670-b210-de4f62ff2111,41cb90d0-d91a-57c2-b138-831be351479f,82cd11ba-d1a0-58b1-b14f-edd741f36e87,2025-08-01,2025-08-06,5
6e3ec007-79a0-5cff-95a1-302d33feb882,e8aeb018-f679-5670-b210-de4f62ff2111,41cb90d0-d91a-57c2-b138-831be351479f,2933d8b7-2438-521b-b38d-d3a5224f87fc,2025-08-02,2025-08-07,5
3c0147d6-3197-56e0-81f3-42a3a7fd8c3b,e8aeb018-f679-5670-b210-de4f62ff2111,76d6c9f4-5d7d-53c0-bb1f-2a577383765a,5bbfdec8-65ae-59e6-b211-5eccb5b765fa,2025-08-04,2025-08-07,3
1302a95d-e70b-568d-9315-11c58612c75a,e8aeb018-f679-5670-b210-de4f62ff2111,a6f6d890-1609-53fc-b4a6-5733ccc9d078,4d9429b6-2ebf-5b5d-ac48-f779d5a1e270,2025-07-24,2025-08-07,14
7df0807f-e945-508c-9ddf-6f08c602f530,e8aeb018-f679-5670-b210-de4f62ff2111,ab4a547f-e75d-5601-8171-00da4efa4b57,97d26d91-c562-5f27-9ebd-285e89c8f4bf,2025-07-31,2025-08-07,7
ad9d03df-0164-5c3a-9983-4a4983653886,e8aeb018-f679-5670-b210-de4f62ff2111,76d6c9f4-5d7d-53c0-bb1f-2a577383765a,d0ae6d2d-e561-56b3-a2c1-113c1c56ae81,2025-08-04,2025-08-07,3
96245d22-6578-574c-9e29-1a7d96e9eee9,e8aeb018-f679-5670-b210-de4f62ff2111,41cb90d0-d91a-57c2-b138-831be351479f,2933d8b7-2438-521b-b38d-d3a5224f87fc,2025-08-02,2025-08-07,5
24b3ee0c-1f85-519c-ade3-a3ecfa7e3015,e8aeb018-f679-5670-b210-de4f62ff2111,76d6c9f4-5d7d-53c0-bb1f-2a577383765a,d3961f5a-3ea7-53d3-89f4-78b65b0c0c6b,2025-08-04,2025-08-07,3
e0378e00-c025-508f-8f99-e2acea21deb5,e8aeb018-f679-5670-b210-de4f62ff2111,a6f6d890-1609-53fc-b4a6-5733ccc9d078,afe9d181-1c64-5cca-b4b7-a9fa24eceeea,2025-07-24,2025-08-07,14
4d415cef-a06f-5c61-bde5-c73271a97c83,e8aeb018-f679-5670-b210-de4f62ff2111,ab4a547f-e75d-5601-8171-00da4efa4b57,07371b94-955f-52a4-9bf9-f0a6ad2b4fa8,2025-08-01,2025-08-08,7
e4efe83f-2ac9-5f78-add0-a4ee13f4f4e2,e8aeb018-f679-5670-b210-de4f62ff2111,76d6c9f4-5d7d-53c0-bb1f-2a577383765a,d3961f5a-3ea7-53d3-89f4-78b65b0c0c6b,2025-08-05,2025-08-08,3
25882bda-d005-5c32-a85f-d52a323fad2c,e8aeb018-f679-5670-b210-de4f62ff2111,76d6c9f4-5d7d-53c0-bb1f-2a577383765a,2082733c-4e17-51fe-bc8c-bf33d3ec5d7e,2025-08-05,2025-08-08,3
e09d5ca3-4f4f-56b5-8de9-66c068a7e5e8,e8aeb018-f679-5670-b210-de4f62ff2111,41cb90d0-d91a-57c2-b138-831be351479f,6baabed2-52d7-5cb7-bf74-86c7cb3e4f07,2025-08-04,2025-08-09,5
dd342197-6d3d-550b-a1f6-6dabb9296d83,e8aeb018-f679-5670-b210-de4f62ff2111,41cb90d0-d91a-57c2-b138-831be351479f,38adf7ba-476e-5e6b-9163-781a13538253,2025-08-04,2025-08-09,5
bc57c0be-242c-52ae-9c96-ba4b2ee9035d,e8aeb018-f679-5670-b210-de4f62ff2111,c6617891-56ff-5690-89a4-1ece06685ff5,87b859e0-789a-56e6-b1ba-4fe76221d3bf,2025-07-31,2025-08-10,10
0cfb0f78-41c1-512b-ba54-adde59f1cd9c,e8aeb018-f679-5670-b210-de4f62ff2111,76d6c9f4-5d7d-53c0-bb1f-2a577383765a,d3961f5a-3ea7-53d3-89f4-78b65b0c0c6b,2025-08-07,2025-08-10,3
c5ce0a01-a468-5237-bf4d-49228adef94a,e8aeb018-f679-5670-b210-de4f62ff2111,41cb90d0-d91a-57c2-b138-831be351479f,82cd11ba-d1a0-58b1-b14f-edd741f36e87,2025-08-05,2025-08-10,5
ccb60a1e-9b6c-53df-9098-f73d3b40fa40,e8aeb018-f679-5670-b210-de4f62ff2111,41cb90d0-d91a-57c2-b138-831be351479f,d2f08f15-f9f2-5f65-a740-b05896774467,2025-08-05,2025-08-10,5
8bdb7156-36fb-5768-85c4-d0e500e04b6c,e8aeb018-f679-5670-b210-de4f62ff2111,41cb90d0-d91a-57c2-b138-831be351479f,2897aac2-f219-5167-b800-73fac27f6b85,2025-08-05,2025-08-10,5
0bdbe947-2203-54bd-a901-1fbcefcdf657,e8aeb018-f679-5670-b210-de4f62ff2111,ab4a547f-e75d-5601-8171-00da4efa4b57,22231140-3780-5fe8-a7d4-d33f61d15111,2025-08-04,2025-08-11,7
52780e50-3cc5-56ff-ba42-d8ffd804cd40,e8aeb018-f679-5670-b210-de4f62ff2111,76d6c9f4-5d7d-53c0-bb1f-2a577383765a,d0ae6d2d-e561-56b3-a2c1-113c1c56ae81,2025-08-08,2025-08-11,3
432f461b-c1d2-5932-9a6c-93462aaeb917,e8aeb018-f679-5670-b210-de4f62ff2111,76d6c9f4-5d7d-53c0-bb1f-2a577383765a,c0cf5e5c-b5c9-585a-8e79-d9830bc954f6,2025-08-08,2025-08-11,3
bc3a0522-efd2-52d5-8118-f87f401ddb33,e8aeb018-f679-5670-b210-de4f62ff2111,41cb90d0-d91a-57c2-b138-831be351479f,38adf7ba-476e-5e6b-9163-781a13538253,2025-08-06,2025-08-11,5
1114e864-352c-5d92-b126-ee0c8f5e718a,e8aeb018-f679-5670-b210-de4f62ff2111,ab4a547f-e75d-5601-8171-00da4efa4b57,012857cc-907f-5e7d-b8fb-796d2c9f1621,2025-08-04,2025-08-11,7
a185f80e-f401-59ef-827d-e21f8c31754c,e8aeb018-f679-5670-b210-de4f62ff2111,ab4a547f-e75d-5601-8171-00da4efa4b57,07371b94-955f-52a4-9bf9-f0a6ad2b4fa8,2025-08-04,2025-08-11,7
e39890d5-1dd3-5366-ab29-e888a73fbbcf,e8aeb018-f679-5670-b210-de4f62ff2111,41cb90d0-d91a-57c2-b138-831be351479f,2897aac2-f219-5167-b800-73fac27f6b85,2025-08-07,2025-08-12,5
2ff104af-5db4-5cd1-b5fe-66058cf17c35,e8aeb018-f679-5670-b210-de4f62ff2111,ab4a547f-e75d-5601-8171-00da4efa4b57,22231140-3780-5fe8-a7d4-d33f61d15111,2025-08-05,2025-08-12,7
f68b314e-1ad1-528a-90f1-f79f562b4c4c,e8aeb018-f679-5670-b210-de4f62ff2111,c6617891-56ff-5690-89a4-1ece06685ff5,87b859e0-789a-56e6-b1ba-4fe76221d3bf,2025-08-02,2025-08-12,10
5ebb0ceb-b40a-597f-b3af-d3d865659cb1,e8aeb018-f679-5670-b210-de4f62ff2111,76d6c9f4-5d7d-53c0-bb1f-2a577383765a,d0ae6d2d-e561-56b3-a2c1-113c1c56ae81,2025-08-09,2025-08-12,3
b812fac4-bc5a-5361-bb01-b3ac4cb9c979,e8aeb018-f679-5670-b210-de4f62ff2111,ab4a547f-e75d-5601-8171-00da4efa4b57,22231140-3780-5fe8-a7d4-d33f61d15111,2025-08-05,2025-08-12,7
def0a542-2b24-59d3-b7d0-6bb4a5bc6d76,e8aeb018-f679-5670-b210-de4f62ff2111,41cb90d0-d91a-57c2-b138-831be351479f,d2f08f15-f9f2-5f65-a740-b05896774467,2025-08-08,2025-08-13,5
3e987fc0-9c24-543a-9294-1adb6f28e4cb,e8aeb018-f679-5670-b210-de4f62ff2111,ab4a547f-e75d-5601-8171-00da4efa4b57,97d26d91-c562-5f27-9ebd-285e89c8f4bf,2025-08-06,2025-08-13,7
54a7a23b-e199-5b9f-b734-274b835e2031,e8aeb018-f679-5670-b210-de4f62ff2111,ab4a547f-e75d-5601-8171-00da4efa4b57,6d807393-f4ab-5f76-b544-251eeda27ba3,2025-08-06,2025-08-13,7
cdab2f76-db72-5f61-9de4-91331061fc67,e8aeb018-f679-5670-b210-de4f62ff2111,a6f6d890-1609-53fc-b4a6-5733ccc9d078,0ec23038-d3ab-588c-bbd6-1f5c744cdde1,2025-07-30,2025-08-13,14
6382c236-5af3-5595-8708-90970a3e4b9e,e8aeb018-f679-5670-b210-de4f62ff2111,ab4a547f-e75d-5601-8171-00da4efa4b57,94e18241-54bd-5516-b36f-94ab6e323aca,2025-08-07,2025-08-14,7
5170bb44-ca32-56e0-abda-73063a861ee9,e8aeb018-f679-5670-b210-de4f62ff2111,41cb90d0-d91a-57c2-b138-831be351479f,2933d8b7-2438-521b-b38d-d3a5224f87fc,2025-08-09,2025-08-14,5
d02cbcb0-7cff-55d1-b821-c1f6bdca72d8,e8aeb018-f679-5670-b210-de4f62ff2111,a6f6d890-1609-53fc-b4a6-5733ccc9d078,0ec23038-d3ab-588c-bbd6-1f5c744cdde1,2025-07-31,2025-08-14,14
e0aca9b2-2407-5fb8-8f7e-f2faaf5e788d,e8aeb018-f679-5670-b210-de4f62ff2111,76d6c9f4-5d7d-53c0-bb1f-2a577383765a,cd81184b-b6f1-563c-b463-36a69ddfb598,2025-08-11,2025-08-14,3
68f6a1c0-7854-5241-98ed-f219844b82a8,e8aeb018-f679-5670-b210-de4f62ff2111,ab4a547f-e75d-5601-8171-00da4efa4b57,94e18241-54bd-5516-b36f-94ab6e323aca,2025-08-07,2025-08-14,7
651cd209-0dfa-5bbb-9594-3e206a7bb84c,e8aeb018-f679-5670-b210-de4f62ff2111,41cb90d0-d91a-57c2-b138-831be351479f,2933d8b7-2438-521b-b38d-d3a5224f87fc,2025-08-09,2025-08-14,5
f0f582b1-4e70-5ca2-b6e8-10d4bb67981a,e8aeb018-f679-5670-b210-de4f62ff2111,c6617891-56ff-5690-89a4-1ece06685ff5,058c6382-bde2-59d1-93ff-20c6161a4736,2025-08-04,2025-08-14,10
1694df3a-e575-546f-8c4d-670eabcccf20,e8aeb018-f679-5670-b210-de4f62ff2111,76d6c9f4-5d7d-53c0-bb1f-2a577383765a,d3961f5a-3ea7-53d3-89f4-78b65b0c0c6b,2025-08-12,2025-08-15,3
81847b93-8027-586b-b819-98fcad5f2907,e8aeb018-f679-5670-b210-de4f62ff2111,c6617891-56ff-5690-89a4-1ece06685ff5,87b859e0-789a-56e6-b1ba-4fe76221d3bf,2025-08-05,2025-08-15,10
4338905b-86e0-55d0-ada1-eb8c837c05ea,e8aeb018-f679-5670-b210-de4f62ff2111,ab4a547f-e75d-5601-8171-00da4efa4b57,012857cc-907f-5e7d-b8fb-796d2c9f1621,2025-08-08,2025-08-15,7
cd7b55ca-c0b3-5901-9630-a2a858bec01e,e8aeb018-f679-5670-b210-de4f62ff2111,41cb90d0-d91a-57c2-b138-831be351479f,82cd11ba-d1a0-58b1-b14f-edd741f36e87,2025-08-11,2025-08-16,5
3f4fd295-b75d-541f-aef7-b00ea491b731,e8aeb018-f679-5670-b210-de4f62ff2111,76d6c9f4-5d7d-53c0-bb1f-2a577383765a,c0cf5e5c-b5c9-585a-8e79-d9830bc954f6,2025-08-13,2025-08-16,3
aedd9b0a-6556-5a12-91e4-e72c36c1b982,e8aeb018-f679-5670-b210-de4f62ff2111,41cb90d0-d91a-57c2-b138-831be351479f,38adf7ba-476e-5e6b-9163-781a13538253,2025-08-11,2025-08-16,5
76c76f81-9288-5db6-8e8c-da6a07a776d1,e8aeb018-f679-5670-b210-de4f62ff2111,c6617891-56ff-5690-89a4-1ece06685ff5,d9506935-1215-5499-93c0-8bdd86ab9418,2025-08-06,2025-08-16,10
e0651160-5be3-5d3b-b93f-44e024b028ec,e8aeb018-f679-5670-b210-de4f62ff2111,76d6c9f4-5d7d-53c0-bb1f-2a577383765a,5bbfdec8-65ae-59e6-b211-5eccb5b765fa,2025-08-13,2025-08-16,3
762828fa-6c4e-5bdc-93ed-38e20c6807a1,e8aeb018-f679-5670-b210-de4f62ff2111,ab4a547f-e75d-5601-8171-00da4efa4b57,97d26d91-c562-5f27-9ebd-285e89c8f4bf,2025-08-09,2025-08-16,7
ddeb38c8-bc59-5fa4-ae01-dab6550c4fe9,e8aeb018-f679-5670-b210-de4f62ff2111,ab4a547f-e75d-5601-8171-00da4efa4b57,22231140-3780-5fe8-a7d4-d33f61d15111,2025-08-09,2025-08-16,7
f8d93145-93a9-51cb-94c6-aced8ec09644,e8aeb018-f679-5670-b210-de4f62ff2111,41cb90d0-d91a-57c2-b138-831be351479f,2897aac2-f219-5167-b800-73fac27f6b85,2025-08-11,2025-08-16,5
2e51136e-d9ca-55f3-af03-a2be8c685c3c,e8aeb018-f679-5670-b210-de4f62ff2111,76d6c9f4-5d7d-53c0-bb1f-2a577383765a,cd81184b-b6f1-563c-b463-36a69ddfb598,2025-08-13,2025-08-16,3
c9c91d2b-26cf-533d-9f4d-566be177f3c7,e8aeb018-f679-5670-b210-de4f62ff2111,41cb90d0-d91a-57c2-b138-831be351479f,38adf7ba-476e-5e6b-9163-781a13538253,2025-08-12,2025-08-17,5
d9bd3991-db41-53f4-a56d-aefa63fd033b,e8aeb018-f679-5670-b210-de4f62ff2111,41cb90d0-d91a-57c2-b138-831be351479f,2933d8b7-2438-521b-b38d-d3a5224f87fc,2025-08-12,2025-08-17,5
c1013348-23d1-5290-99cd-2c8cf840c8b8,e8aeb018-f679-5670-b210-de4f62ff2111,c6617891-56ff-5690-89a4-1ece06685ff5,058c6382-bde2-59d1-93ff-20c6161a4736,2025-08-07,2025-08-17,10
753d7f27-fc63-56c2-818d-a969944029e4,e8aeb018-f679-5670-b210-de4f62ff2111,ab4a547f-e75d-5601-8171-00da4efa4b57,07371b94-955f-52a4-9bf9-f0a6ad2b4fa8,2025-08-11,2025-08-18,7
24c36b5d-e3e6-5781-8837-71b882596cff,e8aeb018-f679-5670-b210-de4f62ff2111,76d6c9f4-5d7d-53c0-bb1f-2a577383765a,d3961f5a-3ea7-53d3-89f4-78b65b0c0c6b,2025-08-15,2025-08-18,3
122bdb5b-f632-5bd2-866f-fa9cb11ca1b6,e8aeb018-f679-5670-b210-de4f62ff2111,a6f6d890-1609-53fc-b4a6-5733ccc9d078,9928e9a1-d9fc-5fdd-86c2-8909352fd7fe,2025-08-04,2025-08-18,14
36385745-7964-598a-888d-a35533357662,e8aeb018-f679-5670-b210-de4f62ff2111,c6617891-56ff-5690-89a4-1ece06685ff5,042e2e80-f954-5df4-97be-29dd428cc598,2025-08-08,2025-08-18,10
93895f3f-dcac-5e10-9c2a-6c956d45601f,e8aeb018-f679-5670-b210-de4f62ff2111,ab4a547f-e75d-5601-8171-00da4efa4b57,94e18241-54bd-5516-b36f-94ab6e323aca,2025-08-11,2025-08-18,7
db4b8859-08e1-50ae-9f99-b3e1a702a3e7,e8aeb018-f679-5670-b210-de4f62ff2111,a6f6d890-1609-53fc-b4a6-5733ccc9d078,1e9605fd-5682-52b6-8f05-e8a92dd44513,2025-08-05,2025-08-19,14
0c476c0a-7f3d-5776-a770-98c9c4a379b6,e8aeb018-f679-5670-b210-de4f62ff2111,a6f6d890-1609-53fc-b4a6-5733ccc9d078,9928e9a1-d9fc-5fdd-86c2-8909352fd7fe,2025-08-05,2025-08-19,14
c537df9b-cc31-59a9-85cd-b715cdb945a7,e8aeb018-f679-5670-b210-de4f62ff2111,41cb90d0-d91a-57c2-b138-831be351479f,6baabed2-52d7-5cb7-bf74-86c7cb3e4f07,2025-08-14,2025-08-19,5
6c26c804-64b8-572e-af7c-9404d3a60ed3,e8aeb018-f679-5670-b210-de4f62ff2111,ab4a547f-e75d-5601-8171-00da4efa4b57,012857cc-907f-5e7d-b8fb-796d2c9f1621,2025-08-12,2025-08-19,7
1b8e2c85-9bcc-5d4f-8bbe-0cc3606da52b,e8aeb018-f679-5670-b210-de4f62ff2111,ab4a547f-e75d-5601-8171-00da4efa4b57,07371b94-955f-52a4-9bf9-f0a6ad2b4fa8,2025-08-12,2025-08-19,7
7b9ca79a-a8ec-57f4-afef-1d59bf81cbfa,e8aeb018-f679-5670-b210-de4f62ff2111,76d6c9f4-5d7d-53c0-bb1f-2a577383765a,2082733c-4e17-51fe-bc8c-bf33d3ec5d7e,2025-08-16,2025-08-19,3
a656ae08-4d70-5375-8eb3-af1549aaf547,e8aeb018-f679-5670-b210-de4f62ff2111,ab4a547f-e75d-5601-8171-00da4efa4b57,6d807393-f4ab-5f76-b544-251eeda27ba3,2025-08-13,2025-08-20,7
19e027d3-752e-52a8-9ec1-8035d026fbf4,e8aeb018-f679-5670-b210-de4f62ff2111,41cb90d0-d91a-57c2-b138-831be351479f,82cd11ba-d1a0-58b1-b14f-edd741f36e87,2025-08-15,2025-08-20,5
2eb4a1e2-24f9-5c33-ad6f-ce9135240c4f,e8aeb018-f679-5670-b210-de4f62ff2111,a6f6d890-1609-53fc-b4a6-5733ccc9d078,0ec23038-d3ab-588c-bbd6-1f5c744cdde1,2025-08-06,2025-08-20,14
fdc80f5f-d349-5131-a1db-f82e9b4365d1,e8aeb018-f679-5670-b210-de4f62ff2111,a6f6d890-1609-53fc-b4a6-5733ccc9d078,4d9429b6-2ebf-5b5d-ac48-f779d5a1e270,2025-08-06,2025-08-20,14
8fc6053c-9926-5ca4-9740-097dcef552d6,e8aeb018-f679-5670-b210-de4f62ff2111,a6f6d890-1609-53fc-b4a6-5733ccc9d078,9928e9a1-d9fc-5fdd-86c2-8909352fd7fe,2025-08-07,2025-08-21,14
d2867ab7-8417-54b8-aac9-611392bbaa6f,e8aeb018-f679-5670-b210-de4f62ff2111,a6f6d890-1609-53fc-b4a6-5733ccc9d078,0ec23038-d3ab-588c-bbd6-1f5c744cdde1,2025-08-07,2025-08-21,14
adff836b-bffe-569b-a2d5-18dba6048575,e8aeb018-f679-5670-b210-de4f62ff2111,ab4a547f-e75d-5601-8171-00da4efa4b57,6d807393-f4ab-5f76-b544-251eeda27ba3,2025-08-14,2025-08-21,7
86eca810-b5bc-51b7-a5e5-f7082d6a2857,e8aeb018-f679-5670-b210-de4f62ff2111,a6f6d890-1609-53fc-b4a6-5733ccc9d078,4d9429b6-2ebf-5b5d-ac48-f779d5a1e270,2025-08-07,2025-08-21,14
2812b081-2bfd-5bd5-82cc-23ae1feb9e8e,e8aeb018-f679-5670-b210-de4f62ff2111,c6617891-56ff-5690-89a4-1ece06685ff5,d9506935-1215-5499-93c0-8bdd86ab9418,2025-08-11,2025-08-21,10
f38c323a-0861-50c9-ae96-68cfe7909a5c,e8aeb018-f679-5670-b210-de4f62ff2111,ab4a547f-e75d-5601-8171-00da4efa4b57,6d807393-f4ab-5f76-b544-251eeda27ba3,2025-08-14,2025-08-21,7
bf975e73-a286-5e1c-97aa-f9fa9a934024,e8aeb018-f679-5670-b210-de4f62ff2111,76d6c9f4-5d7d-53c0-bb1f-2a577383765a,cd81184b-b6f1-563c-b463-36a69ddfb598,2025-08-18,2025-08-21,3
4541c283-0cb1-568c-9dd4-1763126317df,e8aeb018-f679-5670-b210-de4f62ff2111,c6617891-56ff-5690-89a4-1ece06685ff5,87b859e0-789a-56e6-b1ba-4fe76221d3bf,2025-08-12,2025-08-22,10
b4c478e7-5251-5302-be80-6005a350bd03,e8aeb018-f679-5670-b210-de4f62ff2111,c6617891-56ff-5690-89a4-1ece06685ff5,2eb3a104-e572-583a-afa0-156ee0dc4cce,2025-08-12,2025-08-22,10
10ef49e6-e6a5-534d-8670-77be61e0a331,e8aeb018-f679-5670-b210-de4f62ff2111,a6f6d890-1609-53fc-b4a6-5733ccc9d078,1e9605fd-5682-52b6-8f05-e8a92dd44513,2025-08-08,2025-08-22,14
bc166986-7702-5aed-8330-aac99711d765,e8aeb018-f679-5670-b210-de4f62ff2111,76d6c9f4-5d7d-53c0-bb1f-2a577383765a,2082733c-4e17-51fe-bc8c-bf33d3ec5d7e,2025-08-20,2025-08-23,3
0c7e74a7-6cc2-5e25-ad7f-d72e55d84594,e8aeb018-f679-5670-b210-de4f62ff2111,a6f6d890-1609-53fc-b4a6-5733ccc9d078,9928e9a1-d9fc-5fdd-86c2-8909352fd7fe,2025-08-09,2025-08-23,14
c7f53edb-3213-56a0-ae01-42c40c5a5d93,e8aeb018-f679-5670-b210-de4f62ff2111,76d6c9f4-5d7d-53c0-bb1f-2a577383765a,c0cf5e5c-b5c9-585a-8e79-d9830bc954f6,2025-08-20,2025-08-23,3
a722cd4e-7de6-5362-8edd-d80793eebb1f,e8aeb018-f679-5670-b210-de4f62ff2111,c6617891-56ff-5690-89a4-1ece06685ff5,d9506935-1215-5499-93c0-8bdd86ab9418,2025-08-13,2025-08-23,10
f233a309-9110-5764-9d90-99f0bb15acc2,e8aeb018-f679-5670-b210-de4f62ff2111,c6617891-56ff-5690-89a4-1ece06685ff5,058c6382-bde2-59d1-93ff-20c6161a4736,2025-08-14,2025-08-24,10
90476ed0-7b82-5b79-a729-e99f61c80348,e8aeb018-f679-5670-b210-de4f62ff2111,41cb90d0-d91a-57c2-b138-831be351479f,2897aac2-f219-5167-b800-73fac27f6b85,2025-08-19,2025-08-24,5
f22c8f43-6b6f-5396-bab0-a2500e86809b,e8aeb018-f679-5670-b210-de4f62ff2111,c6617891-56ff-5690-89a4-1ece06685ff5,042e2e80-f954-5df4-97be-29dd428cc598,2025-08-14,2025-08-24,10
ec79ddfc-2a4b-5b82-b0a3-8deececf0840,e8aeb018-f679-5670-b210-de4f62ff2111,76d6c9f4-5d7d-53c0-bb1f-2a577383765a,2082733c-4e17-51fe-bc8c-bf33d3ec5d7e,2025-08-22,2025-08-25,3
81f85419-e03b-5c1e-8e3c-4cdec329ea88,e8aeb018-f679-5670-b210-de4f62ff2111,c6617891-56ff-5690-89a4-1ece06685ff5,042e2e80-f954-5df4-97be-29dd428cc598,2025-08-15,2025-08-25,10
d9a83619-5930-5507-b41b-5fb23039d91e,e8aeb018-f679-5670-b210-de4f62ff2111,a6f6d890-1609-53fc-b4a6-5733ccc9d078,afe9d181-1c64-5cca-b4b7-a9fa24eceeea,2025-08-11,2025-08-25,14
91ef6b2b-1b66-5bdc-b279-3b828fb47d6b,e8aeb018-f679-5670-b210-de4f62ff2111,41cb90d0-d91a-57c2-b138-831be351479f,2897aac2-f219-5167-b800-73fac27f6b85,2025-08-20,2025-08-25,5
ff610116-8a4b-5be1-9298-fe5d6c63a4ed,e8aeb018-f679-5670-b210-de4f62ff2111,76d6c9f4-5d7d-53c0-bb1f-2a577383765a,5bbfdec8-65ae-59e6-b211-5eccb5b765fa,2025-08-22,2025-08-25,3
9c6f4324-371a-5365-bbcb-e4cf4c73ab54,e8aeb018-f679-5670-b210-de4f62ff2111,41cb90d0-d91a-57c2-b138-831be351479f,2897aac2-f219-5167-b800-73fac27f6b85,2025-08-20,2025-08-25,5
0f45f7cc-51f9-5778-a378-73c129b6cf24,e8aeb018-f679-5670-b210-de4f62ff2111,76d6c9f4-5d7d-53c0-bb1f-2a577383765a,d3961f5a-3ea7-53d3-89f4-78b65b0c0c6b,2025-08-22,2025-08-25,3
3e15006e-a90a-5fe5-ba5f-93edd76c1b13,e8aeb018-f679-5670-b210-de4f62ff2111,41cb90d0-d91a-57c2-b138-831be351479f,82cd11ba-d1a0-58b1-b14f-edd741f36e87,2025-08-20,2025-08-25,5
8df8bffc-23a3-57f3-852d-3d4edf8a0c84,e8aeb018-f679-5670-b210-de4f62ff2111,41cb90d0-d91a-57c2-b138-831be351479f,d2f08f15-f9f2-5f65-a740-b05896774467,2025-08-21,2025-08-26,5
a45b0318-1b11-57d6-810d-944d71a17269,e8aeb018-f679-5670-b210-de4f62ff2111,41cb90d0-d91a-57c2-b138-831be351479f,2933d8b7-2438-521b-b38d-d3a5224f87fc,2025-08-21,2025-08-26,5
ff9b80cb-f0e7-5c88-8d7d-01cbd2875707,e8aeb018-f679-5670-b210-de4f62ff2111,ab4a547f-e75d-5601-8171-00da4efa4b57,6d807393-f4ab-5f76-b544-251eeda27ba3,2025-08-19,2025-08-26,7
ab8ebbc2-287d-531b-bea5-3d62264c728b,e8aeb018-f679-5670-b210-de4f62ff2111,ab4a547f-e75d-5601-8171-00da4efa4b57,07371b94-955f-52a4-9bf9-f0a6ad2b4fa8,2025-08-19,2025-08-26,7
924e1e04-ecbd-5a95-a4cc-24600460ed20,e8aeb018-f679-5670-b210-de4f62ff2111,ab4a547f-e75d-5601-8171-00da4efa4b57,94e18241-54bd-5516-b36f-94ab6e323aca,2025-08-20,2025-08-27,7
9bec3537-49ea-50ec-8e3c-b0504ba9981e,e8aeb018-f679-5670-b210-de4f62ff2111,41cb90d0-d91a-57c2-b138-831be351479f,82cd11ba-d1a0-58b1-b14f-edd741f36e87,2025-08-22,2025-08-27,5
b0b9780c-a69e-5cae-b340-2b1da2b93b33,e8aeb018-f679-5670-b210-de4f62ff2111,c6617891-56ff-5690-89a4-1ece06685ff5,058c6382-bde2-59d1-93ff-20c6161a4736,2025-08-18,2025-08-28,10
ce9b922b-cc2c-545a-ba9f-b6e293d8a13b,e8aeb018-f679-5670-b210-de4f62ff2111,a6f6d890-1609-53fc-b4a6-5733ccc9d078,983871db-adfb-543e-b438-6b00044ffb64,2025-08-14,2025-08-28,14
3563a10c-fc55-56c4-94e2-53a190235d0b,e8aeb018-f679-5670-b210-de4f62ff2111,c6617891-56ff-5690-89a4-1ece06685ff5,042e2e80-f954-5df4-97be-29dd428cc598,2025-08-18,2025-08-28,10
05e8b5de-a62a-590d-879a-fdcff84f6851,e8aeb018-f679-5670-b210-de4f62ff2111,a6f6d890-1609-53fc-b4a6-5733ccc9d078,4d9429b6-2ebf-5b5d-ac48-f779d5a1e270,2025-08-14,2025-08-28,14
1610f4dc-6000-5456-a7a4-41f80500b52e,e8aeb018-f679-5670-b210-de4f62ff2111,76d6c9f4-5d7d-53c0-bb1f-2a577383765a,5bbfdec8-65ae-59e6-b211-5eccb5b765fa,2025-08-25,2025-08-28,3
c91a7630-2dcd-5653-baad-67a098b297a9,e8aeb018-f679-5670-b210-de4f62ff2111,a6f6d890-1609-53fc-b4a6-5733ccc9d078,1e9605fd-5682-52b6-8f05-e8a92dd44513,2025-08-15,2025-08-29,14
9575535a-c51d-5ac8-bdc7-821ed4ee4346,e8aeb018-f679-5670-b210-de4f62ff2111,ab4a547f-e75d-5601-8171-00da4efa4b57,012857cc-907f-5e7d-b8fb-796d2c9f1621,2025-08-22,2025-08-29,7
e4d3b145-406f-5738-834e-5bc64649473c,e8aeb018-f679-5670-b210-de4f62ff2111,76d6c9f4-5d7d-53c0-bb1f-2a577383765a,d3961f5a-3ea7-53d3-89f4-78b65b0c0c6b,2025-08-26,2025-08-29,3
6ab43802-7d46-553b-9c23-c8ec01a3cf17,e8aeb018-f679-5670-b210-de4f62ff2111,76d6c9f4-5d7d-53c0-bb1f-2a577383765a,c0cf5e5c-b5c9-585a-8e79-d9830bc954f6,2025-08-27,2025-08-30,3
56ba7303-caaf-50a9-8574-2aaeb36fd40a,e8aeb018-f679-5670-b210-de4f62ff2111,41cb90d0-d91a-57c2-b138-831be351479f,38adf7ba-476e-5e6b-9163-781a13538253,2025-08-25,2025-08-30,5
6412cdc1-3e2a-58e8-9ca8-d2465580efbc,e8aeb018-f679-5670-b210-de4f62ff2111,ab4a547f-e75d-5601-8171-00da4efa4b57,97d26d91-c562-5f27-9ebd-285e89c8f4bf,2025-08-23,2025-08-30,7
38785ca6-d375-52a2-9478-97fe36cc764f,e8aeb018-f679-5670-b210-de4f62ff2111,c6617891-56ff-5690-89a4-1ece06685ff5,1ca3438e-9e23-58f0-a35f-f15f7a23beb9,2025-08-20,2025-08-30,10
5d6e2fae-4d00-5c1b-a706-e75c438771c0,e8aeb018-f679-5670-b210-de4f62ff2111,a6f6d890-1609-53fc-b4a6-5733ccc9d078,0ec23038-d3ab-588c-bbd6-1f5c744cdde1,2025-08-16,2025-08-30,14
541c6a14-4e8b-5ecd-9790-a4446cac607c,e8aeb018-f679-5670-b210-de4f62ff2111,c6617891-56ff-5690-89a4-1ece06685ff5,042e2e80-f954-5df4-97be-29dd428cc598,2025-08-21,2025-08-31,10
c2ae68c7-3260-5d1f-9943-55fe77ca4c91,e8aeb018-f679-5670-b210-de4f62ff2111,76d6c9f4-5d7d-53c0-bb1f-2a577383765a,5bbfdec8-65ae-59e6-b211-5eccb5b765fa,2025-08-28,2025-08-31,3
a1388760-bda6-5de3-84da-ef9c38b945d1,e8aeb018-f679-5670-b210-de4f62ff2111,76d6c9f4-5d7d-53c0-bb1f-2a577383765a,cd81184b-b6f1-563c-b463-36a69ddfb598,2025-08-28,2025-08-31,3
daac9276-bc99-55e8-8e52-4ebff697f27b,e8aeb018-f679-5670-b210-de4f62ff2111,c6617891-56ff-5690-89a4-1ece06685ff5,058c6382-bde2-59d1-93ff-20c6161a4736,2025-08-21,2025-08-31,10
7c80a09a-6756-54e4-a690-1e64d0204fd8,e8aeb018-f679-5670-b210-de4f62ff2111,c6617891-56ff-5690-89a4-1ece06685ff5,87b859e0-789a-56e6-b1ba-4fe76221d3bf,2025-08-21,2025-08-31,10
1181b7e3-712f-5d13-bae0-f68fefc8be5a,e8aeb018-f679-5670-b210-de4f62ff2111,41cb90d0-d91a-57c2-b138-831be351479f,2897aac2-f219-5167-b800-73fac27f6b85,2025-08-26,2025-08-31,5
e7cfc5d6-f3ff-5609-b9ab-abaf6f20d0f1,e8aeb018-f679-5670-b210-de4f62ff2111,76d6c9f4-5d7d-53c0-bb1f-2a577383765a,d3961f5a-3ea7-53d3-89f4-78b65b0c0c6b,2025-08-29,2025-09-01,3
f4d48d02-f2b6-57ed-b8f2-7100490f5d61,e8aeb018-f679-5670-b210-de4f62ff2111,ab4a547f-e75d-5601-8171-00da4efa4b57,07371b94-955f-52a4-9bf9-f0a6ad2b4fa8,2025-08-25,2025-09-01,7
6960f97f-40fd-5f47-999d-626746390c61,e8aeb018-f679-5670-b210-de4f62ff2111,41cb90d0-d91a-57c2-b138-831be351479f,d2f08f15-f9f2-5f65-a740-b05896774467,2025-08-27,2025-09-01,5
9a10ad15-3148-534f-94f2-ddc400218719,e8aeb018-f679-5670-b210-de4f62ff2111,41cb90d0-d91a-57c2-b138-831be351479f,82cd11ba-d1a0-58b1-b14f-edd741f36e87,2025-08-27,2025-09-01,5
6832f6ec-5eff-5be1-8fcc-1acadddac2b7,e8aeb018-f679-5670-b210-de4f62ff2111,ab4a547f-e75d-5601-8171-00da4efa4b57,22231140-3780-5fe8-a7d4-d33f61d15111,2025-08-25,2025-09-01,7
8b6305e2-1300-54bc-81f2-0ed88ffe6aec,e8aeb018-f679-5670-b210-de4f62ff2111,a6f6d890-1609-53fc-b4a6-5733ccc9d078,9928e9a1-d9fc-5fdd-86c2-8909352fd7fe,2025-08-18,2025-09-01,14
d5988190-d07f-54bd-a83c-d8da92373649,e8aeb018-f679-5670-b210-de4f62ff2111,41cb90d0-d91a-57c2-b138-831be351479f,6baabed2-52d7-5cb7-bf74-86c7cb3e4f07,2025-08-27,2025-09-01,5
891367ea-3f65-5510-a6ab-01589e61fc80,e8aeb018-f679-5670-b210-de4f62ff2111,ab4a547f-e75d-5601-8171-00da4efa4b57,22231140-3780-5fe8-a7d4-d33f61d15111,2025-08-26,2025-09-02,7
d649e1bf-c9ba-5256-b6a5-12acebe688f1,e8aeb018-f679-5670-b210-de4f62ff2111,a6f6d890-1609-53fc-b4a6-5733ccc9d078,4d9429b6-2ebf-5b5d-ac48-f779d5a1e270,2025-08-19,2025-09-02,14
b61d0f87-c7f6-5646-918c-2f823b83c975,e8aeb018-f679-5670-b210-de4f62ff2111,76d6c9f4-5d7d-53c0-bb1f-2a577383765a,cd81184b-b6f1-563c-b463-36a69ddfb598,2025-08-30,2025-09-02,3
9e0ba432-462a-5f3c-8057-0011120f0eb9,e8aeb018-f679-5670-b210-de4f62ff2111,a6f6d890-1609-53fc-b4a6-5733ccc9d078,1e9605fd-5682-52b6-8f05-e8a92dd44513,2025-08-19,2025-09-02,14
44399993-463f-58a3-9652-d4e008d949d1,e8aeb018-f679-5670-b210-de4f62ff2111,ab4a547f-e75d-5601-8171-00da4efa4b57,07371b94-955f-52a4-9bf9-f0a6ad2b4fa8,2025-08-26,2025-09-02,7
631c1dea-ec45-52a4-a4d4-ebaf0540272f,e8aeb018-f679-5670-b210-de4f62ff2111,76d6c9f4-5d7d-53c0-bb1f-2a577383765a,d0ae6d2d-e561-56b3-a2c1-113c1c56ae81,2025-08-30,2025-09-02,3
2ec6cdf8-290d-5784-a46f-aecf27f9d089,e8aeb018-f679-5670-b210-de4f62ff2111,ab4a547f-e75d-5601-8171-00da4efa4b57,22231140-3780-5fe8-a7d4-d33f61d15111,2025-08-26,2025-09-02,7
774d0b6d-6d31-5c2f-94ac-1df12e80b39c,e8aeb018-f679-5670-b210-de4f62ff2111,a6f6d890-1609-53fc-b4a6-5733ccc9d078,1e9605fd-5682-52b6-8f05-e8a92dd44513,2025-08-20,2025-09-03,14
c5792b4b-7975-5981-82bc-03f04ed5f9ef,e8aeb018-f679-5670-b210-de4f62ff2111,ab4a547f-e75d-5601-8171-00da4efa4b57,97d26d91-c562-5f27-9ebd-285e89c8f4bf,2025-08-27,2025-09-03,7
2088cc1f-4992-55f2-86f6-e4ab09907d29,e8aeb018-f679-5670-b210-de4f62ff2111,a6f6d890-1609-53fc-b4a6-5733ccc9d078,afe9d181-1c64-5cca-b4b7-a9fa24eceeea,2025-08-21,2025-09-04,14
3012ff18-b134-52a3-896d-9afe1b3c4e95,e8aeb018-f679-5670-b210-de4f62ff2111,c6617891-56ff-5690-89a4-1ece06685ff5,1ca3438e-9e23-58f0-a35f-f15f7a23beb9,2025-08-25,2025-09-04,10
f334e2b1-d196-5164-a038-4ae2c7cbdbb2,e8aeb018-f679-5670-b210-de4f62ff2111,41cb90d0-d91a-57c2-b138-831be351479f,6baabed2-52d7-5cb7-bf74-86c7cb3e4f07,2025-08-30,2025-09-04,5
1c00a28e-d4d9-554a-a129-0d0a6d157105,e8aeb018-f679-5670-b210-de4f62ff2111,c6617891-56ff-5690-89a4-1ece06685ff5,1ca3438e-9e23-58f0-a35f-f15f7a23beb9,2025-08-25,2025-09-04,10
0c2a7d02-9c4c-5951-bcbe-841168194808,e8aeb018-f679-5670-b210-de4f62ff2111,76d6c9f4-5d7d-53c0-bb1f-2a577383765a,d3961f5a-3ea7-53d3-89f4-78b65b0c0c6b,2025-09-02,2025-09-05,3
9624bb0c-73e4-5547-9527-8c0e084dd987,e8aeb018-f679-5670-b210-de4f62ff2111,41cb90d0-d91a-57c2-b138-831be351479f,2933d8b7-2438-521b-b38d-d3a5224f87fc,2025-09-01,2025-09-06,5
8b8d194d-049b-541b-9074-09e6841df39c,e8aeb018-f679-5670-b210-de4f62ff2111,a6f6d890-1609-53fc-b4a6-5733ccc9d078,983871db-adfb-543e-b438-6b00044ffb64,2025-08-23,2025-09-06,14
7267ec7c-c045-5eab-a416-7af3ce5c0516,e8aeb018-f679-5670-b210-de4f62ff2111,ab4a547f-e75d-5601-8171-00da4efa4b57,012857cc-907f-5e7d-b8fb-796d2c9f1621,2025-08-30,2025-09-06,7
102da0ea-a69e-5e7e-8325-b0dfcd155f41,e8aeb018-f679-5670-b210-de4f62ff2111,76d6c9f4-5d7d-53c0-bb1f-2a577383765a,5bbfdec8-65ae-59e6-b211-5eccb5b765fa,2025-09-03,2025-09-06,3
36212d8d-ffe6-5441-a628-1ba9dadd4345,e8aeb018-f679-5670-b210-de4f62ff2111,c6617891-56ff-5690-89a4-1ece06685ff5,2eb3a104-e572-583a-afa0-156ee0dc4cce,2025-08-27,2025-09-06,10
15735d35-6863-580c-9c17-156e11c323da,e8aeb018-f679-5670-b210-de4f62ff2111,ab4a547f-e75d-5601-8171-00da4efa4b57,22231140-3780-5fe8-a7d4-d33f61d15111,2025-08-30,2025-09-06,7
93f43d16-35a2-5bd1-906f-8f11d8d63327,e8aeb018-f679-5670-b210-de4f62ff2111,76d6c9f4-5d7d-53c0-bb1f-2a577383765a,d0ae6d2d-e561-56b3-a2c1-113c1c56ae81,2025-09-03,2025-09-06,3
83ec5073-c540-550a-84d7-a107be5a1ca7,e8aeb018-f679-5670-b210-de4f62ff2111,76d6c9f4-5d7d-53c0-bb1f-2a577383765a,2082733c-4e17-51fe-bc8c-bf33d3ec5d7e,2025-09-03,2025-09-06,3
4184a9de-3c6e-5f45-8ede-e71e331ea9ae,e8aeb018-f679-5670-b210-de4f62ff2111,41cb90d0-d91a-57c2-b138-831be351479f,d2f08f15-f9f2-5f65-a740-b05896774467,2025-09-01,2025-09-06,5
060fd119-9f65-5b6a-b734-86c8684a87b8,e8aeb018-f679-5670-b210-de4f62ff2111,76d6c9f4-5d7d-53c0-bb1f-2a577383765a,5bbfdec8-65ae-59e6-b211-5eccb5b765fa,2025-09-03,2025-09-06,3
16e821b3-764f-5e67-9efe-fff912cfccf9,e8aeb018-f679-5670-b210-de4f62ff2111,c6617891-56ff-5690-89a4-1ece06685ff5,2eb3a104-e572-583a-afa0-156ee0dc4cce,2025-08-28,2025-09-07,10
51b48b5b-8a68-53cc-8dc0-0cdecd243a6f,e8aeb018-f679-5670-b210-de4f62ff2111,41cb90d0-d91a-57c2-b138-831be351479f,6baabed2-52d7-5cb7-bf74-86c7cb3e4f07,2025-09-02,2025-09-07,5
492caf73-9cf8-5008-91ee-df61a16dfe37,e8aeb018-f679-5670-b210-de4f62ff2111,41cb90d0-d91a-57c2-b138-831be351479f,2897aac2-f219-5167-b800-73fac27f6b85,2025-09-02,2025-09-07,5
5475d0d4-3b6f-545a-a4b7-3de7d668e73b,e8aeb018-f679-5670-b210-de4f62ff2111,41cb90d0-d91a-57c2-b138-831be351479f,2933d8b7-2438-521b-b38d-d3a5224f87fc,2025-09-02,2025-09-07,5
02b63ed5-72f2-5dcd-8b70-d88034900ac2,e8aeb018-f679-5670-b210-de4f62ff2111,c6617891-56ff-5690-89a4-1ece06685ff5,87b859e0-789a-56e6-b1ba-4fe76221d3bf,2025-08-29,2025-09-08,10
c6ba9830-3e85-5765-8cb8-279b746b6dd6,e8aeb018-f679-5670-b210-de4f62ff2111,ab4a547f-e75d-5601-8171-00da4efa4b57,97d26d91-c562-5f27-9ebd-285e89c8f4bf,2025-09-01,2025-09-08,7
04bae709-015a-5dcb-9a22-46254121a6b2,e8aeb018-f679-5670-b210-de4f62ff2111,41cb90d0-d91a-57c2-b138-831be351479f,82cd11ba-d1a0-58b1-b14f-edd741f36e87,2025-09-03,2025-09-08,5
8be5ac04-eb20-573f-86ae-553a69e121cd,e8aeb018-f679-5670-b210-de4f62ff2111,41cb90d0-d91a-57c2-b138-831be351479f,2933d8b7-2438-521b-b38d-d3a5224f87fc,2025-09-03,2025-09-08,5
9c9e9974-a9a7-5188-8bd8-0c1c8f6516e5,e8aeb018-f679-5670-b210-de4f62ff2111,ab4a547f-e75d-5601-8171-00da4efa4b57,07371b94-955f-52a4-9bf9-f0a6ad2b4fa8,2025-09-02,2025-09-09,7
5e501f5b-f6ad-5dbe-bcc2-aad7ca5d5481,e8aeb018-f679-5670-b210-de4f62ff2111,41cb90d0-d91a-57c2-b138-831be351479f,2933d8b7-2438-521b-b38d-d3a5224f87fc,2025-09-05,2025-09-10,5
0c7a6a83-b848-54cd-ba33-f96226dcaafc,e8aeb018-f679-5670-b210-de4f62ff2111,a6f6d890-1609-53fc-b4a6-5733ccc9d078,983871db-adfb-543e-b438-6b00044ffb64,2025-08-27,2025-09-10,14
605cd71d-709a-5570-921c-9ef4894dc99c,e8aeb018-f679-5670-b210-de4f62ff2111,41cb90d0-d91a-57c2-b138-831be351479f,38adf7ba-476e-5e6b-9163-781a13538253,2025-09-06,2025-09-11,5
b966bc96-52e2-52e4-abca-7598d5f0f6ff,e8aeb018-f679-5670-b210-de4f62ff2111,c6617891-56ff-5690-89a4-1ece06685ff5,87b859e0-789a-56e6-b1ba-4fe76221d3bf,2025-09-01,2025-09-11,10
d2bf5c5a-1d4c-5ae9-8e27-a0bb3339db96,e8aeb018-f679-5670-b210-de4f62ff2111,ab4a547f-e75d-5601-8171-00da4efa4b57,07371b94-955f-52a4-9bf9-f0a6ad2b4fa8,2025-09-04,2025-09-11,7
e2797e7c-5334-599a-8fb6-d905a2e91824,e8aeb018-f679-5670-b210-de4f62ff2111,c6617891-56ff-5690-89a4-1ece06685ff5,1ca3438e-9e23-58f0-a35f-f15f7a23beb9,2025-09-01,2025-09-11,10
52ec4844-8a89-5679-adbb-8d272d273108,e8aeb018-f679-5670-b210-de4f62ff2111,c6617891-56ff-5690-89a4-1ece06685ff5,058c6382-bde2-59d1-93ff-20c6161a4736,2025-09-02,2025-09-12,10
e9dc025b-72c6-5947-8553-2f9337fc697f,e8aeb018-f679-5670-b210-de4f62ff2111,76d6c9f4-5d7d-53c0-bb1f-2a577383765a,2082733c-4e17-51fe-bc8c-bf33d3ec5d7e,2025-09-09,2025-09-12,3
23bcde2d-fb90-5e0c-b25a-46b502095be0,e8aeb018-f679-5670-b210-de4f62ff2111,a6f6d890-1609-53fc-b4a6-5733ccc9d078,4d9429b6-2ebf-5b5d-ac48-f779d5a1e270,2025-08-30,2025-09-13,14
fa8a9383-f10a-5c7f-a435-f64144c30b20,e8aeb018-f679-5670-b210-de4f62ff2111,ab4a547f-e75d-5601-8171-00da4efa4b57,22231140-3780-5fe8-a7d4-d33f61d15111,2025-09-06,2025-09-13,7
eb30043e-af64-5db7-97b7-55e456bbbf92,e8aeb018-f679-5670-b210-de4f62ff2111,ab4a547f-e75d-5601-8171-00da4efa4b57,6d807393-f4ab-5f76-b544-251eeda27ba3,2025-09-06,2025-09-13,7
2f47ad8c-f791-5936-b2a9-a4ad65ba9bc4,e8aeb018-f679-5670-b210-de4f62ff2111,a6f6d890-1609-53fc-b4a6-5733ccc9d078,0ec23038-d3ab-588c-bbd6-1f5c744cdde1,2025-08-30,2025-09-13,14
7a496bfb-3a3d-5607-96de-235011de2c01,e8aeb018-f679-5670-b210-de4f62ff2111,ab4a547f-e75d-5601-8171-00da4efa4b57,012857cc-907f-5e7d-b8fb-796d2c9f1621,2025-09-06,2025-09-13,7
8555b82a-9f1d-565b-88b8-a392f07c4f75,e8aeb018-f679-5670-b210-de4f62ff2111,41cb90d0-d91a-57c2-b138-831be351479f,d2f08f15-f9f2-5f65-a740-b05896774467,2025-09-08,2025-09-13,5
79ca2176-412e-5dd0-be35-52c21f71137b,e8aeb018-f679-5670-b210-de4f62ff2111,41cb90d0-d91a-57c2-b138-831be351479f,82cd11ba-d1a0-58b1-b14f-edd741f36e87,2025-09-09,2025-09-14,5
23aaf463-a816-502c-ae61-d46dcd98db9b,e8aeb018-f679-5670-b210-de4f62ff2111,76d6c9f4-5d7d-53c0-bb1f-2a577383765a,c0cf5e5c-b5c9-585a-8e79-d9830bc954f6,2025-09-11,2025-09-14,3
f030de6d-6265-5b94-9e6f-6c8999400613,e8aeb018-f679-5670-b210-de4f62ff2111,41cb90d0-d91a-57c2-b138-831be351479f,38adf7ba-476e-5e6b-9163-781a13538253,2025-09-09,2025-09-14,5
6bcecd97-1208-5386-aa60-14097fcda238,e8aeb018-f679-5670-b210-de4f62ff2111,76d6c9f4-5d7d-53c0-bb1f-2a577383765a,c0cf5e5c-b5c9-585a-8e79-d9830bc954f6,2025-09-11,2025-09-14,3
8783a38a-343b-5ab5-99a4-c283cec0ce4f,e8aeb018-f679-5670-b210-de4f62ff2111,41cb90d0-d91a-57c2-b138-831be351479f,6baabed2-52d7-5cb7-bf74-86c7cb3e4f07,2025-09-09,2025-09-14,5
d6d241bd-f603-5474-a887-32ca343125b8,e8aeb018-f679-5670-b210-de4f62ff2111,41cb90d0-d91a-57c2-b138-831be351479f,2933d8b7-2438-521b-b38d-d3a5224f87fc,2025-09-10,2025-09-15,5
c8308e99-4610-5e05-80a4-cb9c4fc8c2db,e8aeb018-f679-5670-b210-de4f62ff2111,ab4a547f-e75d-5601-8171-00da4efa4b57,94e18241-54bd-5516-b36f-94ab6e323aca,2025-09-08,2025-09-15,7
7e55adac-2ee5-5773-9b51-45ee064e8f0c,e8aeb018-f679-5670-b210-de4f62ff2111,a6f6d890-1609-53fc-b4a6-5733ccc9d078,afe9d181-1c64-5cca-b4b7-a9fa24eceeea,2025-09-01,2025-09-15,14
3dbc3380-c586-5db7-a3c7-be2cce447a07,e8aeb018-f679-5670-b210-de4f62ff2111,c6617891-56ff-5690-89a4-1ece06685ff5,d9506935-1215-5499-93c0-8bdd86ab9418,2025-09-05,2025-09-15,10
035ae147-3bb5-5c60-a564-bb4dd5ee6837,e8aeb018-f679-5670-b210-de4f62ff2111,41cb90d0-d91a-57c2-b138-831be351479f,38adf7ba-476e-5e6b-9163-781a13538253,2025-09-10,2025-09-15,5
5cdd4c28-b28d-5146-8b80-e972c2fc520d,e8aeb018-f679-5670-b210-de4f62ff2111,76d6c9f4-5d7d-53c0-bb1f-2a577383765a,d0ae6d2d-e561-56b3-a2c1-113c1c56ae81,2025-09-13,2025-09-16,3
656c1df4-76f0-5072-b52c-f02d9db625b7,e8aeb018-f679-5670-b210-de4f62ff2111,76d6c9f4-5d7d-53c0-bb1f-2a577383765a,d0ae6d2d-e561-56b3-a2c1-113c1c56ae81,2025-09-13,2025-09-16,3
f721450c-8e33-5293-9421-6acbcf269211,e8aeb018-f679-5670-b210-de4f62ff2111,76d6c9f4-5d7d-53c0-bb1f-2a577383765a,d3961f5a-3ea7-53d3-89f4-78b65b0c0c6b,2025-09-13,2025-09-16,3
83871a81-36b4-5c9c-85e6-1d77c08c3720,e8aeb018-f679-5670-b210-de4f62ff2111,41cb90d0-d91a-57c2-b138-831be351479f,2897aac2-f219-5167-b800-73fac27f6b85,2025-09-11,2025-09-16,5
0e5af698-da7e-5522-9356-b1d165d7ab69,e8aeb018-f679-5670-b210-de4f62ff2111,ab4a547f-e75d-5601-8171-00da4efa4b57,07371b94-955f-52a4-9bf9-f0a6ad2b4fa8,2025-09-09,2025-09-16,7
7b8e8590-69ed-5c30-98d1-0be20c388806,e8aeb018-f679-5670-b210-de4f62ff2111,76d6c9f4-5d7d-53c0-bb1f-2a577383765a,d0ae6d2d-e561-56b3-a2c1-113c1c56ae81,2025-09-13,2025-09-16,3
cb5c5a61-2659-5aad-beae-d0c614a7797b,e8aeb018-f679-5670-b210-de4f62ff2111,a6f6d890-1609-53fc-b4a6-5733ccc9d078,983871db-adfb-543e-b438-6b00044ffb64,2025-09-02,2025-09-16,14
64c5fef8-62b7-5a64-b728-25beb31bd326,e8aeb018-f679-5670-b210-de4f62ff2111,ab4a547f-e75d-5601-8171-00da4efa4b57,6d807393-f4ab-5f76-b544-251eeda27ba3,2025-09-10,2025-09-17,7
cc1daec7-cc39-5abe-919e-adf98be7d710,e8aeb018-f679-5670-b210-de4f62ff2111,ab4a547f-e75d-5601-8171-00da4efa4b57,6d807393-f4ab-5f76-b544-251eeda27ba3,2025-09-10,2025-09-17,7
ea61b455-58d2-5ced-8658-569848464046,e8aeb018-f679-5670-b210-de4f62ff2111,a6f6d890-1609-53fc-b4a6-5733ccc9d078,0ec23038-d3ab-588c-bbd6-1f5c744cdde1,2025-09-03,2025-09-17,14
887fccd3-5186-5365-8375-f6ee2c5696f6,e8aeb018-f679-5670-b210-de4f62ff2111,41cb90d0-d91a-57c2-b138-831be351479f,82cd11ba-d1a0-58b1-b14f-edd741f36e87,2025-09-12,2025-09-17,5
cb3695cb-791c-5ad1-877b-683eb10eab22,e8aeb018-f679-5670-b210-de4f62ff2111,ab4a547f-e75d-5601-8171-00da4efa4b57,012857cc-907f-5e7d-b8fb-796d2c9f1621,2025-09-11,2025-09-18,7
f7f82425-377e-5790-af65-48fc80d3ac86,e8aeb018-f679-5670-b210-de4f62ff2111,76d6c9f4-5d7d-53c0-bb1f-2a577383765a,c0cf5e5c-b5c9-585a-8e79-d9830bc954f6,2025-09-15,2025-09-18,3
9c66804a-3290-5331-9d90-49a922bb99ef,e8aeb018-f679-5670-b210-de4f62ff2111,c6617891-56ff-5690-89a4-1ece06685ff5,87b859e0-789a-56e6-b1ba-4fe76221d3bf,2025-09-08,2025-09-18,10
0fd0e46f-aee8-54a7-9c38-6bc714dcfce3,e8aeb018-f679-5670-b210-de4f62ff2111,76d6c9f4-5d7d-53c0-bb1f-2a577383765a,cd81184b-b6f1-563c-b463-36a69ddfb598,2025-09-15,2025-09-18,3
3fbd6049-10ba-5732-ba76-500eb9994664,e8aeb018-f679-5670-b210-de4f62ff2111,c6617891-56ff-5690-89a4-1ece06685ff5,1ca3438e-9e23-58f0-a35f-f15f7a23beb9,2025-09-08,2025-09-18,10
b34108c4-e869-5bce-a5c8-39d43be46a87,e8aeb018-f679-5670-b210-de4f62ff2111,c6617891-56ff-5690-89a4-1ece06685ff5,042e2e80-f954-5df4-97be-29dd428cc598,2025-09-08,2025-09-18,10
23a84a6c-033e-54b4-9cbf-0f68bbb626a5,e8aeb018-f679-5670-b210-de4f62ff2111,c6617891-56ff-5690-89a4-1ece06685ff5,058c6382-bde2-59d1-93ff-20c6161a4736,2025-09-09,2025-09-19,10
6b99f4ca-e0f1-5db3-8484-0139acc74dc3,e8aeb018-f679-5670-b210-de4f62ff2111,ab4a547f-e75d-5601-8171-00da4efa4b57,97d26d91-c562-5f27-9ebd-285e89c8f4bf,2025-09-12,2025-09-19,7
4ca4acd1-3a21-5300-968f-9d02ae11dd51,e8aeb018-f679-5670-b210-de4f62ff2111,76d6c9f4-5d7d-53c0-bb1f-2a577383765a,5bbfdec8-65ae-59e6-b211-5eccb5b765fa,2025-09-16,2025-09-19,3
9c6b0205-7956-5cdc-b988-572ec53abc44,e8aeb018-f679-5670-b210-de4f62ff2111,76d6c9f4-5d7d-53c0-bb1f-2a577383765a,d3961f5a-3ea7-53d3-89f4-78b65b0c0c6b,2025-09-16,2025-09-19,3
a8187540-4f5f-5b93-aace-f6b8792337d1,e8aeb018-f679-5670-b210-de4f62ff2111,a6f6d890-1609-53fc-b4a6-5733ccc9d078,9928e9a1-d9fc-5fdd-86c2-8909352fd7fe,2025-09-05,2025-09-19,14
3fdf07bb-8a24-5e97-94c4-76a8ae7c61f8,e8aeb018-f679-5670-b210-de4f62ff2111,76d6c9f4-5d7d-53c0-bb1f-2a577383765a,d3961f5a-3ea7-53d3-89f4-78b65b0c0c6b,2025-09-16,2025-09-19,3
ac556bbe-f03f-57be-bc34-3f14a39f1d57,e8aeb018-f679-5670-b210-de4f62ff2111,76d6c9f4-5d7d-53c0-bb1f-2a577383765a,d3961f5a-3ea7-53d3-89f4-78b65b0c0c6b,2025-09-18,2025-09-21,3
1d15851e-4bb9-5f61-9627-37259ebeed24,e8aeb018-f679-5670-b210-de4f62ff2111,76d6c9f4-5d7d-53c0-bb1f-2a577383765a,cd81184b-b6f1-563c-b463-36a69ddfb598,2025-09-18,2025-09-21,3
729cee8a-4d30-5f83-99b8-a884dbed25c2,e8aeb018-f679-5670-b210-de4f62ff2111,c6617891-56ff-5690-89a4-1ece06685ff5,058c6382-bde2-59d1-93ff-20c6161a4736,2025-09-11,2025-09-21,10
75181e2f-047c-5176-9ac9-0fdd9cb684ee,e8aeb018-f679-5670-b210-de4f62ff2111,76d6c9f4-5d7d-53c0-bb1f-2a577383765a,cd81184b-b6f1-563c-b463-36a69ddfb598,2025-09-18,2025-09-21,3
555cb2f7-f788-5bf1-bfc3-35e2c0a8c6d4,e8aeb018-f679-5670-b210-de4f62ff2111,ab4a547f-e75d-5601-8171-00da4efa4b57,94e18241-54bd-5516-b36f-94ab6e323aca,2025-09-15,2025-09-22,7
dc7de29b-90a1-5110-98fd-66935f626db3,e8aeb018-f679-5670-b210-de4f62ff2111,41cb90d0-d91a-57c2-b138-831be351479f,d2f08f15-f9f2-5f65-a740-b05896774467,2025-09-17,2025-09-22,5
20ba43fd-2db6-5ee2-8cbe-28890e6bc1a8,e8aeb018-f679-5670-b210-de4f62ff2111,ab4a547f-e75d-5601-8171-00da4efa4b57,22231140-3780-5fe8-a7d4-d33f61d15111,2025-09-15,2025-09-22,7
a4bff7a9-7dd6-5de5-b2e1-de5b20fc32d2,e8aeb018-f679-5670-b210-de4f62ff2111,76d6c9f4-5d7d-53c0-bb1f-2a577383765a,2082733c-4e17-51fe-bc8c-bf33d3ec5d7e,2025-09-19,2025-09-22,3
3e775b07-cfd1-5e26-b383-40a4f7870710,e8aeb018-f679-5670-b210-de4f62ff2111,a6f6d890-1609-53fc-b4a6-5733ccc9d078,983871db-adfb-543e-b438-6b00044ffb64,2025-09-08,2025-09-22,14
96e041b9-07f7-5737-8c29-ab0be9c17b3f,e8aeb018-f679-5670-b210-de4f62ff2111,ab4a547f-e75d-5601-8171-00da4efa4b57,97d26d91-c562-5f27-9ebd-285e89c8f4bf,2025-09-15,2025-09-22,7
0ec0bdb3-527d-5248-8f11-883ac2b83f3e,e8aeb018-f679-5670-b210-de4f62ff2111,41cb90d0-d91a-57c2-b138-831be351479f,82cd11ba-d1a0-58b1-b14f-edd741f36e87,2025-09-17,2025-09-22,5
14bec7c4-aa46-50cf-8d02-e47940d69306,e8aeb018-f679-5670-b210-de4f62ff2111,41cb90d0-d91a-57c2-b138-831be351479f,38adf7ba-476e-5e6b-9163-781a13538253,2025-09-17,2025-09-22,5
444ad981-776a-5d1b-9fc0-44d8c4fa3990,e8aeb018-f679-5670-b210-de4f62ff2111,ab4a547f-e75d-5601-8171-00da4efa4b57,012857cc-907f-5e7d-b8fb-796d2c9f1621,2025-09-15,2025-09-22,7
69555076-b6e7-5d85-9fe3-499c7463ec56,e8aeb018-f679-5670-b210-de4f62ff2111,41cb90d0-d91a-57c2-b138-831be351479f,2897aac2-f219-5167-b800-73fac27f6b85,2025-09-18,2025-09-23,5
00bcc856-086b-5ce6-b873-244b84763788,e8aeb018-f679-5670-b210-de4f62ff2111,41cb90d0-d91a-57c2-b138-831be351479f,2897aac2-f219-5167-b800-73fac27f6b85,2025-09-18,2025-09-23,5
536e544a-21e6-59db-bb08-ae7346ca56b5,e8aeb018-f679-5670-b210-de4f62ff2111,c6617891-56ff-5690-89a4-1ece06685ff5,2eb3a104-e572-583a-afa0-156ee0dc4cce,2025-09-13,2025-09-23,10
8d209b8c-b8b6-53c2-bbd2-9e69814dc2db,e8aeb018-f679-5670-b210-de4f62ff2111,a6f6d890-1609-53fc-b4a6-5733ccc9d078,0ec23038-d3ab-588c-bbd6-1f5c744cdde1,2025-09-10,2025-09-24,14
b4957e56-a7be-544b-84d2-27ae54d11362,e8aeb018-f679-5670-b210-de4f62ff2111,41cb90d0-d91a-57c2-b138-831be351479f,6baabed2-52d7-5cb7-bf74-86c7cb3e4f07,2025-09-19,2025-09-24,5
9d4d2711-810d-53ce-9144-5bcde9c7944f,e8aeb018-f679-5670-b210-de4f62ff2111,41cb90d0-d91a-57c2-b138-831be351479f,82cd11ba-d1a0-58b1-b14f-edd741f36e87,2025-09-19,2025-09-24,5
2529434f-9a73-548e-ab64-689b70542c8f,e8aeb018-f679-5670-b210-de4f62ff2111,a6f6d890-1609-53fc-b4a6-5733ccc9d078,4d9429b6-2ebf-5b5d-ac48-f779d5a1e270,2025-09-10,2025-09-24,14
0278760d-dbc5-5d2f-a981-6d6bf0db5a0a,e8aeb018-f679-5670-b210-de4f62ff2111,ab4a547f-e75d-5601-8171-00da4efa4b57,94e18241-54bd-5516-b36f-94ab6e323aca,2025-09-17,2025-09-24,7
798a495e-fbb4-51a9-9ab7-8bfa54699518,e8aeb018-f679-5670-b210-de4f62ff2111,76d6c9f4-5d7d-53c0-bb1f-2a577383765a,cd81184b-b6f1-563c-b463-36a69ddfb598,2025-09-22,2025-09-25,3
6d090920-f24f-596d-9758-be598d8421a8,e8aeb018-f679-5670-b210-de4f62ff2111,ab4a547f-e75d-5601-8171-00da4efa4b57,94e18241-54bd-5516-b36f-94ab6e323aca,2025-09-18,2025-09-25,7
22105660-ea31-5f96-aa5a-533c57190952,e8aeb018-f679-5670-b210-de4f62ff2111,ab4a547f-e75d-5601-8171-00da4efa4b57,6d807393-f4ab-5f76-b544-251eeda27ba3,2025-09-18,2025-09-25,7
2a07b062-cf2e-5934-98ec-d507d6a1a4da,e8aeb018-f679-5670-b210-de4f62ff2111,a6f6d890-1609-53fc-b4a6-5733ccc9d078,afe9d181-1c64-5cca-b4b7-a9fa24eceeea,2025-09-11,2025-09-25,14
091ae93f-50fe-5865-a627-62250891cbcb,e8aeb018-f679-5670-b210-de4f62ff2111,41cb90d0-d91a-57c2-b138-831be351479f,2897aac2-f219-5167-b800-73fac27f6b85,2025-09-20,2025-09-25,5
8f0b8402-2e26-52a7-9a5d-9fa8ccbaba65,e8aeb018-f679-5670-b210-de4f62ff2111,76d6c9f4-5d7d-53c0-bb1f-2a577383765a,2082733c-4e17-51fe-bc8c-bf33d3ec5d7e,2025-09-23,2025-09-26,3
403fde7a-e0b9-5ff6-9697-6fe0469e1ae7,e8aeb018-f679-5670-b210-de4f62ff2111,a6f6d890-1609-53fc-b4a6-5733ccc9d078,0ec23038-d3ab-588c-bbd6-1f5c744cdde1,2025-09-12,2025-09-26,14
db7f1461-8818-597f-a64a-ece3a3f45d22,e8aeb018-f679-5670-b210-de4f62ff2111,c6617891-56ff-5690-89a4-1ece06685ff5,d9506935-1215-5499-93c0-8bdd86ab9418,2025-09-16,2025-09-26,10
43e65d21-4e77-5432-8c08-75161469f641,e8aeb018-f679-5670-b210-de4f62ff2111,ab4a547f-e75d-5601-8171-00da4efa4b57,07371b94-955f-52a4-9bf9-f0a6ad2b4fa8,2025-09-19,2025-09-26,7
58826669-33ba-5a77-b14c-faa7f8cc8c8c,e8aeb018-f679-5670-b210-de4f62ff2111,c6617891-56ff-5690-89a4-1ece06685ff5,2eb3a104-e572-583a-afa0-156ee0dc4cce,2025-09-16,2025-09-26,10
db0cfbc2-6446-5acd-adb8-fde0e144919c,e8aeb018-f679-5670-b210-de4f62ff2111,ab4a547f-e75d-5601-8171-00da4efa4b57,22231140-3780-5fe8-a7d4-d33f61d15111,2025-09-19,2025-09-26,7
ca3e6607-4cbe-53e3-98b3-bd4cf9bba7d6,e8aeb018-f679-5670-b210-de4f62ff2111,c6617891-56ff-5690-89a4-1ece06685ff5,058c6382-bde2-59d1-93ff-20c6161a4736,2025-09-17,2025-09-27,10
a4d75943-00e1-5ed3-b8c5-f5c8293004f4,e8aeb018-f679-5670-b210-de4f62ff2111,41cb90d0-d91a-57c2-b138-831be351479f,d2f08f15-f9f2-5f65-a740-b05896774467,2025-09-22,2025-09-27,5
838f58b6-4192-545c-a67a-117ca792f23c,e8aeb018-f679-5670-b210-de4f62ff2111,ab4a547f-e75d-5601-8171-00da4efa4b57,6d807393-f4ab-5f76-b544-251eeda27ba3,2025-09-20,2025-09-27,7
a7c7a53c-e33f-5864-b53f-692e4f3b9f31,e8aeb018-f679-5670-b210-de4f62ff2111,ab4a547f-e75d-5601-8171-00da4efa4b57,94e18241-54bd-5516-b36f-94ab6e323aca,2025-09-20,2025-09-27,7
6ea62754-139d-51f2-b34e-f10e5e32ba57,e8aeb018-f679-5670-b210-de4f62ff2111,a6f6d890-1609-53fc-b4a6-5733ccc9d078,afe9d181-1c64-5cca-b4b7-a9fa24eceeea,2025-09-13,2025-09-27,14
2d66edfc-3b1f-54ad-aac5-dca073f41673,e8aeb018-f679-5670-b210-de4f62ff2111,76d6c9f4-5d7d-53c0-bb1f-2a577383765a,d3961f5a-3ea7-53d3-89f4-78b65b0c0c6b,2025-09-25,2025-09-28,3
c7153618-6264-57d1-bfd9-eaa90b25e8c0,e8aeb018-f679-5670-b210-de4f62ff2111,41cb90d0-d91a-57c2-b138-831be351479f,2933d8b7-2438-521b-b38d-d3a5224f87fc,2025-09-23,2025-09-28,5
7fe62d1d-867d-557d-a490-33a2aee34ebd,e8aeb018-f679-5670-b210-de4f62ff2111,a6f6d890-1609-53fc-b4a6-5733ccc9d078,9928e9a1-d9fc-5fdd-86c2-8909352fd7fe,2025-09-15,2025-09-29,14
6c3d4cb4-71fb-5bfe-9ab5-de995c403afa,e8aeb018-f679-5670-b210-de4f62ff2111,c6617891-56ff-5690-89a4-1ece06685ff5,042e2e80-f954-5df4-97be-29dd428cc598,2025-09-19,2025-09-29,10
87c045f6-74d8-5553-9466-cc513c4ccde4,e8aeb018-f679-5670-b210-de4f62ff2111,41cb90d0-d91a-57c2-b138-831be351479f,2933d8b7-2438-521b-b38d-d3a5224f87fc,2025-09-24,2025-09-29,5
072fb5a9-ee0b-5fb5-930d-c83a0aea721c,e8aeb018-f679-5670-b210-de4f62ff2111,76d6c9f4-5d7d-53c0-bb1f-2a577383765a,5bbfdec8-65ae-59e6-b211-5eccb5b765fa,2025-09-27,2025-09-30,3
9af2190b-c1cd-55a0-a490-01a97b7d986d,e8aeb018-f679-5670-b210-de4f62ff2111,a6f6d890-1609-53fc-b4a6-5733ccc9d078,afe9d181-1c64-5cca-b4b7-a9fa24eceeea,2025-09-16,2025-09-30,14
abcf35e6-0231-585b-b228-531e6cafb08f,e8aeb018-f679-5670-b210-de4f62ff2111,c6617891-56ff-5690-89a4-1ece06685ff5,042e2e80-f954-5df4-97be-29dd428cc598,2025-09-20,2025-09-30,10
951445ee-e38f-52ca-93e5-5fb93cda06a9,e8aeb018-f679-5670-b210-de4f62ff2111,76d6c9f4-5d7d-53c0-bb1f-2a577383765a,5bbfdec8-65ae-59e6-b211-5eccb5b765fa,2025-09-27,2025-09-30,3
6e931bb8-43d3-5bff-9a0d-7d69039fe10f,e8aeb018-f679-5670-b210-de4f62ff2111,41cb90d0-d91a-57c2-b138-831be351479f,2897aac2-f219-5167-b800-73fac27f6b85,2025-09-25,2025-09-30,5
42eb43e3-708f-562a-9127-853bc06fa85a,e8aeb018-f679-5670-b210-de4f62ff2111,41cb90d0-d91a-57c2-b138-831be351479f,82cd11ba-d1a0-58b1-b14f-edd741f36e87,2025-09-26,2025-10-01,5
0dca9d1a-36d7-5552-bd62-599546746e15,e8aeb018-f679-5670-b210-de4f62ff2111,41cb90d0-d91a-57c2-b138-831be351479f,38adf7ba-476e-5e6b-9163-781a13538253,2025-09-26,2025-10-01,5
cfef7bd1-2125-5628-be17-0faaccb95858,e8aeb018-f679-5670-b210-de4f62ff2111,a6f6d890-1609-53fc-b4a6-5733ccc9d078,1e9605fd-5682-52b6-8f05-e8a92dd44513,2025-09-18,2025-10-02,14
fd47d005-2240-5aac-9f8e-5b72fa30f485,e8aeb018-f679-5670-b210-de4f62ff2111,76d6c9f4-5d7d-53c0-bb1f-2a577383765a,cd81184b-b6f1-563c-b463-36a69ddfb598,2025-09-29,2025-10-02,3
e11f737b-a913-5c0c-9145-435c7c3cd092,e8aeb018-f679-5670-b210-de4f62ff2111,c6617891-56ff-5690-89a4-1ece06685ff5,d9506935-1215-5499-93c0-8bdd86ab9418,2025-09-22,2025-10-02,10
21e319da-1c1d-5739-9695-ff7628515977,e8aeb018-f679-5670-b210-de4f62ff2111,c6617891-56ff-5690-89a4-1ece06685ff5,87b859e0-789a-56e6-b1ba-4fe76221d3bf,2025-09-22,2025-10-02,10
5ec02b8a-5f71-5812-bd8a-16dcf5c1a037,e8aeb018-f679-5670-b210-de4f62ff2111,ab4a547f-e75d-5601-8171-00da4efa4b57,22231140-3780-5fe8-a7d4-d33f61d15111,2025-09-25,2025-10-02,7
2c3c7784-baf6-5168-b092-f4d1f95d2354,e8aeb018-f679-5670-b210-de4f62ff2111,a6f6d890-1609-53fc-b4a6-5733ccc9d078,0ec23038-d3ab-588c-bbd6-1f5c744cdde1,2025-09-18,2025-10-02,14
7a3df8f5-287e-5c23-b38d-cb1ca441afd1,e8aeb018-f679-5670-b210-de4f62ff2111,a6f6d890-1609-53fc-b4a6-5733ccc9d078,9928e9a1-d9fc-5fdd-86c2-8909352fd7fe,2025-09-19,2025-10-03,14
9f086849-d880-56b4-8a77-66a8b1293a99,e8aeb018-f679-5670-b210-de4f62ff2111,ab4a547f-e75d-5601-8171-00da4efa4b57,97d26d91-c562-5f27-9ebd-285e89c8f4bf,2025-09-26,2025-10-03,7
f2bb24d5-2530-5451-9bee-e5b64eb660ae,e8aeb018-f679-5670-b210-de4f62ff2111,c6617891-56ff-5690-89a4-1ece06685ff5,d9506935-1215-5499-93c0-8bdd86ab9418,2025-09-23,2025-10-03,10
e8d47a8e-5f9d-5a76-bb9e-a63865581021,e8aeb018-f679-5670-b210-de4f62ff2111,ab4a547f-e75d-5601-8171-00da4efa4b57,07371b94-955f-52a4-9bf9-f0a6ad2b4fa8,2025-09-26,2025-10-03,7
c5d13952-a451-5e82-bce2-a7fd8e88a5ee,e8aeb018-f679-5670-b210-de4f62ff2111,76d6c9f4-5d7d-53c0-bb1f-2a577383765a,c0cf5e5c-b5c9-585a-8e79-d9830bc954f6,2025-09-30,2025-10-03,3
8fa521ce-db24-5e13-91c1-35980f1314a1,e8aeb018-f679-5670-b210-de4f62ff2111,a6f6d890-1609-53fc-b4a6-5733ccc9d078,9928e9a1-d9fc-5fdd-86c2-8909352fd7fe,2025-09-20,2025-10-04,14
b24e8fa5-7e61-5147-a227-9c36031aba0f,e8aeb018-f679-5670-b210-de4f62ff2111,c6617891-56ff-5690-89a4-1ece06685ff5,058c6382-bde2-59d1-93ff-20c6161a4736,2025-09-24,2025-10-04,10
d6b51f41-da95-5ba0-8823-331cebeb938c,e8aeb018-f679-5670-b210-de4f62ff2111,41cb90d0-d91a-57c2-b138-831be351479f,d2f08f15-f9f2-5f65-a740-b05896774467,2025-09-29,2025-10-04,5
7a29b8dc-761e-5c23-a584-6162c84be485,e8aeb018-f679-5670-b210-de4f62ff2111,41cb90d0-d91a-57c2-b138-831be351479f,2933d8b7-2438-521b-b38d-d3a5224f87fc,2025-09-29,2025-10-04,5
5e55772b-3689-5778-baea-553c9982a900,e8aeb018-f679-5670-b210-de4f62ff2111,a6f6d890-1609-53fc-b4a6-5733ccc9d078,9928e9a1-d9fc-5fdd-86c2-8909352fd7fe,2025-09-20,2025-10-04,14
6affa633-e748-584a-96dc-d8f1fca1003b,e8aeb018-f679-5670-b210-de4f62ff2111,c6617891-56ff-5690-89a4-1ece06685ff5,1ca3438e-9e23-58f0-a35f-f15f7a23beb9,2025-09-24,2025-10-04,10
07b26ba9-fc19-527c-8a4d-d386bcf3fce5,e8aeb018-f679-5670-b210-de4f62ff2111,41cb90d0-d91a-57c2-b138-831be351479f,6baabed2-52d7-5cb7-bf74-86c7cb3e4f07,2025-09-30,2025-10-05,5
84e255dd-cee4-575e-bc10-e8254306cfed,e8aeb018-f679-5670-b210-de4f62ff2111,41cb90d0-d91a-57c2-b138-831be351479f,6baabed2-52d7-5cb7-bf74-86c7cb3e4f07,2025-10-01,2025-10-06,5
6220fff7-babb-58cc-adc8-5cf99569b97d,e8aeb018-f679-5670-b210-de4f62ff2111,a6f6d890-1609-53fc-b4a6-5733ccc9d078,4d9429b6-2ebf-5b5d-ac48-f779d5a1e270,2025-09-23,2025-10-07,14
57e17e0b-5c5b-5986-8383-db77dcb070e8,e8aeb018-f679-5670-b210-de4f62ff2111,ab4a547f-e75d-5601-8171-00da4efa4b57,07371b94-955f-52a4-9bf9-f0a6ad2b4fa8,2025-10-01,2025-10-08,7
47cd7d81-e10d-581e-b7b5-10f409079079,e8aeb018-f679-5670-b210-de4f62ff2111,41cb90d0-d91a-57c2-b138-831be351479f,2933d8b7-2438-521b-b38d-d3a5224f87fc,2025-10-03,2025-10-08,5
37efd496-e1e4-5c71-9dae-14c0a49e7ecd,e8aeb018-f679-5670-b210-de4f62ff2111,ab4a547f-e75d-5601-8171-00da4efa4b57,012857cc-907f-5e7d-b8fb-796d2c9f1621,2025-10-01,2025-10-08,7
519cd5eb-6803-54a1-ba58-8b4f3c05ca4a,e8aeb018-f679-5670-b210-de4f62ff2111,ab4a547f-e75d-5601-8171-00da4efa4b57,97d26d91-c562-5f27-9ebd-285e89c8f4bf,2025-10-01,2025-10-08,7
2789b4d9-7805-52cc-85c4-6edcd2499625,e8aeb018-f679-5670-b210-de4f62ff2111,c6617891-56ff-5690-89a4-1ece06685ff5,042e2e80-f954-5df4-97be-29dd428cc598,2025-09-29,2025-10-09,10
1f448011-a350-5aa5-9ca6-7b9c4c0c69e6,e8aeb018-f679-5670-b210-de4f62ff2111,41cb90d0-d91a-57c2-b138-831be351479f,d2f08f15-f9f2-5f65-a740-b05896774467,2025-10-04,2025-10-09,5
c4c04ccf-3538-56b7-9b96-9373c05ce7b3,e8aeb018-f679-5670-b210-de4f62ff2111,76d6c9f4-5d7d-53c0-bb1f-2a577383765a,5bbfdec8-65ae-59e6-b211-5eccb5b765fa,2025-10-06,2025-10-09,3
8c0f5b89-2d6e-5a69-b21a-780db89b47c2,e8aeb018-f679-5670-b210-de4f62ff2111,c6617891-56ff-5690-89a4-1ece06685ff5,2eb3a104-e572-583a-afa0-156ee0dc4cce,2025-09-29,2025-10-09,10
6d492ba1-8225-5403-9e85-1b37b606a782,e8aeb018-f679-5670-b210-de4f62ff2111,76d6c9f4-5d7d-53c0-bb1f-2a577383765a,d0ae6d2d-e561-56b3-a2c1-113c1c56ae81,2025-10-06,2025-10-09,3
6f7b59dd-de69-536e-94c1-a4ce262997b6,e8aeb018-f679-5670-b210-de4f62ff2111,76d6c9f4-5d7d-53c0-bb1f-2a577383765a,2082733c-4e17-51fe-bc8c-bf33d3ec5d7e,2025-10-07,2025-10-10,3
278d4d19-b71f-5e54-9100-b5f23c394616,e8aeb018-f679-5670-b210-de4f62ff2111,76d6c9f4-5d7d-53c0-bb1f-2a577383765a,d3961f5a-3ea7-53d3-89f4-78b65b0c0c6b,2025-10-07,2025-10-10,3
eea80f42-2609-5560-9c10-812d35534b64,e8aeb018-f679-5670-b210-de4f62ff2111,a6f6d890-1609-53fc-b4a6-5733ccc9d078,1e9605fd-5682-52b6-8f05-e8a92dd44513,2025-09-26,2025-10-10,14
983f0d3f-a666-508e-a17b-9850af8b6a13,e8aeb018-f679-5670-b210-de4f62ff2111,41cb90d0-d91a-57c2-b138-831be351479f,82cd11ba-d1a0-58b1-b14f-edd741f36e87,2025-10-06,2025-10-11,5
93d804d2-02f2-5355-a6d3-4952422c6bbf,e8aeb018-f679-5670-b210-de4f62ff2111,c6617891-56ff-5690-89a4-1ece06685ff5,1ca3438e-9e23-58f0-a35f-f15f7a23beb9,2025-10-01,2025-10-11,10
e1e046d7-73aa-56f5-ab27-47ec97f7150d,e8aeb018-f679-5670-b210-de4f62ff2111,76d6c9f4-5d7d-53c0-bb1f-2a577383765a,5bbfdec8-65ae-59e6-b211-5eccb5b765fa,2025-10-08,2025-10-11,3
0afd425f-1d77-5ae2-ad82-bcc4e1150135,e8aeb018-f679-5670-b210-de4f62ff2111,ab4a547f-e75d-5601-8171-00da4efa4b57,22231140-3780-5fe8-a7d4-d33f61d15111,2025-10-04,2025-10-11,7
0260df31-9b6c-542f-a42d-68a2f2108c4b,e8aeb018-f679-5670-b210-de4f62ff2111,41cb90d0-d91a-57c2-b138-831be351479f,82cd11ba-d1a0-58b1-b14f-edd741f36e87,2025-10-06,2025-10-11,5
e7652afa-8908-51f8-b021-5043436cc16e,e8aeb018-f679-5670-b210-de4f62ff2111,a6f6d890-1609-53fc-b4a6-5733ccc9d078,4d9429b6-2ebf-5b5d-ac48-f779d5a1e270,2025-09-27,2025-10-11,14
767de572-c45a-5fc7-885b-c0e38886daa2,e8aeb018-f679-5670-b210-de4f62ff2111,41cb90d0-d91a-57c2-b138-831be351479f,d2f08f15-f9f2-5f65-a740-b05896774467,2025-10-06,2025-10-11,5
39cceced-14ac-5bc1-8a9a-d682f7026a00,e8aeb018-f679-5670-b210-de4f62ff2111,c6617891-56ff-5690-89a4-1ece06685ff5,042e2e80-f954-5df4-97be-29dd428cc598,2025-10-02,2025-10-12,10
dc195565-d871-5240-af75-8d9726e67ba8,e8aeb018-f679-5670-b210-de4f62ff2111,76d6c9f4-5d7d-53c0-bb1f-2a577383765a,d0ae6d2d-e561-56b3-a2c1-113c1c56ae81,2025-10-09,2025-10-12,3
a55c85f7-5604-5a6c-8cc4-a9679e1223b0,e8aeb018-f679-5670-b210-de4f62ff2111,c6617891-56ff-5690-89a4-1ece06685ff5,87b859e0-789a-56e6-b1ba-4fe76221d3bf,2025-10-02,2025-10-12,10
dc1ce34b-979a-5eac-945c-62a542a13999,e8aeb018-f679-5670-b210-de4f62ff2111,c6617891-56ff-5690-89a4-1ece06685ff5,d9506935-1215-5499-93c0-8bdd86ab9418,2025-10-02,2025-10-12,10
a1049a6b-6a67-56c2-87f1-699687b3fe04,e8aeb018-f679-5670-b210-de4f62ff2111,a6f6d890-1609-53fc-b4a6-5733ccc9d078,4d9429b6-2ebf-5b5d-ac48-f779d5a1e270,2025-09-29,2025-10-13,14
b277f1f9-31a1-550f-8009-687250816565,e8aeb018-f679-5670-b210-de4f62ff2111,ab4a547f-e75d-5601-8171-00da4efa4b57,6d807393-f4ab-5f76-b544-251eeda27ba3,2025-10-07,2025-10-14,7
02be2830-02eb-5b75-a685-a737e5137e6c,e8aeb018-f679-5670-b210-de4f62ff2111,a6f6d890-1609-53fc-b4a6-5733ccc9d078,afe9d181-1c64-5cca-b4b7-a9fa24eceeea,2025-09-30,2025-10-14,14
03cf52c9-efca-5bcb-98b4-318116437442,e8aeb018-f679-5670-b210-de4f62ff2111,76d6c9f4-5d7d-53c0-bb1f-2a577383765a,d0ae6d2d-e561-56b3-a2c1-113c1c56ae81,2025-10-11,2025-10-14,3
64fe4d86-979f-52b2-85bc-d23a20d7e242,e8aeb018-f679-5670-b210-de4f62ff2111,41cb90d0-d91a-57c2-b138-831be351479f,2897aac2-f219-5167-b800-73fac27f6b85,2025-10-09,2025-10-14,5
7af0ae7d-acf6-50bb-b80d-7f52eff1fa07,e8aeb018-f679-5670-b210-de4f62ff2111,76d6c9f4-5d7d-53c0-bb1f-2a577383765a,c0cf5e5c-b5c9-585a-8e79-d9830bc954f6,2025-10-11,2025-10-14,3
a1e54701-4d98-594d-8f88-2ba38007a758,e8aeb018-f679-5670-b210-de4f62ff2111,c6617891-56ff-5690-89a4-1ece06685ff5,87b859e0-789a-56e6-b1ba-4fe76221d3bf,2025-10-04,2025-10-14,10
dda21090-1245-5f48-b076-7836bab18b89,e8aeb018-f679-5670-b210-de4f62ff2111,ab4a547f-e75d-5601-8171-00da4efa4b57,07371b94-955f-52a4-9bf9-f0a6ad2b4fa8,2025-10-07,2025-10-14,7
19c29197-eee1-5421-9ddb-e168b3289865,e8aeb018-f679-5670-b210-de4f62ff2111,ab4a547f-e75d-5601-8171-00da4efa4b57,07371b94-955f-52a4-9bf9-f0a6ad2b4fa8,2025-10-07,2025-10-14,7
20c16bfb-ba38-5ccf-bd11-f8066689f3c5,e8aeb018-f679-5670-b210-de4f62ff2111,a6f6d890-1609-53fc-b4a6-5733ccc9d078,1e9605fd-5682-52b6-8f05-e8a92dd44513,2025-09-30,2025-10-14,14
8df04a1f-a7c1-5500-bde6-01a502883b89,e8aeb018-f679-5670-b210-de4f62ff2111,a6f6d890-1609-53fc-b4a6-5733ccc9d078,983871db-adfb-543e-b438-6b00044ffb64,2025-10-01,2025-10-15,14
1e8e3301-76bf-50d7-b458-ed2d2d401f8a,e8aeb018-f679-5670-b210-de4f62ff2111,ab4a547f-e75d-5601-8171-00da4efa4b57,6d807393-f4ab-5f76-b544-251eeda27ba3,2025-10-08,2025-10-15,7
5770aacf-92aa-536f-a255-e4c592168370,e8aeb018-f679-5670-b210-de4f62ff2111,41cb90d0-d91a-57c2-b138-831be351479f,2897aac2-f219-5167-b800-73fac27f6b85,2025-10-10,2025-10-15,5
ce5c89b9-a97a-5b18-89fd-6cda22e71e14,e8aeb018-f679-5670-b210-de4f62ff2111,ab4a547f-e75d-5601-8171-00da4efa4b57,012857cc-907f-5e7d-b8fb-796d2c9f1621,2025-10-08,2025-10-15,7
0a49afc4-831c-50d9-b666-b25f2c14462b,e8aeb018-f679-5670-b210-de4f62ff2111,76d6c9f4-5d7d-53c0-bb1f-2a577383765a,c0cf5e5c-b5c9-585a-8e79-d9830bc954f6,2025-10-13,2025-10-16,3
0d06843d-8e3e-57f2-8996-2a35b2862d80,e8aeb018-f679-5670-b210-de4f62ff2111,76d6c9f4-5d7d-53c0-bb1f-2a577383765a,d3961f5a-3ea7-53d3-89f4-78b65b0c0c6b,2025-10-13,2025-10-16,3
63326662-c077-5019-9495-d3b2ee5901b8,e8aeb018-f679-5670-b210-de4f62ff2111,c6617891-56ff-5690-89a4-1ece06685ff5,058c6382-bde2-59d1-93ff-20c6161a4736,2025-10-06,2025-10-16,10
2f711713-742c-59ee-9066-a823361a09d9,e8aeb018-f679-5670-b210-de4f62ff2111,41cb90d0-d91a-57c2-b138-831be351479f,38adf7ba-476e-5e6b-9163-781a13538253,2025-10-11,2025-10-16,5
c353ae6c-9dda-5f49-9a0a-4fa535acfb82,e8aeb018-f679-5670-b210-de4f62ff2111,76d6c9f4-5d7d-53c0-bb1f-2a577383765a,2082733c-4e17-51fe-bc8c-bf33d3ec5d7e,2025-10-13,2025-10-16,3
4cc0c832-e65a-5368-beaa-867d0215b27a,e8aeb018-f679-5670-b210-de4f62ff2111,76d6c9f4-5d7d-53c0-bb1f-2a577383765a,2082733c-4e17-51fe-bc8c-bf33d3ec5d7e,2025-10-13,2025-10-16,3
4e8e7f70-c94f-5365-8e4f-454ee744284d,e8aeb018-f679-5670-b210-de4f62ff2111,c6617891-56ff-5690-89a4-1ece06685ff5,058c6382-bde2-59d1-93ff-20c6161a4736,2025-10-07,2025-10-17,10
8da5e8f1-a280-5459-885c-82e1adc838fd,e8aeb018-f679-5670-b210-de4f62ff2111,ab4a547f-e75d-5601-8171-00da4efa4b57,012857cc-907f-5e7d-b8fb-796d2c9f1621,2025-10-10,2025-10-17,7
4aa51c0a-00b1-58d6-b19e-8f417a25f9aa,e8aeb018-f679-5670-b210-de4f62ff2111,76d6c9f4-5d7d-53c0-bb1f-2a577383765a,d0ae6d2d-e561-56b3-a2c1-113c1c56ae81,2025-10-14,2025-10-17,3
9f5865bf-852c-5034-9d4e-f854b97806d8,e8aeb018-f679-5670-b210-de4f62ff2111,c6617891-56ff-5690-89a4-1ece06685ff5,1ca3438e-9e23-58f0-a35f-f15f7a23beb9,2025-10-07,2025-10-17,10
54dd7cd2-e26b-5b33-b6c4-8584101151e8,e8aeb018-f679-5670-b210-de4f62ff2111,ab4a547f-e75d-5601-8171-00da4efa4b57,22231140-3780-5fe8-a7d4-d33f61d15111,2025-10-10,2025-10-17,7
e36a0c87-d460-51c6-8882-8eabab43b2a0,e8aeb018-f679-5670-b210-de4f62ff2111,a6f6d890-1609-53fc-b4a6-5733ccc9d078,1e9605fd-5682-52b6-8f05-e8a92dd44513,2025-10-03,2025-10-17,14
1e8a9acb-f65f-5b36-a53c-c54cc662ef07,e8aeb018-f679-5670-b210-de4f62ff2111,a6f6d890-1609-53fc-b4a6-5733ccc9d078,983871db-adfb-543e-b438-6b00044ffb64,2025-10-04,2025-10-18,14
975fda08-5cee-5180-a343-949fe91adcde,e8aeb018-f679-5670-b210-de4f62ff2111,41cb90d0-d91a-57c2-b138-831be351479f,2897aac2-f219-5167-b800-73fac27f6b85,2025-10-14,2025-10-19,5
6e9a1adf-27e4-5b57-9b7d-9df59b981bc8,e8aeb018-f679-5670-b210-de4f62ff2111,41cb90d0-d91a-57c2-b138-831be351479f,38adf7ba-476e-5e6b-9163-781a13538253,2025-10-15,2025-10-20,5
00f980f1-da15-5b70-b7be-23a37f010455,e8aeb018-f679-5670-b210-de4f62ff2111,c6617891-56ff-5690-89a4-1ece06685ff5,87b859e0-789a-56e6-b1ba-4fe76221d3bf,2025-10-10,2025-10-20,10
ac8dde6a-c36a-5052-a19e-86002310e1a1,e8aeb018-f679-5670-b210-de4f62ff2111,76d6c9f4-5d7d-53c0-bb1f-2a577383765a,d3961f5a-3ea7-53d3-89f4-78b65b0c0c6b,2025-10-17,2025-10-20,3
eb2d0df9-166f-5f9a-a351-f1c1a6876a12,e8aeb018-f679-5670-b210-de4f62ff2111,a6f6d890-1609-53fc-b4a6-5733ccc9d078,0ec23038-d3ab-588c-bbd6-1f5c744cdde1,2025-10-06,2025-10-20,14
c817219a-344a-5afe-aab7-d5802e0f661d,e8aeb018-f679-5670-b210-de4f62ff2111,76d6c9f4-5d7d-53c0-bb1f-2a577383765a,cd81184b-b6f1-563c-b463-36a69ddfb598,2025-10-17,2025-10-20,3
6e1e779d-51ef-5547-92a4-b706871b8bf4,e8aeb018-f679-5670-b210-de4f62ff2111,ab4a547f-e75d-5601-8171-00da4efa4b57,97d26d91-c562-5f27-9ebd-285e89c8f4bf,2025-10-14,2025-10-21,7
4b3e9a3c-ca42-59f3-8760-5b4fa6ee0f48,e8aeb018-f679-5670-b210-de4f62ff2111,ab4a547f-e75d-5601-8171-00da4efa4b57,97d26d91-c562-5f27-9ebd-285e89c8f4bf,2025-10-14,2025-10-21,7
97757cae-16bb-52c5-9f22-b04b80baf837,e8aeb018-f679-5670-b210-de4f62ff2111,76d6c9f4-5d7d-53c0-bb1f-2a577383765a,5bbfdec8-65ae-59e6-b211-5eccb5b765fa,2025-10-18,2025-10-21,3
d96d32ed-d965-5431-9775-31453e2eaa31,e8aeb018-f679-5670-b210-de4f62ff2111,41cb90d0-d91a-57c2-b138-831be351479f,d2f08f15-f9f2-5f65-a740-b05896774467,2025-10-17,2025-10-22,5
3d0035d7-b5b6-5390-a340-a39338da8a87,e8aeb018-f679-5670-b210-de4f62ff2111,41cb90d0-d91a-57c2-b138-831be351479f,2933d8b7-2438-521b-b38d-d3a5224f87fc,2025-10-17,2025-10-22,5
2cadd021-4554-51e3-9fd1-7b9174b9598f,e8aeb018-f679-5670-b210-de4f62ff2111,76d6c9f4-5d7d-53c0-bb1f-2a577383765a,d3961f5a-3ea7-53d3-89f4-78b65b0c0c6b,2025-10-20,2025-10-23,3
2a79f1ab-05c5-591d-b49e-d700c5bd5081,e8aeb018-f679-5670-b210-de4f62ff2111,41cb90d0-d91a-57c2-b138-831be351479f,82cd11ba-d1a0-58b1-b14f-edd741f36e87,2025-10-18,2025-10-23,5
a69ce3f6-1cc2-52be-b697-6c3c1c4a8c6b,e8aeb018-f679-5670-b210-de4f62ff2111,c6617891-56ff-5690-89a4-1ece06685ff5,87b859e0-789a-56e6-b1ba-4fe76221d3bf,2025-10-13,2025-10-23,10
bb511dcc-47a3-53d2-a9e3-cac66df80dc0,e8aeb018-f679-5670-b210-de4f62ff2111,c6617891-56ff-5690-89a4-1ece06685ff5,1ca3438e-9e23-58f0-a35f-f15f7a23beb9,2025-10-13,2025-10-23,10
22ad6b90-a449-5c13-92ee-d6895e5b9bc7,e8aeb018-f679-5670-b210-de4f62ff2111,a6f6d890-1609-53fc-b4a6-5733ccc9d078,0ec23038-d3ab-588c-bbd6-1f5c744cdde1,2025-10-09,2025-10-23,14
c22b1096-f01a-54c7-816b-35460e187879,e8aeb018-f679-5670-b210-de4f62ff2111,41cb90d0-d91a-57c2-b138-831be351479f,6baabed2-52d7-5cb7-bf74-86c7cb3e4f07,2025-10-18,2025-10-23,5
1b8941df-2fe7-5430-b45b-6fd51ba548d5,e8aeb018-f679-5670-b210-de4f62ff2111,76d6c9f4-5d7d-53c0-bb1f-2a577383765a,d3961f5a-3ea7-53d3-89f4-78b65b0c0c6b,2025-10-20,2025-10-23,3
3ab4062c-41a5-5c49-9576-f29785138322,e8aeb018-f679-5670-b210-de4f62ff2111,76d6c9f4-5d7d-53c0-bb1f-2a577383765a,2082733c-4e17-51fe-bc8c-bf33d3ec5d7e,2025-10-22,2025-10-25,3
bde2d791-50b2-594c-8624-f0c1ef235d0a,e8aeb018-f679-5670-b210-de4f62ff2111,c6617891-56ff-5690-89a4-1ece06685ff5,2eb3a104-e572-583a-afa0-156ee0dc4cce,2025-10-15,2025-10-25,10
d5dd029f-1695-57fa-8f82-ddcfb0845507,e8aeb018-f679-5670-b210-de4f62ff2111,ab4a547f-e75d-5601-8171-00da4efa4b57,94e18241-54bd-5516-b36f-94ab6e323aca,2025-10-18,2025-10-25,7
47fc5083-3891-5f10-b258-b30f31155a5a,e8aeb018-f679-5670-b210-de4f62ff2111,a6f6d890-1609-53fc-b4a6-5733ccc9d078,afe9d181-1c64-5cca-b4b7-a9fa24eceeea,2025-10-11,2025-10-25,14
8861bc21-6207-5561-83f2-f3885d8ead19,e8aeb018-f679-5670-b210-de4f62ff2111,76d6c9f4-5d7d-53c0-bb1f-2a577383765a,d0ae6d2d-e561-56b3-a2c1-113c1c56ae81,2025-10-22,2025-10-25,3
da905b19-f38f-597d-9d7d-ff30cd2adf62,e8aeb018-f679-5670-b210-de4f62ff2111,c6617891-56ff-5690-89a4-1ece06685ff5,2eb3a104-e572-583a-afa0-156ee0dc4cce,2025-10-16,2025-10-26,10
3316703e-ead7-58c4-bf97-72113ef3963f,e8aeb018-f679-5670-b210-de4f62ff2111,41cb90d0-d91a-57c2-b138-831be351479f,2897aac2-f219-5167-b800-73fac27f6b85,2025-10-21,2025-10-26,5
65fb0ae0-a4d1-561e-9c5a-52257dcf4f3b,e8aeb018-f679-5670-b210-de4f62ff2111,c6617891-56ff-5690-89a4-1ece06685ff5,d9506935-1215-5499-93c0-8bdd86ab9418,2025-10-16,2025-10-26,10
36c34ea5-8cf0-5a6a-9556-054e392d5c19,e8aeb018-f679-5670-b210-de4f62ff2111,41cb90d0-d91a-57c2-b138-831be351479f,82cd11ba-d1a0-58b1-b14f-edd741f36e87,2025-10-21,2025-10-26,5
b2b62177-a8ee-5035-bb91-b7310e2c26bd,e8aeb018-f679-5670-b210-de4f62ff2111,c6617891-56ff-5690-89a4-1ece06685ff5,2eb3a104-e572-583a-afa0-156ee0dc4cce,2025-10-16,2025-10-26,10
5acf26be-24b4-5b95-a187-3822e51a46d2,e8aeb018-f679-5670-b210-de4f62ff2111,c6617891-56ff-5690-89a4-1ece06685ff5,1ca3438e-9e23-58f0-a35f-f15f7a23beb9,2025-10-16,2025-10-26,10
3af947c9-fdb7-5ca4-8802-ea505da08da5,e8aeb018-f679-5670-b210-de4f62ff2111,c6617891-56ff-5690-89a4-1ece06685ff5,042e2e80-f954-5df4-97be-29dd428cc598,2025-10-16,2025-10-26,10
766c235b-f819-507e-b952-3e7a9027bc88,e8aeb018-f679-5670-b210-de4f62ff2111,76d6c9f4-5d7d-53c0-bb1f-2a577383765a,cd81184b-b6f1-563c-b463-36a69ddfb598,2025-10-23,2025-10-26,3
9df8b3a2-84cc-5c48-b711-1794b0e34dd2,e8aeb018-f679-5670-b210-de4f62ff2111,76d6c9f4-5d7d-53c0-bb1f-2a577383765a,2082733c-4e17-51fe-bc8c-bf33d3ec5d7e,2025-10-24,2025-10-27,3
4f0056c6-a9fb-51db-b333-c1388dc21b70,e8aeb018-f679-5670-b210-de4f62ff2111,a6f6d890-1609-53fc-b4a6-5733ccc9d078,1e9605fd-5682-52b6-8f05-e8a92dd44513,2025-10-13,2025-10-27,14
7c495967-2234-5b6d-b296-b4e6c680dece,e8aeb018-f679-5670-b210-de4f62ff2111,41cb90d0-d91a-57c2-b138-831be351479f,38adf7ba-476e-5e6b-9163-781a13538253,2025-10-22,2025-10-27,5
53d2507e-b482-5e65-92ba-5574a493fb6d,e8aeb018-f679-5670-b210-de4f62ff2111,76d6c9f4-5d7d-53c0-bb1f-2a577383765a,c0cf5e5c-b5c9-585a-8e79-d9830bc954f6,2025-10-24,2025-10-27,3
eee0b8e5-7dc3-5fe5-aafe-cf3b17d45c1a,e8aeb018-f679-5670-b210-de4f62ff2111,76d6c9f4-5d7d-53c0-bb1f-2a577383765a,cd81184b-b6f1-563c-b463-36a69ddfb598,2025-10-25,2025-10-28,3
b126dc0e-2c91-569e-a4bf-2cb064d6b776,e8aeb018-f679-5670-b210-de4f62ff2111,41cb90d0-d91a-57c2-b138-831be351479f,6baabed2-52d7-5cb7-bf74-86c7cb3e4f07,2025-10-23,2025-10-28,5
93e2ce51-1427-56ef-a08e-c7ed6cca7af0,e8aeb018-f679-5670-b210-de4f62ff2111,ab4a547f-e75d-5601-8171-00da4efa4b57,07371b94-955f-52a4-9bf9-f0a6ad2b4fa8,2025-10-22,2025-10-29,7
3bd54db2-f567-5792-ac14-d606f2e41f02,e8aeb018-f679-5670-b210-de4f62ff2111,a6f6d890-1609-53fc-b4a6-5733ccc9d078,983871db-adfb-543e-b438-6b00044ffb64,2025-10-15,2025-10-29,14
d42609b2-c739-5472-9b4e-99a84698139c,e8aeb018-f679-5670-b210-de4f62ff2111,ab4a547f-e75d-5601-8171-00da4efa4b57,94e18241-54bd-5516-b36f-94ab6e323aca,2025-10-23,2025-10-30,7
bcddffeb-ac21-5711-a135-5634a2d9cb06,e8aeb018-f679-5670-b210-de4f62ff2111,76d6c9f4-5d7d-53c0-bb1f-2a577383765a,5bbfdec8-65ae-59e6-b211-5eccb5b765fa,2025-10-27,2025-10-30,3
9b90411e-fb3f-5784-9ebd-21a898c78cce,e8aeb018-f679-5670-b210-de4f62ff2111,ab4a547f-e75d-5601-8171-00da4efa4b57,6d807393-f4ab-5f76-b544-251eeda27ba3,2025-10-23,2025-10-30,7
f62ab843-f6f4-5f02-9816-c5ce1b15c5bb,e8aeb018-f679-5670-b210-de4f62ff2111,ab4a547f-e75d-5601-8171-00da4efa4b57,012857cc-907f-5e7d-b8fb-796d2c9f1621,2025-10-24,2025-10-31,7
e485781c-3af9-5dba-ad5b-e744733f3047,e8aeb018-f679-5670-b210-de4f62ff2111,76d6c9f4-5d7d-53c0-bb1f-2a577383765a,c0cf5e5c-b5c9-585a-8e79-d9830bc954f6,2025-10-28,2025-10-31,3
a44f690a-b864-54ed-ac43-45365f162843,e8aeb018-f679-5670-b210-de4f62ff2111,ab4a547f-e75d-5601-8171-00da4efa4b57,6d807393-f4ab-5f76-b544-251eeda27ba3,2025-10-24,2025-10-31,7
80d2b728-26a9-5c37-b22c-0d79fd0990a2,e8aeb018-f679-5670-b210-de4f62ff2111,a6f6d890-1609-53fc-b4a6-5733ccc9d078,9928e9a1-d9fc-5fdd-86c2-8909352fd7fe,2025-10-17,2025-10-31,14
b98a9ceb-54a0-563b-a705-2dcceec6e391,e8aeb018-f679-5670-b210-de4f62ff2111,ab4a547f-e75d-5601-8171-00da4efa4b57,22231140-3780-5fe8-a7d4-d33f61d15111,2025-10-24,2025-10-31,7
3504ea3a-d2f5-5d6d-bea7-6a1144b89771,e8aeb018-f679-5670-b210-de4f62ff2111,ab4a547f-e75d-5601-8171-00da4efa4b57,6d807393-f4ab-5f76-b544-251eeda27ba3,2025-10-25,2025-11-01,7
bf72e7b7-dce0-583e-a479-24871044fde2,e8aeb018-f679-5670-b210-de4f62ff2111,ab4a547f-e75d-5601-8171-00da4efa4b57,94e18241-54bd-5516-b36f-94ab6e323aca,2025-10-25,2025-11-01,7
ffad3456-fec9-5a2b-820f-28a96d5829ba,e8aeb018-f679-5670-b210-de4f62ff2111,41cb90d0-d91a-57c2-b138-831be351479f,2933d8b7-2438-521b-b38d-d3a5224f87fc,2025-10-28,2025-11-02,5
866f7485-c1e0-5993-b988-465213778753,e8aeb018-f679-5670-b210-de4f62ff2111,c6617891-56ff-5690-89a4-1ece06685ff5,058c6382-bde2-59d1-93ff-20c6161a4736,2025-10-23,2025-11-02,10
f4117543-79c4-59bb-9e89-43b7edaf1c0f,e8aeb018-f679-5670-b210-de4f62ff2111,41cb90d0-d91a-57c2-b138-831be351479f,6baabed2-52d7-5cb7-bf74-86c7cb3e4f07,2025-10-28,2025-11-02,5
bde771ca-301a-5328-b848-71fcc4131c59,e8aeb018-f679-5670-b210-de4f62ff2111,41cb90d0-d91a-57c2-b138-831be351479f,2933d8b7-2438-521b-b38d-d3a5224f87fc,2025-10-28,2025-11-02,5
98531783-cbb9-512d-8b26-becf0213f0fd,e8aeb018-f679-5670-b210-de4f62ff2111,ab4a547f-e75d-5601-8171-00da4efa4b57,22231140-3780-5fe8-a7d4-d33f61d15111,2025-10-27,2025-11-03,7
4f41d65f-3cb3-57cf-8ded-090e17b5fa29,e8aeb018-f679-5670-b210-de4f62ff2111,ab4a547f-e75d-5601-8171-00da4efa4b57,97d26d91-c562-5f27-9ebd-285e89c8f4bf,2025-10-27,2025-11-03,7
439d4ea0-f9ad-5d59-8474-32236383294a,e8aeb018-f679-5670-b210-de4f62ff2111,c6617891-56ff-5690-89a4-1ece06685ff5,2eb3a104-e572-583a-afa0-156ee0dc4cce,2025-10-24,2025-11-03,10
cd46a952-7819-59bf-a3be-e93075a349ab,e8aeb018-f679-5670-b210-de4f62ff2111,76d6c9f4-5d7d-53c0-bb1f-2a577383765a,cd81184b-b6f1-563c-b463-36a69ddfb598,2025-10-31,2025-11-03,3
48a65bf3-285b-541e-ae8a-55e1fc156e78,e8aeb018-f679-5670-b210-de4f62ff2111,ab4a547f-e75d-5601-8171-00da4efa4b57,07371b94-955f-52a4-9bf9-f0a6ad2b4fa8,2025-10-28,2025-11-04,7
0fa0ba44-3b32-53d8-8fc9-8d9198497c9c,e8aeb018-f679-5670-b210-de4f62ff2111,41cb90d0-d91a-57c2-b138-831be351479f,38adf7ba-476e-5e6b-9163-781a13538253,2025-10-30,2025-11-04,5
bf03fb97-7cf0-55da-96f3-0d82ff39da95,e8aeb018-f679-5670-b210-de4f62ff2111,a6f6d890-1609-53fc-b4a6-5733ccc9d078,983871db-adfb-543e-b438-6b00044ffb64,2025-10-21,2025-11-04,14
6b755a7a-41a1-5453-ad8a-96abf400d52a,e8aeb018-f679-5670-b210-de4f62ff2111,ab4a547f-e75d-5601-8171-00da4efa4b57,07371b94-955f-52a4-9bf9-f0a6ad2b4fa8,2025-10-28,2025-11-04,7
4aadcfce-c68a-5bf7-8e9e-2391905aeaec,e8aeb018-f679-5670-b210-de4f62ff2111,41cb90d0-d91a-57c2-b138-831be351479f,38adf7ba-476e-5e6b-9163-781a13538253,2025-10-30,2025-11-04,5
0bba6fdd-c1c4-5a1f-aa28-fbb16a65895a,e8aeb018-f679-5670-b210-de4f62ff2111,a6f6d890-1609-53fc-b4a6-5733ccc9d078,4d9429b6-2ebf-5b5d-ac48-f779d5a1e270,2025-10-22,2025-11-05,14
6481f2f9-8b8b-53cc-9fc3-ed541bb0569f,e8aeb018-f679-5670-b210-de4f62ff2111,a6f6d890-1609-53fc-b4a6-5733ccc9d078,983871db-adfb-543e-b438-6b00044ffb64,2025-10-22,2025-11-05,14
4d5f2e6e-e857-5bd2-b299-c218dfc6c1a2,e8aeb018-f679-5670-b210-de4f62ff2111,ab4a547f-e75d-5601-8171-00da4efa4b57,94e18241-54bd-5516-b36f-94ab6e323aca,2025-10-29,2025-11-05,7
c3201500-5b70-53b8-9243-9e2c0ba46b03,e8aeb018-f679-5670-b210-de4f62ff2111,c6617891-56ff-5690-89a4-1ece06685ff5,d9506935-1215-5499-93c0-8bdd86ab9418,2025-10-27,2025-11-06,10
87aaa3de-f9c1-5a2d-b33c-0e493392de58,e8aeb018-f679-5670-b210-de4f62ff2111,a6f6d890-1609-53fc-b4a6-5733ccc9d078,1e9605fd-5682-52b6-8f05-e8a92dd44513,2025-10-23,2025-11-06,14
3746200a-861e-55ae-9cbc-b47dd314ae4f,e8aeb018-f679-5670-b210-de4f62ff2111,c6617891-56ff-5690-89a4-1ece06685ff5,042e2e80-f954-5df4-97be-29dd428cc598,2025-10-27,2025-11-06,10
cbf53abb-25e3-50ab-9334-b912c9aba414,e8aeb018-f679-5670-b210-de4f62ff2111,a6f6d890-1609-53fc-b4a6-5733ccc9d078,4d9429b6-2ebf-5b5d-ac48-f779d5a1e270,2025-10-23,2025-11-06,14
127f61ac-727c-56e3-9021-1580706c924e,e8aeb018-f679-5670-b210-de4f62ff2111,ab4a547f-e75d-5601-8171-00da4efa4b57,97d26d91-c562-5f27-9ebd-285e89c8f4bf,2025-10-30,2025-11-06,7
f64bf426-ff6c-5d8a-985d-36efa23edb2a,e8aeb018-f679-5670-b210-de4f62ff2111,a6f6d890-1609-53fc-b4a6-5733ccc9d078,afe9d181-1c64-5cca-b4b7-a9fa24eceeea,2025-10-23,2025-11-06,14
8c392af8-a712-52c6-9356-ed3861c05d98,e8aeb018-f679-5670-b210-de4f62ff2111,c6617891-56ff-5690-89a4-1ece06685ff5,042e2e80-f954-5df4-97be-29dd428cc598,2025-10-28,2025-11-07,10
5fc82f1f-2b87-52d7-9cc6-53e3ed7e960f,e8aeb018-f679-5670-b210-de4f62ff2111,a6f6d890-1609-53fc-b4a6-5733ccc9d078,9928e9a1-d9fc-5fdd-86c2-8909352fd7fe,2025-10-24,2025-11-07,14
a8e59896-ff2a-56c2-90e7-b066290f2ab5,e8aeb018-f679-5670-b210-de4f62ff2111,ab4a547f-e75d-5601-8171-00da4efa4b57,94e18241-54bd-5516-b36f-94ab6e323aca,2025-10-31,2025-11-07,7
6e044252-fefb-5cb9-927a-7fac49124173,e8aeb018-f679-5670-b210-de4f62ff2111,a6f6d890-1609-53fc-b4a6-5733ccc9d078,0ec23038-d3ab-588c-bbd6-1f5c744cdde1,2025-10-24,2025-11-07,14
5b3260dd-0fde-5f22-858b-73280a5a3973,e8aeb018-f679-5670-b210-de4f62ff2111,c6617891-56ff-5690-89a4-1ece06685ff5,042e2e80-f954-5df4-97be-29dd428cc598,2025-10-28,2025-11-07,10
cf450c2c-34f4-53a8-a0bc-370539dd1d9d,e8aeb018-f679-5670-b210-de4f62ff2111,a6f6d890-1609-53fc-b4a6-5733ccc9d078,afe9d181-1c64-5cca-b4b7-a9fa24eceeea,2025-10-24,2025-11-07,14
ed90c418-6537-5243-9f24-f936f37ee063,e8aeb018-f679-5670-b210-de4f62ff2111,ab4a547f-e75d-5601-8171-00da4efa4b57,22231140-3780-5fe8-a7d4-d33f61d15111,2025-10-31,2025-11-07,7
93670bb3-a039-5ac8-a732-a0dab287e820,e8aeb018-f679-5670-b210-de4f62ff2111,41cb90d0-d91a-57c2-b138-831be351479f,82cd11ba-d1a0-58b1-b14f-edd741f36e87,2025-11-03,2025-11-08,5
1d369ac9-b0e2-5518-ae20-ea5eb7c94ed5,e8aeb018-f679-5670-b210-de4f62ff2111,41cb90d0-d91a-57c2-b138-831be351479f,6baabed2-52d7-5cb7-bf74-86c7cb3e4f07,2025-11-03,2025-11-08,5
237b2fa3-70df-5204-ae25-eda97f1e7c70,e8aeb018-f679-5670-b210-de4f62ff2111,76d6c9f4-5d7d-53c0-bb1f-2a577383765a,cd81184b-b6f1-563c-b463-36a69ddfb598,2025-11-05,2025-11-08,3
ee4e0c4f-f1bf-5e2b-8baa-df87edde0a14,e8aeb018-f679-5670-b210-de4f62ff2111,41cb90d0-d91a-57c2-b138-831be351479f,2933d8b7-2438-521b-b38d-d3a5224f87fc,2025-11-03,2025-11-08,5
66ecee33-e2a2-5d1a-be48-442edf8bf99f,e8aeb018-f679-5670-b210-de4f62ff2111,41cb90d0-d91a-57c2-b138-831be351479f,d2f08f15-f9f2-5f65-a740-b05896774467,2025-11-03,2025-11-08,5
f592d99f-5198-5f6a-b294-98a58e0b7a80,e8aeb018-f679-5670-b210-de4f62ff2111,c6617891-56ff-5690-89a4-1ece06685ff5,d9506935-1215-5499-93c0-8bdd86ab9418,2025-10-30,2025-11-09,10
0456bc70-6ed1-5093-bc78-412120d2004c,e8aeb018-f679-5670-b210-de4f62ff2111,c6617891-56ff-5690-89a4-1ece06685ff5,058c6382-bde2-59d1-93ff-20c6161a4736,2025-10-30,2025-11-09,10
a4a2aeba-753d-5da9-a5c2-03449b95ed06,e8aeb018-f679-5670-b210-de4f62ff2111,76d6c9f4-5d7d-53c0-bb1f-2a577383765a,d3961f5a-3ea7-53d3-89f4-78b65b0c0c6b,2025-11-07,2025-11-10,3
3506a407-5901-540a-b789-9883c7e2368c,e8aeb018-f679-5670-b210-de4f62ff2111,76d6c9f4-5d7d-53c0-bb1f-2a577383765a,c0cf5e5c-b5c9-585a-8e79-d9830bc954f6,2025-11-07,2025-11-10,3
81198ccf-a775-56a6-b6f6-4ea58fdfb0ab,e8aeb018-f679-5670-b210-de4f62ff2111,c6617891-56ff-5690-89a4-1ece06685ff5,d9506935-1215-5499-93c0-8bdd86ab9418,2025-10-31,2025-11-10,10
03a238f6-6c83-50a5-a058-ada3c7e673e5,e8aeb018-f679-5670-b210-de4f62ff2111,a6f6d890-1609-53fc-b4a6-5733ccc9d078,afe9d181-1c64-5cca-b4b7-a9fa24eceeea,2025-10-27,2025-11-10,14
a23b725f-f7fd-53d8-8c59-bbe14e88e4f1,e8aeb018-f679-5670-b210-de4f62ff2111,ab4a547f-e75d-5601-8171-00da4efa4b57,012857cc-907f-5e7d-b8fb-796d2c9f1621,2025-11-03,2025-11-10,7
d3f98d03-8ab2-5e9a-847d-e7a368dbd9fa,e8aeb018-f679-5670-b210-de4f62ff2111,ab4a547f-e75d-5601-8171-00da4efa4b57,6d807393-f4ab-5f76-b544-251eeda27ba3,2025-11-04,2025-11-11,7
fee0640c-470d-5c44-8fd8-db633c6b0439,e8aeb018-f679-5670-b210-de4f62ff2111,41cb90d0-d91a-57c2-b138-831be351479f,2933d8b7-2438-521b-b38d-d3a5224f87fc,2025-11-06,2025-11-11,5
677432cd-0312-54cb-a50f-b692e724fd4e,e8aeb018-f679-5670-b210-de4f62ff2111,76d6c9f4-5d7d-53c0-bb1f-2a577383765a,5bbfdec8-65ae-59e6-b211-5eccb5b765fa,2025-11-08,2025-11-11,3
47f7c01b-d6bd-5f16-a003-a952df5970ec,e8aeb018-f679-5670-b210-de4f62ff2111,41cb90d0-d91a-57c2-b138-831be351479f,38adf7ba-476e-5e6b-9163-781a13538253,2025-11-07,2025-11-12,5
ed8df9d2-8bd8-5435-b1df-4220d398bc93,e8aeb018-f679-5670-b210-de4f62ff2111,41cb90d0-d91a-57c2-b138-831be351479f,82cd11ba-d1a0-58b1-b14f-edd741f36e87,2025-11-07,2025-11-12,5
22c6e610-b155-5611-b1ac-bea202ddd63c,e8aeb018-f679-5670-b210-de4f62ff2111,41cb90d0-d91a-57c2-b138-831be351479f,d2f08f15-f9f2-5f65-a740-b05896774467,2025-11-07,2025-11-12,5
bfeb3154-ea3a-5ad2-869f-a3cc163b2837,e8aeb018-f679-5670-b210-de4f62ff2111,a6f6d890-1609-53fc-b4a6-5733ccc9d078,0ec23038-d3ab-588c-bbd6-1f5c744cdde1,2025-10-29,2025-11-12,14
9fa6b3b8-ea88-5e08-a8d3-940547682646,e8aeb018-f679-5670-b210-de4f62ff2111,ab4a547f-e75d-5601-8171-00da4efa4b57,07371b94-955f-52a4-9bf9-f0a6ad2b4fa8,2025-11-05,2025-11-12,7
1fda1731-6725-571d-b386-a1a452860096,e8aeb018-f679-5670-b210-de4f62ff2111,76d6c9f4-5d7d-53c0-bb1f-2a577383765a,5bbfdec8-65ae-59e6-b211-5eccb5b765fa,2025-11-10,2025-11-13,3
bab908f9-fa9d-50c4-afe3-ec015b6089a9,e8aeb018-f679-5670-b210-de4f62ff2111,76d6c9f4-5d7d-53c0-bb1f-2a577383765a,5bbfdec8-65ae-59e6-b211-5eccb5b765fa,2025-11-10,2025-11-13,3
c2d75c69-0ce9-51c6-ac47-6cb740b85670,e8aeb018-f679-5670-b210-de4f62ff2111,76d6c9f4-5d7d-53c0-bb1f-2a577383765a,c0cf5e5c-b5c9-585a-8e79-d9830bc954f6,2025-11-10,2025-11-13,3
1d8a3386-2f11-5dd8-abad-c030cd5cfdc9,e8aeb018-f679-5670-b210-de4f62ff2111,76d6c9f4-5d7d-53c0-bb1f-2a577383765a,d3961f5a-3ea7-53d3-89f4-78b65b0c0c6b,2025-11-11,2025-11-14,3
7dabe6e2-0104-51db-902f-172db7526456,e8aeb018-f679-5670-b210-de4f62ff2111,c6617891-56ff-5690-89a4-1ece06685ff5,87b859e0-789a-56e6-b1ba-4fe76221d3bf,2025-11-04,2025-11-14,10
c7b5df4b-550c-5ce2-9896-ec0f6c558e93,e8aeb018-f679-5670-b210-de4f62ff2111,ab4a547f-e75d-5601-8171-00da4efa4b57,012857cc-907f-5e7d-b8fb-796d2c9f1621,2025-11-08,2025-11-15,7
146dfb72-4a5f-50bf-b869-9b7c19e03836,e8aeb018-f679-5670-b210-de4f62ff2111,ab4a547f-e75d-5601-8171-00da4efa4b57,012857cc-907f-5e7d-b8fb-796d2c9f1621,2025-11-08,2025-11-15,7
0cadcc6b-7847-5cc7-bb41-30d62fdb8496,e8aeb018-f679-5670-b210-de4f62ff2111,41cb90d0-d91a-57c2-b138-831be351479f,2897aac2-f219-5167-b800-73fac27f6b85,2025-11-10,2025-11-15,5
899def3d-9fe0-586a-bbc6-6521dd0bbf6d,e8aeb018-f679-5670-b210-de4f62ff2111,ab4a547f-e75d-5601-8171-00da4efa4b57,012857cc-907f-5e7d-b8fb-796d2c9f1621,2025-11-08,2025-11-15,7
a8b60b82-0334-5984-9979-14126c763ee5,e8aeb018-f679-5670-b210-de4f62ff2111,c6617891-56ff-5690-89a4-1ece06685ff5,87b859e0-789a-56e6-b1ba-4fe76221d3bf,2025-11-05,2025-11-15,10
ac7f567d-d9f0-51aa-a490-8798758fbb7c,e8aeb018-f679-5670-b210-de4f62ff2111,c6617891-56ff-5690-89a4-1ece06685ff5,2eb3a104-e572-583a-afa0-156ee0dc4cce,2025-11-05,2025-11-15,10
21bacecd-f0c9-5a4f-a9e6-9ba1e2801e1f,e8aeb018-f679-5670-b210-de4f62ff2111,76d6c9f4-5d7d-53c0-bb1f-2a577383765a,d0ae6d2d-e561-56b3-a2c1-113c1c56ae81,2025-11-12,2025-11-15,3
65484a3d-f375-5141-861e-0c154c29c276,e8aeb018-f679-5670-b210-de4f62ff2111,41cb90d0-d91a-57c2-b138-831be351479f,2897aac2-f219-5167-b800-73fac27f6b85,2025-11-11,2025-11-16,5
1f1ce5fb-532e-5338-bc54-495dc6877baa,e8aeb018-f679-5670-b210-de4f62ff2111,c6617891-56ff-5690-89a4-1ece06685ff5,042e2e80-f954-5df4-97be-29dd428cc598,2025-11-06,2025-11-16,10
db15c24f-74c9-5214-b49f-c832e2b34840,e8aeb018-f679-5670-b210-de4f62ff2111,41cb90d0-d91a-57c2-b138-831be351479f,82cd11ba-d1a0-58b1-b14f-edd741f36e87,2025-11-11,2025-11-16,5
2e44f6bb-43e1-507f-acf3-0664c7261754,e8aeb018-f679-5670-b210-de4f62ff2111,ab4a547f-e75d-5601-8171-00da4efa4b57,22231140-3780-5fe8-a7d4-d33f61d15111,2025-11-10,2025-11-17,7
ae0324ba-83fd-5cc1-962d-ab8753dcc5c5,e8aeb018-f679-5670-b210-de4f62ff2111,a6f6d890-1609-53fc-b4a6-5733ccc9d078,9928e9a1-d9fc-5fdd-86c2-8909352fd7fe,2025-11-03,2025-11-17,14
40f182e8-eac8-5959-a68c-383a3bda14b6,e8aeb018-f679-5670-b210-de4f62ff2111,76d6c9f4-5d7d-53c0-bb1f-2a577383765a,c0cf5e5c-b5c9-585a-8e79-d9830bc954f6,2025-11-14,2025-11-17,3
949f1958-54f2-5c2f-895f-8ec9a68c95ea,e8aeb018-f679-5670-b210-de4f62ff2111,41cb90d0-d91a-57c2-b138-831be351479f,d2f08f15-f9f2-5f65-a740-b05896774467,2025-11-12,2025-11-17,5
f512298c-cf14-5a24-abd8-00c37499759e,e8aeb018-f679-5670-b210-de4f62ff2111,ab4a547f-e75d-5601-8171-00da4efa4b57,6d807393-f4ab-5f76-b544-251eeda27ba3,2025-11-12,2025-11-19,7
c32104af-2add-515d-a2d1-4726fe14713b,e8aeb018-f679-5670-b210-de4f62ff2111,41cb90d0-d91a-57c2-b138-831be351479f,d2f08f15-f9f2-5f65-a740-b05896774467,2025-11-14,2025-11-19,5
a5ec87ee-925a-533b-81f3-9ca02d1c539d,e8aeb018-f679-5670-b210-de4f62ff2111,ab4a547f-e75d-5601-8171-00da4efa4b57,97d26d91-c562-5f27-9ebd-285e89c8f4bf,2025-11-13,2025-11-20,7
fb14ca00-db92-5df4-964d-7770abcaf86f,e8aeb018-f679-5670-b210-de4f62ff2111,76d6c9f4-5d7d-53c0-bb1f-2a577383765a,2082733c-4e17-51fe-bc8c-bf33d3ec5d7e,2025-11-17,2025-11-20,3
fa5e4a24-8944-5dfb-bdc1-4a77c8aee3cc,e8aeb018-f679-5670-b210-de4f62ff2111,c6617891-56ff-5690-89a4-1ece06685ff5,d9506935-1215-5499-93c0-8bdd86ab9418,2025-11-10,2025-11-20,10
fc58846f-ba12-5cfa-be08-e2e222b381b1,e8aeb018-f679-5670-b210-de4f62ff2111,76d6c9f4-5d7d-53c0-bb1f-2a577383765a,d0ae6d2d-e561-56b3-a2c1-113c1c56ae81,2025-11-18,2025-11-21,3
a9b394ab-320e-53f7-ac71-6520f199ce7a,e8aeb018-f679-5670-b210-de4f62ff2111,c6617891-56ff-5690-89a4-1ece06685ff5,1ca3438e-9e23-58f0-a35f-f15f7a23beb9,2025-11-11,2025-11-21,10
7ff7c842-fea1-5376-9deb-b3988dd94383,e8aeb018-f679-5670-b210-de4f62ff2111,76d6c9f4-5d7d-53c0-bb1f-2a577383765a,d3961f5a-3ea7-53d3-89f4-78b65b0c0c6b,2025-11-18,2025-11-21,3
a2133dc1-9607-5493-b306-a03423e81aba,e8aeb018-f679-5670-b210-de4f62ff2111,a6f6d890-1609-53fc-b4a6-5733ccc9d078,4d9429b6-2ebf-5b5d-ac48-f779d5a1e270,2025-11-07,2025-11-21,14
394040b8-c8cc-5dd0-b3d1-dbe8f453bce8,e8aeb018-f679-5670-b210-de4f62ff2111,c6617891-56ff-5690-89a4-1ece06685ff5,058c6382-bde2-59d1-93ff-20c6161a4736,2025-11-12,2025-11-22,10
e2915e44-1d85-59f5-b7f6-06aaea6092e8,e8aeb018-f679-5670-b210-de4f62ff2111,a6f6d890-1609-53fc-b4a6-5733ccc9d078,983871db-adfb-543e-b438-6b00044ffb64,2025-11-08,2025-11-22,14
8ae62687-aa91-57c0-a6b5-1240c45d6ba7,e8aeb018-f679-5670-b210-de4f62ff2111,76d6c9f4-5d7d-53c0-bb1f-2a577383765a,2082733c-4e17-51fe-bc8c-bf33d3ec5d7e,2025-11-19,2025-11-22,3
5c523549-479e-5f41-bb19-9a8b5f5820a9,e8aeb018-f679-5670-b210-de4f62ff2111,41cb90d0-d91a-57c2-b138-831be351479f,d2f08f15-f9f2-5f65-a740-b05896774467,2025-11-17,2025-11-22,5
9dc336ff-ba84-58c6-a7ff-fd4b58c1f338,e8aeb018-f679-5670-b210-de4f62ff2111,a6f6d890-1609-53fc-b4a6-5733ccc9d078,9928e9a1-d9fc-5fdd-86c2-8909352fd7fe,2025-11-08,2025-11-22,14
ef1ec08e-58c7-5233-a9a0-28ffb89c80b7,e8aeb018-f679-5670-b210-de4f62ff2111,ab4a547f-e75d-5601-8171-00da4efa4b57,07371b94-955f-52a4-9bf9-f0a6ad2b4fa8,2025-11-15,2025-11-22,7
a2134ca0-40de-5466-9765-21995409fab8,e8aeb018-f679-5670-b210-de4f62ff2111,76d6c9f4-5d7d-53c0-bb1f-2a577383765a,d0ae6d2d-e561-56b3-a2c1-113c1c56ae81,2025-11-19,2025-11-22,3
e82f9f6c-e0f4-5815-b6d5-a86dab4c4435,e8aeb018-f679-5670-b210-de4f62ff2111,ab4a547f-e75d-5601-8171-00da4efa4b57,22231140-3780-5fe8-a7d4-d33f61d15111,2025-11-15,2025-11-22,7
5d1b27d5-ff6c-586e-9318-c68789816afc,e8aeb018-f679-5670-b210-de4f62ff2111,a6f6d890-1609-53fc-b4a6-5733ccc9d078,1e9605fd-5682-52b6-8f05-e8a92dd44513,2025-11-08,2025-11-22,14
c57bb50c-c522-5c9b-bea2-61955dd23979,e8aeb018-f679-5670-b210-de4f62ff2111,a6f6d890-1609-53fc-b4a6-5733ccc9d078,4d9429b6-2ebf-5b5d-ac48-f779d5a1e270,2025-11-08,2025-11-22,14
3348c81f-5c96-5e82-a4de-aacbb7665897,e8aeb018-f679-5670-b210-de4f62ff2111,41cb90d0-d91a-57c2-b138-831be351479f,2897aac2-f219-5167-b800-73fac27f6b85,2025-11-17,2025-11-22,5
542b7728-6d09-5423-8c3b-6d7af64b1169,e8aeb018-f679-5670-b210-de4f62ff2111,c6617891-56ff-5690-89a4-1ece06685ff5,87b859e0-789a-56e6-b1ba-4fe76221d3bf,2025-11-13,2025-11-23,10
9d154d54-300f-567c-93ef-60ffd02bd040,e8aeb018-f679-5670-b210-de4f62ff2111,76d6c9f4-5d7d-53c0-bb1f-2a577383765a,cd81184b-b6f1-563c-b463-36a69ddfb598,2025-11-20,2025-11-23,3
387230ec-9fb1-52d3-9ffd-e319723692d5,e8aeb018-f679-5670-b210-de4f62ff2111,c6617891-56ff-5690-89a4-1ece06685ff5,1ca3438e-9e23-58f0-a35f-f15f7a23beb9,2025-11-13,2025-11-23,10
65775440-0658-5bcc-abb0-d4e5ef46afe0,e8aeb018-f679-5670-b210-de4f62ff2111,a6f6d890-1609-53fc-b4a6-5733ccc9d078,afe9d181-1c64-5cca-b4b7-a9fa24eceeea,2025-11-10,2025-11-24,14
ec2a8d6a-1677-5a32-b19a-cda281155ecf,e8aeb018-f679-5670-b210-de4f62ff2111,76d6c9f4-5d7d-53c0-bb1f-2a577383765a,cd81184b-b6f1-563c-b463-36a69ddfb598,2025-11-21,2025-11-24,3
4937e5b3-a4c5-5224-bac7-877c7f2b4fcc,e8aeb018-f679-5670-b210-de4f62ff2111,c6617891-56ff-5690-89a4-1ece06685ff5,87b859e0-789a-56e6-b1ba-4fe76221d3bf,2025-11-14,2025-11-24,10
55ce18da-711c-5bbe-9026-381e16dbff82,e8aeb018-f679-5670-b210-de4f62ff2111,41cb90d0-d91a-57c2-b138-831be351479f,38adf7ba-476e-5e6b-9163-781a13538253,2025-11-19,2025-11-24,5
405cdcec-8c79-5ec7-b708-54b7355a2ac3,e8aeb018-f679-5670-b210-de4f62ff2111,76d6c9f4-5d7d-53c0-bb1f-2a577383765a,2082733c-4e17-51fe-bc8c-bf33d3ec5d7e,2025-11-21,2025-11-24,3
c6aef008-ed53-534e-aeec-e67e44624d7b,e8aeb018-f679-5670-b210-de4f62ff2111,41cb90d0-d91a-57c2-b138-831be351479f,6baabed2-52d7-5cb7-bf74-86c7cb3e4f07,2025-11-19,2025-11-24,5
137f61aa-fe0e-503e-8eec-7b3a1e52c414,e8aeb018-f679-5670-b210-de4f62ff2111,a6f6d890-1609-53fc-b4a6-5733ccc9d078,983871db-adfb-543e-b438-6b00044ffb64,2025-11-11,2025-11-25,14
bb12e465-4924-588f-8bc4-c5c09d0c9d78,e8aeb018-f679-5670-b210-de4f62ff2111,76d6c9f4-5d7d-53c0-bb1f-2a577383765a,d3961f5a-3ea7-53d3-89f4-78b65b0c0c6b,2025-11-22,2025-11-25,3
d994e450-8aea-5fc1-b01a-8f7622cf9660,e8aeb018-f679-5670-b210-de4f62ff2111,c6617891-56ff-5690-89a4-1ece06685ff5,058c6382-bde2-59d1-93ff-20c6161a4736,2025-11-15,2025-11-25,10
3e094659-398a-546d-8d5f-0984eb8ccd38,e8aeb018-f679-5670-b210-de4f62ff2111,a6f6d890-1609-53fc-b4a6-5733ccc9d078,0ec23038-d3ab-588c-bbd6-1f5c744cdde1,2025-11-11,2025-11-25,14
fc2a4acc-e4d4-54f9-b1d5-39723c687b0f,e8aeb018-f679-5670-b210-de4f62ff2111,a6f6d890-1609-53fc-b4a6-5733ccc9d078,0ec23038-d3ab-588c-bbd6-1f5c744cdde1,2025-11-11,2025-11-25,14
a012389a-d70c-5167-a26b-311f77d28e1e,e8aeb018-f679-5670-b210-de4f62ff2111,a6f6d890-1609-53fc-b4a6-5733ccc9d078,4d9429b6-2ebf-5b5d-ac48-f779d5a1e270,2025-11-12,2025-11-26,14
76cc880e-5f19-5e44-bf84-a1e44c6b0d0d,e8aeb018-f679-5670-b210-de4f62ff2111,41cb90d0-d91a-57c2-b138-831be351479f,82cd11ba-d1a0-58b1-b14f-edd741f36e87,2025-11-21,2025-11-26,5
af351505-66bb-5092-8c2f-be5f2153f4e1,e8aeb018-f679-5670-b210-de4f62ff2111,ab4a547f-e75d-5601-8171-00da4efa4b57,97d26d91-c562-5f27-9ebd-285e89c8f4bf,2025-11-20,2025-11-27,7
cb9c65d9-f108-5249-92dd-020ae504141b,e8aeb018-f679-5670-b210-de4f62ff2111,c6617891-56ff-5690-89a4-1ece06685ff5,058c6382-bde2-59d1-93ff-20c6161a4736,2025-11-17,2025-11-27,10
a25ce94f-38f7-5767-acaf-77261d3c015a,e8aeb018-f679-5670-b210-de4f62ff2111,c6617891-56ff-5690-89a4-1ece06685ff5,87b859e0-789a-56e6-b1ba-4fe76221d3bf,2025-11-17,2025-11-27,10
3880ce05-057d-562a-9f68-d91b5e31f8cd,e8aeb018-f679-5670-b210-de4f62ff2111,76d6c9f4-5d7d-53c0-bb1f-2a577383765a,c0cf5e5c-b5c9-585a-8e79-d9830bc954f6,2025-11-24,2025-11-27,3
013d3319-1aa8-570d-9b41-5ee4f8f02813,e8aeb018-f679-5670-b210-de4f62ff2111,ab4a547f-e75d-5601-8171-00da4efa4b57,07371b94-955f-52a4-9bf9-f0a6ad2b4fa8,2025-11-21,2025-11-28,7
8bedf9ee-87ad-5923-b25b-b1827201e8d8,e8aeb018-f679-5670-b210-de4f62ff2111,76d6c9f4-5d7d-53c0-bb1f-2a577383765a,d0ae6d2d-e561-56b3-a2c1-113c1c56ae81,2025-11-25,2025-11-28,3
e27d30c3-e7f5-54e0-b54f-6af933c08517,e8aeb018-f679-5670-b210-de4f62ff2111,76d6c9f4-5d7d-53c0-bb1f-2a577383765a,d3961f5a-3ea7-53d3-89f4-78b65b0c0c6b,2025-11-25,2025-11-28,3
43ca6466-d080-5fad-aa8e-207af1035018,e8aeb018-f679-5670-b210-de4f62ff2111,41cb90d0-d91a-57c2-b138-831be351479f,38adf7ba-476e-5e6b-9163-781a13538253,2025-11-24,2025-11-29,5
751f5cc6-131f-53c7-afa2-dbb44c139791,e8aeb018-f679-5670-b210-de4f62ff2111,c6617891-56ff-5690-89a4-1ece06685ff5,1ca3438e-9e23-58f0-a35f-f15f7a23beb9,2025-11-19,2025-11-29,10
6265833d-2433-5036-ba08-2f03e8905f44,e8aeb018-f679-5670-b210-de4f62ff2111,76d6c9f4-5d7d-53c0-bb1f-2a577383765a,2082733c-4e17-51fe-bc8c-bf33d3ec5d7e,2025-11-26,2025-11-29,3
0feb1ee4-1781-521f-b3e6-d9ea8088f2bd,e8aeb018-f679-5670-b210-de4f62ff2111,c6617891-56ff-5690-89a4-1ece06685ff5,2eb3a104-e572-583a-afa0-156ee0dc4cce,2025-11-19,2025-11-29,10
5c184b93-72be-501f-8e8b-7897fa2b97f7,e8aeb018-f679-5670-b210-de4f62ff2111,41cb90d0-d91a-57c2-b138-831be351479f,6baabed2-52d7-5cb7-bf74-86c7cb3e4f07,2025-11-25,2025-11-30,5
98284840-c08d-55fa-a0ce-834407382373,e8aeb018-f679-5670-b210-de4f62ff2111,76d6c9f4-5d7d-53c0-bb1f-2a577383765a,5bbfdec8-65ae-59e6-b211-5eccb5b765fa,2025-11-27,2025-11-30,3
c589a2cb-cd4d-5028-ad91-78e6e160dc51,e8aeb018-f679-5670-b210-de4f62ff2111,c6617891-56ff-5690-89a4-1ece06685ff5,1ca3438e-9e23-58f0-a35f-f15f7a23beb9,2025-11-20,2025-11-30,10
0f967897-5aee-56b0-95a3-c6e02ff7e1cf,e8aeb018-f679-5670-b210-de4f62ff2111,ab4a547f-e75d-5601-8171-00da4efa4b57,94e18241-54bd-5516-b36f-94ab6e323aca,2025-11-24,2025-12-01,7
4d1fb291-36de-5196-9c19-eb666ee00229,e8aeb018-f679-5670-b210-de4f62ff2111,76d6c9f4-5d7d-53c0-bb1f-2a577383765a,2082733c-4e17-51fe-bc8c-bf33d3ec5d7e,2025-11-28,2025-12-01,3
bf8fb4cf-2ad6-5a38-8205-58834464c440,e8aeb018-f679-5670-b210-de4f62ff2111,c6617891-56ff-5690-89a4-1ece06685ff5,2eb3a104-e572-583a-afa0-156ee0dc4cce,2025-11-21,2025-12-01,10
da835a57-ce8a-574d-9c71-1f24fe405987,e8aeb018-f679-5670-b210-de4f62ff2111,ab4a547f-e75d-5601-8171-00da4efa4b57,94e18241-54bd-5516-b36f-94ab6e323aca,2025-11-24,2025-12-01,7
5418c10f-b7b5-56a7-b78b-55171fe55333,e8aeb018-f679-5670-b210-de4f62ff2111,ab4a547f-e75d-5601-8171-00da4efa4b57,97d26d91-c562-5f27-9ebd-285e89c8f4bf,2025-11-24,2025-12-01,7
7f6bce5e-215a-544d-8228-58e8d2aa4818,e8aeb018-f679-5670-b210-de4f62ff2111,41cb90d0-d91a-57c2-b138-831be351479f,38adf7ba-476e-5e6b-9163-781a13538253,2025-11-27,2025-12-02,5
e5cd0299-b314-5d86-8306-42429e63855e,e8aeb018-f679-5670-b210-de4f62ff2111,41cb90d0-d91a-57c2-b138-831be351479f,2897aac2-f219-5167-b800-73fac27f6b85,2025-11-27,2025-12-02,5
0a9fab05-1dd3-5617-9c87-e0ea6e582dfe,e8aeb018-f679-5670-b210-de4f62ff2111,41cb90d0-d91a-57c2-b138-831be351479f,6baabed2-52d7-5cb7-bf74-86c7cb3e4f07,2025-11-27,2025-12-02,5
60383f26-ef72-54af-90dd-e2da474b723e,e8aeb018-f679-5670-b210-de4f62ff2111,76d6c9f4-5d7d-53c0-bb1f-2a577383765a,cd81184b-b6f1-563c-b463-36a69ddfb598,2025-11-29,2025-12-02,3
9945e004-59a0-543a-b2bc-afd45a0e63dd,e8aeb018-f679-5670-b210-de4f62ff2111,ab4a547f-e75d-5601-8171-00da4efa4b57,94e18241-54bd-5516-b36f-94ab6e323aca,2025-11-26,2025-12-03,7
cf3483e4-df76-5f29-b13c-1cf67320fc3d,e8aeb018-f679-5670-b210-de4f62ff2111,41cb90d0-d91a-57c2-b138-831be351479f,2897aac2-f219-5167-b800-73fac27f6b85,2025-11-28,2025-12-03,5
0484ddb2-f005-5b65-bcff-7a2d1084766e,e8aeb018-f679-5670-b210-de4f62ff2111,41cb90d0-d91a-57c2-b138-831be351479f,82cd11ba-d1a0-58b1-b14f-edd741f36e87,2025-11-28,2025-12-03,5
13e211b5-84cf-5535-8a31-23efcaec38b6,e8aeb018-f679-5670-b210-de4f62ff2111,ab4a547f-e75d-5601-8171-00da4efa4b57,6d807393-f4ab-5f76-b544-251eeda27ba3,2025-11-26,2025-12-03,7
b6339a07-41ed-5820-90be-dede54c4f592,e8aeb018-f679-5670-b210-de4f62ff2111,ab4a547f-e75d-5601-8171-00da4efa4b57,22231140-3780-5fe8-a7d4-d33f61d15111,2025-11-28,2025-12-05,7
c1101891-4413-5c0a-b81a-0e7f17d053d4,e8aeb018-f679-5670-b210-de4f62ff2111,76d6c9f4-5d7d-53c0-bb1f-2a577383765a,c0cf5e5c-b5c9-585a-8e79-d9830bc954f6,2025-12-02,2025-12-05,3
d974a3cb-ca90-5a37-a805-bf46d8f9218b,e8aeb018-f679-5670-b210-de4f62ff2111,a6f6d890-1609-53fc-b4a6-5733ccc9d078,9928e9a1-d9fc-5fdd-86c2-8909352fd7fe,2025-11-21,2025-12-05,14
86091b55-99af-5d1c-9383-cdea9a341a4c,e8aeb018-f679-5670-b210-de4f62ff2111,a6f6d890-1609-53fc-b4a6-5733ccc9d078,1e9605fd-5682-52b6-8f05-e8a92dd44513,2025-11-21,2025-12-05,14
4a9cba4c-7e16-5206-a120-1609ffa0f8ac,e8aeb018-f679-5670-b210-de4f62ff2111,41cb90d0-d91a-57c2-b138-831be351479f,2933d8b7-2438-521b-b38d-d3a5224f87fc,2025-12-01,2025-12-06,5
89edccac-1dff-55ad-84fa-778fcf80da1b,e8aeb018-f679-5670-b210-de4f62ff2111,76d6c9f4-5d7d-53c0-bb1f-2a577383765a,c0cf5e5c-b5c9-585a-8e79-d9830bc954f6,2025-12-03,2025-12-06,3
e9705ebe-2cdb-52ad-ab35-ebfeba113a3b,e8aeb018-f679-5670-b210-de4f62ff2111,ab4a547f-e75d-5601-8171-00da4efa4b57,94e18241-54bd-5516-b36f-94ab6e323aca,2025-11-29,2025-12-06,7
b37a3ccc-768c-5f1a-ad73-b18e13ee05fc,e8aeb018-f679-5670-b210-de4f62ff2111,ab4a547f-e75d-5601-8171-00da4efa4b57,94e18241-54bd-5516-b36f-94ab6e323aca,2025-11-29,2025-12-06,7
54301d6c-8926-594d-afcc-d94339337020,e8aeb018-f679-5670-b210-de4f62ff2111,41cb90d0-d91a-57c2-b138-831be351479f,38adf7ba-476e-5e6b-9163-781a13538253,2025-12-01,2025-12-06,5
101844a8-2d69-5fce-86c5-3b8340f0b21f,e8aeb018-f679-5670-b210-de4f62ff2111,41cb90d0-d91a-57c2-b138-831be351479f,2933d8b7-2438-521b-b38d-d3a5224f87fc,2025-12-02,2025-12-07,5
13a1b01f-c95e-547c-b577-8f6b6a226028,e8aeb018-f679-5670-b210-de4f62ff2111,ab4a547f-e75d-5601-8171-00da4efa4b57,07371b94-955f-52a4-9bf9-f0a6ad2b4fa8,2025-12-01,2025-12-08,7
20ea86f0-f40c-518b-8603-9aa1736781b2,e8aeb018-f679-5670-b210-de4f62ff2111,76d6c9f4-5d7d-53c0-bb1f-2a577383765a,c0cf5e5c-b5c9-585a-8e79-d9830bc954f6,2025-12-05,2025-12-08,3
3a6efa96-35a1-5243-9e5b-8510e971cdb8,e8aeb018-f679-5670-b210-de4f62ff2111,41cb90d0-d91a-57c2-b138-831be351479f,d2f08f15-f9f2-5f65-a740-b05896774467,2025-12-03,2025-12-08,5
efe117f3-6206-5349-b62a-8e9017ed266e,e8aeb018-f679-5670-b210-de4f62ff2111,41cb90d0-d91a-57c2-b138-831be351479f,38adf7ba-476e-5e6b-9163-781a13538253,2025-12-03,2025-12-08,5
8cc0acb4-3f29-5523-bec3-7476625f3f5b,e8aeb018-f679-5670-b210-de4f62ff2111,c6617891-56ff-5690-89a4-1ece06685ff5,2eb3a104-e572-583a-afa0-156ee0dc4cce,2025-11-29,2025-12-09,10
95e3bf34-bb82-54d7-a302-22a85a22ba26,e8aeb018-f679-5670-b210-de4f62ff2111,c6617891-56ff-5690-89a4-1ece06685ff5,042e2e80-f954-5df4-97be-29dd428cc598,2025-11-29,2025-12-09,10
c77a5d18-03f0-5975-b3d1-a12ab4f4c4ce,e8aeb018-f679-5670-b210-de4f62ff2111,ab4a547f-e75d-5601-8171-00da4efa4b57,6d807393-f4ab-5f76-b544-251eeda27ba3,2025-12-02,2025-12-09,7
1fc00a3d-f063-563b-8c87-3a2ea0fb37ad,e8aeb018-f679-5670-b210-de4f62ff2111,c6617891-56ff-5690-89a4-1ece06685ff5,1ca3438e-9e23-58f0-a35f-f15f7a23beb9,2025-11-29,2025-12-09,10
935af12a-0ce5-5fc4-bbb3-f9b3ff324005,e8aeb018-f679-5670-b210-de4f62ff2111,a6f6d890-1609-53fc-b4a6-5733ccc9d078,1e9605fd-5682-52b6-8f05-e8a92dd44513,2025-11-25,2025-12-09,14
1fe43a31-b5af-57ca-8c68-96e8696a2b40,e8aeb018-f679-5670-b210-de4f62ff2111,41cb90d0-d91a-57c2-b138-831be351479f,82cd11ba-d1a0-58b1-b14f-edd741f36e87,2025-12-05,2025-12-10,5
ae13409d-bc94-5524-8dd1-d2d3e5722061,e8aeb018-f679-5670-b210-de4f62ff2111,41cb90d0-d91a-57c2-b138-831be351479f,2933d8b7-2438-521b-b38d-d3a5224f87fc,2025-12-05,2025-12-10,5
8332430e-cadc-572c-b2c0-c3f6606e50db,e8aeb018-f679-5670-b210-de4f62ff2111,ab4a547f-e75d-5601-8171-00da4efa4b57,012857cc-907f-5e7d-b8fb-796d2c9f1621,2025-12-03,2025-12-10,7
8b359cd0-6fab-59fd-9b73-33bef3557722,e8aeb018-f679-5670-b210-de4f62ff2111,a6f6d890-1609-53fc-b4a6-5733ccc9d078,9928e9a1-d9fc-5fdd-86c2-8909352fd7fe,2025-11-26,2025-12-10,14
6bf3cea6-904c-54de-b9d5-bcd5809c3d3e,e8aeb018-f679-5670-b210-de4f62ff2111,ab4a547f-e75d-5601-8171-00da4efa4b57,07371b94-955f-52a4-9bf9-f0a6ad2b4fa8,2025-12-03,2025-12-10,7
3616b34d-7a67-527e-a5cf-4e61c4268fca,e8aeb018-f679-5670-b210-de4f62ff2111,c6617891-56ff-5690-89a4-1ece06685ff5,d9506935-1215-5499-93c0-8bdd86ab9418,2025-12-01,2025-12-11,10
25b27ad5-cbba-5bb5-900a-6dc489d522bf,e8aeb018-f679-5670-b210-de4f62ff2111,41cb90d0-d91a-57c2-b138-831be351479f,38adf7ba-476e-5e6b-9163-781a13538253,2025-12-06,2025-12-11,5
4acceed3-6998-544f-8b58-a8d2a7a44651,e8aeb018-f679-5670-b210-de4f62ff2111,a6f6d890-1609-53fc-b4a6-5733ccc9d078,4d9429b6-2ebf-5b5d-ac48-f779d5a1e270,2025-11-28,2025-12-12,14
91718bef-2c83-5356-9c45-1ee6b38669f8,e8aeb018-f679-5670-b210-de4f62ff2111,76d6c9f4-5d7d-53c0-bb1f-2a577383765a,cd81184b-b6f1-563c-b463-36a69ddfb598,2025-12-09,2025-12-12,3
12a7d431-ed32-5407-b149-a4846427132a,e8aeb018-f679-5670-b210-de4f62ff2111,76d6c9f4-5d7d-53c0-bb1f-2a577383765a,5bbfdec8-65ae-59e6-b211-5eccb5b765fa,2025-12-09,2025-12-12,3
150720c4-660c-5cbc-89c8-51c20f0f4690,e8aeb018-f679-5670-b210-de4f62ff2111,76d6c9f4-5d7d-53c0-bb1f-2a577383765a,d0ae6d2d-e561-56b3-a2c1-113c1c56ae81,2025-12-09,2025-12-12,3
0599591b-be54-598f-9009-c8ff0dfc5a64,e8aeb018-f679-5670-b210-de4f62ff2111,ab4a547f-e75d-5601-8171-00da4efa4b57,22231140-3780-5fe8-a7d4-d33f61d15111,2025-12-05,2025-12-12,7
c701f3d0-b064-5a15-a73f-b86421475334,e8aeb018-f679-5670-b210-de4f62ff2111,ab4a547f-e75d-5601-8171-00da4efa4b57,6d807393-f4ab-5f76-b544-251eeda27ba3,2025-12-05,2025-12-12,7
ff13968e-be3c-5740-877b-7700cebe557c,e8aeb018-f679-5670-b210-de4f62ff2111,c6617891-56ff-5690-89a4-1ece06685ff5,042e2e80-f954-5df4-97be-29dd428cc598,2025-12-02,2025-12-12,10
238ca976-7479-5e22-a0ac-246cd6e9bb8e,e8aeb018-f679-5670-b210-de4f62ff2111,ab4a547f-e75d-5601-8171-00da4efa4b57,6d807393-f4ab-5f76-b544-251eeda27ba3,2025-12-06,2025-12-13,7
013fcb66-0c75-5653-9ef1-5a5d6a027eee,e8aeb018-f679-5670-b210-de4f62ff2111,76d6c9f4-5d7d-53c0-bb1f-2a577383765a,5bbfdec8-65ae-59e6-b211-5eccb5b765fa,2025-12-10,2025-12-13,3
3a82b351-b4be-5f27-b565-0ccc2e083fb1,e8aeb018-f679-5670-b210-de4f62ff2111,76d6c9f4-5d7d-53c0-bb1f-2a577383765a,cd81184b-b6f1-563c-b463-36a69ddfb598,2025-12-10,2025-12-13,3
eed225e3-df8c-5082-9ce8-f2d913823dd3,e8aeb018-f679-5670-b210-de4f62ff2111,76d6c9f4-5d7d-53c0-bb1f-2a577383765a,d3961f5a-3ea7-53d3-89f4-78b65b0c0c6b,2025-12-11,2025-12-14,3
db393e17-6077-5375-b13a-f323927dbfe0,e8aeb018-f679-5670-b210-de4f62ff2111,c6617891-56ff-5690-89a4-1ece06685ff5,87b859e0-789a-56e6-b1ba-4fe76221d3bf,2025-12-05,2025-12-15,10
57625fa4-6994-5ee7-8c1b-fc334fa5e6af,e8aeb018-f679-5670-b210-de4f62ff2111,a6f6d890-1609-53fc-b4a6-5733ccc9d078,0ec23038-d3ab-588c-bbd6-1f5c744cdde1,2025-12-01,2025-12-15,14
e351d721-e848-5926-bc33-c0af0c38a1f8,e8aeb018-f679-5670-b210-de4f62ff2111,a6f6d890-1609-53fc-b4a6-5733ccc9d078,1e9605fd-5682-52b6-8f05-e8a92dd44513,2025-12-01,2025-12-15,14
978f4a74-5ddb-500e-ba9c-6bc22c21101e,e8aeb018-f679-5670-b210-de4f62ff2111,ab4a547f-e75d-5601-8171-00da4efa4b57,97d26d91-c562-5f27-9ebd-285e89c8f4bf,2025-12-08,2025-12-15,7
0bef8c56-9773-5c56-a95a-1e5ea4d5814c,e8aeb018-f679-5670-b210-de4f62ff2111,a6f6d890-1609-53fc-b4a6-5733ccc9d078,afe9d181-1c64-5cca-b4b7-a9fa24eceeea,2025-12-01,2025-12-15,14
3f8578ee-afbd-5428-b9c6-56b7e1307e68,e8aeb018-f679-5670-b210-de4f62ff2111,a6f6d890-1609-53fc-b4a6-5733ccc9d078,0ec23038-d3ab-588c-bbd6-1f5c744cdde1,2025-12-01,2025-12-15,14
3aaafd71-f4d5-5de9-ac9c-cc95c2ff6580,e8aeb018-f679-5670-b210-de4f62ff2111,c6617891-56ff-5690-89a4-1ece06685ff5,87b859e0-789a-56e6-b1ba-4fe76221d3bf,2025-12-05,2025-12-15,10
f9db894b-d8bd-5ac1-bf07-c892840066e6,e8aeb018-f679-5670-b210-de4f62ff2111,c6617891-56ff-5690-89a4-1ece06685ff5,d9506935-1215-5499-93c0-8bdd86ab9418,2025-12-05,2025-12-15,10
589db61c-dc79-56cb-81a4-8b10c8a6c9f8,e8aeb018-f679-5670-b210-de4f62ff2111,41cb90d0-d91a-57c2-b138-831be351479f,d2f08f15-f9f2-5f65-a740-b05896774467,2025-12-11,2025-12-16,5
06fd7753-a6ff-570d-88eb-9f6f96201dc2,e8aeb018-f679-5670-b210-de4f62ff2111,41cb90d0-d91a-57c2-b138-831be351479f,2933d8b7-2438-521b-b38d-d3a5224f87fc,2025-12-11,2025-12-16,5
204378e3-fb9d-5e5e-af9c-550560f2283e,e8aeb018-f679-5670-b210-de4f62ff2111,c6617891-56ff-5690-89a4-1ece06685ff5,042e2e80-f954-5df4-97be-29dd428cc598,2025-12-06,2025-12-16,10
7a365645-b695-5577-b6bd-1077c89a362d,e8aeb018-f679-5670-b210-de4f62ff2111,41cb90d0-d91a-57c2-b138-831be351479f,6baabed2-52d7-5cb7-bf74-86c7cb3e4f07,2025-12-11,2025-12-16,5
9339291b-bf7e-509e-a9bc-e9917f29903a,e8aeb018-f679-5670-b210-de4f62ff2111,ab4a547f-e75d-5601-8171-00da4efa4b57,012857cc-907f-5e7d-b8fb-796d2c9f1621,2025-12-09,2025-12-16,7
95573b50-09f1-5a33-80ce-6af535360d17,e8aeb018-f679-5670-b210-de4f62ff2111,ab4a547f-e75d-5601-8171-00da4efa4b57,012857cc-907f-5e7d-b8fb-796d2c9f1621,2025-12-10,2025-12-17,7
a5ea0c24-930c-555b-9d30-51dfb344902b,e8aeb018-f679-5670-b210-de4f62ff2111,a6f6d890-1609-53fc-b4a6-5733ccc9d078,983871db-adfb-543e-b438-6b00044ffb64,2025-12-03,2025-12-17,14
13954b10-f424-5915-afb9-a15155a54b69,e8aeb018-f679-5670-b210-de4f62ff2111,a6f6d890-1609-53fc-b4a6-5733ccc9d078,afe9d181-1c64-5cca-b4b7-a9fa24eceeea,2025-12-03,2025-12-17,14
c8291bb4-15de-5d24-ab51-6c8fa7fbffd7,e8aeb018-f679-5670-b210-de4f62ff2111,c6617891-56ff-5690-89a4-1ece06685ff5,042e2e80-f954-5df4-97be-29dd428cc598,2025-12-08,2025-12-18,10
5be7326a-5bd1-507f-b886-106498234254,e8aeb018-f679-5670-b210-de4f62ff2111,76d6c9f4-5d7d-53c0-bb1f-2a577383765a,5bbfdec8-65ae-59e6-b211-5eccb5b765fa,2025-12-15,2025-12-18,3
77c521cf-af20-5646-99c0-53ad07d546cb,e8aeb018-f679-5670-b210-de4f62ff2111,a6f6d890-1609-53fc-b4a6-5733ccc9d078,9928e9a1-d9fc-5fdd-86c2-8909352fd7fe,2025-12-05,2025-12-19,14
2ad72d04-ba8b-5492-8541-2386288638d1,e8aeb018-f679-5670-b210-de4f62ff2111,c6617891-56ff-5690-89a4-1ece06685ff5,2eb3a104-e572-583a-afa0-156ee0dc4cce,2025-12-09,2025-12-19,10
9ef315ca-144f-5b79-a615-610166f4f400,e8aeb018-f679-5670-b210-de4f62ff2111,41cb90d0-d91a-57c2-b138-831be351479f,38adf7ba-476e-5e6b-9163-781a13538253,2025-12-15,2025-12-20,5
ad4f3e18-d9ed-5a98-a888-620415bdd74c,e8aeb018-f679-5670-b210-de4f62ff2111,41cb90d0-d91a-57c2-b138-831be351479f,6baabed2-52d7-5cb7-bf74-86c7cb3e4f07,2025-12-15,2025-12-20,5
9f93bad2-0f4f-5d80-a491-fe11a77e03a7,e8aeb018-f679-5670-b210-de4f62ff2111,c6617891-56ff-5690-89a4-1ece06685ff5,d9506935-1215-5499-93c0-8bdd86ab9418,2025-12-10,2025-12-20,10
b84eee83-1c31-5c83-8ea2-01faca67c663,e8aeb018-f679-5670-b210-de4f62ff2111,41cb90d0-d91a-57c2-b138-831be351479f,d2f08f15-f9f2-5f65-a740-b05896774467,2025-12-15,2025-12-20,5
352e9e63-f366-536c-a000-cb4c0a90b7cf,e8aeb018-f679-5670-b210-de4f62ff2111,a6f6d890-1609-53fc-b4a6-5733ccc9d078,983871db-adfb-543e-b438-6b00044ffb64,2025-12-06,2025-12-20,14
70b82e2c-3acc-5a0e-8bb1-020c04eca20b,e8aeb018-f679-5670-b210-de4f62ff2111,76d6c9f4-5d7d-53c0-bb1f-2a577383765a,5bbfdec8-65ae-59e6-b211-5eccb5b765fa,2025-12-18,2025-12-21,3
761ce29b-d67a-5c78-8b5b-7c28e2e81b26,e8aeb018-f679-5670-b210-de4f62ff2111,76d6c9f4-5d7d-53c0-bb1f-2a577383765a,cd81184b-b6f1-563c-b463-36a69ddfb598,2025-12-18,2025-12-21,3
3da628d9-f819-5b4c-94da-c949eb50432b,e8aeb018-f679-5670-b210-de4f62ff2111,41cb90d0-d91a-57c2-b138-831be351479f,38adf7ba-476e-5e6b-9163-781a13538253,2025-12-16,2025-12-21,5
59d2df3a-c0d6-5be1-8df2-747cf2494952,e8aeb018-f679-5670-b210-de4f62ff2111,c6617891-56ff-5690-89a4-1ece06685ff5,87b859e0-789a-56e6-b1ba-4fe76221d3bf,2025-12-11,2025-12-21,10
7ea13312-a74b-57c0-a275-49419894709e,e8aeb018-f679-5670-b210-de4f62ff2111,41cb90d0-d91a-57c2-b138-831be351479f,2897aac2-f219-5167-b800-73fac27f6b85,2025-12-17,2025-12-22,5
762a5035-8006-5745-a026-85d5223b8f80,e8aeb018-f679-5670-b210-de4f62ff2111,ab4a547f-e75d-5601-8171-00da4efa4b57,6d807393-f4ab-5f76-b544-251eeda27ba3,2025-12-15,2025-12-22,7
6949c526-6fac-55ae-be31-08c8bc12066a,e8aeb018-f679-5670-b210-de4f62ff2111,c6617891-56ff-5690-89a4-1ece06685ff5,058c6382-bde2-59d1-93ff-20c6161a4736,2025-12-12,2025-12-22,10
b1ea8182-6418-510f-91e0-9232c4833752,e8aeb018-f679-5670-b210-de4f62ff2111,ab4a547f-e75d-5601-8171-00da4efa4b57,94e18241-54bd-5516-b36f-94ab6e323aca,2025-12-16,2025-12-23,7
654ace52-efd9-57f7-9ae0-db782d214f69,e8aeb018-f679-5670-b210-de4f62ff2111,ab4a547f-e75d-5601-8171-00da4efa4b57,012857cc-907f-5e7d-b8fb-796d2c9f1621,2025-12-16,2025-12-23,7
4a8a467c-2c94-5ed9-8bea-241a89ae27bb,e8aeb018-f679-5670-b210-de4f62ff2111,a6f6d890-1609-53fc-b4a6-5733ccc9d078,afe9d181-1c64-5cca-b4b7-a9fa24eceeea,2025-12-09,2025-12-23,14
22b819d4-d982-5d19-a4c4-a5ffd547f898,e8aeb018-f679-5670-b210-de4f62ff2111,76d6c9f4-5d7d-53c0-bb1f-2a577383765a,c0cf5e5c-b5c9-585a-8e79-d9830bc954f6,2025-12-20,2025-12-23,3
bf41b8d7-1532-51b1-b5a6-bb1b02a873d6,e8aeb018-f679-5670-b210-de4f62ff2111,41cb90d0-d91a-57c2-b138-831be351479f,d2f08f15-f9f2-5f65-a740-b05896774467,2025-12-18,2025-12-23,5
6e773776-3aa1-5cb3-955a-650d8b10412d,e8aeb018-f679-5670-b210-de4f62ff2111,76d6c9f4-5d7d-53c0-bb1f-2a577383765a,cd81184b-b6f1-563c-b463-36a69ddfb598,2025-12-20,2025-12-23,3
c45a9a61-67dd-580b-a458-7ab1a4eee1dc,e8aeb018-f679-5670-b210-de4f62ff2111,41cb90d0-d91a-57c2-b138-831be351479f,d2f08f15-f9f2-5f65-a740-b05896774467,2025-12-18,2025-12-23,5
2e6a3165-8153-567d-a3d6-244d15e574fd,e8aeb018-f679-5670-b210-de4f62ff2111,a6f6d890-1609-53fc-b4a6-5733ccc9d078,afe9d181-1c64-5cca-b4b7-a9fa24eceeea,2025-12-09,2025-12-23,14
4a9a62f9-2c09-5eda-9228-1f8ab3601bce,e8aeb018-f679-5670-b210-de4f62ff2111,ab4a547f-e75d-5601-8171-00da4efa4b57,07371b94-955f-52a4-9bf9-f0a6ad2b4fa8,2025-12-17,2025-12-24,7
e9928f3f-691c-50ee-ad99-a0c4dc748046,e8aeb018-f679-5670-b210-de4f62ff2111,41cb90d0-d91a-57c2-b138-831be351479f,38adf7ba-476e-5e6b-9163-781a13538253,2025-12-19,2025-12-24,5
5f3d1e64-1338-547f-95ae-20c335659e5b,e8aeb018-f679-5670-b210-de4f62ff2111,76d6c9f4-5d7d-53c0-bb1f-2a577383765a,2082733c-4e17-51fe-bc8c-bf33d3ec5d7e,2025-12-22,2025-12-25,3
7c50c931-1f1e-5b42-a5a3-490f7a4fa85b,e8aeb018-f679-5670-b210-de4f62ff2111,ab4a547f-e75d-5601-8171-00da4efa4b57,97d26d91-c562-5f27-9ebd-285e89c8f4bf,2025-12-18,2025-12-25,7
16abc98a-5c40-59f9-ab56-f7d6bec67d94,e8aeb018-f679-5670-b210-de4f62ff2111,76d6c9f4-5d7d-53c0-bb1f-2a577383765a,d0ae6d2d-e561-56b3-a2c1-113c1c56ae81,2025-12-22,2025-12-25,3
20857660-cf51-58b6-8ca1-074e0c128c51,e8aeb018-f679-5670-b210-de4f62ff2111,76d6c9f4-5d7d-53c0-bb1f-2a577383765a,d3961f5a-3ea7-53d3-89f4-78b65b0c0c6b,2025-12-22,2025-12-25,3
748bac09-9160-5376-982d-d8213114ba76,e8aeb018-f679-5670-b210-de4f62ff2111,76d6c9f4-5d7d-53c0-bb1f-2a577383765a,2082733c-4e17-51fe-bc8c-bf33d3ec5d7e,2025-12-22,2025-12-25,3
31310ea5-d16e-5b09-93bc-8e443753c394,e8aeb018-f679-5670-b210-de4f62ff2111,ab4a547f-e75d-5601-8171-00da4efa4b57,012857cc-907f-5e7d-b8fb-796d2c9f1621,2025-12-18,2025-12-25,7
6f0aa4ac-e1f4-5c52-beb5-0feabb1223a6,e8aeb018-f679-5670-b210-de4f62ff2111,76d6c9f4-5d7d-53c0-bb1f-2a577383765a,d0ae6d2d-e561-56b3-a2c1-113c1c56ae81,2025-12-22,2025-12-25,3
9b2b50ab-8256-5e1f-80f8-1c5092deae66,e8aeb018-f679-5670-b210-de4f62ff2111,41cb90d0-d91a-57c2-b138-831be351479f,2897aac2-f219-5167-b800-73fac27f6b85,2025-12-20,2025-12-25,5
6ac2629e-63cf-5a4a-b611-f2ed71a2ffb9,e8aeb018-f679-5670-b210-de4f62ff2111,a6f6d890-1609-53fc-b4a6-5733ccc9d078,1e9605fd-5682-52b6-8f05-e8a92dd44513,2025-12-12,2025-12-26,14
88852137-0231-5e1b-ac3f-0f9beb9b234a,e8aeb018-f679-5670-b210-de4f62ff2111,c6617891-56ff-5690-89a4-1ece06685ff5,87b859e0-789a-56e6-b1ba-4fe76221d3bf,2025-12-16,2025-12-26,10
97033383-4423-5798-a09e-bb9d50a38409,e8aeb018-f679-5670-b210-de4f62ff2111,c6617891-56ff-5690-89a4-1ece06685ff5,2eb3a104-e572-583a-afa0-156ee0dc4cce,2025-12-16,2025-12-26,10
e8aba8f8-5770-5362-807e-f5858d6e1143,e8aeb018-f679-5670-b210-de4f62ff2111,ab4a547f-e75d-5601-8171-00da4efa4b57,94e18241-54bd-5516-b36f-94ab6e323aca,2025-12-19,2025-12-26,7
e2c337fe-e5d7-5e6a-b27a-323184c952ef,e8aeb018-f679-5670-b210-de4f62ff2111,ab4a547f-e75d-5601-8171-00da4efa4b57,22231140-3780-5fe8-a7d4-d33f61d15111,2025-12-19,2025-12-26,7
302fb2b2-3598-56b4-886e-700d9227e80e,e8aeb018-f679-5670-b210-de4f62ff2111,76d6c9f4-5d7d-53c0-bb1f-2a577383765a,d3961f5a-3ea7-53d3-89f4-78b65b0c0c6b,2025-12-24,2025-12-27,3
d9962bb1-1492-5168-bc5a-fef776cf3fb3,e8aeb018-f679-5670-b210-de4f62ff2111,ab4a547f-e75d-5601-8171-00da4efa4b57,22231140-3780-5fe8-a7d4-d33f61d15111,2025-12-20,2025-12-27,7
d6b0bb30-f7c1-5d6c-a528-99d95554c594,e8aeb018-f679-5670-b210-de4f62ff2111,a6f6d890-1609-53fc-b4a6-5733ccc9d078,983871db-adfb-543e-b438-6b00044ffb64,2025-12-13,2025-12-27,14
ceab35d1-8908-5df3-b81d-a13441924d58,e8aeb018-f679-5670-b210-de4f62ff2111,ab4a547f-e75d-5601-8171-00da4efa4b57,97d26d91-c562-5f27-9ebd-285e89c8f4bf,2025-12-20,2025-12-27,7
4b0be17c-3010-5f36-874f-60137e90aa6a,e8aeb018-f679-5670-b210-de4f62ff2111,c6617891-56ff-5690-89a4-1ece06685ff5,d9506935-1215-5499-93c0-8bdd86ab9418,2025-12-18,2025-12-28,10
14409ce2-9d12-52e5-b515-a6acf863f5f4,e8aeb018-f679-5670-b210-de4f62ff2111,76d6c9f4-5d7d-53c0-bb1f-2a577383765a,c0cf5e5c-b5c9-585a-8e79-d9830bc954f6,2025-12-25,2025-12-28,3
67c568ef-8f86-56fc-bd8a-cd07dec5ab54,e8aeb018-f679-5670-b210-de4f62ff2111,c6617891-56ff-5690-89a4-1ece06685ff5,1ca3438e-9e23-58f0-a35f-f15f7a23beb9,2025-12-18,2025-12-28,10
8a3806d7-f6ab-5f9a-80fb-1adeaad0ea89,e8aeb018-f679-5670-b210-de4f62ff2111,76d6c9f4-5d7d-53c0-bb1f-2a577383765a,c0cf5e5c-b5c9-585a-8e79-d9830bc954f6,2025-12-26,2025-12-29,3
c455db7d-0d9d-52bc-aa61-37c9925096d6,e8aeb018-f679-5670-b210-de4f62ff2111,ab4a547f-e75d-5601-8171-00da4efa4b57,97d26d91-c562-5f27-9ebd-285e89c8f4bf,2025-12-22,2025-12-29,7
a0c59a0d-f2f6-5004-a714-51c78e25fa9b,e8aeb018-f679-5670-b210-de4f62ff2111,a6f6d890-1609-53fc-b4a6-5733ccc9d078,4d9429b6-2ebf-5b5d-ac48-f779d5a1e270,2025-12-15,2025-12-29,14
34904a00-b5b6-592c-9b1b-021f15f54c6f,e8aeb018-f679-5670-b210-de4f62ff2111,ab4a547f-e75d-5601-8171-00da4efa4b57,94e18241-54bd-5516-b36f-94ab6e323aca,2025-12-22,2025-12-29,7
9c94ad1f-498f-53a3-9264-e1a195dfaf61,e8aeb018-f679-5670-b210-de4f62ff2111,c6617891-56ff-5690-89a4-1ece06685ff5,1ca3438e-9e23-58f0-a35f-f15f7a23beb9,2025-12-20,2025-12-30,10
9275f1d4-f4be-56f0-bc07-1f0422887b42,e8aeb018-f679-5670-b210-de4f62ff2111,ab4a547f-e75d-5601-8171-00da4efa4b57,94e18241-54bd-5516-b36f-94ab6e323aca,2025-12-23,2025-12-30,7
a794c013-296e-5555-ba68-b98c56bd4812,e8aeb018-f679-5670-b210-de4f62ff2111,a6f6d890-1609-53fc-b4a6-5733ccc9d078,0ec23038-d3ab-588c-bbd6-1f5c744cdde1,2025-12-16,2025-12-30,14
a75c2a7b-2a89-5994-a7ce-3daf35748ecc,e8aeb018-f679-5670-b210-de4f62ff2111,76d6c9f4-5d7d-53c0-bb1f-2a577383765a,d0ae6d2d-e561-56b3-a2c1-113c1c56ae81,2025-12-27,2025-12-30,3
2ca06151-9b21-5eea-adb2-0ece0863bfb7,e8aeb018-f679-5670-b210-de4f62ff2111,41cb90d0-d91a-57c2-b138-831be351479f,82cd11ba-d1a0-58b1-b14f-edd741f36e87,2025-12-25,2025-12-30,5
8931ed4c-d683-551f-a0cd-32f221b99dd2,e8aeb018-f679-5670-b210-de4f62ff2111,a6f6d890-1609-53fc-b4a6-5733ccc9d078,4d9429b6-2ebf-5b5d-ac48-f779d5a1e270,2025-12-17,2025-12-31,14
180bc924-c41d-5349-af95-9a38db017caa,e8aeb018-f679-5670-b210-de4f62ff2111,ab4a547f-e75d-5601-8171-00da4efa4b57,94e18241-54bd-5516-b36f-94ab6e323aca,2025-12-24,2025-12-31,7
5b30fb55-bb78-5c2c-afab-e2b642bf7a28,e8aeb018-f679-5670-b210-de4f62ff2111,41cb90d0-d91a-57c2-b138-831be351479f,38adf7ba-476e-5e6b-9163-781a13538253,2025-12-26,2025-12-31,5
7c15ca94-ab25-5687-9206-32751d13863c,e8aeb018-f679-5670-b210-de4f62ff2111,a6f6d890-1609-53fc-b4a6-5733ccc9d078,9928e9a1-d9fc-5fdd-86c2-8909352fd7fe,2025-12-17,2025-12-31,14
5a704599-350d-538d-a127-bafec23ccada,e8aeb018-f679-5670-b210-de4f62ff2111,76d6c9f4-5d7d-53c0-bb1f-2a577383765a,c0cf5e5c-b5c9-585a-8e79-d9830bc954f6,2025-12-29,2026-01-01,3
fe06e941-ac41-53ea-9b03-a2ee53258093,e8aeb018-f679-5670-b210-de4f62ff2111,a6f6d890-1609-53fc-b4a6-5733ccc9d078,afe9d181-1c64-5cca-b4b7-a9fa24eceeea,2025-12-18,2026-01-01,14
64ff3ed3-9c75-53e4-b90b-1ab3aedb36df,e8aeb018-f679-5670-b210-de4f62ff2111,a6f6d890-1609-53fc-b4a6-5733ccc9d078,9928e9a1-d9fc-5fdd-86c2-8909352fd7fe,2025-12-18,2026-01-01,14
79331f3a-1275-5904-bff8-8c45f5d8385c,e8aeb018-f679-5670-b210-de4f62ff2111,41cb90d0-d91a-57c2-b138-831be351479f,6baabed2-52d7-5cb7-bf74-86c7cb3e4f07,2025-12-27,2026-01-01,5
6d84fa2b-5c34-5110-8210-b2206f32a28d,e8aeb018-f679-5670-b210-de4f62ff2111,76d6c9f4-5d7d-53c0-bb1f-2a577383765a,d3961f5a-3ea7-53d3-89f4-78b65b0c0c6b,2025-12-29,2026-01-01,3
94eda343-e06d-50c9-b709-efff67418384,e8aeb018-f679-5670-b210-de4f62ff2111,41cb90d0-d91a-57c2-b138-831be351479f,2933d8b7-2438-521b-b38d-d3a5224f87fc,2025-12-27,2026-01-01,5
2c0bf1a2-10d0-5c71-b1c9-7fb9745da3b2,e8aeb018-f679-5670-b210-de4f62ff2111,c6617891-56ff-5690-89a4-1ece06685ff5,87b859e0-789a-56e6-b1ba-4fe76221d3bf,2025-12-22,2026-01-01,10
a500fdcb-fbd8-593b-8c63-70b00b015c1b,e8aeb018-f679-5670-b210-de4f62ff2111,c6617891-56ff-5690-89a4-1ece06685ff5,1ca3438e-9e23-58f0-a35f-f15f7a23beb9,2025-12-22,2026-01-01,10
8a4e61b3-6a08-5a1c-ae48-1b0a7ffbb8db,e8aeb018-f679-5670-b210-de4f62ff2111,76d6c9f4-5d7d-53c0-bb1f-2a577383765a,d3961f5a-3ea7-53d3-89f4-78b65b0c0c6b,2025-12-29,2026-01-01,3
2c50c95a-9106-58e8-bf98-e31e5ea8af7a,e8aeb018-f679-5670-b210-de4f62ff2111,76d6c9f4-5d7d-53c0-bb1f-2a577383765a,2082733c-4e17-51fe-bc8c-bf33d3ec5d7e,2025-12-29,2026-01-01,3
0266d6b2-74ba-58d3-8c1f-127e8399b3c3,e8aeb018-f679-5670-b210-de4f62ff2111,a6f6d890-1609-53fc-b4a6-5733ccc9d078,983871db-adfb-543e-b438-6b00044ffb64,2025-12-19,2026-01-02,14
3f070b33-cc8f-5ec5-9230-5cc8a4bb6c25,e8aeb018-f679-5670-b210-de4f62ff2111,c6617891-56ff-5690-89a4-1ece06685ff5,2eb3a104-e572-583a-afa0-156ee0dc4cce,2025-12-23,2026-01-02,10
75f8b278-88ed-5b8a-ad6f-d744b503c75c,e8aeb018-f679-5670-b210-de4f62ff2111,c6617891-56ff-5690-89a4-1ece06685ff5,1ca3438e-9e23-58f0-a35f-f15f7a23beb9,2025-12-23,2026-01-02,10
c87748ee-46d7-5294-afd3-cb98617e56ba,e8aeb018-f679-5670-b210-de4f62ff2111,ab4a547f-e75d-5601-8171-00da4efa4b57,6d807393-f4ab-5f76-b544-251eeda27ba3,2025-12-26,2026-01-02,7
38f11947-1f61-5de5-9710-16e58ccaf2c3,e8aeb018-f679-5670-b210-de4f62ff2111,a6f6d890-1609-53fc-b4a6-5733ccc9d078,4d9429b6-2ebf-5b5d-ac48-f779d5a1e270,2025-12-19,2026-01-02,14
635d6700-d18f-5d70-9b5c-e173028ffe59,e8aeb018-f679-5670-b210-de4f62ff2111,76d6c9f4-5d7d-53c0-bb1f-2a577383765a,2082733c-4e17-51fe-bc8c-bf33d3ec5d7e,2025-12-31,2026-01-03,3
593c3723-706a-553a-b70b-9ba5ec2f18ed,e8aeb018-f679-5670-b210-de4f62ff2111,41cb90d0-d91a-57c2-b138-831be351479f,2933d8b7-2438-521b-b38d-d3a5224f87fc,2025-12-30,2026-01-04,5
3f3d3335-716c-5f83-9f78-517a365f7956,e8aeb018-f679-5670-b210-de4f62ff2111,41cb90d0-d91a-57c2-b138-831be351479f,82cd11ba-d1a0-58b1-b14f-edd741f36e87,2025-12-30,2026-01-04,5
8e3854c6-2987-5d18-ae02-c8f520fcb575,e8aeb018-f679-5670-b210-de4f62ff2111,41cb90d0-d91a-57c2-b138-831be351479f,38adf7ba-476e-5e6b-9163-781a13538253,2025-12-30,2026-01-04,5
049c9af7-4e88-546e-90ad-54b9d68d6a94,e8aeb018-f679-5670-b210-de4f62ff2111,c6617891-56ff-5690-89a4-1ece06685ff5,042e2e80-f954-5df4-97be-29dd428cc598,2025-12-25,2026-01-04,10
7d59edfd-a349-5f1e-bb7e-eac9b9e230e9,e8aeb018-f679-5670-b210-de4f62ff2111,41cb90d0-d91a-57c2-b138-831be351479f,82cd11ba-d1a0-58b1-b14f-edd741f36e87,2025-12-30,2026-01-04,5
0b6a366c-b65f-556c-af6d-c170c4c79454,e8aeb018-f679-5670-b210-de4f62ff2111,c6617891-56ff-5690-89a4-1ece06685ff5,058c6382-bde2-59d1-93ff-20c6161a4736,2025-12-25,2026-01-04,10
17470fef-e662-5306-bb9b-1ff65a904177,e8aeb018-f679-5670-b210-de4f62ff2111,41cb90d0-d91a-57c2-b138-831be351479f,6baabed2-52d7-5cb7-bf74-86c7cb3e4f07,2025-12-30,2026-01-04,5
94ebf742-71bd-5b93-95f3-b6e927bb4129,e8aeb018-f679-5670-b210-de4f62ff2111,ab4a547f-e75d-5601-8171-00da4efa4b57,07371b94-955f-52a4-9bf9-f0a6ad2b4fa8,2025-12-29,2026-01-05,7
7323b8a2-1e41-54a7-bdd3-479e615a98e3,e8aeb018-f679-5670-b210-de4f62ff2111,76d6c9f4-5d7d-53c0-bb1f-2a577383765a,d0ae6d2d-e561-56b3-a2c1-113c1c56ae81,2026-01-02,2026-01-05,3
78205e46-3ad3-5d94-8323-5c89e0d34cfc,e8aeb018-f679-5670-b210-de4f62ff2111,c6617891-56ff-5690-89a4-1ece06685ff5,2eb3a104-e572-583a-afa0-156ee0dc4cce,2025-12-26,2026-01-05,10
f04f3c68-89e9-5ab8-a828-b73a8fce430f,e8aeb018-f679-5670-b210-de4f62ff2111,a6f6d890-1609-53fc-b4a6-5733ccc9d078,1e9605fd-5682-52b6-8f05-e8a92dd44513,2025-12-22,2026-01-05,14
12442727-b9d7-5dac-b33f-280bc52b50f1,e8aeb018-f679-5670-b210-de4f62ff2111,ab4a547f-e75d-5601-8171-00da4efa4b57,97d26d91-c562-5f27-9ebd-285e89c8f4bf,2025-12-29,2026-01-05,7
83cc14c8-4df0-54d4-b73f-7a00f50d3bca,e8aeb018-f679-5670-b210-de4f62ff2111,41cb90d0-d91a-57c2-b138-831be351479f,38adf7ba-476e-5e6b-9163-781a13538253,2026-01-01,2026-01-06,5
61d2b096-5e49-593c-ae78-1c8c83a1854b,e8aeb018-f679-5670-b210-de4f62ff2111,c6617891-56ff-5690-89a4-1ece06685ff5,87b859e0-789a-56e6-b1ba-4fe76221d3bf,2025-12-27,2026-01-06,10
1c84a58b-cd59-5cd8-956f-f03b5aebaa82,e8aeb018-f679-5670-b210-de4f62ff2111,a6f6d890-1609-53fc-b4a6-5733ccc9d078,0ec23038-d3ab-588c-bbd6-1f5c744cdde1,2025-12-23,2026-01-06,14
ad6bfdba-cfca-54c5-b7f8-0320d37cfb7e,e8aeb018-f679-5670-b210-de4f62ff2111,a6f6d890-1609-53fc-b4a6-5733ccc9d078,983871db-adfb-543e-b438-6b00044ffb64,2025-12-24,2026-01-07,14
95b73175-3c9c-5a30-99d7-e057e28f4790,e8aeb018-f679-5670-b210-de4f62ff2111,a6f6d890-1609-53fc-b4a6-5733ccc9d078,4d9429b6-2ebf-5b5d-ac48-f779d5a1e270,2025-12-24,2026-01-07,14
4a2c4b07-bb44-55fc-aa8e-04e90b4239fe,e8aeb018-f679-5670-b210-de4f62ff2111,a6f6d890-1609-53fc-b4a6-5733ccc9d078,0ec23038-d3ab-588c-bbd6-1f5c744cdde1,2025-12-24,2026-01-07,14
a1ff636e-2400-5eb0-a82b-6f66726dcd77,e8aeb018-f679-5670-b210-de4f62ff2111,76d6c9f4-5d7d-53c0-bb1f-2a577383765a,5bbfdec8-65ae-59e6-b211-5eccb5b765fa,2026-01-05,2026-01-08,3
899129f4-cc1c-5724-a5fa-2e65a6fb60b8,e8aeb018-f679-5670-b210-de4f62ff2111,76d6c9f4-5d7d-53c0-bb1f-2a577383765a,c0cf5e5c-b5c9-585a-8e79-d9830bc954f6,2026-01-05,2026-01-08,3
fd58fda6-1fda-5dae-ba79-4fd1faa98b1b,e8aeb018-f679-5670-b210-de4f62ff2111,41cb90d0-d91a-57c2-b138-831be351479f,38adf7ba-476e-5e6b-9163-781a13538253,2026-01-03,2026-01-08,5
57053849-17d5-5b56-b926-0c428d33acdd,e8aeb018-f679-5670-b210-de4f62ff2111,c6617891-56ff-5690-89a4-1ece06685ff5,058c6382-bde2-59d1-93ff-20c6161a4736,2025-12-30,2026-01-09,10
b13c153a-7897-5ad3-aaa6-7c7aa6fcc9de,e8aeb018-f679-5670-b210-de4f62ff2111,ab4a547f-e75d-5601-8171-00da4efa4b57,07371b94-955f-52a4-9bf9-f0a6ad2b4fa8,2026-01-02,2026-01-09,7
9a9a62fd-b904-5eb8-950c-ede26771c37c,e8aeb018-f679-5670-b210-de4f62ff2111,76d6c9f4-5d7d-53c0-bb1f-2a577383765a,cd81184b-b6f1-563c-b463-36a69ddfb598,2026-01-07,2026-01-10,3
8ce8a4bf-17f1-5f7e-9a49-0fa34d1d4038,e8aeb018-f679-5670-b210-de4f62ff2111,76d6c9f4-5d7d-53c0-bb1f-2a577383765a,2082733c-4e17-51fe-bc8c-bf33d3ec5d7e,2026-01-07,2026-01-10,3
e01ea095-59de-5469-a31d-8ba9188673ef,e8aeb018-f679-5670-b210-de4f62ff2111,41cb90d0-d91a-57c2-b138-831be351479f,2897aac2-f219-5167-b800-73fac27f6b85,2026-01-05,2026-01-10,5
f4746278-67d1-5c5a-8d6f-8be1e550ea44,e8aeb018-f679-5670-b210-de4f62ff2111,41cb90d0-d91a-57c2-b138-831be351479f,38adf7ba-476e-5e6b-9163-781a13538253,2026-01-06,2026-01-11,5
63ffa0b9-e3f8-5aa6-8479-d303dde8a6e9,e8aeb018-f679-5670-b210-de4f62ff2111,ab4a547f-e75d-5601-8171-00da4efa4b57,94e18241-54bd-5516-b36f-94ab6e323aca,2026-01-05,2026-01-12,7
ff09d413-ff60-5786-9698-bb20394cdf07,e8aeb018-f679-5670-b210-de4f62ff2111,41cb90d0-d91a-57c2-b138-831be351479f,d2f08f15-f9f2-5f65-a740-b05896774467,2026-01-07,2026-01-12,5
185c37f8-edf4-5b11-bfaf-c4e109c66489,e8aeb018-f679-5670-b210-de4f62ff2111,ab4a547f-e75d-5601-8171-00da4efa4b57,22231140-3780-5fe8-a7d4-d33f61d15111,2026-01-05,2026-01-12,7
f8896278-f1a2-5425-b1f3-c3da920a02e7,e8aeb018-f679-5670-b210-de4f62ff2111,41cb90d0-d91a-57c2-b138-831be351479f,2933d8b7-2438-521b-b38d-d3a5224f87fc,2026-01-07,2026-01-12,5
6b5b2156-3ebe-5894-b046-d55b7ed335cc,e8aeb018-f679-5670-b210-de4f62ff2111,c6617891-56ff-5690-89a4-1ece06685ff5,058c6382-bde2-59d1-93ff-20c6161a4736,2026-01-02,2026-01-12,10
b37ea246-4f7c-55ef-9fd9-bf22b408be02,e8aeb018-f679-5670-b210-de4f62ff2111,c6617891-56ff-5690-89a4-1ece06685ff5,1ca3438e-9e23-58f0-a35f-f15f7a23beb9,2026-01-02,2026-01-12,10
4ace8898-e855-57eb-bbda-b0a24a9d7849,e8aeb018-f679-5670-b210-de4f62ff2111,76d6c9f4-5d7d-53c0-bb1f-2a577383765a,5bbfdec8-65ae-59e6-b211-5eccb5b765fa,2026-01-09,2026-01-12,3
422717d9-aedc-5c08-b906-0ab2aad01d91,e8aeb018-f679-5670-b210-de4f62ff2111,c6617891-56ff-5690-89a4-1ece06685ff5,d9506935-1215-5499-93c0-8bdd86ab9418,2026-01-02,2026-01-12,10
b8f41736-0ad5-5e0d-b860-6b799f2c275d,e8aeb018-f679-5670-b210-de4f62ff2111,a6f6d890-1609-53fc-b4a6-5733ccc9d078,4d9429b6-2ebf-5b5d-ac48-f779d5a1e270,2025-12-30,2026-01-13,14
89b5ae52-6ead-55ee-8b7d-39182d789634,e8aeb018-f679-5670-b210-de4f62ff2111,ab4a547f-e75d-5601-8171-00da4efa4b57,6d807393-f4ab-5f76-b544-251eeda27ba3,2026-01-06,2026-01-13,7
4c698d91-45a3-526a-9466-6e8081a85656,e8aeb018-f679-5670-b210-de4f62ff2111,a6f6d890-1609-53fc-b4a6-5733ccc9d078,9928e9a1-d9fc-5fdd-86c2-8909352fd7fe,2025-12-31,2026-01-14,14
d0df2c4c-a78f-5fb2-8ed5-b7713550877c,e8aeb018-f679-5670-b210-de4f62ff2111,c6617891-56ff-5690-89a4-1ece06685ff5,2eb3a104-e572-583a-afa0-156ee0dc4cce,2026-01-05,2026-01-15,10
fb8e0765-8bce-560b-976d-04e4cbce7942,e8aeb018-f679-5670-b210-de4f62ff2111,41cb90d0-d91a-57c2-b138-831be351479f,82cd11ba-d1a0-58b1-b14f-edd741f36e87,2026-01-10,2026-01-15,5
f2f5edcd-d01c-5907-a411-06bbb6fd2ea6,e8aeb018-f679-5670-b210-de4f62ff2111,ab4a547f-e75d-5601-8171-00da4efa4b57,07371b94-955f-52a4-9bf9-f0a6ad2b4fa8,2026-01-08,2026-01-15,7
e8093c16-9fb5-5446-acb4-bb9788c5291b,e8aeb018-f679-5670-b210-de4f62ff2111,c6617891-56ff-5690-89a4-1ece06685ff5,87b859e0-789a-56e6-b1ba-4fe76221d3bf,2026-01-05,2026-01-15,10
c90a6791-5c31-5768-9dc4-13e72e326ef3,e8aeb018-f679-5670-b210-de4f62ff2111,76d6c9f4-5d7d-53c0-bb1f-2a577383765a,cd81184b-b6f1-563c-b463-36a69ddfb598,2026-01-12,2026-01-15,3
582da8f6-7eff-5b6e-9e21-c5eb594fcb93,e8aeb018-f679-5670-b210-de4f62ff2111,ab4a547f-e75d-5601-8171-00da4efa4b57,07371b94-955f-52a4-9bf9-f0a6ad2b4fa8,2026-01-09,2026-01-16,7
ebda2e91-3a32-5a2a-8ccc-b11d032f3e56,e8aeb018-f679-5670-b210-de4f62ff2111,76d6c9f4-5d7d-53c0-bb1f-2a577383765a,5bbfdec8-65ae-59e6-b211-5eccb5b765fa,2026-01-13,2026-01-16,3
a5050e5a-3dff-51cc-9ef2-4d7b399feaa1,e8aeb018-f679-5670-b210-de4f62ff2111,ab4a547f-e75d-5601-8171-00da4efa4b57,012857cc-907f-5e7d-b8fb-796d2c9f1621,2026-01-09,2026-01-16,7
23e2ee1f-2163-54e2-825e-6d3a0c898e9a,e8aeb018-f679-5670-b210-de4f62ff2111,76d6c9f4-5d7d-53c0-bb1f-2a577383765a,5bbfdec8-65ae-59e6-b211-5eccb5b765fa,2026-01-13,2026-01-16,3
b0328ef2-f6ae-5ddf-b306-415173a2beb2,e8aeb018-f679-5670-b210-de4f62ff2111,ab4a547f-e75d-5601-8171-00da4efa4b57,94e18241-54bd-5516-b36f-94ab6e323aca,2026-01-09,2026-01-16,7
92879826-8289-50fd-b99b-7ad4c92db788,e8aeb018-f679-5670-b210-de4f62ff2111,76d6c9f4-5d7d-53c0-bb1f-2a577383765a,cd81184b-b6f1-563c-b463-36a69ddfb598,2026-01-14,2026-01-17,3
547aaed5-7ed7-5dbf-83af-bf96867ee684,e8aeb018-f679-5670-b210-de4f62ff2111,41cb90d0-d91a-57c2-b138-831be351479f,d2f08f15-f9f2-5f65-a740-b05896774467,2026-01-12,2026-01-17,5
32c197d7-6aed-594a-a0ee-1fcf2550b6d8,e8aeb018-f679-5670-b210-de4f62ff2111,41cb90d0-d91a-57c2-b138-831be351479f,2897aac2-f219-5167-b800-73fac27f6b85,2026-01-12,2026-01-17,5
797f6481-f1a5-55fc-bfd0-98b23fd83e4e,e8aeb018-f679-5670-b210-de4f62ff2111,41cb90d0-d91a-57c2-b138-831be351479f,2897aac2-f219-5167-b800-73fac27f6b85,2026-01-12,2026-01-17,5
65caadf1-ab1d-59bf-b9c7-dea7ea8f0adb,e8aeb018-f679-5670-b210-de4f62ff2111,76d6c9f4-5d7d-53c0-bb1f-2a577383765a,d3961f5a-3ea7-53d3-89f4-78b65b0c0c6b,2026-01-15,2026-01-18,3
5fb3fb42-484e-5375-b1e2-1aca4cb40788,e8aeb018-f679-5670-b210-de4f62ff2111,76d6c9f4-5d7d-53c0-bb1f-2a577383765a,5bbfdec8-65ae-59e6-b211-5eccb5b765fa,2026-01-15,2026-01-18,3
82694761-98e1-5ec8-968e-cf2ab5120a77,e8aeb018-f679-5670-b210-de4f62ff2111,c6617891-56ff-5690-89a4-1ece06685ff5,042e2e80-f954-5df4-97be-29dd428cc598,2026-01-08,2026-01-18,10
05b118f2-d444-5d2d-88b2-aa7cb216b16b,e8aeb018-f679-5670-b210-de4f62ff2111,ab4a547f-e75d-5601-8171-00da4efa4b57,6d807393-f4ab-5f76-b544-251eeda27ba3,2026-01-12,2026-01-19,7
846814e3-c123-5522-acd3-fd73b1b2aab6,e8aeb018-f679-5670-b210-de4f62ff2111,c6617891-56ff-5690-89a4-1ece06685ff5,058c6382-bde2-59d1-93ff-20c6161a4736,2026-01-09,2026-01-19,10
ab2aa3c1-e196-543c-8f1c-c85775295a1a,e8aeb018-f679-5670-b210-de4f62ff2111,ab4a547f-e75d-5601-8171-00da4efa4b57,94e18241-54bd-5516-b36f-94ab6e323aca,2026-01-13,2026-01-20,7
0ecb363e-5755-5cb5-aa16-f5a1d1109012,e8aeb018-f679-5670-b210-de4f62ff2111,c6617891-56ff-5690-89a4-1ece06685ff5,87b859e0-789a-56e6-b1ba-4fe76221d3bf,2026-01-10,2026-01-20,10
505a48fc-b6fc-5d63-93b7-24661e462369,e8aeb018-f679-5670-b210-de4f62ff2111,c6617891-56ff-5690-89a4-1ece06685ff5,87b859e0-789a-56e6-b1ba-4fe76221d3bf,2026-01-10,2026-01-20,10
4028f6f8-49de-5a81-9bae-dee068e4ef44,e8aeb018-f679-5670-b210-de4f62ff2111,41cb90d0-d91a-57c2-b138-831be351479f,6baabed2-52d7-5cb7-bf74-86c7cb3e4f07,2026-01-15,2026-01-20,5
4d39981d-93b7-54ef-b7dd-a283eeaa0435,e8aeb018-f679-5670-b210-de4f62ff2111,41cb90d0-d91a-57c2-b138-831be351479f,d2f08f15-f9f2-5f65-a740-b05896774467,2026-01-15,2026-01-20,5
eadc7170-e084-5e63-aaa0-a70d8dd6a7fa,e8aeb018-f679-5670-b210-de4f62ff2111,c6617891-56ff-5690-89a4-1ece06685ff5,2eb3a104-e572-583a-afa0-156ee0dc4cce,2026-01-10,2026-01-20,10
d70f47be-f1f7-5f85-a162-45bb17ae94eb,e8aeb018-f679-5670-b210-de4f62ff2111,c6617891-56ff-5690-89a4-1ece06685ff5,1ca3438e-9e23-58f0-a35f-f15f7a23beb9,2026-01-10,2026-01-20,10
441ecf5c-bf92-5f8d-a70c-c12d46bd0aa4,e8aeb018-f679-5670-b210-de4f62ff2111,a6f6d890-1609-53fc-b4a6-5733ccc9d078,1e9605fd-5682-52b6-8f05-e8a92dd44513,2026-01-07,2026-01-21,14
b413b976-a326-513f-b09e-064796fa2849,e8aeb018-f679-5670-b210-de4f62ff2111,41cb90d0-d91a-57c2-b138-831be351479f,d2f08f15-f9f2-5f65-a740-b05896774467,2026-01-16,2026-01-21,5
89e40aa5-b793-5751-8553-72aeb85b5dd1,e8aeb018-f679-5670-b210-de4f62ff2111,ab4a547f-e75d-5601-8171-00da4efa4b57,97d26d91-c562-5f27-9ebd-285e89c8f4bf,2026-01-14,2026-01-21,7
e2b5a6f5-7903-5fac-8c8b-3df650144938,e8aeb018-f679-5670-b210-de4f62ff2111,a6f6d890-1609-53fc-b4a6-5733ccc9d078,9928e9a1-d9fc-5fdd-86c2-8909352fd7fe,2026-01-07,2026-01-21,14
9a81760f-2af3-5439-b97d-7b4729af36a1,e8aeb018-f679-5670-b210-de4f62ff2111,41cb90d0-d91a-57c2-b138-831be351479f,38adf7ba-476e-5e6b-9163-781a13538253,2026-01-16,2026-01-21,5
3e3b659d-b1ba-5df9-be5f-4cc8510e77d2,e8aeb018-f679-5670-b210-de4f62ff2111,ab4a547f-e75d-5601-8171-00da4efa4b57,6d807393-f4ab-5f76-b544-251eeda27ba3,2026-01-14,2026-01-21,7
8612c79c-34cb-56b9-9991-c19c2e3f50ed,e8aeb018-f679-5670-b210-de4f62ff2111,c6617891-56ff-5690-89a4-1ece06685ff5,042e2e80-f954-5df4-97be-29dd428cc598,2026-01-12,2026-01-22,10
7ba81087-ab97-58be-853f-c7184b8fb101,e8aeb018-f679-5670-b210-de4f62ff2111,41cb90d0-d91a-57c2-b138-831be351479f,82cd11ba-d1a0-58b1-b14f-edd741f36e87,2026-01-17,2026-01-22,5
9ddadc13-2ab6-5dd4-8f01-429031fdfbcd,e8aeb018-f679-5670-b210-de4f62ff2111,76d6c9f4-5d7d-53c0-bb1f-2a577383765a,c0cf5e5c-b5c9-585a-8e79-d9830bc954f6,2026-01-19,2026-01-22,3
477f6815-8885-561a-b16c-9989c8645760,e8aeb018-f679-5670-b210-de4f62ff2111,76d6c9f4-5d7d-53c0-bb1f-2a577383765a,2082733c-4e17-51fe-bc8c-bf33d3ec5d7e,2026-01-19,2026-01-22,3
4c0f7307-8f1b-5f42-9c39-93a179976797,e8aeb018-f679-5670-b210-de4f62ff2111,c6617891-56ff-5690-89a4-1ece06685ff5,1ca3438e-9e23-58f0-a35f-f15f7a23beb9,2026-01-12,2026-01-22,10
24105845-f00d-5db7-9a3f-f1019811d425,e8aeb018-f679-5670-b210-de4f62ff2111,76d6c9f4-5d7d-53c0-bb1f-2a577383765a,c0cf5e5c-b5c9-585a-8e79-d9830bc954f6,2026-01-19,2026-01-22,3
c1a7c1a5-2700-5f68-b140-05465f4ddc0f,e8aeb018-f679-5670-b210-de4f62ff2111,41cb90d0-d91a-57c2-b138-831be351479f,38adf7ba-476e-5e6b-9163-781a13538253,2026-01-17,2026-01-22,5
c211758d-1038-5a83-b319-5656519b3bec,e8aeb018-f679-5670-b210-de4f62ff2111,ab4a547f-e75d-5601-8171-00da4efa4b57,94e18241-54bd-5516-b36f-94ab6e323aca,2026-01-15,2026-01-22,7
61e75fda-3b6d-5cf3-8b11-856eb59a8bc0,e8aeb018-f679-5670-b210-de4f62ff2111,41cb90d0-d91a-57c2-b138-831be351479f,2933d8b7-2438-521b-b38d-d3a5224f87fc,2026-01-17,2026-01-22,5
c720e35b-a60a-5440-b76f-8b5c649938d1,e8aeb018-f679-5670-b210-de4f62ff2111,ab4a547f-e75d-5601-8171-00da4efa4b57,012857cc-907f-5e7d-b8fb-796d2c9f1621,2026-01-15,2026-01-22,7
d16c200a-03cb-510f-87b7-c97e483e88a0,e8aeb018-f679-5670-b210-de4f62ff2111,76d6c9f4-5d7d-53c0-bb1f-2a577383765a,d0ae6d2d-e561-56b3-a2c1-113c1c56ae81,2026-01-20,2026-01-23,3
f0ef5cca-10e1-54a3-8fd9-e989c9524172,e8aeb018-f679-5670-b210-de4f62ff2111,ab4a547f-e75d-5601-8171-00da4efa4b57,012857cc-907f-5e7d-b8fb-796d2c9f1621,2026-01-16,2026-01-23,7
ec296a6f-f42a-5fac-b716-a0c73899311e,e8aeb018-f679-5670-b210-de4f62ff2111,ab4a547f-e75d-5601-8171-00da4efa4b57,6d807393-f4ab-5f76-b544-251eeda27ba3,2026-01-16,2026-01-23,7
c30e6a4d-5ca6-580b-8d16-3149bc193ffe,e8aeb018-f679-5670-b210-de4f62ff2111,c6617891-56ff-5690-89a4-1ece06685ff5,042e2e80-f954-5df4-97be-29dd428cc598,2026-01-13,2026-01-23,10
87c3e22e-531e-5fb0-bc29-060e29b815ab,e8aeb018-f679-5670-b210-de4f62ff2111,ab4a547f-e75d-5601-8171-00da4efa4b57,22231140-3780-5fe8-a7d4-d33f61d15111,2026-01-16,2026-01-23,7
316ff515-511d-50c0-91bd-3ff37e383e57,e8aeb018-f679-5670-b210-de4f62ff2111,c6617891-56ff-5690-89a4-1ece06685ff5,042e2e80-f954-5df4-97be-29dd428cc598,2026-01-13,2026-01-23,10
7f091aff-8c3b-50f9-9672-a0e203052b82,e8aeb018-f679-5670-b210-de4f62ff2111,76d6c9f4-5d7d-53c0-bb1f-2a577383765a,2082733c-4e17-51fe-bc8c-bf33d3ec5d7e,2026-01-20,2026-01-23,3
fffae143-f407-5df9-83e4-801996dd3c1d,e8aeb018-f679-5670-b210-de4f62ff2111,76d6c9f4-5d7d-53c0-bb1f-2a577383765a,c0cf5e5c-b5c9-585a-8e79-d9830bc954f6,2026-01-20,2026-01-23,3
11b4d962-90b6-59b8-a470-6e02e93459cb,e8aeb018-f679-5670-b210-de4f62ff2111,a6f6d890-1609-53fc-b4a6-5733ccc9d078,1e9605fd-5682-52b6-8f05-e8a92dd44513,2026-01-09,2026-01-23,14
f2b0a95f-472c-5490-83ab-300302816382,e8aeb018-f679-5670-b210-de4f62ff2111,76d6c9f4-5d7d-53c0-bb1f-2a577383765a,c0cf5e5c-b5c9-585a-8e79-d9830bc954f6,2026-01-22,2026-01-25,3
54debc56-50f4-5f18-85a1-4746b5681748,e8aeb018-f679-5670-b210-de4f62ff2111,41cb90d0-d91a-57c2-b138-831be351479f,38adf7ba-476e-5e6b-9163-781a13538253,2026-01-21,2026-01-26,5
0246d4ee-549a-5ba3-9eed-5485014da8c0,e8aeb018-f679-5670-b210-de4f62ff2111,41cb90d0-d91a-57c2-b138-831be351479f,2897aac2-f219-5167-b800-73fac27f6b85,2026-01-21,2026-01-26,5
b94c4db7-fd98-5e26-80d0-8f76c834d030,e8aeb018-f679-5670-b210-de4f62ff2111,a6f6d890-1609-53fc-b4a6-5733ccc9d078,0ec23038-d3ab-588c-bbd6-1f5c744cdde1,2026-01-12,2026-01-26,14
a53f3d4a-d271-5e7b-8f39-ca4383c06130,e8aeb018-f679-5670-b210-de4f62ff2111,41cb90d0-d91a-57c2-b138-831be351479f,6baabed2-52d7-5cb7-bf74-86c7cb3e4f07,2026-01-21,2026-01-26,5
94382ad7-3b11-5c77-a17b-5de80b39826b,e8aeb018-f679-5670-b210-de4f62ff2111,a6f6d890-1609-53fc-b4a6-5733ccc9d078,afe9d181-1c64-5cca-b4b7-a9fa24eceeea,2026-01-12,2026-01-26,14
ea9ce2a5-83d3-57d1-ac5e-e0be0c04d72c,e8aeb018-f679-5670-b210-de4f62ff2111,41cb90d0-d91a-57c2-b138-831be351479f,38adf7ba-476e-5e6b-9163-781a13538253,2026-01-22,2026-01-27,5
18207df0-59b4-53f1-b512-c2b5fb9415b0,e8aeb018-f679-5670-b210-de4f62ff2111,c6617891-56ff-5690-89a4-1ece06685ff5,87b859e0-789a-56e6-b1ba-4fe76221d3bf,2026-01-17,2026-01-27,10
512210bc-14a1-5e76-8b4a-e91899e6131d,e8aeb018-f679-5670-b210-de4f62ff2111,76d6c9f4-5d7d-53c0-bb1f-2a577383765a,cd81184b-b6f1-563c-b463-36a69ddfb598,2026-01-24,2026-01-27,3
b83ed40f-7c8a-5aa5-a1b2-6110b0ccb1c0,e8aeb018-f679-5670-b210-de4f62ff2111,41cb90d0-d91a-57c2-b138-831be351479f,6baabed2-52d7-5cb7-bf74-86c7cb3e4f07,2026-01-22,2026-01-27,5
51edd5ba-c6ac-5549-b463-855387ec812a,e8aeb018-f679-5670-b210-de4f62ff2111,a6f6d890-1609-53fc-b4a6-5733ccc9d078,1e9605fd-5682-52b6-8f05-e8a92dd44513,2026-01-13,2026-01-27,14
a3fece3e-eef2-5c99-bef9-455a2f0ebee4,e8aeb018-f679-5670-b210-de4f62ff2111,a6f6d890-1609-53fc-b4a6-5733ccc9d078,983871db-adfb-543e-b438-6b00044ffb64,2026-01-13,2026-01-27,14
d1657a85-6101-5cc5-8cff-b89c2207255f,e8aeb018-f679-5670-b210-de4f62ff2111,ab4a547f-e75d-5601-8171-00da4efa4b57,012857cc-907f-5e7d-b8fb-796d2c9f1621,2026-01-20,2026-01-27,7
3eb774ae-1c09-5305-9f62-21107641186a,e8aeb018-f679-5670-b210-de4f62ff2111,ab4a547f-e75d-5601-8171-00da4efa4b57,97d26d91-c562-5f27-9ebd-285e89c8f4bf,2026-01-21,2026-01-28,7
228eb195-994e-59cc-b489-0f48ac0fe3d3,e8aeb018-f679-5670-b210-de4f62ff2111,ab4a547f-e75d-5601-8171-00da4efa4b57,94e18241-54bd-5516-b36f-94ab6e323aca,2026-01-21,2026-01-28,7
d44fb1a7-31b9-5ba1-913a-c1bc93c45009,e8aeb018-f679-5670-b210-de4f62ff2111,c6617891-56ff-5690-89a4-1ece06685ff5,058c6382-bde2-59d1-93ff-20c6161a4736,2026-01-19,2026-01-29,10
c1b2aab9-1e94-5861-b9d0-f02b132b2142,e8aeb018-f679-5670-b210-de4f62ff2111,ab4a547f-e75d-5601-8171-00da4efa4b57,012857cc-907f-5e7d-b8fb-796d2c9f1621,2026-01-22,2026-01-29,7
ea74f303-64e5-5ad8-a468-590b486ea858,e8aeb018-f679-5670-b210-de4f62ff2111,c6617891-56ff-5690-89a4-1ece06685ff5,1ca3438e-9e23-58f0-a35f-f15f7a23beb9,2026-01-19,2026-01-29,10
a0f9928d-dc00-58a8-9ebf-b4d91ab0031e,e8aeb018-f679-5670-b210-de4f62ff2111,ab4a547f-e75d-5601-8171-00da4efa4b57,94e18241-54bd-5516-b36f-94ab6e323aca,2026-01-23,2026-01-30,7
4671489b-1002-5c8c-94f2-1c8f4831f810,e8aeb018-f679-5670-b210-de4f62ff2111,c6617891-56ff-5690-89a4-1ece06685ff5,d9506935-1215-5499-93c0-8bdd86ab9418,2026-01-20,2026-01-30,10
c1a43a8f-a695-5cdb-b1ef-79abdfd12d7c,e8aeb018-f679-5670-b210-de4f62ff2111,76d6c9f4-5d7d-53c0-bb1f-2a577383765a,d0ae6d2d-e561-56b3-a2c1-113c1c56ae81,2026-01-27,2026-01-30,3
b0ed51b7-17df-5701-a130-7e742d94155b,e8aeb018-f679-5670-b210-de4f62ff2111,ab4a547f-e75d-5601-8171-00da4efa4b57,22231140-3780-5fe8-a7d4-d33f61d15111,2026-01-23,2026-01-30,7
5c2bb605-4a10-5d48-99a0-d672d30367e8,e8aeb018-f679-5670-b210-de4f62ff2111,76d6c9f4-5d7d-53c0-bb1f-2a577383765a,d3961f5a-3ea7-53d3-89f4-78b65b0c0c6b,2026-01-27,2026-01-30,3
a8efd15b-e486-5c85-9751-324d25d16e1a,e8aeb018-f679-5670-b210-de4f62ff2111,76d6c9f4-5d7d-53c0-bb1f-2a577383765a,d3961f5a-3ea7-53d3-89f4-78b65b0c0c6b,2026-01-28,2026-01-31,3
b146e2a6-e15b-5715-808d-6654a9eeedd3,e8aeb018-f679-5670-b210-de4f62ff2111,76d6c9f4-5d7d-53c0-bb1f-2a577383765a,d3961f5a-3ea7-53d3-89f4-78b65b0c0c6b,2026-01-28,2026-01-31,3
8f4ac0f3-7448-50a2-846e-41ca1960142c,e8aeb018-f679-5670-b210-de4f62ff2111,c6617891-56ff-5690-89a4-1ece06685ff5,d9506935-1215-5499-93c0-8bdd86ab9418,2026-01-21,2026-01-31,10
8363f38b-5d7d-5a85-99ab-6347c50d706d,e8aeb018-f679-5670-b210-de4f62ff2111,41cb90d0-d91a-57c2-b138-831be351479f,38adf7ba-476e-5e6b-9163-781a13538253,2026-01-26,2026-01-31,5
28208da8-0219-52a9-8416-4e424da10aa7,e8aeb018-f679-5670-b210-de4f62ff2111,41cb90d0-d91a-57c2-b138-831be351479f,82cd11ba-d1a0-58b1-b14f-edd741f36e87,2026-01-27,2026-02-01,5
3ba53b8c-2bd0-556e-a57d-e791c6aeeaf5,e8aeb018-f679-5670-b210-de4f62ff2111,41cb90d0-d91a-57c2-b138-831be351479f,2933d8b7-2438-521b-b38d-d3a5224f87fc,2026-01-27,2026-02-01,5
a42ed1f6-4392-5ef5-96b9-1ac0a6f86d7c,e8aeb018-f679-5670-b210-de4f62ff2111,41cb90d0-d91a-57c2-b138-831be351479f,d2f08f15-f9f2-5f65-a740-b05896774467,2026-01-27,2026-02-01,5
f645c09a-8028-5aaa-bdd9-7a81c98c7fad,e8aeb018-f679-5670-b210-de4f62ff2111,ab4a547f-e75d-5601-8171-00da4efa4b57,6d807393-f4ab-5f76-b544-251eeda27ba3,2026-01-26,2026-02-02,7
e5636d99-19d9-56bc-b318-49c11667d5d8,e8aeb018-f679-5670-b210-de4f62ff2111,ab4a547f-e75d-5601-8171-00da4efa4b57,97d26d91-c562-5f27-9ebd-285e89c8f4bf,2026-01-26,2026-02-02,7
e58606c7-a6e1-58ec-a327-45dc2fa7a047,e8aeb018-f679-5670-b210-de4f62ff2111,a6f6d890-1609-53fc-b4a6-5733ccc9d078,9928e9a1-d9fc-5fdd-86c2-8909352fd7fe,2026-01-20,2026-02-03,14
22d493d5-2582-559d-978b-262a3126593e,e8aeb018-f679-5670-b210-de4f62ff2111,c6617891-56ff-5690-89a4-1ece06685ff5,87b859e0-789a-56e6-b1ba-4fe76221d3bf,2026-01-24,2026-02-03,10
ad57e2e9-494e-5b96-9058-f4ff7dd2af9b,e8aeb018-f679-5670-b210-de4f62ff2111,ab4a547f-e75d-5601-8171-00da4efa4b57,97d26d91-c562-5f27-9ebd-285e89c8f4bf,2026-01-27,2026-02-03,7
2154ed1e-1e30-52e9-9026-ac3847a7c4f0,e8aeb018-f679-5670-b210-de4f62ff2111,ab4a547f-e75d-5601-8171-00da4efa4b57,22231140-3780-5fe8-a7d4-d33f61d15111,2026-01-27,2026-02-03,7
18ed7e2d-b1a2-5e51-805e-94a9ea0a97f3,e8aeb018-f679-5670-b210-de4f62ff2111,41cb90d0-d91a-57c2-b138-831be351479f,6baabed2-52d7-5cb7-bf74-86c7cb3e4f07,2026-01-29,2026-02-03,5
fabc7e8b-4976-5410-97e1-35a8c599ea67,e8aeb018-f679-5670-b210-de4f62ff2111,a6f6d890-1609-53fc-b4a6-5733ccc9d078,0ec23038-d3ab-588c-bbd6-1f5c744cdde1,2026-01-20,2026-02-03,14
f2bc1883-83f5-5854-9977-c4b04de8dadf,e8aeb018-f679-5670-b210-de4f62ff2111,76d6c9f4-5d7d-53c0-bb1f-2a577383765a,cd81184b-b6f1-563c-b463-36a69ddfb598,2026-01-31,2026-02-03,3
fc23a3a0-d856-550c-b286-c8c16f8b98fd,e8aeb018-f679-5670-b210-de4f62ff2111,41cb90d0-d91a-57c2-b138-831be351479f,82cd11ba-d1a0-58b1-b14f-edd741f36e87,2026-01-29,2026-02-03,5
d464f0dc-5dad-5822-900e-aed23d1673b2,e8aeb018-f679-5670-b210-de4f62ff2111,a6f6d890-1609-53fc-b4a6-5733ccc9d078,afe9d181-1c64-5cca-b4b7-a9fa24eceeea,2026-01-20,2026-02-03,14
6c0d7b0f-bdb2-5315-8d83-1a9711f80af3,e8aeb018-f679-5670-b210-de4f62ff2111,41cb90d0-d91a-57c2-b138-831be351479f,2933d8b7-2438-521b-b38d-d3a5224f87fc,2026-01-30,2026-02-04,5
f7834be4-fd0e-5fcf-a951-3be2d38b785f,e8aeb018-f679-5670-b210-de4f62ff2111,41cb90d0-d91a-57c2-b138-831be351479f,2933d8b7-2438-521b-b38d-d3a5224f87fc,2026-01-30,2026-02-04,5
a40f5c09-15f3-5c2c-9462-dac02dcc0828,e8aeb018-f679-5670-b210-de4f62ff2111,ab4a547f-e75d-5601-8171-00da4efa4b57,07371b94-955f-52a4-9bf9-f0a6ad2b4fa8,2026-01-28,2026-02-04,7
c31f935a-8a7c-5b3d-9dfb-f76e2dc989a3,e8aeb018-f679-5670-b210-de4f62ff2111,a6f6d890-1609-53fc-b4a6-5733ccc9d078,983871db-adfb-543e-b438-6b00044ffb64,2026-01-21,2026-02-04,14
91c01a99-ebb5-587b-bbd3-de726c81c40a,e8aeb018-f679-5670-b210-de4f62ff2111,41cb90d0-d91a-57c2-b138-831be351479f,2933d8b7-2438-521b-b38d-d3a5224f87fc,2026-01-31,2026-02-05,5
7b52db30-01bb-587c-a2fc-2ee83c90135f,e8aeb018-f679-5670-b210-de4f62ff2111,76d6c9f4-5d7d-53c0-bb1f-2a577383765a,d0ae6d2d-e561-56b3-a2c1-113c1c56ae81,2026-02-02,2026-02-05,3
79dbacc1-c8b4-539f-8df8-d318d98147d7,e8aeb018-f679-5670-b210-de4f62ff2111,c6617891-56ff-5690-89a4-1ece06685ff5,1ca3438e-9e23-58f0-a35f-f15f7a23beb9,2026-01-26,2026-02-05,10
be2ee68a-99e1-5bf4-9be3-eb8477919eb3,e8aeb018-f679-5670-b210-de4f62ff2111,a6f6d890-1609-53fc-b4a6-5733ccc9d078,4d9429b6-2ebf-5b5d-ac48-f779d5a1e270,2026-01-22,2026-02-05,14
db206c1a-b6b8-5d59-8224-4746387965e0,e8aeb018-f679-5670-b210-de4f62ff2111,c6617891-56ff-5690-89a4-1ece06685ff5,2eb3a104-e572-583a-afa0-156ee0dc4cce,2026-01-26,2026-02-05,10
d532c04a-4ebe-5fd6-a15a-6eb75f15a701,e8aeb018-f679-5670-b210-de4f62ff2111,c6617891-56ff-5690-89a4-1ece06685ff5,2eb3a104-e572-583a-afa0-156ee0dc4cce,2026-01-27,2026-02-06,10
dd334366-969f-5cdf-9e6b-f2b48d31a6b3,e8aeb018-f679-5670-b210-de4f62ff2111,76d6c9f4-5d7d-53c0-bb1f-2a577383765a,c0cf5e5c-b5c9-585a-8e79-d9830bc954f6,2026-02-03,2026-02-06,3
11f32a46-a0b8-5ea8-81c1-d0b0fbc3a675,e8aeb018-f679-5670-b210-de4f62ff2111,c6617891-56ff-5690-89a4-1ece06685ff5,d9506935-1215-5499-93c0-8bdd86ab9418,2026-01-27,2026-02-06,10
c9860a8d-8d24-596c-aeef-5b13dac79631,e8aeb018-f679-5670-b210-de4f62ff2111,76d6c9f4-5d7d-53c0-bb1f-2a577383765a,2082733c-4e17-51fe-bc8c-bf33d3ec5d7e,2026-02-03,2026-02-06,3
b086e9f5-0437-5900-a05d-bfb631600873,e8aeb018-f679-5670-b210-de4f62ff2111,a6f6d890-1609-53fc-b4a6-5733ccc9d078,afe9d181-1c64-5cca-b4b7-a9fa24eceeea,2026-01-24,2026-02-07,14
d881d2b5-d45d-50b5-9b64-833f6e3197e4,e8aeb018-f679-5670-b210-de4f62ff2111,76d6c9f4-5d7d-53c0-bb1f-2a577383765a,2082733c-4e17-51fe-bc8c-bf33d3ec5d7e,2026-02-04,2026-02-07,3
3d950366-759a-5ff4-8a9a-6c9f9d9476e7,e8aeb018-f679-5670-b210-de4f62ff2111,a6f6d890-1609-53fc-b4a6-5733ccc9d078,afe9d181-1c64-5cca-b4b7-a9fa24eceeea,2026-01-24,2026-02-07,14
c678e4a3-17e1-5327-9fe6-66c31dbd2c6c,e8aeb018-f679-5670-b210-de4f62ff2111,a6f6d890-1609-53fc-b4a6-5733ccc9d078,0ec23038-d3ab-588c-bbd6-1f5c744cdde1,2026-01-24,2026-02-07,14
dda3e65a-07d0-5925-b753-75dca7f6e9f4,e8aeb018-f679-5670-b210-de4f62ff2111,76d6c9f4-5d7d-53c0-bb1f-2a577383765a,cd81184b-b6f1-563c-b463-36a69ddfb598,2026-02-04,2026-02-07,3
0eed2640-f2c8-5275-994d-f9d993eced30,e8aeb018-f679-5670-b210-de4f62ff2111,76d6c9f4-5d7d-53c0-bb1f-2a577383765a,d0ae6d2d-e561-56b3-a2c1-113c1c56ae81,2026-02-04,2026-02-07,3
13d59870-76fb-5bbf-828a-4b9ff8693bc4,e8aeb018-f679-5670-b210-de4f62ff2111,41cb90d0-d91a-57c2-b138-831be351479f,82cd11ba-d1a0-58b1-b14f-edd741f36e87,2026-02-02,2026-02-07,5
a127553e-4426-5c3b-aadc-295f7b617037,e8aeb018-f679-5670-b210-de4f62ff2111,ab4a547f-e75d-5601-8171-00da4efa4b57,94e18241-54bd-5516-b36f-94ab6e323aca,2026-01-31,2026-02-07,7
bbbdac0a-8e4e-56d4-8c3d-8b61ca506888,e8aeb018-f679-5670-b210-de4f62ff2111,76d6c9f4-5d7d-53c0-bb1f-2a577383765a,d0ae6d2d-e561-56b3-a2c1-113c1c56ae81,2026-02-04,2026-02-07,3
1f427ec5-68b0-53e4-8075-3e0388719f82,e8aeb018-f679-5670-b210-de4f62ff2111,41cb90d0-d91a-57c2-b138-831be351479f,2897aac2-f219-5167-b800-73fac27f6b85,2026-02-02,2026-02-07,5
19de4190-d7aa-552b-b11f-6f0c9ce4773f,e8aeb018-f679-5670-b210-de4f62ff2111,41cb90d0-d91a-57c2-b138-831be351479f,38adf7ba-476e-5e6b-9163-781a13538253,2026-02-03,2026-02-08,5
c53221ff-6e52-5a29-b40a-0cb955859895,e8aeb018-f679-5670-b210-de4f62ff2111,c6617891-56ff-5690-89a4-1ece06685ff5,1ca3438e-9e23-58f0-a35f-f15f7a23beb9,2026-01-29,2026-02-08,10
e059e9ce-0432-59fb-b535-5d816b1537b3,e8aeb018-f679-5670-b210-de4f62ff2111,41cb90d0-d91a-57c2-b138-831be351479f,38adf7ba-476e-5e6b-9163-781a13538253,2026-02-03,2026-02-08,5
bd067165-9752-5298-84eb-fad4ff213322,e8aeb018-f679-5670-b210-de4f62ff2111,a6f6d890-1609-53fc-b4a6-5733ccc9d078,1e9605fd-5682-52b6-8f05-e8a92dd44513,2026-01-26,2026-02-09,14
68efa6b2-7dc6-5f97-a119-c859a469c991,e8aeb018-f679-5670-b210-de4f62ff2111,c6617891-56ff-5690-89a4-1ece06685ff5,d9506935-1215-5499-93c0-8bdd86ab9418,2026-01-30,2026-02-09,10
9bd99764-7c8a-568c-b407-1c24c7ff534b,e8aeb018-f679-5670-b210-de4f62ff2111,a6f6d890-1609-53fc-b4a6-5733ccc9d078,afe9d181-1c64-5cca-b4b7-a9fa24eceeea,2026-01-26,2026-02-09,14
74122c6a-45b5-5e25-9d49-314cbd50afab,e8aeb018-f679-5670-b210-de4f62ff2111,a6f6d890-1609-53fc-b4a6-5733ccc9d078,9928e9a1-d9fc-5fdd-86c2-8909352fd7fe,2026-01-27,2026-02-10,14
23faf0e9-072d-57f8-a55b-b356c6dd392b,e8aeb018-f679-5670-b210-de4f62ff2111,a6f6d890-1609-53fc-b4a6-5733ccc9d078,983871db-adfb-543e-b438-6b00044ffb64,2026-01-27,2026-02-10,14
01205635-fdc7-5d89-8b72-8bdc8f226087,e8aeb018-f679-5670-b210-de4f62ff2111,c6617891-56ff-5690-89a4-1ece06685ff5,2eb3a104-e572-583a-afa0-156ee0dc4cce,2026-01-31,2026-02-10,10
575a226c-c3d8-55cc-bdad-560e83c6d19b,e8aeb018-f679-5670-b210-de4f62ff2111,41cb90d0-d91a-57c2-b138-831be351479f,38adf7ba-476e-5e6b-9163-781a13538253,2026-02-06,2026-02-11,5
5abf3a6c-581c-5b23-8ed5-cd03c02b74fa,e8aeb018-f679-5670-b210-de4f62ff2111,41cb90d0-d91a-57c2-b138-831be351479f,38adf7ba-476e-5e6b-9163-781a13538253,2026-02-06,2026-02-11,5
b4eb7a69-e4cd-5666-abe3-6a9a3e54b128,e8aeb018-f679-5670-b210-de4f62ff2111,ab4a547f-e75d-5601-8171-00da4efa4b57,07371b94-955f-52a4-9bf9-f0a6ad2b4fa8,2026-02-05,2026-02-12,7
21c478df-a1f0-514d-acde-e29b32562784,e8aeb018-f679-5670-b210-de4f62ff2111,ab4a547f-e75d-5601-8171-00da4efa4b57,94e18241-54bd-5516-b36f-94ab6e323aca,2026-02-05,2026-02-12,7
bb3b3e43-7e93-5a50-87e5-fe1077596caf,e8aeb018-f679-5670-b210-de4f62ff2111,c6617891-56ff-5690-89a4-1ece06685ff5,87b859e0-789a-56e6-b1ba-4fe76221d3bf,2026-02-02,2026-02-12,10
feb9d510-9fe0-5835-bca5-971366ad2748,e8aeb018-f679-5670-b210-de4f62ff2111,c6617891-56ff-5690-89a4-1ece06685ff5,058c6382-bde2-59d1-93ff-20c6161a4736,2026-02-03,2026-02-13,10
0f013ecf-c186-5b3e-8761-1a37ae3d64bc,e8aeb018-f679-5670-b210-de4f62ff2111,76d6c9f4-5d7d-53c0-bb1f-2a577383765a,5bbfdec8-65ae-59e6-b211-5eccb5b765fa,2026-02-10,2026-02-13,3
b1a58e82-7eba-5fae-8a14-d08672bc063c,e8aeb018-f679-5670-b210-de4f62ff2111,a6f6d890-1609-53fc-b4a6-5733ccc9d078,4d9429b6-2ebf-5b5d-ac48-f779d5a1e270,2026-01-30,2026-02-13,14
9773edf5-bf70-515a-8cda-9b880ed95f52,e8aeb018-f679-5670-b210-de4f62ff2111,ab4a547f-e75d-5601-8171-00da4efa4b57,22231140-3780-5fe8-a7d4-d33f61d15111,2026-02-06,2026-02-13,7
ea358f9e-300f-5983-a313-bb680b892e32,e8aeb018-f679-5670-b210-de4f62ff2111,76d6c9f4-5d7d-53c0-bb1f-2a577383765a,d3961f5a-3ea7-53d3-89f4-78b65b0c0c6b,2026-02-11,2026-02-14,3
081d987e-f438-5dfb-b88a-1f4b4d5d4dc4,e8aeb018-f679-5670-b210-de4f62ff2111,76d6c9f4-5d7d-53c0-bb1f-2a577383765a,c0cf5e5c-b5c9-585a-8e79-d9830bc954f6,2026-02-11,2026-02-14,3
b9da52e3-0f08-530a-b2de-48f8d8030576,e8aeb018-f679-5670-b210-de4f62ff2111,41cb90d0-d91a-57c2-b138-831be351479f,d2f08f15-f9f2-5f65-a740-b05896774467,2026-02-09,2026-02-14,5
d8e8b2e6-b314-5aa7-a156-167796d7fa18,e8aeb018-f679-5670-b210-de4f62ff2111,41cb90d0-d91a-57c2-b138-831be351479f,d2f08f15-f9f2-5f65-a740-b05896774467,2026-02-09,2026-02-14,5
371fdf9a-953b-530b-a34a-813ca1057fad,e8aeb018-f679-5670-b210-de4f62ff2111,ab4a547f-e75d-5601-8171-00da4efa4b57,012857cc-907f-5e7d-b8fb-796d2c9f1621,2026-02-07,2026-02-14,7
7a8a6795-b949-5d51-8e85-e44efb918ffe,e8aeb018-f679-5670-b210-de4f62ff2111,c6617891-56ff-5690-89a4-1ece06685ff5,d9506935-1215-5499-93c0-8bdd86ab9418,2026-02-04,2026-02-14,10
e396b041-5d7d-5369-88a1-6fe62edca6fb,e8aeb018-f679-5670-b210-de4f62ff2111,76d6c9f4-5d7d-53c0-bb1f-2a577383765a,2082733c-4e17-51fe-bc8c-bf33d3ec5d7e,2026-02-12,2026-02-15,3
e73fb299-e694-53e1-ba5f-71f91d204c2f,e8aeb018-f679-5670-b210-de4f62ff2111,41cb90d0-d91a-57c2-b138-831be351479f,38adf7ba-476e-5e6b-9163-781a13538253,2026-02-10,2026-02-15,5
5baab86e-efd9-53ff-9872-6898f41b35d0,e8aeb018-f679-5670-b210-de4f62ff2111,ab4a547f-e75d-5601-8171-00da4efa4b57,6d807393-f4ab-5f76-b544-251eeda27ba3,2026-02-09,2026-02-16,7
545d63d2-c06c-5302-a266-9d69ccb0204d,e8aeb018-f679-5670-b210-de4f62ff2111,41cb90d0-d91a-57c2-b138-831be351479f,82cd11ba-d1a0-58b1-b14f-edd741f36e87,2026-02-11,2026-02-16,5
6c681690-3b49-5169-9a71-289a8c7e2d03,e8aeb018-f679-5670-b210-de4f62ff2111,c6617891-56ff-5690-89a4-1ece06685ff5,2eb3a104-e572-583a-afa0-156ee0dc4cce,2026-02-06,2026-02-16,10
0963478f-181a-56b5-9aad-d446f831b2ef,e8aeb018-f679-5670-b210-de4f62ff2111,a6f6d890-1609-53fc-b4a6-5733ccc9d078,4d9429b6-2ebf-5b5d-ac48-f779d5a1e270,2026-02-02,2026-02-16,14
f9af0585-6dd9-56c8-a27a-678463876d69,e8aeb018-f679-5670-b210-de4f62ff2111,c6617891-56ff-5690-89a4-1ece06685ff5,87b859e0-789a-56e6-b1ba-4fe76221d3bf,2026-02-06,2026-02-16,10
e1812568-dc4a-52cd-abd9-1118b46b470f,e8aeb018-f679-5670-b210-de4f62ff2111,c6617891-56ff-5690-89a4-1ece06685ff5,058c6382-bde2-59d1-93ff-20c6161a4736,2026-02-06,2026-02-16,10
42e48762-6556-5b40-bb1e-32ef2d52c45c,e8aeb018-f679-5670-b210-de4f62ff2111,41cb90d0-d91a-57c2-b138-831be351479f,d2f08f15-f9f2-5f65-a740-b05896774467,2026-02-11,2026-02-16,5
dd37e318-95f5-5332-aa71-c3a68f027c80,e8aeb018-f679-5670-b210-de4f62ff2111,76d6c9f4-5d7d-53c0-bb1f-2a577383765a,5bbfdec8-65ae-59e6-b211-5eccb5b765fa,2026-02-14,2026-02-17,3
f06f64f9-249f-504f-a281-7b48a83c519c,e8aeb018-f679-5670-b210-de4f62ff2111,76d6c9f4-5d7d-53c0-bb1f-2a577383765a,c0cf5e5c-b5c9-585a-8e79-d9830bc954f6,2026-02-14,2026-02-17,3
816ba7f8-c2da-5199-9180-c03ebd4688fd,e8aeb018-f679-5670-b210-de4f62ff2111,76d6c9f4-5d7d-53c0-bb1f-2a577383765a,5bbfdec8-65ae-59e6-b211-5eccb5b765fa,2026-02-14,2026-02-17,3
18c8f606-6d60-51cf-a015-ec6bc3338982,e8aeb018-f679-5670-b210-de4f62ff2111,c6617891-56ff-5690-89a4-1ece06685ff5,87b859e0-789a-56e6-b1ba-4fe76221d3bf,2026-02-07,2026-02-17,10
c8ca4953-34ba-5647-b322-626cf04eaed0,e8aeb018-f679-5670-b210-de4f62ff2111,a6f6d890-1609-53fc-b4a6-5733ccc9d078,1e9605fd-5682-52b6-8f05-e8a92dd44513,2026-02-03,2026-02-17,14
c66ed558-dac3-50b0-9e2b-7ddd5eebd4ae,e8aeb018-f679-5670-b210-de4f62ff2111,c6617891-56ff-5690-89a4-1ece06685ff5,1ca3438e-9e23-58f0-a35f-f15f7a23beb9,2026-02-07,2026-02-17,10
1f875d64-d9b0-5df1-a1dc-0f1ab007d68f,e8aeb018-f679-5670-b210-de4f62ff2111,76d6c9f4-5d7d-53c0-bb1f-2a577383765a,cd81184b-b6f1-563c-b463-36a69ddfb598,2026-02-14,2026-02-17,3
8d85666e-66c4-52d2-9419-ca2e52ba5b6c,e8aeb018-f679-5670-b210-de4f62ff2111,a6f6d890-1609-53fc-b4a6-5733ccc9d078,4d9429b6-2ebf-5b5d-ac48-f779d5a1e270,2026-02-04,2026-02-18,14
d9aaaa55-ef0d-5491-aff0-367ce2a33cb8,e8aeb018-f679-5670-b210-de4f62ff2111,a6f6d890-1609-53fc-b4a6-5733ccc9d078,983871db-adfb-543e-b438-6b00044ffb64,2026-02-04,2026-02-18,14
52d49b86-b143-5780-bb4d-9dc24fe12ad1,e8aeb018-f679-5670-b210-de4f62ff2111,a6f6d890-1609-53fc-b4a6-5733ccc9d078,983871db-adfb-543e-b438-6b00044ffb64,2026-02-04,2026-02-18,14
474ccce6-8051-5b38-9536-3b4264d3eaef,e8aeb018-f679-5670-b210-de4f62ff2111,41cb90d0-d91a-57c2-b138-831be351479f,d2f08f15-f9f2-5f65-a740-b05896774467,2026-02-13,2026-02-18,5
4c68a18a-0daf-5b71-b4f5-65a20622c2c6,e8aeb018-f679-5670-b210-de4f62ff2111,a6f6d890-1609-53fc-b4a6-5733ccc9d078,9928e9a1-d9fc-5fdd-86c2-8909352fd7fe,2026-02-04,2026-02-18,14
2e215ecc-d5de-5675-8232-8915ec0775f1,e8aeb018-f679-5670-b210-de4f62ff2111,ab4a547f-e75d-5601-8171-00da4efa4b57,97d26d91-c562-5f27-9ebd-285e89c8f4bf,2026-02-11,2026-02-18,7
98a415e0-e74b-5ad5-aa29-f2876b75aed5,e8aeb018-f679-5670-b210-de4f62ff2111,41cb90d0-d91a-57c2-b138-831be351479f,6baabed2-52d7-5cb7-bf74-86c7cb3e4f07,2026-02-13,2026-02-18,5
6cfa6c1b-0047-58a8-87f7-be35f33d83c3,e8aeb018-f679-5670-b210-de4f62ff2111,c6617891-56ff-5690-89a4-1ece06685ff5,042e2e80-f954-5df4-97be-29dd428cc598,2026-02-09,2026-02-19,10
419a6937-43f1-5fe0-bcbf-322eff28594d,e8aeb018-f679-5670-b210-de4f62ff2111,76d6c9f4-5d7d-53c0-bb1f-2a577383765a,2082733c-4e17-51fe-bc8c-bf33d3ec5d7e,2026-02-16,2026-02-19,3
8a5758f6-bee9-5e17-8eb2-da0c8f069484,e8aeb018-f679-5670-b210-de4f62ff2111,c6617891-56ff-5690-89a4-1ece06685ff5,042e2e80-f954-5df4-97be-29dd428cc598,2026-02-09,2026-02-19,10
c0b8b9cc-fea9-5eeb-b714-808add0b1dc5,e8aeb018-f679-5670-b210-de4f62ff2111,ab4a547f-e75d-5601-8171-00da4efa4b57,94e18241-54bd-5516-b36f-94ab6e323aca,2026-02-12,2026-02-19,7
6caf4775-f367-5a8c-8029-d7210d46a3d9,e8aeb018-f679-5670-b210-de4f62ff2111,a6f6d890-1609-53fc-b4a6-5733ccc9d078,0ec23038-d3ab-588c-bbd6-1f5c744cdde1,2026-02-05,2026-02-19,14
56f094b5-1243-549e-8bb3-d72856644b8c,e8aeb018-f679-5670-b210-de4f62ff2111,a6f6d890-1609-53fc-b4a6-5733ccc9d078,0ec23038-d3ab-588c-bbd6-1f5c744cdde1,2026-02-05,2026-02-19,14
f4c8c61a-0458-591b-b313-fcb467548495,e8aeb018-f679-5670-b210-de4f62ff2111,ab4a547f-e75d-5601-8171-00da4efa4b57,94e18241-54bd-5516-b36f-94ab6e323aca,2026-02-13,2026-02-20,7
b9ab0dce-5fa7-5968-81f5-e23c1ecdf335,e8aeb018-f679-5670-b210-de4f62ff2111,c6617891-56ff-5690-89a4-1ece06685ff5,1ca3438e-9e23-58f0-a35f-f15f7a23beb9,2026-02-10,2026-02-20,10
a36701f8-589d-52c3-b4c3-4a9e8cdc11e3,e8aeb018-f679-5670-b210-de4f62ff2111,ab4a547f-e75d-5601-8171-00da4efa4b57,07371b94-955f-52a4-9bf9-f0a6ad2b4fa8,2026-02-13,2026-02-20,7
d0bf463c-2aab-5634-a9b6-a173e8903190,e8aeb018-f679-5670-b210-de4f62ff2111,ab4a547f-e75d-5601-8171-00da4efa4b57,94e18241-54bd-5516-b36f-94ab6e323aca,2026-02-13,2026-02-20,7
8622ea50-e76b-52b9-9929-a68df56b2091,e8aeb018-f679-5670-b210-de4f62ff2111,76d6c9f4-5d7d-53c0-bb1f-2a577383765a,5bbfdec8-65ae-59e6-b211-5eccb5b765fa,2026-02-17,2026-02-20,3
373899b9-29e6-5f14-9ca3-bd140471edba,e8aeb018-f679-5670-b210-de4f62ff2111,a6f6d890-1609-53fc-b4a6-5733ccc9d078,4d9429b6-2ebf-5b5d-ac48-f779d5a1e270,2026-02-06,2026-02-20,14
24d18810-29e6-5916-add4-e7cb34b64bf3,e8aeb018-f679-5670-b210-de4f62ff2111,76d6c9f4-5d7d-53c0-bb1f-2a577383765a,cd81184b-b6f1-563c-b463-36a69ddfb598,2026-02-18,2026-02-21,3
8265d77f-80aa-590f-961b-16465a1be9b2,e8aeb018-f679-5670-b210-de4f62ff2111,c6617891-56ff-5690-89a4-1ece06685ff5,87b859e0-789a-56e6-b1ba-4fe76221d3bf,2026-02-11,2026-02-21,10
edeb6eae-adb6-530a-8803-2a55dc566851,e8aeb018-f679-5670-b210-de4f62ff2111,41cb90d0-d91a-57c2-b138-831be351479f,6baabed2-52d7-5cb7-bf74-86c7cb3e4f07,2026-02-17,2026-02-22,5
f142a392-bf71-55b4-9706-77ecf3db6e3d,e8aeb018-f679-5670-b210-de4f62ff2111,41cb90d0-d91a-57c2-b138-831be351479f,38adf7ba-476e-5e6b-9163-781a13538253,2026-02-18,2026-02-23,5
bbed5435-4c13-56c4-a972-f6ff597a0c1d,e8aeb018-f679-5670-b210-de4f62ff2111,c6617891-56ff-5690-89a4-1ece06685ff5,87b859e0-789a-56e6-b1ba-4fe76221d3bf,2026-02-13,2026-02-23,10
f373d6db-b8ce-5a3c-9425-ad25242a6396,e8aeb018-f679-5670-b210-de4f62ff2111,76d6c9f4-5d7d-53c0-bb1f-2a577383765a,d3961f5a-3ea7-53d3-89f4-78b65b0c0c6b,2026-02-20,2026-02-23,3
9b64bd49-434c-5a5e-b585-7d101eb3f86c,e8aeb018-f679-5670-b210-de4f62ff2111,ab4a547f-e75d-5601-8171-00da4efa4b57,6d807393-f4ab-5f76-b544-251eeda27ba3,2026-02-16,2026-02-23,7
e5a7d422-3994-5095-9b8c-b4877d3bf6dd,e8aeb018-f679-5670-b210-de4f62ff2111,ab4a547f-e75d-5601-8171-00da4efa4b57,6d807393-f4ab-5f76-b544-251eeda27ba3,2026-02-17,2026-02-24,7
68ea698c-efc5-5975-a43d-36af31cc61c1,e8aeb018-f679-5670-b210-de4f62ff2111,41cb90d0-d91a-57c2-b138-831be351479f,38adf7ba-476e-5e6b-9163-781a13538253,2026-02-19,2026-02-24,5
13ed74ea-091e-5494-acde-159e39d5a430,e8aeb018-f679-5670-b210-de4f62ff2111,76d6c9f4-5d7d-53c0-bb1f-2a577383765a,d3961f5a-3ea7-53d3-89f4-78b65b0c0c6b,2026-02-21,2026-02-24,3
b4061ae4-07e9-581d-b7b8-38f0d97e70cf,e8aeb018-f679-5670-b210-de4f62ff2111,76d6c9f4-5d7d-53c0-bb1f-2a577383765a,c0cf5e5c-b5c9-585a-8e79-d9830bc954f6,2026-02-21,2026-02-24,3
3c807fb6-d365-54e7-86e8-d4e45f8092cc,e8aeb018-f679-5670-b210-de4f62ff2111,41cb90d0-d91a-57c2-b138-831be351479f,d2f08f15-f9f2-5f65-a740-b05896774467,2026-02-19,2026-02-24,5
df1e17f3-490d-546d-aa01-d11999286fa6,e8aeb018-f679-5670-b210-de4f62ff2111,ab4a547f-e75d-5601-8171-00da4efa4b57,22231140-3780-5fe8-a7d4-d33f61d15111,2026-02-18,2026-02-25,7
3a7a27dc-d406-5e57-b79c-6907526383fe,e8aeb018-f679-5670-b210-de4f62ff2111,ab4a547f-e75d-5601-8171-00da4efa4b57,94e18241-54bd-5516-b36f-94ab6e323aca,2026-02-18,2026-02-25,7
e66f40f5-bed7-51f5-9e2a-8237e8fdd911,e8aeb018-f679-5670-b210-de4f62ff2111,ab4a547f-e75d-5601-8171-00da4efa4b57,07371b94-955f-52a4-9bf9-f0a6ad2b4fa8,2026-02-19,2026-02-26,7
cc1159de-07a6-54cc-9c89-596b166d241e,e8aeb018-f679-5670-b210-de4f62ff2111,76d6c9f4-5d7d-53c0-bb1f-2a577383765a,d0ae6d2d-e561-56b3-a2c1-113c1c56ae81,2026-02-23,2026-02-26,3
0c602497-c514-5591-a32f-87f8c96612e7,e8aeb018-f679-5670-b210-de4f62ff2111,41cb90d0-d91a-57c2-b138-831be351479f,2933d8b7-2438-521b-b38d-d3a5224f87fc,2026-02-21,2026-02-26,5
b262b98f-6285-53bc-b144-84a7de3160d0,e8aeb018-f679-5670-b210-de4f62ff2111,ab4a547f-e75d-5601-8171-00da4efa4b57,07371b94-955f-52a4-9bf9-f0a6ad2b4fa8,2026-02-19,2026-02-26,7
4c53194b-97be-5c87-9eb1-75646ee57948,e8aeb018-f679-5670-b210-de4f62ff2111,76d6c9f4-5d7d-53c0-bb1f-2a577383765a,c0cf5e5c-b5c9-585a-8e79-d9830bc954f6,2026-02-24,2026-02-27,3
3fe4851e-99e5-5f44-85fc-58233800a9a8,e8aeb018-f679-5670-b210-de4f62ff2111,41cb90d0-d91a-57c2-b138-831be351479f,6baabed2-52d7-5cb7-bf74-86c7cb3e4f07,2026-02-23,2026-02-28,5
db2fe8bb-af85-5b81-aaa7-466780d985bd,e8aeb018-f679-5670-b210-de4f62ff2111,41cb90d0-d91a-57c2-b138-831be351479f,82cd11ba-d1a0-58b1-b14f-edd741f36e87,2026-02-23,2026-02-28,5
f74d3856-f6f8-5d01-ad3a-07be83ae78ab,e8aeb018-f679-5670-b210-de4f62ff2111,c6617891-56ff-5690-89a4-1ece06685ff5,042e2e80-f954-5df4-97be-29dd428cc598,2026-02-19,2026-03-01,10
f4fd40b6-ca91-5371-bd7a-604b84873d64,e8aeb018-f679-5670-b210-de4f62ff2111,c6617891-56ff-5690-89a4-1ece06685ff5,d9506935-1215-5499-93c0-8bdd86ab9418,2026-02-20,2026-03-02,10
800f31b1-0a5f-5725-b224-8375f1a4794b,e8aeb018-f679-5670-b210-de4f62ff2111,41cb90d0-d91a-57c2-b138-831be351479f,38adf7ba-476e-5e6b-9163-781a13538253,2026-02-25,2026-03-02,5
63152a62-95f7-5a00-8ba9-00290384e6d3,e8aeb018-f679-5670-b210-de4f62ff2111,76d6c9f4-5d7d-53c0-bb1f-2a577383765a,c0cf5e5c-b5c9-585a-8e79-d9830bc954f6,2026-02-28,2026-03-03,3
194bcf32-322c-5fbe-80f9-9e384ee90035,e8aeb018-f679-5670-b210-de4f62ff2111,a6f6d890-1609-53fc-b4a6-5733ccc9d078,0ec23038-d3ab-588c-bbd6-1f5c744cdde1,2026-02-17,2026-03-03,14
b3683b33-7cfb-534c-905c-e853ac49526f,e8aeb018-f679-5670-b210-de4f62ff2111,76d6c9f4-5d7d-53c0-bb1f-2a577383765a,d3961f5a-3ea7-53d3-89f4-78b65b0c0c6b,2026-02-28,2026-03-03,3
fb7011bb-ff9e-5227-b73c-80c4f44191bd,e8aeb018-f679-5670-b210-de4f62ff2111,ab4a547f-e75d-5601-8171-00da4efa4b57,94e18241-54bd-5516-b36f-94ab6e323aca,2026-02-24,2026-03-03,7
f9613293-2ad2-5739-a81d-f955dd0cb658,e8aeb018-f679-5670-b210-de4f62ff2111,41cb90d0-d91a-57c2-b138-831be351479f,2897aac2-f219-5167-b800-73fac27f6b85,2026-02-26,2026-03-03,5
e26e6acb-a18e-5523-a80d-5e69b528d63f,e8aeb018-f679-5670-b210-de4f62ff2111,a6f6d890-1609-53fc-b4a6-5733ccc9d078,afe9d181-1c64-5cca-b4b7-a9fa24eceeea,2026-02-17,2026-03-03,14
712528e4-8b7d-58b8-8d2a-8c85de293231,e8aeb018-f679-5670-b210-de4f62ff2111,a6f6d890-1609-53fc-b4a6-5733ccc9d078,1e9605fd-5682-52b6-8f05-e8a92dd44513,2026-02-17,2026-03-03,14
6ddf5a7f-3b40-52df-a1a7-1be0fbac4d36,e8aeb018-f679-5670-b210-de4f62ff2111,ab4a547f-e75d-5601-8171-00da4efa4b57,012857cc-907f-5e7d-b8fb-796d2c9f1621,2026-02-25,2026-03-04,7
cec35d16-ea66-56ea-b617-cc8d976516e6,e8aeb018-f679-5670-b210-de4f62ff2111,41cb90d0-d91a-57c2-b138-831be351479f,82cd11ba-d1a0-58b1-b14f-edd741f36e87,2026-02-27,2026-03-04,5
4ed98e2f-15d5-5289-9f61-6590800f94cb,e8aeb018-f679-5670-b210-de4f62ff2111,ab4a547f-e75d-5601-8171-00da4efa4b57,22231140-3780-5fe8-a7d4-d33f61d15111,2026-02-25,2026-03-04,7
29cc4b70-c7b1-5fe8-b48f-e186a05281f8,e8aeb018-f679-5670-b210-de4f62ff2111,41cb90d0-d91a-57c2-b138-831be351479f,2897aac2-f219-5167-b800-73fac27f6b85,2026-02-28,2026-03-05,5
6411365f-df7e-5dcf-ac2e-65272baf703b,e8aeb018-f679-5670-b210-de4f62ff2111,ab4a547f-e75d-5601-8171-00da4efa4b57,6d807393-f4ab-5f76-b544-251eeda27ba3,2026-02-26,2026-03-05,7
ba45c71c-a317-56ae-8710-6cfb50e547e9,e8aeb018-f679-5670-b210-de4f62ff2111,76d6c9f4-5d7d-53c0-bb1f-2a577383765a,2082733c-4e17-51fe-bc8c-bf33d3ec5d7e,2026-03-02,2026-03-05,3
88f11938-6dec-5185-91b1-5818f684bd65,e8aeb018-f679-5670-b210-de4f62ff2111,ab4a547f-e75d-5601-8171-00da4efa4b57,97d26d91-c562-5f27-9ebd-285e89c8f4bf,2026-02-26,2026-03-05,7
430b73d9-55a6-55ea-a477-ffdf33dbcacf,e8aeb018-f679-5670-b210-de4f62ff2111,41cb90d0-d91a-57c2-b138-831be351479f,2897aac2-f219-5167-b800-73fac27f6b85,2026-02-28,2026-03-05,5
005927fb-2956-58f1-8dc4-8553f3789204,e8aeb018-f679-5670-b210-de4f62ff2111,a6f6d890-1609-53fc-b4a6-5733ccc9d078,9928e9a1-d9fc-5fdd-86c2-8909352fd7fe,2026-02-20,2026-03-06,14
3ddd4190-ea3e-53dd-b2ed-03f35ba536f1,e8aeb018-f679-5670-b210-de4f62ff2111,ab4a547f-e75d-5601-8171-00da4efa4b57,97d26d91-c562-5f27-9ebd-285e89c8f4bf,2026-02-27,2026-03-06,7
58e3b45a-bb6b-593f-b9f0-5bd8f2a1a178,e8aeb018-f679-5670-b210-de4f62ff2111,ab4a547f-e75d-5601-8171-00da4efa4b57,22231140-3780-5fe8-a7d4-d33f61d15111,2026-02-27,2026-03-06,7
d1b417a6-4db6-5e56-9a42-64eade3a25f7,e8aeb018-f679-5670-b210-de4f62ff2111,76d6c9f4-5d7d-53c0-bb1f-2a577383765a,5bbfdec8-65ae-59e6-b211-5eccb5b765fa,2026-03-03,2026-03-06,3
47022de4-c16e-56a5-923a-57ee22d9e1d3,e8aeb018-f679-5670-b210-de4f62ff2111,c6617891-56ff-5690-89a4-1ece06685ff5,042e2e80-f954-5df4-97be-29dd428cc598,2026-02-25,2026-03-07,10
74c022da-1dd0-5d46-ab99-09ce1a6e6cd0,e8aeb018-f679-5670-b210-de4f62ff2111,76d6c9f4-5d7d-53c0-bb1f-2a577383765a,cd81184b-b6f1-563c-b463-36a69ddfb598,2026-03-04,2026-03-07,3
34bfcfe1-4e6c-500c-97c6-002666cd0a64,e8aeb018-f679-5670-b210-de4f62ff2111,41cb90d0-d91a-57c2-b138-831be351479f,6baabed2-52d7-5cb7-bf74-86c7cb3e4f07,2026-03-02,2026-03-07,5
74cb46ef-6372-5c53-9ed2-8c22243efb24,e8aeb018-f679-5670-b210-de4f62ff2111,c6617891-56ff-5690-89a4-1ece06685ff5,1ca3438e-9e23-58f0-a35f-f15f7a23beb9,2026-02-25,2026-03-07,10
72c85413-d23d-5eb3-b27a-35f0b739bf83,e8aeb018-f679-5670-b210-de4f62ff2111,76d6c9f4-5d7d-53c0-bb1f-2a577383765a,cd81184b-b6f1-563c-b463-36a69ddfb598,2026-03-04,2026-03-07,3
5fe9c1ba-d2ef-5574-9c32-8330516a126e,e8aeb018-f679-5670-b210-de4f62ff2111,c6617891-56ff-5690-89a4-1ece06685ff5,2eb3a104-e572-583a-afa0-156ee0dc4cce,2026-02-25,2026-03-07,10
a7927b51-0cf1-5e92-aa95-b55bfa1f7d9e,e8aeb018-f679-5670-b210-de4f62ff2111,41cb90d0-d91a-57c2-b138-831be351479f,6baabed2-52d7-5cb7-bf74-86c7cb3e4f07,2026-03-03,2026-03-08,5
f9663b4e-404e-5304-859a-d8b3c29cf71d,e8aeb018-f679-5670-b210-de4f62ff2111,41cb90d0-d91a-57c2-b138-831be351479f,38adf7ba-476e-5e6b-9163-781a13538253,2026-03-03,2026-03-08,5
0d76432f-0834-5678-93d0-fac56edf7e06,e8aeb018-f679-5670-b210-de4f62ff2111,c6617891-56ff-5690-89a4-1ece06685ff5,058c6382-bde2-59d1-93ff-20c6161a4736,2026-02-27,2026-03-09,10
04d23ad2-a8a2-571b-9df6-4f481f757061,e8aeb018-f679-5670-b210-de4f62ff2111,c6617891-56ff-5690-89a4-1ece06685ff5,1ca3438e-9e23-58f0-a35f-f15f7a23beb9,2026-02-27,2026-03-09,10
3548562d-d1ca-5cd5-83d1-82a0a4f967ec,e8aeb018-f679-5670-b210-de4f62ff2111,ab4a547f-e75d-5601-8171-00da4efa4b57,012857cc-907f-5e7d-b8fb-796d2c9f1621,2026-03-02,2026-03-09,7
645d7da8-cd11-5693-b87a-0b7e2894d1ce,e8aeb018-f679-5670-b210-de4f62ff2111,76d6c9f4-5d7d-53c0-bb1f-2a577383765a,d3961f5a-3ea7-53d3-89f4-78b65b0c0c6b,2026-03-06,2026-03-09,3
ed9f3ba1-b668-56d1-90b6-aa4ee0ac1fb8,e8aeb018-f679-5670-b210-de4f62ff2111,41cb90d0-d91a-57c2-b138-831be351479f,38adf7ba-476e-5e6b-9163-781a13538253,2026-03-04,2026-03-09,5
ee1d86be-66a8-522e-8473-b2a17f353cb3,e8aeb018-f679-5670-b210-de4f62ff2111,41cb90d0-d91a-57c2-b138-831be351479f,38adf7ba-476e-5e6b-9163-781a13538253,2026-03-05,2026-03-10,5
cf071373-5b2b-5b94-8c83-318de0b77719,e8aeb018-f679-5670-b210-de4f62ff2111,ab4a547f-e75d-5601-8171-00da4efa4b57,94e18241-54bd-5516-b36f-94ab6e323aca,2026-03-03,2026-03-10,7
b79376ae-285d-5cd4-ba4d-a46d98762239,e8aeb018-f679-5670-b210-de4f62ff2111,ab4a547f-e75d-5601-8171-00da4efa4b57,97d26d91-c562-5f27-9ebd-285e89c8f4bf,2026-03-03,2026-03-10,7
ee52df27-644c-5dcb-a442-c6856d4630e9,e8aeb018-f679-5670-b210-de4f62ff2111,76d6c9f4-5d7d-53c0-bb1f-2a577383765a,c0cf5e5c-b5c9-585a-8e79-d9830bc954f6,2026-03-07,2026-03-10,3
ab453ef2-27d0-53f8-a2da-74da50166b2a,e8aeb018-f679-5670-b210-de4f62ff2111,76d6c9f4-5d7d-53c0-bb1f-2a577383765a,cd81184b-b6f1-563c-b463-36a69ddfb598,2026-03-07,2026-03-10,3
addf8e92-a56e-5c3a-a8e9-7d3c8b55ab36,e8aeb018-f679-5670-b210-de4f62ff2111,c6617891-56ff-5690-89a4-1ece06685ff5,058c6382-bde2-59d1-93ff-20c6161a4736,2026-02-28,2026-03-10,10
bd800ebb-bc49-5392-91ad-b8b832c0cd6a,e8aeb018-f679-5670-b210-de4f62ff2111,ab4a547f-e75d-5601-8171-00da4efa4b57,012857cc-907f-5e7d-b8fb-796d2c9f1621,2026-03-03,2026-03-10,7
6e25d4b6-e35b-5c1f-8f01-bf700d42807a,e8aeb018-f679-5670-b210-de4f62ff2111,41cb90d0-d91a-57c2-b138-831be351479f,38adf7ba-476e-5e6b-9163-781a13538253,2026-03-06,2026-03-11,5
94d1c44b-7b6a-5782-a97c-df448dea1ff6,e8aeb018-f679-5670-b210-de4f62ff2111,ab4a547f-e75d-5601-8171-00da4efa4b57,22231140-3780-5fe8-a7d4-d33f61d15111,2026-03-04,2026-03-11,7
7f847eef-0c3b-5b95-abd9-c3eca2bab334,e8aeb018-f679-5670-b210-de4f62ff2111,41cb90d0-d91a-57c2-b138-831be351479f,2897aac2-f219-5167-b800-73fac27f6b85,2026-03-06,2026-03-11,5
52318947-fb1c-5f8a-b8d0-128a104ca2dd,e8aeb018-f679-5670-b210-de4f62ff2111,ab4a547f-e75d-5601-8171-00da4efa4b57,6d807393-f4ab-5f76-b544-251eeda27ba3,2026-03-04,2026-03-11,7
14b124d8-4895-5d82-8f8d-315c00ed2c12,e8aeb018-f679-5670-b210-de4f62ff2111,76d6c9f4-5d7d-53c0-bb1f-2a577383765a,2082733c-4e17-51fe-bc8c-bf33d3ec5d7e,2026-03-09,2026-03-12,3
5e5f41af-35bf-5955-9429-94b094afde7f,e8aeb018-f679-5670-b210-de4f62ff2111,a6f6d890-1609-53fc-b4a6-5733ccc9d078,4d9429b6-2ebf-5b5d-ac48-f779d5a1e270,2026-02-26,2026-03-12,14
f51cb211-019a-5f52-aaa2-9055903b7afa,e8aeb018-f679-5670-b210-de4f62ff2111,41cb90d0-d91a-57c2-b138-831be351479f,2933d8b7-2438-521b-b38d-d3a5224f87fc,2026-03-07,2026-03-12,5
3c8c9752-bbd0-5f08-a497-1e5b9b68f448,e8aeb018-f679-5670-b210-de4f62ff2111,c6617891-56ff-5690-89a4-1ece06685ff5,87b859e0-789a-56e6-b1ba-4fe76221d3bf,2026-03-02,2026-03-12,10
ef2aa3ae-193e-5e39-af0e-2e4331899cc4,e8aeb018-f679-5670-b210-de4f62ff2111,c6617891-56ff-5690-89a4-1ece06685ff5,87b859e0-789a-56e6-b1ba-4fe76221d3bf,2026-03-03,2026-03-13,10
83672aff-8d8e-5e69-a0d6-660ae3153ba5,e8aeb018-f679-5670-b210-de4f62ff2111,c6617891-56ff-5690-89a4-1ece06685ff5,2eb3a104-e572-583a-afa0-156ee0dc4cce,2026-03-03,2026-03-13,10
67062d51-26d6-5367-a425-8c35a00e3724,e8aeb018-f679-5670-b210-de4f62ff2111,c6617891-56ff-5690-89a4-1ece06685ff5,058c6382-bde2-59d1-93ff-20c6161a4736,2026-03-03,2026-03-13,10
8250117a-056c-5b7c-841b-ad3ffb18ab54,e8aeb018-f679-5670-b210-de4f62ff2111,76d6c9f4-5d7d-53c0-bb1f-2a577383765a,d3961f5a-3ea7-53d3-89f4-78b65b0c0c6b,2026-03-11,2026-03-14,3
e74312ae-4b08-57fa-a15f-d91ed2ccf35c,e8aeb018-f679-5670-b210-de4f62ff2111,41cb90d0-d91a-57c2-b138-831be351479f,2933d8b7-2438-521b-b38d-d3a5224f87fc,2026-03-09,2026-03-14,5
a93d6e4d-0003-56f0-9c24-1b4ae38253a5,e8aeb018-f679-5670-b210-de4f62ff2111,ab4a547f-e75d-5601-8171-00da4efa4b57,97d26d91-c562-5f27-9ebd-285e89c8f4bf,2026-03-07,2026-03-14,7
833ff4a8-a6b1-51a1-807e-715e65dcb531,e8aeb018-f679-5670-b210-de4f62ff2111,a6f6d890-1609-53fc-b4a6-5733ccc9d078,1e9605fd-5682-52b6-8f05-e8a92dd44513,2026-02-28,2026-03-14,14
da30826d-8464-5aa1-88ee-fad6c8407846,e8aeb018-f679-5670-b210-de4f62ff2111,c6617891-56ff-5690-89a4-1ece06685ff5,d9506935-1215-5499-93c0-8bdd86ab9418,2026-03-04,2026-03-14,10
1c08efa7-16f4-534d-8c7a-5f78c07ddff7,e8aeb018-f679-5670-b210-de4f62ff2111,76d6c9f4-5d7d-53c0-bb1f-2a577383765a,d0ae6d2d-e561-56b3-a2c1-113c1c56ae81,2026-03-11,2026-03-14,3
d194fb2d-84e1-54ed-8c13-84f13f8ec79f,e8aeb018-f679-5670-b210-de4f62ff2111,ab4a547f-e75d-5601-8171-00da4efa4b57,012857cc-907f-5e7d-b8fb-796d2c9f1621,2026-03-07,2026-03-14,7
8ee4b16e-bd2e-5342-97b4-08f27eb2a302,e8aeb018-f679-5670-b210-de4f62ff2111,76d6c9f4-5d7d-53c0-bb1f-2a577383765a,2082733c-4e17-51fe-bc8c-bf33d3ec5d7e,2026-03-11,2026-03-14,3
466cae52-e2ba-5622-b432-cf947b40fdac,e8aeb018-f679-5670-b210-de4f62ff2111,41cb90d0-d91a-57c2-b138-831be351479f,d2f08f15-f9f2-5f65-a740-b05896774467,2026-03-10,2026-03-15,5
7970e2af-9f3f-5404-a1c8-a709a437dbb5,e8aeb018-f679-5670-b210-de4f62ff2111,76d6c9f4-5d7d-53c0-bb1f-2a577383765a,d0ae6d2d-e561-56b3-a2c1-113c1c56ae81,2026-03-12,2026-03-15,3
fb630a3c-86be-5f97-a83c-4d059580b89f,e8aeb018-f679-5670-b210-de4f62ff2111,c6617891-56ff-5690-89a4-1ece06685ff5,87b859e0-789a-56e6-b1ba-4fe76221d3bf,2026-03-05,2026-03-15,10
3c8f52fa-dc88-53e0-9c37-ce624248106c,e8aeb018-f679-5670-b210-de4f62ff2111,41cb90d0-d91a-57c2-b138-831be351479f,2933d8b7-2438-521b-b38d-d3a5224f87fc,2026-03-11,2026-03-16,5
46ffbfdf-a6d1-51fa-9e07-003ab2bc8810,e8aeb018-f679-5670-b210-de4f62ff2111,a6f6d890-1609-53fc-b4a6-5733ccc9d078,0ec23038-d3ab-588c-bbd6-1f5c744cdde1,2026-03-02,2026-03-16,14
b849bd09-861e-582c-817b-b1e5a447e0e1,e8aeb018-f679-5670-b210-de4f62ff2111,c6617891-56ff-5690-89a4-1ece06685ff5,d9506935-1215-5499-93c0-8bdd86ab9418,2026-03-06,2026-03-16,10
40c90987-d101-5e31-9edc-cad3c13c19ed,e8aeb018-f679-5670-b210-de4f62ff2111,c6617891-56ff-5690-89a4-1ece06685ff5,1ca3438e-9e23-58f0-a35f-f15f7a23beb9,2026-03-07,2026-03-17,10
43b34486-4fb5-5e5f-8ce9-e29b7ec8b8a5,e8aeb018-f679-5670-b210-de4f62ff2111,a6f6d890-1609-53fc-b4a6-5733ccc9d078,1e9605fd-5682-52b6-8f05-e8a92dd44513,2026-03-03,2026-03-17,14
1873cc30-703a-55a8-9fdc-2f5cb456e14b,e8aeb018-f679-5670-b210-de4f62ff2111,c6617891-56ff-5690-89a4-1ece06685ff5,042e2e80-f954-5df4-97be-29dd428cc598,2026-03-07,2026-03-17,10
029f3f47-8451-5e64-b7d7-756933daed0b,e8aeb018-f679-5670-b210-de4f62ff2111,41cb90d0-d91a-57c2-b138-831be351479f,38adf7ba-476e-5e6b-9163-781a13538253,2026-03-12,2026-03-17,5
db9ab620-bc80-5353-9e3d-1cb3fd506315,e8aeb018-f679-5670-b210-de4f62ff2111,a6f6d890-1609-53fc-b4a6-5733ccc9d078,afe9d181-1c64-5cca-b4b7-a9fa24eceeea,2026-03-03,2026-03-17,14
2d6ceb42-6b76-5675-aa48-2ab4334feda6,e8aeb018-f679-5670-b210-de4f62ff2111,a6f6d890-1609-53fc-b4a6-5733ccc9d078,4d9429b6-2ebf-5b5d-ac48-f779d5a1e270,2026-03-04,2026-03-18,14
46173e50-8de2-5cd6-a7ce-868da7ef837f,e8aeb018-f679-5670-b210-de4f62ff2111,ab4a547f-e75d-5601-8171-00da4efa4b57,94e18241-54bd-5516-b36f-94ab6e323aca,2026-03-11,2026-03-18,7
ad30d9fb-6e2d-5995-8243-ba0103190bbb,e8aeb018-f679-5670-b210-de4f62ff2111,a6f6d890-1609-53fc-b4a6-5733ccc9d078,4d9429b6-2ebf-5b5d-ac48-f779d5a1e270,2026-03-04,2026-03-18,14
76ab10a3-88fd-5d22-8578-edaa626df779,e8aeb018-f679-5670-b210-de4f62ff2111,a6f6d890-1609-53fc-b4a6-5733ccc9d078,983871db-adfb-543e-b438-6b00044ffb64,2026-03-04,2026-03-18,14
bc61bd46-b4ad-5910-b49a-f6507a2a3ada,e8aeb018-f679-5670-b210-de4f62ff2111,41cb90d0-d91a-57c2-b138-831be351479f,d2f08f15-f9f2-5f65-a740-b05896774467,2026-03-13,2026-03-18,5
ba5c899c-f0b6-562f-8668-aae6a887830e,e8aeb018-f679-5670-b210-de4f62ff2111,a6f6d890-1609-53fc-b4a6-5733ccc9d078,9928e9a1-d9fc-5fdd-86c2-8909352fd7fe,2026-03-05,2026-03-19,14
868da883-ac51-5024-8d2f-88025baa1101,e8aeb018-f679-5670-b210-de4f62ff2111,a6f6d890-1609-53fc-b4a6-5733ccc9d078,4d9429b6-2ebf-5b5d-ac48-f779d5a1e270,2026-03-05,2026-03-19,14
2ab5e42f-ef20-53ed-8bfb-83281890213f,e8aeb018-f679-5670-b210-de4f62ff2111,a6f6d890-1609-53fc-b4a6-5733ccc9d078,9928e9a1-d9fc-5fdd-86c2-8909352fd7fe,2026-03-05,2026-03-19,14
bfe2f19c-0721-56c1-b37d-412fe16f3b84,e8aeb018-f679-5670-b210-de4f62ff2111,a6f6d890-1609-53fc-b4a6-5733ccc9d078,afe9d181-1c64-5cca-b4b7-a9fa24eceeea,2026-03-06,2026-03-20,14
5a39091f-ec50-50ff-89e2-d69bef94d176,e8aeb018-f679-5670-b210-de4f62ff2111,ab4a547f-e75d-5601-8171-00da4efa4b57,94e18241-54bd-5516-b36f-94ab6e323aca,2026-03-13,2026-03-20,7
b63c7e08-e017-5c1b-9e94-5bdb39c28ec3,e8aeb018-f679-5670-b210-de4f62ff2111,c6617891-56ff-5690-89a4-1ece06685ff5,87b859e0-789a-56e6-b1ba-4fe76221d3bf,2026-03-10,2026-03-20,10
e16845b2-414c-59b5-b8ba-4997175c5821,e8aeb018-f679-5670-b210-de4f62ff2111,a6f6d890-1609-53fc-b4a6-5733ccc9d078,983871db-adfb-543e-b438-6b00044ffb64,2026-03-06,2026-03-20,14
ce4a2b18-43d7-5a47-b12c-16ca15c24446,e8aeb018-f679-5670-b210-de4f62ff2111,ab4a547f-e75d-5601-8171-00da4efa4b57,94e18241-54bd-5516-b36f-94ab6e323aca,2026-03-13,2026-03-20,7
591f165c-6909-5e65-8a95-48b7783bf8f5,e8aeb018-f679-5670-b210-de4f62ff2111,76d6c9f4-5d7d-53c0-bb1f-2a577383765a,c0cf5e5c-b5c9-585a-8e79-d9830bc954f6,2026-03-18,2026-03-21,3
c477ade1-aab7-5acb-a3b1-9ff804ae080d,e8aeb018-f679-5670-b210-de4f62ff2111,76d6c9f4-5d7d-53c0-bb1f-2a577383765a,cd81184b-b6f1-563c-b463-36a69ddfb598,2026-03-18,2026-03-21,3
391d7039-096c-576d-9df8-7c0bf2fe571c,e8aeb018-f679-5670-b210-de4f62ff2111,a6f6d890-1609-53fc-b4a6-5733ccc9d078,afe9d181-1c64-5cca-b4b7-a9fa24eceeea,2026-03-07,2026-03-21,14
93ef22d9-64c9-5e92-9b80-eabda5be1b23,e8aeb018-f679-5670-b210-de4f62ff2111,41cb90d0-d91a-57c2-b138-831be351479f,82cd11ba-d1a0-58b1-b14f-edd741f36e87,2026-03-16,2026-03-21,5
0e3f6063-bb79-5f34-81e3-e53ab4847d7f,e8aeb018-f679-5670-b210-de4f62ff2111,41cb90d0-d91a-57c2-b138-831be351479f,82cd11ba-d1a0-58b1-b14f-edd741f36e87,2026-03-16,2026-03-21,5
e5ca6760-0182-5781-9b9f-d7595475b095,e8aeb018-f679-5670-b210-de4f62ff2111,41cb90d0-d91a-57c2-b138-831be351479f,6baabed2-52d7-5cb7-bf74-86c7cb3e4f07,2026-03-16,2026-03-21,5
33d13bab-f119-5c6f-8e4e-2ecc86d47db6,e8aeb018-f679-5670-b210-de4f62ff2111,76d6c9f4-5d7d-53c0-bb1f-2a577383765a,5bbfdec8-65ae-59e6-b211-5eccb5b765fa,2026-03-19,2026-03-22,3
68b2012b-13d9-5c6d-8ab8-ae186c287258,e8aeb018-f679-5670-b210-de4f62ff2111,41cb90d0-d91a-57c2-b138-831be351479f,38adf7ba-476e-5e6b-9163-781a13538253,2026-03-17,2026-03-22,5
da2c83c7-0365-5a21-acb2-04c44cc1c3a0,e8aeb018-f679-5670-b210-de4f62ff2111,76d6c9f4-5d7d-53c0-bb1f-2a577383765a,5bbfdec8-65ae-59e6-b211-5eccb5b765fa,2026-03-19,2026-03-22,3
ed91ccef-f2a4-5738-ad31-dcdefc2b410c,e8aeb018-f679-5670-b210-de4f62ff2111,41cb90d0-d91a-57c2-b138-831be351479f,2933d8b7-2438-521b-b38d-d3a5224f87fc,2026-03-17,2026-03-22,5
3f89fce0-1896-517e-a3cc-7fea55d520b2,e8aeb018-f679-5670-b210-de4f62ff2111,76d6c9f4-5d7d-53c0-bb1f-2a577383765a,d0ae6d2d-e561-56b3-a2c1-113c1c56ae81,2026-03-19,2026-03-22,3
cb9f6050-2344-5938-9f13-9b238e25cca7,e8aeb018-f679-5670-b210-de4f62ff2111,76d6c9f4-5d7d-53c0-bb1f-2a577383765a,cd81184b-b6f1-563c-b463-36a69ddfb598,2026-03-19,2026-03-22,3
001d19da-8c45-5d1e-8d3e-70e5a132ea77,e8aeb018-f679-5670-b210-de4f62ff2111,c6617891-56ff-5690-89a4-1ece06685ff5,d9506935-1215-5499-93c0-8bdd86ab9418,2026-03-12,2026-03-22,10
41659865-89c4-5de1-b96e-6c4867a88a97,e8aeb018-f679-5670-b210-de4f62ff2111,ab4a547f-e75d-5601-8171-00da4efa4b57,6d807393-f4ab-5f76-b544-251eeda27ba3,2026-03-16,2026-03-23,7
0ad08763-5547-5090-9362-bd2130f885ad,e8aeb018-f679-5670-b210-de4f62ff2111,c6617891-56ff-5690-89a4-1ece06685ff5,1ca3438e-9e23-58f0-a35f-f15f7a23beb9,2026-03-13,2026-03-23,10
eee90779-451a-5711-a548-d65da2059412,e8aeb018-f679-5670-b210-de4f62ff2111,a6f6d890-1609-53fc-b4a6-5733ccc9d078,1e9605fd-5682-52b6-8f05-e8a92dd44513,2026-03-09,2026-03-23,14
d173a1c6-ed28-55e6-834c-2673ce319b77,e8aeb018-f679-5670-b210-de4f62ff2111,76d6c9f4-5d7d-53c0-bb1f-2a577383765a,c0cf5e5c-b5c9-585a-8e79-d9830bc954f6,2026-03-20,2026-03-23,3
c82eea17-c163-5c14-8f53-2ae1cabbfb59,e8aeb018-f679-5670-b210-de4f62ff2111,ab4a547f-e75d-5601-8171-00da4efa4b57,012857cc-907f-5e7d-b8fb-796d2c9f1621,2026-03-16,2026-03-23,7
61e1fe64-37de-5b96-a10a-82aeafab664b,e8aeb018-f679-5670-b210-de4f62ff2111,c6617891-56ff-5690-89a4-1ece06685ff5,87b859e0-789a-56e6-b1ba-4fe76221d3bf,2026-03-14,2026-03-24,10
d329462a-5a9e-5f4e-9725-579c079f51b8,e8aeb018-f679-5670-b210-de4f62ff2111,76d6c9f4-5d7d-53c0-bb1f-2a577383765a,2082733c-4e17-51fe-bc8c-bf33d3ec5d7e,2026-03-21,2026-03-24,3
7ad10a0e-8325-53ed-a4fa-4ec1b2306a3d,e8aeb018-f679-5670-b210-de4f62ff2111,41cb90d0-d91a-57c2-b138-831be351479f,38adf7ba-476e-5e6b-9163-781a13538253,2026-03-19,2026-03-24,5
8d026701-d126-5850-97b8-51a7d5e4a6ba,e8aeb018-f679-5670-b210-de4f62ff2111,a6f6d890-1609-53fc-b4a6-5733ccc9d078,9928e9a1-d9fc-5fdd-86c2-8909352fd7fe,2026-03-11,2026-03-25,14
587b4b88-e027-5a8c-abd3-4b7e21e774aa,e8aeb018-f679-5670-b210-de4f62ff2111,41cb90d0-d91a-57c2-b138-831be351479f,82cd11ba-d1a0-58b1-b14f-edd741f36e87,2026-03-21,2026-03-26,5
7684c11c-e1c5-54f3-9eb1-978ce3e92d07,e8aeb018-f679-5670-b210-de4f62ff2111,a6f6d890-1609-53fc-b4a6-5733ccc9d078,983871db-adfb-543e-b438-6b00044ffb64,2026-03-12,2026-03-26,14
aee59754-23f1-50cf-8720-2025405aaccd,e8aeb018-f679-5670-b210-de4f62ff2111,41cb90d0-d91a-57c2-b138-831be351479f,d2f08f15-f9f2-5f65-a740-b05896774467,2026-03-21,2026-03-26,5
3056b7a3-128b-5ad5-b991-4c287c7d49f9,e8aeb018-f679-5670-b210-de4f62ff2111,76d6c9f4-5d7d-53c0-bb1f-2a577383765a,5bbfdec8-65ae-59e6-b211-5eccb5b765fa,2026-03-23,2026-03-26,3
92ba6519-b9cf-548b-b4f6-e7b3ab2978dc,e8aeb018-f679-5670-b210-de4f62ff2111,76d6c9f4-5d7d-53c0-bb1f-2a577383765a,5bbfdec8-65ae-59e6-b211-5eccb5b765fa,2026-03-23,2026-03-26,3
f80a09a8-b608-5cf1-af9f-ad588962342f,e8aeb018-f679-5670-b210-de4f62ff2111,c6617891-56ff-5690-89a4-1ece06685ff5,1ca3438e-9e23-58f0-a35f-f15f7a23beb9,2026-03-16,2026-03-26,10
c03d42d9-89f7-5d60-aaad-4462052b75d9,e8aeb018-f679-5670-b210-de4f62ff2111,a6f6d890-1609-53fc-b4a6-5733ccc9d078,0ec23038-d3ab-588c-bbd6-1f5c744cdde1,2026-03-12,2026-03-26,14
f6298e68-8f23-5832-8e3d-d0c5a78a60d0,e8aeb018-f679-5670-b210-de4f62ff2111,ab4a547f-e75d-5601-8171-00da4efa4b57,94e18241-54bd-5516-b36f-94ab6e323aca,2026-03-20,2026-03-27,7
72f1ab9d-b5e6-58b0-912d-52aea8fa0285,e8aeb018-f679-5670-b210-de4f62ff2111,a6f6d890-1609-53fc-b4a6-5733ccc9d078,0ec23038-d3ab-588c-bbd6-1f5c744cdde1,2026-03-13,2026-03-27,14
750b4dff-fa35-5195-95ba-a6e9eaf1729f,e8aeb018-f679-5670-b210-de4f62ff2111,ab4a547f-e75d-5601-8171-00da4efa4b57,07371b94-955f-52a4-9bf9-f0a6ad2b4fa8,2026-03-20,2026-03-27,7
4cce1038-f646-51b6-b043-3472c42aaeee,e8aeb018-f679-5670-b210-de4f62ff2111,c6617891-56ff-5690-89a4-1ece06685ff5,2eb3a104-e572-583a-afa0-156ee0dc4cce,2026-03-17,2026-03-27,10
6fb7a73c-9a81-58b4-bcf4-8c4829c2b08c,e8aeb018-f679-5670-b210-de4f62ff2111,ab4a547f-e75d-5601-8171-00da4efa4b57,94e18241-54bd-5516-b36f-94ab6e323aca,2026-03-21,2026-03-28,7
995f46a0-4893-5b68-a9ac-ab235a16f6fc,e8aeb018-f679-5670-b210-de4f62ff2111,ab4a547f-e75d-5601-8171-00da4efa4b57,012857cc-907f-5e7d-b8fb-796d2c9f1621,2026-03-21,2026-03-28,7
cd09d7db-68fe-5493-9eff-c9a9a13e84ff,e8aeb018-f679-5670-b210-de4f62ff2111,a6f6d890-1609-53fc-b4a6-5733ccc9d078,983871db-adfb-543e-b438-6b00044ffb64,2026-03-14,2026-03-28,14
b03b9cb0-e21a-50b8-8c65-3e6294dc7a81,e8aeb018-f679-5670-b210-de4f62ff2111,41cb90d0-d91a-57c2-b138-831be351479f,38adf7ba-476e-5e6b-9163-781a13538253,2026-03-23,2026-03-28,5
5c22ed6b-e25e-57a5-8796-b1beab644da1,e8aeb018-f679-5670-b210-de4f62ff2111,ab4a547f-e75d-5601-8171-00da4efa4b57,22231140-3780-5fe8-a7d4-d33f61d15111,2026-03-21,2026-03-28,7
8c9b8076-4599-5164-9ade-878c8180159f,e8aeb018-f679-5670-b210-de4f62ff2111,c6617891-56ff-5690-89a4-1ece06685ff5,042e2e80-f954-5df4-97be-29dd428cc598,2026-03-19,2026-03-29,10
8f82ba9b-17c8-532c-962d-ff1c8aae9a16,e8aeb018-f679-5670-b210-de4f62ff2111,41cb90d0-d91a-57c2-b138-831be351479f,6baabed2-52d7-5cb7-bf74-86c7cb3e4f07,2026-03-24,2026-03-29,5
f646aa4c-ea02-589b-9e77-5af71b999303,e8aeb018-f679-5670-b210-de4f62ff2111,76d6c9f4-5d7d-53c0-bb1f-2a577383765a,c0cf5e5c-b5c9-585a-8e79-d9830bc954f6,2026-03-26,2026-03-29,3
f9d31182-63b8-54d1-9af0-ceb4cdfc1bfa,e8aeb018-f679-5670-b210-de4f62ff2111,a6f6d890-1609-53fc-b4a6-5733ccc9d078,afe9d181-1c64-5cca-b4b7-a9fa24eceeea,2026-03-16,2026-03-30,14
b399acfc-ee70-576b-b31c-4827c127d549,e8aeb018-f679-5670-b210-de4f62ff2111,ab4a547f-e75d-5601-8171-00da4efa4b57,97d26d91-c562-5f27-9ebd-285e89c8f4bf,2026-03-23,2026-03-30,7
37ea7ed3-f5d2-5fc6-b495-b04969628ce3,e8aeb018-f679-5670-b210-de4f62ff2111,76d6c9f4-5d7d-53c0-bb1f-2a577383765a,d0ae6d2d-e561-56b3-a2c1-113c1c56ae81,2026-03-27,2026-03-30,3
a8f8dae8-fd4f-58c4-9073-36c065982a19,e8aeb018-f679-5670-b210-de4f62ff2111,41cb90d0-d91a-57c2-b138-831be351479f,2897aac2-f219-5167-b800-73fac27f6b85,2026-03-25,2026-03-30,5
3c560bf0-78c0-5abf-aee4-801b626113c3,e8aeb018-f679-5670-b210-de4f62ff2111,c6617891-56ff-5690-89a4-1ece06685ff5,058c6382-bde2-59d1-93ff-20c6161a4736,2026-03-21,2026-03-31,10
21b530db-9827-550a-88f2-404266ca638e,e8aeb018-f679-5670-b210-de4f62ff2111,41cb90d0-d91a-57c2-b138-831be351479f,38adf7ba-476e-5e6b-9163-781a13538253,2026-03-26,2026-03-31,5
0c7ec120-cbf4-52de-9d46-185ee41154d9,e8aeb018-f679-5670-b210-de4f62ff2111,41cb90d0-d91a-57c2-b138-831be351479f,2897aac2-f219-5167-b800-73fac27f6b85,2026-03-26,2026-03-31,5
11325747-6a76-5980-a449-9e7bdb8983f8,e8aeb018-f679-5670-b210-de4f62ff2111,c6617891-56ff-5690-89a4-1ece06685ff5,2eb3a104-e572-583a-afa0-156ee0dc4cce,2026-03-21,2026-03-31,10
394de4b9-b3de-583d-9db6-d606b3e26357,e8aeb018-f679-5670-b210-de4f62ff2111,76d6c9f4-5d7d-53c0-bb1f-2a577383765a,c0cf5e5c-b5c9-585a-8e79-d9830bc954f6,2026-03-28,2026-03-31,3
6e020ecc-7b6f-5f30-915a-6141216148d4,e8aeb018-f679-5670-b210-de4f62ff2111,ab4a547f-e75d-5601-8171-00da4efa4b57,6d807393-f4ab-5f76-b544-251eeda27ba3,2026-03-25,2026-04-01,7
1554cda8-22cc-5ff2-b3b8-b54735346d55,e8aeb018-f679-5670-b210-de4f62ff2111,ab4a547f-e75d-5601-8171-00da4efa4b57,07371b94-955f-52a4-9bf9-f0a6ad2b4fa8,2026-03-25,2026-04-01,7
9081fd25-db7f-59bf-9ca4-0c39e07217bc,e8aeb018-f679-5670-b210-de4f62ff2111,a6f6d890-1609-53fc-b4a6-5733ccc9d078,1e9605fd-5682-52b6-8f05-e8a92dd44513,2026-03-18,2026-04-01,14
8b4bc3b1-b427-58fb-b286-192f3713d7e8,e8aeb018-f679-5670-b210-de4f62ff2111,41cb90d0-d91a-57c2-b138-831be351479f,2933d8b7-2438-521b-b38d-d3a5224f87fc,2026-03-27,2026-04-01,5
70240b48-74e7-5408-b478-5ccbc963425a,e8aeb018-f679-5670-b210-de4f62ff2111,76d6c9f4-5d7d-53c0-bb1f-2a577383765a,d0ae6d2d-e561-56b3-a2c1-113c1c56ae81,2026-03-30,2026-04-02,3
acf4e890-02a0-5539-b987-751abf947b25,e8aeb018-f679-5670-b210-de4f62ff2111,c6617891-56ff-5690-89a4-1ece06685ff5,d9506935-1215-5499-93c0-8bdd86ab9418,2026-03-23,2026-04-02,10
ec3411a3-21a4-5a77-87a6-ddd62b3ed0fb,e8aeb018-f679-5670-b210-de4f62ff2111,c6617891-56ff-5690-89a4-1ece06685ff5,042e2e80-f954-5df4-97be-29dd428cc598,2026-03-23,2026-04-02,10
f61d8a6d-e0af-51c1-9c35-1e25906dd671,e8aeb018-f679-5670-b210-de4f62ff2111,76d6c9f4-5d7d-53c0-bb1f-2a577383765a,d3961f5a-3ea7-53d3-89f4-78b65b0c0c6b,2026-03-30,2026-04-02,3
84d433ab-b75a-559c-b489-3f93f6420293,e8aeb018-f679-5670-b210-de4f62ff2111,c6617891-56ff-5690-89a4-1ece06685ff5,1ca3438e-9e23-58f0-a35f-f15f7a23beb9,2026-03-23,2026-04-02,10
39ca0286-e5cf-5a00-adc1-75ab2b0d8b2e,e8aeb018-f679-5670-b210-de4f62ff2111,76d6c9f4-5d7d-53c0-bb1f-2a577383765a,2082733c-4e17-51fe-bc8c-bf33d3ec5d7e,2026-03-31,2026-04-03,3
a393aebb-5764-5c62-879d-fca2df0e26c5,e8aeb018-f679-5670-b210-de4f62ff2111,c6617891-56ff-5690-89a4-1ece06685ff5,2eb3a104-e572-583a-afa0-156ee0dc4cce,2026-03-24,2026-04-03,10
4a80cec5-4d14-54b8-9efb-d63c98722e96,e8aeb018-f679-5670-b210-de4f62ff2111,ab4a547f-e75d-5601-8171-00da4efa4b57,07371b94-955f-52a4-9bf9-f0a6ad2b4fa8,2026-03-27,2026-04-03,7
47cfda7c-95c2-5109-811d-6f6626fcb382,e8aeb018-f679-5670-b210-de4f62ff2111,76d6c9f4-5d7d-53c0-bb1f-2a577383765a,2082733c-4e17-51fe-bc8c-bf33d3ec5d7e,2026-03-31,2026-04-03,3
a0145ac5-beb8-5c69-bfc6-ce987eae82d2,e8aeb018-f679-5670-b210-de4f62ff2111,c6617891-56ff-5690-89a4-1ece06685ff5,058c6382-bde2-59d1-93ff-20c6161a4736,2026-03-24,2026-04-03,10
422d319f-8dce-539a-a021-3aa6621081ba,e8aeb018-f679-5670-b210-de4f62ff2111,a6f6d890-1609-53fc-b4a6-5733ccc9d078,4d9429b6-2ebf-5b5d-ac48-f779d5a1e270,2026-03-20,2026-04-03,14
67565ed9-2080-5561-999d-a11a89c812cd,e8aeb018-f679-5670-b210-de4f62ff2111,a6f6d890-1609-53fc-b4a6-5733ccc9d078,0ec23038-d3ab-588c-bbd6-1f5c744cdde1,2026-03-21,2026-04-04,14
7ad93234-2cc3-578e-9e3b-91500f6273e9,e8aeb018-f679-5670-b210-de4f62ff2111,c6617891-56ff-5690-89a4-1ece06685ff5,d9506935-1215-5499-93c0-8bdd86ab9418,2026-03-25,2026-04-04,10
475c0034-e485-5b11-8919-36f487cbb32b,e8aeb018-f679-5670-b210-de4f62ff2111,76d6c9f4-5d7d-53c0-bb1f-2a577383765a,cd81184b-b6f1-563c-b463-36a69ddfb598,2026-04-01,2026-04-04,3
c3b73fb1-c7f7-558c-bb24-8ddcb11789e6,e8aeb018-f679-5670-b210-de4f62ff2111,41cb90d0-d91a-57c2-b138-831be351479f,d2f08f15-f9f2-5f65-a740-b05896774467,2026-03-30,2026-04-04,5
ae2051cc-3003-5780-94e7-a4d9e81e548f,e8aeb018-f679-5670-b210-de4f62ff2111,ab4a547f-e75d-5601-8171-00da4efa4b57,97d26d91-c562-5f27-9ebd-285e89c8f4bf,2026-03-28,2026-04-04,7
8a30dc5b-c8dc-5812-9f4c-d866e1a57446,e8aeb018-f679-5670-b210-de4f62ff2111,c6617891-56ff-5690-89a4-1ece06685ff5,042e2e80-f954-5df4-97be-29dd428cc598,2026-03-25,2026-04-04,10
e72406e0-3200-5ed4-876b-7eae62cf5df6,e8aeb018-f679-5670-b210-de4f62ff2111,76d6c9f4-5d7d-53c0-bb1f-2a577383765a,d3961f5a-3ea7-53d3-89f4-78b65b0c0c6b,2026-04-02,2026-04-05,3
4c796bf9-9831-5945-a329-9d18892e6a79,e8aeb018-f679-5670-b210-de4f62ff2111,c6617891-56ff-5690-89a4-1ece06685ff5,042e2e80-f954-5df4-97be-29dd428cc598,2026-03-26,2026-04-05,10
40f111e7-621d-5f27-ac20-9f0802d2dec6,e8aeb018-f679-5670-b210-de4f62ff2111,ab4a547f-e75d-5601-8171-00da4efa4b57,07371b94-955f-52a4-9bf9-f0a6ad2b4fa8,2026-03-30,2026-04-06,7
f1bb5368-4be1-5492-9d85-493bdffa75a0,e8aeb018-f679-5670-b210-de4f62ff2111,c6617891-56ff-5690-89a4-1ece06685ff5,87b859e0-789a-56e6-b1ba-4fe76221d3bf,2026-03-27,2026-04-06,10
5723e151-8881-5c40-a1dc-877b404becd6,e8aeb018-f679-5670-b210-de4f62ff2111,c6617891-56ff-5690-89a4-1ece06685ff5,1ca3438e-9e23-58f0-a35f-f15f7a23beb9,2026-03-27,2026-04-06,10
dbe0be8a-e51b-5fea-b782-30b8acc40627,e8aeb018-f679-5670-b210-de4f62ff2111,76d6c9f4-5d7d-53c0-bb1f-2a577383765a,d3961f5a-3ea7-53d3-89f4-78b65b0c0c6b,2026-04-03,2026-04-06,3
ca39a486-784b-581f-a403-c94dbc95cda5,e8aeb018-f679-5670-b210-de4f62ff2111,41cb90d0-d91a-57c2-b138-831be351479f,d2f08f15-f9f2-5f65-a740-b05896774467,2026-04-01,2026-04-06,5
97851f63-198c-51ae-adb0-885a38572d07,e8aeb018-f679-5670-b210-de4f62ff2111,76d6c9f4-5d7d-53c0-bb1f-2a577383765a,5bbfdec8-65ae-59e6-b211-5eccb5b765fa,2026-04-03,2026-04-06,3
086f3b0e-0a55-5e40-8d5f-10908e3f6c75,e8aeb018-f679-5670-b210-de4f62ff2111,a6f6d890-1609-53fc-b4a6-5733ccc9d078,983871db-adfb-543e-b438-6b00044ffb64,2026-03-24,2026-04-07,14
eb69d4d7-335b-584d-b072-b2584629d29d,e8aeb018-f679-5670-b210-de4f62ff2111,a6f6d890-1609-53fc-b4a6-5733ccc9d078,0ec23038-d3ab-588c-bbd6-1f5c744cdde1,2026-03-24,2026-04-07,14
2630d528-5b4b-5d89-a1c2-c0546fc1eb1f,e8aeb018-f679-5670-b210-de4f62ff2111,41cb90d0-d91a-57c2-b138-831be351479f,6baabed2-52d7-5cb7-bf74-86c7cb3e4f07,2026-04-02,2026-04-07,5
219f5e0d-2b7e-52a8-9b11-c679dfede071,e8aeb018-f679-5670-b210-de4f62ff2111,ab4a547f-e75d-5601-8171-00da4efa4b57,07371b94-955f-52a4-9bf9-f0a6ad2b4fa8,2026-03-31,2026-04-07,7
bcb55743-819f-5d2b-951f-3dcf599f1510,e8aeb018-f679-5670-b210-de4f62ff2111,41cb90d0-d91a-57c2-b138-831be351479f,38adf7ba-476e-5e6b-9163-781a13538253,2026-04-03,2026-04-08,5
2aa09136-f409-586b-ae45-56687ec46d85,e8aeb018-f679-5670-b210-de4f62ff2111,ab4a547f-e75d-5601-8171-00da4efa4b57,22231140-3780-5fe8-a7d4-d33f61d15111,2026-04-02,2026-04-09,7
a976ce45-6ded-5ee7-9578-bc2604c8da17,e8aeb018-f679-5670-b210-de4f62ff2111,41cb90d0-d91a-57c2-b138-831be351479f,6baabed2-52d7-5cb7-bf74-86c7cb3e4f07,2026-04-04,2026-04-09,5
7e61fdbd-9a05-5afe-a91b-7f531956e88a,e8aeb018-f679-5670-b210-de4f62ff2111,76d6c9f4-5d7d-53c0-bb1f-2a577383765a,d3961f5a-3ea7-53d3-89f4-78b65b0c0c6b,2026-04-07,2026-04-10,3
04a027bc-3446-59b5-a819-30367810857b,e8aeb018-f679-5670-b210-de4f62ff2111,ab4a547f-e75d-5601-8171-00da4efa4b57,97d26d91-c562-5f27-9ebd-285e89c8f4bf,2026-04-03,2026-04-10,7
59bc075c-7349-5f36-8c01-9e1474436f0f,e8aeb018-f679-5670-b210-de4f62ff2111,76d6c9f4-5d7d-53c0-bb1f-2a577383765a,cd81184b-b6f1-563c-b463-36a69ddfb598,2026-04-07,2026-04-10,3
b3432ccb-a177-5369-88db-d659372bcfe9,e8aeb018-f679-5670-b210-de4f62ff2111,76d6c9f4-5d7d-53c0-bb1f-2a577383765a,2082733c-4e17-51fe-bc8c-bf33d3ec5d7e,2026-04-08,2026-04-11,3
3f7daa0c-52c3-593f-bd1a-2d825028c41a,e8aeb018-f679-5670-b210-de4f62ff2111,76d6c9f4-5d7d-53c0-bb1f-2a577383765a,c0cf5e5c-b5c9-585a-8e79-d9830bc954f6,2026-04-08,2026-04-11,3
26655d92-4abd-5c4c-a3f7-4425e62f4608,e8aeb018-f679-5670-b210-de4f62ff2111,ab4a547f-e75d-5601-8171-00da4efa4b57,012857cc-907f-5e7d-b8fb-796d2c9f1621,2026-04-04,2026-04-11,7
b3ef3e2d-45f2-5cd0-9b1a-6b30f4c7aaf2,e8aeb018-f679-5670-b210-de4f62ff2111,c6617891-56ff-5690-89a4-1ece06685ff5,87b859e0-789a-56e6-b1ba-4fe76221d3bf,2026-04-01,2026-04-11,10
234b6de0-0525-5b11-a6f7-2e857f243f74,e8aeb018-f679-5670-b210-de4f62ff2111,41cb90d0-d91a-57c2-b138-831be351479f,2897aac2-f219-5167-b800-73fac27f6b85,2026-04-07,2026-04-12,5
db75bde7-bfa9-53e0-8a4f-03f009268e45,e8aeb018-f679-5670-b210-de4f62ff2111,41cb90d0-d91a-57c2-b138-831be351479f,82cd11ba-d1a0-58b1-b14f-edd741f36e87,2026-04-07,2026-04-12,5
25a8ec1c-c68e-54d6-8852-1a5a8b3dc3a5,e8aeb018-f679-5670-b210-de4f62ff2111,41cb90d0-d91a-57c2-b138-831be351479f,38adf7ba-476e-5e6b-9163-781a13538253,2026-04-08,2026-04-13,5
21c19ab1-6446-536b-a2d9-c7aa4e3ee02a,e8aeb018-f679-5670-b210-de4f62ff2111,41cb90d0-d91a-57c2-b138-831be351479f,d2f08f15-f9f2-5f65-a740-b05896774467,2026-04-08,2026-04-13,5
795a2705-a356-5a7d-be2b-93771be52def,e8aeb018-f679-5670-b210-de4f62ff2111,c6617891-56ff-5690-89a4-1ece06685ff5,87b859e0-789a-56e6-b1ba-4fe76221d3bf,2026-04-04,2026-04-14,10
44eda633-2ec8-5013-b104-55fee54ad199,e8aeb018-f679-5670-b210-de4f62ff2111,41cb90d0-d91a-57c2-b138-831be351479f,6baabed2-52d7-5cb7-bf74-86c7cb3e4f07,2026-04-09,2026-04-14,5
26e5d84e-5082-598a-92e9-7236ffa1e89d,e8aeb018-f679-5670-b210-de4f62ff2111,ab4a547f-e75d-5601-8171-00da4efa4b57,012857cc-907f-5e7d-b8fb-796d2c9f1621,2026-04-07,2026-04-14,7
2a417966-c1cf-54ec-9e31-5958c186562c,e8aeb018-f679-5670-b210-de4f62ff2111,41cb90d0-d91a-57c2-b138-831be351479f,2933d8b7-2438-521b-b38d-d3a5224f87fc,2026-04-10,2026-04-15,5
343f05b7-0f3d-5b4f-bf7e-a4cc14fc85bc,e8aeb018-f679-5670-b210-de4f62ff2111,ab4a547f-e75d-5601-8171-00da4efa4b57,6d807393-f4ab-5f76-b544-251eeda27ba3,2026-04-08,2026-04-15,7
d3228f92-b2ce-5479-a6f0-bb223d861eef,e8aeb018-f679-5670-b210-de4f62ff2111,ab4a547f-e75d-5601-8171-00da4efa4b57,97d26d91-c562-5f27-9ebd-285e89c8f4bf,2026-04-08,2026-04-15,7
629d5567-c672-5b4a-8e19-c0f28de65b4a,e8aeb018-f679-5670-b210-de4f62ff2111,a6f6d890-1609-53fc-b4a6-5733ccc9d078,9928e9a1-d9fc-5fdd-86c2-8909352fd7fe,2026-04-01,2026-04-15,14
a0c8682c-70f6-5d21-8c95-513afe440524,e8aeb018-f679-5670-b210-de4f62ff2111,c6617891-56ff-5690-89a4-1ece06685ff5,2eb3a104-e572-583a-afa0-156ee0dc4cce,2026-04-06,2026-04-16,10
72633569-3d2f-5928-b8ca-b1b4a9bdc97d,e8aeb018-f679-5670-b210-de4f62ff2111,41cb90d0-d91a-57c2-b138-831be351479f,38adf7ba-476e-5e6b-9163-781a13538253,2026-04-11,2026-04-16,5
1b39be7a-5730-5d5a-8329-4f38320667e0,e8aeb018-f679-5670-b210-de4f62ff2111,ab4a547f-e75d-5601-8171-00da4efa4b57,94e18241-54bd-5516-b36f-94ab6e323aca,2026-04-09,2026-04-16,7
5c292d77-45f8-55f1-8ce8-54936fb02729,e8aeb018-f679-5670-b210-de4f62ff2111,76d6c9f4-5d7d-53c0-bb1f-2a577383765a,d3961f5a-3ea7-53d3-89f4-78b65b0c0c6b,2026-04-13,2026-04-16,3
5da8469a-c97d-5a25-bd98-00bd0bb43f20,e8aeb018-f679-5670-b210-de4f62ff2111,c6617891-56ff-5690-89a4-1ece06685ff5,2eb3a104-e572-583a-afa0-156ee0dc4cce,2026-04-06,2026-04-16,10
154749de-2742-5075-bff6-41e2f07d96c8,e8aeb018-f679-5670-b210-de4f62ff2111,a6f6d890-1609-53fc-b4a6-5733ccc9d078,1e9605fd-5682-52b6-8f05-e8a92dd44513,2026-04-02,2026-04-16,14
051cf90c-6279-5ed0-a574-19ad13862b42,e8aeb018-f679-5670-b210-de4f62ff2111,76d6c9f4-5d7d-53c0-bb1f-2a577383765a,c0cf5e5c-b5c9-585a-8e79-d9830bc954f6,2026-04-14,2026-04-17,3
33f787e6-9006-5b9a-9791-e93750cdf259,e8aeb018-f679-5670-b210-de4f62ff2111,c6617891-56ff-5690-89a4-1ece06685ff5,1ca3438e-9e23-58f0-a35f-f15f7a23beb9,2026-04-07,2026-04-17,10
1cd31c35-584a-5085-88c2-791398482b25,e8aeb018-f679-5670-b210-de4f62ff2111,ab4a547f-e75d-5601-8171-00da4efa4b57,22231140-3780-5fe8-a7d4-d33f61d15111,2026-04-10,2026-04-17,7
93ae3d68-08f6-5448-bc00-eadfef5d34e1,e8aeb018-f679-5670-b210-de4f62ff2111,76d6c9f4-5d7d-53c0-bb1f-2a577383765a,cd81184b-b6f1-563c-b463-36a69ddfb598,2026-04-14,2026-04-17,3
e20f9f1e-895c-5df8-9ca4-dc73030c1355,e8aeb018-f679-5670-b210-de4f62ff2111,76d6c9f4-5d7d-53c0-bb1f-2a577383765a,c0cf5e5c-b5c9-585a-8e79-d9830bc954f6,2026-04-15,2026-04-18,3
e9ed4936-6bfe-51c6-a9ef-b3e2d4068034,e8aeb018-f679-5670-b210-de4f62ff2111,ab4a547f-e75d-5601-8171-00da4efa4b57,94e18241-54bd-5516-b36f-94ab6e323aca,2026-04-11,2026-04-18,7
1ac3ef6f-48fe-5ce2-a6a9-4da963f7e828,e8aeb018-f679-5670-b210-de4f62ff2111,41cb90d0-d91a-57c2-b138-831be351479f,82cd11ba-d1a0-58b1-b14f-edd741f36e87,2026-04-13,2026-04-18,5
09cb9d0b-175c-5e62-a244-d63d0d1ee369,e8aeb018-f679-5670-b210-de4f62ff2111,a6f6d890-1609-53fc-b4a6-5733ccc9d078,afe9d181-1c64-5cca-b4b7-a9fa24eceeea,2026-04-04,2026-04-18,14
7d488971-2f03-5faf-ab2c-645992ea9183,e8aeb018-f679-5670-b210-de4f62ff2111,ab4a547f-e75d-5601-8171-00da4efa4b57,012857cc-907f-5e7d-b8fb-796d2c9f1621,2026-04-11,2026-04-18,7
7447c072-3eb3-569f-b576-84548c37aca1,e8aeb018-f679-5670-b210-de4f62ff2111,41cb90d0-d91a-57c2-b138-831be351479f,2933d8b7-2438-521b-b38d-d3a5224f87fc,2026-04-14,2026-04-19,5
5139fee1-a352-5c63-a4ee-d25ec469ab22,e8aeb018-f679-5670-b210-de4f62ff2111,c6617891-56ff-5690-89a4-1ece06685ff5,87b859e0-789a-56e6-b1ba-4fe76221d3bf,2026-04-09,2026-04-19,10
6651ae8a-8de6-5f7b-8094-a7f22089ec82,e8aeb018-f679-5670-b210-de4f62ff2111,41cb90d0-d91a-57c2-b138-831be351479f,38adf7ba-476e-5e6b-9163-781a13538253,2026-04-14,2026-04-19,5
ed6db462-60d7-5184-96f6-5034a68c0872,e8aeb018-f679-5670-b210-de4f62ff2111,c6617891-56ff-5690-89a4-1ece06685ff5,87b859e0-789a-56e6-b1ba-4fe76221d3bf,2026-04-10,2026-04-20,10
f5dd3860-96ee-5e3f-8e32-07a618b7e36c,e8aeb018-f679-5670-b210-de4f62ff2111,c6617891-56ff-5690-89a4-1ece06685ff5,058c6382-bde2-59d1-93ff-20c6161a4736,2026-04-10,2026-04-20,10
a7d4bcfe-562f-5953-8d31-147e87f708a4,e8aeb018-f679-5670-b210-de4f62ff2111,41cb90d0-d91a-57c2-b138-831be351479f,d2f08f15-f9f2-5f65-a740-b05896774467,2026-04-15,2026-04-20,5
fb63ce07-7789-5328-b0ee-625ecfb5a74c,e8aeb018-f679-5670-b210-de4f62ff2111,41cb90d0-d91a-57c2-b138-831be351479f,6baabed2-52d7-5cb7-bf74-86c7cb3e4f07,2026-04-15,2026-04-20,5
cdbff7bb-c099-5587-945c-d4125c771581,e8aeb018-f679-5670-b210-de4f62ff2111,41cb90d0-d91a-57c2-b138-831be351479f,82cd11ba-d1a0-58b1-b14f-edd741f36e87,2026-04-16,2026-04-21,5
8ba4bac9-406f-5af4-8aef-1ea6ebdc8bbb,e8aeb018-f679-5670-b210-de4f62ff2111,a6f6d890-1609-53fc-b4a6-5733ccc9d078,4d9429b6-2ebf-5b5d-ac48-f779d5a1e270,2026-04-07,2026-04-21,14
05d29618-2055-540b-864a-23d513e749c3,e8aeb018-f679-5670-b210-de4f62ff2111,ab4a547f-e75d-5601-8171-00da4efa4b57,97d26d91-c562-5f27-9ebd-285e89c8f4bf,2026-04-14,2026-04-21,7
06217748-e929-5c3c-9236-2ed9b47d46a1,e8aeb018-f679-5670-b210-de4f62ff2111,ab4a547f-e75d-5601-8171-00da4efa4b57,94e18241-54bd-5516-b36f-94ab6e323aca,2026-04-14,2026-04-21,7
9e053035-3317-5f7a-8c9b-f9396da38a75,e8aeb018-f679-5670-b210-de4f62ff2111,a6f6d890-1609-53fc-b4a6-5733ccc9d078,4d9429b6-2ebf-5b5d-ac48-f779d5a1e270,2026-04-08,2026-04-22,14
7a179da0-69aa-599e-af84-51afe154add9,e8aeb018-f679-5670-b210-de4f62ff2111,41cb90d0-d91a-57c2-b138-831be351479f,38adf7ba-476e-5e6b-9163-781a13538253,2026-04-17,2026-04-22,5
5bd33737-5c76-5464-adef-c5583c941c94,e8aeb018-f679-5670-b210-de4f62ff2111,a6f6d890-1609-53fc-b4a6-5733ccc9d078,1e9605fd-5682-52b6-8f05-e8a92dd44513,2026-04-08,2026-04-22,14
f1122891-49db-5169-ad67-14f2665c17db,e8aeb018-f679-5670-b210-de4f62ff2111,ab4a547f-e75d-5601-8171-00da4efa4b57,6d807393-f4ab-5f76-b544-251eeda27ba3,2026-04-15,2026-04-22,7
3828257d-345e-51fd-aeb8-dfd6f5b3805c,e8aeb018-f679-5670-b210-de4f62ff2111,41cb90d0-d91a-57c2-b138-831be351479f,2897aac2-f219-5167-b800-73fac27f6b85,2026-04-17,2026-04-22,5
db9d33c0-d5f4-5706-a727-d5c80414be12,e8aeb018-f679-5670-b210-de4f62ff2111,41cb90d0-d91a-57c2-b138-831be351479f,82cd11ba-d1a0-58b1-b14f-edd741f36e87,2026-04-17,2026-04-22,5
6aa17b19-d437-55b1-9802-7e0fb420d6fb,e8aeb018-f679-5670-b210-de4f62ff2111,ab4a547f-e75d-5601-8171-00da4efa4b57,012857cc-907f-5e7d-b8fb-796d2c9f1621,2026-04-16,2026-04-23,7
b85342a0-cc03-5d36-b489-bb8800a5a92f,e8aeb018-f679-5670-b210-de4f62ff2111,a6f6d890-1609-53fc-b4a6-5733ccc9d078,0ec23038-d3ab-588c-bbd6-1f5c744cdde1,2026-04-09,2026-04-23,14
6dd1b24c-12d9-5b64-a154-1cfb09db61d6,e8aeb018-f679-5670-b210-de4f62ff2111,41cb90d0-d91a-57c2-b138-831be351479f,2933d8b7-2438-521b-b38d-d3a5224f87fc,2026-04-18,2026-04-23,5
6cc3480a-d2f0-5586-af46-c17f1f86f857,e8aeb018-f679-5670-b210-de4f62ff2111,c6617891-56ff-5690-89a4-1ece06685ff5,042e2e80-f954-5df4-97be-29dd428cc598,2026-04-13,2026-04-23,10
2f9f0ba2-1e08-5d3c-a978-653866b74592,e8aeb018-f679-5670-b210-de4f62ff2111,c6617891-56ff-5690-89a4-1ece06685ff5,058c6382-bde2-59d1-93ff-20c6161a4736,2026-04-13,2026-04-23,10
1f50ae8c-5221-5876-9c6c-221fbca510c2,e8aeb018-f679-5670-b210-de4f62ff2111,ab4a547f-e75d-5601-8171-00da4efa4b57,94e18241-54bd-5516-b36f-94ab6e323aca,2026-04-16,2026-04-23,7
0f09eff1-5ccd-5c1e-b917-1ea7c69a00a6,e8aeb018-f679-5670-b210-de4f62ff2111,a6f6d890-1609-53fc-b4a6-5733ccc9d078,afe9d181-1c64-5cca-b4b7-a9fa24eceeea,2026-04-09,2026-04-23,14
eb9de2ab-9892-557a-a33f-6948e06f5d71,e8aeb018-f679-5670-b210-de4f62ff2111,76d6c9f4-5d7d-53c0-bb1f-2a577383765a,d0ae6d2d-e561-56b3-a2c1-113c1c56ae81,2026-04-21,2026-04-24,3
314cc5d7-5152-553d-b2f8-ca81d93dd607,e8aeb018-f679-5670-b210-de4f62ff2111,a6f6d890-1609-53fc-b4a6-5733ccc9d078,afe9d181-1c64-5cca-b4b7-a9fa24eceeea,2026-04-11,2026-04-25,14
c12669ea-e5f2-5eb2-9aa6-4614300ba71f,e8aeb018-f679-5670-b210-de4f62ff2111,a6f6d890-1609-53fc-b4a6-5733ccc9d078,4d9429b6-2ebf-5b5d-ac48-f779d5a1e270,2026-04-11,2026-04-25,14
50f15635-77ab-5e10-b2c4-f8f217a290fa,e8aeb018-f679-5670-b210-de4f62ff2111,a6f6d890-1609-53fc-b4a6-5733ccc9d078,4d9429b6-2ebf-5b5d-ac48-f779d5a1e270,2026-04-11,2026-04-25,14
0bf7a441-898e-5edb-bcf3-347607f5a083,e8aeb018-f679-5670-b210-de4f62ff2111,76d6c9f4-5d7d-53c0-bb1f-2a577383765a,cd81184b-b6f1-563c-b463-36a69ddfb598,2026-04-22,2026-04-25,3
94bf74ff-d89e-55ac-a0e6-6574622f94e9,e8aeb018-f679-5670-b210-de4f62ff2111,76d6c9f4-5d7d-53c0-bb1f-2a577383765a,c0cf5e5c-b5c9-585a-8e79-d9830bc954f6,2026-04-23,2026-04-26,3
489688a3-01d3-5a38-ae2c-87d66de558d2,e8aeb018-f679-5670-b210-de4f62ff2111,76d6c9f4-5d7d-53c0-bb1f-2a577383765a,5bbfdec8-65ae-59e6-b211-5eccb5b765fa,2026-04-24,2026-04-27,3
5729fea6-c9ba-5ed7-9f73-a2db4548f671,e8aeb018-f679-5670-b210-de4f62ff2111,ab4a547f-e75d-5601-8171-00da4efa4b57,94e18241-54bd-5516-b36f-94ab6e323aca,2026-04-20,2026-04-27,7
bfce533f-a115-5fa6-b6cd-b1811e18094a,e8aeb018-f679-5670-b210-de4f62ff2111,a6f6d890-1609-53fc-b4a6-5733ccc9d078,afe9d181-1c64-5cca-b4b7-a9fa24eceeea,2026-04-14,2026-04-28,14
dde24ed1-fc04-5714-9e4a-e67efed564b2,e8aeb018-f679-5670-b210-de4f62ff2111,ab4a547f-e75d-5601-8171-00da4efa4b57,6d807393-f4ab-5f76-b544-251eeda27ba3,2026-04-21,2026-04-28,7
96986b84-956e-539e-bdc8-aacfce96cad9,e8aeb018-f679-5670-b210-de4f62ff2111,76d6c9f4-5d7d-53c0-bb1f-2a577383765a,2082733c-4e17-51fe-bc8c-bf33d3ec5d7e,2026-04-25,2026-04-28,3
7c5abee8-9673-5942-a431-d847306b02fb,e8aeb018-f679-5670-b210-de4f62ff2111,41cb90d0-d91a-57c2-b138-831be351479f,6baabed2-52d7-5cb7-bf74-86c7cb3e4f07,2026-04-24,2026-04-29,5
84020e83-758e-5e0b-aee1-36be7b88124a,e8aeb018-f679-5670-b210-de4f62ff2111,ab4a547f-e75d-5601-8171-00da4efa4b57,22231140-3780-5fe8-a7d4-d33f61d15111,2026-04-22,2026-04-29,7
888a0939-ceae-5677-9691-2ba36fcd0d0d,e8aeb018-f679-5670-b210-de4f62ff2111,76d6c9f4-5d7d-53c0-bb1f-2a577383765a,5bbfdec8-65ae-59e6-b211-5eccb5b765fa,2026-04-27,2026-04-30,3
63c5c884-ffef-5a7e-89da-59b555156403,e8aeb018-f679-5670-b210-de4f62ff2111,41cb90d0-d91a-57c2-b138-831be351479f,2897aac2-f219-5167-b800-73fac27f6b85,2026-04-25,2026-04-30,5
3c6d25b5-f368-5791-981f-d8df9bc3441a,e8aeb018-f679-5670-b210-de4f62ff2111,76d6c9f4-5d7d-53c0-bb1f-2a577383765a,2082733c-4e17-51fe-bc8c-bf33d3ec5d7e,2026-04-27,2026-04-30,3
45885fc2-4885-55a0-b475-720b5516e9a3,e8aeb018-f679-5670-b210-de4f62ff2111,76d6c9f4-5d7d-53c0-bb1f-2a577383765a,5bbfdec8-65ae-59e6-b211-5eccb5b765fa,2026-04-27,2026-04-30,3
27242827-c37c-545e-9e81-8f9b5e67a058,e8aeb018-f679-5670-b210-de4f62ff2111,ab4a547f-e75d-5601-8171-00da4efa4b57,22231140-3780-5fe8-a7d4-d33f61d15111,2026-04-23,2026-04-30,7
b6eaee93-55b2-5424-bb22-ba3167040da4,e8aeb018-f679-5670-b210-de4f62ff2111,ab4a547f-e75d-5601-8171-00da4efa4b57,6d807393-f4ab-5f76-b544-251eeda27ba3,2026-04-24,2026-05-01,7
cce9549f-933b-5268-8ef1-a1467dfa46ee,e8aeb018-f679-5670-b210-de4f62ff2111,76d6c9f4-5d7d-53c0-bb1f-2a577383765a,2082733c-4e17-51fe-bc8c-bf33d3ec5d7e,2026-04-28,2026-05-01,3
2cb76f31-1214-5151-ade9-a619845d6d72,e8aeb018-f679-5670-b210-de4f62ff2111,ab4a547f-e75d-5601-8171-00da4efa4b57,07371b94-955f-52a4-9bf9-f0a6ad2b4fa8,2026-04-24,2026-05-01,7
272a3be3-1ed8-53e1-ae8f-b16f0bbae18a,e8aeb018-f679-5670-b210-de4f62ff2111,76d6c9f4-5d7d-53c0-bb1f-2a577383765a,d0ae6d2d-e561-56b3-a2c1-113c1c56ae81,2026-04-28,2026-05-01,3
333b92d1-0aee-5c4c-9492-91e3b6a24365,e8aeb018-f679-5670-b210-de4f62ff2111,76d6c9f4-5d7d-53c0-bb1f-2a577383765a,d0ae6d2d-e561-56b3-a2c1-113c1c56ae81,2026-04-29,2026-05-02,3
93c39e6e-eb01-5e3f-825d-c4973e9d2e77,e8aeb018-f679-5670-b210-de4f62ff2111,76d6c9f4-5d7d-53c0-bb1f-2a577383765a,cd81184b-b6f1-563c-b463-36a69ddfb598,2026-04-29,2026-05-02,3
e4caf6ba-a0ef-5b1d-abca-1f1248a156f5,e8aeb018-f679-5670-b210-de4f62ff2111,ab4a547f-e75d-5601-8171-00da4efa4b57,07371b94-955f-52a4-9bf9-f0a6ad2b4fa8,2026-04-25,2026-05-02,7
48c73a83-e410-50df-91ef-9924363513b9,e8aeb018-f679-5670-b210-de4f62ff2111,41cb90d0-d91a-57c2-b138-831be351479f,d2f08f15-f9f2-5f65-a740-b05896774467,2026-04-27,2026-05-02,5
a2a7a0cc-1122-5a45-874a-3ab6920a1192,e8aeb018-f679-5670-b210-de4f62ff2111,c6617891-56ff-5690-89a4-1ece06685ff5,87b859e0-789a-56e6-b1ba-4fe76221d3bf,2026-04-23,2026-05-03,10
c49362d0-de0d-5a13-a021-e684e573094d,e8aeb018-f679-5670-b210-de4f62ff2111,76d6c9f4-5d7d-53c0-bb1f-2a577383765a,cd81184b-b6f1-563c-b463-36a69ddfb598,2026-04-30,2026-05-03,3
13e2e7a2-47cb-51ae-b061-40d576dec860,e8aeb018-f679-5670-b210-de4f62ff2111,76d6c9f4-5d7d-53c0-bb1f-2a577383765a,5bbfdec8-65ae-59e6-b211-5eccb5b765fa,2026-04-30,2026-05-03,3
4000f4b3-650b-5fc7-8f04-079f254dc5f2,e8aeb018-f679-5670-b210-de4f62ff2111,c6617891-56ff-5690-89a4-1ece06685ff5,d9506935-1215-5499-93c0-8bdd86ab9418,2026-04-23,2026-05-03,10
e7781609-2a10-5582-9931-6c4302f67092,e8aeb018-f679-5670-b210-de4f62ff2111,76d6c9f4-5d7d-53c0-bb1f-2a577383765a,d3961f5a-3ea7-53d3-89f4-78b65b0c0c6b,2026-05-01,2026-05-04,3
9aa33736-aae1-5145-8786-fb085df8df1f,e8aeb018-f679-5670-b210-de4f62ff2111,c6617891-56ff-5690-89a4-1ece06685ff5,042e2e80-f954-5df4-97be-29dd428cc598,2026-04-24,2026-05-04,10
8e5ed51a-4db5-5a2b-b1b0-3d2907a4fc42,e8aeb018-f679-5670-b210-de4f62ff2111,ab4a547f-e75d-5601-8171-00da4efa4b57,07371b94-955f-52a4-9bf9-f0a6ad2b4fa8,2026-04-27,2026-05-04,7
64d8405d-d02e-53b7-92ab-b05944947d15,e8aeb018-f679-5670-b210-de4f62ff2111,76d6c9f4-5d7d-53c0-bb1f-2a577383765a,d3961f5a-3ea7-53d3-89f4-78b65b0c0c6b,2026-05-01,2026-05-04,3
cc866ed7-cf48-5a92-84de-fa185f2ecbb7,e8aeb018-f679-5670-b210-de4f62ff2111,a6f6d890-1609-53fc-b4a6-5733ccc9d078,0ec23038-d3ab-588c-bbd6-1f5c744cdde1,2026-04-20,2026-05-04,14
ccba7049-611b-59a3-a507-fcdb689e41a1,e8aeb018-f679-5670-b210-de4f62ff2111,41cb90d0-d91a-57c2-b138-831be351479f,2933d8b7-2438-521b-b38d-d3a5224f87fc,2026-04-29,2026-05-04,5
bb506546-e798-51da-9a69-2dc3192d9468,e8aeb018-f679-5670-b210-de4f62ff2111,a6f6d890-1609-53fc-b4a6-5733ccc9d078,9928e9a1-d9fc-5fdd-86c2-8909352fd7fe,2026-04-20,2026-05-04,14
7d0f31fc-794b-51bd-86c1-c73b1cfbc7c1,e8aeb018-f679-5670-b210-de4f62ff2111,a6f6d890-1609-53fc-b4a6-5733ccc9d078,983871db-adfb-543e-b438-6b00044ffb64,2026-04-20,2026-05-04,14
53839734-85d3-5e28-920e-6daae271f413,e8aeb018-f679-5670-b210-de4f62ff2111,41cb90d0-d91a-57c2-b138-831be351479f,2933d8b7-2438-521b-b38d-d3a5224f87fc,2026-04-29,2026-05-04,5
34e7ee36-63ba-54a9-8d19-ceb182d23b49,e8aeb018-f679-5670-b210-de4f62ff2111,76d6c9f4-5d7d-53c0-bb1f-2a577383765a,c0cf5e5c-b5c9-585a-8e79-d9830bc954f6,2026-05-01,2026-05-04,3
542cc9c2-73f7-5460-8721-eb14f78bbe28,e8aeb018-f679-5670-b210-de4f62ff2111,a6f6d890-1609-53fc-b4a6-5733ccc9d078,983871db-adfb-543e-b438-6b00044ffb64,2026-04-20,2026-05-04,14
656eadb0-a9ee-5120-88f9-d730ed20b11c,e8aeb018-f679-5670-b210-de4f62ff2111,41cb90d0-d91a-57c2-b138-831be351479f,38adf7ba-476e-5e6b-9163-781a13538253,2026-04-30,2026-05-05,5
78beb3c3-22ad-5aef-a28b-b5793dcfceea,e8aeb018-f679-5670-b210-de4f62ff2111,76d6c9f4-5d7d-53c0-bb1f-2a577383765a,2082733c-4e17-51fe-bc8c-bf33d3ec5d7e,2026-05-02,2026-05-05,3
00fe0af6-f6a7-5be6-9e5b-233665f66b2c,e8aeb018-f679-5670-b210-de4f62ff2111,c6617891-56ff-5690-89a4-1ece06685ff5,042e2e80-f954-5df4-97be-29dd428cc598,2026-04-25,2026-05-05,10
7b685041-7de4-5458-8830-586e0e4907d7,e8aeb018-f679-5670-b210-de4f62ff2111,c6617891-56ff-5690-89a4-1ece06685ff5,058c6382-bde2-59d1-93ff-20c6161a4736,2026-04-25,2026-05-05,10
e08bb639-da9c-56ee-a696-acf04f4fb726,e8aeb018-f679-5670-b210-de4f62ff2111,41cb90d0-d91a-57c2-b138-831be351479f,d2f08f15-f9f2-5f65-a740-b05896774467,2026-04-30,2026-05-05,5
2373db4f-dd16-5bce-8c0d-b123903da04d,e8aeb018-f679-5670-b210-de4f62ff2111,41cb90d0-d91a-57c2-b138-831be351479f,82cd11ba-d1a0-58b1-b14f-edd741f36e87,2026-04-30,2026-05-05,5
186947be-24cf-56df-a1ed-58130b11c027,e8aeb018-f679-5670-b210-de4f62ff2111,c6617891-56ff-5690-89a4-1ece06685ff5,1ca3438e-9e23-58f0-a35f-f15f7a23beb9,2026-04-25,2026-05-05,10
9e27d9c3-7789-5770-845b-f5e2df2e8d1d,e8aeb018-f679-5670-b210-de4f62ff2111,ab4a547f-e75d-5601-8171-00da4efa4b57,22231140-3780-5fe8-a7d4-d33f61d15111,2026-04-28,2026-05-05,7
484ade46-abd5-5fc6-9312-4ca032bbe569,e8aeb018-f679-5670-b210-de4f62ff2111,41cb90d0-d91a-57c2-b138-831be351479f,38adf7ba-476e-5e6b-9163-781a13538253,2026-05-01,2026-05-06,5
c71d6308-a6f5-53ec-b22e-658b14a4fcc4,e8aeb018-f679-5670-b210-de4f62ff2111,41cb90d0-d91a-57c2-b138-831be351479f,d2f08f15-f9f2-5f65-a740-b05896774467,2026-05-01,2026-05-06,5
c1983139-da11-5892-a050-68b3fde26945,e8aeb018-f679-5670-b210-de4f62ff2111,ab4a547f-e75d-5601-8171-00da4efa4b57,97d26d91-c562-5f27-9ebd-285e89c8f4bf,2026-04-29,2026-05-06,7
b8eaf3d8-40ca-5a57-82c7-f9d8457cc6cf,e8aeb018-f679-5670-b210-de4f62ff2111,a6f6d890-1609-53fc-b4a6-5733ccc9d078,9928e9a1-d9fc-5fdd-86c2-8909352fd7fe,2026-04-23,2026-05-07,14
e3b4970f-1838-58ea-bbba-aa1af3e025ce,e8aeb018-f679-5670-b210-de4f62ff2111,a6f6d890-1609-53fc-b4a6-5733ccc9d078,983871db-adfb-543e-b438-6b00044ffb64,2026-04-23,2026-05-07,14
239d02d7-a2c3-5cb5-a88e-f0e8e39372d2,e8aeb018-f679-5670-b210-de4f62ff2111,41cb90d0-d91a-57c2-b138-831be351479f,2897aac2-f219-5167-b800-73fac27f6b85,2026-05-02,2026-05-07,5
c51c89af-c547-5e37-83a1-de5912a34f33,e8aeb018-f679-5670-b210-de4f62ff2111,a6f6d890-1609-53fc-b4a6-5733ccc9d078,9928e9a1-d9fc-5fdd-86c2-8909352fd7fe,2026-04-23,2026-05-07,14
cd5f1efd-527f-5e3e-8ef7-02accc5e89e2,e8aeb018-f679-5670-b210-de4f62ff2111,76d6c9f4-5d7d-53c0-bb1f-2a577383765a,d0ae6d2d-e561-56b3-a2c1-113c1c56ae81,2026-05-04,2026-05-07,3
d20f2136-b3e6-5b94-a313-6115e194896c,e8aeb018-f679-5670-b210-de4f62ff2111,c6617891-56ff-5690-89a4-1ece06685ff5,1ca3438e-9e23-58f0-a35f-f15f7a23beb9,2026-04-27,2026-05-07,10
b007508c-df3e-5ffe-a7c8-3f050639ee26,e8aeb018-f679-5670-b210-de4f62ff2111,c6617891-56ff-5690-89a4-1ece06685ff5,d9506935-1215-5499-93c0-8bdd86ab9418,2026-04-27,2026-05-07,10
f6bbb80b-a948-59ff-bdd5-e399127b16dc,e8aeb018-f679-5670-b210-de4f62ff2111,76d6c9f4-5d7d-53c0-bb1f-2a577383765a,d0ae6d2d-e561-56b3-a2c1-113c1c56ae81,2026-05-04,2026-05-07,3
96db281e-975a-5748-bd2a-b02b69b1accc,e8aeb018-f679-5670-b210-de4f62ff2111,a6f6d890-1609-53fc-b4a6-5733ccc9d078,0ec23038-d3ab-588c-bbd6-1f5c744cdde1,2026-04-24,2026-05-08,14
bd0df1ac-a728-526d-9533-7b4bdfd98547,e8aeb018-f679-5670-b210-de4f62ff2111,ab4a547f-e75d-5601-8171-00da4efa4b57,6d807393-f4ab-5f76-b544-251eeda27ba3,2026-05-01,2026-05-08,7
51d74183-35f0-5c90-8ef9-89b3fefaf24f,e8aeb018-f679-5670-b210-de4f62ff2111,c6617891-56ff-5690-89a4-1ece06685ff5,2eb3a104-e572-583a-afa0-156ee0dc4cce,2026-04-29,2026-05-09,10
cf2caca9-fcc9-5673-8fea-f02e3d5c76fe,e8aeb018-f679-5670-b210-de4f62ff2111,a6f6d890-1609-53fc-b4a6-5733ccc9d078,1e9605fd-5682-52b6-8f05-e8a92dd44513,2026-04-25,2026-05-09,14
66c6c682-4d98-5e2f-aaad-a0029e06bd7c,e8aeb018-f679-5670-b210-de4f62ff2111,c6617891-56ff-5690-89a4-1ece06685ff5,042e2e80-f954-5df4-97be-29dd428cc598,2026-04-29,2026-05-09,10
50d66ce2-2ac7-5551-aac2-7d102ab0dace,e8aeb018-f679-5670-b210-de4f62ff2111,a6f6d890-1609-53fc-b4a6-5733ccc9d078,983871db-adfb-543e-b438-6b00044ffb64,2026-04-25,2026-05-09,14
0c999591-a382-50d1-941f-2caf0a41e3b1,e8aeb018-f679-5670-b210-de4f62ff2111,41cb90d0-d91a-57c2-b138-831be351479f,2897aac2-f219-5167-b800-73fac27f6b85,2026-05-04,2026-05-09,5
a3661ad2-7b96-50a9-8c56-24492dac46cb,e8aeb018-f679-5670-b210-de4f62ff2111,76d6c9f4-5d7d-53c0-bb1f-2a577383765a,d3961f5a-3ea7-53d3-89f4-78b65b0c0c6b,2026-05-06,2026-05-09,3
c2b92f60-2b52-51c2-a285-304ac75ecb12,e8aeb018-f679-5670-b210-de4f62ff2111,c6617891-56ff-5690-89a4-1ece06685ff5,042e2e80-f954-5df4-97be-29dd428cc598,2026-04-29,2026-05-09,10
bb8dfd30-c975-54bf-ae32-7694401155a2,e8aeb018-f679-5670-b210-de4f62ff2111,c6617891-56ff-5690-89a4-1ece06685ff5,058c6382-bde2-59d1-93ff-20c6161a4736,2026-04-29,2026-05-09,10
5270baba-a6f7-5051-a0ab-1f4f8b583c14,e8aeb018-f679-5670-b210-de4f62ff2111,41cb90d0-d91a-57c2-b138-831be351479f,2897aac2-f219-5167-b800-73fac27f6b85,2026-05-04,2026-05-09,5
564a5886-6804-5cd7-90b5-e5f6ed6a8033,e8aeb018-f679-5670-b210-de4f62ff2111,41cb90d0-d91a-57c2-b138-831be351479f,82cd11ba-d1a0-58b1-b14f-edd741f36e87,2026-05-05,2026-05-10,5
