fecha_semana,producto_id,botica_id,categoria_terapeutica,valor_real,pred_seasonal_naive,pred_sarima,pred_xgboost,pred_hibrido,error_absoluto_hibrido,modelo_version_id
2026-02-16,012857cc-907f-5e7d-b8fb-796d2c9f1621,26f7241d-a84e-5e4a-a43d-33eea1e54eea,Suplemento,44,42.0,43.68464139043108,43.802127838134766,46.78366687833086,2.7836668783308625,74bff84c-0733-446b-a298-2f91515a201d
2026-02-23,012857cc-907f-5e7d-b8fb-796d2c9f1621,26f7241d-a84e-5e4a-a43d-33eea1e54eea,Suplemento,50,64.0,46.12842561299503,43.02393341064453,48.18572928006351,1.8142707199364878,74bff84c-0733-446b-a298-2f91515a201d
2026-03-02,012857cc-907f-5e7d-b8fb-796d2c9f1621,26f7241d-a84e-5e4a-a43d-33eea1e54eea,Suplemento,41,51.0,44.65215758007659,45.44272232055664,47.186678206144705,6.186678206144705,74bff84c-0733-446b-a298-2f91515a201d
2026-03-09,012857cc-907f-5e7d-b8fb-796d2c9f1621,26f7241d-a84e-5e4a-a43d-33eea1e54eea,Suplemento,57,55.0,45.10654246238903,44.27136993408203,47.55900084404186,9.440999155958139,74bff84c-0733-446b-a298-2f91515a201d
2026-03-16,012857cc-907f-5e7d-b8fb-796d2c9f1621,26f7241d-a84e-5e4a-a43d-33eea1e54eea,Suplemento,75,42.0,43.6297771123631,44.27136993408203,46.702463307736636,28.297536692263364,74bff84c-0733-446b-a298-2f91515a201d
2026-03-23,012857cc-907f-5e7d-b8fb-796d2c9f1621,26f7241d-a84e-5e4a-a43d-33eea1e54eea,Suplemento,34,34.0,42.720998410357296,44.27136993408203,45.904526118410885,11.904526118410885,74bff84c-0733-446b-a298-2f91515a201d
2026-03-30,012857cc-907f-5e7d-b8fb-796d2c9f1621,26f7241d-a84e-5e4a-a43d-33eea1e54eea,Suplemento,43,42.0,43.62977711200564,47.63516616821289,47.702012219427516,4.702012219427516,74bff84c-0733-446b-a298-2f91515a201d
2026-04-06,012857cc-907f-5e7d-b8fb-796d2c9f1621,26f7241d-a84e-5e4a-a43d-33eea1e54eea,Suplemento,42,38.0,43.17538776118306,46.53942108154297,45.347587964124955,3.347587964124955,74bff84c-0733-446b-a298-2f91515a201d
2026-04-13,012857cc-907f-5e7d-b8fb-796d2c9f1621,26f7241d-a84e-5e4a-a43d-33eea1e54eea,Suplemento,45,45.0,43.97056912512252,46.6027717590332,46.39190911383102,1.3919091138310193,74bff84c-0733-446b-a298-2f91515a201d
2026-04-20,012857cc-907f-5e7d-b8fb-796d2c9f1621,26f7241d-a84e-5e4a-a43d-33eea1e54eea,Suplemento,41,47.0,44.1977638005338,46.84104919433594,46.92710459223607,5.92710459223607,74bff84c-0733-446b-a298-2f91515a201d
2026-04-27,012857cc-907f-5e7d-b8fb-796d2c9f1621,26f7241d-a84e-5e4a-a43d-33eea1e54eea,Suplemento,51,43.0,43.74337444971125,48.967525482177734,47.797049147587224,3.2029508524127763,74bff84c-0733-446b-a298-2f91515a201d
2026-05-04,012857cc-907f-5e7d-b8fb-796d2c9f1621,26f7241d-a84e-5e4a-a43d-33eea1e54eea,Suplemento,38,42.0,43.62977711200561,49.56119918823242,47.53050605296936,9.530506052969358,74bff84c-0733-446b-a298-2f91515a201d
2026-02-16,012857cc-907f-5e7d-b8fb-796d2c9f1621,43616d97-2221-569d-82eb-bcc14bcd6344,Suplemento,22,39.0,44.70188150046716,42.18365478515625,42.128403993829586,20.128403993829586,74bff84c-0733-446b-a298-2f91515a201d
2026-02-23,012857cc-907f-5e7d-b8fb-796d2c9f1621,43616d97-2221-569d-82eb-bcc14bcd6344,Suplemento,33,28.0,44.97010814552437,42.590396881103516,42.08343135719429,9.083431357194293,74bff84c-0733-446b-a298-2f91515a201d
2026-03-02,012857cc-907f-5e7d-b8fb-796d2c9f1621,43616d97-2221-569d-82eb-bcc14bcd6344,Suplemento,30,46.0,43.23281737578073,42.52704620361328,40.715125048281344,10.715125048281344,74bff84c-0733-446b-a298-2f91515a201d
2026-03-09,012857cc-907f-5e7d-b8fb-796d2c9f1621,43616d97-2221-569d-82eb-bcc14bcd6344,Suplemento,59,40.0,43.83652382839991,42.396278381347656,41.36093502987696,17.639064970123037,74bff84c-0733-446b-a298-2f91515a201d
2026-03-16,012857cc-907f-5e7d-b8fb-796d2c9f1621,43616d97-2221-569d-82eb-bcc14bcd6344,Suplemento,35,68.0,40.89048291359826,42.396278381347656,38.45789219056054,3.4578921905605426,74bff84c-0733-446b-a298-2f91515a201d
2026-03-23,012857cc-907f-5e7d-b8fb-796d2c9f1621,43616d97-2221-569d-82eb-bcc14bcd6344,Suplemento,29,41.0,43.735348558577265,42.6108283996582,41.260654306563104,12.260654306563104,74bff84c-0733-446b-a298-2f91515a201d
2026-03-30,012857cc-907f-5e7d-b8fb-796d2c9f1621,43616d97-2221-569d-82eb-bcc14bcd6344,Suplemento,57,42.0,43.63011469414231,42.567413330078125,42.0120591120958,14.987940887904202,74bff84c-0733-446b-a298-2f91515a201d
2026-04-06,012857cc-907f-5e7d-b8fb-796d2c9f1621,43616d97-2221-569d-82eb-bcc14bcd6344,Suplemento,41,50.0,42.78688810856841,40.16114807128906,39.65623639615081,1.3437636038491902,74bff84c-0733-446b-a298-2f91515a201d
2026-04-13,012857cc-907f-5e7d-b8fb-796d2c9f1621,43616d97-2221-569d-82eb-bcc14bcd6344,Suplemento,58,31.0,44.78948595541732,39.91360092163086,41.65883424299972,16.341165757000283,74bff84c-0733-446b-a298-2f91515a201d
2026-04-20,012857cc-907f-5e7d-b8fb-796d2c9f1621,43616d97-2221-569d-82eb-bcc14bcd6344,Suplemento,37,30.0,44.894884603804826,39.67225646972656,41.99186899024892,4.991868990248918,74bff84c-0733-446b-a298-2f91515a201d
2026-04-27,012857cc-907f-5e7d-b8fb-796d2c9f1621,43616d97-2221-569d-82eb-bcc14bcd6344,Suplemento,42,43.0,43.52468989978449,41.25684356689453,41.98426829467432,0.01573170532567758,74bff84c-0733-446b-a298-2f91515a201d
2026-05-04,012857cc-907f-5e7d-b8fb-796d2c9f1621,43616d97-2221-569d-82eb-bcc14bcd6344,Suplemento,41,30.0,44.894884744773805,40.55837631225586,43.354463139663636,2.354463139663636,74bff84c-0733-446b-a298-2f91515a201d
2026-02-16,012857cc-907f-5e7d-b8fb-796d2c9f1621,7fb983e8-6848-5425-97a2-14da72722d0f,Suplemento,32,47.0,38.2118322198131,41.98931121826172,41.00363748714708,9.003637487147081,74bff84c-0733-446b-a298-2f91515a201d
2026-02-23,012857cc-907f-5e7d-b8fb-796d2c9f1621,7fb983e8-6848-5425-97a2-14da72722d0f,Suplemento,26,28.0,39.35837257331088,42.000431060791016,41.8421222013779,15.842122201377897,74bff84c-0733-446b-a298-2f91515a201d
2026-03-02,012857cc-907f-5e7d-b8fb-796d2c9f1621,7fb983e8-6848-5425-97a2-14da72722d0f,Suplemento,42,35.0,38.49772507083497,41.60980224609375,40.778081001163336,1.2219189988366637,74bff84c-0733-446b-a298-2f91515a201d
2026-03-09,012857cc-907f-5e7d-b8fb-796d2c9f1621,7fb983e8-6848-5425-97a2-14da72722d0f,Suplemento,34,28.0,39.57499317298235,41.49712371826172,41.011725941994804,7.011725941994804,74bff84c-0733-446b-a298-2f91515a201d
2026-03-16,012857cc-907f-5e7d-b8fb-796d2c9f1621,7fb983e8-6848-5425-97a2-14da72722d0f,Suplemento,31,33.0,38.78608413333665,42.93845748901367,41.211976009557354,10.211976009557354,74bff84c-0733-446b-a298-2f91515a201d
2026-03-23,012857cc-907f-5e7d-b8fb-796d2c9f1621,7fb983e8-6848-5425-97a2-14da72722d0f,Suplemento,49,50.0,36.08795638900886,44.570892333984375,38.47558685165534,10.524413148344657,74bff84c-0733-446b-a298-2f91515a201d
2026-03-30,012857cc-907f-5e7d-b8fb-796d2c9f1621,7fb983e8-6848-5425-97a2-14da72722d0f,Suplemento,50,32.0,38.94424264479096,45.54780197143555,42.328598905090644,7.671401094909356,74bff84c-0733-446b-a298-2f91515a201d
2026-04-06,012857cc-907f-5e7d-b8fb-796d2c9f1621,7fb983e8-6848-5425-97a2-14da72722d0f,Suplemento,37,47.0,36.56406026840017,42.40206527709961,38.19659071922109,1.196590719221092,74bff84c-0733-446b-a298-2f91515a201d
2026-04-13,012857cc-907f-5e7d-b8fb-796d2c9f1621,7fb983e8-6848-5425-97a2-14da72722d0f,Suplemento,37,30.0,39.261589551097465,44.994258880615234,40.95205285561712,3.9520528556171186,74bff84c-0733-446b-a298-2f91515a201d
2026-04-20,012857cc-907f-5e7d-b8fb-796d2c9f1621,7fb983e8-6848-5425-97a2-14da72722d0f,Suplemento,46,40.0,37.674808273920945,45.23253631591797,39.67327238143437,6.326727618565627,74bff84c-0733-446b-a298-2f91515a201d
2026-04-27,012857cc-907f-5e7d-b8fb-796d2c9f1621,7fb983e8-6848-5425-97a2-14da72722d0f,Suplemento,28,40.0,37.67480829970537,48.06032180786133,40.95550254599748,12.955502545997483,74bff84c-0733-446b-a298-2f91515a201d
2026-05-04,012857cc-907f-5e7d-b8fb-796d2c9f1621,7fb983e8-6848-5425-97a2-14da72722d0f,Suplemento,34,38.0,37.99216451316509,48.06032180786133,41.21492590575848,7.214925905758477,74bff84c-0733-446b-a298-2f91515a201d
2026-02-16,012857cc-907f-5e7d-b8fb-796d2c9f1621,8ecedccf-c230-516b-bbc2-108f7a6fbe63,Suplemento,45,29.0,42.77488405124275,42.98283004760742,45.93299109355537,0.9329910935553727,74bff84c-0733-446b-a298-2f91515a201d
2026-02-23,012857cc-907f-5e7d-b8fb-796d2c9f1621,8ecedccf-c230-516b-bbc2-108f7a6fbe63,Suplemento,40,49.0,41.787610968974434,43.48897171020508,44.68609138431867,4.686091384318672,74bff84c-0733-446b-a298-2f91515a201d
2026-03-02,012857cc-907f-5e7d-b8fb-796d2c9f1621,8ecedccf-c230-516b-bbc2-108f7a6fbe63,Suplemento,55,21.0,37.3379985723323,43.278472900390625,40.84393090341751,14.156069096582492,74bff84c-0733-446b-a298-2f91515a201d
2026-03-09,012857cc-907f-5e7d-b8fb-796d2c9f1621,8ecedccf-c230-516b-bbc2-108f7a6fbe63,Suplemento,24,39.0,40.77007729213377,43.027286529541016,43.58152443568846,19.581524435688458,74bff84c-0733-446b-a298-2f91515a201d
2026-03-16,012857cc-907f-5e7d-b8fb-796d2c9f1621,8ecedccf-c230-516b-bbc2-108f7a6fbe63,Suplemento,39,43.0,41.99443197768077,43.854766845703125,45.28170109312877,6.281701093128767,74bff84c-0733-446b-a298-2f91515a201d
2026-03-23,012857cc-907f-5e7d-b8fb-796d2c9f1621,8ecedccf-c230-516b-bbc2-108f7a6fbe63,Suplemento,35,38.0,40.717789794233596,43.74357223510742,44.03423419120625,9.034234191206252,74bff84c-0733-446b-a298-2f91515a201d
2026-03-30,012857cc-907f-5e7d-b8fb-796d2c9f1621,8ecedccf-c230-516b-bbc2-108f7a6fbe63,Suplemento,53,47.0,42.862808283119776,46.46358108520508,47.36457162693081,5.635428373069189,74bff84c-0733-446b-a298-2f91515a201d
2026-04-06,012857cc-907f-5e7d-b8fb-796d2c9f1621,8ecedccf-c230-516b-bbc2-108f7a6fbe63,Suplemento,48,38.0,40.74275167210239,44.82835388183594,43.212926461531104,4.787073538468896,74bff84c-0733-446b-a298-2f91515a201d
2026-04-13,012857cc-907f-5e7d-b8fb-796d2c9f1621,8ecedccf-c230-516b-bbc2-108f7a6fbe63,Suplemento,40,41.0,41.449986798371256,46.12404251098633,44.22049103459257,4.22049103459257,74bff84c-0733-446b-a298-2f91515a201d
2026-04-20,012857cc-907f-5e7d-b8fb-796d2c9f1621,8ecedccf-c230-516b-bbc2-108f7a6fbe63,Suplemento,25,32.0,39.342614139401775,46.4256706237793,42.42111917861686,17.421119178616863,74bff84c-0733-446b-a298-2f91515a201d
2026-04-27,012857cc-907f-5e7d-b8fb-796d2c9f1621,8ecedccf-c230-516b-bbc2-108f7a6fbe63,Suplemento,43,50.0,43.55406699371605,49.07121658325195,47.91480097961693,4.914800979616928,74bff84c-0733-446b-a298-2f91515a201d
2026-05-04,012857cc-907f-5e7d-b8fb-796d2c9f1621,8ecedccf-c230-516b-bbc2-108f7a6fbe63,Suplemento,27,39.0,40.98058145234754,49.07121658325195,44.47967260072401,17.479672600724008,74bff84c-0733-446b-a298-2f91515a201d
2026-02-16,012857cc-907f-5e7d-b8fb-796d2c9f1621,d6f21f11-7533-52dd-a4dc-2fb8e260c02c,Suplemento,44,31.0,36.43417302929904,37.75288772583008,38.75153796040561,5.2484620395943935,74bff84c-0733-446b-a298-2f91515a201d
2026-02-23,012857cc-907f-5e7d-b8fb-796d2c9f1621,d6f21f11-7533-52dd-a4dc-2fb8e260c02c,Suplemento,20,43.0,35.53963668889631,38.826541900634766,38.07053597516645,18.07053597516645,74bff84c-0733-446b-a298-2f91515a201d
2026-03-02,012857cc-907f-5e7d-b8fb-796d2c9f1621,d6f21f11-7533-52dd-a4dc-2fb8e260c02c,Suplemento,38,40.0,36.03412814099715,38.70664596557617,38.35042233426497,0.3504223342649695,74bff84c-0733-446b-a298-2f91515a201d
2026-03-09,012857cc-907f-5e7d-b8fb-796d2c9f1621,d6f21f11-7533-52dd-a4dc-2fb8e260c02c,Suplemento,35,39.0,36.18201898117556,38.14297103881836,37.665901408391136,2.665901408391136,74bff84c-0733-446b-a298-2f91515a201d
2026-03-16,012857cc-907f-5e7d-b8fb-796d2c9f1621,d6f21f11-7533-52dd-a4dc-2fb8e260c02c,Suplemento,43,36.0,36.60918864265707,40.7914924621582,39.00186499611166,3.9981350038883434,74bff84c-0733-446b-a298-2f91515a201d
2026-03-23,012857cc-907f-5e7d-b8fb-796d2c9f1621,d6f21f11-7533-52dd-a4dc-2fb8e260c02c,Suplemento,38,29.0,37.60485530283023,41.64930725097656,39.93959880258609,1.9395988025860902,74bff84c-0733-446b-a298-2f91515a201d
2026-03-30,012857cc-907f-5e7d-b8fb-796d2c9f1621,d6f21f11-7533-52dd-a4dc-2fb8e260c02c,Suplemento,66,23.0,38.45825337198685,42.64498519897461,41.927126395973666,24.072873604026334,74bff84c-0733-446b-a298-2f91515a201d
2026-04-06,012857cc-907f-5e7d-b8fb-796d2c9f1621,d6f21f11-7533-52dd-a4dc-2fb8e260c02c,Suplemento,38,36.0,36.609231625020726,40.28169631958008,37.90898016494535,0.09101983505465228,74bff84c-0733-446b-a298-2f91515a201d
2026-04-13,012857cc-907f-5e7d-b8fb-796d2c9f1621,d6f21f11-7533-52dd-a4dc-2fb8e260c02c,Suplemento,34,33.0,37.035929037530636,41.39802169799805,38.773542000253414,4.773542000253414,74bff84c-0733-446b-a298-2f91515a201d
2026-04-20,012857cc-907f-5e7d-b8fb-796d2c9f1621,d6f21f11-7533-52dd-a4dc-2fb8e260c02c,Suplemento,38,41.0,35.89806933386741,41.63629913330078,38.001615953282695,0.0016159532826947043,74bff84c-0733-446b-a298-2f91515a201d
2026-04-27,012857cc-907f-5e7d-b8fb-796d2c9f1621,d6f21f11-7533-52dd-a4dc-2fb8e260c02c,Suplemento,44,40.0,36.04030179722409,44.28184509277344,39.36814570171933,4.631854298280672,74bff84c-0733-446b-a298-2f91515a201d
2026-05-04,012857cc-907f-5e7d-b8fb-796d2c9f1621,d6f21f11-7533-52dd-a4dc-2fb8e260c02c,Suplemento,38,23.0,38.45825367158669,44.6724739074707,41.7281647223832,3.728164722383198,74bff84c-0733-446b-a298-2f91515a201d
2026-02-16,042e2e80-f954-5df4-97be-29dd428cc598,26f7241d-a84e-5e4a-a43d-33eea1e54eea,Antiinflamatorio,18,45.0,44.67801947261844,41.66600036621094,38.306833216209746,20.306833216209746,74bff84c-0733-446b-a298-2f91515a201d
2026-02-23,042e2e80-f954-5df4-97be-29dd428cc598,26f7241d-a84e-5e4a-a43d-33eea1e54eea,Antiinflamatorio,38,38.0,44.40920334484133,39.928611755371094,37.16426497127566,0.8357350287243435,74bff84c-0733-446b-a298-2f91515a201d
2026-03-02,042e2e80-f954-5df4-97be-29dd428cc598,26f7241d-a84e-5e4a-a43d-33eea1e54eea,Antiinflamatorio,29,47.0,43.309573508254594,41.03901672363281,37.0720222959438,8.072022295943803,74bff84c-0733-446b-a298-2f91515a201d
2026-03-09,042e2e80-f954-5df4-97be-29dd428cc598,26f7241d-a84e-5e4a-a43d-33eea1e54eea,Antiinflamatorio,43,47.0,43.26839338729922,37.9265022277832,37.58039890716616,5.419601092833837,74bff84c-0733-446b-a298-2f91515a201d
2026-03-16,042e2e80-f954-5df4-97be-29dd428cc598,26f7241d-a84e-5e4a-a43d-33eea1e54eea,Antiinflamatorio,65,19.0,47.41781391522628,37.83750915527344,41.638672965977015,23.361327034022985,74bff84c-0733-446b-a298-2f91515a201d
2026-03-23,042e2e80-f954-5df4-97be-29dd428cc598,26f7241d-a84e-5e4a-a43d-33eea1e54eea,Antiinflamatorio,4,50.0,42.83061350888981,39.04389953613281,35.9245256335236,31.9245256335236,74bff84c-0733-446b-a298-2f91515a201d
2026-03-30,042e2e80-f954-5df4-97be-29dd428cc598,26f7241d-a84e-5e4a-a43d-33eea1e54eea,Antiinflamatorio,70,46.0,43.422573588528536,38.63317108154297,39.04841377560129,30.95158622439871,74bff84c-0733-446b-a298-2f91515a201d
2026-04-06,042e2e80-f954-5df4-97be-29dd428cc598,26f7241d-a84e-5e4a-a43d-33eea1e54eea,Antiinflamatorio,48,35.0,45.04978748164752,35.22338104248047,37.1113910277901,10.888608972209902,74bff84c-0733-446b-a298-2f91515a201d
2026-04-13,042e2e80-f954-5df4-97be-29dd428cc598,26f7241d-a84e-5e4a-a43d-33eea1e54eea,Antiinflamatorio,66,23.0,46.82498198225817,34.4908447265625,40.481923872974725,25.518076127025275,74bff84c-0733-446b-a298-2f91515a201d
2026-04-20,042e2e80-f954-5df4-97be-29dd428cc598,26f7241d-a84e-5e4a-a43d-33eea1e54eea,Antiinflamatorio,43,49.0,42.97874173731302,33.9608268737793,35.56202373117899,7.437976268821011,74bff84c-0733-446b-a298-2f91515a201d
2026-04-27,042e2e80-f954-5df4-97be-29dd428cc598,26f7241d-a84e-5e4a-a43d-33eea1e54eea,Antiinflamatorio,29,40.0,44.310132373010006,35.9846076965332,39.061184275781,10.061184275781002,74bff84c-0733-446b-a298-2f91515a201d
2026-05-04,042e2e80-f954-5df4-97be-29dd428cc598,26f7241d-a84e-5e4a-a43d-33eea1e54eea,Antiinflamatorio,46,22.0,46.972913142964,35.90406799316406,40.62474524669325,5.3752547533067485,74bff84c-0733-446b-a298-2f91515a201d
2026-02-16,042e2e80-f954-5df4-97be-29dd428cc598,43616d97-2221-569d-82eb-bcc14bcd6344,Antiinflamatorio,44,50.0,42.78453343147504,38.35979461669922,47.27828734153974,3.2782873415397376,74bff84c-0733-446b-a298-2f91515a201d
2026-02-23,042e2e80-f954-5df4-97be-29dd428cc598,43616d97-2221-569d-82eb-bcc14bcd6344,Antiinflamatorio,32,36.0,36.77893428141877,38.72174072265625,41.598874371598214,9.598874371598214,74bff84c-0733-446b-a298-2f91515a201d
2026-03-02,042e2e80-f954-5df4-97be-29dd428cc598,43616d97-2221-569d-82eb-bcc14bcd6344,Antiinflamatorio,28,47.0,40.40532418939882,38.3508186340332,44.78086206171327,16.78086206171327,74bff84c-0733-446b-a298-2f91515a201d
2026-03-09,042e2e80-f954-5df4-97be-29dd428cc598,43616d97-2221-569d-82eb-bcc14bcd6344,Antiinflamatorio,64,25.0,33.7185258073945,39.79960250854492,38.28514138890695,25.71485861109305,74bff84c-0733-446b-a298-2f91515a201d
2026-03-16,042e2e80-f954-5df4-97be-29dd428cc598,43616d97-2221-569d-82eb-bcc14bcd6344,Antiinflamatorio,47,59.0,43.9788468052461,41.51142883300781,48.060266273172125,1.0602662731721253,74bff84c-0733-446b-a298-2f91515a201d
2026-03-23,042e2e80-f954-5df4-97be-29dd428cc598,43616d97-2221-569d-82eb-bcc14bcd6344,Antiinflamatorio,56,41.0,38.55023666898363,44.26294708251953,43.12971970121019,12.870280298789808,74bff84c-0733-446b-a298-2f91515a201d
2026-03-30,042e2e80-f954-5df4-97be-29dd428cc598,43616d97-2221-569d-82eb-bcc14bcd6344,Antiinflamatorio,16,87.0,52.41948629555787,45.29938507080078,57.9262077921399,41.9262077921399,74bff84c-0733-446b-a298-2f91515a201d
2026-04-06,042e2e80-f954-5df4-97be-29dd428cc598,43616d97-2221-569d-82eb-bcc14bcd6344,Antiinflamatorio,40,4.0,27.394995389517444,46.01551818847656,32.23920076900353,7.760799230996469,74bff84c-0733-446b-a298-2f91515a201d
2026-04-13,042e2e80-f954-5df4-97be-29dd428cc598,43616d97-2221-569d-82eb-bcc14bcd6344,Antiinflamatorio,74,37.0,37.34448081597939,47.817440032958984,41.17802769288674,32.82197230711326,74bff84c-0733-446b-a298-2f91515a201d
2026-04-20,042e2e80-f954-5df4-97be-29dd428cc598,43616d97-2221-569d-82eb-bcc14bcd6344,Antiinflamatorio,42,58.0,43.675964659167605,49.744606018066406,47.897723501635866,5.897723501635866,74bff84c-0733-446b-a298-2f91515a201d
2026-04-27,042e2e80-f954-5df4-97be-29dd428cc598,43616d97-2221-569d-82eb-bcc14bcd6344,Antiinflamatorio,58,69.0,46.99245722518936,53.36698913574219,52.30202515350357,5.697974846496429,74bff84c-0733-446b-a298-2f91515a201d
2026-05-04,042e2e80-f954-5df4-97be-29dd428cc598,43616d97-2221-569d-82eb-bcc14bcd6344,Antiinflamatorio,12,48.0,40.66097186199079,53.36698913574219,47.03520939937482,35.03520939937482,74bff84c-0733-446b-a298-2f91515a201d
2026-02-16,042e2e80-f954-5df4-97be-29dd428cc598,7fb983e8-6848-5425-97a2-14da72722d0f,Antiinflamatorio,39,34.0,36.777149969123265,39.89665985107422,39.39643745996799,0.3964374599679914,74bff84c-0733-446b-a298-2f91515a201d
2026-02-23,042e2e80-f954-5df4-97be-29dd428cc598,7fb983e8-6848-5425-97a2-14da72722d0f,Antiinflamatorio,21,50.0,33.103847079981485,38.96790313720703,36.281053119410196,15.281053119410196,74bff84c-0733-446b-a298-2f91515a201d
2026-03-02,042e2e80-f954-5df4-97be-29dd428cc598,7fb983e8-6848-5425-97a2-14da72722d0f,Antiinflamatorio,64,59.0,31.403332133596383,40.010292053222656,34.54112019092365,29.45887980907635,74bff84c-0733-446b-a298-2f91515a201d
2026-03-09,042e2e80-f954-5df4-97be-29dd428cc598,7fb983e8-6848-5425-97a2-14da72722d0f,Antiinflamatorio,37,39.0,35.2372463390343,39.00481033325195,37.98227292747424,0.9822729274742414,74bff84c-0733-446b-a298-2f91515a201d
2026-03-16,042e2e80-f954-5df4-97be-29dd428cc598,7fb983e8-6848-5425-97a2-14da72722d0f,Antiinflamatorio,47,26.0,37.73001728972592,42.79640197753906,40.787440166083954,6.212559833916046,74bff84c-0733-446b-a298-2f91515a201d
2026-03-23,042e2e80-f954-5df4-97be-29dd428cc598,7fb983e8-6848-5425-97a2-14da72722d0f,Antiinflamatorio,24,40.0,35.04554004440442,42.958251953125,38.21899838218823,14.218998382188232,74bff84c-0733-446b-a298-2f91515a201d
2026-03-30,042e2e80-f954-5df4-97be-29dd428cc598,7fb983e8-6848-5425-97a2-14da72722d0f,Antiinflamatorio,32,39.0,35.23728836478521,43.92183303833008,39.370908150094046,7.370908150094046,74bff84c-0733-446b-a298-2f91515a201d
2026-04-06,042e2e80-f954-5df4-97be-29dd428cc598,7fb983e8-6848-5425-97a2-14da72722d0f,Antiinflamatorio,32,42.0,34.66204362841231,44.57439041137695,36.98275857897384,4.9827585789738364,74bff84c-0733-446b-a298-2f91515a201d
2026-04-13,042e2e80-f954-5df4-97be-29dd428cc598,7fb983e8-6848-5425-97a2-14da72722d0f,Antiinflamatorio,53,38.0,35.429036606154185,46.376312255859375,37.83139656861756,15.168603431382436,74bff84c-0733-446b-a298-2f91515a201d
2026-04-20,042e2e80-f954-5df4-97be-29dd428cc598,7fb983e8-6848-5425-97a2-14da72722d0f,Antiinflamatorio,46,46.0,33.8950506509287,47.4248161315918,36.705448037479606,9.294551962520394,74bff84c-0733-446b-a298-2f91515a201d
2026-04-27,042e2e80-f954-5df4-97be-29dd428cc598,7fb983e8-6848-5425-97a2-14da72722d0f,Antiinflamatorio,51,29.0,37.1547708057714,51.74275588989258,41.14736123317008,9.85263876682992,74bff84c-0733-446b-a298-2f91515a201d
2026-05-04,042e2e80-f954-5df4-97be-29dd428cc598,7fb983e8-6848-5425-97a2-14da72722d0f,Antiinflamatorio,7,43.0,34.47029538413641,52.336429595947266,38.578921272960876,31.578921272960876,74bff84c-0733-446b-a298-2f91515a201d
2026-02-16,042e2e80-f954-5df4-97be-29dd428cc598,8ecedccf-c230-516b-bbc2-108f7a6fbe63,Antiinflamatorio,39,33.0,40.288149824656216,45.48173522949219,45.898515215433804,6.898515215433804,74bff84c-0733-446b-a298-2f91515a201d
2026-02-23,042e2e80-f954-5df4-97be-29dd428cc598,8ecedccf-c230-516b-bbc2-108f7a6fbe63,Antiinflamatorio,29,39.0,38.6680952777517,46.69536209106445,43.93025271793725,14.93025271793725,74bff84c-0733-446b-a298-2f91515a201d
2026-03-02,042e2e80-f954-5df4-97be-29dd428cc598,8ecedccf-c230-516b-bbc2-108f7a6fbe63,Antiinflamatorio,24,67.0,31.853579787167437,46.09440231323242,37.22617175951851,13.226171759518508,74bff84c-0733-446b-a298-2f91515a201d
2026-03-09,042e2e80-f954-5df4-97be-29dd428cc598,8ecedccf-c230-516b-bbc2-108f7a6fbe63,Antiinflamatorio,29,46.0,36.979189421399624,48.441627502441406,42.17784073518136,13.177840735181363,74bff84c-0733-446b-a298-2f91515a201d
2026-03-16,042e2e80-f954-5df4-97be-29dd428cc598,8ecedccf-c230-516b-bbc2-108f7a6fbe63,Antiinflamatorio,35,46.0,36.97984826974968,50.06716537475586,42.207566623021165,7.207566623021165,74bff84c-0733-446b-a298-2f91515a201d
2026-03-23,042e2e80-f954-5df4-97be-29dd428cc598,8ecedccf-c230-516b-bbc2-108f7a6fbe63,Antiinflamatorio,37,21.0,43.086493708269906,51.271785736083984,48.51922104515345,11.51922104515345,74bff84c-0733-446b-a298-2f91515a201d
2026-03-30,042e2e80-f954-5df4-97be-29dd428cc598,8ecedccf-c230-516b-bbc2-108f7a6fbe63,Antiinflamatorio,63,51.0,35.75840828523819,52.187835693359375,42.07564184770767,20.924358152292328,74bff84c-0733-446b-a298-2f91515a201d
2026-04-06,042e2e80-f954-5df4-97be-29dd428cc598,8ecedccf-c230-516b-bbc2-108f7a6fbe63,Antiinflamatorio,38,39.0,38.68964657590708,54.070655822753906,43.275338027933444,5.275338027933444,74bff84c-0733-446b-a298-2f91515a201d
2026-04-13,042e2e80-f954-5df4-97be-29dd428cc598,8ecedccf-c230-516b-bbc2-108f7a6fbe63,Antiinflamatorio,36,51.0,35.75840593032191,54.070655822753906,40.5734365051205,4.5734365051204975,74bff84c-0733-446b-a298-2f91515a201d
2026-04-20,042e2e80-f954-5df4-97be-29dd428cc598,8ecedccf-c230-516b-bbc2-108f7a6fbe63,Antiinflamatorio,28,37.0,39.17818714141831,55.810882568359375,44.278785953521584,16.278785953521584,74bff84c-0733-446b-a298-2f91515a201d
2026-04-27,042e2e80-f954-5df4-97be-29dd428cc598,8ecedccf-c230-516b-bbc2-108f7a6fbe63,Antiinflamatorio,43,65.0,32.33862458334479,59.3355598449707,38.74388514624152,4.256114853758483,74bff84c-0733-446b-a298-2f91515a201d
2026-05-04,042e2e80-f954-5df4-97be-29dd428cc598,8ecedccf-c230-516b-bbc2-108f7a6fbe63,Antiinflamatorio,44,37.0,39.17818715146489,61.08300018310547,45.31200482419438,1.312004824194382,74bff84c-0733-446b-a298-2f91515a201d
2026-02-16,042e2e80-f954-5df4-97be-29dd428cc598,d6f21f11-7533-52dd-a4dc-2fb8e260c02c,Antiinflamatorio,26,29.0,36.240766283310855,33.115291595458984,30.15107226017853,4.15107226017853,74bff84c-0733-446b-a298-2f91515a201d
2026-02-23,042e2e80-f954-5df4-97be-29dd428cc598,d6f21f11-7533-52dd-a4dc-2fb8e260c02c,Antiinflamatorio,43,23.0,38.98082991714889,31.977941513061523,35.67982312317306,7.320176876826942,74bff84c-0733-446b-a298-2f91515a201d
2026-03-02,042e2e80-f954-5df4-97be-29dd428cc598,d6f21f11-7533-52dd-a4dc-2fb8e260c02c,Antiinflamatorio,44,30.0,36.945560494225916,32.68280029296875,32.48857359008163,11.511426409918371,74bff84c-0733-446b-a298-2f91515a201d
2026-03-09,042e2e80-f954-5df4-97be-29dd428cc598,d6f21f11-7533-52dd-a4dc-2fb8e260c02c,Antiinflamatorio,39,36.0,35.40181439061454,32.862972259521484,32.34174721379569,6.658252786204308,74bff84c-0733-446b-a298-2f91515a201d
2026-03-16,042e2e80-f954-5df4-97be-29dd428cc598,d6f21f11-7533-52dd-a4dc-2fb8e260c02c,Antiinflamatorio,30,26.0,38.024096835761,32.697021484375,35.04439483991139,5.044394839911391,74bff84c-0733-446b-a298-2f91515a201d
2026-03-23,042e2e80-f954-5df4-97be-29dd428cc598,d6f21f11-7533-52dd-a4dc-2fb8e260c02c,Antiinflamatorio,33,22.0,39.07616127472808,32.503326416015625,34.66127813797881,1.6612781379788117,74bff84c-0733-446b-a298-2f91515a201d
2026-03-30,042e2e80-f954-5df4-97be-29dd428cc598,d6f21f11-7533-52dd-a4dc-2fb8e260c02c,Antiinflamatorio,25,35.0,35.65982793424416,33.61307144165039,33.48863648031045,8.488636480310447,74bff84c-0733-446b-a298-2f91515a201d
2026-04-06,042e2e80-f954-5df4-97be-29dd428cc598,d6f21f11-7533-52dd-a4dc-2fb8e260c02c,Antiinflamatorio,64,34.0,35.9226371582319,31.377111434936523,32.1327897842695,31.867210215730502,74bff84c-0733-446b-a298-2f91515a201d
2026-04-13,042e2e80-f954-5df4-97be-29dd428cc598,d6f21f11-7533-52dd-a4dc-2fb8e260c02c,Antiinflamatorio,45,39.0,34.608718758147596,31.434724807739258,30.893588667434095,14.106411332565905,74bff84c-0733-446b-a298-2f91515a201d
2026-04-20,042e2e80-f954-5df4-97be-29dd428cc598,d6f21f11-7533-52dd-a4dc-2fb8e260c02c,Antiinflamatorio,31,21.0,39.33880973188076,31.242700576782227,35.98961329785976,4.989613297859762,74bff84c-0733-446b-a298-2f91515a201d
2026-04-27,042e2e80-f954-5df4-97be-29dd428cc598,d6f21f11-7533-52dd-a4dc-2fb8e260c02c,Antiinflamatorio,31,34.0,35.922633332240046,33.88822555541992,32.48117916010565,1.481179160105647,74bff84c-0733-446b-a298-2f91515a201d
2026-05-04,042e2e80-f954-5df4-97be-29dd428cc598,d6f21f11-7533-52dd-a4dc-2fb8e260c02c,Antiinflamatorio,31,32.0,36.448198934005475,33.94773864746094,34.403664489196515,3.4036644891965153,74bff84c-0733-446b-a298-2f91515a201d
2026-02-16,058c6382-bde2-59d1-93ff-20c6161a4736,26f7241d-a84e-5e4a-a43d-33eea1e54eea,Antibiótico,32,39.0,37.50559978748729,32.452735900878906,36.70786189104488,4.707861891044878,74bff84c-0733-446b-a298-2f91515a201d
2026-02-23,058c6382-bde2-59d1-93ff-20c6161a4736,26f7241d-a84e-5e4a-a43d-33eea1e54eea,Antibiótico,29,25.0,31.39688703575731,22.44487762451172,19.882202358633286,9.117797641366714,74bff84c-0733-446b-a298-2f91515a201d
2026-03-02,058c6382-bde2-59d1-93ff-20c6161a4736,26f7241d-a84e-5e4a-a43d-33eea1e54eea,Antibiótico,31,32.0,33.431012288385716,23.818740844726562,26.099537984186497,4.900462015813503,74bff84c-0733-446b-a298-2f91515a201d
2026-03-09,058c6382-bde2-59d1-93ff-20c6161a4736,26f7241d-a84e-5e4a-a43d-33eea1e54eea,Antibiótico,32,46.0,36.803431357257935,21.0942325592041,26.26351055037317,5.736489449626831,74bff84c-0733-446b-a298-2f91515a201d
2026-03-16,058c6382-bde2-59d1-93ff-20c6161a4736,26f7241d-a84e-5e4a-a43d-33eea1e54eea,Antibiótico,30,20.0,30.47113480769363,20.855199813842773,22.73216119013992,7.267838809860081,74bff84c-0733-446b-a298-2f91515a201d
2026-03-23,058c6382-bde2-59d1-93ff-20c6161a4736,26f7241d-a84e-5e4a-a43d-33eea1e54eea,Antibiótico,22,22.0,30.958017606808067,17.780290603637695,23.61775614745748,1.6177561474574809,74bff84c-0733-446b-a298-2f91515a201d
2026-03-30,058c6382-bde2-59d1-93ff-20c6161a4736,26f7241d-a84e-5e4a-a43d-33eea1e54eea,Antibiótico,39,52.0,38.27018402207233,18.69633674621582,32.01072023499347,6.989279765006529,74bff84c-0733-446b-a298-2f91515a201d
2026-04-06,058c6382-bde2-59d1-93ff-20c6161a4736,26f7241d-a84e-5e4a-a43d-33eea1e54eea,Antibiótico,27,30.0,32.90797256155839,17.273906707763672,23.786461102207802,3.2135388977921977,74bff84c-0733-446b-a298-2f91515a201d
2026-04-13,058c6382-bde2-59d1-93ff-20c6161a4736,26f7241d-a84e-5e4a-a43d-33eea1e54eea,Antibiótico,27,35.0,34.126656062022136,14.765764236450195,25.65084315003483,1.3491568499651692,74bff84c-0733-446b-a298-2f91515a201d
2026-04-20,058c6382-bde2-59d1-93ff-20c6161a4736,26f7241d-a84e-5e4a-a43d-33eea1e54eea,Antibiótico,44,19.0,30.226872129802604,14.485791206359863,22.370192690257927,21.629807309742073,74bff84c-0733-446b-a298-2f91515a201d
2026-04-27,058c6382-bde2-59d1-93ff-20c6161a4736,26f7241d-a84e-5e4a-a43d-33eea1e54eea,Antibiótico,57,37.0,34.614128923939454,16.486736297607422,28.319499350117432,28.680500649882568,74bff84c-0733-446b-a298-2f91515a201d
2026-05-04,058c6382-bde2-59d1-93ff-20c6161a4736,26f7241d-a84e-5e4a-a43d-33eea1e54eea,Antibiótico,17,35.0,34.12665594664783,16.465274810791016,26.750089536583133,9.750089536583133,74bff84c-0733-446b-a298-2f91515a201d
2026-02-16,058c6382-bde2-59d1-93ff-20c6161a4736,43616d97-2221-569d-82eb-bcc14bcd6344,Antibiótico,36,19.0,31.045616524144705,33.75798797607422,34.25862206689983,1.7413779331001678,74bff84c-0733-446b-a298-2f91515a201d
2026-02-23,058c6382-bde2-59d1-93ff-20c6161a4736,43616d97-2221-569d-82eb-bcc14bcd6344,Antibiótico,27,22.0,29.74641460487233,33.919151306152344,33.171872559279066,6.171872559279066,74bff84c-0733-446b-a298-2f91515a201d
2026-03-02,058c6382-bde2-59d1-93ff-20c6161a4736,43616d97-2221-569d-82eb-bcc14bcd6344,Antibiótico,21,37.0,30.630129817676853,36.91615295410156,33.43859935159714,12.43859935159714,74bff84c-0733-446b-a298-2f91515a201d
2026-03-09,058c6382-bde2-59d1-93ff-20c6161a4736,43616d97-2221-569d-82eb-bcc14bcd6344,Antibiótico,31,24.0,30.087099564200688,35.6604118347168,33.27791620505457,2.2779162050545665,74bff84c-0733-446b-a298-2f91515a201d
2026-03-16,058c6382-bde2-59d1-93ff-20c6161a4736,43616d97-2221-569d-82eb-bcc14bcd6344,Antibiótico,29,46.0,30.866936762517998,36.41051483154297,33.95498212117583,4.954982121175831,74bff84c-0733-446b-a298-2f91515a201d
2026-03-23,058c6382-bde2-59d1-93ff-20c6161a4736,43616d97-2221-569d-82eb-bcc14bcd6344,Antibiótico,35,23.0,30.071720208174668,37.336448669433594,33.10606130505272,1.8939386949472805,74bff84c-0733-446b-a298-2f91515a201d
2026-03-30,058c6382-bde2-59d1-93ff-20c6161a4736,43616d97-2221-569d-82eb-bcc14bcd6344,Antibiótico,38,31.0,30.347747216045533,42.49234390258789,34.59363449555603,3.4063655044439685,74bff84c-0733-446b-a298-2f91515a201d
2026-04-06,058c6382-bde2-59d1-93ff-20c6161a4736,43616d97-2221-569d-82eb-bcc14bcd6344,Antibiótico,35,19.0,29.935910871723525,40.035457611083984,32.407154730060924,2.592845269939076,74bff84c-0733-446b-a298-2f91515a201d
2026-04-13,058c6382-bde2-59d1-93ff-20c6161a4736,43616d97-2221-569d-82eb-bcc14bcd6344,Antibiótico,25,48.0,30.930170465489105,42.69390869140625,33.48305933572836,8.483059335728363,74bff84c-0733-446b-a298-2f91515a201d
2026-04-20,058c6382-bde2-59d1-93ff-20c6161a4736,43616d97-2221-569d-82eb-bcc14bcd6344,Antibiótico,49,33.0,30.415929673968503,43.142669677734375,33.59179174786682,15.408208252133178,74bff84c-0733-446b-a298-2f91515a201d
2026-04-27,058c6382-bde2-59d1-93ff-20c6161a4736,43616d97-2221-569d-82eb-bcc14bcd6344,Antibiótico,50,67.0,31.581476767859137,47.927978515625,35.87996252377955,14.120037476220453,74bff84c-0733-446b-a298-2f91515a201d
2026-05-04,058c6382-bde2-59d1-93ff-20c6161a4736,43616d97-2221-569d-82eb-bcc14bcd6344,Antibiótico,32,24.0,30.107411112286083,47.927978515625,34.486262526012894,2.4862625260128937,74bff84c-0733-446b-a298-2f91515a201d
2026-02-16,058c6382-bde2-59d1-93ff-20c6161a4736,7fb983e8-6848-5425-97a2-14da72722d0f,Antibiótico,35,26.0,24.630807446162486,21.88658332824707,19.66119389406898,15.33880610593102,74bff84c-0733-446b-a298-2f91515a201d
2026-02-23,058c6382-bde2-59d1-93ff-20c6161a4736,7fb983e8-6848-5425-97a2-14da72722d0f,Antibiótico,27,35.0,26.76679933875551,21.319549560546875,21.780576117930316,5.219423882069684,74bff84c-0733-446b-a298-2f91515a201d
2026-03-02,058c6382-bde2-59d1-93ff-20c6161a4736,7fb983e8-6848-5425-97a2-14da72722d0f,Antibiótico,28,37.0,27.198100423403968,21.886192321777344,22.082697248049964,5.917302751950036,74bff84c-0733-446b-a298-2f91515a201d
2026-03-09,058c6382-bde2-59d1-93ff-20c6161a4736,7fb983e8-6848-5425-97a2-14da72722d0f,Antibiótico,32,37.0,27.199295256834567,21.18878173828125,22.347096179228366,9.652903820771634,74bff84c-0733-446b-a298-2f91515a201d
2026-03-16,058c6382-bde2-59d1-93ff-20c6161a4736,7fb983e8-6848-5425-97a2-14da72722d0f,Antibiótico,25,19.0,23.4813981223156,21.18878173828125,18.6291990447094,6.370800955290601,74bff84c-0733-446b-a298-2f91515a201d
2026-03-23,058c6382-bde2-59d1-93ff-20c6161a4736,7fb983e8-6848-5425-97a2-14da72722d0f,Antibiótico,32,26.0,24.92728267888992,21.18878173828125,20.032980310725858,11.967019689274142,74bff84c-0733-446b-a298-2f91515a201d
2026-03-30,058c6382-bde2-59d1-93ff-20c6161a4736,7fb983e8-6848-5425-97a2-14da72722d0f,Antibiótico,34,32.0,26.16660821974262,22.104827880859375,22.26813638746723,11.73186361253277,74bff84c-0733-446b-a298-2f91515a201d
2026-04-06,058c6382-bde2-59d1-93ff-20c6161a4736,7fb983e8-6848-5425-97a2-14da72722d0f,Antibiótico,30,15.0,22.655186835264033,20.469602584838867,17.14792412850744,12.85207587149256,74bff84c-0733-446b-a298-2f91515a201d
2026-04-13,058c6382-bde2-59d1-93ff-20c6161a4736,7fb983e8-6848-5425-97a2-14da72722d0f,Antibiótico,38,40.0,27.819041846590405,20.469602584838867,22.889705775576,15.110294224423999,74bff84c-0733-446b-a298-2f91515a201d
2026-04-20,058c6382-bde2-59d1-93ff-20c6161a4736,7fb983e8-6848-5425-97a2-14da72722d0f,Antibiótico,20,33.0,26.373162443923718,20.797977447509766,21.408507521438366,1.4085075214383664,74bff84c-0733-446b-a298-2f91515a201d
2026-04-27,058c6382-bde2-59d1-93ff-20c6161a4736,7fb983e8-6848-5425-97a2-14da72722d0f,Antibiótico,29,37.0,27.19937924550863,23.340578079223633,23.592797080744226,5.407202919255774,74bff84c-0733-446b-a298-2f91515a201d
2026-05-04,058c6382-bde2-59d1-93ff-20c6161a4736,7fb983e8-6848-5425-97a2-14da72722d0f,Antibiótico,23,32.0,26.166608243535773,22.426916122436523,22.255100398610846,0.7448996013891538,74bff84c-0733-446b-a298-2f91515a201d
2026-02-16,058c6382-bde2-59d1-93ff-20c6161a4736,8ecedccf-c230-516b-bbc2-108f7a6fbe63,Antibiótico,33,29.0,24.893857046589897,36.06883239746094,29.52131371162896,3.4786862883710405,74bff84c-0733-446b-a298-2f91515a201d
2026-02-23,058c6382-bde2-59d1-93ff-20c6161a4736,8ecedccf-c230-516b-bbc2-108f7a6fbe63,Antibiótico,27,51.0,29.02713844486472,35.0034065246582,33.07730171390769,6.077301713907687,74bff84c-0733-446b-a298-2f91515a201d
2026-03-02,058c6382-bde2-59d1-93ff-20c6161a4736,8ecedccf-c230-516b-bbc2-108f7a6fbe63,Antibiótico,25,0.0,27.900858266942002,35.62636184692383,32.15571962176988,7.155719621769883,74bff84c-0733-446b-a298-2f91515a201d
2026-03-09,058c6382-bde2-59d1-93ff-20c6161a4736,8ecedccf-c230-516b-bbc2-108f7a6fbe63,Antibiótico,32,43.0,28.205743743022442,38.089839935302734,32.40488000019407,0.4048800001940691,74bff84c-0733-446b-a298-2f91515a201d
2026-03-16,058c6382-bde2-59d1-93ff-20c6161a4736,8ecedccf-c230-516b-bbc2-108f7a6fbe63,Antibiótico,32,33.0,28.122053944325057,39.36880874633789,32.56356652901134,0.5635665290113394,74bff84c-0733-446b-a298-2f91515a201d
2026-03-23,058c6382-bde2-59d1-93ff-20c6161a4736,8ecedccf-c230-516b-bbc2-108f7a6fbe63,Antibiótico,22,50.0,28.143255218419682,39.423973083496094,32.54650638953174,10.546506389531743,74bff84c-0733-446b-a298-2f91515a201d
2026-03-30,058c6382-bde2-59d1-93ff-20c6161a4736,8ecedccf-c230-516b-bbc2-108f7a6fbe63,Antibiótico,43,40.0,28.1380923169399,42.416439056396484,33.14643410618551,9.85356589381449,74bff84c-0733-446b-a298-2f91515a201d
2026-04-06,058c6382-bde2-59d1-93ff-20c6161a4736,8ecedccf-c230-516b-bbc2-108f7a6fbe63,Antibiótico,41,29.0,28.14115574260725,43.1117057800293,31.92760445972456,9.07239554027544,74bff84c-0733-446b-a298-2f91515a201d
2026-04-13,058c6382-bde2-59d1-93ff-20c6161a4736,8ecedccf-c230-516b-bbc2-108f7a6fbe63,Antibiótico,24,17.0,28.14211979597091,44.50460433959961,31.890307814769738,7.890307814769738,74bff84c-0733-446b-a298-2f91515a201d
2026-04-20,058c6382-bde2-59d1-93ff-20c6161a4736,8ecedccf-c230-516b-bbc2-108f7a6fbe63,Antibiótico,21,56.0,28.13756678123466,46.093353271484375,32.42836210746757,11.42836210746757,74bff84c-0733-446b-a298-2f91515a201d
2026-04-27,058c6382-bde2-59d1-93ff-20c6161a4736,8ecedccf-c230-516b-bbc2-108f7a6fbe63,Antibiótico,33,30.0,28.14065344061311,48.635955810546875,33.63443786825593,0.6344378682559295,74bff84c-0733-446b-a298-2f91515a201d
2026-05-04,058c6382-bde2-59d1-93ff-20c6161a4736,8ecedccf-c230-516b-bbc2-108f7a6fbe63,Antibiótico,38,40.0,28.139462300726947,52.30955123901367,33.67150814194399,4.328491858056012,74bff84c-0733-446b-a298-2f91515a201d
2026-02-16,058c6382-bde2-59d1-93ff-20c6161a4736,d6f21f11-7533-52dd-a4dc-2fb8e260c02c,Antibiótico,30,14.0,21.093193121422324,25.508821487426758,24.09746963547567,5.902530364524331,74bff84c-0733-446b-a298-2f91515a201d
2026-02-23,058c6382-bde2-59d1-93ff-20c6161a4736,d6f21f11-7533-52dd-a4dc-2fb8e260c02c,Antibiótico,30,31.0,24.739789754520274,25.62871551513672,28.04001763499818,1.9599823650018209,74bff84c-0733-446b-a298-2f91515a201d
2026-03-02,058c6382-bde2-59d1-93ff-20c6161a4736,d6f21f11-7533-52dd-a4dc-2fb8e260c02c,Antibiótico,26,18.0,21.015631873459885,25.891244888305664,24.18951984152324,1.8104801584767607,74bff84c-0733-446b-a298-2f91515a201d
2026-03-09,058c6382-bde2-59d1-93ff-20c6161a4736,d6f21f11-7533-52dd-a4dc-2fb8e260c02c,Antibiótico,16,19.0,21.2647988354088,25.76047706604004,24.253431752812975,8.253431752812975,74bff84c-0733-446b-a298-2f91515a201d
2026-03-16,058c6382-bde2-59d1-93ff-20c6161a4736,d6f21f11-7533-52dd-a4dc-2fb8e260c02c,Antibiótico,26,27.0,23.764466414879603,25.916994094848633,26.902684102486415,0.9026841024864147,74bff84c-0733-446b-a298-2f91515a201d
2026-03-23,058c6382-bde2-59d1-93ff-20c6161a4736,d6f21f11-7533-52dd-a4dc-2fb8e260c02c,Antibiótico,29,24.0,22.82926073682333,25.916994094848633,25.887113243460902,3.1128867565390976,74bff84c-0733-446b-a298-2f91515a201d
2026-03-30,058c6382-bde2-59d1-93ff-20c6161a4736,d6f21f11-7533-52dd-a4dc-2fb8e260c02c,Antibiótico,34,24.0,22.829712782555955,26.833040237426758,26.963762198144334,7.036237801855666,74bff84c-0733-446b-a298-2f91515a201d
2026-04-06,058c6382-bde2-59d1-93ff-20c6161a4736,d6f21f11-7533-52dd-a4dc-2fb8e260c02c,Antibiótico,43,30.0,24.695379139473516,25.19781494140625,27.14802563338526,15.85197436661474,74bff84c-0733-446b-a298-2f91515a201d
2026-04-13,058c6382-bde2-59d1-93ff-20c6161a4736,d6f21f11-7533-52dd-a4dc-2fb8e260c02c,Antibiótico,22,39.0,27.4940273407175,25.58023452758789,29.97718211442966,7.9771821144296595,74bff84c-0733-446b-a298-2f91515a201d
2026-04-20,058c6382-bde2-59d1-93ff-20c6161a4736,d6f21f11-7533-52dd-a4dc-2fb8e260c02c,Antibiótico,29,37.0,26.872105996848926,25.90860939025879,29.933539073707447,0.9335390737074469,74bff84c-0733-446b-a298-2f91515a201d
2026-04-27,058c6382-bde2-59d1-93ff-20c6161a4736,d6f21f11-7533-52dd-a4dc-2fb8e260c02c,Antibiótico,28,28.0,24.07347547283939,28.451210021972656,28.302228085907018,0.3022280859070179,74bff84c-0733-446b-a298-2f91515a201d
2026-05-04,058c6382-bde2-59d1-93ff-20c6161a4736,d6f21f11-7533-52dd-a4dc-2fb8e260c02c,Antibiótico,24,32.0,25.317311421985362,28.451210021972656,29.54606403505299,5.546064035052989,74bff84c-0733-446b-a298-2f91515a201d
2026-02-16,07371b94-955f-52a4-9bf9-f0a6ad2b4fa8,26f7241d-a84e-5e4a-a43d-33eea1e54eea,Antibiótico,47,49.0,37.77288194553868,42.85643768310547,39.80801602261082,7.191983977389178,74bff84c-0733-446b-a298-2f91515a201d
2026-02-23,07371b94-955f-52a4-9bf9-f0a6ad2b4fa8,26f7241d-a84e-5e4a-a43d-33eea1e54eea,Antibiótico,35,33.0,39.23132746627062,44.066184997558594,42.11711256911486,7.117112569114859,74bff84c-0733-446b-a298-2f91515a201d
2026-03-02,07371b94-955f-52a4-9bf9-f0a6ad2b4fa8,26f7241d-a84e-5e4a-a43d-33eea1e54eea,Antibiótico,74,63.0,39.801863762696186,44.74936294555664,42.22732577021877,31.77267422978123,74bff84c-0733-446b-a298-2f91515a201d
2026-03-09,07371b94-955f-52a4-9bf9-f0a6ad2b4fa8,26f7241d-a84e-5e4a-a43d-33eea1e54eea,Antibiótico,51,45.0,39.27237154023748,44.611061096191406,42.278454790283256,8.721545209716744,74bff84c-0733-446b-a298-2f91515a201d
2026-03-16,07371b94-955f-52a4-9bf9-f0a6ad2b4fa8,26f7241d-a84e-5e4a-a43d-33eea1e54eea,Antibiótico,62,55.0,39.61278803468029,44.611061096191406,42.68965084672253,19.31034915327747,74bff84c-0733-446b-a298-2f91515a201d
2026-03-23,07371b94-955f-52a4-9bf9-f0a6ad2b4fa8,26f7241d-a84e-5e4a-a43d-33eea1e54eea,Antibiótico,57,54.0,39.58813069027405,46.089805603027344,42.674579121289064,14.325420878710936,74bff84c-0733-446b-a298-2f91515a201d
2026-03-30,07371b94-955f-52a4-9bf9-f0a6ad2b4fa8,26f7241d-a84e-5e4a-a43d-33eea1e54eea,Antibiótico,44,78.0,40.52065778786959,48.11930465698242,44.60293842370333,0.6029384237033284,74bff84c-0733-446b-a298-2f91515a201d
2026-04-06,07371b94-955f-52a4-9bf9-f0a6ad2b4fa8,26f7241d-a84e-5e4a-a43d-33eea1e54eea,Antibiótico,60,79.0,40.56087929825617,46.94246292114258,42.85396678070856,17.14603321929144,74bff84c-0733-446b-a298-2f91515a201d
2026-04-13,07371b94-955f-52a4-9bf9-f0a6ad2b4fa8,26f7241d-a84e-5e4a-a43d-33eea1e54eea,Antibiótico,71,27.0,38.53108631881257,46.94246292114258,40.96247183593293,30.03752816406707,74bff84c-0733-446b-a298-2f91515a201d
2026-04-20,07371b94-955f-52a4-9bf9-f0a6ad2b4fa8,26f7241d-a84e-5e4a-a43d-33eea1e54eea,Antibiótico,66,68.0,40.13132791857084,48.76610565185547,43.35563474039396,22.64436525960604,74bff84c-0733-446b-a298-2f91515a201d
2026-04-27,07371b94-955f-52a4-9bf9-f0a6ad2b4fa8,26f7241d-a84e-5e4a-a43d-33eea1e54eea,Antibiótico,46,30.0,38.64824048508202,51.456111907958984,43.38016025055443,2.6198397494455676,74bff84c-0733-446b-a298-2f91515a201d
2026-05-04,07371b94-955f-52a4-9bf9-f0a6ad2b4fa8,26f7241d-a84e-5e4a-a43d-33eea1e54eea,Antibiótico,109,55.0,39.62394533812169,54.52458572387695,44.574527842394154,64.42547215760584,74bff84c-0733-446b-a298-2f91515a201d
2026-02-16,07371b94-955f-52a4-9bf9-f0a6ad2b4fa8,43616d97-2221-569d-82eb-bcc14bcd6344,Antibiótico,30,34.0,46.717969194924784,44.906002044677734,44.150453106439066,14.150453106439066,74bff84c-0733-446b-a298-2f91515a201d
2026-02-23,07371b94-955f-52a4-9bf9-f0a6ad2b4fa8,43616d97-2221-569d-82eb-bcc14bcd6344,Antibiótico,41,34.0,45.42210187680553,43.97426986694336,42.559147975514634,1.5591479755146338,74bff84c-0733-446b-a298-2f91515a201d
2026-03-02,07371b94-955f-52a4-9bf9-f0a6ad2b4fa8,43616d97-2221-569d-82eb-bcc14bcd6344,Antibiótico,31,29.0,44.14741664059792,43.910919189453125,41.55814747937355,10.558147479373552,74bff84c-0733-446b-a298-2f91515a201d
2026-03-09,07371b94-955f-52a4-9bf9-f0a6ad2b4fa8,43616d97-2221-569d-82eb-bcc14bcd6344,Antibiótico,39,51.0,50.6582639730974,43.7801513671875,48.0259967363878,9.025996736387803,74bff84c-0733-446b-a298-2f91515a201d
2026-03-16,07371b94-955f-52a4-9bf9-f0a6ad2b4fa8,43616d97-2221-569d-82eb-bcc14bcd6344,Antibiótico,55,45.0,48.878784554836656,43.97031784057617,44.761713879940416,10.238286120059584,74bff84c-0733-446b-a298-2f91515a201d
2026-03-23,07371b94-955f-52a4-9bf9-f0a6ad2b4fa8,43616d97-2221-569d-82eb-bcc14bcd6344,Antibiótico,53,60.0,53.34092574931291,43.57520294189453,50.793759640227826,2.206240359772174,74bff84c-0733-446b-a298-2f91515a201d
2026-03-30,07371b94-955f-52a4-9bf9-f0a6ad2b4fa8,43616d97-2221-569d-82eb-bcc14bcd6344,Antibiótico,60,62.0,53.9361595627529,43.957786560058594,50.75910158126181,9.24089841873819,74bff84c-0733-446b-a298-2f91515a201d
2026-04-06,07371b94-955f-52a4-9bf9-f0a6ad2b4fa8,43616d97-2221-569d-82eb-bcc14bcd6344,Antibiótico,57,29.0,44.117342021682965,42.53535461425781,39.26681330464195,17.73318669535805,74bff84c-0733-446b-a298-2f91515a201d
2026-04-13,07371b94-955f-52a4-9bf9-f0a6ad2b4fa8,43616d97-2221-569d-82eb-bcc14bcd6344,Antibiótico,46,43.0,48.282894335681085,42.53535461425781,44.80448647587884,1.1955135241211607,74bff84c-0733-446b-a298-2f91515a201d
2026-04-20,07371b94-955f-52a4-9bf9-f0a6ad2b4fa8,43616d97-2221-569d-82eb-bcc14bcd6344,Antibiótico,51,52.0,50.960746002776034,43.2613410949707,48.54670233784378,2.453297662156217,74bff84c-0733-446b-a298-2f91515a201d
2026-04-27,07371b94-955f-52a4-9bf9-f0a6ad2b4fa8,43616d97-2221-569d-82eb-bcc14bcd6344,Antibiótico,48,37.0,46.49765885333103,46.05984878540039,44.2026187227158,3.7973812772842024,74bff84c-0733-446b-a298-2f91515a201d
2026-05-04,07371b94-955f-52a4-9bf9-f0a6ad2b4fa8,43616d97-2221-569d-82eb-bcc14bcd6344,Antibiótico,61,88.0,61.67215552879662,46.05984878540039,61.22545963479371,0.22545963479370812,74bff84c-0733-446b-a298-2f91515a201d
2026-02-16,07371b94-955f-52a4-9bf9-f0a6ad2b4fa8,7fb983e8-6848-5425-97a2-14da72722d0f,Antibiótico,25,42.0,49.18587016221036,46.3929328918457,50.844057790002715,25.844057790002715,74bff84c-0733-446b-a298-2f91515a201d
2026-02-23,07371b94-955f-52a4-9bf9-f0a6ad2b4fa8,7fb983e8-6848-5425-97a2-14da72722d0f,Antibiótico,51,46.0,42.59466905206919,47.13141632080078,44.49012405485392,6.509875945146078,74bff84c-0733-446b-a298-2f91515a201d
2026-03-02,07371b94-955f-52a4-9bf9-f0a6ad2b4fa8,7fb983e8-6848-5425-97a2-14da72722d0f,Antibiótico,49,57.0,45.60929281015366,46.47439193725586,47.23496228952378,1.7650377104762214,74bff84c-0733-446b-a298-2f91515a201d
2026-03-09,07371b94-955f-52a4-9bf9-f0a6ad2b4fa8,7fb983e8-6848-5425-97a2-14da72722d0f,Antibiótico,32,35.0,44.09326073713535,46.351158142089844,45.240221830084266,13.240221830084266,74bff84c-0733-446b-a298-2f91515a201d
2026-03-16,07371b94-955f-52a4-9bf9-f0a6ad2b4fa8,7fb983e8-6848-5425-97a2-14da72722d0f,Antibiótico,31,45.0,44.756796179041416,46.40697479248047,46.45685487769559,15.45685487769559,74bff84c-0733-446b-a298-2f91515a201d
2026-03-23,07371b94-955f-52a4-9bf9-f0a6ad2b4fa8,7fb983e8-6848-5425-97a2-14da72722d0f,Antibiótico,47,52.0,44.60527687181711,48.68196487426758,46.202064562933444,0.7979354370665561,74bff84c-0733-446b-a298-2f91515a201d
2026-03-30,07371b94-955f-52a4-9bf9-f0a6ad2b4fa8,7fb983e8-6848-5425-97a2-14da72722d0f,Antibiótico,43,47.0,44.64744279631054,47.32302474975586,47.297994592270015,4.297994592270015,74bff84c-0733-446b-a298-2f91515a201d
2026-04-06,07371b94-955f-52a4-9bf9-f0a6ad2b4fa8,7fb983e8-6848-5425-97a2-14da72722d0f,Antibiótico,29,43.0,44.5548553932648,46.281471252441406,45.49657963404468,16.49657963404468,74bff84c-0733-446b-a298-2f91515a201d
2026-04-13,07371b94-955f-52a4-9bf9-f0a6ad2b4fa8,7fb983e8-6848-5425-97a2-14da72722d0f,Antibiótico,16,70.0,44.89917851821217,48.761409759521484,45.98627723590168,29.98627723590168,74bff84c-0733-446b-a298-2f91515a201d
2026-04-20,07371b94-955f-52a4-9bf9-f0a6ad2b4fa8,7fb983e8-6848-5425-97a2-14da72722d0f,Antibiótico,58,54.0,44.69819222488937,49.99137878417969,46.6585771898323,11.3414228101677,74bff84c-0733-446b-a298-2f91515a201d
2026-04-27,07371b94-955f-52a4-9bf9-f0a6ad2b4fa8,7fb983e8-6848-5425-97a2-14da72722d0f,Antibiótico,96,54.0,44.701827303165864,53.78899002075195,48.683638588184785,47.316361411815215,74bff84c-0733-446b-a298-2f91515a201d
2026-05-04,07371b94-955f-52a4-9bf9-f0a6ad2b4fa8,7fb983e8-6848-5425-97a2-14da72722d0f,Antibiótico,50,40.0,44.53171322567926,53.78899002075195,47.99263475163446,2.007365248365538,74bff84c-0733-446b-a298-2f91515a201d
2026-02-16,07371b94-955f-52a4-9bf9-f0a6ad2b4fa8,8ecedccf-c230-516b-bbc2-108f7a6fbe63,Antibiótico,54,33.0,36.83718890307294,46.663551330566406,39.90324896929609,14.096751030703913,74bff84c-0733-446b-a298-2f91515a201d
2026-02-23,07371b94-955f-52a4-9bf9-f0a6ad2b4fa8,8ecedccf-c230-516b-bbc2-108f7a6fbe63,Antibiótico,30,63.0,48.221490637600006,46.802024841308594,52.09913255387503,22.09913255387503,74bff84c-0733-446b-a298-2f91515a201d
2026-03-02,07371b94-955f-52a4-9bf9-f0a6ad2b4fa8,8ecedccf-c230-516b-bbc2-108f7a6fbe63,Antibiótico,45,46.0,42.54064066178845,44.119529724121094,45.13972408540295,0.13972408540295334,74bff84c-0733-446b-a298-2f91515a201d
2026-03-09,07371b94-955f-52a4-9bf9-f0a6ad2b4fa8,8ecedccf-c230-516b-bbc2-108f7a6fbe63,Antibiótico,40,38.0,39.82685992075147,43.09244918823242,42.08398100687207,2.0839810068720723,74bff84c-0733-446b-a298-2f91515a201d
2026-03-16,07371b94-955f-52a4-9bf9-f0a6ad2b4fa8,8ecedccf-c230-516b-bbc2-108f7a6fbe63,Antibiótico,32,38.0,39.82774085485743,45.936954498291016,43.57023186170863,11.570231861708628,74bff84c-0733-446b-a298-2f91515a201d
2026-03-23,07371b94-955f-52a4-9bf9-f0a6ad2b4fa8,8ecedccf-c230-516b-bbc2-108f7a6fbe63,Antibiótico,42,47.0,42.891722062457035,45.518741607666016,46.30575571380896,4.3057557138089635,74bff84c-0733-446b-a298-2f91515a201d
2026-03-30,07371b94-955f-52a4-9bf9-f0a6ad2b4fa8,8ecedccf-c230-516b-bbc2-108f7a6fbe63,Antibiótico,37,52.0,44.59389662285086,47.06702423095703,49.10931801338431,12.10931801338431,74bff84c-0733-446b-a298-2f91515a201d
2026-04-06,07371b94-955f-52a4-9bf9-f0a6ad2b4fa8,8ecedccf-c230-516b-bbc2-108f7a6fbe63,Antibiótico,60,33.0,38.12566164089403,46.912269592285156,40.46102359844408,19.53897640155592,74bff84c-0733-446b-a298-2f91515a201d
2026-04-13,07371b94-955f-52a4-9bf9-f0a6ad2b4fa8,8ecedccf-c230-516b-bbc2-108f7a6fbe63,Antibiótico,49,42.0,41.189562795913886,46.790836334228516,43.97213625744648,5.027863742553521,74bff84c-0733-446b-a298-2f91515a201d
2026-04-20,07371b94-955f-52a4-9bf9-f0a6ad2b4fa8,8ecedccf-c230-516b-bbc2-108f7a6fbe63,Antibiótico,60,58.0,46.63649808097901,48.32447814941406,50.80898820091309,9.191011799086908,74bff84c-0733-446b-a298-2f91515a201d
2026-04-27,07371b94-955f-52a4-9bf9-f0a6ad2b4fa8,8ecedccf-c230-516b-bbc2-108f7a6fbe63,Antibiótico,55,66.0,49.35996572127015,52.127227783203125,55.00147668471009,0.001476684710091547,74bff84c-0733-446b-a298-2f91515a201d
2026-05-04,07371b94-955f-52a4-9bf9-f0a6ad2b4fa8,8ecedccf-c230-516b-bbc2-108f7a6fbe63,Antibiótico,78,57.0,46.29606462654853,55.71253967285156,50.91774870095038,27.082251299049616,74bff84c-0733-446b-a298-2f91515a201d
2026-02-16,07371b94-955f-52a4-9bf9-f0a6ad2b4fa8,d6f21f11-7533-52dd-a4dc-2fb8e260c02c,Antibiótico,49,39.0,41.98887158800451,41.952457427978516,42.03011165429441,6.969888345705591,74bff84c-0733-446b-a298-2f91515a201d
2026-02-23,07371b94-955f-52a4-9bf9-f0a6ad2b4fa8,d6f21f11-7533-52dd-a4dc-2fb8e260c02c,Antibiótico,34,39.0,39.83723943251726,41.652442932128906,39.55600793975946,5.556007939759461,74bff84c-0733-446b-a298-2f91515a201d
2026-03-02,07371b94-955f-52a4-9bf9-f0a6ad2b4fa8,d6f21f11-7533-52dd-a4dc-2fb8e260c02c,Antibiótico,39,45.0,41.96701889979538,39.91899871826172,41.65997403609451,2.6599740360945106,74bff84c-0733-446b-a298-2f91515a201d
2026-03-09,07371b94-955f-52a4-9bf9-f0a6ad2b4fa8,d6f21f11-7533-52dd-a4dc-2fb8e260c02c,Antibiótico,48,47.0,42.533451769185575,40.601932525634766,41.74058869822076,6.259411301779238,74bff84c-0733-446b-a298-2f91515a201d
2026-03-16,07371b94-955f-52a4-9bf9-f0a6ad2b4fa8,d6f21f11-7533-52dd-a4dc-2fb8e260c02c,Antibiótico,25,17.0,33.40411627115144,43.085472106933594,33.182172952307596,8.182172952307596,74bff84c-0733-446b-a298-2f91515a201d
2026-03-23,07371b94-955f-52a4-9bf9-f0a6ad2b4fa8,d6f21f11-7533-52dd-a4dc-2fb8e260c02c,Antibiótico,33,30.0,37.36191512826872,41.606727600097656,37.40937450710726,4.409374507107259,74bff84c-0733-446b-a298-2f91515a201d
2026-03-30,07371b94-955f-52a4-9bf9-f0a6ad2b4fa8,d6f21f11-7533-52dd-a4dc-2fb8e260c02c,Antibiótico,48,52.0,44.0612737903089,42.33999252319336,44.611762143084476,3.3882378569155236,74bff84c-0733-446b-a298-2f91515a201d
2026-04-06,07371b94-955f-52a4-9bf9-f0a6ad2b4fa8,d6f21f11-7533-52dd-a4dc-2fb8e260c02c,Antibiótico,21,43.0,41.32065889764758,41.450340270996094,40.300617789516174,19.300617789516174,74bff84c-0733-446b-a298-2f91515a201d
2026-04-13,07371b94-955f-52a4-9bf9-f0a6ad2b4fa8,d6f21f11-7533-52dd-a4dc-2fb8e260c02c,Antibiótico,75,37.0,39.49359577418196,42.51087188720703,38.6600245189749,36.3399754810251,74bff84c-0733-446b-a298-2f91515a201d
2026-04-20,07371b94-955f-52a4-9bf9-f0a6ad2b4fa8,d6f21f11-7533-52dd-a4dc-2fb8e260c02c,Antibiótico,64,37.0,39.49359544390078,43.23685836791992,39.144874684747414,24.855125315252586,74bff84c-0733-446b-a298-2f91515a201d
2026-04-27,07371b94-955f-52a4-9bf9-f0a6ad2b4fa8,d6f21f11-7533-52dd-a4dc-2fb8e260c02c,Antibiótico,72,46.0,42.2341936969281,46.19767379760742,43.34836126799591,28.651638732004088,74bff84c-0733-446b-a298-2f91515a201d
2026-05-04,07371b94-955f-52a4-9bf9-f0a6ad2b4fa8,d6f21f11-7533-52dd-a4dc-2fb8e260c02c,Antibiótico,50,77.0,51.67403195743036,47.36835861206055,52.39000265244913,2.3900026524491267,74bff84c-0733-446b-a298-2f91515a201d
2026-02-16,0ec23038-d3ab-588c-bbd6-1f5c744cdde1,26f7241d-a84e-5e4a-a43d-33eea1e54eea,Vitamina,99,76.0,88.25902871406848,115.30541229248047,105.34492425239856,6.344924252398556,74bff84c-0733-446b-a298-2f91515a201d
2026-02-23,0ec23038-d3ab-588c-bbd6-1f5c744cdde1,26f7241d-a84e-5e4a-a43d-33eea1e54eea,Vitamina,0,107.0,97.204227059828,133.28091430664062,121.43662223194714,121.43662223194714,74bff84c-0733-446b-a298-2f91515a201d
2026-03-02,0ec23038-d3ab-588c-bbd6-1f5c744cdde1,26f7241d-a84e-5e4a-a43d-33eea1e54eea,Vitamina,99,0.0,67.75716980015129,134.3085174560547,90.8276749423632,8.172325057636797,74bff84c-0733-446b-a298-2f91515a201d
2026-03-09,0ec23038-d3ab-588c-bbd6-1f5c744cdde1,26f7241d-a84e-5e4a-a43d-33eea1e54eea,Vitamina,165,72.0,87.5628775571668,127.51527404785156,110.58685292948125,54.41314707051875,74bff84c-0733-446b-a298-2f91515a201d
2026-03-16,0ec23038-d3ab-588c-bbd6-1f5c744cdde1,26f7241d-a84e-5e4a-a43d-33eea1e54eea,Vitamina,107,93.0,93.33938282429588,131.61146545410156,113.41913860737694,6.4191386073769365,74bff84c-0733-446b-a298-2f91515a201d
2026-03-23,0ec23038-d3ab-588c-bbd6-1f5c744cdde1,26f7241d-a84e-5e4a-a43d-33eea1e54eea,Vitamina,62,109.0,97.74054302787661,131.1500244140625,117.42234768485903,55.422347684859034,74bff84c-0733-446b-a298-2f91515a201d
2026-03-30,0ec23038-d3ab-588c-bbd6-1f5c744cdde1,26f7241d-a84e-5e4a-a43d-33eea1e54eea,Vitamina,29,168.0,113.96981914562915,128.13612365722656,135.1307287983391,106.1307287983391,74bff84c-0733-446b-a298-2f91515a201d
2026-04-06,0ec23038-d3ab-588c-bbd6-1f5c744cdde1,26f7241d-a84e-5e4a-a43d-33eea1e54eea,Vitamina,134,88.0,91.96402099394197,125.0147705078125,112.62244537138338,21.377554628616622,74bff84c-0733-446b-a298-2f91515a201d
2026-04-13,0ec23038-d3ab-588c-bbd6-1f5c744cdde1,26f7241d-a84e-5e4a-a43d-33eea1e54eea,Vitamina,96,62.0,84.81213659440256,126.90975189208984,102.98931593095041,6.989315930950411,74bff84c-0733-446b-a298-2f91515a201d
2026-04-20,0ec23038-d3ab-588c-bbd6-1f5c744cdde1,26f7241d-a84e-5e4a-a43d-33eea1e54eea,Vitamina,125,31.0,76.28488981036452,122.87178802490234,94.08711492327956,30.912885076720443,74bff84c-0733-446b-a298-2f91515a201d
2026-04-27,0ec23038-d3ab-588c-bbd6-1f5c744cdde1,26f7241d-a84e-5e4a-a43d-33eea1e54eea,Vitamina,49,91.0,92.78923842463321,129.43692016601562,118.86347624811954,69.86347624811954,74bff84c-0733-446b-a298-2f91515a201d
2026-05-04,0ec23038-d3ab-588c-bbd6-1f5c744cdde1,26f7241d-a84e-5e4a-a43d-33eea1e54eea,Vitamina,73,104.0,96.36518062439143,129.91802978515625,118.91347278442561,45.91347278442561,74bff84c-0733-446b-a298-2f91515a201d
2026-02-16,0ec23038-d3ab-588c-bbd6-1f5c744cdde1,43616d97-2221-569d-82eb-bcc14bcd6344,Vitamina,109,75.0,100.77055875119251,108.30877685546875,119.70581952389759,10.705819523897588,74bff84c-0733-446b-a298-2f91515a201d
2026-02-23,0ec23038-d3ab-588c-bbd6-1f5c744cdde1,43616d97-2221-569d-82eb-bcc14bcd6344,Vitamina,79,101.0,92.14030996064103,116.12261962890625,113.70298352936662,34.70298352936662,74bff84c-0733-446b-a298-2f91515a201d
2026-03-02,0ec23038-d3ab-588c-bbd6-1f5c744cdde1,43616d97-2221-569d-82eb-bcc14bcd6344,Vitamina,82,171.0,66.38525274670907,115.36038208007812,88.97445753491708,6.974457534917079,74bff84c-0733-446b-a298-2f91515a201d
2026-03-09,0ec23038-d3ab-588c-bbd6-1f5c744cdde1,43616d97-2221-569d-82eb-bcc14bcd6344,Vitamina,87,108.0,89.647312512671,130.8752899169922,117.38652264145517,30.386522641455173,74bff84c-0733-446b-a298-2f91515a201d
2026-03-16,0ec23038-d3ab-588c-bbd6-1f5c744cdde1,43616d97-2221-569d-82eb-bcc14bcd6344,Vitamina,53,126.0,83.00370233724144,131.82815551757812,108.95826357076194,55.95826357076194,74bff84c-0733-446b-a298-2f91515a201d
2026-03-23,0ec23038-d3ab-588c-bbd6-1f5c744cdde1,43616d97-2221-569d-82eb-bcc14bcd6344,Vitamina,28,0.0,129.51340766069018,128.16139221191406,154.94049353715502,126.94049353715502,74bff84c-0733-446b-a298-2f91515a201d
2026-03-30,0ec23038-d3ab-588c-bbd6-1f5c744cdde1,43616d97-2221-569d-82eb-bcc14bcd6344,Vitamina,83,55.0,109.2115804672872,131.17025756835938,130.300272178713,47.30027217871299,74bff84c-0733-446b-a298-2f91515a201d
2026-04-06,0ec23038-d3ab-588c-bbd6-1f5c744cdde1,43616d97-2221-569d-82eb-bcc14bcd6344,Vitamina,127,70.0,103.67471763368039,124.45436096191406,124.2247035193005,2.7752964806994953,74bff84c-0733-446b-a298-2f91515a201d
2026-04-13,0ec23038-d3ab-588c-bbd6-1f5c744cdde1,43616d97-2221-569d-82eb-bcc14bcd6344,Vitamina,134,137.0,78.94339520344641,122.39370727539062,93.45796639332679,40.542033606673215,74bff84c-0733-446b-a298-2f91515a201d
2026-04-20,0ec23038-d3ab-588c-bbd6-1f5c744cdde1,43616d97-2221-569d-82eb-bcc14bcd6344,Vitamina,78,86.0,97.76873021734028,124.83424377441406,141.854476982477,63.854476982476996,74bff84c-0733-446b-a298-2f91515a201d
2026-04-27,0ec23038-d3ab-588c-bbd6-1f5c744cdde1,43616d97-2221-569d-82eb-bcc14bcd6344,Vitamina,0,140.0,77.83602255903946,136.0028533935547,108.46194380842911,108.46194380842911,74bff84c-0733-446b-a298-2f91515a201d
2026-05-04,0ec23038-d3ab-588c-bbd6-1f5c744cdde1,43616d97-2221-569d-82eb-bcc14bcd6344,Vitamina,122,100.0,92.60099119503457,133.72164916992188,122.66136640865761,0.6613664086576136,74bff84c-0733-446b-a298-2f91515a201d
2026-02-16,0ec23038-d3ab-588c-bbd6-1f5c744cdde1,7fb983e8-6848-5425-97a2-14da72722d0f,Vitamina,39,40.0,77.35349888570548,61.548301696777344,60.07454914815665,21.07454914815665,74bff84c-0733-446b-a298-2f91515a201d
2026-02-23,0ec23038-d3ab-588c-bbd6-1f5c744cdde1,7fb983e8-6848-5425-97a2-14da72722d0f,Vitamina,121,59.0,81.67634635622807,49.063011169433594,56.53924232180424,64.46075767819576,74bff84c-0733-446b-a298-2f91515a201d
2026-03-02,0ec23038-d3ab-588c-bbd6-1f5c744cdde1,7fb983e8-6848-5425-97a2-14da72722d0f,Vitamina,114,77.0,84.06418821624302,53.30876541137695,62.3400251608231,51.6599748391769,74bff84c-0733-446b-a298-2f91515a201d
2026-03-09,0ec23038-d3ab-588c-bbd6-1f5c744cdde1,7fb983e8-6848-5425-97a2-14da72722d0f,Vitamina,117,139.0,91.95735949197244,47.75900650024414,67.38432520547342,49.61567479452658,74bff84c-0733-446b-a298-2f91515a201d
2026-03-16,0ec23038-d3ab-588c-bbd6-1f5c744cdde1,7fb983e8-6848-5425-97a2-14da72722d0f,Vitamina,36,113.0,88.64967903501562,47.505027770996094,63.97508034116797,27.975080341167967,74bff84c-0733-446b-a298-2f91515a201d
2026-03-23,0ec23038-d3ab-588c-bbd6-1f5c744cdde1,7fb983e8-6848-5425-97a2-14da72722d0f,Vitamina,47,86.0,85.21452631054014,45.30520248413086,61.688597813225684,14.688597813225684,74bff84c-0733-446b-a298-2f91515a201d
2026-03-30,0ec23038-d3ab-588c-bbd6-1f5c744cdde1,7fb983e8-6848-5425-97a2-14da72722d0f,Vitamina,95,0.0,74.27288742126387,43.344154357910156,51.66877670349044,43.33122329650956,74bff84c-0733-446b-a298-2f91515a201d
2026-04-06,0ec23038-d3ab-588c-bbd6-1f5c744cdde1,7fb983e8-6848-5425-97a2-14da72722d0f,Vitamina,117,53.0,81.01599090913825,38.93592071533203,58.753574069538644,58.246425930461356,74bff84c-0733-446b-a298-2f91515a201d
2026-04-13,0ec23038-d3ab-588c-bbd6-1f5c744cdde1,7fb983e8-6848-5425-97a2-14da72722d0f,Vitamina,84,59.0,81.77936111316504,37.8997802734375,56.481141432378905,27.518858567621095,74bff84c-0733-446b-a298-2f91515a201d
2026-04-20,0ec23038-d3ab-588c-bbd6-1f5c744cdde1,7fb983e8-6848-5425-97a2-14da72722d0f,Vitamina,93,91.0,85.85066885857795,35.8597297668457,64.18555350213263,28.814446497867365,74bff84c-0733-446b-a298-2f91515a201d
2026-04-27,0ec23038-d3ab-588c-bbd6-1f5c744cdde1,7fb983e8-6848-5425-97a2-14da72722d0f,Vitamina,81,108.0,88.01355109828476,37.097652435302734,65.642819744525,15.357180255475,74bff84c-0733-446b-a298-2f91515a201d
2026-05-04,0ec23038-d3ab-588c-bbd6-1f5c744cdde1,7fb983e8-6848-5425-97a2-14da72722d0f,Vitamina,15,119.0,89.41306313573932,36.12552261352539,66.35462578832721,51.35462578832721,74bff84c-0733-446b-a298-2f91515a201d
2026-02-16,0ec23038-d3ab-588c-bbd6-1f5c744cdde1,8ecedccf-c230-516b-bbc2-108f7a6fbe63,Vitamina,42,130.0,92.15904236553675,66.4691162109375,84.21284342525965,42.21284342525965,74bff84c-0733-446b-a298-2f91515a201d
2026-02-23,0ec23038-d3ab-588c-bbd6-1f5c744cdde1,8ecedccf-c230-516b-bbc2-108f7a6fbe63,Vitamina,141,115.0,92.21978188178753,43.15646743774414,56.22001457832073,84.77998542167927,74bff84c-0733-446b-a298-2f91515a201d
2026-03-02,0ec23038-d3ab-588c-bbd6-1f5c744cdde1,8ecedccf-c230-516b-bbc2-108f7a6fbe63,Vitamina,62,105.0,91.45766364707316,53.3817138671875,68.85964690818156,6.85964690818156,74bff84c-0733-446b-a298-2f91515a201d
2026-03-09,0ec23038-d3ab-588c-bbd6-1f5c744cdde1,8ecedccf-c230-516b-bbc2-108f7a6fbe63,Vitamina,109,36.0,85.98641087827104,42.61432647705078,56.51066090878862,52.48933909121138,74bff84c-0733-446b-a298-2f91515a201d
2026-03-16,0ec23038-d3ab-588c-bbd6-1f5c744cdde1,8ecedccf-c230-516b-bbc2-108f7a6fbe63,Vitamina,87,60.0,87.88974034287892,43.08002853393555,65.49581753709279,21.50418246290721,74bff84c-0733-446b-a298-2f91515a201d
2026-03-23,0ec23038-d3ab-588c-bbd6-1f5c744cdde1,8ecedccf-c230-516b-bbc2-108f7a6fbe63,Vitamina,129,68.0,88.5241776578456,41.427764892578125,60.37871371436415,68.62128628563585,74bff84c-0733-446b-a298-2f91515a201d
2026-03-30,0ec23038-d3ab-588c-bbd6-1f5c744cdde1,8ecedccf-c230-516b-bbc2-108f7a6fbe63,Vitamina,0,135.0,93.83758626186865,37.248043060302734,69.91569218838232,69.91569218838232,74bff84c-0733-446b-a298-2f91515a201d
2026-04-06,0ec23038-d3ab-588c-bbd6-1f5c744cdde1,8ecedccf-c230-516b-bbc2-108f7a6fbe63,Vitamina,95,144.0,94.55132771487142,33.50456619262695,64.83562756533529,30.164372434664713,74bff84c-0733-446b-a298-2f91515a201d
2026-04-13,0ec23038-d3ab-588c-bbd6-1f5c744cdde1,8ecedccf-c230-516b-bbc2-108f7a6fbe63,Vitamina,115,109.0,91.77566650987052,31.418628692626953,62.68637207627677,52.31362792372323,74bff84c-0733-446b-a298-2f91515a201d
2026-04-20,0ec23038-d3ab-588c-bbd6-1f5c744cdde1,8ecedccf-c230-516b-bbc2-108f7a6fbe63,Vitamina,78,0.0,83.13146447141723,31.493770599365234,57.08981179197387,20.910188208026128,74bff84c-0733-446b-a298-2f91515a201d
2026-04-27,0ec23038-d3ab-588c-bbd6-1f5c744cdde1,8ecedccf-c230-516b-bbc2-108f7a6fbe63,Vitamina,86,108.0,91.69636190401332,33.7529296875,70.10996854769007,15.890031452309927,74bff84c-0733-446b-a298-2f91515a201d
2026-05-04,0ec23038-d3ab-588c-bbd6-1f5c744cdde1,8ecedccf-c230-516b-bbc2-108f7a6fbe63,Vitamina,70,118.0,92.48940796258702,31.80900764465332,67.60916847589269,2.3908315241073126,74bff84c-0733-446b-a298-2f91515a201d
2026-02-16,0ec23038-d3ab-588c-bbd6-1f5c744cdde1,d6f21f11-7533-52dd-a4dc-2fb8e260c02c,Vitamina,73,54.0,79.16635626145664,97.4680404663086,97.05790251084629,24.05790251084629,74bff84c-0733-446b-a298-2f91515a201d
2026-02-23,0ec23038-d3ab-588c-bbd6-1f5c744cdde1,d6f21f11-7533-52dd-a4dc-2fb8e260c02c,Vitamina,111,35.0,87.8762056698764,100.34342956542969,106.75917838716155,4.240821612838445,74bff84c-0733-446b-a298-2f91515a201d
2026-03-02,0ec23038-d3ab-588c-bbd6-1f5c744cdde1,d6f21f11-7533-52dd-a4dc-2fb8e260c02c,Vitamina,89,111.0,53.478626399759335,103.91262817382812,69.41664615226178,19.583353847738223,74bff84c-0733-446b-a298-2f91515a201d
2026-03-09,0ec23038-d3ab-588c-bbd6-1f5c744cdde1,d6f21f11-7533-52dd-a4dc-2fb8e260c02c,Vitamina,0,54.0,79.26169970012981,111.66651153564453,96.92204668499309,96.92204668499309,74bff84c-0733-446b-a298-2f91515a201d
2026-03-16,0ec23038-d3ab-588c-bbd6-1f5c744cdde1,d6f21f11-7533-52dd-a4dc-2fb8e260c02c,Vitamina,72,67.0,73.38107468609888,113.57328033447266,91.84308793072779,19.84308793072779,74bff84c-0733-446b-a298-2f91515a201d
2026-03-23,0ec23038-d3ab-588c-bbd6-1f5c744cdde1,d6f21f11-7533-52dd-a4dc-2fb8e260c02c,Vitamina,104,79.0,67.95532359516106,117.32022857666016,83.94502963458977,20.054970365410227,74bff84c-0733-446b-a298-2f91515a201d
2026-03-30,0ec23038-d3ab-588c-bbd6-1f5c744cdde1,d6f21f11-7533-52dd-a4dc-2fb8e260c02c,Vitamina,110,80.0,67.50298545267721,131.884765625,85.6537880649819,24.346211935018104,74bff84c-0733-446b-a298-2f91515a201d
2026-04-06,0ec23038-d3ab-588c-bbd6-1f5c744cdde1,d6f21f11-7533-52dd-a4dc-2fb8e260c02c,Vitamina,104,0.0,103.6784087121082,127.38463592529297,119.46065148707157,15.460651487071573,74bff84c-0733-446b-a298-2f91515a201d
2026-04-13,0ec23038-d3ab-588c-bbd6-1f5c744cdde1,d6f21f11-7533-52dd-a4dc-2fb8e260c02c,Vitamina,47,69.0,72.47712909275084,118.7286605834961,93.26498805576354,46.26498805576354,74bff84c-0733-446b-a298-2f91515a201d
2026-04-20,0ec23038-d3ab-588c-bbd6-1f5c744cdde1,d6f21f11-7533-52dd-a4dc-2fb8e260c02c,Vitamina,35,79.0,67.9552085824021,120.77001190185547,89.17924384546362,54.17924384546362,74bff84c-0733-446b-a298-2f91515a201d
2026-04-27,0ec23038-d3ab-588c-bbd6-1f5c744cdde1,d6f21f11-7533-52dd-a4dc-2fb8e260c02c,Vitamina,85,87.0,64.33766938990895,125.76744842529297,84.81873895472829,0.18126104527171094,74bff84c-0733-446b-a298-2f91515a201d
2026-05-04,0ec23038-d3ab-588c-bbd6-1f5c744cdde1,d6f21f11-7533-52dd-a4dc-2fb8e260c02c,Vitamina,108,132.0,43.989015475393956,128.06842041015625,66.48478879082364,41.51521120917636,74bff84c-0733-446b-a298-2f91515a201d
2026-02-16,1ca3438e-9e23-58f0-a35f-f15f7a23beb9,26f7241d-a84e-5e4a-a43d-33eea1e54eea,Antifúngico,19,10.0,41.481716139735056,58.58596420288086,43.42768512529261,24.427685125292612,74bff84c-0733-446b-a298-2f91515a201d
2026-02-23,1ca3438e-9e23-58f0-a35f-f15f7a23beb9,26f7241d-a84e-5e4a-a43d-33eea1e54eea,Antifúngico,60,90.0,62.661502902037896,59.39244842529297,64.51925689411858,4.519256894118584,74bff84c-0733-446b-a298-2f91515a201d
2026-03-02,1ca3438e-9e23-58f0-a35f-f15f7a23beb9,26f7241d-a84e-5e4a-a43d-33eea1e54eea,Antifúngico,51,78.0,59.67482327121555,57.29521942138672,61.07285271781742,10.072852717817419,74bff84c-0733-446b-a298-2f91515a201d
2026-03-09,1ca3438e-9e23-58f0-a35f-f15f7a23beb9,26f7241d-a84e-5e4a-a43d-33eea1e54eea,Antifúngico,55,35.0,47.44630197039258,58.737586975097656,47.48836665949237,7.511633340507629,74bff84c-0733-446b-a298-2f91515a201d
2026-03-16,1ca3438e-9e23-58f0-a35f-f15f7a23beb9,26f7241d-a84e-5e4a-a43d-33eea1e54eea,Antifúngico,26,70.0,57.33986913302087,57.65378952026367,58.160444072271815,32.160444072271815,74bff84c-0733-446b-a298-2f91515a201d
2026-03-23,1ca3438e-9e23-58f0-a35f-f15f7a23beb9,26f7241d-a84e-5e4a-a43d-33eea1e54eea,Antifúngico,79,63.0,55.3581682079006,57.761680603027344,57.51339133908041,21.486608660919593,74bff84c-0733-446b-a298-2f91515a201d
2026-03-30,1ca3438e-9e23-58f0-a35f-f15f7a23beb9,26f7241d-a84e-5e4a-a43d-33eea1e54eea,Antifúngico,62,56.0,53.38887723514031,58.8046989440918,55.271057806696405,6.728942193303595,74bff84c-0733-446b-a298-2f91515a201d
2026-04-06,1ca3438e-9e23-58f0-a35f-f15f7a23beb9,26f7241d-a84e-5e4a-a43d-33eea1e54eea,Antifúngico,54,9.0,40.14694900370283,57.14740753173828,40.33248564160509,13.66751435839491,74bff84c-0733-446b-a298-2f91515a201d
2026-04-13,1ca3438e-9e23-58f0-a35f-f15f7a23beb9,26f7241d-a84e-5e4a-a43d-33eea1e54eea,Antifúngico,14,46.0,50.571043252433924,57.319454193115234,51.041592478241114,37.041592478241114,74bff84c-0733-446b-a298-2f91515a201d
2026-04-20,1ca3438e-9e23-58f0-a35f-f15f7a23beb9,26f7241d-a84e-5e4a-a43d-33eea1e54eea,Antifúngico,44,71.0,57.61412337882617,57.28944778442383,58.259296094013244,14.259296094013244,74bff84c-0733-446b-a298-2f91515a201d
2026-04-27,1ca3438e-9e23-58f0-a35f-f15f7a23beb9,26f7241d-a84e-5e4a-a43d-33eea1e54eea,Antifúngico,45,39.0,48.59891337986905,58.81538391113281,50.099520631990025,5.099520631990025,74bff84c-0733-446b-a298-2f91515a201d
2026-05-04,1ca3438e-9e23-58f0-a35f-f15f7a23beb9,26f7241d-a84e-5e4a-a43d-33eea1e54eea,Antifúngico,39,43.0,49.725811367040436,58.81538391113281,50.90542352676944,11.90542352676944,74bff84c-0733-446b-a298-2f91515a201d
2026-02-16,1ca3438e-9e23-58f0-a35f-f15f7a23beb9,43616d97-2221-569d-82eb-bcc14bcd6344,Antifúngico,38,82.0,54.64438169026998,58.77521514892578,59.62397258306173,21.62397258306173,74bff84c-0733-446b-a298-2f91515a201d
2026-02-23,1ca3438e-9e23-58f0-a35f-f15f7a23beb9,43616d97-2221-569d-82eb-bcc14bcd6344,Antifúngico,81,19.0,40.746484031730304,58.71226501464844,46.079942932181964,34.920057067818036,74bff84c-0733-446b-a298-2f91515a201d
2026-03-02,1ca3438e-9e23-58f0-a35f-f15f7a23beb9,43616d97-2221-569d-82eb-bcc14bcd6344,Antifúngico,10,95.0,57.28602647409587,60.40916061401367,62.303528781987715,52.303528781987715,74bff84c-0733-446b-a298-2f91515a201d
2026-03-09,1ca3438e-9e23-58f0-a35f-f15f7a23beb9,43616d97-2221-569d-82eb-bcc14bcd6344,Antifúngico,59,57.0,49.01799478002857,62.112483978271484,54.87400092550587,4.125999074494132,74bff84c-0733-446b-a298-2f91515a201d
2026-03-16,1ca3438e-9e23-58f0-a35f-f15f7a23beb9,43616d97-2221-569d-82eb-bcc14bcd6344,Antifúngico,72,43.0,45.971904438189014,64.58671569824219,51.67570988481377,20.32429011518623,74bff84c-0733-446b-a298-2f91515a201d
2026-03-23,1ca3438e-9e23-58f0-a35f-f15f7a23beb9,43616d97-2221-569d-82eb-bcc14bcd6344,Antifúngico,45,16.0,40.09729909752317,62.110572814941406,45.60317993019529,0.6031799301952887,74bff84c-0733-446b-a298-2f91515a201d
2026-03-30,1ca3438e-9e23-58f0-a35f-f15f7a23beb9,43616d97-2221-569d-82eb-bcc14bcd6344,Antifúngico,26,55.0,48.58284010987708,64.33802795410156,54.34911646943519,28.349116469435188,74bff84c-0733-446b-a298-2f91515a201d
2026-04-06,1ca3438e-9e23-58f0-a35f-f15f7a23beb9,43616d97-2221-569d-82eb-bcc14bcd6344,Antifúngico,40,51.0,47.71252821121338,64.5408935546875,52.647758466340335,12.647758466340335,74bff84c-0733-446b-a298-2f91515a201d
2026-04-13,1ca3438e-9e23-58f0-a35f-f15f7a23beb9,43616d97-2221-569d-82eb-bcc14bcd6344,Antifúngico,42,40.0,45.319170489912906,67.2804183959961,50.13431836665241,8.134318366652408,74bff84c-0733-446b-a298-2f91515a201d
2026-04-20,1ca3438e-9e23-58f0-a35f-f15f7a23beb9,43616d97-2221-569d-82eb-bcc14bcd6344,Antifúngico,46,42.0,45.754326439240295,68.16329956054688,50.7413755420235,4.741375542023498,74bff84c-0733-446b-a298-2f91515a201d
2026-04-27,1ca3438e-9e23-58f0-a35f-f15f7a23beb9,43616d97-2221-569d-82eb-bcc14bcd6344,Antifúngico,44,26.0,42.273078844621175,71.06858825683594,47.80559675462484,3.805596754624837,74bff84c-0733-446b-a298-2f91515a201d
2026-05-04,1ca3438e-9e23-58f0-a35f-f15f7a23beb9,43616d97-2221-569d-82eb-bcc14bcd6344,Antifúngico,35,27.0,42.49065681928487,74.23932647705078,47.73638578885885,12.736385788858847,74bff84c-0733-446b-a298-2f91515a201d
2026-02-16,1ca3438e-9e23-58f0-a35f-f15f7a23beb9,7fb983e8-6848-5425-97a2-14da72722d0f,Antifúngico,48,47.0,59.31518945089484,42.106346130371094,53.824893087064275,5.824893087064275,74bff84c-0733-446b-a298-2f91515a201d
2026-02-23,1ca3438e-9e23-58f0-a35f-f15f7a23beb9,7fb983e8-6848-5425-97a2-14da72722d0f,Antifúngico,33,44.0,48.428959035428306,38.56562423706055,36.97041716531112,3.970417165311119,74bff84c-0733-446b-a298-2f91515a201d
2026-03-02,1ca3438e-9e23-58f0-a35f-f15f7a23beb9,7fb983e8-6848-5425-97a2-14da72722d0f,Antifúngico,59,63.0,48.011757189583555,39.84473419189453,41.740376765084044,17.259623234915956,74bff84c-0733-446b-a298-2f91515a201d
2026-03-09,1ca3438e-9e23-58f0-a35f-f15f7a23beb9,7fb983e8-6848-5425-97a2-14da72722d0f,Antifúngico,80,32.0,54.17134895301083,33.877254486083984,46.36090841269711,33.63909158730289,74bff84c-0733-446b-a298-2f91515a201d
2026-03-16,1ca3438e-9e23-58f0-a35f-f15f7a23beb9,7fb983e8-6848-5425-97a2-14da72722d0f,Antifúngico,40,38.0,53.27425529380471,34.11702346801758,43.785464781719746,3.785464781719746,74bff84c-0733-446b-a298-2f91515a201d
2026-03-23,1ca3438e-9e23-58f0-a35f-f15f7a23beb9,7fb983e8-6848-5425-97a2-14da72722d0f,Antifúngico,19,65.0,46.25961153679231,33.001708984375,38.44917099647859,19.449170996478593,74bff84c-0733-446b-a298-2f91515a201d
2026-03-30,1ca3438e-9e23-58f0-a35f-f15f7a23beb9,7fb983e8-6848-5425-97a2-14da72722d0f,Antifúngico,55,38.0,53.131170000515596,33.221561431884766,45.79307433553757,9.206925664462432,74bff84c-0733-446b-a298-2f91515a201d
2026-04-06,1ca3438e-9e23-58f0-a35f-f15f7a23beb9,7fb983e8-6848-5425-97a2-14da72722d0f,Antifúngico,37,43.0,51.84245665535999,30.101526260375977,42.80453665719104,5.8045366571910435,74bff84c-0733-446b-a298-2f91515a201d
2026-04-13,1ca3438e-9e23-58f0-a35f-f15f7a23beb9,7fb983e8-6848-5425-97a2-14da72722d0f,Antifúngico,30,37.0,53.362443787409866,29.491823196411133,44.879098755671585,14.879098755671585,74bff84c-0733-446b-a298-2f91515a201d
2026-04-20,1ca3438e-9e23-58f0-a35f-f15f7a23beb9,7fb983e8-6848-5425-97a2-14da72722d0f,Antifúngico,61,20.0,57.63057077331257,28.255054473876953,49.30129754943562,11.698702450564383,74bff84c-0733-446b-a298-2f91515a201d
2026-04-27,1ca3438e-9e23-58f0-a35f-f15f7a23beb9,7fb983e8-6848-5425-97a2-14da72722d0f,Antifúngico,44,45.0,51.3489871647363,30.139860153198242,40.706445279360324,3.2935547206396762,74bff84c-0733-446b-a298-2f91515a201d
2026-05-04,1ca3438e-9e23-58f0-a35f-f15f7a23beb9,7fb983e8-6848-5425-97a2-14da72722d0f,Antifúngico,26,51.0,49.84037334510357,29.399137496948242,41.77306301185162,15.773063011851619,74bff84c-0733-446b-a298-2f91515a201d
2026-02-16,1ca3438e-9e23-58f0-a35f-f15f7a23beb9,8ecedccf-c230-516b-bbc2-108f7a6fbe63,Antifúngico,49,75.0,44.73679079801995,55.74715042114258,49.29596390516717,0.2959639051671701,74bff84c-0733-446b-a298-2f91515a201d
2026-02-23,1ca3438e-9e23-58f0-a35f-f15f7a23beb9,8ecedccf-c230-516b-bbc2-108f7a6fbe63,Antifúngico,62,61.0,47.0198880545625,58.01190185546875,52.44540084524243,9.554599154757568,74bff84c-0733-446b-a298-2f91515a201d
2026-03-02,1ca3438e-9e23-58f0-a35f-f15f7a23beb9,8ecedccf-c230-516b-bbc2-108f7a6fbe63,Antifúngico,20,67.0,46.23358658532067,60.02351379394531,52.054951941765985,32.054951941765985,74bff84c-0733-446b-a298-2f91515a201d
2026-03-09,1ca3438e-9e23-58f0-a35f-f15f7a23beb9,8ecedccf-c230-516b-bbc2-108f7a6fbe63,Antifúngico,74,6.0,52.78236455855605,58.549259185791016,58.193903636314836,15.806096363685164,74bff84c-0733-446b-a298-2f91515a201d
2026-03-16,1ca3438e-9e23-58f0-a35f-f15f7a23beb9,8ecedccf-c230-516b-bbc2-108f7a6fbe63,Antifúngico,71,73.0,45.61381875061458,58.73070526123047,51.357365713352614,19.642634286647386,74bff84c-0733-446b-a298-2f91515a201d
2026-03-23,1ca3438e-9e23-58f0-a35f-f15f7a23beb9,8ecedccf-c230-516b-bbc2-108f7a6fbe63,Antifúngico,46,49.0,48.18080147407292,58.73070526123047,53.02563723228215,7.0256372322821505,74bff84c-0733-446b-a298-2f91515a201d
2026-03-30,1ca3438e-9e23-58f0-a35f-f15f7a23beb9,8ecedccf-c230-516b-bbc2-108f7a6fbe63,Antifúngico,22,56.0,47.43219538819158,64.12686157226562,53.771987162941336,31.771987162941336,74bff84c-0733-446b-a298-2f91515a201d
2026-04-06,1ca3438e-9e23-58f0-a35f-f15f7a23beb9,8ecedccf-c230-516b-bbc2-108f7a6fbe63,Antifúngico,62,21.0,51.17442400840661,62.5794563293457,55.85053427604577,6.149465723954229,74bff84c-0733-446b-a298-2f91515a201d
2026-04-13,1ca3438e-9e23-58f0-a35f-f15f7a23beb9,8ecedccf-c230-516b-bbc2-108f7a6fbe63,Antifúngico,44,55.0,47.53914034371043,63.81303787231445,52.320866227194315,8.320866227194315,74bff84c-0733-446b-a298-2f91515a201d
2026-04-20,1ca3438e-9e23-58f0-a35f-f15f7a23beb9,8ecedccf-c230-516b-bbc2-108f7a6fbe63,Antifúngico,48,43.0,48.82218068413769,65.317626953125,53.676626618433346,5.676626618433346,74bff84c-0733-446b-a298-2f91515a201d
2026-04-27,1ca3438e-9e23-58f0-a35f-f15f7a23beb9,8ecedccf-c230-516b-bbc2-108f7a6fbe63,Antifúngico,31,47.0,48.39450072576925,68.76606750488281,53.910449975036826,22.910449975036826,74bff84c-0733-446b-a298-2f91515a201d
2026-05-04,1ca3438e-9e23-58f0-a35f-f15f7a23beb9,8ecedccf-c230-516b-bbc2-108f7a6fbe63,Antifúngico,24,43.0,48.82218052793355,69.77999114990234,54.296026009806106,30.296026009806106,74bff84c-0733-446b-a298-2f91515a201d
2026-02-16,1ca3438e-9e23-58f0-a35f-f15f7a23beb9,d6f21f11-7533-52dd-a4dc-2fb8e260c02c,Antifúngico,38,11.0,36.88411044021757,51.310821533203125,43.108378876649454,5.108378876649454,74bff84c-0733-446b-a298-2f91515a201d
2026-02-23,1ca3438e-9e23-58f0-a35f-f15f7a23beb9,d6f21f11-7533-52dd-a4dc-2fb8e260c02c,Antifúngico,56,61.0,41.876964372103004,50.452022552490234,47.79870776504734,8.20129223495266,74bff84c-0733-446b-a298-2f91515a201d
2026-03-02,1ca3438e-9e23-58f0-a35f-f15f7a23beb9,d6f21f11-7533-52dd-a4dc-2fb8e260c02c,Antifúngico,65,80.0,43.813063802860256,49.735328674316406,49.72371310248184,15.276286897518162,74bff84c-0733-446b-a298-2f91515a201d
2026-03-09,1ca3438e-9e23-58f0-a35f-f15f7a23beb9,d6f21f11-7533-52dd-a4dc-2fb8e260c02c,Antifúngico,24,37.0,39.441170507429995,55.0975227355957,45.282632642744936,21.282632642744936,74bff84c-0733-446b-a298-2f91515a201d
2026-03-16,1ca3438e-9e23-58f0-a35f-f15f7a23beb9,d6f21f11-7533-52dd-a4dc-2fb8e260c02c,Antifúngico,41,21.0,37.81451075658757,51.56672286987305,43.64206641302068,2.642066413020679,74bff84c-0733-446b-a298-2f91515a201d
2026-03-23,1ca3438e-9e23-58f0-a35f-f15f7a23beb9,d6f21f11-7533-52dd-a4dc-2fb8e260c02c,Antifúngico,42,48.0,40.55951646367842,51.06125259399414,46.35789636174971,4.3578963617497095,74bff84c-0733-446b-a298-2f91515a201d
2026-03-30,1ca3438e-9e23-58f0-a35f-f15f7a23beb9,d6f21f11-7533-52dd-a4dc-2fb8e260c02c,Antifúngico,46,42.0,39.94951510550154,52.4949951171875,46.23092723013533,0.2309272301353289,74bff84c-0733-446b-a298-2f91515a201d
2026-04-06,1ca3438e-9e23-58f0-a35f-f15f7a23beb9,d6f21f11-7533-52dd-a4dc-2fb8e260c02c,Antifúngico,32,44.0,40.15284889878369,56.15165328979492,45.3253409260664,13.325340926066403,74bff84c-0733-446b-a298-2f91515a201d
2026-04-13,1ca3438e-9e23-58f0-a35f-f15f7a23beb9,d6f21f11-7533-52dd-a4dc-2fb8e260c02c,Antifúngico,32,40.0,39.74618130979436,55.67647171020508,44.918673337077074,12.918673337077074,74bff84c-0733-446b-a298-2f91515a201d
2026-04-20,1ca3438e-9e23-58f0-a35f-f15f7a23beb9,d6f21f11-7533-52dd-a4dc-2fb8e260c02c,Antifúngico,33,28.0,38.52617854264091,56.334449768066406,43.805726710823286,10.805726710823286,74bff84c-0733-446b-a298-2f91515a201d
2026-04-27,1ca3438e-9e23-58f0-a35f-f15f7a23beb9,d6f21f11-7533-52dd-a4dc-2fb8e260c02c,Antifúngico,30,46.0,40.35618269336676,59.828880310058594,46.23470985782599,16.23470985782599,74bff84c-0733-446b-a298-2f91515a201d
2026-05-04,1ca3438e-9e23-58f0-a35f-f15f7a23beb9,d6f21f11-7533-52dd-a4dc-2fb8e260c02c,Antifúngico,29,38.0,39.542847515266445,61.86778259277344,45.40755212418368,16.40755212418368,74bff84c-0733-446b-a298-2f91515a201d
2026-02-16,1e9605fd-5682-52b6-8f05-e8a92dd44513,26f7241d-a84e-5e4a-a43d-33eea1e54eea,Antivertiginoso,27,27.0,20.521719027986496,9.22864055633545,6.603866626253097,20.396133373746903,74bff84c-0733-446b-a298-2f91515a201d
2026-02-23,1e9605fd-5682-52b6-8f05-e8a92dd44513,26f7241d-a84e-5e4a-a43d-33eea1e54eea,Antivertiginoso,26,25.0,21.048195753763608,12.344894409179688,17.489315901468686,8.510684098531314,74bff84c-0733-446b-a298-2f91515a201d
2026-03-02,1e9605fd-5682-52b6-8f05-e8a92dd44513,26f7241d-a84e-5e4a-a43d-33eea1e54eea,Antivertiginoso,34,4.0,20.93629030107399,9.824722290039062,10.632514513720473,23.367485486279527,74bff84c-0733-446b-a298-2f91515a201d
2026-03-09,1e9605fd-5682-52b6-8f05-e8a92dd44513,26f7241d-a84e-5e4a-a43d-33eea1e54eea,Antivertiginoso,29,31.0,21.034028867512067,11.630696296691895,12.448470929889996,16.551529070110004,74bff84c-0733-446b-a298-2f91515a201d
2026-03-16,1e9605fd-5682-52b6-8f05-e8a92dd44513,26f7241d-a84e-5e4a-a43d-33eea1e54eea,Antivertiginoso,0,20.0,20.99511895120849,9.556148529052734,11.520223473913568,11.520223473913568,74bff84c-0733-446b-a298-2f91515a201d
2026-03-23,1e9605fd-5682-52b6-8f05-e8a92dd44513,26f7241d-a84e-5e4a-a43d-33eea1e54eea,Antivertiginoso,23,24.0,21.00921167982367,11.630696296691895,11.82565798414496,11.17434201585504,74bff84c-0733-446b-a298-2f91515a201d
2026-03-30,1e9605fd-5682-52b6-8f05-e8a92dd44513,26f7241d-a84e-5e4a-a43d-33eea1e54eea,Antivertiginoso,32,41.0,21.069046501813023,10.610001564025879,12.781618599591344,19.218381400408656,74bff84c-0733-446b-a298-2f91515a201d
2026-04-06,1e9605fd-5682-52b6-8f05-e8a92dd44513,26f7241d-a84e-5e4a-a43d-33eea1e54eea,Antivertiginoso,12,21.0,20.99865151400213,9.187570571899414,11.251955041834162,0.7480449581658384,74bff84c-0733-446b-a298-2f91515a201d
2026-04-13,1e9605fd-5682-52b6-8f05-e8a92dd44513,26f7241d-a84e-5e4a-a43d-33eea1e54eea,Antivertiginoso,25,3.0,20.935295957420994,11.055140495300293,11.078373807762791,13.921626192237209,74bff84c-0733-446b-a298-2f91515a201d
2026-04-20,1e9605fd-5682-52b6-8f05-e8a92dd44513,26f7241d-a84e-5e4a-a43d-33eea1e54eea,Antivertiginoso,23,19.0,20.991612003665526,9.425849914550781,11.540504978519042,11.459495021480958,74bff84c-0733-446b-a298-2f91515a201d
2026-04-27,1e9605fd-5682-52b6-8f05-e8a92dd44513,26f7241d-a84e-5e4a-a43d-33eea1e54eea,Antivertiginoso,21,28.0,21.023289779454583,13.215446472167969,12.528494933873528,8.471505066126472,74bff84c-0733-446b-a298-2f91515a201d
2026-05-04,1e9605fd-5682-52b6-8f05-e8a92dd44513,26f7241d-a84e-5e4a-a43d-33eea1e54eea,Antivertiginoso,3,49.0,21.09720458968943,11.552328109741211,12.602409744108375,9.602409744108375,74bff84c-0733-446b-a298-2f91515a201d
2026-02-16,1e9605fd-5682-52b6-8f05-e8a92dd44513,43616d97-2221-569d-82eb-bcc14bcd6344,Antivertiginoso,37,27.0,19.74389824103813,24.642683029174805,24.987426607127,12.012573392873001,74bff84c-0733-446b-a298-2f91515a201d
2026-02-23,1e9605fd-5682-52b6-8f05-e8a92dd44513,43616d97-2221-569d-82eb-bcc14bcd6344,Antivertiginoso,29,18.0,19.61052762575963,24.642683029174805,24.71655379839757,4.28344620160243,74bff84c-0733-446b-a298-2f91515a201d
2026-03-02,1e9605fd-5682-52b6-8f05-e8a92dd44513,43616d97-2221-569d-82eb-bcc14bcd6344,Antivertiginoso,19,35.0,19.952015749827194,24.504878997802734,25.130346648112106,6.130346648112106,74bff84c-0733-446b-a298-2f91515a201d
2026-03-09,1e9605fd-5682-52b6-8f05-e8a92dd44513,43616d97-2221-569d-82eb-bcc14bcd6344,Antivertiginoso,5,17.0,19.591956986797527,25.975143432617188,24.606017484081462,19.606017484081462,74bff84c-0733-446b-a298-2f91515a201d
2026-03-16,1e9605fd-5682-52b6-8f05-e8a92dd44513,43616d97-2221-569d-82eb-bcc14bcd6344,Antivertiginoso,21,25.0,19.752002829673742,26.5753116607666,24.31840478813932,3.3184047881393184,74bff84c-0733-446b-a298-2f91515a201d
2026-03-23,1e9605fd-5682-52b6-8f05-e8a92dd44513,43616d97-2221-569d-82eb-bcc14bcd6344,Antivertiginoso,28,18.0,19.611963840466952,26.865009307861328,24.21824750517032,3.7817524948296786,74bff84c-0733-446b-a298-2f91515a201d
2026-03-30,1e9605fd-5682-52b6-8f05-e8a92dd44513,43616d97-2221-569d-82eb-bcc14bcd6344,Antivertiginoso,30,9.0,19.431913664949768,27.781055450439453,24.819120696199768,5.180879303800232,74bff84c-0733-446b-a298-2f91515a201d
2026-04-06,1e9605fd-5682-52b6-8f05-e8a92dd44513,43616d97-2221-569d-82eb-bcc14bcd6344,Antivertiginoso,18,21.0,19.671980567147138,26.220821380615234,23.967059321572187,5.9670593215721865,74bff84c-0733-446b-a298-2f91515a201d
2026-04-13,1e9605fd-5682-52b6-8f05-e8a92dd44513,43616d97-2221-569d-82eb-bcc14bcd6344,Antivertiginoso,11,28.0,19.812019593410664,27.091205596923828,23.815323121242695,12.815323121242695,74bff84c-0733-446b-a298-2f91515a201d
2026-04-20,1e9605fd-5682-52b6-8f05-e8a92dd44513,43616d97-2221-569d-82eb-bcc14bcd6344,Antivertiginoso,18,36.0,19.972064194853598,27.762725830078125,24.341301617796713,6.341301617796713,74bff84c-0733-446b-a298-2f91515a201d
2026-04-27,1e9605fd-5682-52b6-8f05-e8a92dd44513,43616d97-2221-569d-82eb-bcc14bcd6344,Antivertiginoso,27,22.0,19.691986142328517,30.3801212310791,25.11807685964419,1.8819231403558092,74bff84c-0733-446b-a298-2f91515a201d
2026-05-04,1e9605fd-5682-52b6-8f05-e8a92dd44513,43616d97-2221-569d-82eb-bcc14bcd6344,Antivertiginoso,24,11.0,19.471924815344526,32.59197235107422,25.220298323797895,1.2202983237978948,74bff84c-0733-446b-a298-2f91515a201d
2026-02-16,1e9605fd-5682-52b6-8f05-e8a92dd44513,7fb983e8-6848-5425-97a2-14da72722d0f,Antivertiginoso,35,10.0,23.26030043200597,23.64830780029297,27.4627325876151,7.5372674123848995,74bff84c-0733-446b-a298-2f91515a201d
2026-02-23,1e9605fd-5682-52b6-8f05-e8a92dd44513,7fb983e8-6848-5425-97a2-14da72722d0f,Antivertiginoso,0,21.0,18.863672849140567,24.049440383911133,21.946272250614566,21.946272250614566,74bff84c-0733-446b-a298-2f91515a201d
2026-03-02,1e9605fd-5682-52b6-8f05-e8a92dd44513,7fb983e8-6848-5425-97a2-14da72722d0f,Antivertiginoso,16,23.0,18.06343597595402,25.476558685302734,21.010110799715008,5.010110799715008,74bff84c-0733-446b-a298-2f91515a201d
2026-03-09,1e9605fd-5682-52b6-8f05-e8a92dd44513,7fb983e8-6848-5425-97a2-14da72722d0f,Antivertiginoso,20,20.0,19.2638184593545,25.34579086303711,22.309649662815193,2.3096496628151932,74bff84c-0733-446b-a298-2f91515a201d
2026-03-16,1e9605fd-5682-52b6-8f05-e8a92dd44513,7fb983e8-6848-5425-97a2-14da72722d0f,Antivertiginoso,18,24.0,17.663308572931353,25.956125259399414,20.66925854699141,2.6692585469914114,74bff84c-0733-446b-a298-2f91515a201d
2026-03-23,1e9605fd-5682-52b6-8f05-e8a92dd44513,7fb983e8-6848-5425-97a2-14da72722d0f,Antivertiginoso,23,17.0,20.46420087462579,25.956125259399414,23.763963600455867,0.7639636004558668,74bff84c-0733-446b-a298-2f91515a201d
2026-03-30,1e9605fd-5682-52b6-8f05-e8a92dd44513,7fb983e8-6848-5425-97a2-14da72722d0f,Antivertiginoso,27,26.0,16.86305362959135,27.427654266357422,21.23234016676176,5.767659833238241,74bff84c-0733-446b-a298-2f91515a201d
2026-04-06,1e9605fd-5682-52b6-8f05-e8a92dd44513,7fb983e8-6848-5425-97a2-14da72722d0f,Antivertiginoso,12,0.0,27.26636789302418,25.792428970336914,29.749057512088513,17.749057512088513,74bff84c-0733-446b-a298-2f91515a201d
2026-04-13,1e9605fd-5682-52b6-8f05-e8a92dd44513,7fb983e8-6848-5425-97a2-14da72722d0f,Antivertiginoso,17,15.0,21.264455817966777,25.654624938964844,23.703538202076274,6.703538202076274,74bff84c-0733-446b-a298-2f91515a201d
2026-04-20,1e9605fd-5682-52b6-8f05-e8a92dd44513,7fb983e8-6848-5425-97a2-14da72722d0f,Antivertiginoso,22,15.0,21.264455817966777,26.413131713867188,23.835421823292094,1.8354218232920942,74bff84c-0733-446b-a298-2f91515a201d
2026-04-27,1e9605fd-5682-52b6-8f05-e8a92dd44513,7fb983e8-6848-5425-97a2-14da72722d0f,Antivertiginoso,17,27.0,16.462926157920855,29.058673858642578,20.604105719535845,3.604105719535845,74bff84c-0733-446b-a298-2f91515a201d
2026-05-04,1e9605fd-5682-52b6-8f05-e8a92dd44513,7fb983e8-6848-5425-97a2-14da72722d0f,Antivertiginoso,22,27.0,16.462926157920855,31.27053451538086,21.399409064262407,0.6005909357375927,74bff84c-0733-446b-a298-2f91515a201d
2026-02-16,1e9605fd-5682-52b6-8f05-e8a92dd44513,8ecedccf-c230-516b-bbc2-108f7a6fbe63,Antivertiginoso,21,5.0,17.593413889706646,13.298543930053711,13.442275584042584,7.557724415957416,74bff84c-0733-446b-a298-2f91515a201d
2026-02-23,1e9605fd-5682-52b6-8f05-e8a92dd44513,8ecedccf-c230-516b-bbc2-108f7a6fbe63,Antivertiginoso,20,14.0,18.04841305803178,9.867288589477539,8.778519411791546,11.221480588208454,74bff84c-0733-446b-a298-2f91515a201d
2026-03-02,1e9605fd-5682-52b6-8f05-e8a92dd44513,8ecedccf-c230-516b-bbc2-108f7a6fbe63,Antivertiginoso,34,23.0,18.648639133654502,11.804030418395996,14.222825458727744,19.777174541272256,74bff84c-0733-446b-a298-2f91515a201d
2026-03-09,1e9605fd-5682-52b6-8f05-e8a92dd44513,8ecedccf-c230-516b-bbc2-108f7a6fbe63,Antivertiginoso,20,21.0,18.515620435381805,9.736520767211914,8.952550138140595,11.047449861859405,74bff84c-0733-446b-a298-2f91515a201d
2026-03-16,1e9605fd-5682-52b6-8f05-e8a92dd44513,8ecedccf-c230-516b-bbc2-108f7a6fbe63,Antivertiginoso,21,13.0,17.98362995612386,11.673262596130371,13.689346089241536,7.3106539107584645,74bff84c-0733-446b-a298-2f91515a201d
2026-03-23,1e9605fd-5682-52b6-8f05-e8a92dd44513,8ecedccf-c230-516b-bbc2-108f7a6fbe63,Antivertiginoso,7,22.0,18.582119528320245,9.736520767211914,9.38386017468255,2.3838601746825496,74bff84c-0733-446b-a298-2f91515a201d
2026-03-30,1e9605fd-5682-52b6-8f05-e8a92dd44513,8ecedccf-c230-516b-bbc2-108f7a6fbe63,Antivertiginoso,17,17.0,18.24962531987187,12.311674118041992,15.142250890169112,1.8577491098308876,74bff84c-0733-446b-a298-2f91515a201d
2026-04-06,1e9605fd-5682-52b6-8f05-e8a92dd44513,8ecedccf-c230-516b-bbc2-108f7a6fbe63,Antivertiginoso,33,7.0,17.58463690290018,9.017340660095215,7.411361909003695,25.588638090996305,74bff84c-0733-446b-a298-2f91515a201d
2026-04-13,1e9605fd-5682-52b6-8f05-e8a92dd44513,8ecedccf-c230-516b-bbc2-108f7a6fbe63,Antivertiginoso,24,27.0,18.914613736842668,10.884910583496094,14.360673440669572,9.639326559330428,74bff84c-0733-446b-a298-2f91515a201d
2026-04-20,1e9605fd-5682-52b6-8f05-e8a92dd44513,8ecedccf-c230-516b-bbc2-108f7a6fbe63,Antivertiginoso,20,15.0,18.11662763647718,9.255620002746582,8.610934200808234,11.389065799191766,74bff84c-0733-446b-a298-2f91515a201d
2026-04-27,1e9605fd-5682-52b6-8f05-e8a92dd44513,8ecedccf-c230-516b-bbc2-108f7a6fbe63,Antivertiginoso,24,14.0,18.050128794780054,13.7687349319458,14.392565346827784,9.607434653172216,74bff84c-0733-446b-a298-2f91515a201d
2026-05-04,1e9605fd-5682-52b6-8f05-e8a92dd44513,8ecedccf-c230-516b-bbc2-108f7a6fbe63,Antivertiginoso,0,19.0,18.382623003265675,11.901165008544922,9.419022844574268,9.419022844574268,74bff84c-0733-446b-a298-2f91515a201d
2026-02-16,1e9605fd-5682-52b6-8f05-e8a92dd44513,d6f21f11-7533-52dd-a4dc-2fb8e260c02c,Antivertiginoso,24,1.0,14.905733536223984,23.222763061523438,20.07124037597618,3.9287596240238187,74bff84c-0733-446b-a298-2f91515a201d
2026-02-23,1e9605fd-5682-52b6-8f05-e8a92dd44513,d6f21f11-7533-52dd-a4dc-2fb8e260c02c,Antivertiginoso,17,34.0,20.770141909060367,22.965065002441406,25.770866224703678,8.770866224703678,74bff84c-0733-446b-a298-2f91515a201d
2026-03-02,1e9605fd-5682-52b6-8f05-e8a92dd44513,d6f21f11-7533-52dd-a4dc-2fb8e260c02c,Antivertiginoso,20,22.0,18.66091900447464,23.102869033813477,23.698411279712676,3.6984112797126762,74bff84c-0733-446b-a298-2f91515a201d
2026-03-09,1e9605fd-5682-52b6-8f05-e8a92dd44513,d6f21f11-7533-52dd-a4dc-2fb8e260c02c,Antivertiginoso,8,19.0,18.134620603493143,22.97210121154785,23.046737131050516,15.046737131050516,74bff84c-0733-446b-a298-2f91515a201d
2026-03-16,1e9605fd-5682-52b6-8f05-e8a92dd44513,d6f21f11-7533-52dd-a4dc-2fb8e260c02c,Antivertiginoso,16,20.0,18.31009859644317,22.97210121154785,23.130249448646538,7.130249448646538,74bff84c-0733-446b-a298-2f91515a201d
2026-03-23,1e9605fd-5682-52b6-8f05-e8a92dd44513,d6f21f11-7533-52dd-a4dc-2fb8e260c02c,Antivertiginoso,18,16.0,17.608157789927773,23.207246780395508,22.137452280741982,4.137452280741982,74bff84c-0733-446b-a298-2f91515a201d
2026-03-30,1e9605fd-5682-52b6-8f05-e8a92dd44513,d6f21f11-7533-52dd-a4dc-2fb8e260c02c,Antivertiginoso,19,10.0,16.55524605780171,25.70230484008789,21.920661630921828,2.9206616309218276,74bff84c-0733-446b-a298-2f91515a201d
2026-04-06,1e9605fd-5682-52b6-8f05-e8a92dd44513,d6f21f11-7533-52dd-a4dc-2fb8e260c02c,Antivertiginoso,23,13.0,17.08170191676622,24.067079544067383,21.10305134685045,1.8969486531495505,74bff84c-0733-446b-a298-2f91515a201d
2026-04-13,1e9605fd-5682-52b6-8f05-e8a92dd44513,d6f21f11-7533-52dd-a4dc-2fb8e260c02c,Antivertiginoso,18,19.0,18.13461363321224,24.067079544067383,22.15596306329647,4.155963063296468,74bff84c-0733-446b-a298-2f91515a201d
2026-04-20,1e9605fd-5682-52b6-8f05-e8a92dd44513,d6f21f11-7533-52dd-a4dc-2fb8e260c02c,Antivertiginoso,22,19.0,18.134613633213796,25.454633712768555,22.81275284296111,0.8127528429611104,74bff84c-0733-446b-a298-2f91515a201d
2026-04-27,1e9605fd-5682-52b6-8f05-e8a92dd44513,d6f21f11-7533-52dd-a4dc-2fb8e260c02c,Antivertiginoso,26,23.0,18.83655477753345,28.655658721923828,24.571547281653324,1.4284527183466764,74bff84c-0733-446b-a298-2f91515a201d
2026-05-04,1e9605fd-5682-52b6-8f05-e8a92dd44513,d6f21f11-7533-52dd-a4dc-2fb8e260c02c,Antivertiginoso,1,23.0,18.836554777533454,28.655658721923828,24.51639438858692,23.51639438858692,74bff84c-0733-446b-a298-2f91515a201d
2026-02-16,2082733c-4e17-51fe-bc8c-bf33d3ec5d7e,26f7241d-a84e-5e4a-a43d-33eea1e54eea,Antiulceroso,54,33.0,54.115274431627185,59.450477600097656,55.288237454812915,1.288237454812915,74bff84c-0733-446b-a298-2f91515a201d
2026-02-23,2082733c-4e17-51fe-bc8c-bf33d3ec5d7e,26f7241d-a84e-5e4a-a43d-33eea1e54eea,Antiulceroso,55,44.0,58.522840043245814,60.507869720458984,60.59412529104855,5.594125291048549,74bff84c-0733-446b-a298-2f91515a201d
2026-03-02,2082733c-4e17-51fe-bc8c-bf33d3ec5d7e,26f7241d-a84e-5e4a-a43d-33eea1e54eea,Antiulceroso,57,46.0,57.68877767684389,56.675689697265625,59.070655337595234,2.070655337595234,74bff84c-0733-446b-a298-2f91515a201d
2026-03-09,2082733c-4e17-51fe-bc8c-bf33d3ec5d7e,26f7241d-a84e-5e4a-a43d-33eea1e54eea,Antiulceroso,43,38.0,57.58907920938962,60.779449462890625,59.46219975573056,16.46219975573056,74bff84c-0733-446b-a298-2f91515a201d
2026-03-16,2082733c-4e17-51fe-bc8c-bf33d3ec5d7e,26f7241d-a84e-5e4a-a43d-33eea1e54eea,Antiulceroso,62,57.0,58.27304194640966,59.52816390991211,59.88910208415838,2.110897915841619,74bff84c-0733-446b-a298-2f91515a201d
2026-03-23,2082733c-4e17-51fe-bc8c-bf33d3ec5d7e,26f7241d-a84e-5e4a-a43d-33eea1e54eea,Antiulceroso,51,47.0,57.89888071479313,60.8914680480957,60.11278151931278,9.112781519312783,74bff84c-0733-446b-a298-2f91515a201d
2026-03-30,2082733c-4e17-51fe-bc8c-bf33d3ec5d7e,26f7241d-a84e-5e4a-a43d-33eea1e54eea,Antiulceroso,55,71.0,58.8205256914036,61.807518005371094,62.437479302777504,7.437479302777504,74bff84c-0733-446b-a298-2f91515a201d
2026-04-06,2082733c-4e17-51fe-bc8c-bf33d3ec5d7e,26f7241d-a84e-5e4a-a43d-33eea1e54eea,Antiulceroso,73,38.0,57.55040761453798,62.73880386352539,58.97814187032869,14.021858129671308,74bff84c-0733-446b-a298-2f91515a201d
2026-04-13,2082733c-4e17-51fe-bc8c-bf33d3ec5d7e,26f7241d-a84e-5e4a-a43d-33eea1e54eea,Antiulceroso,33,55.0,58.204874096201166,61.23402404785156,59.03481948165725,26.03481948165725,74bff84c-0733-446b-a298-2f91515a201d
2026-04-20,2082733c-4e17-51fe-bc8c-bf33d3ec5d7e,26f7241d-a84e-5e4a-a43d-33eea1e54eea,Antiulceroso,72,49.0,57.973869734899665,62.29164123535156,59.51185362924781,12.48814637075219,74bff84c-0733-446b-a298-2f91515a201d
2026-04-27,2082733c-4e17-51fe-bc8c-bf33d3ec5d7e,26f7241d-a84e-5e4a-a43d-33eea1e54eea,Antiulceroso,77,48.0,57.93535722728963,64.95560455322266,61.17331637378926,15.826683626210738,74bff84c-0733-446b-a298-2f91515a201d
2026-05-04,2082733c-4e17-51fe-bc8c-bf33d3ec5d7e,26f7241d-a84e-5e4a-a43d-33eea1e54eea,Antiulceroso,40,58.0,58.32041571819463,68.0022201538086,61.500442010995535,21.500442010995535,74bff84c-0733-446b-a298-2f91515a201d
2026-02-16,2082733c-4e17-51fe-bc8c-bf33d3ec5d7e,43616d97-2221-569d-82eb-bcc14bcd6344,Antiulceroso,48,33.0,54.04552556241592,52.250587463378906,55.99049497808059,7.990494978080591,74bff84c-0733-446b-a298-2f91515a201d
2026-02-23,2082733c-4e17-51fe-bc8c-bf33d3ec5d7e,43616d97-2221-569d-82eb-bcc14bcd6344,Antiulceroso,65,56.0,49.082482374082524,52.07902526855469,51.575295722852665,13.424704277147335,74bff84c-0733-446b-a298-2f91515a201d
2026-03-02,2082733c-4e17-51fe-bc8c-bf33d3ec5d7e,43616d97-2221-569d-82eb-bcc14bcd6344,Antiulceroso,55,50.0,50.312906948058966,50.70808410644531,51.97159287068165,3.028407129318353,74bff84c-0733-446b-a298-2f91515a201d
2026-03-09,2082733c-4e17-51fe-bc8c-bf33d3ec5d7e,43616d97-2221-569d-82eb-bcc14bcd6344,Antiulceroso,65,44.0,50.43193144625461,51.01815414428711,51.43248553103244,13.567514468967559,74bff84c-0733-446b-a298-2f91515a201d
2026-03-16,2082733c-4e17-51fe-bc8c-bf33d3ec5d7e,43616d97-2221-569d-82eb-bcc14bcd6344,Antiulceroso,64,57.0,49.755655703242745,51.9370002746582,51.414341625865426,12.585658374134574,74bff84c-0733-446b-a298-2f91515a201d
2026-03-23,2082733c-4e17-51fe-bc8c-bf33d3ec5d7e,43616d97-2221-569d-82eb-bcc14bcd6344,Antiulceroso,41,52.0,50.02323963075801,53.40586853027344,51.72402932077571,10.724029320775713,74bff84c-0733-446b-a298-2f91515a201d
2026-03-30,2082733c-4e17-51fe-bc8c-bf33d3ec5d7e,43616d97-2221-569d-82eb-bcc14bcd6344,Antiulceroso,62,72.0,48.90450246334243,53.07832717895508,51.60112459659744,10.398875403402563,74bff84c-0733-446b-a298-2f91515a201d
2026-04-06,2082733c-4e17-51fe-bc8c-bf33d3ec5d7e,43616d97-2221-569d-82eb-bcc14bcd6344,Antiulceroso,80,50.0,50.137799416476085,52.38467025756836,51.22178772538264,28.77821227461736,74bff84c-0733-446b-a298-2f91515a201d
2026-04-13,2082733c-4e17-51fe-bc8c-bf33d3ec5d7e,43616d97-2221-569d-82eb-bcc14bcd6344,Antiulceroso,53,62.0,49.46486146278446,53.11350631713867,50.51058859653538,2.489411403464622,74bff84c-0733-446b-a298-2f91515a201d
2026-04-20,2082733c-4e17-51fe-bc8c-bf33d3ec5d7e,43616d97-2221-569d-82eb-bcc14bcd6344,Antiulceroso,89,40.0,50.69887632616398,53.351783752441406,52.068433230003095,36.931566769996905,74bff84c-0733-446b-a298-2f91515a201d
2026-04-27,2082733c-4e17-51fe-bc8c-bf33d3ec5d7e,43616d97-2221-569d-82eb-bcc14bcd6344,Antiulceroso,49,57.0,49.745295460704014,55.837100982666016,52.21929567623441,3.2192956762344096,74bff84c-0733-446b-a298-2f91515a201d
2026-05-04,2082733c-4e17-51fe-bc8c-bf33d3ec5d7e,43616d97-2221-569d-82eb-bcc14bcd6344,Antiulceroso,47,47.0,50.30622917494831,56.88080596923828,52.91852718672809,5.918527186728092,74bff84c-0733-446b-a298-2f91515a201d
2026-02-16,2082733c-4e17-51fe-bc8c-bf33d3ec5d7e,7fb983e8-6848-5425-97a2-14da72722d0f,Antiulceroso,52,35.0,47.642198292290985,46.74283218383789,49.85859843877536,2.14140156122464,74bff84c-0733-446b-a298-2f91515a201d
2026-02-23,2082733c-4e17-51fe-bc8c-bf33d3ec5d7e,7fb983e8-6848-5425-97a2-14da72722d0f,Antiulceroso,65,52.0,46.39939321348089,46.72063064575195,47.938717735499324,17.061282264500676,74bff84c-0733-446b-a298-2f91515a201d
2026-03-02,2082733c-4e17-51fe-bc8c-bf33d3ec5d7e,7fb983e8-6848-5425-97a2-14da72722d0f,Antiulceroso,35,38.0,48.6161859032385,47.066200256347656,50.927177667307106,15.927177667307106,74bff84c-0733-446b-a298-2f91515a201d
2026-03-09,2082733c-4e17-51fe-bc8c-bf33d3ec5d7e,7fb983e8-6848-5425-97a2-14da72722d0f,Antiulceroso,46,45.0,47.580629752031854,46.54233169555664,48.382315442911676,2.3823154429116755,74bff84c-0733-446b-a298-2f91515a201d
2026-03-16,2082733c-4e17-51fe-bc8c-bf33d3ec5d7e,7fb983e8-6848-5425-97a2-14da72722d0f,Antiulceroso,50,42.0,48.03048096662831,46.764408111572266,50.0810376263268,0.0810376263267969,74bff84c-0733-446b-a298-2f91515a201d
2026-03-23,2082733c-4e17-51fe-bc8c-bf33d3ec5d7e,7fb983e8-6848-5425-97a2-14da72722d0f,Antiulceroso,36,60.0,45.33801222552344,46.65321350097656,47.39912248362586,11.39912248362586,74bff84c-0733-446b-a298-2f91515a201d
2026-03-30,2082733c-4e17-51fe-bc8c-bf33d3ec5d7e,7fb983e8-6848-5425-97a2-14da72722d0f,Antiulceroso,45,57.0,45.78678381184857,49.15993118286133,48.83317196111005,3.8331719611100468,74bff84c-0733-446b-a298-2f91515a201d
2026-04-06,2082733c-4e17-51fe-bc8c-bf33d3ec5d7e,7fb983e8-6848-5425-97a2-14da72722d0f,Antiulceroso,46,28.0,50.124816476765325,46.6389045715332,51.46237665361469,5.46237665361469,74bff84c-0733-446b-a298-2f91515a201d
2026-04-13,2082733c-4e17-51fe-bc8c-bf33d3ec5d7e,7fb983e8-6848-5425-97a2-14da72722d0f,Antiulceroso,50,47.0,47.28265782855091,49.129974365234375,48.688704457502936,1.3112955424970636,74bff84c-0733-446b-a298-2f91515a201d
2026-04-20,2082733c-4e17-51fe-bc8c-bf33d3ec5d7e,7fb983e8-6848-5425-97a2-14da72722d0f,Antiulceroso,38,42.0,48.03059434567508,49.36825180053711,49.87238585625705,11.872385856257047,74bff84c-0733-446b-a298-2f91515a201d
2026-04-27,2082733c-4e17-51fe-bc8c-bf33d3ec5d7e,7fb983e8-6848-5425-97a2-14da72722d0f,Antiulceroso,76,44.0,47.73141974283436,51.90260314941406,50.57330793215016,25.426692067849842,74bff84c-0733-446b-a298-2f91515a201d
2026-05-04,2082733c-4e17-51fe-bc8c-bf33d3ec5d7e,7fb983e8-6848-5425-97a2-14da72722d0f,Antiulceroso,56,50.0,46.83389593209042,52.013797760009766,49.86828900421872,6.131710995781283,74bff84c-0733-446b-a298-2f91515a201d
2026-02-16,2082733c-4e17-51fe-bc8c-bf33d3ec5d7e,8ecedccf-c230-516b-bbc2-108f7a6fbe63,Antiulceroso,44,63.0,48.26482483296674,51.884666442871094,49.98421963601392,5.984219636013918,74bff84c-0733-446b-a298-2f91515a201d
2026-02-23,2082733c-4e17-51fe-bc8c-bf33d3ec5d7e,8ecedccf-c230-516b-bbc2-108f7a6fbe63,Antiulceroso,49,55.0,49.237000053714965,52.614864349365234,51.17882448990271,2.178824489902709,74bff84c-0733-446b-a298-2f91515a201d
2026-03-02,2082733c-4e17-51fe-bc8c-bf33d3ec5d7e,8ecedccf-c230-516b-bbc2-108f7a6fbe63,Antiulceroso,76,46.0,49.36910708549578,52.43846893310547,52.042853671341724,23.957146328658276,74bff84c-0733-446b-a298-2f91515a201d
2026-03-09,2082733c-4e17-51fe-bc8c-bf33d3ec5d7e,8ecedccf-c230-516b-bbc2-108f7a6fbe63,Antiulceroso,53,50.0,49.35468378229178,51.34844970703125,50.21706071062125,2.782939289378753,74bff84c-0733-446b-a298-2f91515a201d
2026-03-16,2082733c-4e17-51fe-bc8c-bf33d3ec5d7e,8ecedccf-c230-516b-bbc2-108f7a6fbe63,Antiulceroso,50,43.0,49.39356249084366,51.5670051574707,51.36197393646133,1.3619739364613324,74bff84c-0733-446b-a298-2f91515a201d
2026-03-23,2082733c-4e17-51fe-bc8c-bf33d3ec5d7e,8ecedccf-c230-516b-bbc2-108f7a6fbe63,Antiulceroso,59,52.0,49.34448666238204,52.48409652709961,51.174599954122456,7.825400045877544,74bff84c-0733-446b-a298-2f91515a201d
2026-03-30,2082733c-4e17-51fe-bc8c-bf33d3ec5d7e,8ecedccf-c230-516b-bbc2-108f7a6fbe63,Antiulceroso,48,45.0,49.38270809282319,53.447166442871094,52.37054564584748,4.3705456458474785,74bff84c-0733-446b-a298-2f91515a201d
2026-04-06,2082733c-4e17-51fe-bc8c-bf33d3ec5d7e,8ecedccf-c230-516b-bbc2-108f7a6fbe63,Antiulceroso,62,43.0,49.39362746263419,50.556800842285156,50.568678198107825,11.431321801892175,74bff84c-0733-446b-a298-2f91515a201d
2026-04-13,2082733c-4e17-51fe-bc8c-bf33d3ec5d7e,8ecedccf-c230-516b-bbc2-108f7a6fbe63,Antiulceroso,42,46.0,49.37724915937302,50.556800842285156,50.652336158312536,8.652336158312536,74bff84c-0733-446b-a298-2f91515a201d
2026-04-20,2082733c-4e17-51fe-bc8c-bf33d3ec5d7e,8ecedccf-c230-516b-bbc2-108f7a6fbe63,Antiulceroso,56,41.0,49.40454640566778,52.003196716308594,51.0455670612998,4.954432938700201,74bff84c-0733-446b-a298-2f91515a201d
2026-04-27,2082733c-4e17-51fe-bc8c-bf33d3ec5d7e,8ecedccf-c230-516b-bbc2-108f7a6fbe63,Antiulceroso,36,56.0,49.32265467844755,54.89908218383789,52.08394785128385,16.083947851283853,74bff84c-0733-446b-a298-2f91515a201d
2026-05-04,2082733c-4e17-51fe-bc8c-bf33d3ec5d7e,8ecedccf-c230-516b-bbc2-108f7a6fbe63,Antiulceroso,69,51.0,49.3499519209969,54.89908218383789,52.053312240134474,16.946687759865526,74bff84c-0733-446b-a298-2f91515a201d
2026-02-16,2082733c-4e17-51fe-bc8c-bf33d3ec5d7e,d6f21f11-7533-52dd-a4dc-2fb8e260c02c,Antiulceroso,44,51.0,46.1569496100149,50.01020812988281,47.08534339120005,3.0853433912000483,74bff84c-0733-446b-a298-2f91515a201d
2026-02-23,2082733c-4e17-51fe-bc8c-bf33d3ec5d7e,d6f21f11-7533-52dd-a4dc-2fb8e260c02c,Antiulceroso,51,59.0,47.86203552033019,50.5870475769043,48.639044709459064,2.360955290540936,74bff84c-0733-446b-a298-2f91515a201d
2026-03-02,2082733c-4e17-51fe-bc8c-bf33d3ec5d7e,d6f21f11-7533-52dd-a4dc-2fb8e260c02c,Antiulceroso,41,39.0,45.57084137376092,49.21921157836914,45.63479487027667,4.6347948702766715,74bff84c-0733-446b-a298-2f91515a201d
2026-03-09,2082733c-4e17-51fe-bc8c-bf33d3ec5d7e,d6f21f11-7533-52dd-a4dc-2fb8e260c02c,Antiulceroso,40,42.0,45.910168778141426,49.088443756103516,46.56227178498118,6.562271784981178,74bff84c-0733-446b-a298-2f91515a201d
2026-03-16,2082733c-4e17-51fe-bc8c-bf33d3ec5d7e,d6f21f11-7533-52dd-a4dc-2fb8e260c02c,Antiulceroso,54,50.0,46.79564713843353,50.241729736328125,47.447730952577665,6.552269047422335,74bff84c-0733-446b-a298-2f91515a201d
2026-03-23,2082733c-4e17-51fe-bc8c-bf33d3ec5d7e,d6f21f11-7533-52dd-a4dc-2fb8e260c02c,Antiulceroso,33,45.0,46.24187650826361,49.30999755859375,46.85185667422201,13.851856674222013,74bff84c-0733-446b-a298-2f91515a201d
2026-03-30,2082733c-4e17-51fe-bc8c-bf33d3ec5d7e,d6f21f11-7533-52dd-a4dc-2fb8e260c02c,Antiulceroso,62,43.0,46.02033853697435,49.428932189941406,47.70651483702318,14.293485162976822,74bff84c-0733-446b-a298-2f91515a201d
2026-04-06,2082733c-4e17-51fe-bc8c-bf33d3ec5d7e,d6f21f11-7533-52dd-a4dc-2fb8e260c02c,Antiulceroso,42,40.0,45.68804048096029,48.72543716430664,45.72332215403406,3.723322154034058,74bff84c-0733-446b-a298-2f91515a201d
2026-04-13,2082733c-4e17-51fe-bc8c-bf33d3ec5d7e,d6f21f11-7533-52dd-a4dc-2fb8e260c02c,Antiulceroso,49,42.0,45.9095728155091,49.522552490234375,45.90982813386764,3.0901718661323585,74bff84c-0733-446b-a298-2f91515a201d
2026-04-20,2082733c-4e17-51fe-bc8c-bf33d3ec5d7e,d6f21f11-7533-52dd-a4dc-2fb8e260c02c,Antiulceroso,39,37.0,45.355741863664356,49.539276123046875,45.76403442543384,6.764034425433842,74bff84c-0733-446b-a298-2f91515a201d
2026-04-27,2082733c-4e17-51fe-bc8c-bf33d3ec5d7e,d6f21f11-7533-52dd-a4dc-2fb8e260c02c,Antiulceroso,33,26.0,44.13731375941797,52.18482208251953,45.560355103106936,12.560355103106936,74bff84c-0733-446b-a298-2f91515a201d
2026-05-04,2082733c-4e17-51fe-bc8c-bf33d3ec5d7e,d6f21f11-7533-52dd-a4dc-2fb8e260c02c,Antiulceroso,67,38.0,45.46650805454851,52.406375885009766,46.93165304642321,20.068346953576793,74bff84c-0733-446b-a298-2f91515a201d
2026-02-16,22231140-3780-5fe8-a7d4-d33f61d15111,26f7241d-a84e-5e4a-a43d-33eea1e54eea,Corticosteroide,31,24.0,23.962246539991202,28.83669662475586,25.471265318792167,5.528734681207833,74bff84c-0733-446b-a298-2f91515a201d
2026-02-23,22231140-3780-5fe8-a7d4-d33f61d15111,26f7241d-a84e-5e4a-a43d-33eea1e54eea,Corticosteroide,12,19.0,21.738621454178027,28.00052261352539,23.27295909398668,11.272959093986682,74bff84c-0733-446b-a298-2f91515a201d
2026-03-02,22231140-3780-5fe8-a7d4-d33f61d15111,26f7241d-a84e-5e4a-a43d-33eea1e54eea,Corticosteroide,27,17.0,20.849318697643664,26.624839782714844,22.38365633745232,4.616343662547681,74bff84c-0733-446b-a298-2f91515a201d
2026-03-09,22231140-3780-5fe8-a7d4-d33f61d15111,26f7241d-a84e-5e4a-a43d-33eea1e54eea,Corticosteroide,17,30.0,26.629784220240154,28.705928802490234,28.29290544368986,11.292905443689861,74bff84c-0733-446b-a298-2f91515a201d
2026-03-16,22231140-3780-5fe8-a7d4-d33f61d15111,26f7241d-a84e-5e4a-a43d-33eea1e54eea,Corticosteroide,21,32.0,27.51908660838812,28.705928802490234,28.953387865521602,7.953387865521602,74bff84c-0733-446b-a298-2f91515a201d
2026-03-23,22231140-3780-5fe8-a7d4-d33f61d15111,26f7241d-a84e-5e4a-a43d-33eea1e54eea,Corticosteroide,17,14.0,19.515365115053143,28.705928802490234,20.86311470592686,3.8631147059268613,74bff84c-0733-446b-a298-2f91515a201d
2026-03-30,22231140-3780-5fe8-a7d4-d33f61d15111,26f7241d-a84e-5e4a-a43d-33eea1e54eea,Corticosteroide,27,21.0,22.627923473572302,30.997655868530273,25.095798477387,1.9042015226130005,74bff84c-0733-446b-a298-2f91515a201d
2026-04-06,22231140-3780-5fe8-a7d4-d33f61d15111,26f7241d-a84e-5e4a-a43d-33eea1e54eea,Corticosteroide,15,24.0,23.961877055794798,31.632545471191406,24.66075021806439,9.66075021806439,74bff84c-0733-446b-a298-2f91515a201d
2026-04-13,22231140-3780-5fe8-a7d4-d33f61d15111,26f7241d-a84e-5e4a-a43d-33eea1e54eea,Corticosteroide,21,24.0,23.961877055794798,32.71998977661133,24.79904801431378,3.7990480143137795,74bff84c-0733-446b-a298-2f91515a201d
2026-04-20,22231140-3780-5fe8-a7d4-d33f61d15111,26f7241d-a84e-5e4a-a43d-33eea1e54eea,Corticosteroide,29,22.0,23.072574667646467,33.4553337097168,24.356043867780745,4.643956132219255,74bff84c-0733-446b-a298-2f91515a201d
2026-04-27,22231140-3780-5fe8-a7d4-d33f61d15111,26f7241d-a84e-5e4a-a43d-33eea1e54eea,Corticosteroide,52,38.0,30.186993772833112,35.86886215209961,32.48905509218431,19.51094490781569,74bff84c-0733-446b-a298-2f91515a201d
2026-05-04,22231140-3780-5fe8-a7d4-d33f61d15111,26f7241d-a84e-5e4a-a43d-33eea1e54eea,Corticosteroide,37,28.0,25.74048183209146,37.10221862792969,27.65491340405191,9.34508659594809,74bff84c-0733-446b-a298-2f91515a201d
2026-02-16,22231140-3780-5fe8-a7d4-d33f61d15111,43616d97-2221-569d-82eb-bcc14bcd6344,Corticosteroide,28,23.0,19.189843413884454,23.972606658935547,20.88369500404101,7.116304995958991,74bff84c-0733-446b-a298-2f91515a201d
2026-02-23,22231140-3780-5fe8-a7d4-d33f61d15111,43616d97-2221-569d-82eb-bcc14bcd6344,Corticosteroide,31,27.0,20.81877425147577,23.972606658935547,22.213059453502137,8.786940546497863,74bff84c-0733-446b-a298-2f91515a201d
2026-03-02,22231140-3780-5fe8-a7d4-d33f61d15111,43616d97-2221-569d-82eb-bcc14bcd6344,Corticosteroide,29,26.0,20.411291088590215,23.972606658935547,21.67240568591077,7.327594314089229,74bff84c-0733-446b-a298-2f91515a201d
2026-03-09,22231140-3780-5fe8-a7d4-d33f61d15111,43616d97-2221-569d-82eb-bcc14bcd6344,Corticosteroide,13,15.0,15.928899725460923,23.841838836669922,17.46148272373668,4.46148272373668,74bff84c-0733-446b-a298-2f91515a201d
2026-03-16,22231140-3780-5fe8-a7d4-d33f61d15111,43616d97-2221-569d-82eb-bcc14bcd6344,Corticosteroide,18,17.0,16.743879965074132,24.13153648376465,18.576029589898656,0.5760295898986563,74bff84c-0733-446b-a298-2f91515a201d
2026-03-23,22231140-3780-5fe8-a7d4-d33f61d15111,43616d97-2221-569d-82eb-bcc14bcd6344,Corticosteroide,27,19.0,17.55886020436762,24.13153648376465,19.160790703444462,7.839209296555538,74bff84c-0733-446b-a298-2f91515a201d
2026-03-30,22231140-3780-5fe8-a7d4-d33f61d15111,43616d97-2221-569d-82eb-bcc14bcd6344,Corticosteroide,25,17.0,16.743879965072,26.196853637695312,19.265031746154154,5.734968253845846,74bff84c-0733-446b-a298-2f91515a201d
2026-04-06,22231140-3780-5fe8-a7d4-d33f61d15111,43616d97-2221-569d-82eb-bcc14bcd6344,Corticosteroide,21,16.0,16.336389845424183,24.774423599243164,17.523496454768665,3.476503545231335,74bff84c-0733-446b-a298-2f91515a201d
2026-04-13,22231140-3780-5fe8-a7d4-d33f61d15111,43616d97-2221-569d-82eb-bcc14bcd6344,Corticosteroide,25,16.0,16.336389845424183,24.774423599243164,17.513476198726185,7.486523801273815,74bff84c-0733-446b-a298-2f91515a201d
2026-04-20,22231140-3780-5fe8-a7d4-d33f61d15111,43616d97-2221-569d-82eb-bcc14bcd6344,Corticosteroide,20,33.0,23.26372187943705,25.134952545166016,24.806741889431557,4.806741889431557,74bff84c-0733-446b-a298-2f91515a201d
2026-04-27,22231140-3780-5fe8-a7d4-d33f61d15111,43616d97-2221-569d-82eb-bcc14bcd6344,Corticosteroide,28,39.0,25.708662597323944,27.803165435791016,27.77944573559909,0.22055426440090997,74bff84c-0733-446b-a298-2f91515a201d
2026-05-04,22231140-3780-5fe8-a7d4-d33f61d15111,43616d97-2221-569d-82eb-bcc14bcd6344,Corticosteroide,36,32.0,22.856231759789235,27.803165435791016,24.928187440636403,11.071812559363597,74bff84c-0733-446b-a298-2f91515a201d
2026-02-16,22231140-3780-5fe8-a7d4-d33f61d15111,7fb983e8-6848-5425-97a2-14da72722d0f,Corticosteroide,20,19.0,20.995408335490197,18.7150936126709,19.633343258662194,0.3666567413378061,74bff84c-0733-446b-a298-2f91515a201d
2026-02-23,22231140-3780-5fe8-a7d4-d33f61d15111,7fb983e8-6848-5425-97a2-14da72722d0f,Corticosteroide,19,23.0,19.74880647099675,18.04015350341797,17.7783503476447,1.2216496523552998,74bff84c-0733-446b-a298-2f91515a201d
2026-03-02,22231140-3780-5fe8-a7d4-d33f61d15111,7fb983e8-6848-5425-97a2-14da72722d0f,Corticosteroide,27,19.0,19.524565605110915,18.329851150512695,18.485380915589126,8.514619084410874,74bff84c-0733-446b-a298-2f91515a201d
2026-03-09,22231140-3780-5fe8-a7d4-d33f61d15111,7fb983e8-6848-5425-97a2-14da72722d0f,Corticosteroide,16,16.0,18.929151539163072,17.909385681152344,17.07319260056444,1.0731926005644397,74bff84c-0733-446b-a298-2f91515a201d
2026-03-16,22231140-3780-5fe8-a7d4-d33f61d15111,7fb983e8-6848-5425-97a2-14da72722d0f,Corticosteroide,21,17.0,19.117185930300373,17.674694061279297,17.98608014969887,3.0139198503011286,74bff84c-0733-446b-a298-2f91515a201d
2026-03-23,22231140-3780-5fe8-a7d4-d33f61d15111,7fb983e8-6848-5425-97a2-14da72722d0f,Corticosteroide,17,22.0,19.93784285523293,17.674694061279297,18.84884060360787,1.8488406036078686,74bff84c-0733-446b-a298-2f91515a201d
2026-03-30,22231140-3780-5fe8-a7d4-d33f61d15111,7fb983e8-6848-5425-97a2-14da72722d0f,Corticosteroide,18,15.0,18.78279732586329,18.82543182373047,18.055176366581367,0.055176366581367375,74bff84c-0733-446b-a298-2f91515a201d
2026-04-06,22231140-3780-5fe8-a7d4-d33f61d15111,7fb983e8-6848-5425-97a2-14da72722d0f,Corticosteroide,19,14.0,18.617345913910018,16.955514907836914,16.128604039215194,2.871395960784806,74bff84c-0733-446b-a298-2f91515a201d
2026-04-13,22231140-3780-5fe8-a7d4-d33f61d15111,7fb983e8-6848-5425-97a2-14da72722d0f,Corticosteroide,36,21.0,19.773651088792697,16.955514907836914,18.00905796440305,17.99094203559695,74bff84c-0733-446b-a298-2f91515a201d
2026-04-20,22231140-3780-5fe8-a7d4-d33f61d15111,7fb983e8-6848-5425-97a2-14da72722d0f,Corticosteroide,26,37.0,22.416476727788407,17.193798065185547,20.17846751338716,5.821532486612838,74bff84c-0733-446b-a298-2f91515a201d
2026-04-27,22231140-3780-5fe8-a7d4-d33f61d15111,7fb983e8-6848-5425-97a2-14da72722d0f,Corticosteroide,30,17.0,19.112930031320793,19.839340209960938,17.871114464304192,12.128885535695808,74bff84c-0733-446b-a298-2f91515a201d
2026-05-04,22231140-3780-5fe8-a7d4-d33f61d15111,7fb983e8-6848-5425-97a2-14da72722d0f,Corticosteroide,34,26.0,20.59952677069478,19.839340209960938,20.23916534362607,13.76083465637393,74bff84c-0733-446b-a298-2f91515a201d
2026-02-16,22231140-3780-5fe8-a7d4-d33f61d15111,8ecedccf-c230-516b-bbc2-108f7a6fbe63,Corticosteroide,26,32.0,19.481263852139396,24.388628005981445,20.610979533215446,5.3890204667845545,74bff84c-0733-446b-a298-2f91515a201d
2026-02-23,22231140-3780-5fe8-a7d4-d33f61d15111,8ecedccf-c230-516b-bbc2-108f7a6fbe63,Corticosteroide,26,18.0,21.222558498962677,24.067991256713867,23.066618919952667,2.933381080047333,74bff84c-0733-446b-a298-2f91515a201d
2026-03-02,22231140-3780-5fe8-a7d4-d33f61d15111,8ecedccf-c230-516b-bbc2-108f7a6fbe63,Corticosteroide,17,25.0,20.437777516411174,24.678325653076172,21.752748128937114,4.752748128937114,74bff84c-0733-446b-a298-2f91515a201d
2026-03-09,22231140-3780-5fe8-a7d4-d33f61d15111,8ecedccf-c230-516b-bbc2-108f7a6fbe63,Corticosteroide,21,26.0,20.327561428452768,25.08649444580078,22.079700758363046,1.079700758363046,74bff84c-0733-446b-a298-2f91515a201d
2026-03-16,22231140-3780-5fe8-a7d4-d33f61d15111,8ecedccf-c230-516b-bbc2-108f7a6fbe63,Corticosteroide,17,14.0,21.656120983692258,25.08649444580078,23.488625017734616,6.488625017734616,74bff84c-0733-446b-a298-2f91515a201d
2026-03-23,22231140-3780-5fe8-a7d4-d33f61d15111,8ecedccf-c230-516b-bbc2-108f7a6fbe63,Corticosteroide,18,18.0,21.213260597945403,25.208740234375,22.90816277957077,4.90816277957077,74bff84c-0733-446b-a298-2f91515a201d
2026-03-30,22231140-3780-5fe8-a7d4-d33f61d15111,8ecedccf-c230-516b-bbc2-108f7a6fbe63,Corticosteroide,18,26.0,20.327537152819975,26.002540588378906,22.940965030246122,4.940965030246122,74bff84c-0733-446b-a298-2f91515a201d
2026-04-06,22231140-3780-5fe8-a7d4-d33f61d15111,8ecedccf-c230-516b-bbc2-108f7a6fbe63,Corticosteroide,21,24.0,20.548968000854,24.92279815673828,21.818330331290706,0.8183303312907064,74bff84c-0733-446b-a298-2f91515a201d
2026-04-13,22231140-3780-5fe8-a7d4-d33f61d15111,8ecedccf-c230-516b-bbc2-108f7a6fbe63,Corticosteroide,22,20.0,20.99182968994252,24.92279815673828,22.18082683940999,0.18082683940998834,74bff84c-0733-446b-a298-2f91515a201d
2026-04-20,22231140-3780-5fe8-a7d4-d33f61d15111,8ecedccf-c230-516b-bbc2-108f7a6fbe63,Corticosteroide,26,24.0,20.548968000689023,25.161081314086914,22.146002335825436,3.853997664174564,74bff84c-0733-446b-a298-2f91515a201d
2026-04-27,22231140-3780-5fe8-a7d4-d33f61d15111,8ecedccf-c230-516b-bbc2-108f7a6fbe63,Corticosteroide,20,28.0,20.10610631142619,27.806623458862305,22.75999406014445,2.75999406014445,74bff84c-0733-446b-a298-2f91515a201d
2026-05-04,22231140-3780-5fe8-a7d4-d33f61d15111,8ecedccf-c230-516b-bbc2-108f7a6fbe63,Corticosteroide,34,35.0,19.331098355217044,28.189043045043945,22.023247755928104,11.976752244071896,74bff84c-0733-446b-a298-2f91515a201d
2026-02-16,22231140-3780-5fe8-a7d4-d33f61d15111,d6f21f11-7533-52dd-a4dc-2fb8e260c02c,Corticosteroide,15,13.0,20.102317062970986,21.83348846435547,21.396265951749672,6.3962659517496725,74bff84c-0733-446b-a298-2f91515a201d
2026-02-23,22231140-3780-5fe8-a7d4-d33f61d15111,d6f21f11-7533-52dd-a4dc-2fb8e260c02c,Corticosteroide,15,26.0,21.029954629262956,21.935138702392578,22.292509274801287,7.2925092748012865,74bff84c-0733-446b-a298-2f91515a201d
2026-03-02,22231140-3780-5fe8-a7d4-d33f61d15111,d6f21f11-7533-52dd-a4dc-2fb8e260c02c,Corticosteroide,15,26.0,21.030522563352818,22.123186111450195,22.324471452131505,7.324471452131505,74bff84c-0733-446b-a298-2f91515a201d
2026-03-09,22231140-3780-5fe8-a7d4-d33f61d15111,d6f21f11-7533-52dd-a4dc-2fb8e260c02c,Corticosteroide,24,23.0,20.82493907488857,23.2817325592041,21.830876770391804,2.1691232296081964,74bff84c-0733-446b-a298-2f91515a201d
2026-03-16,22231140-3780-5fe8-a7d4-d33f61d15111,d6f21f11-7533-52dd-a4dc-2fb8e260c02c,Corticosteroide,22,15.0,20.27669316197383,23.2817325592041,21.570642050752518,0.42935794924748194,74bff84c-0733-446b-a298-2f91515a201d
2026-03-23,22231140-3780-5fe8-a7d4-d33f61d15111,d6f21f11-7533-52dd-a4dc-2fb8e260c02c,Corticosteroide,26,13.0,20.13963165191142,23.2817325592041,21.4872402181956,4.512759781804402,74bff84c-0733-446b-a298-2f91515a201d
2026-03-30,22231140-3780-5fe8-a7d4-d33f61d15111,d6f21f11-7533-52dd-a4dc-2fb8e260c02c,Corticosteroide,13,21.0,20.687877700586455,24.80811309814453,23.031317994852202,10.031317994852202,74bff84c-0733-446b-a298-2f91515a201d
2026-04-06,22231140-3780-5fe8-a7d4-d33f61d15111,d6f21f11-7533-52dd-a4dc-2fb8e260c02c,Corticosteroide,18,24.0,20.893469968827933,23.295133590698242,21.284583399089545,3.284583399089545,74bff84c-0733-446b-a298-2f91515a201d
2026-04-13,22231140-3780-5fe8-a7d4-d33f61d15111,d6f21f11-7533-52dd-a4dc-2fb8e260c02c,Corticosteroide,21,28.0,21.167592993149242,23.72836685180664,21.86013804949232,0.8601380494923205,74bff84c-0733-446b-a298-2f91515a201d
2026-04-20,22231140-3780-5fe8-a7d4-d33f61d15111,d6f21f11-7533-52dd-a4dc-2fb8e260c02c,Corticosteroide,22,24.0,20.893469968827944,23.966650009155273,22.145292678865175,0.14529267886517516,74bff84c-0733-446b-a298-2f91515a201d
2026-04-27,22231140-3780-5fe8-a7d4-d33f61d15111,d6f21f11-7533-52dd-a4dc-2fb8e260c02c,Corticosteroide,28,39.0,21.92143131003282,26.178958892822266,24.036762721394513,3.9632372786054866,74bff84c-0733-446b-a298-2f91515a201d
2026-05-04,22231140-3780-5fe8-a7d4-d33f61d15111,d6f21f11-7533-52dd-a4dc-2fb8e260c02c,Corticosteroide,30,29.0,21.23612374922957,27.151132583618164,23.08053142688002,6.919468573119978,74bff84c-0733-446b-a298-2f91515a201d
2026-02-16,2897aac2-f219-5167-b800-73fac27f6b85,26f7241d-a84e-5e4a-a43d-33eea1e54eea,Broncodilatador,34,25.0,32.09631146134468,36.2969856262207,33.57908488453957,0.42091511546043137,74bff84c-0733-446b-a298-2f91515a201d
2026-02-23,2897aac2-f219-5167-b800-73fac27f6b85,26f7241d-a84e-5e4a-a43d-33eea1e54eea,Broncodilatador,28,48.0,34.739149141666346,37.056602478027344,36.66406052148049,8.664060521480494,74bff84c-0733-446b-a298-2f91515a201d
2026-03-02,2897aac2-f219-5167-b800-73fac27f6b85,26f7241d-a84e-5e4a-a43d-33eea1e54eea,Broncodilatador,53,22.0,29.18798128659507,35.393310546875,30.50768784577628,22.49231215422372,74bff84c-0733-446b-a298-2f91515a201d
2026-03-09,2897aac2-f219-5167-b800-73fac27f6b85,26f7241d-a84e-5e4a-a43d-33eea1e54eea,Broncodilatador,37,27.0,30.21539416952045,37.263851165771484,31.213726431559635,5.786273568440365,74bff84c-0733-446b-a298-2f91515a201d
2026-03-16,2897aac2-f219-5167-b800-73fac27f6b85,26f7241d-a84e-5e4a-a43d-33eea1e54eea,Broncodilatador,15,32.0,31.465784406438587,40.35575866699219,33.20480737663817,18.204807376638172,74bff84c-0733-446b-a298-2f91515a201d
2026-03-23,2897aac2-f219-5167-b800-73fac27f6b85,26f7241d-a84e-5e4a-a43d-33eea1e54eea,Broncodilatador,25,24.0,29.52506568515736,40.44475173950195,31.125790739898267,6.125790739898267,74bff84c-0733-446b-a298-2f91515a201d
2026-03-30,2897aac2-f219-5167-b800-73fac27f6b85,26f7241d-a84e-5e4a-a43d-33eea1e54eea,Broncodilatador,42,33.0,31.698737450892306,41.35908508300781,34.51395709162412,7.486042908375879,74bff84c-0733-446b-a298-2f91515a201d
2026-04-06,2897aac2-f219-5167-b800-73fac27f6b85,26f7241d-a84e-5e4a-a43d-33eea1e54eea,Broncodilatador,48,32.0,31.456845356763996,41.028526306152344,32.482872201742325,15.517127798257675,74bff84c-0733-446b-a298-2f91515a201d
2026-04-13,2897aac2-f219-5167-b800-73fac27f6b85,26f7241d-a84e-5e4a-a43d-33eea1e54eea,Broncodilatador,36,29.0,30.733364035570936,41.844879150390625,31.85942738243373,4.140572617566271,74bff84c-0733-446b-a298-2f91515a201d
2026-04-20,2897aac2-f219-5167-b800-73fac27f6b85,26f7241d-a84e-5e4a-a43d-33eea1e54eea,Broncodilatador,50,37.0,32.66305290822953,42.38312911987305,34.19331108694047,15.806688913059531,74bff84c-0733-446b-a298-2f91515a201d
2026-04-27,2897aac2-f219-5167-b800-73fac27f6b85,26f7241d-a84e-5e4a-a43d-33eea1e54eea,Broncodilatador,41,53.0,36.522524083993744,45.0411376953125,38.93307634725363,2.066923652746368,74bff84c-0733-446b-a298-2f91515a201d
2026-05-04,2897aac2-f219-5167-b800-73fac27f6b85,26f7241d-a84e-5e4a-a43d-33eea1e54eea,Broncodilatador,49,51.0,36.04008891932061,45.0411376953125,38.08443405977776,10.915565940222237,74bff84c-0733-446b-a298-2f91515a201d
2026-02-16,2897aac2-f219-5167-b800-73fac27f6b85,43616d97-2221-569d-82eb-bcc14bcd6344,Broncodilatador,38,25.0,19.288650837121196,28.2241153717041,20.83841713922996,17.16158286077004,74bff84c-0733-446b-a298-2f91515a201d
2026-02-23,2897aac2-f219-5167-b800-73fac27f6b85,43616d97-2221-569d-82eb-bcc14bcd6344,Broncodilatador,29,32.0,21.47567369374933,28.2241153717041,22.91853608522119,6.0814639147788085,74bff84c-0733-446b-a298-2f91515a201d
2026-03-02,2897aac2-f219-5167-b800-73fac27f6b85,43616d97-2221-569d-82eb-bcc14bcd6344,Broncodilatador,46,33.0,21.80159799348571,28.047086715698242,22.614482145421288,23.385517854578712,74bff84c-0733-446b-a298-2f91515a201d
2026-03-09,2897aac2-f219-5167-b800-73fac27f6b85,43616d97-2221-569d-82eb-bcc14bcd6344,Broncodilatador,39,23.0,19.61822754058154,28.45526123046875,20.569409607975796,18.430590392024204,74bff84c-0733-446b-a298-2f91515a201d
2026-03-16,2897aac2-f219-5167-b800-73fac27f6b85,43616d97-2221-569d-82eb-bcc14bcd6344,Broncodilatador,33,15.0,17.860503858836598,28.45526123046875,19.4034029906115,13.5965970093885,74bff84c-0733-446b-a298-2f91515a201d
2026-03-23,2897aac2-f219-5167-b800-73fac27f6b85,43616d97-2221-569d-82eb-bcc14bcd6344,Broncodilatador,35,25.0,20.061669982724492,28.45526123046875,21.470544136815374,13.529455863184626,74bff84c-0733-446b-a298-2f91515a201d
2026-03-30,2897aac2-f219-5167-b800-73fac27f6b85,43616d97-2221-569d-82eb-bcc14bcd6344,Broncodilatador,40,46.0,24.683219285983718,27.159448623657227,26.73471865274397,13.265281347256028,74bff84c-0733-446b-a298-2f91515a201d
2026-04-06,2897aac2-f219-5167-b800-73fac27f6b85,43616d97-2221-569d-82eb-bcc14bcd6344,Broncodilatador,44,39.0,23.142740659955233,27.948877334594727,23.17882772961566,20.82117227038434,74bff84c-0733-446b-a298-2f91515a201d
2026-04-13,2897aac2-f219-5167-b800-73fac27f6b85,43616d97-2221-569d-82eb-bcc14bcd6344,Broncodilatador,27,40.0,23.362812853193407,29.366771697998047,24.1976843241216,2.8023156758784005,74bff84c-0733-446b-a298-2f91515a201d
2026-04-20,2897aac2-f219-5167-b800-73fac27f6b85,43616d97-2221-569d-82eb-bcc14bcd6344,Broncodilatador,53,37.0,22.702602724295925,29.60505485534668,23.7651098768533,29.2348901231467,74bff84c-0733-446b-a298-2f91515a201d
2026-04-27,2897aac2-f219-5167-b800-73fac27f6b85,43616d97-2221-569d-82eb-bcc14bcd6344,Broncodilatador,44,51.0,25.783584938378997,34.051883697509766,27.96087800058908,16.03912199941092,74bff84c-0733-446b-a298-2f91515a201d
2026-05-04,2897aac2-f219-5167-b800-73fac27f6b85,43616d97-2221-569d-82eb-bcc14bcd6344,Broncodilatador,43,58.0,27.324076027040558,35.636390686035156,29.08205220139511,13.917947798604889,74bff84c-0733-446b-a298-2f91515a201d
2026-02-16,2897aac2-f219-5167-b800-73fac27f6b85,7fb983e8-6848-5425-97a2-14da72722d0f,Broncodilatador,42,29.0,29.711837964098592,28.71411895751953,30.96201379780068,11.03798620219932,74bff84c-0733-446b-a298-2f91515a201d
2026-02-23,2897aac2-f219-5167-b800-73fac27f6b85,7fb983e8-6848-5425-97a2-14da72722d0f,Broncodilatador,17,17.0,23.287557692897686,28.24928092956543,24.46487185515202,7.464871855152019,74bff84c-0733-446b-a298-2f91515a201d
2026-03-02,2897aac2-f219-5167-b800-73fac27f6b85,7fb983e8-6848-5425-97a2-14da72722d0f,Broncodilatador,18,30.0,30.221882016768255,29.946969985961914,32.04884329568366,14.04884329568366,74bff84c-0733-446b-a298-2f91515a201d
2026-03-09,2897aac2-f219-5167-b800-73fac27f6b85,7fb983e8-6848-5425-97a2-14da72722d0f,Broncodilatador,28,20.0,24.887738122227667,30.09627914428711,26.73811329770374,1.261886702296259,74bff84c-0733-446b-a298-2f91515a201d
2026-03-16,2897aac2-f219-5167-b800-73fac27f6b85,7fb983e8-6848-5425-97a2-14da72722d0f,Broncodilatador,26,27.0,28.62163873056144,32.051944732666016,30.335344627892677,4.3353446278926775,74bff84c-0733-446b-a298-2f91515a201d
2026-03-23,2897aac2-f219-5167-b800-73fac27f6b85,7fb983e8-6848-5425-97a2-14da72722d0f,Broncodilatador,33,23.0,26.48798123982673,33.636451721191406,27.795591990025095,5.204408009974905,74bff84c-0733-446b-a298-2f91515a201d
2026-03-30,2897aac2-f219-5167-b800-73fac27f6b85,7fb983e8-6848-5425-97a2-14da72722d0f,Broncodilatador,31,44.0,37.68968306617761,35.25941848754883,40.59382330017114,9.593823300171138,74bff84c-0733-446b-a298-2f91515a201d
2026-04-06,2897aac2-f219-5167-b800-73fac27f6b85,7fb983e8-6848-5425-97a2-14da72722d0f,Broncodilatador,42,20.0,24.887738121776593,34.857547760009766,25.48147047880174,16.51852952119826,74bff84c-0733-446b-a298-2f91515a201d
2026-04-13,2897aac2-f219-5167-b800-73fac27f6b85,7fb983e8-6848-5425-97a2-14da72722d0f,Broncodilatador,24,22.0,25.954566867143342,34.959197998046875,27.321427256852814,3.3214272568528145,74bff84c-0733-446b-a298-2f91515a201d
2026-04-20,2897aac2-f219-5167-b800-73fac27f6b85,7fb983e8-6848-5425-97a2-14da72722d0f,Broncodilatador,25,28.0,29.155053103243596,35.38432312011719,30.67803844240833,5.6780384424083294,74bff84c-0733-446b-a298-2f91515a201d
2026-04-27,2897aac2-f219-5167-b800-73fac27f6b85,7fb983e8-6848-5425-97a2-14da72722d0f,Broncodilatador,32,49.0,40.35675492959448,39.81719970703125,42.99107661920019,10.991076619200193,74bff84c-0733-446b-a298-2f91515a201d
2026-05-04,2897aac2-f219-5167-b800-73fac27f6b85,7fb983e8-6848-5425-97a2-14da72722d0f,Broncodilatador,42,35.0,32.888953712027224,41.449214935302734,34.875541474859865,7.124458525140135,74bff84c-0733-446b-a298-2f91515a201d
2026-02-16,2897aac2-f219-5167-b800-73fac27f6b85,8ecedccf-c230-516b-bbc2-108f7a6fbe63,Broncodilatador,33,24.0,26.46496518818402,25.79743766784668,27.467129313626526,5.5328706863734745,74bff84c-0733-446b-a298-2f91515a201d
2026-02-23,2897aac2-f219-5167-b800-73fac27f6b85,8ecedccf-c230-516b-bbc2-108f7a6fbe63,Broncodilatador,18,24.0,25.19334477859631,26.32902717590332,26.35927242714062,8.35927242714062,74bff84c-0733-446b-a298-2f91515a201d
2026-03-02,2897aac2-f219-5167-b800-73fac27f6b85,8ecedccf-c230-516b-bbc2-108f7a6fbe63,Broncodilatador,33,42.0,29.070265480993285,25.79743766784668,30.52002675247003,2.479973247529969,74bff84c-0733-446b-a298-2f91515a201d
2026-03-09,2897aac2-f219-5167-b800-73fac27f6b85,8ecedccf-c230-516b-bbc2-108f7a6fbe63,Broncodilatador,20,29.0,26.429707224916626,25.666669845581055,27.43187135035913,7.431871350359131,74bff84c-0733-446b-a298-2f91515a201d
2026-03-16,2897aac2-f219-5167-b800-73fac27f6b85,8ecedccf-c230-516b-bbc2-108f7a6fbe63,Broncodilatador,27,24.0,25.607844039488104,25.666669845581055,27.07142858176258,0.0714285817625786,74bff84c-0733-446b-a298-2f91515a201d
2026-03-23,2897aac2-f219-5167-b800-73fac27f6b85,8ecedccf-c230-516b-bbc2-108f7a6fbe63,Broncodilatador,40,28.0,26.303053686699478,27.239099502563477,27.804899284920303,12.195100715079697,74bff84c-0733-446b-a298-2f91515a201d
2026-03-30,2897aac2-f219-5167-b800-73fac27f6b85,8ecedccf-c230-516b-bbc2-108f7a6fbe63,Broncodilatador,30,23.0,25.397828610058138,26.96513557434082,27.815140516872713,2.184859483127287,74bff84c-0733-446b-a298-2f91515a201d
2026-04-06,2897aac2-f219-5167-b800-73fac27f6b85,8ecedccf-c230-516b-bbc2-108f7a6fbe63,Broncodilatador,38,28.0,26.313915528284824,27.54176902770996,27.160697735773837,10.839302264226163,74bff84c-0733-446b-a298-2f91515a201d
2026-04-13,2897aac2-f219-5167-b800-73fac27f6b85,8ecedccf-c230-516b-bbc2-108f7a6fbe63,Broncodilatador,35,31.0,26.872090923430456,27.54176902770996,27.71887313091947,7.281126869080531,74bff84c-0733-446b-a298-2f91515a201d
2026-04-20,2897aac2-f219-5167-b800-73fac27f6b85,8ecedccf-c230-516b-bbc2-108f7a6fbe63,Broncodilatador,41,39.0,28.34950396190864,27.780052185058594,29.523958650934517,11.476041349065483,74bff84c-0733-446b-a298-2f91515a201d
2026-04-27,2897aac2-f219-5167-b800-73fac27f6b85,8ecedccf-c230-516b-bbc2-108f7a6fbe63,Broncodilatador,56,37.0,27.980431089271818,30.425594329833984,30.111702689995084,25.888297310004916,74bff84c-0733-446b-a298-2f91515a201d
2026-05-04,2897aac2-f219-5167-b800-73fac27f6b85,8ecedccf-c230-516b-bbc2-108f7a6fbe63,Broncodilatador,40,61.0,32.41700576222841,30.425594329833984,34.68657492078249,5.3134250792175095,74bff84c-0733-446b-a298-2f91515a201d
2026-02-16,2897aac2-f219-5167-b800-73fac27f6b85,d6f21f11-7533-52dd-a4dc-2fb8e260c02c,Broncodilatador,22,20.0,21.719692094912908,25.095722198486328,22.75494097053089,0.7549409705308889,74bff84c-0733-446b-a298-2f91515a201d
2026-02-23,2897aac2-f219-5167-b800-73fac27f6b85,d6f21f11-7533-52dd-a4dc-2fb8e260c02c,Broncodilatador,30,20.0,21.76776826763228,24.975828170776367,23.032540682793414,6.967459317206586,74bff84c-0733-446b-a298-2f91515a201d
2026-03-02,2897aac2-f219-5167-b800-73fac27f6b85,d6f21f11-7533-52dd-a4dc-2fb8e260c02c,Broncodilatador,25,27.0,24.20255879509597,25.35824966430664,25.64470044720321,0.6447004472032098,74bff84c-0733-446b-a298-2f91515a201d
2026-03-09,2897aac2-f219-5167-b800-73fac27f6b85,d6f21f11-7533-52dd-a4dc-2fb8e260c02c,Broncodilatador,14,21.0,22.115138703411052,25.766420364379883,23.742104345386455,9.742104345386455,74bff84c-0733-446b-a298-2f91515a201d
2026-03-16,2897aac2-f219-5167-b800-73fac27f6b85,d6f21f11-7533-52dd-a4dc-2fb8e260c02c,Broncodilatador,21,26.0,23.854660432628158,25.766420364379883,25.60610060005522,4.606100600055221,74bff84c-0733-446b-a298-2f91515a201d
2026-03-23,2897aac2-f219-5167-b800-73fac27f6b85,d6f21f11-7533-52dd-a4dc-2fb8e260c02c,Broncodilatador,26,24.0,23.158851714457224,25.766420364379883,24.771994204844187,1.2280057951558128,74bff84c-0733-446b-a298-2f91515a201d
2026-03-30,2897aac2-f219-5167-b800-73fac27f6b85,d6f21f11-7533-52dd-a4dc-2fb8e260c02c,Broncodilatador,20,40.0,28.72532146593735,26.300045013427734,31.219423705546113,11.219423705546113,74bff84c-0733-446b-a298-2f91515a201d
2026-04-06,2897aac2-f219-5167-b800-73fac27f6b85,d6f21f11-7533-52dd-a4dc-2fb8e260c02c,Broncodilatador,25,21.0,22.115138636044588,24.664819717407227,22.495324180535402,2.504675819464598,74bff84c-0733-446b-a298-2f91515a201d
2026-04-13,2897aac2-f219-5167-b800-73fac27f6b85,d6f21f11-7533-52dd-a4dc-2fb8e260c02c,Broncodilatador,19,28.0,24.5504691523209,24.664819717407227,25.51871352611927,6.518713526119271,74bff84c-0733-446b-a298-2f91515a201d
2026-04-20,2897aac2-f219-5167-b800-73fac27f6b85,d6f21f11-7533-52dd-a4dc-2fb8e260c02c,Broncodilatador,24,33.0,26.289990949661124,24.90310287475586,27.66608815196215,3.6660881519621498,74bff84c-0733-446b-a298-2f91515a201d
2026-04-27,2897aac2-f219-5167-b800-73fac27f6b85,d6f21f11-7533-52dd-a4dc-2fb8e260c02c,Broncodilatador,48,45.0,30.464843263277665,27.931066513061523,32.81742857898201,15.18257142101799,74bff84c-0733-446b-a298-2f91515a201d
2026-05-04,2897aac2-f219-5167-b800-73fac27f6b85,d6f21f11-7533-52dd-a4dc-2fb8e260c02c,Broncodilatador,36,53.0,33.24807813902203,27.931066513061523,35.27655986090008,0.723440139099921,74bff84c-0733-446b-a298-2f91515a201d
2026-02-16,2933d8b7-2438-521b-b38d-d3a5224f87fc,26f7241d-a84e-5e4a-a43d-33eea1e54eea,Analgésico,78,59.0,78.39597421909104,80.61627960205078,82.10905510211717,4.109055102117168,74bff84c-0733-446b-a298-2f91515a201d
2026-02-23,2933d8b7-2438-521b-b38d-d3a5224f87fc,26f7241d-a84e-5e4a-a43d-33eea1e54eea,Analgésico,107,83.0,76.07268823211233,79.2990951538086,79.22847474639455,27.771525253605446,74bff84c-0733-446b-a298-2f91515a201d
2026-03-02,2933d8b7-2438-521b-b38d-d3a5224f87fc,26f7241d-a84e-5e4a-a43d-33eea1e54eea,Analgésico,69,82.0,76.4582370076037,79.87419891357422,79.80238278244501,10.802382782445008,74bff84c-0733-446b-a298-2f91515a201d
2026-03-09,2933d8b7-2438-521b-b38d-d3a5224f87fc,26f7241d-a84e-5e4a-a43d-33eea1e54eea,Analgésico,78,72.0,76.57882492924762,80.14507293701172,78.9399718561275,0.9399718561274994,74bff84c-0733-446b-a298-2f91515a201d
2026-03-16,2933d8b7-2438-521b-b38d-d3a5224f87fc,26f7241d-a84e-5e4a-a43d-33eea1e54eea,Analgésico,97,72.0,76.59301620993486,80.84449005126953,79.68515736136308,17.314842638636918,74bff84c-0733-446b-a298-2f91515a201d
2026-03-23,2933d8b7-2438-521b-b38d-d3a5224f87fc,26f7241d-a84e-5e4a-a43d-33eea1e54eea,Analgésico,92,107.0,75.91582541852289,80.84449005126953,79.08833127408319,12.911668725916812,74bff84c-0733-446b-a298-2f91515a201d
2026-03-30,2933d8b7-2438-521b-b38d-d3a5224f87fc,26f7241d-a84e-5e4a-a43d-33eea1e54eea,Analgésico,78,112.0,75.82003275867032,83.67433166503906,80.35690466876554,2.3569046687655373,74bff84c-0733-446b-a298-2f91515a201d
2026-04-06,2933d8b7-2438-521b-b38d-d3a5224f87fc,26f7241d-a84e-5e4a-a43d-33eea1e54eea,Analgésico,61,56.0,76.89896043571096,78.68617248535156,78.51142009528738,17.511420095287377,74bff84c-0733-446b-a298-2f91515a201d
2026-04-13,2933d8b7-2438-521b-b38d-d3a5224f87fc,26f7241d-a84e-5e4a-a43d-33eea1e54eea,Analgésico,84,58.0,76.86044474200501,79.33702087402344,78.359196859162,5.640803140838003,74bff84c-0733-446b-a298-2f91515a201d
2026-04-20,2933d8b7-2438-521b-b38d-d3a5224f87fc,26f7241d-a84e-5e4a-a43d-33eea1e54eea,Analgésico,75,127.0,75.53091416767549,82.0833511352539,78.80628047398042,3.806280473980422,74bff84c-0733-446b-a298-2f91515a201d
2026-04-27,2933d8b7-2438-521b-b38d-d3a5224f87fc,26f7241d-a84e-5e4a-a43d-33eea1e54eea,Analgésico,108,128.0,75.51164649476216,90.52069091796875,83.5458748196523,24.454125180347702,74bff84c-0733-446b-a298-2f91515a201d
2026-05-04,2933d8b7-2438-521b-b38d-d3a5224f87fc,26f7241d-a84e-5e4a-a43d-33eea1e54eea,Analgésico,127,89.0,76.26311776513425,90.76161193847656,83.86541316384641,43.13458683615359,74bff84c-0733-446b-a298-2f91515a201d
2026-02-16,2933d8b7-2438-521b-b38d-d3a5224f87fc,43616d97-2221-569d-82eb-bcc14bcd6344,Analgésico,65,84.0,74.78961419718988,81.72906494140625,78.84143781321771,13.84143781321771,74bff84c-0733-446b-a298-2f91515a201d
2026-02-23,2933d8b7-2438-521b-b38d-d3a5224f87fc,43616d97-2221-569d-82eb-bcc14bcd6344,Analgésico,42,90.0,73.37220328068,82.27989196777344,77.39051573490363,35.39051573490363,74bff84c-0733-446b-a298-2f91515a201d
2026-03-02,2933d8b7-2438-521b-b38d-d3a5224f87fc,43616d97-2221-569d-82eb-bcc14bcd6344,Analgésico,57,78.0,71.88044793780217,81.41326141357422,74.98073632891546,17.980736328915455,74bff84c-0733-446b-a298-2f91515a201d
2026-03-09,2933d8b7-2438-521b-b38d-d3a5224f87fc,43616d97-2221-569d-82eb-bcc14bcd6344,Analgésico,60,84.0,72.72146157202033,81.3115234375,75.53798893865851,15.537988938658515,74bff84c-0733-446b-a298-2f91515a201d
2026-03-16,2933d8b7-2438-521b-b38d-d3a5224f87fc,43616d97-2221-569d-82eb-bcc14bcd6344,Analgésico,73,80.0,72.14649083300306,82.24987030029297,75.88405825777723,2.8840582577772267,74bff84c-0733-446b-a298-2f91515a201d
2026-03-23,2933d8b7-2438-521b-b38d-d3a5224f87fc,43616d97-2221-569d-82eb-bcc14bcd6344,Analgésico,81,54.0,68.3914042101288,81.66622161865234,72.01227003196718,8.987729968032824,74bff84c-0733-446b-a298-2f91515a201d
2026-03-30,2933d8b7-2438-521b-b38d-d3a5224f87fc,43616d97-2221-569d-82eb-bcc14bcd6344,Analgésico,60,88.0,73.30156041776253,83.42506408691406,78.72262670194222,18.722626701942218,74bff84c-0733-446b-a298-2f91515a201d
2026-04-06,2933d8b7-2438-521b-b38d-d3a5224f87fc,43616d97-2221-569d-82eb-bcc14bcd6344,Analgésico,69,68.0,70.41324772612234,79.59806823730469,72.39185824171682,3.391858241716818,74bff84c-0733-446b-a298-2f91515a201d
2026-04-13,2933d8b7-2438-521b-b38d-d3a5224f87fc,43616d97-2221-569d-82eb-bcc14bcd6344,Analgésico,35,51.0,67.9581849685517,81.36849212646484,70.55487800749214,35.554878007492135,74bff84c-0733-446b-a298-2f91515a201d
2026-04-20,2933d8b7-2438-521b-b38d-d3a5224f87fc,43616d97-2221-569d-82eb-bcc14bcd6344,Analgésico,73,60.0,69.25792421744177,83.32948303222656,73.33444036886999,0.3344403688699913,74bff84c-0733-446b-a298-2f91515a201d
2026-04-27,2933d8b7-2438-521b-b38d-d3a5224f87fc,43616d97-2221-569d-82eb-bcc14bcd6344,Analgésico,80,112.0,76.76752897471673,89.21990203857422,83.60221859187371,3.602218591873708,74bff84c-0733-446b-a298-2f91515a201d
2026-05-04,2933d8b7-2438-521b-b38d-d3a5224f87fc,43616d97-2221-569d-82eb-bcc14bcd6344,Analgésico,100,89.0,73.44597302564159,91.22506713867188,80.91112528928295,19.08887471071705,74bff84c-0733-446b-a298-2f91515a201d
2026-02-16,2933d8b7-2438-521b-b38d-d3a5224f87fc,7fb983e8-6848-5425-97a2-14da72722d0f,Analgésico,44,53.0,62.518784199132625,71.82290649414062,65.22329178847284,21.223291788472835,74bff84c-0733-446b-a298-2f91515a201d
2026-02-23,2933d8b7-2438-521b-b38d-d3a5224f87fc,7fb983e8-6848-5425-97a2-14da72722d0f,Analgésico,55,59.0,65.43459842354743,70.8225326538086,68.72009966523139,13.720099665231388,74bff84c-0733-446b-a298-2f91515a201d
2026-03-02,2933d8b7-2438-521b-b38d-d3a5224f87fc,7fb983e8-6848-5425-97a2-14da72722d0f,Analgésico,71,102.0,69.14760667815274,72.00902557373047,72.35824019446439,1.3582401944643863,74bff84c-0733-446b-a298-2f91515a201d
2026-03-09,2933d8b7-2438-521b-b38d-d3a5224f87fc,7fb983e8-6848-5425-97a2-14da72722d0f,Analgésico,76,60.0,66.16068101561649,69.3048324584961,68.32929373419864,7.670706265801357,74bff84c-0733-446b-a298-2f91515a201d
2026-03-16,2933d8b7-2438-521b-b38d-d3a5224f87fc,7fb983e8-6848-5425-97a2-14da72722d0f,Analgésico,51,77.0,67.44189646432008,70.37279510498047,70.89056709000673,19.890567090006726,74bff84c-0733-446b-a298-2f91515a201d
2026-03-23,2933d8b7-2438-521b-b38d-d3a5224f87fc,7fb983e8-6848-5425-97a2-14da72722d0f,Analgésico,59,71.0,67.0040539751469,70.44001007080078,70.31442704300274,11.314427043002738,74bff84c-0733-446b-a298-2f91515a201d
2026-03-30,2933d8b7-2438-521b-b38d-d3a5224f87fc,7fb983e8-6848-5425-97a2-14da72722d0f,Analgésico,85,80.0,67.67019260094304,71.3560562133789,72.34138572380681,12.658614276193191,74bff84c-0733-446b-a298-2f91515a201d
2026-04-06,2933d8b7-2438-521b-b38d-d3a5224f87fc,7fb983e8-6848-5425-97a2-14da72722d0f,Analgésico,64,57.0,65.97112023293586,69.92578125,67.02837335526557,3.028373355265572,74bff84c-0733-446b-a298-2f91515a201d
2026-04-13,2933d8b7-2438-521b-b38d-d3a5224f87fc,7fb983e8-6848-5425-97a2-14da72722d0f,Analgésico,43,68.0,66.78389843026835,69.72083282470703,68.01596434632975,25.015964346329753,74bff84c-0733-446b-a298-2f91515a201d
2026-04-20,2933d8b7-2438-521b-b38d-d3a5224f87fc,7fb983e8-6848-5425-97a2-14da72722d0f,Analgésico,58,88.0,68.26158787987207,71.68182373046875,71.52173664352868,13.521736643528683,74bff84c-0733-446b-a298-2f91515a201d
2026-04-27,2933d8b7-2438-521b-b38d-d3a5224f87fc,7fb983e8-6848-5425-97a2-14da72722d0f,Analgésico,91,80.0,67.67051953871587,76.5776138305664,74.1358887632642,16.864111236735795,74bff84c-0733-446b-a298-2f91515a201d
2026-05-04,2933d8b7-2438-521b-b38d-d3a5224f87fc,7fb983e8-6848-5425-97a2-14da72722d0f,Analgésico,84,64.0,66.48837819416258,76.86138153076172,71.70679583866331,12.29320416133669,74bff84c-0733-446b-a298-2f91515a201d
2026-02-16,2933d8b7-2438-521b-b38d-d3a5224f87fc,8ecedccf-c230-516b-bbc2-108f7a6fbe63,Analgésico,79,63.0,61.993845728169376,68.25880432128906,66.35079601121991,12.649203988780087,74bff84c-0733-446b-a298-2f91515a201d
2026-02-23,2933d8b7-2438-521b-b38d-d3a5224f87fc,8ecedccf-c230-516b-bbc2-108f7a6fbe63,Analgésico,81,55.0,62.48112316978974,66.83137512207031,66.05419369591279,14.945806304087213,74bff84c-0733-446b-a298-2f91515a201d
2026-03-02,2933d8b7-2438-521b-b38d-d3a5224f87fc,8ecedccf-c230-516b-bbc2-108f7a6fbe63,Analgésico,70,69.0,70.35901326220093,66.51564025878906,73.43511647265015,3.435116472650151,74bff84c-0733-446b-a298-2f91515a201d
2026-03-09,2933d8b7-2438-521b-b38d-d3a5224f87fc,8ecedccf-c230-516b-bbc2-108f7a6fbe63,Analgésico,59,75.0,73.76580677099254,67.48731994628906,75.71689853734996,16.716898537349962,74bff84c-0733-446b-a298-2f91515a201d
2026-03-16,2933d8b7-2438-521b-b38d-d3a5224f87fc,8ecedccf-c230-516b-bbc2-108f7a6fbe63,Analgésico,92,42.0,59.726948427325624,69.93287658691406,61.46968846238269,30.530311537617308,74bff84c-0733-446b-a298-2f91515a201d
2026-03-23,2933d8b7-2438-521b-b38d-d3a5224f87fc,8ecedccf-c230-516b-bbc2-108f7a6fbe63,Analgésico,63,52.0,64.24495508729973,70.4959945678711,67.35054829179802,4.35054829179802,74bff84c-0733-446b-a298-2f91515a201d
2026-03-30,2933d8b7-2438-521b-b38d-d3a5224f87fc,8ecedccf-c230-516b-bbc2-108f7a6fbe63,Analgésico,84,49.0,63.0066848294836,73.97676086425781,68.56940751243648,15.430592487563516,74bff84c-0733-446b-a298-2f91515a201d
2026-04-06,2933d8b7-2438-521b-b38d-d3a5224f87fc,8ecedccf-c230-516b-bbc2-108f7a6fbe63,Analgésico,65,52.0,64.34618453507021,71.52416229248047,66.31840781693056,1.3184078169305593,74bff84c-0733-446b-a298-2f91515a201d
2026-04-13,2933d8b7-2438-521b-b38d-d3a5224f87fc,8ecedccf-c230-516b-bbc2-108f7a6fbe63,Analgésico,60,48.0,62.615718504894375,71.52416229248047,64.80714811991513,4.8071481199151265,74bff84c-0733-446b-a298-2f91515a201d
2026-04-20,2933d8b7-2438-521b-b38d-d3a5224f87fc,8ecedccf-c230-516b-bbc2-108f7a6fbe63,Analgésico,60,59.0,67.41897087070836,73.7689208984375,71.36694054577245,11.36694054577245,74bff84c-0733-446b-a298-2f91515a201d
2026-04-27,2933d8b7-2438-521b-b38d-d3a5224f87fc,8ecedccf-c230-516b-bbc2-108f7a6fbe63,Analgésico,106,112.0,90.53478968893604,78.90230560302734,98.24001706396656,7.759982936033438,74bff84c-0733-446b-a298-2f91515a201d
2026-05-04,2933d8b7-2438-521b-b38d-d3a5224f87fc,8ecedccf-c230-516b-bbc2-108f7a6fbe63,Analgésico,76,80.0,76.58097163663415,81.0940933227539,82.74846211896447,6.7484621189644685,74bff84c-0733-446b-a298-2f91515a201d
2026-02-16,2933d8b7-2438-521b-b38d-d3a5224f87fc,d6f21f11-7533-52dd-a4dc-2fb8e260c02c,Analgésico,56,60.0,62.99962244899011,65.09195709228516,66.28936348826623,10.289363488266233,74bff84c-0733-446b-a298-2f91515a201d
2026-02-23,2933d8b7-2438-521b-b38d-d3a5224f87fc,d6f21f11-7533-52dd-a4dc-2fb8e260c02c,Analgésico,43,68.0,65.50776063078264,65.71589660644531,68.03367482298235,25.03367482298235,74bff84c-0733-446b-a298-2f91515a201d
2026-03-02,2933d8b7-2438-521b-b38d-d3a5224f87fc,d6f21f11-7533-52dd-a4dc-2fb8e260c02c,Analgésico,59,46.0,58.1870523304043,66.28400421142578,61.08485229912378,2.0848522991237814,74bff84c-0733-446b-a298-2f91515a201d
2026-03-09,2933d8b7-2438-521b-b38d-d3a5224f87fc,d6f21f11-7533-52dd-a4dc-2fb8e260c02c,Analgésico,65,69.0,65.84441173782587,67.82638549804688,68.88684356918573,3.8868435691857286,74bff84c-0733-446b-a298-2f91515a201d
2026-03-16,2933d8b7-2438-521b-b38d-d3a5224f87fc,d6f21f11-7533-52dd-a4dc-2fb8e260c02c,Analgésico,39,53.0,60.51749023634231,68.82513427734375,64.56718429762161,25.56718429762161,74bff84c-0733-446b-a298-2f91515a201d
2026-03-23,2933d8b7-2438-521b-b38d-d3a5224f87fc,d6f21f11-7533-52dd-a4dc-2fb8e260c02c,Analgésico,71,64.0,64.17975029070915,68.46511840820312,67.23442443926872,3.7655755607312784,74bff84c-0733-446b-a298-2f91515a201d
2026-03-30,2933d8b7-2438-521b-b38d-d3a5224f87fc,d6f21f11-7533-52dd-a4dc-2fb8e260c02c,Analgésico,52,91.0,73.16893420020504,71.00894927978516,76.74082932273312,24.74082932273312,74bff84c-0733-446b-a298-2f91515a201d
2026-04-06,2933d8b7-2438-521b-b38d-d3a5224f87fc,d6f21f11-7533-52dd-a4dc-2fb8e260c02c,Analgésico,60,41.0,56.52229733329507,70.26885986328125,57.93896074157449,2.0610392584255095,74bff84c-0733-446b-a298-2f91515a201d
2026-04-13,2933d8b7-2438-521b-b38d-d3a5224f87fc,d6f21f11-7533-52dd-a4dc-2fb8e260c02c,Analgésico,58,61.0,63.18095208004632,70.13287353515625,65.80803585842767,7.808035858427672,74bff84c-0733-446b-a298-2f91515a201d
2026-04-20,2933d8b7-2438-521b-b38d-d3a5224f87fc,d6f21f11-7533-52dd-a4dc-2fb8e260c02c,Analgésico,70,65.0,64.51268302939638,72.09386444091797,68.4897073461841,1.5102926538158954,74bff84c-0733-446b-a298-2f91515a201d
2026-04-27,2933d8b7-2438-521b-b38d-d3a5224f87fc,d6f21f11-7533-52dd-a4dc-2fb8e260c02c,Analgésico,94,67.0,65.17854850407143,76.98965454101562,71.36054151173134,22.63945848826866,74bff84c-0733-446b-a298-2f91515a201d
2026-05-04,2933d8b7-2438-521b-b38d-d3a5224f87fc,d6f21f11-7533-52dd-a4dc-2fb8e260c02c,Analgésico,83,82.0,70.17253956413424,77.393310546875,76.66170725441134,6.33829274558866,74bff84c-0733-446b-a298-2f91515a201d
2026-02-16,2eb3a104-e572-583a-afa0-156ee0dc4cce,26f7241d-a84e-5e4a-a43d-33eea1e54eea,Antihipertensivo,65,73.0,77.94529048622792,53.897762298583984,71.86885015190785,6.86885015190785,74bff84c-0733-446b-a298-2f91515a201d
2026-02-23,2eb3a104-e572-583a-afa0-156ee0dc4cce,26f7241d-a84e-5e4a-a43d-33eea1e54eea,Antihipertensivo,73,87.0,62.460555944821174,46.6118278503418,44.944450292965705,28.055549707034295,74bff84c-0733-446b-a298-2f91515a201d
2026-03-02,2eb3a104-e572-583a-afa0-156ee0dc4cce,26f7241d-a84e-5e4a-a43d-33eea1e54eea,Antihipertensivo,91,89.0,66.74590940967545,47.17448425292969,54.88305731311783,36.11694268688217,74bff84c-0733-446b-a298-2f91515a201d
2026-03-09,2eb3a104-e572-583a-afa0-156ee0dc4cce,26f7241d-a84e-5e4a-a43d-33eea1e54eea,Antihipertensivo,72,44.0,69.38313659028793,43.464317321777344,51.48733504609848,20.51266495390152,74bff84c-0733-446b-a298-2f91515a201d
2026-03-16,2eb3a104-e572-583a-afa0-156ee0dc4cce,26f7241d-a84e-5e4a-a43d-33eea1e54eea,Antihipertensivo,62,69.0,67.57929450819798,44.29525375366211,50.35721618483372,11.642783815166283,74bff84c-0733-446b-a298-2f91515a201d
2026-03-23,2eb3a104-e572-583a-afa0-156ee0dc4cce,26f7241d-a84e-5e4a-a43d-33eea1e54eea,Antihipertensivo,53,47.0,69.41560498403109,41.07557678222656,52.96591893361605,0.0340810663839477,74bff84c-0733-446b-a298-2f91515a201d
2026-03-30,2eb3a104-e572-583a-afa0-156ee0dc4cce,26f7241d-a84e-5e4a-a43d-33eea1e54eea,Antihipertensivo,43,88.0,65.7795736948713,40.48772048950195,49.04255129496896,6.042551294968959,74bff84c-0733-446b-a298-2f91515a201d
2026-04-06,2eb3a104-e572-583a-afa0-156ee0dc4cce,26f7241d-a84e-5e4a-a43d-33eea1e54eea,Antihipertensivo,72,87.0,65.8557284622994,37.499244689941406,49.040888145526935,22.959111854473065,74bff84c-0733-446b-a298-2f91515a201d
2026-04-13,2eb3a104-e572-583a-afa0-156ee0dc4cce,26f7241d-a84e-5e4a-a43d-33eea1e54eea,Antihipertensivo,77,88.0,65.7702517623369,36.878719329833984,49.33765555567186,27.66234444432814,74bff84c-0733-446b-a298-2f91515a201d
2026-04-20,2eb3a104-e572-583a-afa0-156ee0dc4cce,26f7241d-a84e-5e4a-a43d-33eea1e54eea,Antihipertensivo,84,81.0,66.39709116504173,34.805870056152344,49.7184832243679,34.2815167756321,74bff84c-0733-446b-a298-2f91515a201d
2026-04-27,2eb3a104-e572-583a-afa0-156ee0dc4cce,26f7241d-a84e-5e4a-a43d-33eea1e54eea,Antihipertensivo,93,56.0,68.64100051858566,35.04093933105469,52.34756065347335,40.65243934652665,74bff84c-0733-446b-a298-2f91515a201d
2026-05-04,2eb3a104-e572-583a-afa0-156ee0dc4cce,26f7241d-a84e-5e4a-a43d-33eea1e54eea,Antihipertensivo,20,47.0,69.44852505133444,34.9382438659668,51.25711689398581,31.25711689398581,74bff84c-0733-446b-a298-2f91515a201d
2026-02-16,2eb3a104-e572-583a-afa0-156ee0dc4cce,43616d97-2221-569d-82eb-bcc14bcd6344,Antihipertensivo,71,84.0,59.46363439116296,75.29209899902344,69.70902337584315,1.2909766241568548,74bff84c-0733-446b-a298-2f91515a201d
2026-02-23,2eb3a104-e572-583a-afa0-156ee0dc4cce,43616d97-2221-569d-82eb-bcc14bcd6344,Antihipertensivo,62,24.0,66.93345046157212,75.49005889892578,74.19174504393906,12.191745043939065,74bff84c-0733-446b-a298-2f91515a201d
2026-03-02,2eb3a104-e572-583a-afa0-156ee0dc4cce,43616d97-2221-569d-82eb-bcc14bcd6344,Antihipertensivo,80,72.0,62.75773841778526,77.70753479003906,69.9442818824459,10.055718117554093,74bff84c-0733-446b-a298-2f91515a201d
2026-03-09,2eb3a104-e572-583a-afa0-156ee0dc4cce,43616d97-2221-569d-82eb-bcc14bcd6344,Antihipertensivo,19,71.0,62.85109558681949,80.8844985961914,71.55924835781559,52.55924835781559,74bff84c-0733-446b-a298-2f91515a201d
2026-03-16,2eb3a104-e572-583a-afa0-156ee0dc4cce,43616d97-2221-569d-82eb-bcc14bcd6344,Antihipertensivo,49,77.0,62.34761268238827,80.03807067871094,70.36177951435849,21.36177951435849,74bff84c-0733-446b-a298-2f91515a201d
2026-03-23,2eb3a104-e572-583a-afa0-156ee0dc4cce,43616d97-2221-569d-82eb-bcc14bcd6344,Antihipertensivo,85,42.0,65.28115302754146,83.17389678955078,73.25712043476803,11.742879565231974,74bff84c-0733-446b-a298-2f91515a201d
2026-03-30,2eb3a104-e572-583a-afa0-156ee0dc4cce,43616d97-2221-569d-82eb-bcc14bcd6344,Antihipertensivo,93,60.0,63.772491989618395,87.4030990600586,72.64273601580248,20.357263984197516,74bff84c-0733-446b-a298-2f91515a201d
2026-04-06,2eb3a104-e572-583a-afa0-156ee0dc4cce,43616d97-2221-569d-82eb-bcc14bcd6344,Antihipertensivo,68,65.0,63.35342027289342,85.8658447265625,70.9594688568778,2.9594688568778054,74bff84c-0733-446b-a298-2f91515a201d
2026-04-13,2eb3a104-e572-583a-afa0-156ee0dc4cce,43616d97-2221-569d-82eb-bcc14bcd6344,Antihipertensivo,36,50.0,64.61063585150042,89.97186279296875,72.21482906210223,36.214829062102226,74bff84c-0733-446b-a298-2f91515a201d
2026-04-20,2eb3a104-e572-583a-afa0-156ee0dc4cce,43616d97-2221-569d-82eb-bcc14bcd6344,Antihipertensivo,51,58.0,63.94012087194987,90.11221313476562,71.24563234655925,20.245632346559248,74bff84c-0733-446b-a298-2f91515a201d
2026-04-27,2eb3a104-e572-583a-afa0-156ee0dc4cce,43616d97-2221-569d-82eb-bcc14bcd6344,Antihipertensivo,66,82.0,61.928575931552,93.4847183227539,71.09184402084642,5.091844020846423,74bff84c-0733-446b-a298-2f91515a201d
2026-05-04,2eb3a104-e572-583a-afa0-156ee0dc4cce,43616d97-2221-569d-82eb-bcc14bcd6344,Antihipertensivo,66,81.0,62.01239030406932,95.63163757324219,71.25602262065868,5.256022620658683,74bff84c-0733-446b-a298-2f91515a201d
2026-02-16,2eb3a104-e572-583a-afa0-156ee0dc4cce,7fb983e8-6848-5425-97a2-14da72722d0f,Antihipertensivo,74,63.0,61.14652647911933,67.75530242919922,68.8572498792353,5.142750120764703,74bff84c-0733-446b-a298-2f91515a201d
2026-02-23,2eb3a104-e572-583a-afa0-156ee0dc4cce,7fb983e8-6848-5425-97a2-14da72722d0f,Antihipertensivo,71,74.0,59.65634886627786,66.97584533691406,66.78268067246071,4.217319327539286,74bff84c-0733-446b-a298-2f91515a201d
2026-03-02,2eb3a104-e572-583a-afa0-156ee0dc4cce,7fb983e8-6848-5425-97a2-14da72722d0f,Antihipertensivo,30,59.0,61.3703983201441,63.15693664550781,68.1631434335169,38.16314343351689,74bff84c-0733-446b-a298-2f91515a201d
2026-03-09,2eb3a104-e572-583a-afa0-156ee0dc4cce,7fb983e8-6848-5425-97a2-14da72722d0f,Antihipertensivo,65,87.0,58.26182327491825,62.62826156616211,63.58113870842045,1.418861291579553,74bff84c-0733-446b-a298-2f91515a201d
2026-03-16,2eb3a104-e572-583a-afa0-156ee0dc4cce,7fb983e8-6848-5425-97a2-14da72722d0f,Antihipertensivo,59,53.0,62.02545954695873,68.04933166503906,68.16259409896068,9.162594098960682,74bff84c-0733-446b-a298-2f91515a201d
2026-03-23,2eb3a104-e572-583a-afa0-156ee0dc4cce,7fb983e8-6848-5425-97a2-14da72722d0f,Antihipertensivo,68,38.0,63.68449124169058,69.88136291503906,70.22202547859854,2.222025478598539,74bff84c-0733-446b-a298-2f91515a201d
2026-03-30,2eb3a104-e572-583a-afa0-156ee0dc4cce,7fb983e8-6848-5425-97a2-14da72722d0f,Antihipertensivo,90,84.0,58.595546601442955,69.8114242553711,66.36694514575447,23.63305485424553,74bff84c-0733-446b-a298-2f91515a201d
2026-04-06,2eb3a104-e572-583a-afa0-156ee0dc4cce,7fb983e8-6848-5425-97a2-14da72722d0f,Antihipertensivo,52,73.0,59.81247156760532,69.71343994140625,65.19761007926303,13.197610079263029,74bff84c-0733-446b-a298-2f91515a201d
2026-04-13,2eb3a104-e572-583a-afa0-156ee0dc4cce,7fb983e8-6848-5425-97a2-14da72722d0f,Antihipertensivo,44,68.0,60.365630640762696,73.99061584472656,66.09612370945777,22.09612370945777,74bff84c-0733-446b-a298-2f91515a201d
2026-04-20,2eb3a104-e572-583a-afa0-156ee0dc4cce,7fb983e8-6848-5425-97a2-14da72722d0f,Antihipertensivo,43,75.0,59.59121210154612,73.96060943603516,65.26858026560862,22.26858026560862,74bff84c-0733-446b-a298-2f91515a201d
2026-04-27,2eb3a104-e572-583a-afa0-156ee0dc4cce,7fb983e8-6848-5425-97a2-14da72722d0f,Antihipertensivo,67,69.0,60.25499896536826,76.64717102050781,67.66709260474204,0.667092604742038,74bff84c-0733-446b-a298-2f91515a201d
2026-05-04,2eb3a104-e572-583a-afa0-156ee0dc4cce,7fb983e8-6848-5425-97a2-14da72722d0f,Antihipertensivo,80,27.0,64.90150601553695,77.30244445800781,71.7629557340123,8.237044265987706,74bff84c-0733-446b-a298-2f91515a201d
2026-02-16,2eb3a104-e572-583a-afa0-156ee0dc4cce,8ecedccf-c230-516b-bbc2-108f7a6fbe63,Antihipertensivo,59,30.0,70.14750601675354,33.63402557373047,58.109343785308226,0.8906562146917736,74bff84c-0733-446b-a298-2f91515a201d
2026-02-23,2eb3a104-e572-583a-afa0-156ee0dc4cce,8ecedccf-c230-516b-bbc2-108f7a6fbe63,Antihipertensivo,82,95.0,55.4966975535101,32.51520919799805,27.54374802958432,54.45625197041568,74bff84c-0733-446b-a298-2f91515a201d
2026-03-02,2eb3a104-e572-583a-afa0-156ee0dc4cce,8ecedccf-c230-516b-bbc2-108f7a6fbe63,Antihipertensivo,65,57.0,61.80909987940792,29.52089500427246,52.777319636487995,12.222680363512005,74bff84c-0733-446b-a298-2f91515a201d
2026-03-09,2eb3a104-e572-583a-afa0-156ee0dc4cce,8ecedccf-c230-516b-bbc2-108f7a6fbe63,Antihipertensivo,84,56.0,59.39370780774054,28.108543395996094,32.907492216309876,51.092507783690124,74bff84c-0733-446b-a298-2f91515a201d
2026-03-16,2eb3a104-e572-583a-afa0-156ee0dc4cce,8ecedccf-c230-516b-bbc2-108f7a6fbe63,Antihipertensivo,76,70.0,60.21805239557403,26.078277587890625,51.7517247283377,24.2482752716623,74bff84c-0733-446b-a298-2f91515a201d
2026-03-23,2eb3a104-e572-583a-afa0-156ee0dc4cce,8ecedccf-c230-516b-bbc2-108f7a6fbe63,Antihipertensivo,23,69.0,59.80238599803879,24.787906646728516,31.5829741480632,8.582974148063201,74bff84c-0733-446b-a298-2f91515a201d
2026-03-30,2eb3a104-e572-583a-afa0-156ee0dc4cce,8ecedccf-c230-516b-bbc2-108f7a6fbe63,Antihipertensivo,80,22.0,60.6461222873822,22.906341552734375,52.79472381936462,27.20527618063538,74bff84c-0733-446b-a298-2f91515a201d
2026-04-06,2eb3a104-e572-583a-afa0-156ee0dc4cce,8ecedccf-c230-516b-bbc2-108f7a6fbe63,Antihipertensivo,35,67.0,59.93533089343784,19.819292068481445,31.61082604114292,3.3891739588570786,74bff84c-0733-446b-a298-2f91515a201d
2026-04-13,2eb3a104-e572-583a-afa0-156ee0dc4cce,8ecedccf-c230-516b-bbc2-108f7a6fbe63,Antihipertensivo,72,62.0,60.03783620457362,16.50535011291504,50.535539756819716,21.464460243180284,74bff84c-0733-446b-a298-2f91515a201d
2026-04-20,2eb3a104-e572-583a-afa0-156ee0dc4cce,8ecedccf-c230-516b-bbc2-108f7a6fbe63,Antihipertensivo,61,80.0,59.770481160153466,16.194610595703125,32.503439000119286,28.496560999880714,74bff84c-0733-446b-a298-2f91515a201d
2026-04-27,2eb3a104-e572-583a-afa0-156ee0dc4cce,8ecedccf-c230-516b-bbc2-108f7a6fbe63,Antihipertensivo,38,59.0,60.07236159997421,17.809160232543945,51.171595227293544,13.171595227293544,74bff84c-0733-446b-a298-2f91515a201d
2026-05-04,2eb3a104-e572-583a-afa0-156ee0dc4cce,8ecedccf-c230-516b-bbc2-108f7a6fbe63,Antihipertensivo,68,50.0,60.19693569035865,15.301020622253418,33.68747333379127,34.31252666620873,74bff84c-0733-446b-a298-2f91515a201d
2026-02-16,2eb3a104-e572-583a-afa0-156ee0dc4cce,d6f21f11-7533-52dd-a4dc-2fb8e260c02c,Antihipertensivo,57,57.0,53.088945215422726,59.99382400512695,62.27387601681433,5.273876016814327,74bff84c-0733-446b-a298-2f91515a201d
2026-02-23,2eb3a104-e572-583a-afa0-156ee0dc4cce,d6f21f11-7533-52dd-a4dc-2fb8e260c02c,Antihipertensivo,66,48.0,53.81447681454835,61.302215576171875,62.117363777438975,3.8826362225610254,74bff84c-0733-446b-a298-2f91515a201d
2026-03-02,2eb3a104-e572-583a-afa0-156ee0dc4cce,d6f21f11-7533-52dd-a4dc-2fb8e260c02c,Antihipertensivo,48,67.0,52.38915634487645,60.62594223022461,59.74377298687474,11.743772986874738,74bff84c-0733-446b-a298-2f91515a201d
2026-03-09,2eb3a104-e572-583a-afa0-156ee0dc4cce,d6f21f11-7533-52dd-a4dc-2fb8e260c02c,Antihipertensivo,60,67.0,52.389178093407224,61.459815979003906,60.541250999901365,0.541250999901365,74bff84c-0733-446b-a298-2f91515a201d
2026-03-16,2eb3a104-e572-583a-afa0-156ee0dc4cce,d6f21f11-7533-52dd-a4dc-2fb8e260c02c,Antihipertensivo,67,27.0,55.3920460882764,62.5693244934082,63.34906970888187,3.6509302911181294,74bff84c-0733-446b-a298-2f91515a201d
2026-03-23,2eb3a104-e572-583a-afa0-156ee0dc4cce,d6f21f11-7533-52dd-a4dc-2fb8e260c02c,Antihipertensivo,52,47.0,53.89061232737452,62.27565002441406,61.581629955090584,9.581629955090584,74bff84c-0733-446b-a298-2f91515a201d
2026-03-30,2eb3a104-e572-583a-afa0-156ee0dc4cce,d6f21f11-7533-52dd-a4dc-2fb8e260c02c,Antihipertensivo,35,54.0,53.365110507938304,65.21697235107422,61.96829234692756,26.968292346927562,74bff84c-0733-446b-a298-2f91515a201d
2026-04-06,2eb3a104-e572-583a-afa0-156ee0dc4cce,d6f21f11-7533-52dd-a4dc-2fb8e260c02c,Antihipertensivo,52,49.0,53.740468950538286,67.2614974975586,60.65739962604488,8.657399626044878,74bff84c-0733-446b-a298-2f91515a201d
2026-04-13,2eb3a104-e572-583a-afa0-156ee0dc4cce,d6f21f11-7533-52dd-a4dc-2fb8e260c02c,Antihipertensivo,63,55.0,53.29003881942335,69.07437896728516,60.29398846160475,2.706011538395252,74bff84c-0733-446b-a298-2f91515a201d
2026-04-20,2eb3a104-e572-583a-afa0-156ee0dc4cce,d6f21f11-7533-52dd-a4dc-2fb8e260c02c,Antihipertensivo,38,56.0,53.214967130904185,70.35047149658203,60.952614187483775,22.952614187483775,74bff84c-0733-446b-a298-2f91515a201d
2026-04-27,2eb3a104-e572-583a-afa0-156ee0dc4cce,d6f21f11-7533-52dd-a4dc-2fb8e260c02c,Antihipertensivo,63,55.0,53.29003881942335,75.26974487304688,63.22595572005812,0.22595572005811704,74bff84c-0733-446b-a298-2f91515a201d
2026-05-04,2eb3a104-e572-583a-afa0-156ee0dc4cce,d6f21f11-7533-52dd-a4dc-2fb8e260c02c,Antihipertensivo,55,48.0,53.81554063905754,78.80145263671875,63.999206868305585,8.999206868305585,74bff84c-0733-446b-a298-2f91515a201d
2026-02-16,38adf7ba-476e-5e6b-9163-781a13538253,26f7241d-a84e-5e4a-a43d-33eea1e54eea,Antihistamínico,147,122.0,153.05354491497928,144.2598419189453,154.40177861477787,7.401778614777868,74bff84c-0733-446b-a298-2f91515a201d
2026-02-23,38adf7ba-476e-5e6b-9163-781a13538253,26f7241d-a84e-5e4a-a43d-33eea1e54eea,Antihistamínico,168,192.0,160.205726349655,142.98507690429688,158.79136582643113,9.208634173568868,74bff84c-0733-446b-a298-2f91515a201d
2026-03-02,38adf7ba-476e-5e6b-9163-781a13538253,26f7241d-a84e-5e4a-a43d-33eea1e54eea,Antihistamínico,170,146.0,158.50843742502,140.09205627441406,159.6147935689714,10.385206431028593,74bff84c-0733-446b-a298-2f91515a201d
2026-03-09,38adf7ba-476e-5e6b-9163-781a13538253,26f7241d-a84e-5e4a-a43d-33eea1e54eea,Antihistamínico,199,128.0,162.867163638479,137.3867645263672,163.9086528819864,35.0913471180136,74bff84c-0733-446b-a298-2f91515a201d
2026-03-16,38adf7ba-476e-5e6b-9163-781a13538253,26f7241d-a84e-5e4a-a43d-33eea1e54eea,Antihistamínico,106,139.0,160.66027899334424,138.77197265625,155.36318274090283,49.36318274090283,74bff84c-0733-446b-a298-2f91515a201d
2026-03-23,38adf7ba-476e-5e6b-9163-781a13538253,26f7241d-a84e-5e4a-a43d-33eea1e54eea,Antihistamínico,103,85.0,166.28037216086014,140.20254516601562,169.03036190886124,66.03036190886124,74bff84c-0733-446b-a298-2f91515a201d
2026-03-30,38adf7ba-476e-5e6b-9163-781a13538253,26f7241d-a84e-5e4a-a43d-33eea1e54eea,Antihistamínico,219,151.0,159.81246887108898,140.4864959716797,160.44702909848309,58.552970901516915,74bff84c-0733-446b-a298-2f91515a201d
2026-04-06,38adf7ba-476e-5e6b-9163-781a13538253,26f7241d-a84e-5e4a-a43d-33eea1e54eea,Antihistamínico,108,111.0,163.69486444958176,131.2281036376953,153.99098795422043,45.99098795422043,74bff84c-0733-446b-a298-2f91515a201d
2026-04-13,38adf7ba-476e-5e6b-9163-781a13538253,26f7241d-a84e-5e4a-a43d-33eea1e54eea,Antihistamínico,102,72.0,167.34052055145773,131.91453552246094,164.20292394424948,62.20292394424948,74bff84c-0733-446b-a298-2f91515a201d
2026-04-20,38adf7ba-476e-5e6b-9163-781a13538253,26f7241d-a84e-5e4a-a43d-33eea1e54eea,Antihistamínico,94,83.0,166.3190721667093,124.82057189941406,155.4645914233011,61.4645914233011,74bff84c-0733-446b-a298-2f91515a201d
2026-04-27,38adf7ba-476e-5e6b-9163-781a13538253,26f7241d-a84e-5e4a-a43d-33eea1e54eea,Antihistamínico,91,107.0,164.04053458247998,131.1468963623047,167.2263060477815,76.22630604778149,74bff84c-0733-446b-a298-2f91515a201d
2026-05-04,38adf7ba-476e-5e6b-9163-781a13538253,26f7241d-a84e-5e4a-a43d-33eea1e54eea,Antihistamínico,70,96.0,165.08470373595077,133.08090209960938,160.31332140410262,90.31332140410262,74bff84c-0733-446b-a298-2f91515a201d
2026-02-16,38adf7ba-476e-5e6b-9163-781a13538253,43616d97-2221-569d-82eb-bcc14bcd6344,Antihistamínico,211,127.0,138.3792096002866,120.80754089355469,128.528413854437,82.47158614556301,74bff84c-0733-446b-a298-2f91515a201d
2026-02-23,38adf7ba-476e-5e6b-9163-781a13538253,43616d97-2221-569d-82eb-bcc14bcd6344,Antihistamínico,82,104.0,136.6705354248723,119.42292022705078,109.88893447272386,27.88893447272386,74bff84c-0733-446b-a298-2f91515a201d
2026-03-02,38adf7ba-476e-5e6b-9163-781a13538253,43616d97-2221-569d-82eb-bcc14bcd6344,Antihistamínico,200,139.0,141.40600339218298,114.37449645996094,127.02195588394324,72.97804411605676,74bff84c-0733-446b-a298-2f91515a201d
2026-03-09,38adf7ba-476e-5e6b-9163-781a13538253,43616d97-2221-569d-82eb-bcc14bcd6344,Antihistamínico,146,140.0,141.61466666352126,114.32523345947266,128.47934981476638,17.52065018523362,74bff84c-0733-446b-a298-2f91515a201d
2026-03-16,38adf7ba-476e-5e6b-9163-781a13538253,43616d97-2221-569d-82eb-bcc14bcd6344,Antihistamínico,142,152.0,143.33582643578103,87.01128387451172,123.8834033400779,18.116596659922095,74bff84c-0733-446b-a298-2f91515a201d
2026-03-23,38adf7ba-476e-5e6b-9163-781a13538253,43616d97-2221-569d-82eb-bcc14bcd6344,Antihistamínico,127,164.0,145.0723276107814,90.7247543334961,134.46638679199478,7.466386791994779,74bff84c-0733-446b-a298-2f91515a201d
2026-03-30,38adf7ba-476e-5e6b-9163-781a13538253,43616d97-2221-569d-82eb-bcc14bcd6344,Antihistamínico,84,122.0,139.00298991989035,82.95121002197266,127.33826938461203,43.33826938461203,74bff84c-0733-446b-a298-2f91515a201d
2026-04-06,38adf7ba-476e-5e6b-9163-781a13538253,43616d97-2221-569d-82eb-bcc14bcd6344,Antihistamínico,145,67.0,131.0558146887647,75.76580047607422,109.45932955082526,35.54067044917474,74bff84c-0733-446b-a298-2f91515a201d
2026-04-13,38adf7ba-476e-5e6b-9163-781a13538253,43616d97-2221-569d-82eb-bcc14bcd6344,Antihistamínico,85,109.0,137.12462386339507,77.16688537597656,115.85583457201324,30.855834572013237,74bff84c-0733-446b-a298-2f91515a201d
2026-04-20,38adf7ba-476e-5e6b-9163-781a13538253,43616d97-2221-569d-82eb-bcc14bcd6344,Antihistamínico,87,80.0,132.93424570301832,72.209228515625,112.93367922047437,25.933679220474374,74bff84c-0733-446b-a298-2f91515a201d
2026-04-27,38adf7ba-476e-5e6b-9163-781a13538253,43616d97-2221-569d-82eb-bcc14bcd6344,Antihistamínico,60,85.0,133.65672458773903,74.70928955078125,118.60395397311501,58.60395397311501,74bff84c-0733-446b-a298-2f91515a201d
2026-05-04,38adf7ba-476e-5e6b-9163-781a13538253,43616d97-2221-569d-82eb-bcc14bcd6344,Antihistamínico,55,141.0,141.7484972470295,72.66273498535156,130.25982403688545,75.25982403688545,74bff84c-0733-446b-a298-2f91515a201d
2026-02-16,38adf7ba-476e-5e6b-9163-781a13538253,7fb983e8-6848-5425-97a2-14da72722d0f,Antihistamínico,141,90.0,140.9183975136554,125.82653045654297,133.97297057273744,7.027029427262562,74bff84c-0733-446b-a298-2f91515a201d
2026-02-23,38adf7ba-476e-5e6b-9163-781a13538253,7fb983e8-6848-5425-97a2-14da72722d0f,Antihistamínico,113,164.0,139.63597204149778,113.5308609008789,139.73559974492605,26.73559974492605,74bff84c-0733-446b-a298-2f91515a201d
2026-03-02,38adf7ba-476e-5e6b-9163-781a13538253,7fb983e8-6848-5425-97a2-14da72722d0f,Antihistamínico,120,75.0,117.33465520055773,120.62286376953125,108.48214951665881,11.517850483341192,74bff84c-0733-446b-a298-2f91515a201d
2026-03-09,38adf7ba-476e-5e6b-9163-781a13538253,7fb983e8-6848-5425-97a2-14da72722d0f,Antihistamínico,188,97.0,119.46622229697938,103.87944793701172,116.92902685287233,71.07097314712767,74bff84c-0733-446b-a298-2f91515a201d
2026-03-16,38adf7ba-476e-5e6b-9163-781a13538253,7fb983e8-6848-5425-97a2-14da72722d0f,Antihistamínico,145,159.0,148.97313155390705,98.60676574707031,143.49590529658283,1.5040947034171666,74bff84c-0733-446b-a298-2f91515a201d
2026-03-23,38adf7ba-476e-5e6b-9163-781a13538253,7fb983e8-6848-5425-97a2-14da72722d0f,Antihistamínico,92,99.0,122.09025461011132,100.463623046875,122.84904689126213,30.849046891262134,74bff84c-0733-446b-a298-2f91515a201d
2026-03-30,38adf7ba-476e-5e6b-9163-781a13538253,7fb983e8-6848-5425-97a2-14da72722d0f,Antihistamínico,66,100.0,123.24965763480634,101.29985809326172,124.70974243075818,58.70974243075818,74bff84c-0733-446b-a298-2f91515a201d
2026-04-06,38adf7ba-476e-5e6b-9163-781a13538253,7fb983e8-6848-5425-97a2-14da72722d0f,Antihistamínico,93,56.0,104.3428434820274,86.37232208251953,99.81963867856061,6.819638678560608,74bff84c-0733-446b-a298-2f91515a201d
2026-04-13,38adf7ba-476e-5e6b-9163-781a13538253,7fb983e8-6848-5425-97a2-14da72722d0f,Antihistamínico,56,71.0,110.83266419999345,85.47562408447266,100.62307042710526,44.62307042710526,74bff84c-0733-446b-a298-2f91515a201d
2026-04-20,38adf7ba-476e-5e6b-9163-781a13538253,7fb983e8-6848-5425-97a2-14da72722d0f,Antihistamínico,99,68.0,109.49105320796878,87.3519515991211,104.44581948146731,5.445819481467311,74bff84c-0733-446b-a298-2f91515a201d
2026-04-27,38adf7ba-476e-5e6b-9163-781a13538253,7fb983e8-6848-5425-97a2-14da72722d0f,Antihistamínico,69,67.0,109.1049052085852,86.84750366210938,106.63516624831908,37.63516624831908,74bff84c-0733-446b-a298-2f91515a201d
2026-05-04,38adf7ba-476e-5e6b-9163-781a13538253,7fb983e8-6848-5425-97a2-14da72722d0f,Antihistamínico,70,50.0,101.91691501786526,88.05782318115234,102.11753076662835,32.11753076662835,74bff84c-0733-446b-a298-2f91515a201d
2026-02-16,38adf7ba-476e-5e6b-9163-781a13538253,8ecedccf-c230-516b-bbc2-108f7a6fbe63,Antihistamínico,204,82.0,127.27640159324028,124.88566589355469,126.66357059672691,77.33642940327309,74bff84c-0733-446b-a298-2f91515a201d
2026-02-23,38adf7ba-476e-5e6b-9163-781a13538253,8ecedccf-c230-516b-bbc2-108f7a6fbe63,Antihistamínico,108,114.0,133.21587808424917,133.93260192871094,129.18519408995596,21.185194089955957,74bff84c-0733-446b-a298-2f91515a201d
2026-03-02,38adf7ba-476e-5e6b-9163-781a13538253,8ecedccf-c230-516b-bbc2-108f7a6fbe63,Antihistamínico,189,122.0,138.09193588935085,124.34394073486328,144.02909685813137,44.97090314186863,74bff84c-0733-446b-a298-2f91515a201d
2026-03-09,38adf7ba-476e-5e6b-9163-781a13538253,8ecedccf-c230-516b-bbc2-108f7a6fbe63,Antihistamínico,129,74.0,119.91483602452975,130.58145141601562,116.45845088887911,12.541549111120887,74bff84c-0733-446b-a298-2f91515a201d
2026-03-16,38adf7ba-476e-5e6b-9163-781a13538253,8ecedccf-c230-516b-bbc2-108f7a6fbe63,Antihistamínico,139,94.0,127.43839073372737,127.06307220458984,127.19439818156616,11.805601818433843,74bff84c-0733-446b-a298-2f91515a201d
2026-03-23,38adf7ba-476e-5e6b-9163-781a13538253,8ecedccf-c230-516b-bbc2-108f7a6fbe63,Antihistamínico,134,143.0,145.23349060392044,129.2349395751953,147.18805314874314,13.188053148743137,74bff84c-0733-446b-a298-2f91515a201d
2026-03-30,38adf7ba-476e-5e6b-9163-781a13538253,8ecedccf-c230-516b-bbc2-108f7a6fbe63,Antihistamínico,144,82.0,123.00993523643564,123.38446807861328,120.7888434891517,23.211156510848298,74bff84c-0733-446b-a298-2f91515a201d
2026-04-06,38adf7ba-476e-5e6b-9163-781a13538253,8ecedccf-c230-516b-bbc2-108f7a6fbe63,Antihistamínico,59,78.0,121.54180543373677,115.0692367553711,119.93194584797475,60.931945847974745,74bff84c-0733-446b-a298-2f91515a201d
2026-04-13,38adf7ba-476e-5e6b-9163-781a13538253,8ecedccf-c230-516b-bbc2-108f7a6fbe63,Antihistamínico,102,60.0,114.97928086127904,116.67041778564453,109.0355853160825,7.0355853160825035,74bff84c-0733-446b-a298-2f91515a201d
2026-04-20,38adf7ba-476e-5e6b-9163-781a13538253,8ecedccf-c230-516b-bbc2-108f7a6fbe63,Antihistamínico,87,69.0,118.26103565055239,116.09349822998047,111.97202417212831,24.972024172128314,74bff84c-0733-446b-a298-2f91515a201d
2026-04-27,38adf7ba-476e-5e6b-9163-781a13538253,8ecedccf-c230-516b-bbc2-108f7a6fbe63,Antihistamínico,67,64.0,116.43761135640179,123.10276794433594,122.83659960331951,55.83659960331951,74bff84c-0733-446b-a298-2f91515a201d
2026-05-04,38adf7ba-476e-5e6b-9163-781a13538253,8ecedccf-c230-516b-bbc2-108f7a6fbe63,Antihistamínico,72,55.0,113.15467114856678,123.37164306640625,120.60586924961048,48.60586924961048,74bff84c-0733-446b-a298-2f91515a201d
2026-02-16,38adf7ba-476e-5e6b-9163-781a13538253,d6f21f11-7533-52dd-a4dc-2fb8e260c02c,Antihistamínico,90,132.0,134.68349221695576,111.91254425048828,117.9676165913454,27.967616591345404,74bff84c-0733-446b-a298-2f91515a201d
2026-02-23,38adf7ba-476e-5e6b-9163-781a13538253,d6f21f11-7533-52dd-a4dc-2fb8e260c02c,Antihistamínico,82,111.0,121.07359400661294,108.8603515625,109.07353487880532,27.07353487880532,74bff84c-0733-446b-a298-2f91515a201d
2026-03-02,38adf7ba-476e-5e6b-9163-781a13538253,d6f21f11-7533-52dd-a4dc-2fb8e260c02c,Antihistamínico,71,130.0,126.77313744532796,93.07012939453125,113.97301899897786,42.973018998977864,74bff84c-0733-446b-a298-2f91515a201d
2026-03-09,38adf7ba-476e-5e6b-9163-781a13538253,d6f21f11-7533-52dd-a4dc-2fb8e260c02c,Antihistamínico,117,128.0,125.42333045018238,84.80937957763672,111.70531859410328,5.294681405896725,74bff84c-0733-446b-a298-2f91515a201d
2026-03-16,38adf7ba-476e-5e6b-9163-781a13538253,d6f21f11-7533-52dd-a4dc-2fb8e260c02c,Antihistamínico,160,165.0,129.9566438833542,85.46288299560547,114.77358895934296,45.22641104065704,74bff84c-0733-446b-a298-2f91515a201d
2026-03-23,38adf7ba-476e-5e6b-9163-781a13538253,d6f21f11-7533-52dd-a4dc-2fb8e260c02c,Antihistamínico,88,123.0,125.10179553056744,79.53373718261719,113.68688139940289,25.686881399402893,74bff84c-0733-446b-a298-2f91515a201d
2026-03-30,38adf7ba-476e-5e6b-9163-781a13538253,d6f21f11-7533-52dd-a4dc-2fb8e260c02c,Antihistamínico,136,142.0,127.28273339236519,81.75332641601562,118.28968377078316,17.710316229216843,74bff84c-0733-446b-a298-2f91515a201d
2026-04-06,38adf7ba-476e-5e6b-9163-781a13538253,d6f21f11-7533-52dd-a4dc-2fb8e260c02c,Antihistamínico,96,91.0,121.51281451727979,70.47613525390625,107.94151591803663,11.941515918036629,74bff84c-0733-446b-a298-2f91515a201d
2026-04-13,38adf7ba-476e-5e6b-9163-781a13538253,d6f21f11-7533-52dd-a4dc-2fb8e260c02c,Antihistamínico,90,88.0,121.1776240005256,70.27162170410156,110.40541578671944,20.405415786719445,74bff84c-0733-446b-a298-2f91515a201d
2026-04-20,38adf7ba-476e-5e6b-9163-781a13538253,d6f21f11-7533-52dd-a4dc-2fb8e260c02c,Antihistamínico,102,81.0,120.3860930596303,67.14884948730469,105.4887017403554,3.4887017403553955,74bff84c-0733-446b-a298-2f91515a201d
2026-04-27,38adf7ba-476e-5e6b-9163-781a13538253,d6f21f11-7533-52dd-a4dc-2fb8e260c02c,Antihistamínico,69,83.0,120.61227908060954,67.409423828125,104.3300677768986,35.3300677768986,74bff84c-0733-446b-a298-2f91515a201d
2026-05-04,38adf7ba-476e-5e6b-9163-781a13538253,d6f21f11-7533-52dd-a4dc-2fb8e260c02c,Antihistamínico,70,85.0,120.83799710752803,70.56995391845703,111.71273580076533,41.71273580076533,74bff84c-0733-446b-a298-2f91515a201d
2026-02-16,4d9429b6-2ebf-5b5d-ac48-f779d5a1e270,26f7241d-a84e-5e4a-a43d-33eea1e54eea,Antibiótico,24,27.0,26.87263979335793,28.235885620117188,29.72835792919167,5.72835792919167,74bff84c-0733-446b-a298-2f91515a201d
2026-02-23,4d9429b6-2ebf-5b5d-ac48-f779d5a1e270,26f7241d-a84e-5e4a-a43d-33eea1e54eea,Antibiótico,44,21.0,24.312956280988303,11.273231506347656,10.96084255723342,33.03915744276658,74bff84c-0733-446b-a298-2f91515a201d
2026-03-02,4d9429b6-2ebf-5b5d-ac48-f779d5a1e270,26f7241d-a84e-5e4a-a43d-33eea1e54eea,Antibiótico,49,8.0,25.093436455005758,13.59985065460205,16.730487083667867,32.26951291633213,74bff84c-0733-446b-a298-2f91515a201d
2026-03-09,4d9429b6-2ebf-5b5d-ac48-f779d5a1e270,26f7241d-a84e-5e4a-a43d-33eea1e54eea,Antibiótico,0,43.0,23.74104195041906,10.078189849853516,11.820162586405388,11.820162586405388,74bff84c-0733-446b-a298-2f91515a201d
2026-03-16,4d9429b6-2ebf-5b5d-ac48-f779d5a1e270,26f7241d-a84e-5e4a-a43d-33eea1e54eea,Antibiótico,19,30.0,24.2353210179857,10.365130424499512,15.233819934611677,3.7661800653883226,74bff84c-0733-446b-a298-2f91515a201d
2026-03-23,4d9429b6-2ebf-5b5d-ac48-f779d5a1e270,26f7241d-a84e-5e4a-a43d-33eea1e54eea,Antibiótico,33,26.0,24.38612320560935,9.682148933410645,15.255490805096656,17.744509194903344,74bff84c-0733-446b-a298-2f91515a201d
2026-03-30,4d9429b6-2ebf-5b5d-ac48-f779d5a1e270,26f7241d-a84e-5e4a-a43d-33eea1e54eea,Antibiótico,32,33.0,24.12168619909509,12.291699409484863,16.123143890287718,15.876856109712282,74bff84c-0733-446b-a298-2f91515a201d
2026-04-06,4d9429b6-2ebf-5b5d-ac48-f779d5a1e270,26f7241d-a84e-5e4a-a43d-33eea1e54eea,Antibiótico,30,23.0,24.499497903383624,9.349678993225098,14.603576196230303,15.396423803769697,74bff84c-0733-446b-a298-2f91515a201d
2026-04-13,4d9429b6-2ebf-5b5d-ac48-f779d5a1e270,26f7241d-a84e-5e4a-a43d-33eea1e54eea,Antibiótico,0,0.0,25.3684732175189,11.215538024902344,15.874120876820658,15.874120876820658,74bff84c-0733-446b-a298-2f91515a201d
2026-04-20,4d9429b6-2ebf-5b5d-ac48-f779d5a1e270,26f7241d-a84e-5e4a-a43d-33eea1e54eea,Antibiótico,17,44.0,23.70608631604788,9.67634105682373,14.644116558967802,2.355883441032198,74bff84c-0733-446b-a298-2f91515a201d
2026-04-27,4d9429b6-2ebf-5b5d-ac48-f779d5a1e270,26f7241d-a84e-5e4a-a43d-33eea1e54eea,Antibiótico,37,34.0,24.083901516280264,13.42841911315918,15.811339489302725,21.188660510697275,74bff84c-0733-446b-a298-2f91515a201d
2026-05-04,4d9429b6-2ebf-5b5d-ac48-f779d5a1e270,26f7241d-a84e-5e4a-a43d-33eea1e54eea,Antibiótico,23,30.0,24.235027594403583,11.167134284973145,15.767505926923114,7.232494073076886,74bff84c-0733-446b-a298-2f91515a201d
2026-02-16,4d9429b6-2ebf-5b5d-ac48-f779d5a1e270,43616d97-2221-569d-82eb-bcc14bcd6344,Antibiótico,33,22.0,23.920811801852334,25.805831909179688,26.763305574359048,6.236694425640952,74bff84c-0733-446b-a298-2f91515a201d
2026-02-23,4d9429b6-2ebf-5b5d-ac48-f779d5a1e270,43616d97-2221-569d-82eb-bcc14bcd6344,Antibiótico,35,34.0,21.522429615551992,11.362709045410156,8.622239262158438,26.377760737841562,74bff84c-0733-446b-a298-2f91515a201d
2026-03-02,4d9429b6-2ebf-5b5d-ac48-f779d5a1e270,43616d97-2221-569d-82eb-bcc14bcd6344,Antibiótico,40,26.0,23.449759123593275,10.42015266418457,19.033982870846692,20.966017129153308,74bff84c-0733-446b-a298-2f91515a201d
2026-03-09,4d9429b6-2ebf-5b5d-ac48-f779d5a1e270,43616d97-2221-569d-82eb-bcc14bcd6344,Antibiótico,11,46.0,18.651353073293322,9.277393341064453,5.236138534719103,5.763861465280897,74bff84c-0733-446b-a298-2f91515a201d
2026-03-16,4d9429b6-2ebf-5b5d-ac48-f779d5a1e270,43616d97-2221-569d-82eb-bcc14bcd6344,Antibiótico,15,10.0,27.288720672766175,11.136743545532227,25.33493906799933,10.33493906799933,74bff84c-0733-446b-a298-2f91515a201d
2026-03-23,4d9429b6-2ebf-5b5d-ac48-f779d5a1e270,43616d97-2221-569d-82eb-bcc14bcd6344,Antibiótico,30,4.0,28.728281617086754,9.372204780578613,13.618548035543785,16.381451964456215,74bff84c-0733-446b-a298-2f91515a201d
2026-03-30,4d9429b6-2ebf-5b5d-ac48-f779d5a1e270,43616d97-2221-569d-82eb-bcc14bcd6344,Antibiótico,31,22.0,24.409598890677575,11.947358131408691,16.093137327567224,14.906862672432776,74bff84c-0733-446b-a298-2f91515a201d
2026-04-06,4d9429b6-2ebf-5b5d-ac48-f779d5a1e270,43616d97-2221-569d-82eb-bcc14bcd6344,Antibiótico,40,48.0,18.17150161836717,9.039734840393066,6.863073807698225,33.13692619230177,74bff84c-0733-446b-a298-2f91515a201d
2026-04-13,4d9429b6-2ebf-5b5d-ac48-f779d5a1e270,43616d97-2221-569d-82eb-bcc14bcd6344,Antibiótico,0,24.0,23.929745254355,10.733390808105469,19.45589500411086,19.45589500411086,74bff84c-0733-446b-a298-2f91515a201d
2026-04-20,4d9429b6-2ebf-5b5d-ac48-f779d5a1e270,43616d97-2221-569d-82eb-bcc14bcd6344,Antibiótico,17,38.0,20.57076980002886,9.194193840026855,9.723119272074758,7.276880727925242,74bff84c-0733-446b-a298-2f91515a201d
2026-04-27,4d9429b6-2ebf-5b5d-ac48-f779d5a1e270,43616d97-2221-569d-82eb-bcc14bcd6344,Antibiótico,23,18.0,25.369306163351922,13.054771423339844,21.65862687067309,1.3413731293269109,74bff84c-0733-446b-a298-2f91515a201d
2026-05-04,4d9429b6-2ebf-5b5d-ac48-f779d5a1e270,43616d97-2221-569d-82eb-bcc14bcd6344,Antibiótico,28,3.0,28.96820843584422,10.793486595153809,17.219570282768046,10.780429717231954,74bff84c-0733-446b-a298-2f91515a201d
2026-02-16,4d9429b6-2ebf-5b5d-ac48-f779d5a1e270,7fb983e8-6848-5425-97a2-14da72722d0f,Antibiótico,7,33.0,27.862231121357286,16.323806762695312,21.74039875059923,14.74039875059923,74bff84c-0733-446b-a298-2f91515a201d
2026-02-23,4d9429b6-2ebf-5b5d-ac48-f779d5a1e270,7fb983e8-6848-5425-97a2-14da72722d0f,Antibiótico,16,23.0,22.879717753921902,16.60171890258789,16.06751005509988,0.06751005509988062,74bff84c-0733-446b-a298-2f91515a201d
2026-03-02,4d9429b6-2ebf-5b5d-ac48-f779d5a1e270,7fb983e8-6848-5425-97a2-14da72722d0f,Antibiótico,43,0.0,15.221120918932437,16.298391342163086,9.020223702135562,33.97977629786444,74bff84c-0733-446b-a298-2f91515a201d
2026-03-09,4d9429b6-2ebf-5b5d-ac48-f779d5a1e270,7fb983e8-6848-5425-97a2-14da72722d0f,Antibiótico,27,42.0,29.664797872700067,16.096202850341797,27.893343896068902,0.8933438960689024,74bff84c-0733-446b-a298-2f91515a201d
2026-03-16,4d9429b6-2ebf-5b5d-ac48-f779d5a1e270,7fb983e8-6848-5425-97a2-14da72722d0f,Antibiótico,30,34.0,26.91319473213298,15.394791603088379,19.846890048447676,10.153109951552324,74bff84c-0733-446b-a298-2f91515a201d
2026-03-23,4d9429b6-2ebf-5b5d-ac48-f779d5a1e270,7fb983e8-6848-5425-97a2-14da72722d0f,Antibiótico,13,33.0,26.566405832623012,15.394791603088379,19.508413851116664,6.508413851116664,74bff84c-0733-446b-a298-2f91515a201d
2026-03-30,4d9429b6-2ebf-5b5d-ac48-f779d5a1e270,7fb983e8-6848-5425-97a2-14da72722d0f,Antibiótico,6,34.0,26.9118181288328,16.545522689819336,21.286187273272496,15.286187273272496,74bff84c-0733-446b-a298-2f91515a201d
2026-04-06,4d9429b6-2ebf-5b5d-ac48-f779d5a1e270,7fb983e8-6848-5425-97a2-14da72722d0f,Antibiótico,26,11.0,18.974327591540703,14.675607681274414,11.56851389754046,14.43148610245954,74bff84c-0733-446b-a298-2f91515a201d
2026-04-13,4d9429b6-2ebf-5b5d-ac48-f779d5a1e270,7fb983e8-6848-5425-97a2-14da72722d0f,Antibiótico,17,6.0,17.248808458278948,14.675607681274414,10.470385625789934,6.529614374210066,74bff84c-0733-446b-a298-2f91515a201d
2026-04-20,4d9429b6-2ebf-5b5d-ac48-f779d5a1e270,7fb983e8-6848-5425-97a2-14da72722d0f,Antibiótico,27,35.0,27.256876501957905,15.00398063659668,21.840460810582172,5.159539189417828,74bff84c-0733-446b-a298-2f91515a201d
2026-04-27,4d9429b6-2ebf-5b5d-ac48-f779d5a1e270,7fb983e8-6848-5425-97a2-14da72722d0f,Antibiótico,26,33.0,26.56666512194748,17.407554626464844,20.363517710601045,5.6364822893989555,74bff84c-0733-446b-a298-2f91515a201d
2026-05-04,4d9429b6-2ebf-5b5d-ac48-f779d5a1e270,7fb983e8-6848-5425-97a2-14da72722d0f,Antibiótico,17,29.0,25.18624162707043,17.407554626464844,19.490502834650997,2.4905028346509965,74bff84c-0733-446b-a298-2f91515a201d
2026-02-16,4d9429b6-2ebf-5b5d-ac48-f779d5a1e270,8ecedccf-c230-516b-bbc2-108f7a6fbe63,Antibiótico,43,13.0,23.83122852064098,12.662018775939941,19.336662556895863,23.663337443104137,74bff84c-0733-446b-a298-2f91515a201d
2026-02-23,4d9429b6-2ebf-5b5d-ac48-f779d5a1e270,8ecedccf-c230-516b-bbc2-108f7a6fbe63,Antibiótico,25,12.0,24.192126409254136,11.719039916992188,13.708197728834215,11.291802271165785,74bff84c-0733-446b-a298-2f91515a201d
2026-03-02,4d9429b6-2ebf-5b5d-ac48-f779d5a1e270,8ecedccf-c230-516b-bbc2-108f7a6fbe63,Antibiótico,29,23.0,21.855189458947898,10.335107803344727,12.213069097619773,16.786930902380227,74bff84c-0733-446b-a298-2f91515a201d
2026-03-09,4d9429b6-2ebf-5b5d-ac48-f779d5a1e270,8ecedccf-c230-516b-bbc2-108f7a6fbe63,Antibiótico,11,41.0,18.027525864630405,9.90981674194336,8.91822143652982,2.0817785634701806,74bff84c-0733-446b-a298-2f91515a201d
2026-03-16,4d9429b6-2ebf-5b5d-ac48-f779d5a1e270,8ecedccf-c230-516b-bbc2-108f7a6fbe63,Antibiótico,21,33.0,19.72872483114193,11.708752632141113,15.744530790843466,5.255469209156534,74bff84c-0733-446b-a298-2f91515a201d
2026-03-23,4d9429b6-2ebf-5b5d-ac48-f779d5a1e270,8ecedccf-c230-516b-bbc2-108f7a6fbe63,Antibiótico,29,18.0,22.918471978620616,9.90981674194336,13.80916755052003,15.19083244947997,74bff84c-0733-446b-a298-2f91515a201d
2026-03-30,4d9429b6-2ebf-5b5d-ac48-f779d5a1e270,8ecedccf-c230-516b-bbc2-108f7a6fbe63,Antibiótico,27,23.0,21.855222932015156,12.484970092773438,13.590004197273945,13.409995802726055,74bff84c-0733-446b-a298-2f91515a201d
2026-04-06,4d9429b6-2ebf-5b5d-ac48-f779d5a1e270,8ecedccf-c230-516b-bbc2-108f7a6fbe63,Antibiótico,30,0.0,26.74616854690506,9.19063663482666,16.580231123199006,13.419768876800994,74bff84c-0733-446b-a298-2f91515a201d
2026-04-13,4d9429b6-2ebf-5b5d-ac48-f779d5a1e270,8ecedccf-c230-516b-bbc2-108f7a6fbe63,Antibiótico,19,17.0,23.131121788074623,11.058206558227539,13.451491508533607,5.548508491466393,74bff84c-0733-446b-a298-2f91515a201d
2026-04-20,4d9429b6-2ebf-5b5d-ac48-f779d5a1e270,8ecedccf-c230-516b-bbc2-108f7a6fbe63,Antibiótico,4,23.0,21.85522293201681,9.519009590148926,12.718200913584194,8.718200913584194,74bff84c-0733-446b-a298-2f91515a201d
2026-04-27,4d9429b6-2ebf-5b5d-ac48-f779d5a1e270,8ecedccf-c230-516b-bbc2-108f7a6fbe63,Antibiótico,23,15.0,23.55642140676056,13.790154457092285,14.973966725364075,8.026033274635925,74bff84c-0733-446b-a298-2f91515a201d
2026-05-04,4d9429b6-2ebf-5b5d-ac48-f779d5a1e270,8ecedccf-c230-516b-bbc2-108f7a6fbe63,Antibiótico,20,27.0,21.004623694644938,11.922584533691406,12.422169013248453,7.577830986751547,74bff84c-0733-446b-a298-2f91515a201d
2026-02-16,4d9429b6-2ebf-5b5d-ac48-f779d5a1e270,d6f21f11-7533-52dd-a4dc-2fb8e260c02c,Antibiótico,23,25.0,18.867286959572475,26.40528678894043,24.123398104592006,1.123398104592006,74bff84c-0733-446b-a298-2f91515a201d
2026-02-23,4d9429b6-2ebf-5b5d-ac48-f779d5a1e270,d6f21f11-7533-52dd-a4dc-2fb8e260c02c,Antibiótico,36,1.0,28.699550511879202,26.10836410522461,33.61486709360528,2.3851329063947233,74bff84c-0733-446b-a298-2f91515a201d
2026-03-02,4d9429b6-2ebf-5b5d-ac48-f779d5a1e270,d6f21f11-7533-52dd-a4dc-2fb8e260c02c,Antibiótico,10,40.0,12.15936485152006,26.647300720214844,17.522637041614054,7.522637041614054,74bff84c-0733-446b-a298-2f91515a201d
2026-03-09,4d9429b6-2ebf-5b5d-ac48-f779d5a1e270,d6f21f11-7533-52dd-a4dc-2fb8e260c02c,Antibiótico,13,25.0,18.51655410886316,26.949769973754883,24.157259694342898,11.157259694342898,74bff84c-0733-446b-a298-2f91515a201d
2026-03-16,4d9429b6-2ebf-5b5d-ac48-f779d5a1e270,d6f21f11-7533-52dd-a4dc-2fb8e260c02c,Antibiótico,19,19.0,21.059552413590808,26.949769973754883,26.221685630448718,7.221685630448718,74bff84c-0733-446b-a298-2f91515a201d
2026-03-23,4d9429b6-2ebf-5b5d-ac48-f779d5a1e270,d6f21f11-7533-52dd-a4dc-2fb8e260c02c,Antibiótico,25,30.0,16.397369459393698,26.949769973754883,21.01466996980019,3.9853300301998082,74bff84c-0733-446b-a298-2f91515a201d
2026-03-30,4d9429b6-2ebf-5b5d-ac48-f779d5a1e270,d6f21f11-7533-52dd-a4dc-2fb8e260c02c,Antibiótico,39,4.0,27.417073844547247,30.460094451904297,32.89061272012708,6.109387279872919,74bff84c-0733-446b-a298-2f91515a201d
2026-04-06,4d9429b6-2ebf-5b5d-ac48-f779d5a1e270,d6f21f11-7533-52dd-a4dc-2fb8e260c02c,Antibiótico,23,17.0,21.907221646562242,30.397300720214844,26.676585526719713,3.6765855267197125,74bff84c-0733-446b-a298-2f91515a201d
2026-04-13,4d9429b6-2ebf-5b5d-ac48-f779d5a1e270,d6f21f11-7533-52dd-a4dc-2fb8e260c02c,Antibiótico,19,15.0,22.754891215424056,28.185440063476562,26.908872424225326,7.908872424225326,74bff84c-0733-446b-a298-2f91515a201d
2026-04-20,4d9429b6-2ebf-5b5d-ac48-f779d5a1e270,d6f21f11-7533-52dd-a4dc-2fb8e260c02c,Antibiótico,4,24.0,18.940378155500746,28.51381492614746,24.02572580793605,20.02572580793605,74bff84c-0733-446b-a298-2f91515a201d
2026-04-27,4d9429b6-2ebf-5b5d-ac48-f779d5a1e270,d6f21f11-7533-52dd-a4dc-2fb8e260c02c,Antibiótico,24,23.0,19.364212939936625,35.18656539916992,24.89766449709605,0.8976644970960486,74bff84c-0733-446b-a298-2f91515a201d
2026-05-04,4d9429b6-2ebf-5b5d-ac48-f779d5a1e270,d6f21f11-7533-52dd-a4dc-2fb8e260c02c,Antibiótico,21,32.0,15.549699880013623,37.23567199707031,21.182056046853223,0.18205604685322285,74bff84c-0733-446b-a298-2f91515a201d
2026-02-16,5bbfdec8-65ae-59e6-b211-5eccb5b765fa,26f7241d-a84e-5e4a-a43d-33eea1e54eea,Analgésico,71,87.0,82.208679463206,79.43570709228516,84.90270760232038,13.902707602320376,74bff84c-0733-446b-a298-2f91515a201d
2026-02-23,5bbfdec8-65ae-59e6-b211-5eccb5b765fa,26f7241d-a84e-5e4a-a43d-33eea1e54eea,Analgésico,69,74.0,75.83730690643475,77.00664520263672,77.00194983646557,8.00194983646557,74bff84c-0733-446b-a298-2f91515a201d
2026-03-02,5bbfdec8-65ae-59e6-b211-5eccb5b765fa,26f7241d-a84e-5e4a-a43d-33eea1e54eea,Analgésico,51,56.0,77.41287154251096,79.80850982666016,79.95701855712888,28.957018557128876,74bff84c-0733-446b-a298-2f91515a201d
2026-03-09,5bbfdec8-65ae-59e6-b211-5eccb5b765fa,26f7241d-a84e-5e4a-a43d-33eea1e54eea,Analgésico,69,84.0,77.05165459426098,78.77101135253906,77.83987654956036,8.839876549560358,74bff84c-0733-446b-a298-2f91515a201d
2026-03-16,5bbfdec8-65ae-59e6-b211-5eccb5b765fa,26f7241d-a84e-5e4a-a43d-33eea1e54eea,Analgésico,75,73.0,77.13672758127628,79.38557434082031,79.23618222261844,4.236182222618439,74bff84c-0733-446b-a298-2f91515a201d
2026-03-23,5bbfdec8-65ae-59e6-b211-5eccb5b765fa,26f7241d-a84e-5e4a-a43d-33eea1e54eea,Analgésico,61,50.0,77.07500243488185,77.69619750976562,78.12807882133357,17.128078821333574,74bff84c-0733-446b-a298-2f91515a201d
2026-03-30,5bbfdec8-65ae-59e6-b211-5eccb5b765fa,26f7241d-a84e-5e4a-a43d-33eea1e54eea,Analgésico,108,98.0,77.15645916261101,80.52335357666016,80.42392022408868,27.576079775911325,74bff84c-0733-446b-a298-2f91515a201d
2026-04-06,5bbfdec8-65ae-59e6-b211-5eccb5b765fa,26f7241d-a84e-5e4a-a43d-33eea1e54eea,Analgésico,95,72.0,77.1142218239847,76.00078582763672,76.8767203815523,18.123279618447697,74bff84c-0733-446b-a298-2f91515a201d
2026-04-13,5bbfdec8-65ae-59e6-b211-5eccb5b765fa,26f7241d-a84e-5e4a-a43d-33eea1e54eea,Analgésico,62,115.0,77.18176918137756,77.2845230102539,77.68783383477417,15.687833834774167,74bff84c-0733-446b-a298-2f91515a201d
2026-04-20,5bbfdec8-65ae-59e6-b211-5eccb5b765fa,26f7241d-a84e-5e4a-a43d-33eea1e54eea,Analgésico,82,85.0,77.13482814758419,78.71138763427734,78.97713619201778,3.022863807982219,74bff84c-0733-446b-a298-2f91515a201d
2026-04-27,5bbfdec8-65ae-59e6-b211-5eccb5b765fa,26f7241d-a84e-5e4a-a43d-33eea1e54eea,Analgésico,76,78.0,77.12392622798583,85.21202850341797,82.1856222805371,6.185622280537103,74bff84c-0733-446b-a298-2f91515a201d
2026-05-04,5bbfdec8-65ae-59e6-b211-5eccb5b765fa,26f7241d-a84e-5e4a-a43d-33eea1e54eea,Analgésico,111,79.0,77.12548073944718,84.6642074584961,81.90615853485734,29.09384146514266,74bff84c-0733-446b-a298-2f91515a201d
2026-02-16,5bbfdec8-65ae-59e6-b211-5eccb5b765fa,43616d97-2221-569d-82eb-bcc14bcd6344,Analgésico,99,83.0,86.33177082236739,79.642822265625,83.9789864271495,15.021013572850507,74bff84c-0733-446b-a298-2f91515a201d
2026-02-23,5bbfdec8-65ae-59e6-b211-5eccb5b765fa,43616d97-2221-569d-82eb-bcc14bcd6344,Analgésico,45,73.0,82.13775595765755,78.54327392578125,80.68163236718819,35.681632367188186,74bff84c-0733-446b-a298-2f91515a201d
2026-03-02,5bbfdec8-65ae-59e6-b211-5eccb5b765fa,43616d97-2221-569d-82eb-bcc14bcd6344,Analgésico,86,76.0,82.9629053691752,82.75615692138672,78.49928566016031,7.500714339839689,74bff84c-0733-446b-a298-2f91515a201d
2026-03-09,5bbfdec8-65ae-59e6-b211-5eccb5b765fa,43616d97-2221-569d-82eb-bcc14bcd6344,Analgésico,57,81.0,84.44727018771232,79.99690246582031,84.91421455440582,27.914214554405817,74bff84c-0733-446b-a298-2f91515a201d
2026-03-16,5bbfdec8-65ae-59e6-b211-5eccb5b765fa,43616d97-2221-569d-82eb-bcc14bcd6344,Analgésico,63,77.0,83.25655518655866,77.25911712646484,83.21596315686791,20.215963156867915,74bff84c-0733-446b-a298-2f91515a201d
2026-03-23,5bbfdec8-65ae-59e6-b211-5eccb5b765fa,43616d97-2221-569d-82eb-bcc14bcd6344,Analgésico,61,74.0,82.36366442075848,77.28516387939453,81.09670940271496,20.096709402714964,74bff84c-0733-446b-a298-2f91515a201d
2026-03-30,5bbfdec8-65ae-59e6-b211-5eccb5b765fa,43616d97-2221-569d-82eb-bcc14bcd6344,Analgésico,51,66.0,79.98265280539404,79.8758773803711,80.01219369063388,29.01219369063388,74bff84c-0733-446b-a298-2f91515a201d
2026-04-06,5bbfdec8-65ae-59e6-b211-5eccb5b765fa,43616d97-2221-569d-82eb-bcc14bcd6344,Analgésico,97,75.0,82.66129010748558,74.2160873413086,80.03623074125939,16.963769258740612,74bff84c-0733-446b-a298-2f91515a201d
2026-04-13,5bbfdec8-65ae-59e6-b211-5eccb5b765fa,43616d97-2221-569d-82eb-bcc14bcd6344,Analgésico,61,71.0,81.47078462186302,73.80101013183594,79.10359020772422,18.103590207724224,74bff84c-0733-446b-a298-2f91515a201d
2026-04-20,5bbfdec8-65ae-59e6-b211-5eccb5b765fa,43616d97-2221-569d-82eb-bcc14bcd6344,Analgésico,62,81.0,84.44704833079554,75.27806091308594,83.57199939538218,21.57199939538218,74bff84c-0733-446b-a298-2f91515a201d
2026-04-27,5bbfdec8-65ae-59e6-b211-5eccb5b765fa,43616d97-2221-569d-82eb-bcc14bcd6344,Analgésico,71,78.0,83.55416921807613,81.86936950683594,86.22635583115901,15.226355831159012,74bff84c-0733-446b-a298-2f91515a201d
2026-05-04,5bbfdec8-65ae-59e6-b211-5eccb5b765fa,43616d97-2221-569d-82eb-bcc14bcd6344,Analgésico,108,97.0,89.20907026525944,81.36725616455078,91.98894053694218,16.01105946305782,74bff84c-0733-446b-a298-2f91515a201d
2026-02-16,5bbfdec8-65ae-59e6-b211-5eccb5b765fa,7fb983e8-6848-5425-97a2-14da72722d0f,Analgésico,51,49.0,64.56078769290109,70.09085083007812,68.13460733019967,17.13460733019967,74bff84c-0733-446b-a298-2f91515a201d
2026-02-23,5bbfdec8-65ae-59e6-b211-5eccb5b765fa,7fb983e8-6848-5425-97a2-14da72722d0f,Analgésico,55,89.0,68.92185040534194,70.7370834350586,71.65681191504653,16.656811915046532,74bff84c-0733-446b-a298-2f91515a201d
2026-03-02,5bbfdec8-65ae-59e6-b211-5eccb5b765fa,7fb983e8-6848-5425-97a2-14da72722d0f,Analgésico,98,51.0,64.68794456739408,70.02363586425781,67.08162370939237,30.918376290607625,74bff84c-0733-446b-a298-2f91515a201d
2026-03-09,5bbfdec8-65ae-59e6-b211-5eccb5b765fa,7fb983e8-6848-5425-97a2-14da72722d0f,Analgésico,82,78.0,67.69472700673283,69.60281372070312,70.42968851643742,11.570311483562577,74bff84c-0733-446b-a298-2f91515a201d
2026-03-16,5bbfdec8-65ae-59e6-b211-5eccb5b765fa,7fb983e8-6848-5425-97a2-14da72722d0f,Analgésico,40,89.0,68.91973015537101,72.13964080810547,71.59675881137687,31.596758811376873,74bff84c-0733-446b-a298-2f91515a201d
2026-03-23,5bbfdec8-65ae-59e6-b211-5eccb5b765fa,7fb983e8-6848-5425-97a2-14da72722d0f,Analgésico,57,76.0,67.4719979341439,72.13964080810547,70.98709984378135,13.987099843781351,74bff84c-0733-446b-a298-2f91515a201d
2026-03-30,5bbfdec8-65ae-59e6-b211-5eccb5b765fa,7fb983e8-6848-5425-97a2-14da72722d0f,Analgésico,107,59.0,65.57880967390622,73.26063537597656,69.79676287901486,37.203237120985136,74bff84c-0733-446b-a298-2f91515a201d
2026-04-06,5bbfdec8-65ae-59e6-b211-5eccb5b765fa,7fb983e8-6848-5425-97a2-14da72722d0f,Analgésico,81,64.0,66.13562975028817,71.70423126220703,68.52863416770761,12.471365832292392,74bff84c-0733-446b-a298-2f91515a201d
2026-04-13,5bbfdec8-65ae-59e6-b211-5eccb5b765fa,7fb983e8-6848-5425-97a2-14da72722d0f,Analgésico,64,53.0,64.91062558222318,71.70423126220703,67.26152623224759,3.26152623224759,74bff84c-0733-446b-a298-2f91515a201d
2026-04-20,5bbfdec8-65ae-59e6-b211-5eccb5b765fa,7fb983e8-6848-5425-97a2-14da72722d0f,Analgésico,60,68.0,66.58108581140237,73.66522216796875,70.22612632348734,10.226126323487335,74bff84c-0733-446b-a298-2f91515a201d
2026-04-27,5bbfdec8-65ae-59e6-b211-5eccb5b765fa,7fb983e8-6848-5425-97a2-14da72722d0f,Analgésico,96,126.0,73.04019869756195,80.80231475830078,79.4352587599704,16.564741240029605,74bff84c-0733-446b-a298-2f91515a201d
2026-05-04,5bbfdec8-65ae-59e6-b211-5eccb5b765fa,7fb983e8-6848-5425-97a2-14da72722d0f,Analgésico,67,52.0,64.79926156694457,81.47516632080078,71.39123868639037,4.391238686390366,74bff84c-0733-446b-a298-2f91515a201d
2026-02-16,5bbfdec8-65ae-59e6-b211-5eccb5b765fa,8ecedccf-c230-516b-bbc2-108f7a6fbe63,Analgésico,50,67.0,64.82246558197401,70.15457916259766,67.71015111931227,17.710151119312272,74bff84c-0733-446b-a298-2f91515a201d
2026-02-23,5bbfdec8-65ae-59e6-b211-5eccb5b765fa,8ecedccf-c230-516b-bbc2-108f7a6fbe63,Analgésico,51,67.0,65.35413245432834,69.3379898071289,67.92700151675204,16.927001516752043,74bff84c-0733-446b-a298-2f91515a201d
2026-03-02,5bbfdec8-65ae-59e6-b211-5eccb5b765fa,8ecedccf-c230-516b-bbc2-108f7a6fbe63,Analgésico,83,78.0,66.92697551308726,68.24386596679688,68.65426495133494,14.345735048665063,74bff84c-0733-446b-a298-2f91515a201d
2026-03-09,5bbfdec8-65ae-59e6-b211-5eccb5b765fa,8ecedccf-c230-516b-bbc2-108f7a6fbe63,Analgésico,65,39.0,61.05501362582645,69.20683288574219,63.41228172084293,1.5877182791570732,74bff84c-0733-446b-a298-2f91515a201d
2026-03-16,5bbfdec8-65ae-59e6-b211-5eccb5b765fa,8ecedccf-c230-516b-bbc2-108f7a6fbe63,Analgésico,67,93.0,69.20295561383908,70.37279510498047,72.26238168309872,5.262381683098724,74bff84c-0733-446b-a298-2f91515a201d
2026-03-23,5bbfdec8-65ae-59e6-b211-5eccb5b765fa,8ecedccf-c230-516b-bbc2-108f7a6fbe63,Analgésico,69,73.0,66.18471277080953,69.18106842041016,68.31911313854634,0.6808868614536578,74bff84c-0733-446b-a298-2f91515a201d
2026-03-30,5bbfdec8-65ae-59e6-b211-5eccb5b765fa,8ecedccf-c230-516b-bbc2-108f7a6fbe63,Analgésico,94,79.0,67.09023828356852,71.3560562133789,70.81187195628276,23.188128043717242,74bff84c-0733-446b-a298-2f91515a201d
2026-04-06,5bbfdec8-65ae-59e6-b211-5eccb5b765fa,8ecedccf-c230-516b-bbc2-108f7a6fbe63,Analgésico,45,56.0,63.6188229223453,69.72083282470703,64.63439642393222,19.634396423932216,74bff84c-0733-446b-a298-2f91515a201d
2026-04-13,5bbfdec8-65ae-59e6-b211-5eccb5b765fa,8ecedccf-c230-516b-bbc2-108f7a6fbe63,Analgésico,82,76.0,66.6374523765021,69.36534118652344,67.77143491567904,14.228565084320962,74bff84c-0733-446b-a298-2f91515a201d
2026-04-20,5bbfdec8-65ae-59e6-b211-5eccb5b765fa,8ecedccf-c230-516b-bbc2-108f7a6fbe63,Analgésico,77,64.0,64.82627395242632,71.68182373046875,67.72770479768694,9.27229520231306,74bff84c-0733-446b-a298-2f91515a201d
2026-04-27,5bbfdec8-65ae-59e6-b211-5eccb5b765fa,8ecedccf-c230-516b-bbc2-108f7a6fbe63,Analgésico,84,125.0,74.03309900338225,76.5776138305664,80.39100009972624,3.6089999002737585,74bff84c-0733-446b-a298-2f91515a201d
2026-05-04,5bbfdec8-65ae-59e6-b211-5eccb5b765fa,8ecedccf-c230-516b-bbc2-108f7a6fbe63,Analgésico,90,53.0,63.166026764716726,76.86138153076172,68.17227047046623,21.82772952953377,74bff84c-0733-446b-a298-2f91515a201d
2026-02-16,5bbfdec8-65ae-59e6-b211-5eccb5b765fa,d6f21f11-7533-52dd-a4dc-2fb8e260c02c,Analgésico,59,50.0,63.3069558374704,60.64522171020508,63.370272242289886,4.370272242289886,74bff84c-0733-446b-a298-2f91515a201d
2026-02-23,5bbfdec8-65ae-59e6-b211-5eccb5b765fa,d6f21f11-7533-52dd-a4dc-2fb8e260c02c,Analgésico,52,53.0,62.38269113596873,62.47981262207031,63.57290720042185,11.572907200421852,74bff84c-0733-446b-a298-2f91515a201d
2026-03-02,5bbfdec8-65ae-59e6-b211-5eccb5b765fa,d6f21f11-7533-52dd-a4dc-2fb8e260c02c,Analgésico,53,73.0,66.89626707655889,64.35676574707031,69.12544407469731,16.125444074697313,74bff84c-0733-446b-a298-2f91515a201d
2026-03-09,5bbfdec8-65ae-59e6-b211-5eccb5b765fa,d6f21f11-7533-52dd-a4dc-2fb8e260c02c,Analgésico,53,47.0,60.70341247386049,64.78633117675781,63.010780990782486,10.010780990782486,74bff84c-0733-446b-a298-2f91515a201d
2026-03-16,5bbfdec8-65ae-59e6-b211-5eccb5b765fa,d6f21f11-7533-52dd-a4dc-2fb8e260c02c,Analgésico,80,66.0,65.20178945801932,63.768890380859375,67.3626669242211,12.637333075778898,74bff84c-0733-446b-a298-2f91515a201d
2026-03-23,5bbfdec8-65ae-59e6-b211-5eccb5b765fa,d6f21f11-7533-52dd-a4dc-2fb8e260c02c,Analgésico,66,54.0,62.35738107595749,65.25172424316406,64.74511429701157,1.2548857029884317,74bff84c-0733-446b-a298-2f91515a201d
2026-03-30,5bbfdec8-65ae-59e6-b211-5eccb5b765fa,d6f21f11-7533-52dd-a4dc-2fb8e260c02c,Analgésico,83,60.0,63.77920372036293,68.32395935058594,68.23752147701576,14.762478522984239,74bff84c-0733-446b-a298-2f91515a201d
2026-04-06,5bbfdec8-65ae-59e6-b211-5eccb5b765fa,d6f21f11-7533-52dd-a4dc-2fb8e260c02c,Analgésico,63,78.0,68.0449081962734,66.68122863769531,69.34577575379903,6.345775753799032,74bff84c-0733-446b-a298-2f91515a201d
2026-04-13,5bbfdec8-65ae-59e6-b211-5eccb5b765fa,d6f21f11-7533-52dd-a4dc-2fb8e260c02c,Analgésico,43,42.0,59.51347480530065,66.68873596191406,60.73269830459875,17.73269830459875,74bff84c-0733-446b-a298-2f91515a201d
2026-04-20,5bbfdec8-65ae-59e6-b211-5eccb5b765fa,d6f21f11-7533-52dd-a4dc-2fb8e260c02c,Analgésico,34,52.0,61.88331675638029,68.32106018066406,64.45357608903714,30.453576089037142,74bff84c-0733-446b-a298-2f91515a201d
2026-04-27,5bbfdec8-65ae-59e6-b211-5eccb5b765fa,d6f21f11-7533-52dd-a4dc-2fb8e260c02c,Analgésico,75,65.0,64.96411154665229,74.12061309814453,71.216663579123,3.7833364208770064,74bff84c-0733-446b-a298-2f91515a201d
2026-05-04,5bbfdec8-65ae-59e6-b211-5eccb5b765fa,d6f21f11-7533-52dd-a4dc-2fb8e260c02c,Analgésico,78,84.0,69.46681166472676,76.02800750732422,75.43294764342549,2.567052356574507,74bff84c-0733-446b-a298-2f91515a201d
2026-02-16,6baabed2-52d7-5cb7-bf74-86c7cb3e4f07,26f7241d-a84e-5e4a-a43d-33eea1e54eea,Suplemento,64,52.0,57.550989308803665,57.961944580078125,59.79534308001338,4.204656919986618,74bff84c-0733-446b-a298-2f91515a201d
2026-02-23,6baabed2-52d7-5cb7-bf74-86c7cb3e4f07,26f7241d-a84e-5e4a-a43d-33eea1e54eea,Suplemento,65,66.0,57.14939096666369,60.017066955566406,59.89639929033312,5.103600709666878,74bff84c-0733-446b-a298-2f91515a201d
2026-03-02,6baabed2-52d7-5cb7-bf74-86c7cb3e4f07,26f7241d-a84e-5e4a-a43d-33eea1e54eea,Suplemento,68,67.0,57.44527539858063,58.08005905151367,60.048587175695495,7.951412824304505,74bff84c-0733-446b-a298-2f91515a201d
2026-03-09,6baabed2-52d7-5cb7-bf74-86c7cb3e4f07,26f7241d-a84e-5e4a-a43d-33eea1e54eea,Suplemento,62,52.0,56.40273411449238,55.802364349365234,58.44406659778401,3.5559334022159916,74bff84c-0733-446b-a298-2f91515a201d
2026-03-16,6baabed2-52d7-5cb7-bf74-86c7cb3e4f07,26f7241d-a84e-5e4a-a43d-33eea1e54eea,Suplemento,40,44.0,55.87432029229683,56.51395034790039,58.118891739669266,18.118891739669266,74bff84c-0733-446b-a298-2f91515a201d
2026-03-23,6baabed2-52d7-5cb7-bf74-86c7cb3e4f07,26f7241d-a84e-5e4a-a43d-33eea1e54eea,Suplemento,37,77.0,58.080545547630564,56.5254020690918,60.94626415076472,23.94626415076472,74bff84c-0733-446b-a298-2f91515a201d
2026-03-30,6baabed2-52d7-5cb7-bf74-86c7cb3e4f07,26f7241d-a84e-5e4a-a43d-33eea1e54eea,Suplemento,70,66.0,57.34495095993863,60.45380783081055,62.483361528175934,7.516638471824066,74bff84c-0733-446b-a298-2f91515a201d
2026-04-06,6baabed2-52d7-5cb7-bf74-86c7cb3e4f07,26f7241d-a84e-5e4a-a43d-33eea1e54eea,Suplemento,42,63.0,57.14424706271578,55.692874908447266,58.275552757295856,16.275552757295856,74bff84c-0733-446b-a298-2f91515a201d
2026-04-13,6baabed2-52d7-5cb7-bf74-86c7cb3e4f07,26f7241d-a84e-5e4a-a43d-33eea1e54eea,Suplemento,42,59.0,56.87669244368448,57.02511978149414,58.545515089825535,16.545515089825535,74bff84c-0733-446b-a298-2f91515a201d
2026-04-20,6baabed2-52d7-5cb7-bf74-86c7cb3e4f07,26f7241d-a84e-5e4a-a43d-33eea1e54eea,Suplemento,84,45.0,55.940230155746754,57.263397216796875,58.24099567012053,25.759004329879467,74bff84c-0733-446b-a298-2f91515a201d
2026-04-27,6baabed2-52d7-5cb7-bf74-86c7cb3e4f07,26f7241d-a84e-5e4a-a43d-33eea1e54eea,Suplemento,37,49.0,56.20779069662998,58.66261291503906,60.170695388326145,23.170695388326145,74bff84c-0733-446b-a298-2f91515a201d
2026-05-04,6baabed2-52d7-5cb7-bf74-86c7cb3e4f07,26f7241d-a84e-5e4a-a43d-33eea1e54eea,Suplemento,53,43.0,55.80645010922801,58.66261291503906,59.71142147038829,6.711421470388288,74bff84c-0733-446b-a298-2f91515a201d
2026-02-16,6baabed2-52d7-5cb7-bf74-86c7cb3e4f07,43616d97-2221-569d-82eb-bcc14bcd6344,Suplemento,42,55.0,53.75366660815969,54.438087463378906,54.7058850811173,12.705885081117302,74bff84c-0733-446b-a298-2f91515a201d
2026-02-23,6baabed2-52d7-5cb7-bf74-86c7cb3e4f07,43616d97-2221-569d-82eb-bcc14bcd6344,Suplemento,47,57.0,53.60423489843313,55.6325798034668,55.92030855451528,8.92030855451528,74bff84c-0733-446b-a298-2f91515a201d
2026-03-02,6baabed2-52d7-5cb7-bf74-86c7cb3e4f07,43616d97-2221-569d-82eb-bcc14bcd6344,Suplemento,43,77.0,51.81282433903359,55.92708206176758,53.83173522389077,10.831735223890767,74bff84c-0733-446b-a298-2f91515a201d
2026-03-09,6baabed2-52d7-5cb7-bf74-86c7cb3e4f07,43616d97-2221-569d-82eb-bcc14bcd6344,Suplemento,75,57.0,53.60289167044058,55.31401443481445,56.00934527990713,18.99065472009287,74bff84c-0733-446b-a298-2f91515a201d
2026-03-16,6baabed2-52d7-5cb7-bf74-86c7cb3e4f07,43616d97-2221-569d-82eb-bcc14bcd6344,Suplemento,57,42.0,54.945388494189956,53.82417678833008,57.01626056259511,0.01626056259510733,74bff84c-0733-446b-a298-2f91515a201d
2026-03-23,6baabed2-52d7-5cb7-bf74-86c7cb3e4f07,43616d97-2221-569d-82eb-bcc14bcd6344,Suplemento,45,33.0,55.750888667449516,55.669734954833984,57.81792815719561,12.81792815719561,74bff84c-0733-446b-a298-2f91515a201d
2026-03-30,6baabed2-52d7-5cb7-bf74-86c7cb3e4f07,43616d97-2221-569d-82eb-bcc14bcd6344,Suplemento,39,62.0,53.1553885952506,55.63163375854492,56.11256504216527,17.112565042165272,74bff84c-0733-446b-a298-2f91515a201d
2026-04-06,6baabed2-52d7-5cb7-bf74-86c7cb3e4f07,43616d97-2221-569d-82eb-bcc14bcd6344,Suplemento,44,50.0,54.22938862245196,54.593082427978516,55.75986245076769,11.759862450767692,74bff84c-0733-446b-a298-2f91515a201d
2026-04-13,6baabed2-52d7-5cb7-bf74-86c7cb3e4f07,43616d97-2221-569d-82eb-bcc14bcd6344,Suplemento,47,57.0,53.60288860677113,54.94880294799805,55.052997611745496,8.052997611745496,74bff84c-0733-446b-a298-2f91515a201d
2026-04-20,6baabed2-52d7-5cb7-bf74-86c7cb3e4f07,43616d97-2221-569d-82eb-bcc14bcd6344,Suplemento,46,44.0,54.76638863586258,54.83135986328125,56.58243129752945,10.582431297529453,74bff84c-0733-446b-a298-2f91515a201d
2026-04-27,6baabed2-52d7-5cb7-bf74-86c7cb3e4f07,43616d97-2221-569d-82eb-bcc14bcd6344,Suplemento,56,42.0,54.94538864033803,57.177650451660156,57.88950690167531,1.8895069016753112,74bff84c-0733-446b-a298-2f91515a201d
2026-05-04,6baabed2-52d7-5cb7-bf74-86c7cb3e4f07,43616d97-2221-569d-82eb-bcc14bcd6344,Suplemento,43,54.0,53.87138861348512,57.177650451660156,56.56768196751954,13.56768196751954,74bff84c-0733-446b-a298-2f91515a201d
2026-02-16,6baabed2-52d7-5cb7-bf74-86c7cb3e4f07,7fb983e8-6848-5425-97a2-14da72722d0f,Suplemento,66,45.0,38.204809361971506,40.2111930847168,38.69789721993316,27.30210278006684,74bff84c-0733-446b-a298-2f91515a201d
2026-02-23,6baabed2-52d7-5cb7-bf74-86c7cb3e4f07,7fb983e8-6848-5425-97a2-14da72722d0f,Suplemento,55,53.0,39.863901267021966,40.41543960571289,40.89786196705706,14.102138032942939,74bff84c-0733-446b-a298-2f91515a201d
2026-03-02,6baabed2-52d7-5cb7-bf74-86c7cb3e4f07,7fb983e8-6848-5425-97a2-14da72722d0f,Suplemento,59,51.0,39.48309311342715,40.46297073364258,40.4366887517023,18.5633112482977,74bff84c-0733-446b-a298-2f91515a201d
2026-03-09,6baabed2-52d7-5cb7-bf74-86c7cb3e4f07,7fb983e8-6848-5425-97a2-14da72722d0f,Suplemento,42,44.0,38.136160459714255,40.164283752441406,39.30841919441732,2.6915808055826815,74bff84c-0733-446b-a298-2f91515a201d
2026-03-16,6baabed2-52d7-5cb7-bf74-86c7cb3e4f07,7fb983e8-6848-5425-97a2-14da72722d0f,Suplemento,52,67.0,42.56225602837975,41.29777526855469,43.734514763082814,8.265485236917186,74bff84c-0733-446b-a298-2f91515a201d
2026-03-23,6baabed2-52d7-5cb7-bf74-86c7cb3e4f07,7fb983e8-6848-5425-97a2-14da72722d0f,Suplemento,46,54.0,40.06055266121389,41.597747802734375,41.094513361248985,4.9054866387510145,74bff84c-0733-446b-a298-2f91515a201d
2026-03-30,6baabed2-52d7-5cb7-bf74-86c7cb3e4f07,7fb983e8-6848-5425-97a2-14da72722d0f,Suplemento,58,53.0,39.86811393378441,42.513797760009766,42.03620403884117,15.96379596115883,74bff84c-0733-446b-a298-2f91515a201d
2026-04-06,6baabed2-52d7-5cb7-bf74-86c7cb3e4f07,7fb983e8-6848-5425-97a2-14da72722d0f,Suplemento,60,47.0,38.71348153665216,40.878570556640625,39.230676761414124,20.769323238585876,74bff84c-0733-446b-a298-2f91515a201d
2026-04-13,6baabed2-52d7-5cb7-bf74-86c7cb3e4f07,7fb983e8-6848-5425-97a2-14da72722d0f,Suplemento,43,39.0,37.1739716735679,41.41010284423828,37.610801985581524,5.389198014418476,74bff84c-0733-446b-a298-2f91515a201d
2026-04-20,6baabed2-52d7-5cb7-bf74-86c7cb3e4f07,7fb983e8-6848-5425-97a2-14da72722d0f,Suplemento,48,42.0,37.75128787222708,41.8311653137207,38.554051870735535,9.445948129264465,74bff84c-0733-446b-a298-2f91515a201d
2026-04-27,6baabed2-52d7-5cb7-bf74-86c7cb3e4f07,7fb983e8-6848-5425-97a2-14da72722d0f,Suplemento,66,49.0,39.09835900243135,44.337684631347656,40.95797540124269,25.04202459875731,74bff84c-0733-446b-a298-2f91515a201d
2026-05-04,6baabed2-52d7-5cb7-bf74-86c7cb3e4f07,7fb983e8-6848-5425-97a2-14da72722d0f,Suplemento,47,33.0,36.019339276250186,45.816429138183594,37.821022821362796,9.178977178637204,74bff84c-0733-446b-a298-2f91515a201d
2026-02-16,6baabed2-52d7-5cb7-bf74-86c7cb3e4f07,8ecedccf-c230-516b-bbc2-108f7a6fbe63,Suplemento,55,35.0,46.68359599957168,49.8135871887207,46.55476087281406,8.445239127185943,74bff84c-0733-446b-a298-2f91515a201d
2026-02-23,6baabed2-52d7-5cb7-bf74-86c7cb3e4f07,8ecedccf-c230-516b-bbc2-108f7a6fbe63,Suplemento,59,40.0,48.02734256814945,49.86111831665039,49.113814960231664,9.886185039768336,74bff84c-0733-446b-a298-2f91515a201d
2026-03-02,6baabed2-52d7-5cb7-bf74-86c7cb3e4f07,8ecedccf-c230-516b-bbc2-108f7a6fbe63,Suplemento,45,74.0,55.37903811338158,52.146331787109375,56.076142388608176,11.076142388608176,74bff84c-0733-446b-a298-2f91515a201d
2026-03-09,6baabed2-52d7-5cb7-bf74-86c7cb3e4f07,8ecedccf-c230-516b-bbc2-108f7a6fbe63,Suplemento,35,46.0,49.29711145963942,51.12237548828125,50.24631888475691,15.24631888475691,74bff84c-0733-446b-a298-2f91515a201d
2026-03-16,6baabed2-52d7-5cb7-bf74-86c7cb3e4f07,8ecedccf-c230-516b-bbc2-108f7a6fbe63,Suplemento,38,52.0,50.600731413331005,50.58589172363281,51.330574970211956,13.330574970211956,74bff84c-0733-446b-a298-2f91515a201d
2026-03-23,6baabed2-52d7-5cb7-bf74-86c7cb3e4f07,8ecedccf-c230-516b-bbc2-108f7a6fbe63,Suplemento,51,70.0,54.51509189635444,50.900821685791016,55.297715187370066,4.297715187370066,74bff84c-0733-446b-a298-2f91515a201d
2026-03-30,6baabed2-52d7-5cb7-bf74-86c7cb3e4f07,8ecedccf-c230-516b-bbc2-108f7a6fbe63,Suplemento,47,43.0,48.64379213032581,51.823875427246094,50.22207627472736,3.222076274727357,74bff84c-0733-446b-a298-2f91515a201d
2026-04-06,6baabed2-52d7-5cb7-bf74-86c7cb3e4f07,8ecedccf-c230-516b-bbc2-108f7a6fbe63,Suplemento,58,53.0,50.818341509846285,51.396766662597656,50.8548604188834,7.145139581116602,74bff84c-0733-446b-a298-2f91515a201d
2026-04-13,6baabed2-52d7-5cb7-bf74-86c7cb3e4f07,8ecedccf-c230-516b-bbc2-108f7a6fbe63,Suplemento,34,51.0,50.38343181158535,51.396766662597656,50.61102828825943,16.611028288259433,74bff84c-0733-446b-a298-2f91515a201d
2026-04-20,6baabed2-52d7-5cb7-bf74-86c7cb3e4f07,8ecedccf-c230-516b-bbc2-108f7a6fbe63,Suplemento,61,68.0,54.08015776349152,51.63504409790039,54.63158429337586,6.368415706624141,74bff84c-0733-446b-a298-2f91515a201d
2026-04-27,6baabed2-52d7-5cb7-bf74-86c7cb3e4f07,8ecedccf-c230-516b-bbc2-108f7a6fbe63,Suplemento,60,63.0,52.99288544132012,54.391902923583984,54.445714563863454,5.554285436136546,74bff84c-0733-446b-a298-2f91515a201d
2026-05-04,6baabed2-52d7-5cb7-bf74-86c7cb3e4f07,8ecedccf-c230-516b-bbc2-108f7a6fbe63,Suplemento,41,49.0,49.948523000310914,54.391902923583984,51.732270434927,10.732270434927003,74bff84c-0733-446b-a298-2f91515a201d
2026-02-16,6baabed2-52d7-5cb7-bf74-86c7cb3e4f07,d6f21f11-7533-52dd-a4dc-2fb8e260c02c,Suplemento,28,53.0,45.13355538174433,46.71257400512695,46.6048190288238,18.604819028823798,74bff84c-0733-446b-a298-2f91515a201d
2026-02-23,6baabed2-52d7-5cb7-bf74-86c7cb3e4f07,d6f21f11-7533-52dd-a4dc-2fb8e260c02c,Suplemento,34,39.0,43.87782070179238,49.02710723876953,45.358712644770286,11.358712644770286,74bff84c-0733-446b-a298-2f91515a201d
2026-03-02,6baabed2-52d7-5cb7-bf74-86c7cb3e4f07,d6f21f11-7533-52dd-a4dc-2fb8e260c02c,Suplemento,50,46.0,44.1256286214679,46.421653747558594,45.79759851206238,4.202401487937621,74bff84c-0733-446b-a298-2f91515a201d
2026-03-09,6baabed2-52d7-5cb7-bf74-86c7cb3e4f07,d6f21f11-7533-52dd-a4dc-2fb8e260c02c,Suplemento,26,39.0,43.819815431522194,48.852813720703125,45.49178532211668,19.491785322116677,74bff84c-0733-446b-a298-2f91515a201d
2026-03-16,6baabed2-52d7-5cb7-bf74-86c7cb3e4f07,d6f21f11-7533-52dd-a4dc-2fb8e260c02c,Suplemento,51,35.0,43.647218543907094,49.669525146484375,45.31918843450158,5.6808115654984235,74bff84c-0733-446b-a298-2f91515a201d
2026-03-23,6baabed2-52d7-5cb7-bf74-86c7cb3e4f07,d6f21f11-7533-52dd-a4dc-2fb8e260c02c,Suplemento,42,33.0,43.56107109569673,48.87195587158203,45.275144515267655,3.2751445152676553,74bff84c-0733-446b-a298-2f91515a201d
2026-03-30,6baabed2-52d7-5cb7-bf74-86c7cb3e4f07,d6f21f11-7533-52dd-a4dc-2fb8e260c02c,Suplemento,39,37.0,43.733304227377396,49.59783935546875,46.44320889809273,7.443208898092728,74bff84c-0733-446b-a298-2f91515a201d
2026-04-06,6baabed2-52d7-5cb7-bf74-86c7cb3e4f07,d6f21f11-7533-52dd-a4dc-2fb8e260c02c,Suplemento,41,39.0,43.81942181100499,48.15277862548828,44.77839563598287,3.778395635982868,74bff84c-0733-446b-a298-2f91515a201d
2026-04-13,6baabed2-52d7-5cb7-bf74-86c7cb3e4f07,d6f21f11-7533-52dd-a4dc-2fb8e260c02c,Suplemento,46,34.0,43.604127335632825,48.72834014892578,44.714327263916516,1.2856727360834839,74bff84c-0733-446b-a298-2f91515a201d
2026-04-20,6baabed2-52d7-5cb7-bf74-86c7cb3e4f07,d6f21f11-7533-52dd-a4dc-2fb8e260c02c,Suplemento,50,40.0,43.862480685031954,48.966617584228516,45.33861427000815,4.661385729991849,74bff84c-0733-446b-a298-2f91515a201d
2026-04-27,6baabed2-52d7-5cb7-bf74-86c7cb3e4f07,d6f21f11-7533-52dd-a4dc-2fb8e260c02c,Suplemento,39,42.0,43.948598468503604,51.47313690185547,46.38829191943134,7.388291919431339,74bff84c-0733-446b-a298-2f91515a201d
2026-05-04,6baabed2-52d7-5cb7-bf74-86c7cb3e4f07,d6f21f11-7533-52dd-a4dc-2fb8e260c02c,Suplemento,53,58.0,44.63754073715298,51.47313690185547,47.019301334381986,5.980698665618014,74bff84c-0733-446b-a298-2f91515a201d
2026-02-16,6d807393-f4ab-5f76-b544-251eeda27ba3,26f7241d-a84e-5e4a-a43d-33eea1e54eea,Antiinflamatorio,74,86.0,100.60758449654243,75.87274169921875,98.06008030991218,24.06008030991218,74bff84c-0733-446b-a298-2f91515a201d
2026-02-23,6d807393-f4ab-5f76-b544-251eeda27ba3,26f7241d-a84e-5e4a-a43d-33eea1e54eea,Antiinflamatorio,83,85.0,89.39498475323737,74.48139953613281,86.4020302606684,3.402030260668397,74bff84c-0733-446b-a298-2f91515a201d
2026-03-02,6d807393-f4ab-5f76-b544-251eeda27ba3,26f7241d-a84e-5e4a-a43d-33eea1e54eea,Antiinflamatorio,128,78.0,89.94856400406186,75.07649230957031,85.17242712890928,42.82757287109072,74bff84c-0733-446b-a298-2f91515a201d
2026-03-09,6d807393-f4ab-5f76-b544-251eeda27ba3,26f7241d-a84e-5e4a-a43d-33eea1e54eea,Antiinflamatorio,66,77.0,88.75163652917512,73.448974609375,85.98050239106782,19.980502391067816,74bff84c-0733-446b-a298-2f91515a201d
2026-03-16,6d807393-f4ab-5f76-b544-251eeda27ba3,26f7241d-a84e-5e4a-a43d-33eea1e54eea,Antiinflamatorio,69,80.0,90.04669575879952,74.3193359375,84.59083419034859,15.590834190348588,74bff84c-0733-446b-a298-2f91515a201d
2026-03-23,6d807393-f4ab-5f76-b544-251eeda27ba3,26f7241d-a84e-5e4a-a43d-33eea1e54eea,Antiinflamatorio,65,72.0,87.15469634736462,73.08073425292969,82.82727945054455,17.82727945054455,74bff84c-0733-446b-a298-2f91515a201d
2026-03-30,6d807393-f4ab-5f76-b544-251eeda27ba3,26f7241d-a84e-5e4a-a43d-33eea1e54eea,Antiinflamatorio,84,112.0,101.30527119483712,73.79576110839844,98.56869392242196,14.568693922421957,74bff84c-0733-446b-a298-2f91515a201d
2026-04-06,6d807393-f4ab-5f76-b544-251eeda27ba3,26f7241d-a84e-5e4a-a43d-33eea1e54eea,Antiinflamatorio,91,114.0,102.00679519258588,68.91050720214844,95.81646373354047,4.816463733540473,74bff84c-0733-446b-a298-2f91515a201d
2026-04-13,6d807393-f4ab-5f76-b544-251eeda27ba3,26f7241d-a84e-5e4a-a43d-33eea1e54eea,Antiinflamatorio,82,70.0,86.46267552890947,68.78514099121094,80.21761556186846,1.782384438131544,74bff84c-0733-446b-a298-2f91515a201d
2026-04-20,6d807393-f4ab-5f76-b544-251eeda27ba3,26f7241d-a84e-5e4a-a43d-33eea1e54eea,Antiinflamatorio,66,84.0,91.40858778130796,68.44823455810547,86.42625030648496,20.42625030648496,74bff84c-0733-446b-a298-2f91515a201d
2026-04-27,6d807393-f4ab-5f76-b544-251eeda27ba3,26f7241d-a84e-5e4a-a43d-33eea1e54eea,Antiinflamatorio,104,48.0,78.68962086348358,71.98477172851562,75.44852317480866,28.551476825191344,74bff84c-0733-446b-a298-2f91515a201d
2026-05-04,6d807393-f4ab-5f76-b544-251eeda27ba3,26f7241d-a84e-5e4a-a43d-33eea1e54eea,Antiinflamatorio,98,181.0,125.67951409502949,70.46929168701172,124.40129642172779,26.401296421727793,74bff84c-0733-446b-a298-2f91515a201d
2026-02-16,6d807393-f4ab-5f76-b544-251eeda27ba3,43616d97-2221-569d-82eb-bcc14bcd6344,Antiinflamatorio,91,92.0,80.37166192201995,80.36138153076172,83.86467005876922,7.135329941230779,74bff84c-0733-446b-a298-2f91515a201d
2026-02-23,6d807393-f4ab-5f76-b544-251eeda27ba3,43616d97-2221-569d-82eb-bcc14bcd6344,Antiinflamatorio,48,52.0,75.29181006615342,81.3399658203125,78.76208165352524,30.762081653525243,74bff84c-0733-446b-a298-2f91515a201d
2026-03-02,6d807393-f4ab-5f76-b544-251eeda27ba3,43616d97-2221-569d-82eb-bcc14bcd6344,Antiinflamatorio,79,67.0,77.17048597356829,82.8674545288086,80.60300874731097,1.603008747310966,74bff84c-0733-446b-a298-2f91515a201d
2026-03-09,6d807393-f4ab-5f76-b544-251eeda27ba3,43616d97-2221-569d-82eb-bcc14bcd6344,Antiinflamatorio,59,72.0,77.78797540023977,81.98394775390625,80.86249312713797,21.862493127137967,74bff84c-0733-446b-a298-2f91515a201d
2026-03-16,6d807393-f4ab-5f76-b544-251eeda27ba3,43616d97-2221-569d-82eb-bcc14bcd6344,Antiinflamatorio,63,88.0,79.77313026485407,82.971435546875,83.2855127721783,20.285512772178294,74bff84c-0733-446b-a298-2f91515a201d
2026-03-23,6d807393-f4ab-5f76-b544-251eeda27ba3,43616d97-2221-569d-82eb-bcc14bcd6344,Antiinflamatorio,90,85.0,79.4009283889062,82.971435546875,82.3757065642602,7.624293435739801,74bff84c-0733-446b-a298-2f91515a201d
2026-03-30,6d807393-f4ab-5f76-b544-251eeda27ba3,43616d97-2221-569d-82eb-bcc14bcd6344,Antiinflamatorio,84,51.0,75.18337166707768,84.60162353515625,80.17874777715458,3.821252222845416,74bff84c-0733-446b-a298-2f91515a201d
2026-04-06,6d807393-f4ab-5f76-b544-251eeda27ba3,43616d97-2221-569d-82eb-bcc14bcd6344,Antiinflamatorio,60,66.0,77.04406125787679,81.2862319946289,79.46560342554037,19.465603425540365,74bff84c-0733-446b-a298-2f91515a201d
2026-04-13,6d807393-f4ab-5f76-b544-251eeda27ba3,43616d97-2221-569d-82eb-bcc14bcd6344,Antiinflamatorio,98,83.0,79.15284469526024,81.0816879272461,81.5322830955288,16.467716904471203,74bff84c-0733-446b-a298-2f91515a201d
2026-04-20,6d807393-f4ab-5f76-b544-251eeda27ba3,43616d97-2221-569d-82eb-bcc14bcd6344,Antiinflamatorio,83,86.0,79.52498287480512,81.31996154785156,82.17416090291181,0.8258390970881919,74bff84c-0733-446b-a298-2f91515a201d
2026-04-27,6d807393-f4ab-5f76-b544-251eeda27ba3,43616d97-2221-569d-82eb-bcc14bcd6344,Antiinflamatorio,82,65.0,76.92001538281963,86.14515686035156,82.0828266621165,0.0828266621165028,74bff84c-0733-446b-a298-2f91515a201d
2026-05-04,6d807393-f4ab-5f76-b544-251eeda27ba3,43616d97-2221-569d-82eb-bcc14bcd6344,Antiinflamatorio,75,108.0,82.2539964477572,87.49726104736328,87.41680772705408,12.416807727054078,74bff84c-0733-446b-a298-2f91515a201d
2026-02-16,6d807393-f4ab-5f76-b544-251eeda27ba3,7fb983e8-6848-5425-97a2-14da72722d0f,Antiinflamatorio,41,61.0,69.95856882571911,73.75457000732422,74.01473595142102,33.01473595142102,74bff84c-0733-446b-a298-2f91515a201d
2026-02-23,6d807393-f4ab-5f76-b544-251eeda27ba3,7fb983e8-6848-5425-97a2-14da72722d0f,Antiinflamatorio,66,124.0,80.86061047506047,74.46405792236328,85.78416298818303,19.784162988183027,74bff84c-0733-446b-a298-2f91515a201d
2026-03-02,6d807393-f4ab-5f76-b544-251eeda27ba3,7fb983e8-6848-5425-97a2-14da72722d0f,Antiinflamatorio,68,59.0,68.60759608966856,75.71858978271484,72.93763940555601,4.937639405556013,74bff84c-0733-446b-a298-2f91515a201d
2026-03-09,6d807393-f4ab-5f76-b544-251eeda27ba3,7fb983e8-6848-5425-97a2-14da72722d0f,Antiinflamatorio,77,62.0,69.1718057399015,75.4129638671875,73.07786810447975,3.922131895520252,74bff84c-0733-446b-a298-2f91515a201d
2026-03-16,6d807393-f4ab-5f76-b544-251eeda27ba3,7fb983e8-6848-5425-97a2-14da72722d0f,Antiinflamatorio,49,67.0,70.1198733090109,76.39297485351562,73.47773387419645,24.477733874196446,74bff84c-0733-446b-a298-2f91515a201d
2026-03-23,6d807393-f4ab-5f76-b544-251eeda27ba3,7fb983e8-6848-5425-97a2-14da72722d0f,Antiinflamatorio,35,54.0,67.65563689006251,77.88337707519531,71.92873488200587,36.92873488200587,74bff84c-0733-446b-a298-2f91515a201d
2026-03-30,6d807393-f4ab-5f76-b544-251eeda27ba3,7fb983e8-6848-5425-97a2-14da72722d0f,Antiinflamatorio,57,79.0,72.39451761380887,80.331298828125,78.45355720655179,21.453557206551793,74bff84c-0733-446b-a298-2f91515a201d
2026-04-06,6d807393-f4ab-5f76-b544-251eeda27ba3,7fb983e8-6848-5425-97a2-14da72722d0f,Antiinflamatorio,61,61.0,68.98252431073101,76.58824157714844,70.8445200077525,9.844520007752493,74bff84c-0733-446b-a298-2f91515a201d
2026-04-13,6d807393-f4ab-5f76-b544-251eeda27ba3,7fb983e8-6848-5425-97a2-14da72722d0f,Antiinflamatorio,66,89.0,74.29006932695178,79.12580108642578,77.1044366212633,11.104436621263304,74bff84c-0733-446b-a298-2f91515a201d
2026-04-20,6d807393-f4ab-5f76-b544-251eeda27ba3,7fb983e8-6848-5425-97a2-14da72722d0f,Antiinflamatorio,77,67.0,70.11985538949239,79.38125610351562,73.28077791680562,3.7192220831943814,74bff84c-0733-446b-a298-2f91515a201d
2026-04-27,6d807393-f4ab-5f76-b544-251eeda27ba3,7fb983e8-6848-5425-97a2-14da72722d0f,Antiinflamatorio,57,99.0,76.18562111621914,84.20443725585938,81.45622906452236,24.45622906452236,74bff84c-0733-446b-a298-2f91515a201d
2026-05-04,6d807393-f4ab-5f76-b544-251eeda27ba3,7fb983e8-6848-5425-97a2-14da72722d0f,Antiinflamatorio,117,74.0,71.44674164223028,85.2347412109375,76.88937908577276,40.11062091422724,74bff84c-0733-446b-a298-2f91515a201d
2026-02-16,6d807393-f4ab-5f76-b544-251eeda27ba3,8ecedccf-c230-516b-bbc2-108f7a6fbe63,Antiinflamatorio,58,72.0,67.7051081515364,84.27110290527344,70.39878748426955,12.398787484269548,74bff84c-0733-446b-a298-2f91515a201d
2026-02-23,6d807393-f4ab-5f76-b544-251eeda27ba3,8ecedccf-c230-516b-bbc2-108f7a6fbe63,Antiinflamatorio,101,50.0,80.9935384423334,88.23789978027344,85.26787287302798,15.732127126972017,74bff84c-0733-446b-a298-2f91515a201d
2026-03-02,6d807393-f4ab-5f76-b544-251eeda27ba3,8ecedccf-c230-516b-bbc2-108f7a6fbe63,Antiinflamatorio,58,84.0,83.23830321636721,87.13818359375,87.76869681683108,29.76869681683108,74bff84c-0733-446b-a298-2f91515a201d
2026-03-09,6d807393-f4ab-5f76-b544-251eeda27ba3,8ecedccf-c230-516b-bbc2-108f7a6fbe63,Antiinflamatorio,60,79.0,84.14090835308252,90.74870300292969,85.59989225124536,25.599892251245365,74bff84c-0733-446b-a298-2f91515a201d
2026-03-16,6d807393-f4ab-5f76-b544-251eeda27ba3,8ecedccf-c230-516b-bbc2-108f7a6fbe63,Antiinflamatorio,49,54.0,77.03873677882969,87.80780029296875,80.84839769038975,31.848397690389746,74bff84c-0733-446b-a298-2f91515a201d
2026-03-23,6d807393-f4ab-5f76-b544-251eeda27ba3,8ecedccf-c230-516b-bbc2-108f7a6fbe63,Antiinflamatorio,78,57.0,78.0529443677331,89.82418823242188,83.06283683141719,5.0628368314171865,74bff84c-0733-446b-a298-2f91515a201d
2026-03-30,6d807393-f4ab-5f76-b544-251eeda27ba3,8ecedccf-c230-516b-bbc2-108f7a6fbe63,Antiinflamatorio,71,80.0,83.82272671945671,92.33164978027344,89.2141413617907,18.214141361790695,74bff84c-0733-446b-a298-2f91515a201d
2026-04-06,6d807393-f4ab-5f76-b544-251eeda27ba3,8ecedccf-c230-516b-bbc2-108f7a6fbe63,Antiinflamatorio,79,71.0,81.56056976542519,91.67378234863281,86.39532900080727,7.395329000807266,74bff84c-0733-446b-a298-2f91515a201d
2026-04-13,6d807393-f4ab-5f76-b544-251eeda27ba3,8ecedccf-c230-516b-bbc2-108f7a6fbe63,Antiinflamatorio,80,90.0,86.38735658218518,89.19856262207031,88.87352735092297,8.87352735092297,74bff84c-0733-446b-a298-2f91515a201d
2026-04-20,6d807393-f4ab-5f76-b544-251eeda27ba3,8ecedccf-c230-516b-bbc2-108f7a6fbe63,Antiinflamatorio,64,81.0,84.09966861877457,91.98439025878906,86.99467813644425,22.99467813644425,74bff84c-0733-446b-a298-2f91515a201d
2026-04-27,6d807393-f4ab-5f76-b544-251eeda27ba3,8ecedccf-c230-516b-bbc2-108f7a6fbe63,Antiinflamatorio,95,96.0,87.91689264114284,98.67375183105469,93.76822339828395,1.2317766017160494,74bff84c-0733-446b-a298-2f91515a201d
2026-05-04,6d807393-f4ab-5f76-b544-251eeda27ba3,8ecedccf-c230-516b-bbc2-108f7a6fbe63,Antiinflamatorio,89,75.0,82.57158288531694,101.3121566772461,88.35206851535234,0.6479314846476569,74bff84c-0733-446b-a298-2f91515a201d
2026-02-16,6d807393-f4ab-5f76-b544-251eeda27ba3,d6f21f11-7533-52dd-a4dc-2fb8e260c02c,Antiinflamatorio,64,54.0,59.395690901625095,63.94343948364258,62.09370349203342,1.9062965079665801,74bff84c-0733-446b-a298-2f91515a201d
2026-02-23,6d807393-f4ab-5f76-b544-251eeda27ba3,d6f21f11-7533-52dd-a4dc-2fb8e260c02c,Antiinflamatorio,66,66.0,58.51826821916696,63.66096496582031,60.79010712259409,5.209892877405913,74bff84c-0733-446b-a298-2f91515a201d
2026-03-02,6d807393-f4ab-5f76-b544-251eeda27ba3,d6f21f11-7533-52dd-a4dc-2fb8e260c02c,Antiinflamatorio,81,57.0,59.36594057588115,65.14424896240234,62.72066045312419,18.27933954687581,74bff84c-0733-446b-a298-2f91515a201d
2026-03-09,6d807393-f4ab-5f76-b544-251eeda27ba3,d6f21f11-7533-52dd-a4dc-2fb8e260c02c,Antiinflamatorio,79,43.0,60.65857682595108,63.3613395690918,62.653737644051056,16.346262355948944,74bff84c-0733-446b-a298-2f91515a201d
2026-03-16,6d807393-f4ab-5f76-b544-251eeda27ba3,d6f21f11-7533-52dd-a4dc-2fb8e260c02c,Antiinflamatorio,56,57.0,59.367386893016665,64.39524841308594,62.702732399684756,6.702732399684756,74bff84c-0733-446b-a298-2f91515a201d
2026-03-23,6d807393-f4ab-5f76-b544-251eeda27ba3,d6f21f11-7533-52dd-a4dc-2fb8e260c02c,Antiinflamatorio,53,80.0,57.2459852452689,63.3613395690918,59.892547583144264,6.892547583144264,74bff84c-0733-446b-a298-2f91515a201d
2026-03-30,6d807393-f4ab-5f76-b544-251eeda27ba3,d6f21f11-7533-52dd-a4dc-2fb8e260c02c,Antiinflamatorio,54,76.0,57.61492663282768,67.31197357177734,61.62158614057915,7.621586140579147,74bff84c-0733-446b-a298-2f91515a201d
2026-04-06,6d807393-f4ab-5f76-b544-251eeda27ba3,d6f21f11-7533-52dd-a4dc-2fb8e260c02c,Antiinflamatorio,61,55.0,59.551865802296646,65.05985260009766,61.36422751952077,0.3642275195207674,74bff84c-0733-446b-a298-2f91515a201d
2026-04-13,6d807393-f4ab-5f76-b544-251eeda27ba3,d6f21f11-7533-52dd-a4dc-2fb8e260c02c,Antiinflamatorio,66,63.0,58.81398423500901,66.75724029541016,60.585655768593604,5.414344231406396,74bff84c-0733-446b-a298-2f91515a201d
2026-04-20,6d807393-f4ab-5f76-b544-251eeda27ba3,d6f21f11-7533-52dd-a4dc-2fb8e260c02c,Antiinflamatorio,80,106.0,54.8478707921526,66.99551391601562,57.222933019401744,22.777066980598256,74bff84c-0733-446b-a298-2f91515a201d
2026-04-27,6d807393-f4ab-5f76-b544-251eeda27ba3,d6f21f11-7533-52dd-a4dc-2fb8e260c02c,Antiinflamatorio,42,93.0,56.04692834474632,70.58088684082031,60.006925283451764,18.006925283451764,74bff84c-0733-446b-a298-2f91515a201d
2026-05-04,6d807393-f4ab-5f76-b544-251eeda27ba3,d6f21f11-7533-52dd-a4dc-2fb8e260c02c,Antiinflamatorio,66,93.0,56.0469283447479,71.49151611328125,59.92519873239743,6.074801267602567,74bff84c-0733-446b-a298-2f91515a201d
2026-02-16,82cd11ba-d1a0-58b1-b14f-edd741f36e87,26f7241d-a84e-5e4a-a43d-33eea1e54eea,Antibiótico,62,61.0,77.57143777361485,77.94319152832031,78.82508939257237,16.825089392572366,74bff84c-0733-446b-a298-2f91515a201d
2026-02-23,82cd11ba-d1a0-58b1-b14f-edd741f36e87,26f7241d-a84e-5e4a-a43d-33eea1e54eea,Antibiótico,36,50.0,72.5102488527248,78.39957427978516,73.78750391101337,37.787503911013374,74bff84c-0733-446b-a298-2f91515a201d
2026-03-02,82cd11ba-d1a0-58b1-b14f-edd741f36e87,26f7241d-a84e-5e4a-a43d-33eea1e54eea,Antibiótico,76,68.0,80.30782450547188,80.67865753173828,81.3981347214219,5.398134721421897,74bff84c-0733-446b-a298-2f91515a201d
2026-03-09,82cd11ba-d1a0-58b1-b14f-edd741f36e87,26f7241d-a84e-5e4a-a43d-33eea1e54eea,Antibiótico,42,35.0,65.97902398663176,78.23892211914062,67.89205592232359,25.892055922323593,74bff84c-0733-446b-a298-2f91515a201d
2026-03-16,82cd11ba-d1a0-58b1-b14f-edd741f36e87,26f7241d-a84e-5e4a-a43d-33eea1e54eea,Antibiótico,62,47.0,71.18903815943372,78.20378112792969,73.4552942534126,11.455294253412603,74bff84c-0733-446b-a298-2f91515a201d
2026-03-23,82cd11ba-d1a0-58b1-b14f-edd741f36e87,26f7241d-a84e-5e4a-a43d-33eea1e54eea,Antibiótico,76,77.0,84.21423541651434,78.54794311523438,86.37323676691717,10.373236766917174,74bff84c-0733-446b-a298-2f91515a201d
2026-03-30,82cd11ba-d1a0-58b1-b14f-edd741f36e87,26f7241d-a84e-5e4a-a43d-33eea1e54eea,Antibiótico,81,83.0,86.8192754331961,79.73528289794922,90.11647635139373,9.116476351393729,74bff84c-0733-446b-a298-2f91515a201d
2026-04-06,82cd11ba-d1a0-58b1-b14f-edd741f36e87,26f7241d-a84e-5e4a-a43d-33eea1e54eea,Antibiótico,80,65.0,79.00415461468627,76.26099395751953,77.6579161207669,2.342083879233101,74bff84c-0733-446b-a298-2f91515a201d
2026-04-13,82cd11ba-d1a0-58b1-b14f-edd741f36e87,26f7241d-a84e-5e4a-a43d-33eea1e54eea,Antibiótico,47,66.0,79.43832799168533,76.26099395751953,79.7366997537226,32.736699753722604,74bff84c-0733-446b-a298-2f91515a201d
2026-04-20,82cd11ba-d1a0-58b1-b14f-edd741f36e87,26f7241d-a84e-5e4a-a43d-33eea1e54eea,Antibiótico,77,65.0,79.00415461367847,78.05108642578125,79.79489039487125,2.7948903948712456,74bff84c-0733-446b-a298-2f91515a201d
2026-04-27,82cd11ba-d1a0-58b1-b14f-edd741f36e87,26f7241d-a84e-5e4a-a43d-33eea1e54eea,Antibiótico,81,75.0,83.3458883931596,83.80592346191406,88.01948620581219,7.019486205812186,74bff84c-0733-446b-a298-2f91515a201d
2026-05-04,82cd11ba-d1a0-58b1-b14f-edd741f36e87,26f7241d-a84e-5e4a-a43d-33eea1e54eea,Antibiótico,103,117.0,101.5811702669952,84.19873809814453,106.63903874767757,3.6390387476775743,74bff84c-0733-446b-a298-2f91515a201d
2026-02-16,82cd11ba-d1a0-58b1-b14f-edd741f36e87,43616d97-2221-569d-82eb-bcc14bcd6344,Antibiótico,39,50.0,68.8824897216308,68.2302017211914,72.2087049888122,33.2087049888122,74bff84c-0733-446b-a298-2f91515a201d
2026-02-23,82cd11ba-d1a0-58b1-b14f-edd741f36e87,43616d97-2221-569d-82eb-bcc14bcd6344,Antibiótico,55,38.0,65.88648155978554,70.82772827148438,68.51561001590126,13.51561001590126,74bff84c-0733-446b-a298-2f91515a201d
2026-03-02,82cd11ba-d1a0-58b1-b14f-edd741f36e87,43616d97-2221-569d-82eb-bcc14bcd6344,Antibiótico,31,56.0,67.1990833521484,72.21755981445312,71.15755059725034,40.157550597250335,74bff84c-0733-446b-a298-2f91515a201d
2026-03-09,82cd11ba-d1a0-58b1-b14f-edd741f36e87,43616d97-2221-569d-82eb-bcc14bcd6344,Antibiótico,71,72.0,67.13307722129255,70.87615203857422,69.66456325568586,1.335436744314137,74bff84c-0733-446b-a298-2f91515a201d
2026-03-16,82cd11ba-d1a0-58b1-b14f-edd741f36e87,43616d97-2221-569d-82eb-bcc14bcd6344,Antibiótico,47,49.0,66.84667489360149,71.5528793334961,69.93136355708415,22.931363557084154,74bff84c-0733-446b-a298-2f91515a201d
2026-03-23,82cd11ba-d1a0-58b1-b14f-edd741f36e87,43616d97-2221-569d-82eb-bcc14bcd6344,Antibiótico,60,71.0,67.19600419882296,71.5528793334961,70.36105756643771,10.361057566437708,74bff84c-0733-446b-a298-2f91515a201d
2026-03-30,82cd11ba-d1a0-58b1-b14f-edd741f36e87,43616d97-2221-569d-82eb-bcc14bcd6344,Antibiótico,55,40.0,66.65669988053328,72.46891784667969,72.13628171341902,17.136281713419024,74bff84c-0733-446b-a298-2f91515a201d
2026-04-06,82cd11ba-d1a0-58b1-b14f-edd741f36e87,43616d97-2221-569d-82eb-bcc14bcd6344,Antibiótico,65,51.0,66.8480465864316,71.04649353027344,68.81133823148164,3.811338231481642,74bff84c-0733-446b-a298-2f91515a201d
2026-04-13,82cd11ba-d1a0-58b1-b14f-edd741f36e87,43616d97-2221-569d-82eb-bcc14bcd6344,Antibiótico,72,51.0,66.85006414539038,71.04649353027344,69.482616292302,2.517383707698002,74bff84c-0733-446b-a298-2f91515a201d
2026-04-20,82cd11ba-d1a0-58b1-b14f-edd741f36e87,43616d97-2221-569d-82eb-bcc14bcd6344,Antibiótico,68,54.0,66.9030766429858,73.00748443603516,70.87187265777156,2.8718726577715614,74bff84c-0733-446b-a298-2f91515a201d
2026-04-27,82cd11ba-d1a0-58b1-b14f-edd741f36e87,43616d97-2221-569d-82eb-bcc14bcd6344,Antibiótico,60,66.0,67.11825584908294,77.77647399902344,74.25022673149871,14.250226731498714,74bff84c-0733-446b-a298-2f91515a201d
2026-05-04,82cd11ba-d1a0-58b1-b14f-edd741f36e87,43616d97-2221-569d-82eb-bcc14bcd6344,Antibiótico,88,95.0,67.63756307092346,80.01777648925781,73.51806815591492,14.481931844085082,74bff84c-0733-446b-a298-2f91515a201d
2026-02-16,82cd11ba-d1a0-58b1-b14f-edd741f36e87,7fb983e8-6848-5425-97a2-14da72722d0f,Antibiótico,49,56.0,57.67564995346908,58.94668197631836,61.47430832444076,12.474308324440763,74bff84c-0733-446b-a298-2f91515a201d
2026-02-23,82cd11ba-d1a0-58b1-b14f-edd741f36e87,7fb983e8-6848-5425-97a2-14da72722d0f,Antibiótico,38,62.0,61.94851040643471,57.00978088378906,63.839817760408096,25.839817760408096,74bff84c-0733-446b-a298-2f91515a201d
2026-03-02,82cd11ba-d1a0-58b1-b14f-edd741f36e87,7fb983e8-6848-5425-97a2-14da72722d0f,Antibiótico,50,36.0,55.52691327984688,57.90034484863281,57.363586897209856,7.363586897209856,74bff84c-0733-446b-a298-2f91515a201d
2026-03-09,82cd11ba-d1a0-58b1-b14f-edd741f36e87,7fb983e8-6848-5425-97a2-14da72722d0f,Antibiótico,39,55.0,59.821959157430406,57.88077163696289,62.3220983938806,23.3220983938806,74bff84c-0733-446b-a298-2f91515a201d
2026-03-16,82cd11ba-d1a0-58b1-b14f-edd741f36e87,7fb983e8-6848-5425-97a2-14da72722d0f,Antibiótico,74,51.0,58.88163917483835,62.76011276245117,63.30652492465524,10.693475075344757,74bff84c-0733-446b-a298-2f91515a201d
2026-03-23,82cd11ba-d1a0-58b1-b14f-edd741f36e87,7fb983e8-6848-5425-97a2-14da72722d0f,Antibiótico,33,36.0,55.77466762549321,61.10808181762695,58.8663710404102,25.8663710404102,74bff84c-0733-446b-a298-2f91515a201d
2026-03-30,82cd11ba-d1a0-58b1-b14f-edd741f36e87,7fb983e8-6848-5425-97a2-14da72722d0f,Antibiótico,53,58.0,60.36967937587071,63.58076477050781,64.90227167247104,11.902271672471045,74bff84c-0733-446b-a298-2f91515a201d
2026-04-06,82cd11ba-d1a0-58b1-b14f-edd741f36e87,7fb983e8-6848-5425-97a2-14da72722d0f,Antibiótico,80,57.0,60.16383290789867,63.215087890625,63.02349210284496,16.976507897155038,74bff84c-0733-446b-a298-2f91515a201d
2026-04-13,82cd11ba-d1a0-58b1-b14f-edd741f36e87,7fb983e8-6848-5425-97a2-14da72722d0f,Antibiótico,65,39.0,56.394285346739814,63.1038932800293,58.82735219168,6.172647808320001,74bff84c-0733-446b-a298-2f91515a201d
2026-04-20,82cd11ba-d1a0-58b1-b14f-edd741f36e87,7fb983e8-6848-5425-97a2-14da72722d0f,Antibiótico,61,88.0,66.65310221429141,65.1532211303711,70.53740030045779,9.53740030045779,74bff84c-0733-446b-a298-2f91515a201d
2026-04-27,82cd11ba-d1a0-58b1-b14f-edd741f36e87,7fb983e8-6848-5425-97a2-14da72722d0f,Antibiótico,69,85.0,66.0249142775997,70.62592315673828,72.75406171183432,3.754061711834325,74bff84c-0733-446b-a298-2f91515a201d
2026-05-04,82cd11ba-d1a0-58b1-b14f-edd741f36e87,7fb983e8-6848-5425-97a2-14da72722d0f,Antibiótico,77,66.0,62.04718764572954,75.0666275024414,68.16307671814775,8.83692328185225,74bff84c-0733-446b-a298-2f91515a201d
2026-02-16,82cd11ba-d1a0-58b1-b14f-edd741f36e87,8ecedccf-c230-516b-bbc2-108f7a6fbe63,Antibiótico,56,61.0,62.24701553911179,65.68521118164062,63.91919988721818,7.919199887218177,74bff84c-0733-446b-a298-2f91515a201d
2026-02-23,82cd11ba-d1a0-58b1-b14f-edd741f36e87,8ecedccf-c230-516b-bbc2-108f7a6fbe63,Antibiótico,36,44.0,55.58825610228524,64.66973114013672,58.19107411452279,22.19107411452279,74bff84c-0733-446b-a298-2f91515a201d
2026-03-02,82cd11ba-d1a0-58b1-b14f-edd741f36e87,8ecedccf-c230-516b-bbc2-108f7a6fbe63,Antibiótico,79,64.0,67.33212997700845,65.00141143798828,69.10695256974374,9.89304743025626,74bff84c-0733-446b-a298-2f91515a201d
2026-03-09,82cd11ba-d1a0-58b1-b14f-edd741f36e87,8ecedccf-c230-516b-bbc2-108f7a6fbe63,Antibiótico,39,54.0,61.2058046883664,66.23395538330078,64.56227908793305,25.56227908793305,74bff84c-0733-446b-a298-2f91515a201d
2026-03-16,82cd11ba-d1a0-58b1-b14f-edd741f36e87,8ecedccf-c230-516b-bbc2-108f7a6fbe63,Antibiótico,41,58.0,63.68881365368083,69.68562316894531,66.79734942028239,25.797349420282387,74bff84c-0733-446b-a298-2f91515a201d
2026-03-23,82cd11ba-d1a0-58b1-b14f-edd741f36e87,8ecedccf-c230-516b-bbc2-108f7a6fbe63,Antibiótico,52,65.0,68.41732541668966,69.65990447998047,70.57620326626852,18.57620326626852,74bff84c-0733-446b-a298-2f91515a201d
2026-03-30,82cd11ba-d1a0-58b1-b14f-edd741f36e87,8ecedccf-c230-516b-bbc2-108f7a6fbe63,Antibiótico,61,51.0,59.06376137096452,73.30756378173828,63.65687717754411,2.6568771775441107,74bff84c-0733-446b-a298-2f91515a201d
2026-04-06,82cd11ba-d1a0-58b1-b14f-edd741f36e87,8ecedccf-c230-516b-bbc2-108f7a6fbe63,Antibiótico,44,60.0,65.0703494222277,71.81734466552734,67.47059365822012,23.470593658220125,74bff84c-0733-446b-a298-2f91515a201d
2026-04-13,82cd11ba-d1a0-58b1-b14f-edd741f36e87,8ecedccf-c230-516b-bbc2-108f7a6fbe63,Antibiótico,40,43.0,53.73571943840166,71.12934875488281,55.690098043290575,15.690098043290575,74bff84c-0733-446b-a298-2f91515a201d
2026-04-20,82cd11ba-d1a0-58b1-b14f-edd741f36e87,8ecedccf-c230-516b-bbc2-108f7a6fbe63,Antibiótico,48,54.0,61.069140453503394,73.09033966064453,64.64384438531187,16.643844385311866,74bff84c-0733-446b-a298-2f91515a201d
2026-04-27,82cd11ba-d1a0-58b1-b14f-edd741f36e87,8ecedccf-c230-516b-bbc2-108f7a6fbe63,Antibiótico,106,92.0,86.3996236291781,78.2698974609375,93.77408384951501,12.225916150484991,74bff84c-0733-446b-a298-2f91515a201d
2026-05-04,82cd11ba-d1a0-58b1-b14f-edd741f36e87,8ecedccf-c230-516b-bbc2-108f7a6fbe63,Antibiótico,78,90.0,85.0665214002343,78.69557189941406,91.03154825570304,13.031548255703044,74bff84c-0733-446b-a298-2f91515a201d
2026-02-16,82cd11ba-d1a0-58b1-b14f-edd741f36e87,d6f21f11-7533-52dd-a4dc-2fb8e260c02c,Antibiótico,46,50.0,50.83947507387427,49.740570068359375,52.761056819021974,6.761056819021974,74bff84c-0733-446b-a298-2f91515a201d
2026-02-23,82cd11ba-d1a0-58b1-b14f-edd741f36e87,d6f21f11-7533-52dd-a4dc-2fb8e260c02c,Antibiótico,42,38.0,47.00556623201015,50.9273681640625,48.916014187141684,6.916014187141684,74bff84c-0733-446b-a298-2f91515a201d
2026-03-02,82cd11ba-d1a0-58b1-b14f-edd741f36e87,d6f21f11-7533-52dd-a4dc-2fb8e260c02c,Antibiótico,49,60.0,49.0590014085857,50.312984466552734,51.010740362176094,2.0107403621760938,74bff84c-0733-446b-a298-2f91515a201d
2026-03-09,82cd11ba-d1a0-58b1-b14f-edd741f36e87,d6f21f11-7533-52dd-a4dc-2fb8e260c02c,Antibiótico,57,49.0,48.225228612767786,50.76531219482422,49.02867401157531,7.971325988424688,74bff84c-0733-446b-a298-2f91515a201d
2026-03-16,82cd11ba-d1a0-58b1-b14f-edd741f36e87,d6f21f11-7533-52dd-a4dc-2fb8e260c02c,Antibiótico,52,53.0,48.506442507607716,50.87627029418945,50.436183532578724,1.563816467421276,74bff84c-0733-446b-a298-2f91515a201d
2026-03-23,82cd11ba-d1a0-58b1-b14f-edd741f36e87,d6f21f11-7533-52dd-a4dc-2fb8e260c02c,Antibiótico,42,58.0,48.801284417635706,51.246883392333984,51.185202464587,9.185202464587,74bff84c-0733-446b-a298-2f91515a201d
2026-03-30,82cd11ba-d1a0-58b1-b14f-edd741f36e87,d6f21f11-7533-52dd-a4dc-2fb8e260c02c,Antibiótico,45,37.0,47.52786382355374,52.4824333190918,50.58105930008572,5.58105930008572,74bff84c-0733-446b-a298-2f91515a201d
2026-04-06,82cd11ba-d1a0-58b1-b14f-edd741f36e87,d6f21f11-7533-52dd-a4dc-2fb8e260c02c,Antibiótico,67,100.0,51.35377951826213,49.63908767700195,52.75608011449931,14.243919885500688,74bff84c-0733-446b-a298-2f91515a201d
2026-04-13,82cd11ba-d1a0-58b1-b14f-edd741f36e87,d6f21f11-7533-52dd-a4dc-2fb8e260c02c,Antibiótico,45,45.0,48.013391579277155,52.024681091308594,49.27739437926495,4.277394379264948,74bff84c-0733-446b-a298-2f91515a201d
2026-04-20,82cd11ba-d1a0-58b1-b14f-edd741f36e87,d6f21f11-7533-52dd-a4dc-2fb8e260c02c,Antibiótico,60,37.0,47.5274759585608,53.2546501159668,50.09629428932557,9.90370571067443,74bff84c-0733-446b-a298-2f91515a201d
2026-04-27,82cd11ba-d1a0-58b1-b14f-edd741f36e87,d6f21f11-7533-52dd-a4dc-2fb8e260c02c,Antibiótico,61,87.0,50.5642971200009,56.40760803222656,55.36687461557585,5.633125384424147,74bff84c-0733-446b-a298-2f91515a201d
2026-05-04,82cd11ba-d1a0-58b1-b14f-edd741f36e87,d6f21f11-7533-52dd-a4dc-2fb8e260c02c,Antibiótico,70,49.0,48.25631611235075,56.40760803222656,53.12544147856169,16.87455852143831,74bff84c-0733-446b-a298-2f91515a201d
2026-02-16,87b859e0-789a-56e6-b1ba-4fe76221d3bf,26f7241d-a84e-5e4a-a43d-33eea1e54eea,Antihistamínico,28,82.0,73.71413094670739,109.71521759033203,90.67451340825524,62.67451340825524,74bff84c-0733-446b-a298-2f91515a201d
2026-02-23,87b859e0-789a-56e6-b1ba-4fe76221d3bf,26f7241d-a84e-5e4a-a43d-33eea1e54eea,Antihistamínico,112,114.0,95.65748991692186,108.3595199584961,108.96693243706346,3.0330675629365373,74bff84c-0733-446b-a298-2f91515a201d
2026-03-02,87b859e0-789a-56e6-b1ba-4fe76221d3bf,26f7241d-a84e-5e4a-a43d-33eea1e54eea,Antihistamínico,121,53.0,80.4210429458032,119.90018463134766,96.04549744409421,24.95450255590579,74bff84c-0733-446b-a298-2f91515a201d
2026-03-09,87b859e0-789a-56e6-b1ba-4fe76221d3bf,26f7241d-a84e-5e4a-a43d-33eea1e54eea,Antihistamínico,134,47.0,79.78422962711895,121.80171203613281,94.7056544928416,39.2943455071584,74bff84c-0733-446b-a298-2f91515a201d
2026-03-16,87b859e0-789a-56e6-b1ba-4fe76221d3bf,26f7241d-a84e-5e4a-a43d-33eea1e54eea,Antihistamínico,14,92.0,88.72260586305637,122.943115234375,100.59172932191868,86.59172932191868,74bff84c-0733-446b-a298-2f91515a201d
2026-03-23,87b859e0-789a-56e6-b1ba-4fe76221d3bf,26f7241d-a84e-5e4a-a43d-33eea1e54eea,Antihistamínico,80,128.0,95.98152830839626,129.5043487548828,110.21702292204372,30.217022922043725,74bff84c-0733-446b-a298-2f91515a201d
2026-03-30,87b859e0-789a-56e6-b1ba-4fe76221d3bf,26f7241d-a84e-5e4a-a43d-33eea1e54eea,Antihistamínico,118,60.0,82.3057255476878,133.90200805664062,97.05067870320538,20.949321296794622,74bff84c-0733-446b-a298-2f91515a201d
2026-04-06,87b859e0-789a-56e6-b1ba-4fe76221d3bf,26f7241d-a84e-5e4a-a43d-33eea1e54eea,Antihistamínico,77,37.0,77.68220980943151,123.76168823242188,88.83461268723913,11.83461268723913,74bff84c-0733-446b-a298-2f91515a201d
2026-04-13,87b859e0-789a-56e6-b1ba-4fe76221d3bf,26f7241d-a84e-5e4a-a43d-33eea1e54eea,Antihistamínico,34,53.0,80.89895564862798,124.79808807373047,91.16158420392583,57.16158420392583,74bff84c-0733-446b-a298-2f91515a201d
2026-04-20,87b859e0-789a-56e6-b1ba-4fe76221d3bf,26f7241d-a84e-5e4a-a43d-33eea1e54eea,Antihistamínico,64,51.0,80.49687222337212,129.00404357910156,92.31632164811577,28.316321648115775,74bff84c-0733-446b-a298-2f91515a201d
2026-04-27,87b859e0-789a-56e6-b1ba-4fe76221d3bf,26f7241d-a84e-5e4a-a43d-33eea1e54eea,Antihistamínico,73,81.0,86.52854119068863,130.1994171142578,96.95799408680679,23.957994086806792,74bff84c-0733-446b-a298-2f91515a201d
2026-05-04,87b859e0-789a-56e6-b1ba-4fe76221d3bf,26f7241d-a84e-5e4a-a43d-33eea1e54eea,Antihistamínico,60,68.0,83.9148166653907,128.79481506347656,92.30727081272957,32.30727081272957,74bff84c-0733-446b-a298-2f91515a201d
2026-02-16,87b859e0-789a-56e6-b1ba-4fe76221d3bf,43616d97-2221-569d-82eb-bcc14bcd6344,Antihistamínico,125,121.0,115.94767003127258,68.82585144042969,109.49704699584167,15.502953004158329,74bff84c-0733-446b-a298-2f91515a201d
2026-02-23,87b859e0-789a-56e6-b1ba-4fe76221d3bf,43616d97-2221-569d-82eb-bcc14bcd6344,Antihistamínico,91,119.0,90.15503551022515,47.86530303955078,61.10310794369683,29.896892056303173,74bff84c-0733-446b-a298-2f91515a201d
2026-03-02,87b859e0-789a-56e6-b1ba-4fe76221d3bf,43616d97-2221-569d-82eb-bcc14bcd6344,Antihistamínico,70,21.0,44.22249785964514,54.05333709716797,17.90617553298498,52.09382446701502,74bff84c-0733-446b-a298-2f91515a201d
2026-03-09,87b859e0-789a-56e6-b1ba-4fe76221d3bf,43616d97-2221-569d-82eb-bcc14bcd6344,Antihistamínico,29,63.0,64.519675708465,42.813995361328125,59.776542640380285,30.776542640380285,74bff84c-0733-446b-a298-2f91515a201d
2026-03-16,87b859e0-789a-56e6-b1ba-4fe76221d3bf,43616d97-2221-569d-82eb-bcc14bcd6344,Antihistamínico,111,60.0,63.98952944360222,47.70420455932617,46.32911379418816,64.67088620581184,74bff84c-0733-446b-a298-2f91515a201d
2026-03-23,87b859e0-789a-56e6-b1ba-4fe76221d3bf,43616d97-2221-569d-82eb-bcc14bcd6344,Antihistamínico,101,107.0,89.86130930512988,44.41751480102539,76.650402322708,24.349597677291996,74bff84c-0733-446b-a298-2f91515a201d
2026-03-30,87b859e0-789a-56e6-b1ba-4fe76221d3bf,43616d97-2221-569d-82eb-bcc14bcd6344,Antihistamínico,32,74.0,71.55466591831484,39.09172439575195,50.17396485325136,18.173964853251363,74bff84c-0733-446b-a298-2f91515a201d
2026-04-06,87b859e0-789a-56e6-b1ba-4fe76221d3bf,43616d97-2221-569d-82eb-bcc14bcd6344,Antihistamínico,90,84.0,77.09373430964034,36.180179595947266,56.34657816645186,33.65342183354814,74bff84c-0733-446b-a298-2f91515a201d
2026-04-13,87b859e0-789a-56e6-b1ba-4fe76221d3bf,43616d97-2221-569d-82eb-bcc14bcd6344,Antihistamínico,78,11.0,36.288100311791396,36.03923416137695,15.440882751976943,62.55911724802306,74bff84c-0733-446b-a298-2f91515a201d
2026-04-20,87b859e0-789a-56e6-b1ba-4fe76221d3bf,43616d97-2221-569d-82eb-bcc14bcd6344,Antihistamínico,88,73.0,70.95433952696438,32.5306510925293,62.78571846373195,25.214281536268047,74bff84c-0733-446b-a298-2f91515a201d
2026-04-27,87b859e0-789a-56e6-b1ba-4fe76221d3bf,43616d97-2221-569d-82eb-bcc14bcd6344,Antihistamínico,12,55.0,60.89042586414865,30.001323699951172,43.0616351994758,31.061635199475802,74bff84c-0733-446b-a298-2f91515a201d
2026-05-04,87b859e0-789a-56e6-b1ba-4fe76221d3bf,43616d97-2221-569d-82eb-bcc14bcd6344,Antihistamínico,52,62.0,64.80424271541739,30.119794845581055,51.193719491540435,0.8062805084595652,74bff84c-0733-446b-a298-2f91515a201d
2026-02-16,87b859e0-789a-56e6-b1ba-4fe76221d3bf,7fb983e8-6848-5425-97a2-14da72722d0f,Antihistamínico,96,112.0,74.83404206855928,48.42070007324219,62.83778428657686,33.16221571342314,74bff84c-0733-446b-a298-2f91515a201d
2026-02-23,87b859e0-789a-56e6-b1ba-4fe76221d3bf,7fb983e8-6848-5425-97a2-14da72722d0f,Antihistamínico,96,86.0,67.26566502007881,49.18803405761719,38.27360340508858,57.72639659491142,74bff84c-0733-446b-a298-2f91515a201d
2026-03-02,87b859e0-789a-56e6-b1ba-4fe76221d3bf,7fb983e8-6848-5425-97a2-14da72722d0f,Antihistamínico,52,25.0,59.3915414379653,40.30438232421875,45.40087028012839,6.599129719871613,74bff84c-0733-446b-a298-2f91515a201d
2026-03-09,87b859e0-789a-56e6-b1ba-4fe76221d3bf,7fb983e8-6848-5425-97a2-14da72722d0f,Antihistamínico,62,99.0,69.49917911520934,39.15406799316406,53.9330608748529,8.066939125147101,74bff84c-0733-446b-a298-2f91515a201d
2026-03-16,87b859e0-789a-56e6-b1ba-4fe76221d3bf,7fb983e8-6848-5425-97a2-14da72722d0f,Antihistamínico,154,62.0,64.42096161751192,35.4658088684082,38.56473183540743,115.43526816459257,74bff84c-0733-446b-a298-2f91515a201d
2026-03-23,87b859e0-789a-56e6-b1ba-4fe76221d3bf,7fb983e8-6848-5425-97a2-14da72722d0f,Antihistamínico,63,65.0,64.83231285976919,30.821584701538086,50.19827202724966,12.801727972750342,74bff84c-0733-446b-a298-2f91515a201d
2026-03-30,87b859e0-789a-56e6-b1ba-4fe76221d3bf,7fb983e8-6848-5425-97a2-14da72722d0f,Antihistamínico,84,56.0,63.59516306016734,31.219539642333984,40.14396829698374,43.85603170301626,74bff84c-0733-446b-a298-2f91515a201d
2026-04-06,87b859e0-789a-56e6-b1ba-4fe76221d3bf,7fb983e8-6848-5425-97a2-14da72722d0f,Antihistamínico,13,37.0,60.98309293294476,27.629690170288086,45.714353232627374,32.714353232627374,74bff84c-0733-446b-a298-2f91515a201d
2026-04-13,87b859e0-789a-56e6-b1ba-4fe76221d3bf,7fb983e8-6848-5425-97a2-14da72722d0f,Antihistamínico,65,84.0,67.44448801893869,26.12505531311035,50.17679354567208,14.823206454327917,74bff84c-0733-446b-a298-2f91515a201d
2026-04-20,87b859e0-789a-56e6-b1ba-4fe76221d3bf,7fb983e8-6848-5425-97a2-14da72722d0f,Antihistamínico,80,60.0,64.14505309865748,22.406063079833984,39.496304700830336,40.503695299169664,74bff84c-0733-446b-a298-2f91515a201d
2026-04-27,87b859e0-789a-56e6-b1ba-4fe76221d3bf,7fb983e8-6848-5425-97a2-14da72722d0f,Antihistamínico,54,54.0,63.320194478638655,21.14129066467285,49.105406041749006,4.894593958250994,74bff84c-0733-446b-a298-2f91515a201d
2026-05-04,87b859e0-789a-56e6-b1ba-4fe76221d3bf,7fb983e8-6848-5425-97a2-14da72722d0f,Antihistamínico,60,64.0,64.69495890272275,21.14129066467285,42.578734613782316,17.421265386217684,74bff84c-0733-446b-a298-2f91515a201d
2026-02-16,87b859e0-789a-56e6-b1ba-4fe76221d3bf,8ecedccf-c230-516b-bbc2-108f7a6fbe63,Antihistamínico,6,86.0,67.22185526262588,69.0949478149414,67.8223275340683,61.82232753406829,74bff84c-0733-446b-a298-2f91515a201d
2026-02-23,87b859e0-789a-56e6-b1ba-4fe76221d3bf,8ecedccf-c230-516b-bbc2-108f7a6fbe63,Antihistamínico,93,130.0,94.69959221312064,69.70049285888672,95.12059475013274,2.1205947501327387,74bff84c-0733-446b-a298-2f91515a201d
2026-03-02,87b859e0-789a-56e6-b1ba-4fe76221d3bf,8ecedccf-c230-516b-bbc2-108f7a6fbe63,Antihistamínico,99,140.0,97.57917471707445,68.09115600585938,96.72806104004961,2.27193895995039,74bff84c-0733-446b-a298-2f91515a201d
2026-03-09,87b859e0-789a-56e6-b1ba-4fe76221d3bf,8ecedccf-c230-516b-bbc2-108f7a6fbe63,Antihistamínico,80,17.0,43.222391954319306,67.31208801269531,42.27710210408432,37.72289789591568,74bff84c-0733-446b-a298-2f91515a201d
2026-03-16,87b859e0-789a-56e6-b1ba-4fe76221d3bf,8ecedccf-c230-516b-bbc2-108f7a6fbe63,Antihistamínico,19,89.0,75.16086935991589,65.14140319824219,77.70243096346204,58.702430963462035,74bff84c-0733-446b-a298-2f91515a201d
2026-03-23,87b859e0-789a-56e6-b1ba-4fe76221d3bf,8ecedccf-c230-516b-bbc2-108f7a6fbe63,Antihistamínico,93,89.0,75.17292660730857,65.07185363769531,78.06881040590781,14.931189594092189,74bff84c-0733-446b-a298-2f91515a201d
2026-03-30,87b859e0-789a-56e6-b1ba-4fe76221d3bf,8ecedccf-c230-516b-bbc2-108f7a6fbe63,Antihistamínico,88,103.0,81.39267452794704,65.95897674560547,81.80840703088435,6.191592969115646,74bff84c-0733-446b-a298-2f91515a201d
2026-04-06,87b859e0-789a-56e6-b1ba-4fe76221d3bf,8ecedccf-c230-516b-bbc2-108f7a6fbe63,Antihistamínico,63,8.0,39.171552610272116,64.92254638671875,38.78091127859945,24.219088721400553,74bff84c-0733-446b-a298-2f91515a201d
2026-04-13,87b859e0-789a-56e6-b1ba-4fe76221d3bf,8ecedccf-c230-516b-bbc2-108f7a6fbe63,Antihistamínico,24,44.0,55.17122099423756,64.92254638671875,55.56292606020321,31.56292606020321,74bff84c-0733-446b-a298-2f91515a201d
2026-04-20,87b859e0-789a-56e6-b1ba-4fe76221d3bf,8ecedccf-c230-516b-bbc2-108f7a6fbe63,Antihistamínico,71,59.0,61.837806547919115,64.02208709716797,63.10765680197795,7.892343198022047,74bff84c-0733-446b-a298-2f91515a201d
2026-04-27,87b859e0-789a-56e6-b1ba-4fe76221d3bf,8ecedccf-c230-516b-bbc2-108f7a6fbe63,Antihistamínico,77,53.0,59.17117604206894,65.73921203613281,60.504225577820286,16.495774422179714,74bff84c-0733-446b-a298-2f91515a201d
2026-05-04,87b859e0-789a-56e6-b1ba-4fe76221d3bf,8ecedccf-c230-516b-bbc2-108f7a6fbe63,Antihistamínico,58,73.0,68.0599330295345,65.33686828613281,69.9971159328243,11.9971159328243,74bff84c-0733-446b-a298-2f91515a201d
2026-02-16,87b859e0-789a-56e6-b1ba-4fe76221d3bf,d6f21f11-7533-52dd-a4dc-2fb8e260c02c,Antihistamínico,61,57.0,84.77806523194965,64.07500457763672,72.093945053727,11.093945053726998,74bff84c-0733-446b-a298-2f91515a201d
2026-02-23,87b859e0-789a-56e6-b1ba-4fe76221d3bf,d6f21f11-7533-52dd-a4dc-2fb8e260c02c,Antihistamínico,117,47.0,70.53108267191355,51.7685546875,45.89450506571238,71.10549493428762,74bff84c-0733-446b-a298-2f91515a201d
2026-03-02,87b859e0-789a-56e6-b1ba-4fe76221d3bf,d6f21f11-7533-52dd-a4dc-2fb8e260c02c,Antihistamínico,110,97.0,90.46923197917855,60.00703430175781,89.85272581987297,20.147274180127027,74bff84c-0733-446b-a298-2f91515a201d
2026-03-09,87b859e0-789a-56e6-b1ba-4fe76221d3bf,d6f21f11-7533-52dd-a4dc-2fb8e260c02c,Antihistamínico,19,82.0,84.69008310781527,49.42087173461914,70.24812181936312,51.24812181936312,74bff84c-0733-446b-a298-2f91515a201d
2026-03-16,87b859e0-789a-56e6-b1ba-4fe76221d3bf,d6f21f11-7533-52dd-a4dc-2fb8e260c02c,Antihistamínico,76,65.0,78.7753716706407,48.61223220825195,62.54818356028913,13.451816439710868,74bff84c-0733-446b-a298-2f91515a201d
2026-03-23,87b859e0-789a-56e6-b1ba-4fe76221d3bf,d6f21f11-7533-52dd-a4dc-2fb8e260c02c,Antihistamínico,59,33.0,67.4340164579599,49.74138259887695,52.90875553266693,6.09124446733307,74bff84c-0733-446b-a298-2f91515a201d
2026-03-30,87b859e0-789a-56e6-b1ba-4fe76221d3bf,d6f21f11-7533-52dd-a4dc-2fb8e260c02c,Antihistamínico,100,84.0,85.48043576757118,48.902687072753906,77.97567407170936,22.024325928290637,74bff84c-0733-446b-a298-2f91515a201d
2026-04-06,87b859e0-789a-56e6-b1ba-4fe76221d3bf,d6f21f11-7533-52dd-a4dc-2fb8e260c02c,Antihistamínico,39,67.0,79.46550282656693,42.98584747314453,61.97652920901322,22.976529209013222,74bff84c-0733-446b-a298-2f91515a201d
2026-04-13,87b859e0-789a-56e6-b1ba-4fe76221d3bf,d6f21f11-7533-52dd-a4dc-2fb8e260c02c,Antihistamínico,42,55.0,75.22051118924864,43.70359802246094,59.14348291471251,17.143482914712507,74bff84c-0733-446b-a298-2f91515a201d
2026-04-20,87b859e0-789a-56e6-b1ba-4fe76221d3bf,d6f21f11-7533-52dd-a4dc-2fb8e260c02c,Antihistamínico,58,67.0,79.46565562521324,43.35866165161133,63.55553561483727,5.555535614837268,74bff84c-0733-446b-a298-2f91515a201d
2026-04-27,87b859e0-789a-56e6-b1ba-4fe76221d3bf,d6f21f11-7533-52dd-a4dc-2fb8e260c02c,Antihistamínico,50,49.0,73.09788655124618,40.3420524597168,58.4317736514659,8.431773651465903,74bff84c-0733-446b-a298-2f91515a201d
2026-05-04,87b859e0-789a-56e6-b1ba-4fe76221d3bf,d6f21f11-7533-52dd-a4dc-2fb8e260c02c,Antihistamínico,75,39.0,69.56023052900912,39.145626068115234,56.44252423018099,18.557475769819007,74bff84c-0733-446b-a298-2f91515a201d
2026-02-16,94e18241-54bd-5516-b36f-94ab6e323aca,26f7241d-a84e-5e4a-a43d-33eea1e54eea,Antihistamínico,50,48.0,70.08213629984321,80.7181396484375,74.08591523432197,24.085915234321973,74bff84c-0733-446b-a298-2f91515a201d
2026-02-23,94e18241-54bd-5516-b36f-94ab6e323aca,26f7241d-a84e-5e4a-a43d-33eea1e54eea,Antihistamínico,74,133.0,86.95222523005285,78.07928466796875,89.79988672526159,15.799886725261587,74bff84c-0733-446b-a298-2f91515a201d
2026-03-02,94e18241-54bd-5516-b36f-94ab6e323aca,26f7241d-a84e-5e4a-a43d-33eea1e54eea,Antihistamínico,109,88.0,79.26858760750758,81.79560089111328,83.32242872155177,25.677571278448227,74bff84c-0733-446b-a298-2f91515a201d
2026-03-09,94e18241-54bd-5516-b36f-94ab6e323aca,26f7241d-a84e-5e4a-a43d-33eea1e54eea,Antihistamínico,69,58.0,82.22940437269473,83.73333740234375,86.57385532331729,17.57385532331729,74bff84c-0733-446b-a298-2f91515a201d
2026-03-16,94e18241-54bd-5516-b36f-94ab6e323aca,26f7241d-a84e-5e4a-a43d-33eea1e54eea,Antihistamínico,94,77.0,80.947722688625,78.78136444091797,84.83138872713819,9.16861127286181,74bff84c-0733-446b-a298-2f91515a201d
2026-03-23,94e18241-54bd-5516-b36f-94ab6e323aca,26f7241d-a84e-5e4a-a43d-33eea1e54eea,Antihistamínico,42,80.0,81.64335586597021,78.6370620727539,85.28668882419164,43.28668882419164,74bff84c-0733-446b-a298-2f91515a201d
2026-03-30,94e18241-54bd-5516-b36f-94ab6e323aca,26f7241d-a84e-5e4a-a43d-33eea1e54eea,Antihistamínico,60,53.0,81.07021614846647,80.47876739501953,86.56713053521574,26.56713053521574,74bff84c-0733-446b-a298-2f91515a201d
2026-04-06,94e18241-54bd-5516-b36f-94ab6e323aca,26f7241d-a84e-5e4a-a43d-33eea1e54eea,Antihistamínico,92,55.0,81.22604431191958,77.35095977783203,83.17090775052584,8.829092249474158,74bff84c-0733-446b-a298-2f91515a201d
2026-04-13,94e18241-54bd-5516-b36f-94ab6e323aca,26f7241d-a84e-5e4a-a43d-33eea1e54eea,Antihistamínico,39,57.0,81.18501433229117,76.31497955322266,83.50580653047233,44.50580653047233,74bff84c-0733-446b-a298-2f91515a201d
2026-04-20,94e18241-54bd-5516-b36f-94ab6e323aca,26f7241d-a84e-5e4a-a43d-33eea1e54eea,Antihistamínico,42,67.0,81.3136789110587,76.05816650390625,83.87044303688268,41.870443036882676,74bff84c-0733-446b-a298-2f91515a201d
2026-04-27,94e18241-54bd-5516-b36f-94ab6e323aca,26f7241d-a84e-5e4a-a43d-33eea1e54eea,Antihistamínico,57,37.0,80.99814260497243,80.2162857055664,85.21645915999562,28.216459159995622,74bff84c-0733-446b-a298-2f91515a201d
2026-05-04,94e18241-54bd-5516-b36f-94ab6e323aca,26f7241d-a84e-5e4a-a43d-33eea1e54eea,Antihistamínico,61,57.0,81.20581429818307,80.11304473876953,85.54084628441964,24.540846284419644,74bff84c-0733-446b-a298-2f91515a201d
2026-02-16,94e18241-54bd-5516-b36f-94ab6e323aca,43616d97-2221-569d-82eb-bcc14bcd6344,Antihistamínico,93,72.0,71.90101733376478,56.83913803100586,67.4525319593141,25.5474680406859,74bff84c-0733-446b-a298-2f91515a201d
2026-02-23,94e18241-54bd-5516-b36f-94ab6e323aca,43616d97-2221-569d-82eb-bcc14bcd6344,Antihistamínico,72,54.0,48.53079694594585,49.20871353149414,41.40066236342632,30.59933763657368,74bff84c-0733-446b-a298-2f91515a201d
2026-03-02,94e18241-54bd-5516-b36f-94ab6e323aca,43616d97-2221-569d-82eb-bcc14bcd6344,Antihistamínico,71,54.0,53.909928276438784,48.61720275878906,49.58576531638629,21.414234683613707,74bff84c-0733-446b-a298-2f91515a201d
2026-03-09,94e18241-54bd-5516-b36f-94ab6e323aca,43616d97-2221-569d-82eb-bcc14bcd6344,Antihistamínico,54,92.0,67.09527415158924,44.29433822631836,60.42737549665149,6.427375496651493,74bff84c-0733-446b-a298-2f91515a201d
2026-03-16,94e18241-54bd-5516-b36f-94ab6e323aca,43616d97-2221-569d-82eb-bcc14bcd6344,Antihistamínico,93,25.0,41.30129131660631,43.900875091552734,34.40643152580431,58.59356847419569,74bff84c-0733-446b-a298-2f91515a201d
2026-03-23,94e18241-54bd-5516-b36f-94ab6e323aca,43616d97-2221-569d-82eb-bcc14bcd6344,Antihistamínico,22,64.0,56.46348025578122,43.654296875,51.19699122685056,29.196991226850557,74bff84c-0733-446b-a298-2f91515a201d
2026-03-30,94e18241-54bd-5516-b36f-94ab6e323aca,43616d97-2221-569d-82eb-bcc14bcd6344,Antihistamínico,61,82.0,63.61499234281534,44.24753189086914,58.439546786174716,2.5604532138252836,74bff84c-0733-446b-a298-2f91515a201d
2026-04-06,94e18241-54bd-5516-b36f-94ab6e323aca,43616d97-2221-569d-82eb-bcc14bcd6344,Antihistamínico,88,34.0,44.693978073805184,41.04644012451172,37.542469742506356,50.457530257493644,74bff84c-0733-446b-a298-2f91515a201d
2026-04-13,94e18241-54bd-5516-b36f-94ab6e323aca,43616d97-2221-569d-82eb-bcc14bcd6344,Antihistamínico,41,58.0,54.150894615690405,40.544166564941406,48.74823043112009,7.748230431120092,74bff84c-0733-446b-a298-2f91515a201d
2026-04-20,94e18241-54bd-5516-b36f-94ab6e323aca,43616d97-2221-569d-82eb-bcc14bcd6344,Antihistamínico,92,39.0,46.667394591028106,39.64058303833008,39.12564368313016,52.87435631686984,74bff84c-0733-446b-a298-2f91515a201d
2026-04-27,94e18241-54bd-5516-b36f-94ab6e323aca,43616d97-2221-569d-82eb-bcc14bcd6344,Antihistamínico,46,78.0,62.02428473831665,40.18290328979492,55.8672903955127,9.867290395512697,74bff84c-0733-446b-a298-2f91515a201d
2026-05-04,94e18241-54bd-5516-b36f-94ab6e323aca,43616d97-2221-569d-82eb-bcc14bcd6344,Antihistamínico,47,56.0,53.36160200075837,39.034454345703125,46.162007026240545,0.8379929737594551,74bff84c-0733-446b-a298-2f91515a201d
2026-02-16,94e18241-54bd-5516-b36f-94ab6e323aca,7fb983e8-6848-5425-97a2-14da72722d0f,Antihistamínico,74,55.0,63.92662473577228,74.66461944580078,64.1681841369268,9.831815863073203,74bff84c-0733-446b-a298-2f91515a201d
2026-02-23,94e18241-54bd-5516-b36f-94ab6e323aca,7fb983e8-6848-5425-97a2-14da72722d0f,Antihistamínico,46,83.0,75.65630229180712,79.64407348632812,79.8028314895,33.802831489499994,74bff84c-0733-446b-a298-2f91515a201d
2026-03-02,94e18241-54bd-5516-b36f-94ab6e323aca,7fb983e8-6848-5425-97a2-14da72722d0f,Antihistamínico,96,85.0,73.54885753052059,76.46512603759766,76.09854896919552,19.90145103080448,74bff84c-0733-446b-a298-2f91515a201d
2026-03-09,94e18241-54bd-5516-b36f-94ab6e323aca,7fb983e8-6848-5425-97a2-14da72722d0f,Antihistamínico,87,63.0,73.66020155277087,77.5912857055664,73.73062157955005,13.269378420449954,74bff84c-0733-446b-a298-2f91515a201d
2026-03-16,94e18241-54bd-5516-b36f-94ab6e323aca,7fb983e8-6848-5425-97a2-14da72722d0f,Antihistamínico,22,45.0,73.34816528288714,77.92697143554688,76.58308697668902,54.58308697668902,74bff84c-0733-446b-a298-2f91515a201d
2026-03-23,94e18241-54bd-5516-b36f-94ab6e323aca,7fb983e8-6848-5425-97a2-14da72722d0f,Antihistamínico,55,76.0,73.77007904723726,78.63018035888672,77.48082318976961,22.48082318976961,74bff84c-0733-446b-a298-2f91515a201d
2026-03-30,94e18241-54bd-5516-b36f-94ab6e323aca,7fb983e8-6848-5425-97a2-14da72722d0f,Antihistamínico,59,105.0,74.14889521398548,78.78720092773438,78.86630196371082,19.866301963710825,74bff84c-0733-446b-a298-2f91515a201d
2026-04-06,94e18241-54bd-5516-b36f-94ab6e323aca,7fb983e8-6848-5425-97a2-14da72722d0f,Antihistamínico,63,76.0,73.7679230005667,78.34317779541016,77.24679506134245,14.246795061342453,74bff84c-0733-446b-a298-2f91515a201d
2026-04-13,94e18241-54bd-5516-b36f-94ab6e323aca,7fb983e8-6848-5425-97a2-14da72722d0f,Antihistamínico,87,23.0,73.07065865304983,76.53166961669922,75.09825822618521,11.901741773814791,74bff84c-0733-446b-a298-2f91515a201d
2026-04-20,94e18241-54bd-5516-b36f-94ab6e323aca,7fb983e8-6848-5425-97a2-14da72722d0f,Antihistamínico,24,36.0,73.24168037561194,76.38689422607422,75.72728060868994,51.72728060868994,74bff84c-0733-446b-a298-2f91515a201d
2026-04-27,94e18241-54bd-5516-b36f-94ab6e323aca,7fb983e8-6848-5425-97a2-14da72722d0f,Antihistamínico,36,41.0,73.3074478951861,79.62525939941406,77.62925003446833,41.62925003446833,74bff84c-0733-446b-a298-2f91515a201d
2026-05-04,94e18241-54bd-5516-b36f-94ab6e323aca,7fb983e8-6848-5425-97a2-14da72722d0f,Antihistamínico,38,35.0,73.22852352884195,79.53837585449219,77.23817471292398,39.23817471292398,74bff84c-0733-446b-a298-2f91515a201d
2026-02-16,94e18241-54bd-5516-b36f-94ab6e323aca,8ecedccf-c230-516b-bbc2-108f7a6fbe63,Antihistamínico,35,78.0,66.34565425368864,64.98429107666016,65.45151550027448,30.451515500274482,74bff84c-0733-446b-a298-2f91515a201d
2026-02-23,94e18241-54bd-5516-b36f-94ab6e323aca,8ecedccf-c230-516b-bbc2-108f7a6fbe63,Antihistamínico,43,109.0,60.151830869841234,69.00602722167969,61.28410132520165,18.284101325201647,74bff84c-0733-446b-a298-2f91515a201d
2026-03-02,94e18241-54bd-5516-b36f-94ab6e323aca,8ecedccf-c230-516b-bbc2-108f7a6fbe63,Antihistamínico,84,63.0,69.71380841919775,66.22996520996094,71.87100994774694,12.128990052253059,74bff84c-0733-446b-a298-2f91515a201d
2026-03-09,94e18241-54bd-5516-b36f-94ab6e323aca,8ecedccf-c230-516b-bbc2-108f7a6fbe63,Antihistamínico,92,44.0,73.66540204216659,65.20917510986328,75.84696255852401,16.153037441475988,74bff84c-0733-446b-a298-2f91515a201d
2026-03-16,94e18241-54bd-5516-b36f-94ab6e323aca,8ecedccf-c230-516b-bbc2-108f7a6fbe63,Antihistamínico,33,84.0,65.3464486252662,63.879974365234375,64.99882652872766,31.998826528727662,74bff84c-0733-446b-a298-2f91515a201d
2026-03-23,94e18241-54bd-5516-b36f-94ab6e323aca,8ecedccf-c230-516b-bbc2-108f7a6fbe63,Antihistamínico,68,62.0,69.92187208009423,67.49333953857422,71.05226844621362,3.052268446213617,74bff84c-0733-446b-a298-2f91515a201d
2026-03-30,94e18241-54bd-5516-b36f-94ab6e323aca,8ecedccf-c230-516b-bbc2-108f7a6fbe63,Antihistamínico,53,63.0,69.71389828756821,68.85527801513672,73.51646433905137,20.516464339051367,74bff84c-0733-446b-a298-2f91515a201d
2026-04-06,94e18241-54bd-5516-b36f-94ab6e323aca,8ecedccf-c230-516b-bbc2-108f7a6fbe63,Antihistamínico,50,44.0,73.66540033361808,67.14533233642578,73.3644712044944,23.364471204494393,74bff84c-0733-446b-a298-2f91515a201d
2026-04-13,94e18241-54bd-5516-b36f-94ab6e323aca,8ecedccf-c230-516b-bbc2-108f7a6fbe63,Antihistamínico,50,36.0,75.32919066879171,67.47675323486328,74.85674786302465,24.85674786302465,74bff84c-0733-446b-a298-2f91515a201d
2026-04-20,94e18241-54bd-5516-b36f-94ab6e323aca,8ecedccf-c230-516b-bbc2-108f7a6fbe63,Antihistamínico,42,29.0,76.78500721206883,67.36460876464844,76.84345174556593,34.84345174556593,74bff84c-0733-446b-a298-2f91515a201d
2026-04-27,94e18241-54bd-5516-b36f-94ab6e323aca,8ecedccf-c230-516b-bbc2-108f7a6fbe63,Antihistamínico,46,34.0,75.74513825258518,69.08171844482422,77.34959729990268,31.349597299902683,74bff84c-0733-446b-a298-2f91515a201d
2026-05-04,94e18241-54bd-5516-b36f-94ab6e323aca,8ecedccf-c230-516b-bbc2-108f7a6fbe63,Antihistamínico,65,38.0,74.91324308499826,69.3619384765625,76.66956570729745,11.669565707297451,74bff84c-0733-446b-a298-2f91515a201d
2026-02-16,94e18241-54bd-5516-b36f-94ab6e323aca,d6f21f11-7533-52dd-a4dc-2fb8e260c02c,Antihistamínico,29,76.0,49.51433600593583,70.96089172363281,53.562114612350626,24.562114612350626,74bff84c-0733-446b-a298-2f91515a201d
2026-02-23,94e18241-54bd-5516-b36f-94ab6e323aca,d6f21f11-7533-52dd-a4dc-2fb8e260c02c,Antihistamínico,75,43.0,69.64876970306325,67.68699645996094,72.22384938255239,2.7761506174476125,74bff84c-0733-446b-a298-2f91515a201d
2026-03-02,94e18241-54bd-5516-b36f-94ab6e323aca,d6f21f11-7533-52dd-a4dc-2fb8e260c02c,Antihistamínico,58,62.0,62.24750127218266,69.15556335449219,65.5011457385828,7.501145738582807,74bff84c-0733-446b-a298-2f91515a201d
2026-03-09,94e18241-54bd-5516-b36f-94ab6e323aca,d6f21f11-7533-52dd-a4dc-2fb8e260c02c,Antihistamínico,51,66.0,66.71776075518555,71.06678771972656,69.51309414065308,18.51309414065308,74bff84c-0733-446b-a298-2f91515a201d
2026-03-16,94e18241-54bd-5516-b36f-94ab6e323aca,d6f21f11-7533-52dd-a4dc-2fb8e260c02c,Antihistamínico,36,34.0,61.04927486622138,68.6104965209961,64.04120344364448,28.041203443644477,74bff84c-0733-446b-a298-2f91515a201d
2026-03-23,94e18241-54bd-5516-b36f-94ab6e323aca,d6f21f11-7533-52dd-a4dc-2fb8e260c02c,Antihistamínico,72,52.0,63.98364266716207,68.28397369384766,66.9469414647695,5.053058535230505,74bff84c-0733-446b-a298-2f91515a201d
2026-03-30,94e18241-54bd-5516-b36f-94ab6e323aca,d6f21f11-7533-52dd-a4dc-2fb8e260c02c,Antihistamínico,76,96.0,69.31965915125694,69.05231475830078,73.89511195582237,2.1048880441776276,74bff84c-0733-446b-a298-2f91515a201d
2026-04-06,94e18241-54bd-5516-b36f-94ab6e323aca,d6f21f11-7533-52dd-a4dc-2fb8e260c02c,Antihistamínico,52,43.0,62.683711199703055,71.25577545166016,64.63072731966002,12.630727319660025,74bff84c-0733-446b-a298-2f91515a201d
2026-04-13,94e18241-54bd-5516-b36f-94ab6e323aca,d6f21f11-7533-52dd-a4dc-2fb8e260c02c,Antihistamínico,28,44.0,62.768526675073616,67.95853424072266,64.76828551468085,36.768285514680855,74bff84c-0733-446b-a298-2f91515a201d
2026-04-20,94e18241-54bd-5516-b36f-94ab6e323aca,d6f21f11-7533-52dd-a4dc-2fb8e260c02c,Antihistamínico,35,39.0,62.14968438156927,67.70094299316406,64.7699918270954,29.769991827095396,74bff84c-0733-446b-a298-2f91515a201d
2026-04-27,94e18241-54bd-5516-b36f-94ab6e323aca,d6f21f11-7533-52dd-a4dc-2fb8e260c02c,Antihistamínico,44,42.0,62.524349365043555,69.41805267333984,66.34777132015219,22.34777132015219,74bff84c-0733-446b-a298-2f91515a201d
2026-05-04,94e18241-54bd-5516-b36f-94ab6e323aca,d6f21f11-7533-52dd-a4dc-2fb8e260c02c,Antihistamínico,52,51.0,63.6718243460632,69.39582061767578,67.77956760930783,15.779567609307833,74bff84c-0733-446b-a298-2f91515a201d
2026-02-16,97d26d91-c562-5f27-9ebd-285e89c8f4bf,26f7241d-a84e-5e4a-a43d-33eea1e54eea,Antidiabético,99,52.0,78.6145859072505,78.47172546386719,84.63344386318312,14.366556136816882,74bff84c-0733-446b-a298-2f91515a201d
2026-02-23,97d26d91-c562-5f27-9ebd-285e89c8f4bf,26f7241d-a84e-5e4a-a43d-33eea1e54eea,Antidiabético,67,79.0,80.21098004266643,80.13492584228516,87.7397514431181,20.739751443118095,74bff84c-0733-446b-a298-2f91515a201d
2026-03-02,97d26d91-c562-5f27-9ebd-285e89c8f4bf,26f7241d-a84e-5e4a-a43d-33eea1e54eea,Antidiabético,91,79.0,80.2533616102097,78.53060913085938,84.54312649134373,6.4568735086562725,74bff84c-0733-446b-a298-2f91515a201d
2026-03-09,97d26d91-c562-5f27-9ebd-285e89c8f4bf,26f7241d-a84e-5e4a-a43d-33eea1e54eea,Antidiabético,52,70.0,80.08039212648511,78.99877166748047,82.79093170587659,30.790931705876588,74bff84c-0733-446b-a298-2f91515a201d
2026-03-16,97d26d91-c562-5f27-9ebd-285e89c8f4bf,26f7241d-a84e-5e4a-a43d-33eea1e54eea,Antidiabético,101,81.0,80.2939124820844,79.8735122680664,85.78415877801335,15.21584122198665,74bff84c-0733-446b-a298-2f91515a201d
2026-03-23,97d26d91-c562-5f27-9ebd-285e89c8f4bf,26f7241d-a84e-5e4a-a43d-33eea1e54eea,Antidiabético,86,87.0,80.4103446445445,79.99127960205078,85.86203293418683,0.13796706581317153,74bff84c-0733-446b-a298-2f91515a201d
2026-03-30,97d26d91-c562-5f27-9ebd-285e89c8f4bf,26f7241d-a84e-5e4a-a43d-33eea1e54eea,Antidiabético,104,106.0,80.77903831311555,81.5035171508789,87.75227630444856,16.247723695551443,74bff84c-0733-446b-a298-2f91515a201d
2026-04-06,97d26d91-c562-5f27-9ebd-285e89c8f4bf,26f7241d-a84e-5e4a-a43d-33eea1e54eea,Antidiabético,55,113.0,80.91487278859319,78.39142608642578,84.12453212659062,29.124532126590623,74bff84c-0733-446b-a298-2f91515a201d
2026-04-13,97d26d91-c562-5f27-9ebd-285e89c8f4bf,26f7241d-a84e-5e4a-a43d-33eea1e54eea,Antidiabético,92,101.0,80.68201369493804,79.78717041015625,84.57670659273467,7.423293407265334,74bff84c-0733-446b-a298-2f91515a201d
2026-04-20,97d26d91-c562-5f27-9ebd-285e89c8f4bf,26f7241d-a84e-5e4a-a43d-33eea1e54eea,Antidiabético,80,56.0,79.80879209313228,79.70125579833984,83.83971641335323,3.83971641335323,74bff84c-0733-446b-a298-2f91515a201d
2026-04-27,97d26d91-c562-5f27-9ebd-285e89c8f4bf,26f7241d-a84e-5e4a-a43d-33eea1e54eea,Antidiabético,95,91.0,80.48796445009754,82.68229675292969,86.35508900759265,8.644910992407347,74bff84c-0733-446b-a298-2f91515a201d
2026-05-04,97d26d91-c562-5f27-9ebd-285e89c8f4bf,26f7241d-a84e-5e4a-a43d-33eea1e54eea,Antidiabético,77,57.0,79.82819701761726,82.9232177734375,85.63738872141364,8.637388721413643,74bff84c-0733-446b-a298-2f91515a201d
2026-02-16,97d26d91-c562-5f27-9ebd-285e89c8f4bf,43616d97-2221-569d-82eb-bcc14bcd6344,Antidiabético,76,72.0,74.85167685924856,77.53474426269531,79.78350821911184,3.7835082191118374,74bff84c-0733-446b-a298-2f91515a201d
2026-02-23,97d26d91-c562-5f27-9ebd-285e89c8f4bf,43616d97-2221-569d-82eb-bcc14bcd6344,Antidiabético,69,84.0,73.47401058916888,79.50285339355469,79.21113837008319,10.21113837008319,74bff84c-0733-446b-a298-2f91515a201d
2026-03-02,97d26d91-c562-5f27-9ebd-285e89c8f4bf,43616d97-2221-569d-82eb-bcc14bcd6344,Antidiabético,70,76.0,73.98478551070336,72.87349700927734,76.28147716681603,6.281477166816032,74bff84c-0733-446b-a298-2f91515a201d
2026-03-09,97d26d91-c562-5f27-9ebd-285e89c8f4bf,43616d97-2221-569d-82eb-bcc14bcd6344,Antidiabético,68,83.0,73.59935739150686,75.32894897460938,77.4109761964385,9.410976196438497,74bff84c-0733-446b-a298-2f91515a201d
2026-03-16,97d26d91-c562-5f27-9ebd-285e89c8f4bf,43616d97-2221-569d-82eb-bcc14bcd6344,Antidiabético,69,66.0,74.51493745822053,75.49636840820312,78.68567710894685,9.685677108946848,74bff84c-0733-446b-a298-2f91515a201d
2026-03-23,97d26d91-c562-5f27-9ebd-285e89c8f4bf,43616d97-2221-569d-82eb-bcc14bcd6344,Antidiabético,54,71.0,74.2458277632706,75.23905944824219,78.47563227910922,24.47563227910922,74bff84c-0733-446b-a298-2f91515a201d
2026-03-30,97d26d91-c562-5f27-9ebd-285e89c8f4bf,43616d97-2221-569d-82eb-bcc14bcd6344,Antidiabético,65,82.0,73.65403207563523,77.01892852783203,78.82624610685471,13.826246106854711,74bff84c-0733-446b-a298-2f91515a201d
2026-04-06,97d26d91-c562-5f27-9ebd-285e89c8f4bf,43616d97-2221-569d-82eb-bcc14bcd6344,Antidiabético,61,95.0,72.95462209194044,76.83979034423828,75.88559824436048,14.88559824436048,74bff84c-0733-446b-a298-2f91515a201d
2026-04-13,97d26d91-c562-5f27-9ebd-285e89c8f4bf,43616d97-2221-569d-82eb-bcc14bcd6344,Antidiabético,63,63.0,74.6762436527033,77.60356140136719,77.60230742871954,14.602307428719541,74bff84c-0733-446b-a298-2f91515a201d
2026-04-20,97d26d91-c562-5f27-9ebd-285e89c8f4bf,43616d97-2221-569d-82eb-bcc14bcd6344,Antidiabético,40,58.0,74.94524698413494,77.63851165771484,77.9113483921397,37.9113483921397,74bff84c-0733-446b-a298-2f91515a201d
2026-04-27,97d26d91-c562-5f27-9ebd-285e89c8f4bf,43616d97-2221-569d-82eb-bcc14bcd6344,Antidiabético,91,79.0,73.81543292893043,80.14044952392578,78.75603475464455,12.243965245355454,74bff84c-0733-446b-a298-2f91515a201d
2026-05-04,97d26d91-c562-5f27-9ebd-285e89c8f4bf,43616d97-2221-569d-82eb-bcc14bcd6344,Antidiabético,98,79.0,73.81543292874423,80.82347869873047,78.79429616803256,19.20570383196744,74bff84c-0733-446b-a298-2f91515a201d
2026-02-16,97d26d91-c562-5f27-9ebd-285e89c8f4bf,7fb983e8-6848-5425-97a2-14da72722d0f,Antidiabético,65,80.0,71.46930350765516,68.05975341796875,72.77847208484937,7.778472084849369,74bff84c-0733-446b-a298-2f91515a201d
2026-02-23,97d26d91-c562-5f27-9ebd-285e89c8f4bf,7fb983e8-6848-5425-97a2-14da72722d0f,Antidiabético,65,79.0,69.81649764328918,67.526611328125,71.09672041684112,6.096720416841123,74bff84c-0733-446b-a298-2f91515a201d
2026-03-02,97d26d91-c562-5f27-9ebd-285e89c8f4bf,7fb983e8-6848-5425-97a2-14da72722d0f,Antidiabético,85,69.0,69.6360207838318,68.50477600097656,70.3936449331543,14.606355066845694,74bff84c-0733-446b-a298-2f91515a201d
2026-03-09,97d26d91-c562-5f27-9ebd-285e89c8f4bf,7fb983e8-6848-5425-97a2-14da72722d0f,Antidiabético,72,87.0,70.32670166677623,67.25184631347656,70.63601278847842,1.3639872115215752,74bff84c-0733-446b-a298-2f91515a201d
2026-03-16,97d26d91-c562-5f27-9ebd-285e89c8f4bf,7fb983e8-6848-5425-97a2-14da72722d0f,Antidiabético,63,68.0,69.57009102647955,67.46359252929688,70.39689351862127,7.396893518621269,74bff84c-0733-446b-a298-2f91515a201d
2026-03-23,97d26d91-c562-5f27-9ebd-285e89c8f4bf,7fb983e8-6848-5425-97a2-14da72722d0f,Antidiabético,58,81.0,70.09001149133803,67.46359252929688,70.3067008991635,12.306700899163502,74bff84c-0733-446b-a298-2f91515a201d
2026-03-30,97d26d91-c562-5f27-9ebd-285e89c8f4bf,7fb983e8-6848-5425-97a2-14da72722d0f,Antidiabético,71,76.0,69.88990371300369,68.31242370605469,72.16143767906814,1.1614376790681433,74bff84c-0733-446b-a298-2f91515a201d
2026-04-06,97d26d91-c562-5f27-9ebd-285e89c8f4bf,7fb983e8-6848-5425-97a2-14da72722d0f,Antidiabético,73,60.0,69.24930530011757,66.73690795898438,68.29909615933998,4.700903840660018,74bff84c-0733-446b-a298-2f91515a201d
2026-04-13,97d26d91-c562-5f27-9ebd-285e89c8f4bf,7fb983e8-6848-5425-97a2-14da72722d0f,Antidiabético,77,35.0,68.24838788081739,66.74441528320312,67.6728929357681,9.327107064231896,74bff84c-0733-446b-a298-2f91515a201d
2026-04-20,97d26d91-c562-5f27-9ebd-285e89c8f4bf,7fb983e8-6848-5425-97a2-14da72722d0f,Antidiabético,57,56.0,69.08915950700383,66.65850067138672,68.6498969678555,11.649896967855497,74bff84c-0733-446b-a298-2f91515a201d
2026-04-27,97d26d91-c562-5f27-9ebd-285e89c8f4bf,7fb983e8-6848-5425-97a2-14da72722d0f,Antidiabético,80,60.0,69.24930654636474,68.3756103515625,70.3554123508081,9.644587649191905,74bff84c-0733-446b-a298-2f91515a201d
2026-05-04,97d26d91-c562-5f27-9ebd-285e89c8f4bf,7fb983e8-6848-5425-97a2-14da72722d0f,Antidiabético,75,61.0,69.28934329605984,68.47664642333984,70.33751612759518,4.66248387240482,74bff84c-0733-446b-a298-2f91515a201d
2026-02-16,97d26d91-c562-5f27-9ebd-285e89c8f4bf,8ecedccf-c230-516b-bbc2-108f7a6fbe63,Antidiabético,111,64.0,73.66922509836319,76.9155502319336,78.28327548669937,32.71672451330063,74bff84c-0733-446b-a298-2f91515a201d
2026-02-23,97d26d91-c562-5f27-9ebd-285e89c8f4bf,8ecedccf-c230-516b-bbc2-108f7a6fbe63,Antidiabético,55,76.0,74.07913215103609,76.88732147216797,78.66637141647799,23.666371416477986,74bff84c-0733-446b-a298-2f91515a201d
2026-03-02,97d26d91-c562-5f27-9ebd-285e89c8f4bf,8ecedccf-c230-516b-bbc2-108f7a6fbe63,Antidiabético,69,62.0,74.36593748217709,78.93830108642578,78.65727401858456,9.657274018584559,74bff84c-0733-446b-a298-2f91515a201d
2026-03-09,97d26d91-c562-5f27-9ebd-285e89c8f4bf,8ecedccf-c230-516b-bbc2-108f7a6fbe63,Antidiabético,113,70.0,74.22767616064287,76.66958618164062,77.33511973173357,35.66488026826643,74bff84c-0733-446b-a298-2f91515a201d
2026-03-16,97d26d91-c562-5f27-9ebd-285e89c8f4bf,8ecedccf-c230-516b-bbc2-108f7a6fbe63,Antidiabético,57,65.0,74.31589099843175,77.44926452636719,78.55561515767248,21.555615157672477,74bff84c-0733-446b-a298-2f91515a201d
2026-03-23,97d26d91-c562-5f27-9ebd-285e89c8f4bf,8ecedccf-c230-516b-bbc2-108f7a6fbe63,Antidiabético,95,82.0,74.01654722446916,77.46644592285156,77.73970772976396,17.260292270236036,74bff84c-0733-446b-a298-2f91515a201d
2026-03-30,97d26d91-c562-5f27-9ebd-285e89c8f4bf,8ecedccf-c230-516b-bbc2-108f7a6fbe63,Antidiabético,67,75.0,74.13981165782872,79.19261169433594,79.87587942974034,12.875879429740337,74bff84c-0733-446b-a298-2f91515a201d
2026-04-06,97d26d91-c562-5f27-9ebd-285e89c8f4bf,8ecedccf-c230-516b-bbc2-108f7a6fbe63,Antidiabético,51,71.0,74.21024811629611,75.7393798828125,76.54184282187778,25.54184282187778,74bff84c-0733-446b-a298-2f91515a201d
2026-04-13,97d26d91-c562-5f27-9ebd-285e89c8f4bf,8ecedccf-c230-516b-bbc2-108f7a6fbe63,Antidiabético,81,90.0,73.875675160788,76.40522766113281,76.57362099399418,4.426379006005817,74bff84c-0733-446b-a298-2f91515a201d
2026-04-20,97d26d91-c562-5f27-9ebd-285e89c8f4bf,8ecedccf-c230-516b-bbc2-108f7a6fbe63,Antidiabético,60,76.0,74.1222026040876,76.1484146118164,76.95638081339241,16.956380813392414,74bff84c-0733-446b-a298-2f91515a201d
2026-04-27,97d26d91-c562-5f27-9ebd-285e89c8f4bf,8ecedccf-c230-516b-bbc2-108f7a6fbe63,Antidiabético,71,80.0,74.0517661917843,79.33477783203125,78.72214583045617,7.722145830456171,74bff84c-0733-446b-a298-2f91515a201d
2026-05-04,97d26d91-c562-5f27-9ebd-285e89c8f4bf,8ecedccf-c230-516b-bbc2-108f7a6fbe63,Antidiabético,81,48.0,74.61525749031216,78.89796447753906,79.2277042752853,1.772295724714695,74bff84c-0733-446b-a298-2f91515a201d
2026-02-16,97d26d91-c562-5f27-9ebd-285e89c8f4bf,d6f21f11-7533-52dd-a4dc-2fb8e260c02c,Antidiabético,60,66.0,64.71273986400729,56.062225341796875,68.85782281459933,8.85782281459933,74bff84c-0733-446b-a298-2f91515a201d
2026-02-23,97d26d91-c562-5f27-9ebd-285e89c8f4bf,d6f21f11-7533-52dd-a4dc-2fb8e260c02c,Antidiabético,61,65.0,64.7963984302455,55.025535583496094,68.40663984336196,7.406639843361958,74bff84c-0733-446b-a298-2f91515a201d
2026-03-02,97d26d91-c562-5f27-9ebd-285e89c8f4bf,d6f21f11-7533-52dd-a4dc-2fb8e260c02c,Antidiabético,60,66.0,65.08231359773839,54.93903350830078,67.58852130228246,7.588521302282459,74bff84c-0733-446b-a298-2f91515a201d
2026-03-09,97d26d91-c562-5f27-9ebd-285e89c8f4bf,d6f21f11-7533-52dd-a4dc-2fb8e260c02c,Antidiabético,61,63.0,64.30191424665712,54.920997619628906,67.24109628973268,6.241096289732681,74bff84c-0733-446b-a298-2f91515a201d
2026-03-16,97d26d91-c562-5f27-9ebd-285e89c8f4bf,d6f21f11-7533-52dd-a4dc-2fb8e260c02c,Antidiabético,75,72.0,66.6487647199702,54.63227081298828,70.36944996357677,4.63055003642323,74bff84c-0733-446b-a298-2f91515a201d
2026-03-23,97d26d91-c562-5f27-9ebd-285e89c8f4bf,d6f21f11-7533-52dd-a4dc-2fb8e260c02c,Antidiabético,60,76.0,67.69175945677028,55.1389045715332,71.59087597288357,11.590875972883566,74bff84c-0733-446b-a298-2f91515a201d
2026-03-30,97d26d91-c562-5f27-9ebd-285e89c8f4bf,d6f21f11-7533-52dd-a4dc-2fb8e260c02c,Antidiabético,62,66.0,65.08429789059167,55.1644401550293,69.54620289318567,7.546202893185665,74bff84c-0733-446b-a298-2f91515a201d
2026-04-06,97d26d91-c562-5f27-9ebd-285e89c8f4bf,d6f21f11-7533-52dd-a4dc-2fb8e260c02c,Antidiabético,41,64.0,64.56280548624314,53.70814514160156,67.36411244921005,26.364112449210054,74bff84c-0733-446b-a298-2f91515a201d
2026-04-13,97d26d91-c562-5f27-9ebd-285e89c8f4bf,d6f21f11-7533-52dd-a4dc-2fb8e260c02c,Antidiabético,62,43.0,59.087134693568046,53.70814514160156,62.23379573673516,0.23379573673516063,74bff84c-0733-446b-a298-2f91515a201d
2026-04-20,97d26d91-c562-5f27-9ebd-285e89c8f4bf,d6f21f11-7533-52dd-a4dc-2fb8e260c02c,Antidiabético,65,49.0,60.65161206427936,53.82717514038086,64.04188348952655,0.9581165104734453,74bff84c-0733-446b-a298-2f91515a201d
2026-04-27,97d26d91-c562-5f27-9ebd-285e89c8f4bf,d6f21f11-7533-52dd-a4dc-2fb8e260c02c,Antidiabético,75,53.0,61.6945969779206,54.80043411254883,65.86504909584052,9.134950904159481,74bff84c-0733-446b-a298-2f91515a201d
2026-05-04,97d26d91-c562-5f27-9ebd-285e89c8f4bf,d6f21f11-7533-52dd-a4dc-2fb8e260c02c,Antidiabético,67,57.0,62.73758189154285,54.80043411254883,66.90803400946277,0.09196599053723276,74bff84c-0733-446b-a298-2f91515a201d
2026-02-16,983871db-adfb-543e-b438-6b00044ffb64,26f7241d-a84e-5e4a-a43d-33eea1e54eea,Antiulceroso,41,74.0,82.20367474391577,74.01263427734375,86.50913948848364,45.50913948848364,74bff84c-0733-446b-a298-2f91515a201d
2026-02-23,983871db-adfb-543e-b438-6b00044ffb64,26f7241d-a84e-5e4a-a43d-33eea1e54eea,Antiulceroso,136,82.0,76.89846583152064,24.990482330322266,26.899411876442514,109.10058812355749,74bff84c-0733-446b-a298-2f91515a201d
2026-03-02,983871db-adfb-543e-b438-6b00044ffb64,26f7241d-a84e-5e4a-a43d-33eea1e54eea,Antiulceroso,88,88.0,79.85297417308364,52.00163269042969,71.16820740367446,16.831792596325542,74bff84c-0733-446b-a298-2f91515a201d
2026-03-09,983871db-adfb-543e-b438-6b00044ffb64,26f7241d-a84e-5e4a-a43d-33eea1e54eea,Antiulceroso,116,93.0,81.23340070466098,32.0788688659668,37.769617440500824,78.23038255949918,74bff84c-0733-446b-a298-2f91515a201d
2026-03-16,983871db-adfb-543e-b438-6b00044ffb64,26f7241d-a84e-5e4a-a43d-33eea1e54eea,Antiulceroso,33,159.0,101.56493158136121,37.536094665527344,86.59468240533582,53.59468240533582,74bff84c-0733-446b-a298-2f91515a201d
2026-03-23,983871db-adfb-543e-b438-6b00044ffb64,26f7241d-a84e-5e4a-a43d-33eea1e54eea,Antiulceroso,77,61.0,71.40597245496181,30.69875717163086,19.483204815801656,57.516795184198344,74bff84c-0733-446b-a298-2f91515a201d
2026-03-30,983871db-adfb-543e-b438-6b00044ffb64,26f7241d-a84e-5e4a-a43d-33eea1e54eea,Antiulceroso,127,12.0,56.32856202910836,29.269989013671875,50.603691347345666,76.39630865265434,74bff84c-0733-446b-a298-2f91515a201d
2026-04-06,983871db-adfb-543e-b438-6b00044ffb64,26f7241d-a84e-5e4a-a43d-33eea1e54eea,Antiulceroso,94,94.0,81.56085003879572,21.878999710083008,48.61875714328791,45.38124285671209,74bff84c-0733-446b-a298-2f91515a201d
2026-04-13,983871db-adfb-543e-b438-6b00044ffb64,26f7241d-a84e-5e4a-a43d-33eea1e54eea,Antiulceroso,87,95.0,81.86857102044122,20.759645462036133,53.58004448540704,33.41995551459296,74bff84c-0733-446b-a298-2f91515a201d
2026-04-20,983871db-adfb-543e-b438-6b00044ffb64,26f7241d-a84e-5e4a-a43d-33eea1e54eea,Antiulceroso,89,86.0,79.09916502711481,15.571130752563477,42.57222944972223,46.42777055027777,74bff84c-0733-446b-a298-2f91515a201d
2026-04-27,983871db-adfb-543e-b438-6b00044ffb64,26f7241d-a84e-5e4a-a43d-33eea1e54eea,Antiulceroso,37,102.0,84.02255127760286,16.75562858581543,65.3389136585843,28.338913658584303,74bff84c-0733-446b-a298-2f91515a201d
2026-05-04,983871db-adfb-543e-b438-6b00044ffb64,26f7241d-a84e-5e4a-a43d-33eea1e54eea,Antiulceroso,38,0.0,52.635965117510025,13.705448150634766,11.43055129915065,26.56944870084935,74bff84c-0733-446b-a298-2f91515a201d
2026-02-16,983871db-adfb-543e-b438-6b00044ffb64,43616d97-2221-569d-82eb-bcc14bcd6344,Antiulceroso,63,90.0,84.89587050313604,61.20703125,85.51901548738134,22.51901548738134,74bff84c-0733-446b-a298-2f91515a201d
2026-02-23,983871db-adfb-543e-b438-6b00044ffb64,43616d97-2221-569d-82eb-bcc14bcd6344,Antiulceroso,76,93.0,80.5463706837284,32.36546325683594,32.08531492811316,43.91468507188684,74bff84c-0733-446b-a298-2f91515a201d
2026-03-02,983871db-adfb-543e-b438-6b00044ffb64,43616d97-2221-569d-82eb-bcc14bcd6344,Antiulceroso,101,133.0,94.74661723844473,42.835933685302734,84.7577065633959,16.2422934366041,74bff84c-0733-446b-a298-2f91515a201d
2026-03-09,983871db-adfb-543e-b438-6b00044ffb64,43616d97-2221-569d-82eb-bcc14bcd6344,Antiulceroso,96,70.0,73.32413831381828,33.60646438598633,24.142955452490156,71.85704454750984,74bff84c-0733-446b-a298-2f91515a201d
2026-03-16,983871db-adfb-543e-b438-6b00044ffb64,43616d97-2221-569d-82eb-bcc14bcd6344,Antiulceroso,59,9.0,52.667075815042125,29.375751495361328,42.88993042929994,16.110069570700063,74bff84c-0733-446b-a298-2f91515a201d
2026-03-23,983871db-adfb-543e-b438-6b00044ffb64,43616d97-2221-569d-82eb-bcc14bcd6344,Antiulceroso,12,84.0,78.07560114398515,24.94101905822754,58.80899576678789,46.80899576678789,74bff84c-0733-446b-a298-2f91515a201d
2026-03-30,983871db-adfb-543e-b438-6b00044ffb64,43616d97-2221-569d-82eb-bcc14bcd6344,Antiulceroso,110,122.0,90.94997198342828,24.849824905395508,57.744771788115784,52.255228211884216,74bff84c-0733-446b-a298-2f91515a201d
2026-04-06,983871db-adfb-543e-b438-6b00044ffb64,43616d97-2221-569d-82eb-bcc14bcd6344,Antiulceroso,78,78.0,76.04294914076674,16.81826400756836,39.94269889662611,38.05730110337389,74bff84c-0733-446b-a298-2f91515a201d
2026-04-13,983871db-adfb-543e-b438-6b00044ffb64,43616d97-2221-569d-82eb-bcc14bcd6344,Antiulceroso,88,89.0,79.76970269336695,16.802352905273438,60.17078950061793,27.82921049938207,74bff84c-0733-446b-a298-2f91515a201d
2026-04-20,983871db-adfb-543e-b438-6b00044ffb64,43616d97-2221-569d-82eb-bcc14bcd6344,Antiulceroso,97,0.0,49.616894587461985,12.5723295211792,14.493210658018626,82.50678934198137,74bff84c-0733-446b-a298-2f91515a201d
2026-04-27,983871db-adfb-543e-b438-6b00044ffb64,43616d97-2221-569d-82eb-bcc14bcd6344,Antiulceroso,54,103.0,84.51284079421634,13.598370552062988,78.64753680099125,24.647536800991247,74bff84c-0733-446b-a298-2f91515a201d
2026-05-04,983871db-adfb-543e-b438-6b00044ffb64,43616d97-2221-569d-82eb-bcc14bcd6344,Antiulceroso,16,82.0,77.39813331761778,13.443073272705078,38.76983360448301,22.76983360448301,74bff84c-0733-446b-a298-2f91515a201d
2026-02-16,983871db-adfb-543e-b438-6b00044ffb64,7fb983e8-6848-5425-97a2-14da72722d0f,Antiulceroso,64,59.0,70.54398668848431,82.0013198852539,83.59714830957806,19.59714830957806,74bff84c-0733-446b-a298-2f91515a201d
2026-02-23,983871db-adfb-543e-b438-6b00044ffb64,7fb983e8-6848-5425-97a2-14da72722d0f,Antiulceroso,61,78.0,67.30238586636716,81.84400939941406,78.17515808316404,17.175158083164035,74bff84c-0733-446b-a298-2f91515a201d
2026-03-02,983871db-adfb-543e-b438-6b00044ffb64,7fb983e8-6848-5425-97a2-14da72722d0f,Antiulceroso,73,95.0,64.96214637429698,82.98481750488281,74.25699195535167,1.2569919553516655,74bff84c-0733-446b-a298-2f91515a201d
2026-03-09,983871db-adfb-543e-b438-6b00044ffb64,7fb983e8-6848-5425-97a2-14da72722d0f,Antiulceroso,41,105.0,63.59633578099402,88.41216278076172,74.13262690343055,33.13262690343055,74bff84c-0733-446b-a298-2f91515a201d
2026-03-16,983871db-adfb-543e-b438-6b00044ffb64,7fb983e8-6848-5425-97a2-14da72722d0f,Antiulceroso,47,50.0,71.10509923490189,90.27794647216797,81.83978131803177,34.83978131803177,74bff84c-0733-446b-a298-2f91515a201d
2026-03-23,983871db-adfb-543e-b438-6b00044ffb64,7fb983e8-6848-5425-97a2-14da72722d0f,Antiulceroso,63,61.0,69.60334257769698,95.15172576904297,79.72689490008467,16.726894900084673,74bff84c-0733-446b-a298-2f91515a201d
2026-03-30,983871db-adfb-543e-b438-6b00044ffb64,7fb983e8-6848-5425-97a2-14da72722d0f,Antiulceroso,43,32.0,73.56251784533839,100.87449645996094,84.91098471850734,41.910984718507336,74bff84c-0733-446b-a298-2f91515a201d
2026-04-06,983871db-adfb-543e-b438-6b00044ffb64,7fb983e8-6848-5425-97a2-14da72722d0f,Antiulceroso,77,112.0,62.6406549951302,105.04068756103516,73.35696168153157,3.6430383184684274,74bff84c-0733-446b-a298-2f91515a201d
2026-04-13,983871db-adfb-543e-b438-6b00044ffb64,7fb983e8-6848-5425-97a2-14da72722d0f,Antiulceroso,80,100.0,64.27893442257874,108.75728607177734,73.88793176754945,6.112068232450554,74bff84c-0733-446b-a298-2f91515a201d
2026-04-20,983871db-adfb-543e-b438-6b00044ffb64,7fb983e8-6848-5425-97a2-14da72722d0f,Antiulceroso,85,71.0,68.23810970561215,110.03302001953125,78.02670490519711,6.973295094802893,74bff84c-0733-446b-a298-2f91515a201d
2026-04-27,983871db-adfb-543e-b438-6b00044ffb64,7fb983e8-6848-5425-97a2-14da72722d0f,Antiulceroso,0,49.0,71.24162198929297,124.47676849365234,83.20975019363867,83.20975019363867,74bff84c-0733-446b-a298-2f91515a201d
2026-05-04,983871db-adfb-543e-b438-6b00044ffb64,7fb983e8-6848-5425-97a2-14da72722d0f,Antiulceroso,66,32.0,73.56251784486452,125.50918579101562,85.7681300274817,19.768130027481703,74bff84c-0733-446b-a298-2f91515a201d
2026-02-16,983871db-adfb-543e-b438-6b00044ffb64,8ecedccf-c230-516b-bbc2-108f7a6fbe63,Antiulceroso,62,65.0,66.33962492956134,80.26698303222656,80.63493781103107,18.634937811031065,74bff84c-0733-446b-a298-2f91515a201d
2026-02-23,983871db-adfb-543e-b438-6b00044ffb64,8ecedccf-c230-516b-bbc2-108f7a6fbe63,Antiulceroso,73,80.0,68.14672547159627,83.70630645751953,80.28165703592732,7.281657035927324,74bff84c-0733-446b-a298-2f91515a201d
2026-03-02,983871db-adfb-543e-b438-6b00044ffb64,8ecedccf-c230-516b-bbc2-108f7a6fbe63,Antiulceroso,115,102.0,71.80544827096345,85.53572082519531,84.51331684701326,30.486683152986743,74bff84c-0733-446b-a298-2f91515a201d
2026-03-09,983871db-adfb-543e-b438-6b00044ffb64,8ecedccf-c230-516b-bbc2-108f7a6fbe63,Antiulceroso,45,43.0,62.06656731011792,84.29402160644531,74.33419311883374,29.33419311883374,74bff84c-0733-446b-a298-2f91515a201d
2026-03-16,983871db-adfb-543e-b438-6b00044ffb64,8ecedccf-c230-516b-bbc2-108f7a6fbe63,Antiulceroso,20,16.0,57.610364163116714,86.7380599975586,66.15119477529933,46.15119477529933,74bff84c-0733-446b-a298-2f91515a201d
2026-03-23,983871db-adfb-543e-b438-6b00044ffb64,8ecedccf-c230-516b-bbc2-108f7a6fbe63,Antiulceroso,65,84.0,68.83351213370301,97.16295623779297,80.37035447989442,15.370354479894416,74bff84c-0733-446b-a298-2f91515a201d
2026-03-30,983871db-adfb-543e-b438-6b00044ffb64,8ecedccf-c230-516b-bbc2-108f7a6fbe63,Antiulceroso,119,92.0,70.15388279671899,101.14569091796875,83.50186138863793,35.498138611362066,74bff84c-0733-446b-a298-2f91515a201d
2026-04-06,983871db-adfb-543e-b438-6b00044ffb64,8ecedccf-c230-516b-bbc2-108f7a6fbe63,Antiulceroso,57,70.0,66.5228636946211,101.16979217529297,75.22167236466504,18.22167236466504,74bff84c-0733-446b-a298-2f91515a201d
2026-04-13,983871db-adfb-543e-b438-6b00044ffb64,8ecedccf-c230-516b-bbc2-108f7a6fbe63,Antiulceroso,117,59.0,64.7073541454043,106.11386108398438,74.58129175221582,42.41870824778418,74bff84c-0733-446b-a298-2f91515a201d
2026-04-20,983871db-adfb-543e-b438-6b00044ffb64,8ecedccf-c230-516b-bbc2-108f7a6fbe63,Antiulceroso,80,66.0,65.86267840408023,110.03302001953125,76.07299601577456,3.9270039842254363,74bff84c-0733-446b-a298-2f91515a201d
2026-04-27,983871db-adfb-543e-b438-6b00044ffb64,8ecedccf-c230-516b-bbc2-108f7a6fbe63,Antiulceroso,0,6.0,55.95989904395131,119.76627349853516,68.50728902808217,68.50728902808217,74bff84c-0733-446b-a298-2f91515a201d
2026-05-04,983871db-adfb-543e-b438-6b00044ffb64,8ecedccf-c230-516b-bbc2-108f7a6fbe63,Antiulceroso,58,82.0,68.50341956678157,126.54329681396484,80.6816841847015,22.681684184701496,74bff84c-0733-446b-a298-2f91515a201d
2026-02-16,983871db-adfb-543e-b438-6b00044ffb64,d6f21f11-7533-52dd-a4dc-2fb8e260c02c,Antiulceroso,43,86.0,60.28473415424305,21.0797119140625,24.95044078876453,18.04955921123547,74bff84c-0733-446b-a298-2f91515a201d
2026-02-23,983871db-adfb-543e-b438-6b00044ffb64,d6f21f11-7533-52dd-a4dc-2fb8e260c02c,Antiulceroso,88,54.0,66.23672605908394,36.5450325012207,53.24420286572456,34.75579713427544,74bff84c-0733-446b-a298-2f91515a201d
2026-03-02,983871db-adfb-543e-b438-6b00044ffb64,d6f21f11-7533-52dd-a4dc-2fb8e260c02c,Antiulceroso,65,32.0,70.34651999098749,23.099428176879883,35.47205023390741,29.52794976609259,74bff84c-0733-446b-a298-2f91515a201d
2026-03-09,983871db-adfb-543e-b438-6b00044ffb64,d6f21f11-7533-52dd-a4dc-2fb8e260c02c,Antiulceroso,82,71.0,63.06193294300733,24.684040069580078,46.99875011219678,35.00124988780322,74bff84c-0733-446b-a298-2f91515a201d
2026-03-16,983871db-adfb-543e-b438-6b00044ffb64,d6f21f11-7533-52dd-a4dc-2fb8e260c02c,Antiulceroso,84,82.0,61.007309441572225,20.190567016601562,36.31218195438961,47.68781804561039,74bff84c-0733-446b-a298-2f91515a201d
2026-03-23,983871db-adfb-543e-b438-6b00044ffb64,d6f21f11-7533-52dd-a4dc-2fb8e260c02c,Antiulceroso,53,88.0,59.886605566580926,19.588869094848633,44.0518525300819,8.948147469918098,74bff84c-0733-446b-a298-2f91515a201d
2026-03-30,983871db-adfb-543e-b438-6b00044ffb64,d6f21f11-7533-52dd-a4dc-2fb8e260c02c,Antiulceroso,32,66.0,63.995853087657714,13.169883728027344,42.82657398914697,10.826573989146972,74bff84c-0733-446b-a298-2f91515a201d
2026-04-06,983871db-adfb-543e-b438-6b00044ffb64,d6f21f11-7533-52dd-a4dc-2fb8e260c02c,Antiulceroso,65,69.0,63.4355011529795,13.145098686218262,43.00288778017676,21.997112219823237,74bff84c-0733-446b-a298-2f91515a201d
2026-04-13,983871db-adfb-543e-b438-6b00044ffb64,d6f21f11-7533-52dd-a4dc-2fb8e260c02c,Antiulceroso,88,60.0,65.11655695700618,11.971001625061035,43.219023540258135,44.780976459741865,74bff84c-0733-446b-a298-2f91515a201d
2026-04-20,983871db-adfb-543e-b438-6b00044ffb64,d6f21f11-7533-52dd-a4dc-2fb8e260c02c,Antiulceroso,52,18.0,72.96148404246378,11.531341552734375,52.68188962107706,0.6818896210770617,74bff84c-0733-446b-a298-2f91515a201d
2026-04-27,983871db-adfb-543e-b438-6b00044ffb64,d6f21f11-7533-52dd-a4dc-2fb8e260c02c,Antiulceroso,87,79.0,61.56766137072774,10.330269813537598,28.642868127319538,58.35713187268046,74bff84c-0733-446b-a298-2f91515a201d
2026-05-04,983871db-adfb-543e-b438-6b00044ffb64,d6f21f11-7533-52dd-a4dc-2fb8e260c02c,Antiulceroso,79,84.0,60.63374147960184,10.330269813537598,48.2206765229368,30.7793234770632,74bff84c-0733-446b-a298-2f91515a201d
2026-02-16,9928e9a1-d9fc-5fdd-86c2-8909352fd7fe,26f7241d-a84e-5e4a-a43d-33eea1e54eea,Antiinflamatorio,65,0.0,66.37392311537214,56.31509780883789,77.94090538465925,12.940905384659246,74bff84c-0733-446b-a298-2f91515a201d
2026-02-23,9928e9a1-d9fc-5fdd-86c2-8909352fd7fe,26f7241d-a84e-5e4a-a43d-33eea1e54eea,Antiinflamatorio,60,62.0,44.23923918361881,55.85483169555664,55.59495207424381,4.405047925756193,74bff84c-0733-446b-a298-2f91515a201d
2026-03-02,9928e9a1-d9fc-5fdd-86c2-8909352fd7fe,26f7241d-a84e-5e4a-a43d-33eea1e54eea,Antiinflamatorio,76,114.0,25.65560953564022,61.528099060058594,36.501150536006435,39.498849463993565,74bff84c-0733-446b-a298-2f91515a201d
2026-03-09,9928e9a1-d9fc-5fdd-86c2-8909352fd7fe,26f7241d-a84e-5e4a-a43d-33eea1e54eea,Antiinflamatorio,17,58.0,45.66837803547294,62.79875946044922,56.99490658466728,39.99490658466728,74bff84c-0733-446b-a298-2f91515a201d
2026-03-16,9928e9a1-d9fc-5fdd-86c2-8909352fd7fe,26f7241d-a84e-5e4a-a43d-33eea1e54eea,Antiinflamatorio,21,70.0,41.37992873162568,64.28507232666016,53.35343184441865,32.35343184441865,74bff84c-0733-446b-a298-2f91515a201d
2026-03-23,9928e9a1-d9fc-5fdd-86c2-8909352fd7fe,26f7241d-a84e-5e4a-a43d-33eea1e54eea,Antiinflamatorio,47,1.0,66.03851173576703,66.17867279052734,76.21755073723187,29.217550737231875,74bff84c-0733-446b-a298-2f91515a201d
2026-03-30,9928e9a1-d9fc-5fdd-86c2-8909352fd7fe,26f7241d-a84e-5e4a-a43d-33eea1e54eea,Antiinflamatorio,46,42.0,51.38631024133242,68.9338150024414,63.941627166381245,17.941627166381245,74bff84c-0733-446b-a298-2f91515a201d
2026-04-06,9928e9a1-d9fc-5fdd-86c2-8909352fd7fe,26f7241d-a84e-5e4a-a43d-33eea1e54eea,Antiinflamatorio,65,76.0,39.235704124014255,74.83300018310547,48.64885300401914,16.351146995980862,74bff84c-0733-446b-a298-2f91515a201d
2026-04-13,9928e9a1-d9fc-5fdd-86c2-8909352fd7fe,26f7241d-a84e-5e4a-a43d-33eea1e54eea,Antiinflamatorio,57,37.0,53.17316408211487,77.2300033569336,63.901626301353154,6.901626301353154,74bff84c-0733-446b-a298-2f91515a201d
2026-04-20,9928e9a1-d9fc-5fdd-86c2-8909352fd7fe,26f7241d-a84e-5e4a-a43d-33eea1e54eea,Antiinflamatorio,61,49.0,48.88471486423776,79.49630737304688,59.857992909892054,1.1420070901079455,74bff84c-0733-446b-a298-2f91515a201d
2026-04-27,9928e9a1-d9fc-5fdd-86c2-8909352fd7fe,26f7241d-a84e-5e4a-a43d-33eea1e54eea,Antiinflamatorio,19,25.0,57.46161329999199,87.7674560546875,68.47160971417657,49.471609714176566,74bff84c-0733-446b-a298-2f91515a201d
2026-05-04,9928e9a1-d9fc-5fdd-86c2-8909352fd7fe,26f7241d-a84e-5e4a-a43d-33eea1e54eea,Antiinflamatorio,25,16.0,60.677950213399825,89.42154693603516,73.4327910642299,48.4327910642299,74bff84c-0733-446b-a298-2f91515a201d
2026-02-16,9928e9a1-d9fc-5fdd-86c2-8909352fd7fe,43616d97-2221-569d-82eb-bcc14bcd6344,Antiinflamatorio,102,56.0,46.341020906043845,23.64977264404297,34.896766984535056,67.10323301546495,74bff84c-0733-446b-a298-2f91515a201d
2026-02-23,9928e9a1-d9fc-5fdd-86c2-8909352fd7fe,43616d97-2221-569d-82eb-bcc14bcd6344,Antiinflamatorio,67,38.0,39.53320791401766,21.668981552124023,25.50581648030184,41.49418351969816,74bff84c-0733-446b-a298-2f91515a201d
2026-03-02,9928e9a1-d9fc-5fdd-86c2-8909352fd7fe,43616d97-2221-569d-82eb-bcc14bcd6344,Antiinflamatorio,65,55.0,44.86603470586327,18.945276260375977,29.28620072148827,35.71379927851173,74bff84c-0733-446b-a298-2f91515a201d
2026-03-09,9928e9a1-d9fc-5fdd-86c2-8909352fd7fe,43616d97-2221-569d-82eb-bcc14bcd6344,Antiinflamatorio,57,1.0,28.285460488413587,17.788028717041016,14.55917836866261,42.440821631337386,74bff84c-0733-446b-a298-2f91515a201d
2026-03-16,9928e9a1-d9fc-5fdd-86c2-8909352fd7fe,43616d97-2221-569d-82eb-bcc14bcd6344,Antiinflamatorio,11,30.0,37.18513884910495,14.253544807434082,27.53827300437839,16.53827300437839,74bff84c-0733-446b-a298-2f91515a201d
2026-03-23,9928e9a1-d9fc-5fdd-86c2-8909352fd7fe,43616d97-2221-569d-82eb-bcc14bcd6344,Antiinflamatorio,13,33.0,38.10561008792382,11.44629192352295,24.765852168612298,11.765852168612298,74bff84c-0733-446b-a298-2f91515a201d
2026-03-30,9928e9a1-d9fc-5fdd-86c2-8909352fd7fe,43616d97-2221-569d-82eb-bcc14bcd6344,Antiinflamatorio,88,35.0,38.719323025912274,12.246554374694824,26.155833111971845,61.844166888028155,74bff84c-0733-446b-a298-2f91515a201d
2026-04-06,9928e9a1-d9fc-5fdd-86c2-8909352fd7fe,43616d97-2221-569d-82eb-bcc14bcd6344,Antiinflamatorio,49,40.0,40.253585092904686,10.650212287902832,24.853112451913475,24.146887548086525,74bff84c-0733-446b-a298-2f91515a201d
2026-04-13,9928e9a1-d9fc-5fdd-86c2-8909352fd7fe,43616d97-2221-569d-82eb-bcc14bcd6344,Antiinflamatorio,40,33.0,38.10561727080486,7.823422908782959,24.127069220878106,15.872930779121894,74bff84c-0733-446b-a298-2f91515a201d
2026-04-20,9928e9a1-d9fc-5fdd-86c2-8909352fd7fe,43616d97-2221-569d-82eb-bcc14bcd6344,Antiinflamatorio,51,67.0,48.5386041413439,10.09518814086914,34.92599046336539,16.074009536634613,74bff84c-0733-446b-a298-2f91515a201d
2026-04-27,9928e9a1-d9fc-5fdd-86c2-8909352fd7fe,43616d97-2221-569d-82eb-bcc14bcd6344,Antiinflamatorio,51,6.0,29.82059827547013,9.37117862701416,15.01576200227677,35.98423799772323,74bff84c-0733-446b-a298-2f91515a201d
2026-05-04,9928e9a1-d9fc-5fdd-86c2-8909352fd7fe,43616d97-2221-569d-82eb-bcc14bcd6344,Antiinflamatorio,30,55.0,44.85637347958018,10.997088432312012,36.05733554623057,6.0573355462305685,74bff84c-0733-446b-a298-2f91515a201d
2026-02-16,9928e9a1-d9fc-5fdd-86c2-8909352fd7fe,7fb983e8-6848-5425-97a2-14da72722d0f,Antiinflamatorio,24,53.0,48.623890496937456,31.69426918029785,39.945938684193315,15.945938684193315,74bff84c-0733-446b-a298-2f91515a201d
2026-02-23,9928e9a1-d9fc-5fdd-86c2-8909352fd7fe,7fb983e8-6848-5425-97a2-14da72722d0f,Antiinflamatorio,54,18.0,48.10956303636726,23.006742477416992,31.28184430162605,22.71815569837395,74bff84c-0733-446b-a298-2f91515a201d
2026-03-02,9928e9a1-d9fc-5fdd-86c2-8909352fd7fe,7fb983e8-6848-5425-97a2-14da72722d0f,Antiinflamatorio,50,41.0,44.93042391981926,24.165559768676758,32.11757868971672,17.882421310283277,74bff84c-0733-446b-a298-2f91515a201d
2026-03-09,9928e9a1-d9fc-5fdd-86c2-8909352fd7fe,7fb983e8-6848-5425-97a2-14da72722d0f,Antiinflamatorio,36,57.0,41.0761859270462,19.751117706298828,27.678005919111627,8.321994080888373,74bff84c-0733-446b-a298-2f91515a201d
2026-03-16,9928e9a1-d9fc-5fdd-86c2-8909352fd7fe,7fb983e8-6848-5425-97a2-14da72722d0f,Antiinflamatorio,34,66.0,39.21949125236212,18.404991149902344,26.93446470206915,7.06553529793085,74bff84c-0733-446b-a298-2f91515a201d
2026-03-23,9928e9a1-d9fc-5fdd-86c2-8909352fd7fe,7fb983e8-6848-5425-97a2-14da72722d0f,Antiinflamatorio,30,48.0,43.089389634700844,15.993790626525879,31.411628556819984,1.4116285568199842,74bff84c-0733-446b-a298-2f91515a201d
2026-03-30,9928e9a1-d9fc-5fdd-86c2-8909352fd7fe,7fb983e8-6848-5425-97a2-14da72722d0f,Antiinflamatorio,44,45.0,43.74195030912799,13.852232933044434,33.07734421476764,10.922655785232358,74bff84c-0733-446b-a298-2f91515a201d
2026-04-06,9928e9a1-d9fc-5fdd-86c2-8909352fd7fe,7fb983e8-6848-5425-97a2-14da72722d0f,Antiinflamatorio,21,0.0,53.464516358663836,11.213592529296875,40.797394471456805,19.797394471456805,74bff84c-0733-446b-a298-2f91515a201d
2026-04-13,9928e9a1-d9fc-5fdd-86c2-8909352fd7fe,7fb983e8-6848-5425-97a2-14da72722d0f,Antiinflamatorio,21,48.0,43.0929689227952,11.213592529296875,25.223408681095982,4.223408681095982,74bff84c-0733-446b-a298-2f91515a201d
2026-04-20,9928e9a1-d9fc-5fdd-86c2-8909352fd7fe,7fb983e8-6848-5425-97a2-14da72722d0f,Antiinflamatorio,40,82.0,35.746258426604356,8.887819290161133,23.702168155608263,16.297831844391737,74bff84c-0733-446b-a298-2f91515a201d
2026-04-27,9928e9a1-d9fc-5fdd-86c2-8909352fd7fe,7fb983e8-6848-5425-97a2-14da72722d0f,Antiinflamatorio,58,25.0,48.062733924588976,12.408802032470703,37.08187607546788,20.918123924532118,74bff84c-0733-446b-a298-2f91515a201d
2026-05-04,9928e9a1-d9fc-5fdd-86c2-8909352fd7fe,7fb983e8-6848-5425-97a2-14da72722d0f,Antiinflamatorio,53,49.0,42.876851587540685,10.180554389953613,30.294169931656896,22.705830068343104,74bff84c-0733-446b-a298-2f91515a201d
2026-02-16,9928e9a1-d9fc-5fdd-86c2-8909352fd7fe,8ecedccf-c230-516b-bbc2-108f7a6fbe63,Antiinflamatorio,43,60.0,46.03503237155008,45.407630920410156,54.129062751799104,11.129062751799104,74bff84c-0733-446b-a298-2f91515a201d
2026-02-23,9928e9a1-d9fc-5fdd-86c2-8909352fd7fe,8ecedccf-c230-516b-bbc2-108f7a6fbe63,Antiinflamatorio,59,45.0,44.03309709880242,46.54890441894531,52.91236955973992,6.087630440260078,74bff84c-0733-446b-a298-2f91515a201d
2026-03-02,9928e9a1-d9fc-5fdd-86c2-8909352fd7fe,8ecedccf-c230-516b-bbc2-108f7a6fbe63,Antiinflamatorio,49,67.0,47.3419950713985,48.5165901184082,55.52440626524616,6.5244062652461565,74bff84c-0733-446b-a298-2f91515a201d
2026-03-09,9928e9a1-d9fc-5fdd-86c2-8909352fd7fe,8ecedccf-c230-516b-bbc2-108f7a6fbe63,Antiinflamatorio,25,30.0,41.7830887405842,46.543670654296875,49.952627238509,24.952627238509002,74bff84c-0733-446b-a298-2f91515a201d
2026-03-16,9928e9a1-d9fc-5fdd-86c2-8909352fd7fe,8ecedccf-c230-516b-bbc2-108f7a6fbe63,Antiinflamatorio,18,25.0,41.03187905084526,50.31615447998047,48.70298777353203,30.70298777353203,74bff84c-0733-446b-a298-2f91515a201d
2026-03-23,9928e9a1-d9fc-5fdd-86c2-8909352fd7fe,8ecedccf-c230-516b-bbc2-108f7a6fbe63,Antiinflamatorio,49,47.0,44.337204861808644,54.60353088378906,52.1061319591292,3.1061319591292005,74bff84c-0733-446b-a298-2f91515a201d
2026-03-30,9928e9a1-d9fc-5fdd-86c2-8909352fd7fe,8ecedccf-c230-516b-bbc2-108f7a6fbe63,Antiinflamatorio,51,75.0,48.543983153819276,55.70236587524414,57.684207610606386,6.684207610606386,74bff84c-0733-446b-a298-2f91515a201d
2026-04-06,9928e9a1-d9fc-5fdd-86c2-8909352fd7fe,8ecedccf-c230-516b-bbc2-108f7a6fbe63,Antiinflamatorio,67,49.0,44.63768902566033,57.58518600463867,52.13401022698479,14.865989773015208,74bff84c-0733-446b-a298-2f91515a201d
2026-04-13,9928e9a1-d9fc-5fdd-86c2-8909352fd7fe,8ecedccf-c230-516b-bbc2-108f7a6fbe63,Antiinflamatorio,48,33.0,42.23381571602282,59.72145462036133,49.82292418312487,1.8229241831248686,74bff84c-0733-446b-a298-2f91515a201d
2026-04-20,9928e9a1-d9fc-5fdd-86c2-8909352fd7fe,8ecedccf-c230-516b-bbc2-108f7a6fbe63,Antiinflamatorio,45,4.0,37.876795342304774,60.09398651123047,45.74511246953256,0.7451124695325575,74bff84c-0733-446b-a298-2f91515a201d
2026-04-27,9928e9a1-d9fc-5fdd-86c2-8909352fd7fe,8ecedccf-c230-516b-bbc2-108f7a6fbe63,Antiinflamatorio,3,55.0,45.53914151677444,63.321083068847656,55.02925763615921,52.02925763615921,74bff84c-0733-446b-a298-2f91515a201d
2026-05-04,9928e9a1-d9fc-5fdd-86c2-8909352fd7fe,8ecedccf-c230-516b-bbc2-108f7a6fbe63,Antiinflamatorio,47,73.0,48.24349899011668,66.66576385498047,57.847256848393044,10.847256848393044,74bff84c-0733-446b-a298-2f91515a201d
2026-02-16,9928e9a1-d9fc-5fdd-86c2-8909352fd7fe,d6f21f11-7533-52dd-a4dc-2fb8e260c02c,Antiinflamatorio,53,34.0,38.83424820722167,41.881099700927734,44.25922264874999,8.74077735125001,74bff84c-0733-446b-a298-2f91515a201d
2026-02-23,9928e9a1-d9fc-5fdd-86c2-8909352fd7fe,d6f21f11-7533-52dd-a4dc-2fb8e260c02c,Antiinflamatorio,22,16.0,39.150362849345164,40.22727966308594,44.88524663459297,22.885246634592967,74bff84c-0733-446b-a298-2f91515a201d
2026-03-02,9928e9a1-d9fc-5fdd-86c2-8909352fd7fe,d6f21f11-7533-52dd-a4dc-2fb8e260c02c,Antiinflamatorio,15,32.0,39.408646149179724,40.82696533203125,44.877311272165564,29.877311272165564,74bff84c-0733-446b-a298-2f91515a201d
2026-03-09,9928e9a1-d9fc-5fdd-86c2-8909352fd7fe,d6f21f11-7533-52dd-a4dc-2fb8e260c02c,Antiinflamatorio,28,48.0,39.640601845131265,41.365238189697266,44.71545431171452,16.715454311714517,74bff84c-0733-446b-a298-2f91515a201d
2026-03-16,9928e9a1-d9fc-5fdd-86c2-8909352fd7fe,d6f21f11-7533-52dd-a4dc-2fb8e260c02c,Antiinflamatorio,37,40.0,39.52535230964363,44.57637023925781,44.53598482459724,7.535984824597243,74bff84c-0733-446b-a298-2f91515a201d
2026-03-23,9928e9a1-d9fc-5fdd-86c2-8909352fd7fe,d6f21f11-7533-52dd-a4dc-2fb8e260c02c,Antiinflamatorio,34,55.0,39.74156798555259,45.407875061035156,44.26790703966026,10.267907039660258,74bff84c-0733-446b-a298-2f91515a201d
2026-03-30,9928e9a1-d9fc-5fdd-86c2-8909352fd7fe,d6f21f11-7533-52dd-a4dc-2fb8e260c02c,Antiinflamatorio,50,68.0,39.92895239292423,48.758609771728516,45.65613144336979,4.343868556630213,74bff84c-0733-446b-a298-2f91515a201d
2026-04-06,9928e9a1-d9fc-5fdd-86c2-8909352fd7fe,d6f21f11-7533-52dd-a4dc-2fb8e260c02c,Antiinflamatorio,40,42.0,39.55418388013185,44.688697814941406,43.6310533678943,3.631053367894303,74bff84c-0733-446b-a298-2f91515a201d
2026-04-13,9928e9a1-d9fc-5fdd-86c2-8909352fd7fe,d6f21f11-7533-52dd-a4dc-2fb8e260c02c,Antiinflamatorio,37,0.0,38.94878857913305,49.22129821777344,42.98207467379858,5.982074673798579,74bff84c-0733-446b-a298-2f91515a201d
2026-04-20,9928e9a1-d9fc-5fdd-86c2-8909352fd7fe,d6f21f11-7533-52dd-a4dc-2fb8e260c02c,Antiinflamatorio,51,29.0,39.36679962055029,50.11723327636719,43.79744556323828,7.202554436761723,74bff84c-0733-446b-a298-2f91515a201d
2026-04-27,9928e9a1-d9fc-5fdd-86c2-8909352fd7fe,d6f21f11-7533-52dd-a4dc-2fb8e260c02c,Antiinflamatorio,20,50.0,39.66949727122068,51.951629638671875,45.156996508281225,25.156996508281225,74bff84c-0733-446b-a298-2f91515a201d
2026-05-04,9928e9a1-d9fc-5fdd-86c2-8909352fd7fe,d6f21f11-7533-52dd-a4dc-2fb8e260c02c,Antiinflamatorio,22,42.0,39.55418388048944,55.14555358886719,45.21585075060663,23.215850750606627,74bff84c-0733-446b-a298-2f91515a201d
2026-02-16,afe9d181-1c64-5cca-b4b7-a9fa24eceeea,26f7241d-a84e-5e4a-a43d-33eea1e54eea,Antihipertensivo,52,59.0,54.570540417498016,65.90303039550781,69.57342623597947,17.57342623597947,74bff84c-0733-446b-a298-2f91515a201d
2026-02-23,afe9d181-1c64-5cca-b4b7-a9fa24eceeea,26f7241d-a84e-5e4a-a43d-33eea1e54eea,Antihipertensivo,55,86.0,64.2946682339506,66.54913330078125,75.67241481598185,20.672414815981853,74bff84c-0733-446b-a298-2f91515a201d
2026-03-02,afe9d181-1c64-5cca-b4b7-a9fa24eceeea,26f7241d-a84e-5e4a-a43d-33eea1e54eea,Antihipertensivo,54,16.0,39.75904018155924,68.12446594238281,51.4763634847819,2.523636515218101,74bff84c-0733-446b-a298-2f91515a201d
2026-03-09,afe9d181-1c64-5cca-b4b7-a9fa24eceeea,26f7241d-a84e-5e4a-a43d-33eea1e54eea,Antihipertensivo,39,19.0,40.81366604511459,68.99808502197266,52.439329802438806,13.439329802438806,74bff84c-0733-446b-a298-2f91515a201d
2026-03-16,afe9d181-1c64-5cca-b4b7-a9fa24eceeea,26f7241d-a84e-5e4a-a43d-33eea1e54eea,Antihipertensivo,19,51.0,52.04068078641018,73.93209075927734,65.49177446011623,46.49177446011623,74bff84c-0733-446b-a298-2f91515a201d
2026-03-23,afe9d181-1c64-5cca-b4b7-a9fa24eceeea,26f7241d-a84e-5e4a-a43d-33eea1e54eea,Antihipertensivo,84,50.0,51.689860346536115,72.18486785888672,64.45705890915818,19.542941090841822,74bff84c-0733-446b-a298-2f91515a201d
2026-03-30,afe9d181-1c64-5cca-b4b7-a9fa24eceeea,26f7241d-a84e-5e4a-a43d-33eea1e54eea,Antihipertensivo,96,70.0,58.7066252747789,81.7918930053711,69.77189093029648,26.22810906970352,74bff84c-0733-446b-a298-2f91515a201d
2026-04-06,afe9d181-1c64-5cca-b4b7-a9fa24eceeea,26f7241d-a84e-5e4a-a43d-33eea1e54eea,Antihipertensivo,64,84.0,63.6183597364945,84.82681274414062,74.43967740922399,10.43967740922399,74bff84c-0733-446b-a298-2f91515a201d
2026-04-13,afe9d181-1c64-5cca-b4b7-a9fa24eceeea,26f7241d-a84e-5e4a-a43d-33eea1e54eea,Antihipertensivo,48,60.0,55.198243785143774,87.91644287109375,66.01976935887424,18.019769358874242,74bff84c-0733-446b-a298-2f91515a201d
2026-04-20,afe9d181-1c64-5cca-b4b7-a9fa24eceeea,26f7241d-a84e-5e4a-a43d-33eea1e54eea,Antihipertensivo,10,15.0,39.41052635204569,93.63716125488281,50.96541603100077,40.96541603100077,74bff84c-0733-446b-a298-2f91515a201d
2026-04-27,afe9d181-1c64-5cca-b4b7-a9fa24eceeea,26f7241d-a84e-5e4a-a43d-33eea1e54eea,Antihipertensivo,65,45.0,49.93567130839172,100.92892456054688,62.72654006754699,2.273459932453008,74bff84c-0733-446b-a298-2f91515a201d
2026-05-04,afe9d181-1c64-5cca-b4b7-a9fa24eceeea,26f7241d-a84e-5e4a-a43d-33eea1e54eea,Antihipertensivo,58,68.0,58.00494910817974,107.20470428466797,71.36779357534283,13.36779357534283,74bff84c-0733-446b-a298-2f91515a201d
2026-02-16,afe9d181-1c64-5cca-b4b7-a9fa24eceeea,43616d97-2221-569d-82eb-bcc14bcd6344,Antihipertensivo,63,48.0,49.23293958945224,63.24931335449219,63.31237684531162,0.31237684531161847,74bff84c-0733-446b-a298-2f91515a201d
2026-02-23,afe9d181-1c64-5cca-b4b7-a9fa24eceeea,43616d97-2221-569d-82eb-bcc14bcd6344,Antihipertensivo,51,20.0,51.93166582329962,62.52043151855469,64.0351623748133,13.035162374813297,74bff84c-0733-446b-a298-2f91515a201d
2026-03-02,afe9d181-1c64-5cca-b4b7-a9fa24eceeea,43616d97-2221-569d-82eb-bcc14bcd6344,Antihipertensivo,66,49.0,49.29053171997959,61.35924530029297,59.774740780648536,6.225259219351464,74bff84c-0733-446b-a298-2f91515a201d
2026-03-09,afe9d181-1c64-5cca-b4b7-a9fa24eceeea,43616d97-2221-569d-82eb-bcc14bcd6344,Antihipertensivo,38,38.0,50.293748459753246,63.51689529418945,60.22102316373274,22.22102316373274,74bff84c-0733-446b-a298-2f91515a201d
2026-03-16,afe9d181-1c64-5cca-b4b7-a9fa24eceeea,43616d97-2221-569d-82eb-bcc14bcd6344,Antihipertensivo,10,70.0,47.37554551966115,67.44898223876953,57.39715005762502,47.39715005762502,74bff84c-0733-446b-a298-2f91515a201d
2026-03-23,afe9d181-1c64-5cca-b4b7-a9fa24eceeea,43616d97-2221-569d-82eb-bcc14bcd6344,Antihipertensivo,62,56.0,48.652260234543945,67.12528228759766,58.327492168137695,3.672507831862305,74bff84c-0733-446b-a298-2f91515a201d
2026-03-30,afe9d181-1c64-5cca-b4b7-a9fa24eceeea,43616d97-2221-569d-82eb-bcc14bcd6344,Antihipertensivo,68,46.0,49.56419928325107,69.98204803466797,59.60533125651767,8.394668743482327,74bff84c-0733-446b-a298-2f91515a201d
2026-04-06,afe9d181-1c64-5cca-b4b7-a9fa24eceeea,43616d97-2221-569d-82eb-bcc14bcd6344,Antihipertensivo,59,14.0,52.482404235428845,77.7823486328125,61.775821212357556,2.775821212357556,74bff84c-0733-446b-a298-2f91515a201d
2026-04-13,afe9d181-1c64-5cca-b4b7-a9fa24eceeea,43616d97-2221-569d-82eb-bcc14bcd6344,Antihipertensivo,78,46.0,49.564199283279606,80.7804183959961,59.07483465925617,18.92516534074383,74bff84c-0733-446b-a298-2f91515a201d
2026-04-20,afe9d181-1c64-5cca-b4b7-a9fa24eceeea,43616d97-2221-569d-82eb-bcc14bcd6344,Antihipertensivo,0,72.0,47.19315775965782,81.41690063476562,57.016815749159775,57.016815749159775,74bff84c-0733-446b-a298-2f91515a201d
2026-04-27,afe9d181-1c64-5cca-b4b7-a9fa24eceeea,43616d97-2221-569d-82eb-bcc14bcd6344,Antihipertensivo,49,52.0,49.01703585475152,88.06336212158203,59.80712832301324,10.807128323013238,74bff84c-0733-446b-a298-2f91515a201d
2026-05-04,afe9d181-1c64-5cca-b4b7-a9fa24eceeea,43616d97-2221-569d-82eb-bcc14bcd6344,Antihipertensivo,50,57.0,48.56106633097809,95.62489318847656,59.22405308634919,9.224053086349187,74bff84c-0733-446b-a298-2f91515a201d
2026-02-16,afe9d181-1c64-5cca-b4b7-a9fa24eceeea,7fb983e8-6848-5425-97a2-14da72722d0f,Antihipertensivo,55,56.0,43.46647608604289,56.34929656982422,51.76086199607707,3.239138003922932,74bff84c-0733-446b-a298-2f91515a201d
2026-02-23,afe9d181-1c64-5cca-b4b7-a9fa24eceeea,7fb983e8-6848-5425-97a2-14da72722d0f,Antihipertensivo,56,60.0,42.99018398954492,58.29353332519531,52.050540129681636,3.949459870318364,74bff84c-0733-446b-a298-2f91515a201d
2026-03-02,afe9d181-1c64-5cca-b4b7-a9fa24eceeea,7fb983e8-6848-5425-97a2-14da72722d0f,Antihipertensivo,70,51.0,44.26724838150477,59.14354705810547,53.97259162796473,16.027408372035268,74bff84c-0733-446b-a298-2f91515a201d
2026-03-09,afe9d181-1c64-5cca-b4b7-a9fa24eceeea,7fb983e8-6848-5425-97a2-14da72722d0f,Antihipertensivo,0,70.0,41.57531856348376,59.473297119140625,50.58714603235583,50.58714603235583,74bff84c-0733-446b-a298-2f91515a201d
2026-03-16,afe9d181-1c64-5cca-b4b7-a9fa24eceeea,7fb983e8-6848-5425-97a2-14da72722d0f,Antihipertensivo,75,35.0,46.534212635217514,61.17366409301758,55.311190174280014,19.688809825719986,74bff84c-0733-446b-a298-2f91515a201d
2026-03-23,afe9d181-1c64-5cca-b4b7-a9fa24eceeea,7fb983e8-6848-5425-97a2-14da72722d0f,Antihipertensivo,44,14.0,49.509548577085276,63.55170440673828,58.19826355816438,14.198263558164378,74bff84c-0733-446b-a298-2f91515a201d
2026-03-30,afe9d181-1c64-5cca-b4b7-a9fa24eceeea,7fb983e8-6848-5425-97a2-14da72722d0f,Antihipertensivo,67,55.0,43.70055939353855,65.9896469116211,53.383901373519016,13.616098626480984,74bff84c-0733-446b-a298-2f91515a201d
2026-04-06,afe9d181-1c64-5cca-b4b7-a9fa24eceeea,7fb983e8-6848-5425-97a2-14da72722d0f,Antihipertensivo,60,65.0,42.283732763318255,68.26393127441406,50.696500173596576,9.303499826403424,74bff84c-0733-446b-a298-2f91515a201d
2026-04-13,afe9d181-1c64-5cca-b4b7-a9fa24eceeea,7fb983e8-6848-5425-97a2-14da72722d0f,Antihipertensivo,25,73.0,41.15027145913557,72.0694808959961,49.27218346169904,24.272183461699044,74bff84c-0733-446b-a298-2f91515a201d
2026-04-20,afe9d181-1c64-5cca-b4b7-a9fa24eceeea,7fb983e8-6848-5425-97a2-14da72722d0f,Antihipertensivo,19,57.0,43.4171940675013,74.14997100830078,51.99669426586556,32.99669426586556,74bff84c-0733-446b-a298-2f91515a201d
2026-04-27,afe9d181-1c64-5cca-b4b7-a9fa24eceeea,7fb983e8-6848-5425-97a2-14da72722d0f,Antihipertensivo,62,7.0,50.5013272186442,80.29940795898438,59.42097252809244,2.5790274719075583,74bff84c-0733-446b-a298-2f91515a201d
2026-05-04,afe9d181-1c64-5cca-b4b7-a9fa24eceeea,7fb983e8-6848-5425-97a2-14da72722d0f,Antihipertensivo,56,52.0,44.125607382615584,82.75054168701172,53.38865746196129,2.6113425380387127,74bff84c-0733-446b-a298-2f91515a201d
2026-02-16,afe9d181-1c64-5cca-b4b7-a9fa24eceeea,8ecedccf-c230-516b-bbc2-108f7a6fbe63,Antihipertensivo,62,43.0,49.69005716577464,62.26198959350586,59.210897810611065,2.7891021893889345,74bff84c-0733-446b-a298-2f91515a201d
2026-02-23,afe9d181-1c64-5cca-b4b7-a9fa24eceeea,8ecedccf-c230-516b-bbc2-108f7a6fbe63,Antihipertensivo,4,67.0,49.68775817450568,63.116676330566406,58.060373988714666,54.060373988714666,74bff84c-0733-446b-a298-2f91515a201d
2026-03-02,afe9d181-1c64-5cca-b4b7-a9fa24eceeea,8ecedccf-c230-516b-bbc2-108f7a6fbe63,Antihipertensivo,60,72.0,50.01884009936618,63.97852325439453,57.80601384738254,2.1939861526174624,74bff84c-0733-446b-a298-2f91515a201d
2026-03-09,afe9d181-1c64-5cca-b4b7-a9fa24eceeea,8ecedccf-c230-516b-bbc2-108f7a6fbe63,Antihipertensivo,54,56.0,48.66012169188081,65.09663391113281,59.46359611815034,5.463596118150342,74bff84c-0733-446b-a298-2f91515a201d
2026-03-16,afe9d181-1c64-5cca-b4b7-a9fa24eceeea,8ecedccf-c230-516b-bbc2-108f7a6fbe63,Antihipertensivo,77,16.0,45.273586610651066,62.90959930419922,52.57842097649579,24.421579023504208,74bff84c-0733-446b-a298-2f91515a201d
2026-03-23,afe9d181-1c64-5cca-b4b7-a9fa24eceeea,8ecedccf-c230-516b-bbc2-108f7a6fbe63,Antihipertensivo,56,34.0,46.79743353264773,72.09447479248047,54.65005556481326,1.3499444351867425,74bff84c-0733-446b-a298-2f91515a201d
2026-03-30,afe9d181-1c64-5cca-b4b7-a9fa24eceeea,8ecedccf-c230-516b-bbc2-108f7a6fbe63,Antihipertensivo,60,42.0,47.474702259857146,75.45929718017578,57.03115024264523,2.968849757354768,74bff84c-0733-446b-a298-2f91515a201d
2026-04-06,afe9d181-1c64-5cca-b4b7-a9fa24eceeea,8ecedccf-c230-516b-bbc2-108f7a6fbe63,Antihipertensivo,48,61.0,49.08321639421368,75.0509262084961,57.801441873339655,9.801441873339655,74bff84c-0733-446b-a298-2f91515a201d
2026-04-13,afe9d181-1c64-5cca-b4b7-a9fa24eceeea,8ecedccf-c230-516b-bbc2-108f7a6fbe63,Antihipertensivo,8,68.0,49.67582687046979,78.06671905517578,57.193446480302555,49.193446480302555,74bff84c-0733-446b-a298-2f91515a201d
2026-04-20,afe9d181-1c64-5cca-b4b7-a9fa24eceeea,8ecedccf-c230-516b-bbc2-108f7a6fbe63,Antihipertensivo,41,65.0,49.421850951695056,79.39566040039062,56.96925047256908,15.96925047256908,74bff84c-0733-446b-a298-2f91515a201d
2026-04-27,afe9d181-1c64-5cca-b4b7-a9fa24eceeea,8ecedccf-c230-516b-bbc2-108f7a6fbe63,Antihipertensivo,55,4.0,44.257673937344755,82.46672821044922,52.04489679958841,2.9551032004115925,74bff84c-0733-446b-a298-2f91515a201d
2026-05-04,afe9d181-1c64-5cca-b4b7-a9fa24eceeea,8ecedccf-c230-516b-bbc2-108f7a6fbe63,Antihipertensivo,46,39.0,47.220726322626696,86.47537994384766,54.836876224970446,8.836876224970446,74bff84c-0733-446b-a298-2f91515a201d
2026-02-16,afe9d181-1c64-5cca-b4b7-a9fa24eceeea,d6f21f11-7533-52dd-a4dc-2fb8e260c02c,Antihipertensivo,55,35.0,44.85835271956559,20.663190841674805,24.72174459578629,30.27825540421371,74bff84c-0733-446b-a298-2f91515a201d
2026-02-23,afe9d181-1c64-5cca-b4b7-a9fa24eceeea,d6f21f11-7533-52dd-a4dc-2fb8e260c02c,Antihipertensivo,38,41.0,44.522797095246986,24.154279708862305,31.513519751496986,6.486480248503014,74bff84c-0733-446b-a298-2f91515a201d
2026-03-02,afe9d181-1c64-5cca-b4b7-a9fa24eceeea,d6f21f11-7533-52dd-a4dc-2fb8e260c02c,Antihipertensivo,42,62.0,43.02763425402122,20.47994041442871,26.80773030809837,15.192269691901629,74bff84c-0733-446b-a298-2f91515a201d
2026-03-09,afe9d181-1c64-5cca-b4b7-a9fa24eceeea,d6f21f11-7533-52dd-a4dc-2fb8e260c02c,Antihipertensivo,33,85.0,41.38181371673607,21.0849666595459,28.185242366638413,4.814757633361587,74bff84c-0733-446b-a298-2f91515a201d
2026-03-16,afe9d181-1c64-5cca-b4b7-a9fa24eceeea,d6f21f11-7533-52dd-a4dc-2fb8e260c02c,Antihipertensivo,50,38.0,44.74653502754119,18.023508071899414,31.63378211311248,18.36621788688752,74bff84c-0733-446b-a298-2f91515a201d
2026-03-23,afe9d181-1c64-5cca-b4b7-a9fa24eceeea,d6f21f11-7533-52dd-a4dc-2fb8e260c02c,Antihipertensivo,0,53.0,43.67271312836197,12.529521942138672,30.177950707707673,30.177950707707673,74bff84c-0733-446b-a298-2f91515a201d
2026-03-30,afe9d181-1c64-5cca-b4b7-a9fa24eceeea,d6f21f11-7533-52dd-a4dc-2fb8e260c02c,Antihipertensivo,43,12.0,46.607841650705,13.16483211517334,33.651575247506756,9.348424752493244,74bff84c-0733-446b-a298-2f91515a201d
2026-04-06,afe9d181-1c64-5cca-b4b7-a9fa24eceeea,d6f21f11-7533-52dd-a4dc-2fb8e260c02c,Antihipertensivo,58,38.0,44.74654097847775,11.551334381103516,30.08387275032834,27.91612724967166,74bff84c-0733-446b-a298-2f91515a201d
2026-04-13,afe9d181-1c64-5cca-b4b7-a9fa24eceeea,d6f21f11-7533-52dd-a4dc-2fb8e260c02c,Antihipertensivo,41,58.0,43.31477120241646,11.08460807800293,28.94344666323189,12.056553336768111,74bff84c-0733-446b-a298-2f91515a201d
2026-04-20,afe9d181-1c64-5cca-b4b7-a9fa24eceeea,d6f21f11-7533-52dd-a4dc-2fb8e260c02c,Antihipertensivo,46,41.0,44.5317755154473,7.843325138092041,30.70137123383109,15.29862876616891,74bff84c-0733-446b-a298-2f91515a201d
2026-04-27,afe9d181-1c64-5cca-b4b7-a9fa24eceeea,d6f21f11-7533-52dd-a4dc-2fb8e260c02c,Antihipertensivo,56,53.0,43.672713647674875,10.464085578918457,29.618909250091868,26.381090749908132,74bff84c-0733-446b-a298-2f91515a201d
2026-05-04,afe9d181-1c64-5cca-b4b7-a9fa24eceeea,d6f21f11-7533-52dd-a4dc-2fb8e260c02c,Antihipertensivo,37,59.0,43.243182713777344,8.523250579833984,29.56406932571582,7.4359306742841795,74bff84c-0733-446b-a298-2f91515a201d
2026-02-16,c0cf5e5c-b5c9-585a-8e79-d9830bc954f6,26f7241d-a84e-5e4a-a43d-33eea1e54eea,Antibiótico,61,38.0,41.26667202438874,46.47459030151367,40.36234111513657,20.637658884863427,74bff84c-0733-446b-a298-2f91515a201d
2026-02-23,c0cf5e5c-b5c9-585a-8e79-d9830bc954f6,26f7241d-a84e-5e4a-a43d-33eea1e54eea,Antibiótico,87,32.0,40.421723890490156,46.1896858215332,40.19509987849675,46.80490012150325,74bff84c-0733-446b-a298-2f91515a201d
2026-03-02,c0cf5e5c-b5c9-585a-8e79-d9830bc954f6,26f7241d-a84e-5e4a-a43d-33eea1e54eea,Antibiótico,60,45.0,44.553923585340144,45.25795364379883,43.84430638782656,16.155693612173437,74bff84c-0733-446b-a298-2f91515a201d
2026-03-09,c0cf5e5c-b5c9-585a-8e79-d9830bc954f6,26f7241d-a84e-5e4a-a43d-33eea1e54eea,Antibiótico,77,61.0,49.50425873563927,43.6102409362793,48.62293116615456,28.377068833845442,74bff84c-0733-446b-a298-2f91515a201d
2026-03-16,c0cf5e5c-b5c9-585a-8e79-d9830bc954f6,26f7241d-a84e-5e4a-a43d-33eea1e54eea,Antibiótico,50,33.0,40.868905765831386,43.8637580871582,39.76608501178018,10.233914988219823,74bff84c-0733-446b-a298-2f91515a201d
2026-03-23,c0cf5e5c-b5c9-585a-8e79-d9830bc954f6,26f7241d-a84e-5e4a-a43d-33eea1e54eea,Antibiótico,52,41.0,43.33688177281075,43.80040740966797,42.3549276154583,9.645072384541699,74bff84c-0733-446b-a298-2f91515a201d
2026-03-30,c0cf5e5c-b5c9-585a-8e79-d9830bc954f6,26f7241d-a84e-5e4a-a43d-33eea1e54eea,Antibiótico,46,42.0,43.64537798348511,44.52629089355469,43.6795168194517,2.320483180548301,74bff84c-0733-446b-a298-2f91515a201d
2026-04-06,c0cf5e5c-b5c9-585a-8e79-d9830bc954f6,26f7241d-a84e-5e4a-a43d-33eea1e54eea,Antibiótico,23,39.0,42.719972077417836,43.103858947753906,41.10321599583672,18.10321599583672,74bff84c-0733-446b-a298-2f91515a201d
2026-04-13,c0cf5e5c-b5c9-585a-8e79-d9830bc954f6,26f7241d-a84e-5e4a-a43d-33eea1e54eea,Antibiótico,29,63.0,50.12324545211236,43.103858947753906,48.71556708640496,19.71556708640496,74bff84c-0733-446b-a298-2f91515a201d
2026-04-20,c0cf5e5c-b5c9-585a-8e79-d9830bc954f6,26f7241d-a84e-5e4a-a43d-33eea1e54eea,Antibiótico,49,25.0,38.40139660783232,43.53121566772461,37.52638456769407,11.473615432305927,74bff84c-0733-446b-a298-2f91515a201d
2026-04-27,c0cf5e5c-b5c9-585a-8e79-d9830bc954f6,26f7241d-a84e-5e4a-a43d-33eea1e54eea,Antibiótico,35,35.0,41.486093690342365,45.799224853515625,42.54891150230831,7.548911502308307,74bff84c-0733-446b-a298-2f91515a201d
2026-05-04,c0cf5e5c-b5c9-585a-8e79-d9830bc954f6,26f7241d-a84e-5e4a-a43d-33eea1e54eea,Antibiótico,36,40.0,43.02844222941918,45.799224853515625,44.30765613475365,8.30765613475365,74bff84c-0733-446b-a298-2f91515a201d
2026-02-16,c0cf5e5c-b5c9-585a-8e79-d9830bc954f6,43616d97-2221-569d-82eb-bcc14bcd6344,Antibiótico,31,56.0,51.01928658528162,51.292762756347656,51.940290046165714,20.940290046165714,74bff84c-0733-446b-a298-2f91515a201d
2026-02-23,c0cf5e5c-b5c9-585a-8e79-d9830bc954f6,43616d97-2221-569d-82eb-bcc14bcd6344,Antibiótico,45,66.0,54.2627345499413,51.8192253112793,55.21294619411397,10.212946194113968,74bff84c-0733-446b-a298-2f91515a201d
2026-03-02,c0cf5e5c-b5c9-585a-8e79-d9830bc954f6,43616d97-2221-569d-82eb-bcc14bcd6344,Antibiótico,38,50.0,49.2377195461484,50.913909912109375,49.743937741109946,11.743937741109946,74bff84c-0733-446b-a298-2f91515a201d
2026-03-09,c0cf5e5c-b5c9-585a-8e79-d9830bc954f6,43616d97-2221-569d-82eb-bcc14bcd6344,Antibiótico,68,34.0,44.20917903501099,50.78314208984375,44.99747150260514,23.002528497394863,74bff84c-0733-446b-a298-2f91515a201d
2026-03-16,c0cf5e5c-b5c9-585a-8e79-d9830bc954f6,43616d97-2221-569d-82eb-bcc14bcd6344,Antibiótico,44,38.0,45.466352298157965,50.78314208984375,46.78234584559754,2.78234584559754,74bff84c-0733-446b-a298-2f91515a201d
2026-03-23,c0cf5e5c-b5c9-585a-8e79-d9830bc954f6,43616d97-2221-569d-82eb-bcc14bcd6344,Antibiótico,40,37.0,45.15206037030266,50.78314208984375,45.93155000672386,5.93155000672386,74bff84c-0733-446b-a298-2f91515a201d
2026-03-30,c0cf5e5c-b5c9-585a-8e79-d9830bc954f6,43616d97-2221-569d-82eb-bcc14bcd6344,Antibiótico,41,38.0,45.46635248095458,51.490787506103516,47.42852558524078,6.428525585240777,74bff84c-0733-446b-a298-2f91515a201d
2026-04-06,c0cf5e5c-b5c9-585a-8e79-d9830bc954f6,43616d97-2221-569d-82eb-bcc14bcd6344,Antibiótico,47,36.0,44.83776827272281,50.068355560302734,45.045775131548496,1.9542248684515044,74bff84c-0733-446b-a298-2f91515a201d
2026-04-13,c0cf5e5c-b5c9-585a-8e79-d9830bc954f6,43616d97-2221-569d-82eb-bcc14bcd6344,Antibiótico,40,32.0,43.58059985580052,50.068355560302734,43.8918779307803,3.8918779307803035,74bff84c-0733-446b-a298-2f91515a201d
2026-04-20,c0cf5e5c-b5c9-585a-8e79-d9830bc954f6,43616d97-2221-569d-82eb-bcc14bcd6344,Antibiótico,26,35.0,44.523476168498924,50.99969482421875,46.478546068057945,20.478546068057945,74bff84c-0733-446b-a298-2f91515a201d
2026-04-27,c0cf5e5c-b5c9-585a-8e79-d9830bc954f6,43616d97-2221-569d-82eb-bcc14bcd6344,Antibiótico,31,64.0,53.637947191247186,56.05310821533203,56.58029996300622,25.58029996300622,74bff84c-0733-446b-a298-2f91515a201d
2026-05-04,c0cf5e5c-b5c9-585a-8e79-d9830bc954f6,43616d97-2221-569d-82eb-bcc14bcd6344,Antibiótico,32,29.0,42.63772354310275,56.05310821533203,45.76916203683139,13.76916203683139,74bff84c-0733-446b-a298-2f91515a201d
2026-02-16,c0cf5e5c-b5c9-585a-8e79-d9830bc954f6,7fb983e8-6848-5425-97a2-14da72722d0f,Antibiótico,30,40.0,36.51196165585303,38.612876892089844,37.74653692745947,7.7465369274594735,74bff84c-0733-446b-a298-2f91515a201d
2026-02-23,c0cf5e5c-b5c9-585a-8e79-d9830bc954f6,7fb983e8-6848-5425-97a2-14da72722d0f,Antibiótico,59,34.0,31.959713289365144,38.77404022216797,33.40940375052389,25.590596249476107,74bff84c-0733-446b-a298-2f91515a201d
2026-03-02,c0cf5e5c-b5c9-585a-8e79-d9830bc954f6,7fb983e8-6848-5425-97a2-14da72722d0f,Antibiótico,41,45.0,35.19168004624311,38.78157424926758,36.64185592762891,4.35814407237109,74bff84c-0733-446b-a298-2f91515a201d
2026-03-09,c0cf5e5c-b5c9-585a-8e79-d9830bc954f6,7fb983e8-6848-5425-97a2-14da72722d0f,Antibiótico,30,31.0,32.09253086915855,38.893775939941406,32.812691472681806,2.8126914726818057,74bff84c-0733-446b-a298-2f91515a201d
2026-03-16,c0cf5e5c-b5c9-585a-8e79-d9830bc954f6,7fb983e8-6848-5425-97a2-14da72722d0f,Antibiótico,31,39.0,33.777947995200215,39.843788146972656,35.18601998998171,4.186019989981709,74bff84c-0733-446b-a298-2f91515a201d
2026-03-23,c0cf5e5c-b5c9-585a-8e79-d9830bc954f6,7fb983e8-6848-5425-97a2-14da72722d0f,Antibiótico,27,31.0,32.16423771596947,39.843788146972656,33.514376857052234,6.514376857052234,74bff84c-0733-446b-a298-2f91515a201d
2026-03-30,c0cf5e5c-b5c9-585a-8e79-d9830bc954f6,7fb983e8-6848-5425-97a2-14da72722d0f,Antibiótico,43,45.0,34.94103184216184,40.75983810424805,37.3449355649249,5.655064435075097,74bff84c-0733-446b-a298-2f91515a201d
2026-04-06,c0cf5e5c-b5c9-585a-8e79-d9830bc954f6,7fb983e8-6848-5425-97a2-14da72722d0f,Antibiótico,35,34.0,32.764136477595784,39.4351806640625,33.097828551417805,1.9021714485821946,74bff84c-0733-446b-a298-2f91515a201d
2026-04-13,c0cf5e5c-b5c9-585a-8e79-d9830bc954f6,7fb983e8-6848-5425-97a2-14da72722d0f,Antibiótico,27,21.0,30.19630280938448,40.627559661865234,30.94931111541094,3.9493111154109393,74bff84c-0733-446b-a298-2f91515a201d
2026-04-20,c0cf5e5c-b5c9-585a-8e79-d9830bc954f6,7fb983e8-6848-5425-97a2-14da72722d0f,Antibiótico,27,43.0,34.54327477842196,41.1439094543457,35.838890809115014,8.838890809115014,74bff84c-0733-446b-a298-2f91515a201d
2026-04-27,c0cf5e5c-b5c9-585a-8e79-d9830bc954f6,7fb983e8-6848-5425-97a2-14da72722d0f,Antibiótico,25,28.0,31.579312279795452,42.99525833129883,33.77217693624382,8.772176936243817,74bff84c-0733-446b-a298-2f91515a201d
2026-05-04,c0cf5e5c-b5c9-585a-8e79-d9830bc954f6,7fb983e8-6848-5425-97a2-14da72722d0f,Antibiótico,24,31.0,32.17209323809696,42.99525833129883,34.583621110182534,10.583621110182534,74bff84c-0733-446b-a298-2f91515a201d
2026-02-16,c0cf5e5c-b5c9-585a-8e79-d9830bc954f6,8ecedccf-c230-516b-bbc2-108f7a6fbe63,Antibiótico,33,46.0,42.256499577326984,48.159423828125,44.2405390031769,11.240539003176899,74bff84c-0733-446b-a298-2f91515a201d
2026-02-23,c0cf5e5c-b5c9-585a-8e79-d9830bc954f6,8ecedccf-c230-516b-bbc2-108f7a6fbe63,Antibiótico,29,40.0,40.36449026566937,45.8919677734375,41.07486909133389,12.074869091333888,74bff84c-0733-446b-a298-2f91515a201d
2026-03-02,c0cf5e5c-b5c9-585a-8e79-d9830bc954f6,8ecedccf-c230-516b-bbc2-108f7a6fbe63,Antibiótico,57,54.0,45.40059844793656,45.88443374633789,47.07869116606095,9.921308833939051,74bff84c-0733-446b-a298-2f91515a201d
2026-03-09,c0cf5e5c-b5c9-585a-8e79-d9830bc954f6,8ecedccf-c230-516b-bbc2-108f7a6fbe63,Antibiótico,52,68.0,50.4516703033225,45.753665924072266,51.379037752129264,0.620962247870736,74bff84c-0733-446b-a298-2f91515a201d
2026-03-16,c0cf5e5c-b5c9-585a-8e79-d9830bc954f6,8ecedccf-c230-516b-bbc2-108f7a6fbe63,Antibiótico,37,29.0,36.38285665192842,47.639930725097656,36.97318677582979,0.026813224170211925,74bff84c-0733-446b-a298-2f91515a201d
2026-03-23,c0cf5e5c-b5c9-585a-8e79-d9830bc954f6,8ecedccf-c230-516b-bbc2-108f7a6fbe63,Antibiótico,47,46.0,42.515401578071376,47.639930725097656,43.74198136341836,3.258018636581639,74bff84c-0733-446b-a298-2f91515a201d
2026-03-30,c0cf5e5c-b5c9-585a-8e79-d9830bc954f6,8ecedccf-c230-516b-bbc2-108f7a6fbe63,Antibiótico,33,30.0,36.74359638736649,48.55598068237305,39.06178600833817,6.061786008338167,74bff84c-0733-446b-a298-2f91515a201d
2026-04-06,c0cf5e5c-b5c9-585a-8e79-d9830bc954f6,8ecedccf-c230-516b-bbc2-108f7a6fbe63,Antibiótico,43,31.0,37.10433421069806,47.514427185058594,37.917921637837345,5.082078362162655,74bff84c-0733-446b-a298-2f91515a201d
2026-04-13,c0cf5e5c-b5c9-585a-8e79-d9830bc954f6,8ecedccf-c230-516b-bbc2-108f7a6fbe63,Antibiótico,40,44.0,41.793925842040764,47.514427185058594,42.627299388641106,2.627299388641106,74bff84c-0733-446b-a298-2f91515a201d
2026-04-20,c0cf5e5c-b5c9-585a-8e79-d9830bc954f6,8ecedccf-c230-516b-bbc2-108f7a6fbe63,Antibiótico,37,31.0,37.10433421042524,48.44576644897461,38.60191700366102,1.601917003661022,74bff84c-0733-446b-a298-2f91515a201d
2026-04-27,c0cf5e5c-b5c9-585a-8e79-d9830bc954f6,8ecedccf-c230-516b-bbc2-108f7a6fbe63,Antibiótico,33,50.0,43.95835274896141,52.19443893432617,47.19539374551292,14.195393745512924,74bff84c-0733-446b-a298-2f91515a201d
2026-05-04,c0cf5e5c-b5c9-585a-8e79-d9830bc954f6,8ecedccf-c230-516b-bbc2-108f7a6fbe63,Antibiótico,32,37.0,39.268761117330904,52.19443893432617,41.64930506455075,9.649305064550752,74bff84c-0733-446b-a298-2f91515a201d
2026-02-16,c0cf5e5c-b5c9-585a-8e79-d9830bc954f6,d6f21f11-7533-52dd-a4dc-2fb8e260c02c,Antibiótico,39,61.0,44.02513291167559,39.3301887512207,45.77745963858904,6.777459638589043,74bff84c-0733-446b-a298-2f91515a201d
2026-02-23,c0cf5e5c-b5c9-585a-8e79-d9830bc954f6,d6f21f11-7533-52dd-a4dc-2fb8e260c02c,Antibiótico,38,33.0,37.31517613860442,39.0562858581543,37.58201606007888,0.4179839399211218,74bff84c-0733-446b-a298-2f91515a201d
2026-03-02,c0cf5e5c-b5c9-585a-8e79-d9830bc954f6,d6f21f11-7533-52dd-a4dc-2fb8e260c02c,Antibiótico,37,39.0,38.76471431010922,40.4945068359375,40.255183765828214,3.255183765828214,74bff84c-0733-446b-a298-2f91515a201d
2026-03-09,c0cf5e5c-b5c9-585a-8e79-d9830bc954f6,d6f21f11-7533-52dd-a4dc-2fb8e260c02c,Antibiótico,36,39.0,38.765323006198855,39.92748260498047,40.37935169844434,4.379351698444339,74bff84c-0733-446b-a298-2f91515a201d
2026-03-16,c0cf5e5c-b5c9-585a-8e79-d9830bc954f6,d6f21f11-7533-52dd-a4dc-2fb8e260c02c,Antibiótico,53,40.0,39.00808821323602,40.703006744384766,40.689635378153014,12.310364621846986,74bff84c-0733-446b-a298-2f91515a201d
2026-03-23,c0cf5e5c-b5c9-585a-8e79-d9830bc954f6,d6f21f11-7533-52dd-a4dc-2fb8e260c02c,Antibiótico,39,35.0,37.79401448045756,41.01357650756836,39.546341207371015,0.5463412073710145,74bff84c-0733-446b-a298-2f91515a201d
2026-03-30,c0cf5e5c-b5c9-585a-8e79-d9830bc954f6,d6f21f11-7533-52dd-a4dc-2fb8e260c02c,Antibiótico,32,44.0,39.97935435811571,42.143646240234375,42.689251876273666,10.689251876273666,74bff84c-0733-446b-a298-2f91515a201d
2026-04-06,c0cf5e5c-b5c9-585a-8e79-d9830bc954f6,d6f21f11-7533-52dd-a4dc-2fb8e260c02c,Antibiótico,45,37.0,38.279645324610144,40.508419036865234,39.23861134137955,5.761388658620447,74bff84c-0733-446b-a298-2f91515a201d
2026-04-13,c0cf5e5c-b5c9-585a-8e79-d9830bc954f6,d6f21f11-7533-52dd-a4dc-2fb8e260c02c,Antibiótico,21,18.0,33.66614929666947,40.508419036865234,34.68304804792832,13.683048047928317,74bff84c-0733-446b-a298-2f91515a201d
2026-04-20,c0cf5e5c-b5c9-585a-8e79-d9830bc954f6,d6f21f11-7533-52dd-a4dc-2fb8e260c02c,Antibiótico,24,27.0,35.85148951950721,40.93577575683594,37.41099617424659,13.410996174246591,74bff84c-0733-446b-a298-2f91515a201d
2026-04-27,c0cf5e5c-b5c9-585a-8e79-d9830bc954f6,d6f21f11-7533-52dd-a4dc-2fb8e260c02c,Antibiótico,41,33.0,37.308383001252515,42.96990966796875,40.10540272133003,0.8945972786699699,74bff84c-0733-446b-a298-2f91515a201d
2026-05-04,c0cf5e5c-b5c9-585a-8e79-d9830bc954f6,d6f21f11-7533-52dd-a4dc-2fb8e260c02c,Antibiótico,28,42.0,39.49372322389608,42.96990966796875,42.03084404298788,14.03084404298788,74bff84c-0733-446b-a298-2f91515a201d
2026-02-16,cd81184b-b6f1-563c-b463-36a69ddfb598,26f7241d-a84e-5e4a-a43d-33eea1e54eea,Vitamina,84,84.0,82.34147167809702,82.00772857666016,85.68539000161387,1.685390001613868,74bff84c-0733-446b-a298-2f91515a201d
2026-02-23,cd81184b-b6f1-563c-b463-36a69ddfb598,26f7241d-a84e-5e4a-a43d-33eea1e54eea,Vitamina,77,53.0,74.8238567819508,80.39454650878906,77.57493920229992,0.574939202299916,74bff84c-0733-446b-a298-2f91515a201d
2026-03-02,cd81184b-b6f1-563c-b463-36a69ddfb598,26f7241d-a84e-5e4a-a43d-33eea1e54eea,Vitamina,85,66.0,77.68248188123958,84.07498168945312,82.71385109052913,2.2861489094708674,74bff84c-0733-446b-a298-2f91515a201d
2026-03-09,cd81184b-b6f1-563c-b463-36a69ddfb598,26f7241d-a84e-5e4a-a43d-33eea1e54eea,Vitamina,118,71.0,78.73792039001023,79.87944793701172,81.90345679366624,36.09654320633376,74bff84c-0733-446b-a298-2f91515a201d
2026-03-16,cd81184b-b6f1-563c-b463-36a69ddfb598,26f7241d-a84e-5e4a-a43d-33eea1e54eea,Vitamina,83,65.0,77.46145888599385,80.92932891845703,81.51406165393819,1.4859383460618147,74bff84c-0733-446b-a298-2f91515a201d
2026-03-23,cd81184b-b6f1-563c-b463-36a69ddfb598,26f7241d-a84e-5e4a-a43d-33eea1e54eea,Vitamina,56,82.0,81.08054663399795,81.09685516357422,85.11377455453018,29.11377455453018,74bff84c-0733-446b-a298-2f91515a201d
2026-03-30,cd81184b-b6f1-563c-b463-36a69ddfb598,26f7241d-a84e-5e4a-a43d-33eea1e54eea,Vitamina,78,100.0,84.91262465011414,82.20048522949219,89.80885439407166,11.808854394071659,74bff84c-0733-446b-a298-2f91515a201d
2026-04-06,cd81184b-b6f1-563c-b463-36a69ddfb598,26f7241d-a84e-5e4a-a43d-33eea1e54eea,Vitamina,63,82.0,81.08055456020679,77.86652374267578,82.79872687198963,19.79872687198963,74bff84c-0733-446b-a298-2f91515a201d
2026-04-13,cd81184b-b6f1-563c-b463-36a69ddfb598,26f7241d-a84e-5e4a-a43d-33eea1e54eea,Vitamina,44,83.0,81.29344738101854,78.57583618164062,83.26168001270189,39.26168001270189,74bff84c-0733-446b-a298-2f91515a201d
2026-04-20,cd81184b-b6f1-563c-b463-36a69ddfb598,26f7241d-a84e-5e4a-a43d-33eea1e54eea,Vitamina,87,90.0,82.78369651256625,78.85610961914062,85.60884366451327,1.391156335486727,74bff84c-0733-446b-a298-2f91515a201d
2026-04-27,cd81184b-b6f1-563c-b463-36a69ddfb598,26f7241d-a84e-5e4a-a43d-33eea1e54eea,Vitamina,100,107.0,86.4028729965788,82.1396255493164,91.05887599493084,8.941124005069156,74bff84c-0733-446b-a298-2f91515a201d
2026-05-04,cd81184b-b6f1-563c-b463-36a69ddfb598,26f7241d-a84e-5e4a-a43d-33eea1e54eea,Vitamina,67,81.0,80.86766190459963,80.99070739746094,85.14643187453981,18.146431874539815,74bff84c-0733-446b-a298-2f91515a201d
2026-02-16,cd81184b-b6f1-563c-b463-36a69ddfb598,43616d97-2221-569d-82eb-bcc14bcd6344,Vitamina,65,58.0,70.31217463228715,82.79812622070312,71.69906552050126,6.699065520501264,74bff84c-0733-446b-a298-2f91515a201d
2026-02-23,cd81184b-b6f1-563c-b463-36a69ddfb598,43616d97-2221-569d-82eb-bcc14bcd6344,Vitamina,69,55.0,70.65932308913642,80.29560089111328,72.24314760447913,3.243147604479134,74bff84c-0733-446b-a298-2f91515a201d
2026-03-02,cd81184b-b6f1-563c-b463-36a69ddfb598,43616d97-2221-569d-82eb-bcc14bcd6344,Vitamina,85,72.0,74.56810059985625,85.63394165039062,77.63575163325774,7.36424836674226,74bff84c-0733-446b-a298-2f91515a201d
2026-03-09,cd81184b-b6f1-563c-b463-36a69ddfb598,43616d97-2221-569d-82eb-bcc14bcd6344,Vitamina,94,74.0,75.03599487483801,83.008056640625,78.2929507368833,15.707049263116701,74bff84c-0733-446b-a298-2f91515a201d
2026-03-16,cd81184b-b6f1-563c-b463-36a69ddfb598,43616d97-2221-569d-82eb-bcc14bcd6344,Vitamina,56,95.0,79.92477286078447,81.86882781982422,82.81845176436418,26.818451764364184,74bff84c-0733-446b-a298-2f91515a201d
2026-03-23,cd81184b-b6f1-563c-b463-36a69ddfb598,43616d97-2221-569d-82eb-bcc14bcd6344,Vitamina,63,63.0,72.47504850359223,80.78144073486328,74.78796311350129,11.787963113501291,74bff84c-0733-446b-a298-2f91515a201d
2026-03-30,cd81184b-b6f1-563c-b463-36a69ddfb598,43616d97-2221-569d-82eb-bcc14bcd6344,Vitamina,92,118.0,85.2792706006441,86.87749481201172,91.31884331640337,0.6811566835966261,74bff84c-0733-446b-a298-2f91515a201d
2026-04-06,cd81184b-b6f1-563c-b463-36a69ddfb598,43616d97-2221-569d-82eb-bcc14bcd6344,Vitamina,87,49.0,69.21579168747398,79.66206359863281,70.74376545856926,16.256234541430743,74bff84c-0733-446b-a298-2f91515a201d
2026-04-13,cd81184b-b6f1-563c-b463-36a69ddfb598,43616d97-2221-569d-82eb-bcc14bcd6344,Vitamina,61,55.0,70.61261594123248,78.06471252441406,72.14686751193408,11.146867511934076,74bff84c-0733-446b-a298-2f91515a201d
2026-04-20,cd81184b-b6f1-563c-b463-36a69ddfb598,43616d97-2221-569d-82eb-bcc14bcd6344,Vitamina,76,52.0,69.91420381412158,78.8979263305664,72.17207377299914,3.8279262270008587,74bff84c-0733-446b-a298-2f91515a201d
2026-04-27,cd81184b-b6f1-563c-b463-36a69ddfb598,43616d97-2221-569d-82eb-bcc14bcd6344,Vitamina,56,92.0,79.22636550925122,83.1447982788086,84.26707071326123,28.267070713261234,74bff84c-0733-446b-a298-2f91515a201d
2026-05-04,cd81184b-b6f1-563c-b463-36a69ddfb598,43616d97-2221-569d-82eb-bcc14bcd6344,Vitamina,63,44.0,68.05177147509436,83.80418395996094,72.59055121065954,9.590551210659541,74bff84c-0733-446b-a298-2f91515a201d
2026-02-16,cd81184b-b6f1-563c-b463-36a69ddfb598,7fb983e8-6848-5425-97a2-14da72722d0f,Vitamina,80,54.0,69.22636381651913,63.5379638671875,71.78584639098202,8.214153609017984,74bff84c-0733-446b-a298-2f91515a201d
2026-02-23,cd81184b-b6f1-563c-b463-36a69ddfb598,7fb983e8-6848-5425-97a2-14da72722d0f,Vitamina,75,88.0,62.8246118266198,62.86488723754883,63.60387538262337,11.396124617376628,74bff84c-0733-446b-a298-2f91515a201d
2026-03-02,cd81184b-b6f1-563c-b463-36a69ddfb598,7fb983e8-6848-5425-97a2-14da72722d0f,Vitamina,51,66.0,68.81672176599321,60.28916931152344,69.88062259435472,18.88062259435472,74bff84c-0733-446b-a298-2f91515a201d
2026-03-09,cd81184b-b6f1-563c-b463-36a69ddfb598,7fb983e8-6848-5425-97a2-14da72722d0f,Vitamina,71,41.0,75.34657710571388,61.97127914428711,76.86292224903205,5.862922249032053,74bff84c-0733-446b-a298-2f91515a201d
2026-03-16,cd81184b-b6f1-563c-b463-36a69ddfb598,7fb983e8-6848-5425-97a2-14da72722d0f,Vitamina,76,79.0,65.47098033702517,62.773109436035156,66.6899376419797,9.310062358020303,74bff84c-0733-446b-a298-2f91515a201d
2026-03-23,cd81184b-b6f1-563c-b463-36a69ddfb598,7fb983e8-6848-5425-97a2-14da72722d0f,Vitamina,34,50.0,73.0106064610786,58.97526550292969,74.68764954140849,40.68764954140849,74bff84c-0733-446b-a298-2f91515a201d
2026-03-30,cd81184b-b6f1-563c-b463-36a69ddfb598,7fb983e8-6848-5425-97a2-14da72722d0f,Vitamina,54,67.0,68.59109218108235,60.105865478515625,70.57279188620625,16.572791886206247,74bff84c-0733-446b-a298-2f91515a201d
2026-04-06,cd81184b-b6f1-563c-b463-36a69ddfb598,7fb983e8-6848-5425-97a2-14da72722d0f,Vitamina,52,67.0,68.59109696023002,61.82999038696289,69.07216160766616,17.07216160766616,74bff84c-0733-446b-a298-2f91515a201d
2026-04-13,cd81184b-b6f1-563c-b463-36a69ddfb598,7fb983e8-6848-5425-97a2-14da72722d0f,Vitamina,77,63.0,69.63099325916446,63.19379806518555,70.72058845779574,6.279411542204258,74bff84c-0733-446b-a298-2f91515a201d
2026-04-20,cd81184b-b6f1-563c-b463-36a69ddfb598,7fb983e8-6848-5425-97a2-14da72722d0f,Vitamina,124,78.0,65.73138420300417,61.37051773071289,66.59717576222353,57.40282423777647,74bff84c-0733-446b-a298-2f91515a201d
2026-04-27,cd81184b-b6f1-563c-b463-36a69ddfb598,7fb983e8-6848-5425-97a2-14da72722d0f,Vitamina,68,69.0,68.07114967928291,64.00132751464844,71.50866875276924,3.508668752769239,74bff84c-0733-446b-a298-2f91515a201d
2026-05-04,cd81184b-b6f1-563c-b463-36a69ddfb598,7fb983e8-6848-5425-97a2-14da72722d0f,Vitamina,86,101.0,59.751983565945956,64.00132751464844,63.34179679836783,22.65820320163217,74bff84c-0733-446b-a298-2f91515a201d
2026-02-16,cd81184b-b6f1-563c-b463-36a69ddfb598,8ecedccf-c230-516b-bbc2-108f7a6fbe63,Vitamina,39,36.0,67.16822035711058,71.92008209228516,70.63902767102965,31.639027671029652,74bff84c-0733-446b-a298-2f91515a201d
2026-02-23,cd81184b-b6f1-563c-b463-36a69ddfb598,8ecedccf-c230-516b-bbc2-108f7a6fbe63,Vitamina,90,55.0,68.68377586622492,70.08499145507812,70.2005030753161,19.799496924683893,74bff84c-0733-446b-a298-2f91515a201d
2026-03-02,cd81184b-b6f1-563c-b463-36a69ddfb598,8ecedccf-c230-516b-bbc2-108f7a6fbe63,Vitamina,70,68.0,70.12225110159436,69.22053527832031,72.45935661421338,2.4593566142133767,74bff84c-0733-446b-a298-2f91515a201d
2026-03-09,cd81184b-b6f1-563c-b463-36a69ddfb598,8ecedccf-c230-516b-bbc2-108f7a6fbe63,Vitamina,49,81.0,71.61289899737847,71.2336196899414,74.21038811595452,25.210388115954515,74bff84c-0733-446b-a298-2f91515a201d
2026-03-16,cd81184b-b6f1-563c-b463-36a69ddfb598,8ecedccf-c230-516b-bbc2-108f7a6fbe63,Vitamina,66,66.0,69.88690907143206,70.28150177001953,72.60222560547442,6.602225605474416,74bff84c-0733-446b-a298-2f91515a201d
2026-03-23,cd81184b-b6f1-563c-b463-36a69ddfb598,8ecedccf-c230-516b-bbc2-108f7a6fbe63,Vitamina,60,90.0,72.64779722563343,69.83879852294922,75.46394908300952,15.463949083009524,74bff84c-0733-446b-a298-2f91515a201d
2026-03-30,cd81184b-b6f1-563c-b463-36a69ddfb598,8ecedccf-c230-516b-bbc2-108f7a6fbe63,Vitamina,93,79.0,71.38237106390783,72.0821304321289,74.90840613432714,18.091593865672863,74bff84c-0733-446b-a298-2f91515a201d
2026-04-06,cd81184b-b6f1-563c-b463-36a69ddfb598,8ecedccf-c230-516b-bbc2-108f7a6fbe63,Vitamina,46,64.0,69.65679375622734,69.62953186035156,70.91701869461998,24.917018694619983,74bff84c-0733-446b-a298-2f91515a201d
2026-04-13,cd81184b-b6f1-563c-b463-36a69ddfb598,8ecedccf-c230-516b-bbc2-108f7a6fbe63,Vitamina,46,62.0,69.4267167941411,69.62953186035156,71.60231040871935,25.602310408719347,74bff84c-0733-446b-a298-2f91515a201d
2026-04-20,cd81184b-b6f1-563c-b463-36a69ddfb598,8ecedccf-c230-516b-bbc2-108f7a6fbe63,Vitamina,60,66.0,69.88687067318577,69.81189727783203,72.38623624134678,12.38623624134678,74bff84c-0733-446b-a298-2f91515a201d
2026-04-27,cd81184b-b6f1-563c-b463-36a69ddfb598,8ecedccf-c230-516b-bbc2-108f7a6fbe63,Vitamina,83,112.0,75.17864030322113,72.5512466430664,79.99352305850067,3.0064769414993293,74bff84c-0733-446b-a298-2f91515a201d
2026-05-04,cd81184b-b6f1-563c-b463-36a69ddfb598,8ecedccf-c230-516b-bbc2-108f7a6fbe63,Vitamina,110,63.0,69.54175526235103,72.5512466430664,73.25386458966732,36.746135410332684,74bff84c-0733-446b-a298-2f91515a201d
2026-02-16,cd81184b-b6f1-563c-b463-36a69ddfb598,d6f21f11-7533-52dd-a4dc-2fb8e260c02c,Vitamina,52,80.0,61.006351045171336,60.0383415222168,64.20764260629804,12.207642606298037,74bff84c-0733-446b-a298-2f91515a201d
2026-02-23,cd81184b-b6f1-563c-b463-36a69ddfb598,d6f21f11-7533-52dd-a4dc-2fb8e260c02c,Vitamina,64,65.0,60.67382899831794,57.316837310791016,61.90130416463874,2.098695835361262,74bff84c-0733-446b-a298-2f91515a201d
2026-03-02,cd81184b-b6f1-563c-b463-36a69ddfb598,d6f21f11-7533-52dd-a4dc-2fb8e260c02c,Vitamina,97,43.0,60.24095028856052,60.737403869628906,63.149619045045505,33.850380954954495,74bff84c-0733-446b-a298-2f91515a201d
2026-03-09,cd81184b-b6f1-563c-b463-36a69ddfb598,d6f21f11-7533-52dd-a4dc-2fb8e260c02c,Vitamina,61,64.0,60.64994801413884,62.70721435546875,63.4076343907105,2.4076343907104985,74bff84c-0733-446b-a298-2f91515a201d
2026-03-16,cd81184b-b6f1-563c-b463-36a69ddfb598,d6f21f11-7533-52dd-a4dc-2fb8e260c02c,Vitamina,53,45.0,60.27950390197616,64.52013397216797,64.64781435348374,11.647814353483739,74bff84c-0733-446b-a298-2f91515a201d
2026-03-23,cd81184b-b6f1-563c-b463-36a69ddfb598,d6f21f11-7533-52dd-a4dc-2fb8e260c02c,Vitamina,65,34.0,60.06505518848411,63.50388717651367,62.822741565055765,2.1772584349442354,74bff84c-0733-446b-a298-2f91515a201d
2026-03-30,cd81184b-b6f1-563c-b463-36a69ddfb598,d6f21f11-7533-52dd-a4dc-2fb8e260c02c,Vitamina,72,60.0,60.57192429071808,66.25354766845703,66.34286173349761,5.657138266502386,74bff84c-0733-446b-a298-2f91515a201d
2026-04-06,cd81184b-b6f1-563c-b463-36a69ddfb598,d6f21f11-7533-52dd-a4dc-2fb8e260c02c,Vitamina,57,73.0,60.8253589983482,65.24922180175781,62.58329857545086,5.583298575450861,74bff84c-0733-446b-a298-2f91515a201d
2026-04-13,cd81184b-b6f1-563c-b463-36a69ddfb598,d6f21f11-7533-52dd-a4dc-2fb8e260c02c,Vitamina,54,52.0,60.41596440396831,66.162109375,63.01729015431926,9.017290154319262,74bff84c-0733-446b-a298-2f91515a201d
2026-04-20,cd81184b-b6f1-563c-b463-36a69ddfb598,d6f21f11-7533-52dd-a4dc-2fb8e260c02c,Vitamina,67,43.0,60.24050957907832,66.34447479248047,62.65977270354426,4.340227296455737,74bff84c-0733-446b-a298-2f91515a201d
2026-04-27,cd81184b-b6f1-563c-b463-36a69ddfb598,d6f21f11-7533-52dd-a4dc-2fb8e260c02c,Vitamina,85,56.0,60.493944325547545,70.54017639160156,64.53281609068426,20.467183909315736,74bff84c-0733-446b-a298-2f91515a201d
2026-05-04,cd81184b-b6f1-563c-b463-36a69ddfb598,d6f21f11-7533-52dd-a4dc-2fb8e260c02c,Vitamina,51,76.0,60.883843935555284,70.85563659667969,64.86478284699328,13.864782846993279,74bff84c-0733-446b-a298-2f91515a201d
2026-02-16,d0ae6d2d-e561-56b3-a2c1-113c1c56ae81,26f7241d-a84e-5e4a-a43d-33eea1e54eea,Hipolipemiante,63,66.0,55.19224127778647,59.878173828125,57.70695075044272,5.293049249557278,74bff84c-0733-446b-a298-2f91515a201d
2026-02-23,d0ae6d2d-e561-56b3-a2c1-113c1c56ae81,26f7241d-a84e-5e4a-a43d-33eea1e54eea,Hipolipemiante,39,59.0,53.965152654310366,58.8773078918457,56.20293990101447,17.202939901014467,74bff84c-0733-446b-a298-2f91515a201d
2026-03-02,d0ae6d2d-e561-56b3-a2c1-113c1c56ae81,26f7241d-a84e-5e4a-a43d-33eea1e54eea,Hipolipemiante,42,68.0,54.18576304839074,60.928955078125,56.41093318388879,14.410933183888787,74bff84c-0733-446b-a298-2f91515a201d
2026-03-09,d0ae6d2d-e561-56b3-a2c1-113c1c56ae81,26f7241d-a84e-5e4a-a43d-33eea1e54eea,Hipolipemiante,56,48.0,54.31611388075857,60.10984420776367,55.98367529261618,0.016324707383823522,74bff84c-0733-446b-a298-2f91515a201d
2026-03-16,d0ae6d2d-e561-56b3-a2c1-113c1c56ae81,26f7241d-a84e-5e4a-a43d-33eea1e54eea,Hipolipemiante,50,49.0,54.32403307422487,61.77812194824219,57.54155259593813,7.541552595938128,74bff84c-0733-446b-a298-2f91515a201d
2026-03-23,d0ae6d2d-e561-56b3-a2c1-113c1c56ae81,26f7241d-a84e-5e4a-a43d-33eea1e54eea,Hipolipemiante,53,37.0,54.44317283212041,60.95878219604492,56.26890947400426,3.2689094740042606,74bff84c-0733-446b-a298-2f91515a201d
2026-03-30,d0ae6d2d-e561-56b3-a2c1-113c1c56ae81,26f7241d-a84e-5e4a-a43d-33eea1e54eea,Hipolipemiante,60,67.0,54.13540302448789,62.69417190551758,58.89739261799375,1.1026073820062479,74bff84c-0733-446b-a298-2f91515a201d
2026-04-06,d0ae6d2d-e561-56b3-a2c1-113c1c56ae81,26f7241d-a84e-5e4a-a43d-33eea1e54eea,Hipolipemiante,51,38.0,54.43368216197511,59.08909606933594,55.60435577075502,4.604355770755021,74bff84c-0733-446b-a298-2f91515a201d
2026-04-13,d0ae6d2d-e561-56b3-a2c1-113c1c56ae81,26f7241d-a84e-5e4a-a43d-33eea1e54eea,Hipolipemiante,52,57.0,54.23815217491583,61.2717399597168,55.36736193176703,3.3673619317670287,74bff84c-0733-446b-a298-2f91515a201d
2026-04-20,d0ae6d2d-e561-56b3-a2c1-113c1c56ae81,26f7241d-a84e-5e4a-a43d-33eea1e54eea,Hipolipemiante,61,50.0,54.31019737615381,61.454105377197266,55.84744396104608,5.152556038953918,74bff84c-0733-446b-a298-2f91515a201d
2026-04-27,d0ae6d2d-e561-56b3-a2c1-113c1c56ae81,26f7241d-a84e-5e4a-a43d-33eea1e54eea,Hipolipemiante,61,65.0,54.15578656850161,63.8350944519043,56.81330590901675,4.186694090983252,74bff84c-0733-446b-a298-2f91515a201d
2026-05-04,d0ae6d2d-e561-56b3-a2c1-113c1c56ae81,26f7241d-a84e-5e4a-a43d-33eea1e54eea,Hipolipemiante,64,65.0,54.15578570531189,64.52052307128906,56.91730275319397,7.082697246806028,74bff84c-0733-446b-a298-2f91515a201d
2026-02-16,d0ae6d2d-e561-56b3-a2c1-113c1c56ae81,43616d97-2221-569d-82eb-bcc14bcd6344,Hipolipemiante,52,57.0,55.04046331652398,53.414573669433594,56.51181696661706,4.5118169666170616,74bff84c-0733-446b-a298-2f91515a201d
2026-02-23,d0ae6d2d-e561-56b3-a2c1-113c1c56ae81,43616d97-2221-569d-82eb-bcc14bcd6344,Hipolipemiante,33,68.0,54.06765746056299,52.54063034057617,55.84469818054895,22.844698180548953,74bff84c-0733-446b-a298-2f91515a201d
2026-03-02,d0ae6d2d-e561-56b3-a2c1-113c1c56ae81,43616d97-2221-569d-82eb-bcc14bcd6344,Hipolipemiante,63,45.0,53.753521292099336,52.54063034057617,54.820413796791414,8.179586203208586,74bff84c-0733-446b-a298-2f91515a201d
2026-03-09,d0ae6d2d-e561-56b3-a2c1-113c1c56ae81,43616d97-2221-569d-82eb-bcc14bcd6344,Hipolipemiante,60,57.0,53.974796139043335,53.51581954956055,55.773438416760925,4.226561583239075,74bff84c-0733-446b-a298-2f91515a201d
2026-03-16,d0ae6d2d-e561-56b3-a2c1-113c1c56ae81,43616d97-2221-569d-82eb-bcc14bcd6344,Hipolipemiante,49,48.0,53.798058730600374,52.40986251831055,55.36945436620523,6.3694543662052325,74bff84c-0733-446b-a298-2f91515a201d
2026-03-23,d0ae6d2d-e561-56b3-a2c1-113c1c56ae81,43616d97-2221-569d-82eb-bcc14bcd6344,Hipolipemiante,61,74.0,54.314310775589156,52.40986251831055,55.885706411194015,5.114293588805985,74bff84c-0733-446b-a298-2f91515a201d
2026-03-30,d0ae6d2d-e561-56b3-a2c1-113c1c56ae81,43616d97-2221-569d-82eb-bcc14bcd6344,Hipolipemiante,50,38.0,53.59918949567023,54.58363723754883,56.204678749668034,6.204678749668034,74bff84c-0733-446b-a298-2f91515a201d
2026-04-06,d0ae6d2d-e561-56b3-a2c1-113c1c56ae81,43616d97-2221-569d-82eb-bcc14bcd6344,Hipolipemiante,42,77.0,54.37393258491232,52.298946380615234,55.32852707782461,13.32852707782461,74bff84c-0733-446b-a298-2f91515a201d
2026-04-13,d0ae6d2d-e561-56b3-a2c1-113c1c56ae81,43616d97-2221-569d-82eb-bcc14bcd6344,Hipolipemiante,54,50.0,53.83756996469321,52.11750030517578,54.75390340165915,0.7539034016591515,74bff84c-0733-446b-a298-2f91515a201d
2026-04-20,d0ae6d2d-e561-56b3-a2c1-113c1c56ae81,43616d97-2221-569d-82eb-bcc14bcd6344,Hipolipemiante,46,49.0,53.81770461612822,52.29986572265625,55.057867823182356,9.057867823182356,74bff84c-0733-446b-a298-2f91515a201d
2026-04-27,d0ae6d2d-e561-56b3-a2c1-113c1c56ae81,43616d97-2221-569d-82eb-bcc14bcd6344,Hipolipemiante,69,50.0,53.8375699200923,54.363182067871094,56.240108934908584,12.759891065091416,74bff84c-0733-446b-a298-2f91515a201d
2026-05-04,d0ae6d2d-e561-56b3-a2c1-113c1c56ae81,43616d97-2221-569d-82eb-bcc14bcd6344,Hipolipemiante,58,60.0,54.036222898279355,54.363182067871094,56.38082905939691,1.619170940603091,74bff84c-0733-446b-a298-2f91515a201d
2026-02-16,d0ae6d2d-e561-56b3-a2c1-113c1c56ae81,7fb983e8-6848-5425-97a2-14da72722d0f,Hipolipemiante,59,49.0,47.01105668114325,48.258968353271484,48.750165124403445,10.249834875596555,74bff84c-0733-446b-a298-2f91515a201d
2026-02-23,d0ae6d2d-e561-56b3-a2c1-113c1c56ae81,7fb983e8-6848-5425-97a2-14da72722d0f,Hipolipemiante,28,36.0,48.07808440219153,48.258968353271484,48.889939539539704,20.889939539539704,74bff84c-0733-446b-a298-2f91515a201d
2026-03-02,d0ae6d2d-e561-56b3-a2c1-113c1c56ae81,7fb983e8-6848-5425-97a2-14da72722d0f,Hipolipemiante,52,35.0,48.56984406514425,48.512054443359375,49.99039214654226,2.0096078534577373,74bff84c-0733-446b-a298-2f91515a201d
2026-03-09,d0ae6d2d-e561-56b3-a2c1-113c1c56ae81,7fb983e8-6848-5425-97a2-14da72722d0f,Hipolipemiante,35,43.0,46.98719314486417,48.4318733215332,47.61199442297849,12.61199442297849,74bff84c-0733-446b-a298-2f91515a201d
2026-03-16,d0ae6d2d-e561-56b3-a2c1-113c1c56ae81,7fb983e8-6848-5425-97a2-14da72722d0f,Hipolipemiante,41,72.0,41.50066454224387,49.27132797241211,42.91321713738242,1.9132171373824178,74bff84c-0733-446b-a298-2f91515a201d
2026-03-23,d0ae6d2d-e561-56b3-a2c1-113c1c56ae81,7fb983e8-6848-5425-97a2-14da72722d0f,Hipolipemiante,56,33.0,48.895004449604016,49.84688949584961,51.05002230238722,4.9499776976127805,74bff84c-0733-446b-a298-2f91515a201d
2026-03-30,d0ae6d2d-e561-56b3-a2c1-113c1c56ae81,7fb983e8-6848-5425-97a2-14da72722d0f,Hipolipemiante,47,52.0,45.29180847644248,51.433319091796875,48.09703337191978,1.0970333719197782,74bff84c-0733-446b-a298-2f91515a201d
2026-04-06,d0ae6d2d-e561-56b3-a2c1-113c1c56ae81,7fb983e8-6848-5425-97a2-14da72722d0f,Hipolipemiante,43,42.0,47.18843135142967,47.92671585083008,48.026286452061385,5.026286452061385,74bff84c-0733-446b-a298-2f91515a201d
2026-04-13,d0ae6d2d-e561-56b3-a2c1-113c1c56ae81,7fb983e8-6848-5425-97a2-14da72722d0f,Hipolipemiante,37,41.0,47.37813847945986,48.28251266479492,47.67322843955812,10.673228439558123,74bff84c-0733-446b-a298-2f91515a201d
2026-04-20,d0ae6d2d-e561-56b3-a2c1-113c1c56ae81,7fb983e8-6848-5425-97a2-14da72722d0f,Hipolipemiante,47,37.0,48.13683777703915,48.768550872802734,49.26026159181271,2.260261591812707,74bff84c-0733-446b-a298-2f91515a201d
2026-04-27,d0ae6d2d-e561-56b3-a2c1-113c1c56ae81,7fb983e8-6848-5425-97a2-14da72722d0f,Hipolipemiante,78,81.0,39.79107412356673,50.59019470214844,41.994959201996906,36.005040798003094,74bff84c-0733-446b-a298-2f91515a201d
2026-05-04,d0ae6d2d-e561-56b3-a2c1-113c1c56ae81,7fb983e8-6848-5425-97a2-14da72722d0f,Hipolipemiante,43,40.0,47.56780946032672,50.06337356567383,50.29947340266376,7.299473402663757,74bff84c-0733-446b-a298-2f91515a201d
2026-02-16,d0ae6d2d-e561-56b3-a2c1-113c1c56ae81,8ecedccf-c230-516b-bbc2-108f7a6fbe63,Hipolipemiante,55,46.0,47.66694979418547,47.6086311340332,50.103745505702804,4.896254494297196,74bff84c-0733-446b-a298-2f91515a201d
2026-02-23,d0ae6d2d-e561-56b3-a2c1-113c1c56ae81,8ecedccf-c230-516b-bbc2-108f7a6fbe63,Hipolipemiante,49,50.0,48.723415700602565,44.93455123901367,49.42699780862335,0.4269978086233479,74bff84c-0733-446b-a298-2f91515a201d
2026-03-02,d0ae6d2d-e561-56b3-a2c1-113c1c56ae81,8ecedccf-c230-516b-bbc2-108f7a6fbe63,Hipolipemiante,52,42.0,49.69570165718525,45.15801239013672,51.265544353375134,0.7344556466248662,74bff84c-0733-446b-a298-2f91515a201d
2026-03-09,d0ae6d2d-e561-56b3-a2c1-113c1c56ae81,8ecedccf-c230-516b-bbc2-108f7a6fbe63,Hipolipemiante,52,49.0,49.030344066416454,44.47835159301758,48.98134822139664,3.0186517786033633,74bff84c-0733-446b-a298-2f91515a201d
2026-03-16,d0ae6d2d-e561-56b3-a2c1-113c1c56ae81,8ecedccf-c230-516b-bbc2-108f7a6fbe63,Hipolipemiante,43,26.0,51.2970107654292,44.5892333984375,52.52487813031262,9.524878130312622,74bff84c-0733-446b-a298-2f91515a201d
2026-03-23,d0ae6d2d-e561-56b3-a2c1-113c1c56ae81,8ecedccf-c230-516b-bbc2-108f7a6fbe63,Hipolipemiante,53,59.0,48.04953507093769,44.525882720947266,49.28795603422504,3.71204396577496,74bff84c-0733-446b-a298-2f91515a201d
2026-03-30,d0ae6d2d-e561-56b3-a2c1-113c1c56ae81,8ecedccf-c230-516b-bbc2-108f7a6fbe63,Hipolipemiante,56,52.0,48.73852380282268,46.17417526245117,51.043763718670455,4.956236281329545,74bff84c-0733-446b-a298-2f91515a201d
2026-04-06,d0ae6d2d-e561-56b3-a2c1-113c1c56ae81,8ecedccf-c230-516b-bbc2-108f7a6fbe63,Hipolipemiante,33,41.0,49.821149768614966,44.324398040771484,50.40450787761231,17.40450787761231,74bff84c-0733-446b-a298-2f91515a201d
2026-04-13,d0ae6d2d-e561-56b3-a2c1-113c1c56ae81,8ecedccf-c230-516b-bbc2-108f7a6fbe63,Hipolipemiante,36,34.0,50.510090391707934,44.324398040771484,51.15138135440401,15.151381354404009,74bff84c-0733-446b-a298-2f91515a201d
2026-04-20,d0ae6d2d-e561-56b3-a2c1-113c1c56ae81,8ecedccf-c230-516b-bbc2-108f7a6fbe63,Hipolipemiante,45,44.0,49.52589073910052,44.50676345825195,50.6134803606444,5.613480360644402,74bff84c-0733-446b-a298-2f91515a201d
2026-04-27,d0ae6d2d-e561-56b3-a2c1-113c1c56ae81,8ecedccf-c230-516b-bbc2-108f7a6fbe63,Hipolipemiante,53,59.0,48.04959112099869,46.15738296508789,50.26129537514908,2.738704624850918,74bff84c-0733-446b-a298-2f91515a201d
2026-05-04,d0ae6d2d-e561-56b3-a2c1-113c1c56ae81,8ecedccf-c230-516b-bbc2-108f7a6fbe63,Hipolipemiante,35,52.0,48.73853095046406,46.461055755615234,50.95023520461445,15.95023520461445,74bff84c-0733-446b-a298-2f91515a201d
2026-02-16,d0ae6d2d-e561-56b3-a2c1-113c1c56ae81,d6f21f11-7533-52dd-a4dc-2fb8e260c02c,Hipolipemiante,32,39.0,44.15753934025716,44.63894271850586,45.65442726254415,13.654427262544147,74bff84c-0733-446b-a298-2f91515a201d
2026-02-23,d0ae6d2d-e561-56b3-a2c1-113c1c56ae81,d6f21f11-7533-52dd-a4dc-2fb8e260c02c,Hipolipemiante,29,56.0,46.328429278330084,45.077110290527344,47.95535879989075,18.955358799890753,74bff84c-0733-446b-a298-2f91515a201d
2026-03-02,d0ae6d2d-e561-56b3-a2c1-113c1c56ae81,d6f21f11-7533-52dd-a4dc-2fb8e260c02c,Hipolipemiante,42,42.0,44.3688888173165,45.05728530883789,45.88497646856925,3.884976468569249,74bff84c-0733-446b-a298-2f91515a201d
2026-03-09,d0ae6d2d-e561-56b3-a2c1-113c1c56ae81,d6f21f11-7533-52dd-a4dc-2fb8e260c02c,Hipolipemiante,35,47.0,45.07386642322284,44.82316207885742,46.37669413909656,11.376694139096557,74bff84c-0733-446b-a298-2f91515a201d
2026-03-16,d0ae6d2d-e561-56b3-a2c1-113c1c56ae81,d6f21f11-7533-52dd-a4dc-2fb8e260c02c,Hipolipemiante,49,40.0,44.08492693265944,44.71196746826172,45.93051907381087,3.0694809261891294,74bff84c-0733-446b-a298-2f91515a201d
2026-03-23,d0ae6d2d-e561-56b3-a2c1-113c1c56ae81,d6f21f11-7533-52dd-a4dc-2fb8e260c02c,Hipolipemiante,29,46.0,44.932682610114846,44.82316207885742,46.697909808715615,17.697909808715615,74bff84c-0733-446b-a298-2f91515a201d
2026-03-30,d0ae6d2d-e561-56b3-a2c1-113c1c56ae81,d6f21f11-7533-52dd-a4dc-2fb8e260c02c,Hipolipemiante,35,53.0,45.92174293627089,45.842037200927734,48.76316740145033,13.763167401450332,74bff84c-0733-446b-a298-2f91515a201d
2026-04-06,d0ae6d2d-e561-56b3-a2c1-113c1c56ae81,d6f21f11-7533-52dd-a4dc-2fb8e260c02c,Hipolipemiante,30,36.0,43.51974110888584,44.3180046081543,44.38076632308109,14.38076632308109,74bff84c-0733-446b-a298-2f91515a201d
2026-04-13,d0ae6d2d-e561-56b3-a2c1-113c1c56ae81,d6f21f11-7533-52dd-a4dc-2fb8e260c02c,Hipolipemiante,46,41.0,44.22621222125711,44.3180046081543,45.57753165351571,0.4224683464842869,74bff84c-0733-446b-a298-2f91515a201d
2026-04-20,d0ae6d2d-e561-56b3-a2c1-113c1c56ae81,d6f21f11-7533-52dd-a4dc-2fb8e260c02c,Hipolipemiante,37,36.0,43.51974111349656,44.38917541503906,44.85754161627366,7.857541616273657,74bff84c-0733-446b-a298-2f91515a201d
2026-04-27,d0ae6d2d-e561-56b3-a2c1-113c1c56ae81,d6f21f11-7533-52dd-a4dc-2fb8e260c02c,Hipolipemiante,31,55.0,46.204331321487466,46.343467712402344,48.978438062439004,17.978438062439004,74bff84c-0733-446b-a298-2f91515a201d
2026-05-04,d0ae6d2d-e561-56b3-a2c1-113c1c56ae81,d6f21f11-7533-52dd-a4dc-2fb8e260c02c,Hipolipemiante,37,42.0,44.36750644235536,46.45466232299805,46.10855251340791,9.108552513407908,74bff84c-0733-446b-a298-2f91515a201d
2026-02-16,d2f08f15-f9f2-5f65-a740-b05896774467,26f7241d-a84e-5e4a-a43d-33eea1e54eea,Antiulceroso,51,81.0,72.5031906414807,66.69686889648438,69.9951773930371,18.995177393037096,74bff84c-0733-446b-a298-2f91515a201d
2026-02-23,d2f08f15-f9f2-5f65-a740-b05896774467,26f7241d-a84e-5e4a-a43d-33eea1e54eea,Antiulceroso,70,93.0,75.8389298024004,67.31616973876953,73.64518037460499,3.6451803746049904,74bff84c-0733-446b-a298-2f91515a201d
2026-03-02,d2f08f15-f9f2-5f65-a740-b05896774467,26f7241d-a84e-5e4a-a43d-33eea1e54eea,Antiulceroso,54,72.0,72.93313439647645,64.94084930419922,69.56178839961976,15.561788399619758,74bff84c-0733-446b-a298-2f91515a201d
2026-03-09,d2f08f15-f9f2-5f65-a740-b05896774467,26f7241d-a84e-5e4a-a43d-33eea1e54eea,Antiulceroso,81,65.0,71.92216212632265,60.74644470214844,69.16784150483217,11.832158495167832,74bff84c-0733-446b-a298-2f91515a201d
2026-03-16,d2f08f15-f9f2-5f65-a740-b05896774467,26f7241d-a84e-5e4a-a43d-33eea1e54eea,Antiulceroso,83,75.0,73.43756925263447,60.82850646972656,70.75701724686665,12.242982753133347,74bff84c-0733-446b-a298-2f91515a201d
2026-03-23,d2f08f15-f9f2-5f65-a740-b05896774467,26f7241d-a84e-5e4a-a43d-33eea1e54eea,Antiulceroso,88,83.0,74.645114506066,60.30609893798828,71.78416069823518,16.215839301764817,74bff84c-0733-446b-a298-2f91515a201d
2026-03-30,d2f08f15-f9f2-5f65-a740-b05896774467,26f7241d-a84e-5e4a-a43d-33eea1e54eea,Antiulceroso,63,78.0,73.89143084356172,60.75541687011719,73.06640951701982,10.066409517019821,74bff84c-0733-446b-a298-2f91515a201d
2026-04-06,d2f08f15-f9f2-5f65-a740-b05896774467,26f7241d-a84e-5e4a-a43d-33eea1e54eea,Antiulceroso,64,103.0,77.66099424565608,58.4463005065918,73.12102527821834,9.12102527821834,74bff84c-0733-446b-a298-2f91515a201d
2026-04-13,d2f08f15-f9f2-5f65-a740-b05896774467,26f7241d-a84e-5e4a-a43d-33eea1e54eea,Antiulceroso,59,52.0,69.97116849448008,58.4463005065918,65.78542373205943,6.785423732059428,74bff84c-0733-446b-a298-2f91515a201d
2026-04-20,d2f08f15-f9f2-5f65-a740-b05896774467,26f7241d-a84e-5e4a-a43d-33eea1e54eea,Antiulceroso,59,48.0,69.368045502038,57.23979187011719,65.75042503389835,6.7504250338983525,74bff84c-0733-446b-a298-2f91515a201d
2026-04-27,d2f08f15-f9f2-5f65-a740-b05896774467,26f7241d-a84e-5e4a-a43d-33eea1e54eea,Antiulceroso,65,79.0,74.04225742377108,59.09510040283203,72.78249632872408,7.782496328724079,74bff84c-0733-446b-a298-2f91515a201d
2026-05-04,d2f08f15-f9f2-5f65-a740-b05896774467,26f7241d-a84e-5e4a-a43d-33eea1e54eea,Antiulceroso,45,61.0,71.32819902997143,58.0496711730957,70.2161091576112,25.2161091576112,74bff84c-0733-446b-a298-2f91515a201d
2026-02-16,d2f08f15-f9f2-5f65-a740-b05896774467,43616d97-2221-569d-82eb-bcc14bcd6344,Antiulceroso,68,55.0,62.99823546574639,62.73552703857422,61.623239638071524,6.376760361928476,74bff84c-0733-446b-a298-2f91515a201d
2026-02-23,d2f08f15-f9f2-5f65-a740-b05896774467,43616d97-2221-569d-82eb-bcc14bcd6344,Antiulceroso,46,89.0,66.75039423270202,62.84233474731445,65.58859444422698,19.588594444226985,74bff84c-0733-446b-a298-2f91515a201d
2026-03-02,d2f08f15-f9f2-5f65-a740-b05896774467,43616d97-2221-569d-82eb-bcc14bcd6344,Antiulceroso,83,82.0,65.99891516162252,63.20943069458008,64.0541550774703,18.9458449225297,74bff84c-0733-446b-a298-2f91515a201d
2026-03-09,d2f08f15-f9f2-5f65-a740-b05896774467,43616d97-2221-569d-82eb-bcc14bcd6344,Antiulceroso,60,55.0,63.07379458794776,61.73634719848633,61.5185578907508,1.5185578907507988,74bff84c-0733-446b-a298-2f91515a201d
2026-03-16,d2f08f15-f9f2-5f65-a740-b05896774467,43616d97-2221-569d-82eb-bcc14bcd6344,Antiulceroso,52,79.0,65.67463622760903,61.52179718017578,63.746082407952656,11.746082407952656,74bff84c-0733-446b-a298-2f91515a201d
2026-03-23,d2f08f15-f9f2-5f65-a740-b05896774467,43616d97-2221-569d-82eb-bcc14bcd6344,Antiulceroso,55,67.0,64.37426209949237,61.73634719848633,62.26530671619159,7.2653067161915885,74bff84c-0733-446b-a298-2f91515a201d
2026-03-30,d2f08f15-f9f2-5f65-a740-b05896774467,43616d97-2221-569d-82eb-bcc14bcd6344,Antiulceroso,92,79.0,65.67464514050737,62.605289459228516,65.51477803263917,26.48522196736083,74bff84c-0733-446b-a298-2f91515a201d
2026-04-06,d2f08f15-f9f2-5f65-a740-b05896774467,43616d97-2221-569d-82eb-bcc14bcd6344,Antiulceroso,56,72.0,64.91608894645177,59.95861053466797,61.43323505698643,5.433235056986433,74bff84c-0733-446b-a298-2f91515a201d
2026-04-13,d2f08f15-f9f2-5f65-a740-b05896774467,43616d97-2221-569d-82eb-bcc14bcd6344,Antiulceroso,61,59.0,63.50734157454889,59.303165435791016,60.5369383801214,0.4630616198786015,74bff84c-0733-446b-a298-2f91515a201d
2026-04-20,d2f08f15-f9f2-5f65-a740-b05896774467,43616d97-2221-569d-82eb-bcc14bcd6344,Antiulceroso,67,67.0,64.3742630408053,59.485530853271484,62.20126604297205,4.798733957027949,74bff84c-0733-446b-a298-2f91515a201d
2026-04-27,d2f08f15-f9f2-5f65-a740-b05896774467,43616d97-2221-569d-82eb-bcc14bcd6344,Antiulceroso,63,56.0,63.18224602612498,61.96776580810547,62.842657711830164,0.1573422881698363,74bff84c-0733-446b-a298-2f91515a201d
2026-05-04,d2f08f15-f9f2-5f65-a740-b05896774467,43616d97-2221-569d-82eb-bcc14bcd6344,Antiulceroso,44,57.0,63.29061120929736,61.96776580810547,62.62357086124438,18.62357086124438,74bff84c-0733-446b-a298-2f91515a201d
2026-02-16,d2f08f15-f9f2-5f65-a740-b05896774467,7fb983e8-6848-5425-97a2-14da72722d0f,Antiulceroso,56,59.0,62.37402074064833,67.45153045654297,61.12090711321455,5.12090711321455,74bff84c-0733-446b-a298-2f91515a201d
2026-02-23,d2f08f15-f9f2-5f65-a740-b05896774467,7fb983e8-6848-5425-97a2-14da72722d0f,Antiulceroso,54,81.0,65.64204236852144,68.33767700195312,65.9553297160766,11.955329716076605,74bff84c-0733-446b-a298-2f91515a201d
2026-03-02,d2f08f15-f9f2-5f65-a740-b05896774467,7fb983e8-6848-5425-97a2-14da72722d0f,Antiulceroso,71,84.0,66.01933948284679,67.1680908203125,66.07594743705087,4.924052562949129,74bff84c-0733-446b-a298-2f91515a201d
2026-03-09,d2f08f15-f9f2-5f65-a740-b05896774467,7fb983e8-6848-5425-97a2-14da72722d0f,Antiulceroso,69,46.0,61.09576135654711,67.50151824951172,61.15050228466057,7.849497715339432,74bff84c-0733-446b-a298-2f91515a201d
2026-03-16,d2f08f15-f9f2-5f65-a740-b05896774467,7fb983e8-6848-5425-97a2-14da72722d0f,Antiulceroso,57,58.0,62.65066579915499,66.94995880126953,62.85306484438395,5.853064844383951,74bff84c-0733-446b-a298-2f91515a201d
2026-03-23,d2f08f15-f9f2-5f65-a740-b05896774467,7fb983e8-6848-5425-97a2-14da72722d0f,Antiulceroso,77,38.0,60.059144336769236,66.88274383544922,60.04206252847041,16.95793747152959,74bff84c-0733-446b-a298-2f91515a201d
2026-03-30,d2f08f15-f9f2-5f65-a740-b05896774467,7fb983e8-6848-5425-97a2-14da72722d0f,Antiulceroso,44,99.0,67.96328550702572,67.86599731445312,70.17537933713436,26.17537933713436,74bff84c-0733-446b-a298-2f91515a201d
2026-04-06,d2f08f15-f9f2-5f65-a740-b05896774467,7fb983e8-6848-5425-97a2-14da72722d0f,Antiulceroso,42,55.0,62.26193777319596,66.23077392578125,61.05780533548997,19.057805335489967,74bff84c-0733-446b-a298-2f91515a201d
2026-04-13,d2f08f15-f9f2-5f65-a740-b05896774467,7fb983e8-6848-5425-97a2-14da72722d0f,Antiulceroso,69,54.0,62.13236168832736,66.23077392578125,60.776479878139064,8.223520121860936,74bff84c-0733-446b-a298-2f91515a201d
2026-04-20,d2f08f15-f9f2-5f65-a740-b05896774467,7fb983e8-6848-5425-97a2-14da72722d0f,Antiulceroso,57,65.0,63.55769862182898,66.41313934326172,63.14877699263854,6.148776992638538,74bff84c-0733-446b-a298-2f91515a201d
2026-04-27,d2f08f15-f9f2-5f65-a740-b05896774467,7fb983e8-6848-5425-97a2-14da72722d0f,Antiulceroso,56,34.0,59.54083999105204,68.8134765625,60.59073790021647,4.590737900216467,74bff84c-0733-446b-a298-2f91515a201d
2026-05-04,d2f08f15-f9f2-5f65-a740-b05896774467,7fb983e8-6848-5425-97a2-14da72722d0f,Antiulceroso,45,45.0,60.96617692455353,69.14498138427734,62.06951659664215,17.069516596642153,74bff84c-0733-446b-a298-2f91515a201d
2026-02-16,d2f08f15-f9f2-5f65-a740-b05896774467,8ecedccf-c230-516b-bbc2-108f7a6fbe63,Antiulceroso,110,62.0,63.7796615780679,70.71326446533203,65.95995680702603,44.04004319297397,74bff84c-0733-446b-a298-2f91515a201d
2026-02-23,d2f08f15-f9f2-5f65-a740-b05896774467,8ecedccf-c230-516b-bbc2-108f7a6fbe63,Antiulceroso,63,98.0,77.19927539281557,69.0556869506836,79.20812429837892,16.20812429837892,74bff84c-0733-446b-a298-2f91515a201d
2026-03-02,d2f08f15-f9f2-5f65-a740-b05896774467,8ecedccf-c230-516b-bbc2-108f7a6fbe63,Antiulceroso,73,60.0,64.23589990986528,72.80603790283203,67.07325099362077,5.926749006379225,74bff84c-0733-446b-a298-2f91515a201d
2026-03-09,d2f08f15-f9f2-5f65-a740-b05896774467,8ecedccf-c230-516b-bbc2-108f7a6fbe63,Antiulceroso,92,72.0,68.31004702749854,72.33765411376953,69.99847697916633,22.001523020833673,74bff84c-0733-446b-a298-2f91515a201d
2026-03-16,d2f08f15-f9f2-5f65-a740-b05896774467,8ecedccf-c230-516b-bbc2-108f7a6fbe63,Antiulceroso,51,60.0,64.240557998735,72.36702728271484,66.58730706604152,15.587307066041518,74bff84c-0733-446b-a298-2f91515a201d
2026-03-23,d2f08f15-f9f2-5f65-a740-b05896774467,8ecedccf-c230-516b-bbc2-108f7a6fbe63,Antiulceroso,52,53.0,61.866895871835744,71.13579559326172,63.99773831911663,11.997738319116628,74bff84c-0733-446b-a298-2f91515a201d
2026-03-30,d2f08f15-f9f2-5f65-a740-b05896774467,8ecedccf-c230-516b-bbc2-108f7a6fbe63,Antiulceroso,59,94.0,75.7698924311067,75.22969055175781,80.265320993271,21.265320993271004,74bff84c-0733-446b-a298-2f91515a201d
2026-04-06,d2f08f15-f9f2-5f65-a740-b05896774467,8ecedccf-c230-516b-bbc2-108f7a6fbe63,Antiulceroso,82,58.0,63.56238219120388,70.62919616699219,64.58059999325161,17.41940000674839,74bff84c-0733-446b-a298-2f91515a201d
2026-04-13,d2f08f15-f9f2-5f65-a740-b05896774467,8ecedccf-c230-516b-bbc2-108f7a6fbe63,Antiulceroso,69,51.0,61.188699622862806,69.45157623291016,62.16595437120723,6.834045628792772,74bff84c-0733-446b-a298-2f91515a201d
2026-04-20,d2f08f15-f9f2-5f65-a740-b05896774467,8ecedccf-c230-516b-bbc2-108f7a6fbe63,Antiulceroso,53,68.0,66.95335727612009,67.34646606445312,69.10953455845346,16.10953455845346,74bff84c-0733-446b-a298-2f91515a201d
2026-04-27,d2f08f15-f9f2-5f65-a740-b05896774467,8ecedccf-c230-516b-bbc2-108f7a6fbe63,Antiulceroso,82,97.0,76.78718503694914,70.64485168457031,80.54187496881865,1.4581250311813534,74bff84c-0733-446b-a298-2f91515a201d
2026-05-04,d2f08f15-f9f2-5f65-a740-b05896774467,8ecedccf-c230-516b-bbc2-108f7a6fbe63,Antiulceroso,54,69.0,67.2924547850943,70.84984588623047,70.23295814393524,16.232958143935235,74bff84c-0733-446b-a298-2f91515a201d
2026-02-16,d2f08f15-f9f2-5f65-a740-b05896774467,d6f21f11-7533-52dd-a4dc-2fb8e260c02c,Antiulceroso,45,55.0,56.48428932938138,62.59298324584961,57.59657959255735,12.596579592557347,74bff84c-0733-446b-a298-2f91515a201d
2026-02-23,d2f08f15-f9f2-5f65-a740-b05896774467,d6f21f11-7533-52dd-a4dc-2fb8e260c02c,Antiulceroso,72,62.0,56.864463430177366,65.72236633300781,58.528828960191404,13.471171039808596,74bff84c-0733-446b-a298-2f91515a201d
2026-03-02,d2f08f15-f9f2-5f65-a740-b05896774467,d6f21f11-7533-52dd-a4dc-2fb8e260c02c,Antiulceroso,48,60.0,56.732917888908055,65.81703186035156,57.903086765556004,9.903086765556004,74bff84c-0733-446b-a298-2f91515a201d
2026-03-09,d2f08f15-f9f2-5f65-a740-b05896774467,d6f21f11-7533-52dd-a4dc-2fb8e260c02c,Antiulceroso,45,69.0,57.2928768148469,66.86315155029297,59.46591100597849,14.46591100597849,74bff84c-0733-446b-a298-2f91515a201d
2026-03-16,d2f08f15-f9f2-5f65-a740-b05896774467,d6f21f11-7533-52dd-a4dc-2fb8e260c02c,Antiulceroso,74,43.0,55.67264221174336,65.60420989990234,57.400450568028454,16.599549431971546,74bff84c-0733-446b-a298-2f91515a201d
2026-03-23,d2f08f15-f9f2-5f65-a740-b05896774467,d6f21f11-7533-52dd-a4dc-2fb8e260c02c,Antiulceroso,52,55.0,56.42038099914647,65.68627166748047,58.086691428719526,6.086691428719526,74bff84c-0733-446b-a298-2f91515a201d
2026-03-30,d2f08f15-f9f2-5f65-a740-b05896774467,d6f21f11-7533-52dd-a4dc-2fb8e260c02c,Antiulceroso,80,75.0,57.66663244795049,66.46632385253906,60.47117117475713,19.52882882524287,74bff84c-0733-446b-a298-2f91515a201d
2026-04-06,d2f08f15-f9f2-5f65-a740-b05896774467,d6f21f11-7533-52dd-a4dc-2fb8e260c02c,Antiulceroso,75,53.0,56.295753881739714,64.83110046386719,56.2028329972497,18.7971670027503,74bff84c-0733-446b-a298-2f91515a201d
2026-04-13,d2f08f15-f9f2-5f65-a740-b05896774467,d6f21f11-7533-52dd-a4dc-2fb8e260c02c,Antiulceroso,61,44.0,55.73493997970775,64.83110046386719,55.431191193258314,5.568808806741686,74bff84c-0733-446b-a298-2f91515a201d
2026-04-20,d2f08f15-f9f2-5f65-a740-b05896774467,d6f21f11-7533-52dd-a4dc-2fb8e260c02c,Antiulceroso,47,50.0,56.108815894951654,65.14945220947266,56.55907379232867,9.559073792328668,74bff84c-0733-446b-a298-2f91515a201d
2026-04-27,d2f08f15-f9f2-5f65-a740-b05896774467,d6f21f11-7533-52dd-a4dc-2fb8e260c02c,Antiulceroso,83,58.0,56.60731711895455,67.78025817871094,58.08165195496071,24.918348045039288,74bff84c-0733-446b-a298-2f91515a201d
2026-05-04,d2f08f15-f9f2-5f65-a740-b05896774467,d6f21f11-7533-52dd-a4dc-2fb8e260c02c,Antiulceroso,50,79.0,57.91588283290161,67.69819641113281,59.390156156914365,9.390156156914365,74bff84c-0733-446b-a298-2f91515a201d
2026-02-16,d3961f5a-3ea7-53d3-89f4-78b65b0c0c6b,26f7241d-a84e-5e4a-a43d-33eea1e54eea,Analgésico,89,153.0,143.75119357540876,126.00849151611328,149.44009833767683,60.44009833767683,74bff84c-0733-446b-a298-2f91515a201d
2026-02-23,d3961f5a-3ea7-53d3-89f4-78b65b0c0c6b,26f7241d-a84e-5e4a-a43d-33eea1e54eea,Analgésico,124,127.0,147.6151312339422,148.78489685058594,153.92876896740168,29.92876896740168,74bff84c-0733-446b-a298-2f91515a201d
2026-03-02,d3961f5a-3ea7-53d3-89f4-78b65b0c0c6b,26f7241d-a84e-5e4a-a43d-33eea1e54eea,Analgésico,140,104.0,148.39362976667076,137.3882598876953,150.39149949666648,10.391499496666484,74bff84c-0733-446b-a298-2f91515a201d
2026-03-09,d3961f5a-3ea7-53d3-89f4-78b65b0c0c6b,26f7241d-a84e-5e4a-a43d-33eea1e54eea,Analgésico,105,94.0,148.80515026631625,140.93008422851562,153.2947213608292,48.294721360829186,74bff84c-0733-446b-a298-2f91515a201d
2026-03-16,d3961f5a-3ea7-53d3-89f4-78b65b0c0c6b,26f7241d-a84e-5e4a-a43d-33eea1e54eea,Analgésico,132,107.0,148.280099149988,141.14431762695312,150.18142199163228,18.181421991632277,74bff84c-0733-446b-a298-2f91515a201d
2026-03-23,d3961f5a-3ea7-53d3-89f4-78b65b0c0c6b,26f7241d-a84e-5e4a-a43d-33eea1e54eea,Analgésico,119,135.0,147.1501541927854,146.33274841308594,149.76861913953223,30.768619139532234,74bff84c-0733-446b-a298-2f91515a201d
2026-03-30,d3961f5a-3ea7-53d3-89f4-78b65b0c0c6b,26f7241d-a84e-5e4a-a43d-33eea1e54eea,Analgésico,133,121.0,147.71513673150307,146.4419708251953,152.7730819829679,19.77308198296791,74bff84c-0733-446b-a298-2f91515a201d
2026-04-06,d3961f5a-3ea7-53d3-89f4-78b65b0c0c6b,26f7241d-a84e-5e4a-a43d-33eea1e54eea,Analgésico,104,108.0,148.2397645501307,139.81088256835938,150.2277651814631,46.2277651814631,74bff84c-0733-446b-a298-2f91515a201d
2026-04-13,d3961f5a-3ea7-53d3-89f4-78b65b0c0c6b,26f7241d-a84e-5e4a-a43d-33eea1e54eea,Analgésico,137,160.0,146.14125352694785,138.5697784423828,146.63168021633422,9.631680216334217,74bff84c-0733-446b-a298-2f91515a201d
2026-04-20,d3961f5a-3ea7-53d3-89f4-78b65b0c0c6b,26f7241d-a84e-5e4a-a43d-33eea1e54eea,Analgésico,116,119.0,147.79584875427506,140.5710906982422,150.50446119629166,34.50446119629166,74bff84c-0733-446b-a298-2f91515a201d
2026-04-27,d3961f5a-3ea7-53d3-89f4-78b65b0c0c6b,26f7241d-a84e-5e4a-a43d-33eea1e54eea,Analgésico,172,187.0,145.05164203607026,152.58433532714844,158.50413665734712,13.495863342652882,74bff84c-0733-446b-a298-2f91515a201d
2026-05-04,d3961f5a-3ea7-53d3-89f4-78b65b0c0c6b,26f7241d-a84e-5e4a-a43d-33eea1e54eea,Analgésico,173,80.0,149.36973201911323,154.04571533203125,158.46452915351264,14.535470846487357,74bff84c-0733-446b-a298-2f91515a201d
2026-02-16,d3961f5a-3ea7-53d3-89f4-78b65b0c0c6b,43616d97-2221-569d-82eb-bcc14bcd6344,Analgésico,101,97.0,102.08715420760447,134.40951538085938,111.12690812148386,10.126908121483865,74bff84c-0733-446b-a298-2f91515a201d
2026-02-23,d3961f5a-3ea7-53d3-89f4-78b65b0c0c6b,43616d97-2221-569d-82eb-bcc14bcd6344,Analgésico,105,100.0,103.34329725089479,127.76808166503906,108.90283418479372,3.9028341847937185,74bff84c-0733-446b-a298-2f91515a201d
2026-03-02,d3961f5a-3ea7-53d3-89f4-78b65b0c0c6b,43616d97-2221-569d-82eb-bcc14bcd6344,Analgésico,160,186.0,139.37436014129617,135.25997924804688,149.64258962585427,10.35741037414573,74bff84c-0733-446b-a298-2f91515a201d
2026-03-09,d3961f5a-3ea7-53d3-89f4-78b65b0c0c6b,43616d97-2221-569d-82eb-bcc14bcd6344,Analgésico,101,85.0,97.05880957013699,132.86083984375,104.12333851224514,3.123338512245141,74bff84c-0733-446b-a298-2f91515a201d
2026-03-16,d3961f5a-3ea7-53d3-89f4-78b65b0c0c6b,43616d97-2221-569d-82eb-bcc14bcd6344,Analgésico,97,149.0,123.87262379344511,139.0277862548828,138.03196179088164,41.03196179088164,74bff84c-0733-446b-a298-2f91515a201d
2026-03-23,d3961f5a-3ea7-53d3-89f4-78b65b0c0c6b,43616d97-2221-569d-82eb-bcc14bcd6344,Analgésico,134,162.0,129.31917980755458,137.91029357910156,142.07794025982508,8.077940259825084,74bff84c-0733-446b-a298-2f91515a201d
2026-03-30,d3961f5a-3ea7-53d3-89f4-78b65b0c0c6b,43616d97-2221-569d-82eb-bcc14bcd6344,Analgésico,110,155.0,126.38641887688024,140.15672302246094,132.74059015297277,22.74059015297277,74bff84c-0733-446b-a298-2f91515a201d
2026-04-06,d3961f5a-3ea7-53d3-89f4-78b65b0c0c6b,43616d97-2221-569d-82eb-bcc14bcd6344,Analgésico,148,101.0,103.76226312596401,134.1831512451172,104.72514367777904,43.274856322220955,74bff84c-0733-446b-a298-2f91515a201d
2026-04-13,d3961f5a-3ea7-53d3-89f4-78b65b0c0c6b,43616d97-2221-569d-82eb-bcc14bcd6344,Analgésico,90,70.0,90.77432186154914,131.26123046875,92.78061968831611,2.780619688316108,74bff84c-0733-446b-a298-2f91515a201d
2026-04-20,d3961f5a-3ea7-53d3-89f4-78b65b0c0c6b,43616d97-2221-569d-82eb-bcc14bcd6344,Analgésico,151,129.0,115.49330684866132,133.62445068359375,120.3395554753703,30.660444524629696,74bff84c-0733-446b-a298-2f91515a201d
2026-04-27,d3961f5a-3ea7-53d3-89f4-78b65b0c0c6b,43616d97-2221-569d-82eb-bcc14bcd6344,Analgésico,151,167.0,131.41400904375053,140.28390502929688,144.85644526201224,6.143554737987756,74bff84c-0733-446b-a298-2f91515a201d
2026-05-04,d3961f5a-3ea7-53d3-89f4-78b65b0c0c6b,43616d97-2221-569d-82eb-bcc14bcd6344,Analgésico,156,204.0,146.91574539160055,145.80059814453125,160.37231220220846,4.372312202208462,74bff84c-0733-446b-a298-2f91515a201d
2026-02-16,d3961f5a-3ea7-53d3-89f4-78b65b0c0c6b,7fb983e8-6848-5425-97a2-14da72722d0f,Analgésico,99,116.0,113.59079536111622,120.17556762695312,123.33448203714161,24.334482037141612,74bff84c-0733-446b-a298-2f91515a201d
2026-02-23,d3961f5a-3ea7-53d3-89f4-78b65b0c0c6b,7fb983e8-6848-5425-97a2-14da72722d0f,Analgésico,143,91.0,100.93200769516653,116.80565643310547,109.43945016953177,33.56054983046823,74bff84c-0733-446b-a298-2f91515a201d
2026-03-02,d3961f5a-3ea7-53d3-89f4-78b65b0c0c6b,7fb983e8-6848-5425-97a2-14da72722d0f,Analgésico,97,133.0,112.54152894699389,121.05966186523438,118.69264341080004,21.692643410800045,74bff84c-0733-446b-a298-2f91515a201d
2026-03-09,d3961f5a-3ea7-53d3-89f4-78b65b0c0c6b,7fb983e8-6848-5425-97a2-14da72722d0f,Analgésico,83,138.0,113.50432428613794,118.7601089477539,116.99798497453821,33.99798497453821,74bff84c-0733-446b-a298-2f91515a201d
2026-03-16,d3961f5a-3ea7-53d3-89f4-78b65b0c0c6b,7fb983e8-6848-5425-97a2-14da72722d0f,Analgésico,72,87.0,101.05174267749022,122.86064147949219,106.95764458636474,34.95764458636474,74bff84c-0733-446b-a298-2f91515a201d
2026-03-23,d3961f5a-3ea7-53d3-89f4-78b65b0c0c6b,7fb983e8-6848-5425-97a2-14da72722d0f,Analgésico,93,127.0,110.84931516571777,127.10493469238281,120.78754091187255,27.787540911872554,74bff84c-0733-446b-a298-2f91515a201d
2026-03-30,d3961f5a-3ea7-53d3-89f4-78b65b0c0c6b,7fb983e8-6848-5425-97a2-14da72722d0f,Analgésico,112,102.0,104.72133026890924,130.20889282226562,111.90805588536432,0.09194411463568031,74bff84c-0733-446b-a298-2f91515a201d
2026-04-06,d3961f5a-3ea7-53d3-89f4-78b65b0c0c6b,7fb983e8-6848-5425-97a2-14da72722d0f,Analgésico,103,125.0,110.36060903060059,125.99333953857422,115.76441762435059,12.764417624350585,74bff84c-0733-446b-a298-2f91515a201d
2026-04-13,d3961f5a-3ea7-53d3-89f4-78b65b0c0c6b,7fb983e8-6848-5425-97a2-14da72722d0f,Analgésico,90,79.0,99.08128162121834,123.6887435913086,103.80646892285408,13.80646892285408,74bff84c-0733-446b-a298-2f91515a201d
2026-04-20,d3961f5a-3ea7-53d3-89f4-78b65b0c0c6b,7fb983e8-6848-5425-97a2-14da72722d0f,Analgésico,95,110.0,106.68260813481596,129.9169921875,116.8520150256851,21.852015025685105,74bff84c-0733-446b-a298-2f91515a201d
2026-04-27,d3961f5a-3ea7-53d3-89f4-78b65b0c0c6b,7fb983e8-6848-5425-97a2-14da72722d0f,Analgésico,116,148.0,116.00038782849228,139.03765869140625,131.7200457264415,15.720045726441498,74bff84c-0733-446b-a298-2f91515a201d
2026-05-04,d3961f5a-3ea7-53d3-89f4-78b65b0c0c6b,7fb983e8-6848-5425-97a2-14da72722d0f,Analgésico,108,110.0,106.68261090344255,141.80435180664062,120.72046319073503,12.720463190735032,74bff84c-0733-446b-a298-2f91515a201d
2026-02-16,d3961f5a-3ea7-53d3-89f4-78b65b0c0c6b,8ecedccf-c230-516b-bbc2-108f7a6fbe63,Analgésico,132,110.0,130.09758574486517,136.49380493164062,135.7702203464582,3.7702203464581885,74bff84c-0733-446b-a298-2f91515a201d
2026-02-23,d3961f5a-3ea7-53d3-89f4-78b65b0c0c6b,8ecedccf-c230-516b-bbc2-108f7a6fbe63,Analgésico,114,96.0,126.1419516905635,135.60939025878906,129.03759707058364,15.037597070583644,74bff84c-0733-446b-a298-2f91515a201d
2026-03-02,d3961f5a-3ea7-53d3-89f4-78b65b0c0c6b,8ecedccf-c230-516b-bbc2-108f7a6fbe63,Analgésico,110,83.0,122.77594154898163,134.39642333984375,126.14992517057892,16.149925170578925,74bff84c-0733-446b-a298-2f91515a201d
2026-03-09,d3961f5a-3ea7-53d3-89f4-78b65b0c0c6b,8ecedccf-c230-516b-bbc2-108f7a6fbe63,Analgésico,105,113.0,130.51042044753612,136.64781188964844,134.2867273151356,29.286727315135607,74bff84c-0733-446b-a298-2f91515a201d
2026-03-16,d3961f5a-3ea7-53d3-89f4-78b65b0c0c6b,8ecedccf-c230-516b-bbc2-108f7a6fbe63,Analgésico,89,106.0,128.70554994047228,138.07162475585938,132.63316224515978,43.63316224515978,74bff84c-0733-446b-a298-2f91515a201d
2026-03-23,d3961f5a-3ea7-53d3-89f4-78b65b0c0c6b,8ecedccf-c230-516b-bbc2-108f7a6fbe63,Analgésico,48,110.0,129.73689001425456,136.4588623046875,133.07584851607035,85.07584851607035,74bff84c-0733-446b-a298-2f91515a201d
2026-03-30,d3961f5a-3ea7-53d3-89f4-78b65b0c0c6b,8ecedccf-c230-516b-bbc2-108f7a6fbe63,Analgésico,150,158.0,142.11298248568949,138.958740234375,143.47364017764505,6.526359822354948,74bff84c-0733-446b-a298-2f91515a201d
2026-04-06,d3961f5a-3ea7-53d3-89f4-78b65b0c0c6b,8ecedccf-c230-516b-bbc2-108f7a6fbe63,Analgésico,79,155.0,141.33947670212652,129.81033325195312,139.64912783852483,60.649127838524834,74bff84c-0733-446b-a298-2f91515a201d
2026-04-13,d3961f5a-3ea7-53d3-89f4-78b65b0c0c6b,8ecedccf-c230-516b-bbc2-108f7a6fbe63,Analgésico,88,99.0,126.90070210581544,130.69920349121094,124.16537891512635,36.165378915126354,74bff84c-0733-446b-a298-2f91515a201d
2026-04-20,d3961f5a-3ea7-53d3-89f4-78b65b0c0c6b,8ecedccf-c230-516b-bbc2-108f7a6fbe63,Analgésico,167,175.0,146.49618191500204,130.81700134277344,146.4218518235256,20.5781481764744,74bff84c-0733-446b-a298-2f91515a201d
2026-04-27,d3961f5a-3ea7-53d3-89f4-78b65b0c0c6b,8ecedccf-c230-516b-bbc2-108f7a6fbe63,Analgésico,122,215.0,156.80959234089104,137.0576934814453,163.15686616749016,41.156866167490165,74bff84c-0733-446b-a298-2f91515a201d
2026-05-04,d3961f5a-3ea7-53d3-89f4-78b65b0c0c6b,8ecedccf-c230-516b-bbc2-108f7a6fbe63,Analgésico,131,136.0,136.44060674976004,138.43089294433594,139.56619087527883,8.566190875278835,74bff84c-0733-446b-a298-2f91515a201d
2026-02-16,d3961f5a-3ea7-53d3-89f4-78b65b0c0c6b,d6f21f11-7533-52dd-a4dc-2fb8e260c02c,Analgésico,70,102.0,82.96645855949697,86.79369354248047,84.62902438686666,14.62902438686666,74bff84c-0733-446b-a298-2f91515a201d
2026-02-23,d3961f5a-3ea7-53d3-89f4-78b65b0c0c6b,d6f21f11-7533-52dd-a4dc-2fb8e260c02c,Analgésico,80,118.0,84.83443678902825,88.17733764648438,88.56720413254936,8.567204132549364,74bff84c-0733-446b-a298-2f91515a201d
2026-03-02,d3961f5a-3ea7-53d3-89f4-78b65b0c0c6b,d6f21f11-7533-52dd-a4dc-2fb8e260c02c,Analgésico,95,114.0,84.29699884319172,91.03655242919922,90.18889366054401,4.811106339455989,74bff84c-0733-446b-a298-2f91515a201d
2026-03-09,d3961f5a-3ea7-53d3-89f4-78b65b0c0c6b,d6f21f11-7533-52dd-a4dc-2fb8e260c02c,Analgésico,103,110.0,83.57502145827023,89.59428405761719,85.60162491858212,17.398375081417882,74bff84c-0733-446b-a298-2f91515a201d
2026-03-16,d3961f5a-3ea7-53d3-89f4-78b65b0c0c6b,d6f21f11-7533-52dd-a4dc-2fb8e260c02c,Analgésico,94,71.0,76.80539876633385,90.85194396972656,82.47559291535119,11.524407084648814,74bff84c-0733-446b-a298-2f91515a201d
2026-03-23,d3961f5a-3ea7-53d3-89f4-78b65b0c0c6b,d6f21f11-7533-52dd-a4dc-2fb8e260c02c,Analgésico,81,58.0,74.5464830358732,91.427490234375,78.11233448583963,2.887665514160375,74bff84c-0733-446b-a298-2f91515a201d
2026-03-30,d3961f5a-3ea7-53d3-89f4-78b65b0c0c6b,d6f21f11-7533-52dd-a4dc-2fb8e260c02c,Analgésico,89,146.0,89.83225861497297,96.12174987792969,97.35963097520246,8.359630975202464,74bff84c-0733-446b-a298-2f91515a201d
2026-04-06,d3961f5a-3ea7-53d3-89f4-78b65b0c0c6b,d6f21f11-7533-52dd-a4dc-2fb8e260c02c,Analgésico,78,69.0,76.45730328022137,93.2156753540039,78.27769457756176,0.2776945775617605,74bff84c-0733-446b-a298-2f91515a201d
2026-04-13,d3961f5a-3ea7-53d3-89f4-78b65b0c0c6b,d6f21f11-7533-52dd-a4dc-2fb8e260c02c,Analgésico,52,101.0,82.01572040562655,97.20188903808594,85.62214640622165,33.622146406221646,74bff84c-0733-446b-a298-2f91515a201d
2026-04-20,d3961f5a-3ea7-53d3-89f4-78b65b0c0c6b,d6f21f11-7533-52dd-a4dc-2fb8e260c02c,Analgésico,109,100.0,81.84201928004866,99.58788299560547,87.00118561610823,21.99881438389177,74bff84c-0733-446b-a298-2f91515a201d
2026-04-27,d3961f5a-3ea7-53d3-89f4-78b65b0c0c6b,d6f21f11-7533-52dd-a4dc-2fb8e260c02c,Analgésico,123,114.0,84.27382507070827,105.46349334716797,91.2123149846487,31.7876850153513,74bff84c-0733-446b-a298-2f91515a201d
2026-05-04,d3961f5a-3ea7-53d3-89f4-78b65b0c0c6b,d6f21f11-7533-52dd-a4dc-2fb8e260c02c,Analgésico,95,111.0,83.75272383503025,111.93859100341797,92.478887699166,2.5211123008340053,74bff84c-0733-446b-a298-2f91515a201d
2026-02-16,d9506935-1215-5499-93c0-8bdd86ab9418,26f7241d-a84e-5e4a-a43d-33eea1e54eea,Analgésico,21,9.0,18.52391240333393,17.833297729492188,19.884012911070137,1.115987088929863,74bff84c-0733-446b-a298-2f91515a201d
2026-02-23,d9506935-1215-5499-93c0-8bdd86ab9418,26f7241d-a84e-5e4a-a43d-33eea1e54eea,Analgésico,12,20.0,16.19889544854245,17.833297729492188,18.092738741732454,6.092738741732454,74bff84c-0733-446b-a298-2f91515a201d
2026-03-02,d9506935-1215-5499-93c0-8bdd86ab9418,26f7241d-a84e-5e4a-a43d-33eea1e54eea,Analgésico,25,18.0,16.575089786324963,17.833297729492188,18.50512800005482,6.494871999945179,74bff84c-0733-446b-a298-2f91515a201d
2026-03-09,d9506935-1215-5499-93c0-8bdd86ab9418,26f7241d-a84e-5e4a-a43d-33eea1e54eea,Analgésico,21,18.0,16.57339776846676,17.702529907226562,18.394379390209007,2.605620609790993,74bff84c-0733-446b-a298-2f91515a201d
2026-03-16,d9506935-1215-5499-93c0-8bdd86ab9418,26f7241d-a84e-5e4a-a43d-33eea1e54eea,Analgésico,18,17.0,16.748616544048822,18.010835647583008,18.67865475777868,0.6786547577786806,74bff84c-0733-446b-a298-2f91515a201d
2026-03-23,d9506935-1215-5499-93c0-8bdd86ab9418,26f7241d-a84e-5e4a-a43d-33eea1e54eea,Analgésico,9,16.0,16.923717932089655,17.702529907226562,18.802318410261957,9.802318410261957,74bff84c-0733-446b-a298-2f91515a201d
2026-03-30,d9506935-1215-5499-93c0-8bdd86ab9418,26f7241d-a84e-5e4a-a43d-33eea1e54eea,Analgésico,11,8.0,18.324586931490668,18.618576049804688,21.330821577334174,10.330821577334174,74bff84c-0733-446b-a298-2f91515a201d
2026-04-06,d9506935-1215-5499-93c0-8bdd86ab9418,26f7241d-a84e-5e4a-a43d-33eea1e54eea,Analgésico,11,32.0,14.121981305529559,17.19614601135254,15.367094559123004,4.367094559123004,74bff84c-0733-446b-a298-2f91515a201d
2026-04-13,d9506935-1215-5499-93c0-8bdd86ab9418,26f7241d-a84e-5e4a-a43d-33eea1e54eea,Analgésico,14,23.0,15.697958405828105,17.19614601135254,16.711510475492105,2.711510475492105,74bff84c-0733-446b-a298-2f91515a201d
2026-04-20,d9506935-1215-5499-93c0-8bdd86ab9418,26f7241d-a84e-5e4a-a43d-33eea1e54eea,Analgésico,15,19.0,16.398392671616627,17.534194946289062,18.145630353959156,3.145630353959156,74bff84c-0733-446b-a298-2f91515a201d
2026-04-27,d9506935-1215-5499-93c0-8bdd86ab9418,26f7241d-a84e-5e4a-a43d-33eea1e54eea,Analgésico,27,9.0,18.14947833641936,18.827425003051758,20.64624633416106,6.353753665838941,74bff84c-0733-446b-a298-2f91515a201d
2026-05-04,d9506935-1215-5499-93c0-8bdd86ab9418,26f7241d-a84e-5e4a-a43d-33eea1e54eea,Analgésico,15,18.0,16.573501238103926,18.827425003051758,19.186304697271407,4.186304697271407,74bff84c-0733-446b-a298-2f91515a201d
2026-02-16,d9506935-1215-5499-93c0-8bdd86ab9418,43616d97-2221-569d-82eb-bcc14bcd6344,Analgésico,9,26.0,14.098415388780149,9.710225105285645,5.496112837510617,3.5038871624893826,74bff84c-0733-446b-a298-2f91515a201d
2026-02-23,d9506935-1215-5499-93c0-8bdd86ab9418,43616d97-2221-569d-82eb-bcc14bcd6344,Analgésico,11,5.0,15.435144523603405,10.648955345153809,14.670189122182812,3.670189122182812,74bff84c-0733-446b-a298-2f91515a201d
2026-03-02,d9506935-1215-5499-93c0-8bdd86ab9418,43616d97-2221-569d-82eb-bcc14bcd6344,Analgésico,11,12.0,15.123126722505978,9.710225105285645,7.97985003106921,3.02014996893079,74bff84c-0733-446b-a298-2f91515a201d
2026-03-09,d9506935-1215-5499-93c0-8bdd86ab9418,43616d97-2221-569d-82eb-bcc14bcd6344,Analgésico,13,21.0,15.255534095037723,10.518187522888184,12.679169816244388,0.32083018375561245,74bff84c-0733-446b-a298-2f91515a201d
2026-03-16,d9506935-1215-5499-93c0-8bdd86ab9418,43616d97-2221-569d-82eb-bcc14bcd6344,Analgésico,12,18.0,15.219166002433195,9.57945728302002,6.470312318961515,5.529687681038485,74bff84c-0733-446b-a298-2f91515a201d
2026-03-23,d9506935-1215-5499-93c0-8bdd86ab9418,43616d97-2221-569d-82eb-bcc14bcd6344,Analgésico,7,26.0,15.266851500493201,10.518187522888184,13.108938292485389,6.108938292485389,74bff84c-0733-446b-a298-2f91515a201d
2026-03-30,d9506935-1215-5499-93c0-8bdd86ab9418,43616d97-2221-569d-82eb-bcc14bcd6344,Analgésico,16,17.0,15.21753736056204,10.495504379272461,8.563182788265898,7.436817211734102,74bff84c-0733-446b-a298-2f91515a201d
2026-04-06,d9506935-1215-5499-93c0-8bdd86ab9418,43616d97-2221-569d-82eb-bcc14bcd6344,Analgésico,27,14.0,15.201778389457154,9.073073387145996,12.315350748542237,14.684649251457763,74bff84c-0733-446b-a298-2f91515a201d
2026-04-13,d9506935-1215-5499-93c0-8bdd86ab9418,43616d97-2221-569d-82eb-bcc14bcd6344,Analgésico,11,10.0,15.180317596962498,9.942631721496582,7.111550049355076,3.888449950644924,74bff84c-0733-446b-a298-2f91515a201d
2026-04-20,d9506935-1215-5499-93c0-8bdd86ab9418,43616d97-2221-569d-82eb-bcc14bcd6344,Analgésico,9,25.0,15.260554348005288,9.97237491607666,13.121063982023232,4.121063982023232,74bff84c-0733-446b-a298-2f91515a201d
2026-04-27,d9506935-1215-5499-93c0-8bdd86ab9418,43616d97-2221-569d-82eb-bcc14bcd6344,Analgésico,16,19.0,15.228462280971693,11.68241024017334,8.451834740383314,7.548165259616686,74bff84c-0733-446b-a298-2f91515a201d
2026-05-04,d9506935-1215-5499-93c0-8bdd86ab9418,43616d97-2221-569d-82eb-bcc14bcd6344,Analgésico,12,16.0,15.212419210823786,10.812851905822754,13.38177209988476,1.3817720998847598,74bff84c-0733-446b-a298-2f91515a201d
2026-02-16,d9506935-1215-5499-93c0-8bdd86ab9418,7fb983e8-6848-5425-97a2-14da72722d0f,Analgésico,23,4.0,12.791044234556805,9.455639839172363,9.886272668165814,13.113727331834186,74bff84c-0733-446b-a298-2f91515a201d
2026-02-23,d9506935-1215-5499-93c0-8bdd86ab9418,7fb983e8-6848-5425-97a2-14da72722d0f,Analgésico,17,11.0,13.677765707278162,9.455639839172363,11.05599317958346,5.94400682041654,74bff84c-0733-446b-a298-2f91515a201d
2026-03-02,d9506935-1215-5499-93c0-8bdd86ab9418,7fb983e8-6848-5425-97a2-14da72722d0f,Analgésico,7,18.0,14.631054529790475,9.455639839172363,7.074957499150827,0.07495749915082683,74bff84c-0733-446b-a298-2f91515a201d
2026-03-09,d9506935-1215-5499-93c0-8bdd86ab9418,7fb983e8-6848-5425-97a2-14da72722d0f,Analgésico,20,17.0,14.494960630727142,9.324872016906738,12.2252655871633,7.7747344128367,74bff84c-0733-446b-a298-2f91515a201d
2026-03-16,d9506935-1215-5499-93c0-8bdd86ab9418,7fb983e8-6848-5425-97a2-14da72722d0f,Analgésico,6,15.0,14.22278697319218,9.324872016906738,6.706571648790325,0.7065716487903249,74bff84c-0733-446b-a298-2f91515a201d
2026-03-23,d9506935-1215-5499-93c0-8bdd86ab9418,7fb983e8-6848-5425-97a2-14da72722d0f,Analgésico,14,12.0,13.814526377122277,9.324872016906738,11.353753624360436,2.6462463756395636,74bff84c-0733-446b-a298-2f91515a201d
2026-03-30,d9506935-1215-5499-93c0-8bdd86ab9418,7fb983e8-6848-5425-97a2-14da72722d0f,Analgésico,16,9.0,13.406265781811069,9.96328353881836,6.70272641032059,9.29727358967941,74bff84c-0733-446b-a298-2f91515a201d
2026-04-06,d9506935-1215-5499-93c0-8bdd86ab9418,7fb983e8-6848-5425-97a2-14da72722d0f,Analgésico,10,16.0,14.358873837555247,8.536520004272461,11.28968047436555,1.2896804743655501,74bff84c-0733-446b-a298-2f91515a201d
2026-04-13,d9506935-1215-5499-93c0-8bdd86ab9418,7fb983e8-6848-5425-97a2-14da72722d0f,Analgésico,11,7.0,13.134092051598344,8.536520004272461,4.976260859581743,6.023739140418257,74bff84c-0733-446b-a298-2f91515a201d
2026-04-20,d9506935-1215-5499-93c0-8bdd86ab9418,7fb983e8-6848-5425-97a2-14da72722d0f,Analgésico,9,14.0,14.086700107342603,8.566263198852539,13.014433528668286,4.014433528668286,74bff84c-0733-446b-a298-2f91515a201d
2026-04-27,d9506935-1215-5499-93c0-8bdd86ab9418,7fb983e8-6848-5425-97a2-14da72722d0f,Analgésico,25,11.0,13.678439512023635,10.417613983154297,6.358647718200393,18.641352281799605,74bff84c-0733-446b-a298-2f91515a201d
2026-05-04,d9506935-1215-5499-93c0-8bdd86ab9418,7fb983e8-6848-5425-97a2-14da72722d0f,Analgésico,12,12.0,13.814526377129958,9.548055648803711,11.846392927575515,0.15360707242448512,74bff84c-0733-446b-a298-2f91515a201d
2026-02-16,d9506935-1215-5499-93c0-8bdd86ab9418,8ecedccf-c230-516b-bbc2-108f7a6fbe63,Analgésico,14,15.0,14.284849874373002,18.020248413085938,17.043561450834794,3.043561450834794,74bff84c-0733-446b-a298-2f91515a201d
2026-02-23,d9506935-1215-5499-93c0-8bdd86ab9418,8ecedccf-c230-516b-bbc2-108f7a6fbe63,Analgésico,16,12.0,13.887773801890146,18.020248413085938,16.74209265908314,0.7420926590831414,74bff84c-0733-446b-a298-2f91515a201d
2026-03-02,d9506935-1215-5499-93c0-8bdd86ab9418,8ecedccf-c230-516b-bbc2-108f7a6fbe63,Analgésico,19,18.0,15.06237309227461,18.020248413085938,18.033252408604568,0.966747591395432,74bff84c-0733-446b-a298-2f91515a201d
2026-03-09,d9506935-1215-5499-93c0-8bdd86ab9418,8ecedccf-c230-516b-bbc2-108f7a6fbe63,Analgésico,13,10.0,13.467240800433714,17.889480590820312,16.381869067721922,3.3818690677219223,74bff84c-0733-446b-a298-2f91515a201d
2026-03-16,d9506935-1215-5499-93c0-8bdd86ab9418,8ecedccf-c230-516b-bbc2-108f7a6fbe63,Analgésico,9,17.0,14.86511371603295,17.889480590820312,17.79773161878869,8.797731618788688,74bff84c-0733-446b-a298-2f91515a201d
2026-03-23,d9506935-1215-5499-93c0-8bdd86ab9418,8ecedccf-c230-516b-bbc2-108f7a6fbe63,Analgésico,8,19.0,15.264640222201448,17.889480590820312,18.10371697963248,10.10371697963248,74bff84c-0733-446b-a298-2f91515a201d
2026-03-30,d9506935-1215-5499-93c0-8bdd86ab9418,8ecedccf-c230-516b-bbc2-108f7a6fbe63,Analgésico,9,13.0,14.066173812998622,18.805526733398438,17.726055404795495,8.726055404795495,74bff84c-0733-446b-a298-2f91515a201d
2026-04-06,d9506935-1215-5499-93c0-8bdd86ab9418,8ecedccf-c230-516b-bbc2-108f7a6fbe63,Analgésico,16,11.0,13.666687101049272,17.17030143737793,15.912158340139237,0.08784165986076253,74bff84c-0733-446b-a298-2f91515a201d
2026-04-13,d9506935-1215-5499-93c0-8bdd86ab9418,8ecedccf-c230-516b-bbc2-108f7a6fbe63,Analgésico,15,11.0,13.666687036497931,17.17030143737793,15.831793094618659,0.8317930946186589,74bff84c-0733-446b-a298-2f91515a201d
2026-04-20,d9506935-1215-5499-93c0-8bdd86ab9418,8ecedccf-c230-516b-bbc2-108f7a6fbe63,Analgésico,14,17.0,14.865148820536248,17.508350372314453,17.572862901346795,3.572862901346795,74bff84c-0733-446b-a298-2f91515a201d
2026-04-27,d9506935-1215-5499-93c0-8bdd86ab9418,8ecedccf-c230-516b-bbc2-108f7a6fbe63,Analgésico,11,15.0,14.465661560830604,19.051395416259766,17.96500948601676,6.965009486016761,74bff84c-0733-446b-a298-2f91515a201d
2026-05-04,d9506935-1215-5499-93c0-8bdd86ab9418,8ecedccf-c230-516b-bbc2-108f7a6fbe63,Analgésico,14,17.0,14.865148819742986,19.051395416259766,18.40275815850336,4.40275815850336,74bff84c-0733-446b-a298-2f91515a201d
2026-02-16,d9506935-1215-5499-93c0-8bdd86ab9418,d6f21f11-7533-52dd-a4dc-2fb8e260c02c,Analgésico,15,18.0,14.788778666722974,17.394649505615234,16.96467864917537,1.9646786491753687,74bff84c-0733-446b-a298-2f91515a201d
2026-02-23,d9506935-1215-5499-93c0-8bdd86ab9418,d6f21f11-7533-52dd-a4dc-2fb8e260c02c,Analgésico,15,17.0,13.507095548202988,17.514543533325195,15.764268609573838,0.764268609573838,74bff84c-0733-446b-a298-2f91515a201d
2026-03-02,d9506935-1215-5499-93c0-8bdd86ab9418,d6f21f11-7533-52dd-a4dc-2fb8e260c02c,Analgésico,19,9.0,13.07307829199791,17.394649505615234,15.347386496648788,3.652613503351212,74bff84c-0733-446b-a298-2f91515a201d
2026-03-09,d9506935-1215-5499-93c0-8bdd86ab9418,d6f21f11-7533-52dd-a4dc-2fb8e260c02c,Analgésico,9,13.0,13.362400559867897,17.26388168334961,15.712862996543922,6.712862996543922,74bff84c-0733-446b-a298-2f91515a201d
2026-03-16,d9506935-1215-5499-93c0-8bdd86ab9418,d6f21f11-7533-52dd-a4dc-2fb8e260c02c,Analgésico,7,9.0,13.003017111280203,17.26388168334961,15.277325315931082,8.277325315931082,74bff84c-0733-446b-a298-2f91515a201d
2026-03-23,d9506935-1215-5499-93c0-8bdd86ab9418,d6f21f11-7533-52dd-a4dc-2fb8e260c02c,Analgésico,14,5.0,12.607082095400006,17.26388168334961,14.88361283804527,0.8836128380452699,74bff84c-0733-446b-a298-2f91515a201d
2026-03-30,d9506935-1215-5499-93c0-8bdd86ab9418,d6f21f11-7533-52dd-a4dc-2fb8e260c02c,Analgésico,24,17.0,13.77270930082803,18.179927825927734,16.87004487783914,7.129955122160862,74bff84c-0733-446b-a298-2f91515a201d
2026-04-06,d9506935-1215-5499-93c0-8bdd86ab9418,d6f21f11-7533-52dd-a4dc-2fb8e260c02c,Analgésico,17,13.0,13.384273190534655,16.544702529907227,15.065577883756701,1.934422116243299,74bff84c-0733-446b-a298-2f91515a201d
2026-04-13,d9506935-1215-5499-93c0-8bdd86ab9418,d6f21f11-7533-52dd-a4dc-2fb8e260c02c,Analgésico,10,17.0,13.772225661387882,16.544702529907227,15.455150289645633,5.455150289645633,74bff84c-0733-446b-a298-2f91515a201d
2026-04-20,d9506935-1215-5499-93c0-8bdd86ab9418,d6f21f11-7533-52dd-a4dc-2fb8e260c02c,Analgésico,11,13.0,13.384412596954549,16.574445724487305,15.648207257522786,4.648207257522786,74bff84c-0733-446b-a298-2f91515a201d
2026-04-27,d9506935-1215-5499-93c0-8bdd86ab9418,d6f21f11-7533-52dd-a4dc-2fb8e260c02c,Analgésico,16,12.0,13.287489718183101,18.425796508789062,16.220449274762693,0.22044927476269294,74bff84c-0733-446b-a298-2f91515a201d
2026-05-04,d9506935-1215-5499-93c0-8bdd86ab9418,d6f21f11-7533-52dd-a4dc-2fb8e260c02c,Analgésico,7,13.0,13.384424179523736,18.425796508789062,16.397748917072562,9.397748917072562,74bff84c-0733-446b-a298-2f91515a201d
