producto_id,botica_id,periodo_inicio,periodo_fin,cantidad_predicha,intervalo_inf,intervalo_sup,modelo_version,generado_en,modelo_version_id
012857cc-907f-5e7d-b8fb-796d2c9f1621,26f7241d-a84e-5e4a-a43d-33eea1e54eea,2026-05-11,2026-05-17,43.32,7.26,79.38,v1.0.0,2026-06-24T16:42:17.588802+00:00,74bff84c-0733-446b-a298-2f91515a201d
012857cc-907f-5e7d-b8fb-796d2c9f1621,26f7241d-a84e-5e4a-a43d-33eea1e54eea,2026-05-18,2026-05-24,44.17,8.11,80.23,v1.0.0,2026-06-24T16:42:17.588802+00:00,74bff84c-0733-446b-a298-2f91515a201d
012857cc-907f-5e7d-b8fb-796d2c9f1621,26f7241d-a84e-5e4a-a43d-33eea1e54eea,2026-05-25,2026-05-31,43.8,7.74,79.86,v1.0.0,2026-06-24T16:42:17.588802+00:00,74bff84c-0733-446b-a298-2f91515a201d
012857cc-907f-5e7d-b8fb-796d2c9f1621,26f7241d-a84e-5e4a-a43d-33eea1e54eea,2026-06-01,2026-06-07,44.4,8.34,80.46,v1.0.0,2026-06-24T16:42:17.588802+00:00,74bff84c-0733-446b-a298-2f91515a201d
012857cc-907f-5e7d-b8fb-796d2c9f1621,26f7241d-a84e-5e4a-a43d-33eea1e54eea,2026-06-08,2026-06-14,41.06,5.0,77.12,v1.0.0,2026-06-24T16:42:17.588802+00:00,74bff84c-0733-446b-a298-2f91515a201d
012857cc-907f-5e7d-b8fb-796d2c9f1621,26f7241d-a84e-5e4a-a43d-33eea1e54eea,2026-06-15,2026-06-21,43.03,6.97,79.09,v1.0.0,2026-06-24T16:42:17.588802+00:00,74bff84c-0733-446b-a298-2f91515a201d
012857cc-907f-5e7d-b8fb-796d2c9f1621,26f7241d-a84e-5e4a-a43d-33eea1e54eea,2026-06-22,2026-06-28,42.0,5.94,78.06,v1.0.0,2026-06-24T16:42:17.588802+00:00,74bff84c-0733-446b-a298-2f91515a201d
012857cc-907f-5e7d-b8fb-796d2c9f1621,26f7241d-a84e-5e4a-a43d-33eea1e54eea,2026-06-29,2026-07-05,42.16,6.1,78.22,v1.0.0,2026-06-24T16:42:17.588802+00:00,74bff84c-0733-446b-a298-2f91515a201d
012857cc-907f-5e7d-b8fb-796d2c9f1621,26f7241d-a84e-5e4a-a43d-33eea1e54eea,2026-07-06,2026-07-12,43.22,7.16,79.28,v1.0.0,2026-06-24T16:42:17.588802+00:00,74bff84c-0733-446b-a298-2f91515a201d
012857cc-907f-5e7d-b8fb-796d2c9f1621,26f7241d-a84e-5e4a-a43d-33eea1e54eea,2026-07-13,2026-07-19,45.17,9.11,81.23,v1.0.0,2026-06-24T16:42:17.588802+00:00,74bff84c-0733-446b-a298-2f91515a201d
012857cc-907f-5e7d-b8fb-796d2c9f1621,26f7241d-a84e-5e4a-a43d-33eea1e54eea,2026-07-20,2026-07-26,41.24,5.18,77.3,v1.0.0,2026-06-24T16:42:17.588802+00:00,74bff84c-0733-446b-a298-2f91515a201d
012857cc-907f-5e7d-b8fb-796d2c9f1621,26f7241d-a84e-5e4a-a43d-33eea1e54eea,2026-07-27,2026-08-02,42.07,6.01,78.13,v1.0.0,2026-06-24T16:42:17.588802+00:00,74bff84c-0733-446b-a298-2f91515a201d
012857cc-907f-5e7d-b8fb-796d2c9f1621,43616d97-2221-569d-82eb-bcc14bcd6344,2026-05-11,2026-05-17,45.96,9.9,82.02,v1.0.0,2026-06-24T16:42:17.588802+00:00,74bff84c-0733-446b-a298-2f91515a201d
012857cc-907f-5e7d-b8fb-796d2c9f1621,43616d97-2221-569d-82eb-bcc14bcd6344,2026-05-18,2026-05-24,44.61,8.55,80.67,v1.0.0,2026-06-24T16:42:17.588802+00:00,74bff84c-0733-446b-a298-2f91515a201d
012857cc-907f-5e7d-b8fb-796d2c9f1621,43616d97-2221-569d-82eb-bcc14bcd6344,2026-05-25,2026-05-31,45.75,9.69,81.81,v1.0.0,2026-06-24T16:42:17.588802+00:00,74bff84c-0733-446b-a298-2f91515a201d
012857cc-907f-5e7d-b8fb-796d2c9f1621,43616d97-2221-569d-82eb-bcc14bcd6344,2026-06-01,2026-06-07,48.03,11.97,84.09,v1.0.0,2026-06-24T16:42:17.588802+00:00,74bff84c-0733-446b-a298-2f91515a201d
012857cc-907f-5e7d-b8fb-796d2c9f1621,43616d97-2221-569d-82eb-bcc14bcd6344,2026-06-08,2026-06-14,47.0,10.94,83.06,v1.0.0,2026-06-24T16:42:17.588802+00:00,74bff84c-0733-446b-a298-2f91515a201d
012857cc-907f-5e7d-b8fb-796d2c9f1621,43616d97-2221-569d-82eb-bcc14bcd6344,2026-06-15,2026-06-21,46.35,10.29,82.41,v1.0.0,2026-06-24T16:42:17.588802+00:00,74bff84c-0733-446b-a298-2f91515a201d
012857cc-907f-5e7d-b8fb-796d2c9f1621,43616d97-2221-569d-82eb-bcc14bcd6344,2026-06-22,2026-06-28,48.11,12.05,84.17,v1.0.0,2026-06-24T16:42:17.588802+00:00,74bff84c-0733-446b-a298-2f91515a201d
012857cc-907f-5e7d-b8fb-796d2c9f1621,43616d97-2221-569d-82eb-bcc14bcd6344,2026-06-29,2026-07-05,47.03,10.97,83.09,v1.0.0,2026-06-24T16:42:17.588802+00:00,74bff84c-0733-446b-a298-2f91515a201d
012857cc-907f-5e7d-b8fb-796d2c9f1621,43616d97-2221-569d-82eb-bcc14bcd6344,2026-07-06,2026-07-12,46.59,10.53,82.65,v1.0.0,2026-06-24T16:42:17.588802+00:00,74bff84c-0733-446b-a298-2f91515a201d
012857cc-907f-5e7d-b8fb-796d2c9f1621,43616d97-2221-569d-82eb-bcc14bcd6344,2026-07-13,2026-07-19,46.33,10.27,82.38,v1.0.0,2026-06-24T16:42:17.588802+00:00,74bff84c-0733-446b-a298-2f91515a201d
012857cc-907f-5e7d-b8fb-796d2c9f1621,43616d97-2221-569d-82eb-bcc14bcd6344,2026-07-20,2026-07-26,46.02,9.96,82.08,v1.0.0,2026-06-24T16:42:17.588802+00:00,74bff84c-0733-446b-a298-2f91515a201d
012857cc-907f-5e7d-b8fb-796d2c9f1621,43616d97-2221-569d-82eb-bcc14bcd6344,2026-07-27,2026-08-02,44.08,8.02,80.14,v1.0.0,2026-06-24T16:42:17.588802+00:00,74bff84c-0733-446b-a298-2f91515a201d
012857cc-907f-5e7d-b8fb-796d2c9f1621,7fb983e8-6848-5425-97a2-14da72722d0f,2026-05-11,2026-05-17,41.24,5.18,77.3,v1.0.0,2026-06-24T16:42:17.588802+00:00,74bff84c-0733-446b-a298-2f91515a201d
012857cc-907f-5e7d-b8fb-796d2c9f1621,7fb983e8-6848-5425-97a2-14da72722d0f,2026-05-18,2026-05-24,40.79,4.73,76.85,v1.0.0,2026-06-24T16:42:17.588802+00:00,74bff84c-0733-446b-a298-2f91515a201d
012857cc-907f-5e7d-b8fb-796d2c9f1621,7fb983e8-6848-5425-97a2-14da72722d0f,2026-05-25,2026-05-31,41.97,5.92,78.03,v1.0.0,2026-06-24T16:42:17.588802+00:00,74bff84c-0733-446b-a298-2f91515a201d
012857cc-907f-5e7d-b8fb-796d2c9f1621,7fb983e8-6848-5425-97a2-14da72722d0f,2026-06-01,2026-06-07,43.48,7.42,79.53,v1.0.0,2026-06-24T16:42:17.588802+00:00,74bff84c-0733-446b-a298-2f91515a201d
012857cc-907f-5e7d-b8fb-796d2c9f1621,7fb983e8-6848-5425-97a2-14da72722d0f,2026-06-08,2026-06-14,43.07,7.01,79.12,v1.0.0,2026-06-24T16:42:17.588802+00:00,74bff84c-0733-446b-a298-2f91515a201d
012857cc-907f-5e7d-b8fb-796d2c9f1621,7fb983e8-6848-5425-97a2-14da72722d0f,2026-06-15,2026-06-21,43.46,7.4,79.52,v1.0.0,2026-06-24T16:42:17.588802+00:00,74bff84c-0733-446b-a298-2f91515a201d
012857cc-907f-5e7d-b8fb-796d2c9f1621,7fb983e8-6848-5425-97a2-14da72722d0f,2026-06-22,2026-06-28,43.36,7.3,79.42,v1.0.0,2026-06-24T16:42:17.588802+00:00,74bff84c-0733-446b-a298-2f91515a201d
012857cc-907f-5e7d-b8fb-796d2c9f1621,7fb983e8-6848-5425-97a2-14da72722d0f,2026-06-29,2026-07-05,43.68,7.62,79.74,v1.0.0,2026-06-24T16:42:17.588802+00:00,74bff84c-0733-446b-a298-2f91515a201d
012857cc-907f-5e7d-b8fb-796d2c9f1621,7fb983e8-6848-5425-97a2-14da72722d0f,2026-07-06,2026-07-12,43.01,6.95,79.07,v1.0.0,2026-06-24T16:42:17.588802+00:00,74bff84c-0733-446b-a298-2f91515a201d
012857cc-907f-5e7d-b8fb-796d2c9f1621,7fb983e8-6848-5425-97a2-14da72722d0f,2026-07-13,2026-07-19,42.73,6.67,78.79,v1.0.0,2026-06-24T16:42:17.588802+00:00,74bff84c-0733-446b-a298-2f91515a201d
012857cc-907f-5e7d-b8fb-796d2c9f1621,7fb983e8-6848-5425-97a2-14da72722d0f,2026-07-20,2026-07-26,44.89,8.83,80.94,v1.0.0,2026-06-24T16:42:17.588802+00:00,74bff84c-0733-446b-a298-2f91515a201d
012857cc-907f-5e7d-b8fb-796d2c9f1621,7fb983e8-6848-5425-97a2-14da72722d0f,2026-07-27,2026-08-02,43.8,7.74,79.86,v1.0.0,2026-06-24T16:42:17.588802+00:00,74bff84c-0733-446b-a298-2f91515a201d
012857cc-907f-5e7d-b8fb-796d2c9f1621,8ecedccf-c230-516b-bbc2-108f7a6fbe63,2026-05-11,2026-05-17,50.79,14.73,86.85,v1.0.0,2026-06-24T16:42:17.588802+00:00,74bff84c-0733-446b-a298-2f91515a201d
012857cc-907f-5e7d-b8fb-796d2c9f1621,8ecedccf-c230-516b-bbc2-108f7a6fbe63,2026-05-18,2026-05-24,40.9,4.85,76.96,v1.0.0,2026-06-24T16:42:17.588802+00:00,74bff84c-0733-446b-a298-2f91515a201d
012857cc-907f-5e7d-b8fb-796d2c9f1621,8ecedccf-c230-516b-bbc2-108f7a6fbe63,2026-05-25,2026-05-31,46.04,9.98,82.1,v1.0.0,2026-06-24T16:42:17.588802+00:00,74bff84c-0733-446b-a298-2f91515a201d
012857cc-907f-5e7d-b8fb-796d2c9f1621,8ecedccf-c230-516b-bbc2-108f7a6fbe63,2026-06-01,2026-06-07,43.93,7.88,79.99,v1.0.0,2026-06-24T16:42:17.588802+00:00,74bff84c-0733-446b-a298-2f91515a201d
012857cc-907f-5e7d-b8fb-796d2c9f1621,8ecedccf-c230-516b-bbc2-108f7a6fbe63,2026-06-08,2026-06-14,46.18,10.13,82.24,v1.0.0,2026-06-24T16:42:17.588802+00:00,74bff84c-0733-446b-a298-2f91515a201d
012857cc-907f-5e7d-b8fb-796d2c9f1621,8ecedccf-c230-516b-bbc2-108f7a6fbe63,2026-06-15,2026-06-21,46.05,9.99,82.1,v1.0.0,2026-06-24T16:42:17.588802+00:00,74bff84c-0733-446b-a298-2f91515a201d
012857cc-907f-5e7d-b8fb-796d2c9f1621,8ecedccf-c230-516b-bbc2-108f7a6fbe63,2026-06-22,2026-06-28,43.54,7.48,79.6,v1.0.0,2026-06-24T16:42:17.588802+00:00,74bff84c-0733-446b-a298-2f91515a201d
012857cc-907f-5e7d-b8fb-796d2c9f1621,8ecedccf-c230-516b-bbc2-108f7a6fbe63,2026-06-29,2026-07-05,44.35,8.29,80.41,v1.0.0,2026-06-24T16:42:17.588802+00:00,74bff84c-0733-446b-a298-2f91515a201d
012857cc-907f-5e7d-b8fb-796d2c9f1621,8ecedccf-c230-516b-bbc2-108f7a6fbe63,2026-07-06,2026-07-12,45.16,9.1,81.21,v1.0.0,2026-06-24T16:42:17.588802+00:00,74bff84c-0733-446b-a298-2f91515a201d
012857cc-907f-5e7d-b8fb-796d2c9f1621,8ecedccf-c230-516b-bbc2-108f7a6fbe63,2026-07-13,2026-07-19,44.47,8.41,80.53,v1.0.0,2026-06-24T16:42:17.588802+00:00,74bff84c-0733-446b-a298-2f91515a201d
012857cc-907f-5e7d-b8fb-796d2c9f1621,8ecedccf-c230-516b-bbc2-108f7a6fbe63,2026-07-20,2026-07-26,44.58,8.52,80.64,v1.0.0,2026-06-24T16:42:17.588802+00:00,74bff84c-0733-446b-a298-2f91515a201d
012857cc-907f-5e7d-b8fb-796d2c9f1621,8ecedccf-c230-516b-bbc2-108f7a6fbe63,2026-07-27,2026-08-02,43.63,7.57,79.68,v1.0.0,2026-06-24T16:42:17.588802+00:00,74bff84c-0733-446b-a298-2f91515a201d
012857cc-907f-5e7d-b8fb-796d2c9f1621,d6f21f11-7533-52dd-a4dc-2fb8e260c02c,2026-05-11,2026-05-17,38.66,2.6,74.72,v1.0.0,2026-06-24T16:42:17.588802+00:00,74bff84c-0733-446b-a298-2f91515a201d
012857cc-907f-5e7d-b8fb-796d2c9f1621,d6f21f11-7533-52dd-a4dc-2fb8e260c02c,2026-05-18,2026-05-24,40.11,4.05,76.16,v1.0.0,2026-06-24T16:42:17.588802+00:00,74bff84c-0733-446b-a298-2f91515a201d
012857cc-907f-5e7d-b8fb-796d2c9f1621,d6f21f11-7533-52dd-a4dc-2fb8e260c02c,2026-05-25,2026-05-31,41.9,5.85,77.96,v1.0.0,2026-06-24T16:42:17.588802+00:00,74bff84c-0733-446b-a298-2f91515a201d
012857cc-907f-5e7d-b8fb-796d2c9f1621,d6f21f11-7533-52dd-a4dc-2fb8e260c02c,2026-06-01,2026-06-07,40.82,4.76,76.88,v1.0.0,2026-06-24T16:42:17.588802+00:00,74bff84c-0733-446b-a298-2f91515a201d
012857cc-907f-5e7d-b8fb-796d2c9f1621,d6f21f11-7533-52dd-a4dc-2fb8e260c02c,2026-06-08,2026-06-14,44.73,8.67,80.79,v1.0.0,2026-06-24T16:42:17.588802+00:00,74bff84c-0733-446b-a298-2f91515a201d
012857cc-907f-5e7d-b8fb-796d2c9f1621,d6f21f11-7533-52dd-a4dc-2fb8e260c02c,2026-06-15,2026-06-21,38.54,2.49,74.6,v1.0.0,2026-06-24T16:42:17.588802+00:00,74bff84c-0733-446b-a298-2f91515a201d
012857cc-907f-5e7d-b8fb-796d2c9f1621,d6f21f11-7533-52dd-a4dc-2fb8e260c02c,2026-06-22,2026-06-28,37.5,1.45,73.56,v1.0.0,2026-06-24T16:42:17.588802+00:00,74bff84c-0733-446b-a298-2f91515a201d
012857cc-907f-5e7d-b8fb-796d2c9f1621,d6f21f11-7533-52dd-a4dc-2fb8e260c02c,2026-06-29,2026-07-05,36.34,0.28,72.4,v1.0.0,2026-06-24T16:42:17.588802+00:00,74bff84c-0733-446b-a298-2f91515a201d
012857cc-907f-5e7d-b8fb-796d2c9f1621,d6f21f11-7533-52dd-a4dc-2fb8e260c02c,2026-07-06,2026-07-12,40.21,4.15,76.27,v1.0.0,2026-06-24T16:42:17.588802+00:00,74bff84c-0733-446b-a298-2f91515a201d
012857cc-907f-5e7d-b8fb-796d2c9f1621,d6f21f11-7533-52dd-a4dc-2fb8e260c02c,2026-07-13,2026-07-19,38.71,2.66,74.77,v1.0.0,2026-06-24T16:42:17.588802+00:00,74bff84c-0733-446b-a298-2f91515a201d
012857cc-907f-5e7d-b8fb-796d2c9f1621,d6f21f11-7533-52dd-a4dc-2fb8e260c02c,2026-07-20,2026-07-26,39.82,3.76,75.88,v1.0.0,2026-06-24T16:42:17.588802+00:00,74bff84c-0733-446b-a298-2f91515a201d
012857cc-907f-5e7d-b8fb-796d2c9f1621,d6f21f11-7533-52dd-a4dc-2fb8e260c02c,2026-07-27,2026-08-02,38.84,2.78,74.9,v1.0.0,2026-06-24T16:42:17.588802+00:00,74bff84c-0733-446b-a298-2f91515a201d
042e2e80-f954-5df4-97be-29dd428cc598,26f7241d-a84e-5e4a-a43d-33eea1e54eea,2026-05-11,2026-05-17,29.44,0.0,65.5,v1.0.0,2026-06-24T16:42:17.588802+00:00,74bff84c-0733-446b-a298-2f91515a201d
042e2e80-f954-5df4-97be-29dd428cc598,26f7241d-a84e-5e4a-a43d-33eea1e54eea,2026-05-18,2026-05-24,36.31,0.25,72.36,v1.0.0,2026-06-24T16:42:17.588802+00:00,74bff84c-0733-446b-a298-2f91515a201d
042e2e80-f954-5df4-97be-29dd428cc598,26f7241d-a84e-5e4a-a43d-33eea1e54eea,2026-05-25,2026-05-31,30.96,0.0,67.02,v1.0.0,2026-06-24T16:42:17.588802+00:00,74bff84c-0733-446b-a298-2f91515a201d
042e2e80-f954-5df4-97be-29dd428cc598,26f7241d-a84e-5e4a-a43d-33eea1e54eea,2026-06-01,2026-06-07,36.42,0.36,72.48,v1.0.0,2026-06-24T16:42:17.588802+00:00,74bff84c-0733-446b-a298-2f91515a201d
042e2e80-f954-5df4-97be-29dd428cc598,26f7241d-a84e-5e4a-a43d-33eea1e54eea,2026-06-08,2026-06-14,33.19,0.0,69.24,v1.0.0,2026-06-24T16:42:17.588802+00:00,74bff84c-0733-446b-a298-2f91515a201d
042e2e80-f954-5df4-97be-29dd428cc598,26f7241d-a84e-5e4a-a43d-33eea1e54eea,2026-06-15,2026-06-21,29.88,0.0,65.94,v1.0.0,2026-06-24T16:42:17.588802+00:00,74bff84c-0733-446b-a298-2f91515a201d
042e2e80-f954-5df4-97be-29dd428cc598,26f7241d-a84e-5e4a-a43d-33eea1e54eea,2026-06-22,2026-06-28,29.95,0.0,66.0,v1.0.0,2026-06-24T16:42:17.588802+00:00,74bff84c-0733-446b-a298-2f91515a201d
042e2e80-f954-5df4-97be-29dd428cc598,26f7241d-a84e-5e4a-a43d-33eea1e54eea,2026-06-29,2026-07-05,42.54,6.48,78.6,v1.0.0,2026-06-24T16:42:17.588802+00:00,74bff84c-0733-446b-a298-2f91515a201d
042e2e80-f954-5df4-97be-29dd428cc598,26f7241d-a84e-5e4a-a43d-33eea1e54eea,2026-07-06,2026-07-12,28.49,0.0,64.55,v1.0.0,2026-06-24T16:42:17.588802+00:00,74bff84c-0733-446b-a298-2f91515a201d
042e2e80-f954-5df4-97be-29dd428cc598,26f7241d-a84e-5e4a-a43d-33eea1e54eea,2026-07-13,2026-07-19,31.83,0.0,67.88,v1.0.0,2026-06-24T16:42:17.588802+00:00,74bff84c-0733-446b-a298-2f91515a201d
042e2e80-f954-5df4-97be-29dd428cc598,26f7241d-a84e-5e4a-a43d-33eea1e54eea,2026-07-20,2026-07-26,29.77,0.0,65.83,v1.0.0,2026-06-24T16:42:17.588802+00:00,74bff84c-0733-446b-a298-2f91515a201d
042e2e80-f954-5df4-97be-29dd428cc598,26f7241d-a84e-5e4a-a43d-33eea1e54eea,2026-07-27,2026-08-02,41.03,4.97,77.08,v1.0.0,2026-06-24T16:42:17.588802+00:00,74bff84c-0733-446b-a298-2f91515a201d
042e2e80-f954-5df4-97be-29dd428cc598,43616d97-2221-569d-82eb-bcc14bcd6344,2026-05-11,2026-05-17,40.54,4.48,76.6,v1.0.0,2026-06-24T16:42:17.588802+00:00,74bff84c-0733-446b-a298-2f91515a201d
042e2e80-f954-5df4-97be-29dd428cc598,43616d97-2221-569d-82eb-bcc14bcd6344,2026-05-18,2026-05-24,33.32,0.0,69.38,v1.0.0,2026-06-24T16:42:17.588802+00:00,74bff84c-0733-446b-a298-2f91515a201d
042e2e80-f954-5df4-97be-29dd428cc598,43616d97-2221-569d-82eb-bcc14bcd6344,2026-05-25,2026-05-31,33.71,0.0,69.77,v1.0.0,2026-06-24T16:42:17.588802+00:00,74bff84c-0733-446b-a298-2f91515a201d
042e2e80-f954-5df4-97be-29dd428cc598,43616d97-2221-569d-82eb-bcc14bcd6344,2026-06-01,2026-06-07,29.05,0.0,65.11,v1.0.0,2026-06-24T16:42:17.588802+00:00,74bff84c-0733-446b-a298-2f91515a201d
042e2e80-f954-5df4-97be-29dd428cc598,43616d97-2221-569d-82eb-bcc14bcd6344,2026-06-08,2026-06-14,42.9,6.84,78.96,v1.0.0,2026-06-24T16:42:17.588802+00:00,74bff84c-0733-446b-a298-2f91515a201d
042e2e80-f954-5df4-97be-29dd428cc598,43616d97-2221-569d-82eb-bcc14bcd6344,2026-06-15,2026-06-21,31.48,0.0,67.54,v1.0.0,2026-06-24T16:42:17.588802+00:00,74bff84c-0733-446b-a298-2f91515a201d
042e2e80-f954-5df4-97be-29dd428cc598,43616d97-2221-569d-82eb-bcc14bcd6344,2026-06-22,2026-06-28,32.05,0.0,68.11,v1.0.0,2026-06-24T16:42:17.588802+00:00,74bff84c-0733-446b-a298-2f91515a201d
042e2e80-f954-5df4-97be-29dd428cc598,43616d97-2221-569d-82eb-bcc14bcd6344,2026-06-29,2026-07-05,29.62,0.0,65.68,v1.0.0,2026-06-24T16:42:17.588802+00:00,74bff84c-0733-446b-a298-2f91515a201d
042e2e80-f954-5df4-97be-29dd428cc598,43616d97-2221-569d-82eb-bcc14bcd6344,2026-07-06,2026-07-12,37.6,1.54,73.66,v1.0.0,2026-06-24T16:42:17.588802+00:00,74bff84c-0733-446b-a298-2f91515a201d
042e2e80-f954-5df4-97be-29dd428cc598,43616d97-2221-569d-82eb-bcc14bcd6344,2026-07-13,2026-07-19,31.29,0.0,67.35,v1.0.0,2026-06-24T16:42:17.588802+00:00,74bff84c-0733-446b-a298-2f91515a201d
042e2e80-f954-5df4-97be-29dd428cc598,43616d97-2221-569d-82eb-bcc14bcd6344,2026-07-20,2026-07-26,35.85,0.0,71.91,v1.0.0,2026-06-24T16:42:17.588802+00:00,74bff84c-0733-446b-a298-2f91515a201d
042e2e80-f954-5df4-97be-29dd428cc598,43616d97-2221-569d-82eb-bcc14bcd6344,2026-07-27,2026-08-02,21.11,0.0,57.17,v1.0.0,2026-06-24T16:42:17.588802+00:00,74bff84c-0733-446b-a298-2f91515a201d
042e2e80-f954-5df4-97be-29dd428cc598,7fb983e8-6848-5425-97a2-14da72722d0f,2026-05-11,2026-05-17,39.35,3.29,75.41,v1.0.0,2026-06-24T16:42:17.588802+00:00,74bff84c-0733-446b-a298-2f91515a201d
042e2e80-f954-5df4-97be-29dd428cc598,7fb983e8-6848-5425-97a2-14da72722d0f,2026-05-18,2026-05-24,21.46,0.0,57.52,v1.0.0,2026-06-24T16:42:17.588802+00:00,74bff84c-0733-446b-a298-2f91515a201d
042e2e80-f954-5df4-97be-29dd428cc598,7fb983e8-6848-5425-97a2-14da72722d0f,2026-05-25,2026-05-31,30.07,0.0,66.12,v1.0.0,2026-06-24T16:42:17.588802+00:00,74bff84c-0733-446b-a298-2f91515a201d
042e2e80-f954-5df4-97be-29dd428cc598,7fb983e8-6848-5425-97a2-14da72722d0f,2026-06-01,2026-06-07,30.65,0.0,66.71,v1.0.0,2026-06-24T16:42:17.588802+00:00,74bff84c-0733-446b-a298-2f91515a201d
042e2e80-f954-5df4-97be-29dd428cc598,7fb983e8-6848-5425-97a2-14da72722d0f,2026-06-08,2026-06-14,27.88,0.0,63.94,v1.0.0,2026-06-24T16:42:17.588802+00:00,74bff84c-0733-446b-a298-2f91515a201d
042e2e80-f954-5df4-97be-29dd428cc598,7fb983e8-6848-5425-97a2-14da72722d0f,2026-06-15,2026-06-21,26.45,0.0,62.51,v1.0.0,2026-06-24T16:42:17.588802+00:00,74bff84c-0733-446b-a298-2f91515a201d
042e2e80-f954-5df4-97be-29dd428cc598,7fb983e8-6848-5425-97a2-14da72722d0f,2026-06-22,2026-06-28,27.57,0.0,63.63,v1.0.0,2026-06-24T16:42:17.588802+00:00,74bff84c-0733-446b-a298-2f91515a201d
042e2e80-f954-5df4-97be-29dd428cc598,7fb983e8-6848-5425-97a2-14da72722d0f,2026-06-29,2026-07-05,26.91,0.0,62.97,v1.0.0,2026-06-24T16:42:17.588802+00:00,74bff84c-0733-446b-a298-2f91515a201d
042e2e80-f954-5df4-97be-29dd428cc598,7fb983e8-6848-5425-97a2-14da72722d0f,2026-07-06,2026-07-12,27.78,0.0,63.84,v1.0.0,2026-06-24T16:42:17.588802+00:00,74bff84c-0733-446b-a298-2f91515a201d
042e2e80-f954-5df4-97be-29dd428cc598,7fb983e8-6848-5425-97a2-14da72722d0f,2026-07-13,2026-07-19,30.68,0.0,66.74,v1.0.0,2026-06-24T16:42:17.588802+00:00,74bff84c-0733-446b-a298-2f91515a201d
042e2e80-f954-5df4-97be-29dd428cc598,7fb983e8-6848-5425-97a2-14da72722d0f,2026-07-20,2026-07-26,28.18,0.0,64.24,v1.0.0,2026-06-24T16:42:17.588802+00:00,74bff84c-0733-446b-a298-2f91515a201d
042e2e80-f954-5df4-97be-29dd428cc598,7fb983e8-6848-5425-97a2-14da72722d0f,2026-07-27,2026-08-02,28.12,0.0,64.18,v1.0.0,2026-06-24T16:42:17.588802+00:00,74bff84c-0733-446b-a298-2f91515a201d
042e2e80-f954-5df4-97be-29dd428cc598,8ecedccf-c230-516b-bbc2-108f7a6fbe63,2026-05-11,2026-05-17,46.26,10.2,82.32,v1.0.0,2026-06-24T16:42:17.588802+00:00,74bff84c-0733-446b-a298-2f91515a201d
042e2e80-f954-5df4-97be-29dd428cc598,8ecedccf-c230-516b-bbc2-108f7a6fbe63,2026-05-18,2026-05-24,45.33,9.27,81.39,v1.0.0,2026-06-24T16:42:17.588802+00:00,74bff84c-0733-446b-a298-2f91515a201d
042e2e80-f954-5df4-97be-29dd428cc598,8ecedccf-c230-516b-bbc2-108f7a6fbe63,2026-05-25,2026-05-31,44.47,8.41,80.53,v1.0.0,2026-06-24T16:42:17.588802+00:00,74bff84c-0733-446b-a298-2f91515a201d
042e2e80-f954-5df4-97be-29dd428cc598,8ecedccf-c230-516b-bbc2-108f7a6fbe63,2026-06-01,2026-06-07,44.88,8.82,80.94,v1.0.0,2026-06-24T16:42:17.588802+00:00,74bff84c-0733-446b-a298-2f91515a201d
042e2e80-f954-5df4-97be-29dd428cc598,8ecedccf-c230-516b-bbc2-108f7a6fbe63,2026-06-08,2026-06-14,42.29,6.23,78.35,v1.0.0,2026-06-24T16:42:17.588802+00:00,74bff84c-0733-446b-a298-2f91515a201d
042e2e80-f954-5df4-97be-29dd428cc598,8ecedccf-c230-516b-bbc2-108f7a6fbe63,2026-06-15,2026-06-21,48.92,12.86,84.98,v1.0.0,2026-06-24T16:42:17.588802+00:00,74bff84c-0733-446b-a298-2f91515a201d
042e2e80-f954-5df4-97be-29dd428cc598,8ecedccf-c230-516b-bbc2-108f7a6fbe63,2026-06-22,2026-06-28,37.41,1.35,73.47,v1.0.0,2026-06-24T16:42:17.588802+00:00,74bff84c-0733-446b-a298-2f91515a201d
042e2e80-f954-5df4-97be-29dd428cc598,8ecedccf-c230-516b-bbc2-108f7a6fbe63,2026-06-29,2026-07-05,39.99,3.93,76.05,v1.0.0,2026-06-24T16:42:17.588802+00:00,74bff84c-0733-446b-a298-2f91515a201d
042e2e80-f954-5df4-97be-29dd428cc598,8ecedccf-c230-516b-bbc2-108f7a6fbe63,2026-07-06,2026-07-12,37.46,1.4,73.52,v1.0.0,2026-06-24T16:42:17.588802+00:00,74bff84c-0733-446b-a298-2f91515a201d
042e2e80-f954-5df4-97be-29dd428cc598,8ecedccf-c230-516b-bbc2-108f7a6fbe63,2026-07-13,2026-07-19,44.18,8.12,80.24,v1.0.0,2026-06-24T16:42:17.588802+00:00,74bff84c-0733-446b-a298-2f91515a201d
042e2e80-f954-5df4-97be-29dd428cc598,8ecedccf-c230-516b-bbc2-108f7a6fbe63,2026-07-20,2026-07-26,49.73,13.67,85.79,v1.0.0,2026-06-24T16:42:17.588802+00:00,74bff84c-0733-446b-a298-2f91515a201d
042e2e80-f954-5df4-97be-29dd428cc598,8ecedccf-c230-516b-bbc2-108f7a6fbe63,2026-07-27,2026-08-02,44.71,8.65,80.77,v1.0.0,2026-06-24T16:42:17.588802+00:00,74bff84c-0733-446b-a298-2f91515a201d
042e2e80-f954-5df4-97be-29dd428cc598,d6f21f11-7533-52dd-a4dc-2fb8e260c02c,2026-05-11,2026-05-17,23.95,0.0,60.01,v1.0.0,2026-06-24T16:42:17.588802+00:00,74bff84c-0733-446b-a298-2f91515a201d
042e2e80-f954-5df4-97be-29dd428cc598,d6f21f11-7533-52dd-a4dc-2fb8e260c02c,2026-05-18,2026-05-24,28.11,0.0,64.17,v1.0.0,2026-06-24T16:42:17.588802+00:00,74bff84c-0733-446b-a298-2f91515a201d
042e2e80-f954-5df4-97be-29dd428cc598,d6f21f11-7533-52dd-a4dc-2fb8e260c02c,2026-05-25,2026-05-31,31.91,0.0,67.97,v1.0.0,2026-06-24T16:42:17.588802+00:00,74bff84c-0733-446b-a298-2f91515a201d
042e2e80-f954-5df4-97be-29dd428cc598,d6f21f11-7533-52dd-a4dc-2fb8e260c02c,2026-06-01,2026-06-07,25.0,0.0,61.06,v1.0.0,2026-06-24T16:42:17.588802+00:00,74bff84c-0733-446b-a298-2f91515a201d
042e2e80-f954-5df4-97be-29dd428cc598,d6f21f11-7533-52dd-a4dc-2fb8e260c02c,2026-06-08,2026-06-14,28.77,0.0,64.83,v1.0.0,2026-06-24T16:42:17.588802+00:00,74bff84c-0733-446b-a298-2f91515a201d
042e2e80-f954-5df4-97be-29dd428cc598,d6f21f11-7533-52dd-a4dc-2fb8e260c02c,2026-06-15,2026-06-21,26.4,0.0,62.46,v1.0.0,2026-06-24T16:42:17.588802+00:00,74bff84c-0733-446b-a298-2f91515a201d
042e2e80-f954-5df4-97be-29dd428cc598,d6f21f11-7533-52dd-a4dc-2fb8e260c02c,2026-06-22,2026-06-28,29.61,0.0,65.67,v1.0.0,2026-06-24T16:42:17.588802+00:00,74bff84c-0733-446b-a298-2f91515a201d
042e2e80-f954-5df4-97be-29dd428cc598,d6f21f11-7533-52dd-a4dc-2fb8e260c02c,2026-06-29,2026-07-05,28.35,0.0,64.41,v1.0.0,2026-06-24T16:42:17.588802+00:00,74bff84c-0733-446b-a298-2f91515a201d
042e2e80-f954-5df4-97be-29dd428cc598,d6f21f11-7533-52dd-a4dc-2fb8e260c02c,2026-07-06,2026-07-12,17.02,0.0,53.08,v1.0.0,2026-06-24T16:42:17.588802+00:00,74bff84c-0733-446b-a298-2f91515a201d
042e2e80-f954-5df4-97be-29dd428cc598,d6f21f11-7533-52dd-a4dc-2fb8e260c02c,2026-07-13,2026-07-19,26.74,0.0,62.8,v1.0.0,2026-06-24T16:42:17.588802+00:00,74bff84c-0733-446b-a298-2f91515a201d
042e2e80-f954-5df4-97be-29dd428cc598,d6f21f11-7533-52dd-a4dc-2fb8e260c02c,2026-07-20,2026-07-26,27.78,0.0,63.84,v1.0.0,2026-06-24T16:42:17.588802+00:00,74bff84c-0733-446b-a298-2f91515a201d
042e2e80-f954-5df4-97be-29dd428cc598,d6f21f11-7533-52dd-a4dc-2fb8e260c02c,2026-07-27,2026-08-02,25.9,0.0,61.96,v1.0.0,2026-06-24T16:42:17.588802+00:00,74bff84c-0733-446b-a298-2f91515a201d
058c6382-bde2-59d1-93ff-20c6161a4736,26f7241d-a84e-5e4a-a43d-33eea1e54eea,2026-05-11,2026-05-17,34.47,0.0,70.52,v1.0.0,2026-06-24T16:42:17.588802+00:00,74bff84c-0733-446b-a298-2f91515a201d
058c6382-bde2-59d1-93ff-20c6161a4736,26f7241d-a84e-5e4a-a43d-33eea1e54eea,2026-05-18,2026-05-24,28.41,0.0,64.47,v1.0.0,2026-06-24T16:42:17.588802+00:00,74bff84c-0733-446b-a298-2f91515a201d
058c6382-bde2-59d1-93ff-20c6161a4736,26f7241d-a84e-5e4a-a43d-33eea1e54eea,2026-05-25,2026-05-31,24.44,0.0,60.5,v1.0.0,2026-06-24T16:42:17.588802+00:00,74bff84c-0733-446b-a298-2f91515a201d
058c6382-bde2-59d1-93ff-20c6161a4736,26f7241d-a84e-5e4a-a43d-33eea1e54eea,2026-06-01,2026-06-07,40.27,4.21,76.33,v1.0.0,2026-06-24T16:42:17.588802+00:00,74bff84c-0733-446b-a298-2f91515a201d
058c6382-bde2-59d1-93ff-20c6161a4736,26f7241d-a84e-5e4a-a43d-33eea1e54eea,2026-06-08,2026-06-14,27.51,0.0,63.57,v1.0.0,2026-06-24T16:42:17.588802+00:00,74bff84c-0733-446b-a298-2f91515a201d
058c6382-bde2-59d1-93ff-20c6161a4736,26f7241d-a84e-5e4a-a43d-33eea1e54eea,2026-06-15,2026-06-21,30.28,0.0,66.34,v1.0.0,2026-06-24T16:42:17.588802+00:00,74bff84c-0733-446b-a298-2f91515a201d
058c6382-bde2-59d1-93ff-20c6161a4736,26f7241d-a84e-5e4a-a43d-33eea1e54eea,2026-06-22,2026-06-28,23.57,0.0,59.63,v1.0.0,2026-06-24T16:42:17.588802+00:00,74bff84c-0733-446b-a298-2f91515a201d
058c6382-bde2-59d1-93ff-20c6161a4736,26f7241d-a84e-5e4a-a43d-33eea1e54eea,2026-06-29,2026-07-05,40.18,4.12,76.24,v1.0.0,2026-06-24T16:42:17.588802+00:00,74bff84c-0733-446b-a298-2f91515a201d
058c6382-bde2-59d1-93ff-20c6161a4736,26f7241d-a84e-5e4a-a43d-33eea1e54eea,2026-07-06,2026-07-12,23.73,0.0,59.79,v1.0.0,2026-06-24T16:42:17.588802+00:00,74bff84c-0733-446b-a298-2f91515a201d
058c6382-bde2-59d1-93ff-20c6161a4736,26f7241d-a84e-5e4a-a43d-33eea1e54eea,2026-07-13,2026-07-19,28.81,0.0,64.87,v1.0.0,2026-06-24T16:42:17.588802+00:00,74bff84c-0733-446b-a298-2f91515a201d
058c6382-bde2-59d1-93ff-20c6161a4736,26f7241d-a84e-5e4a-a43d-33eea1e54eea,2026-07-20,2026-07-26,23.48,0.0,59.54,v1.0.0,2026-06-24T16:42:17.588802+00:00,74bff84c-0733-446b-a298-2f91515a201d
058c6382-bde2-59d1-93ff-20c6161a4736,26f7241d-a84e-5e4a-a43d-33eea1e54eea,2026-07-27,2026-08-02,30.14,0.0,66.2,v1.0.0,2026-06-24T16:42:17.588802+00:00,74bff84c-0733-446b-a298-2f91515a201d
058c6382-bde2-59d1-93ff-20c6161a4736,43616d97-2221-569d-82eb-bcc14bcd6344,2026-05-11,2026-05-17,41.59,5.53,77.65,v1.0.0,2026-06-24T16:42:17.588802+00:00,74bff84c-0733-446b-a298-2f91515a201d
058c6382-bde2-59d1-93ff-20c6161a4736,43616d97-2221-569d-82eb-bcc14bcd6344,2026-05-18,2026-05-24,38.25,2.19,74.3,v1.0.0,2026-06-24T16:42:17.588802+00:00,74bff84c-0733-446b-a298-2f91515a201d
058c6382-bde2-59d1-93ff-20c6161a4736,43616d97-2221-569d-82eb-bcc14bcd6344,2026-05-25,2026-05-31,38.7,2.64,74.76,v1.0.0,2026-06-24T16:42:17.588802+00:00,74bff84c-0733-446b-a298-2f91515a201d
058c6382-bde2-59d1-93ff-20c6161a4736,43616d97-2221-569d-82eb-bcc14bcd6344,2026-06-01,2026-06-07,38.19,2.13,74.25,v1.0.0,2026-06-24T16:42:17.588802+00:00,74bff84c-0733-446b-a298-2f91515a201d
058c6382-bde2-59d1-93ff-20c6161a4736,43616d97-2221-569d-82eb-bcc14bcd6344,2026-06-08,2026-06-14,38.76,2.7,74.81,v1.0.0,2026-06-24T16:42:17.588802+00:00,74bff84c-0733-446b-a298-2f91515a201d
058c6382-bde2-59d1-93ff-20c6161a4736,43616d97-2221-569d-82eb-bcc14bcd6344,2026-06-15,2026-06-21,39.76,3.7,75.82,v1.0.0,2026-06-24T16:42:17.588802+00:00,74bff84c-0733-446b-a298-2f91515a201d
058c6382-bde2-59d1-93ff-20c6161a4736,43616d97-2221-569d-82eb-bcc14bcd6344,2026-06-22,2026-06-28,41.3,5.24,77.36,v1.0.0,2026-06-24T16:42:17.588802+00:00,74bff84c-0733-446b-a298-2f91515a201d
058c6382-bde2-59d1-93ff-20c6161a4736,43616d97-2221-569d-82eb-bcc14bcd6344,2026-06-29,2026-07-05,36.83,0.77,72.88,v1.0.0,2026-06-24T16:42:17.588802+00:00,74bff84c-0733-446b-a298-2f91515a201d
058c6382-bde2-59d1-93ff-20c6161a4736,43616d97-2221-569d-82eb-bcc14bcd6344,2026-07-06,2026-07-12,39.42,3.36,75.48,v1.0.0,2026-06-24T16:42:17.588802+00:00,74bff84c-0733-446b-a298-2f91515a201d
058c6382-bde2-59d1-93ff-20c6161a4736,43616d97-2221-569d-82eb-bcc14bcd6344,2026-07-13,2026-07-19,39.94,3.88,76.0,v1.0.0,2026-06-24T16:42:17.588802+00:00,74bff84c-0733-446b-a298-2f91515a201d
058c6382-bde2-59d1-93ff-20c6161a4736,43616d97-2221-569d-82eb-bcc14bcd6344,2026-07-20,2026-07-26,38.65,2.59,74.71,v1.0.0,2026-06-24T16:42:17.588802+00:00,74bff84c-0733-446b-a298-2f91515a201d
058c6382-bde2-59d1-93ff-20c6161a4736,43616d97-2221-569d-82eb-bcc14bcd6344,2026-07-27,2026-08-02,35.8,0.0,71.86,v1.0.0,2026-06-24T16:42:17.588802+00:00,74bff84c-0733-446b-a298-2f91515a201d
058c6382-bde2-59d1-93ff-20c6161a4736,7fb983e8-6848-5425-97a2-14da72722d0f,2026-05-11,2026-05-17,18.21,0.0,54.27,v1.0.0,2026-06-24T16:42:17.588802+00:00,74bff84c-0733-446b-a298-2f91515a201d
058c6382-bde2-59d1-93ff-20c6161a4736,7fb983e8-6848-5425-97a2-14da72722d0f,2026-05-18,2026-05-24,20.93,0.0,56.99,v1.0.0,2026-06-24T16:42:17.588802+00:00,74bff84c-0733-446b-a298-2f91515a201d
058c6382-bde2-59d1-93ff-20c6161a4736,7fb983e8-6848-5425-97a2-14da72722d0f,2026-05-25,2026-05-31,25.75,0.0,61.81,v1.0.0,2026-06-24T16:42:17.588802+00:00,74bff84c-0733-446b-a298-2f91515a201d
058c6382-bde2-59d1-93ff-20c6161a4736,7fb983e8-6848-5425-97a2-14da72722d0f,2026-06-01,2026-06-07,22.97,0.0,59.03,v1.0.0,2026-06-24T16:42:17.588802+00:00,74bff84c-0733-446b-a298-2f91515a201d
058c6382-bde2-59d1-93ff-20c6161a4736,7fb983e8-6848-5425-97a2-14da72722d0f,2026-06-08,2026-06-14,20.09,0.0,56.15,v1.0.0,2026-06-24T16:42:17.588802+00:00,74bff84c-0733-446b-a298-2f91515a201d
058c6382-bde2-59d1-93ff-20c6161a4736,7fb983e8-6848-5425-97a2-14da72722d0f,2026-06-15,2026-06-21,19.87,0.0,55.93,v1.0.0,2026-06-24T16:42:17.588802+00:00,74bff84c-0733-446b-a298-2f91515a201d
058c6382-bde2-59d1-93ff-20c6161a4736,7fb983e8-6848-5425-97a2-14da72722d0f,2026-06-22,2026-06-28,26.27,0.0,62.33,v1.0.0,2026-06-24T16:42:17.588802+00:00,74bff84c-0733-446b-a298-2f91515a201d
058c6382-bde2-59d1-93ff-20c6161a4736,7fb983e8-6848-5425-97a2-14da72722d0f,2026-06-29,2026-07-05,33.55,0.0,69.61,v1.0.0,2026-06-24T16:42:17.588802+00:00,74bff84c-0733-446b-a298-2f91515a201d
058c6382-bde2-59d1-93ff-20c6161a4736,7fb983e8-6848-5425-97a2-14da72722d0f,2026-07-06,2026-07-12,17.73,0.0,53.79,v1.0.0,2026-06-24T16:42:17.588802+00:00,74bff84c-0733-446b-a298-2f91515a201d
058c6382-bde2-59d1-93ff-20c6161a4736,7fb983e8-6848-5425-97a2-14da72722d0f,2026-07-13,2026-07-19,26.82,0.0,62.88,v1.0.0,2026-06-24T16:42:17.588802+00:00,74bff84c-0733-446b-a298-2f91515a201d
058c6382-bde2-59d1-93ff-20c6161a4736,7fb983e8-6848-5425-97a2-14da72722d0f,2026-07-20,2026-07-26,26.97,0.0,63.03,v1.0.0,2026-06-24T16:42:17.588802+00:00,74bff84c-0733-446b-a298-2f91515a201d
058c6382-bde2-59d1-93ff-20c6161a4736,7fb983e8-6848-5425-97a2-14da72722d0f,2026-07-27,2026-08-02,25.91,0.0,61.96,v1.0.0,2026-06-24T16:42:17.588802+00:00,74bff84c-0733-446b-a298-2f91515a201d
058c6382-bde2-59d1-93ff-20c6161a4736,8ecedccf-c230-516b-bbc2-108f7a6fbe63,2026-05-11,2026-05-17,35.54,0.0,71.6,v1.0.0,2026-06-24T16:42:17.588802+00:00,74bff84c-0733-446b-a298-2f91515a201d
058c6382-bde2-59d1-93ff-20c6161a4736,8ecedccf-c230-516b-bbc2-108f7a6fbe63,2026-05-18,2026-05-24,37.72,1.66,73.78,v1.0.0,2026-06-24T16:42:17.588802+00:00,74bff84c-0733-446b-a298-2f91515a201d
058c6382-bde2-59d1-93ff-20c6161a4736,8ecedccf-c230-516b-bbc2-108f7a6fbe63,2026-05-25,2026-05-31,36.98,0.92,73.04,v1.0.0,2026-06-24T16:42:17.588802+00:00,74bff84c-0733-446b-a298-2f91515a201d
058c6382-bde2-59d1-93ff-20c6161a4736,8ecedccf-c230-516b-bbc2-108f7a6fbe63,2026-06-01,2026-06-07,37.47,1.41,73.52,v1.0.0,2026-06-24T16:42:17.588802+00:00,74bff84c-0733-446b-a298-2f91515a201d
058c6382-bde2-59d1-93ff-20c6161a4736,8ecedccf-c230-516b-bbc2-108f7a6fbe63,2026-06-08,2026-06-14,37.39,1.34,73.45,v1.0.0,2026-06-24T16:42:17.588802+00:00,74bff84c-0733-446b-a298-2f91515a201d
058c6382-bde2-59d1-93ff-20c6161a4736,8ecedccf-c230-516b-bbc2-108f7a6fbe63,2026-06-15,2026-06-21,37.4,1.34,73.46,v1.0.0,2026-06-24T16:42:17.588802+00:00,74bff84c-0733-446b-a298-2f91515a201d
058c6382-bde2-59d1-93ff-20c6161a4736,8ecedccf-c230-516b-bbc2-108f7a6fbe63,2026-06-22,2026-06-28,37.4,1.34,73.46,v1.0.0,2026-06-24T16:42:17.588802+00:00,74bff84c-0733-446b-a298-2f91515a201d
058c6382-bde2-59d1-93ff-20c6161a4736,8ecedccf-c230-516b-bbc2-108f7a6fbe63,2026-06-29,2026-07-05,37.66,1.6,73.72,v1.0.0,2026-06-24T16:42:17.588802+00:00,74bff84c-0733-446b-a298-2f91515a201d
058c6382-bde2-59d1-93ff-20c6161a4736,8ecedccf-c230-516b-bbc2-108f7a6fbe63,2026-07-06,2026-07-12,36.84,0.78,72.89,v1.0.0,2026-06-24T16:42:17.588802+00:00,74bff84c-0733-446b-a298-2f91515a201d
058c6382-bde2-59d1-93ff-20c6161a4736,8ecedccf-c230-516b-bbc2-108f7a6fbe63,2026-07-13,2026-07-19,36.75,0.69,72.81,v1.0.0,2026-06-24T16:42:17.588802+00:00,74bff84c-0733-446b-a298-2f91515a201d
058c6382-bde2-59d1-93ff-20c6161a4736,8ecedccf-c230-516b-bbc2-108f7a6fbe63,2026-07-20,2026-07-26,36.59,0.53,72.65,v1.0.0,2026-06-24T16:42:17.588802+00:00,74bff84c-0733-446b-a298-2f91515a201d
058c6382-bde2-59d1-93ff-20c6161a4736,8ecedccf-c230-516b-bbc2-108f7a6fbe63,2026-07-27,2026-08-02,36.62,0.57,72.68,v1.0.0,2026-06-24T16:42:17.588802+00:00,74bff84c-0733-446b-a298-2f91515a201d
058c6382-bde2-59d1-93ff-20c6161a4736,d6f21f11-7533-52dd-a4dc-2fb8e260c02c,2026-05-11,2026-05-17,26.47,0.0,62.53,v1.0.0,2026-06-24T16:42:17.588802+00:00,74bff84c-0733-446b-a298-2f91515a201d
058c6382-bde2-59d1-93ff-20c6161a4736,d6f21f11-7533-52dd-a4dc-2fb8e260c02c,2026-05-18,2026-05-24,18.6,0.0,54.66,v1.0.0,2026-06-24T16:42:17.588802+00:00,74bff84c-0733-446b-a298-2f91515a201d
058c6382-bde2-59d1-93ff-20c6161a4736,d6f21f11-7533-52dd-a4dc-2fb8e260c02c,2026-05-25,2026-05-31,27.91,0.0,63.97,v1.0.0,2026-06-24T16:42:17.588802+00:00,74bff84c-0733-446b-a298-2f91515a201d
058c6382-bde2-59d1-93ff-20c6161a4736,d6f21f11-7533-52dd-a4dc-2fb8e260c02c,2026-06-01,2026-06-07,24.99,0.0,61.05,v1.0.0,2026-06-24T16:42:17.588802+00:00,74bff84c-0733-446b-a298-2f91515a201d
058c6382-bde2-59d1-93ff-20c6161a4736,d6f21f11-7533-52dd-a4dc-2fb8e260c02c,2026-06-08,2026-06-14,30.18,0.0,66.24,v1.0.0,2026-06-24T16:42:17.588802+00:00,74bff84c-0733-446b-a298-2f91515a201d
058c6382-bde2-59d1-93ff-20c6161a4736,d6f21f11-7533-52dd-a4dc-2fb8e260c02c,2026-06-15,2026-06-21,22.67,0.0,58.73,v1.0.0,2026-06-24T16:42:17.588802+00:00,74bff84c-0733-446b-a298-2f91515a201d
058c6382-bde2-59d1-93ff-20c6161a4736,d6f21f11-7533-52dd-a4dc-2fb8e260c02c,2026-06-22,2026-06-28,18.56,0.0,54.62,v1.0.0,2026-06-24T16:42:17.588802+00:00,74bff84c-0733-446b-a298-2f91515a201d
058c6382-bde2-59d1-93ff-20c6161a4736,d6f21f11-7533-52dd-a4dc-2fb8e260c02c,2026-06-29,2026-07-05,26.23,0.0,62.28,v1.0.0,2026-06-24T16:42:17.588802+00:00,74bff84c-0733-446b-a298-2f91515a201d
058c6382-bde2-59d1-93ff-20c6161a4736,d6f21f11-7533-52dd-a4dc-2fb8e260c02c,2026-07-06,2026-07-12,23.37,0.0,59.43,v1.0.0,2026-06-24T16:42:17.588802+00:00,74bff84c-0733-446b-a298-2f91515a201d
058c6382-bde2-59d1-93ff-20c6161a4736,d6f21f11-7533-52dd-a4dc-2fb8e260c02c,2026-07-13,2026-07-19,30.55,0.0,66.61,v1.0.0,2026-06-24T16:42:17.588802+00:00,74bff84c-0733-446b-a298-2f91515a201d
058c6382-bde2-59d1-93ff-20c6161a4736,d6f21f11-7533-52dd-a4dc-2fb8e260c02c,2026-07-20,2026-07-26,21.73,0.0,57.79,v1.0.0,2026-06-24T16:42:17.588802+00:00,74bff84c-0733-446b-a298-2f91515a201d
058c6382-bde2-59d1-93ff-20c6161a4736,d6f21f11-7533-52dd-a4dc-2fb8e260c02c,2026-07-27,2026-08-02,18.32,0.0,54.38,v1.0.0,2026-06-24T16:42:17.588802+00:00,74bff84c-0733-446b-a298-2f91515a201d
07371b94-955f-52a4-9bf9-f0a6ad2b4fa8,26f7241d-a84e-5e4a-a43d-33eea1e54eea,2026-05-11,2026-05-17,39.63,3.57,75.69,v1.0.0,2026-06-24T16:42:17.588802+00:00,74bff84c-0733-446b-a298-2f91515a201d
07371b94-955f-52a4-9bf9-f0a6ad2b4fa8,26f7241d-a84e-5e4a-a43d-33eea1e54eea,2026-05-18,2026-05-24,73.93,37.87,109.99,v1.0.0,2026-06-24T16:42:17.588802+00:00,74bff84c-0733-446b-a298-2f91515a201d
07371b94-955f-52a4-9bf9-f0a6ad2b4fa8,26f7241d-a84e-5e4a-a43d-33eea1e54eea,2026-05-25,2026-05-31,66.46,30.4,102.52,v1.0.0,2026-06-24T16:42:17.588802+00:00,74bff84c-0733-446b-a298-2f91515a201d
07371b94-955f-52a4-9bf9-f0a6ad2b4fa8,26f7241d-a84e-5e4a-a43d-33eea1e54eea,2026-06-01,2026-06-07,68.37,32.31,104.43,v1.0.0,2026-06-24T16:42:17.588802+00:00,74bff84c-0733-446b-a298-2f91515a201d
07371b94-955f-52a4-9bf9-f0a6ad2b4fa8,26f7241d-a84e-5e4a-a43d-33eea1e54eea,2026-06-08,2026-06-14,64.92,28.86,100.98,v1.0.0,2026-06-24T16:42:17.588802+00:00,74bff84c-0733-446b-a298-2f91515a201d
07371b94-955f-52a4-9bf9-f0a6ad2b4fa8,26f7241d-a84e-5e4a-a43d-33eea1e54eea,2026-06-15,2026-06-21,72.57,36.51,108.62,v1.0.0,2026-06-24T16:42:17.588802+00:00,74bff84c-0733-446b-a298-2f91515a201d
07371b94-955f-52a4-9bf9-f0a6ad2b4fa8,26f7241d-a84e-5e4a-a43d-33eea1e54eea,2026-06-22,2026-06-28,68.31,32.25,104.37,v1.0.0,2026-06-24T16:42:17.588802+00:00,74bff84c-0733-446b-a298-2f91515a201d
07371b94-955f-52a4-9bf9-f0a6ad2b4fa8,26f7241d-a84e-5e4a-a43d-33eea1e54eea,2026-06-29,2026-07-05,65.85,29.79,101.91,v1.0.0,2026-06-24T16:42:17.588802+00:00,74bff84c-0733-446b-a298-2f91515a201d
07371b94-955f-52a4-9bf9-f0a6ad2b4fa8,26f7241d-a84e-5e4a-a43d-33eea1e54eea,2026-07-06,2026-07-12,66.99,30.93,103.05,v1.0.0,2026-06-24T16:42:17.588802+00:00,74bff84c-0733-446b-a298-2f91515a201d
07371b94-955f-52a4-9bf9-f0a6ad2b4fa8,26f7241d-a84e-5e4a-a43d-33eea1e54eea,2026-07-13,2026-07-19,67.52,31.46,103.58,v1.0.0,2026-06-24T16:42:17.588802+00:00,74bff84c-0733-446b-a298-2f91515a201d
07371b94-955f-52a4-9bf9-f0a6ad2b4fa8,26f7241d-a84e-5e4a-a43d-33eea1e54eea,2026-07-20,2026-07-26,62.89,26.83,98.95,v1.0.0,2026-06-24T16:42:17.588802+00:00,74bff84c-0733-446b-a298-2f91515a201d
07371b94-955f-52a4-9bf9-f0a6ad2b4fa8,26f7241d-a84e-5e4a-a43d-33eea1e54eea,2026-07-27,2026-08-02,68.86,32.8,104.92,v1.0.0,2026-06-24T16:42:17.588802+00:00,74bff84c-0733-446b-a298-2f91515a201d
07371b94-955f-52a4-9bf9-f0a6ad2b4fa8,43616d97-2221-569d-82eb-bcc14bcd6344,2026-05-11,2026-05-17,56.48,20.42,92.54,v1.0.0,2026-06-24T16:42:17.588802+00:00,74bff84c-0733-446b-a298-2f91515a201d
07371b94-955f-52a4-9bf9-f0a6ad2b4fa8,43616d97-2221-569d-82eb-bcc14bcd6344,2026-05-18,2026-05-24,81.15,45.09,117.21,v1.0.0,2026-06-24T16:42:17.588802+00:00,74bff84c-0733-446b-a298-2f91515a201d
07371b94-955f-52a4-9bf9-f0a6ad2b4fa8,43616d97-2221-569d-82eb-bcc14bcd6344,2026-05-25,2026-05-31,69.7,33.65,105.76,v1.0.0,2026-06-24T16:42:17.588802+00:00,74bff84c-0733-446b-a298-2f91515a201d
07371b94-955f-52a4-9bf9-f0a6ad2b4fa8,43616d97-2221-569d-82eb-bcc14bcd6344,2026-06-01,2026-06-07,59.33,23.27,95.39,v1.0.0,2026-06-24T16:42:17.588802+00:00,74bff84c-0733-446b-a298-2f91515a201d
07371b94-955f-52a4-9bf9-f0a6ad2b4fa8,43616d97-2221-569d-82eb-bcc14bcd6344,2026-06-08,2026-06-14,79.08,43.02,115.14,v1.0.0,2026-06-24T16:42:17.588802+00:00,74bff84c-0733-446b-a298-2f91515a201d
07371b94-955f-52a4-9bf9-f0a6ad2b4fa8,43616d97-2221-569d-82eb-bcc14bcd6344,2026-06-15,2026-06-21,80.69,44.63,116.75,v1.0.0,2026-06-24T16:42:17.588802+00:00,74bff84c-0733-446b-a298-2f91515a201d
07371b94-955f-52a4-9bf9-f0a6ad2b4fa8,43616d97-2221-569d-82eb-bcc14bcd6344,2026-06-22,2026-06-28,67.96,31.9,104.02,v1.0.0,2026-06-24T16:42:17.588802+00:00,74bff84c-0733-446b-a298-2f91515a201d
07371b94-955f-52a4-9bf9-f0a6ad2b4fa8,43616d97-2221-569d-82eb-bcc14bcd6344,2026-06-29,2026-07-05,82.44,46.38,118.5,v1.0.0,2026-06-24T16:42:17.588802+00:00,74bff84c-0733-446b-a298-2f91515a201d
07371b94-955f-52a4-9bf9-f0a6ad2b4fa8,43616d97-2221-569d-82eb-bcc14bcd6344,2026-07-06,2026-07-12,77.83,41.77,113.88,v1.0.0,2026-06-24T16:42:17.588802+00:00,74bff84c-0733-446b-a298-2f91515a201d
07371b94-955f-52a4-9bf9-f0a6ad2b4fa8,43616d97-2221-569d-82eb-bcc14bcd6344,2026-07-13,2026-07-19,60.32,24.27,96.38,v1.0.0,2026-06-24T16:42:17.588802+00:00,74bff84c-0733-446b-a298-2f91515a201d
07371b94-955f-52a4-9bf9-f0a6ad2b4fa8,43616d97-2221-569d-82eb-bcc14bcd6344,2026-07-20,2026-07-26,88.42,52.36,124.48,v1.0.0,2026-06-24T16:42:17.588802+00:00,74bff84c-0733-446b-a298-2f91515a201d
07371b94-955f-52a4-9bf9-f0a6ad2b4fa8,43616d97-2221-569d-82eb-bcc14bcd6344,2026-07-27,2026-08-02,77.99,41.94,114.05,v1.0.0,2026-06-24T16:42:17.588802+00:00,74bff84c-0733-446b-a298-2f91515a201d
07371b94-955f-52a4-9bf9-f0a6ad2b4fa8,7fb983e8-6848-5425-97a2-14da72722d0f,2026-05-11,2026-05-17,59.0,22.95,95.06,v1.0.0,2026-06-24T16:42:17.588802+00:00,74bff84c-0733-446b-a298-2f91515a201d
07371b94-955f-52a4-9bf9-f0a6ad2b4fa8,7fb983e8-6848-5425-97a2-14da72722d0f,2026-05-18,2026-05-24,56.2,20.15,92.26,v1.0.0,2026-06-24T16:42:17.588802+00:00,74bff84c-0733-446b-a298-2f91515a201d
07371b94-955f-52a4-9bf9-f0a6ad2b4fa8,7fb983e8-6848-5425-97a2-14da72722d0f,2026-05-25,2026-05-31,56.73,20.67,92.79,v1.0.0,2026-06-24T16:42:17.588802+00:00,74bff84c-0733-446b-a298-2f91515a201d
07371b94-955f-52a4-9bf9-f0a6ad2b4fa8,7fb983e8-6848-5425-97a2-14da72722d0f,2026-06-01,2026-06-07,57.19,21.14,93.25,v1.0.0,2026-06-24T16:42:17.588802+00:00,74bff84c-0733-446b-a298-2f91515a201d
07371b94-955f-52a4-9bf9-f0a6ad2b4fa8,7fb983e8-6848-5425-97a2-14da72722d0f,2026-06-08,2026-06-14,57.4,21.35,93.46,v1.0.0,2026-06-24T16:42:17.588802+00:00,74bff84c-0733-446b-a298-2f91515a201d
07371b94-955f-52a4-9bf9-f0a6ad2b4fa8,7fb983e8-6848-5425-97a2-14da72722d0f,2026-06-15,2026-06-21,59.71,23.65,95.77,v1.0.0,2026-06-24T16:42:17.588802+00:00,74bff84c-0733-446b-a298-2f91515a201d
07371b94-955f-52a4-9bf9-f0a6ad2b4fa8,7fb983e8-6848-5425-97a2-14da72722d0f,2026-06-22,2026-06-28,58.84,22.78,94.9,v1.0.0,2026-06-24T16:42:17.588802+00:00,74bff84c-0733-446b-a298-2f91515a201d
07371b94-955f-52a4-9bf9-f0a6ad2b4fa8,7fb983e8-6848-5425-97a2-14da72722d0f,2026-06-29,2026-07-05,57.47,21.41,93.53,v1.0.0,2026-06-24T16:42:17.588802+00:00,74bff84c-0733-446b-a298-2f91515a201d
07371b94-955f-52a4-9bf9-f0a6ad2b4fa8,7fb983e8-6848-5425-97a2-14da72722d0f,2026-07-06,2026-07-12,55.7,19.64,91.76,v1.0.0,2026-06-24T16:42:17.588802+00:00,74bff84c-0733-446b-a298-2f91515a201d
07371b94-955f-52a4-9bf9-f0a6ad2b4fa8,7fb983e8-6848-5425-97a2-14da72722d0f,2026-07-13,2026-07-19,55.7,19.64,91.76,v1.0.0,2026-06-24T16:42:17.588802+00:00,74bff84c-0733-446b-a298-2f91515a201d
07371b94-955f-52a4-9bf9-f0a6ad2b4fa8,7fb983e8-6848-5425-97a2-14da72722d0f,2026-07-20,2026-07-26,55.65,19.6,91.71,v1.0.0,2026-06-24T16:42:17.588802+00:00,74bff84c-0733-446b-a298-2f91515a201d
07371b94-955f-52a4-9bf9-f0a6ad2b4fa8,7fb983e8-6848-5425-97a2-14da72722d0f,2026-07-27,2026-08-02,55.37,19.31,91.43,v1.0.0,2026-06-24T16:42:17.588802+00:00,74bff84c-0733-446b-a298-2f91515a201d
07371b94-955f-52a4-9bf9-f0a6ad2b4fa8,8ecedccf-c230-516b-bbc2-108f7a6fbe63,2026-05-11,2026-05-17,68.5,32.44,104.56,v1.0.0,2026-06-24T16:42:17.588802+00:00,74bff84c-0733-446b-a298-2f91515a201d
07371b94-955f-52a4-9bf9-f0a6ad2b4fa8,8ecedccf-c230-516b-bbc2-108f7a6fbe63,2026-05-18,2026-05-24,65.37,29.31,101.43,v1.0.0,2026-06-24T16:42:17.588802+00:00,74bff84c-0733-446b-a298-2f91515a201d
07371b94-955f-52a4-9bf9-f0a6ad2b4fa8,8ecedccf-c230-516b-bbc2-108f7a6fbe63,2026-05-25,2026-05-31,59.97,23.92,96.03,v1.0.0,2026-06-24T16:42:17.588802+00:00,74bff84c-0733-446b-a298-2f91515a201d
07371b94-955f-52a4-9bf9-f0a6ad2b4fa8,8ecedccf-c230-516b-bbc2-108f7a6fbe63,2026-06-01,2026-06-07,73.22,37.17,109.28,v1.0.0,2026-06-24T16:42:17.588802+00:00,74bff84c-0733-446b-a298-2f91515a201d
07371b94-955f-52a4-9bf9-f0a6ad2b4fa8,8ecedccf-c230-516b-bbc2-108f7a6fbe63,2026-06-08,2026-06-14,81.54,45.48,117.6,v1.0.0,2026-06-24T16:42:17.588802+00:00,74bff84c-0733-446b-a298-2f91515a201d
07371b94-955f-52a4-9bf9-f0a6ad2b4fa8,8ecedccf-c230-516b-bbc2-108f7a6fbe63,2026-06-15,2026-06-21,68.53,32.47,104.59,v1.0.0,2026-06-24T16:42:17.588802+00:00,74bff84c-0733-446b-a298-2f91515a201d
07371b94-955f-52a4-9bf9-f0a6ad2b4fa8,8ecedccf-c230-516b-bbc2-108f7a6fbe63,2026-06-22,2026-06-28,80.97,44.91,117.03,v1.0.0,2026-06-24T16:42:17.588802+00:00,74bff84c-0733-446b-a298-2f91515a201d
07371b94-955f-52a4-9bf9-f0a6ad2b4fa8,8ecedccf-c230-516b-bbc2-108f7a6fbe63,2026-06-29,2026-07-05,86.05,49.99,122.11,v1.0.0,2026-06-24T16:42:17.588802+00:00,74bff84c-0733-446b-a298-2f91515a201d
07371b94-955f-52a4-9bf9-f0a6ad2b4fa8,8ecedccf-c230-516b-bbc2-108f7a6fbe63,2026-07-06,2026-07-12,58.33,22.27,94.39,v1.0.0,2026-06-24T16:42:17.588802+00:00,74bff84c-0733-446b-a298-2f91515a201d
07371b94-955f-52a4-9bf9-f0a6ad2b4fa8,8ecedccf-c230-516b-bbc2-108f7a6fbe63,2026-07-13,2026-07-19,85.78,49.73,121.84,v1.0.0,2026-06-24T16:42:17.588802+00:00,74bff84c-0733-446b-a298-2f91515a201d
07371b94-955f-52a4-9bf9-f0a6ad2b4fa8,8ecedccf-c230-516b-bbc2-108f7a6fbe63,2026-07-20,2026-07-26,80.61,44.55,116.66,v1.0.0,2026-06-24T16:42:17.588802+00:00,74bff84c-0733-446b-a298-2f91515a201d
07371b94-955f-52a4-9bf9-f0a6ad2b4fa8,8ecedccf-c230-516b-bbc2-108f7a6fbe63,2026-07-27,2026-08-02,91.02,54.96,127.08,v1.0.0,2026-06-24T16:42:17.588802+00:00,74bff84c-0733-446b-a298-2f91515a201d
07371b94-955f-52a4-9bf9-f0a6ad2b4fa8,d6f21f11-7533-52dd-a4dc-2fb8e260c02c,2026-05-11,2026-05-17,54.4,18.34,90.46,v1.0.0,2026-06-24T16:42:17.588802+00:00,74bff84c-0733-446b-a298-2f91515a201d
07371b94-955f-52a4-9bf9-f0a6ad2b4fa8,d6f21f11-7533-52dd-a4dc-2fb8e260c02c,2026-05-18,2026-05-24,51.06,15.0,87.11,v1.0.0,2026-06-24T16:42:17.588802+00:00,74bff84c-0733-446b-a298-2f91515a201d
07371b94-955f-52a4-9bf9-f0a6ad2b4fa8,d6f21f11-7533-52dd-a4dc-2fb8e260c02c,2026-05-25,2026-05-31,62.04,25.98,98.1,v1.0.0,2026-06-24T16:42:17.588802+00:00,74bff84c-0733-446b-a298-2f91515a201d
07371b94-955f-52a4-9bf9-f0a6ad2b4fa8,d6f21f11-7533-52dd-a4dc-2fb8e260c02c,2026-06-01,2026-06-07,61.88,25.82,97.94,v1.0.0,2026-06-24T16:42:17.588802+00:00,74bff84c-0733-446b-a298-2f91515a201d
07371b94-955f-52a4-9bf9-f0a6ad2b4fa8,d6f21f11-7533-52dd-a4dc-2fb8e260c02c,2026-06-08,2026-06-14,55.81,19.75,91.87,v1.0.0,2026-06-24T16:42:17.588802+00:00,74bff84c-0733-446b-a298-2f91515a201d
07371b94-955f-52a4-9bf9-f0a6ad2b4fa8,d6f21f11-7533-52dd-a4dc-2fb8e260c02c,2026-06-15,2026-06-21,56.82,20.76,92.88,v1.0.0,2026-06-24T16:42:17.588802+00:00,74bff84c-0733-446b-a298-2f91515a201d
07371b94-955f-52a4-9bf9-f0a6ad2b4fa8,d6f21f11-7533-52dd-a4dc-2fb8e260c02c,2026-06-22,2026-06-28,73.63,37.57,109.69,v1.0.0,2026-06-24T16:42:17.588802+00:00,74bff84c-0733-446b-a298-2f91515a201d
07371b94-955f-52a4-9bf9-f0a6ad2b4fa8,d6f21f11-7533-52dd-a4dc-2fb8e260c02c,2026-06-29,2026-07-05,53.18,17.12,89.24,v1.0.0,2026-06-24T16:42:17.588802+00:00,74bff84c-0733-446b-a298-2f91515a201d
07371b94-955f-52a4-9bf9-f0a6ad2b4fa8,d6f21f11-7533-52dd-a4dc-2fb8e260c02c,2026-07-06,2026-07-12,60.22,24.17,96.28,v1.0.0,2026-06-24T16:42:17.588802+00:00,74bff84c-0733-446b-a298-2f91515a201d
07371b94-955f-52a4-9bf9-f0a6ad2b4fa8,d6f21f11-7533-52dd-a4dc-2fb8e260c02c,2026-07-13,2026-07-19,69.99,33.93,106.05,v1.0.0,2026-06-24T16:42:17.588802+00:00,74bff84c-0733-446b-a298-2f91515a201d
07371b94-955f-52a4-9bf9-f0a6ad2b4fa8,d6f21f11-7533-52dd-a4dc-2fb8e260c02c,2026-07-20,2026-07-26,54.91,18.85,90.97,v1.0.0,2026-06-24T16:42:17.588802+00:00,74bff84c-0733-446b-a298-2f91515a201d
07371b94-955f-52a4-9bf9-f0a6ad2b4fa8,d6f21f11-7533-52dd-a4dc-2fb8e260c02c,2026-07-27,2026-08-02,65.02,28.96,101.07,v1.0.0,2026-06-24T16:42:17.588802+00:00,74bff84c-0733-446b-a298-2f91515a201d
0ec23038-d3ab-588c-bbd6-1f5c744cdde1,26f7241d-a84e-5e4a-a43d-33eea1e54eea,2026-05-11,2026-05-17,48.18,12.12,84.24,v1.0.0,2026-06-24T16:42:17.588802+00:00,74bff84c-0733-446b-a298-2f91515a201d
0ec23038-d3ab-588c-bbd6-1f5c744cdde1,26f7241d-a84e-5e4a-a43d-33eea1e54eea,2026-05-18,2026-05-24,66.61,30.55,102.67,v1.0.0,2026-06-24T16:42:17.588802+00:00,74bff84c-0733-446b-a298-2f91515a201d
0ec23038-d3ab-588c-bbd6-1f5c744cdde1,26f7241d-a84e-5e4a-a43d-33eea1e54eea,2026-05-25,2026-05-31,28.92,0.0,64.98,v1.0.0,2026-06-24T16:42:17.588802+00:00,74bff84c-0733-446b-a298-2f91515a201d
0ec23038-d3ab-588c-bbd6-1f5c744cdde1,26f7241d-a84e-5e4a-a43d-33eea1e54eea,2026-06-01,2026-06-07,106.85,70.8,142.91,v1.0.0,2026-06-24T16:42:17.588802+00:00,74bff84c-0733-446b-a298-2f91515a201d
0ec23038-d3ab-588c-bbd6-1f5c744cdde1,26f7241d-a84e-5e4a-a43d-33eea1e54eea,2026-06-08,2026-06-14,34.75,0.0,70.81,v1.0.0,2026-06-24T16:42:17.588802+00:00,74bff84c-0733-446b-a298-2f91515a201d
0ec23038-d3ab-588c-bbd6-1f5c744cdde1,26f7241d-a84e-5e4a-a43d-33eea1e54eea,2026-06-15,2026-06-21,88.17,52.11,124.22,v1.0.0,2026-06-24T16:42:17.588802+00:00,74bff84c-0733-446b-a298-2f91515a201d
0ec23038-d3ab-588c-bbd6-1f5c744cdde1,26f7241d-a84e-5e4a-a43d-33eea1e54eea,2026-06-22,2026-06-28,13.22,0.0,49.28,v1.0.0,2026-06-24T16:42:17.588802+00:00,74bff84c-0733-446b-a298-2f91515a201d
0ec23038-d3ab-588c-bbd6-1f5c744cdde1,26f7241d-a84e-5e4a-a43d-33eea1e54eea,2026-06-29,2026-07-05,105.56,69.5,141.62,v1.0.0,2026-06-24T16:42:17.588802+00:00,74bff84c-0733-446b-a298-2f91515a201d
0ec23038-d3ab-588c-bbd6-1f5c744cdde1,26f7241d-a84e-5e4a-a43d-33eea1e54eea,2026-07-06,2026-07-12,43.15,7.09,79.21,v1.0.0,2026-06-24T16:42:17.588802+00:00,74bff84c-0733-446b-a298-2f91515a201d
0ec23038-d3ab-588c-bbd6-1f5c744cdde1,26f7241d-a84e-5e4a-a43d-33eea1e54eea,2026-07-13,2026-07-19,77.92,41.86,113.98,v1.0.0,2026-06-24T16:42:17.588802+00:00,74bff84c-0733-446b-a298-2f91515a201d
0ec23038-d3ab-588c-bbd6-1f5c744cdde1,26f7241d-a84e-5e4a-a43d-33eea1e54eea,2026-07-20,2026-07-26,22.67,0.0,58.73,v1.0.0,2026-06-24T16:42:17.588802+00:00,74bff84c-0733-446b-a298-2f91515a201d
0ec23038-d3ab-588c-bbd6-1f5c744cdde1,26f7241d-a84e-5e4a-a43d-33eea1e54eea,2026-07-27,2026-08-02,108.23,72.17,144.28,v1.0.0,2026-06-24T16:42:17.588802+00:00,74bff84c-0733-446b-a298-2f91515a201d
0ec23038-d3ab-588c-bbd6-1f5c744cdde1,43616d97-2221-569d-82eb-bcc14bcd6344,2026-05-11,2026-05-17,58.5,22.44,94.56,v1.0.0,2026-06-24T16:42:17.588802+00:00,74bff84c-0733-446b-a298-2f91515a201d
0ec23038-d3ab-588c-bbd6-1f5c744cdde1,43616d97-2221-569d-82eb-bcc14bcd6344,2026-05-18,2026-05-24,64.14,28.08,100.2,v1.0.0,2026-06-24T16:42:17.588802+00:00,74bff84c-0733-446b-a298-2f91515a201d
0ec23038-d3ab-588c-bbd6-1f5c744cdde1,43616d97-2221-569d-82eb-bcc14bcd6344,2026-05-25,2026-05-31,20.42,0.0,56.48,v1.0.0,2026-06-24T16:42:17.588802+00:00,74bff84c-0733-446b-a298-2f91515a201d
0ec23038-d3ab-588c-bbd6-1f5c744cdde1,43616d97-2221-569d-82eb-bcc14bcd6344,2026-06-01,2026-06-07,73.35,37.29,109.41,v1.0.0,2026-06-24T16:42:17.588802+00:00,74bff84c-0733-446b-a298-2f91515a201d
0ec23038-d3ab-588c-bbd6-1f5c744cdde1,43616d97-2221-569d-82eb-bcc14bcd6344,2026-06-08,2026-06-14,30.02,0.0,66.08,v1.0.0,2026-06-24T16:42:17.588802+00:00,74bff84c-0733-446b-a298-2f91515a201d
0ec23038-d3ab-588c-bbd6-1f5c744cdde1,43616d97-2221-569d-82eb-bcc14bcd6344,2026-06-15,2026-06-21,112.82,76.77,148.88,v1.0.0,2026-06-24T16:42:17.588802+00:00,74bff84c-0733-446b-a298-2f91515a201d
0ec23038-d3ab-588c-bbd6-1f5c744cdde1,43616d97-2221-569d-82eb-bcc14bcd6344,2026-06-22,2026-06-28,29.26,0.0,65.32,v1.0.0,2026-06-24T16:42:17.588802+00:00,74bff84c-0733-446b-a298-2f91515a201d
0ec23038-d3ab-588c-bbd6-1f5c744cdde1,43616d97-2221-569d-82eb-bcc14bcd6344,2026-06-29,2026-07-05,52.81,16.75,88.87,v1.0.0,2026-06-24T16:42:17.588802+00:00,74bff84c-0733-446b-a298-2f91515a201d
0ec23038-d3ab-588c-bbd6-1f5c744cdde1,43616d97-2221-569d-82eb-bcc14bcd6344,2026-07-06,2026-07-12,25.3,0.0,61.36,v1.0.0,2026-06-24T16:42:17.588802+00:00,74bff84c-0733-446b-a298-2f91515a201d
0ec23038-d3ab-588c-bbd6-1f5c744cdde1,43616d97-2221-569d-82eb-bcc14bcd6344,2026-07-13,2026-07-19,114.62,78.56,150.67,v1.0.0,2026-06-24T16:42:17.588802+00:00,74bff84c-0733-446b-a298-2f91515a201d
0ec23038-d3ab-588c-bbd6-1f5c744cdde1,43616d97-2221-569d-82eb-bcc14bcd6344,2026-07-20,2026-07-26,16.94,0.0,52.99,v1.0.0,2026-06-24T16:42:17.588802+00:00,74bff84c-0733-446b-a298-2f91515a201d
0ec23038-d3ab-588c-bbd6-1f5c744cdde1,43616d97-2221-569d-82eb-bcc14bcd6344,2026-07-27,2026-08-02,65.03,28.97,101.09,v1.0.0,2026-06-24T16:42:17.588802+00:00,74bff84c-0733-446b-a298-2f91515a201d
0ec23038-d3ab-588c-bbd6-1f5c744cdde1,7fb983e8-6848-5425-97a2-14da72722d0f,2026-05-11,2026-05-17,79.68,43.62,115.73,v1.0.0,2026-06-24T16:42:17.588802+00:00,74bff84c-0733-446b-a298-2f91515a201d
0ec23038-d3ab-588c-bbd6-1f5c744cdde1,7fb983e8-6848-5425-97a2-14da72722d0f,2026-05-18,2026-05-24,32.6,0.0,68.66,v1.0.0,2026-06-24T16:42:17.588802+00:00,74bff84c-0733-446b-a298-2f91515a201d
0ec23038-d3ab-588c-bbd6-1f5c744cdde1,7fb983e8-6848-5425-97a2-14da72722d0f,2026-05-25,2026-05-31,74.56,38.5,110.62,v1.0.0,2026-06-24T16:42:17.588802+00:00,74bff84c-0733-446b-a298-2f91515a201d
0ec23038-d3ab-588c-bbd6-1f5c744cdde1,7fb983e8-6848-5425-97a2-14da72722d0f,2026-06-01,2026-06-07,41.79,5.73,77.84,v1.0.0,2026-06-24T16:42:17.588802+00:00,74bff84c-0733-446b-a298-2f91515a201d
0ec23038-d3ab-588c-bbd6-1f5c744cdde1,7fb983e8-6848-5425-97a2-14da72722d0f,2026-06-08,2026-06-14,74.79,38.73,110.84,v1.0.0,2026-06-24T16:42:17.588802+00:00,74bff84c-0733-446b-a298-2f91515a201d
0ec23038-d3ab-588c-bbd6-1f5c744cdde1,7fb983e8-6848-5425-97a2-14da72722d0f,2026-06-15,2026-06-21,31.59,0.0,67.65,v1.0.0,2026-06-24T16:42:17.588802+00:00,74bff84c-0733-446b-a298-2f91515a201d
0ec23038-d3ab-588c-bbd6-1f5c744cdde1,7fb983e8-6848-5425-97a2-14da72722d0f,2026-06-22,2026-06-28,67.66,31.6,103.71,v1.0.0,2026-06-24T16:42:17.588802+00:00,74bff84c-0733-446b-a298-2f91515a201d
0ec23038-d3ab-588c-bbd6-1f5c744cdde1,7fb983e8-6848-5425-97a2-14da72722d0f,2026-06-29,2026-07-05,45.21,9.16,81.27,v1.0.0,2026-06-24T16:42:17.588802+00:00,74bff84c-0733-446b-a298-2f91515a201d
0ec23038-d3ab-588c-bbd6-1f5c744cdde1,7fb983e8-6848-5425-97a2-14da72722d0f,2026-07-06,2026-07-12,66.59,30.53,102.65,v1.0.0,2026-06-24T16:42:17.588802+00:00,74bff84c-0733-446b-a298-2f91515a201d
0ec23038-d3ab-588c-bbd6-1f5c744cdde1,7fb983e8-6848-5425-97a2-14da72722d0f,2026-07-13,2026-07-19,35.45,0.0,71.51,v1.0.0,2026-06-24T16:42:17.588802+00:00,74bff84c-0733-446b-a298-2f91515a201d
0ec23038-d3ab-588c-bbd6-1f5c744cdde1,7fb983e8-6848-5425-97a2-14da72722d0f,2026-07-20,2026-07-26,59.34,23.28,95.4,v1.0.0,2026-06-24T16:42:17.588802+00:00,74bff84c-0733-446b-a298-2f91515a201d
0ec23038-d3ab-588c-bbd6-1f5c744cdde1,7fb983e8-6848-5425-97a2-14da72722d0f,2026-07-27,2026-08-02,46.88,10.82,82.94,v1.0.0,2026-06-24T16:42:17.588802+00:00,74bff84c-0733-446b-a298-2f91515a201d
0ec23038-d3ab-588c-bbd6-1f5c744cdde1,8ecedccf-c230-516b-bbc2-108f7a6fbe63,2026-05-11,2026-05-17,82.75,46.69,118.81,v1.0.0,2026-06-24T16:42:17.588802+00:00,74bff84c-0733-446b-a298-2f91515a201d
0ec23038-d3ab-588c-bbd6-1f5c744cdde1,8ecedccf-c230-516b-bbc2-108f7a6fbe63,2026-05-18,2026-05-24,80.06,44.0,116.12,v1.0.0,2026-06-24T16:42:17.588802+00:00,74bff84c-0733-446b-a298-2f91515a201d
0ec23038-d3ab-588c-bbd6-1f5c744cdde1,8ecedccf-c230-516b-bbc2-108f7a6fbe63,2026-05-25,2026-05-31,84.26,48.2,120.32,v1.0.0,2026-06-24T16:42:17.588802+00:00,74bff84c-0733-446b-a298-2f91515a201d
0ec23038-d3ab-588c-bbd6-1f5c744cdde1,8ecedccf-c230-516b-bbc2-108f7a6fbe63,2026-06-01,2026-06-07,79.57,43.51,115.63,v1.0.0,2026-06-24T16:42:17.588802+00:00,74bff84c-0733-446b-a298-2f91515a201d
0ec23038-d3ab-588c-bbd6-1f5c744cdde1,8ecedccf-c230-516b-bbc2-108f7a6fbe63,2026-06-08,2026-06-14,81.83,45.78,117.89,v1.0.0,2026-06-24T16:42:17.588802+00:00,74bff84c-0733-446b-a298-2f91515a201d
0ec23038-d3ab-588c-bbd6-1f5c744cdde1,8ecedccf-c230-516b-bbc2-108f7a6fbe63,2026-06-15,2026-06-21,81.56,45.5,117.62,v1.0.0,2026-06-24T16:42:17.588802+00:00,74bff84c-0733-446b-a298-2f91515a201d
0ec23038-d3ab-588c-bbd6-1f5c744cdde1,8ecedccf-c230-516b-bbc2-108f7a6fbe63,2026-06-22,2026-06-28,82.94,46.88,119.0,v1.0.0,2026-06-24T16:42:17.588802+00:00,74bff84c-0733-446b-a298-2f91515a201d
0ec23038-d3ab-588c-bbd6-1f5c744cdde1,8ecedccf-c230-516b-bbc2-108f7a6fbe63,2026-06-29,2026-07-05,83.09,47.03,119.15,v1.0.0,2026-06-24T16:42:17.588802+00:00,74bff84c-0733-446b-a298-2f91515a201d
0ec23038-d3ab-588c-bbd6-1f5c744cdde1,8ecedccf-c230-516b-bbc2-108f7a6fbe63,2026-07-06,2026-07-12,76.32,40.26,112.38,v1.0.0,2026-06-24T16:42:17.588802+00:00,74bff84c-0733-446b-a298-2f91515a201d
0ec23038-d3ab-588c-bbd6-1f5c744cdde1,8ecedccf-c230-516b-bbc2-108f7a6fbe63,2026-07-13,2026-07-19,80.28,44.22,116.34,v1.0.0,2026-06-24T16:42:17.588802+00:00,74bff84c-0733-446b-a298-2f91515a201d
0ec23038-d3ab-588c-bbd6-1f5c744cdde1,8ecedccf-c230-516b-bbc2-108f7a6fbe63,2026-07-20,2026-07-26,80.81,44.75,116.86,v1.0.0,2026-06-24T16:42:17.588802+00:00,74bff84c-0733-446b-a298-2f91515a201d
0ec23038-d3ab-588c-bbd6-1f5c744cdde1,8ecedccf-c230-516b-bbc2-108f7a6fbe63,2026-07-27,2026-08-02,79.86,43.81,115.92,v1.0.0,2026-06-24T16:42:17.588802+00:00,74bff84c-0733-446b-a298-2f91515a201d
0ec23038-d3ab-588c-bbd6-1f5c744cdde1,d6f21f11-7533-52dd-a4dc-2fb8e260c02c,2026-05-11,2026-05-17,89.27,53.21,125.33,v1.0.0,2026-06-24T16:42:17.588802+00:00,74bff84c-0733-446b-a298-2f91515a201d
0ec23038-d3ab-588c-bbd6-1f5c744cdde1,d6f21f11-7533-52dd-a4dc-2fb8e260c02c,2026-05-18,2026-05-24,93.86,57.8,129.92,v1.0.0,2026-06-24T16:42:17.588802+00:00,74bff84c-0733-446b-a298-2f91515a201d
0ec23038-d3ab-588c-bbd6-1f5c744cdde1,d6f21f11-7533-52dd-a4dc-2fb8e260c02c,2026-05-25,2026-05-31,109.03,72.97,145.09,v1.0.0,2026-06-24T16:42:17.588802+00:00,74bff84c-0733-446b-a298-2f91515a201d
0ec23038-d3ab-588c-bbd6-1f5c744cdde1,d6f21f11-7533-52dd-a4dc-2fb8e260c02c,2026-06-01,2026-06-07,116.68,80.62,152.74,v1.0.0,2026-06-24T16:42:17.588802+00:00,74bff84c-0733-446b-a298-2f91515a201d
0ec23038-d3ab-588c-bbd6-1f5c744cdde1,d6f21f11-7533-52dd-a4dc-2fb8e260c02c,2026-06-08,2026-06-14,99.33,63.27,135.39,v1.0.0,2026-06-24T16:42:17.588802+00:00,74bff84c-0733-446b-a298-2f91515a201d
0ec23038-d3ab-588c-bbd6-1f5c744cdde1,d6f21f11-7533-52dd-a4dc-2fb8e260c02c,2026-06-15,2026-06-21,91.81,55.75,127.87,v1.0.0,2026-06-24T16:42:17.588802+00:00,74bff84c-0733-446b-a298-2f91515a201d
0ec23038-d3ab-588c-bbd6-1f5c744cdde1,d6f21f11-7533-52dd-a4dc-2fb8e260c02c,2026-06-22,2026-06-28,84.52,48.46,120.57,v1.0.0,2026-06-24T16:42:17.588802+00:00,74bff84c-0733-446b-a298-2f91515a201d
0ec23038-d3ab-588c-bbd6-1f5c744cdde1,d6f21f11-7533-52dd-a4dc-2fb8e260c02c,2026-06-29,2026-07-05,121.3,85.24,157.36,v1.0.0,2026-06-24T16:42:17.588802+00:00,74bff84c-0733-446b-a298-2f91515a201d
0ec23038-d3ab-588c-bbd6-1f5c744cdde1,d6f21f11-7533-52dd-a4dc-2fb8e260c02c,2026-07-06,2026-07-12,105.25,69.19,141.3,v1.0.0,2026-06-24T16:42:17.588802+00:00,74bff84c-0733-446b-a298-2f91515a201d
0ec23038-d3ab-588c-bbd6-1f5c744cdde1,d6f21f11-7533-52dd-a4dc-2fb8e260c02c,2026-07-13,2026-07-19,95.46,59.4,131.52,v1.0.0,2026-06-24T16:42:17.588802+00:00,74bff84c-0733-446b-a298-2f91515a201d
0ec23038-d3ab-588c-bbd6-1f5c744cdde1,d6f21f11-7533-52dd-a4dc-2fb8e260c02c,2026-07-20,2026-07-26,97.22,61.16,133.28,v1.0.0,2026-06-24T16:42:17.588802+00:00,74bff84c-0733-446b-a298-2f91515a201d
0ec23038-d3ab-588c-bbd6-1f5c744cdde1,d6f21f11-7533-52dd-a4dc-2fb8e260c02c,2026-07-27,2026-08-02,90.58,54.52,126.63,v1.0.0,2026-06-24T16:42:17.588802+00:00,74bff84c-0733-446b-a298-2f91515a201d
1ca3438e-9e23-58f0-a35f-f15f7a23beb9,26f7241d-a84e-5e4a-a43d-33eea1e54eea,2026-05-11,2026-05-17,46.83,10.78,82.89,v1.0.0,2026-06-24T16:42:17.588802+00:00,74bff84c-0733-446b-a298-2f91515a201d
1ca3438e-9e23-58f0-a35f-f15f7a23beb9,26f7241d-a84e-5e4a-a43d-33eea1e54eea,2026-05-18,2026-05-24,51.97,15.91,88.03,v1.0.0,2026-06-24T16:42:17.588802+00:00,74bff84c-0733-446b-a298-2f91515a201d
1ca3438e-9e23-58f0-a35f-f15f7a23beb9,26f7241d-a84e-5e4a-a43d-33eea1e54eea,2026-05-25,2026-05-31,47.1,11.05,83.16,v1.0.0,2026-06-24T16:42:17.588802+00:00,74bff84c-0733-446b-a298-2f91515a201d
1ca3438e-9e23-58f0-a35f-f15f7a23beb9,26f7241d-a84e-5e4a-a43d-33eea1e54eea,2026-06-01,2026-06-07,50.15,14.09,86.21,v1.0.0,2026-06-24T16:42:17.588802+00:00,74bff84c-0733-446b-a298-2f91515a201d
1ca3438e-9e23-58f0-a35f-f15f7a23beb9,26f7241d-a84e-5e4a-a43d-33eea1e54eea,2026-06-08,2026-06-14,51.51,15.45,87.57,v1.0.0,2026-06-24T16:42:17.588802+00:00,74bff84c-0733-446b-a298-2f91515a201d
1ca3438e-9e23-58f0-a35f-f15f7a23beb9,26f7241d-a84e-5e4a-a43d-33eea1e54eea,2026-06-15,2026-06-21,43.91,7.85,79.96,v1.0.0,2026-06-24T16:42:17.588802+00:00,74bff84c-0733-446b-a298-2f91515a201d
1ca3438e-9e23-58f0-a35f-f15f7a23beb9,26f7241d-a84e-5e4a-a43d-33eea1e54eea,2026-06-22,2026-06-28,45.47,9.41,81.53,v1.0.0,2026-06-24T16:42:17.588802+00:00,74bff84c-0733-446b-a298-2f91515a201d
1ca3438e-9e23-58f0-a35f-f15f7a23beb9,26f7241d-a84e-5e4a-a43d-33eea1e54eea,2026-06-29,2026-07-05,46.78,10.72,82.83,v1.0.0,2026-06-24T16:42:17.588802+00:00,74bff84c-0733-446b-a298-2f91515a201d
1ca3438e-9e23-58f0-a35f-f15f7a23beb9,26f7241d-a84e-5e4a-a43d-33eea1e54eea,2026-07-06,2026-07-12,47.73,11.67,83.79,v1.0.0,2026-06-24T16:42:17.588802+00:00,74bff84c-0733-446b-a298-2f91515a201d
1ca3438e-9e23-58f0-a35f-f15f7a23beb9,26f7241d-a84e-5e4a-a43d-33eea1e54eea,2026-07-13,2026-07-19,51.67,15.62,87.73,v1.0.0,2026-06-24T16:42:17.588802+00:00,74bff84c-0733-446b-a298-2f91515a201d
1ca3438e-9e23-58f0-a35f-f15f7a23beb9,26f7241d-a84e-5e4a-a43d-33eea1e54eea,2026-07-20,2026-07-26,50.15,14.09,86.21,v1.0.0,2026-06-24T16:42:17.588802+00:00,74bff84c-0733-446b-a298-2f91515a201d
1ca3438e-9e23-58f0-a35f-f15f7a23beb9,26f7241d-a84e-5e4a-a43d-33eea1e54eea,2026-07-27,2026-08-02,41.59,5.53,77.65,v1.0.0,2026-06-24T16:42:17.588802+00:00,74bff84c-0733-446b-a298-2f91515a201d
1ca3438e-9e23-58f0-a35f-f15f7a23beb9,43616d97-2221-569d-82eb-bcc14bcd6344,2026-05-11,2026-05-17,49.1,13.04,85.16,v1.0.0,2026-06-24T16:42:17.588802+00:00,74bff84c-0733-446b-a298-2f91515a201d
1ca3438e-9e23-58f0-a35f-f15f7a23beb9,43616d97-2221-569d-82eb-bcc14bcd6344,2026-05-18,2026-05-24,47.94,11.88,84.0,v1.0.0,2026-06-24T16:42:17.588802+00:00,74bff84c-0733-446b-a298-2f91515a201d
1ca3438e-9e23-58f0-a35f-f15f7a23beb9,43616d97-2221-569d-82eb-bcc14bcd6344,2026-05-25,2026-05-31,47.8,11.74,83.86,v1.0.0,2026-06-24T16:42:17.588802+00:00,74bff84c-0733-446b-a298-2f91515a201d
1ca3438e-9e23-58f0-a35f-f15f7a23beb9,43616d97-2221-569d-82eb-bcc14bcd6344,2026-06-01,2026-06-07,48.38,12.32,84.43,v1.0.0,2026-06-24T16:42:17.588802+00:00,74bff84c-0733-446b-a298-2f91515a201d
1ca3438e-9e23-58f0-a35f-f15f7a23beb9,43616d97-2221-569d-82eb-bcc14bcd6344,2026-06-08,2026-06-14,47.7,11.64,83.75,v1.0.0,2026-06-24T16:42:17.588802+00:00,74bff84c-0733-446b-a298-2f91515a201d
1ca3438e-9e23-58f0-a35f-f15f7a23beb9,43616d97-2221-569d-82eb-bcc14bcd6344,2026-06-15,2026-06-21,48.13,12.07,84.19,v1.0.0,2026-06-24T16:42:17.588802+00:00,74bff84c-0733-446b-a298-2f91515a201d
1ca3438e-9e23-58f0-a35f-f15f7a23beb9,43616d97-2221-569d-82eb-bcc14bcd6344,2026-06-22,2026-06-28,48.13,12.07,84.19,v1.0.0,2026-06-24T16:42:17.588802+00:00,74bff84c-0733-446b-a298-2f91515a201d
1ca3438e-9e23-58f0-a35f-f15f7a23beb9,43616d97-2221-569d-82eb-bcc14bcd6344,2026-06-29,2026-07-05,48.38,12.32,84.43,v1.0.0,2026-06-24T16:42:17.588802+00:00,74bff84c-0733-446b-a298-2f91515a201d
1ca3438e-9e23-58f0-a35f-f15f7a23beb9,43616d97-2221-569d-82eb-bcc14bcd6344,2026-07-06,2026-07-12,47.74,11.68,83.79,v1.0.0,2026-06-24T16:42:17.588802+00:00,74bff84c-0733-446b-a298-2f91515a201d
1ca3438e-9e23-58f0-a35f-f15f7a23beb9,43616d97-2221-569d-82eb-bcc14bcd6344,2026-07-13,2026-07-19,47.87,11.81,83.93,v1.0.0,2026-06-24T16:42:17.588802+00:00,74bff84c-0733-446b-a298-2f91515a201d
1ca3438e-9e23-58f0-a35f-f15f7a23beb9,43616d97-2221-569d-82eb-bcc14bcd6344,2026-07-20,2026-07-26,47.21,11.15,83.27,v1.0.0,2026-06-24T16:42:17.588802+00:00,74bff84c-0733-446b-a298-2f91515a201d
1ca3438e-9e23-58f0-a35f-f15f7a23beb9,43616d97-2221-569d-82eb-bcc14bcd6344,2026-07-27,2026-08-02,48.03,11.97,84.09,v1.0.0,2026-06-24T16:42:17.588802+00:00,74bff84c-0733-446b-a298-2f91515a201d
1ca3438e-9e23-58f0-a35f-f15f7a23beb9,7fb983e8-6848-5425-97a2-14da72722d0f,2026-05-11,2026-05-17,42.23,6.17,78.29,v1.0.0,2026-06-24T16:42:17.588802+00:00,74bff84c-0733-446b-a298-2f91515a201d
1ca3438e-9e23-58f0-a35f-f15f7a23beb9,7fb983e8-6848-5425-97a2-14da72722d0f,2026-05-18,2026-05-24,36.91,0.85,72.96,v1.0.0,2026-06-24T16:42:17.588802+00:00,74bff84c-0733-446b-a298-2f91515a201d
1ca3438e-9e23-58f0-a35f-f15f7a23beb9,7fb983e8-6848-5425-97a2-14da72722d0f,2026-05-25,2026-05-31,39.27,3.21,75.33,v1.0.0,2026-06-24T16:42:17.588802+00:00,74bff84c-0733-446b-a298-2f91515a201d
1ca3438e-9e23-58f0-a35f-f15f7a23beb9,7fb983e8-6848-5425-97a2-14da72722d0f,2026-06-01,2026-06-07,34.11,0.0,70.17,v1.0.0,2026-06-24T16:42:17.588802+00:00,74bff84c-0733-446b-a298-2f91515a201d
1ca3438e-9e23-58f0-a35f-f15f7a23beb9,7fb983e8-6848-5425-97a2-14da72722d0f,2026-06-08,2026-06-14,32.34,0.0,68.39,v1.0.0,2026-06-24T16:42:17.588802+00:00,74bff84c-0733-446b-a298-2f91515a201d
1ca3438e-9e23-58f0-a35f-f15f7a23beb9,7fb983e8-6848-5425-97a2-14da72722d0f,2026-06-15,2026-06-21,41.41,5.35,77.47,v1.0.0,2026-06-24T16:42:17.588802+00:00,74bff84c-0733-446b-a298-2f91515a201d
1ca3438e-9e23-58f0-a35f-f15f7a23beb9,7fb983e8-6848-5425-97a2-14da72722d0f,2026-06-22,2026-06-28,33.74,0.0,69.8,v1.0.0,2026-06-24T16:42:17.588802+00:00,74bff84c-0733-446b-a298-2f91515a201d
1ca3438e-9e23-58f0-a35f-f15f7a23beb9,7fb983e8-6848-5425-97a2-14da72722d0f,2026-06-29,2026-07-05,37.87,1.81,73.93,v1.0.0,2026-06-24T16:42:17.588802+00:00,74bff84c-0733-446b-a298-2f91515a201d
1ca3438e-9e23-58f0-a35f-f15f7a23beb9,7fb983e8-6848-5425-97a2-14da72722d0f,2026-07-06,2026-07-12,38.78,2.72,74.84,v1.0.0,2026-06-24T16:42:17.588802+00:00,74bff84c-0733-446b-a298-2f91515a201d
1ca3438e-9e23-58f0-a35f-f15f7a23beb9,7fb983e8-6848-5425-97a2-14da72722d0f,2026-07-13,2026-07-19,38.51,2.46,74.57,v1.0.0,2026-06-24T16:42:17.588802+00:00,74bff84c-0733-446b-a298-2f91515a201d
1ca3438e-9e23-58f0-a35f-f15f7a23beb9,7fb983e8-6848-5425-97a2-14da72722d0f,2026-07-20,2026-07-26,37.26,1.2,73.32,v1.0.0,2026-06-24T16:42:17.588802+00:00,74bff84c-0733-446b-a298-2f91515a201d
1ca3438e-9e23-58f0-a35f-f15f7a23beb9,7fb983e8-6848-5425-97a2-14da72722d0f,2026-07-27,2026-08-02,39.81,3.75,75.86,v1.0.0,2026-06-24T16:42:17.588802+00:00,74bff84c-0733-446b-a298-2f91515a201d
1ca3438e-9e23-58f0-a35f-f15f7a23beb9,8ecedccf-c230-516b-bbc2-108f7a6fbe63,2026-05-11,2026-05-17,43.11,7.05,79.16,v1.0.0,2026-06-24T16:42:17.588802+00:00,74bff84c-0733-446b-a298-2f91515a201d
1ca3438e-9e23-58f0-a35f-f15f7a23beb9,8ecedccf-c230-516b-bbc2-108f7a6fbe63,2026-05-18,2026-05-24,31.31,0.0,67.37,v1.0.0,2026-06-24T16:42:17.588802+00:00,74bff84c-0733-446b-a298-2f91515a201d
1ca3438e-9e23-58f0-a35f-f15f7a23beb9,8ecedccf-c230-516b-bbc2-108f7a6fbe63,2026-05-25,2026-05-31,31.37,0.0,67.43,v1.0.0,2026-06-24T16:42:17.588802+00:00,74bff84c-0733-446b-a298-2f91515a201d
1ca3438e-9e23-58f0-a35f-f15f7a23beb9,8ecedccf-c230-516b-bbc2-108f7a6fbe63,2026-06-01,2026-06-07,33.79,0.0,69.85,v1.0.0,2026-06-24T16:42:17.588802+00:00,74bff84c-0733-446b-a298-2f91515a201d
1ca3438e-9e23-58f0-a35f-f15f7a23beb9,8ecedccf-c230-516b-bbc2-108f7a6fbe63,2026-06-08,2026-06-14,36.59,0.53,72.65,v1.0.0,2026-06-24T16:42:17.588802+00:00,74bff84c-0733-446b-a298-2f91515a201d
1ca3438e-9e23-58f0-a35f-f15f7a23beb9,8ecedccf-c230-516b-bbc2-108f7a6fbe63,2026-06-15,2026-06-21,33.38,0.0,69.44,v1.0.0,2026-06-24T16:42:17.588802+00:00,74bff84c-0733-446b-a298-2f91515a201d
1ca3438e-9e23-58f0-a35f-f15f7a23beb9,8ecedccf-c230-516b-bbc2-108f7a6fbe63,2026-06-22,2026-06-28,37.42,1.36,73.48,v1.0.0,2026-06-24T16:42:17.588802+00:00,74bff84c-0733-446b-a298-2f91515a201d
1ca3438e-9e23-58f0-a35f-f15f7a23beb9,8ecedccf-c230-516b-bbc2-108f7a6fbe63,2026-06-29,2026-07-05,31.82,0.0,67.88,v1.0.0,2026-06-24T16:42:17.588802+00:00,74bff84c-0733-446b-a298-2f91515a201d
1ca3438e-9e23-58f0-a35f-f15f7a23beb9,8ecedccf-c230-516b-bbc2-108f7a6fbe63,2026-07-06,2026-07-12,36.65,0.59,72.71,v1.0.0,2026-06-24T16:42:17.588802+00:00,74bff84c-0733-446b-a298-2f91515a201d
1ca3438e-9e23-58f0-a35f-f15f7a23beb9,8ecedccf-c230-516b-bbc2-108f7a6fbe63,2026-07-13,2026-07-19,30.33,0.0,66.39,v1.0.0,2026-06-24T16:42:17.588802+00:00,74bff84c-0733-446b-a298-2f91515a201d
1ca3438e-9e23-58f0-a35f-f15f7a23beb9,8ecedccf-c230-516b-bbc2-108f7a6fbe63,2026-07-20,2026-07-26,39.96,3.91,76.02,v1.0.0,2026-06-24T16:42:17.588802+00:00,74bff84c-0733-446b-a298-2f91515a201d
1ca3438e-9e23-58f0-a35f-f15f7a23beb9,8ecedccf-c230-516b-bbc2-108f7a6fbe63,2026-07-27,2026-08-02,29.86,0.0,65.92,v1.0.0,2026-06-24T16:42:17.588802+00:00,74bff84c-0733-446b-a298-2f91515a201d
1ca3438e-9e23-58f0-a35f-f15f7a23beb9,d6f21f11-7533-52dd-a4dc-2fb8e260c02c,2026-05-11,2026-05-17,24.36,0.0,60.42,v1.0.0,2026-06-24T16:42:17.588802+00:00,74bff84c-0733-446b-a298-2f91515a201d
1ca3438e-9e23-58f0-a35f-f15f7a23beb9,d6f21f11-7533-52dd-a4dc-2fb8e260c02c,2026-05-18,2026-05-24,27.34,0.0,63.4,v1.0.0,2026-06-24T16:42:17.588802+00:00,74bff84c-0733-446b-a298-2f91515a201d
1ca3438e-9e23-58f0-a35f-f15f7a23beb9,d6f21f11-7533-52dd-a4dc-2fb8e260c02c,2026-05-25,2026-05-31,23.02,0.0,59.08,v1.0.0,2026-06-24T16:42:17.588802+00:00,74bff84c-0733-446b-a298-2f91515a201d
1ca3438e-9e23-58f0-a35f-f15f7a23beb9,d6f21f11-7533-52dd-a4dc-2fb8e260c02c,2026-06-01,2026-06-07,27.27,0.0,63.33,v1.0.0,2026-06-24T16:42:17.588802+00:00,74bff84c-0733-446b-a298-2f91515a201d
1ca3438e-9e23-58f0-a35f-f15f7a23beb9,d6f21f11-7533-52dd-a4dc-2fb8e260c02c,2026-06-08,2026-06-14,22.07,0.0,58.13,v1.0.0,2026-06-24T16:42:17.588802+00:00,74bff84c-0733-446b-a298-2f91515a201d
1ca3438e-9e23-58f0-a35f-f15f7a23beb9,d6f21f11-7533-52dd-a4dc-2fb8e260c02c,2026-06-15,2026-06-21,25.67,0.0,61.73,v1.0.0,2026-06-24T16:42:17.588802+00:00,74bff84c-0733-446b-a298-2f91515a201d
1ca3438e-9e23-58f0-a35f-f15f7a23beb9,d6f21f11-7533-52dd-a4dc-2fb8e260c02c,2026-06-22,2026-06-28,29.27,0.0,65.33,v1.0.0,2026-06-24T16:42:17.588802+00:00,74bff84c-0733-446b-a298-2f91515a201d
1ca3438e-9e23-58f0-a35f-f15f7a23beb9,d6f21f11-7533-52dd-a4dc-2fb8e260c02c,2026-06-29,2026-07-05,26.97,0.0,63.03,v1.0.0,2026-06-24T16:42:17.588802+00:00,74bff84c-0733-446b-a298-2f91515a201d
1ca3438e-9e23-58f0-a35f-f15f7a23beb9,d6f21f11-7533-52dd-a4dc-2fb8e260c02c,2026-07-06,2026-07-12,26.82,0.0,62.88,v1.0.0,2026-06-24T16:42:17.588802+00:00,74bff84c-0733-446b-a298-2f91515a201d
1ca3438e-9e23-58f0-a35f-f15f7a23beb9,d6f21f11-7533-52dd-a4dc-2fb8e260c02c,2026-07-13,2026-07-19,26.92,0.0,62.98,v1.0.0,2026-06-24T16:42:17.588802+00:00,74bff84c-0733-446b-a298-2f91515a201d
1ca3438e-9e23-58f0-a35f-f15f7a23beb9,d6f21f11-7533-52dd-a4dc-2fb8e260c02c,2026-07-20,2026-07-26,21.04,0.0,57.1,v1.0.0,2026-06-24T16:42:17.588802+00:00,74bff84c-0733-446b-a298-2f91515a201d
1ca3438e-9e23-58f0-a35f-f15f7a23beb9,d6f21f11-7533-52dd-a4dc-2fb8e260c02c,2026-07-27,2026-08-02,26.25,0.0,62.31,v1.0.0,2026-06-24T16:42:17.588802+00:00,74bff84c-0733-446b-a298-2f91515a201d
1e9605fd-5682-52b6-8f05-e8a92dd44513,26f7241d-a84e-5e4a-a43d-33eea1e54eea,2026-05-11,2026-05-17,20.67,0.0,56.72,v1.0.0,2026-06-24T16:42:17.588802+00:00,74bff84c-0733-446b-a298-2f91515a201d
1e9605fd-5682-52b6-8f05-e8a92dd44513,26f7241d-a84e-5e4a-a43d-33eea1e54eea,2026-05-18,2026-05-24,11.67,0.0,47.73,v1.0.0,2026-06-24T16:42:17.588802+00:00,74bff84c-0733-446b-a298-2f91515a201d
1e9605fd-5682-52b6-8f05-e8a92dd44513,26f7241d-a84e-5e4a-a43d-33eea1e54eea,2026-05-25,2026-05-31,11.7,0.0,47.76,v1.0.0,2026-06-24T16:42:17.588802+00:00,74bff84c-0733-446b-a298-2f91515a201d
1e9605fd-5682-52b6-8f05-e8a92dd44513,26f7241d-a84e-5e4a-a43d-33eea1e54eea,2026-06-01,2026-06-07,11.3,0.0,47.35,v1.0.0,2026-06-24T16:42:17.588802+00:00,74bff84c-0733-446b-a298-2f91515a201d
1e9605fd-5682-52b6-8f05-e8a92dd44513,26f7241d-a84e-5e4a-a43d-33eea1e54eea,2026-06-08,2026-06-14,12.06,0.0,48.11,v1.0.0,2026-06-24T16:42:17.588802+00:00,74bff84c-0733-446b-a298-2f91515a201d
1e9605fd-5682-52b6-8f05-e8a92dd44513,26f7241d-a84e-5e4a-a43d-33eea1e54eea,2026-06-15,2026-06-21,11.88,0.0,47.93,v1.0.0,2026-06-24T16:42:17.588802+00:00,74bff84c-0733-446b-a298-2f91515a201d
1e9605fd-5682-52b6-8f05-e8a92dd44513,26f7241d-a84e-5e4a-a43d-33eea1e54eea,2026-06-22,2026-06-28,11.82,0.0,47.88,v1.0.0,2026-06-24T16:42:17.588802+00:00,74bff84c-0733-446b-a298-2f91515a201d
1e9605fd-5682-52b6-8f05-e8a92dd44513,26f7241d-a84e-5e4a-a43d-33eea1e54eea,2026-06-29,2026-07-05,13.2,0.0,49.26,v1.0.0,2026-06-24T16:42:17.588802+00:00,74bff84c-0733-446b-a298-2f91515a201d
1e9605fd-5682-52b6-8f05-e8a92dd44513,26f7241d-a84e-5e4a-a43d-33eea1e54eea,2026-07-06,2026-07-12,11.36,0.0,47.42,v1.0.0,2026-06-24T16:42:17.588802+00:00,74bff84c-0733-446b-a298-2f91515a201d
1e9605fd-5682-52b6-8f05-e8a92dd44513,26f7241d-a84e-5e4a-a43d-33eea1e54eea,2026-07-13,2026-07-19,11.49,0.0,47.55,v1.0.0,2026-06-24T16:42:17.588802+00:00,74bff84c-0733-446b-a298-2f91515a201d
1e9605fd-5682-52b6-8f05-e8a92dd44513,26f7241d-a84e-5e4a-a43d-33eea1e54eea,2026-07-20,2026-07-26,11.08,0.0,47.13,v1.0.0,2026-06-24T16:42:17.588802+00:00,74bff84c-0733-446b-a298-2f91515a201d
1e9605fd-5682-52b6-8f05-e8a92dd44513,26f7241d-a84e-5e4a-a43d-33eea1e54eea,2026-07-27,2026-08-02,10.84,0.0,46.9,v1.0.0,2026-06-24T16:42:17.588802+00:00,74bff84c-0733-446b-a298-2f91515a201d
1e9605fd-5682-52b6-8f05-e8a92dd44513,43616d97-2221-569d-82eb-bcc14bcd6344,2026-05-11,2026-05-17,27.12,0.0,63.18,v1.0.0,2026-06-24T16:42:17.588802+00:00,74bff84c-0733-446b-a298-2f91515a201d
1e9605fd-5682-52b6-8f05-e8a92dd44513,43616d97-2221-569d-82eb-bcc14bcd6344,2026-05-18,2026-05-24,26.83,0.0,62.89,v1.0.0,2026-06-24T16:42:17.588802+00:00,74bff84c-0733-446b-a298-2f91515a201d
1e9605fd-5682-52b6-8f05-e8a92dd44513,43616d97-2221-569d-82eb-bcc14bcd6344,2026-05-25,2026-05-31,26.41,0.0,62.47,v1.0.0,2026-06-24T16:42:17.588802+00:00,74bff84c-0733-446b-a298-2f91515a201d
1e9605fd-5682-52b6-8f05-e8a92dd44513,43616d97-2221-569d-82eb-bcc14bcd6344,2026-06-01,2026-06-07,26.4,0.0,62.46,v1.0.0,2026-06-24T16:42:17.588802+00:00,74bff84c-0733-446b-a298-2f91515a201d
1e9605fd-5682-52b6-8f05-e8a92dd44513,43616d97-2221-569d-82eb-bcc14bcd6344,2026-06-08,2026-06-14,26.39,0.0,62.44,v1.0.0,2026-06-24T16:42:17.588802+00:00,74bff84c-0733-446b-a298-2f91515a201d
1e9605fd-5682-52b6-8f05-e8a92dd44513,43616d97-2221-569d-82eb-bcc14bcd6344,2026-06-15,2026-06-21,26.39,0.0,62.44,v1.0.0,2026-06-24T16:42:17.588802+00:00,74bff84c-0733-446b-a298-2f91515a201d
1e9605fd-5682-52b6-8f05-e8a92dd44513,43616d97-2221-569d-82eb-bcc14bcd6344,2026-06-22,2026-06-28,26.61,0.0,62.67,v1.0.0,2026-06-24T16:42:17.588802+00:00,74bff84c-0733-446b-a298-2f91515a201d
1e9605fd-5682-52b6-8f05-e8a92dd44513,43616d97-2221-569d-82eb-bcc14bcd6344,2026-06-29,2026-07-05,26.62,0.0,62.68,v1.0.0,2026-06-24T16:42:17.588802+00:00,74bff84c-0733-446b-a298-2f91515a201d
1e9605fd-5682-52b6-8f05-e8a92dd44513,43616d97-2221-569d-82eb-bcc14bcd6344,2026-07-06,2026-07-12,26.02,0.0,62.07,v1.0.0,2026-06-24T16:42:17.588802+00:00,74bff84c-0733-446b-a298-2f91515a201d
1e9605fd-5682-52b6-8f05-e8a92dd44513,43616d97-2221-569d-82eb-bcc14bcd6344,2026-07-13,2026-07-19,25.98,0.0,62.04,v1.0.0,2026-06-24T16:42:17.588802+00:00,74bff84c-0733-446b-a298-2f91515a201d
1e9605fd-5682-52b6-8f05-e8a92dd44513,43616d97-2221-569d-82eb-bcc14bcd6344,2026-07-20,2026-07-26,25.87,0.0,61.93,v1.0.0,2026-06-24T16:42:17.588802+00:00,74bff84c-0733-446b-a298-2f91515a201d
1e9605fd-5682-52b6-8f05-e8a92dd44513,43616d97-2221-569d-82eb-bcc14bcd6344,2026-07-27,2026-08-02,25.89,0.0,61.95,v1.0.0,2026-06-24T16:42:17.588802+00:00,74bff84c-0733-446b-a298-2f91515a201d
1e9605fd-5682-52b6-8f05-e8a92dd44513,7fb983e8-6848-5425-97a2-14da72722d0f,2026-05-11,2026-05-17,23.43,0.0,59.49,v1.0.0,2026-06-24T16:42:17.588802+00:00,74bff84c-0733-446b-a298-2f91515a201d
1e9605fd-5682-52b6-8f05-e8a92dd44513,7fb983e8-6848-5425-97a2-14da72722d0f,2026-05-18,2026-05-24,30.34,0.0,66.4,v1.0.0,2026-06-24T16:42:17.588802+00:00,74bff84c-0733-446b-a298-2f91515a201d
1e9605fd-5682-52b6-8f05-e8a92dd44513,7fb983e8-6848-5425-97a2-14da72722d0f,2026-05-25,2026-05-31,25.87,0.0,61.93,v1.0.0,2026-06-24T16:42:17.588802+00:00,74bff84c-0733-446b-a298-2f91515a201d
1e9605fd-5682-52b6-8f05-e8a92dd44513,7fb983e8-6848-5425-97a2-14da72722d0f,2026-06-01,2026-06-07,16.46,0.0,52.52,v1.0.0,2026-06-24T16:42:17.588802+00:00,74bff84c-0733-446b-a298-2f91515a201d
1e9605fd-5682-52b6-8f05-e8a92dd44513,7fb983e8-6848-5425-97a2-14da72722d0f,2026-06-08,2026-06-14,18.6,0.0,54.66,v1.0.0,2026-06-24T16:42:17.588802+00:00,74bff84c-0733-446b-a298-2f91515a201d
1e9605fd-5682-52b6-8f05-e8a92dd44513,7fb983e8-6848-5425-97a2-14da72722d0f,2026-06-15,2026-06-21,24.59,0.0,60.65,v1.0.0,2026-06-24T16:42:17.588802+00:00,74bff84c-0733-446b-a298-2f91515a201d
1e9605fd-5682-52b6-8f05-e8a92dd44513,7fb983e8-6848-5425-97a2-14da72722d0f,2026-06-22,2026-06-28,26.05,0.0,62.11,v1.0.0,2026-06-24T16:42:17.588802+00:00,74bff84c-0733-446b-a298-2f91515a201d
1e9605fd-5682-52b6-8f05-e8a92dd44513,7fb983e8-6848-5425-97a2-14da72722d0f,2026-06-29,2026-07-05,25.45,0.0,61.51,v1.0.0,2026-06-24T16:42:17.588802+00:00,74bff84c-0733-446b-a298-2f91515a201d
1e9605fd-5682-52b6-8f05-e8a92dd44513,7fb983e8-6848-5425-97a2-14da72722d0f,2026-07-06,2026-07-12,31.08,0.0,67.14,v1.0.0,2026-06-24T16:42:17.588802+00:00,74bff84c-0733-446b-a298-2f91515a201d
1e9605fd-5682-52b6-8f05-e8a92dd44513,7fb983e8-6848-5425-97a2-14da72722d0f,2026-07-13,2026-07-19,21.8,0.0,57.86,v1.0.0,2026-06-24T16:42:17.588802+00:00,74bff84c-0733-446b-a298-2f91515a201d
1e9605fd-5682-52b6-8f05-e8a92dd44513,7fb983e8-6848-5425-97a2-14da72722d0f,2026-07-20,2026-07-26,25.23,0.0,61.29,v1.0.0,2026-06-24T16:42:17.588802+00:00,74bff84c-0733-446b-a298-2f91515a201d
1e9605fd-5682-52b6-8f05-e8a92dd44513,7fb983e8-6848-5425-97a2-14da72722d0f,2026-07-27,2026-08-02,20.02,0.0,56.08,v1.0.0,2026-06-24T16:42:17.588802+00:00,74bff84c-0733-446b-a298-2f91515a201d
1e9605fd-5682-52b6-8f05-e8a92dd44513,8ecedccf-c230-516b-bbc2-108f7a6fbe63,2026-05-11,2026-05-17,21.53,0.0,57.59,v1.0.0,2026-06-24T16:42:17.588802+00:00,74bff84c-0733-446b-a298-2f91515a201d
1e9605fd-5682-52b6-8f05-e8a92dd44513,8ecedccf-c230-516b-bbc2-108f7a6fbe63,2026-05-18,2026-05-24,7.8,0.0,43.86,v1.0.0,2026-06-24T16:42:17.588802+00:00,74bff84c-0733-446b-a298-2f91515a201d
1e9605fd-5682-52b6-8f05-e8a92dd44513,8ecedccf-c230-516b-bbc2-108f7a6fbe63,2026-05-25,2026-05-31,14.45,0.0,50.5,v1.0.0,2026-06-24T16:42:17.588802+00:00,74bff84c-0733-446b-a298-2f91515a201d
1e9605fd-5682-52b6-8f05-e8a92dd44513,8ecedccf-c230-516b-bbc2-108f7a6fbe63,2026-06-01,2026-06-07,9.55,0.0,45.61,v1.0.0,2026-06-24T16:42:17.588802+00:00,74bff84c-0733-446b-a298-2f91515a201d
1e9605fd-5682-52b6-8f05-e8a92dd44513,8ecedccf-c230-516b-bbc2-108f7a6fbe63,2026-06-08,2026-06-14,14.44,0.0,50.5,v1.0.0,2026-06-24T16:42:17.588802+00:00,74bff84c-0733-446b-a298-2f91515a201d
1e9605fd-5682-52b6-8f05-e8a92dd44513,8ecedccf-c230-516b-bbc2-108f7a6fbe63,2026-06-15,2026-06-21,9.06,0.0,45.11,v1.0.0,2026-06-24T16:42:17.588802+00:00,74bff84c-0733-446b-a298-2f91515a201d
1e9605fd-5682-52b6-8f05-e8a92dd44513,8ecedccf-c230-516b-bbc2-108f7a6fbe63,2026-06-22,2026-06-28,14.44,0.0,50.5,v1.0.0,2026-06-24T16:42:17.588802+00:00,74bff84c-0733-446b-a298-2f91515a201d
1e9605fd-5682-52b6-8f05-e8a92dd44513,8ecedccf-c230-516b-bbc2-108f7a6fbe63,2026-06-29,2026-07-05,9.8,0.0,45.86,v1.0.0,2026-06-24T16:42:17.588802+00:00,74bff84c-0733-446b-a298-2f91515a201d
1e9605fd-5682-52b6-8f05-e8a92dd44513,8ecedccf-c230-516b-bbc2-108f7a6fbe63,2026-07-06,2026-07-12,14.05,0.0,50.1,v1.0.0,2026-06-24T16:42:17.588802+00:00,74bff84c-0733-446b-a298-2f91515a201d
1e9605fd-5682-52b6-8f05-e8a92dd44513,8ecedccf-c230-516b-bbc2-108f7a6fbe63,2026-07-13,2026-07-19,9.06,0.0,45.11,v1.0.0,2026-06-24T16:42:17.588802+00:00,74bff84c-0733-446b-a298-2f91515a201d
1e9605fd-5682-52b6-8f05-e8a92dd44513,8ecedccf-c230-516b-bbc2-108f7a6fbe63,2026-07-20,2026-07-26,13.99,0.0,50.05,v1.0.0,2026-06-24T16:42:17.588802+00:00,74bff84c-0733-446b-a298-2f91515a201d
1e9605fd-5682-52b6-8f05-e8a92dd44513,8ecedccf-c230-516b-bbc2-108f7a6fbe63,2026-07-27,2026-08-02,9.09,0.0,45.15,v1.0.0,2026-06-24T16:42:17.588802+00:00,74bff84c-0733-446b-a298-2f91515a201d
1e9605fd-5682-52b6-8f05-e8a92dd44513,d6f21f11-7533-52dd-a4dc-2fb8e260c02c,2026-05-11,2026-05-17,16.92,0.0,52.98,v1.0.0,2026-06-24T16:42:17.588802+00:00,74bff84c-0733-446b-a298-2f91515a201d
1e9605fd-5682-52b6-8f05-e8a92dd44513,d6f21f11-7533-52dd-a4dc-2fb8e260c02c,2026-05-18,2026-05-24,8.46,0.0,44.52,v1.0.0,2026-06-24T16:42:17.588802+00:00,74bff84c-0733-446b-a298-2f91515a201d
1e9605fd-5682-52b6-8f05-e8a92dd44513,d6f21f11-7533-52dd-a4dc-2fb8e260c02c,2026-05-25,2026-05-31,13.41,0.0,49.47,v1.0.0,2026-06-24T16:42:17.588802+00:00,74bff84c-0733-446b-a298-2f91515a201d
1e9605fd-5682-52b6-8f05-e8a92dd44513,d6f21f11-7533-52dd-a4dc-2fb8e260c02c,2026-06-01,2026-06-07,9.04,0.0,45.1,v1.0.0,2026-06-24T16:42:17.588802+00:00,74bff84c-0733-446b-a298-2f91515a201d
1e9605fd-5682-52b6-8f05-e8a92dd44513,d6f21f11-7533-52dd-a4dc-2fb8e260c02c,2026-06-08,2026-06-14,13.3,0.0,49.36,v1.0.0,2026-06-24T16:42:17.588802+00:00,74bff84c-0733-446b-a298-2f91515a201d
1e9605fd-5682-52b6-8f05-e8a92dd44513,d6f21f11-7533-52dd-a4dc-2fb8e260c02c,2026-06-15,2026-06-21,8.72,0.0,44.78,v1.0.0,2026-06-24T16:42:17.588802+00:00,74bff84c-0733-446b-a298-2f91515a201d
1e9605fd-5682-52b6-8f05-e8a92dd44513,d6f21f11-7533-52dd-a4dc-2fb8e260c02c,2026-06-22,2026-06-28,14.1,0.0,50.16,v1.0.0,2026-06-24T16:42:17.588802+00:00,74bff84c-0733-446b-a298-2f91515a201d
1e9605fd-5682-52b6-8f05-e8a92dd44513,d6f21f11-7533-52dd-a4dc-2fb8e260c02c,2026-06-29,2026-07-05,8.99,0.0,45.05,v1.0.0,2026-06-24T16:42:17.588802+00:00,74bff84c-0733-446b-a298-2f91515a201d
1e9605fd-5682-52b6-8f05-e8a92dd44513,d6f21f11-7533-52dd-a4dc-2fb8e260c02c,2026-07-06,2026-07-12,13.26,0.0,49.32,v1.0.0,2026-06-24T16:42:17.588802+00:00,74bff84c-0733-446b-a298-2f91515a201d
1e9605fd-5682-52b6-8f05-e8a92dd44513,d6f21f11-7533-52dd-a4dc-2fb8e260c02c,2026-07-13,2026-07-19,7.68,0.0,43.74,v1.0.0,2026-06-24T16:42:17.588802+00:00,74bff84c-0733-446b-a298-2f91515a201d
1e9605fd-5682-52b6-8f05-e8a92dd44513,d6f21f11-7533-52dd-a4dc-2fb8e260c02c,2026-07-20,2026-07-26,14.0,0.0,50.06,v1.0.0,2026-06-24T16:42:17.588802+00:00,74bff84c-0733-446b-a298-2f91515a201d
1e9605fd-5682-52b6-8f05-e8a92dd44513,d6f21f11-7533-52dd-a4dc-2fb8e260c02c,2026-07-27,2026-08-02,8.98,0.0,45.04,v1.0.0,2026-06-24T16:42:17.588802+00:00,74bff84c-0733-446b-a298-2f91515a201d
2082733c-4e17-51fe-bc8c-bf33d3ec5d7e,26f7241d-a84e-5e4a-a43d-33eea1e54eea,2026-05-11,2026-05-17,65.58,29.52,101.63,v1.0.0,2026-06-24T16:42:17.588802+00:00,74bff84c-0733-446b-a298-2f91515a201d
2082733c-4e17-51fe-bc8c-bf33d3ec5d7e,26f7241d-a84e-5e4a-a43d-33eea1e54eea,2026-05-18,2026-05-24,59.73,23.67,95.79,v1.0.0,2026-06-24T16:42:17.588802+00:00,74bff84c-0733-446b-a298-2f91515a201d
2082733c-4e17-51fe-bc8c-bf33d3ec5d7e,26f7241d-a84e-5e4a-a43d-33eea1e54eea,2026-05-25,2026-05-31,61.02,24.96,97.08,v1.0.0,2026-06-24T16:42:17.588802+00:00,74bff84c-0733-446b-a298-2f91515a201d
2082733c-4e17-51fe-bc8c-bf33d3ec5d7e,26f7241d-a84e-5e4a-a43d-33eea1e54eea,2026-06-01,2026-06-07,61.52,25.46,97.58,v1.0.0,2026-06-24T16:42:17.588802+00:00,74bff84c-0733-446b-a298-2f91515a201d
2082733c-4e17-51fe-bc8c-bf33d3ec5d7e,26f7241d-a84e-5e4a-a43d-33eea1e54eea,2026-06-08,2026-06-14,60.98,24.92,97.04,v1.0.0,2026-06-24T16:42:17.588802+00:00,74bff84c-0733-446b-a298-2f91515a201d
2082733c-4e17-51fe-bc8c-bf33d3ec5d7e,26f7241d-a84e-5e4a-a43d-33eea1e54eea,2026-06-15,2026-06-21,62.36,26.3,98.42,v1.0.0,2026-06-24T16:42:17.588802+00:00,74bff84c-0733-446b-a298-2f91515a201d
2082733c-4e17-51fe-bc8c-bf33d3ec5d7e,26f7241d-a84e-5e4a-a43d-33eea1e54eea,2026-06-22,2026-06-28,61.21,25.15,97.27,v1.0.0,2026-06-24T16:42:17.588802+00:00,74bff84c-0733-446b-a298-2f91515a201d
2082733c-4e17-51fe-bc8c-bf33d3ec5d7e,26f7241d-a84e-5e4a-a43d-33eea1e54eea,2026-06-29,2026-07-05,61.12,25.06,97.18,v1.0.0,2026-06-24T16:42:17.588802+00:00,74bff84c-0733-446b-a298-2f91515a201d
2082733c-4e17-51fe-bc8c-bf33d3ec5d7e,26f7241d-a84e-5e4a-a43d-33eea1e54eea,2026-07-06,2026-07-12,60.39,24.33,96.44,v1.0.0,2026-06-24T16:42:17.588802+00:00,74bff84c-0733-446b-a298-2f91515a201d
2082733c-4e17-51fe-bc8c-bf33d3ec5d7e,26f7241d-a84e-5e4a-a43d-33eea1e54eea,2026-07-13,2026-07-19,59.94,23.88,96.0,v1.0.0,2026-06-24T16:42:17.588802+00:00,74bff84c-0733-446b-a298-2f91515a201d
2082733c-4e17-51fe-bc8c-bf33d3ec5d7e,26f7241d-a84e-5e4a-a43d-33eea1e54eea,2026-07-20,2026-07-26,60.36,24.3,96.42,v1.0.0,2026-06-24T16:42:17.588802+00:00,74bff84c-0733-446b-a298-2f91515a201d
2082733c-4e17-51fe-bc8c-bf33d3ec5d7e,26f7241d-a84e-5e4a-a43d-33eea1e54eea,2026-07-27,2026-08-02,60.02,23.96,96.08,v1.0.0,2026-06-24T16:42:17.588802+00:00,74bff84c-0733-446b-a298-2f91515a201d
2082733c-4e17-51fe-bc8c-bf33d3ec5d7e,43616d97-2221-569d-82eb-bcc14bcd6344,2026-05-11,2026-05-17,60.26,24.2,96.32,v1.0.0,2026-06-24T16:42:17.588802+00:00,74bff84c-0733-446b-a298-2f91515a201d
2082733c-4e17-51fe-bc8c-bf33d3ec5d7e,43616d97-2221-569d-82eb-bcc14bcd6344,2026-05-18,2026-05-24,57.57,21.52,93.63,v1.0.0,2026-06-24T16:42:17.588802+00:00,74bff84c-0733-446b-a298-2f91515a201d
2082733c-4e17-51fe-bc8c-bf33d3ec5d7e,43616d97-2221-569d-82eb-bcc14bcd6344,2026-05-25,2026-05-31,56.87,20.81,92.93,v1.0.0,2026-06-24T16:42:17.588802+00:00,74bff84c-0733-446b-a298-2f91515a201d
2082733c-4e17-51fe-bc8c-bf33d3ec5d7e,43616d97-2221-569d-82eb-bcc14bcd6344,2026-06-01,2026-06-07,57.93,21.87,93.99,v1.0.0,2026-06-24T16:42:17.588802+00:00,74bff84c-0733-446b-a298-2f91515a201d
2082733c-4e17-51fe-bc8c-bf33d3ec5d7e,43616d97-2221-569d-82eb-bcc14bcd6344,2026-06-08,2026-06-14,56.19,20.13,92.24,v1.0.0,2026-06-24T16:42:17.588802+00:00,74bff84c-0733-446b-a298-2f91515a201d
2082733c-4e17-51fe-bc8c-bf33d3ec5d7e,43616d97-2221-569d-82eb-bcc14bcd6344,2026-06-15,2026-06-21,57.63,21.57,93.69,v1.0.0,2026-06-24T16:42:17.588802+00:00,74bff84c-0733-446b-a298-2f91515a201d
2082733c-4e17-51fe-bc8c-bf33d3ec5d7e,43616d97-2221-569d-82eb-bcc14bcd6344,2026-06-22,2026-06-28,56.0,19.95,92.06,v1.0.0,2026-06-24T16:42:17.588802+00:00,74bff84c-0733-446b-a298-2f91515a201d
2082733c-4e17-51fe-bc8c-bf33d3ec5d7e,43616d97-2221-569d-82eb-bcc14bcd6344,2026-06-29,2026-07-05,57.09,21.03,93.15,v1.0.0,2026-06-24T16:42:17.588802+00:00,74bff84c-0733-446b-a298-2f91515a201d
2082733c-4e17-51fe-bc8c-bf33d3ec5d7e,43616d97-2221-569d-82eb-bcc14bcd6344,2026-07-06,2026-07-12,56.17,20.12,92.23,v1.0.0,2026-06-24T16:42:17.588802+00:00,74bff84c-0733-446b-a298-2f91515a201d
2082733c-4e17-51fe-bc8c-bf33d3ec5d7e,43616d97-2221-569d-82eb-bcc14bcd6344,2026-07-13,2026-07-19,54.84,18.78,90.89,v1.0.0,2026-06-24T16:42:17.588802+00:00,74bff84c-0733-446b-a298-2f91515a201d
2082733c-4e17-51fe-bc8c-bf33d3ec5d7e,43616d97-2221-569d-82eb-bcc14bcd6344,2026-07-20,2026-07-26,55.81,19.75,91.86,v1.0.0,2026-06-24T16:42:17.588802+00:00,74bff84c-0733-446b-a298-2f91515a201d
2082733c-4e17-51fe-bc8c-bf33d3ec5d7e,43616d97-2221-569d-82eb-bcc14bcd6344,2026-07-27,2026-08-02,55.23,19.17,91.29,v1.0.0,2026-06-24T16:42:17.588802+00:00,74bff84c-0733-446b-a298-2f91515a201d
2082733c-4e17-51fe-bc8c-bf33d3ec5d7e,7fb983e8-6848-5425-97a2-14da72722d0f,2026-05-11,2026-05-17,48.8,12.74,84.86,v1.0.0,2026-06-24T16:42:17.588802+00:00,74bff84c-0733-446b-a298-2f91515a201d
2082733c-4e17-51fe-bc8c-bf33d3ec5d7e,7fb983e8-6848-5425-97a2-14da72722d0f,2026-05-18,2026-05-24,51.69,15.63,87.75,v1.0.0,2026-06-24T16:42:17.588802+00:00,74bff84c-0733-446b-a298-2f91515a201d
2082733c-4e17-51fe-bc8c-bf33d3ec5d7e,7fb983e8-6848-5425-97a2-14da72722d0f,2026-05-25,2026-05-31,48.17,12.11,84.23,v1.0.0,2026-06-24T16:42:17.588802+00:00,74bff84c-0733-446b-a298-2f91515a201d
2082733c-4e17-51fe-bc8c-bf33d3ec5d7e,7fb983e8-6848-5425-97a2-14da72722d0f,2026-06-01,2026-06-07,48.37,12.32,84.43,v1.0.0,2026-06-24T16:42:17.588802+00:00,74bff84c-0733-446b-a298-2f91515a201d
2082733c-4e17-51fe-bc8c-bf33d3ec5d7e,7fb983e8-6848-5425-97a2-14da72722d0f,2026-06-08,2026-06-14,49.88,13.82,85.94,v1.0.0,2026-06-24T16:42:17.588802+00:00,74bff84c-0733-446b-a298-2f91515a201d
2082733c-4e17-51fe-bc8c-bf33d3ec5d7e,7fb983e8-6848-5425-97a2-14da72722d0f,2026-06-15,2026-06-21,50.9,14.84,86.96,v1.0.0,2026-06-24T16:42:17.588802+00:00,74bff84c-0733-446b-a298-2f91515a201d
2082733c-4e17-51fe-bc8c-bf33d3ec5d7e,7fb983e8-6848-5425-97a2-14da72722d0f,2026-06-22,2026-06-28,50.73,14.67,86.79,v1.0.0,2026-06-24T16:42:17.588802+00:00,74bff84c-0733-446b-a298-2f91515a201d
2082733c-4e17-51fe-bc8c-bf33d3ec5d7e,7fb983e8-6848-5425-97a2-14da72722d0f,2026-06-29,2026-07-05,48.55,12.49,84.61,v1.0.0,2026-06-24T16:42:17.588802+00:00,74bff84c-0733-446b-a298-2f91515a201d
2082733c-4e17-51fe-bc8c-bf33d3ec5d7e,7fb983e8-6848-5425-97a2-14da72722d0f,2026-07-06,2026-07-12,47.26,11.2,83.32,v1.0.0,2026-06-24T16:42:17.588802+00:00,74bff84c-0733-446b-a298-2f91515a201d
2082733c-4e17-51fe-bc8c-bf33d3ec5d7e,7fb983e8-6848-5425-97a2-14da72722d0f,2026-07-13,2026-07-19,49.92,13.86,85.98,v1.0.0,2026-06-24T16:42:17.588802+00:00,74bff84c-0733-446b-a298-2f91515a201d
2082733c-4e17-51fe-bc8c-bf33d3ec5d7e,7fb983e8-6848-5425-97a2-14da72722d0f,2026-07-20,2026-07-26,50.15,14.09,86.21,v1.0.0,2026-06-24T16:42:17.588802+00:00,74bff84c-0733-446b-a298-2f91515a201d
2082733c-4e17-51fe-bc8c-bf33d3ec5d7e,7fb983e8-6848-5425-97a2-14da72722d0f,2026-07-27,2026-08-02,50.01,13.95,86.07,v1.0.0,2026-06-24T16:42:17.588802+00:00,74bff84c-0733-446b-a298-2f91515a201d
2082733c-4e17-51fe-bc8c-bf33d3ec5d7e,8ecedccf-c230-516b-bbc2-108f7a6fbe63,2026-05-11,2026-05-17,54.45,18.39,90.51,v1.0.0,2026-06-24T16:42:17.588802+00:00,74bff84c-0733-446b-a298-2f91515a201d
2082733c-4e17-51fe-bc8c-bf33d3ec5d7e,8ecedccf-c230-516b-bbc2-108f7a6fbe63,2026-05-18,2026-05-24,51.48,15.42,87.54,v1.0.0,2026-06-24T16:42:17.588802+00:00,74bff84c-0733-446b-a298-2f91515a201d
2082733c-4e17-51fe-bc8c-bf33d3ec5d7e,8ecedccf-c230-516b-bbc2-108f7a6fbe63,2026-05-25,2026-05-31,51.61,15.55,87.66,v1.0.0,2026-06-24T16:42:17.588802+00:00,74bff84c-0733-446b-a298-2f91515a201d
2082733c-4e17-51fe-bc8c-bf33d3ec5d7e,8ecedccf-c230-516b-bbc2-108f7a6fbe63,2026-06-01,2026-06-07,51.51,15.45,87.57,v1.0.0,2026-06-24T16:42:17.588802+00:00,74bff84c-0733-446b-a298-2f91515a201d
2082733c-4e17-51fe-bc8c-bf33d3ec5d7e,8ecedccf-c230-516b-bbc2-108f7a6fbe63,2026-06-08,2026-06-14,52.84,16.78,88.9,v1.0.0,2026-06-24T16:42:17.588802+00:00,74bff84c-0733-446b-a298-2f91515a201d
2082733c-4e17-51fe-bc8c-bf33d3ec5d7e,8ecedccf-c230-516b-bbc2-108f7a6fbe63,2026-06-15,2026-06-21,52.8,16.75,88.86,v1.0.0,2026-06-24T16:42:17.588802+00:00,74bff84c-0733-446b-a298-2f91515a201d
2082733c-4e17-51fe-bc8c-bf33d3ec5d7e,8ecedccf-c230-516b-bbc2-108f7a6fbe63,2026-06-22,2026-06-28,52.28,16.22,88.33,v1.0.0,2026-06-24T16:42:17.588802+00:00,74bff84c-0733-446b-a298-2f91515a201d
2082733c-4e17-51fe-bc8c-bf33d3ec5d7e,8ecedccf-c230-516b-bbc2-108f7a6fbe63,2026-06-29,2026-07-05,53.31,17.25,89.37,v1.0.0,2026-06-24T16:42:17.588802+00:00,74bff84c-0733-446b-a298-2f91515a201d
2082733c-4e17-51fe-bc8c-bf33d3ec5d7e,8ecedccf-c230-516b-bbc2-108f7a6fbe63,2026-07-06,2026-07-12,51.92,15.86,87.98,v1.0.0,2026-06-24T16:42:17.588802+00:00,74bff84c-0733-446b-a298-2f91515a201d
2082733c-4e17-51fe-bc8c-bf33d3ec5d7e,8ecedccf-c230-516b-bbc2-108f7a6fbe63,2026-07-13,2026-07-19,52.26,16.2,88.32,v1.0.0,2026-06-24T16:42:17.588802+00:00,74bff84c-0733-446b-a298-2f91515a201d
2082733c-4e17-51fe-bc8c-bf33d3ec5d7e,8ecedccf-c230-516b-bbc2-108f7a6fbe63,2026-07-20,2026-07-26,52.24,16.18,88.3,v1.0.0,2026-06-24T16:42:17.588802+00:00,74bff84c-0733-446b-a298-2f91515a201d
2082733c-4e17-51fe-bc8c-bf33d3ec5d7e,8ecedccf-c230-516b-bbc2-108f7a6fbe63,2026-07-27,2026-08-02,52.19,16.14,88.25,v1.0.0,2026-06-24T16:42:17.588802+00:00,74bff84c-0733-446b-a298-2f91515a201d
2082733c-4e17-51fe-bc8c-bf33d3ec5d7e,d6f21f11-7533-52dd-a4dc-2fb8e260c02c,2026-05-11,2026-05-17,48.62,12.56,84.68,v1.0.0,2026-06-24T16:42:17.588802+00:00,74bff84c-0733-446b-a298-2f91515a201d
2082733c-4e17-51fe-bc8c-bf33d3ec5d7e,d6f21f11-7533-52dd-a4dc-2fb8e260c02c,2026-05-18,2026-05-24,50.72,14.67,86.78,v1.0.0,2026-06-24T16:42:17.588802+00:00,74bff84c-0733-446b-a298-2f91515a201d
2082733c-4e17-51fe-bc8c-bf33d3ec5d7e,d6f21f11-7533-52dd-a4dc-2fb8e260c02c,2026-05-25,2026-05-31,46.12,10.07,82.18,v1.0.0,2026-06-24T16:42:17.588802+00:00,74bff84c-0733-446b-a298-2f91515a201d
2082733c-4e17-51fe-bc8c-bf33d3ec5d7e,d6f21f11-7533-52dd-a4dc-2fb8e260c02c,2026-06-01,2026-06-07,49.04,12.98,85.1,v1.0.0,2026-06-24T16:42:17.588802+00:00,74bff84c-0733-446b-a298-2f91515a201d
2082733c-4e17-51fe-bc8c-bf33d3ec5d7e,d6f21f11-7533-52dd-a4dc-2fb8e260c02c,2026-06-08,2026-06-14,49.64,13.58,85.7,v1.0.0,2026-06-24T16:42:17.588802+00:00,74bff84c-0733-446b-a298-2f91515a201d
2082733c-4e17-51fe-bc8c-bf33d3ec5d7e,d6f21f11-7533-52dd-a4dc-2fb8e260c02c,2026-06-15,2026-06-21,49.07,13.01,85.13,v1.0.0,2026-06-24T16:42:17.588802+00:00,74bff84c-0733-446b-a298-2f91515a201d
2082733c-4e17-51fe-bc8c-bf33d3ec5d7e,d6f21f11-7533-52dd-a4dc-2fb8e260c02c,2026-06-22,2026-06-28,52.26,16.2,88.32,v1.0.0,2026-06-24T16:42:17.588802+00:00,74bff84c-0733-446b-a298-2f91515a201d
2082733c-4e17-51fe-bc8c-bf33d3ec5d7e,d6f21f11-7533-52dd-a4dc-2fb8e260c02c,2026-06-29,2026-07-05,50.52,14.46,86.58,v1.0.0,2026-06-24T16:42:17.588802+00:00,74bff84c-0733-446b-a298-2f91515a201d
2082733c-4e17-51fe-bc8c-bf33d3ec5d7e,d6f21f11-7533-52dd-a4dc-2fb8e260c02c,2026-07-06,2026-07-12,48.17,12.11,84.23,v1.0.0,2026-06-24T16:42:17.588802+00:00,74bff84c-0733-446b-a298-2f91515a201d
2082733c-4e17-51fe-bc8c-bf33d3ec5d7e,d6f21f11-7533-52dd-a4dc-2fb8e260c02c,2026-07-13,2026-07-19,49.1,13.04,85.16,v1.0.0,2026-06-24T16:42:17.588802+00:00,74bff84c-0733-446b-a298-2f91515a201d
2082733c-4e17-51fe-bc8c-bf33d3ec5d7e,d6f21f11-7533-52dd-a4dc-2fb8e260c02c,2026-07-20,2026-07-26,47.26,11.2,83.32,v1.0.0,2026-06-24T16:42:17.588802+00:00,74bff84c-0733-446b-a298-2f91515a201d
2082733c-4e17-51fe-bc8c-bf33d3ec5d7e,d6f21f11-7533-52dd-a4dc-2fb8e260c02c,2026-07-27,2026-08-02,48.13,12.08,84.19,v1.0.0,2026-06-24T16:42:17.588802+00:00,74bff84c-0733-446b-a298-2f91515a201d
22231140-3780-5fe8-a7d4-d33f61d15111,26f7241d-a84e-5e4a-a43d-33eea1e54eea,2026-05-11,2026-05-17,33.5,0.0,69.56,v1.0.0,2026-06-24T16:42:17.588802+00:00,74bff84c-0733-446b-a298-2f91515a201d
22231140-3780-5fe8-a7d4-d33f61d15111,26f7241d-a84e-5e4a-a43d-33eea1e54eea,2026-05-18,2026-05-24,40.93,4.87,76.99,v1.0.0,2026-06-24T16:42:17.588802+00:00,74bff84c-0733-446b-a298-2f91515a201d
22231140-3780-5fe8-a7d4-d33f61d15111,26f7241d-a84e-5e4a-a43d-33eea1e54eea,2026-05-25,2026-05-31,30.53,0.0,66.59,v1.0.0,2026-06-24T16:42:17.588802+00:00,74bff84c-0733-446b-a298-2f91515a201d
22231140-3780-5fe8-a7d4-d33f61d15111,26f7241d-a84e-5e4a-a43d-33eea1e54eea,2026-06-01,2026-06-07,39.85,3.79,75.91,v1.0.0,2026-06-24T16:42:17.588802+00:00,74bff84c-0733-446b-a298-2f91515a201d
22231140-3780-5fe8-a7d4-d33f61d15111,26f7241d-a84e-5e4a-a43d-33eea1e54eea,2026-06-08,2026-06-14,40.43,4.37,76.49,v1.0.0,2026-06-24T16:42:17.588802+00:00,74bff84c-0733-446b-a298-2f91515a201d
22231140-3780-5fe8-a7d4-d33f61d15111,26f7241d-a84e-5e4a-a43d-33eea1e54eea,2026-06-15,2026-06-21,38.03,1.97,74.09,v1.0.0,2026-06-24T16:42:17.588802+00:00,74bff84c-0733-446b-a298-2f91515a201d
22231140-3780-5fe8-a7d4-d33f61d15111,26f7241d-a84e-5e4a-a43d-33eea1e54eea,2026-06-22,2026-06-28,32.39,0.0,68.45,v1.0.0,2026-06-24T16:42:17.588802+00:00,74bff84c-0733-446b-a298-2f91515a201d
22231140-3780-5fe8-a7d4-d33f61d15111,26f7241d-a84e-5e4a-a43d-33eea1e54eea,2026-06-29,2026-07-05,38.75,2.69,74.81,v1.0.0,2026-06-24T16:42:17.588802+00:00,74bff84c-0733-446b-a298-2f91515a201d
22231140-3780-5fe8-a7d4-d33f61d15111,26f7241d-a84e-5e4a-a43d-33eea1e54eea,2026-07-06,2026-07-12,40.16,4.1,76.21,v1.0.0,2026-06-24T16:42:17.588802+00:00,74bff84c-0733-446b-a298-2f91515a201d
22231140-3780-5fe8-a7d4-d33f61d15111,26f7241d-a84e-5e4a-a43d-33eea1e54eea,2026-07-13,2026-07-19,35.63,0.0,71.69,v1.0.0,2026-06-24T16:42:17.588802+00:00,74bff84c-0733-446b-a298-2f91515a201d
22231140-3780-5fe8-a7d4-d33f61d15111,26f7241d-a84e-5e4a-a43d-33eea1e54eea,2026-07-20,2026-07-26,41.79,5.73,77.85,v1.0.0,2026-06-24T16:42:17.588802+00:00,74bff84c-0733-446b-a298-2f91515a201d
22231140-3780-5fe8-a7d4-d33f61d15111,26f7241d-a84e-5e4a-a43d-33eea1e54eea,2026-07-27,2026-08-02,36.0,0.0,72.05,v1.0.0,2026-06-24T16:42:17.588802+00:00,74bff84c-0733-446b-a298-2f91515a201d
22231140-3780-5fe8-a7d4-d33f61d15111,43616d97-2221-569d-82eb-bcc14bcd6344,2026-05-11,2026-05-17,37.69,1.63,73.75,v1.0.0,2026-06-24T16:42:17.588802+00:00,74bff84c-0733-446b-a298-2f91515a201d
22231140-3780-5fe8-a7d4-d33f61d15111,43616d97-2221-569d-82eb-bcc14bcd6344,2026-05-18,2026-05-24,33.01,0.0,69.06,v1.0.0,2026-06-24T16:42:17.588802+00:00,74bff84c-0733-446b-a298-2f91515a201d
22231140-3780-5fe8-a7d4-d33f61d15111,43616d97-2221-569d-82eb-bcc14bcd6344,2026-05-25,2026-05-31,29.92,0.0,65.98,v1.0.0,2026-06-24T16:42:17.588802+00:00,74bff84c-0733-446b-a298-2f91515a201d
22231140-3780-5fe8-a7d4-d33f61d15111,43616d97-2221-569d-82eb-bcc14bcd6344,2026-06-01,2026-06-07,31.3,0.0,67.36,v1.0.0,2026-06-24T16:42:17.588802+00:00,74bff84c-0733-446b-a298-2f91515a201d
22231140-3780-5fe8-a7d4-d33f61d15111,43616d97-2221-569d-82eb-bcc14bcd6344,2026-06-08,2026-06-14,34.3,0.0,70.36,v1.0.0,2026-06-24T16:42:17.588802+00:00,74bff84c-0733-446b-a298-2f91515a201d
22231140-3780-5fe8-a7d4-d33f61d15111,43616d97-2221-569d-82eb-bcc14bcd6344,2026-06-15,2026-06-21,30.92,0.0,66.98,v1.0.0,2026-06-24T16:42:17.588802+00:00,74bff84c-0733-446b-a298-2f91515a201d
22231140-3780-5fe8-a7d4-d33f61d15111,43616d97-2221-569d-82eb-bcc14bcd6344,2026-06-22,2026-06-28,31.78,0.0,67.84,v1.0.0,2026-06-24T16:42:17.588802+00:00,74bff84c-0733-446b-a298-2f91515a201d
22231140-3780-5fe8-a7d4-d33f61d15111,43616d97-2221-569d-82eb-bcc14bcd6344,2026-06-29,2026-07-05,39.72,3.66,75.78,v1.0.0,2026-06-24T16:42:17.588802+00:00,74bff84c-0733-446b-a298-2f91515a201d
22231140-3780-5fe8-a7d4-d33f61d15111,43616d97-2221-569d-82eb-bcc14bcd6344,2026-07-06,2026-07-12,33.44,0.0,69.5,v1.0.0,2026-06-24T16:42:17.588802+00:00,74bff84c-0733-446b-a298-2f91515a201d
22231140-3780-5fe8-a7d4-d33f61d15111,43616d97-2221-569d-82eb-bcc14bcd6344,2026-07-13,2026-07-19,26.91,0.0,62.97,v1.0.0,2026-06-24T16:42:17.588802+00:00,74bff84c-0733-446b-a298-2f91515a201d
22231140-3780-5fe8-a7d4-d33f61d15111,43616d97-2221-569d-82eb-bcc14bcd6344,2026-07-20,2026-07-26,37.96,1.9,74.02,v1.0.0,2026-06-24T16:42:17.588802+00:00,74bff84c-0733-446b-a298-2f91515a201d
22231140-3780-5fe8-a7d4-d33f61d15111,43616d97-2221-569d-82eb-bcc14bcd6344,2026-07-27,2026-08-02,31.6,0.0,67.66,v1.0.0,2026-06-24T16:42:17.588802+00:00,74bff84c-0733-446b-a298-2f91515a201d
22231140-3780-5fe8-a7d4-d33f61d15111,7fb983e8-6848-5425-97a2-14da72722d0f,2026-05-11,2026-05-17,22.22,0.0,58.27,v1.0.0,2026-06-24T16:42:17.588802+00:00,74bff84c-0733-446b-a298-2f91515a201d
22231140-3780-5fe8-a7d4-d33f61d15111,7fb983e8-6848-5425-97a2-14da72722d0f,2026-05-18,2026-05-24,29.96,0.0,66.02,v1.0.0,2026-06-24T16:42:17.588802+00:00,74bff84c-0733-446b-a298-2f91515a201d
22231140-3780-5fe8-a7d4-d33f61d15111,7fb983e8-6848-5425-97a2-14da72722d0f,2026-05-25,2026-05-31,24.07,0.0,60.13,v1.0.0,2026-06-24T16:42:17.588802+00:00,74bff84c-0733-446b-a298-2f91515a201d
22231140-3780-5fe8-a7d4-d33f61d15111,7fb983e8-6848-5425-97a2-14da72722d0f,2026-06-01,2026-06-07,28.45,0.0,64.5,v1.0.0,2026-06-24T16:42:17.588802+00:00,74bff84c-0733-446b-a298-2f91515a201d
22231140-3780-5fe8-a7d4-d33f61d15111,7fb983e8-6848-5425-97a2-14da72722d0f,2026-06-08,2026-06-14,26.63,0.0,62.69,v1.0.0,2026-06-24T16:42:17.588802+00:00,74bff84c-0733-446b-a298-2f91515a201d
22231140-3780-5fe8-a7d4-d33f61d15111,7fb983e8-6848-5425-97a2-14da72722d0f,2026-06-15,2026-06-21,25.19,0.0,61.25,v1.0.0,2026-06-24T16:42:17.588802+00:00,74bff84c-0733-446b-a298-2f91515a201d
22231140-3780-5fe8-a7d4-d33f61d15111,7fb983e8-6848-5425-97a2-14da72722d0f,2026-06-22,2026-06-28,26.27,0.0,62.32,v1.0.0,2026-06-24T16:42:17.588802+00:00,74bff84c-0733-446b-a298-2f91515a201d
22231140-3780-5fe8-a7d4-d33f61d15111,7fb983e8-6848-5425-97a2-14da72722d0f,2026-06-29,2026-07-05,29.59,0.0,65.65,v1.0.0,2026-06-24T16:42:17.588802+00:00,74bff84c-0733-446b-a298-2f91515a201d
22231140-3780-5fe8-a7d4-d33f61d15111,7fb983e8-6848-5425-97a2-14da72722d0f,2026-07-06,2026-07-12,24.99,0.0,61.04,v1.0.0,2026-06-24T16:42:17.588802+00:00,74bff84c-0733-446b-a298-2f91515a201d
22231140-3780-5fe8-a7d4-d33f61d15111,7fb983e8-6848-5425-97a2-14da72722d0f,2026-07-13,2026-07-19,23.5,0.0,59.56,v1.0.0,2026-06-24T16:42:17.588802+00:00,74bff84c-0733-446b-a298-2f91515a201d
22231140-3780-5fe8-a7d4-d33f61d15111,7fb983e8-6848-5425-97a2-14da72722d0f,2026-07-20,2026-07-26,28.18,0.0,64.24,v1.0.0,2026-06-24T16:42:17.588802+00:00,74bff84c-0733-446b-a298-2f91515a201d
22231140-3780-5fe8-a7d4-d33f61d15111,7fb983e8-6848-5425-97a2-14da72722d0f,2026-07-27,2026-08-02,25.42,0.0,61.48,v1.0.0,2026-06-24T16:42:17.588802+00:00,74bff84c-0733-446b-a298-2f91515a201d
22231140-3780-5fe8-a7d4-d33f61d15111,8ecedccf-c230-516b-bbc2-108f7a6fbe63,2026-05-11,2026-05-17,26.86,0.0,62.91,v1.0.0,2026-06-24T16:42:17.588802+00:00,74bff84c-0733-446b-a298-2f91515a201d
22231140-3780-5fe8-a7d4-d33f61d15111,8ecedccf-c230-516b-bbc2-108f7a6fbe63,2026-05-18,2026-05-24,26.79,0.0,62.84,v1.0.0,2026-06-24T16:42:17.588802+00:00,74bff84c-0733-446b-a298-2f91515a201d
22231140-3780-5fe8-a7d4-d33f61d15111,8ecedccf-c230-516b-bbc2-108f7a6fbe63,2026-05-25,2026-05-31,26.85,0.0,62.91,v1.0.0,2026-06-24T16:42:17.588802+00:00,74bff84c-0733-446b-a298-2f91515a201d
22231140-3780-5fe8-a7d4-d33f61d15111,8ecedccf-c230-516b-bbc2-108f7a6fbe63,2026-06-01,2026-06-07,26.81,0.0,62.86,v1.0.0,2026-06-24T16:42:17.588802+00:00,74bff84c-0733-446b-a298-2f91515a201d
22231140-3780-5fe8-a7d4-d33f61d15111,8ecedccf-c230-516b-bbc2-108f7a6fbe63,2026-06-08,2026-06-14,27.58,0.0,63.64,v1.0.0,2026-06-24T16:42:17.588802+00:00,74bff84c-0733-446b-a298-2f91515a201d
22231140-3780-5fe8-a7d4-d33f61d15111,8ecedccf-c230-516b-bbc2-108f7a6fbe63,2026-06-15,2026-06-21,26.31,0.0,62.37,v1.0.0,2026-06-24T16:42:17.588802+00:00,74bff84c-0733-446b-a298-2f91515a201d
22231140-3780-5fe8-a7d4-d33f61d15111,8ecedccf-c230-516b-bbc2-108f7a6fbe63,2026-06-22,2026-06-28,26.86,0.0,62.92,v1.0.0,2026-06-24T16:42:17.588802+00:00,74bff84c-0733-446b-a298-2f91515a201d
22231140-3780-5fe8-a7d4-d33f61d15111,8ecedccf-c230-516b-bbc2-108f7a6fbe63,2026-06-29,2026-07-05,27.22,0.0,63.28,v1.0.0,2026-06-24T16:42:17.588802+00:00,74bff84c-0733-446b-a298-2f91515a201d
22231140-3780-5fe8-a7d4-d33f61d15111,8ecedccf-c230-516b-bbc2-108f7a6fbe63,2026-07-06,2026-07-12,26.72,0.0,62.78,v1.0.0,2026-06-24T16:42:17.588802+00:00,74bff84c-0733-446b-a298-2f91515a201d
22231140-3780-5fe8-a7d4-d33f61d15111,8ecedccf-c230-516b-bbc2-108f7a6fbe63,2026-07-13,2026-07-19,26.17,0.0,62.23,v1.0.0,2026-06-24T16:42:17.588802+00:00,74bff84c-0733-446b-a298-2f91515a201d
22231140-3780-5fe8-a7d4-d33f61d15111,8ecedccf-c230-516b-bbc2-108f7a6fbe63,2026-07-20,2026-07-26,26.59,0.0,62.65,v1.0.0,2026-06-24T16:42:17.588802+00:00,74bff84c-0733-446b-a298-2f91515a201d
22231140-3780-5fe8-a7d4-d33f61d15111,8ecedccf-c230-516b-bbc2-108f7a6fbe63,2026-07-27,2026-08-02,27.12,0.0,63.18,v1.0.0,2026-06-24T16:42:17.588802+00:00,74bff84c-0733-446b-a298-2f91515a201d
22231140-3780-5fe8-a7d4-d33f61d15111,d6f21f11-7533-52dd-a4dc-2fb8e260c02c,2026-05-11,2026-05-17,25.08,0.0,61.14,v1.0.0,2026-06-24T16:42:17.588802+00:00,74bff84c-0733-446b-a298-2f91515a201d
22231140-3780-5fe8-a7d4-d33f61d15111,d6f21f11-7533-52dd-a4dc-2fb8e260c02c,2026-05-18,2026-05-24,26.46,0.0,62.51,v1.0.0,2026-06-24T16:42:17.588802+00:00,74bff84c-0733-446b-a298-2f91515a201d
22231140-3780-5fe8-a7d4-d33f61d15111,d6f21f11-7533-52dd-a4dc-2fb8e260c02c,2026-05-25,2026-05-31,26.33,0.0,62.39,v1.0.0,2026-06-24T16:42:17.588802+00:00,74bff84c-0733-446b-a298-2f91515a201d
22231140-3780-5fe8-a7d4-d33f61d15111,d6f21f11-7533-52dd-a4dc-2fb8e260c02c,2026-06-01,2026-06-07,26.9,0.0,62.95,v1.0.0,2026-06-24T16:42:17.588802+00:00,74bff84c-0733-446b-a298-2f91515a201d
22231140-3780-5fe8-a7d4-d33f61d15111,d6f21f11-7533-52dd-a4dc-2fb8e260c02c,2026-06-08,2026-06-14,25.4,0.0,61.45,v1.0.0,2026-06-24T16:42:17.588802+00:00,74bff84c-0733-446b-a298-2f91515a201d
22231140-3780-5fe8-a7d4-d33f61d15111,d6f21f11-7533-52dd-a4dc-2fb8e260c02c,2026-06-15,2026-06-21,25.21,0.0,61.27,v1.0.0,2026-06-24T16:42:17.588802+00:00,74bff84c-0733-446b-a298-2f91515a201d
22231140-3780-5fe8-a7d4-d33f61d15111,d6f21f11-7533-52dd-a4dc-2fb8e260c02c,2026-06-22,2026-06-28,26.38,0.0,62.44,v1.0.0,2026-06-24T16:42:17.588802+00:00,74bff84c-0733-446b-a298-2f91515a201d
22231140-3780-5fe8-a7d4-d33f61d15111,d6f21f11-7533-52dd-a4dc-2fb8e260c02c,2026-06-29,2026-07-05,26.47,0.0,62.53,v1.0.0,2026-06-24T16:42:17.588802+00:00,74bff84c-0733-446b-a298-2f91515a201d
22231140-3780-5fe8-a7d4-d33f61d15111,d6f21f11-7533-52dd-a4dc-2fb8e260c02c,2026-07-06,2026-07-12,24.86,0.0,60.92,v1.0.0,2026-06-24T16:42:17.588802+00:00,74bff84c-0733-446b-a298-2f91515a201d
22231140-3780-5fe8-a7d4-d33f61d15111,d6f21f11-7533-52dd-a4dc-2fb8e260c02c,2026-07-13,2026-07-19,25.64,0.0,61.7,v1.0.0,2026-06-24T16:42:17.588802+00:00,74bff84c-0733-446b-a298-2f91515a201d
22231140-3780-5fe8-a7d4-d33f61d15111,d6f21f11-7533-52dd-a4dc-2fb8e260c02c,2026-07-20,2026-07-26,26.08,0.0,62.14,v1.0.0,2026-06-24T16:42:17.588802+00:00,74bff84c-0733-446b-a298-2f91515a201d
22231140-3780-5fe8-a7d4-d33f61d15111,d6f21f11-7533-52dd-a4dc-2fb8e260c02c,2026-07-27,2026-08-02,25.1,0.0,61.15,v1.0.0,2026-06-24T16:42:17.588802+00:00,74bff84c-0733-446b-a298-2f91515a201d
2897aac2-f219-5167-b800-73fac27f6b85,26f7241d-a84e-5e4a-a43d-33eea1e54eea,2026-05-11,2026-05-17,41.76,5.7,77.81,v1.0.0,2026-06-24T16:42:17.588802+00:00,74bff84c-0733-446b-a298-2f91515a201d
2897aac2-f219-5167-b800-73fac27f6b85,26f7241d-a84e-5e4a-a43d-33eea1e54eea,2026-05-18,2026-05-24,49.41,13.35,85.47,v1.0.0,2026-06-24T16:42:17.588802+00:00,74bff84c-0733-446b-a298-2f91515a201d
2897aac2-f219-5167-b800-73fac27f6b85,26f7241d-a84e-5e4a-a43d-33eea1e54eea,2026-05-25,2026-05-31,47.55,11.49,83.6,v1.0.0,2026-06-24T16:42:17.588802+00:00,74bff84c-0733-446b-a298-2f91515a201d
2897aac2-f219-5167-b800-73fac27f6b85,26f7241d-a84e-5e4a-a43d-33eea1e54eea,2026-06-01,2026-06-07,43.46,7.41,79.52,v1.0.0,2026-06-24T16:42:17.588802+00:00,74bff84c-0733-446b-a298-2f91515a201d
2897aac2-f219-5167-b800-73fac27f6b85,26f7241d-a84e-5e4a-a43d-33eea1e54eea,2026-06-08,2026-06-14,48.65,12.59,84.71,v1.0.0,2026-06-24T16:42:17.588802+00:00,74bff84c-0733-446b-a298-2f91515a201d
2897aac2-f219-5167-b800-73fac27f6b85,26f7241d-a84e-5e4a-a43d-33eea1e54eea,2026-06-15,2026-06-21,54.28,18.22,90.34,v1.0.0,2026-06-24T16:42:17.588802+00:00,74bff84c-0733-446b-a298-2f91515a201d
2897aac2-f219-5167-b800-73fac27f6b85,26f7241d-a84e-5e4a-a43d-33eea1e54eea,2026-06-22,2026-06-28,44.19,8.13,80.25,v1.0.0,2026-06-24T16:42:17.588802+00:00,74bff84c-0733-446b-a298-2f91515a201d
2897aac2-f219-5167-b800-73fac27f6b85,26f7241d-a84e-5e4a-a43d-33eea1e54eea,2026-06-29,2026-07-05,52.63,16.57,88.69,v1.0.0,2026-06-24T16:42:17.588802+00:00,74bff84c-0733-446b-a298-2f91515a201d
2897aac2-f219-5167-b800-73fac27f6b85,26f7241d-a84e-5e4a-a43d-33eea1e54eea,2026-07-06,2026-07-12,49.14,13.08,85.2,v1.0.0,2026-06-24T16:42:17.588802+00:00,74bff84c-0733-446b-a298-2f91515a201d
2897aac2-f219-5167-b800-73fac27f6b85,26f7241d-a84e-5e4a-a43d-33eea1e54eea,2026-07-13,2026-07-19,48.03,11.98,84.09,v1.0.0,2026-06-24T16:42:17.588802+00:00,74bff84c-0733-446b-a298-2f91515a201d
2897aac2-f219-5167-b800-73fac27f6b85,26f7241d-a84e-5e4a-a43d-33eea1e54eea,2026-07-20,2026-07-26,52.43,16.37,88.49,v1.0.0,2026-06-24T16:42:17.588802+00:00,74bff84c-0733-446b-a298-2f91515a201d
2897aac2-f219-5167-b800-73fac27f6b85,26f7241d-a84e-5e4a-a43d-33eea1e54eea,2026-07-27,2026-08-02,54.49,18.43,90.55,v1.0.0,2026-06-24T16:42:17.588802+00:00,74bff84c-0733-446b-a298-2f91515a201d
2897aac2-f219-5167-b800-73fac27f6b85,43616d97-2221-569d-82eb-bcc14bcd6344,2026-05-11,2026-05-17,41.81,5.75,77.87,v1.0.0,2026-06-24T16:42:17.588802+00:00,74bff84c-0733-446b-a298-2f91515a201d
2897aac2-f219-5167-b800-73fac27f6b85,43616d97-2221-569d-82eb-bcc14bcd6344,2026-05-18,2026-05-24,45.34,9.28,81.4,v1.0.0,2026-06-24T16:42:17.588802+00:00,74bff84c-0733-446b-a298-2f91515a201d
2897aac2-f219-5167-b800-73fac27f6b85,43616d97-2221-569d-82eb-bcc14bcd6344,2026-05-25,2026-05-31,48.03,11.97,84.09,v1.0.0,2026-06-24T16:42:17.588802+00:00,74bff84c-0733-446b-a298-2f91515a201d
2897aac2-f219-5167-b800-73fac27f6b85,43616d97-2221-569d-82eb-bcc14bcd6344,2026-06-01,2026-06-07,48.39,12.33,84.45,v1.0.0,2026-06-24T16:42:17.588802+00:00,74bff84c-0733-446b-a298-2f91515a201d
2897aac2-f219-5167-b800-73fac27f6b85,43616d97-2221-569d-82eb-bcc14bcd6344,2026-06-08,2026-06-14,48.38,12.32,84.44,v1.0.0,2026-06-24T16:42:17.588802+00:00,74bff84c-0733-446b-a298-2f91515a201d
2897aac2-f219-5167-b800-73fac27f6b85,43616d97-2221-569d-82eb-bcc14bcd6344,2026-06-15,2026-06-21,42.94,6.88,78.99,v1.0.0,2026-06-24T16:42:17.588802+00:00,74bff84c-0733-446b-a298-2f91515a201d
2897aac2-f219-5167-b800-73fac27f6b85,43616d97-2221-569d-82eb-bcc14bcd6344,2026-06-22,2026-06-28,44.87,8.81,80.93,v1.0.0,2026-06-24T16:42:17.588802+00:00,74bff84c-0733-446b-a298-2f91515a201d
2897aac2-f219-5167-b800-73fac27f6b85,43616d97-2221-569d-82eb-bcc14bcd6344,2026-06-29,2026-07-05,47.93,11.88,83.99,v1.0.0,2026-06-24T16:42:17.588802+00:00,74bff84c-0733-446b-a298-2f91515a201d
2897aac2-f219-5167-b800-73fac27f6b85,43616d97-2221-569d-82eb-bcc14bcd6344,2026-07-06,2026-07-12,57.93,21.87,93.99,v1.0.0,2026-06-24T16:42:17.588802+00:00,74bff84c-0733-446b-a298-2f91515a201d
2897aac2-f219-5167-b800-73fac27f6b85,43616d97-2221-569d-82eb-bcc14bcd6344,2026-07-13,2026-07-19,48.12,12.06,84.17,v1.0.0,2026-06-24T16:42:17.588802+00:00,74bff84c-0733-446b-a298-2f91515a201d
2897aac2-f219-5167-b800-73fac27f6b85,43616d97-2221-569d-82eb-bcc14bcd6344,2026-07-20,2026-07-26,45.89,9.83,81.95,v1.0.0,2026-06-24T16:42:17.588802+00:00,74bff84c-0733-446b-a298-2f91515a201d
2897aac2-f219-5167-b800-73fac27f6b85,43616d97-2221-569d-82eb-bcc14bcd6344,2026-07-27,2026-08-02,43.13,7.08,79.19,v1.0.0,2026-06-24T16:42:17.588802+00:00,74bff84c-0733-446b-a298-2f91515a201d
2897aac2-f219-5167-b800-73fac27f6b85,7fb983e8-6848-5425-97a2-14da72722d0f,2026-05-11,2026-05-17,42.25,6.19,78.31,v1.0.0,2026-06-24T16:42:17.588802+00:00,74bff84c-0733-446b-a298-2f91515a201d
2897aac2-f219-5167-b800-73fac27f6b85,7fb983e8-6848-5425-97a2-14da72722d0f,2026-05-18,2026-05-24,36.21,0.15,72.27,v1.0.0,2026-06-24T16:42:17.588802+00:00,74bff84c-0733-446b-a298-2f91515a201d
2897aac2-f219-5167-b800-73fac27f6b85,7fb983e8-6848-5425-97a2-14da72722d0f,2026-05-25,2026-05-31,59.73,23.68,95.79,v1.0.0,2026-06-24T16:42:17.588802+00:00,74bff84c-0733-446b-a298-2f91515a201d
2897aac2-f219-5167-b800-73fac27f6b85,7fb983e8-6848-5425-97a2-14da72722d0f,2026-06-01,2026-06-07,41.32,5.26,77.38,v1.0.0,2026-06-24T16:42:17.588802+00:00,74bff84c-0733-446b-a298-2f91515a201d
2897aac2-f219-5167-b800-73fac27f6b85,7fb983e8-6848-5425-97a2-14da72722d0f,2026-06-08,2026-06-14,44.03,7.97,80.09,v1.0.0,2026-06-24T16:42:17.588802+00:00,74bff84c-0733-446b-a298-2f91515a201d
2897aac2-f219-5167-b800-73fac27f6b85,7fb983e8-6848-5425-97a2-14da72722d0f,2026-06-15,2026-06-21,37.4,1.34,73.46,v1.0.0,2026-06-24T16:42:17.588802+00:00,74bff84c-0733-446b-a298-2f91515a201d
2897aac2-f219-5167-b800-73fac27f6b85,7fb983e8-6848-5425-97a2-14da72722d0f,2026-06-22,2026-06-28,39.59,3.53,75.65,v1.0.0,2026-06-24T16:42:17.588802+00:00,74bff84c-0733-446b-a298-2f91515a201d
2897aac2-f219-5167-b800-73fac27f6b85,7fb983e8-6848-5425-97a2-14da72722d0f,2026-06-29,2026-07-05,42.57,6.51,78.62,v1.0.0,2026-06-24T16:42:17.588802+00:00,74bff84c-0733-446b-a298-2f91515a201d
2897aac2-f219-5167-b800-73fac27f6b85,7fb983e8-6848-5425-97a2-14da72722d0f,2026-07-06,2026-07-12,51.34,15.28,87.4,v1.0.0,2026-06-24T16:42:17.588802+00:00,74bff84c-0733-446b-a298-2f91515a201d
2897aac2-f219-5167-b800-73fac27f6b85,7fb983e8-6848-5425-97a2-14da72722d0f,2026-07-13,2026-07-19,76.67,40.61,112.73,v1.0.0,2026-06-24T16:42:17.588802+00:00,74bff84c-0733-446b-a298-2f91515a201d
2897aac2-f219-5167-b800-73fac27f6b85,7fb983e8-6848-5425-97a2-14da72722d0f,2026-07-20,2026-07-26,35.37,0.0,71.43,v1.0.0,2026-06-24T16:42:17.588802+00:00,74bff84c-0733-446b-a298-2f91515a201d
2897aac2-f219-5167-b800-73fac27f6b85,7fb983e8-6848-5425-97a2-14da72722d0f,2026-07-27,2026-08-02,46.75,10.69,82.81,v1.0.0,2026-06-24T16:42:17.588802+00:00,74bff84c-0733-446b-a298-2f91515a201d
2897aac2-f219-5167-b800-73fac27f6b85,8ecedccf-c230-516b-bbc2-108f7a6fbe63,2026-05-11,2026-05-17,48.83,12.78,84.89,v1.0.0,2026-06-24T16:42:17.588802+00:00,74bff84c-0733-446b-a298-2f91515a201d
2897aac2-f219-5167-b800-73fac27f6b85,8ecedccf-c230-516b-bbc2-108f7a6fbe63,2026-05-18,2026-05-24,49.96,13.91,86.02,v1.0.0,2026-06-24T16:42:17.588802+00:00,74bff84c-0733-446b-a298-2f91515a201d
2897aac2-f219-5167-b800-73fac27f6b85,8ecedccf-c230-516b-bbc2-108f7a6fbe63,2026-05-25,2026-05-31,47.28,11.22,83.34,v1.0.0,2026-06-24T16:42:17.588802+00:00,74bff84c-0733-446b-a298-2f91515a201d
2897aac2-f219-5167-b800-73fac27f6b85,8ecedccf-c230-516b-bbc2-108f7a6fbe63,2026-06-01,2026-06-07,57.19,21.13,93.25,v1.0.0,2026-06-24T16:42:17.588802+00:00,74bff84c-0733-446b-a298-2f91515a201d
2897aac2-f219-5167-b800-73fac27f6b85,8ecedccf-c230-516b-bbc2-108f7a6fbe63,2026-06-08,2026-06-14,46.83,10.77,82.89,v1.0.0,2026-06-24T16:42:17.588802+00:00,74bff84c-0733-446b-a298-2f91515a201d
2897aac2-f219-5167-b800-73fac27f6b85,8ecedccf-c230-516b-bbc2-108f7a6fbe63,2026-06-15,2026-06-21,52.88,16.82,88.94,v1.0.0,2026-06-24T16:42:17.588802+00:00,74bff84c-0733-446b-a298-2f91515a201d
2897aac2-f219-5167-b800-73fac27f6b85,8ecedccf-c230-516b-bbc2-108f7a6fbe63,2026-06-22,2026-06-28,54.98,18.93,91.04,v1.0.0,2026-06-24T16:42:17.588802+00:00,74bff84c-0733-446b-a298-2f91515a201d
2897aac2-f219-5167-b800-73fac27f6b85,8ecedccf-c230-516b-bbc2-108f7a6fbe63,2026-06-29,2026-07-05,50.37,14.32,86.43,v1.0.0,2026-06-24T16:42:17.588802+00:00,74bff84c-0733-446b-a298-2f91515a201d
2897aac2-f219-5167-b800-73fac27f6b85,8ecedccf-c230-516b-bbc2-108f7a6fbe63,2026-07-06,2026-07-12,48.77,12.71,84.83,v1.0.0,2026-06-24T16:42:17.588802+00:00,74bff84c-0733-446b-a298-2f91515a201d
2897aac2-f219-5167-b800-73fac27f6b85,8ecedccf-c230-516b-bbc2-108f7a6fbe63,2026-07-13,2026-07-19,48.62,12.56,84.68,v1.0.0,2026-06-24T16:42:17.588802+00:00,74bff84c-0733-446b-a298-2f91515a201d
2897aac2-f219-5167-b800-73fac27f6b85,8ecedccf-c230-516b-bbc2-108f7a6fbe63,2026-07-20,2026-07-26,46.7,10.64,82.76,v1.0.0,2026-06-24T16:42:17.588802+00:00,74bff84c-0733-446b-a298-2f91515a201d
2897aac2-f219-5167-b800-73fac27f6b85,8ecedccf-c230-516b-bbc2-108f7a6fbe63,2026-07-27,2026-08-02,48.42,12.36,84.48,v1.0.0,2026-06-24T16:42:17.588802+00:00,74bff84c-0733-446b-a298-2f91515a201d
2897aac2-f219-5167-b800-73fac27f6b85,d6f21f11-7533-52dd-a4dc-2fb8e260c02c,2026-05-11,2026-05-17,28.6,0.0,64.66,v1.0.0,2026-06-24T16:42:17.588802+00:00,74bff84c-0733-446b-a298-2f91515a201d
2897aac2-f219-5167-b800-73fac27f6b85,d6f21f11-7533-52dd-a4dc-2fb8e260c02c,2026-05-18,2026-05-24,33.29,0.0,69.35,v1.0.0,2026-06-24T16:42:17.588802+00:00,74bff84c-0733-446b-a298-2f91515a201d
2897aac2-f219-5167-b800-73fac27f6b85,d6f21f11-7533-52dd-a4dc-2fb8e260c02c,2026-05-25,2026-05-31,41.72,5.66,77.77,v1.0.0,2026-06-24T16:42:17.588802+00:00,74bff84c-0733-446b-a298-2f91515a201d
2897aac2-f219-5167-b800-73fac27f6b85,d6f21f11-7533-52dd-a4dc-2fb8e260c02c,2026-06-01,2026-06-07,45.74,9.68,81.8,v1.0.0,2026-06-24T16:42:17.588802+00:00,74bff84c-0733-446b-a298-2f91515a201d
2897aac2-f219-5167-b800-73fac27f6b85,d6f21f11-7533-52dd-a4dc-2fb8e260c02c,2026-06-08,2026-06-14,41.3,5.24,77.36,v1.0.0,2026-06-24T16:42:17.588802+00:00,74bff84c-0733-446b-a298-2f91515a201d
2897aac2-f219-5167-b800-73fac27f6b85,d6f21f11-7533-52dd-a4dc-2fb8e260c02c,2026-06-15,2026-06-21,46.12,10.06,82.18,v1.0.0,2026-06-24T16:42:17.588802+00:00,74bff84c-0733-446b-a298-2f91515a201d
2897aac2-f219-5167-b800-73fac27f6b85,d6f21f11-7533-52dd-a4dc-2fb8e260c02c,2026-06-22,2026-06-28,32.59,0.0,68.65,v1.0.0,2026-06-24T16:42:17.588802+00:00,74bff84c-0733-446b-a298-2f91515a201d
2897aac2-f219-5167-b800-73fac27f6b85,d6f21f11-7533-52dd-a4dc-2fb8e260c02c,2026-06-29,2026-07-05,34.3,0.0,70.36,v1.0.0,2026-06-24T16:42:17.588802+00:00,74bff84c-0733-446b-a298-2f91515a201d
2897aac2-f219-5167-b800-73fac27f6b85,d6f21f11-7533-52dd-a4dc-2fb8e260c02c,2026-07-06,2026-07-12,44.62,8.57,80.68,v1.0.0,2026-06-24T16:42:17.588802+00:00,74bff84c-0733-446b-a298-2f91515a201d
2897aac2-f219-5167-b800-73fac27f6b85,d6f21f11-7533-52dd-a4dc-2fb8e260c02c,2026-07-13,2026-07-19,32.11,0.0,68.16,v1.0.0,2026-06-24T16:42:17.588802+00:00,74bff84c-0733-446b-a298-2f91515a201d
2897aac2-f219-5167-b800-73fac27f6b85,d6f21f11-7533-52dd-a4dc-2fb8e260c02c,2026-07-20,2026-07-26,38.98,2.93,75.04,v1.0.0,2026-06-24T16:42:17.588802+00:00,74bff84c-0733-446b-a298-2f91515a201d
2897aac2-f219-5167-b800-73fac27f6b85,d6f21f11-7533-52dd-a4dc-2fb8e260c02c,2026-07-27,2026-08-02,35.59,0.0,71.65,v1.0.0,2026-06-24T16:42:17.588802+00:00,74bff84c-0733-446b-a298-2f91515a201d
2933d8b7-2438-521b-b38d-d3a5224f87fc,26f7241d-a84e-5e4a-a43d-33eea1e54eea,2026-05-11,2026-05-17,96.73,60.67,132.79,v1.0.0,2026-06-24T16:42:17.588802+00:00,74bff84c-0733-446b-a298-2f91515a201d
2933d8b7-2438-521b-b38d-d3a5224f87fc,26f7241d-a84e-5e4a-a43d-33eea1e54eea,2026-05-18,2026-05-24,105.4,69.35,141.46,v1.0.0,2026-06-24T16:42:17.588802+00:00,74bff84c-0733-446b-a298-2f91515a201d
2933d8b7-2438-521b-b38d-d3a5224f87fc,26f7241d-a84e-5e4a-a43d-33eea1e54eea,2026-05-25,2026-05-31,105.99,69.93,142.05,v1.0.0,2026-06-24T16:42:17.588802+00:00,74bff84c-0733-446b-a298-2f91515a201d
2933d8b7-2438-521b-b38d-d3a5224f87fc,26f7241d-a84e-5e4a-a43d-33eea1e54eea,2026-06-01,2026-06-07,102.61,66.55,138.66,v1.0.0,2026-06-24T16:42:17.588802+00:00,74bff84c-0733-446b-a298-2f91515a201d
2933d8b7-2438-521b-b38d-d3a5224f87fc,26f7241d-a84e-5e4a-a43d-33eea1e54eea,2026-06-08,2026-06-14,104.13,68.07,140.19,v1.0.0,2026-06-24T16:42:17.588802+00:00,74bff84c-0733-446b-a298-2f91515a201d
2933d8b7-2438-521b-b38d-d3a5224f87fc,26f7241d-a84e-5e4a-a43d-33eea1e54eea,2026-06-15,2026-06-21,104.92,68.86,140.98,v1.0.0,2026-06-24T16:42:17.588802+00:00,74bff84c-0733-446b-a298-2f91515a201d
2933d8b7-2438-521b-b38d-d3a5224f87fc,26f7241d-a84e-5e4a-a43d-33eea1e54eea,2026-06-22,2026-06-28,105.15,69.09,141.21,v1.0.0,2026-06-24T16:42:17.588802+00:00,74bff84c-0733-446b-a298-2f91515a201d
2933d8b7-2438-521b-b38d-d3a5224f87fc,26f7241d-a84e-5e4a-a43d-33eea1e54eea,2026-06-29,2026-07-05,106.36,70.3,142.42,v1.0.0,2026-06-24T16:42:17.588802+00:00,74bff84c-0733-446b-a298-2f91515a201d
2933d8b7-2438-521b-b38d-d3a5224f87fc,26f7241d-a84e-5e4a-a43d-33eea1e54eea,2026-07-06,2026-07-12,102.9,66.85,138.96,v1.0.0,2026-06-24T16:42:17.588802+00:00,74bff84c-0733-446b-a298-2f91515a201d
2933d8b7-2438-521b-b38d-d3a5224f87fc,26f7241d-a84e-5e4a-a43d-33eea1e54eea,2026-07-13,2026-07-19,102.04,65.98,138.1,v1.0.0,2026-06-24T16:42:17.588802+00:00,74bff84c-0733-446b-a298-2f91515a201d
2933d8b7-2438-521b-b38d-d3a5224f87fc,26f7241d-a84e-5e4a-a43d-33eea1e54eea,2026-07-20,2026-07-26,101.52,65.47,137.58,v1.0.0,2026-06-24T16:42:17.588802+00:00,74bff84c-0733-446b-a298-2f91515a201d
2933d8b7-2438-521b-b38d-d3a5224f87fc,26f7241d-a84e-5e4a-a43d-33eea1e54eea,2026-07-27,2026-08-02,101.14,65.08,137.2,v1.0.0,2026-06-24T16:42:17.588802+00:00,74bff84c-0733-446b-a298-2f91515a201d
2933d8b7-2438-521b-b38d-d3a5224f87fc,43616d97-2221-569d-82eb-bcc14bcd6344,2026-05-11,2026-05-17,80.53,44.47,116.59,v1.0.0,2026-06-24T16:42:17.588802+00:00,74bff84c-0733-446b-a298-2f91515a201d
2933d8b7-2438-521b-b38d-d3a5224f87fc,43616d97-2221-569d-82eb-bcc14bcd6344,2026-05-18,2026-05-24,86.01,49.95,122.06,v1.0.0,2026-06-24T16:42:17.588802+00:00,74bff84c-0733-446b-a298-2f91515a201d
2933d8b7-2438-521b-b38d-d3a5224f87fc,43616d97-2221-569d-82eb-bcc14bcd6344,2026-05-25,2026-05-31,85.69,49.63,121.75,v1.0.0,2026-06-24T16:42:17.588802+00:00,74bff84c-0733-446b-a298-2f91515a201d
2933d8b7-2438-521b-b38d-d3a5224f87fc,43616d97-2221-569d-82eb-bcc14bcd6344,2026-06-01,2026-06-07,89.42,53.36,125.48,v1.0.0,2026-06-24T16:42:17.588802+00:00,74bff84c-0733-446b-a298-2f91515a201d
2933d8b7-2438-521b-b38d-d3a5224f87fc,43616d97-2221-569d-82eb-bcc14bcd6344,2026-06-08,2026-06-14,93.22,57.16,129.28,v1.0.0,2026-06-24T16:42:17.588802+00:00,74bff84c-0733-446b-a298-2f91515a201d
2933d8b7-2438-521b-b38d-d3a5224f87fc,43616d97-2221-569d-82eb-bcc14bcd6344,2026-06-15,2026-06-21,90.32,54.26,126.38,v1.0.0,2026-06-24T16:42:17.588802+00:00,74bff84c-0733-446b-a298-2f91515a201d
2933d8b7-2438-521b-b38d-d3a5224f87fc,43616d97-2221-569d-82eb-bcc14bcd6344,2026-06-22,2026-06-28,90.03,53.98,126.09,v1.0.0,2026-06-24T16:42:17.588802+00:00,74bff84c-0733-446b-a298-2f91515a201d
2933d8b7-2438-521b-b38d-d3a5224f87fc,43616d97-2221-569d-82eb-bcc14bcd6344,2026-06-29,2026-07-05,93.14,57.09,129.2,v1.0.0,2026-06-24T16:42:17.588802+00:00,74bff84c-0733-446b-a298-2f91515a201d
2933d8b7-2438-521b-b38d-d3a5224f87fc,43616d97-2221-569d-82eb-bcc14bcd6344,2026-07-06,2026-07-12,100.37,64.31,136.43,v1.0.0,2026-06-24T16:42:17.588802+00:00,74bff84c-0733-446b-a298-2f91515a201d
2933d8b7-2438-521b-b38d-d3a5224f87fc,43616d97-2221-569d-82eb-bcc14bcd6344,2026-07-13,2026-07-19,89.49,53.44,125.55,v1.0.0,2026-06-24T16:42:17.588802+00:00,74bff84c-0733-446b-a298-2f91515a201d
2933d8b7-2438-521b-b38d-d3a5224f87fc,43616d97-2221-569d-82eb-bcc14bcd6344,2026-07-20,2026-07-26,91.58,55.52,127.64,v1.0.0,2026-06-24T16:42:17.588802+00:00,74bff84c-0733-446b-a298-2f91515a201d
2933d8b7-2438-521b-b38d-d3a5224f87fc,43616d97-2221-569d-82eb-bcc14bcd6344,2026-07-27,2026-08-02,95.37,59.31,131.42,v1.0.0,2026-06-24T16:42:17.588802+00:00,74bff84c-0733-446b-a298-2f91515a201d
2933d8b7-2438-521b-b38d-d3a5224f87fc,7fb983e8-6848-5425-97a2-14da72722d0f,2026-05-11,2026-05-17,67.62,31.56,103.67,v1.0.0,2026-06-24T16:42:17.588802+00:00,74bff84c-0733-446b-a298-2f91515a201d
2933d8b7-2438-521b-b38d-d3a5224f87fc,7fb983e8-6848-5425-97a2-14da72722d0f,2026-05-18,2026-05-24,74.14,38.08,110.2,v1.0.0,2026-06-24T16:42:17.588802+00:00,74bff84c-0733-446b-a298-2f91515a201d
2933d8b7-2438-521b-b38d-d3a5224f87fc,7fb983e8-6848-5425-97a2-14da72722d0f,2026-05-25,2026-05-31,74.77,38.71,110.83,v1.0.0,2026-06-24T16:42:17.588802+00:00,74bff84c-0733-446b-a298-2f91515a201d
2933d8b7-2438-521b-b38d-d3a5224f87fc,7fb983e8-6848-5425-97a2-14da72722d0f,2026-06-01,2026-06-07,72.06,36.01,108.12,v1.0.0,2026-06-24T16:42:17.588802+00:00,74bff84c-0733-446b-a298-2f91515a201d
2933d8b7-2438-521b-b38d-d3a5224f87fc,7fb983e8-6848-5425-97a2-14da72722d0f,2026-06-08,2026-06-14,73.68,37.63,109.74,v1.0.0,2026-06-24T16:42:17.588802+00:00,74bff84c-0733-446b-a298-2f91515a201d
2933d8b7-2438-521b-b38d-d3a5224f87fc,7fb983e8-6848-5425-97a2-14da72722d0f,2026-06-15,2026-06-21,73.03,36.97,109.09,v1.0.0,2026-06-24T16:42:17.588802+00:00,74bff84c-0733-446b-a298-2f91515a201d
2933d8b7-2438-521b-b38d-d3a5224f87fc,7fb983e8-6848-5425-97a2-14da72722d0f,2026-06-22,2026-06-28,72.75,36.69,108.81,v1.0.0,2026-06-24T16:42:17.588802+00:00,74bff84c-0733-446b-a298-2f91515a201d
2933d8b7-2438-521b-b38d-d3a5224f87fc,7fb983e8-6848-5425-97a2-14da72722d0f,2026-06-29,2026-07-05,75.72,39.66,111.78,v1.0.0,2026-06-24T16:42:17.588802+00:00,74bff84c-0733-446b-a298-2f91515a201d
2933d8b7-2438-521b-b38d-d3a5224f87fc,7fb983e8-6848-5425-97a2-14da72722d0f,2026-07-06,2026-07-12,72.92,36.87,108.98,v1.0.0,2026-06-24T16:42:17.588802+00:00,74bff84c-0733-446b-a298-2f91515a201d
2933d8b7-2438-521b-b38d-d3a5224f87fc,7fb983e8-6848-5425-97a2-14da72722d0f,2026-07-13,2026-07-19,70.35,34.29,106.41,v1.0.0,2026-06-24T16:42:17.588802+00:00,74bff84c-0733-446b-a298-2f91515a201d
2933d8b7-2438-521b-b38d-d3a5224f87fc,7fb983e8-6848-5425-97a2-14da72722d0f,2026-07-20,2026-07-26,70.58,34.53,106.64,v1.0.0,2026-06-24T16:42:17.588802+00:00,74bff84c-0733-446b-a298-2f91515a201d
2933d8b7-2438-521b-b38d-d3a5224f87fc,7fb983e8-6848-5425-97a2-14da72722d0f,2026-07-27,2026-08-02,70.66,34.6,106.72,v1.0.0,2026-06-24T16:42:17.588802+00:00,74bff84c-0733-446b-a298-2f91515a201d
2933d8b7-2438-521b-b38d-d3a5224f87fc,8ecedccf-c230-516b-bbc2-108f7a6fbe63,2026-05-11,2026-05-17,89.53,53.47,125.59,v1.0.0,2026-06-24T16:42:17.588802+00:00,74bff84c-0733-446b-a298-2f91515a201d
2933d8b7-2438-521b-b38d-d3a5224f87fc,8ecedccf-c230-516b-bbc2-108f7a6fbe63,2026-05-18,2026-05-24,87.94,51.88,124.0,v1.0.0,2026-06-24T16:42:17.588802+00:00,74bff84c-0733-446b-a298-2f91515a201d
2933d8b7-2438-521b-b38d-d3a5224f87fc,8ecedccf-c230-516b-bbc2-108f7a6fbe63,2026-05-25,2026-05-31,82.62,46.56,118.68,v1.0.0,2026-06-24T16:42:17.588802+00:00,74bff84c-0733-446b-a298-2f91515a201d
2933d8b7-2438-521b-b38d-d3a5224f87fc,8ecedccf-c230-516b-bbc2-108f7a6fbe63,2026-06-01,2026-06-07,106.6,70.54,142.66,v1.0.0,2026-06-24T16:42:17.588802+00:00,74bff84c-0733-446b-a298-2f91515a201d
2933d8b7-2438-521b-b38d-d3a5224f87fc,8ecedccf-c230-516b-bbc2-108f7a6fbe63,2026-06-08,2026-06-14,113.47,77.41,149.53,v1.0.0,2026-06-24T16:42:17.588802+00:00,74bff84c-0733-446b-a298-2f91515a201d
2933d8b7-2438-521b-b38d-d3a5224f87fc,8ecedccf-c230-516b-bbc2-108f7a6fbe63,2026-06-15,2026-06-21,93.95,57.9,130.01,v1.0.0,2026-06-24T16:42:17.588802+00:00,74bff84c-0733-446b-a298-2f91515a201d
2933d8b7-2438-521b-b38d-d3a5224f87fc,8ecedccf-c230-516b-bbc2-108f7a6fbe63,2026-06-22,2026-06-28,80.83,44.77,116.89,v1.0.0,2026-06-24T16:42:17.588802+00:00,74bff84c-0733-446b-a298-2f91515a201d
2933d8b7-2438-521b-b38d-d3a5224f87fc,8ecedccf-c230-516b-bbc2-108f7a6fbe63,2026-06-29,2026-07-05,94.42,58.36,130.48,v1.0.0,2026-06-24T16:42:17.588802+00:00,74bff84c-0733-446b-a298-2f91515a201d
2933d8b7-2438-521b-b38d-d3a5224f87fc,8ecedccf-c230-516b-bbc2-108f7a6fbe63,2026-07-06,2026-07-12,91.08,55.03,127.14,v1.0.0,2026-06-24T16:42:17.588802+00:00,74bff84c-0733-446b-a298-2f91515a201d
2933d8b7-2438-521b-b38d-d3a5224f87fc,8ecedccf-c230-516b-bbc2-108f7a6fbe63,2026-07-13,2026-07-19,90.11,54.05,126.17,v1.0.0,2026-06-24T16:42:17.588802+00:00,74bff84c-0733-446b-a298-2f91515a201d
2933d8b7-2438-521b-b38d-d3a5224f87fc,8ecedccf-c230-516b-bbc2-108f7a6fbe63,2026-07-20,2026-07-26,80.13,44.07,116.19,v1.0.0,2026-06-24T16:42:17.588802+00:00,74bff84c-0733-446b-a298-2f91515a201d
2933d8b7-2438-521b-b38d-d3a5224f87fc,8ecedccf-c230-516b-bbc2-108f7a6fbe63,2026-07-27,2026-08-02,92.58,56.52,128.64,v1.0.0,2026-06-24T16:42:17.588802+00:00,74bff84c-0733-446b-a298-2f91515a201d
2933d8b7-2438-521b-b38d-d3a5224f87fc,d6f21f11-7533-52dd-a4dc-2fb8e260c02c,2026-05-11,2026-05-17,76.18,40.12,112.24,v1.0.0,2026-06-24T16:42:17.588802+00:00,74bff84c-0733-446b-a298-2f91515a201d
2933d8b7-2438-521b-b38d-d3a5224f87fc,d6f21f11-7533-52dd-a4dc-2fb8e260c02c,2026-05-18,2026-05-24,84.91,48.85,120.97,v1.0.0,2026-06-24T16:42:17.588802+00:00,74bff84c-0733-446b-a298-2f91515a201d
2933d8b7-2438-521b-b38d-d3a5224f87fc,d6f21f11-7533-52dd-a4dc-2fb8e260c02c,2026-05-25,2026-05-31,76.99,40.93,113.04,v1.0.0,2026-06-24T16:42:17.588802+00:00,74bff84c-0733-446b-a298-2f91515a201d
2933d8b7-2438-521b-b38d-d3a5224f87fc,d6f21f11-7533-52dd-a4dc-2fb8e260c02c,2026-06-01,2026-06-07,84.3,48.24,120.36,v1.0.0,2026-06-24T16:42:17.588802+00:00,74bff84c-0733-446b-a298-2f91515a201d
2933d8b7-2438-521b-b38d-d3a5224f87fc,d6f21f11-7533-52dd-a4dc-2fb8e260c02c,2026-06-08,2026-06-14,75.37,39.31,111.43,v1.0.0,2026-06-24T16:42:17.588802+00:00,74bff84c-0733-446b-a298-2f91515a201d
2933d8b7-2438-521b-b38d-d3a5224f87fc,d6f21f11-7533-52dd-a4dc-2fb8e260c02c,2026-06-15,2026-06-21,77.13,41.07,113.19,v1.0.0,2026-06-24T16:42:17.588802+00:00,74bff84c-0733-446b-a298-2f91515a201d
2933d8b7-2438-521b-b38d-d3a5224f87fc,d6f21f11-7533-52dd-a4dc-2fb8e260c02c,2026-06-22,2026-06-28,88.29,52.23,124.35,v1.0.0,2026-06-24T16:42:17.588802+00:00,74bff84c-0733-446b-a298-2f91515a201d
2933d8b7-2438-521b-b38d-d3a5224f87fc,d6f21f11-7533-52dd-a4dc-2fb8e260c02c,2026-06-29,2026-07-05,75.91,39.86,111.97,v1.0.0,2026-06-24T16:42:17.588802+00:00,74bff84c-0733-446b-a298-2f91515a201d
2933d8b7-2438-521b-b38d-d3a5224f87fc,d6f21f11-7533-52dd-a4dc-2fb8e260c02c,2026-07-06,2026-07-12,87.39,51.34,123.45,v1.0.0,2026-06-24T16:42:17.588802+00:00,74bff84c-0733-446b-a298-2f91515a201d
2933d8b7-2438-521b-b38d-d3a5224f87fc,d6f21f11-7533-52dd-a4dc-2fb8e260c02c,2026-07-13,2026-07-19,82.97,46.91,119.03,v1.0.0,2026-06-24T16:42:17.588802+00:00,74bff84c-0733-446b-a298-2f91515a201d
2933d8b7-2438-521b-b38d-d3a5224f87fc,d6f21f11-7533-52dd-a4dc-2fb8e260c02c,2026-07-20,2026-07-26,82.44,46.38,118.5,v1.0.0,2026-06-24T16:42:17.588802+00:00,74bff84c-0733-446b-a298-2f91515a201d
2933d8b7-2438-521b-b38d-d3a5224f87fc,d6f21f11-7533-52dd-a4dc-2fb8e260c02c,2026-07-27,2026-08-02,82.52,46.46,118.58,v1.0.0,2026-06-24T16:42:17.588802+00:00,74bff84c-0733-446b-a298-2f91515a201d
2eb3a104-e572-583a-afa0-156ee0dc4cce,26f7241d-a84e-5e4a-a43d-33eea1e54eea,2026-05-11,2026-05-17,71.9,35.84,107.96,v1.0.0,2026-06-24T16:42:17.588802+00:00,74bff84c-0733-446b-a298-2f91515a201d
2eb3a104-e572-583a-afa0-156ee0dc4cce,26f7241d-a84e-5e4a-a43d-33eea1e54eea,2026-05-18,2026-05-24,34.65,0.0,70.71,v1.0.0,2026-06-24T16:42:17.588802+00:00,74bff84c-0733-446b-a298-2f91515a201d
2eb3a104-e572-583a-afa0-156ee0dc4cce,26f7241d-a84e-5e4a-a43d-33eea1e54eea,2026-05-25,2026-05-31,57.82,21.77,93.88,v1.0.0,2026-06-24T16:42:17.588802+00:00,74bff84c-0733-446b-a298-2f91515a201d
2eb3a104-e572-583a-afa0-156ee0dc4cce,26f7241d-a84e-5e4a-a43d-33eea1e54eea,2026-06-01,2026-06-07,42.75,6.69,78.8,v1.0.0,2026-06-24T16:42:17.588802+00:00,74bff84c-0733-446b-a298-2f91515a201d
2eb3a104-e572-583a-afa0-156ee0dc4cce,26f7241d-a84e-5e4a-a43d-33eea1e54eea,2026-06-08,2026-06-14,55.99,19.93,92.05,v1.0.0,2026-06-24T16:42:17.588802+00:00,74bff84c-0733-446b-a298-2f91515a201d
2eb3a104-e572-583a-afa0-156ee0dc4cce,26f7241d-a84e-5e4a-a43d-33eea1e54eea,2026-06-15,2026-06-21,42.28,6.22,78.34,v1.0.0,2026-06-24T16:42:17.588802+00:00,74bff84c-0733-446b-a298-2f91515a201d
2eb3a104-e572-583a-afa0-156ee0dc4cce,26f7241d-a84e-5e4a-a43d-33eea1e54eea,2026-06-22,2026-06-28,54.28,18.23,90.34,v1.0.0,2026-06-24T16:42:17.588802+00:00,74bff84c-0733-446b-a298-2f91515a201d
2eb3a104-e572-583a-afa0-156ee0dc4cce,26f7241d-a84e-5e4a-a43d-33eea1e54eea,2026-06-29,2026-07-05,41.93,5.87,77.98,v1.0.0,2026-06-24T16:42:17.588802+00:00,74bff84c-0733-446b-a298-2f91515a201d
2eb3a104-e572-583a-afa0-156ee0dc4cce,26f7241d-a84e-5e4a-a43d-33eea1e54eea,2026-07-06,2026-07-12,55.1,19.04,91.16,v1.0.0,2026-06-24T16:42:17.588802+00:00,74bff84c-0733-446b-a298-2f91515a201d
2eb3a104-e572-583a-afa0-156ee0dc4cce,26f7241d-a84e-5e4a-a43d-33eea1e54eea,2026-07-13,2026-07-19,40.87,4.81,76.93,v1.0.0,2026-06-24T16:42:17.588802+00:00,74bff84c-0733-446b-a298-2f91515a201d
2eb3a104-e572-583a-afa0-156ee0dc4cce,26f7241d-a84e-5e4a-a43d-33eea1e54eea,2026-07-20,2026-07-26,54.52,18.46,90.58,v1.0.0,2026-06-24T16:42:17.588802+00:00,74bff84c-0733-446b-a298-2f91515a201d
2eb3a104-e572-583a-afa0-156ee0dc4cce,26f7241d-a84e-5e4a-a43d-33eea1e54eea,2026-07-27,2026-08-02,41.04,4.98,77.09,v1.0.0,2026-06-24T16:42:17.588802+00:00,74bff84c-0733-446b-a298-2f91515a201d
2eb3a104-e572-583a-afa0-156ee0dc4cce,43616d97-2221-569d-82eb-bcc14bcd6344,2026-05-11,2026-05-17,71.53,35.47,107.59,v1.0.0,2026-06-24T16:42:17.588802+00:00,74bff84c-0733-446b-a298-2f91515a201d
2eb3a104-e572-583a-afa0-156ee0dc4cce,43616d97-2221-569d-82eb-bcc14bcd6344,2026-05-18,2026-05-24,75.99,39.94,112.05,v1.0.0,2026-06-24T16:42:17.588802+00:00,74bff84c-0733-446b-a298-2f91515a201d
2eb3a104-e572-583a-afa0-156ee0dc4cce,43616d97-2221-569d-82eb-bcc14bcd6344,2026-05-25,2026-05-31,71.72,35.66,107.78,v1.0.0,2026-06-24T16:42:17.588802+00:00,74bff84c-0733-446b-a298-2f91515a201d
2eb3a104-e572-583a-afa0-156ee0dc4cce,43616d97-2221-569d-82eb-bcc14bcd6344,2026-06-01,2026-06-07,71.88,35.82,107.94,v1.0.0,2026-06-24T16:42:17.588802+00:00,74bff84c-0733-446b-a298-2f91515a201d
2eb3a104-e572-583a-afa0-156ee0dc4cce,43616d97-2221-569d-82eb-bcc14bcd6344,2026-06-08,2026-06-14,74.9,38.84,110.96,v1.0.0,2026-06-24T16:42:17.588802+00:00,74bff84c-0733-446b-a298-2f91515a201d
2eb3a104-e572-583a-afa0-156ee0dc4cce,43616d97-2221-569d-82eb-bcc14bcd6344,2026-06-15,2026-06-21,74.92,38.86,110.97,v1.0.0,2026-06-24T16:42:17.588802+00:00,74bff84c-0733-446b-a298-2f91515a201d
2eb3a104-e572-583a-afa0-156ee0dc4cce,43616d97-2221-569d-82eb-bcc14bcd6344,2026-06-22,2026-06-28,76.47,40.41,112.53,v1.0.0,2026-06-24T16:42:17.588802+00:00,74bff84c-0733-446b-a298-2f91515a201d
2eb3a104-e572-583a-afa0-156ee0dc4cce,43616d97-2221-569d-82eb-bcc14bcd6344,2026-06-29,2026-07-05,73.55,37.5,109.61,v1.0.0,2026-06-24T16:42:17.588802+00:00,74bff84c-0733-446b-a298-2f91515a201d
2eb3a104-e572-583a-afa0-156ee0dc4cce,43616d97-2221-569d-82eb-bcc14bcd6344,2026-07-06,2026-07-12,73.15,37.1,109.21,v1.0.0,2026-06-24T16:42:17.588802+00:00,74bff84c-0733-446b-a298-2f91515a201d
2eb3a104-e572-583a-afa0-156ee0dc4cce,43616d97-2221-569d-82eb-bcc14bcd6344,2026-07-13,2026-07-19,73.25,37.2,109.31,v1.0.0,2026-06-24T16:42:17.588802+00:00,74bff84c-0733-446b-a298-2f91515a201d
2eb3a104-e572-583a-afa0-156ee0dc4cce,43616d97-2221-569d-82eb-bcc14bcd6344,2026-07-20,2026-07-26,72.12,36.06,108.17,v1.0.0,2026-06-24T16:42:17.588802+00:00,74bff84c-0733-446b-a298-2f91515a201d
2eb3a104-e572-583a-afa0-156ee0dc4cce,43616d97-2221-569d-82eb-bcc14bcd6344,2026-07-27,2026-08-02,77.76,41.7,113.82,v1.0.0,2026-06-24T16:42:17.588802+00:00,74bff84c-0733-446b-a298-2f91515a201d
2eb3a104-e572-583a-afa0-156ee0dc4cce,7fb983e8-6848-5425-97a2-14da72722d0f,2026-05-11,2026-05-17,68.54,32.48,104.59,v1.0.0,2026-06-24T16:42:17.588802+00:00,74bff84c-0733-446b-a298-2f91515a201d
2eb3a104-e572-583a-afa0-156ee0dc4cce,7fb983e8-6848-5425-97a2-14da72722d0f,2026-05-18,2026-05-24,72.2,36.14,108.26,v1.0.0,2026-06-24T16:42:17.588802+00:00,74bff84c-0733-446b-a298-2f91515a201d
2eb3a104-e572-583a-afa0-156ee0dc4cce,7fb983e8-6848-5425-97a2-14da72722d0f,2026-05-25,2026-05-31,68.64,32.59,104.7,v1.0.0,2026-06-24T16:42:17.588802+00:00,74bff84c-0733-446b-a298-2f91515a201d
2eb3a104-e572-583a-afa0-156ee0dc4cce,7fb983e8-6848-5425-97a2-14da72722d0f,2026-06-01,2026-06-07,69.2,33.14,105.26,v1.0.0,2026-06-24T16:42:17.588802+00:00,74bff84c-0733-446b-a298-2f91515a201d
2eb3a104-e572-583a-afa0-156ee0dc4cce,7fb983e8-6848-5425-97a2-14da72722d0f,2026-06-08,2026-06-14,73.13,37.08,109.19,v1.0.0,2026-06-24T16:42:17.588802+00:00,74bff84c-0733-446b-a298-2f91515a201d
2eb3a104-e572-583a-afa0-156ee0dc4cce,7fb983e8-6848-5425-97a2-14da72722d0f,2026-06-15,2026-06-21,68.04,31.98,104.1,v1.0.0,2026-06-24T16:42:17.588802+00:00,74bff84c-0733-446b-a298-2f91515a201d
2eb3a104-e572-583a-afa0-156ee0dc4cce,7fb983e8-6848-5425-97a2-14da72722d0f,2026-06-22,2026-06-28,72.51,36.45,108.57,v1.0.0,2026-06-24T16:42:17.588802+00:00,74bff84c-0733-446b-a298-2f91515a201d
2eb3a104-e572-583a-afa0-156ee0dc4cce,7fb983e8-6848-5425-97a2-14da72722d0f,2026-06-29,2026-07-05,70.28,34.22,106.34,v1.0.0,2026-06-24T16:42:17.588802+00:00,74bff84c-0733-446b-a298-2f91515a201d
2eb3a104-e572-583a-afa0-156ee0dc4cce,7fb983e8-6848-5425-97a2-14da72722d0f,2026-07-06,2026-07-12,69.87,33.81,105.93,v1.0.0,2026-06-24T16:42:17.588802+00:00,74bff84c-0733-446b-a298-2f91515a201d
2eb3a104-e572-583a-afa0-156ee0dc4cce,7fb983e8-6848-5425-97a2-14da72722d0f,2026-07-13,2026-07-19,69.86,33.8,105.92,v1.0.0,2026-06-24T16:42:17.588802+00:00,74bff84c-0733-446b-a298-2f91515a201d
2eb3a104-e572-583a-afa0-156ee0dc4cce,7fb983e8-6848-5425-97a2-14da72722d0f,2026-07-20,2026-07-26,72.28,36.22,108.34,v1.0.0,2026-06-24T16:42:17.588802+00:00,74bff84c-0733-446b-a298-2f91515a201d
2eb3a104-e572-583a-afa0-156ee0dc4cce,7fb983e8-6848-5425-97a2-14da72722d0f,2026-07-27,2026-08-02,67.83,31.77,103.88,v1.0.0,2026-06-24T16:42:17.588802+00:00,74bff84c-0733-446b-a298-2f91515a201d
2eb3a104-e572-583a-afa0-156ee0dc4cce,8ecedccf-c230-516b-bbc2-108f7a6fbe63,2026-05-11,2026-05-17,63.45,27.39,99.51,v1.0.0,2026-06-24T16:42:17.588802+00:00,74bff84c-0733-446b-a298-2f91515a201d
2eb3a104-e572-583a-afa0-156ee0dc4cce,8ecedccf-c230-516b-bbc2-108f7a6fbe63,2026-05-18,2026-05-24,66.26,30.2,102.32,v1.0.0,2026-06-24T16:42:17.588802+00:00,74bff84c-0733-446b-a298-2f91515a201d
2eb3a104-e572-583a-afa0-156ee0dc4cce,8ecedccf-c230-516b-bbc2-108f7a6fbe63,2026-05-25,2026-05-31,65.94,29.88,102.0,v1.0.0,2026-06-24T16:42:17.588802+00:00,74bff84c-0733-446b-a298-2f91515a201d
2eb3a104-e572-583a-afa0-156ee0dc4cce,8ecedccf-c230-516b-bbc2-108f7a6fbe63,2026-06-01,2026-06-07,65.66,29.6,101.72,v1.0.0,2026-06-24T16:42:17.588802+00:00,74bff84c-0733-446b-a298-2f91515a201d
2eb3a104-e572-583a-afa0-156ee0dc4cce,8ecedccf-c230-516b-bbc2-108f7a6fbe63,2026-06-08,2026-06-14,66.49,30.43,102.55,v1.0.0,2026-06-24T16:42:17.588802+00:00,74bff84c-0733-446b-a298-2f91515a201d
2eb3a104-e572-583a-afa0-156ee0dc4cce,8ecedccf-c230-516b-bbc2-108f7a6fbe63,2026-06-15,2026-06-21,65.51,29.45,101.57,v1.0.0,2026-06-24T16:42:17.588802+00:00,74bff84c-0733-446b-a298-2f91515a201d
2eb3a104-e572-583a-afa0-156ee0dc4cce,8ecedccf-c230-516b-bbc2-108f7a6fbe63,2026-06-22,2026-06-28,65.92,29.86,101.97,v1.0.0,2026-06-24T16:42:17.588802+00:00,74bff84c-0733-446b-a298-2f91515a201d
2eb3a104-e572-583a-afa0-156ee0dc4cce,8ecedccf-c230-516b-bbc2-108f7a6fbe63,2026-06-29,2026-07-05,66.54,30.48,102.6,v1.0.0,2026-06-24T16:42:17.588802+00:00,74bff84c-0733-446b-a298-2f91515a201d
2eb3a104-e572-583a-afa0-156ee0dc4cce,8ecedccf-c230-516b-bbc2-108f7a6fbe63,2026-07-06,2026-07-12,65.14,29.09,101.2,v1.0.0,2026-06-24T16:42:17.588802+00:00,74bff84c-0733-446b-a298-2f91515a201d
2eb3a104-e572-583a-afa0-156ee0dc4cce,8ecedccf-c230-516b-bbc2-108f7a6fbe63,2026-07-13,2026-07-19,65.32,29.26,101.38,v1.0.0,2026-06-24T16:42:17.588802+00:00,74bff84c-0733-446b-a298-2f91515a201d
2eb3a104-e572-583a-afa0-156ee0dc4cce,8ecedccf-c230-516b-bbc2-108f7a6fbe63,2026-07-20,2026-07-26,64.94,28.88,101.0,v1.0.0,2026-06-24T16:42:17.588802+00:00,74bff84c-0733-446b-a298-2f91515a201d
2eb3a104-e572-583a-afa0-156ee0dc4cce,8ecedccf-c230-516b-bbc2-108f7a6fbe63,2026-07-27,2026-08-02,64.87,28.81,100.93,v1.0.0,2026-06-24T16:42:17.588802+00:00,74bff84c-0733-446b-a298-2f91515a201d
2eb3a104-e572-583a-afa0-156ee0dc4cce,d6f21f11-7533-52dd-a4dc-2fb8e260c02c,2026-05-11,2026-05-17,49.53,13.48,85.59,v1.0.0,2026-06-24T16:42:17.588802+00:00,74bff84c-0733-446b-a298-2f91515a201d
2eb3a104-e572-583a-afa0-156ee0dc4cce,d6f21f11-7533-52dd-a4dc-2fb8e260c02c,2026-05-18,2026-05-24,51.76,15.7,87.82,v1.0.0,2026-06-24T16:42:17.588802+00:00,74bff84c-0733-446b-a298-2f91515a201d
2eb3a104-e572-583a-afa0-156ee0dc4cce,d6f21f11-7533-52dd-a4dc-2fb8e260c02c,2026-05-25,2026-05-31,51.55,15.5,87.61,v1.0.0,2026-06-24T16:42:17.588802+00:00,74bff84c-0733-446b-a298-2f91515a201d
2eb3a104-e572-583a-afa0-156ee0dc4cce,d6f21f11-7533-52dd-a4dc-2fb8e260c02c,2026-06-01,2026-06-07,49.84,13.79,85.9,v1.0.0,2026-06-24T16:42:17.588802+00:00,74bff84c-0733-446b-a298-2f91515a201d
2eb3a104-e572-583a-afa0-156ee0dc4cce,d6f21f11-7533-52dd-a4dc-2fb8e260c02c,2026-06-08,2026-06-14,48.56,12.5,84.61,v1.0.0,2026-06-24T16:42:17.588802+00:00,74bff84c-0733-446b-a298-2f91515a201d
2eb3a104-e572-583a-afa0-156ee0dc4cce,d6f21f11-7533-52dd-a4dc-2fb8e260c02c,2026-06-15,2026-06-21,52.81,16.75,88.87,v1.0.0,2026-06-24T16:42:17.588802+00:00,74bff84c-0733-446b-a298-2f91515a201d
2eb3a104-e572-583a-afa0-156ee0dc4cce,d6f21f11-7533-52dd-a4dc-2fb8e260c02c,2026-06-22,2026-06-28,52.87,16.82,88.93,v1.0.0,2026-06-24T16:42:17.588802+00:00,74bff84c-0733-446b-a298-2f91515a201d
2eb3a104-e572-583a-afa0-156ee0dc4cce,d6f21f11-7533-52dd-a4dc-2fb8e260c02c,2026-06-29,2026-07-05,51.49,15.43,87.55,v1.0.0,2026-06-24T16:42:17.588802+00:00,74bff84c-0733-446b-a298-2f91515a201d
2eb3a104-e572-583a-afa0-156ee0dc4cce,d6f21f11-7533-52dd-a4dc-2fb8e260c02c,2026-07-06,2026-07-12,50.15,14.09,86.2,v1.0.0,2026-06-24T16:42:17.588802+00:00,74bff84c-0733-446b-a298-2f91515a201d
2eb3a104-e572-583a-afa0-156ee0dc4cce,d6f21f11-7533-52dd-a4dc-2fb8e260c02c,2026-07-13,2026-07-19,52.22,16.16,88.27,v1.0.0,2026-06-24T16:42:17.588802+00:00,74bff84c-0733-446b-a298-2f91515a201d
2eb3a104-e572-583a-afa0-156ee0dc4cce,d6f21f11-7533-52dd-a4dc-2fb8e260c02c,2026-07-20,2026-07-26,48.44,12.38,84.5,v1.0.0,2026-06-24T16:42:17.588802+00:00,74bff84c-0733-446b-a298-2f91515a201d
2eb3a104-e572-583a-afa0-156ee0dc4cce,d6f21f11-7533-52dd-a4dc-2fb8e260c02c,2026-07-27,2026-08-02,51.59,15.53,87.64,v1.0.0,2026-06-24T16:42:17.588802+00:00,74bff84c-0733-446b-a298-2f91515a201d
38adf7ba-476e-5e6b-9163-781a13538253,26f7241d-a84e-5e4a-a43d-33eea1e54eea,2026-05-11,2026-05-17,92.27,56.21,128.33,v1.0.0,2026-06-24T16:42:17.588802+00:00,74bff84c-0733-446b-a298-2f91515a201d
38adf7ba-476e-5e6b-9163-781a13538253,26f7241d-a84e-5e4a-a43d-33eea1e54eea,2026-05-18,2026-05-24,78.58,42.53,114.64,v1.0.0,2026-06-24T16:42:17.588802+00:00,74bff84c-0733-446b-a298-2f91515a201d
38adf7ba-476e-5e6b-9163-781a13538253,26f7241d-a84e-5e4a-a43d-33eea1e54eea,2026-05-25,2026-05-31,92.24,56.18,128.3,v1.0.0,2026-06-24T16:42:17.588802+00:00,74bff84c-0733-446b-a298-2f91515a201d
38adf7ba-476e-5e6b-9163-781a13538253,26f7241d-a84e-5e4a-a43d-33eea1e54eea,2026-06-01,2026-06-07,81.53,45.48,117.59,v1.0.0,2026-06-24T16:42:17.588802+00:00,74bff84c-0733-446b-a298-2f91515a201d
38adf7ba-476e-5e6b-9163-781a13538253,26f7241d-a84e-5e4a-a43d-33eea1e54eea,2026-06-08,2026-06-14,83.95,47.89,120.01,v1.0.0,2026-06-24T16:42:17.588802+00:00,74bff84c-0733-446b-a298-2f91515a201d
38adf7ba-476e-5e6b-9163-781a13538253,26f7241d-a84e-5e4a-a43d-33eea1e54eea,2026-06-15,2026-06-21,85.88,49.82,121.94,v1.0.0,2026-06-24T16:42:17.588802+00:00,74bff84c-0733-446b-a298-2f91515a201d
38adf7ba-476e-5e6b-9163-781a13538253,26f7241d-a84e-5e4a-a43d-33eea1e54eea,2026-06-22,2026-06-28,81.52,45.46,117.58,v1.0.0,2026-06-24T16:42:17.588802+00:00,74bff84c-0733-446b-a298-2f91515a201d
38adf7ba-476e-5e6b-9163-781a13538253,26f7241d-a84e-5e4a-a43d-33eea1e54eea,2026-06-29,2026-07-05,89.1,53.04,125.16,v1.0.0,2026-06-24T16:42:17.588802+00:00,74bff84c-0733-446b-a298-2f91515a201d
38adf7ba-476e-5e6b-9163-781a13538253,26f7241d-a84e-5e4a-a43d-33eea1e54eea,2026-07-06,2026-07-12,82.23,46.17,118.29,v1.0.0,2026-06-24T16:42:17.588802+00:00,74bff84c-0733-446b-a298-2f91515a201d
38adf7ba-476e-5e6b-9163-781a13538253,26f7241d-a84e-5e4a-a43d-33eea1e54eea,2026-07-13,2026-07-19,83.38,47.32,119.44,v1.0.0,2026-06-24T16:42:17.588802+00:00,74bff84c-0733-446b-a298-2f91515a201d
38adf7ba-476e-5e6b-9163-781a13538253,26f7241d-a84e-5e4a-a43d-33eea1e54eea,2026-07-20,2026-07-26,85.19,49.13,121.25,v1.0.0,2026-06-24T16:42:17.588802+00:00,74bff84c-0733-446b-a298-2f91515a201d
38adf7ba-476e-5e6b-9163-781a13538253,26f7241d-a84e-5e4a-a43d-33eea1e54eea,2026-07-27,2026-08-02,83.25,47.2,119.31,v1.0.0,2026-06-24T16:42:17.588802+00:00,74bff84c-0733-446b-a298-2f91515a201d
38adf7ba-476e-5e6b-9163-781a13538253,43616d97-2221-569d-82eb-bcc14bcd6344,2026-05-11,2026-05-17,75.14,39.08,111.2,v1.0.0,2026-06-24T16:42:17.588802+00:00,74bff84c-0733-446b-a298-2f91515a201d
38adf7ba-476e-5e6b-9163-781a13538253,43616d97-2221-569d-82eb-bcc14bcd6344,2026-05-18,2026-05-24,72.9,36.85,108.96,v1.0.0,2026-06-24T16:42:17.588802+00:00,74bff84c-0733-446b-a298-2f91515a201d
38adf7ba-476e-5e6b-9163-781a13538253,43616d97-2221-569d-82eb-bcc14bcd6344,2026-05-25,2026-05-31,72.35,36.29,108.41,v1.0.0,2026-06-24T16:42:17.588802+00:00,74bff84c-0733-446b-a298-2f91515a201d
38adf7ba-476e-5e6b-9163-781a13538253,43616d97-2221-569d-82eb-bcc14bcd6344,2026-06-01,2026-06-07,75.02,38.96,111.08,v1.0.0,2026-06-24T16:42:17.588802+00:00,74bff84c-0733-446b-a298-2f91515a201d
38adf7ba-476e-5e6b-9163-781a13538253,43616d97-2221-569d-82eb-bcc14bcd6344,2026-06-08,2026-06-14,74.37,38.32,110.43,v1.0.0,2026-06-24T16:42:17.588802+00:00,74bff84c-0733-446b-a298-2f91515a201d
38adf7ba-476e-5e6b-9163-781a13538253,43616d97-2221-569d-82eb-bcc14bcd6344,2026-06-15,2026-06-21,73.95,37.89,110.0,v1.0.0,2026-06-24T16:42:17.588802+00:00,74bff84c-0733-446b-a298-2f91515a201d
38adf7ba-476e-5e6b-9163-781a13538253,43616d97-2221-569d-82eb-bcc14bcd6344,2026-06-22,2026-06-28,77.83,41.77,113.89,v1.0.0,2026-06-24T16:42:17.588802+00:00,74bff84c-0733-446b-a298-2f91515a201d
38adf7ba-476e-5e6b-9163-781a13538253,43616d97-2221-569d-82eb-bcc14bcd6344,2026-06-29,2026-07-05,72.8,36.74,108.85,v1.0.0,2026-06-24T16:42:17.588802+00:00,74bff84c-0733-446b-a298-2f91515a201d
38adf7ba-476e-5e6b-9163-781a13538253,43616d97-2221-569d-82eb-bcc14bcd6344,2026-07-06,2026-07-12,77.14,41.08,113.19,v1.0.0,2026-06-24T16:42:17.588802+00:00,74bff84c-0733-446b-a298-2f91515a201d
38adf7ba-476e-5e6b-9163-781a13538253,43616d97-2221-569d-82eb-bcc14bcd6344,2026-07-13,2026-07-19,72.39,36.33,108.45,v1.0.0,2026-06-24T16:42:17.588802+00:00,74bff84c-0733-446b-a298-2f91515a201d
38adf7ba-476e-5e6b-9163-781a13538253,43616d97-2221-569d-82eb-bcc14bcd6344,2026-07-20,2026-07-26,72.28,36.22,108.34,v1.0.0,2026-06-24T16:42:17.588802+00:00,74bff84c-0733-446b-a298-2f91515a201d
38adf7ba-476e-5e6b-9163-781a13538253,43616d97-2221-569d-82eb-bcc14bcd6344,2026-07-27,2026-08-02,75.02,38.97,111.08,v1.0.0,2026-06-24T16:42:17.588802+00:00,74bff84c-0733-446b-a298-2f91515a201d
38adf7ba-476e-5e6b-9163-781a13538253,7fb983e8-6848-5425-97a2-14da72722d0f,2026-05-11,2026-05-17,104.54,68.48,140.6,v1.0.0,2026-06-24T16:42:17.588802+00:00,74bff84c-0733-446b-a298-2f91515a201d
38adf7ba-476e-5e6b-9163-781a13538253,7fb983e8-6848-5425-97a2-14da72722d0f,2026-05-18,2026-05-24,85.93,49.88,121.99,v1.0.0,2026-06-24T16:42:17.588802+00:00,74bff84c-0733-446b-a298-2f91515a201d
38adf7ba-476e-5e6b-9163-781a13538253,7fb983e8-6848-5425-97a2-14da72722d0f,2026-05-25,2026-05-31,88.3,52.25,124.36,v1.0.0,2026-06-24T16:42:17.588802+00:00,74bff84c-0733-446b-a298-2f91515a201d
38adf7ba-476e-5e6b-9163-781a13538253,7fb983e8-6848-5425-97a2-14da72722d0f,2026-06-01,2026-06-07,90.68,54.62,126.74,v1.0.0,2026-06-24T16:42:17.588802+00:00,74bff84c-0733-446b-a298-2f91515a201d
38adf7ba-476e-5e6b-9163-781a13538253,7fb983e8-6848-5425-97a2-14da72722d0f,2026-06-08,2026-06-14,80.7,44.65,116.76,v1.0.0,2026-06-24T16:42:17.588802+00:00,74bff84c-0733-446b-a298-2f91515a201d
38adf7ba-476e-5e6b-9163-781a13538253,7fb983e8-6848-5425-97a2-14da72722d0f,2026-06-15,2026-06-21,102.23,66.17,138.29,v1.0.0,2026-06-24T16:42:17.588802+00:00,74bff84c-0733-446b-a298-2f91515a201d
38adf7ba-476e-5e6b-9163-781a13538253,7fb983e8-6848-5425-97a2-14da72722d0f,2026-06-22,2026-06-28,91.24,55.18,127.3,v1.0.0,2026-06-24T16:42:17.588802+00:00,74bff84c-0733-446b-a298-2f91515a201d
38adf7ba-476e-5e6b-9163-781a13538253,7fb983e8-6848-5425-97a2-14da72722d0f,2026-06-29,2026-07-05,89.2,53.14,125.26,v1.0.0,2026-06-24T16:42:17.588802+00:00,74bff84c-0733-446b-a298-2f91515a201d
38adf7ba-476e-5e6b-9163-781a13538253,7fb983e8-6848-5425-97a2-14da72722d0f,2026-07-06,2026-07-12,86.75,50.69,122.81,v1.0.0,2026-06-24T16:42:17.588802+00:00,74bff84c-0733-446b-a298-2f91515a201d
38adf7ba-476e-5e6b-9163-781a13538253,7fb983e8-6848-5425-97a2-14da72722d0f,2026-07-13,2026-07-19,87.09,51.03,123.15,v1.0.0,2026-06-24T16:42:17.588802+00:00,74bff84c-0733-446b-a298-2f91515a201d
38adf7ba-476e-5e6b-9163-781a13538253,7fb983e8-6848-5425-97a2-14da72722d0f,2026-07-20,2026-07-26,91.12,55.06,127.18,v1.0.0,2026-06-24T16:42:17.588802+00:00,74bff84c-0733-446b-a298-2f91515a201d
38adf7ba-476e-5e6b-9163-781a13538253,7fb983e8-6848-5425-97a2-14da72722d0f,2026-07-27,2026-08-02,79.58,43.52,115.64,v1.0.0,2026-06-24T16:42:17.588802+00:00,74bff84c-0733-446b-a298-2f91515a201d
38adf7ba-476e-5e6b-9163-781a13538253,8ecedccf-c230-516b-bbc2-108f7a6fbe63,2026-05-11,2026-05-17,86.1,50.04,122.16,v1.0.0,2026-06-24T16:42:17.588802+00:00,74bff84c-0733-446b-a298-2f91515a201d
38adf7ba-476e-5e6b-9163-781a13538253,8ecedccf-c230-516b-bbc2-108f7a6fbe63,2026-05-18,2026-05-24,85.34,49.28,121.4,v1.0.0,2026-06-24T16:42:17.588802+00:00,74bff84c-0733-446b-a298-2f91515a201d
38adf7ba-476e-5e6b-9163-781a13538253,8ecedccf-c230-516b-bbc2-108f7a6fbe63,2026-05-25,2026-05-31,84.56,48.5,120.62,v1.0.0,2026-06-24T16:42:17.588802+00:00,74bff84c-0733-446b-a298-2f91515a201d
38adf7ba-476e-5e6b-9163-781a13538253,8ecedccf-c230-516b-bbc2-108f7a6fbe63,2026-06-01,2026-06-07,86.4,50.34,122.46,v1.0.0,2026-06-24T16:42:17.588802+00:00,74bff84c-0733-446b-a298-2f91515a201d
38adf7ba-476e-5e6b-9163-781a13538253,8ecedccf-c230-516b-bbc2-108f7a6fbe63,2026-06-08,2026-06-14,76.09,40.03,112.15,v1.0.0,2026-06-24T16:42:17.588802+00:00,74bff84c-0733-446b-a298-2f91515a201d
38adf7ba-476e-5e6b-9163-781a13538253,8ecedccf-c230-516b-bbc2-108f7a6fbe63,2026-06-15,2026-06-21,78.81,42.75,114.87,v1.0.0,2026-06-24T16:42:17.588802+00:00,74bff84c-0733-446b-a298-2f91515a201d
38adf7ba-476e-5e6b-9163-781a13538253,8ecedccf-c230-516b-bbc2-108f7a6fbe63,2026-06-22,2026-06-28,73.92,37.86,109.98,v1.0.0,2026-06-24T16:42:17.588802+00:00,74bff84c-0733-446b-a298-2f91515a201d
38adf7ba-476e-5e6b-9163-781a13538253,8ecedccf-c230-516b-bbc2-108f7a6fbe63,2026-06-29,2026-07-05,80.66,44.61,116.72,v1.0.0,2026-06-24T16:42:17.588802+00:00,74bff84c-0733-446b-a298-2f91515a201d
38adf7ba-476e-5e6b-9163-781a13538253,8ecedccf-c230-516b-bbc2-108f7a6fbe63,2026-07-06,2026-07-12,77.03,40.97,113.09,v1.0.0,2026-06-24T16:42:17.588802+00:00,74bff84c-0733-446b-a298-2f91515a201d
38adf7ba-476e-5e6b-9163-781a13538253,8ecedccf-c230-516b-bbc2-108f7a6fbe63,2026-07-13,2026-07-19,80.64,44.58,116.7,v1.0.0,2026-06-24T16:42:17.588802+00:00,74bff84c-0733-446b-a298-2f91515a201d
38adf7ba-476e-5e6b-9163-781a13538253,8ecedccf-c230-516b-bbc2-108f7a6fbe63,2026-07-20,2026-07-26,81.81,45.75,117.87,v1.0.0,2026-06-24T16:42:17.588802+00:00,74bff84c-0733-446b-a298-2f91515a201d
38adf7ba-476e-5e6b-9163-781a13538253,8ecedccf-c230-516b-bbc2-108f7a6fbe63,2026-07-27,2026-08-02,79.22,43.16,115.28,v1.0.0,2026-06-24T16:42:17.588802+00:00,74bff84c-0733-446b-a298-2f91515a201d
38adf7ba-476e-5e6b-9163-781a13538253,d6f21f11-7533-52dd-a4dc-2fb8e260c02c,2026-05-11,2026-05-17,73.0,36.94,109.06,v1.0.0,2026-06-24T16:42:17.588802+00:00,74bff84c-0733-446b-a298-2f91515a201d
38adf7ba-476e-5e6b-9163-781a13538253,d6f21f11-7533-52dd-a4dc-2fb8e260c02c,2026-05-18,2026-05-24,82.63,46.57,118.68,v1.0.0,2026-06-24T16:42:17.588802+00:00,74bff84c-0733-446b-a298-2f91515a201d
38adf7ba-476e-5e6b-9163-781a13538253,d6f21f11-7533-52dd-a4dc-2fb8e260c02c,2026-05-25,2026-05-31,79.13,43.07,115.19,v1.0.0,2026-06-24T16:42:17.588802+00:00,74bff84c-0733-446b-a298-2f91515a201d
38adf7ba-476e-5e6b-9163-781a13538253,d6f21f11-7533-52dd-a4dc-2fb8e260c02c,2026-06-01,2026-06-07,80.36,44.3,116.42,v1.0.0,2026-06-24T16:42:17.588802+00:00,74bff84c-0733-446b-a298-2f91515a201d
38adf7ba-476e-5e6b-9163-781a13538253,d6f21f11-7533-52dd-a4dc-2fb8e260c02c,2026-06-08,2026-06-14,75.7,39.64,111.76,v1.0.0,2026-06-24T16:42:17.588802+00:00,74bff84c-0733-446b-a298-2f91515a201d
38adf7ba-476e-5e6b-9163-781a13538253,d6f21f11-7533-52dd-a4dc-2fb8e260c02c,2026-06-15,2026-06-21,87.51,51.45,123.56,v1.0.0,2026-06-24T16:42:17.588802+00:00,74bff84c-0733-446b-a298-2f91515a201d
38adf7ba-476e-5e6b-9163-781a13538253,d6f21f11-7533-52dd-a4dc-2fb8e260c02c,2026-06-22,2026-06-28,77.38,41.32,113.44,v1.0.0,2026-06-24T16:42:17.588802+00:00,74bff84c-0733-446b-a298-2f91515a201d
38adf7ba-476e-5e6b-9163-781a13538253,d6f21f11-7533-52dd-a4dc-2fb8e260c02c,2026-06-29,2026-07-05,79.79,43.73,115.85,v1.0.0,2026-06-24T16:42:17.588802+00:00,74bff84c-0733-446b-a298-2f91515a201d
38adf7ba-476e-5e6b-9163-781a13538253,d6f21f11-7533-52dd-a4dc-2fb8e260c02c,2026-07-06,2026-07-12,72.43,36.37,108.49,v1.0.0,2026-06-24T16:42:17.588802+00:00,74bff84c-0733-446b-a298-2f91515a201d
38adf7ba-476e-5e6b-9163-781a13538253,d6f21f11-7533-52dd-a4dc-2fb8e260c02c,2026-07-13,2026-07-19,83.76,47.7,119.82,v1.0.0,2026-06-24T16:42:17.588802+00:00,74bff84c-0733-446b-a298-2f91515a201d
38adf7ba-476e-5e6b-9163-781a13538253,d6f21f11-7533-52dd-a4dc-2fb8e260c02c,2026-07-20,2026-07-26,77.03,40.97,113.09,v1.0.0,2026-06-24T16:42:17.588802+00:00,74bff84c-0733-446b-a298-2f91515a201d
38adf7ba-476e-5e6b-9163-781a13538253,d6f21f11-7533-52dd-a4dc-2fb8e260c02c,2026-07-27,2026-08-02,77.53,41.47,113.59,v1.0.0,2026-06-24T16:42:17.588802+00:00,74bff84c-0733-446b-a298-2f91515a201d
4d9429b6-2ebf-5b5d-ac48-f779d5a1e270,26f7241d-a84e-5e4a-a43d-33eea1e54eea,2026-05-11,2026-05-17,34.26,0.0,70.32,v1.0.0,2026-06-24T16:42:17.588802+00:00,74bff84c-0733-446b-a298-2f91515a201d
4d9429b6-2ebf-5b5d-ac48-f779d5a1e270,26f7241d-a84e-5e4a-a43d-33eea1e54eea,2026-05-18,2026-05-24,33.25,0.0,69.31,v1.0.0,2026-06-24T16:42:17.588802+00:00,74bff84c-0733-446b-a298-2f91515a201d
4d9429b6-2ebf-5b5d-ac48-f779d5a1e270,26f7241d-a84e-5e4a-a43d-33eea1e54eea,2026-05-25,2026-05-31,31.28,0.0,67.34,v1.0.0,2026-06-24T16:42:17.588802+00:00,74bff84c-0733-446b-a298-2f91515a201d
4d9429b6-2ebf-5b5d-ac48-f779d5a1e270,26f7241d-a84e-5e4a-a43d-33eea1e54eea,2026-06-01,2026-06-07,32.63,0.0,68.69,v1.0.0,2026-06-24T16:42:17.588802+00:00,74bff84c-0733-446b-a298-2f91515a201d
4d9429b6-2ebf-5b5d-ac48-f779d5a1e270,26f7241d-a84e-5e4a-a43d-33eea1e54eea,2026-06-08,2026-06-14,31.35,0.0,67.41,v1.0.0,2026-06-24T16:42:17.588802+00:00,74bff84c-0733-446b-a298-2f91515a201d
4d9429b6-2ebf-5b5d-ac48-f779d5a1e270,26f7241d-a84e-5e4a-a43d-33eea1e54eea,2026-06-15,2026-06-21,31.95,0.0,68.0,v1.0.0,2026-06-24T16:42:17.588802+00:00,74bff84c-0733-446b-a298-2f91515a201d
4d9429b6-2ebf-5b5d-ac48-f779d5a1e270,26f7241d-a84e-5e4a-a43d-33eea1e54eea,2026-06-22,2026-06-28,32.72,0.0,68.78,v1.0.0,2026-06-24T16:42:17.588802+00:00,74bff84c-0733-446b-a298-2f91515a201d
4d9429b6-2ebf-5b5d-ac48-f779d5a1e270,26f7241d-a84e-5e4a-a43d-33eea1e54eea,2026-06-29,2026-07-05,33.96,0.0,70.02,v1.0.0,2026-06-24T16:42:17.588802+00:00,74bff84c-0733-446b-a298-2f91515a201d
4d9429b6-2ebf-5b5d-ac48-f779d5a1e270,26f7241d-a84e-5e4a-a43d-33eea1e54eea,2026-07-06,2026-07-12,31.38,0.0,67.43,v1.0.0,2026-06-24T16:42:17.588802+00:00,74bff84c-0733-446b-a298-2f91515a201d
4d9429b6-2ebf-5b5d-ac48-f779d5a1e270,26f7241d-a84e-5e4a-a43d-33eea1e54eea,2026-07-13,2026-07-19,31.23,0.0,67.29,v1.0.0,2026-06-24T16:42:17.588802+00:00,74bff84c-0733-446b-a298-2f91515a201d
4d9429b6-2ebf-5b5d-ac48-f779d5a1e270,26f7241d-a84e-5e4a-a43d-33eea1e54eea,2026-07-20,2026-07-26,29.97,0.0,66.02,v1.0.0,2026-06-24T16:42:17.588802+00:00,74bff84c-0733-446b-a298-2f91515a201d
4d9429b6-2ebf-5b5d-ac48-f779d5a1e270,26f7241d-a84e-5e4a-a43d-33eea1e54eea,2026-07-27,2026-08-02,32.14,0.0,68.2,v1.0.0,2026-06-24T16:42:17.588802+00:00,74bff84c-0733-446b-a298-2f91515a201d
4d9429b6-2ebf-5b5d-ac48-f779d5a1e270,43616d97-2221-569d-82eb-bcc14bcd6344,2026-05-11,2026-05-17,33.44,0.0,69.49,v1.0.0,2026-06-24T16:42:17.588802+00:00,74bff84c-0733-446b-a298-2f91515a201d
4d9429b6-2ebf-5b5d-ac48-f779d5a1e270,43616d97-2221-569d-82eb-bcc14bcd6344,2026-05-18,2026-05-24,30.4,0.0,66.46,v1.0.0,2026-06-24T16:42:17.588802+00:00,74bff84c-0733-446b-a298-2f91515a201d
4d9429b6-2ebf-5b5d-ac48-f779d5a1e270,43616d97-2221-569d-82eb-bcc14bcd6344,2026-05-25,2026-05-31,30.03,0.0,66.08,v1.0.0,2026-06-24T16:42:17.588802+00:00,74bff84c-0733-446b-a298-2f91515a201d
4d9429b6-2ebf-5b5d-ac48-f779d5a1e270,43616d97-2221-569d-82eb-bcc14bcd6344,2026-06-01,2026-06-07,28.58,0.0,64.64,v1.0.0,2026-06-24T16:42:17.588802+00:00,74bff84c-0733-446b-a298-2f91515a201d
4d9429b6-2ebf-5b5d-ac48-f779d5a1e270,43616d97-2221-569d-82eb-bcc14bcd6344,2026-06-08,2026-06-14,31.51,0.0,67.57,v1.0.0,2026-06-24T16:42:17.588802+00:00,74bff84c-0733-446b-a298-2f91515a201d
4d9429b6-2ebf-5b5d-ac48-f779d5a1e270,43616d97-2221-569d-82eb-bcc14bcd6344,2026-06-15,2026-06-21,34.5,0.0,70.56,v1.0.0,2026-06-24T16:42:17.588802+00:00,74bff84c-0733-446b-a298-2f91515a201d
4d9429b6-2ebf-5b5d-ac48-f779d5a1e270,43616d97-2221-569d-82eb-bcc14bcd6344,2026-06-22,2026-06-28,32.02,0.0,68.08,v1.0.0,2026-06-24T16:42:17.588802+00:00,74bff84c-0733-446b-a298-2f91515a201d
4d9429b6-2ebf-5b5d-ac48-f779d5a1e270,43616d97-2221-569d-82eb-bcc14bcd6344,2026-06-29,2026-07-05,31.14,0.0,67.2,v1.0.0,2026-06-24T16:42:17.588802+00:00,74bff84c-0733-446b-a298-2f91515a201d
4d9429b6-2ebf-5b5d-ac48-f779d5a1e270,43616d97-2221-569d-82eb-bcc14bcd6344,2026-07-06,2026-07-12,28.32,0.0,64.37,v1.0.0,2026-06-24T16:42:17.588802+00:00,74bff84c-0733-446b-a298-2f91515a201d
4d9429b6-2ebf-5b5d-ac48-f779d5a1e270,43616d97-2221-569d-82eb-bcc14bcd6344,2026-07-13,2026-07-19,31.55,0.0,67.61,v1.0.0,2026-06-24T16:42:17.588802+00:00,74bff84c-0733-446b-a298-2f91515a201d
4d9429b6-2ebf-5b5d-ac48-f779d5a1e270,43616d97-2221-569d-82eb-bcc14bcd6344,2026-07-20,2026-07-26,34.36,0.0,70.42,v1.0.0,2026-06-24T16:42:17.588802+00:00,74bff84c-0733-446b-a298-2f91515a201d
4d9429b6-2ebf-5b5d-ac48-f779d5a1e270,43616d97-2221-569d-82eb-bcc14bcd6344,2026-07-27,2026-08-02,29.87,0.0,65.93,v1.0.0,2026-06-24T16:42:17.588802+00:00,74bff84c-0733-446b-a298-2f91515a201d
4d9429b6-2ebf-5b5d-ac48-f779d5a1e270,7fb983e8-6848-5425-97a2-14da72722d0f,2026-05-11,2026-05-17,16.77,0.0,52.83,v1.0.0,2026-06-24T16:42:17.588802+00:00,74bff84c-0733-446b-a298-2f91515a201d
4d9429b6-2ebf-5b5d-ac48-f779d5a1e270,7fb983e8-6848-5425-97a2-14da72722d0f,2026-05-18,2026-05-24,14.65,0.0,50.71,v1.0.0,2026-06-24T16:42:17.588802+00:00,74bff84c-0733-446b-a298-2f91515a201d
4d9429b6-2ebf-5b5d-ac48-f779d5a1e270,7fb983e8-6848-5425-97a2-14da72722d0f,2026-05-25,2026-05-31,17.21,0.0,53.27,v1.0.0,2026-06-24T16:42:17.588802+00:00,74bff84c-0733-446b-a298-2f91515a201d
4d9429b6-2ebf-5b5d-ac48-f779d5a1e270,7fb983e8-6848-5425-97a2-14da72722d0f,2026-06-01,2026-06-07,18.95,0.0,55.01,v1.0.0,2026-06-24T16:42:17.588802+00:00,74bff84c-0733-446b-a298-2f91515a201d
4d9429b6-2ebf-5b5d-ac48-f779d5a1e270,7fb983e8-6848-5425-97a2-14da72722d0f,2026-06-08,2026-06-14,19.33,0.0,55.39,v1.0.0,2026-06-24T16:42:17.588802+00:00,74bff84c-0733-446b-a298-2f91515a201d
4d9429b6-2ebf-5b5d-ac48-f779d5a1e270,7fb983e8-6848-5425-97a2-14da72722d0f,2026-06-15,2026-06-21,18.65,0.0,54.71,v1.0.0,2026-06-24T16:42:17.588802+00:00,74bff84c-0733-446b-a298-2f91515a201d
4d9429b6-2ebf-5b5d-ac48-f779d5a1e270,7fb983e8-6848-5425-97a2-14da72722d0f,2026-06-22,2026-06-28,17.35,0.0,53.4,v1.0.0,2026-06-24T16:42:17.588802+00:00,74bff84c-0733-446b-a298-2f91515a201d
4d9429b6-2ebf-5b5d-ac48-f779d5a1e270,7fb983e8-6848-5425-97a2-14da72722d0f,2026-06-29,2026-07-05,13.86,0.0,49.91,v1.0.0,2026-06-24T16:42:17.588802+00:00,74bff84c-0733-446b-a298-2f91515a201d
4d9429b6-2ebf-5b5d-ac48-f779d5a1e270,7fb983e8-6848-5425-97a2-14da72722d0f,2026-07-06,2026-07-12,18.16,0.0,54.22,v1.0.0,2026-06-24T16:42:17.588802+00:00,74bff84c-0733-446b-a298-2f91515a201d
4d9429b6-2ebf-5b5d-ac48-f779d5a1e270,7fb983e8-6848-5425-97a2-14da72722d0f,2026-07-13,2026-07-19,15.18,0.0,51.23,v1.0.0,2026-06-24T16:42:17.588802+00:00,74bff84c-0733-446b-a298-2f91515a201d
4d9429b6-2ebf-5b5d-ac48-f779d5a1e270,7fb983e8-6848-5425-97a2-14da72722d0f,2026-07-20,2026-07-26,17.4,0.0,53.46,v1.0.0,2026-06-24T16:42:17.588802+00:00,74bff84c-0733-446b-a298-2f91515a201d
4d9429b6-2ebf-5b5d-ac48-f779d5a1e270,7fb983e8-6848-5425-97a2-14da72722d0f,2026-07-27,2026-08-02,20.33,0.0,56.39,v1.0.0,2026-06-24T16:42:17.588802+00:00,74bff84c-0733-446b-a298-2f91515a201d
4d9429b6-2ebf-5b5d-ac48-f779d5a1e270,8ecedccf-c230-516b-bbc2-108f7a6fbe63,2026-05-11,2026-05-17,27.62,0.0,63.68,v1.0.0,2026-06-24T16:42:17.588802+00:00,74bff84c-0733-446b-a298-2f91515a201d
4d9429b6-2ebf-5b5d-ac48-f779d5a1e270,8ecedccf-c230-516b-bbc2-108f7a6fbe63,2026-05-18,2026-05-24,33.18,0.0,69.23,v1.0.0,2026-06-24T16:42:17.588802+00:00,74bff84c-0733-446b-a298-2f91515a201d
4d9429b6-2ebf-5b5d-ac48-f779d5a1e270,8ecedccf-c230-516b-bbc2-108f7a6fbe63,2026-05-25,2026-05-31,30.32,0.0,66.37,v1.0.0,2026-06-24T16:42:17.588802+00:00,74bff84c-0733-446b-a298-2f91515a201d
4d9429b6-2ebf-5b5d-ac48-f779d5a1e270,8ecedccf-c230-516b-bbc2-108f7a6fbe63,2026-06-01,2026-06-07,29.18,0.0,65.24,v1.0.0,2026-06-24T16:42:17.588802+00:00,74bff84c-0733-446b-a298-2f91515a201d
4d9429b6-2ebf-5b5d-ac48-f779d5a1e270,8ecedccf-c230-516b-bbc2-108f7a6fbe63,2026-06-08,2026-06-14,27.7,0.0,63.76,v1.0.0,2026-06-24T16:42:17.588802+00:00,74bff84c-0733-446b-a298-2f91515a201d
4d9429b6-2ebf-5b5d-ac48-f779d5a1e270,8ecedccf-c230-516b-bbc2-108f7a6fbe63,2026-06-15,2026-06-21,27.7,0.0,63.75,v1.0.0,2026-06-24T16:42:17.588802+00:00,74bff84c-0733-446b-a298-2f91515a201d
4d9429b6-2ebf-5b5d-ac48-f779d5a1e270,8ecedccf-c230-516b-bbc2-108f7a6fbe63,2026-06-22,2026-06-28,29.34,0.0,65.4,v1.0.0,2026-06-24T16:42:17.588802+00:00,74bff84c-0733-446b-a298-2f91515a201d
4d9429b6-2ebf-5b5d-ac48-f779d5a1e270,8ecedccf-c230-516b-bbc2-108f7a6fbe63,2026-06-29,2026-07-05,27.96,0.0,64.02,v1.0.0,2026-06-24T16:42:17.588802+00:00,74bff84c-0733-446b-a298-2f91515a201d
4d9429b6-2ebf-5b5d-ac48-f779d5a1e270,8ecedccf-c230-516b-bbc2-108f7a6fbe63,2026-07-06,2026-07-12,34.53,0.0,70.59,v1.0.0,2026-06-24T16:42:17.588802+00:00,74bff84c-0733-446b-a298-2f91515a201d
4d9429b6-2ebf-5b5d-ac48-f779d5a1e270,8ecedccf-c230-516b-bbc2-108f7a6fbe63,2026-07-13,2026-07-19,29.18,0.0,65.24,v1.0.0,2026-06-24T16:42:17.588802+00:00,74bff84c-0733-446b-a298-2f91515a201d
4d9429b6-2ebf-5b5d-ac48-f779d5a1e270,8ecedccf-c230-516b-bbc2-108f7a6fbe63,2026-07-20,2026-07-26,25.33,0.0,61.39,v1.0.0,2026-06-24T16:42:17.588802+00:00,74bff84c-0733-446b-a298-2f91515a201d
4d9429b6-2ebf-5b5d-ac48-f779d5a1e270,8ecedccf-c230-516b-bbc2-108f7a6fbe63,2026-07-27,2026-08-02,27.47,0.0,63.52,v1.0.0,2026-06-24T16:42:17.588802+00:00,74bff84c-0733-446b-a298-2f91515a201d
4d9429b6-2ebf-5b5d-ac48-f779d5a1e270,d6f21f11-7533-52dd-a4dc-2fb8e260c02c,2026-05-11,2026-05-17,34.72,0.0,70.78,v1.0.0,2026-06-24T16:42:17.588802+00:00,74bff84c-0733-446b-a298-2f91515a201d
4d9429b6-2ebf-5b5d-ac48-f779d5a1e270,d6f21f11-7533-52dd-a4dc-2fb8e260c02c,2026-05-18,2026-05-24,31.27,0.0,67.32,v1.0.0,2026-06-24T16:42:17.588802+00:00,74bff84c-0733-446b-a298-2f91515a201d
4d9429b6-2ebf-5b5d-ac48-f779d5a1e270,d6f21f11-7533-52dd-a4dc-2fb8e260c02c,2026-05-25,2026-05-31,25.31,0.0,61.36,v1.0.0,2026-06-24T16:42:17.588802+00:00,74bff84c-0733-446b-a298-2f91515a201d
4d9429b6-2ebf-5b5d-ac48-f779d5a1e270,d6f21f11-7533-52dd-a4dc-2fb8e260c02c,2026-06-01,2026-06-07,15.89,0.0,51.95,v1.0.0,2026-06-24T16:42:17.588802+00:00,74bff84c-0733-446b-a298-2f91515a201d
4d9429b6-2ebf-5b5d-ac48-f779d5a1e270,d6f21f11-7533-52dd-a4dc-2fb8e260c02c,2026-06-08,2026-06-14,26.61,0.0,62.67,v1.0.0,2026-06-24T16:42:17.588802+00:00,74bff84c-0733-446b-a298-2f91515a201d
4d9429b6-2ebf-5b5d-ac48-f779d5a1e270,d6f21f11-7533-52dd-a4dc-2fb8e260c02c,2026-06-15,2026-06-21,26.63,0.0,62.69,v1.0.0,2026-06-24T16:42:17.588802+00:00,74bff84c-0733-446b-a298-2f91515a201d
4d9429b6-2ebf-5b5d-ac48-f779d5a1e270,d6f21f11-7533-52dd-a4dc-2fb8e260c02c,2026-06-22,2026-06-28,26.26,0.0,62.32,v1.0.0,2026-06-24T16:42:17.588802+00:00,74bff84c-0733-446b-a298-2f91515a201d
4d9429b6-2ebf-5b5d-ac48-f779d5a1e270,d6f21f11-7533-52dd-a4dc-2fb8e260c02c,2026-06-29,2026-07-05,33.58,0.0,69.64,v1.0.0,2026-06-24T16:42:17.588802+00:00,74bff84c-0733-446b-a298-2f91515a201d
4d9429b6-2ebf-5b5d-ac48-f779d5a1e270,d6f21f11-7533-52dd-a4dc-2fb8e260c02c,2026-07-06,2026-07-12,34.62,0.0,70.68,v1.0.0,2026-06-24T16:42:17.588802+00:00,74bff84c-0733-446b-a298-2f91515a201d
4d9429b6-2ebf-5b5d-ac48-f779d5a1e270,d6f21f11-7533-52dd-a4dc-2fb8e260c02c,2026-07-13,2026-07-19,24.9,0.0,60.96,v1.0.0,2026-06-24T16:42:17.588802+00:00,74bff84c-0733-446b-a298-2f91515a201d
4d9429b6-2ebf-5b5d-ac48-f779d5a1e270,d6f21f11-7533-52dd-a4dc-2fb8e260c02c,2026-07-20,2026-07-26,26.03,0.0,62.09,v1.0.0,2026-06-24T16:42:17.588802+00:00,74bff84c-0733-446b-a298-2f91515a201d
4d9429b6-2ebf-5b5d-ac48-f779d5a1e270,d6f21f11-7533-52dd-a4dc-2fb8e260c02c,2026-07-27,2026-08-02,26.02,0.0,62.07,v1.0.0,2026-06-24T16:42:17.588802+00:00,74bff84c-0733-446b-a298-2f91515a201d
5bbfdec8-65ae-59e6-b211-5eccb5b765fa,26f7241d-a84e-5e4a-a43d-33eea1e54eea,2026-05-11,2026-05-17,88.0,51.95,124.06,v1.0.0,2026-06-24T16:42:17.588802+00:00,74bff84c-0733-446b-a298-2f91515a201d
5bbfdec8-65ae-59e6-b211-5eccb5b765fa,26f7241d-a84e-5e4a-a43d-33eea1e54eea,2026-05-18,2026-05-24,93.8,57.74,129.86,v1.0.0,2026-06-24T16:42:17.588802+00:00,74bff84c-0733-446b-a298-2f91515a201d
5bbfdec8-65ae-59e6-b211-5eccb5b765fa,26f7241d-a84e-5e4a-a43d-33eea1e54eea,2026-05-25,2026-05-31,95.49,59.43,131.55,v1.0.0,2026-06-24T16:42:17.588802+00:00,74bff84c-0733-446b-a298-2f91515a201d
5bbfdec8-65ae-59e6-b211-5eccb5b765fa,26f7241d-a84e-5e4a-a43d-33eea1e54eea,2026-06-01,2026-06-07,97.12,61.06,133.17,v1.0.0,2026-06-24T16:42:17.588802+00:00,74bff84c-0733-446b-a298-2f91515a201d
5bbfdec8-65ae-59e6-b211-5eccb5b765fa,26f7241d-a84e-5e4a-a43d-33eea1e54eea,2026-06-08,2026-06-14,96.06,60.0,132.11,v1.0.0,2026-06-24T16:42:17.588802+00:00,74bff84c-0733-446b-a298-2f91515a201d
5bbfdec8-65ae-59e6-b211-5eccb5b765fa,26f7241d-a84e-5e4a-a43d-33eea1e54eea,2026-06-15,2026-06-21,99.27,63.21,135.33,v1.0.0,2026-06-24T16:42:17.588802+00:00,74bff84c-0733-446b-a298-2f91515a201d
5bbfdec8-65ae-59e6-b211-5eccb5b765fa,26f7241d-a84e-5e4a-a43d-33eea1e54eea,2026-06-22,2026-06-28,98.11,62.06,134.17,v1.0.0,2026-06-24T16:42:17.588802+00:00,74bff84c-0733-446b-a298-2f91515a201d
5bbfdec8-65ae-59e6-b211-5eccb5b765fa,26f7241d-a84e-5e4a-a43d-33eea1e54eea,2026-06-29,2026-07-05,99.08,63.02,135.14,v1.0.0,2026-06-24T16:42:17.588802+00:00,74bff84c-0733-446b-a298-2f91515a201d
5bbfdec8-65ae-59e6-b211-5eccb5b765fa,26f7241d-a84e-5e4a-a43d-33eea1e54eea,2026-07-06,2026-07-12,97.86,61.8,133.92,v1.0.0,2026-06-24T16:42:17.588802+00:00,74bff84c-0733-446b-a298-2f91515a201d
5bbfdec8-65ae-59e6-b211-5eccb5b765fa,26f7241d-a84e-5e4a-a43d-33eea1e54eea,2026-07-13,2026-07-19,94.95,58.9,131.01,v1.0.0,2026-06-24T16:42:17.588802+00:00,74bff84c-0733-446b-a298-2f91515a201d
5bbfdec8-65ae-59e6-b211-5eccb5b765fa,26f7241d-a84e-5e4a-a43d-33eea1e54eea,2026-07-20,2026-07-26,96.74,60.69,132.8,v1.0.0,2026-06-24T16:42:17.588802+00:00,74bff84c-0733-446b-a298-2f91515a201d
5bbfdec8-65ae-59e6-b211-5eccb5b765fa,26f7241d-a84e-5e4a-a43d-33eea1e54eea,2026-07-27,2026-08-02,94.05,57.99,130.11,v1.0.0,2026-06-24T16:42:17.588802+00:00,74bff84c-0733-446b-a298-2f91515a201d
5bbfdec8-65ae-59e6-b211-5eccb5b765fa,43616d97-2221-569d-82eb-bcc14bcd6344,2026-05-11,2026-05-17,87.46,51.4,123.52,v1.0.0,2026-06-24T16:42:17.588802+00:00,74bff84c-0733-446b-a298-2f91515a201d
5bbfdec8-65ae-59e6-b211-5eccb5b765fa,43616d97-2221-569d-82eb-bcc14bcd6344,2026-05-18,2026-05-24,93.6,57.54,129.66,v1.0.0,2026-06-24T16:42:17.588802+00:00,74bff84c-0733-446b-a298-2f91515a201d
5bbfdec8-65ae-59e6-b211-5eccb5b765fa,43616d97-2221-569d-82eb-bcc14bcd6344,2026-05-25,2026-05-31,90.7,54.64,126.76,v1.0.0,2026-06-24T16:42:17.588802+00:00,74bff84c-0733-446b-a298-2f91515a201d
5bbfdec8-65ae-59e6-b211-5eccb5b765fa,43616d97-2221-569d-82eb-bcc14bcd6344,2026-06-01,2026-06-07,96.82,60.76,132.88,v1.0.0,2026-06-24T16:42:17.588802+00:00,74bff84c-0733-446b-a298-2f91515a201d
5bbfdec8-65ae-59e6-b211-5eccb5b765fa,43616d97-2221-569d-82eb-bcc14bcd6344,2026-06-08,2026-06-14,87.85,51.79,123.91,v1.0.0,2026-06-24T16:42:17.588802+00:00,74bff84c-0733-446b-a298-2f91515a201d
5bbfdec8-65ae-59e6-b211-5eccb5b765fa,43616d97-2221-569d-82eb-bcc14bcd6344,2026-06-15,2026-06-21,82.28,46.22,118.34,v1.0.0,2026-06-24T16:42:17.588802+00:00,74bff84c-0733-446b-a298-2f91515a201d
5bbfdec8-65ae-59e6-b211-5eccb5b765fa,43616d97-2221-569d-82eb-bcc14bcd6344,2026-06-22,2026-06-28,132.28,96.22,168.34,v1.0.0,2026-06-24T16:42:17.588802+00:00,74bff84c-0733-446b-a298-2f91515a201d
5bbfdec8-65ae-59e6-b211-5eccb5b765fa,43616d97-2221-569d-82eb-bcc14bcd6344,2026-06-29,2026-07-05,98.08,62.02,134.13,v1.0.0,2026-06-24T16:42:17.588802+00:00,74bff84c-0733-446b-a298-2f91515a201d
5bbfdec8-65ae-59e6-b211-5eccb5b765fa,43616d97-2221-569d-82eb-bcc14bcd6344,2026-07-06,2026-07-12,89.09,53.03,125.14,v1.0.0,2026-06-24T16:42:17.588802+00:00,74bff84c-0733-446b-a298-2f91515a201d
5bbfdec8-65ae-59e6-b211-5eccb5b765fa,43616d97-2221-569d-82eb-bcc14bcd6344,2026-07-13,2026-07-19,99.53,63.47,135.59,v1.0.0,2026-06-24T16:42:17.588802+00:00,74bff84c-0733-446b-a298-2f91515a201d
5bbfdec8-65ae-59e6-b211-5eccb5b765fa,43616d97-2221-569d-82eb-bcc14bcd6344,2026-07-20,2026-07-26,107.8,71.74,143.86,v1.0.0,2026-06-24T16:42:17.588802+00:00,74bff84c-0733-446b-a298-2f91515a201d
5bbfdec8-65ae-59e6-b211-5eccb5b765fa,43616d97-2221-569d-82eb-bcc14bcd6344,2026-07-27,2026-08-02,94.14,58.08,130.2,v1.0.0,2026-06-24T16:42:17.588802+00:00,74bff84c-0733-446b-a298-2f91515a201d
5bbfdec8-65ae-59e6-b211-5eccb5b765fa,7fb983e8-6848-5425-97a2-14da72722d0f,2026-05-11,2026-05-17,76.65,40.59,112.7,v1.0.0,2026-06-24T16:42:17.588802+00:00,74bff84c-0733-446b-a298-2f91515a201d
5bbfdec8-65ae-59e6-b211-5eccb5b765fa,7fb983e8-6848-5425-97a2-14da72722d0f,2026-05-18,2026-05-24,77.69,41.63,113.74,v1.0.0,2026-06-24T16:42:17.588802+00:00,74bff84c-0733-446b-a298-2f91515a201d
5bbfdec8-65ae-59e6-b211-5eccb5b765fa,7fb983e8-6848-5425-97a2-14da72722d0f,2026-05-25,2026-05-31,78.62,42.56,114.67,v1.0.0,2026-06-24T16:42:17.588802+00:00,74bff84c-0733-446b-a298-2f91515a201d
5bbfdec8-65ae-59e6-b211-5eccb5b765fa,7fb983e8-6848-5425-97a2-14da72722d0f,2026-06-01,2026-06-07,81.37,45.31,117.43,v1.0.0,2026-06-24T16:42:17.588802+00:00,74bff84c-0733-446b-a298-2f91515a201d
5bbfdec8-65ae-59e6-b211-5eccb5b765fa,7fb983e8-6848-5425-97a2-14da72722d0f,2026-06-08,2026-06-14,81.64,45.58,117.7,v1.0.0,2026-06-24T16:42:17.588802+00:00,74bff84c-0733-446b-a298-2f91515a201d
5bbfdec8-65ae-59e6-b211-5eccb5b765fa,7fb983e8-6848-5425-97a2-14da72722d0f,2026-06-15,2026-06-21,86.31,50.26,122.37,v1.0.0,2026-06-24T16:42:17.588802+00:00,74bff84c-0733-446b-a298-2f91515a201d
5bbfdec8-65ae-59e6-b211-5eccb5b765fa,7fb983e8-6848-5425-97a2-14da72722d0f,2026-06-22,2026-06-28,79.55,43.49,115.61,v1.0.0,2026-06-24T16:42:17.588802+00:00,74bff84c-0733-446b-a298-2f91515a201d
5bbfdec8-65ae-59e6-b211-5eccb5b765fa,7fb983e8-6848-5425-97a2-14da72722d0f,2026-06-29,2026-07-05,81.92,45.86,117.98,v1.0.0,2026-06-24T16:42:17.588802+00:00,74bff84c-0733-446b-a298-2f91515a201d
5bbfdec8-65ae-59e6-b211-5eccb5b765fa,7fb983e8-6848-5425-97a2-14da72722d0f,2026-07-06,2026-07-12,78.34,42.29,114.4,v1.0.0,2026-06-24T16:42:17.588802+00:00,74bff84c-0733-446b-a298-2f91515a201d
5bbfdec8-65ae-59e6-b211-5eccb5b765fa,7fb983e8-6848-5425-97a2-14da72722d0f,2026-07-13,2026-07-19,74.01,37.95,110.06,v1.0.0,2026-06-24T16:42:17.588802+00:00,74bff84c-0733-446b-a298-2f91515a201d
5bbfdec8-65ae-59e6-b211-5eccb5b765fa,7fb983e8-6848-5425-97a2-14da72722d0f,2026-07-20,2026-07-26,73.56,37.5,109.62,v1.0.0,2026-06-24T16:42:17.588802+00:00,74bff84c-0733-446b-a298-2f91515a201d
5bbfdec8-65ae-59e6-b211-5eccb5b765fa,7fb983e8-6848-5425-97a2-14da72722d0f,2026-07-27,2026-08-02,79.04,42.98,115.1,v1.0.0,2026-06-24T16:42:17.588802+00:00,74bff84c-0733-446b-a298-2f91515a201d
5bbfdec8-65ae-59e6-b211-5eccb5b765fa,8ecedccf-c230-516b-bbc2-108f7a6fbe63,2026-05-11,2026-05-17,84.61,48.56,120.67,v1.0.0,2026-06-24T16:42:17.588802+00:00,74bff84c-0733-446b-a298-2f91515a201d
5bbfdec8-65ae-59e6-b211-5eccb5b765fa,8ecedccf-c230-516b-bbc2-108f7a6fbe63,2026-05-18,2026-05-24,86.62,50.56,122.68,v1.0.0,2026-06-24T16:42:17.588802+00:00,74bff84c-0733-446b-a298-2f91515a201d
5bbfdec8-65ae-59e6-b211-5eccb5b765fa,8ecedccf-c230-516b-bbc2-108f7a6fbe63,2026-05-25,2026-05-31,80.27,44.21,116.33,v1.0.0,2026-06-24T16:42:17.588802+00:00,74bff84c-0733-446b-a298-2f91515a201d
5bbfdec8-65ae-59e6-b211-5eccb5b765fa,8ecedccf-c230-516b-bbc2-108f7a6fbe63,2026-06-01,2026-06-07,86.47,50.41,122.53,v1.0.0,2026-06-24T16:42:17.588802+00:00,74bff84c-0733-446b-a298-2f91515a201d
5bbfdec8-65ae-59e6-b211-5eccb5b765fa,8ecedccf-c230-516b-bbc2-108f7a6fbe63,2026-06-08,2026-06-14,92.52,56.46,128.58,v1.0.0,2026-06-24T16:42:17.588802+00:00,74bff84c-0733-446b-a298-2f91515a201d
5bbfdec8-65ae-59e6-b211-5eccb5b765fa,8ecedccf-c230-516b-bbc2-108f7a6fbe63,2026-06-15,2026-06-21,88.9,52.84,124.96,v1.0.0,2026-06-24T16:42:17.588802+00:00,74bff84c-0733-446b-a298-2f91515a201d
5bbfdec8-65ae-59e6-b211-5eccb5b765fa,8ecedccf-c230-516b-bbc2-108f7a6fbe63,2026-06-22,2026-06-28,84.57,48.51,120.63,v1.0.0,2026-06-24T16:42:17.588802+00:00,74bff84c-0733-446b-a298-2f91515a201d
5bbfdec8-65ae-59e6-b211-5eccb5b765fa,8ecedccf-c230-516b-bbc2-108f7a6fbe63,2026-06-29,2026-07-05,92.06,56.0,128.12,v1.0.0,2026-06-24T16:42:17.588802+00:00,74bff84c-0733-446b-a298-2f91515a201d
5bbfdec8-65ae-59e6-b211-5eccb5b765fa,8ecedccf-c230-516b-bbc2-108f7a6fbe63,2026-07-06,2026-07-12,90.76,54.7,126.81,v1.0.0,2026-06-24T16:42:17.588802+00:00,74bff84c-0733-446b-a298-2f91515a201d
5bbfdec8-65ae-59e6-b211-5eccb5b765fa,8ecedccf-c230-516b-bbc2-108f7a6fbe63,2026-07-13,2026-07-19,93.95,57.89,130.01,v1.0.0,2026-06-24T16:42:17.588802+00:00,74bff84c-0733-446b-a298-2f91515a201d
5bbfdec8-65ae-59e6-b211-5eccb5b765fa,8ecedccf-c230-516b-bbc2-108f7a6fbe63,2026-07-20,2026-07-26,86.34,50.28,122.4,v1.0.0,2026-06-24T16:42:17.588802+00:00,74bff84c-0733-446b-a298-2f91515a201d
5bbfdec8-65ae-59e6-b211-5eccb5b765fa,8ecedccf-c230-516b-bbc2-108f7a6fbe63,2026-07-27,2026-08-02,84.51,48.45,120.57,v1.0.0,2026-06-24T16:42:17.588802+00:00,74bff84c-0733-446b-a298-2f91515a201d
5bbfdec8-65ae-59e6-b211-5eccb5b765fa,d6f21f11-7533-52dd-a4dc-2fb8e260c02c,2026-05-11,2026-05-17,73.99,37.93,110.04,v1.0.0,2026-06-24T16:42:17.588802+00:00,74bff84c-0733-446b-a298-2f91515a201d
5bbfdec8-65ae-59e6-b211-5eccb5b765fa,d6f21f11-7533-52dd-a4dc-2fb8e260c02c,2026-05-18,2026-05-24,72.14,36.09,108.2,v1.0.0,2026-06-24T16:42:17.588802+00:00,74bff84c-0733-446b-a298-2f91515a201d
5bbfdec8-65ae-59e6-b211-5eccb5b765fa,d6f21f11-7533-52dd-a4dc-2fb8e260c02c,2026-05-25,2026-05-31,77.9,41.84,113.95,v1.0.0,2026-06-24T16:42:17.588802+00:00,74bff84c-0733-446b-a298-2f91515a201d
5bbfdec8-65ae-59e6-b211-5eccb5b765fa,d6f21f11-7533-52dd-a4dc-2fb8e260c02c,2026-06-01,2026-06-07,71.49,35.43,107.55,v1.0.0,2026-06-24T16:42:17.588802+00:00,74bff84c-0733-446b-a298-2f91515a201d
5bbfdec8-65ae-59e6-b211-5eccb5b765fa,d6f21f11-7533-52dd-a4dc-2fb8e260c02c,2026-06-08,2026-06-14,77.27,41.22,113.33,v1.0.0,2026-06-24T16:42:17.588802+00:00,74bff84c-0733-446b-a298-2f91515a201d
5bbfdec8-65ae-59e6-b211-5eccb5b765fa,d6f21f11-7533-52dd-a4dc-2fb8e260c02c,2026-06-15,2026-06-21,66.35,30.29,102.4,v1.0.0,2026-06-24T16:42:17.588802+00:00,74bff84c-0733-446b-a298-2f91515a201d
5bbfdec8-65ae-59e6-b211-5eccb5b765fa,d6f21f11-7533-52dd-a4dc-2fb8e260c02c,2026-06-22,2026-06-28,95.32,59.26,131.38,v1.0.0,2026-06-24T16:42:17.588802+00:00,74bff84c-0733-446b-a298-2f91515a201d
5bbfdec8-65ae-59e6-b211-5eccb5b765fa,d6f21f11-7533-52dd-a4dc-2fb8e260c02c,2026-06-29,2026-07-05,87.85,51.79,123.91,v1.0.0,2026-06-24T16:42:17.588802+00:00,74bff84c-0733-446b-a298-2f91515a201d
5bbfdec8-65ae-59e6-b211-5eccb5b765fa,d6f21f11-7533-52dd-a4dc-2fb8e260c02c,2026-07-06,2026-07-12,73.65,37.59,109.71,v1.0.0,2026-06-24T16:42:17.588802+00:00,74bff84c-0733-446b-a298-2f91515a201d
5bbfdec8-65ae-59e6-b211-5eccb5b765fa,d6f21f11-7533-52dd-a4dc-2fb8e260c02c,2026-07-13,2026-07-19,72.23,36.17,108.29,v1.0.0,2026-06-24T16:42:17.588802+00:00,74bff84c-0733-446b-a298-2f91515a201d
5bbfdec8-65ae-59e6-b211-5eccb5b765fa,d6f21f11-7533-52dd-a4dc-2fb8e260c02c,2026-07-20,2026-07-26,77.41,41.35,113.46,v1.0.0,2026-06-24T16:42:17.588802+00:00,74bff84c-0733-446b-a298-2f91515a201d
5bbfdec8-65ae-59e6-b211-5eccb5b765fa,d6f21f11-7533-52dd-a4dc-2fb8e260c02c,2026-07-27,2026-08-02,85.62,49.56,121.68,v1.0.0,2026-06-24T16:42:17.588802+00:00,74bff84c-0733-446b-a298-2f91515a201d
6baabed2-52d7-5cb7-bf74-86c7cb3e4f07,26f7241d-a84e-5e4a-a43d-33eea1e54eea,2026-05-11,2026-05-17,60.87,24.81,96.93,v1.0.0,2026-06-24T16:42:17.588802+00:00,74bff84c-0733-446b-a298-2f91515a201d
6baabed2-52d7-5cb7-bf74-86c7cb3e4f07,26f7241d-a84e-5e4a-a43d-33eea1e54eea,2026-05-18,2026-05-24,59.26,23.2,95.31,v1.0.0,2026-06-24T16:42:17.588802+00:00,74bff84c-0733-446b-a298-2f91515a201d
6baabed2-52d7-5cb7-bf74-86c7cb3e4f07,26f7241d-a84e-5e4a-a43d-33eea1e54eea,2026-05-25,2026-05-31,57.96,21.9,94.02,v1.0.0,2026-06-24T16:42:17.588802+00:00,74bff84c-0733-446b-a298-2f91515a201d
6baabed2-52d7-5cb7-bf74-86c7cb3e4f07,26f7241d-a84e-5e4a-a43d-33eea1e54eea,2026-06-01,2026-06-07,59.72,23.67,95.78,v1.0.0,2026-06-24T16:42:17.588802+00:00,74bff84c-0733-446b-a298-2f91515a201d
6baabed2-52d7-5cb7-bf74-86c7cb3e4f07,26f7241d-a84e-5e4a-a43d-33eea1e54eea,2026-06-08,2026-06-14,59.44,23.38,95.5,v1.0.0,2026-06-24T16:42:17.588802+00:00,74bff84c-0733-446b-a298-2f91515a201d
6baabed2-52d7-5cb7-bf74-86c7cb3e4f07,26f7241d-a84e-5e4a-a43d-33eea1e54eea,2026-06-15,2026-06-21,61.72,25.66,97.78,v1.0.0,2026-06-24T16:42:17.588802+00:00,74bff84c-0733-446b-a298-2f91515a201d
6baabed2-52d7-5cb7-bf74-86c7cb3e4f07,26f7241d-a84e-5e4a-a43d-33eea1e54eea,2026-06-22,2026-06-28,60.23,24.17,96.29,v1.0.0,2026-06-24T16:42:17.588802+00:00,74bff84c-0733-446b-a298-2f91515a201d
6baabed2-52d7-5cb7-bf74-86c7cb3e4f07,26f7241d-a84e-5e4a-a43d-33eea1e54eea,2026-06-29,2026-07-05,61.21,25.15,97.27,v1.0.0,2026-06-24T16:42:17.588802+00:00,74bff84c-0733-446b-a298-2f91515a201d
6baabed2-52d7-5cb7-bf74-86c7cb3e4f07,26f7241d-a84e-5e4a-a43d-33eea1e54eea,2026-07-06,2026-07-12,58.9,22.84,94.96,v1.0.0,2026-06-24T16:42:17.588802+00:00,74bff84c-0733-446b-a298-2f91515a201d
6baabed2-52d7-5cb7-bf74-86c7cb3e4f07,26f7241d-a84e-5e4a-a43d-33eea1e54eea,2026-07-13,2026-07-19,58.68,22.62,94.74,v1.0.0,2026-06-24T16:42:17.588802+00:00,74bff84c-0733-446b-a298-2f91515a201d
6baabed2-52d7-5cb7-bf74-86c7cb3e4f07,26f7241d-a84e-5e4a-a43d-33eea1e54eea,2026-07-20,2026-07-26,58.83,22.77,94.89,v1.0.0,2026-06-24T16:42:17.588802+00:00,74bff84c-0733-446b-a298-2f91515a201d
6baabed2-52d7-5cb7-bf74-86c7cb3e4f07,26f7241d-a84e-5e4a-a43d-33eea1e54eea,2026-07-27,2026-08-02,59.71,23.65,95.77,v1.0.0,2026-06-24T16:42:17.588802+00:00,74bff84c-0733-446b-a298-2f91515a201d
6baabed2-52d7-5cb7-bf74-86c7cb3e4f07,43616d97-2221-569d-82eb-bcc14bcd6344,2026-05-11,2026-05-17,55.65,19.59,91.71,v1.0.0,2026-06-24T16:42:17.588802+00:00,74bff84c-0733-446b-a298-2f91515a201d
6baabed2-52d7-5cb7-bf74-86c7cb3e4f07,43616d97-2221-569d-82eb-bcc14bcd6344,2026-05-18,2026-05-24,53.66,17.6,89.72,v1.0.0,2026-06-24T16:42:17.588802+00:00,74bff84c-0733-446b-a298-2f91515a201d
6baabed2-52d7-5cb7-bf74-86c7cb3e4f07,43616d97-2221-569d-82eb-bcc14bcd6344,2026-05-25,2026-05-31,55.16,19.11,91.22,v1.0.0,2026-06-24T16:42:17.588802+00:00,74bff84c-0733-446b-a298-2f91515a201d
6baabed2-52d7-5cb7-bf74-86c7cb3e4f07,43616d97-2221-569d-82eb-bcc14bcd6344,2026-06-01,2026-06-07,53.01,16.95,89.06,v1.0.0,2026-06-24T16:42:17.588802+00:00,74bff84c-0733-446b-a298-2f91515a201d
6baabed2-52d7-5cb7-bf74-86c7cb3e4f07,43616d97-2221-569d-82eb-bcc14bcd6344,2026-06-08,2026-06-14,54.23,18.17,90.29,v1.0.0,2026-06-24T16:42:17.588802+00:00,74bff84c-0733-446b-a298-2f91515a201d
6baabed2-52d7-5cb7-bf74-86c7cb3e4f07,43616d97-2221-569d-82eb-bcc14bcd6344,2026-06-15,2026-06-21,54.29,18.23,90.35,v1.0.0,2026-06-24T16:42:17.588802+00:00,74bff84c-0733-446b-a298-2f91515a201d
6baabed2-52d7-5cb7-bf74-86c7cb3e4f07,43616d97-2221-569d-82eb-bcc14bcd6344,2026-06-22,2026-06-28,55.94,19.88,92.0,v1.0.0,2026-06-24T16:42:17.588802+00:00,74bff84c-0733-446b-a298-2f91515a201d
6baabed2-52d7-5cb7-bf74-86c7cb3e4f07,43616d97-2221-569d-82eb-bcc14bcd6344,2026-06-29,2026-07-05,55.39,19.33,91.45,v1.0.0,2026-06-24T16:42:17.588802+00:00,74bff84c-0733-446b-a298-2f91515a201d
6baabed2-52d7-5cb7-bf74-86c7cb3e4f07,43616d97-2221-569d-82eb-bcc14bcd6344,2026-07-06,2026-07-12,54.96,18.9,91.02,v1.0.0,2026-06-24T16:42:17.588802+00:00,74bff84c-0733-446b-a298-2f91515a201d
6baabed2-52d7-5cb7-bf74-86c7cb3e4f07,43616d97-2221-569d-82eb-bcc14bcd6344,2026-07-13,2026-07-19,54.39,18.34,90.45,v1.0.0,2026-06-24T16:42:17.588802+00:00,74bff84c-0733-446b-a298-2f91515a201d
6baabed2-52d7-5cb7-bf74-86c7cb3e4f07,43616d97-2221-569d-82eb-bcc14bcd6344,2026-07-20,2026-07-26,54.08,18.03,90.14,v1.0.0,2026-06-24T16:42:17.588802+00:00,74bff84c-0733-446b-a298-2f91515a201d
6baabed2-52d7-5cb7-bf74-86c7cb3e4f07,43616d97-2221-569d-82eb-bcc14bcd6344,2026-07-27,2026-08-02,53.8,17.74,89.86,v1.0.0,2026-06-24T16:42:17.588802+00:00,74bff84c-0733-446b-a298-2f91515a201d
6baabed2-52d7-5cb7-bf74-86c7cb3e4f07,7fb983e8-6848-5425-97a2-14da72722d0f,2026-05-11,2026-05-17,51.67,15.62,87.73,v1.0.0,2026-06-24T16:42:17.588802+00:00,74bff84c-0733-446b-a298-2f91515a201d
6baabed2-52d7-5cb7-bf74-86c7cb3e4f07,7fb983e8-6848-5425-97a2-14da72722d0f,2026-05-18,2026-05-24,50.32,14.26,86.38,v1.0.0,2026-06-24T16:42:17.588802+00:00,74bff84c-0733-446b-a298-2f91515a201d
6baabed2-52d7-5cb7-bf74-86c7cb3e4f07,7fb983e8-6848-5425-97a2-14da72722d0f,2026-05-25,2026-05-31,49.07,13.02,85.13,v1.0.0,2026-06-24T16:42:17.588802+00:00,74bff84c-0733-446b-a298-2f91515a201d
6baabed2-52d7-5cb7-bf74-86c7cb3e4f07,7fb983e8-6848-5425-97a2-14da72722d0f,2026-06-01,2026-06-07,55.41,19.35,91.47,v1.0.0,2026-06-24T16:42:17.588802+00:00,74bff84c-0733-446b-a298-2f91515a201d
6baabed2-52d7-5cb7-bf74-86c7cb3e4f07,7fb983e8-6848-5425-97a2-14da72722d0f,2026-06-08,2026-06-14,56.85,20.79,92.9,v1.0.0,2026-06-24T16:42:17.588802+00:00,74bff84c-0733-446b-a298-2f91515a201d
6baabed2-52d7-5cb7-bf74-86c7cb3e4f07,7fb983e8-6848-5425-97a2-14da72722d0f,2026-06-15,2026-06-21,54.66,18.6,90.72,v1.0.0,2026-06-24T16:42:17.588802+00:00,74bff84c-0733-446b-a298-2f91515a201d
6baabed2-52d7-5cb7-bf74-86c7cb3e4f07,7fb983e8-6848-5425-97a2-14da72722d0f,2026-06-22,2026-06-28,55.91,19.85,91.96,v1.0.0,2026-06-24T16:42:17.588802+00:00,74bff84c-0733-446b-a298-2f91515a201d
6baabed2-52d7-5cb7-bf74-86c7cb3e4f07,7fb983e8-6848-5425-97a2-14da72722d0f,2026-06-29,2026-07-05,53.08,17.03,89.14,v1.0.0,2026-06-24T16:42:17.588802+00:00,74bff84c-0733-446b-a298-2f91515a201d
6baabed2-52d7-5cb7-bf74-86c7cb3e4f07,7fb983e8-6848-5425-97a2-14da72722d0f,2026-07-06,2026-07-12,53.33,17.27,89.39,v1.0.0,2026-06-24T16:42:17.588802+00:00,74bff84c-0733-446b-a298-2f91515a201d
6baabed2-52d7-5cb7-bf74-86c7cb3e4f07,7fb983e8-6848-5425-97a2-14da72722d0f,2026-07-13,2026-07-19,49.54,13.48,85.6,v1.0.0,2026-06-24T16:42:17.588802+00:00,74bff84c-0733-446b-a298-2f91515a201d
6baabed2-52d7-5cb7-bf74-86c7cb3e4f07,7fb983e8-6848-5425-97a2-14da72722d0f,2026-07-20,2026-07-26,51.82,15.76,87.88,v1.0.0,2026-06-24T16:42:17.588802+00:00,74bff84c-0733-446b-a298-2f91515a201d
6baabed2-52d7-5cb7-bf74-86c7cb3e4f07,7fb983e8-6848-5425-97a2-14da72722d0f,2026-07-27,2026-08-02,53.93,17.87,89.99,v1.0.0,2026-06-24T16:42:17.588802+00:00,74bff84c-0733-446b-a298-2f91515a201d
6baabed2-52d7-5cb7-bf74-86c7cb3e4f07,8ecedccf-c230-516b-bbc2-108f7a6fbe63,2026-05-11,2026-05-17,51.16,15.1,87.21,v1.0.0,2026-06-24T16:42:17.588802+00:00,74bff84c-0733-446b-a298-2f91515a201d
6baabed2-52d7-5cb7-bf74-86c7cb3e4f07,8ecedccf-c230-516b-bbc2-108f7a6fbe63,2026-05-18,2026-05-24,51.23,15.17,87.29,v1.0.0,2026-06-24T16:42:17.588802+00:00,74bff84c-0733-446b-a298-2f91515a201d
6baabed2-52d7-5cb7-bf74-86c7cb3e4f07,8ecedccf-c230-516b-bbc2-108f7a6fbe63,2026-05-25,2026-05-31,52.92,16.86,88.98,v1.0.0,2026-06-24T16:42:17.588802+00:00,74bff84c-0733-446b-a298-2f91515a201d
6baabed2-52d7-5cb7-bf74-86c7cb3e4f07,8ecedccf-c230-516b-bbc2-108f7a6fbe63,2026-06-01,2026-06-07,48.79,12.73,84.84,v1.0.0,2026-06-24T16:42:17.588802+00:00,74bff84c-0733-446b-a298-2f91515a201d
6baabed2-52d7-5cb7-bf74-86c7cb3e4f07,8ecedccf-c230-516b-bbc2-108f7a6fbe63,2026-06-08,2026-06-14,52.91,16.85,88.97,v1.0.0,2026-06-24T16:42:17.588802+00:00,74bff84c-0733-446b-a298-2f91515a201d
6baabed2-52d7-5cb7-bf74-86c7cb3e4f07,8ecedccf-c230-516b-bbc2-108f7a6fbe63,2026-06-15,2026-06-21,55.4,19.34,91.45,v1.0.0,2026-06-24T16:42:17.588802+00:00,74bff84c-0733-446b-a298-2f91515a201d
6baabed2-52d7-5cb7-bf74-86c7cb3e4f07,8ecedccf-c230-516b-bbc2-108f7a6fbe63,2026-06-22,2026-06-28,51.36,15.3,87.42,v1.0.0,2026-06-24T16:42:17.588802+00:00,74bff84c-0733-446b-a298-2f91515a201d
6baabed2-52d7-5cb7-bf74-86c7cb3e4f07,8ecedccf-c230-516b-bbc2-108f7a6fbe63,2026-06-29,2026-07-05,52.84,16.78,88.9,v1.0.0,2026-06-24T16:42:17.588802+00:00,74bff84c-0733-446b-a298-2f91515a201d
6baabed2-52d7-5cb7-bf74-86c7cb3e4f07,8ecedccf-c230-516b-bbc2-108f7a6fbe63,2026-07-06,2026-07-12,51.84,15.78,87.9,v1.0.0,2026-06-24T16:42:17.588802+00:00,74bff84c-0733-446b-a298-2f91515a201d
6baabed2-52d7-5cb7-bf74-86c7cb3e4f07,8ecedccf-c230-516b-bbc2-108f7a6fbe63,2026-07-13,2026-07-19,48.77,12.71,84.83,v1.0.0,2026-06-24T16:42:17.588802+00:00,74bff84c-0733-446b-a298-2f91515a201d
6baabed2-52d7-5cb7-bf74-86c7cb3e4f07,8ecedccf-c230-516b-bbc2-108f7a6fbe63,2026-07-20,2026-07-26,54.09,18.03,90.15,v1.0.0,2026-06-24T16:42:17.588802+00:00,74bff84c-0733-446b-a298-2f91515a201d
6baabed2-52d7-5cb7-bf74-86c7cb3e4f07,8ecedccf-c230-516b-bbc2-108f7a6fbe63,2026-07-27,2026-08-02,50.69,14.63,86.75,v1.0.0,2026-06-24T16:42:17.588802+00:00,74bff84c-0733-446b-a298-2f91515a201d
6baabed2-52d7-5cb7-bf74-86c7cb3e4f07,d6f21f11-7533-52dd-a4dc-2fb8e260c02c,2026-05-11,2026-05-17,46.49,10.43,82.55,v1.0.0,2026-06-24T16:42:17.588802+00:00,74bff84c-0733-446b-a298-2f91515a201d
6baabed2-52d7-5cb7-bf74-86c7cb3e4f07,d6f21f11-7533-52dd-a4dc-2fb8e260c02c,2026-05-18,2026-05-24,46.5,10.44,82.56,v1.0.0,2026-06-24T16:42:17.588802+00:00,74bff84c-0733-446b-a298-2f91515a201d
6baabed2-52d7-5cb7-bf74-86c7cb3e4f07,d6f21f11-7533-52dd-a4dc-2fb8e260c02c,2026-05-25,2026-05-31,44.36,8.3,80.42,v1.0.0,2026-06-24T16:42:17.588802+00:00,74bff84c-0733-446b-a298-2f91515a201d
6baabed2-52d7-5cb7-bf74-86c7cb3e4f07,d6f21f11-7533-52dd-a4dc-2fb8e260c02c,2026-06-01,2026-06-07,45.74,9.69,81.8,v1.0.0,2026-06-24T16:42:17.588802+00:00,74bff84c-0733-446b-a298-2f91515a201d
6baabed2-52d7-5cb7-bf74-86c7cb3e4f07,d6f21f11-7533-52dd-a4dc-2fb8e260c02c,2026-06-08,2026-06-14,45.57,9.51,81.63,v1.0.0,2026-06-24T16:42:17.588802+00:00,74bff84c-0733-446b-a298-2f91515a201d
6baabed2-52d7-5cb7-bf74-86c7cb3e4f07,d6f21f11-7533-52dd-a4dc-2fb8e260c02c,2026-06-15,2026-06-21,45.57,9.51,81.63,v1.0.0,2026-06-24T16:42:17.588802+00:00,74bff84c-0733-446b-a298-2f91515a201d
6baabed2-52d7-5cb7-bf74-86c7cb3e4f07,d6f21f11-7533-52dd-a4dc-2fb8e260c02c,2026-06-22,2026-06-28,45.84,9.78,81.89,v1.0.0,2026-06-24T16:42:17.588802+00:00,74bff84c-0733-446b-a298-2f91515a201d
6baabed2-52d7-5cb7-bf74-86c7cb3e4f07,d6f21f11-7533-52dd-a4dc-2fb8e260c02c,2026-06-29,2026-07-05,45.88,9.82,81.93,v1.0.0,2026-06-24T16:42:17.588802+00:00,74bff84c-0733-446b-a298-2f91515a201d
6baabed2-52d7-5cb7-bf74-86c7cb3e4f07,d6f21f11-7533-52dd-a4dc-2fb8e260c02c,2026-07-06,2026-07-12,45.61,9.55,81.67,v1.0.0,2026-06-24T16:42:17.588802+00:00,74bff84c-0733-446b-a298-2f91515a201d
6baabed2-52d7-5cb7-bf74-86c7cb3e4f07,d6f21f11-7533-52dd-a4dc-2fb8e260c02c,2026-07-13,2026-07-19,45.18,9.12,81.24,v1.0.0,2026-06-24T16:42:17.588802+00:00,74bff84c-0733-446b-a298-2f91515a201d
6baabed2-52d7-5cb7-bf74-86c7cb3e4f07,d6f21f11-7533-52dd-a4dc-2fb8e260c02c,2026-07-20,2026-07-26,44.8,8.74,80.86,v1.0.0,2026-06-24T16:42:17.588802+00:00,74bff84c-0733-446b-a298-2f91515a201d
6baabed2-52d7-5cb7-bf74-86c7cb3e4f07,d6f21f11-7533-52dd-a4dc-2fb8e260c02c,2026-07-27,2026-08-02,45.0,8.95,81.06,v1.0.0,2026-06-24T16:42:17.588802+00:00,74bff84c-0733-446b-a298-2f91515a201d
6d807393-f4ab-5f76-b544-251eeda27ba3,26f7241d-a84e-5e4a-a43d-33eea1e54eea,2026-05-11,2026-05-17,92.29,56.23,128.35,v1.0.0,2026-06-24T16:42:17.588802+00:00,74bff84c-0733-446b-a298-2f91515a201d
6d807393-f4ab-5f76-b544-251eeda27ba3,26f7241d-a84e-5e4a-a43d-33eea1e54eea,2026-05-18,2026-05-24,91.31,55.25,127.36,v1.0.0,2026-06-24T16:42:17.588802+00:00,74bff84c-0733-446b-a298-2f91515a201d
6d807393-f4ab-5f76-b544-251eeda27ba3,26f7241d-a84e-5e4a-a43d-33eea1e54eea,2026-05-25,2026-05-31,88.58,52.52,124.64,v1.0.0,2026-06-24T16:42:17.588802+00:00,74bff84c-0733-446b-a298-2f91515a201d
6d807393-f4ab-5f76-b544-251eeda27ba3,26f7241d-a84e-5e4a-a43d-33eea1e54eea,2026-06-01,2026-06-07,112.6,76.54,148.66,v1.0.0,2026-06-24T16:42:17.588802+00:00,74bff84c-0733-446b-a298-2f91515a201d
6d807393-f4ab-5f76-b544-251eeda27ba3,26f7241d-a84e-5e4a-a43d-33eea1e54eea,2026-06-08,2026-06-14,105.63,69.57,141.69,v1.0.0,2026-06-24T16:42:17.588802+00:00,74bff84c-0733-446b-a298-2f91515a201d
6d807393-f4ab-5f76-b544-251eeda27ba3,26f7241d-a84e-5e4a-a43d-33eea1e54eea,2026-06-15,2026-06-21,109.52,73.46,145.58,v1.0.0,2026-06-24T16:42:17.588802+00:00,74bff84c-0733-446b-a298-2f91515a201d
6d807393-f4ab-5f76-b544-251eeda27ba3,26f7241d-a84e-5e4a-a43d-33eea1e54eea,2026-06-22,2026-06-28,90.81,54.76,126.87,v1.0.0,2026-06-24T16:42:17.588802+00:00,74bff84c-0733-446b-a298-2f91515a201d
6d807393-f4ab-5f76-b544-251eeda27ba3,26f7241d-a84e-5e4a-a43d-33eea1e54eea,2026-06-29,2026-07-05,110.58,74.52,146.64,v1.0.0,2026-06-24T16:42:17.588802+00:00,74bff84c-0733-446b-a298-2f91515a201d
6d807393-f4ab-5f76-b544-251eeda27ba3,26f7241d-a84e-5e4a-a43d-33eea1e54eea,2026-07-06,2026-07-12,105.86,69.8,141.92,v1.0.0,2026-06-24T16:42:17.588802+00:00,74bff84c-0733-446b-a298-2f91515a201d
6d807393-f4ab-5f76-b544-251eeda27ba3,26f7241d-a84e-5e4a-a43d-33eea1e54eea,2026-07-13,2026-07-19,94.81,58.75,130.87,v1.0.0,2026-06-24T16:42:17.588802+00:00,74bff84c-0733-446b-a298-2f91515a201d
6d807393-f4ab-5f76-b544-251eeda27ba3,26f7241d-a84e-5e4a-a43d-33eea1e54eea,2026-07-20,2026-07-26,94.37,58.31,130.43,v1.0.0,2026-06-24T16:42:17.588802+00:00,74bff84c-0733-446b-a298-2f91515a201d
6d807393-f4ab-5f76-b544-251eeda27ba3,26f7241d-a84e-5e4a-a43d-33eea1e54eea,2026-07-27,2026-08-02,91.91,55.85,127.97,v1.0.0,2026-06-24T16:42:17.588802+00:00,74bff84c-0733-446b-a298-2f91515a201d
6d807393-f4ab-5f76-b544-251eeda27ba3,43616d97-2221-569d-82eb-bcc14bcd6344,2026-05-11,2026-05-17,76.99,40.93,113.05,v1.0.0,2026-06-24T16:42:17.588802+00:00,74bff84c-0733-446b-a298-2f91515a201d
6d807393-f4ab-5f76-b544-251eeda27ba3,43616d97-2221-569d-82eb-bcc14bcd6344,2026-05-18,2026-05-24,85.78,49.72,121.84,v1.0.0,2026-06-24T16:42:17.588802+00:00,74bff84c-0733-446b-a298-2f91515a201d
6d807393-f4ab-5f76-b544-251eeda27ba3,43616d97-2221-569d-82eb-bcc14bcd6344,2026-05-25,2026-05-31,70.36,34.3,106.42,v1.0.0,2026-06-24T16:42:17.588802+00:00,74bff84c-0733-446b-a298-2f91515a201d
6d807393-f4ab-5f76-b544-251eeda27ba3,43616d97-2221-569d-82eb-bcc14bcd6344,2026-06-01,2026-06-07,83.78,47.72,119.84,v1.0.0,2026-06-24T16:42:17.588802+00:00,74bff84c-0733-446b-a298-2f91515a201d
6d807393-f4ab-5f76-b544-251eeda27ba3,43616d97-2221-569d-82eb-bcc14bcd6344,2026-06-08,2026-06-14,74.47,38.41,110.53,v1.0.0,2026-06-24T16:42:17.588802+00:00,74bff84c-0733-446b-a298-2f91515a201d
6d807393-f4ab-5f76-b544-251eeda27ba3,43616d97-2221-569d-82eb-bcc14bcd6344,2026-06-15,2026-06-21,77.05,40.99,113.11,v1.0.0,2026-06-24T16:42:17.588802+00:00,74bff84c-0733-446b-a298-2f91515a201d
6d807393-f4ab-5f76-b544-251eeda27ba3,43616d97-2221-569d-82eb-bcc14bcd6344,2026-06-22,2026-06-28,80.17,44.11,116.23,v1.0.0,2026-06-24T16:42:17.588802+00:00,74bff84c-0733-446b-a298-2f91515a201d
6d807393-f4ab-5f76-b544-251eeda27ba3,43616d97-2221-569d-82eb-bcc14bcd6344,2026-06-29,2026-07-05,79.71,43.65,115.77,v1.0.0,2026-06-24T16:42:17.588802+00:00,74bff84c-0733-446b-a298-2f91515a201d
6d807393-f4ab-5f76-b544-251eeda27ba3,43616d97-2221-569d-82eb-bcc14bcd6344,2026-07-06,2026-07-12,77.19,41.13,113.25,v1.0.0,2026-06-24T16:42:17.588802+00:00,74bff84c-0733-446b-a298-2f91515a201d
6d807393-f4ab-5f76-b544-251eeda27ba3,43616d97-2221-569d-82eb-bcc14bcd6344,2026-07-13,2026-07-19,73.42,37.36,109.48,v1.0.0,2026-06-24T16:42:17.588802+00:00,74bff84c-0733-446b-a298-2f91515a201d
6d807393-f4ab-5f76-b544-251eeda27ba3,43616d97-2221-569d-82eb-bcc14bcd6344,2026-07-20,2026-07-26,77.67,41.61,113.73,v1.0.0,2026-06-24T16:42:17.588802+00:00,74bff84c-0733-446b-a298-2f91515a201d
6d807393-f4ab-5f76-b544-251eeda27ba3,43616d97-2221-569d-82eb-bcc14bcd6344,2026-07-27,2026-08-02,79.56,43.51,115.62,v1.0.0,2026-06-24T16:42:17.588802+00:00,74bff84c-0733-446b-a298-2f91515a201d
6d807393-f4ab-5f76-b544-251eeda27ba3,7fb983e8-6848-5425-97a2-14da72722d0f,2026-05-11,2026-05-17,78.24,42.18,114.29,v1.0.0,2026-06-24T16:42:17.588802+00:00,74bff84c-0733-446b-a298-2f91515a201d
6d807393-f4ab-5f76-b544-251eeda27ba3,7fb983e8-6848-5425-97a2-14da72722d0f,2026-05-18,2026-05-24,81.62,45.56,117.68,v1.0.0,2026-06-24T16:42:17.588802+00:00,74bff84c-0733-446b-a298-2f91515a201d
6d807393-f4ab-5f76-b544-251eeda27ba3,7fb983e8-6848-5425-97a2-14da72722d0f,2026-05-25,2026-05-31,72.97,36.91,109.03,v1.0.0,2026-06-24T16:42:17.588802+00:00,74bff84c-0733-446b-a298-2f91515a201d
6d807393-f4ab-5f76-b544-251eeda27ba3,7fb983e8-6848-5425-97a2-14da72722d0f,2026-06-01,2026-06-07,78.9,42.84,114.96,v1.0.0,2026-06-24T16:42:17.588802+00:00,74bff84c-0733-446b-a298-2f91515a201d
6d807393-f4ab-5f76-b544-251eeda27ba3,7fb983e8-6848-5425-97a2-14da72722d0f,2026-06-08,2026-06-14,77.37,41.31,113.43,v1.0.0,2026-06-24T16:42:17.588802+00:00,74bff84c-0733-446b-a298-2f91515a201d
6d807393-f4ab-5f76-b544-251eeda27ba3,7fb983e8-6848-5425-97a2-14da72722d0f,2026-06-15,2026-06-21,75.08,39.02,111.14,v1.0.0,2026-06-24T16:42:17.588802+00:00,74bff84c-0733-446b-a298-2f91515a201d
6d807393-f4ab-5f76-b544-251eeda27ba3,7fb983e8-6848-5425-97a2-14da72722d0f,2026-06-22,2026-06-28,77.96,41.9,114.02,v1.0.0,2026-06-24T16:42:17.588802+00:00,74bff84c-0733-446b-a298-2f91515a201d
6d807393-f4ab-5f76-b544-251eeda27ba3,7fb983e8-6848-5425-97a2-14da72722d0f,2026-06-29,2026-07-05,91.7,55.65,127.76,v1.0.0,2026-06-24T16:42:17.588802+00:00,74bff84c-0733-446b-a298-2f91515a201d
6d807393-f4ab-5f76-b544-251eeda27ba3,7fb983e8-6848-5425-97a2-14da72722d0f,2026-07-06,2026-07-12,82.45,46.39,118.51,v1.0.0,2026-06-24T16:42:17.588802+00:00,74bff84c-0733-446b-a298-2f91515a201d
6d807393-f4ab-5f76-b544-251eeda27ba3,7fb983e8-6848-5425-97a2-14da72722d0f,2026-07-13,2026-07-19,76.7,40.64,112.75,v1.0.0,2026-06-24T16:42:17.588802+00:00,74bff84c-0733-446b-a298-2f91515a201d
6d807393-f4ab-5f76-b544-251eeda27ba3,7fb983e8-6848-5425-97a2-14da72722d0f,2026-07-20,2026-07-26,75.47,39.41,111.53,v1.0.0,2026-06-24T16:42:17.588802+00:00,74bff84c-0733-446b-a298-2f91515a201d
6d807393-f4ab-5f76-b544-251eeda27ba3,7fb983e8-6848-5425-97a2-14da72722d0f,2026-07-27,2026-08-02,79.65,43.59,115.7,v1.0.0,2026-06-24T16:42:17.588802+00:00,74bff84c-0733-446b-a298-2f91515a201d
6d807393-f4ab-5f76-b544-251eeda27ba3,8ecedccf-c230-516b-bbc2-108f7a6fbe63,2026-05-11,2026-05-17,93.33,57.27,129.39,v1.0.0,2026-06-24T16:42:17.588802+00:00,74bff84c-0733-446b-a298-2f91515a201d
6d807393-f4ab-5f76-b544-251eeda27ba3,8ecedccf-c230-516b-bbc2-108f7a6fbe63,2026-05-18,2026-05-24,92.06,56.0,128.11,v1.0.0,2026-06-24T16:42:17.588802+00:00,74bff84c-0733-446b-a298-2f91515a201d
6d807393-f4ab-5f76-b544-251eeda27ba3,8ecedccf-c230-516b-bbc2-108f7a6fbe63,2026-05-25,2026-05-31,97.94,61.88,134.0,v1.0.0,2026-06-24T16:42:17.588802+00:00,74bff84c-0733-446b-a298-2f91515a201d
6d807393-f4ab-5f76-b544-251eeda27ba3,8ecedccf-c230-516b-bbc2-108f7a6fbe63,2026-06-01,2026-06-07,82.81,46.75,118.87,v1.0.0,2026-06-24T16:42:17.588802+00:00,74bff84c-0733-446b-a298-2f91515a201d
6d807393-f4ab-5f76-b544-251eeda27ba3,8ecedccf-c230-516b-bbc2-108f7a6fbe63,2026-06-08,2026-06-14,97.63,61.57,133.68,v1.0.0,2026-06-24T16:42:17.588802+00:00,74bff84c-0733-446b-a298-2f91515a201d
6d807393-f4ab-5f76-b544-251eeda27ba3,8ecedccf-c230-516b-bbc2-108f7a6fbe63,2026-06-15,2026-06-21,105.24,69.18,141.29,v1.0.0,2026-06-24T16:42:17.588802+00:00,74bff84c-0733-446b-a298-2f91515a201d
6d807393-f4ab-5f76-b544-251eeda27ba3,8ecedccf-c230-516b-bbc2-108f7a6fbe63,2026-06-22,2026-06-28,90.03,53.97,126.09,v1.0.0,2026-06-24T16:42:17.588802+00:00,74bff84c-0733-446b-a298-2f91515a201d
6d807393-f4ab-5f76-b544-251eeda27ba3,8ecedccf-c230-516b-bbc2-108f7a6fbe63,2026-06-29,2026-07-05,104.13,68.07,140.18,v1.0.0,2026-06-24T16:42:17.588802+00:00,74bff84c-0733-446b-a298-2f91515a201d
6d807393-f4ab-5f76-b544-251eeda27ba3,8ecedccf-c230-516b-bbc2-108f7a6fbe63,2026-07-06,2026-07-12,106.24,70.18,142.3,v1.0.0,2026-06-24T16:42:17.588802+00:00,74bff84c-0733-446b-a298-2f91515a201d
6d807393-f4ab-5f76-b544-251eeda27ba3,8ecedccf-c230-516b-bbc2-108f7a6fbe63,2026-07-13,2026-07-19,85.29,49.24,121.35,v1.0.0,2026-06-24T16:42:17.588802+00:00,74bff84c-0733-446b-a298-2f91515a201d
6d807393-f4ab-5f76-b544-251eeda27ba3,8ecedccf-c230-516b-bbc2-108f7a6fbe63,2026-07-20,2026-07-26,88.77,52.71,124.83,v1.0.0,2026-06-24T16:42:17.588802+00:00,74bff84c-0733-446b-a298-2f91515a201d
6d807393-f4ab-5f76-b544-251eeda27ba3,8ecedccf-c230-516b-bbc2-108f7a6fbe63,2026-07-27,2026-08-02,93.48,57.42,129.54,v1.0.0,2026-06-24T16:42:17.588802+00:00,74bff84c-0733-446b-a298-2f91515a201d
6d807393-f4ab-5f76-b544-251eeda27ba3,d6f21f11-7533-52dd-a4dc-2fb8e260c02c,2026-05-11,2026-05-17,68.23,32.17,104.29,v1.0.0,2026-06-24T16:42:17.588802+00:00,74bff84c-0733-446b-a298-2f91515a201d
6d807393-f4ab-5f76-b544-251eeda27ba3,d6f21f11-7533-52dd-a4dc-2fb8e260c02c,2026-05-18,2026-05-24,66.46,30.41,102.52,v1.0.0,2026-06-24T16:42:17.588802+00:00,74bff84c-0733-446b-a298-2f91515a201d
6d807393-f4ab-5f76-b544-251eeda27ba3,d6f21f11-7533-52dd-a4dc-2fb8e260c02c,2026-05-25,2026-05-31,65.92,29.86,101.98,v1.0.0,2026-06-24T16:42:17.588802+00:00,74bff84c-0733-446b-a298-2f91515a201d
6d807393-f4ab-5f76-b544-251eeda27ba3,d6f21f11-7533-52dd-a4dc-2fb8e260c02c,2026-06-01,2026-06-07,66.88,30.82,102.94,v1.0.0,2026-06-24T16:42:17.588802+00:00,74bff84c-0733-446b-a298-2f91515a201d
6d807393-f4ab-5f76-b544-251eeda27ba3,d6f21f11-7533-52dd-a4dc-2fb8e260c02c,2026-06-08,2026-06-14,66.74,30.68,102.8,v1.0.0,2026-06-24T16:42:17.588802+00:00,74bff84c-0733-446b-a298-2f91515a201d
6d807393-f4ab-5f76-b544-251eeda27ba3,d6f21f11-7533-52dd-a4dc-2fb8e260c02c,2026-06-15,2026-06-21,66.42,30.36,102.47,v1.0.0,2026-06-24T16:42:17.588802+00:00,74bff84c-0733-446b-a298-2f91515a201d
6d807393-f4ab-5f76-b544-251eeda27ba3,d6f21f11-7533-52dd-a4dc-2fb8e260c02c,2026-06-22,2026-06-28,63.49,27.43,99.54,v1.0.0,2026-06-24T16:42:17.588802+00:00,74bff84c-0733-446b-a298-2f91515a201d
6d807393-f4ab-5f76-b544-251eeda27ba3,d6f21f11-7533-52dd-a4dc-2fb8e260c02c,2026-06-29,2026-07-05,66.5,30.45,102.56,v1.0.0,2026-06-24T16:42:17.588802+00:00,74bff84c-0733-446b-a298-2f91515a201d
6d807393-f4ab-5f76-b544-251eeda27ba3,d6f21f11-7533-52dd-a4dc-2fb8e260c02c,2026-07-06,2026-07-12,65.81,29.76,101.87,v1.0.0,2026-06-24T16:42:17.588802+00:00,74bff84c-0733-446b-a298-2f91515a201d
6d807393-f4ab-5f76-b544-251eeda27ba3,d6f21f11-7533-52dd-a4dc-2fb8e260c02c,2026-07-13,2026-07-19,66.4,30.34,102.46,v1.0.0,2026-06-24T16:42:17.588802+00:00,74bff84c-0733-446b-a298-2f91515a201d
6d807393-f4ab-5f76-b544-251eeda27ba3,d6f21f11-7533-52dd-a4dc-2fb8e260c02c,2026-07-20,2026-07-26,65.23,29.18,101.29,v1.0.0,2026-06-24T16:42:17.588802+00:00,74bff84c-0733-446b-a298-2f91515a201d
6d807393-f4ab-5f76-b544-251eeda27ba3,d6f21f11-7533-52dd-a4dc-2fb8e260c02c,2026-07-27,2026-08-02,65.76,29.7,101.82,v1.0.0,2026-06-24T16:42:17.588802+00:00,74bff84c-0733-446b-a298-2f91515a201d
82cd11ba-d1a0-58b1-b14f-edd741f36e87,26f7241d-a84e-5e4a-a43d-33eea1e54eea,2026-05-11,2026-05-17,90.8,54.74,126.86,v1.0.0,2026-06-24T16:42:17.588802+00:00,74bff84c-0733-446b-a298-2f91515a201d
82cd11ba-d1a0-58b1-b14f-edd741f36e87,26f7241d-a84e-5e4a-a43d-33eea1e54eea,2026-05-18,2026-05-24,76.15,40.09,112.21,v1.0.0,2026-06-24T16:42:17.588802+00:00,74bff84c-0733-446b-a298-2f91515a201d
82cd11ba-d1a0-58b1-b14f-edd741f36e87,26f7241d-a84e-5e4a-a43d-33eea1e54eea,2026-05-25,2026-05-31,97.49,61.43,133.55,v1.0.0,2026-06-24T16:42:17.588802+00:00,74bff84c-0733-446b-a298-2f91515a201d
82cd11ba-d1a0-58b1-b14f-edd741f36e87,26f7241d-a84e-5e4a-a43d-33eea1e54eea,2026-06-01,2026-06-07,116.81,80.75,152.86,v1.0.0,2026-06-24T16:42:17.588802+00:00,74bff84c-0733-446b-a298-2f91515a201d
82cd11ba-d1a0-58b1-b14f-edd741f36e87,26f7241d-a84e-5e4a-a43d-33eea1e54eea,2026-06-08,2026-06-14,95.37,59.31,131.43,v1.0.0,2026-06-24T16:42:17.588802+00:00,74bff84c-0733-446b-a298-2f91515a201d
82cd11ba-d1a0-58b1-b14f-edd741f36e87,26f7241d-a84e-5e4a-a43d-33eea1e54eea,2026-06-15,2026-06-21,99.54,63.48,135.6,v1.0.0,2026-06-24T16:42:17.588802+00:00,74bff84c-0733-446b-a298-2f91515a201d
82cd11ba-d1a0-58b1-b14f-edd741f36e87,26f7241d-a84e-5e4a-a43d-33eea1e54eea,2026-06-22,2026-06-28,122.65,86.6,158.71,v1.0.0,2026-06-24T16:42:17.588802+00:00,74bff84c-0733-446b-a298-2f91515a201d
82cd11ba-d1a0-58b1-b14f-edd741f36e87,26f7241d-a84e-5e4a-a43d-33eea1e54eea,2026-06-29,2026-07-05,95.99,59.93,132.05,v1.0.0,2026-06-24T16:42:17.588802+00:00,74bff84c-0733-446b-a298-2f91515a201d
82cd11ba-d1a0-58b1-b14f-edd741f36e87,26f7241d-a84e-5e4a-a43d-33eea1e54eea,2026-07-06,2026-07-12,97.81,61.75,133.87,v1.0.0,2026-06-24T16:42:17.588802+00:00,74bff84c-0733-446b-a298-2f91515a201d
82cd11ba-d1a0-58b1-b14f-edd741f36e87,26f7241d-a84e-5e4a-a43d-33eea1e54eea,2026-07-13,2026-07-19,107.68,71.62,143.73,v1.0.0,2026-06-24T16:42:17.588802+00:00,74bff84c-0733-446b-a298-2f91515a201d
82cd11ba-d1a0-58b1-b14f-edd741f36e87,26f7241d-a84e-5e4a-a43d-33eea1e54eea,2026-07-20,2026-07-26,79.93,43.87,115.99,v1.0.0,2026-06-24T16:42:17.588802+00:00,74bff84c-0733-446b-a298-2f91515a201d
82cd11ba-d1a0-58b1-b14f-edd741f36e87,26f7241d-a84e-5e4a-a43d-33eea1e54eea,2026-07-27,2026-08-02,107.29,71.23,143.34,v1.0.0,2026-06-24T16:42:17.588802+00:00,74bff84c-0733-446b-a298-2f91515a201d
82cd11ba-d1a0-58b1-b14f-edd741f36e87,43616d97-2221-569d-82eb-bcc14bcd6344,2026-05-11,2026-05-17,73.66,37.6,109.71,v1.0.0,2026-06-24T16:42:17.588802+00:00,74bff84c-0733-446b-a298-2f91515a201d
82cd11ba-d1a0-58b1-b14f-edd741f36e87,43616d97-2221-569d-82eb-bcc14bcd6344,2026-05-18,2026-05-24,81.59,45.53,117.65,v1.0.0,2026-06-24T16:42:17.588802+00:00,74bff84c-0733-446b-a298-2f91515a201d
82cd11ba-d1a0-58b1-b14f-edd741f36e87,43616d97-2221-569d-82eb-bcc14bcd6344,2026-05-25,2026-05-31,79.51,43.45,115.57,v1.0.0,2026-06-24T16:42:17.588802+00:00,74bff84c-0733-446b-a298-2f91515a201d
82cd11ba-d1a0-58b1-b14f-edd741f36e87,43616d97-2221-569d-82eb-bcc14bcd6344,2026-06-01,2026-06-07,81.35,45.29,117.41,v1.0.0,2026-06-24T16:42:17.588802+00:00,74bff84c-0733-446b-a298-2f91515a201d
82cd11ba-d1a0-58b1-b14f-edd741f36e87,43616d97-2221-569d-82eb-bcc14bcd6344,2026-06-08,2026-06-14,81.67,45.61,117.73,v1.0.0,2026-06-24T16:42:17.588802+00:00,74bff84c-0733-446b-a298-2f91515a201d
82cd11ba-d1a0-58b1-b14f-edd741f36e87,43616d97-2221-569d-82eb-bcc14bcd6344,2026-06-15,2026-06-21,81.36,45.3,117.42,v1.0.0,2026-06-24T16:42:17.588802+00:00,74bff84c-0733-446b-a298-2f91515a201d
82cd11ba-d1a0-58b1-b14f-edd741f36e87,43616d97-2221-569d-82eb-bcc14bcd6344,2026-06-22,2026-06-28,81.13,45.07,117.19,v1.0.0,2026-06-24T16:42:17.588802+00:00,74bff84c-0733-446b-a298-2f91515a201d
82cd11ba-d1a0-58b1-b14f-edd741f36e87,43616d97-2221-569d-82eb-bcc14bcd6344,2026-06-29,2026-07-05,82.18,46.12,118.24,v1.0.0,2026-06-24T16:42:17.588802+00:00,74bff84c-0733-446b-a298-2f91515a201d
82cd11ba-d1a0-58b1-b14f-edd741f36e87,43616d97-2221-569d-82eb-bcc14bcd6344,2026-07-06,2026-07-12,77.86,41.8,113.91,v1.0.0,2026-06-24T16:42:17.588802+00:00,74bff84c-0733-446b-a298-2f91515a201d
82cd11ba-d1a0-58b1-b14f-edd741f36e87,43616d97-2221-569d-82eb-bcc14bcd6344,2026-07-13,2026-07-19,81.64,45.58,117.69,v1.0.0,2026-06-24T16:42:17.588802+00:00,74bff84c-0733-446b-a298-2f91515a201d
82cd11ba-d1a0-58b1-b14f-edd741f36e87,43616d97-2221-569d-82eb-bcc14bcd6344,2026-07-20,2026-07-26,77.79,41.73,113.84,v1.0.0,2026-06-24T16:42:17.588802+00:00,74bff84c-0733-446b-a298-2f91515a201d
82cd11ba-d1a0-58b1-b14f-edd741f36e87,43616d97-2221-569d-82eb-bcc14bcd6344,2026-07-27,2026-08-02,78.56,42.5,114.62,v1.0.0,2026-06-24T16:42:17.588802+00:00,74bff84c-0733-446b-a298-2f91515a201d
82cd11ba-d1a0-58b1-b14f-edd741f36e87,7fb983e8-6848-5425-97a2-14da72722d0f,2026-05-11,2026-05-17,76.43,40.37,112.49,v1.0.0,2026-06-24T16:42:17.588802+00:00,74bff84c-0733-446b-a298-2f91515a201d
82cd11ba-d1a0-58b1-b14f-edd741f36e87,7fb983e8-6848-5425-97a2-14da72722d0f,2026-05-18,2026-05-24,75.07,39.01,111.13,v1.0.0,2026-06-24T16:42:17.588802+00:00,74bff84c-0733-446b-a298-2f91515a201d
82cd11ba-d1a0-58b1-b14f-edd741f36e87,7fb983e8-6848-5425-97a2-14da72722d0f,2026-05-25,2026-05-31,72.24,36.18,108.3,v1.0.0,2026-06-24T16:42:17.588802+00:00,74bff84c-0733-446b-a298-2f91515a201d
82cd11ba-d1a0-58b1-b14f-edd741f36e87,7fb983e8-6848-5425-97a2-14da72722d0f,2026-06-01,2026-06-07,80.41,44.35,116.47,v1.0.0,2026-06-24T16:42:17.588802+00:00,74bff84c-0733-446b-a298-2f91515a201d
82cd11ba-d1a0-58b1-b14f-edd741f36e87,7fb983e8-6848-5425-97a2-14da72722d0f,2026-06-08,2026-06-14,83.55,47.49,119.61,v1.0.0,2026-06-24T16:42:17.588802+00:00,74bff84c-0733-446b-a298-2f91515a201d
82cd11ba-d1a0-58b1-b14f-edd741f36e87,7fb983e8-6848-5425-97a2-14da72722d0f,2026-06-15,2026-06-21,80.81,44.75,116.87,v1.0.0,2026-06-24T16:42:17.588802+00:00,74bff84c-0733-446b-a298-2f91515a201d
82cd11ba-d1a0-58b1-b14f-edd741f36e87,7fb983e8-6848-5425-97a2-14da72722d0f,2026-06-22,2026-06-28,77.98,41.92,114.03,v1.0.0,2026-06-24T16:42:17.588802+00:00,74bff84c-0733-446b-a298-2f91515a201d
82cd11ba-d1a0-58b1-b14f-edd741f36e87,7fb983e8-6848-5425-97a2-14da72722d0f,2026-06-29,2026-07-05,81.66,45.6,117.72,v1.0.0,2026-06-24T16:42:17.588802+00:00,74bff84c-0733-446b-a298-2f91515a201d
82cd11ba-d1a0-58b1-b14f-edd741f36e87,7fb983e8-6848-5425-97a2-14da72722d0f,2026-07-06,2026-07-12,85.1,49.04,121.16,v1.0.0,2026-06-24T16:42:17.588802+00:00,74bff84c-0733-446b-a298-2f91515a201d
82cd11ba-d1a0-58b1-b14f-edd741f36e87,7fb983e8-6848-5425-97a2-14da72722d0f,2026-07-13,2026-07-19,75.2,39.14,111.26,v1.0.0,2026-06-24T16:42:17.588802+00:00,74bff84c-0733-446b-a298-2f91515a201d
82cd11ba-d1a0-58b1-b14f-edd741f36e87,7fb983e8-6848-5425-97a2-14da72722d0f,2026-07-20,2026-07-26,84.64,48.58,120.7,v1.0.0,2026-06-24T16:42:17.588802+00:00,74bff84c-0733-446b-a298-2f91515a201d
82cd11ba-d1a0-58b1-b14f-edd741f36e87,7fb983e8-6848-5425-97a2-14da72722d0f,2026-07-27,2026-08-02,76.18,40.13,112.24,v1.0.0,2026-06-24T16:42:17.588802+00:00,74bff84c-0733-446b-a298-2f91515a201d
82cd11ba-d1a0-58b1-b14f-edd741f36e87,8ecedccf-c230-516b-bbc2-108f7a6fbe63,2026-05-11,2026-05-17,52.24,16.18,88.29,v1.0.0,2026-06-24T16:42:17.588802+00:00,74bff84c-0733-446b-a298-2f91515a201d
82cd11ba-d1a0-58b1-b14f-edd741f36e87,8ecedccf-c230-516b-bbc2-108f7a6fbe63,2026-05-18,2026-05-24,105.76,69.7,141.82,v1.0.0,2026-06-24T16:42:17.588802+00:00,74bff84c-0733-446b-a298-2f91515a201d
82cd11ba-d1a0-58b1-b14f-edd741f36e87,8ecedccf-c230-516b-bbc2-108f7a6fbe63,2026-05-25,2026-05-31,79.36,43.3,115.42,v1.0.0,2026-06-24T16:42:17.588802+00:00,74bff84c-0733-446b-a298-2f91515a201d
82cd11ba-d1a0-58b1-b14f-edd741f36e87,8ecedccf-c230-516b-bbc2-108f7a6fbe63,2026-06-01,2026-06-07,74.24,38.18,110.3,v1.0.0,2026-06-24T16:42:17.588802+00:00,74bff84c-0733-446b-a298-2f91515a201d
82cd11ba-d1a0-58b1-b14f-edd741f36e87,8ecedccf-c230-516b-bbc2-108f7a6fbe63,2026-06-08,2026-06-14,65.61,29.55,101.67,v1.0.0,2026-06-24T16:42:17.588802+00:00,74bff84c-0733-446b-a298-2f91515a201d
82cd11ba-d1a0-58b1-b14f-edd741f36e87,8ecedccf-c230-516b-bbc2-108f7a6fbe63,2026-06-15,2026-06-21,113.14,77.08,149.19,v1.0.0,2026-06-24T16:42:17.588802+00:00,74bff84c-0733-446b-a298-2f91515a201d
82cd11ba-d1a0-58b1-b14f-edd741f36e87,8ecedccf-c230-516b-bbc2-108f7a6fbe63,2026-06-22,2026-06-28,57.33,21.27,93.39,v1.0.0,2026-06-24T16:42:17.588802+00:00,74bff84c-0733-446b-a298-2f91515a201d
82cd11ba-d1a0-58b1-b14f-edd741f36e87,8ecedccf-c230-516b-bbc2-108f7a6fbe63,2026-06-29,2026-07-05,136.97,100.91,173.03,v1.0.0,2026-06-24T16:42:17.588802+00:00,74bff84c-0733-446b-a298-2f91515a201d
82cd11ba-d1a0-58b1-b14f-edd741f36e87,8ecedccf-c230-516b-bbc2-108f7a6fbe63,2026-07-06,2026-07-12,41.93,5.88,77.99,v1.0.0,2026-06-24T16:42:17.588802+00:00,74bff84c-0733-446b-a298-2f91515a201d
82cd11ba-d1a0-58b1-b14f-edd741f36e87,8ecedccf-c230-516b-bbc2-108f7a6fbe63,2026-07-13,2026-07-19,91.83,55.78,127.89,v1.0.0,2026-06-24T16:42:17.588802+00:00,74bff84c-0733-446b-a298-2f91515a201d
82cd11ba-d1a0-58b1-b14f-edd741f36e87,8ecedccf-c230-516b-bbc2-108f7a6fbe63,2026-07-20,2026-07-26,92.08,56.02,128.13,v1.0.0,2026-06-24T16:42:17.588802+00:00,74bff84c-0733-446b-a298-2f91515a201d
82cd11ba-d1a0-58b1-b14f-edd741f36e87,8ecedccf-c230-516b-bbc2-108f7a6fbe63,2026-07-27,2026-08-02,59.14,23.08,95.2,v1.0.0,2026-06-24T16:42:17.588802+00:00,74bff84c-0733-446b-a298-2f91515a201d
82cd11ba-d1a0-58b1-b14f-edd741f36e87,d6f21f11-7533-52dd-a4dc-2fb8e260c02c,2026-05-11,2026-05-17,63.55,27.5,99.61,v1.0.0,2026-06-24T16:42:17.588802+00:00,74bff84c-0733-446b-a298-2f91515a201d
82cd11ba-d1a0-58b1-b14f-edd741f36e87,d6f21f11-7533-52dd-a4dc-2fb8e260c02c,2026-05-18,2026-05-24,68.73,32.68,104.79,v1.0.0,2026-06-24T16:42:17.588802+00:00,74bff84c-0733-446b-a298-2f91515a201d
82cd11ba-d1a0-58b1-b14f-edd741f36e87,d6f21f11-7533-52dd-a4dc-2fb8e260c02c,2026-05-25,2026-05-31,69.47,33.42,105.53,v1.0.0,2026-06-24T16:42:17.588802+00:00,74bff84c-0733-446b-a298-2f91515a201d
82cd11ba-d1a0-58b1-b14f-edd741f36e87,d6f21f11-7533-52dd-a4dc-2fb8e260c02c,2026-06-01,2026-06-07,68.55,32.49,104.6,v1.0.0,2026-06-24T16:42:17.588802+00:00,74bff84c-0733-446b-a298-2f91515a201d
82cd11ba-d1a0-58b1-b14f-edd741f36e87,d6f21f11-7533-52dd-a4dc-2fb8e260c02c,2026-06-08,2026-06-14,71.29,35.23,107.34,v1.0.0,2026-06-24T16:42:17.588802+00:00,74bff84c-0733-446b-a298-2f91515a201d
82cd11ba-d1a0-58b1-b14f-edd741f36e87,d6f21f11-7533-52dd-a4dc-2fb8e260c02c,2026-06-15,2026-06-21,70.83,34.78,106.89,v1.0.0,2026-06-24T16:42:17.588802+00:00,74bff84c-0733-446b-a298-2f91515a201d
82cd11ba-d1a0-58b1-b14f-edd741f36e87,d6f21f11-7533-52dd-a4dc-2fb8e260c02c,2026-06-22,2026-06-28,71.99,35.93,108.05,v1.0.0,2026-06-24T16:42:17.588802+00:00,74bff84c-0733-446b-a298-2f91515a201d
82cd11ba-d1a0-58b1-b14f-edd741f36e87,d6f21f11-7533-52dd-a4dc-2fb8e260c02c,2026-06-29,2026-07-05,74.09,38.04,110.15,v1.0.0,2026-06-24T16:42:17.588802+00:00,74bff84c-0733-446b-a298-2f91515a201d
82cd11ba-d1a0-58b1-b14f-edd741f36e87,d6f21f11-7533-52dd-a4dc-2fb8e260c02c,2026-07-06,2026-07-12,69.46,33.4,105.52,v1.0.0,2026-06-24T16:42:17.588802+00:00,74bff84c-0733-446b-a298-2f91515a201d
82cd11ba-d1a0-58b1-b14f-edd741f36e87,d6f21f11-7533-52dd-a4dc-2fb8e260c02c,2026-07-13,2026-07-19,67.94,31.88,104.0,v1.0.0,2026-06-24T16:42:17.588802+00:00,74bff84c-0733-446b-a298-2f91515a201d
82cd11ba-d1a0-58b1-b14f-edd741f36e87,d6f21f11-7533-52dd-a4dc-2fb8e260c02c,2026-07-20,2026-07-26,69.02,32.97,105.08,v1.0.0,2026-06-24T16:42:17.588802+00:00,74bff84c-0733-446b-a298-2f91515a201d
82cd11ba-d1a0-58b1-b14f-edd741f36e87,d6f21f11-7533-52dd-a4dc-2fb8e260c02c,2026-07-27,2026-08-02,72.23,36.17,108.29,v1.0.0,2026-06-24T16:42:17.588802+00:00,74bff84c-0733-446b-a298-2f91515a201d
87b859e0-789a-56e6-b1ba-4fe76221d3bf,26f7241d-a84e-5e4a-a43d-33eea1e54eea,2026-05-11,2026-05-17,86.59,50.54,122.65,v1.0.0,2026-06-24T16:42:17.588802+00:00,74bff84c-0733-446b-a298-2f91515a201d
87b859e0-789a-56e6-b1ba-4fe76221d3bf,26f7241d-a84e-5e4a-a43d-33eea1e54eea,2026-05-18,2026-05-24,78.01,41.95,114.07,v1.0.0,2026-06-24T16:42:17.588802+00:00,74bff84c-0733-446b-a298-2f91515a201d
87b859e0-789a-56e6-b1ba-4fe76221d3bf,26f7241d-a84e-5e4a-a43d-33eea1e54eea,2026-05-25,2026-05-31,86.6,50.54,122.66,v1.0.0,2026-06-24T16:42:17.588802+00:00,74bff84c-0733-446b-a298-2f91515a201d
87b859e0-789a-56e6-b1ba-4fe76221d3bf,26f7241d-a84e-5e4a-a43d-33eea1e54eea,2026-06-01,2026-06-07,87.12,51.06,123.18,v1.0.0,2026-06-24T16:42:17.588802+00:00,74bff84c-0733-446b-a298-2f91515a201d
87b859e0-789a-56e6-b1ba-4fe76221d3bf,26f7241d-a84e-5e4a-a43d-33eea1e54eea,2026-06-08,2026-06-14,82.33,46.28,118.39,v1.0.0,2026-06-24T16:42:17.588802+00:00,74bff84c-0733-446b-a298-2f91515a201d
87b859e0-789a-56e6-b1ba-4fe76221d3bf,26f7241d-a84e-5e4a-a43d-33eea1e54eea,2026-06-15,2026-06-21,89.77,53.71,125.83,v1.0.0,2026-06-24T16:42:17.588802+00:00,74bff84c-0733-446b-a298-2f91515a201d
87b859e0-789a-56e6-b1ba-4fe76221d3bf,26f7241d-a84e-5e4a-a43d-33eea1e54eea,2026-06-22,2026-06-28,84.96,48.9,121.02,v1.0.0,2026-06-24T16:42:17.588802+00:00,74bff84c-0733-446b-a298-2f91515a201d
87b859e0-789a-56e6-b1ba-4fe76221d3bf,26f7241d-a84e-5e4a-a43d-33eea1e54eea,2026-06-29,2026-07-05,84.14,48.08,120.19,v1.0.0,2026-06-24T16:42:17.588802+00:00,74bff84c-0733-446b-a298-2f91515a201d
87b859e0-789a-56e6-b1ba-4fe76221d3bf,26f7241d-a84e-5e4a-a43d-33eea1e54eea,2026-07-06,2026-07-12,80.77,44.71,116.83,v1.0.0,2026-06-24T16:42:17.588802+00:00,74bff84c-0733-446b-a298-2f91515a201d
87b859e0-789a-56e6-b1ba-4fe76221d3bf,26f7241d-a84e-5e4a-a43d-33eea1e54eea,2026-07-13,2026-07-19,88.51,52.45,124.56,v1.0.0,2026-06-24T16:42:17.588802+00:00,74bff84c-0733-446b-a298-2f91515a201d
87b859e0-789a-56e6-b1ba-4fe76221d3bf,26f7241d-a84e-5e4a-a43d-33eea1e54eea,2026-07-20,2026-07-26,87.78,51.73,123.84,v1.0.0,2026-06-24T16:42:17.588802+00:00,74bff84c-0733-446b-a298-2f91515a201d
87b859e0-789a-56e6-b1ba-4fe76221d3bf,26f7241d-a84e-5e4a-a43d-33eea1e54eea,2026-07-27,2026-08-02,86.65,50.59,122.7,v1.0.0,2026-06-24T16:42:17.588802+00:00,74bff84c-0733-446b-a298-2f91515a201d
87b859e0-789a-56e6-b1ba-4fe76221d3bf,43616d97-2221-569d-82eb-bcc14bcd6344,2026-05-11,2026-05-17,70.2,34.14,106.26,v1.0.0,2026-06-24T16:42:17.588802+00:00,74bff84c-0733-446b-a298-2f91515a201d
87b859e0-789a-56e6-b1ba-4fe76221d3bf,43616d97-2221-569d-82eb-bcc14bcd6344,2026-05-18,2026-05-24,62.54,26.48,98.6,v1.0.0,2026-06-24T16:42:17.588802+00:00,74bff84c-0733-446b-a298-2f91515a201d
87b859e0-789a-56e6-b1ba-4fe76221d3bf,43616d97-2221-569d-82eb-bcc14bcd6344,2026-05-25,2026-05-31,62.64,26.58,98.69,v1.0.0,2026-06-24T16:42:17.588802+00:00,74bff84c-0733-446b-a298-2f91515a201d
87b859e0-789a-56e6-b1ba-4fe76221d3bf,43616d97-2221-569d-82eb-bcc14bcd6344,2026-06-01,2026-06-07,63.8,27.74,99.86,v1.0.0,2026-06-24T16:42:17.588802+00:00,74bff84c-0733-446b-a298-2f91515a201d
87b859e0-789a-56e6-b1ba-4fe76221d3bf,43616d97-2221-569d-82eb-bcc14bcd6344,2026-06-08,2026-06-14,72.49,36.43,108.54,v1.0.0,2026-06-24T16:42:17.588802+00:00,74bff84c-0733-446b-a298-2f91515a201d
87b859e0-789a-56e6-b1ba-4fe76221d3bf,43616d97-2221-569d-82eb-bcc14bcd6344,2026-06-15,2026-06-21,75.08,39.02,111.14,v1.0.0,2026-06-24T16:42:17.588802+00:00,74bff84c-0733-446b-a298-2f91515a201d
87b859e0-789a-56e6-b1ba-4fe76221d3bf,43616d97-2221-569d-82eb-bcc14bcd6344,2026-06-22,2026-06-28,69.85,33.79,105.91,v1.0.0,2026-06-24T16:42:17.588802+00:00,74bff84c-0733-446b-a298-2f91515a201d
87b859e0-789a-56e6-b1ba-4fe76221d3bf,43616d97-2221-569d-82eb-bcc14bcd6344,2026-06-29,2026-07-05,95.28,59.22,131.34,v1.0.0,2026-06-24T16:42:17.588802+00:00,74bff84c-0733-446b-a298-2f91515a201d
87b859e0-789a-56e6-b1ba-4fe76221d3bf,43616d97-2221-569d-82eb-bcc14bcd6344,2026-07-06,2026-07-12,49.95,13.89,86.01,v1.0.0,2026-06-24T16:42:17.588802+00:00,74bff84c-0733-446b-a298-2f91515a201d
87b859e0-789a-56e6-b1ba-4fe76221d3bf,43616d97-2221-569d-82eb-bcc14bcd6344,2026-07-13,2026-07-19,93.48,57.42,129.54,v1.0.0,2026-06-24T16:42:17.588802+00:00,74bff84c-0733-446b-a298-2f91515a201d
87b859e0-789a-56e6-b1ba-4fe76221d3bf,43616d97-2221-569d-82eb-bcc14bcd6344,2026-07-20,2026-07-26,70.02,33.96,106.08,v1.0.0,2026-06-24T16:42:17.588802+00:00,74bff84c-0733-446b-a298-2f91515a201d
87b859e0-789a-56e6-b1ba-4fe76221d3bf,43616d97-2221-569d-82eb-bcc14bcd6344,2026-07-27,2026-08-02,75.7,39.64,111.76,v1.0.0,2026-06-24T16:42:17.588802+00:00,74bff84c-0733-446b-a298-2f91515a201d
87b859e0-789a-56e6-b1ba-4fe76221d3bf,7fb983e8-6848-5425-97a2-14da72722d0f,2026-05-11,2026-05-17,67.41,31.35,103.47,v1.0.0,2026-06-24T16:42:17.588802+00:00,74bff84c-0733-446b-a298-2f91515a201d
87b859e0-789a-56e6-b1ba-4fe76221d3bf,7fb983e8-6848-5425-97a2-14da72722d0f,2026-05-18,2026-05-24,69.16,33.1,105.21,v1.0.0,2026-06-24T16:42:17.588802+00:00,74bff84c-0733-446b-a298-2f91515a201d
87b859e0-789a-56e6-b1ba-4fe76221d3bf,7fb983e8-6848-5425-97a2-14da72722d0f,2026-05-25,2026-05-31,76.1,40.04,112.16,v1.0.0,2026-06-24T16:42:17.588802+00:00,74bff84c-0733-446b-a298-2f91515a201d
87b859e0-789a-56e6-b1ba-4fe76221d3bf,7fb983e8-6848-5425-97a2-14da72722d0f,2026-06-01,2026-06-07,67.98,31.92,104.04,v1.0.0,2026-06-24T16:42:17.588802+00:00,74bff84c-0733-446b-a298-2f91515a201d
87b859e0-789a-56e6-b1ba-4fe76221d3bf,7fb983e8-6848-5425-97a2-14da72722d0f,2026-06-08,2026-06-14,68.52,32.46,104.58,v1.0.0,2026-06-24T16:42:17.588802+00:00,74bff84c-0733-446b-a298-2f91515a201d
87b859e0-789a-56e6-b1ba-4fe76221d3bf,7fb983e8-6848-5425-97a2-14da72722d0f,2026-06-15,2026-06-21,74.26,38.21,110.32,v1.0.0,2026-06-24T16:42:17.588802+00:00,74bff84c-0733-446b-a298-2f91515a201d
87b859e0-789a-56e6-b1ba-4fe76221d3bf,7fb983e8-6848-5425-97a2-14da72722d0f,2026-06-22,2026-06-28,66.05,29.99,102.1,v1.0.0,2026-06-24T16:42:17.588802+00:00,74bff84c-0733-446b-a298-2f91515a201d
87b859e0-789a-56e6-b1ba-4fe76221d3bf,7fb983e8-6848-5425-97a2-14da72722d0f,2026-06-29,2026-07-05,73.07,37.01,109.13,v1.0.0,2026-06-24T16:42:17.588802+00:00,74bff84c-0733-446b-a298-2f91515a201d
87b859e0-789a-56e6-b1ba-4fe76221d3bf,7fb983e8-6848-5425-97a2-14da72722d0f,2026-07-06,2026-07-12,81.54,45.48,117.6,v1.0.0,2026-06-24T16:42:17.588802+00:00,74bff84c-0733-446b-a298-2f91515a201d
87b859e0-789a-56e6-b1ba-4fe76221d3bf,7fb983e8-6848-5425-97a2-14da72722d0f,2026-07-13,2026-07-19,74.44,38.38,110.5,v1.0.0,2026-06-24T16:42:17.588802+00:00,74bff84c-0733-446b-a298-2f91515a201d
87b859e0-789a-56e6-b1ba-4fe76221d3bf,7fb983e8-6848-5425-97a2-14da72722d0f,2026-07-20,2026-07-26,67.66,31.6,103.72,v1.0.0,2026-06-24T16:42:17.588802+00:00,74bff84c-0733-446b-a298-2f91515a201d
87b859e0-789a-56e6-b1ba-4fe76221d3bf,7fb983e8-6848-5425-97a2-14da72722d0f,2026-07-27,2026-08-02,76.41,40.35,112.47,v1.0.0,2026-06-24T16:42:17.588802+00:00,74bff84c-0733-446b-a298-2f91515a201d
87b859e0-789a-56e6-b1ba-4fe76221d3bf,8ecedccf-c230-516b-bbc2-108f7a6fbe63,2026-05-11,2026-05-17,70.27,34.21,106.33,v1.0.0,2026-06-24T16:42:17.588802+00:00,74bff84c-0733-446b-a298-2f91515a201d
87b859e0-789a-56e6-b1ba-4fe76221d3bf,8ecedccf-c230-516b-bbc2-108f7a6fbe63,2026-05-18,2026-05-24,61.17,25.11,97.23,v1.0.0,2026-06-24T16:42:17.588802+00:00,74bff84c-0733-446b-a298-2f91515a201d
87b859e0-789a-56e6-b1ba-4fe76221d3bf,8ecedccf-c230-516b-bbc2-108f7a6fbe63,2026-05-25,2026-05-31,54.55,18.5,90.61,v1.0.0,2026-06-24T16:42:17.588802+00:00,74bff84c-0733-446b-a298-2f91515a201d
87b859e0-789a-56e6-b1ba-4fe76221d3bf,8ecedccf-c230-516b-bbc2-108f7a6fbe63,2026-06-01,2026-06-07,71.99,35.94,108.05,v1.0.0,2026-06-24T16:42:17.588802+00:00,74bff84c-0733-446b-a298-2f91515a201d
87b859e0-789a-56e6-b1ba-4fe76221d3bf,8ecedccf-c230-516b-bbc2-108f7a6fbe63,2026-06-08,2026-06-14,63.53,27.47,99.59,v1.0.0,2026-06-24T16:42:17.588802+00:00,74bff84c-0733-446b-a298-2f91515a201d
87b859e0-789a-56e6-b1ba-4fe76221d3bf,8ecedccf-c230-516b-bbc2-108f7a6fbe63,2026-06-15,2026-06-21,68.29,32.23,104.35,v1.0.0,2026-06-24T16:42:17.588802+00:00,74bff84c-0733-446b-a298-2f91515a201d
87b859e0-789a-56e6-b1ba-4fe76221d3bf,8ecedccf-c230-516b-bbc2-108f7a6fbe63,2026-06-22,2026-06-28,73.44,37.38,109.5,v1.0.0,2026-06-24T16:42:17.588802+00:00,74bff84c-0733-446b-a298-2f91515a201d
87b859e0-789a-56e6-b1ba-4fe76221d3bf,8ecedccf-c230-516b-bbc2-108f7a6fbe63,2026-06-29,2026-07-05,52.5,16.44,88.56,v1.0.0,2026-06-24T16:42:17.588802+00:00,74bff84c-0733-446b-a298-2f91515a201d
87b859e0-789a-56e6-b1ba-4fe76221d3bf,8ecedccf-c230-516b-bbc2-108f7a6fbe63,2026-07-06,2026-07-12,59.89,23.83,95.95,v1.0.0,2026-06-24T16:42:17.588802+00:00,74bff84c-0733-446b-a298-2f91515a201d
87b859e0-789a-56e6-b1ba-4fe76221d3bf,8ecedccf-c230-516b-bbc2-108f7a6fbe63,2026-07-13,2026-07-19,65.72,29.66,101.78,v1.0.0,2026-06-24T16:42:17.588802+00:00,74bff84c-0733-446b-a298-2f91515a201d
87b859e0-789a-56e6-b1ba-4fe76221d3bf,8ecedccf-c230-516b-bbc2-108f7a6fbe63,2026-07-20,2026-07-26,58.64,22.58,94.7,v1.0.0,2026-06-24T16:42:17.588802+00:00,74bff84c-0733-446b-a298-2f91515a201d
87b859e0-789a-56e6-b1ba-4fe76221d3bf,8ecedccf-c230-516b-bbc2-108f7a6fbe63,2026-07-27,2026-08-02,82.65,46.59,118.71,v1.0.0,2026-06-24T16:42:17.588802+00:00,74bff84c-0733-446b-a298-2f91515a201d
87b859e0-789a-56e6-b1ba-4fe76221d3bf,d6f21f11-7533-52dd-a4dc-2fb8e260c02c,2026-05-11,2026-05-17,63.93,27.87,99.99,v1.0.0,2026-06-24T16:42:17.588802+00:00,74bff84c-0733-446b-a298-2f91515a201d
87b859e0-789a-56e6-b1ba-4fe76221d3bf,d6f21f11-7533-52dd-a4dc-2fb8e260c02c,2026-05-18,2026-05-24,75.42,39.37,111.48,v1.0.0,2026-06-24T16:42:17.588802+00:00,74bff84c-0733-446b-a298-2f91515a201d
87b859e0-789a-56e6-b1ba-4fe76221d3bf,d6f21f11-7533-52dd-a4dc-2fb8e260c02c,2026-05-25,2026-05-31,84.62,48.56,120.68,v1.0.0,2026-06-24T16:42:17.588802+00:00,74bff84c-0733-446b-a298-2f91515a201d
87b859e0-789a-56e6-b1ba-4fe76221d3bf,d6f21f11-7533-52dd-a4dc-2fb8e260c02c,2026-06-01,2026-06-07,76.32,40.26,112.38,v1.0.0,2026-06-24T16:42:17.588802+00:00,74bff84c-0733-446b-a298-2f91515a201d
87b859e0-789a-56e6-b1ba-4fe76221d3bf,d6f21f11-7533-52dd-a4dc-2fb8e260c02c,2026-06-08,2026-06-14,68.17,32.11,104.23,v1.0.0,2026-06-24T16:42:17.588802+00:00,74bff84c-0733-446b-a298-2f91515a201d
87b859e0-789a-56e6-b1ba-4fe76221d3bf,d6f21f11-7533-52dd-a4dc-2fb8e260c02c,2026-06-15,2026-06-21,65.21,29.16,101.27,v1.0.0,2026-06-24T16:42:17.588802+00:00,74bff84c-0733-446b-a298-2f91515a201d
87b859e0-789a-56e6-b1ba-4fe76221d3bf,d6f21f11-7533-52dd-a4dc-2fb8e260c02c,2026-06-22,2026-06-28,69.09,33.03,105.15,v1.0.0,2026-06-24T16:42:17.588802+00:00,74bff84c-0733-446b-a298-2f91515a201d
87b859e0-789a-56e6-b1ba-4fe76221d3bf,d6f21f11-7533-52dd-a4dc-2fb8e260c02c,2026-06-29,2026-07-05,72.25,36.19,108.31,v1.0.0,2026-06-24T16:42:17.588802+00:00,74bff84c-0733-446b-a298-2f91515a201d
87b859e0-789a-56e6-b1ba-4fe76221d3bf,d6f21f11-7533-52dd-a4dc-2fb8e260c02c,2026-07-06,2026-07-12,67.66,31.6,103.72,v1.0.0,2026-06-24T16:42:17.588802+00:00,74bff84c-0733-446b-a298-2f91515a201d
87b859e0-789a-56e6-b1ba-4fe76221d3bf,d6f21f11-7533-52dd-a4dc-2fb8e260c02c,2026-07-13,2026-07-19,66.7,30.64,102.76,v1.0.0,2026-06-24T16:42:17.588802+00:00,74bff84c-0733-446b-a298-2f91515a201d
87b859e0-789a-56e6-b1ba-4fe76221d3bf,d6f21f11-7533-52dd-a4dc-2fb8e260c02c,2026-07-20,2026-07-26,71.56,35.5,107.62,v1.0.0,2026-06-24T16:42:17.588802+00:00,74bff84c-0733-446b-a298-2f91515a201d
87b859e0-789a-56e6-b1ba-4fe76221d3bf,d6f21f11-7533-52dd-a4dc-2fb8e260c02c,2026-07-27,2026-08-02,79.75,43.69,115.81,v1.0.0,2026-06-24T16:42:17.588802+00:00,74bff84c-0733-446b-a298-2f91515a201d
94e18241-54bd-5516-b36f-94ab6e323aca,26f7241d-a84e-5e4a-a43d-33eea1e54eea,2026-05-11,2026-05-17,59.43,23.37,95.49,v1.0.0,2026-06-24T16:42:17.588802+00:00,74bff84c-0733-446b-a298-2f91515a201d
94e18241-54bd-5516-b36f-94ab6e323aca,26f7241d-a84e-5e4a-a43d-33eea1e54eea,2026-05-18,2026-05-24,60.43,24.37,96.49,v1.0.0,2026-06-24T16:42:17.588802+00:00,74bff84c-0733-446b-a298-2f91515a201d
94e18241-54bd-5516-b36f-94ab6e323aca,26f7241d-a84e-5e4a-a43d-33eea1e54eea,2026-05-25,2026-05-31,59.89,23.83,95.95,v1.0.0,2026-06-24T16:42:17.588802+00:00,74bff84c-0733-446b-a298-2f91515a201d
94e18241-54bd-5516-b36f-94ab6e323aca,26f7241d-a84e-5e4a-a43d-33eea1e54eea,2026-06-01,2026-06-07,61.69,25.63,97.75,v1.0.0,2026-06-24T16:42:17.588802+00:00,74bff84c-0733-446b-a298-2f91515a201d
94e18241-54bd-5516-b36f-94ab6e323aca,26f7241d-a84e-5e4a-a43d-33eea1e54eea,2026-06-08,2026-06-14,61.23,25.17,97.28,v1.0.0,2026-06-24T16:42:17.588802+00:00,74bff84c-0733-446b-a298-2f91515a201d
94e18241-54bd-5516-b36f-94ab6e323aca,26f7241d-a84e-5e4a-a43d-33eea1e54eea,2026-06-15,2026-06-21,61.15,25.09,97.21,v1.0.0,2026-06-24T16:42:17.588802+00:00,74bff84c-0733-446b-a298-2f91515a201d
94e18241-54bd-5516-b36f-94ab6e323aca,26f7241d-a84e-5e4a-a43d-33eea1e54eea,2026-06-22,2026-06-28,60.92,24.86,96.98,v1.0.0,2026-06-24T16:42:17.588802+00:00,74bff84c-0733-446b-a298-2f91515a201d
94e18241-54bd-5516-b36f-94ab6e323aca,26f7241d-a84e-5e4a-a43d-33eea1e54eea,2026-06-29,2026-07-05,61.22,25.17,97.28,v1.0.0,2026-06-24T16:42:17.588802+00:00,74bff84c-0733-446b-a298-2f91515a201d
94e18241-54bd-5516-b36f-94ab6e323aca,26f7241d-a84e-5e4a-a43d-33eea1e54eea,2026-07-06,2026-07-12,60.47,24.42,96.53,v1.0.0,2026-06-24T16:42:17.588802+00:00,74bff84c-0733-446b-a298-2f91515a201d
94e18241-54bd-5516-b36f-94ab6e323aca,26f7241d-a84e-5e4a-a43d-33eea1e54eea,2026-07-13,2026-07-19,59.92,23.87,95.98,v1.0.0,2026-06-24T16:42:17.588802+00:00,74bff84c-0733-446b-a298-2f91515a201d
94e18241-54bd-5516-b36f-94ab6e323aca,26f7241d-a84e-5e4a-a43d-33eea1e54eea,2026-07-20,2026-07-26,59.84,23.79,95.9,v1.0.0,2026-06-24T16:42:17.588802+00:00,74bff84c-0733-446b-a298-2f91515a201d
94e18241-54bd-5516-b36f-94ab6e323aca,26f7241d-a84e-5e4a-a43d-33eea1e54eea,2026-07-27,2026-08-02,60.34,24.29,96.4,v1.0.0,2026-06-24T16:42:17.588802+00:00,74bff84c-0733-446b-a298-2f91515a201d
94e18241-54bd-5516-b36f-94ab6e323aca,43616d97-2221-569d-82eb-bcc14bcd6344,2026-05-11,2026-05-17,67.55,31.49,103.61,v1.0.0,2026-06-24T16:42:17.588802+00:00,74bff84c-0733-446b-a298-2f91515a201d
94e18241-54bd-5516-b36f-94ab6e323aca,43616d97-2221-569d-82eb-bcc14bcd6344,2026-05-18,2026-05-24,60.75,24.69,96.81,v1.0.0,2026-06-24T16:42:17.588802+00:00,74bff84c-0733-446b-a298-2f91515a201d
94e18241-54bd-5516-b36f-94ab6e323aca,43616d97-2221-569d-82eb-bcc14bcd6344,2026-05-25,2026-05-31,61.49,25.43,97.55,v1.0.0,2026-06-24T16:42:17.588802+00:00,74bff84c-0733-446b-a298-2f91515a201d
94e18241-54bd-5516-b36f-94ab6e323aca,43616d97-2221-569d-82eb-bcc14bcd6344,2026-06-01,2026-06-07,66.24,30.18,102.3,v1.0.0,2026-06-24T16:42:17.588802+00:00,74bff84c-0733-446b-a298-2f91515a201d
94e18241-54bd-5516-b36f-94ab6e323aca,43616d97-2221-569d-82eb-bcc14bcd6344,2026-06-08,2026-06-14,59.53,23.48,95.59,v1.0.0,2026-06-24T16:42:17.588802+00:00,74bff84c-0733-446b-a298-2f91515a201d
94e18241-54bd-5516-b36f-94ab6e323aca,43616d97-2221-569d-82eb-bcc14bcd6344,2026-06-15,2026-06-21,61.53,25.47,97.59,v1.0.0,2026-06-24T16:42:17.588802+00:00,74bff84c-0733-446b-a298-2f91515a201d
94e18241-54bd-5516-b36f-94ab6e323aca,43616d97-2221-569d-82eb-bcc14bcd6344,2026-06-22,2026-06-28,60.11,24.05,96.17,v1.0.0,2026-06-24T16:42:17.588802+00:00,74bff84c-0733-446b-a298-2f91515a201d
94e18241-54bd-5516-b36f-94ab6e323aca,43616d97-2221-569d-82eb-bcc14bcd6344,2026-06-29,2026-07-05,62.0,25.94,98.06,v1.0.0,2026-06-24T16:42:17.588802+00:00,74bff84c-0733-446b-a298-2f91515a201d
94e18241-54bd-5516-b36f-94ab6e323aca,43616d97-2221-569d-82eb-bcc14bcd6344,2026-07-06,2026-07-12,59.25,23.19,95.31,v1.0.0,2026-06-24T16:42:17.588802+00:00,74bff84c-0733-446b-a298-2f91515a201d
94e18241-54bd-5516-b36f-94ab6e323aca,43616d97-2221-569d-82eb-bcc14bcd6344,2026-07-13,2026-07-19,58.32,22.26,94.37,v1.0.0,2026-06-24T16:42:17.588802+00:00,74bff84c-0733-446b-a298-2f91515a201d
94e18241-54bd-5516-b36f-94ab6e323aca,43616d97-2221-569d-82eb-bcc14bcd6344,2026-07-20,2026-07-26,60.03,23.97,96.09,v1.0.0,2026-06-24T16:42:17.588802+00:00,74bff84c-0733-446b-a298-2f91515a201d
94e18241-54bd-5516-b36f-94ab6e323aca,43616d97-2221-569d-82eb-bcc14bcd6344,2026-07-27,2026-08-02,63.81,27.76,99.87,v1.0.0,2026-06-24T16:42:17.588802+00:00,74bff84c-0733-446b-a298-2f91515a201d
94e18241-54bd-5516-b36f-94ab6e323aca,7fb983e8-6848-5425-97a2-14da72722d0f,2026-05-11,2026-05-17,50.4,14.34,86.46,v1.0.0,2026-06-24T16:42:17.588802+00:00,74bff84c-0733-446b-a298-2f91515a201d
94e18241-54bd-5516-b36f-94ab6e323aca,7fb983e8-6848-5425-97a2-14da72722d0f,2026-05-18,2026-05-24,51.08,15.02,87.14,v1.0.0,2026-06-24T16:42:17.588802+00:00,74bff84c-0733-446b-a298-2f91515a201d
94e18241-54bd-5516-b36f-94ab6e323aca,7fb983e8-6848-5425-97a2-14da72722d0f,2026-05-25,2026-05-31,50.63,14.57,86.69,v1.0.0,2026-06-24T16:42:17.588802+00:00,74bff84c-0733-446b-a298-2f91515a201d
94e18241-54bd-5516-b36f-94ab6e323aca,7fb983e8-6848-5425-97a2-14da72722d0f,2026-06-01,2026-06-07,51.13,15.07,87.19,v1.0.0,2026-06-24T16:42:17.588802+00:00,74bff84c-0733-446b-a298-2f91515a201d
94e18241-54bd-5516-b36f-94ab6e323aca,7fb983e8-6848-5425-97a2-14da72722d0f,2026-06-08,2026-06-14,51.49,15.43,87.55,v1.0.0,2026-06-24T16:42:17.588802+00:00,74bff84c-0733-446b-a298-2f91515a201d
94e18241-54bd-5516-b36f-94ab6e323aca,7fb983e8-6848-5425-97a2-14da72722d0f,2026-06-15,2026-06-21,51.51,15.46,87.57,v1.0.0,2026-06-24T16:42:17.588802+00:00,74bff84c-0733-446b-a298-2f91515a201d
94e18241-54bd-5516-b36f-94ab6e323aca,7fb983e8-6848-5425-97a2-14da72722d0f,2026-06-22,2026-06-28,52.21,16.15,88.26,v1.0.0,2026-06-24T16:42:17.588802+00:00,74bff84c-0733-446b-a298-2f91515a201d
94e18241-54bd-5516-b36f-94ab6e323aca,7fb983e8-6848-5425-97a2-14da72722d0f,2026-06-29,2026-07-05,53.11,17.05,89.17,v1.0.0,2026-06-24T16:42:17.588802+00:00,74bff84c-0733-446b-a298-2f91515a201d
94e18241-54bd-5516-b36f-94ab6e323aca,7fb983e8-6848-5425-97a2-14da72722d0f,2026-07-06,2026-07-12,52.55,16.49,88.61,v1.0.0,2026-06-24T16:42:17.588802+00:00,74bff84c-0733-446b-a298-2f91515a201d
94e18241-54bd-5516-b36f-94ab6e323aca,7fb983e8-6848-5425-97a2-14da72722d0f,2026-07-13,2026-07-19,50.72,14.66,86.78,v1.0.0,2026-06-24T16:42:17.588802+00:00,74bff84c-0733-446b-a298-2f91515a201d
94e18241-54bd-5516-b36f-94ab6e323aca,7fb983e8-6848-5425-97a2-14da72722d0f,2026-07-20,2026-07-26,52.23,16.17,88.29,v1.0.0,2026-06-24T16:42:17.588802+00:00,74bff84c-0733-446b-a298-2f91515a201d
94e18241-54bd-5516-b36f-94ab6e323aca,7fb983e8-6848-5425-97a2-14da72722d0f,2026-07-27,2026-08-02,51.44,15.39,87.5,v1.0.0,2026-06-24T16:42:17.588802+00:00,74bff84c-0733-446b-a298-2f91515a201d
94e18241-54bd-5516-b36f-94ab6e323aca,8ecedccf-c230-516b-bbc2-108f7a6fbe63,2026-05-11,2026-05-17,60.39,24.33,96.44,v1.0.0,2026-06-24T16:42:17.588802+00:00,74bff84c-0733-446b-a298-2f91515a201d
94e18241-54bd-5516-b36f-94ab6e323aca,8ecedccf-c230-516b-bbc2-108f7a6fbe63,2026-05-18,2026-05-24,57.18,21.12,93.24,v1.0.0,2026-06-24T16:42:17.588802+00:00,74bff84c-0733-446b-a298-2f91515a201d
94e18241-54bd-5516-b36f-94ab6e323aca,8ecedccf-c230-516b-bbc2-108f7a6fbe63,2026-05-25,2026-05-31,58.32,22.26,94.38,v1.0.0,2026-06-24T16:42:17.588802+00:00,74bff84c-0733-446b-a298-2f91515a201d
94e18241-54bd-5516-b36f-94ab6e323aca,8ecedccf-c230-516b-bbc2-108f7a6fbe63,2026-06-01,2026-06-07,57.75,21.69,93.81,v1.0.0,2026-06-24T16:42:17.588802+00:00,74bff84c-0733-446b-a298-2f91515a201d
94e18241-54bd-5516-b36f-94ab6e323aca,8ecedccf-c230-516b-bbc2-108f7a6fbe63,2026-06-08,2026-06-14,59.18,23.12,95.24,v1.0.0,2026-06-24T16:42:17.588802+00:00,74bff84c-0733-446b-a298-2f91515a201d
94e18241-54bd-5516-b36f-94ab6e323aca,8ecedccf-c230-516b-bbc2-108f7a6fbe63,2026-06-15,2026-06-21,58.28,22.22,94.34,v1.0.0,2026-06-24T16:42:17.588802+00:00,74bff84c-0733-446b-a298-2f91515a201d
94e18241-54bd-5516-b36f-94ab6e323aca,8ecedccf-c230-516b-bbc2-108f7a6fbe63,2026-06-22,2026-06-28,55.65,19.59,91.71,v1.0.0,2026-06-24T16:42:17.588802+00:00,74bff84c-0733-446b-a298-2f91515a201d
94e18241-54bd-5516-b36f-94ab6e323aca,8ecedccf-c230-516b-bbc2-108f7a6fbe63,2026-06-29,2026-07-05,57.58,21.52,93.64,v1.0.0,2026-06-24T16:42:17.588802+00:00,74bff84c-0733-446b-a298-2f91515a201d
94e18241-54bd-5516-b36f-94ab6e323aca,8ecedccf-c230-516b-bbc2-108f7a6fbe63,2026-07-06,2026-07-12,56.37,20.31,92.43,v1.0.0,2026-06-24T16:42:17.588802+00:00,74bff84c-0733-446b-a298-2f91515a201d
94e18241-54bd-5516-b36f-94ab6e323aca,8ecedccf-c230-516b-bbc2-108f7a6fbe63,2026-07-13,2026-07-19,55.43,19.37,91.48,v1.0.0,2026-06-24T16:42:17.588802+00:00,74bff84c-0733-446b-a298-2f91515a201d
94e18241-54bd-5516-b36f-94ab6e323aca,8ecedccf-c230-516b-bbc2-108f7a6fbe63,2026-07-20,2026-07-26,57.23,21.17,93.29,v1.0.0,2026-06-24T16:42:17.588802+00:00,74bff84c-0733-446b-a298-2f91515a201d
94e18241-54bd-5516-b36f-94ab6e323aca,8ecedccf-c230-516b-bbc2-108f7a6fbe63,2026-07-27,2026-08-02,56.34,20.28,92.4,v1.0.0,2026-06-24T16:42:17.588802+00:00,74bff84c-0733-446b-a298-2f91515a201d
94e18241-54bd-5516-b36f-94ab6e323aca,d6f21f11-7533-52dd-a4dc-2fb8e260c02c,2026-05-11,2026-05-17,47.82,11.76,83.88,v1.0.0,2026-06-24T16:42:17.588802+00:00,74bff84c-0733-446b-a298-2f91515a201d
94e18241-54bd-5516-b36f-94ab6e323aca,d6f21f11-7533-52dd-a4dc-2fb8e260c02c,2026-05-18,2026-05-24,45.98,9.92,82.04,v1.0.0,2026-06-24T16:42:17.588802+00:00,74bff84c-0733-446b-a298-2f91515a201d
94e18241-54bd-5516-b36f-94ab6e323aca,d6f21f11-7533-52dd-a4dc-2fb8e260c02c,2026-05-25,2026-05-31,42.36,6.3,78.41,v1.0.0,2026-06-24T16:42:17.588802+00:00,74bff84c-0733-446b-a298-2f91515a201d
94e18241-54bd-5516-b36f-94ab6e323aca,d6f21f11-7533-52dd-a4dc-2fb8e260c02c,2026-06-01,2026-06-07,51.69,15.63,87.74,v1.0.0,2026-06-24T16:42:17.588802+00:00,74bff84c-0733-446b-a298-2f91515a201d
94e18241-54bd-5516-b36f-94ab6e323aca,d6f21f11-7533-52dd-a4dc-2fb8e260c02c,2026-06-08,2026-06-14,47.0,10.94,83.06,v1.0.0,2026-06-24T16:42:17.588802+00:00,74bff84c-0733-446b-a298-2f91515a201d
94e18241-54bd-5516-b36f-94ab6e323aca,d6f21f11-7533-52dd-a4dc-2fb8e260c02c,2026-06-15,2026-06-21,46.4,10.34,82.46,v1.0.0,2026-06-24T16:42:17.588802+00:00,74bff84c-0733-446b-a298-2f91515a201d
94e18241-54bd-5516-b36f-94ab6e323aca,d6f21f11-7533-52dd-a4dc-2fb8e260c02c,2026-06-22,2026-06-28,48.58,12.52,84.64,v1.0.0,2026-06-24T16:42:17.588802+00:00,74bff84c-0733-446b-a298-2f91515a201d
94e18241-54bd-5516-b36f-94ab6e323aca,d6f21f11-7533-52dd-a4dc-2fb8e260c02c,2026-06-29,2026-07-05,50.4,14.34,86.46,v1.0.0,2026-06-24T16:42:17.588802+00:00,74bff84c-0733-446b-a298-2f91515a201d
94e18241-54bd-5516-b36f-94ab6e323aca,d6f21f11-7533-52dd-a4dc-2fb8e260c02c,2026-07-06,2026-07-12,52.72,16.66,88.78,v1.0.0,2026-06-24T16:42:17.588802+00:00,74bff84c-0733-446b-a298-2f91515a201d
94e18241-54bd-5516-b36f-94ab6e323aca,d6f21f11-7533-52dd-a4dc-2fb8e260c02c,2026-07-13,2026-07-19,43.81,7.75,79.87,v1.0.0,2026-06-24T16:42:17.588802+00:00,74bff84c-0733-446b-a298-2f91515a201d
94e18241-54bd-5516-b36f-94ab6e323aca,d6f21f11-7533-52dd-a4dc-2fb8e260c02c,2026-07-20,2026-07-26,45.27,9.21,81.33,v1.0.0,2026-06-24T16:42:17.588802+00:00,74bff84c-0733-446b-a298-2f91515a201d
94e18241-54bd-5516-b36f-94ab6e323aca,d6f21f11-7533-52dd-a4dc-2fb8e260c02c,2026-07-27,2026-08-02,46.57,10.51,82.63,v1.0.0,2026-06-24T16:42:17.588802+00:00,74bff84c-0733-446b-a298-2f91515a201d
97d26d91-c562-5f27-9ebd-285e89c8f4bf,26f7241d-a84e-5e4a-a43d-33eea1e54eea,2026-05-11,2026-05-17,82.81,46.75,118.87,v1.0.0,2026-06-24T16:42:17.588802+00:00,74bff84c-0733-446b-a298-2f91515a201d
97d26d91-c562-5f27-9ebd-285e89c8f4bf,26f7241d-a84e-5e4a-a43d-33eea1e54eea,2026-05-18,2026-05-24,86.17,50.11,122.23,v1.0.0,2026-06-24T16:42:17.588802+00:00,74bff84c-0733-446b-a298-2f91515a201d
97d26d91-c562-5f27-9ebd-285e89c8f4bf,26f7241d-a84e-5e4a-a43d-33eea1e54eea,2026-05-25,2026-05-31,85.75,49.69,121.81,v1.0.0,2026-06-24T16:42:17.588802+00:00,74bff84c-0733-446b-a298-2f91515a201d
97d26d91-c562-5f27-9ebd-285e89c8f4bf,26f7241d-a84e-5e4a-a43d-33eea1e54eea,2026-06-01,2026-06-07,84.76,48.7,120.82,v1.0.0,2026-06-24T16:42:17.588802+00:00,74bff84c-0733-446b-a298-2f91515a201d
97d26d91-c562-5f27-9ebd-285e89c8f4bf,26f7241d-a84e-5e4a-a43d-33eea1e54eea,2026-06-08,2026-06-14,87.41,51.35,123.47,v1.0.0,2026-06-24T16:42:17.588802+00:00,74bff84c-0733-446b-a298-2f91515a201d
97d26d91-c562-5f27-9ebd-285e89c8f4bf,26f7241d-a84e-5e4a-a43d-33eea1e54eea,2026-06-15,2026-06-21,88.06,52.01,124.12,v1.0.0,2026-06-24T16:42:17.588802+00:00,74bff84c-0733-446b-a298-2f91515a201d
97d26d91-c562-5f27-9ebd-285e89c8f4bf,26f7241d-a84e-5e4a-a43d-33eea1e54eea,2026-06-22,2026-06-28,86.04,49.98,122.09,v1.0.0,2026-06-24T16:42:17.588802+00:00,74bff84c-0733-446b-a298-2f91515a201d
97d26d91-c562-5f27-9ebd-285e89c8f4bf,26f7241d-a84e-5e4a-a43d-33eea1e54eea,2026-06-29,2026-07-05,86.94,50.88,122.99,v1.0.0,2026-06-24T16:42:17.588802+00:00,74bff84c-0733-446b-a298-2f91515a201d
97d26d91-c562-5f27-9ebd-285e89c8f4bf,26f7241d-a84e-5e4a-a43d-33eea1e54eea,2026-07-06,2026-07-12,84.09,48.04,120.15,v1.0.0,2026-06-24T16:42:17.588802+00:00,74bff84c-0733-446b-a298-2f91515a201d
97d26d91-c562-5f27-9ebd-285e89c8f4bf,26f7241d-a84e-5e4a-a43d-33eea1e54eea,2026-07-13,2026-07-19,83.62,47.57,119.68,v1.0.0,2026-06-24T16:42:17.588802+00:00,74bff84c-0733-446b-a298-2f91515a201d
97d26d91-c562-5f27-9ebd-285e89c8f4bf,26f7241d-a84e-5e4a-a43d-33eea1e54eea,2026-07-20,2026-07-26,86.83,50.77,122.89,v1.0.0,2026-06-24T16:42:17.588802+00:00,74bff84c-0733-446b-a298-2f91515a201d
97d26d91-c562-5f27-9ebd-285e89c8f4bf,26f7241d-a84e-5e4a-a43d-33eea1e54eea,2026-07-27,2026-08-02,85.75,49.69,121.8,v1.0.0,2026-06-24T16:42:17.588802+00:00,74bff84c-0733-446b-a298-2f91515a201d
97d26d91-c562-5f27-9ebd-285e89c8f4bf,43616d97-2221-569d-82eb-bcc14bcd6344,2026-05-11,2026-05-17,75.39,39.34,111.45,v1.0.0,2026-06-24T16:42:17.588802+00:00,74bff84c-0733-446b-a298-2f91515a201d
97d26d91-c562-5f27-9ebd-285e89c8f4bf,43616d97-2221-569d-82eb-bcc14bcd6344,2026-05-18,2026-05-24,75.31,39.25,111.37,v1.0.0,2026-06-24T16:42:17.588802+00:00,74bff84c-0733-446b-a298-2f91515a201d
97d26d91-c562-5f27-9ebd-285e89c8f4bf,43616d97-2221-569d-82eb-bcc14bcd6344,2026-05-25,2026-05-31,76.17,40.11,112.23,v1.0.0,2026-06-24T16:42:17.588802+00:00,74bff84c-0733-446b-a298-2f91515a201d
97d26d91-c562-5f27-9ebd-285e89c8f4bf,43616d97-2221-569d-82eb-bcc14bcd6344,2026-06-01,2026-06-07,76.0,39.94,112.06,v1.0.0,2026-06-24T16:42:17.588802+00:00,74bff84c-0733-446b-a298-2f91515a201d
97d26d91-c562-5f27-9ebd-285e89c8f4bf,43616d97-2221-569d-82eb-bcc14bcd6344,2026-06-08,2026-06-14,76.95,40.89,113.01,v1.0.0,2026-06-24T16:42:17.588802+00:00,74bff84c-0733-446b-a298-2f91515a201d
97d26d91-c562-5f27-9ebd-285e89c8f4bf,43616d97-2221-569d-82eb-bcc14bcd6344,2026-06-15,2026-06-21,77.29,41.23,113.35,v1.0.0,2026-06-24T16:42:17.588802+00:00,74bff84c-0733-446b-a298-2f91515a201d
97d26d91-c562-5f27-9ebd-285e89c8f4bf,43616d97-2221-569d-82eb-bcc14bcd6344,2026-06-22,2026-06-28,78.63,42.57,114.68,v1.0.0,2026-06-24T16:42:17.588802+00:00,74bff84c-0733-446b-a298-2f91515a201d
97d26d91-c562-5f27-9ebd-285e89c8f4bf,43616d97-2221-569d-82eb-bcc14bcd6344,2026-06-29,2026-07-05,78.65,42.59,114.71,v1.0.0,2026-06-24T16:42:17.588802+00:00,74bff84c-0733-446b-a298-2f91515a201d
97d26d91-c562-5f27-9ebd-285e89c8f4bf,43616d97-2221-569d-82eb-bcc14bcd6344,2026-07-06,2026-07-12,77.16,41.1,113.22,v1.0.0,2026-06-24T16:42:17.588802+00:00,74bff84c-0733-446b-a298-2f91515a201d
97d26d91-c562-5f27-9ebd-285e89c8f4bf,43616d97-2221-569d-82eb-bcc14bcd6344,2026-07-13,2026-07-19,77.02,40.96,113.07,v1.0.0,2026-06-24T16:42:17.588802+00:00,74bff84c-0733-446b-a298-2f91515a201d
97d26d91-c562-5f27-9ebd-285e89c8f4bf,43616d97-2221-569d-82eb-bcc14bcd6344,2026-07-20,2026-07-26,76.74,40.68,112.8,v1.0.0,2026-06-24T16:42:17.588802+00:00,74bff84c-0733-446b-a298-2f91515a201d
97d26d91-c562-5f27-9ebd-285e89c8f4bf,43616d97-2221-569d-82eb-bcc14bcd6344,2026-07-27,2026-08-02,76.84,40.78,112.9,v1.0.0,2026-06-24T16:42:17.588802+00:00,74bff84c-0733-446b-a298-2f91515a201d
97d26d91-c562-5f27-9ebd-285e89c8f4bf,7fb983e8-6848-5425-97a2-14da72722d0f,2026-05-11,2026-05-17,58.93,22.87,94.99,v1.0.0,2026-06-24T16:42:17.588802+00:00,74bff84c-0733-446b-a298-2f91515a201d
97d26d91-c562-5f27-9ebd-285e89c8f4bf,7fb983e8-6848-5425-97a2-14da72722d0f,2026-05-18,2026-05-24,64.51,28.45,100.56,v1.0.0,2026-06-24T16:42:17.588802+00:00,74bff84c-0733-446b-a298-2f91515a201d
97d26d91-c562-5f27-9ebd-285e89c8f4bf,7fb983e8-6848-5425-97a2-14da72722d0f,2026-05-25,2026-05-31,64.68,28.62,100.74,v1.0.0,2026-06-24T16:42:17.588802+00:00,74bff84c-0733-446b-a298-2f91515a201d
97d26d91-c562-5f27-9ebd-285e89c8f4bf,7fb983e8-6848-5425-97a2-14da72722d0f,2026-06-01,2026-06-07,64.97,28.91,101.03,v1.0.0,2026-06-24T16:42:17.588802+00:00,74bff84c-0733-446b-a298-2f91515a201d
97d26d91-c562-5f27-9ebd-285e89c8f4bf,7fb983e8-6848-5425-97a2-14da72722d0f,2026-06-08,2026-06-14,65.16,29.1,101.22,v1.0.0,2026-06-24T16:42:17.588802+00:00,74bff84c-0733-446b-a298-2f91515a201d
97d26d91-c562-5f27-9ebd-285e89c8f4bf,7fb983e8-6848-5425-97a2-14da72722d0f,2026-06-15,2026-06-21,62.16,26.1,98.22,v1.0.0,2026-06-24T16:42:17.588802+00:00,74bff84c-0733-446b-a298-2f91515a201d
97d26d91-c562-5f27-9ebd-285e89c8f4bf,7fb983e8-6848-5425-97a2-14da72722d0f,2026-06-22,2026-06-28,64.85,28.79,100.9,v1.0.0,2026-06-24T16:42:17.588802+00:00,74bff84c-0733-446b-a298-2f91515a201d
97d26d91-c562-5f27-9ebd-285e89c8f4bf,7fb983e8-6848-5425-97a2-14da72722d0f,2026-06-29,2026-07-05,65.05,28.99,101.11,v1.0.0,2026-06-24T16:42:17.588802+00:00,74bff84c-0733-446b-a298-2f91515a201d
97d26d91-c562-5f27-9ebd-285e89c8f4bf,7fb983e8-6848-5425-97a2-14da72722d0f,2026-07-06,2026-07-12,61.38,25.33,97.44,v1.0.0,2026-06-24T16:42:17.588802+00:00,74bff84c-0733-446b-a298-2f91515a201d
97d26d91-c562-5f27-9ebd-285e89c8f4bf,7fb983e8-6848-5425-97a2-14da72722d0f,2026-07-13,2026-07-19,63.44,27.39,99.5,v1.0.0,2026-06-24T16:42:17.588802+00:00,74bff84c-0733-446b-a298-2f91515a201d
97d26d91-c562-5f27-9ebd-285e89c8f4bf,7fb983e8-6848-5425-97a2-14da72722d0f,2026-07-20,2026-07-26,63.52,27.46,99.57,v1.0.0,2026-06-24T16:42:17.588802+00:00,74bff84c-0733-446b-a298-2f91515a201d
97d26d91-c562-5f27-9ebd-285e89c8f4bf,7fb983e8-6848-5425-97a2-14da72722d0f,2026-07-27,2026-08-02,63.27,27.21,99.33,v1.0.0,2026-06-24T16:42:17.588802+00:00,74bff84c-0733-446b-a298-2f91515a201d
97d26d91-c562-5f27-9ebd-285e89c8f4bf,8ecedccf-c230-516b-bbc2-108f7a6fbe63,2026-05-11,2026-05-17,76.15,40.09,112.21,v1.0.0,2026-06-24T16:42:17.588802+00:00,74bff84c-0733-446b-a298-2f91515a201d
97d26d91-c562-5f27-9ebd-285e89c8f4bf,8ecedccf-c230-516b-bbc2-108f7a6fbe63,2026-05-18,2026-05-24,77.9,41.84,113.96,v1.0.0,2026-06-24T16:42:17.588802+00:00,74bff84c-0733-446b-a298-2f91515a201d
97d26d91-c562-5f27-9ebd-285e89c8f4bf,8ecedccf-c230-516b-bbc2-108f7a6fbe63,2026-05-25,2026-05-31,76.9,40.84,112.96,v1.0.0,2026-06-24T16:42:17.588802+00:00,74bff84c-0733-446b-a298-2f91515a201d
97d26d91-c562-5f27-9ebd-285e89c8f4bf,8ecedccf-c230-516b-bbc2-108f7a6fbe63,2026-06-01,2026-06-07,77.44,41.38,113.5,v1.0.0,2026-06-24T16:42:17.588802+00:00,74bff84c-0733-446b-a298-2f91515a201d
97d26d91-c562-5f27-9ebd-285e89c8f4bf,8ecedccf-c230-516b-bbc2-108f7a6fbe63,2026-06-08,2026-06-14,79.23,43.17,115.29,v1.0.0,2026-06-24T16:42:17.588802+00:00,74bff84c-0733-446b-a298-2f91515a201d
97d26d91-c562-5f27-9ebd-285e89c8f4bf,8ecedccf-c230-516b-bbc2-108f7a6fbe63,2026-06-15,2026-06-21,78.09,42.03,114.15,v1.0.0,2026-06-24T16:42:17.588802+00:00,74bff84c-0733-446b-a298-2f91515a201d
97d26d91-c562-5f27-9ebd-285e89c8f4bf,8ecedccf-c230-516b-bbc2-108f7a6fbe63,2026-06-22,2026-06-28,78.97,42.91,115.03,v1.0.0,2026-06-24T16:42:17.588802+00:00,74bff84c-0733-446b-a298-2f91515a201d
97d26d91-c562-5f27-9ebd-285e89c8f4bf,8ecedccf-c230-516b-bbc2-108f7a6fbe63,2026-06-29,2026-07-05,76.65,40.59,112.71,v1.0.0,2026-06-24T16:42:17.588802+00:00,74bff84c-0733-446b-a298-2f91515a201d
97d26d91-c562-5f27-9ebd-285e89c8f4bf,8ecedccf-c230-516b-bbc2-108f7a6fbe63,2026-07-06,2026-07-12,77.26,41.2,113.31,v1.0.0,2026-06-24T16:42:17.588802+00:00,74bff84c-0733-446b-a298-2f91515a201d
97d26d91-c562-5f27-9ebd-285e89c8f4bf,8ecedccf-c230-516b-bbc2-108f7a6fbe63,2026-07-13,2026-07-19,76.95,40.9,113.01,v1.0.0,2026-06-24T16:42:17.588802+00:00,74bff84c-0733-446b-a298-2f91515a201d
97d26d91-c562-5f27-9ebd-285e89c8f4bf,8ecedccf-c230-516b-bbc2-108f7a6fbe63,2026-07-20,2026-07-26,77.5,41.44,113.56,v1.0.0,2026-06-24T16:42:17.588802+00:00,74bff84c-0733-446b-a298-2f91515a201d
97d26d91-c562-5f27-9ebd-285e89c8f4bf,8ecedccf-c230-516b-bbc2-108f7a6fbe63,2026-07-27,2026-08-02,77.24,41.18,113.29,v1.0.0,2026-06-24T16:42:17.588802+00:00,74bff84c-0733-446b-a298-2f91515a201d
97d26d91-c562-5f27-9ebd-285e89c8f4bf,d6f21f11-7533-52dd-a4dc-2fb8e260c02c,2026-05-11,2026-05-17,74.47,38.42,110.53,v1.0.0,2026-06-24T16:42:17.588802+00:00,74bff84c-0733-446b-a298-2f91515a201d
97d26d91-c562-5f27-9ebd-285e89c8f4bf,d6f21f11-7533-52dd-a4dc-2fb8e260c02c,2026-05-18,2026-05-24,74.1,38.04,110.16,v1.0.0,2026-06-24T16:42:17.588802+00:00,74bff84c-0733-446b-a298-2f91515a201d
97d26d91-c562-5f27-9ebd-285e89c8f4bf,d6f21f11-7533-52dd-a4dc-2fb8e260c02c,2026-05-25,2026-05-31,72.18,36.12,108.24,v1.0.0,2026-06-24T16:42:17.588802+00:00,74bff84c-0733-446b-a298-2f91515a201d
97d26d91-c562-5f27-9ebd-285e89c8f4bf,d6f21f11-7533-52dd-a4dc-2fb8e260c02c,2026-06-01,2026-06-07,71.56,35.5,107.62,v1.0.0,2026-06-24T16:42:17.588802+00:00,74bff84c-0733-446b-a298-2f91515a201d
97d26d91-c562-5f27-9ebd-285e89c8f4bf,d6f21f11-7533-52dd-a4dc-2fb8e260c02c,2026-06-08,2026-06-14,67.73,31.67,103.79,v1.0.0,2026-06-24T16:42:17.588802+00:00,74bff84c-0733-446b-a298-2f91515a201d
97d26d91-c562-5f27-9ebd-285e89c8f4bf,d6f21f11-7533-52dd-a4dc-2fb8e260c02c,2026-06-15,2026-06-21,67.94,31.88,104.0,v1.0.0,2026-06-24T16:42:17.588802+00:00,74bff84c-0733-446b-a298-2f91515a201d
97d26d91-c562-5f27-9ebd-285e89c8f4bf,d6f21f11-7533-52dd-a4dc-2fb8e260c02c,2026-06-22,2026-06-28,72.16,36.1,108.22,v1.0.0,2026-06-24T16:42:17.588802+00:00,74bff84c-0733-446b-a298-2f91515a201d
97d26d91-c562-5f27-9ebd-285e89c8f4bf,d6f21f11-7533-52dd-a4dc-2fb8e260c02c,2026-06-29,2026-07-05,71.04,34.98,107.1,v1.0.0,2026-06-24T16:42:17.588802+00:00,74bff84c-0733-446b-a298-2f91515a201d
97d26d91-c562-5f27-9ebd-285e89c8f4bf,d6f21f11-7533-52dd-a4dc-2fb8e260c02c,2026-07-06,2026-07-12,68.1,32.05,104.16,v1.0.0,2026-06-24T16:42:17.588802+00:00,74bff84c-0733-446b-a298-2f91515a201d
97d26d91-c562-5f27-9ebd-285e89c8f4bf,d6f21f11-7533-52dd-a4dc-2fb8e260c02c,2026-07-13,2026-07-19,67.69,31.63,103.75,v1.0.0,2026-06-24T16:42:17.588802+00:00,74bff84c-0733-446b-a298-2f91515a201d
97d26d91-c562-5f27-9ebd-285e89c8f4bf,d6f21f11-7533-52dd-a4dc-2fb8e260c02c,2026-07-20,2026-07-26,63.92,27.86,99.97,v1.0.0,2026-06-24T16:42:17.588802+00:00,74bff84c-0733-446b-a298-2f91515a201d
97d26d91-c562-5f27-9ebd-285e89c8f4bf,d6f21f11-7533-52dd-a4dc-2fb8e260c02c,2026-07-27,2026-08-02,68.46,32.4,104.52,v1.0.0,2026-06-24T16:42:17.588802+00:00,74bff84c-0733-446b-a298-2f91515a201d
983871db-adfb-543e-b438-6b00044ffb64,26f7241d-a84e-5e4a-a43d-33eea1e54eea,2026-05-11,2026-05-17,60.25,24.19,96.31,v1.0.0,2026-06-24T16:42:17.588802+00:00,74bff84c-0733-446b-a298-2f91515a201d
983871db-adfb-543e-b438-6b00044ffb64,26f7241d-a84e-5e4a-a43d-33eea1e54eea,2026-05-18,2026-05-24,41.13,5.07,77.19,v1.0.0,2026-06-24T16:42:17.588802+00:00,74bff84c-0733-446b-a298-2f91515a201d
983871db-adfb-543e-b438-6b00044ffb64,26f7241d-a84e-5e4a-a43d-33eea1e54eea,2026-05-25,2026-05-31,60.84,24.78,96.9,v1.0.0,2026-06-24T16:42:17.588802+00:00,74bff84c-0733-446b-a298-2f91515a201d
983871db-adfb-543e-b438-6b00044ffb64,26f7241d-a84e-5e4a-a43d-33eea1e54eea,2026-06-01,2026-06-07,41.02,4.96,77.08,v1.0.0,2026-06-24T16:42:17.588802+00:00,74bff84c-0733-446b-a298-2f91515a201d
983871db-adfb-543e-b438-6b00044ffb64,26f7241d-a84e-5e4a-a43d-33eea1e54eea,2026-06-08,2026-06-14,43.55,7.49,79.61,v1.0.0,2026-06-24T16:42:17.588802+00:00,74bff84c-0733-446b-a298-2f91515a201d
983871db-adfb-543e-b438-6b00044ffb64,26f7241d-a84e-5e4a-a43d-33eea1e54eea,2026-06-15,2026-06-21,49.62,13.57,85.68,v1.0.0,2026-06-24T16:42:17.588802+00:00,74bff84c-0733-446b-a298-2f91515a201d
983871db-adfb-543e-b438-6b00044ffb64,26f7241d-a84e-5e4a-a43d-33eea1e54eea,2026-06-22,2026-06-28,47.76,11.71,83.82,v1.0.0,2026-06-24T16:42:17.588802+00:00,74bff84c-0733-446b-a298-2f91515a201d
983871db-adfb-543e-b438-6b00044ffb64,26f7241d-a84e-5e4a-a43d-33eea1e54eea,2026-06-29,2026-07-05,54.54,18.49,90.6,v1.0.0,2026-06-24T16:42:17.588802+00:00,74bff84c-0733-446b-a298-2f91515a201d
983871db-adfb-543e-b438-6b00044ffb64,26f7241d-a84e-5e4a-a43d-33eea1e54eea,2026-07-06,2026-07-12,41.35,5.29,77.41,v1.0.0,2026-06-24T16:42:17.588802+00:00,74bff84c-0733-446b-a298-2f91515a201d
983871db-adfb-543e-b438-6b00044ffb64,26f7241d-a84e-5e4a-a43d-33eea1e54eea,2026-07-13,2026-07-19,57.65,21.6,93.71,v1.0.0,2026-06-24T16:42:17.588802+00:00,74bff84c-0733-446b-a298-2f91515a201d
983871db-adfb-543e-b438-6b00044ffb64,26f7241d-a84e-5e4a-a43d-33eea1e54eea,2026-07-20,2026-07-26,31.97,0.0,68.03,v1.0.0,2026-06-24T16:42:17.588802+00:00,74bff84c-0733-446b-a298-2f91515a201d
983871db-adfb-543e-b438-6b00044ffb64,26f7241d-a84e-5e4a-a43d-33eea1e54eea,2026-07-27,2026-08-02,57.27,21.21,93.33,v1.0.0,2026-06-24T16:42:17.588802+00:00,74bff84c-0733-446b-a298-2f91515a201d
983871db-adfb-543e-b438-6b00044ffb64,43616d97-2221-569d-82eb-bcc14bcd6344,2026-05-11,2026-05-17,72.55,36.49,108.61,v1.0.0,2026-06-24T16:42:17.588802+00:00,74bff84c-0733-446b-a298-2f91515a201d
983871db-adfb-543e-b438-6b00044ffb64,43616d97-2221-569d-82eb-bcc14bcd6344,2026-05-18,2026-05-24,38.59,2.53,74.65,v1.0.0,2026-06-24T16:42:17.588802+00:00,74bff84c-0733-446b-a298-2f91515a201d
983871db-adfb-543e-b438-6b00044ffb64,43616d97-2221-569d-82eb-bcc14bcd6344,2026-05-25,2026-05-31,43.75,7.69,79.81,v1.0.0,2026-06-24T16:42:17.588802+00:00,74bff84c-0733-446b-a298-2f91515a201d
983871db-adfb-543e-b438-6b00044ffb64,43616d97-2221-569d-82eb-bcc14bcd6344,2026-06-01,2026-06-07,43.96,7.9,80.01,v1.0.0,2026-06-24T16:42:17.588802+00:00,74bff84c-0733-446b-a298-2f91515a201d
983871db-adfb-543e-b438-6b00044ffb64,43616d97-2221-569d-82eb-bcc14bcd6344,2026-06-08,2026-06-14,59.32,23.26,95.38,v1.0.0,2026-06-24T16:42:17.588802+00:00,74bff84c-0733-446b-a298-2f91515a201d
983871db-adfb-543e-b438-6b00044ffb64,43616d97-2221-569d-82eb-bcc14bcd6344,2026-06-15,2026-06-21,39.87,3.82,75.93,v1.0.0,2026-06-24T16:42:17.588802+00:00,74bff84c-0733-446b-a298-2f91515a201d
983871db-adfb-543e-b438-6b00044ffb64,43616d97-2221-569d-82eb-bcc14bcd6344,2026-06-22,2026-06-28,51.02,14.96,87.08,v1.0.0,2026-06-24T16:42:17.588802+00:00,74bff84c-0733-446b-a298-2f91515a201d
983871db-adfb-543e-b438-6b00044ffb64,43616d97-2221-569d-82eb-bcc14bcd6344,2026-06-29,2026-07-05,38.72,2.66,74.78,v1.0.0,2026-06-24T16:42:17.588802+00:00,74bff84c-0733-446b-a298-2f91515a201d
983871db-adfb-543e-b438-6b00044ffb64,43616d97-2221-569d-82eb-bcc14bcd6344,2026-07-06,2026-07-12,30.96,0.0,67.02,v1.0.0,2026-06-24T16:42:17.588802+00:00,74bff84c-0733-446b-a298-2f91515a201d
983871db-adfb-543e-b438-6b00044ffb64,43616d97-2221-569d-82eb-bcc14bcd6344,2026-07-13,2026-07-19,65.24,29.18,101.29,v1.0.0,2026-06-24T16:42:17.588802+00:00,74bff84c-0733-446b-a298-2f91515a201d
983871db-adfb-543e-b438-6b00044ffb64,43616d97-2221-569d-82eb-bcc14bcd6344,2026-07-20,2026-07-26,30.2,0.0,66.26,v1.0.0,2026-06-24T16:42:17.588802+00:00,74bff84c-0733-446b-a298-2f91515a201d
983871db-adfb-543e-b438-6b00044ffb64,43616d97-2221-569d-82eb-bcc14bcd6344,2026-07-27,2026-08-02,62.1,26.04,98.16,v1.0.0,2026-06-24T16:42:17.588802+00:00,74bff84c-0733-446b-a298-2f91515a201d
983871db-adfb-543e-b438-6b00044ffb64,7fb983e8-6848-5425-97a2-14da72722d0f,2026-05-11,2026-05-17,27.89,0.0,63.95,v1.0.0,2026-06-24T16:42:17.588802+00:00,74bff84c-0733-446b-a298-2f91515a201d
983871db-adfb-543e-b438-6b00044ffb64,7fb983e8-6848-5425-97a2-14da72722d0f,2026-05-18,2026-05-24,51.63,15.57,87.69,v1.0.0,2026-06-24T16:42:17.588802+00:00,74bff84c-0733-446b-a298-2f91515a201d
983871db-adfb-543e-b438-6b00044ffb64,7fb983e8-6848-5425-97a2-14da72722d0f,2026-05-25,2026-05-31,33.44,0.0,69.5,v1.0.0,2026-06-24T16:42:17.588802+00:00,74bff84c-0733-446b-a298-2f91515a201d
983871db-adfb-543e-b438-6b00044ffb64,7fb983e8-6848-5425-97a2-14da72722d0f,2026-06-01,2026-06-07,50.97,14.92,87.03,v1.0.0,2026-06-24T16:42:17.588802+00:00,74bff84c-0733-446b-a298-2f91515a201d
983871db-adfb-543e-b438-6b00044ffb64,7fb983e8-6848-5425-97a2-14da72722d0f,2026-06-08,2026-06-14,35.48,0.0,71.54,v1.0.0,2026-06-24T16:42:17.588802+00:00,74bff84c-0733-446b-a298-2f91515a201d
983871db-adfb-543e-b438-6b00044ffb64,7fb983e8-6848-5425-97a2-14da72722d0f,2026-06-15,2026-06-21,51.39,15.33,87.45,v1.0.0,2026-06-24T16:42:17.588802+00:00,74bff84c-0733-446b-a298-2f91515a201d
983871db-adfb-543e-b438-6b00044ffb64,7fb983e8-6848-5425-97a2-14da72722d0f,2026-06-22,2026-06-28,30.6,0.0,66.66,v1.0.0,2026-06-24T16:42:17.588802+00:00,74bff84c-0733-446b-a298-2f91515a201d
983871db-adfb-543e-b438-6b00044ffb64,7fb983e8-6848-5425-97a2-14da72722d0f,2026-06-29,2026-07-05,52.25,16.19,88.31,v1.0.0,2026-06-24T16:42:17.588802+00:00,74bff84c-0733-446b-a298-2f91515a201d
983871db-adfb-543e-b438-6b00044ffb64,7fb983e8-6848-5425-97a2-14da72722d0f,2026-07-06,2026-07-12,30.21,0.0,66.27,v1.0.0,2026-06-24T16:42:17.588802+00:00,74bff84c-0733-446b-a298-2f91515a201d
983871db-adfb-543e-b438-6b00044ffb64,7fb983e8-6848-5425-97a2-14da72722d0f,2026-07-13,2026-07-19,50.44,14.38,86.5,v1.0.0,2026-06-24T16:42:17.588802+00:00,74bff84c-0733-446b-a298-2f91515a201d
983871db-adfb-543e-b438-6b00044ffb64,7fb983e8-6848-5425-97a2-14da72722d0f,2026-07-20,2026-07-26,38.11,2.05,74.16,v1.0.0,2026-06-24T16:42:17.588802+00:00,74bff84c-0733-446b-a298-2f91515a201d
983871db-adfb-543e-b438-6b00044ffb64,7fb983e8-6848-5425-97a2-14da72722d0f,2026-07-27,2026-08-02,45.19,9.13,81.25,v1.0.0,2026-06-24T16:42:17.588802+00:00,74bff84c-0733-446b-a298-2f91515a201d
983871db-adfb-543e-b438-6b00044ffb64,8ecedccf-c230-516b-bbc2-108f7a6fbe63,2026-05-11,2026-05-17,34.84,0.0,70.9,v1.0.0,2026-06-24T16:42:17.588802+00:00,74bff84c-0733-446b-a298-2f91515a201d
983871db-adfb-543e-b438-6b00044ffb64,8ecedccf-c230-516b-bbc2-108f7a6fbe63,2026-05-18,2026-05-24,64.41,28.36,100.47,v1.0.0,2026-06-24T16:42:17.588802+00:00,74bff84c-0733-446b-a298-2f91515a201d
983871db-adfb-543e-b438-6b00044ffb64,8ecedccf-c230-516b-bbc2-108f7a6fbe63,2026-05-25,2026-05-31,34.93,0.0,70.99,v1.0.0,2026-06-24T16:42:17.588802+00:00,74bff84c-0733-446b-a298-2f91515a201d
983871db-adfb-543e-b438-6b00044ffb64,8ecedccf-c230-516b-bbc2-108f7a6fbe63,2026-06-01,2026-06-07,40.11,4.05,76.16,v1.0.0,2026-06-24T16:42:17.588802+00:00,74bff84c-0733-446b-a298-2f91515a201d
983871db-adfb-543e-b438-6b00044ffb64,8ecedccf-c230-516b-bbc2-108f7a6fbe63,2026-06-08,2026-06-14,37.43,1.37,73.49,v1.0.0,2026-06-24T16:42:17.588802+00:00,74bff84c-0733-446b-a298-2f91515a201d
983871db-adfb-543e-b438-6b00044ffb64,8ecedccf-c230-516b-bbc2-108f7a6fbe63,2026-06-15,2026-06-21,58.76,22.7,94.82,v1.0.0,2026-06-24T16:42:17.588802+00:00,74bff84c-0733-446b-a298-2f91515a201d
983871db-adfb-543e-b438-6b00044ffb64,8ecedccf-c230-516b-bbc2-108f7a6fbe63,2026-06-22,2026-06-28,25.88,0.0,61.94,v1.0.0,2026-06-24T16:42:17.588802+00:00,74bff84c-0733-446b-a298-2f91515a201d
983871db-adfb-543e-b438-6b00044ffb64,8ecedccf-c230-516b-bbc2-108f7a6fbe63,2026-06-29,2026-07-05,62.77,26.72,98.83,v1.0.0,2026-06-24T16:42:17.588802+00:00,74bff84c-0733-446b-a298-2f91515a201d
983871db-adfb-543e-b438-6b00044ffb64,8ecedccf-c230-516b-bbc2-108f7a6fbe63,2026-07-06,2026-07-12,28.37,0.0,64.43,v1.0.0,2026-06-24T16:42:17.588802+00:00,74bff84c-0733-446b-a298-2f91515a201d
983871db-adfb-543e-b438-6b00044ffb64,8ecedccf-c230-516b-bbc2-108f7a6fbe63,2026-07-13,2026-07-19,53.68,17.62,89.73,v1.0.0,2026-06-24T16:42:17.588802+00:00,74bff84c-0733-446b-a298-2f91515a201d
983871db-adfb-543e-b438-6b00044ffb64,8ecedccf-c230-516b-bbc2-108f7a6fbe63,2026-07-20,2026-07-26,17.94,0.0,54.0,v1.0.0,2026-06-24T16:42:17.588802+00:00,74bff84c-0733-446b-a298-2f91515a201d
983871db-adfb-543e-b438-6b00044ffb64,8ecedccf-c230-516b-bbc2-108f7a6fbe63,2026-07-27,2026-08-02,56.68,20.62,92.74,v1.0.0,2026-06-24T16:42:17.588802+00:00,74bff84c-0733-446b-a298-2f91515a201d
983871db-adfb-543e-b438-6b00044ffb64,d6f21f11-7533-52dd-a4dc-2fb8e260c02c,2026-05-11,2026-05-17,74.67,38.61,110.73,v1.0.0,2026-06-24T16:42:17.588802+00:00,74bff84c-0733-446b-a298-2f91515a201d
983871db-adfb-543e-b438-6b00044ffb64,d6f21f11-7533-52dd-a4dc-2fb8e260c02c,2026-05-18,2026-05-24,73.86,37.8,109.92,v1.0.0,2026-06-24T16:42:17.588802+00:00,74bff84c-0733-446b-a298-2f91515a201d
983871db-adfb-543e-b438-6b00044ffb64,d6f21f11-7533-52dd-a4dc-2fb8e260c02c,2026-05-25,2026-05-31,78.62,42.57,114.68,v1.0.0,2026-06-24T16:42:17.588802+00:00,74bff84c-0733-446b-a298-2f91515a201d
983871db-adfb-543e-b438-6b00044ffb64,d6f21f11-7533-52dd-a4dc-2fb8e260c02c,2026-06-01,2026-06-07,80.17,44.12,116.23,v1.0.0,2026-06-24T16:42:17.588802+00:00,74bff84c-0733-446b-a298-2f91515a201d
983871db-adfb-543e-b438-6b00044ffb64,d6f21f11-7533-52dd-a4dc-2fb8e260c02c,2026-06-08,2026-06-14,74.09,38.04,110.15,v1.0.0,2026-06-24T16:42:17.588802+00:00,74bff84c-0733-446b-a298-2f91515a201d
983871db-adfb-543e-b438-6b00044ffb64,d6f21f11-7533-52dd-a4dc-2fb8e260c02c,2026-06-15,2026-06-21,75.34,39.28,111.39,v1.0.0,2026-06-24T16:42:17.588802+00:00,74bff84c-0733-446b-a298-2f91515a201d
983871db-adfb-543e-b438-6b00044ffb64,d6f21f11-7533-52dd-a4dc-2fb8e260c02c,2026-06-22,2026-06-28,73.66,37.6,109.72,v1.0.0,2026-06-24T16:42:17.588802+00:00,74bff84c-0733-446b-a298-2f91515a201d
983871db-adfb-543e-b438-6b00044ffb64,d6f21f11-7533-52dd-a4dc-2fb8e260c02c,2026-06-29,2026-07-05,76.17,40.11,112.23,v1.0.0,2026-06-24T16:42:17.588802+00:00,74bff84c-0733-446b-a298-2f91515a201d
983871db-adfb-543e-b438-6b00044ffb64,d6f21f11-7533-52dd-a4dc-2fb8e260c02c,2026-07-06,2026-07-12,78.64,42.59,114.7,v1.0.0,2026-06-24T16:42:17.588802+00:00,74bff84c-0733-446b-a298-2f91515a201d
983871db-adfb-543e-b438-6b00044ffb64,d6f21f11-7533-52dd-a4dc-2fb8e260c02c,2026-07-13,2026-07-19,73.09,37.03,109.15,v1.0.0,2026-06-24T16:42:17.588802+00:00,74bff84c-0733-446b-a298-2f91515a201d
983871db-adfb-543e-b438-6b00044ffb64,d6f21f11-7533-52dd-a4dc-2fb8e260c02c,2026-07-20,2026-07-26,84.85,48.79,120.91,v1.0.0,2026-06-24T16:42:17.588802+00:00,74bff84c-0733-446b-a298-2f91515a201d
983871db-adfb-543e-b438-6b00044ffb64,d6f21f11-7533-52dd-a4dc-2fb8e260c02c,2026-07-27,2026-08-02,81.32,45.27,117.38,v1.0.0,2026-06-24T16:42:17.588802+00:00,74bff84c-0733-446b-a298-2f91515a201d
9928e9a1-d9fc-5fdd-86c2-8909352fd7fe,26f7241d-a84e-5e4a-a43d-33eea1e54eea,2026-05-11,2026-05-17,36.09,0.03,72.15,v1.0.0,2026-06-24T16:42:17.588802+00:00,74bff84c-0733-446b-a298-2f91515a201d
9928e9a1-d9fc-5fdd-86c2-8909352fd7fe,26f7241d-a84e-5e4a-a43d-33eea1e54eea,2026-05-18,2026-05-24,25.38,0.0,61.44,v1.0.0,2026-06-24T16:42:17.588802+00:00,74bff84c-0733-446b-a298-2f91515a201d
9928e9a1-d9fc-5fdd-86c2-8909352fd7fe,26f7241d-a84e-5e4a-a43d-33eea1e54eea,2026-05-25,2026-05-31,27.68,0.0,63.74,v1.0.0,2026-06-24T16:42:17.588802+00:00,74bff84c-0733-446b-a298-2f91515a201d
9928e9a1-d9fc-5fdd-86c2-8909352fd7fe,26f7241d-a84e-5e4a-a43d-33eea1e54eea,2026-06-01,2026-06-07,31.62,0.0,67.67,v1.0.0,2026-06-24T16:42:17.588802+00:00,74bff84c-0733-446b-a298-2f91515a201d
9928e9a1-d9fc-5fdd-86c2-8909352fd7fe,26f7241d-a84e-5e4a-a43d-33eea1e54eea,2026-06-08,2026-06-14,39.85,3.8,75.91,v1.0.0,2026-06-24T16:42:17.588802+00:00,74bff84c-0733-446b-a298-2f91515a201d
9928e9a1-d9fc-5fdd-86c2-8909352fd7fe,26f7241d-a84e-5e4a-a43d-33eea1e54eea,2026-06-15,2026-06-21,32.26,0.0,68.32,v1.0.0,2026-06-24T16:42:17.588802+00:00,74bff84c-0733-446b-a298-2f91515a201d
9928e9a1-d9fc-5fdd-86c2-8909352fd7fe,26f7241d-a84e-5e4a-a43d-33eea1e54eea,2026-06-22,2026-06-28,26.1,0.0,62.16,v1.0.0,2026-06-24T16:42:17.588802+00:00,74bff84c-0733-446b-a298-2f91515a201d
9928e9a1-d9fc-5fdd-86c2-8909352fd7fe,26f7241d-a84e-5e4a-a43d-33eea1e54eea,2026-06-29,2026-07-05,27.63,0.0,63.69,v1.0.0,2026-06-24T16:42:17.588802+00:00,74bff84c-0733-446b-a298-2f91515a201d
9928e9a1-d9fc-5fdd-86c2-8909352fd7fe,26f7241d-a84e-5e4a-a43d-33eea1e54eea,2026-07-06,2026-07-12,35.37,0.0,71.42,v1.0.0,2026-06-24T16:42:17.588802+00:00,74bff84c-0733-446b-a298-2f91515a201d
9928e9a1-d9fc-5fdd-86c2-8909352fd7fe,26f7241d-a84e-5e4a-a43d-33eea1e54eea,2026-07-13,2026-07-19,40.63,4.57,76.69,v1.0.0,2026-06-24T16:42:17.588802+00:00,74bff84c-0733-446b-a298-2f91515a201d
9928e9a1-d9fc-5fdd-86c2-8909352fd7fe,26f7241d-a84e-5e4a-a43d-33eea1e54eea,2026-07-20,2026-07-26,17.48,0.0,53.54,v1.0.0,2026-06-24T16:42:17.588802+00:00,74bff84c-0733-446b-a298-2f91515a201d
9928e9a1-d9fc-5fdd-86c2-8909352fd7fe,26f7241d-a84e-5e4a-a43d-33eea1e54eea,2026-07-27,2026-08-02,30.57,0.0,66.63,v1.0.0,2026-06-24T16:42:17.588802+00:00,74bff84c-0733-446b-a298-2f91515a201d
9928e9a1-d9fc-5fdd-86c2-8909352fd7fe,43616d97-2221-569d-82eb-bcc14bcd6344,2026-05-11,2026-05-17,44.67,8.61,80.72,v1.0.0,2026-06-24T16:42:17.588802+00:00,74bff84c-0733-446b-a298-2f91515a201d
9928e9a1-d9fc-5fdd-86c2-8909352fd7fe,43616d97-2221-569d-82eb-bcc14bcd6344,2026-05-18,2026-05-24,41.57,5.51,77.63,v1.0.0,2026-06-24T16:42:17.588802+00:00,74bff84c-0733-446b-a298-2f91515a201d
9928e9a1-d9fc-5fdd-86c2-8909352fd7fe,43616d97-2221-569d-82eb-bcc14bcd6344,2026-05-25,2026-05-31,41.42,5.36,77.48,v1.0.0,2026-06-24T16:42:17.588802+00:00,74bff84c-0733-446b-a298-2f91515a201d
9928e9a1-d9fc-5fdd-86c2-8909352fd7fe,43616d97-2221-569d-82eb-bcc14bcd6344,2026-06-01,2026-06-07,23.53,0.0,59.59,v1.0.0,2026-06-24T16:42:17.588802+00:00,74bff84c-0733-446b-a298-2f91515a201d
9928e9a1-d9fc-5fdd-86c2-8909352fd7fe,43616d97-2221-569d-82eb-bcc14bcd6344,2026-06-08,2026-06-14,44.53,8.47,80.59,v1.0.0,2026-06-24T16:42:17.588802+00:00,74bff84c-0733-446b-a298-2f91515a201d
9928e9a1-d9fc-5fdd-86c2-8909352fd7fe,43616d97-2221-569d-82eb-bcc14bcd6344,2026-06-15,2026-06-21,37.09,1.03,73.15,v1.0.0,2026-06-24T16:42:17.588802+00:00,74bff84c-0733-446b-a298-2f91515a201d
9928e9a1-d9fc-5fdd-86c2-8909352fd7fe,43616d97-2221-569d-82eb-bcc14bcd6344,2026-06-22,2026-06-28,30.89,0.0,66.95,v1.0.0,2026-06-24T16:42:17.588802+00:00,74bff84c-0733-446b-a298-2f91515a201d
9928e9a1-d9fc-5fdd-86c2-8909352fd7fe,43616d97-2221-569d-82eb-bcc14bcd6344,2026-06-29,2026-07-05,46.86,10.8,82.92,v1.0.0,2026-06-24T16:42:17.588802+00:00,74bff84c-0733-446b-a298-2f91515a201d
9928e9a1-d9fc-5fdd-86c2-8909352fd7fe,43616d97-2221-569d-82eb-bcc14bcd6344,2026-07-06,2026-07-12,20.27,0.0,56.33,v1.0.0,2026-06-24T16:42:17.588802+00:00,74bff84c-0733-446b-a298-2f91515a201d
9928e9a1-d9fc-5fdd-86c2-8909352fd7fe,43616d97-2221-569d-82eb-bcc14bcd6344,2026-07-13,2026-07-19,32.07,0.0,68.13,v1.0.0,2026-06-24T16:42:17.588802+00:00,74bff84c-0733-446b-a298-2f91515a201d
9928e9a1-d9fc-5fdd-86c2-8909352fd7fe,43616d97-2221-569d-82eb-bcc14bcd6344,2026-07-20,2026-07-26,42.91,6.85,78.97,v1.0.0,2026-06-24T16:42:17.588802+00:00,74bff84c-0733-446b-a298-2f91515a201d
9928e9a1-d9fc-5fdd-86c2-8909352fd7fe,43616d97-2221-569d-82eb-bcc14bcd6344,2026-07-27,2026-08-02,44.05,7.99,80.11,v1.0.0,2026-06-24T16:42:17.588802+00:00,74bff84c-0733-446b-a298-2f91515a201d
9928e9a1-d9fc-5fdd-86c2-8909352fd7fe,7fb983e8-6848-5425-97a2-14da72722d0f,2026-05-11,2026-05-17,47.17,11.11,83.23,v1.0.0,2026-06-24T16:42:17.588802+00:00,74bff84c-0733-446b-a298-2f91515a201d
9928e9a1-d9fc-5fdd-86c2-8909352fd7fe,7fb983e8-6848-5425-97a2-14da72722d0f,2026-05-18,2026-05-24,54.33,18.27,90.39,v1.0.0,2026-06-24T16:42:17.588802+00:00,74bff84c-0733-446b-a298-2f91515a201d
9928e9a1-d9fc-5fdd-86c2-8909352fd7fe,7fb983e8-6848-5425-97a2-14da72722d0f,2026-05-25,2026-05-31,58.33,22.27,94.39,v1.0.0,2026-06-24T16:42:17.588802+00:00,74bff84c-0733-446b-a298-2f91515a201d
9928e9a1-d9fc-5fdd-86c2-8909352fd7fe,7fb983e8-6848-5425-97a2-14da72722d0f,2026-06-01,2026-06-07,49.48,13.42,85.54,v1.0.0,2026-06-24T16:42:17.588802+00:00,74bff84c-0733-446b-a298-2f91515a201d
9928e9a1-d9fc-5fdd-86c2-8909352fd7fe,7fb983e8-6848-5425-97a2-14da72722d0f,2026-06-08,2026-06-14,51.68,15.62,87.74,v1.0.0,2026-06-24T16:42:17.588802+00:00,74bff84c-0733-446b-a298-2f91515a201d
9928e9a1-d9fc-5fdd-86c2-8909352fd7fe,7fb983e8-6848-5425-97a2-14da72722d0f,2026-06-15,2026-06-21,49.3,13.24,85.36,v1.0.0,2026-06-24T16:42:17.588802+00:00,74bff84c-0733-446b-a298-2f91515a201d
9928e9a1-d9fc-5fdd-86c2-8909352fd7fe,7fb983e8-6848-5425-97a2-14da72722d0f,2026-06-22,2026-06-28,50.67,14.61,86.73,v1.0.0,2026-06-24T16:42:17.588802+00:00,74bff84c-0733-446b-a298-2f91515a201d
9928e9a1-d9fc-5fdd-86c2-8909352fd7fe,7fb983e8-6848-5425-97a2-14da72722d0f,2026-06-29,2026-07-05,50.46,14.41,86.52,v1.0.0,2026-06-24T16:42:17.588802+00:00,74bff84c-0733-446b-a298-2f91515a201d
9928e9a1-d9fc-5fdd-86c2-8909352fd7fe,7fb983e8-6848-5425-97a2-14da72722d0f,2026-07-06,2026-07-12,55.19,19.13,91.25,v1.0.0,2026-06-24T16:42:17.588802+00:00,74bff84c-0733-446b-a298-2f91515a201d
9928e9a1-d9fc-5fdd-86c2-8909352fd7fe,7fb983e8-6848-5425-97a2-14da72722d0f,2026-07-13,2026-07-19,54.09,18.03,90.15,v1.0.0,2026-06-24T16:42:17.588802+00:00,74bff84c-0733-446b-a298-2f91515a201d
9928e9a1-d9fc-5fdd-86c2-8909352fd7fe,7fb983e8-6848-5425-97a2-14da72722d0f,2026-07-20,2026-07-26,50.97,14.92,87.03,v1.0.0,2026-06-24T16:42:17.588802+00:00,74bff84c-0733-446b-a298-2f91515a201d
9928e9a1-d9fc-5fdd-86c2-8909352fd7fe,7fb983e8-6848-5425-97a2-14da72722d0f,2026-07-27,2026-08-02,48.47,12.41,84.53,v1.0.0,2026-06-24T16:42:17.588802+00:00,74bff84c-0733-446b-a298-2f91515a201d
9928e9a1-d9fc-5fdd-86c2-8909352fd7fe,8ecedccf-c230-516b-bbc2-108f7a6fbe63,2026-05-11,2026-05-17,23.28,0.0,59.34,v1.0.0,2026-06-24T16:42:17.588802+00:00,74bff84c-0733-446b-a298-2f91515a201d
9928e9a1-d9fc-5fdd-86c2-8909352fd7fe,8ecedccf-c230-516b-bbc2-108f7a6fbe63,2026-05-18,2026-05-24,32.28,0.0,68.34,v1.0.0,2026-06-24T16:42:17.588802+00:00,74bff84c-0733-446b-a298-2f91515a201d
9928e9a1-d9fc-5fdd-86c2-8909352fd7fe,8ecedccf-c230-516b-bbc2-108f7a6fbe63,2026-05-25,2026-05-31,21.22,0.0,57.28,v1.0.0,2026-06-24T16:42:17.588802+00:00,74bff84c-0733-446b-a298-2f91515a201d
9928e9a1-d9fc-5fdd-86c2-8909352fd7fe,8ecedccf-c230-516b-bbc2-108f7a6fbe63,2026-06-01,2026-06-07,33.03,0.0,69.09,v1.0.0,2026-06-24T16:42:17.588802+00:00,74bff84c-0733-446b-a298-2f91515a201d
9928e9a1-d9fc-5fdd-86c2-8909352fd7fe,8ecedccf-c230-516b-bbc2-108f7a6fbe63,2026-06-08,2026-06-14,28.49,0.0,64.55,v1.0.0,2026-06-24T16:42:17.588802+00:00,74bff84c-0733-446b-a298-2f91515a201d
9928e9a1-d9fc-5fdd-86c2-8909352fd7fe,8ecedccf-c230-516b-bbc2-108f7a6fbe63,2026-06-15,2026-06-21,30.88,0.0,66.94,v1.0.0,2026-06-24T16:42:17.588802+00:00,74bff84c-0733-446b-a298-2f91515a201d
9928e9a1-d9fc-5fdd-86c2-8909352fd7fe,8ecedccf-c230-516b-bbc2-108f7a6fbe63,2026-06-22,2026-06-28,34.66,0.0,70.72,v1.0.0,2026-06-24T16:42:17.588802+00:00,74bff84c-0733-446b-a298-2f91515a201d
9928e9a1-d9fc-5fdd-86c2-8909352fd7fe,8ecedccf-c230-516b-bbc2-108f7a6fbe63,2026-06-29,2026-07-05,25.25,0.0,61.3,v1.0.0,2026-06-24T16:42:17.588802+00:00,74bff84c-0733-446b-a298-2f91515a201d
9928e9a1-d9fc-5fdd-86c2-8909352fd7fe,8ecedccf-c230-516b-bbc2-108f7a6fbe63,2026-07-06,2026-07-12,25.2,0.0,61.26,v1.0.0,2026-06-24T16:42:17.588802+00:00,74bff84c-0733-446b-a298-2f91515a201d
9928e9a1-d9fc-5fdd-86c2-8909352fd7fe,8ecedccf-c230-516b-bbc2-108f7a6fbe63,2026-07-13,2026-07-19,33.82,0.0,69.88,v1.0.0,2026-06-24T16:42:17.588802+00:00,74bff84c-0733-446b-a298-2f91515a201d
9928e9a1-d9fc-5fdd-86c2-8909352fd7fe,8ecedccf-c230-516b-bbc2-108f7a6fbe63,2026-07-20,2026-07-26,30.94,0.0,67.0,v1.0.0,2026-06-24T16:42:17.588802+00:00,74bff84c-0733-446b-a298-2f91515a201d
9928e9a1-d9fc-5fdd-86c2-8909352fd7fe,8ecedccf-c230-516b-bbc2-108f7a6fbe63,2026-07-27,2026-08-02,36.98,0.92,73.04,v1.0.0,2026-06-24T16:42:17.588802+00:00,74bff84c-0733-446b-a298-2f91515a201d
9928e9a1-d9fc-5fdd-86c2-8909352fd7fe,d6f21f11-7533-52dd-a4dc-2fb8e260c02c,2026-05-11,2026-05-17,25.79,0.0,61.84,v1.0.0,2026-06-24T16:42:17.588802+00:00,74bff84c-0733-446b-a298-2f91515a201d
9928e9a1-d9fc-5fdd-86c2-8909352fd7fe,d6f21f11-7533-52dd-a4dc-2fb8e260c02c,2026-05-18,2026-05-24,25.45,0.0,61.51,v1.0.0,2026-06-24T16:42:17.588802+00:00,74bff84c-0733-446b-a298-2f91515a201d
9928e9a1-d9fc-5fdd-86c2-8909352fd7fe,d6f21f11-7533-52dd-a4dc-2fb8e260c02c,2026-05-25,2026-05-31,25.48,0.0,61.54,v1.0.0,2026-06-24T16:42:17.588802+00:00,74bff84c-0733-446b-a298-2f91515a201d
9928e9a1-d9fc-5fdd-86c2-8909352fd7fe,d6f21f11-7533-52dd-a4dc-2fb8e260c02c,2026-06-01,2026-06-07,25.39,0.0,61.45,v1.0.0,2026-06-24T16:42:17.588802+00:00,74bff84c-0733-446b-a298-2f91515a201d
9928e9a1-d9fc-5fdd-86c2-8909352fd7fe,d6f21f11-7533-52dd-a4dc-2fb8e260c02c,2026-06-08,2026-06-14,26.25,0.0,62.3,v1.0.0,2026-06-24T16:42:17.588802+00:00,74bff84c-0733-446b-a298-2f91515a201d
9928e9a1-d9fc-5fdd-86c2-8909352fd7fe,d6f21f11-7533-52dd-a4dc-2fb8e260c02c,2026-06-15,2026-06-21,26.25,0.0,62.3,v1.0.0,2026-06-24T16:42:17.588802+00:00,74bff84c-0733-446b-a298-2f91515a201d
9928e9a1-d9fc-5fdd-86c2-8909352fd7fe,d6f21f11-7533-52dd-a4dc-2fb8e260c02c,2026-06-22,2026-06-28,26.52,0.0,62.58,v1.0.0,2026-06-24T16:42:17.588802+00:00,74bff84c-0733-446b-a298-2f91515a201d
9928e9a1-d9fc-5fdd-86c2-8909352fd7fe,d6f21f11-7533-52dd-a4dc-2fb8e260c02c,2026-06-29,2026-07-05,26.03,0.0,62.09,v1.0.0,2026-06-24T16:42:17.588802+00:00,74bff84c-0733-446b-a298-2f91515a201d
9928e9a1-d9fc-5fdd-86c2-8909352fd7fe,d6f21f11-7533-52dd-a4dc-2fb8e260c02c,2026-07-06,2026-07-12,24.58,0.0,60.64,v1.0.0,2026-06-24T16:42:17.588802+00:00,74bff84c-0733-446b-a298-2f91515a201d
9928e9a1-d9fc-5fdd-86c2-8909352fd7fe,d6f21f11-7533-52dd-a4dc-2fb8e260c02c,2026-07-13,2026-07-19,25.96,0.0,62.02,v1.0.0,2026-06-24T16:42:17.588802+00:00,74bff84c-0733-446b-a298-2f91515a201d
9928e9a1-d9fc-5fdd-86c2-8909352fd7fe,d6f21f11-7533-52dd-a4dc-2fb8e260c02c,2026-07-20,2026-07-26,26.02,0.0,62.08,v1.0.0,2026-06-24T16:42:17.588802+00:00,74bff84c-0733-446b-a298-2f91515a201d
9928e9a1-d9fc-5fdd-86c2-8909352fd7fe,d6f21f11-7533-52dd-a4dc-2fb8e260c02c,2026-07-27,2026-08-02,25.62,0.0,61.68,v1.0.0,2026-06-24T16:42:17.588802+00:00,74bff84c-0733-446b-a298-2f91515a201d
afe9d181-1c64-5cca-b4b7-a9fa24eceeea,26f7241d-a84e-5e4a-a43d-33eea1e54eea,2026-05-11,2026-05-17,66.82,30.77,102.88,v1.0.0,2026-06-24T16:42:17.588802+00:00,74bff84c-0733-446b-a298-2f91515a201d
afe9d181-1c64-5cca-b4b7-a9fa24eceeea,26f7241d-a84e-5e4a-a43d-33eea1e54eea,2026-05-18,2026-05-24,81.11,45.05,117.16,v1.0.0,2026-06-24T16:42:17.588802+00:00,74bff84c-0733-446b-a298-2f91515a201d
afe9d181-1c64-5cca-b4b7-a9fa24eceeea,26f7241d-a84e-5e4a-a43d-33eea1e54eea,2026-05-25,2026-05-31,69.13,33.07,105.19,v1.0.0,2026-06-24T16:42:17.588802+00:00,74bff84c-0733-446b-a298-2f91515a201d
afe9d181-1c64-5cca-b4b7-a9fa24eceeea,26f7241d-a84e-5e4a-a43d-33eea1e54eea,2026-06-01,2026-06-07,46.94,10.88,82.99,v1.0.0,2026-06-24T16:42:17.588802+00:00,74bff84c-0733-446b-a298-2f91515a201d
afe9d181-1c64-5cca-b4b7-a9fa24eceeea,26f7241d-a84e-5e4a-a43d-33eea1e54eea,2026-06-08,2026-06-14,72.07,36.01,108.13,v1.0.0,2026-06-24T16:42:17.588802+00:00,74bff84c-0733-446b-a298-2f91515a201d
afe9d181-1c64-5cca-b4b7-a9fa24eceeea,26f7241d-a84e-5e4a-a43d-33eea1e54eea,2026-06-15,2026-06-21,82.34,46.29,118.4,v1.0.0,2026-06-24T16:42:17.588802+00:00,74bff84c-0733-446b-a298-2f91515a201d
afe9d181-1c64-5cca-b4b7-a9fa24eceeea,26f7241d-a84e-5e4a-a43d-33eea1e54eea,2026-06-22,2026-06-28,68.97,32.91,105.03,v1.0.0,2026-06-24T16:42:17.588802+00:00,74bff84c-0733-446b-a298-2f91515a201d
afe9d181-1c64-5cca-b4b7-a9fa24eceeea,26f7241d-a84e-5e4a-a43d-33eea1e54eea,2026-06-29,2026-07-05,76.14,40.08,112.19,v1.0.0,2026-06-24T16:42:17.588802+00:00,74bff84c-0733-446b-a298-2f91515a201d
afe9d181-1c64-5cca-b4b7-a9fa24eceeea,26f7241d-a84e-5e4a-a43d-33eea1e54eea,2026-07-06,2026-07-12,52.65,16.59,88.71,v1.0.0,2026-06-24T16:42:17.588802+00:00,74bff84c-0733-446b-a298-2f91515a201d
afe9d181-1c64-5cca-b4b7-a9fa24eceeea,26f7241d-a84e-5e4a-a43d-33eea1e54eea,2026-07-13,2026-07-19,60.82,24.76,96.88,v1.0.0,2026-06-24T16:42:17.588802+00:00,74bff84c-0733-446b-a298-2f91515a201d
afe9d181-1c64-5cca-b4b7-a9fa24eceeea,26f7241d-a84e-5e4a-a43d-33eea1e54eea,2026-07-20,2026-07-26,68.71,32.66,104.77,v1.0.0,2026-06-24T16:42:17.588802+00:00,74bff84c-0733-446b-a298-2f91515a201d
afe9d181-1c64-5cca-b4b7-a9fa24eceeea,26f7241d-a84e-5e4a-a43d-33eea1e54eea,2026-07-27,2026-08-02,68.72,32.66,104.78,v1.0.0,2026-06-24T16:42:17.588802+00:00,74bff84c-0733-446b-a298-2f91515a201d
afe9d181-1c64-5cca-b4b7-a9fa24eceeea,43616d97-2221-569d-82eb-bcc14bcd6344,2026-05-11,2026-05-17,58.57,22.52,94.63,v1.0.0,2026-06-24T16:42:17.588802+00:00,74bff84c-0733-446b-a298-2f91515a201d
afe9d181-1c64-5cca-b4b7-a9fa24eceeea,43616d97-2221-569d-82eb-bcc14bcd6344,2026-05-18,2026-05-24,56.98,20.93,93.04,v1.0.0,2026-06-24T16:42:17.588802+00:00,74bff84c-0733-446b-a298-2f91515a201d
afe9d181-1c64-5cca-b4b7-a9fa24eceeea,43616d97-2221-569d-82eb-bcc14bcd6344,2026-05-25,2026-05-31,63.82,27.76,99.88,v1.0.0,2026-06-24T16:42:17.588802+00:00,74bff84c-0733-446b-a298-2f91515a201d
afe9d181-1c64-5cca-b4b7-a9fa24eceeea,43616d97-2221-569d-82eb-bcc14bcd6344,2026-06-01,2026-06-07,63.97,27.92,100.03,v1.0.0,2026-06-24T16:42:17.588802+00:00,74bff84c-0733-446b-a298-2f91515a201d
afe9d181-1c64-5cca-b4b7-a9fa24eceeea,43616d97-2221-569d-82eb-bcc14bcd6344,2026-06-08,2026-06-14,57.74,21.68,93.8,v1.0.0,2026-06-24T16:42:17.588802+00:00,74bff84c-0733-446b-a298-2f91515a201d
afe9d181-1c64-5cca-b4b7-a9fa24eceeea,43616d97-2221-569d-82eb-bcc14bcd6344,2026-06-15,2026-06-21,60.19,24.13,96.25,v1.0.0,2026-06-24T16:42:17.588802+00:00,74bff84c-0733-446b-a298-2f91515a201d
afe9d181-1c64-5cca-b4b7-a9fa24eceeea,43616d97-2221-569d-82eb-bcc14bcd6344,2026-06-22,2026-06-28,60.92,24.86,96.98,v1.0.0,2026-06-24T16:42:17.588802+00:00,74bff84c-0733-446b-a298-2f91515a201d
afe9d181-1c64-5cca-b4b7-a9fa24eceeea,43616d97-2221-569d-82eb-bcc14bcd6344,2026-06-29,2026-07-05,55.62,19.56,91.68,v1.0.0,2026-06-24T16:42:17.588802+00:00,74bff84c-0733-446b-a298-2f91515a201d
afe9d181-1c64-5cca-b4b7-a9fa24eceeea,43616d97-2221-569d-82eb-bcc14bcd6344,2026-07-06,2026-07-12,60.09,24.03,96.15,v1.0.0,2026-06-24T16:42:17.588802+00:00,74bff84c-0733-446b-a298-2f91515a201d
afe9d181-1c64-5cca-b4b7-a9fa24eceeea,43616d97-2221-569d-82eb-bcc14bcd6344,2026-07-13,2026-07-19,68.72,32.66,104.78,v1.0.0,2026-06-24T16:42:17.588802+00:00,74bff84c-0733-446b-a298-2f91515a201d
afe9d181-1c64-5cca-b4b7-a9fa24eceeea,43616d97-2221-569d-82eb-bcc14bcd6344,2026-07-20,2026-07-26,59.15,23.09,95.21,v1.0.0,2026-06-24T16:42:17.588802+00:00,74bff84c-0733-446b-a298-2f91515a201d
afe9d181-1c64-5cca-b4b7-a9fa24eceeea,43616d97-2221-569d-82eb-bcc14bcd6344,2026-07-27,2026-08-02,56.47,20.41,92.53,v1.0.0,2026-06-24T16:42:17.588802+00:00,74bff84c-0733-446b-a298-2f91515a201d
afe9d181-1c64-5cca-b4b7-a9fa24eceeea,7fb983e8-6848-5425-97a2-14da72722d0f,2026-05-11,2026-05-17,46.93,10.87,82.99,v1.0.0,2026-06-24T16:42:17.588802+00:00,74bff84c-0733-446b-a298-2f91515a201d
afe9d181-1c64-5cca-b4b7-a9fa24eceeea,7fb983e8-6848-5425-97a2-14da72722d0f,2026-05-18,2026-05-24,51.37,15.32,87.43,v1.0.0,2026-06-24T16:42:17.588802+00:00,74bff84c-0733-446b-a298-2f91515a201d
afe9d181-1c64-5cca-b4b7-a9fa24eceeea,7fb983e8-6848-5425-97a2-14da72722d0f,2026-05-25,2026-05-31,52.88,16.82,88.94,v1.0.0,2026-06-24T16:42:17.588802+00:00,74bff84c-0733-446b-a298-2f91515a201d
afe9d181-1c64-5cca-b4b7-a9fa24eceeea,7fb983e8-6848-5425-97a2-14da72722d0f,2026-06-01,2026-06-07,56.59,20.53,92.64,v1.0.0,2026-06-24T16:42:17.588802+00:00,74bff84c-0733-446b-a298-2f91515a201d
afe9d181-1c64-5cca-b4b7-a9fa24eceeea,7fb983e8-6848-5425-97a2-14da72722d0f,2026-06-08,2026-06-14,59.95,23.9,96.01,v1.0.0,2026-06-24T16:42:17.588802+00:00,74bff84c-0733-446b-a298-2f91515a201d
afe9d181-1c64-5cca-b4b7-a9fa24eceeea,7fb983e8-6848-5425-97a2-14da72722d0f,2026-06-15,2026-06-21,54.64,18.58,90.7,v1.0.0,2026-06-24T16:42:17.588802+00:00,74bff84c-0733-446b-a298-2f91515a201d
afe9d181-1c64-5cca-b4b7-a9fa24eceeea,7fb983e8-6848-5425-97a2-14da72722d0f,2026-06-22,2026-06-28,52.15,16.1,88.21,v1.0.0,2026-06-24T16:42:17.588802+00:00,74bff84c-0733-446b-a298-2f91515a201d
afe9d181-1c64-5cca-b4b7-a9fa24eceeea,7fb983e8-6848-5425-97a2-14da72722d0f,2026-06-29,2026-07-05,51.8,15.74,87.85,v1.0.0,2026-06-24T16:42:17.588802+00:00,74bff84c-0733-446b-a298-2f91515a201d
afe9d181-1c64-5cca-b4b7-a9fa24eceeea,7fb983e8-6848-5425-97a2-14da72722d0f,2026-07-06,2026-07-12,51.88,15.82,87.94,v1.0.0,2026-06-24T16:42:17.588802+00:00,74bff84c-0733-446b-a298-2f91515a201d
afe9d181-1c64-5cca-b4b7-a9fa24eceeea,7fb983e8-6848-5425-97a2-14da72722d0f,2026-07-13,2026-07-19,54.85,18.8,90.91,v1.0.0,2026-06-24T16:42:17.588802+00:00,74bff84c-0733-446b-a298-2f91515a201d
afe9d181-1c64-5cca-b4b7-a9fa24eceeea,7fb983e8-6848-5425-97a2-14da72722d0f,2026-07-20,2026-07-26,50.8,14.74,86.86,v1.0.0,2026-06-24T16:42:17.588802+00:00,74bff84c-0733-446b-a298-2f91515a201d
afe9d181-1c64-5cca-b4b7-a9fa24eceeea,7fb983e8-6848-5425-97a2-14da72722d0f,2026-07-27,2026-08-02,58.31,22.25,94.37,v1.0.0,2026-06-24T16:42:17.588802+00:00,74bff84c-0733-446b-a298-2f91515a201d
afe9d181-1c64-5cca-b4b7-a9fa24eceeea,8ecedccf-c230-516b-bbc2-108f7a6fbe63,2026-05-11,2026-05-17,57.17,21.11,93.23,v1.0.0,2026-06-24T16:42:17.588802+00:00,74bff84c-0733-446b-a298-2f91515a201d
afe9d181-1c64-5cca-b4b7-a9fa24eceeea,8ecedccf-c230-516b-bbc2-108f7a6fbe63,2026-05-18,2026-05-24,56.85,20.79,92.9,v1.0.0,2026-06-24T16:42:17.588802+00:00,74bff84c-0733-446b-a298-2f91515a201d
afe9d181-1c64-5cca-b4b7-a9fa24eceeea,8ecedccf-c230-516b-bbc2-108f7a6fbe63,2026-05-25,2026-05-31,55.83,19.77,91.88,v1.0.0,2026-06-24T16:42:17.588802+00:00,74bff84c-0733-446b-a298-2f91515a201d
afe9d181-1c64-5cca-b4b7-a9fa24eceeea,8ecedccf-c230-516b-bbc2-108f7a6fbe63,2026-06-01,2026-06-07,56.28,20.22,92.34,v1.0.0,2026-06-24T16:42:17.588802+00:00,74bff84c-0733-446b-a298-2f91515a201d
afe9d181-1c64-5cca-b4b7-a9fa24eceeea,8ecedccf-c230-516b-bbc2-108f7a6fbe63,2026-06-08,2026-06-14,56.48,20.42,92.54,v1.0.0,2026-06-24T16:42:17.588802+00:00,74bff84c-0733-446b-a298-2f91515a201d
afe9d181-1c64-5cca-b4b7-a9fa24eceeea,8ecedccf-c230-516b-bbc2-108f7a6fbe63,2026-06-15,2026-06-21,56.04,19.99,92.1,v1.0.0,2026-06-24T16:42:17.588802+00:00,74bff84c-0733-446b-a298-2f91515a201d
afe9d181-1c64-5cca-b4b7-a9fa24eceeea,8ecedccf-c230-516b-bbc2-108f7a6fbe63,2026-06-22,2026-06-28,55.8,19.75,91.86,v1.0.0,2026-06-24T16:42:17.588802+00:00,74bff84c-0733-446b-a298-2f91515a201d
afe9d181-1c64-5cca-b4b7-a9fa24eceeea,8ecedccf-c230-516b-bbc2-108f7a6fbe63,2026-06-29,2026-07-05,55.8,19.74,91.86,v1.0.0,2026-06-24T16:42:17.588802+00:00,74bff84c-0733-446b-a298-2f91515a201d
afe9d181-1c64-5cca-b4b7-a9fa24eceeea,8ecedccf-c230-516b-bbc2-108f7a6fbe63,2026-07-06,2026-07-12,55.7,19.64,91.76,v1.0.0,2026-06-24T16:42:17.588802+00:00,74bff84c-0733-446b-a298-2f91515a201d
afe9d181-1c64-5cca-b4b7-a9fa24eceeea,8ecedccf-c230-516b-bbc2-108f7a6fbe63,2026-07-13,2026-07-19,55.55,19.49,91.61,v1.0.0,2026-06-24T16:42:17.588802+00:00,74bff84c-0733-446b-a298-2f91515a201d
afe9d181-1c64-5cca-b4b7-a9fa24eceeea,8ecedccf-c230-516b-bbc2-108f7a6fbe63,2026-07-20,2026-07-26,55.45,19.39,91.51,v1.0.0,2026-06-24T16:42:17.588802+00:00,74bff84c-0733-446b-a298-2f91515a201d
afe9d181-1c64-5cca-b4b7-a9fa24eceeea,8ecedccf-c230-516b-bbc2-108f7a6fbe63,2026-07-27,2026-08-02,56.46,20.4,92.52,v1.0.0,2026-06-24T16:42:17.588802+00:00,74bff84c-0733-446b-a298-2f91515a201d
afe9d181-1c64-5cca-b4b7-a9fa24eceeea,d6f21f11-7533-52dd-a4dc-2fb8e260c02c,2026-05-11,2026-05-17,38.93,2.87,74.99,v1.0.0,2026-06-24T16:42:17.588802+00:00,74bff84c-0733-446b-a298-2f91515a201d
afe9d181-1c64-5cca-b4b7-a9fa24eceeea,d6f21f11-7533-52dd-a4dc-2fb8e260c02c,2026-05-18,2026-05-24,35.93,0.0,71.98,v1.0.0,2026-06-24T16:42:17.588802+00:00,74bff84c-0733-446b-a298-2f91515a201d
afe9d181-1c64-5cca-b4b7-a9fa24eceeea,d6f21f11-7533-52dd-a4dc-2fb8e260c02c,2026-05-25,2026-05-31,33.99,0.0,70.05,v1.0.0,2026-06-24T16:42:17.588802+00:00,74bff84c-0733-446b-a298-2f91515a201d
afe9d181-1c64-5cca-b4b7-a9fa24eceeea,d6f21f11-7533-52dd-a4dc-2fb8e260c02c,2026-06-01,2026-06-07,37.39,1.33,73.45,v1.0.0,2026-06-24T16:42:17.588802+00:00,74bff84c-0733-446b-a298-2f91515a201d
afe9d181-1c64-5cca-b4b7-a9fa24eceeea,d6f21f11-7533-52dd-a4dc-2fb8e260c02c,2026-06-08,2026-06-14,35.11,0.0,71.17,v1.0.0,2026-06-24T16:42:17.588802+00:00,74bff84c-0733-446b-a298-2f91515a201d
afe9d181-1c64-5cca-b4b7-a9fa24eceeea,d6f21f11-7533-52dd-a4dc-2fb8e260c02c,2026-06-15,2026-06-21,36.55,0.49,72.61,v1.0.0,2026-06-24T16:42:17.588802+00:00,74bff84c-0733-446b-a298-2f91515a201d
afe9d181-1c64-5cca-b4b7-a9fa24eceeea,d6f21f11-7533-52dd-a4dc-2fb8e260c02c,2026-06-22,2026-06-28,34.73,0.0,70.79,v1.0.0,2026-06-24T16:42:17.588802+00:00,74bff84c-0733-446b-a298-2f91515a201d
afe9d181-1c64-5cca-b4b7-a9fa24eceeea,d6f21f11-7533-52dd-a4dc-2fb8e260c02c,2026-06-29,2026-07-05,35.52,0.0,71.58,v1.0.0,2026-06-24T16:42:17.588802+00:00,74bff84c-0733-446b-a298-2f91515a201d
afe9d181-1c64-5cca-b4b7-a9fa24eceeea,d6f21f11-7533-52dd-a4dc-2fb8e260c02c,2026-07-06,2026-07-12,38.54,2.48,74.6,v1.0.0,2026-06-24T16:42:17.588802+00:00,74bff84c-0733-446b-a298-2f91515a201d
afe9d181-1c64-5cca-b4b7-a9fa24eceeea,d6f21f11-7533-52dd-a4dc-2fb8e260c02c,2026-07-13,2026-07-19,36.76,0.7,72.82,v1.0.0,2026-06-24T16:42:17.588802+00:00,74bff84c-0733-446b-a298-2f91515a201d
afe9d181-1c64-5cca-b4b7-a9fa24eceeea,d6f21f11-7533-52dd-a4dc-2fb8e260c02c,2026-07-20,2026-07-26,36.6,0.54,72.66,v1.0.0,2026-06-24T16:42:17.588802+00:00,74bff84c-0733-446b-a298-2f91515a201d
afe9d181-1c64-5cca-b4b7-a9fa24eceeea,d6f21f11-7533-52dd-a4dc-2fb8e260c02c,2026-07-27,2026-08-02,34.71,0.0,70.77,v1.0.0,2026-06-24T16:42:17.588802+00:00,74bff84c-0733-446b-a298-2f91515a201d
c0cf5e5c-b5c9-585a-8e79-d9830bc954f6,26f7241d-a84e-5e4a-a43d-33eea1e54eea,2026-05-11,2026-05-17,43.74,7.68,79.79,v1.0.0,2026-06-24T16:42:17.588802+00:00,74bff84c-0733-446b-a298-2f91515a201d
c0cf5e5c-b5c9-585a-8e79-d9830bc954f6,26f7241d-a84e-5e4a-a43d-33eea1e54eea,2026-05-18,2026-05-24,44.16,8.1,80.22,v1.0.0,2026-06-24T16:42:17.588802+00:00,74bff84c-0733-446b-a298-2f91515a201d
c0cf5e5c-b5c9-585a-8e79-d9830bc954f6,26f7241d-a84e-5e4a-a43d-33eea1e54eea,2026-05-25,2026-05-31,46.23,10.17,82.29,v1.0.0,2026-06-24T16:42:17.588802+00:00,74bff84c-0733-446b-a298-2f91515a201d
c0cf5e5c-b5c9-585a-8e79-d9830bc954f6,26f7241d-a84e-5e4a-a43d-33eea1e54eea,2026-06-01,2026-06-07,48.0,11.94,84.06,v1.0.0,2026-06-24T16:42:17.588802+00:00,74bff84c-0733-446b-a298-2f91515a201d
c0cf5e5c-b5c9-585a-8e79-d9830bc954f6,26f7241d-a84e-5e4a-a43d-33eea1e54eea,2026-06-08,2026-06-14,45.2,9.14,81.26,v1.0.0,2026-06-24T16:42:17.588802+00:00,74bff84c-0733-446b-a298-2f91515a201d
c0cf5e5c-b5c9-585a-8e79-d9830bc954f6,26f7241d-a84e-5e4a-a43d-33eea1e54eea,2026-06-15,2026-06-21,45.26,9.2,81.31,v1.0.0,2026-06-24T16:42:17.588802+00:00,74bff84c-0733-446b-a298-2f91515a201d
c0cf5e5c-b5c9-585a-8e79-d9830bc954f6,26f7241d-a84e-5e4a-a43d-33eea1e54eea,2026-06-22,2026-06-28,46.44,10.38,82.5,v1.0.0,2026-06-24T16:42:17.588802+00:00,74bff84c-0733-446b-a298-2f91515a201d
c0cf5e5c-b5c9-585a-8e79-d9830bc954f6,26f7241d-a84e-5e4a-a43d-33eea1e54eea,2026-06-29,2026-07-05,50.2,14.14,86.26,v1.0.0,2026-06-24T16:42:17.588802+00:00,74bff84c-0733-446b-a298-2f91515a201d
c0cf5e5c-b5c9-585a-8e79-d9830bc954f6,26f7241d-a84e-5e4a-a43d-33eea1e54eea,2026-07-06,2026-07-12,46.01,9.96,82.07,v1.0.0,2026-06-24T16:42:17.588802+00:00,74bff84c-0733-446b-a298-2f91515a201d
c0cf5e5c-b5c9-585a-8e79-d9830bc954f6,26f7241d-a84e-5e4a-a43d-33eea1e54eea,2026-07-13,2026-07-19,45.73,9.67,81.79,v1.0.0,2026-06-24T16:42:17.588802+00:00,74bff84c-0733-446b-a298-2f91515a201d
c0cf5e5c-b5c9-585a-8e79-d9830bc954f6,26f7241d-a84e-5e4a-a43d-33eea1e54eea,2026-07-20,2026-07-26,46.41,10.35,82.46,v1.0.0,2026-06-24T16:42:17.588802+00:00,74bff84c-0733-446b-a298-2f91515a201d
c0cf5e5c-b5c9-585a-8e79-d9830bc954f6,26f7241d-a84e-5e4a-a43d-33eea1e54eea,2026-07-27,2026-08-02,45.37,9.31,81.43,v1.0.0,2026-06-24T16:42:17.588802+00:00,74bff84c-0733-446b-a298-2f91515a201d
c0cf5e5c-b5c9-585a-8e79-d9830bc954f6,43616d97-2221-569d-82eb-bcc14bcd6344,2026-05-11,2026-05-17,39.33,3.27,75.39,v1.0.0,2026-06-24T16:42:17.588802+00:00,74bff84c-0733-446b-a298-2f91515a201d
c0cf5e5c-b5c9-585a-8e79-d9830bc954f6,43616d97-2221-569d-82eb-bcc14bcd6344,2026-05-18,2026-05-24,40.78,4.72,76.84,v1.0.0,2026-06-24T16:42:17.588802+00:00,74bff84c-0733-446b-a298-2f91515a201d
c0cf5e5c-b5c9-585a-8e79-d9830bc954f6,43616d97-2221-569d-82eb-bcc14bcd6344,2026-05-25,2026-05-31,39.75,3.69,75.81,v1.0.0,2026-06-24T16:42:17.588802+00:00,74bff84c-0733-446b-a298-2f91515a201d
c0cf5e5c-b5c9-585a-8e79-d9830bc954f6,43616d97-2221-569d-82eb-bcc14bcd6344,2026-06-01,2026-06-07,42.06,6.0,78.12,v1.0.0,2026-06-24T16:42:17.588802+00:00,74bff84c-0733-446b-a298-2f91515a201d
c0cf5e5c-b5c9-585a-8e79-d9830bc954f6,43616d97-2221-569d-82eb-bcc14bcd6344,2026-06-08,2026-06-14,38.97,2.91,75.03,v1.0.0,2026-06-24T16:42:17.588802+00:00,74bff84c-0733-446b-a298-2f91515a201d
c0cf5e5c-b5c9-585a-8e79-d9830bc954f6,43616d97-2221-569d-82eb-bcc14bcd6344,2026-06-15,2026-06-21,40.65,4.59,76.71,v1.0.0,2026-06-24T16:42:17.588802+00:00,74bff84c-0733-446b-a298-2f91515a201d
c0cf5e5c-b5c9-585a-8e79-d9830bc954f6,43616d97-2221-569d-82eb-bcc14bcd6344,2026-06-22,2026-06-28,41.03,4.97,77.08,v1.0.0,2026-06-24T16:42:17.588802+00:00,74bff84c-0733-446b-a298-2f91515a201d
c0cf5e5c-b5c9-585a-8e79-d9830bc954f6,43616d97-2221-569d-82eb-bcc14bcd6344,2026-06-29,2026-07-05,40.86,4.8,76.92,v1.0.0,2026-06-24T16:42:17.588802+00:00,74bff84c-0733-446b-a298-2f91515a201d
c0cf5e5c-b5c9-585a-8e79-d9830bc954f6,43616d97-2221-569d-82eb-bcc14bcd6344,2026-07-06,2026-07-12,37.5,1.44,73.56,v1.0.0,2026-06-24T16:42:17.588802+00:00,74bff84c-0733-446b-a298-2f91515a201d
c0cf5e5c-b5c9-585a-8e79-d9830bc954f6,43616d97-2221-569d-82eb-bcc14bcd6344,2026-07-13,2026-07-19,41.67,5.61,77.72,v1.0.0,2026-06-24T16:42:17.588802+00:00,74bff84c-0733-446b-a298-2f91515a201d
c0cf5e5c-b5c9-585a-8e79-d9830bc954f6,43616d97-2221-569d-82eb-bcc14bcd6344,2026-07-20,2026-07-26,39.73,3.68,75.79,v1.0.0,2026-06-24T16:42:17.588802+00:00,74bff84c-0733-446b-a298-2f91515a201d
c0cf5e5c-b5c9-585a-8e79-d9830bc954f6,43616d97-2221-569d-82eb-bcc14bcd6344,2026-07-27,2026-08-02,38.98,2.92,75.04,v1.0.0,2026-06-24T16:42:17.588802+00:00,74bff84c-0733-446b-a298-2f91515a201d
c0cf5e5c-b5c9-585a-8e79-d9830bc954f6,7fb983e8-6848-5425-97a2-14da72722d0f,2026-05-11,2026-05-17,30.74,0.0,66.8,v1.0.0,2026-06-24T16:42:17.588802+00:00,74bff84c-0733-446b-a298-2f91515a201d
c0cf5e5c-b5c9-585a-8e79-d9830bc954f6,7fb983e8-6848-5425-97a2-14da72722d0f,2026-05-18,2026-05-24,31.71,0.0,67.77,v1.0.0,2026-06-24T16:42:17.588802+00:00,74bff84c-0733-446b-a298-2f91515a201d
c0cf5e5c-b5c9-585a-8e79-d9830bc954f6,7fb983e8-6848-5425-97a2-14da72722d0f,2026-05-25,2026-05-31,27.53,0.0,63.59,v1.0.0,2026-06-24T16:42:17.588802+00:00,74bff84c-0733-446b-a298-2f91515a201d
c0cf5e5c-b5c9-585a-8e79-d9830bc954f6,7fb983e8-6848-5425-97a2-14da72722d0f,2026-06-01,2026-06-07,30.25,0.0,66.31,v1.0.0,2026-06-24T16:42:17.588802+00:00,74bff84c-0733-446b-a298-2f91515a201d
c0cf5e5c-b5c9-585a-8e79-d9830bc954f6,7fb983e8-6848-5425-97a2-14da72722d0f,2026-06-08,2026-06-14,28.23,0.0,64.28,v1.0.0,2026-06-24T16:42:17.588802+00:00,74bff84c-0733-446b-a298-2f91515a201d
c0cf5e5c-b5c9-585a-8e79-d9830bc954f6,7fb983e8-6848-5425-97a2-14da72722d0f,2026-06-15,2026-06-21,30.2,0.0,66.26,v1.0.0,2026-06-24T16:42:17.588802+00:00,74bff84c-0733-446b-a298-2f91515a201d
c0cf5e5c-b5c9-585a-8e79-d9830bc954f6,7fb983e8-6848-5425-97a2-14da72722d0f,2026-06-22,2026-06-28,29.13,0.0,65.18,v1.0.0,2026-06-24T16:42:17.588802+00:00,74bff84c-0733-446b-a298-2f91515a201d
c0cf5e5c-b5c9-585a-8e79-d9830bc954f6,7fb983e8-6848-5425-97a2-14da72722d0f,2026-06-29,2026-07-05,30.02,0.0,66.07,v1.0.0,2026-06-24T16:42:17.588802+00:00,74bff84c-0733-446b-a298-2f91515a201d
c0cf5e5c-b5c9-585a-8e79-d9830bc954f6,7fb983e8-6848-5425-97a2-14da72722d0f,2026-07-06,2026-07-12,30.75,0.0,66.81,v1.0.0,2026-06-24T16:42:17.588802+00:00,74bff84c-0733-446b-a298-2f91515a201d
c0cf5e5c-b5c9-585a-8e79-d9830bc954f6,7fb983e8-6848-5425-97a2-14da72722d0f,2026-07-13,2026-07-19,28.64,0.0,64.7,v1.0.0,2026-06-24T16:42:17.588802+00:00,74bff84c-0733-446b-a298-2f91515a201d
c0cf5e5c-b5c9-585a-8e79-d9830bc954f6,7fb983e8-6848-5425-97a2-14da72722d0f,2026-07-20,2026-07-26,26.16,0.0,62.22,v1.0.0,2026-06-24T16:42:17.588802+00:00,74bff84c-0733-446b-a298-2f91515a201d
c0cf5e5c-b5c9-585a-8e79-d9830bc954f6,7fb983e8-6848-5425-97a2-14da72722d0f,2026-07-27,2026-08-02,29.4,0.0,65.46,v1.0.0,2026-06-24T16:42:17.588802+00:00,74bff84c-0733-446b-a298-2f91515a201d
c0cf5e5c-b5c9-585a-8e79-d9830bc954f6,8ecedccf-c230-516b-bbc2-108f7a6fbe63,2026-05-11,2026-05-17,40.95,4.89,77.01,v1.0.0,2026-06-24T16:42:17.588802+00:00,74bff84c-0733-446b-a298-2f91515a201d
c0cf5e5c-b5c9-585a-8e79-d9830bc954f6,8ecedccf-c230-516b-bbc2-108f7a6fbe63,2026-05-18,2026-05-24,36.39,0.33,72.44,v1.0.0,2026-06-24T16:42:17.588802+00:00,74bff84c-0733-446b-a298-2f91515a201d
c0cf5e5c-b5c9-585a-8e79-d9830bc954f6,8ecedccf-c230-516b-bbc2-108f7a6fbe63,2026-05-25,2026-05-31,38.38,2.32,74.44,v1.0.0,2026-06-24T16:42:17.588802+00:00,74bff84c-0733-446b-a298-2f91515a201d
c0cf5e5c-b5c9-585a-8e79-d9830bc954f6,8ecedccf-c230-516b-bbc2-108f7a6fbe63,2026-06-01,2026-06-07,38.37,2.31,74.43,v1.0.0,2026-06-24T16:42:17.588802+00:00,74bff84c-0733-446b-a298-2f91515a201d
c0cf5e5c-b5c9-585a-8e79-d9830bc954f6,8ecedccf-c230-516b-bbc2-108f7a6fbe63,2026-06-08,2026-06-14,40.79,4.73,76.84,v1.0.0,2026-06-24T16:42:17.588802+00:00,74bff84c-0733-446b-a298-2f91515a201d
c0cf5e5c-b5c9-585a-8e79-d9830bc954f6,8ecedccf-c230-516b-bbc2-108f7a6fbe63,2026-06-15,2026-06-21,36.0,0.0,72.06,v1.0.0,2026-06-24T16:42:17.588802+00:00,74bff84c-0733-446b-a298-2f91515a201d
c0cf5e5c-b5c9-585a-8e79-d9830bc954f6,8ecedccf-c230-516b-bbc2-108f7a6fbe63,2026-06-22,2026-06-28,39.99,3.93,76.05,v1.0.0,2026-06-24T16:42:17.588802+00:00,74bff84c-0733-446b-a298-2f91515a201d
c0cf5e5c-b5c9-585a-8e79-d9830bc954f6,8ecedccf-c230-516b-bbc2-108f7a6fbe63,2026-06-29,2026-07-05,45.82,9.76,81.87,v1.0.0,2026-06-24T16:42:17.588802+00:00,74bff84c-0733-446b-a298-2f91515a201d
c0cf5e5c-b5c9-585a-8e79-d9830bc954f6,8ecedccf-c230-516b-bbc2-108f7a6fbe63,2026-07-06,2026-07-12,38.21,2.16,74.27,v1.0.0,2026-06-24T16:42:17.588802+00:00,74bff84c-0733-446b-a298-2f91515a201d
c0cf5e5c-b5c9-585a-8e79-d9830bc954f6,8ecedccf-c230-516b-bbc2-108f7a6fbe63,2026-07-13,2026-07-19,38.95,2.89,75.01,v1.0.0,2026-06-24T16:42:17.588802+00:00,74bff84c-0733-446b-a298-2f91515a201d
c0cf5e5c-b5c9-585a-8e79-d9830bc954f6,8ecedccf-c230-516b-bbc2-108f7a6fbe63,2026-07-20,2026-07-26,38.92,2.86,74.97,v1.0.0,2026-06-24T16:42:17.588802+00:00,74bff84c-0733-446b-a298-2f91515a201d
c0cf5e5c-b5c9-585a-8e79-d9830bc954f6,8ecedccf-c230-516b-bbc2-108f7a6fbe63,2026-07-27,2026-08-02,36.88,0.82,72.94,v1.0.0,2026-06-24T16:42:17.588802+00:00,74bff84c-0733-446b-a298-2f91515a201d
c0cf5e5c-b5c9-585a-8e79-d9830bc954f6,d6f21f11-7533-52dd-a4dc-2fb8e260c02c,2026-05-11,2026-05-17,34.58,0.0,70.64,v1.0.0,2026-06-24T16:42:17.588802+00:00,74bff84c-0733-446b-a298-2f91515a201d
c0cf5e5c-b5c9-585a-8e79-d9830bc954f6,d6f21f11-7533-52dd-a4dc-2fb8e260c02c,2026-05-18,2026-05-24,35.75,0.0,71.81,v1.0.0,2026-06-24T16:42:17.588802+00:00,74bff84c-0733-446b-a298-2f91515a201d
c0cf5e5c-b5c9-585a-8e79-d9830bc954f6,d6f21f11-7533-52dd-a4dc-2fb8e260c02c,2026-05-25,2026-05-31,33.88,0.0,69.94,v1.0.0,2026-06-24T16:42:17.588802+00:00,74bff84c-0733-446b-a298-2f91515a201d
c0cf5e5c-b5c9-585a-8e79-d9830bc954f6,d6f21f11-7533-52dd-a4dc-2fb8e260c02c,2026-06-01,2026-06-07,37.33,1.28,73.39,v1.0.0,2026-06-24T16:42:17.588802+00:00,74bff84c-0733-446b-a298-2f91515a201d
c0cf5e5c-b5c9-585a-8e79-d9830bc954f6,d6f21f11-7533-52dd-a4dc-2fb8e260c02c,2026-06-08,2026-06-14,34.3,0.0,70.36,v1.0.0,2026-06-24T16:42:17.588802+00:00,74bff84c-0733-446b-a298-2f91515a201d
c0cf5e5c-b5c9-585a-8e79-d9830bc954f6,d6f21f11-7533-52dd-a4dc-2fb8e260c02c,2026-06-15,2026-06-21,43.06,7.0,79.11,v1.0.0,2026-06-24T16:42:17.588802+00:00,74bff84c-0733-446b-a298-2f91515a201d
c0cf5e5c-b5c9-585a-8e79-d9830bc954f6,d6f21f11-7533-52dd-a4dc-2fb8e260c02c,2026-06-22,2026-06-28,37.05,0.99,73.1,v1.0.0,2026-06-24T16:42:17.588802+00:00,74bff84c-0733-446b-a298-2f91515a201d
c0cf5e5c-b5c9-585a-8e79-d9830bc954f6,d6f21f11-7533-52dd-a4dc-2fb8e260c02c,2026-06-29,2026-07-05,39.26,3.2,75.32,v1.0.0,2026-06-24T16:42:17.588802+00:00,74bff84c-0733-446b-a298-2f91515a201d
c0cf5e5c-b5c9-585a-8e79-d9830bc954f6,d6f21f11-7533-52dd-a4dc-2fb8e260c02c,2026-07-06,2026-07-12,39.03,2.98,75.09,v1.0.0,2026-06-24T16:42:17.588802+00:00,74bff84c-0733-446b-a298-2f91515a201d
c0cf5e5c-b5c9-585a-8e79-d9830bc954f6,d6f21f11-7533-52dd-a4dc-2fb8e260c02c,2026-07-13,2026-07-19,37.77,1.71,73.82,v1.0.0,2026-06-24T16:42:17.588802+00:00,74bff84c-0733-446b-a298-2f91515a201d
c0cf5e5c-b5c9-585a-8e79-d9830bc954f6,d6f21f11-7533-52dd-a4dc-2fb8e260c02c,2026-07-20,2026-07-26,36.19,0.14,72.25,v1.0.0,2026-06-24T16:42:17.588802+00:00,74bff84c-0733-446b-a298-2f91515a201d
c0cf5e5c-b5c9-585a-8e79-d9830bc954f6,d6f21f11-7533-52dd-a4dc-2fb8e260c02c,2026-07-27,2026-08-02,33.42,0.0,69.48,v1.0.0,2026-06-24T16:42:17.588802+00:00,74bff84c-0733-446b-a298-2f91515a201d
cd81184b-b6f1-563c-b463-36a69ddfb598,26f7241d-a84e-5e4a-a43d-33eea1e54eea,2026-05-11,2026-05-17,82.79,46.74,118.85,v1.0.0,2026-06-24T16:42:17.588802+00:00,74bff84c-0733-446b-a298-2f91515a201d
cd81184b-b6f1-563c-b463-36a69ddfb598,26f7241d-a84e-5e4a-a43d-33eea1e54eea,2026-05-18,2026-05-24,82.68,46.62,118.74,v1.0.0,2026-06-24T16:42:17.588802+00:00,74bff84c-0733-446b-a298-2f91515a201d
cd81184b-b6f1-563c-b463-36a69ddfb598,26f7241d-a84e-5e4a-a43d-33eea1e54eea,2026-05-25,2026-05-31,85.7,49.64,121.76,v1.0.0,2026-06-24T16:42:17.588802+00:00,74bff84c-0733-446b-a298-2f91515a201d
cd81184b-b6f1-563c-b463-36a69ddfb598,26f7241d-a84e-5e4a-a43d-33eea1e54eea,2026-06-01,2026-06-07,83.18,47.12,119.24,v1.0.0,2026-06-24T16:42:17.588802+00:00,74bff84c-0733-446b-a298-2f91515a201d
cd81184b-b6f1-563c-b463-36a69ddfb598,26f7241d-a84e-5e4a-a43d-33eea1e54eea,2026-06-08,2026-06-14,84.56,48.5,120.62,v1.0.0,2026-06-24T16:42:17.588802+00:00,74bff84c-0733-446b-a298-2f91515a201d
cd81184b-b6f1-563c-b463-36a69ddfb598,26f7241d-a84e-5e4a-a43d-33eea1e54eea,2026-06-15,2026-06-21,86.65,50.59,122.71,v1.0.0,2026-06-24T16:42:17.588802+00:00,74bff84c-0733-446b-a298-2f91515a201d
cd81184b-b6f1-563c-b463-36a69ddfb598,26f7241d-a84e-5e4a-a43d-33eea1e54eea,2026-06-22,2026-06-28,90.27,54.21,126.33,v1.0.0,2026-06-24T16:42:17.588802+00:00,74bff84c-0733-446b-a298-2f91515a201d
cd81184b-b6f1-563c-b463-36a69ddfb598,26f7241d-a84e-5e4a-a43d-33eea1e54eea,2026-06-29,2026-07-05,86.59,50.54,122.65,v1.0.0,2026-06-24T16:42:17.588802+00:00,74bff84c-0733-446b-a298-2f91515a201d
cd81184b-b6f1-563c-b463-36a69ddfb598,26f7241d-a84e-5e4a-a43d-33eea1e54eea,2026-07-06,2026-07-12,86.08,50.02,122.13,v1.0.0,2026-06-24T16:42:17.588802+00:00,74bff84c-0733-446b-a298-2f91515a201d
cd81184b-b6f1-563c-b463-36a69ddfb598,26f7241d-a84e-5e4a-a43d-33eea1e54eea,2026-07-13,2026-07-19,85.35,49.29,121.41,v1.0.0,2026-06-24T16:42:17.588802+00:00,74bff84c-0733-446b-a298-2f91515a201d
cd81184b-b6f1-563c-b463-36a69ddfb598,26f7241d-a84e-5e4a-a43d-33eea1e54eea,2026-07-20,2026-07-26,84.64,48.58,120.69,v1.0.0,2026-06-24T16:42:17.588802+00:00,74bff84c-0733-446b-a298-2f91515a201d
cd81184b-b6f1-563c-b463-36a69ddfb598,26f7241d-a84e-5e4a-a43d-33eea1e54eea,2026-07-27,2026-08-02,82.88,46.82,118.94,v1.0.0,2026-06-24T16:42:17.588802+00:00,74bff84c-0733-446b-a298-2f91515a201d
cd81184b-b6f1-563c-b463-36a69ddfb598,43616d97-2221-569d-82eb-bcc14bcd6344,2026-05-11,2026-05-17,89.12,53.06,125.18,v1.0.0,2026-06-24T16:42:17.588802+00:00,74bff84c-0733-446b-a298-2f91515a201d
cd81184b-b6f1-563c-b463-36a69ddfb598,43616d97-2221-569d-82eb-bcc14bcd6344,2026-05-18,2026-05-24,76.14,40.08,112.2,v1.0.0,2026-06-24T16:42:17.588802+00:00,74bff84c-0733-446b-a298-2f91515a201d
cd81184b-b6f1-563c-b463-36a69ddfb598,43616d97-2221-569d-82eb-bcc14bcd6344,2026-05-25,2026-05-31,78.2,42.14,114.26,v1.0.0,2026-06-24T16:42:17.588802+00:00,74bff84c-0733-446b-a298-2f91515a201d
cd81184b-b6f1-563c-b463-36a69ddfb598,43616d97-2221-569d-82eb-bcc14bcd6344,2026-06-01,2026-06-07,93.51,57.45,129.57,v1.0.0,2026-06-24T16:42:17.588802+00:00,74bff84c-0733-446b-a298-2f91515a201d
cd81184b-b6f1-563c-b463-36a69ddfb598,43616d97-2221-569d-82eb-bcc14bcd6344,2026-06-08,2026-06-14,82.53,46.47,118.59,v1.0.0,2026-06-24T16:42:17.588802+00:00,74bff84c-0733-446b-a298-2f91515a201d
cd81184b-b6f1-563c-b463-36a69ddfb598,43616d97-2221-569d-82eb-bcc14bcd6344,2026-06-15,2026-06-21,80.31,44.25,116.37,v1.0.0,2026-06-24T16:42:17.588802+00:00,74bff84c-0733-446b-a298-2f91515a201d
cd81184b-b6f1-563c-b463-36a69ddfb598,43616d97-2221-569d-82eb-bcc14bcd6344,2026-06-22,2026-06-28,75.54,39.48,111.6,v1.0.0,2026-06-24T16:42:17.588802+00:00,74bff84c-0733-446b-a298-2f91515a201d
cd81184b-b6f1-563c-b463-36a69ddfb598,43616d97-2221-569d-82eb-bcc14bcd6344,2026-06-29,2026-07-05,88.79,52.74,124.85,v1.0.0,2026-06-24T16:42:17.588802+00:00,74bff84c-0733-446b-a298-2f91515a201d
cd81184b-b6f1-563c-b463-36a69ddfb598,43616d97-2221-569d-82eb-bcc14bcd6344,2026-07-06,2026-07-12,83.88,47.82,119.94,v1.0.0,2026-06-24T16:42:17.588802+00:00,74bff84c-0733-446b-a298-2f91515a201d
cd81184b-b6f1-563c-b463-36a69ddfb598,43616d97-2221-569d-82eb-bcc14bcd6344,2026-07-13,2026-07-19,76.22,40.16,112.28,v1.0.0,2026-06-24T16:42:17.588802+00:00,74bff84c-0733-446b-a298-2f91515a201d
cd81184b-b6f1-563c-b463-36a69ddfb598,43616d97-2221-569d-82eb-bcc14bcd6344,2026-07-20,2026-07-26,81.88,45.82,117.94,v1.0.0,2026-06-24T16:42:17.588802+00:00,74bff84c-0733-446b-a298-2f91515a201d
cd81184b-b6f1-563c-b463-36a69ddfb598,43616d97-2221-569d-82eb-bcc14bcd6344,2026-07-27,2026-08-02,83.67,47.61,119.72,v1.0.0,2026-06-24T16:42:17.588802+00:00,74bff84c-0733-446b-a298-2f91515a201d
cd81184b-b6f1-563c-b463-36a69ddfb598,7fb983e8-6848-5425-97a2-14da72722d0f,2026-05-11,2026-05-17,72.55,36.49,108.61,v1.0.0,2026-06-24T16:42:17.588802+00:00,74bff84c-0733-446b-a298-2f91515a201d
cd81184b-b6f1-563c-b463-36a69ddfb598,7fb983e8-6848-5425-97a2-14da72722d0f,2026-05-18,2026-05-24,70.85,34.79,106.91,v1.0.0,2026-06-24T16:42:17.588802+00:00,74bff84c-0733-446b-a298-2f91515a201d
cd81184b-b6f1-563c-b463-36a69ddfb598,7fb983e8-6848-5425-97a2-14da72722d0f,2026-05-25,2026-05-31,73.84,37.78,109.9,v1.0.0,2026-06-24T16:42:17.588802+00:00,74bff84c-0733-446b-a298-2f91515a201d
cd81184b-b6f1-563c-b463-36a69ddfb598,7fb983e8-6848-5425-97a2-14da72722d0f,2026-06-01,2026-06-07,73.6,37.54,109.66,v1.0.0,2026-06-24T16:42:17.588802+00:00,74bff84c-0733-446b-a298-2f91515a201d
cd81184b-b6f1-563c-b463-36a69ddfb598,7fb983e8-6848-5425-97a2-14da72722d0f,2026-06-08,2026-06-14,74.42,38.36,110.48,v1.0.0,2026-06-24T16:42:17.588802+00:00,74bff84c-0733-446b-a298-2f91515a201d
cd81184b-b6f1-563c-b463-36a69ddfb598,7fb983e8-6848-5425-97a2-14da72722d0f,2026-06-15,2026-06-21,68.66,32.6,104.71,v1.0.0,2026-06-24T16:42:17.588802+00:00,74bff84c-0733-446b-a298-2f91515a201d
cd81184b-b6f1-563c-b463-36a69ddfb598,7fb983e8-6848-5425-97a2-14da72722d0f,2026-06-22,2026-06-28,75.24,39.18,111.3,v1.0.0,2026-06-24T16:42:17.588802+00:00,74bff84c-0733-446b-a298-2f91515a201d
cd81184b-b6f1-563c-b463-36a69ddfb598,7fb983e8-6848-5425-97a2-14da72722d0f,2026-06-29,2026-07-05,75.68,39.62,111.74,v1.0.0,2026-06-24T16:42:17.588802+00:00,74bff84c-0733-446b-a298-2f91515a201d
cd81184b-b6f1-563c-b463-36a69ddfb598,7fb983e8-6848-5425-97a2-14da72722d0f,2026-07-06,2026-07-12,69.87,33.81,105.92,v1.0.0,2026-06-24T16:42:17.588802+00:00,74bff84c-0733-446b-a298-2f91515a201d
cd81184b-b6f1-563c-b463-36a69ddfb598,7fb983e8-6848-5425-97a2-14da72722d0f,2026-07-13,2026-07-19,71.54,35.48,107.6,v1.0.0,2026-06-24T16:42:17.588802+00:00,74bff84c-0733-446b-a298-2f91515a201d
cd81184b-b6f1-563c-b463-36a69ddfb598,7fb983e8-6848-5425-97a2-14da72722d0f,2026-07-20,2026-07-26,74.26,38.2,110.32,v1.0.0,2026-06-24T16:42:17.588802+00:00,74bff84c-0733-446b-a298-2f91515a201d
cd81184b-b6f1-563c-b463-36a69ddfb598,7fb983e8-6848-5425-97a2-14da72722d0f,2026-07-27,2026-08-02,70.84,34.78,106.9,v1.0.0,2026-06-24T16:42:17.588802+00:00,74bff84c-0733-446b-a298-2f91515a201d
cd81184b-b6f1-563c-b463-36a69ddfb598,8ecedccf-c230-516b-bbc2-108f7a6fbe63,2026-05-11,2026-05-17,72.77,36.71,108.83,v1.0.0,2026-06-24T16:42:17.588802+00:00,74bff84c-0733-446b-a298-2f91515a201d
cd81184b-b6f1-563c-b463-36a69ddfb598,8ecedccf-c230-516b-bbc2-108f7a6fbe63,2026-05-18,2026-05-24,73.15,37.09,109.2,v1.0.0,2026-06-24T16:42:17.588802+00:00,74bff84c-0733-446b-a298-2f91515a201d
cd81184b-b6f1-563c-b463-36a69ddfb598,8ecedccf-c230-516b-bbc2-108f7a6fbe63,2026-05-25,2026-05-31,74.64,38.58,110.7,v1.0.0,2026-06-24T16:42:17.588802+00:00,74bff84c-0733-446b-a298-2f91515a201d
cd81184b-b6f1-563c-b463-36a69ddfb598,8ecedccf-c230-516b-bbc2-108f7a6fbe63,2026-06-01,2026-06-07,74.72,38.66,110.78,v1.0.0,2026-06-24T16:42:17.588802+00:00,74bff84c-0733-446b-a298-2f91515a201d
cd81184b-b6f1-563c-b463-36a69ddfb598,8ecedccf-c230-516b-bbc2-108f7a6fbe63,2026-06-08,2026-06-14,78.56,42.5,114.62,v1.0.0,2026-06-24T16:42:17.588802+00:00,74bff84c-0733-446b-a298-2f91515a201d
cd81184b-b6f1-563c-b463-36a69ddfb598,8ecedccf-c230-516b-bbc2-108f7a6fbe63,2026-06-15,2026-06-21,73.52,37.46,109.58,v1.0.0,2026-06-24T16:42:17.588802+00:00,74bff84c-0733-446b-a298-2f91515a201d
cd81184b-b6f1-563c-b463-36a69ddfb598,8ecedccf-c230-516b-bbc2-108f7a6fbe63,2026-06-22,2026-06-28,75.27,39.21,111.32,v1.0.0,2026-06-24T16:42:17.588802+00:00,74bff84c-0733-446b-a298-2f91515a201d
cd81184b-b6f1-563c-b463-36a69ddfb598,8ecedccf-c230-516b-bbc2-108f7a6fbe63,2026-06-29,2026-07-05,78.06,42.0,114.12,v1.0.0,2026-06-24T16:42:17.588802+00:00,74bff84c-0733-446b-a298-2f91515a201d
cd81184b-b6f1-563c-b463-36a69ddfb598,8ecedccf-c230-516b-bbc2-108f7a6fbe63,2026-07-06,2026-07-12,73.69,37.63,109.75,v1.0.0,2026-06-24T16:42:17.588802+00:00,74bff84c-0733-446b-a298-2f91515a201d
cd81184b-b6f1-563c-b463-36a69ddfb598,8ecedccf-c230-516b-bbc2-108f7a6fbe63,2026-07-13,2026-07-19,75.52,39.46,111.57,v1.0.0,2026-06-24T16:42:17.588802+00:00,74bff84c-0733-446b-a298-2f91515a201d
cd81184b-b6f1-563c-b463-36a69ddfb598,8ecedccf-c230-516b-bbc2-108f7a6fbe63,2026-07-20,2026-07-26,73.4,37.34,109.46,v1.0.0,2026-06-24T16:42:17.588802+00:00,74bff84c-0733-446b-a298-2f91515a201d
cd81184b-b6f1-563c-b463-36a69ddfb598,8ecedccf-c230-516b-bbc2-108f7a6fbe63,2026-07-27,2026-08-02,73.52,37.46,109.58,v1.0.0,2026-06-24T16:42:17.588802+00:00,74bff84c-0733-446b-a298-2f91515a201d
cd81184b-b6f1-563c-b463-36a69ddfb598,d6f21f11-7533-52dd-a4dc-2fb8e260c02c,2026-05-11,2026-05-17,62.67,26.61,98.73,v1.0.0,2026-06-24T16:42:17.588802+00:00,74bff84c-0733-446b-a298-2f91515a201d
cd81184b-b6f1-563c-b463-36a69ddfb598,d6f21f11-7533-52dd-a4dc-2fb8e260c02c,2026-05-18,2026-05-24,64.25,28.19,100.31,v1.0.0,2026-06-24T16:42:17.588802+00:00,74bff84c-0733-446b-a298-2f91515a201d
cd81184b-b6f1-563c-b463-36a69ddfb598,d6f21f11-7533-52dd-a4dc-2fb8e260c02c,2026-05-25,2026-05-31,64.32,28.26,100.38,v1.0.0,2026-06-24T16:42:17.588802+00:00,74bff84c-0733-446b-a298-2f91515a201d
cd81184b-b6f1-563c-b463-36a69ddfb598,d6f21f11-7533-52dd-a4dc-2fb8e260c02c,2026-06-01,2026-06-07,63.24,27.18,99.3,v1.0.0,2026-06-24T16:42:17.588802+00:00,74bff84c-0733-446b-a298-2f91515a201d
cd81184b-b6f1-563c-b463-36a69ddfb598,d6f21f11-7533-52dd-a4dc-2fb8e260c02c,2026-06-08,2026-06-14,64.06,28.0,100.12,v1.0.0,2026-06-24T16:42:17.588802+00:00,74bff84c-0733-446b-a298-2f91515a201d
cd81184b-b6f1-563c-b463-36a69ddfb598,d6f21f11-7533-52dd-a4dc-2fb8e260c02c,2026-06-15,2026-06-21,65.27,29.21,101.32,v1.0.0,2026-06-24T16:42:17.588802+00:00,74bff84c-0733-446b-a298-2f91515a201d
cd81184b-b6f1-563c-b463-36a69ddfb598,d6f21f11-7533-52dd-a4dc-2fb8e260c02c,2026-06-22,2026-06-28,64.15,28.09,100.2,v1.0.0,2026-06-24T16:42:17.588802+00:00,74bff84c-0733-446b-a298-2f91515a201d
cd81184b-b6f1-563c-b463-36a69ddfb598,d6f21f11-7533-52dd-a4dc-2fb8e260c02c,2026-06-29,2026-07-05,64.02,27.97,100.08,v1.0.0,2026-06-24T16:42:17.588802+00:00,74bff84c-0733-446b-a298-2f91515a201d
cd81184b-b6f1-563c-b463-36a69ddfb598,d6f21f11-7533-52dd-a4dc-2fb8e260c02c,2026-07-06,2026-07-12,62.38,26.32,98.44,v1.0.0,2026-06-24T16:42:17.588802+00:00,74bff84c-0733-446b-a298-2f91515a201d
cd81184b-b6f1-563c-b463-36a69ddfb598,d6f21f11-7533-52dd-a4dc-2fb8e260c02c,2026-07-13,2026-07-19,63.94,27.88,99.99,v1.0.0,2026-06-24T16:42:17.588802+00:00,74bff84c-0733-446b-a298-2f91515a201d
cd81184b-b6f1-563c-b463-36a69ddfb598,d6f21f11-7533-52dd-a4dc-2fb8e260c02c,2026-07-20,2026-07-26,64.49,28.43,100.55,v1.0.0,2026-06-24T16:42:17.588802+00:00,74bff84c-0733-446b-a298-2f91515a201d
cd81184b-b6f1-563c-b463-36a69ddfb598,d6f21f11-7533-52dd-a4dc-2fb8e260c02c,2026-07-27,2026-08-02,63.04,26.98,99.1,v1.0.0,2026-06-24T16:42:17.588802+00:00,74bff84c-0733-446b-a298-2f91515a201d
d0ae6d2d-e561-56b3-a2c1-113c1c56ae81,26f7241d-a84e-5e4a-a43d-33eea1e54eea,2026-05-11,2026-05-17,54.86,18.8,90.92,v1.0.0,2026-06-24T16:42:17.588802+00:00,74bff84c-0733-446b-a298-2f91515a201d
d0ae6d2d-e561-56b3-a2c1-113c1c56ae81,26f7241d-a84e-5e4a-a43d-33eea1e54eea,2026-05-18,2026-05-24,57.09,21.03,93.15,v1.0.0,2026-06-24T16:42:17.588802+00:00,74bff84c-0733-446b-a298-2f91515a201d
d0ae6d2d-e561-56b3-a2c1-113c1c56ae81,26f7241d-a84e-5e4a-a43d-33eea1e54eea,2026-05-25,2026-05-31,56.85,20.79,92.91,v1.0.0,2026-06-24T16:42:17.588802+00:00,74bff84c-0733-446b-a298-2f91515a201d
d0ae6d2d-e561-56b3-a2c1-113c1c56ae81,26f7241d-a84e-5e4a-a43d-33eea1e54eea,2026-06-01,2026-06-07,57.03,20.97,93.09,v1.0.0,2026-06-24T16:42:17.588802+00:00,74bff84c-0733-446b-a298-2f91515a201d
d0ae6d2d-e561-56b3-a2c1-113c1c56ae81,26f7241d-a84e-5e4a-a43d-33eea1e54eea,2026-06-08,2026-06-14,57.11,21.05,93.17,v1.0.0,2026-06-24T16:42:17.588802+00:00,74bff84c-0733-446b-a298-2f91515a201d
d0ae6d2d-e561-56b3-a2c1-113c1c56ae81,26f7241d-a84e-5e4a-a43d-33eea1e54eea,2026-06-15,2026-06-21,57.51,21.45,93.56,v1.0.0,2026-06-24T16:42:17.588802+00:00,74bff84c-0733-446b-a298-2f91515a201d
d0ae6d2d-e561-56b3-a2c1-113c1c56ae81,26f7241d-a84e-5e4a-a43d-33eea1e54eea,2026-06-22,2026-06-28,57.52,21.46,93.58,v1.0.0,2026-06-24T16:42:17.588802+00:00,74bff84c-0733-446b-a298-2f91515a201d
d0ae6d2d-e561-56b3-a2c1-113c1c56ae81,26f7241d-a84e-5e4a-a43d-33eea1e54eea,2026-06-29,2026-07-05,57.48,21.42,93.54,v1.0.0,2026-06-24T16:42:17.588802+00:00,74bff84c-0733-446b-a298-2f91515a201d
d0ae6d2d-e561-56b3-a2c1-113c1c56ae81,26f7241d-a84e-5e4a-a43d-33eea1e54eea,2026-07-06,2026-07-12,56.82,20.76,92.88,v1.0.0,2026-06-24T16:42:17.588802+00:00,74bff84c-0733-446b-a298-2f91515a201d
d0ae6d2d-e561-56b3-a2c1-113c1c56ae81,26f7241d-a84e-5e4a-a43d-33eea1e54eea,2026-07-13,2026-07-19,56.62,20.56,92.68,v1.0.0,2026-06-24T16:42:17.588802+00:00,74bff84c-0733-446b-a298-2f91515a201d
d0ae6d2d-e561-56b3-a2c1-113c1c56ae81,26f7241d-a84e-5e4a-a43d-33eea1e54eea,2026-07-20,2026-07-26,56.51,20.45,92.56,v1.0.0,2026-06-24T16:42:17.588802+00:00,74bff84c-0733-446b-a298-2f91515a201d
d0ae6d2d-e561-56b3-a2c1-113c1c56ae81,26f7241d-a84e-5e4a-a43d-33eea1e54eea,2026-07-27,2026-08-02,56.45,20.39,92.5,v1.0.0,2026-06-24T16:42:17.588802+00:00,74bff84c-0733-446b-a298-2f91515a201d
d0ae6d2d-e561-56b3-a2c1-113c1c56ae81,43616d97-2221-569d-82eb-bcc14bcd6344,2026-05-11,2026-05-17,54.57,18.51,90.63,v1.0.0,2026-06-24T16:42:17.588802+00:00,74bff84c-0733-446b-a298-2f91515a201d
d0ae6d2d-e561-56b3-a2c1-113c1c56ae81,43616d97-2221-569d-82eb-bcc14bcd6344,2026-05-18,2026-05-24,55.39,19.33,91.45,v1.0.0,2026-06-24T16:42:17.588802+00:00,74bff84c-0733-446b-a298-2f91515a201d
d0ae6d2d-e561-56b3-a2c1-113c1c56ae81,43616d97-2221-569d-82eb-bcc14bcd6344,2026-05-25,2026-05-31,54.93,18.87,90.99,v1.0.0,2026-06-24T16:42:17.588802+00:00,74bff84c-0733-446b-a298-2f91515a201d
d0ae6d2d-e561-56b3-a2c1-113c1c56ae81,43616d97-2221-569d-82eb-bcc14bcd6344,2026-06-01,2026-06-07,55.37,19.31,91.43,v1.0.0,2026-06-24T16:42:17.588802+00:00,74bff84c-0733-446b-a298-2f91515a201d
d0ae6d2d-e561-56b3-a2c1-113c1c56ae81,43616d97-2221-569d-82eb-bcc14bcd6344,2026-06-08,2026-06-14,55.52,19.47,91.58,v1.0.0,2026-06-24T16:42:17.588802+00:00,74bff84c-0733-446b-a298-2f91515a201d
d0ae6d2d-e561-56b3-a2c1-113c1c56ae81,43616d97-2221-569d-82eb-bcc14bcd6344,2026-06-15,2026-06-21,55.58,19.52,91.64,v1.0.0,2026-06-24T16:42:17.588802+00:00,74bff84c-0733-446b-a298-2f91515a201d
d0ae6d2d-e561-56b3-a2c1-113c1c56ae81,43616d97-2221-569d-82eb-bcc14bcd6344,2026-06-22,2026-06-28,56.33,20.28,92.39,v1.0.0,2026-06-24T16:42:17.588802+00:00,74bff84c-0733-446b-a298-2f91515a201d
d0ae6d2d-e561-56b3-a2c1-113c1c56ae81,43616d97-2221-569d-82eb-bcc14bcd6344,2026-06-29,2026-07-05,55.68,19.63,91.74,v1.0.0,2026-06-24T16:42:17.588802+00:00,74bff84c-0733-446b-a298-2f91515a201d
d0ae6d2d-e561-56b3-a2c1-113c1c56ae81,43616d97-2221-569d-82eb-bcc14bcd6344,2026-07-06,2026-07-12,55.21,19.16,91.27,v1.0.0,2026-06-24T16:42:17.588802+00:00,74bff84c-0733-446b-a298-2f91515a201d
d0ae6d2d-e561-56b3-a2c1-113c1c56ae81,43616d97-2221-569d-82eb-bcc14bcd6344,2026-07-13,2026-07-19,55.03,18.97,91.09,v1.0.0,2026-06-24T16:42:17.588802+00:00,74bff84c-0733-446b-a298-2f91515a201d
d0ae6d2d-e561-56b3-a2c1-113c1c56ae81,43616d97-2221-569d-82eb-bcc14bcd6344,2026-07-20,2026-07-26,55.11,19.06,91.17,v1.0.0,2026-06-24T16:42:17.588802+00:00,74bff84c-0733-446b-a298-2f91515a201d
d0ae6d2d-e561-56b3-a2c1-113c1c56ae81,43616d97-2221-569d-82eb-bcc14bcd6344,2026-07-27,2026-08-02,54.88,18.82,90.94,v1.0.0,2026-06-24T16:42:17.588802+00:00,74bff84c-0733-446b-a298-2f91515a201d
d0ae6d2d-e561-56b3-a2c1-113c1c56ae81,7fb983e8-6848-5425-97a2-14da72722d0f,2026-05-11,2026-05-17,44.72,8.67,80.78,v1.0.0,2026-06-24T16:42:17.588802+00:00,74bff84c-0733-446b-a298-2f91515a201d
d0ae6d2d-e561-56b3-a2c1-113c1c56ae81,7fb983e8-6848-5425-97a2-14da72722d0f,2026-05-18,2026-05-24,44.82,8.76,80.87,v1.0.0,2026-06-24T16:42:17.588802+00:00,74bff84c-0733-446b-a298-2f91515a201d
d0ae6d2d-e561-56b3-a2c1-113c1c56ae81,7fb983e8-6848-5425-97a2-14da72722d0f,2026-05-25,2026-05-31,44.92,8.86,80.98,v1.0.0,2026-06-24T16:42:17.588802+00:00,74bff84c-0733-446b-a298-2f91515a201d
d0ae6d2d-e561-56b3-a2c1-113c1c56ae81,7fb983e8-6848-5425-97a2-14da72722d0f,2026-06-01,2026-06-07,44.71,8.65,80.77,v1.0.0,2026-06-24T16:42:17.588802+00:00,74bff84c-0733-446b-a298-2f91515a201d
d0ae6d2d-e561-56b3-a2c1-113c1c56ae81,7fb983e8-6848-5425-97a2-14da72722d0f,2026-06-08,2026-06-14,44.93,8.87,80.99,v1.0.0,2026-06-24T16:42:17.588802+00:00,74bff84c-0733-446b-a298-2f91515a201d
d0ae6d2d-e561-56b3-a2c1-113c1c56ae81,7fb983e8-6848-5425-97a2-14da72722d0f,2026-06-15,2026-06-21,45.72,9.66,81.77,v1.0.0,2026-06-24T16:42:17.588802+00:00,74bff84c-0733-446b-a298-2f91515a201d
d0ae6d2d-e561-56b3-a2c1-113c1c56ae81,7fb983e8-6848-5425-97a2-14da72722d0f,2026-06-22,2026-06-28,47.33,11.28,83.39,v1.0.0,2026-06-24T16:42:17.588802+00:00,74bff84c-0733-446b-a298-2f91515a201d
d0ae6d2d-e561-56b3-a2c1-113c1c56ae81,7fb983e8-6848-5425-97a2-14da72722d0f,2026-06-29,2026-07-05,44.72,8.66,80.78,v1.0.0,2026-06-24T16:42:17.588802+00:00,74bff84c-0733-446b-a298-2f91515a201d
d0ae6d2d-e561-56b3-a2c1-113c1c56ae81,7fb983e8-6848-5425-97a2-14da72722d0f,2026-07-06,2026-07-12,45.01,8.95,81.06,v1.0.0,2026-06-24T16:42:17.588802+00:00,74bff84c-0733-446b-a298-2f91515a201d
d0ae6d2d-e561-56b3-a2c1-113c1c56ae81,7fb983e8-6848-5425-97a2-14da72722d0f,2026-07-13,2026-07-19,44.17,8.11,80.23,v1.0.0,2026-06-24T16:42:17.588802+00:00,74bff84c-0733-446b-a298-2f91515a201d
d0ae6d2d-e561-56b3-a2c1-113c1c56ae81,7fb983e8-6848-5425-97a2-14da72722d0f,2026-07-20,2026-07-26,44.83,8.77,80.88,v1.0.0,2026-06-24T16:42:17.588802+00:00,74bff84c-0733-446b-a298-2f91515a201d
d0ae6d2d-e561-56b3-a2c1-113c1c56ae81,7fb983e8-6848-5425-97a2-14da72722d0f,2026-07-27,2026-08-02,43.45,7.39,79.51,v1.0.0,2026-06-24T16:42:17.588802+00:00,74bff84c-0733-446b-a298-2f91515a201d
d0ae6d2d-e561-56b3-a2c1-113c1c56ae81,8ecedccf-c230-516b-bbc2-108f7a6fbe63,2026-05-11,2026-05-17,49.82,13.76,85.87,v1.0.0,2026-06-24T16:42:17.588802+00:00,74bff84c-0733-446b-a298-2f91515a201d
d0ae6d2d-e561-56b3-a2c1-113c1c56ae81,8ecedccf-c230-516b-bbc2-108f7a6fbe63,2026-05-18,2026-05-24,50.39,14.33,86.45,v1.0.0,2026-06-24T16:42:17.588802+00:00,74bff84c-0733-446b-a298-2f91515a201d
d0ae6d2d-e561-56b3-a2c1-113c1c56ae81,8ecedccf-c230-516b-bbc2-108f7a6fbe63,2026-05-25,2026-05-31,51.9,15.84,87.96,v1.0.0,2026-06-24T16:42:17.588802+00:00,74bff84c-0733-446b-a298-2f91515a201d
d0ae6d2d-e561-56b3-a2c1-113c1c56ae81,8ecedccf-c230-516b-bbc2-108f7a6fbe63,2026-06-01,2026-06-07,52.24,16.18,88.3,v1.0.0,2026-06-24T16:42:17.588802+00:00,74bff84c-0733-446b-a298-2f91515a201d
d0ae6d2d-e561-56b3-a2c1-113c1c56ae81,8ecedccf-c230-516b-bbc2-108f7a6fbe63,2026-06-08,2026-06-14,51.61,15.56,87.67,v1.0.0,2026-06-24T16:42:17.588802+00:00,74bff84c-0733-446b-a298-2f91515a201d
d0ae6d2d-e561-56b3-a2c1-113c1c56ae81,8ecedccf-c230-516b-bbc2-108f7a6fbe63,2026-06-15,2026-06-21,49.62,13.56,85.68,v1.0.0,2026-06-24T16:42:17.588802+00:00,74bff84c-0733-446b-a298-2f91515a201d
d0ae6d2d-e561-56b3-a2c1-113c1c56ae81,8ecedccf-c230-516b-bbc2-108f7a6fbe63,2026-06-22,2026-06-28,51.7,15.64,87.76,v1.0.0,2026-06-24T16:42:17.588802+00:00,74bff84c-0733-446b-a298-2f91515a201d
d0ae6d2d-e561-56b3-a2c1-113c1c56ae81,8ecedccf-c230-516b-bbc2-108f7a6fbe63,2026-06-29,2026-07-05,52.07,16.01,88.13,v1.0.0,2026-06-24T16:42:17.588802+00:00,74bff84c-0733-446b-a298-2f91515a201d
d0ae6d2d-e561-56b3-a2c1-113c1c56ae81,8ecedccf-c230-516b-bbc2-108f7a6fbe63,2026-07-06,2026-07-12,50.0,13.95,86.06,v1.0.0,2026-06-24T16:42:17.588802+00:00,74bff84c-0733-446b-a298-2f91515a201d
d0ae6d2d-e561-56b3-a2c1-113c1c56ae81,8ecedccf-c230-516b-bbc2-108f7a6fbe63,2026-07-13,2026-07-19,49.68,13.62,85.74,v1.0.0,2026-06-24T16:42:17.588802+00:00,74bff84c-0733-446b-a298-2f91515a201d
d0ae6d2d-e561-56b3-a2c1-113c1c56ae81,8ecedccf-c230-516b-bbc2-108f7a6fbe63,2026-07-20,2026-07-26,49.97,13.91,86.03,v1.0.0,2026-06-24T16:42:17.588802+00:00,74bff84c-0733-446b-a298-2f91515a201d
d0ae6d2d-e561-56b3-a2c1-113c1c56ae81,8ecedccf-c230-516b-bbc2-108f7a6fbe63,2026-07-27,2026-08-02,50.37,14.31,86.43,v1.0.0,2026-06-24T16:42:17.588802+00:00,74bff84c-0733-446b-a298-2f91515a201d
d0ae6d2d-e561-56b3-a2c1-113c1c56ae81,d6f21f11-7533-52dd-a4dc-2fb8e260c02c,2026-05-11,2026-05-17,37.75,1.69,73.81,v1.0.0,2026-06-24T16:42:17.588802+00:00,74bff84c-0733-446b-a298-2f91515a201d
d0ae6d2d-e561-56b3-a2c1-113c1c56ae81,d6f21f11-7533-52dd-a4dc-2fb8e260c02c,2026-05-18,2026-05-24,40.59,4.53,76.65,v1.0.0,2026-06-24T16:42:17.588802+00:00,74bff84c-0733-446b-a298-2f91515a201d
d0ae6d2d-e561-56b3-a2c1-113c1c56ae81,d6f21f11-7533-52dd-a4dc-2fb8e260c02c,2026-05-25,2026-05-31,37.85,1.79,73.91,v1.0.0,2026-06-24T16:42:17.588802+00:00,74bff84c-0733-446b-a298-2f91515a201d
d0ae6d2d-e561-56b3-a2c1-113c1c56ae81,d6f21f11-7533-52dd-a4dc-2fb8e260c02c,2026-06-01,2026-06-07,37.15,1.09,73.21,v1.0.0,2026-06-24T16:42:17.588802+00:00,74bff84c-0733-446b-a298-2f91515a201d
d0ae6d2d-e561-56b3-a2c1-113c1c56ae81,d6f21f11-7533-52dd-a4dc-2fb8e260c02c,2026-06-08,2026-06-14,39.08,3.02,75.13,v1.0.0,2026-06-24T16:42:17.588802+00:00,74bff84c-0733-446b-a298-2f91515a201d
d0ae6d2d-e561-56b3-a2c1-113c1c56ae81,d6f21f11-7533-52dd-a4dc-2fb8e260c02c,2026-06-15,2026-06-21,38.1,2.04,74.16,v1.0.0,2026-06-24T16:42:17.588802+00:00,74bff84c-0733-446b-a298-2f91515a201d
d0ae6d2d-e561-56b3-a2c1-113c1c56ae81,d6f21f11-7533-52dd-a4dc-2fb8e260c02c,2026-06-22,2026-06-28,38.87,2.81,74.93,v1.0.0,2026-06-24T16:42:17.588802+00:00,74bff84c-0733-446b-a298-2f91515a201d
d0ae6d2d-e561-56b3-a2c1-113c1c56ae81,d6f21f11-7533-52dd-a4dc-2fb8e260c02c,2026-06-29,2026-07-05,40.61,4.55,76.67,v1.0.0,2026-06-24T16:42:17.588802+00:00,74bff84c-0733-446b-a298-2f91515a201d
d0ae6d2d-e561-56b3-a2c1-113c1c56ae81,d6f21f11-7533-52dd-a4dc-2fb8e260c02c,2026-07-06,2026-07-12,38.06,2.0,74.12,v1.0.0,2026-06-24T16:42:17.588802+00:00,74bff84c-0733-446b-a298-2f91515a201d
d0ae6d2d-e561-56b3-a2c1-113c1c56ae81,d6f21f11-7533-52dd-a4dc-2fb8e260c02c,2026-07-13,2026-07-19,37.12,1.06,73.18,v1.0.0,2026-06-24T16:42:17.588802+00:00,74bff84c-0733-446b-a298-2f91515a201d
d0ae6d2d-e561-56b3-a2c1-113c1c56ae81,d6f21f11-7533-52dd-a4dc-2fb8e260c02c,2026-07-20,2026-07-26,38.52,2.46,74.58,v1.0.0,2026-06-24T16:42:17.588802+00:00,74bff84c-0733-446b-a298-2f91515a201d
d0ae6d2d-e561-56b3-a2c1-113c1c56ae81,d6f21f11-7533-52dd-a4dc-2fb8e260c02c,2026-07-27,2026-08-02,37.46,1.4,73.52,v1.0.0,2026-06-24T16:42:17.588802+00:00,74bff84c-0733-446b-a298-2f91515a201d
d2f08f15-f9f2-5f65-a740-b05896774467,26f7241d-a84e-5e4a-a43d-33eea1e54eea,2026-05-11,2026-05-17,68.21,32.16,104.27,v1.0.0,2026-06-24T16:42:17.588802+00:00,74bff84c-0733-446b-a298-2f91515a201d
d2f08f15-f9f2-5f65-a740-b05896774467,26f7241d-a84e-5e4a-a43d-33eea1e54eea,2026-05-18,2026-05-24,74.99,38.93,111.05,v1.0.0,2026-06-24T16:42:17.588802+00:00,74bff84c-0733-446b-a298-2f91515a201d
d2f08f15-f9f2-5f65-a740-b05896774467,26f7241d-a84e-5e4a-a43d-33eea1e54eea,2026-05-25,2026-05-31,75.8,39.74,111.86,v1.0.0,2026-06-24T16:42:17.588802+00:00,74bff84c-0733-446b-a298-2f91515a201d
d2f08f15-f9f2-5f65-a740-b05896774467,26f7241d-a84e-5e4a-a43d-33eea1e54eea,2026-06-01,2026-06-07,74.13,38.07,110.18,v1.0.0,2026-06-24T16:42:17.588802+00:00,74bff84c-0733-446b-a298-2f91515a201d
d2f08f15-f9f2-5f65-a740-b05896774467,26f7241d-a84e-5e4a-a43d-33eea1e54eea,2026-06-08,2026-06-14,73.24,37.18,109.3,v1.0.0,2026-06-24T16:42:17.588802+00:00,74bff84c-0733-446b-a298-2f91515a201d
d2f08f15-f9f2-5f65-a740-b05896774467,26f7241d-a84e-5e4a-a43d-33eea1e54eea,2026-06-15,2026-06-21,73.48,37.42,109.53,v1.0.0,2026-06-24T16:42:17.588802+00:00,74bff84c-0733-446b-a298-2f91515a201d
d2f08f15-f9f2-5f65-a740-b05896774467,26f7241d-a84e-5e4a-a43d-33eea1e54eea,2026-06-22,2026-06-28,76.7,40.64,112.76,v1.0.0,2026-06-24T16:42:17.588802+00:00,74bff84c-0733-446b-a298-2f91515a201d
d2f08f15-f9f2-5f65-a740-b05896774467,26f7241d-a84e-5e4a-a43d-33eea1e54eea,2026-06-29,2026-07-05,74.22,38.16,110.27,v1.0.0,2026-06-24T16:42:17.588802+00:00,74bff84c-0733-446b-a298-2f91515a201d
d2f08f15-f9f2-5f65-a740-b05896774467,26f7241d-a84e-5e4a-a43d-33eea1e54eea,2026-07-06,2026-07-12,78.06,42.0,114.12,v1.0.0,2026-06-24T16:42:17.588802+00:00,74bff84c-0733-446b-a298-2f91515a201d
d2f08f15-f9f2-5f65-a740-b05896774467,26f7241d-a84e-5e4a-a43d-33eea1e54eea,2026-07-13,2026-07-19,71.52,35.46,107.58,v1.0.0,2026-06-24T16:42:17.588802+00:00,74bff84c-0733-446b-a298-2f91515a201d
d2f08f15-f9f2-5f65-a740-b05896774467,26f7241d-a84e-5e4a-a43d-33eea1e54eea,2026-07-20,2026-07-26,74.61,38.55,110.67,v1.0.0,2026-06-24T16:42:17.588802+00:00,74bff84c-0733-446b-a298-2f91515a201d
d2f08f15-f9f2-5f65-a740-b05896774467,26f7241d-a84e-5e4a-a43d-33eea1e54eea,2026-07-27,2026-08-02,74.53,38.47,110.59,v1.0.0,2026-06-24T16:42:17.588802+00:00,74bff84c-0733-446b-a298-2f91515a201d
d2f08f15-f9f2-5f65-a740-b05896774467,43616d97-2221-569d-82eb-bcc14bcd6344,2026-05-11,2026-05-17,63.33,27.28,99.39,v1.0.0,2026-06-24T16:42:17.588802+00:00,74bff84c-0733-446b-a298-2f91515a201d
d2f08f15-f9f2-5f65-a740-b05896774467,43616d97-2221-569d-82eb-bcc14bcd6344,2026-05-18,2026-05-24,69.68,33.62,105.74,v1.0.0,2026-06-24T16:42:17.588802+00:00,74bff84c-0733-446b-a298-2f91515a201d
d2f08f15-f9f2-5f65-a740-b05896774467,43616d97-2221-569d-82eb-bcc14bcd6344,2026-05-25,2026-05-31,70.73,34.67,106.79,v1.0.0,2026-06-24T16:42:17.588802+00:00,74bff84c-0733-446b-a298-2f91515a201d
d2f08f15-f9f2-5f65-a740-b05896774467,43616d97-2221-569d-82eb-bcc14bcd6344,2026-06-01,2026-06-07,63.86,27.8,99.92,v1.0.0,2026-06-24T16:42:17.588802+00:00,74bff84c-0733-446b-a298-2f91515a201d
d2f08f15-f9f2-5f65-a740-b05896774467,43616d97-2221-569d-82eb-bcc14bcd6344,2026-06-08,2026-06-14,65.6,29.54,101.66,v1.0.0,2026-06-24T16:42:17.588802+00:00,74bff84c-0733-446b-a298-2f91515a201d
d2f08f15-f9f2-5f65-a740-b05896774467,43616d97-2221-569d-82eb-bcc14bcd6344,2026-06-15,2026-06-21,69.58,33.52,105.64,v1.0.0,2026-06-24T16:42:17.588802+00:00,74bff84c-0733-446b-a298-2f91515a201d
d2f08f15-f9f2-5f65-a740-b05896774467,43616d97-2221-569d-82eb-bcc14bcd6344,2026-06-22,2026-06-28,67.12,31.06,103.17,v1.0.0,2026-06-24T16:42:17.588802+00:00,74bff84c-0733-446b-a298-2f91515a201d
d2f08f15-f9f2-5f65-a740-b05896774467,43616d97-2221-569d-82eb-bcc14bcd6344,2026-06-29,2026-07-05,64.71,28.65,100.77,v1.0.0,2026-06-24T16:42:17.588802+00:00,74bff84c-0733-446b-a298-2f91515a201d
d2f08f15-f9f2-5f65-a740-b05896774467,43616d97-2221-569d-82eb-bcc14bcd6344,2026-07-06,2026-07-12,65.48,29.42,101.54,v1.0.0,2026-06-24T16:42:17.588802+00:00,74bff84c-0733-446b-a298-2f91515a201d
d2f08f15-f9f2-5f65-a740-b05896774467,43616d97-2221-569d-82eb-bcc14bcd6344,2026-07-13,2026-07-19,68.3,32.24,104.36,v1.0.0,2026-06-24T16:42:17.588802+00:00,74bff84c-0733-446b-a298-2f91515a201d
d2f08f15-f9f2-5f65-a740-b05896774467,43616d97-2221-569d-82eb-bcc14bcd6344,2026-07-20,2026-07-26,67.79,31.74,103.85,v1.0.0,2026-06-24T16:42:17.588802+00:00,74bff84c-0733-446b-a298-2f91515a201d
d2f08f15-f9f2-5f65-a740-b05896774467,43616d97-2221-569d-82eb-bcc14bcd6344,2026-07-27,2026-08-02,66.57,30.51,102.63,v1.0.0,2026-06-24T16:42:17.588802+00:00,74bff84c-0733-446b-a298-2f91515a201d
d2f08f15-f9f2-5f65-a740-b05896774467,7fb983e8-6848-5425-97a2-14da72722d0f,2026-05-11,2026-05-17,63.36,27.31,99.42,v1.0.0,2026-06-24T16:42:17.588802+00:00,74bff84c-0733-446b-a298-2f91515a201d
d2f08f15-f9f2-5f65-a740-b05896774467,7fb983e8-6848-5425-97a2-14da72722d0f,2026-05-18,2026-05-24,65.24,29.18,101.3,v1.0.0,2026-06-24T16:42:17.588802+00:00,74bff84c-0733-446b-a298-2f91515a201d
d2f08f15-f9f2-5f65-a740-b05896774467,7fb983e8-6848-5425-97a2-14da72722d0f,2026-05-25,2026-05-31,63.16,27.1,99.22,v1.0.0,2026-06-24T16:42:17.588802+00:00,74bff84c-0733-446b-a298-2f91515a201d
d2f08f15-f9f2-5f65-a740-b05896774467,7fb983e8-6848-5425-97a2-14da72722d0f,2026-06-01,2026-06-07,62.65,26.59,98.7,v1.0.0,2026-06-24T16:42:17.588802+00:00,74bff84c-0733-446b-a298-2f91515a201d
d2f08f15-f9f2-5f65-a740-b05896774467,7fb983e8-6848-5425-97a2-14da72722d0f,2026-06-08,2026-06-14,64.84,28.78,100.9,v1.0.0,2026-06-24T16:42:17.588802+00:00,74bff84c-0733-446b-a298-2f91515a201d
d2f08f15-f9f2-5f65-a740-b05896774467,7fb983e8-6848-5425-97a2-14da72722d0f,2026-06-15,2026-06-21,63.66,27.6,99.72,v1.0.0,2026-06-24T16:42:17.588802+00:00,74bff84c-0733-446b-a298-2f91515a201d
d2f08f15-f9f2-5f65-a740-b05896774467,7fb983e8-6848-5425-97a2-14da72722d0f,2026-06-22,2026-06-28,63.5,27.44,99.55,v1.0.0,2026-06-24T16:42:17.588802+00:00,74bff84c-0733-446b-a298-2f91515a201d
d2f08f15-f9f2-5f65-a740-b05896774467,7fb983e8-6848-5425-97a2-14da72722d0f,2026-06-29,2026-07-05,63.83,27.77,99.89,v1.0.0,2026-06-24T16:42:17.588802+00:00,74bff84c-0733-446b-a298-2f91515a201d
d2f08f15-f9f2-5f65-a740-b05896774467,7fb983e8-6848-5425-97a2-14da72722d0f,2026-07-06,2026-07-12,63.61,27.55,99.67,v1.0.0,2026-06-24T16:42:17.588802+00:00,74bff84c-0733-446b-a298-2f91515a201d
d2f08f15-f9f2-5f65-a740-b05896774467,7fb983e8-6848-5425-97a2-14da72722d0f,2026-07-13,2026-07-19,63.49,27.43,99.54,v1.0.0,2026-06-24T16:42:17.588802+00:00,74bff84c-0733-446b-a298-2f91515a201d
d2f08f15-f9f2-5f65-a740-b05896774467,7fb983e8-6848-5425-97a2-14da72722d0f,2026-07-20,2026-07-26,63.45,27.4,99.51,v1.0.0,2026-06-24T16:42:17.588802+00:00,74bff84c-0733-446b-a298-2f91515a201d
d2f08f15-f9f2-5f65-a740-b05896774467,7fb983e8-6848-5425-97a2-14da72722d0f,2026-07-27,2026-08-02,63.43,27.37,99.49,v1.0.0,2026-06-24T16:42:17.588802+00:00,74bff84c-0733-446b-a298-2f91515a201d
d2f08f15-f9f2-5f65-a740-b05896774467,8ecedccf-c230-516b-bbc2-108f7a6fbe63,2026-05-11,2026-05-17,58.83,22.77,94.89,v1.0.0,2026-06-24T16:42:17.588802+00:00,74bff84c-0733-446b-a298-2f91515a201d
d2f08f15-f9f2-5f65-a740-b05896774467,8ecedccf-c230-516b-bbc2-108f7a6fbe63,2026-05-18,2026-05-24,58.26,22.21,94.32,v1.0.0,2026-06-24T16:42:17.588802+00:00,74bff84c-0733-446b-a298-2f91515a201d
d2f08f15-f9f2-5f65-a740-b05896774467,8ecedccf-c230-516b-bbc2-108f7a6fbe63,2026-05-25,2026-05-31,58.52,22.46,94.58,v1.0.0,2026-06-24T16:42:17.588802+00:00,74bff84c-0733-446b-a298-2f91515a201d
d2f08f15-f9f2-5f65-a740-b05896774467,8ecedccf-c230-516b-bbc2-108f7a6fbe63,2026-06-01,2026-06-07,66.07,30.02,102.13,v1.0.0,2026-06-24T16:42:17.588802+00:00,74bff84c-0733-446b-a298-2f91515a201d
d2f08f15-f9f2-5f65-a740-b05896774467,8ecedccf-c230-516b-bbc2-108f7a6fbe63,2026-06-08,2026-06-14,61.45,25.39,97.51,v1.0.0,2026-06-24T16:42:17.588802+00:00,74bff84c-0733-446b-a298-2f91515a201d
d2f08f15-f9f2-5f65-a740-b05896774467,8ecedccf-c230-516b-bbc2-108f7a6fbe63,2026-06-15,2026-06-21,60.23,24.17,96.29,v1.0.0,2026-06-24T16:42:17.588802+00:00,74bff84c-0733-446b-a298-2f91515a201d
d2f08f15-f9f2-5f65-a740-b05896774467,8ecedccf-c230-516b-bbc2-108f7a6fbe63,2026-06-22,2026-06-28,69.64,33.58,105.7,v1.0.0,2026-06-24T16:42:17.588802+00:00,74bff84c-0733-446b-a298-2f91515a201d
d2f08f15-f9f2-5f65-a740-b05896774467,8ecedccf-c230-516b-bbc2-108f7a6fbe63,2026-06-29,2026-07-05,58.22,22.16,94.28,v1.0.0,2026-06-24T16:42:17.588802+00:00,74bff84c-0733-446b-a298-2f91515a201d
d2f08f15-f9f2-5f65-a740-b05896774467,8ecedccf-c230-516b-bbc2-108f7a6fbe63,2026-07-06,2026-07-12,62.48,26.42,98.54,v1.0.0,2026-06-24T16:42:17.588802+00:00,74bff84c-0733-446b-a298-2f91515a201d
d2f08f15-f9f2-5f65-a740-b05896774467,8ecedccf-c230-516b-bbc2-108f7a6fbe63,2026-07-13,2026-07-19,60.59,24.53,96.65,v1.0.0,2026-06-24T16:42:17.588802+00:00,74bff84c-0733-446b-a298-2f91515a201d
d2f08f15-f9f2-5f65-a740-b05896774467,8ecedccf-c230-516b-bbc2-108f7a6fbe63,2026-07-20,2026-07-26,57.16,21.1,93.22,v1.0.0,2026-06-24T16:42:17.588802+00:00,74bff84c-0733-446b-a298-2f91515a201d
d2f08f15-f9f2-5f65-a740-b05896774467,8ecedccf-c230-516b-bbc2-108f7a6fbe63,2026-07-27,2026-08-02,60.65,24.59,96.7,v1.0.0,2026-06-24T16:42:17.588802+00:00,74bff84c-0733-446b-a298-2f91515a201d
d2f08f15-f9f2-5f65-a740-b05896774467,d6f21f11-7533-52dd-a4dc-2fb8e260c02c,2026-05-11,2026-05-17,54.35,18.29,90.41,v1.0.0,2026-06-24T16:42:17.588802+00:00,74bff84c-0733-446b-a298-2f91515a201d
d2f08f15-f9f2-5f65-a740-b05896774467,d6f21f11-7533-52dd-a4dc-2fb8e260c02c,2026-05-18,2026-05-24,53.72,17.66,89.78,v1.0.0,2026-06-24T16:42:17.588802+00:00,74bff84c-0733-446b-a298-2f91515a201d
d2f08f15-f9f2-5f65-a740-b05896774467,d6f21f11-7533-52dd-a4dc-2fb8e260c02c,2026-05-25,2026-05-31,54.69,18.63,90.74,v1.0.0,2026-06-24T16:42:17.588802+00:00,74bff84c-0733-446b-a298-2f91515a201d
d2f08f15-f9f2-5f65-a740-b05896774467,d6f21f11-7533-52dd-a4dc-2fb8e260c02c,2026-06-01,2026-06-07,55.03,18.97,91.09,v1.0.0,2026-06-24T16:42:17.588802+00:00,74bff84c-0733-446b-a298-2f91515a201d
d2f08f15-f9f2-5f65-a740-b05896774467,d6f21f11-7533-52dd-a4dc-2fb8e260c02c,2026-06-08,2026-06-14,52.71,16.65,88.77,v1.0.0,2026-06-24T16:42:17.588802+00:00,74bff84c-0733-446b-a298-2f91515a201d
d2f08f15-f9f2-5f65-a740-b05896774467,d6f21f11-7533-52dd-a4dc-2fb8e260c02c,2026-06-15,2026-06-21,52.73,16.67,88.79,v1.0.0,2026-06-24T16:42:17.588802+00:00,74bff84c-0733-446b-a298-2f91515a201d
d2f08f15-f9f2-5f65-a740-b05896774467,d6f21f11-7533-52dd-a4dc-2fb8e260c02c,2026-06-22,2026-06-28,52.13,16.07,88.19,v1.0.0,2026-06-24T16:42:17.588802+00:00,74bff84c-0733-446b-a298-2f91515a201d
d2f08f15-f9f2-5f65-a740-b05896774467,d6f21f11-7533-52dd-a4dc-2fb8e260c02c,2026-06-29,2026-07-05,52.71,16.65,88.77,v1.0.0,2026-06-24T16:42:17.588802+00:00,74bff84c-0733-446b-a298-2f91515a201d
d2f08f15-f9f2-5f65-a740-b05896774467,d6f21f11-7533-52dd-a4dc-2fb8e260c02c,2026-07-06,2026-07-12,54.86,18.81,90.92,v1.0.0,2026-06-24T16:42:17.588802+00:00,74bff84c-0733-446b-a298-2f91515a201d
d2f08f15-f9f2-5f65-a740-b05896774467,d6f21f11-7533-52dd-a4dc-2fb8e260c02c,2026-07-13,2026-07-19,52.52,16.46,88.58,v1.0.0,2026-06-24T16:42:17.588802+00:00,74bff84c-0733-446b-a298-2f91515a201d
d2f08f15-f9f2-5f65-a740-b05896774467,d6f21f11-7533-52dd-a4dc-2fb8e260c02c,2026-07-20,2026-07-26,52.57,16.51,88.63,v1.0.0,2026-06-24T16:42:17.588802+00:00,74bff84c-0733-446b-a298-2f91515a201d
d2f08f15-f9f2-5f65-a740-b05896774467,d6f21f11-7533-52dd-a4dc-2fb8e260c02c,2026-07-27,2026-08-02,52.64,16.58,88.7,v1.0.0,2026-06-24T16:42:17.588802+00:00,74bff84c-0733-446b-a298-2f91515a201d
d3961f5a-3ea7-53d3-89f4-78b65b0c0c6b,26f7241d-a84e-5e4a-a43d-33eea1e54eea,2026-05-11,2026-05-17,138.26,102.2,174.32,v1.0.0,2026-06-24T16:42:17.588802+00:00,74bff84c-0733-446b-a298-2f91515a201d
d3961f5a-3ea7-53d3-89f4-78b65b0c0c6b,26f7241d-a84e-5e4a-a43d-33eea1e54eea,2026-05-18,2026-05-24,147.91,111.85,183.97,v1.0.0,2026-06-24T16:42:17.588802+00:00,74bff84c-0733-446b-a298-2f91515a201d
d3961f5a-3ea7-53d3-89f4-78b65b0c0c6b,26f7241d-a84e-5e4a-a43d-33eea1e54eea,2026-05-25,2026-05-31,145.67,109.61,181.73,v1.0.0,2026-06-24T16:42:17.588802+00:00,74bff84c-0733-446b-a298-2f91515a201d
d3961f5a-3ea7-53d3-89f4-78b65b0c0c6b,26f7241d-a84e-5e4a-a43d-33eea1e54eea,2026-06-01,2026-06-07,148.27,112.22,184.33,v1.0.0,2026-06-24T16:42:17.588802+00:00,74bff84c-0733-446b-a298-2f91515a201d
d3961f5a-3ea7-53d3-89f4-78b65b0c0c6b,26f7241d-a84e-5e4a-a43d-33eea1e54eea,2026-06-08,2026-06-14,145.62,109.56,181.67,v1.0.0,2026-06-24T16:42:17.588802+00:00,74bff84c-0733-446b-a298-2f91515a201d
d3961f5a-3ea7-53d3-89f4-78b65b0c0c6b,26f7241d-a84e-5e4a-a43d-33eea1e54eea,2026-06-15,2026-06-21,146.66,110.6,182.72,v1.0.0,2026-06-24T16:42:17.588802+00:00,74bff84c-0733-446b-a298-2f91515a201d
d3961f5a-3ea7-53d3-89f4-78b65b0c0c6b,26f7241d-a84e-5e4a-a43d-33eea1e54eea,2026-06-22,2026-06-28,148.86,112.8,184.92,v1.0.0,2026-06-24T16:42:17.588802+00:00,74bff84c-0733-446b-a298-2f91515a201d
d3961f5a-3ea7-53d3-89f4-78b65b0c0c6b,26f7241d-a84e-5e4a-a43d-33eea1e54eea,2026-06-29,2026-07-05,149.77,113.71,185.83,v1.0.0,2026-06-24T16:42:17.588802+00:00,74bff84c-0733-446b-a298-2f91515a201d
d3961f5a-3ea7-53d3-89f4-78b65b0c0c6b,26f7241d-a84e-5e4a-a43d-33eea1e54eea,2026-07-06,2026-07-12,142.52,106.46,178.58,v1.0.0,2026-06-24T16:42:17.588802+00:00,74bff84c-0733-446b-a298-2f91515a201d
d3961f5a-3ea7-53d3-89f4-78b65b0c0c6b,26f7241d-a84e-5e4a-a43d-33eea1e54eea,2026-07-13,2026-07-19,143.82,107.76,179.88,v1.0.0,2026-06-24T16:42:17.588802+00:00,74bff84c-0733-446b-a298-2f91515a201d
d3961f5a-3ea7-53d3-89f4-78b65b0c0c6b,26f7241d-a84e-5e4a-a43d-33eea1e54eea,2026-07-20,2026-07-26,139.07,103.01,175.13,v1.0.0,2026-06-24T16:42:17.588802+00:00,74bff84c-0733-446b-a298-2f91515a201d
d3961f5a-3ea7-53d3-89f4-78b65b0c0c6b,26f7241d-a84e-5e4a-a43d-33eea1e54eea,2026-07-27,2026-08-02,140.98,104.92,177.04,v1.0.0,2026-06-24T16:42:17.588802+00:00,74bff84c-0733-446b-a298-2f91515a201d
d3961f5a-3ea7-53d3-89f4-78b65b0c0c6b,43616d97-2221-569d-82eb-bcc14bcd6344,2026-05-11,2026-05-17,141.56,105.5,177.62,v1.0.0,2026-06-24T16:42:17.588802+00:00,74bff84c-0733-446b-a298-2f91515a201d
d3961f5a-3ea7-53d3-89f4-78b65b0c0c6b,43616d97-2221-569d-82eb-bcc14bcd6344,2026-05-18,2026-05-24,155.75,119.69,191.8,v1.0.0,2026-06-24T16:42:17.588802+00:00,74bff84c-0733-446b-a298-2f91515a201d
d3961f5a-3ea7-53d3-89f4-78b65b0c0c6b,43616d97-2221-569d-82eb-bcc14bcd6344,2026-05-25,2026-05-31,117.67,81.61,153.73,v1.0.0,2026-06-24T16:42:17.588802+00:00,74bff84c-0733-446b-a298-2f91515a201d
d3961f5a-3ea7-53d3-89f4-78b65b0c0c6b,43616d97-2221-569d-82eb-bcc14bcd6344,2026-06-01,2026-06-07,146.58,110.52,182.64,v1.0.0,2026-06-24T16:42:17.588802+00:00,74bff84c-0733-446b-a298-2f91515a201d
d3961f5a-3ea7-53d3-89f4-78b65b0c0c6b,43616d97-2221-569d-82eb-bcc14bcd6344,2026-06-08,2026-06-14,142.92,106.86,178.98,v1.0.0,2026-06-24T16:42:17.588802+00:00,74bff84c-0733-446b-a298-2f91515a201d
d3961f5a-3ea7-53d3-89f4-78b65b0c0c6b,43616d97-2221-569d-82eb-bcc14bcd6344,2026-06-15,2026-06-21,151.59,115.54,187.65,v1.0.0,2026-06-24T16:42:17.588802+00:00,74bff84c-0733-446b-a298-2f91515a201d
d3961f5a-3ea7-53d3-89f4-78b65b0c0c6b,43616d97-2221-569d-82eb-bcc14bcd6344,2026-06-22,2026-06-28,136.23,100.17,172.28,v1.0.0,2026-06-24T16:42:17.588802+00:00,74bff84c-0733-446b-a298-2f91515a201d
d3961f5a-3ea7-53d3-89f4-78b65b0c0c6b,43616d97-2221-569d-82eb-bcc14bcd6344,2026-06-29,2026-07-05,171.68,135.62,207.74,v1.0.0,2026-06-24T16:42:17.588802+00:00,74bff84c-0733-446b-a298-2f91515a201d
d3961f5a-3ea7-53d3-89f4-78b65b0c0c6b,43616d97-2221-569d-82eb-bcc14bcd6344,2026-07-06,2026-07-12,138.93,102.87,174.98,v1.0.0,2026-06-24T16:42:17.588802+00:00,74bff84c-0733-446b-a298-2f91515a201d
d3961f5a-3ea7-53d3-89f4-78b65b0c0c6b,43616d97-2221-569d-82eb-bcc14bcd6344,2026-07-13,2026-07-19,148.99,112.93,185.05,v1.0.0,2026-06-24T16:42:17.588802+00:00,74bff84c-0733-446b-a298-2f91515a201d
d3961f5a-3ea7-53d3-89f4-78b65b0c0c6b,43616d97-2221-569d-82eb-bcc14bcd6344,2026-07-20,2026-07-26,108.37,72.31,144.43,v1.0.0,2026-06-24T16:42:17.588802+00:00,74bff84c-0733-446b-a298-2f91515a201d
d3961f5a-3ea7-53d3-89f4-78b65b0c0c6b,43616d97-2221-569d-82eb-bcc14bcd6344,2026-07-27,2026-08-02,182.32,146.26,218.38,v1.0.0,2026-06-24T16:42:17.588802+00:00,74bff84c-0733-446b-a298-2f91515a201d
d3961f5a-3ea7-53d3-89f4-78b65b0c0c6b,7fb983e8-6848-5425-97a2-14da72722d0f,2026-05-11,2026-05-17,129.02,92.96,165.08,v1.0.0,2026-06-24T16:42:17.588802+00:00,74bff84c-0733-446b-a298-2f91515a201d
d3961f5a-3ea7-53d3-89f4-78b65b0c0c6b,7fb983e8-6848-5425-97a2-14da72722d0f,2026-05-18,2026-05-24,124.98,88.92,161.04,v1.0.0,2026-06-24T16:42:17.588802+00:00,74bff84c-0733-446b-a298-2f91515a201d
d3961f5a-3ea7-53d3-89f4-78b65b0c0c6b,7fb983e8-6848-5425-97a2-14da72722d0f,2026-05-25,2026-05-31,122.44,86.39,158.5,v1.0.0,2026-06-24T16:42:17.588802+00:00,74bff84c-0733-446b-a298-2f91515a201d
d3961f5a-3ea7-53d3-89f4-78b65b0c0c6b,7fb983e8-6848-5425-97a2-14da72722d0f,2026-06-01,2026-06-07,123.94,87.88,160.0,v1.0.0,2026-06-24T16:42:17.588802+00:00,74bff84c-0733-446b-a298-2f91515a201d
d3961f5a-3ea7-53d3-89f4-78b65b0c0c6b,7fb983e8-6848-5425-97a2-14da72722d0f,2026-06-08,2026-06-14,129.86,93.8,165.92,v1.0.0,2026-06-24T16:42:17.588802+00:00,74bff84c-0733-446b-a298-2f91515a201d
d3961f5a-3ea7-53d3-89f4-78b65b0c0c6b,7fb983e8-6848-5425-97a2-14da72722d0f,2026-06-15,2026-06-21,126.68,90.62,162.74,v1.0.0,2026-06-24T16:42:17.588802+00:00,74bff84c-0733-446b-a298-2f91515a201d
d3961f5a-3ea7-53d3-89f4-78b65b0c0c6b,7fb983e8-6848-5425-97a2-14da72722d0f,2026-06-22,2026-06-28,124.82,88.76,160.87,v1.0.0,2026-06-24T16:42:17.588802+00:00,74bff84c-0733-446b-a298-2f91515a201d
d3961f5a-3ea7-53d3-89f4-78b65b0c0c6b,7fb983e8-6848-5425-97a2-14da72722d0f,2026-06-29,2026-07-05,147.28,111.22,183.33,v1.0.0,2026-06-24T16:42:17.588802+00:00,74bff84c-0733-446b-a298-2f91515a201d
d3961f5a-3ea7-53d3-89f4-78b65b0c0c6b,7fb983e8-6848-5425-97a2-14da72722d0f,2026-07-06,2026-07-12,128.92,92.86,164.98,v1.0.0,2026-06-24T16:42:17.588802+00:00,74bff84c-0733-446b-a298-2f91515a201d
d3961f5a-3ea7-53d3-89f4-78b65b0c0c6b,7fb983e8-6848-5425-97a2-14da72722d0f,2026-07-13,2026-07-19,118.91,82.85,154.97,v1.0.0,2026-06-24T16:42:17.588802+00:00,74bff84c-0733-446b-a298-2f91515a201d
d3961f5a-3ea7-53d3-89f4-78b65b0c0c6b,7fb983e8-6848-5425-97a2-14da72722d0f,2026-07-20,2026-07-26,129.14,93.08,165.2,v1.0.0,2026-06-24T16:42:17.588802+00:00,74bff84c-0733-446b-a298-2f91515a201d
d3961f5a-3ea7-53d3-89f4-78b65b0c0c6b,7fb983e8-6848-5425-97a2-14da72722d0f,2026-07-27,2026-08-02,127.84,91.78,163.9,v1.0.0,2026-06-24T16:42:17.588802+00:00,74bff84c-0733-446b-a298-2f91515a201d
d3961f5a-3ea7-53d3-89f4-78b65b0c0c6b,8ecedccf-c230-516b-bbc2-108f7a6fbe63,2026-05-11,2026-05-17,110.65,74.6,146.71,v1.0.0,2026-06-24T16:42:17.588802+00:00,74bff84c-0733-446b-a298-2f91515a201d
d3961f5a-3ea7-53d3-89f4-78b65b0c0c6b,8ecedccf-c230-516b-bbc2-108f7a6fbe63,2026-05-18,2026-05-24,109.91,73.85,145.97,v1.0.0,2026-06-24T16:42:17.588802+00:00,74bff84c-0733-446b-a298-2f91515a201d
d3961f5a-3ea7-53d3-89f4-78b65b0c0c6b,8ecedccf-c230-516b-bbc2-108f7a6fbe63,2026-05-25,2026-05-31,129.12,93.06,165.18,v1.0.0,2026-06-24T16:42:17.588802+00:00,74bff84c-0733-446b-a298-2f91515a201d
d3961f5a-3ea7-53d3-89f4-78b65b0c0c6b,8ecedccf-c230-516b-bbc2-108f7a6fbe63,2026-06-01,2026-06-07,146.84,110.79,182.9,v1.0.0,2026-06-24T16:42:17.588802+00:00,74bff84c-0733-446b-a298-2f91515a201d
d3961f5a-3ea7-53d3-89f4-78b65b0c0c6b,8ecedccf-c230-516b-bbc2-108f7a6fbe63,2026-06-08,2026-06-14,153.95,117.89,190.01,v1.0.0,2026-06-24T16:42:17.588802+00:00,74bff84c-0733-446b-a298-2f91515a201d
d3961f5a-3ea7-53d3-89f4-78b65b0c0c6b,8ecedccf-c230-516b-bbc2-108f7a6fbe63,2026-06-15,2026-06-21,144.13,108.07,180.18,v1.0.0,2026-06-24T16:42:17.588802+00:00,74bff84c-0733-446b-a298-2f91515a201d
d3961f5a-3ea7-53d3-89f4-78b65b0c0c6b,8ecedccf-c230-516b-bbc2-108f7a6fbe63,2026-06-22,2026-06-28,138.1,102.04,174.16,v1.0.0,2026-06-24T16:42:17.588802+00:00,74bff84c-0733-446b-a298-2f91515a201d
d3961f5a-3ea7-53d3-89f4-78b65b0c0c6b,8ecedccf-c230-516b-bbc2-108f7a6fbe63,2026-06-29,2026-07-05,143.33,107.27,179.39,v1.0.0,2026-06-24T16:42:17.588802+00:00,74bff84c-0733-446b-a298-2f91515a201d
d3961f5a-3ea7-53d3-89f4-78b65b0c0c6b,8ecedccf-c230-516b-bbc2-108f7a6fbe63,2026-07-06,2026-07-12,133.92,97.86,169.98,v1.0.0,2026-06-24T16:42:17.588802+00:00,74bff84c-0733-446b-a298-2f91515a201d
d3961f5a-3ea7-53d3-89f4-78b65b0c0c6b,8ecedccf-c230-516b-bbc2-108f7a6fbe63,2026-07-13,2026-07-19,129.73,93.67,165.79,v1.0.0,2026-06-24T16:42:17.588802+00:00,74bff84c-0733-446b-a298-2f91515a201d
d3961f5a-3ea7-53d3-89f4-78b65b0c0c6b,8ecedccf-c230-516b-bbc2-108f7a6fbe63,2026-07-20,2026-07-26,143.35,107.29,179.41,v1.0.0,2026-06-24T16:42:17.588802+00:00,74bff84c-0733-446b-a298-2f91515a201d
d3961f5a-3ea7-53d3-89f4-78b65b0c0c6b,8ecedccf-c230-516b-bbc2-108f7a6fbe63,2026-07-27,2026-08-02,150.77,114.72,186.83,v1.0.0,2026-06-24T16:42:17.588802+00:00,74bff84c-0733-446b-a298-2f91515a201d
d3961f5a-3ea7-53d3-89f4-78b65b0c0c6b,d6f21f11-7533-52dd-a4dc-2fb8e260c02c,2026-05-11,2026-05-17,108.84,72.78,144.9,v1.0.0,2026-06-24T16:42:17.588802+00:00,74bff84c-0733-446b-a298-2f91515a201d
d3961f5a-3ea7-53d3-89f4-78b65b0c0c6b,d6f21f11-7533-52dd-a4dc-2fb8e260c02c,2026-05-18,2026-05-24,112.68,76.63,148.74,v1.0.0,2026-06-24T16:42:17.588802+00:00,74bff84c-0733-446b-a298-2f91515a201d
d3961f5a-3ea7-53d3-89f4-78b65b0c0c6b,d6f21f11-7533-52dd-a4dc-2fb8e260c02c,2026-05-25,2026-05-31,109.41,73.35,145.47,v1.0.0,2026-06-24T16:42:17.588802+00:00,74bff84c-0733-446b-a298-2f91515a201d
d3961f5a-3ea7-53d3-89f4-78b65b0c0c6b,d6f21f11-7533-52dd-a4dc-2fb8e260c02c,2026-06-01,2026-06-07,114.12,78.06,150.17,v1.0.0,2026-06-24T16:42:17.588802+00:00,74bff84c-0733-446b-a298-2f91515a201d
d3961f5a-3ea7-53d3-89f4-78b65b0c0c6b,d6f21f11-7533-52dd-a4dc-2fb8e260c02c,2026-06-08,2026-06-14,124.58,88.52,160.64,v1.0.0,2026-06-24T16:42:17.588802+00:00,74bff84c-0733-446b-a298-2f91515a201d
d3961f5a-3ea7-53d3-89f4-78b65b0c0c6b,d6f21f11-7533-52dd-a4dc-2fb8e260c02c,2026-06-15,2026-06-21,116.29,80.23,152.35,v1.0.0,2026-06-24T16:42:17.588802+00:00,74bff84c-0733-446b-a298-2f91515a201d
d3961f5a-3ea7-53d3-89f4-78b65b0c0c6b,d6f21f11-7533-52dd-a4dc-2fb8e260c02c,2026-06-22,2026-06-28,125.43,89.37,161.49,v1.0.0,2026-06-24T16:42:17.588802+00:00,74bff84c-0733-446b-a298-2f91515a201d
d3961f5a-3ea7-53d3-89f4-78b65b0c0c6b,d6f21f11-7533-52dd-a4dc-2fb8e260c02c,2026-06-29,2026-07-05,128.93,92.87,164.99,v1.0.0,2026-06-24T16:42:17.588802+00:00,74bff84c-0733-446b-a298-2f91515a201d
d3961f5a-3ea7-53d3-89f4-78b65b0c0c6b,d6f21f11-7533-52dd-a4dc-2fb8e260c02c,2026-07-06,2026-07-12,109.45,73.39,145.5,v1.0.0,2026-06-24T16:42:17.588802+00:00,74bff84c-0733-446b-a298-2f91515a201d
d3961f5a-3ea7-53d3-89f4-78b65b0c0c6b,d6f21f11-7533-52dd-a4dc-2fb8e260c02c,2026-07-13,2026-07-19,124.56,88.5,160.62,v1.0.0,2026-06-24T16:42:17.588802+00:00,74bff84c-0733-446b-a298-2f91515a201d
d3961f5a-3ea7-53d3-89f4-78b65b0c0c6b,d6f21f11-7533-52dd-a4dc-2fb8e260c02c,2026-07-20,2026-07-26,124.17,88.11,160.23,v1.0.0,2026-06-24T16:42:17.588802+00:00,74bff84c-0733-446b-a298-2f91515a201d
d3961f5a-3ea7-53d3-89f4-78b65b0c0c6b,d6f21f11-7533-52dd-a4dc-2fb8e260c02c,2026-07-27,2026-08-02,112.45,76.39,148.51,v1.0.0,2026-06-24T16:42:17.588802+00:00,74bff84c-0733-446b-a298-2f91515a201d
d9506935-1215-5499-93c0-8bdd86ab9418,26f7241d-a84e-5e4a-a43d-33eea1e54eea,2026-05-11,2026-05-17,20.01,0.0,56.07,v1.0.0,2026-06-24T16:42:17.588802+00:00,74bff84c-0733-446b-a298-2f91515a201d
d9506935-1215-5499-93c0-8bdd86ab9418,26f7241d-a84e-5e4a-a43d-33eea1e54eea,2026-05-18,2026-05-24,20.94,0.0,57.0,v1.0.0,2026-06-24T16:42:17.588802+00:00,74bff84c-0733-446b-a298-2f91515a201d
d9506935-1215-5499-93c0-8bdd86ab9418,26f7241d-a84e-5e4a-a43d-33eea1e54eea,2026-05-25,2026-05-31,20.04,0.0,56.1,v1.0.0,2026-06-24T16:42:17.588802+00:00,74bff84c-0733-446b-a298-2f91515a201d
d9506935-1215-5499-93c0-8bdd86ab9418,26f7241d-a84e-5e4a-a43d-33eea1e54eea,2026-06-01,2026-06-07,22.58,0.0,58.64,v1.0.0,2026-06-24T16:42:17.588802+00:00,74bff84c-0733-446b-a298-2f91515a201d
d9506935-1215-5499-93c0-8bdd86ab9418,26f7241d-a84e-5e4a-a43d-33eea1e54eea,2026-06-08,2026-06-14,21.11,0.0,57.17,v1.0.0,2026-06-24T16:42:17.588802+00:00,74bff84c-0733-446b-a298-2f91515a201d
d9506935-1215-5499-93c0-8bdd86ab9418,26f7241d-a84e-5e4a-a43d-33eea1e54eea,2026-06-15,2026-06-21,21.11,0.0,57.17,v1.0.0,2026-06-24T16:42:17.588802+00:00,74bff84c-0733-446b-a298-2f91515a201d
d9506935-1215-5499-93c0-8bdd86ab9418,26f7241d-a84e-5e4a-a43d-33eea1e54eea,2026-06-22,2026-06-28,20.27,0.0,56.33,v1.0.0,2026-06-24T16:42:17.588802+00:00,74bff84c-0733-446b-a298-2f91515a201d
d9506935-1215-5499-93c0-8bdd86ab9418,26f7241d-a84e-5e4a-a43d-33eea1e54eea,2026-06-29,2026-07-05,19.64,0.0,55.7,v1.0.0,2026-06-24T16:42:17.588802+00:00,74bff84c-0733-446b-a298-2f91515a201d
d9506935-1215-5499-93c0-8bdd86ab9418,26f7241d-a84e-5e4a-a43d-33eea1e54eea,2026-07-06,2026-07-12,22.5,0.0,58.56,v1.0.0,2026-06-24T16:42:17.588802+00:00,74bff84c-0733-446b-a298-2f91515a201d
d9506935-1215-5499-93c0-8bdd86ab9418,26f7241d-a84e-5e4a-a43d-33eea1e54eea,2026-07-13,2026-07-19,19.96,0.0,56.02,v1.0.0,2026-06-24T16:42:17.588802+00:00,74bff84c-0733-446b-a298-2f91515a201d
d9506935-1215-5499-93c0-8bdd86ab9418,26f7241d-a84e-5e4a-a43d-33eea1e54eea,2026-07-20,2026-07-26,20.46,0.0,56.52,v1.0.0,2026-06-24T16:42:17.588802+00:00,74bff84c-0733-446b-a298-2f91515a201d
d9506935-1215-5499-93c0-8bdd86ab9418,26f7241d-a84e-5e4a-a43d-33eea1e54eea,2026-07-27,2026-08-02,17.6,0.0,53.66,v1.0.0,2026-06-24T16:42:17.588802+00:00,74bff84c-0733-446b-a298-2f91515a201d
d9506935-1215-5499-93c0-8bdd86ab9418,43616d97-2221-569d-82eb-bcc14bcd6344,2026-05-11,2026-05-17,18.17,0.0,54.23,v1.0.0,2026-06-24T16:42:17.588802+00:00,74bff84c-0733-446b-a298-2f91515a201d
d9506935-1215-5499-93c0-8bdd86ab9418,43616d97-2221-569d-82eb-bcc14bcd6344,2026-05-18,2026-05-24,17.92,0.0,53.98,v1.0.0,2026-06-24T16:42:17.588802+00:00,74bff84c-0733-446b-a298-2f91515a201d
d9506935-1215-5499-93c0-8bdd86ab9418,43616d97-2221-569d-82eb-bcc14bcd6344,2026-05-25,2026-05-31,17.74,0.0,53.8,v1.0.0,2026-06-24T16:42:17.588802+00:00,74bff84c-0733-446b-a298-2f91515a201d
d9506935-1215-5499-93c0-8bdd86ab9418,43616d97-2221-569d-82eb-bcc14bcd6344,2026-06-01,2026-06-07,17.93,0.0,53.99,v1.0.0,2026-06-24T16:42:17.588802+00:00,74bff84c-0733-446b-a298-2f91515a201d
d9506935-1215-5499-93c0-8bdd86ab9418,43616d97-2221-569d-82eb-bcc14bcd6344,2026-06-08,2026-06-14,17.72,0.0,53.78,v1.0.0,2026-06-24T16:42:17.588802+00:00,74bff84c-0733-446b-a298-2f91515a201d
d9506935-1215-5499-93c0-8bdd86ab9418,43616d97-2221-569d-82eb-bcc14bcd6344,2026-06-15,2026-06-21,17.71,0.0,53.77,v1.0.0,2026-06-24T16:42:17.588802+00:00,74bff84c-0733-446b-a298-2f91515a201d
d9506935-1215-5499-93c0-8bdd86ab9418,43616d97-2221-569d-82eb-bcc14bcd6344,2026-06-22,2026-06-28,17.73,0.0,53.79,v1.0.0,2026-06-24T16:42:17.588802+00:00,74bff84c-0733-446b-a298-2f91515a201d
d9506935-1215-5499-93c0-8bdd86ab9418,43616d97-2221-569d-82eb-bcc14bcd6344,2026-06-29,2026-07-05,17.91,0.0,53.97,v1.0.0,2026-06-24T16:42:17.588802+00:00,74bff84c-0733-446b-a298-2f91515a201d
d9506935-1215-5499-93c0-8bdd86ab9418,43616d97-2221-569d-82eb-bcc14bcd6344,2026-07-06,2026-07-12,17.1,0.0,53.16,v1.0.0,2026-06-24T16:42:17.588802+00:00,74bff84c-0733-446b-a298-2f91515a201d
d9506935-1215-5499-93c0-8bdd86ab9418,43616d97-2221-569d-82eb-bcc14bcd6344,2026-07-13,2026-07-19,17.01,0.0,53.07,v1.0.0,2026-06-24T16:42:17.588802+00:00,74bff84c-0733-446b-a298-2f91515a201d
d9506935-1215-5499-93c0-8bdd86ab9418,43616d97-2221-569d-82eb-bcc14bcd6344,2026-07-20,2026-07-26,16.87,0.0,52.93,v1.0.0,2026-06-24T16:42:17.588802+00:00,74bff84c-0733-446b-a298-2f91515a201d
d9506935-1215-5499-93c0-8bdd86ab9418,43616d97-2221-569d-82eb-bcc14bcd6344,2026-07-27,2026-08-02,16.91,0.0,52.97,v1.0.0,2026-06-24T16:42:17.588802+00:00,74bff84c-0733-446b-a298-2f91515a201d
d9506935-1215-5499-93c0-8bdd86ab9418,7fb983e8-6848-5425-97a2-14da72722d0f,2026-05-11,2026-05-17,17.88,0.0,53.94,v1.0.0,2026-06-24T16:42:17.588802+00:00,74bff84c-0733-446b-a298-2f91515a201d
d9506935-1215-5499-93c0-8bdd86ab9418,7fb983e8-6848-5425-97a2-14da72722d0f,2026-05-18,2026-05-24,17.93,0.0,53.98,v1.0.0,2026-06-24T16:42:17.588802+00:00,74bff84c-0733-446b-a298-2f91515a201d
d9506935-1215-5499-93c0-8bdd86ab9418,7fb983e8-6848-5425-97a2-14da72722d0f,2026-05-25,2026-05-31,17.62,0.0,53.68,v1.0.0,2026-06-24T16:42:17.588802+00:00,74bff84c-0733-446b-a298-2f91515a201d
d9506935-1215-5499-93c0-8bdd86ab9418,7fb983e8-6848-5425-97a2-14da72722d0f,2026-06-01,2026-06-07,17.72,0.0,53.77,v1.0.0,2026-06-24T16:42:17.588802+00:00,74bff84c-0733-446b-a298-2f91515a201d
d9506935-1215-5499-93c0-8bdd86ab9418,7fb983e8-6848-5425-97a2-14da72722d0f,2026-06-08,2026-06-14,17.69,0.0,53.75,v1.0.0,2026-06-24T16:42:17.588802+00:00,74bff84c-0733-446b-a298-2f91515a201d
d9506935-1215-5499-93c0-8bdd86ab9418,7fb983e8-6848-5425-97a2-14da72722d0f,2026-06-15,2026-06-21,17.67,0.0,53.73,v1.0.0,2026-06-24T16:42:17.588802+00:00,74bff84c-0733-446b-a298-2f91515a201d
d9506935-1215-5499-93c0-8bdd86ab9418,7fb983e8-6848-5425-97a2-14da72722d0f,2026-06-22,2026-06-28,17.84,0.0,53.9,v1.0.0,2026-06-24T16:42:17.588802+00:00,74bff84c-0733-446b-a298-2f91515a201d
d9506935-1215-5499-93c0-8bdd86ab9418,7fb983e8-6848-5425-97a2-14da72722d0f,2026-06-29,2026-07-05,17.89,0.0,53.95,v1.0.0,2026-06-24T16:42:17.588802+00:00,74bff84c-0733-446b-a298-2f91515a201d
d9506935-1215-5499-93c0-8bdd86ab9418,7fb983e8-6848-5425-97a2-14da72722d0f,2026-07-06,2026-07-12,17.04,0.0,53.1,v1.0.0,2026-06-24T16:42:17.588802+00:00,74bff84c-0733-446b-a298-2f91515a201d
d9506935-1215-5499-93c0-8bdd86ab9418,7fb983e8-6848-5425-97a2-14da72722d0f,2026-07-13,2026-07-19,16.99,0.0,53.05,v1.0.0,2026-06-24T16:42:17.588802+00:00,74bff84c-0733-446b-a298-2f91515a201d
d9506935-1215-5499-93c0-8bdd86ab9418,7fb983e8-6848-5425-97a2-14da72722d0f,2026-07-20,2026-07-26,16.86,0.0,52.92,v1.0.0,2026-06-24T16:42:17.588802+00:00,74bff84c-0733-446b-a298-2f91515a201d
d9506935-1215-5499-93c0-8bdd86ab9418,7fb983e8-6848-5425-97a2-14da72722d0f,2026-07-27,2026-08-02,16.87,0.0,52.93,v1.0.0,2026-06-24T16:42:17.588802+00:00,74bff84c-0733-446b-a298-2f91515a201d
d9506935-1215-5499-93c0-8bdd86ab9418,8ecedccf-c230-516b-bbc2-108f7a6fbe63,2026-05-11,2026-05-17,17.34,0.0,53.39,v1.0.0,2026-06-24T16:42:17.588802+00:00,74bff84c-0733-446b-a298-2f91515a201d
d9506935-1215-5499-93c0-8bdd86ab9418,8ecedccf-c230-516b-bbc2-108f7a6fbe63,2026-05-18,2026-05-24,17.31,0.0,53.37,v1.0.0,2026-06-24T16:42:17.588802+00:00,74bff84c-0733-446b-a298-2f91515a201d
d9506935-1215-5499-93c0-8bdd86ab9418,8ecedccf-c230-516b-bbc2-108f7a6fbe63,2026-05-25,2026-05-31,19.38,0.0,55.43,v1.0.0,2026-06-24T16:42:17.588802+00:00,74bff84c-0733-446b-a298-2f91515a201d
d9506935-1215-5499-93c0-8bdd86ab9418,8ecedccf-c230-516b-bbc2-108f7a6fbe63,2026-06-01,2026-06-07,20.13,0.0,56.19,v1.0.0,2026-06-24T16:42:17.588802+00:00,74bff84c-0733-446b-a298-2f91515a201d
d9506935-1215-5499-93c0-8bdd86ab9418,8ecedccf-c230-516b-bbc2-108f7a6fbe63,2026-06-08,2026-06-14,17.55,0.0,53.61,v1.0.0,2026-06-24T16:42:17.588802+00:00,74bff84c-0733-446b-a298-2f91515a201d
d9506935-1215-5499-93c0-8bdd86ab9418,8ecedccf-c230-516b-bbc2-108f7a6fbe63,2026-06-15,2026-06-21,17.72,0.0,53.78,v1.0.0,2026-06-24T16:42:17.588802+00:00,74bff84c-0733-446b-a298-2f91515a201d
d9506935-1215-5499-93c0-8bdd86ab9418,8ecedccf-c230-516b-bbc2-108f7a6fbe63,2026-06-22,2026-06-28,18.23,0.0,54.28,v1.0.0,2026-06-24T16:42:17.588802+00:00,74bff84c-0733-446b-a298-2f91515a201d
d9506935-1215-5499-93c0-8bdd86ab9418,8ecedccf-c230-516b-bbc2-108f7a6fbe63,2026-06-29,2026-07-05,18.44,0.0,54.5,v1.0.0,2026-06-24T16:42:17.588802+00:00,74bff84c-0733-446b-a298-2f91515a201d
d9506935-1215-5499-93c0-8bdd86ab9418,8ecedccf-c230-516b-bbc2-108f7a6fbe63,2026-07-06,2026-07-12,17.43,0.0,53.49,v1.0.0,2026-06-24T16:42:17.588802+00:00,74bff84c-0733-446b-a298-2f91515a201d
d9506935-1215-5499-93c0-8bdd86ab9418,8ecedccf-c230-516b-bbc2-108f7a6fbe63,2026-07-13,2026-07-19,18.03,0.0,54.09,v1.0.0,2026-06-24T16:42:17.588802+00:00,74bff84c-0733-446b-a298-2f91515a201d
d9506935-1215-5499-93c0-8bdd86ab9418,8ecedccf-c230-516b-bbc2-108f7a6fbe63,2026-07-20,2026-07-26,17.06,0.0,53.12,v1.0.0,2026-06-24T16:42:17.588802+00:00,74bff84c-0733-446b-a298-2f91515a201d
d9506935-1215-5499-93c0-8bdd86ab9418,8ecedccf-c230-516b-bbc2-108f7a6fbe63,2026-07-27,2026-08-02,19.1,0.0,55.16,v1.0.0,2026-06-24T16:42:17.588802+00:00,74bff84c-0733-446b-a298-2f91515a201d
d9506935-1215-5499-93c0-8bdd86ab9418,d6f21f11-7533-52dd-a4dc-2fb8e260c02c,2026-05-11,2026-05-17,13.75,0.0,49.81,v1.0.0,2026-06-24T16:42:17.588802+00:00,74bff84c-0733-446b-a298-2f91515a201d
d9506935-1215-5499-93c0-8bdd86ab9418,d6f21f11-7533-52dd-a4dc-2fb8e260c02c,2026-05-18,2026-05-24,6.49,0.0,42.55,v1.0.0,2026-06-24T16:42:17.588802+00:00,74bff84c-0733-446b-a298-2f91515a201d
d9506935-1215-5499-93c0-8bdd86ab9418,d6f21f11-7533-52dd-a4dc-2fb8e260c02c,2026-05-25,2026-05-31,12.62,0.0,48.68,v1.0.0,2026-06-24T16:42:17.588802+00:00,74bff84c-0733-446b-a298-2f91515a201d
d9506935-1215-5499-93c0-8bdd86ab9418,d6f21f11-7533-52dd-a4dc-2fb8e260c02c,2026-06-01,2026-06-07,7.44,0.0,43.5,v1.0.0,2026-06-24T16:42:17.588802+00:00,74bff84c-0733-446b-a298-2f91515a201d
d9506935-1215-5499-93c0-8bdd86ab9418,d6f21f11-7533-52dd-a4dc-2fb8e260c02c,2026-06-08,2026-06-14,12.24,0.0,48.3,v1.0.0,2026-06-24T16:42:17.588802+00:00,74bff84c-0733-446b-a298-2f91515a201d
d9506935-1215-5499-93c0-8bdd86ab9418,d6f21f11-7533-52dd-a4dc-2fb8e260c02c,2026-06-15,2026-06-21,6.54,0.0,42.6,v1.0.0,2026-06-24T16:42:17.588802+00:00,74bff84c-0733-446b-a298-2f91515a201d
d9506935-1215-5499-93c0-8bdd86ab9418,d6f21f11-7533-52dd-a4dc-2fb8e260c02c,2026-06-22,2026-06-28,12.42,0.0,48.48,v1.0.0,2026-06-24T16:42:17.588802+00:00,74bff84c-0733-446b-a298-2f91515a201d
d9506935-1215-5499-93c0-8bdd86ab9418,d6f21f11-7533-52dd-a4dc-2fb8e260c02c,2026-06-29,2026-07-05,7.12,0.0,43.18,v1.0.0,2026-06-24T16:42:17.588802+00:00,74bff84c-0733-446b-a298-2f91515a201d
d9506935-1215-5499-93c0-8bdd86ab9418,d6f21f11-7533-52dd-a4dc-2fb8e260c02c,2026-07-06,2026-07-12,11.97,0.0,48.03,v1.0.0,2026-06-24T16:42:17.588802+00:00,74bff84c-0733-446b-a298-2f91515a201d
d9506935-1215-5499-93c0-8bdd86ab9418,d6f21f11-7533-52dd-a4dc-2fb8e260c02c,2026-07-13,2026-07-19,5.92,0.0,41.98,v1.0.0,2026-06-24T16:42:17.588802+00:00,74bff84c-0733-446b-a298-2f91515a201d
d9506935-1215-5499-93c0-8bdd86ab9418,d6f21f11-7533-52dd-a4dc-2fb8e260c02c,2026-07-20,2026-07-26,13.44,0.0,49.5,v1.0.0,2026-06-24T16:42:17.588802+00:00,74bff84c-0733-446b-a298-2f91515a201d
d9506935-1215-5499-93c0-8bdd86ab9418,d6f21f11-7533-52dd-a4dc-2fb8e260c02c,2026-07-27,2026-08-02,5.09,0.0,41.14,v1.0.0,2026-06-24T16:42:17.588802+00:00,74bff84c-0733-446b-a298-2f91515a201d
