org_id,botica_id,producto_id,categoria_terapeutica,fecha_generacion,fecha_objetivo,horizonte,prediccion_sarima,prediccion_xgboost,prediccion_hibrida,metodo_aplicado,alpha,version_modelo
e8aeb018-f679-5670-b210-de4f62ff2111,26f7241d-a84e-5e4a-a43d-33eea1e54eea,012857cc-907f-5e7d-b8fb-796d2c9f1621,Suplemento,2026-06-29T14:26:45.094938+00:00,2026-05-11,1,45.174203012707956,42.480472564697266,45.174203012707956,sarima,0.0,v1.0.0
e8aeb018-f679-5670-b210-de4f62ff2111,26f7241d-a84e-5e4a-a43d-33eea1e54eea,012857cc-907f-5e7d-b8fb-796d2c9f1621,Suplemento,2026-06-29T14:26:45.094938+00:00,2026-05-18,2,43.54871692901256,42.441490173339844,43.54871692901256,sarima,0.0,v1.0.0
e8aeb018-f679-5670-b210-de4f62ff2111,26f7241d-a84e-5e4a-a43d-33eea1e54eea,012857cc-907f-5e7d-b8fb-796d2c9f1621,Suplemento,2026-06-29T14:26:45.094938+00:00,2026-05-25,3,43.888848931583155,42.41156005859375,43.888848931583155,sarima,0.0,v1.0.0
e8aeb018-f679-5670-b210-de4f62ff2111,26f7241d-a84e-5e4a-a43d-33eea1e54eea,012857cc-907f-5e7d-b8fb-796d2c9f1621,Suplemento,2026-06-29T14:26:45.094938+00:00,2026-06-01,4,43.816444608083046,42.41156005859375,43.816444608083046,sarima,0.0,v1.0.0
e8aeb018-f679-5670-b210-de4f62ff2111,26f7241d-a84e-5e4a-a43d-33eea1e54eea,012857cc-907f-5e7d-b8fb-796d2c9f1621,Suplemento,2026-06-29T14:26:45.094938+00:00,2026-06-08,5,43.8318015669179,42.41156005859375,43.8318015669179,sarima,0.0,v1.0.0
e8aeb018-f679-5670-b210-de4f62ff2111,26f7241d-a84e-5e4a-a43d-33eea1e54eea,012857cc-907f-5e7d-b8fb-796d2c9f1621,Suplemento,2026-06-29T14:26:45.094938+00:00,2026-06-15,6,43.82854184368131,42.41156005859375,43.82854184368131,sarima,0.0,v1.0.0
e8aeb018-f679-5670-b210-de4f62ff2111,26f7241d-a84e-5e4a-a43d-33eea1e54eea,012857cc-907f-5e7d-b8fb-796d2c9f1621,Suplemento,2026-06-29T14:26:45.094938+00:00,2026-06-22,7,43.82923365106637,42.32190704345703,43.82923365106637,sarima,0.0,v1.0.0
e8aeb018-f679-5670-b210-de4f62ff2111,26f7241d-a84e-5e4a-a43d-33eea1e54eea,012857cc-907f-5e7d-b8fb-796d2c9f1621,Suplemento,2026-06-29T14:26:45.094938+00:00,2026-06-29,8,43.82908682446793,42.32190704345703,43.82908682446793,sarima,0.0,v1.0.0
e8aeb018-f679-5670-b210-de4f62ff2111,26f7241d-a84e-5e4a-a43d-33eea1e54eea,012857cc-907f-5e7d-b8fb-796d2c9f1621,Suplemento,2026-06-29T14:26:45.094938+00:00,2026-07-06,9,43.82911798616355,42.19246292114258,43.82911798616355,sarima,0.0,v1.0.0
e8aeb018-f679-5670-b210-de4f62ff2111,26f7241d-a84e-5e4a-a43d-33eea1e54eea,012857cc-907f-5e7d-b8fb-796d2c9f1621,Suplemento,2026-06-29T14:26:45.094938+00:00,2026-07-13,10,43.829111372560824,42.19246292114258,43.829111372560824,sarima,0.0,v1.0.0
e8aeb018-f679-5670-b210-de4f62ff2111,26f7241d-a84e-5e4a-a43d-33eea1e54eea,012857cc-907f-5e7d-b8fb-796d2c9f1621,Suplemento,2026-06-29T14:26:45.094938+00:00,2026-07-20,11,43.829112776198386,42.19246292114258,43.829112776198386,sarima,0.0,v1.0.0
e8aeb018-f679-5670-b210-de4f62ff2111,26f7241d-a84e-5e4a-a43d-33eea1e54eea,012857cc-907f-5e7d-b8fb-796d2c9f1621,Suplemento,2026-06-29T14:26:45.094938+00:00,2026-07-27,12,43.82911247829742,42.19246292114258,43.82911247829742,sarima,0.0,v1.0.0
e8aeb018-f679-5670-b210-de4f62ff2111,26f7241d-a84e-5e4a-a43d-33eea1e54eea,042e2e80-f954-5df4-97be-29dd428cc598,Antiinflamatorio,2026-06-29T14:26:45.094938+00:00,2026-05-11,1,37.82391400423981,40.4950065612793,37.82391400423981,sarima,0.0,v1.0.0
e8aeb018-f679-5670-b210-de4f62ff2111,26f7241d-a84e-5e4a-a43d-33eea1e54eea,042e2e80-f954-5df4-97be-29dd428cc598,Antiinflamatorio,2026-06-29T14:26:45.094938+00:00,2026-05-18,2,37.82391400423981,38.16679382324219,37.82391400423981,sarima,0.0,v1.0.0
e8aeb018-f679-5670-b210-de4f62ff2111,26f7241d-a84e-5e4a-a43d-33eea1e54eea,042e2e80-f954-5df4-97be-29dd428cc598,Antiinflamatorio,2026-06-29T14:26:45.094938+00:00,2026-05-25,3,37.82391400423981,39.30900573730469,37.82391400423981,sarima,0.0,v1.0.0
e8aeb018-f679-5670-b210-de4f62ff2111,26f7241d-a84e-5e4a-a43d-33eea1e54eea,042e2e80-f954-5df4-97be-29dd428cc598,Antiinflamatorio,2026-06-29T14:26:45.094938+00:00,2026-06-01,4,37.82391400423981,38.08285140991211,37.82391400423981,sarima,0.0,v1.0.0
e8aeb018-f679-5670-b210-de4f62ff2111,26f7241d-a84e-5e4a-a43d-33eea1e54eea,042e2e80-f954-5df4-97be-29dd428cc598,Antiinflamatorio,2026-06-29T14:26:45.094938+00:00,2026-06-08,5,37.82391400423981,38.00484085083008,37.82391400423981,sarima,0.0,v1.0.0
e8aeb018-f679-5670-b210-de4f62ff2111,26f7241d-a84e-5e4a-a43d-33eea1e54eea,042e2e80-f954-5df4-97be-29dd428cc598,Antiinflamatorio,2026-06-29T14:26:45.094938+00:00,2026-06-15,6,37.82391400423981,37.09945297241211,37.82391400423981,sarima,0.0,v1.0.0
e8aeb018-f679-5670-b210-de4f62ff2111,26f7241d-a84e-5e4a-a43d-33eea1e54eea,042e2e80-f954-5df4-97be-29dd428cc598,Antiinflamatorio,2026-06-29T14:26:45.094938+00:00,2026-06-22,7,37.82391400423981,37.12086868286133,37.82391400423981,sarima,0.0,v1.0.0
e8aeb018-f679-5670-b210-de4f62ff2111,26f7241d-a84e-5e4a-a43d-33eea1e54eea,042e2e80-f954-5df4-97be-29dd428cc598,Antiinflamatorio,2026-06-29T14:26:45.094938+00:00,2026-06-29,8,37.82391400423981,37.49154281616211,37.82391400423981,sarima,0.0,v1.0.0
e8aeb018-f679-5670-b210-de4f62ff2111,26f7241d-a84e-5e4a-a43d-33eea1e54eea,042e2e80-f954-5df4-97be-29dd428cc598,Antiinflamatorio,2026-06-29T14:26:45.094938+00:00,2026-07-06,9,37.82391400423981,37.656192779541016,37.82391400423981,sarima,0.0,v1.0.0
e8aeb018-f679-5670-b210-de4f62ff2111,26f7241d-a84e-5e4a-a43d-33eea1e54eea,042e2e80-f954-5df4-97be-29dd428cc598,Antiinflamatorio,2026-06-29T14:26:45.094938+00:00,2026-07-13,10,37.82391400423981,37.656192779541016,37.82391400423981,sarima,0.0,v1.0.0
e8aeb018-f679-5670-b210-de4f62ff2111,26f7241d-a84e-5e4a-a43d-33eea1e54eea,042e2e80-f954-5df4-97be-29dd428cc598,Antiinflamatorio,2026-06-29T14:26:45.094938+00:00,2026-07-20,11,37.82391400423981,36.902530670166016,37.82391400423981,sarima,0.0,v1.0.0
e8aeb018-f679-5670-b210-de4f62ff2111,26f7241d-a84e-5e4a-a43d-33eea1e54eea,042e2e80-f954-5df4-97be-29dd428cc598,Antiinflamatorio,2026-06-29T14:26:45.094938+00:00,2026-07-27,12,37.82391400423981,37.74549102783203,37.82391400423981,sarima,0.0,v1.0.0
e8aeb018-f679-5670-b210-de4f62ff2111,26f7241d-a84e-5e4a-a43d-33eea1e54eea,058c6382-bde2-59d1-93ff-20c6161a4736,Antibiótico,2026-06-29T14:26:45.094938+00:00,2026-05-11,1,37.14782419616453,37.96551513671875,37.14782419616453,sarima,0.0,v1.0.0
e8aeb018-f679-5670-b210-de4f62ff2111,26f7241d-a84e-5e4a-a43d-33eea1e54eea,058c6382-bde2-59d1-93ff-20c6161a4736,Antibiótico,2026-06-29T14:26:45.094938+00:00,2026-05-18,2,32.34546252271398,37.620201110839844,32.34546252271398,sarima,0.0,v1.0.0
e8aeb018-f679-5670-b210-de4f62ff2111,26f7241d-a84e-5e4a-a43d-33eea1e54eea,058c6382-bde2-59d1-93ff-20c6161a4736,Antibiótico,2026-06-29T14:26:45.094938+00:00,2026-05-25,3,32.34546252271398,37.96000671386719,32.34546252271398,sarima,0.0,v1.0.0
e8aeb018-f679-5670-b210-de4f62ff2111,26f7241d-a84e-5e4a-a43d-33eea1e54eea,058c6382-bde2-59d1-93ff-20c6161a4736,Antibiótico,2026-06-29T14:26:45.094938+00:00,2026-06-01,4,32.34546252271398,36.381858825683594,32.34546252271398,sarima,0.0,v1.0.0
e8aeb018-f679-5670-b210-de4f62ff2111,26f7241d-a84e-5e4a-a43d-33eea1e54eea,058c6382-bde2-59d1-93ff-20c6161a4736,Antibiótico,2026-06-29T14:26:45.094938+00:00,2026-06-08,5,32.34546252271398,36.871639251708984,32.34546252271398,sarima,0.0,v1.0.0
e8aeb018-f679-5670-b210-de4f62ff2111,26f7241d-a84e-5e4a-a43d-33eea1e54eea,058c6382-bde2-59d1-93ff-20c6161a4736,Antibiótico,2026-06-29T14:26:45.094938+00:00,2026-06-15,6,32.34546252271398,36.820762634277344,32.34546252271398,sarima,0.0,v1.0.0
e8aeb018-f679-5670-b210-de4f62ff2111,26f7241d-a84e-5e4a-a43d-33eea1e54eea,058c6382-bde2-59d1-93ff-20c6161a4736,Antibiótico,2026-06-29T14:26:45.094938+00:00,2026-06-22,7,32.34546252271398,36.83635711669922,32.34546252271398,sarima,0.0,v1.0.0
e8aeb018-f679-5670-b210-de4f62ff2111,26f7241d-a84e-5e4a-a43d-33eea1e54eea,058c6382-bde2-59d1-93ff-20c6161a4736,Antibiótico,2026-06-29T14:26:45.094938+00:00,2026-06-29,8,32.34546252271398,36.667747497558594,32.34546252271398,sarima,0.0,v1.0.0
e8aeb018-f679-5670-b210-de4f62ff2111,26f7241d-a84e-5e4a-a43d-33eea1e54eea,058c6382-bde2-59d1-93ff-20c6161a4736,Antibiótico,2026-06-29T14:26:45.094938+00:00,2026-07-06,9,32.34546252271398,36.27256393432617,32.34546252271398,sarima,0.0,v1.0.0
e8aeb018-f679-5670-b210-de4f62ff2111,26f7241d-a84e-5e4a-a43d-33eea1e54eea,058c6382-bde2-59d1-93ff-20c6161a4736,Antibiótico,2026-06-29T14:26:45.094938+00:00,2026-07-13,10,32.34546252271398,36.74493408203125,32.34546252271398,sarima,0.0,v1.0.0
e8aeb018-f679-5670-b210-de4f62ff2111,26f7241d-a84e-5e4a-a43d-33eea1e54eea,058c6382-bde2-59d1-93ff-20c6161a4736,Antibiótico,2026-06-29T14:26:45.094938+00:00,2026-07-20,11,32.34546252271398,36.58659362792969,32.34546252271398,sarima,0.0,v1.0.0
e8aeb018-f679-5670-b210-de4f62ff2111,26f7241d-a84e-5e4a-a43d-33eea1e54eea,058c6382-bde2-59d1-93ff-20c6161a4736,Antibiótico,2026-06-29T14:26:45.094938+00:00,2026-07-27,12,32.34546252271398,36.70032501220703,32.34546252271398,sarima,0.0,v1.0.0
e8aeb018-f679-5670-b210-de4f62ff2111,26f7241d-a84e-5e4a-a43d-33eea1e54eea,07371b94-955f-52a4-9bf9-f0a6ad2b4fa8,Antibiótico,2026-06-29T14:26:45.094938+00:00,2026-05-11,1,60.358408755353054,58.231178283691406,60.358408755353054,sarima,0.0,v1.0.0
e8aeb018-f679-5670-b210-de4f62ff2111,26f7241d-a84e-5e4a-a43d-33eea1e54eea,07371b94-955f-52a4-9bf9-f0a6ad2b4fa8,Antibiótico,2026-06-29T14:26:45.094938+00:00,2026-05-18,2,71.61989326800276,58.40433883666992,71.61989326800276,sarima,0.0,v1.0.0
e8aeb018-f679-5670-b210-de4f62ff2111,26f7241d-a84e-5e4a-a43d-33eea1e54eea,07371b94-955f-52a4-9bf9-f0a6ad2b4fa8,Antibiótico,2026-06-29T14:26:45.094938+00:00,2026-05-25,3,65.93800963658782,58.5230598449707,65.93800963658782,sarima,0.0,v1.0.0
e8aeb018-f679-5670-b210-de4f62ff2111,26f7241d-a84e-5e4a-a43d-33eea1e54eea,07371b94-955f-52a4-9bf9-f0a6ad2b4fa8,Antibiótico,2026-06-29T14:26:45.094938+00:00,2026-06-01,4,75.35261228413779,59.5209846496582,75.35261228413779,sarima,0.0,v1.0.0
e8aeb018-f679-5670-b210-de4f62ff2111,26f7241d-a84e-5e4a-a43d-33eea1e54eea,07371b94-955f-52a4-9bf9-f0a6ad2b4fa8,Antibiótico,2026-06-29T14:26:45.094938+00:00,2026-06-08,5,70.77350196144468,58.231178283691406,70.77350196144468,sarima,0.0,v1.0.0
e8aeb018-f679-5670-b210-de4f62ff2111,26f7241d-a84e-5e4a-a43d-33eea1e54eea,07371b94-955f-52a4-9bf9-f0a6ad2b4fa8,Antibiótico,2026-06-29T14:26:45.094938+00:00,2026-06-15,6,73.14020945170985,60.66673278808594,73.14020945170985,sarima,0.0,v1.0.0
e8aeb018-f679-5670-b210-de4f62ff2111,26f7241d-a84e-5e4a-a43d-33eea1e54eea,07371b94-955f-52a4-9bf9-f0a6ad2b4fa8,Antibiótico,2026-06-29T14:26:45.094938+00:00,2026-06-22,7,73.58710506355801,58.84807586669922,73.58710506355801,sarima,0.0,v1.0.0
e8aeb018-f679-5670-b210-de4f62ff2111,26f7241d-a84e-5e4a-a43d-33eea1e54eea,07371b94-955f-52a4-9bf9-f0a6ad2b4fa8,Antibiótico,2026-06-29T14:26:45.094938+00:00,2026-06-29,8,70.32860718893004,59.18763732910156,70.32860718893004,sarima,0.0,v1.0.0
e8aeb018-f679-5670-b210-de4f62ff2111,26f7241d-a84e-5e4a-a43d-33eea1e54eea,07371b94-955f-52a4-9bf9-f0a6ad2b4fa8,Antibiótico,2026-06-29T14:26:45.094938+00:00,2026-07-06,9,73.89510318473536,60.90319061279297,73.89510318473536,sarima,0.0,v1.0.0
e8aeb018-f679-5670-b210-de4f62ff2111,26f7241d-a84e-5e4a-a43d-33eea1e54eea,07371b94-955f-52a4-9bf9-f0a6ad2b4fa8,Antibiótico,2026-06-29T14:26:45.094938+00:00,2026-07-13,10,76.1959000033587,61.260616302490234,76.1959000033587,sarima,0.0,v1.0.0
e8aeb018-f679-5670-b210-de4f62ff2111,26f7241d-a84e-5e4a-a43d-33eea1e54eea,07371b94-955f-52a4-9bf9-f0a6ad2b4fa8,Antibiótico,2026-06-29T14:26:45.094938+00:00,2026-07-20,11,76.22586291943163,61.260616302490234,76.22586291943163,sarima,0.0,v1.0.0
e8aeb018-f679-5670-b210-de4f62ff2111,26f7241d-a84e-5e4a-a43d-33eea1e54eea,07371b94-955f-52a4-9bf9-f0a6ad2b4fa8,Antibiótico,2026-06-29T14:26:45.094938+00:00,2026-07-27,12,72.0336825826991,61.58882141113281,72.0336825826991,sarima,0.0,v1.0.0
e8aeb018-f679-5670-b210-de4f62ff2111,26f7241d-a84e-5e4a-a43d-33eea1e54eea,0ec23038-d3ab-588c-bbd6-1f5c744cdde1,Vitamina,2026-06-29T14:26:45.094938+00:00,2026-05-11,1,46.10822511849684,64.82293701171875,59.672738295903336,aditivo,0.5,v1.0.0
e8aeb018-f679-5670-b210-de4f62ff2111,26f7241d-a84e-5e4a-a43d-33eea1e54eea,0ec23038-d3ab-588c-bbd6-1f5c744cdde1,Vitamina,2026-06-29T14:26:45.094938+00:00,2026-05-18,2,51.90558128043887,63.66798400878906,64.43480821570608,aditivo,0.5,v1.0.0
e8aeb018-f679-5670-b210-de4f62ff2111,26f7241d-a84e-5e4a-a43d-33eea1e54eea,0ec23038-d3ab-588c-bbd6-1f5c744cdde1,Vitamina,2026-06-29T14:26:45.094938+00:00,2026-05-25,3,59.53309766837811,60.496803283691406,71.03660740400096,aditivo,0.5,v1.0.0
e8aeb018-f679-5670-b210-de4f62ff2111,26f7241d-a84e-5e4a-a43d-33eea1e54eea,0ec23038-d3ab-588c-bbd6-1f5c744cdde1,Vitamina,2026-06-29T14:26:45.094938+00:00,2026-06-01,4,59.53309766837811,60.87382888793945,71.19612484839561,aditivo,0.5,v1.0.0
e8aeb018-f679-5670-b210-de4f62ff2111,26f7241d-a84e-5e4a-a43d-33eea1e54eea,0ec23038-d3ab-588c-bbd6-1f5c744cdde1,Vitamina,2026-06-29T14:26:45.094938+00:00,2026-06-08,5,59.53309766837811,60.570594787597656,71.17248088541587,aditivo,0.5,v1.0.0
e8aeb018-f679-5670-b210-de4f62ff2111,26f7241d-a84e-5e4a-a43d-33eea1e54eea,0ec23038-d3ab-588c-bbd6-1f5c744cdde1,Vitamina,2026-06-29T14:26:45.094938+00:00,2026-06-15,6,59.53309766837811,61.18741989135742,71.94670586690751,aditivo,0.5,v1.0.0
e8aeb018-f679-5670-b210-de4f62ff2111,26f7241d-a84e-5e4a-a43d-33eea1e54eea,0ec23038-d3ab-588c-bbd6-1f5c744cdde1,Vitamina,2026-06-29T14:26:45.094938+00:00,2026-06-22,7,59.53309766837811,60.89775848388672,71.68569296904037,aditivo,0.5,v1.0.0
e8aeb018-f679-5670-b210-de4f62ff2111,26f7241d-a84e-5e4a-a43d-33eea1e54eea,0ec23038-d3ab-588c-bbd6-1f5c744cdde1,Vitamina,2026-06-29T14:26:45.094938+00:00,2026-06-29,8,59.53309766837811,60.89775848388672,71.66251920363254,aditivo,0.5,v1.0.0
e8aeb018-f679-5670-b210-de4f62ff2111,26f7241d-a84e-5e4a-a43d-33eea1e54eea,0ec23038-d3ab-588c-bbd6-1f5c744cdde1,Vitamina,2026-06-29T14:26:45.094938+00:00,2026-07-06,9,59.53309766837811,60.89775848388672,71.6396766813536,aditivo,0.5,v1.0.0
e8aeb018-f679-5670-b210-de4f62ff2111,26f7241d-a84e-5e4a-a43d-33eea1e54eea,0ec23038-d3ab-588c-bbd6-1f5c744cdde1,Vitamina,2026-06-29T14:26:45.094938+00:00,2026-07-13,10,59.53309766837811,60.89775848388672,70.7213999885126,aditivo,0.5,v1.0.0
e8aeb018-f679-5670-b210-de4f62ff2111,26f7241d-a84e-5e4a-a43d-33eea1e54eea,0ec23038-d3ab-588c-bbd6-1f5c744cdde1,Vitamina,2026-06-29T14:26:45.094938+00:00,2026-07-20,11,59.53309766837811,60.59440994262695,70.90074507754682,aditivo,0.5,v1.0.0
e8aeb018-f679-5670-b210-de4f62ff2111,26f7241d-a84e-5e4a-a43d-33eea1e54eea,0ec23038-d3ab-588c-bbd6-1f5c744cdde1,Vitamina,2026-06-29T14:26:45.094938+00:00,2026-07-27,12,59.53309766837811,60.89775848388672,71.00459706079585,aditivo,0.5,v1.0.0
e8aeb018-f679-5670-b210-de4f62ff2111,26f7241d-a84e-5e4a-a43d-33eea1e54eea,1ca3438e-9e23-58f0-a35f-f15f7a23beb9,Antifúngico,2026-06-29T14:26:45.094938+00:00,2026-05-11,1,49.19955258929983,38.43642044067383,47.04135181309536,aditivo,1.5,v1.0.0
e8aeb018-f679-5670-b210-de4f62ff2111,26f7241d-a84e-5e4a-a43d-33eea1e54eea,1ca3438e-9e23-58f0-a35f-f15f7a23beb9,Antifúngico,2026-06-29T14:26:45.094938+00:00,2026-05-18,2,40.62785387184612,40.143836975097656,45.16697632907066,aditivo,1.5,v1.0.0
e8aeb018-f679-5670-b210-de4f62ff2111,26f7241d-a84e-5e4a-a43d-33eea1e54eea,1ca3438e-9e23-58f0-a35f-f15f7a23beb9,Antifúngico,2026-06-29T14:26:45.094938+00:00,2026-05-25,3,44.71831030527506,38.70558547973633,46.812990276001514,aditivo,1.5,v1.0.0
e8aeb018-f679-5670-b210-de4f62ff2111,26f7241d-a84e-5e4a-a43d-33eea1e54eea,1ca3438e-9e23-58f0-a35f-f15f7a23beb9,Antifúngico,2026-06-29T14:26:45.094938+00:00,2026-06-01,4,43.51247615641425,39.009159088134766,45.87807102634857,aditivo,1.5,v1.0.0
e8aeb018-f679-5670-b210-de4f62ff2111,26f7241d-a84e-5e4a-a43d-33eea1e54eea,1ca3438e-9e23-58f0-a35f-f15f7a23beb9,Antifúngico,2026-06-29T14:26:45.094938+00:00,2026-06-08,5,44.578869661130106,39.18879699707031,47.10850227940672,aditivo,1.5,v1.0.0
e8aeb018-f679-5670-b210-de4f62ff2111,26f7241d-a84e-5e4a-a43d-33eea1e54eea,1ca3438e-9e23-58f0-a35f-f15f7a23beb9,Antifúngico,2026-06-29T14:26:45.094938+00:00,2026-06-15,6,40.169132510017484,39.464813232421875,46.20553693068872,aditivo,1.5,v1.0.0
e8aeb018-f679-5670-b210-de4f62ff2111,26f7241d-a84e-5e4a-a43d-33eea1e54eea,1ca3438e-9e23-58f0-a35f-f15f7a23beb9,Antifúngico,2026-06-29T14:26:45.094938+00:00,2026-06-22,7,46.708340116346726,39.464813232421875,49.370036577929525,aditivo,1.5,v1.0.0
e8aeb018-f679-5670-b210-de4f62ff2111,26f7241d-a84e-5e4a-a43d-33eea1e54eea,1ca3438e-9e23-58f0-a35f-f15f7a23beb9,Antifúngico,2026-06-29T14:26:45.094938+00:00,2026-06-29,8,44.80425380991585,39.464813232421875,47.768306393346826,aditivo,1.5,v1.0.0
e8aeb018-f679-5670-b210-de4f62ff2111,26f7241d-a84e-5e4a-a43d-33eea1e54eea,1ca3438e-9e23-58f0-a35f-f15f7a23beb9,Antifúngico,2026-06-29T14:26:45.094938+00:00,2026-07-06,9,43.57619476999026,40.90168380737305,47.111057638076325,aditivo,1.5,v1.0.0
e8aeb018-f679-5670-b210-de4f62ff2111,26f7241d-a84e-5e4a-a43d-33eea1e54eea,1ca3438e-9e23-58f0-a35f-f15f7a23beb9,Antifúngico,2026-06-29T14:26:45.094938+00:00,2026-07-13,10,37.332304347064905,42.96526336669922,44.911627153914964,aditivo,1.5,v1.0.0
e8aeb018-f679-5670-b210-de4f62ff2111,26f7241d-a84e-5e4a-a43d-33eea1e54eea,1ca3438e-9e23-58f0-a35f-f15f7a23beb9,Antifúngico,2026-06-29T14:26:45.094938+00:00,2026-07-20,11,43.23411847067185,43.05318832397461,46.146704432592934,aditivo,1.5,v1.0.0
e8aeb018-f679-5670-b210-de4f62ff2111,26f7241d-a84e-5e4a-a43d-33eea1e54eea,1ca3438e-9e23-58f0-a35f-f15f7a23beb9,Antifúngico,2026-06-29T14:26:45.094938+00:00,2026-07-27,12,42.71780210641526,41.65494918823242,45.6292126963608,aditivo,1.5,v1.0.0
e8aeb018-f679-5670-b210-de4f62ff2111,26f7241d-a84e-5e4a-a43d-33eea1e54eea,1e9605fd-5682-52b6-8f05-e8a92dd44513,Antivertiginoso,2026-06-29T14:26:45.094938+00:00,2026-05-11,1,29.626138199179813,20.50895881652832,29.62296220689398,aditivo,0.3,v1.0.0
e8aeb018-f679-5670-b210-de4f62ff2111,26f7241d-a84e-5e4a-a43d-33eea1e54eea,1e9605fd-5682-52b6-8f05-e8a92dd44513,Antivertiginoso,2026-06-29T14:26:45.094938+00:00,2026-05-18,2,29.684760372171556,19.15919303894043,29.561907883401897,aditivo,0.3,v1.0.0
e8aeb018-f679-5670-b210-de4f62ff2111,26f7241d-a84e-5e4a-a43d-33eea1e54eea,1e9605fd-5682-52b6-8f05-e8a92dd44513,Antivertiginoso,2026-06-29T14:26:45.094938+00:00,2026-05-25,3,17.398295953832875,18.868417739868164,18.779926049029363,aditivo,0.3,v1.0.0
e8aeb018-f679-5670-b210-de4f62ff2111,26f7241d-a84e-5e4a-a43d-33eea1e54eea,1e9605fd-5682-52b6-8f05-e8a92dd44513,Antivertiginoso,2026-06-29T14:26:45.094938+00:00,2026-06-01,4,17.937279223210304,18.939966201782227,19.216964876482095,aditivo,0.3,v1.0.0
e8aeb018-f679-5670-b210-de4f62ff2111,26f7241d-a84e-5e4a-a43d-33eea1e54eea,1e9605fd-5682-52b6-8f05-e8a92dd44513,Antivertiginoso,2026-06-29T14:26:45.094938+00:00,2026-06-08,5,17.71493711009644,19.13003158569336,19.038152969569975,aditivo,0.3,v1.0.0
e8aeb018-f679-5670-b210-de4f62ff2111,26f7241d-a84e-5e4a-a43d-33eea1e54eea,1e9605fd-5682-52b6-8f05-e8a92dd44513,Antivertiginoso,2026-06-29T14:26:45.094938+00:00,2026-06-15,6,17.320068955576225,18.23654556274414,18.657809949037937,aditivo,0.3,v1.0.0
e8aeb018-f679-5670-b210-de4f62ff2111,26f7241d-a84e-5e4a-a43d-33eea1e54eea,1e9605fd-5682-52b6-8f05-e8a92dd44513,Antivertiginoso,2026-06-29T14:26:45.094938+00:00,2026-06-22,7,16.58360287899326,18.235197067260742,17.880020031207852,aditivo,0.3,v1.0.0
e8aeb018-f679-5670-b210-de4f62ff2111,26f7241d-a84e-5e4a-a43d-33eea1e54eea,1e9605fd-5682-52b6-8f05-e8a92dd44513,Antivertiginoso,2026-06-29T14:26:45.094938+00:00,2026-06-29,8,17.685510287473733,18.531274795532227,18.896701143708288,aditivo,0.3,v1.0.0
e8aeb018-f679-5670-b210-de4f62ff2111,26f7241d-a84e-5e4a-a43d-33eea1e54eea,1e9605fd-5682-52b6-8f05-e8a92dd44513,Antivertiginoso,2026-06-29T14:26:45.094938+00:00,2026-07-06,9,17.919928715129345,18.338258743286133,19.129934432446078,aditivo,0.3,v1.0.0
e8aeb018-f679-5670-b210-de4f62ff2111,26f7241d-a84e-5e4a-a43d-33eea1e54eea,1e9605fd-5682-52b6-8f05-e8a92dd44513,Antivertiginoso,2026-06-29T14:26:45.094938+00:00,2026-07-13,10,17.18939264151951,17.880685806274414,18.298779646730953,aditivo,0.3,v1.0.0
e8aeb018-f679-5670-b210-de4f62ff2111,26f7241d-a84e-5e4a-a43d-33eea1e54eea,1e9605fd-5682-52b6-8f05-e8a92dd44513,Antivertiginoso,2026-06-29T14:26:45.094938+00:00,2026-07-20,11,17.273201261158697,17.89313507080078,18.35084694710831,aditivo,0.3,v1.0.0
e8aeb018-f679-5670-b210-de4f62ff2111,26f7241d-a84e-5e4a-a43d-33eea1e54eea,1e9605fd-5682-52b6-8f05-e8a92dd44513,Antivertiginoso,2026-06-29T14:26:45.094938+00:00,2026-07-27,12,17.424193493076746,18.017066955566406,18.50062640096976,aditivo,0.3,v1.0.0
e8aeb018-f679-5670-b210-de4f62ff2111,26f7241d-a84e-5e4a-a43d-33eea1e54eea,2082733c-4e17-51fe-bc8c-bf33d3ec5d7e,Antiulceroso,2026-06-29T14:26:45.094938+00:00,2026-05-11,1,58.511070900616275,53.124488830566406,61.53381603863536,aditivo,1.0,v1.0.0
e8aeb018-f679-5670-b210-de4f62ff2111,26f7241d-a84e-5e4a-a43d-33eea1e54eea,2082733c-4e17-51fe-bc8c-bf33d3ec5d7e,Antiulceroso,2026-06-29T14:26:45.094938+00:00,2026-05-18,2,57.63140905100947,53.19649124145508,60.68240972009015,aditivo,1.0,v1.0.0
e8aeb018-f679-5670-b210-de4f62ff2111,26f7241d-a84e-5e4a-a43d-33eea1e54eea,2082733c-4e17-51fe-bc8c-bf33d3ec5d7e,Antiulceroso,2026-06-29T14:26:45.094938+00:00,2026-05-25,3,54.84758653627102,53.08831787109375,57.74819673841806,aditivo,1.0,v1.0.0
e8aeb018-f679-5670-b210-de4f62ff2111,26f7241d-a84e-5e4a-a43d-33eea1e54eea,2082733c-4e17-51fe-bc8c-bf33d3ec5d7e,Antiulceroso,2026-06-29T14:26:45.094938+00:00,2026-06-01,4,55.76563125966821,53.08831787109375,59.00355228960591,aditivo,1.0,v1.0.0
e8aeb018-f679-5670-b210-de4f62ff2111,26f7241d-a84e-5e4a-a43d-33eea1e54eea,2082733c-4e17-51fe-bc8c-bf33d3ec5d7e,Antiulceroso,2026-06-29T14:26:45.094938+00:00,2026-06-08,5,55.907276457751585,53.19649124145508,58.904729736629456,aditivo,1.0,v1.0.0
e8aeb018-f679-5670-b210-de4f62ff2111,26f7241d-a84e-5e4a-a43d-33eea1e54eea,2082733c-4e17-51fe-bc8c-bf33d3ec5d7e,Antiulceroso,2026-06-29T14:26:45.094938+00:00,2026-06-15,6,55.7475589251726,53.08831787109375,58.68592110876448,aditivo,1.0,v1.0.0
e8aeb018-f679-5670-b210-de4f62ff2111,26f7241d-a84e-5e4a-a43d-33eea1e54eea,2082733c-4e17-51fe-bc8c-bf33d3ec5d7e,Antiulceroso,2026-06-29T14:26:45.094938+00:00,2026-06-22,7,55.786182500164564,53.08831787109375,58.79338825479477,aditivo,1.0,v1.0.0
e8aeb018-f679-5670-b210-de4f62ff2111,26f7241d-a84e-5e4a-a43d-33eea1e54eea,2082733c-4e17-51fe-bc8c-bf33d3ec5d7e,Antiulceroso,2026-06-29T14:26:45.094938+00:00,2026-06-29,8,55.81092209762541,53.08831787109375,58.853643168882925,aditivo,1.0,v1.0.0
e8aeb018-f679-5670-b210-de4f62ff2111,26f7241d-a84e-5e4a-a43d-33eea1e54eea,2082733c-4e17-51fe-bc8c-bf33d3ec5d7e,Antiulceroso,2026-06-29T14:26:45.094938+00:00,2026-07-06,9,55.81136763979215,53.08831787109375,58.85536874300084,aditivo,1.0,v1.0.0
e8aeb018-f679-5670-b210-de4f62ff2111,26f7241d-a84e-5e4a-a43d-33eea1e54eea,2082733c-4e17-51fe-bc8c-bf33d3ec5d7e,Antiulceroso,2026-06-29T14:26:45.094938+00:00,2026-07-13,10,55.82076680847013,53.08831787109375,58.831745385226725,aditivo,1.0,v1.0.0
e8aeb018-f679-5670-b210-de4f62ff2111,26f7241d-a84e-5e4a-a43d-33eea1e54eea,2082733c-4e17-51fe-bc8c-bf33d3ec5d7e,Antiulceroso,2026-06-29T14:26:45.094938+00:00,2026-07-20,11,55.831066233370244,53.08831787109375,58.67044997010599,aditivo,1.0,v1.0.0
e8aeb018-f679-5670-b210-de4f62ff2111,26f7241d-a84e-5e4a-a43d-33eea1e54eea,2082733c-4e17-51fe-bc8c-bf33d3ec5d7e,Antiulceroso,2026-06-29T14:26:45.094938+00:00,2026-07-27,12,55.83983208037319,53.08831787109375,58.68028636401636,aditivo,1.0,v1.0.0
e8aeb018-f679-5670-b210-de4f62ff2111,26f7241d-a84e-5e4a-a43d-33eea1e54eea,22231140-3780-5fe8-a7d4-d33f61d15111,Corticosteroide,2026-06-29T14:26:45.094938+00:00,2026-05-11,1,27.966267936886915,32.72119140625,27.966267936886915,sarima,0.0,v1.0.0
e8aeb018-f679-5670-b210-de4f62ff2111,26f7241d-a84e-5e4a-a43d-33eea1e54eea,22231140-3780-5fe8-a7d4-d33f61d15111,Corticosteroide,2026-06-29T14:26:45.094938+00:00,2026-05-18,2,27.966267936886915,34.193389892578125,27.966267936886915,sarima,0.0,v1.0.0
e8aeb018-f679-5670-b210-de4f62ff2111,26f7241d-a84e-5e4a-a43d-33eea1e54eea,22231140-3780-5fe8-a7d4-d33f61d15111,Corticosteroide,2026-06-29T14:26:45.094938+00:00,2026-05-25,3,27.966267936886915,34.3168830871582,27.966267936886915,sarima,0.0,v1.0.0
e8aeb018-f679-5670-b210-de4f62ff2111,26f7241d-a84e-5e4a-a43d-33eea1e54eea,22231140-3780-5fe8-a7d4-d33f61d15111,Corticosteroide,2026-06-29T14:26:45.094938+00:00,2026-06-01,4,27.966267936886915,33.49724578857422,27.966267936886915,sarima,0.0,v1.0.0
e8aeb018-f679-5670-b210-de4f62ff2111,26f7241d-a84e-5e4a-a43d-33eea1e54eea,22231140-3780-5fe8-a7d4-d33f61d15111,Corticosteroide,2026-06-29T14:26:45.094938+00:00,2026-06-08,5,27.966267936886915,31.80319595336914,27.966267936886915,sarima,0.0,v1.0.0
e8aeb018-f679-5670-b210-de4f62ff2111,26f7241d-a84e-5e4a-a43d-33eea1e54eea,22231140-3780-5fe8-a7d4-d33f61d15111,Corticosteroide,2026-06-29T14:26:45.094938+00:00,2026-06-15,6,27.966267936886915,30.799640655517578,27.966267936886915,sarima,0.0,v1.0.0
e8aeb018-f679-5670-b210-de4f62ff2111,26f7241d-a84e-5e4a-a43d-33eea1e54eea,22231140-3780-5fe8-a7d4-d33f61d15111,Corticosteroide,2026-06-29T14:26:45.094938+00:00,2026-06-22,7,27.966267936886915,31.058456420898438,27.966267936886915,sarima,0.0,v1.0.0
e8aeb018-f679-5670-b210-de4f62ff2111,26f7241d-a84e-5e4a-a43d-33eea1e54eea,22231140-3780-5fe8-a7d4-d33f61d15111,Corticosteroide,2026-06-29T14:26:45.094938+00:00,2026-06-29,8,27.966267936886915,31.26351547241211,27.966267936886915,sarima,0.0,v1.0.0
e8aeb018-f679-5670-b210-de4f62ff2111,26f7241d-a84e-5e4a-a43d-33eea1e54eea,22231140-3780-5fe8-a7d4-d33f61d15111,Corticosteroide,2026-06-29T14:26:45.094938+00:00,2026-07-06,9,27.966267936886915,30.995010375976562,27.966267936886915,sarima,0.0,v1.0.0
e8aeb018-f679-5670-b210-de4f62ff2111,26f7241d-a84e-5e4a-a43d-33eea1e54eea,22231140-3780-5fe8-a7d4-d33f61d15111,Corticosteroide,2026-06-29T14:26:45.094938+00:00,2026-07-13,10,27.966267936886915,30.995010375976562,27.966267936886915,sarima,0.0,v1.0.0
e8aeb018-f679-5670-b210-de4f62ff2111,26f7241d-a84e-5e4a-a43d-33eea1e54eea,22231140-3780-5fe8-a7d4-d33f61d15111,Corticosteroide,2026-06-29T14:26:45.094938+00:00,2026-07-20,11,27.966267936886915,31.090560913085938,27.966267936886915,sarima,0.0,v1.0.0
e8aeb018-f679-5670-b210-de4f62ff2111,26f7241d-a84e-5e4a-a43d-33eea1e54eea,22231140-3780-5fe8-a7d4-d33f61d15111,Corticosteroide,2026-06-29T14:26:45.094938+00:00,2026-07-27,12,27.966267936886915,31.166423797607422,27.966267936886915,sarima,0.0,v1.0.0
e8aeb018-f679-5670-b210-de4f62ff2111,26f7241d-a84e-5e4a-a43d-33eea1e54eea,2897aac2-f219-5167-b800-73fac27f6b85,Broncodilatador,2026-06-29T14:26:45.094938+00:00,2026-05-11,1,43.49834474522417,42.055912017822266,49.357117102141395,aditivo,0.8,v1.0.0
e8aeb018-f679-5670-b210-de4f62ff2111,26f7241d-a84e-5e4a-a43d-33eea1e54eea,2897aac2-f219-5167-b800-73fac27f6b85,Broncodilatador,2026-06-29T14:26:45.094938+00:00,2026-05-18,2,43.32853887474344,43.658817291259766,46.7376443008858,aditivo,0.8,v1.0.0
e8aeb018-f679-5670-b210-de4f62ff2111,26f7241d-a84e-5e4a-a43d-33eea1e54eea,2897aac2-f219-5167-b800-73fac27f6b85,Broncodilatador,2026-06-29T14:26:45.094938+00:00,2026-05-25,3,43.171782779605145,43.658817291259766,49.03545961044355,aditivo,0.8,v1.0.0
e8aeb018-f679-5670-b210-de4f62ff2111,26f7241d-a84e-5e4a-a43d-33eea1e54eea,2897aac2-f219-5167-b800-73fac27f6b85,Broncodilatador,2026-06-29T14:26:45.094938+00:00,2026-06-01,4,43.02703442012182,43.73196029663086,46.50338491050951,aditivo,0.8,v1.0.0
e8aeb018-f679-5670-b210-de4f62ff2111,26f7241d-a84e-5e4a-a43d-33eea1e54eea,2897aac2-f219-5167-b800-73fac27f6b85,Broncodilatador,2026-06-29T14:26:45.094938+00:00,2026-06-08,5,42.89334048282625,43.361534118652344,46.16774458464876,aditivo,0.8,v1.0.0
e8aeb018-f679-5670-b210-de4f62ff2111,26f7241d-a84e-5e4a-a43d-33eea1e54eea,2897aac2-f219-5167-b800-73fac27f6b85,Broncodilatador,2026-06-29T14:26:45.094938+00:00,2026-06-15,6,42.76982806276463,44.52788543701172,48.26053218840697,aditivo,0.8,v1.0.0
e8aeb018-f679-5670-b210-de4f62ff2111,26f7241d-a84e-5e4a-a43d-33eea1e54eea,2897aac2-f219-5167-b800-73fac27f6b85,Broncodilatador,2026-06-29T14:26:45.094938+00:00,2026-06-22,7,42.655697227402136,44.437015533447266,47.836958605424016,aditivo,0.8,v1.0.0
e8aeb018-f679-5670-b210-de4f62ff2111,26f7241d-a84e-5e4a-a43d-33eea1e54eea,2897aac2-f219-5167-b800-73fac27f6b85,Broncodilatador,2026-06-29T14:26:45.094938+00:00,2026-06-29,8,42.55021435575237,44.437015533447266,44.64208137762674,aditivo,0.8,v1.0.0
e8aeb018-f679-5670-b210-de4f62ff2111,26f7241d-a84e-5e4a-a43d-33eea1e54eea,2897aac2-f219-5167-b800-73fac27f6b85,Broncodilatador,2026-06-29T14:26:45.094938+00:00,2026-07-06,9,42.452706160753415,44.437015533447266,44.54418019570038,aditivo,0.8,v1.0.0
e8aeb018-f679-5670-b210-de4f62ff2111,26f7241d-a84e-5e4a-a43d-33eea1e54eea,2897aac2-f219-5167-b800-73fac27f6b85,Broncodilatador,2026-06-29T14:26:45.094938+00:00,2026-07-13,10,42.36255431518148,43.619972229003906,44.45360741894178,aditivo,0.8,v1.0.0
e8aeb018-f679-5670-b210-de4f62ff2111,26f7241d-a84e-5e4a-a43d-33eea1e54eea,2897aac2-f219-5167-b800-73fac27f6b85,Broncodilatador,2026-06-29T14:26:45.094938+00:00,2026-07-20,11,42.279190611862184,43.619972229003906,43.98158407972911,aditivo,0.8,v1.0.0
e8aeb018-f679-5670-b210-de4f62ff2111,26f7241d-a84e-5e4a-a43d-33eea1e54eea,2897aac2-f219-5167-b800-73fac27f6b85,Broncodilatador,2026-06-29T14:26:45.094938+00:00,2026-07-27,12,42.20209259789399,43.3478889465332,43.90399742183268,aditivo,0.8,v1.0.0
e8aeb018-f679-5670-b210-de4f62ff2111,26f7241d-a84e-5e4a-a43d-33eea1e54eea,2933d8b7-2438-521b-b38d-d3a5224f87fc,Analgésico,2026-06-29T14:26:45.094938+00:00,2026-05-11,1,92.61227536584107,76.60775756835938,102.28547957767725,aditivo,1.5,v1.0.0
e8aeb018-f679-5670-b210-de4f62ff2111,26f7241d-a84e-5e4a-a43d-33eea1e54eea,2933d8b7-2438-521b-b38d-d3a5224f87fc,Analgésico,2026-06-29T14:26:45.094938+00:00,2026-05-18,2,92.04558144010298,76.91477966308594,101.7273005875709,aditivo,1.5,v1.0.0
e8aeb018-f679-5670-b210-de4f62ff2111,26f7241d-a84e-5e4a-a43d-33eea1e54eea,2933d8b7-2438-521b-b38d-d3a5224f87fc,Analgésico,2026-06-29T14:26:45.094938+00:00,2026-05-25,3,91.56027979409726,81.61499786376953,103.72065150713998,aditivo,1.5,v1.0.0
e8aeb018-f679-5670-b210-de4f62ff2111,26f7241d-a84e-5e4a-a43d-33eea1e54eea,2933d8b7-2438-521b-b38d-d3a5224f87fc,Analgésico,2026-06-29T14:26:45.094938+00:00,2026-06-01,4,91.14435426730687,86.64472198486328,119.94127523274989,aditivo,1.5,v1.0.0
e8aeb018-f679-5670-b210-de4f62ff2111,26f7241d-a84e-5e4a-a43d-33eea1e54eea,2933d8b7-2438-521b-b38d-d3a5224f87fc,Analgésico,2026-06-29T14:26:45.094938+00:00,2026-06-08,5,90.7876463749087,86.64472198486328,120.96489877401582,aditivo,1.5,v1.0.0
e8aeb018-f679-5670-b210-de4f62ff2111,26f7241d-a84e-5e4a-a43d-33eea1e54eea,2933d8b7-2438-521b-b38d-d3a5224f87fc,Analgésico,2026-06-29T14:26:45.094938+00:00,2026-06-15,6,90.48154697149523,86.64472198486328,120.7307423911687,aditivo,1.5,v1.0.0
e8aeb018-f679-5670-b210-de4f62ff2111,26f7241d-a84e-5e4a-a43d-33eea1e54eea,2933d8b7-2438-521b-b38d-d3a5224f87fc,Analgésico,2026-06-29T14:26:45.094938+00:00,2026-06-22,7,90.21874427968329,84.87336730957031,121.30173712570789,aditivo,1.5,v1.0.0
e8aeb018-f679-5670-b210-de4f62ff2111,26f7241d-a84e-5e4a-a43d-33eea1e54eea,2933d8b7-2438-521b-b38d-d3a5224f87fc,Analgésico,2026-06-29T14:26:45.094938+00:00,2026-06-29,8,89.99301676344686,90.64840698242188,121.73317656304134,aditivo,1.5,v1.0.0
e8aeb018-f679-5670-b210-de4f62ff2111,26f7241d-a84e-5e4a-a43d-33eea1e54eea,2933d8b7-2438-521b-b38d-d3a5224f87fc,Analgésico,2026-06-29T14:26:45.094938+00:00,2026-07-06,9,89.79906195056695,90.64840698242188,121.61293830065486,aditivo,1.5,v1.0.0
e8aeb018-f679-5670-b210-de4f62ff2111,26f7241d-a84e-5e4a-a43d-33eea1e54eea,2933d8b7-2438-521b-b38d-d3a5224f87fc,Analgésico,2026-06-29T14:26:45.094938+00:00,2026-07-13,10,89.6323542777952,88.63105010986328,121.51852049835429,aditivo,1.5,v1.0.0
e8aeb018-f679-5670-b210-de4f62ff2111,26f7241d-a84e-5e4a-a43d-33eea1e54eea,2933d8b7-2438-521b-b38d-d3a5224f87fc,Analgésico,2026-06-29T14:26:45.094938+00:00,2026-07-20,11,89.4890265220615,83.96527099609375,103.07543364316359,aditivo,1.5,v1.0.0
e8aeb018-f679-5670-b210-de4f62ff2111,26f7241d-a84e-5e4a-a43d-33eea1e54eea,2933d8b7-2438-521b-b38d-d3a5224f87fc,Analgésico,2026-06-29T14:26:45.094938+00:00,2026-07-27,12,89.36577051721281,80.35426330566406,100.45739527173873,aditivo,1.5,v1.0.0
e8aeb018-f679-5670-b210-de4f62ff2111,26f7241d-a84e-5e4a-a43d-33eea1e54eea,2eb3a104-e572-583a-afa0-156ee0dc4cce,Antihipertensivo,2026-06-29T14:26:45.094938+00:00,2026-05-11,1,29.38768980816903,60.65279769897461,33.51963110712776,aditivo,0.6,v1.0.0
e8aeb018-f679-5670-b210-de4f62ff2111,26f7241d-a84e-5e4a-a43d-33eea1e54eea,2eb3a104-e572-583a-afa0-156ee0dc4cce,Antihipertensivo,2026-06-29T14:26:45.094938+00:00,2026-05-18,2,65.40135389972349,60.323246002197266,67.56534714276212,aditivo,0.6,v1.0.0
e8aeb018-f679-5670-b210-de4f62ff2111,26f7241d-a84e-5e4a-a43d-33eea1e54eea,2eb3a104-e572-583a-afa0-156ee0dc4cce,Antihipertensivo,2026-06-29T14:26:45.094938+00:00,2026-05-25,3,68.52992448212537,61.423370361328125,68.3642649420544,aditivo,0.6,v1.0.0
e8aeb018-f679-5670-b210-de4f62ff2111,26f7241d-a84e-5e4a-a43d-33eea1e54eea,2eb3a104-e572-583a-afa0-156ee0dc4cce,Antihipertensivo,2026-06-29T14:26:45.094938+00:00,2026-06-01,4,37.046528394250466,58.82185363769531,40.00228992322208,aditivo,0.6,v1.0.0
e8aeb018-f679-5670-b210-de4f62ff2111,26f7241d-a84e-5e4a-a43d-33eea1e54eea,2eb3a104-e572-583a-afa0-156ee0dc4cce,Antihipertensivo,2026-06-29T14:26:45.094938+00:00,2026-06-08,5,46.32857742916431,59.418739318847656,48.31839075833829,aditivo,0.6,v1.0.0
e8aeb018-f679-5670-b210-de4f62ff2111,26f7241d-a84e-5e4a-a43d-33eea1e54eea,2eb3a104-e572-583a-afa0-156ee0dc4cce,Antihipertensivo,2026-06-29T14:26:45.094938+00:00,2026-06-15,6,63.5161482793103,59.78240203857422,65.07184931704813,aditivo,0.6,v1.0.0
e8aeb018-f679-5670-b210-de4f62ff2111,26f7241d-a84e-5e4a-a43d-33eea1e54eea,2eb3a104-e572-583a-afa0-156ee0dc4cce,Antihipertensivo,2026-06-29T14:26:45.094938+00:00,2026-06-22,7,66.5532097492858,60.18415451049805,68.18120225403811,aditivo,0.6,v1.0.0
e8aeb018-f679-5670-b210-de4f62ff2111,26f7241d-a84e-5e4a-a43d-33eea1e54eea,2eb3a104-e572-583a-afa0-156ee0dc4cce,Antihipertensivo,2026-06-29T14:26:45.094938+00:00,2026-06-29,8,35.98412757662418,60.323158264160156,39.01415159083175,aditivo,0.6,v1.0.0
e8aeb018-f679-5670-b210-de4f62ff2111,26f7241d-a84e-5e4a-a43d-33eea1e54eea,2eb3a104-e572-583a-afa0-156ee0dc4cce,Antihipertensivo,2026-06-29T14:26:45.094938+00:00,2026-07-06,9,44.99831550024325,60.323246002197266,47.44600922432145,aditivo,0.6,v1.0.0
e8aeb018-f679-5670-b210-de4f62ff2111,26f7241d-a84e-5e4a-a43d-33eea1e54eea,2eb3a104-e572-583a-afa0-156ee0dc4cce,Antihipertensivo,2026-06-29T14:26:45.094938+00:00,2026-07-13,10,61.686024667857,59.305965423583984,63.398400069368556,aditivo,0.6,v1.0.0
e8aeb018-f679-5670-b210-de4f62ff2111,26f7241d-a84e-5e4a-a43d-33eea1e54eea,2eb3a104-e572-583a-afa0-156ee0dc4cce,Antihipertensivo,2026-06-29T14:26:45.094938+00:00,2026-07-20,11,64.63432699642644,59.18559646606445,66.43498674517916,aditivo,0.6,v1.0.0
e8aeb018-f679-5670-b210-de4f62ff2111,26f7241d-a84e-5e4a-a43d-33eea1e54eea,2eb3a104-e572-583a-afa0-156ee0dc4cce,Antihipertensivo,2026-06-29T14:26:45.094938+00:00,2026-07-27,12,34.95227215172189,59.30588150024414,38.31387436080118,aditivo,0.6,v1.0.0
e8aeb018-f679-5670-b210-de4f62ff2111,26f7241d-a84e-5e4a-a43d-33eea1e54eea,38adf7ba-476e-5e6b-9163-781a13538253,Antihistamínico,2026-06-29T14:26:45.094938+00:00,2026-05-11,1,84.70942324477885,85.286865234375,84.70942324477885,sarima,0.0,v1.0.0
e8aeb018-f679-5670-b210-de4f62ff2111,26f7241d-a84e-5e4a-a43d-33eea1e54eea,38adf7ba-476e-5e6b-9163-781a13538253,Antihistamínico,2026-06-29T14:26:45.094938+00:00,2026-05-18,2,93.0845138443525,85.93509674072266,93.0845138443525,sarima,0.0,v1.0.0
e8aeb018-f679-5670-b210-de4f62ff2111,26f7241d-a84e-5e4a-a43d-33eea1e54eea,38adf7ba-476e-5e6b-9163-781a13538253,Antihistamínico,2026-06-29T14:26:45.094938+00:00,2026-05-25,3,97.75643897348218,85.1918716430664,97.75643897348218,sarima,0.0,v1.0.0
e8aeb018-f679-5670-b210-de4f62ff2111,26f7241d-a84e-5e4a-a43d-33eea1e54eea,38adf7ba-476e-5e6b-9163-781a13538253,Antihistamínico,2026-06-29T14:26:45.094938+00:00,2026-06-01,4,100.07017859562764,83.48290252685547,100.07017859562764,sarima,0.0,v1.0.0
e8aeb018-f679-5670-b210-de4f62ff2111,26f7241d-a84e-5e4a-a43d-33eea1e54eea,38adf7ba-476e-5e6b-9163-781a13538253,Antihistamínico,2026-06-29T14:26:45.094938+00:00,2026-06-08,5,101.18333720978555,83.48290252685547,101.18333720978555,sarima,0.0,v1.0.0
e8aeb018-f679-5670-b210-de4f62ff2111,26f7241d-a84e-5e4a-a43d-33eea1e54eea,38adf7ba-476e-5e6b-9163-781a13538253,Antihistamínico,2026-06-29T14:26:45.094938+00:00,2026-06-15,6,101.69042977280684,86.35025024414062,101.69042977280684,sarima,0.0,v1.0.0
e8aeb018-f679-5670-b210-de4f62ff2111,26f7241d-a84e-5e4a-a43d-33eea1e54eea,38adf7ba-476e-5e6b-9163-781a13538253,Antihistamínico,2026-06-29T14:26:45.094938+00:00,2026-06-22,7,102.15442877311676,86.00057220458984,102.15442877311676,sarima,0.0,v1.0.0
e8aeb018-f679-5670-b210-de4f62ff2111,26f7241d-a84e-5e4a-a43d-33eea1e54eea,38adf7ba-476e-5e6b-9163-781a13538253,Antihistamínico,2026-06-29T14:26:45.094938+00:00,2026-06-29,8,102.2863989795027,86.35025024414062,102.2863989795027,sarima,0.0,v1.0.0
e8aeb018-f679-5670-b210-de4f62ff2111,26f7241d-a84e-5e4a-a43d-33eea1e54eea,38adf7ba-476e-5e6b-9163-781a13538253,Antihistamínico,2026-06-29T14:26:45.094938+00:00,2026-07-06,9,102.29283244026496,86.69580841064453,102.29283244026496,sarima,0.0,v1.0.0
e8aeb018-f679-5670-b210-de4f62ff2111,26f7241d-a84e-5e4a-a43d-33eea1e54eea,38adf7ba-476e-5e6b-9163-781a13538253,Antihistamínico,2026-06-29T14:26:45.094938+00:00,2026-07-13,10,102.24424776753744,87.10619354248047,102.24424776753744,sarima,0.0,v1.0.0
e8aeb018-f679-5670-b210-de4f62ff2111,26f7241d-a84e-5e4a-a43d-33eea1e54eea,38adf7ba-476e-5e6b-9163-781a13538253,Antihistamínico,2026-06-29T14:26:45.094938+00:00,2026-07-20,11,102.4306904886001,86.69580841064453,102.4306904886001,sarima,0.0,v1.0.0
e8aeb018-f679-5670-b210-de4f62ff2111,26f7241d-a84e-5e4a-a43d-33eea1e54eea,38adf7ba-476e-5e6b-9163-781a13538253,Antihistamínico,2026-06-29T14:26:45.094938+00:00,2026-07-27,12,102.4239555419394,86.59542083740234,102.4239555419394,sarima,0.0,v1.0.0
e8aeb018-f679-5670-b210-de4f62ff2111,26f7241d-a84e-5e4a-a43d-33eea1e54eea,4d9429b6-2ebf-5b5d-ac48-f779d5a1e270,Antibiótico,2026-06-29T14:26:45.094938+00:00,2026-05-11,1,22.266235932980653,22.1036376953125,22.266235932980653,sarima,0.0,v1.0.0
e8aeb018-f679-5670-b210-de4f62ff2111,26f7241d-a84e-5e4a-a43d-33eea1e54eea,4d9429b6-2ebf-5b5d-ac48-f779d5a1e270,Antibiótico,2026-06-29T14:26:45.094938+00:00,2026-05-18,2,19.36177267602228,21.01032066345215,19.36177267602228,sarima,0.0,v1.0.0
e8aeb018-f679-5670-b210-de4f62ff2111,26f7241d-a84e-5e4a-a43d-33eea1e54eea,4d9429b6-2ebf-5b5d-ac48-f779d5a1e270,Antibiótico,2026-06-29T14:26:45.094938+00:00,2026-05-25,3,18.312169556134897,21.35896873474121,18.312169556134897,sarima,0.0,v1.0.0
e8aeb018-f679-5670-b210-de4f62ff2111,26f7241d-a84e-5e4a-a43d-33eea1e54eea,4d9429b6-2ebf-5b5d-ac48-f779d5a1e270,Antibiótico,2026-06-29T14:26:45.094938+00:00,2026-06-01,4,18.312169556134897,20.208208084106445,18.312169556134897,sarima,0.0,v1.0.0
e8aeb018-f679-5670-b210-de4f62ff2111,26f7241d-a84e-5e4a-a43d-33eea1e54eea,4d9429b6-2ebf-5b5d-ac48-f779d5a1e270,Antibiótico,2026-06-29T14:26:45.094938+00:00,2026-06-08,5,18.312169556134897,20.378032684326172,18.312169556134897,sarima,0.0,v1.0.0
e8aeb018-f679-5670-b210-de4f62ff2111,26f7241d-a84e-5e4a-a43d-33eea1e54eea,4d9429b6-2ebf-5b5d-ac48-f779d5a1e270,Antibiótico,2026-06-29T14:26:45.094938+00:00,2026-06-15,6,18.312169556134897,20.28029441833496,18.312169556134897,sarima,0.0,v1.0.0
e8aeb018-f679-5670-b210-de4f62ff2111,26f7241d-a84e-5e4a-a43d-33eea1e54eea,4d9429b6-2ebf-5b5d-ac48-f779d5a1e270,Antibiótico,2026-06-29T14:26:45.094938+00:00,2026-06-22,7,18.312169556134897,20.360368728637695,18.312169556134897,sarima,0.0,v1.0.0
e8aeb018-f679-5670-b210-de4f62ff2111,26f7241d-a84e-5e4a-a43d-33eea1e54eea,4d9429b6-2ebf-5b5d-ac48-f779d5a1e270,Antibiótico,2026-06-29T14:26:45.094938+00:00,2026-06-29,8,18.312169556134897,20.360368728637695,18.312169556134897,sarima,0.0,v1.0.0
e8aeb018-f679-5670-b210-de4f62ff2111,26f7241d-a84e-5e4a-a43d-33eea1e54eea,4d9429b6-2ebf-5b5d-ac48-f779d5a1e270,Antibiótico,2026-06-29T14:26:45.094938+00:00,2026-07-06,9,18.312169556134897,19.447383880615234,18.312169556134897,sarima,0.0,v1.0.0
e8aeb018-f679-5670-b210-de4f62ff2111,26f7241d-a84e-5e4a-a43d-33eea1e54eea,4d9429b6-2ebf-5b5d-ac48-f779d5a1e270,Antibiótico,2026-06-29T14:26:45.094938+00:00,2026-07-13,10,18.312169556134897,20.010168075561523,18.312169556134897,sarima,0.0,v1.0.0
e8aeb018-f679-5670-b210-de4f62ff2111,26f7241d-a84e-5e4a-a43d-33eea1e54eea,4d9429b6-2ebf-5b5d-ac48-f779d5a1e270,Antibiótico,2026-06-29T14:26:45.094938+00:00,2026-07-20,11,18.312169556134897,19.97284698486328,18.312169556134897,sarima,0.0,v1.0.0
e8aeb018-f679-5670-b210-de4f62ff2111,26f7241d-a84e-5e4a-a43d-33eea1e54eea,4d9429b6-2ebf-5b5d-ac48-f779d5a1e270,Antibiótico,2026-06-29T14:26:45.094938+00:00,2026-07-27,12,18.312169556134897,19.960439682006836,18.312169556134897,sarima,0.0,v1.0.0
e8aeb018-f679-5670-b210-de4f62ff2111,26f7241d-a84e-5e4a-a43d-33eea1e54eea,5bbfdec8-65ae-59e6-b211-5eccb5b765fa,Analgésico,2026-06-29T14:26:45.094938+00:00,2026-05-11,1,85.24514282929115,80.2984619140625,97.24122294409264,aditivo,1.5,v1.0.0
e8aeb018-f679-5670-b210-de4f62ff2111,26f7241d-a84e-5e4a-a43d-33eea1e54eea,5bbfdec8-65ae-59e6-b211-5eccb5b765fa,Analgésico,2026-06-29T14:26:45.094938+00:00,2026-05-18,2,84.94319295778425,76.50716400146484,94.92048415566057,aditivo,1.5,v1.0.0
e8aeb018-f679-5670-b210-de4f62ff2111,26f7241d-a84e-5e4a-a43d-33eea1e54eea,5bbfdec8-65ae-59e6-b211-5eccb5b765fa,Analgésico,2026-06-29T14:26:45.094938+00:00,2026-05-25,3,84.69174607960673,75.7384262084961,92.58161415079515,aditivo,1.5,v1.0.0
e8aeb018-f679-5670-b210-de4f62ff2111,26f7241d-a84e-5e4a-a43d-33eea1e54eea,5bbfdec8-65ae-59e6-b211-5eccb5b765fa,Analgésico,2026-06-29T14:26:45.094938+00:00,2026-06-01,4,84.48224430325266,81.9328842163086,103.2712147740486,aditivo,1.5,v1.0.0
e8aeb018-f679-5670-b210-de4f62ff2111,26f7241d-a84e-5e4a-a43d-33eea1e54eea,5bbfdec8-65ae-59e6-b211-5eccb5b765fa,Analgésico,2026-06-29T14:26:45.094938+00:00,2026-06-08,5,84.30761329176869,80.36769104003906,96.57416507411213,aditivo,1.5,v1.0.0
e8aeb018-f679-5670-b210-de4f62ff2111,26f7241d-a84e-5e4a-a43d-33eea1e54eea,5bbfdec8-65ae-59e6-b211-5eccb5b765fa,Analgésico,2026-06-29T14:26:45.094938+00:00,2026-06-15,6,84.16199511295449,82.54385375976562,105.79974502140378,aditivo,1.5,v1.0.0
e8aeb018-f679-5670-b210-de4f62ff2111,26f7241d-a84e-5e4a-a43d-33eea1e54eea,5bbfdec8-65ae-59e6-b211-5eccb5b765fa,Analgésico,2026-06-29T14:26:45.094938+00:00,2026-06-22,7,84.04053212487507,77.92340850830078,94.8998768092904,aditivo,1.5,v1.0.0
e8aeb018-f679-5670-b210-de4f62ff2111,26f7241d-a84e-5e4a-a43d-33eea1e54eea,5bbfdec8-65ae-59e6-b211-5eccb5b765fa,Analgésico,2026-06-29T14:26:45.094938+00:00,2026-06-29,8,83.93919131050055,78.6114273071289,94.80555317972302,aditivo,1.5,v1.0.0
e8aeb018-f679-5670-b210-de4f62ff2111,26f7241d-a84e-5e4a-a43d-33eea1e54eea,5bbfdec8-65ae-59e6-b211-5eccb5b765fa,Analgésico,2026-06-29T14:26:45.094938+00:00,2026-07-06,9,83.85462089986578,78.6114273071289,94.727803507564,aditivo,1.5,v1.0.0
e8aeb018-f679-5670-b210-de4f62ff2111,26f7241d-a84e-5e4a-a43d-33eea1e54eea,5bbfdec8-65ae-59e6-b211-5eccb5b765fa,Analgésico,2026-06-29T14:26:45.094938+00:00,2026-07-13,10,83.78403292842563,77.40946960449219,94.66385986771705,aditivo,1.5,v1.0.0
e8aeb018-f679-5670-b210-de4f62ff2111,26f7241d-a84e-5e4a-a43d-33eea1e54eea,5bbfdec8-65ae-59e6-b211-5eccb5b765fa,Analgésico,2026-06-29T14:26:45.094938+00:00,2026-07-20,11,83.72510674626298,77.10050201416016,92.50855255241873,aditivo,1.5,v1.0.0
e8aeb018-f679-5670-b210-de4f62ff2111,26f7241d-a84e-5e4a-a43d-33eea1e54eea,5bbfdec8-65ae-59e6-b211-5eccb5b765fa,Analgésico,2026-06-29T14:26:45.094938+00:00,2026-07-27,12,83.67590953404712,76.64773559570312,90.54868657351814,aditivo,1.5,v1.0.0
e8aeb018-f679-5670-b210-de4f62ff2111,26f7241d-a84e-5e4a-a43d-33eea1e54eea,6baabed2-52d7-5cb7-bf74-86c7cb3e4f07,Suplemento,2026-06-29T14:26:45.094938+00:00,2026-05-11,1,53.46884569881818,51.11189270019531,53.46884569881818,sarima,0.0,v1.0.0
e8aeb018-f679-5670-b210-de4f62ff2111,26f7241d-a84e-5e4a-a43d-33eea1e54eea,6baabed2-52d7-5cb7-bf74-86c7cb3e4f07,Suplemento,2026-06-29T14:26:45.094938+00:00,2026-05-18,2,53.46884569881818,51.976436614990234,53.46884569881818,sarima,0.0,v1.0.0
e8aeb018-f679-5670-b210-de4f62ff2111,26f7241d-a84e-5e4a-a43d-33eea1e54eea,6baabed2-52d7-5cb7-bf74-86c7cb3e4f07,Suplemento,2026-06-29T14:26:45.094938+00:00,2026-05-25,3,53.46884569881818,51.56904602050781,53.46884569881818,sarima,0.0,v1.0.0
e8aeb018-f679-5670-b210-de4f62ff2111,26f7241d-a84e-5e4a-a43d-33eea1e54eea,6baabed2-52d7-5cb7-bf74-86c7cb3e4f07,Suplemento,2026-06-29T14:26:45.094938+00:00,2026-06-01,4,53.46884569881818,52.058143615722656,53.46884569881818,sarima,0.0,v1.0.0
e8aeb018-f679-5670-b210-de4f62ff2111,26f7241d-a84e-5e4a-a43d-33eea1e54eea,6baabed2-52d7-5cb7-bf74-86c7cb3e4f07,Suplemento,2026-06-29T14:26:45.094938+00:00,2026-06-08,5,53.46884569881818,52.058143615722656,53.46884569881818,sarima,0.0,v1.0.0
e8aeb018-f679-5670-b210-de4f62ff2111,26f7241d-a84e-5e4a-a43d-33eea1e54eea,6baabed2-52d7-5cb7-bf74-86c7cb3e4f07,Suplemento,2026-06-29T14:26:45.094938+00:00,2026-06-15,6,53.46884569881818,52.058143615722656,53.46884569881818,sarima,0.0,v1.0.0
e8aeb018-f679-5670-b210-de4f62ff2111,26f7241d-a84e-5e4a-a43d-33eea1e54eea,6baabed2-52d7-5cb7-bf74-86c7cb3e4f07,Suplemento,2026-06-29T14:26:45.094938+00:00,2026-06-22,7,53.46884569881818,52.058143615722656,53.46884569881818,sarima,0.0,v1.0.0
e8aeb018-f679-5670-b210-de4f62ff2111,26f7241d-a84e-5e4a-a43d-33eea1e54eea,6baabed2-52d7-5cb7-bf74-86c7cb3e4f07,Suplemento,2026-06-29T14:26:45.094938+00:00,2026-06-29,8,53.46884569881818,52.058143615722656,53.46884569881818,sarima,0.0,v1.0.0
e8aeb018-f679-5670-b210-de4f62ff2111,26f7241d-a84e-5e4a-a43d-33eea1e54eea,6baabed2-52d7-5cb7-bf74-86c7cb3e4f07,Suplemento,2026-06-29T14:26:45.094938+00:00,2026-07-06,9,53.46884569881818,52.60565948486328,53.46884569881818,sarima,0.0,v1.0.0
e8aeb018-f679-5670-b210-de4f62ff2111,26f7241d-a84e-5e4a-a43d-33eea1e54eea,6baabed2-52d7-5cb7-bf74-86c7cb3e4f07,Suplemento,2026-06-29T14:26:45.094938+00:00,2026-07-13,10,53.46884569881818,52.60565948486328,53.46884569881818,sarima,0.0,v1.0.0
e8aeb018-f679-5670-b210-de4f62ff2111,26f7241d-a84e-5e4a-a43d-33eea1e54eea,6baabed2-52d7-5cb7-bf74-86c7cb3e4f07,Suplemento,2026-06-29T14:26:45.094938+00:00,2026-07-20,11,53.46884569881818,52.60565948486328,53.46884569881818,sarima,0.0,v1.0.0
e8aeb018-f679-5670-b210-de4f62ff2111,26f7241d-a84e-5e4a-a43d-33eea1e54eea,6baabed2-52d7-5cb7-bf74-86c7cb3e4f07,Suplemento,2026-06-29T14:26:45.094938+00:00,2026-07-27,12,53.46884569881818,52.60565948486328,53.46884569881818,sarima,0.0,v1.0.0
e8aeb018-f679-5670-b210-de4f62ff2111,26f7241d-a84e-5e4a-a43d-33eea1e54eea,6d807393-f4ab-5f76-b544-251eeda27ba3,Antiinflamatorio,2026-06-29T14:26:45.094938+00:00,2026-05-11,1,89.63317681538602,74.84934997558594,89.63317681538602,sarima,0.0,v1.0.0
e8aeb018-f679-5670-b210-de4f62ff2111,26f7241d-a84e-5e4a-a43d-33eea1e54eea,6d807393-f4ab-5f76-b544-251eeda27ba3,Antiinflamatorio,2026-06-29T14:26:45.094938+00:00,2026-05-18,2,89.63317681538602,74.84934997558594,89.63317681538602,sarima,0.0,v1.0.0
e8aeb018-f679-5670-b210-de4f62ff2111,26f7241d-a84e-5e4a-a43d-33eea1e54eea,6d807393-f4ab-5f76-b544-251eeda27ba3,Antiinflamatorio,2026-06-29T14:26:45.094938+00:00,2026-05-25,3,89.63317681538602,76.19564819335938,89.63317681538602,sarima,0.0,v1.0.0
e8aeb018-f679-5670-b210-de4f62ff2111,26f7241d-a84e-5e4a-a43d-33eea1e54eea,6d807393-f4ab-5f76-b544-251eeda27ba3,Antiinflamatorio,2026-06-29T14:26:45.094938+00:00,2026-06-01,4,89.63317681538602,76.19564819335938,89.63317681538602,sarima,0.0,v1.0.0
e8aeb018-f679-5670-b210-de4f62ff2111,26f7241d-a84e-5e4a-a43d-33eea1e54eea,6d807393-f4ab-5f76-b544-251eeda27ba3,Antiinflamatorio,2026-06-29T14:26:45.094938+00:00,2026-06-08,5,89.63317681538602,79.28837585449219,89.63317681538602,sarima,0.0,v1.0.0
e8aeb018-f679-5670-b210-de4f62ff2111,26f7241d-a84e-5e4a-a43d-33eea1e54eea,6d807393-f4ab-5f76-b544-251eeda27ba3,Antiinflamatorio,2026-06-29T14:26:45.094938+00:00,2026-06-15,6,89.63317681538602,74.84934997558594,89.63317681538602,sarima,0.0,v1.0.0
e8aeb018-f679-5670-b210-de4f62ff2111,26f7241d-a84e-5e4a-a43d-33eea1e54eea,6d807393-f4ab-5f76-b544-251eeda27ba3,Antiinflamatorio,2026-06-29T14:26:45.094938+00:00,2026-06-22,7,89.63317681538602,74.55047607421875,89.63317681538602,sarima,0.0,v1.0.0
e8aeb018-f679-5670-b210-de4f62ff2111,26f7241d-a84e-5e4a-a43d-33eea1e54eea,6d807393-f4ab-5f76-b544-251eeda27ba3,Antiinflamatorio,2026-06-29T14:26:45.094938+00:00,2026-06-29,8,89.63317681538602,74.55047607421875,89.63317681538602,sarima,0.0,v1.0.0
e8aeb018-f679-5670-b210-de4f62ff2111,26f7241d-a84e-5e4a-a43d-33eea1e54eea,6d807393-f4ab-5f76-b544-251eeda27ba3,Antiinflamatorio,2026-06-29T14:26:45.094938+00:00,2026-07-06,9,89.63317681538602,74.55047607421875,89.63317681538602,sarima,0.0,v1.0.0
e8aeb018-f679-5670-b210-de4f62ff2111,26f7241d-a84e-5e4a-a43d-33eea1e54eea,6d807393-f4ab-5f76-b544-251eeda27ba3,Antiinflamatorio,2026-06-29T14:26:45.094938+00:00,2026-07-13,10,89.63317681538602,74.55047607421875,89.63317681538602,sarima,0.0,v1.0.0
e8aeb018-f679-5670-b210-de4f62ff2111,26f7241d-a84e-5e4a-a43d-33eea1e54eea,6d807393-f4ab-5f76-b544-251eeda27ba3,Antiinflamatorio,2026-06-29T14:26:45.094938+00:00,2026-07-20,11,89.63317681538602,74.55047607421875,89.63317681538602,sarima,0.0,v1.0.0
e8aeb018-f679-5670-b210-de4f62ff2111,26f7241d-a84e-5e4a-a43d-33eea1e54eea,6d807393-f4ab-5f76-b544-251eeda27ba3,Antiinflamatorio,2026-06-29T14:26:45.094938+00:00,2026-07-27,12,89.63317681538602,74.55047607421875,89.63317681538602,sarima,0.0,v1.0.0
e8aeb018-f679-5670-b210-de4f62ff2111,26f7241d-a84e-5e4a-a43d-33eea1e54eea,82cd11ba-d1a0-58b1-b14f-edd741f36e87,Antibiótico,2026-06-29T14:26:45.094938+00:00,2026-05-11,1,91.90922796462625,75.96453094482422,91.90922796462625,sarima,0.0,v1.0.0
e8aeb018-f679-5670-b210-de4f62ff2111,26f7241d-a84e-5e4a-a43d-33eea1e54eea,82cd11ba-d1a0-58b1-b14f-edd741f36e87,Antibiótico,2026-06-29T14:26:45.094938+00:00,2026-05-18,2,97.01572287470742,77.08013153076172,97.01572287470742,sarima,0.0,v1.0.0
e8aeb018-f679-5670-b210-de4f62ff2111,26f7241d-a84e-5e4a-a43d-33eea1e54eea,82cd11ba-d1a0-58b1-b14f-edd741f36e87,Antibiótico,2026-06-29T14:26:45.094938+00:00,2026-05-25,3,94.55877002962055,77.59333801269531,94.55877002962055,sarima,0.0,v1.0.0
e8aeb018-f679-5670-b210-de4f62ff2111,26f7241d-a84e-5e4a-a43d-33eea1e54eea,82cd11ba-d1a0-58b1-b14f-edd741f36e87,Antibiótico,2026-06-29T14:26:45.094938+00:00,2026-06-01,4,95.71674441889829,84.32137298583984,95.71674441889829,sarima,0.0,v1.0.0
e8aeb018-f679-5670-b210-de4f62ff2111,26f7241d-a84e-5e4a-a43d-33eea1e54eea,82cd11ba-d1a0-58b1-b14f-edd741f36e87,Antibiótico,2026-06-29T14:26:45.094938+00:00,2026-06-08,5,95.16558188921255,83.90521240234375,95.16558188921255,sarima,0.0,v1.0.0
e8aeb018-f679-5670-b210-de4f62ff2111,26f7241d-a84e-5e4a-a43d-33eea1e54eea,82cd11ba-d1a0-58b1-b14f-edd741f36e87,Antibiótico,2026-06-29T14:26:45.094938+00:00,2026-06-15,6,95.42669895109485,84.32137298583984,95.42669895109485,sarima,0.0,v1.0.0
e8aeb018-f679-5670-b210-de4f62ff2111,26f7241d-a84e-5e4a-a43d-33eea1e54eea,82cd11ba-d1a0-58b1-b14f-edd741f36e87,Antibiótico,2026-06-29T14:26:45.094938+00:00,2026-06-22,7,95.30271861836034,78.30559539794922,95.30271861836034,sarima,0.0,v1.0.0
e8aeb018-f679-5670-b210-de4f62ff2111,26f7241d-a84e-5e4a-a43d-33eea1e54eea,82cd11ba-d1a0-58b1-b14f-edd741f36e87,Antibiótico,2026-06-29T14:26:45.094938+00:00,2026-06-29,8,95.36152360588818,76.62870788574219,95.36152360588818,sarima,0.0,v1.0.0
e8aeb018-f679-5670-b210-de4f62ff2111,26f7241d-a84e-5e4a-a43d-33eea1e54eea,82cd11ba-d1a0-58b1-b14f-edd741f36e87,Antibiótico,2026-06-29T14:26:45.094938+00:00,2026-07-06,9,95.3336179633101,75.8587646484375,95.3336179633101,sarima,0.0,v1.0.0
e8aeb018-f679-5670-b210-de4f62ff2111,26f7241d-a84e-5e4a-a43d-33eea1e54eea,82cd11ba-d1a0-58b1-b14f-edd741f36e87,Antibiótico,2026-06-29T14:26:45.094938+00:00,2026-07-13,10,95.34685732912546,75.8587646484375,95.34685732912546,sarima,0.0,v1.0.0
e8aeb018-f679-5670-b210-de4f62ff2111,26f7241d-a84e-5e4a-a43d-33eea1e54eea,82cd11ba-d1a0-58b1-b14f-edd741f36e87,Antibiótico,2026-06-29T14:26:45.094938+00:00,2026-07-20,11,95.34057542834162,75.555908203125,95.34057542834162,sarima,0.0,v1.0.0
e8aeb018-f679-5670-b210-de4f62ff2111,26f7241d-a84e-5e4a-a43d-33eea1e54eea,82cd11ba-d1a0-58b1-b14f-edd741f36e87,Antibiótico,2026-06-29T14:26:45.094938+00:00,2026-07-27,12,95.34355594696993,75.11209869384766,95.34355594696993,sarima,0.0,v1.0.0
e8aeb018-f679-5670-b210-de4f62ff2111,26f7241d-a84e-5e4a-a43d-33eea1e54eea,87b859e0-789a-56e6-b1ba-4fe76221d3bf,Antihistamínico,2026-06-29T14:26:45.094938+00:00,2026-05-11,1,54.798284313506294,58.94300842285156,54.798284313506294,sarima,0.0,v1.0.0
e8aeb018-f679-5670-b210-de4f62ff2111,26f7241d-a84e-5e4a-a43d-33eea1e54eea,87b859e0-789a-56e6-b1ba-4fe76221d3bf,Antihistamínico,2026-06-29T14:26:45.094938+00:00,2026-05-18,2,64.00940156719072,58.406463623046875,64.00940156719072,sarima,0.0,v1.0.0
e8aeb018-f679-5670-b210-de4f62ff2111,26f7241d-a84e-5e4a-a43d-33eea1e54eea,87b859e0-789a-56e6-b1ba-4fe76221d3bf,Antihistamínico,2026-06-29T14:26:45.094938+00:00,2026-05-25,3,67.41632606618569,58.69903564453125,67.41632606618569,sarima,0.0,v1.0.0
e8aeb018-f679-5670-b210-de4f62ff2111,26f7241d-a84e-5e4a-a43d-33eea1e54eea,87b859e0-789a-56e6-b1ba-4fe76221d3bf,Antihistamínico,2026-06-29T14:26:45.094938+00:00,2026-06-01,4,62.403192767593175,58.698951721191406,62.403192767593175,sarima,0.0,v1.0.0
e8aeb018-f679-5670-b210-de4f62ff2111,26f7241d-a84e-5e4a-a43d-33eea1e54eea,87b859e0-789a-56e6-b1ba-4fe76221d3bf,Antihistamínico,2026-06-29T14:26:45.094938+00:00,2026-06-08,5,60.21583953329095,58.57987976074219,60.21583953329095,sarima,0.0,v1.0.0
e8aeb018-f679-5670-b210-de4f62ff2111,26f7241d-a84e-5e4a-a43d-33eea1e54eea,87b859e0-789a-56e6-b1ba-4fe76221d3bf,Antihistamínico,2026-06-29T14:26:45.094938+00:00,2026-06-15,6,64.01310518067116,58.50580596923828,64.01310518067116,sarima,0.0,v1.0.0
e8aeb018-f679-5670-b210-de4f62ff2111,26f7241d-a84e-5e4a-a43d-33eea1e54eea,87b859e0-789a-56e6-b1ba-4fe76221d3bf,Antihistamínico,2026-06-29T14:26:45.094938+00:00,2026-06-22,7,65.33441971175488,58.69903564453125,65.33441971175488,sarima,0.0,v1.0.0
e8aeb018-f679-5670-b210-de4f62ff2111,26f7241d-a84e-5e4a-a43d-33eea1e54eea,87b859e0-789a-56e6-b1ba-4fe76221d3bf,Antihistamínico,2026-06-29T14:26:45.094938+00:00,2026-06-29,8,63.375588619172305,58.698951721191406,63.375588619172305,sarima,0.0,v1.0.0
e8aeb018-f679-5670-b210-de4f62ff2111,26f7241d-a84e-5e4a-a43d-33eea1e54eea,87b859e0-789a-56e6-b1ba-4fe76221d3bf,Antihistamínico,2026-06-29T14:26:45.094938+00:00,2026-07-06,9,62.4914659628714,57.378990173339844,62.4914659628714,sarima,0.0,v1.0.0
e8aeb018-f679-5670-b210-de4f62ff2111,26f7241d-a84e-5e4a-a43d-33eea1e54eea,87b859e0-789a-56e6-b1ba-4fe76221d3bf,Antihistamínico,2026-06-29T14:26:45.094938+00:00,2026-07-13,10,64.01456407731554,57.619747161865234,64.01456407731554,sarima,0.0,v1.0.0
e8aeb018-f679-5670-b210-de4f62ff2111,26f7241d-a84e-5e4a-a43d-33eea1e54eea,87b859e0-789a-56e6-b1ba-4fe76221d3bf,Antihistamínico,2026-06-29T14:26:45.094938+00:00,2026-07-20,11,64.53186507739854,57.619747161865234,64.53186507739854,sarima,0.0,v1.0.0
e8aeb018-f679-5670-b210-de4f62ff2111,26f7241d-a84e-5e4a-a43d-33eea1e54eea,87b859e0-789a-56e6-b1ba-4fe76221d3bf,Antihistamínico,2026-06-29T14:26:45.094938+00:00,2026-07-27,12,63.762692983248186,57.378990173339844,63.762692983248186,sarima,0.0,v1.0.0
e8aeb018-f679-5670-b210-de4f62ff2111,26f7241d-a84e-5e4a-a43d-33eea1e54eea,94e18241-54bd-5516-b36f-94ab6e323aca,Antihistamínico,2026-06-29T14:26:45.094938+00:00,2026-05-11,1,57.22392088978701,56.9897346496582,57.22392088978701,sarima,0.0,v1.0.0
e8aeb018-f679-5670-b210-de4f62ff2111,26f7241d-a84e-5e4a-a43d-33eea1e54eea,94e18241-54bd-5516-b36f-94ab6e323aca,Antihistamínico,2026-06-29T14:26:45.094938+00:00,2026-05-18,2,57.196230340986716,58.08734130859375,57.196230340986716,sarima,0.0,v1.0.0
e8aeb018-f679-5670-b210-de4f62ff2111,26f7241d-a84e-5e4a-a43d-33eea1e54eea,94e18241-54bd-5516-b36f-94ab6e323aca,Antihistamínico,2026-06-29T14:26:45.094938+00:00,2026-05-25,3,57.17091022616449,58.071311950683594,57.17091022616449,sarima,0.0,v1.0.0
e8aeb018-f679-5670-b210-de4f62ff2111,26f7241d-a84e-5e4a-a43d-33eea1e54eea,94e18241-54bd-5516-b36f-94ab6e323aca,Antihistamínico,2026-06-29T14:26:45.094938+00:00,2026-06-01,4,57.14775672734841,58.013877868652344,57.14775672734841,sarima,0.0,v1.0.0
e8aeb018-f679-5670-b210-de4f62ff2111,26f7241d-a84e-5e4a-a43d-33eea1e54eea,94e18241-54bd-5516-b36f-94ab6e323aca,Antihistamínico,2026-06-29T14:26:45.094938+00:00,2026-06-08,5,57.12658369797074,58.14340591430664,57.12658369797074,sarima,0.0,v1.0.0
e8aeb018-f679-5670-b210-de4f62ff2111,26f7241d-a84e-5e4a-a43d-33eea1e54eea,94e18241-54bd-5516-b36f-94ab6e323aca,Antihistamínico,2026-06-29T14:26:45.094938+00:00,2026-06-15,6,57.10722110691075,58.14340591430664,57.10722110691075,sarima,0.0,v1.0.0
e8aeb018-f679-5670-b210-de4f62ff2111,26f7241d-a84e-5e4a-a43d-33eea1e54eea,94e18241-54bd-5516-b36f-94ab6e323aca,Antihistamínico,2026-06-29T14:26:45.094938+00:00,2026-06-22,7,57.08951362338959,58.14340591430664,57.08951362338959,sarima,0.0,v1.0.0
e8aeb018-f679-5670-b210-de4f62ff2111,26f7241d-a84e-5e4a-a43d-33eea1e54eea,94e18241-54bd-5516-b36f-94ab6e323aca,Antihistamínico,2026-06-29T14:26:45.094938+00:00,2026-06-29,8,57.07331932935035,58.00934600830078,57.07331932935035,sarima,0.0,v1.0.0
e8aeb018-f679-5670-b210-de4f62ff2111,26f7241d-a84e-5e4a-a43d-33eea1e54eea,94e18241-54bd-5516-b36f-94ab6e323aca,Antihistamínico,2026-06-29T14:26:45.094938+00:00,2026-07-06,9,57.05850854732281,58.43094253540039,57.05850854732281,sarima,0.0,v1.0.0
e8aeb018-f679-5670-b210-de4f62ff2111,26f7241d-a84e-5e4a-a43d-33eea1e54eea,94e18241-54bd-5516-b36f-94ab6e323aca,Antihistamínico,2026-06-29T14:26:45.094938+00:00,2026-07-13,10,57.04496277298166,58.43094253540039,57.04496277298166,sarima,0.0,v1.0.0
e8aeb018-f679-5670-b210-de4f62ff2111,26f7241d-a84e-5e4a-a43d-33eea1e54eea,94e18241-54bd-5516-b36f-94ab6e323aca,Antihistamínico,2026-06-29T14:26:45.094938+00:00,2026-07-20,11,57.03257370268438,58.56595993041992,57.03257370268438,sarima,0.0,v1.0.0
e8aeb018-f679-5670-b210-de4f62ff2111,26f7241d-a84e-5e4a-a43d-33eea1e54eea,94e18241-54bd-5516-b36f-94ab6e323aca,Antihistamínico,2026-06-29T14:26:45.094938+00:00,2026-07-27,12,57.021242347232864,58.56595993041992,57.021242347232864,sarima,0.0,v1.0.0
e8aeb018-f679-5670-b210-de4f62ff2111,26f7241d-a84e-5e4a-a43d-33eea1e54eea,97d26d91-c562-5f27-9ebd-285e89c8f4bf,Antidiabético,2026-06-29T14:26:45.094938+00:00,2026-05-11,1,82.94368836611199,75.78480529785156,82.94368836611199,sarima,0.0,v1.0.0
e8aeb018-f679-5670-b210-de4f62ff2111,26f7241d-a84e-5e4a-a43d-33eea1e54eea,97d26d91-c562-5f27-9ebd-285e89c8f4bf,Antidiabético,2026-06-29T14:26:45.094938+00:00,2026-05-18,2,80.83726721685055,73.35970306396484,80.83726721685055,sarima,0.0,v1.0.0
e8aeb018-f679-5670-b210-de4f62ff2111,26f7241d-a84e-5e4a-a43d-33eea1e54eea,97d26d91-c562-5f27-9ebd-285e89c8f4bf,Antidiabético,2026-06-29T14:26:45.094938+00:00,2026-05-25,3,83.33169321781004,74.97894287109375,83.33169321781004,sarima,0.0,v1.0.0
e8aeb018-f679-5670-b210-de4f62ff2111,26f7241d-a84e-5e4a-a43d-33eea1e54eea,97d26d91-c562-5f27-9ebd-285e89c8f4bf,Antidiabético,2026-06-29T14:26:45.094938+00:00,2026-06-01,4,81.63849507687038,73.35970306396484,81.63849507687038,sarima,0.0,v1.0.0
e8aeb018-f679-5670-b210-de4f62ff2111,26f7241d-a84e-5e4a-a43d-33eea1e54eea,97d26d91-c562-5f27-9ebd-285e89c8f4bf,Antidiabético,2026-06-29T14:26:45.094938+00:00,2026-06-08,5,81.47217004760579,73.35970306396484,81.47217004760579,sarima,0.0,v1.0.0
e8aeb018-f679-5670-b210-de4f62ff2111,26f7241d-a84e-5e4a-a43d-33eea1e54eea,97d26d91-c562-5f27-9ebd-285e89c8f4bf,Antidiabético,2026-06-29T14:26:45.094938+00:00,2026-06-15,6,81.47217004760579,73.35970306396484,81.47217004760579,sarima,0.0,v1.0.0
e8aeb018-f679-5670-b210-de4f62ff2111,26f7241d-a84e-5e4a-a43d-33eea1e54eea,97d26d91-c562-5f27-9ebd-285e89c8f4bf,Antidiabético,2026-06-29T14:26:45.094938+00:00,2026-06-22,7,81.47217004760579,73.35970306396484,81.47217004760579,sarima,0.0,v1.0.0
e8aeb018-f679-5670-b210-de4f62ff2111,26f7241d-a84e-5e4a-a43d-33eea1e54eea,97d26d91-c562-5f27-9ebd-285e89c8f4bf,Antidiabético,2026-06-29T14:26:45.094938+00:00,2026-06-29,8,81.47217004760579,73.35970306396484,81.47217004760579,sarima,0.0,v1.0.0
e8aeb018-f679-5670-b210-de4f62ff2111,26f7241d-a84e-5e4a-a43d-33eea1e54eea,97d26d91-c562-5f27-9ebd-285e89c8f4bf,Antidiabético,2026-06-29T14:26:45.094938+00:00,2026-07-06,9,81.47217004760579,73.35970306396484,81.47217004760579,sarima,0.0,v1.0.0
e8aeb018-f679-5670-b210-de4f62ff2111,26f7241d-a84e-5e4a-a43d-33eea1e54eea,97d26d91-c562-5f27-9ebd-285e89c8f4bf,Antidiabético,2026-06-29T14:26:45.094938+00:00,2026-07-13,10,81.47217004760579,73.35970306396484,81.47217004760579,sarima,0.0,v1.0.0
e8aeb018-f679-5670-b210-de4f62ff2111,26f7241d-a84e-5e4a-a43d-33eea1e54eea,97d26d91-c562-5f27-9ebd-285e89c8f4bf,Antidiabético,2026-06-29T14:26:45.094938+00:00,2026-07-20,11,81.47217004760579,73.35970306396484,81.47217004760579,sarima,0.0,v1.0.0
e8aeb018-f679-5670-b210-de4f62ff2111,26f7241d-a84e-5e4a-a43d-33eea1e54eea,97d26d91-c562-5f27-9ebd-285e89c8f4bf,Antidiabético,2026-06-29T14:26:45.094938+00:00,2026-07-27,12,81.47217004760579,73.35970306396484,81.47217004760579,sarima,0.0,v1.0.0
e8aeb018-f679-5670-b210-de4f62ff2111,26f7241d-a84e-5e4a-a43d-33eea1e54eea,983871db-adfb-543e-b438-6b00044ffb64,Antiulceroso,2026-06-29T14:26:45.094938+00:00,2026-05-11,1,54.72593087156996,59.2593994140625,69.421716179963,aditivo,1.0,v1.0.0
e8aeb018-f679-5670-b210-de4f62ff2111,26f7241d-a84e-5e4a-a43d-33eea1e54eea,983871db-adfb-543e-b438-6b00044ffb64,Antiulceroso,2026-06-29T14:26:45.094938+00:00,2026-05-18,2,58.15852314712463,58.59147262573242,70.93290671556343,aditivo,1.0,v1.0.0
e8aeb018-f679-5670-b210-de4f62ff2111,26f7241d-a84e-5e4a-a43d-33eea1e54eea,983871db-adfb-543e-b438-6b00044ffb64,Antiulceroso,2026-06-29T14:26:45.094938+00:00,2026-05-25,3,57.88598290372009,58.21903610229492,67.53379632101966,aditivo,1.0,v1.0.0
e8aeb018-f679-5670-b210-de4f62ff2111,26f7241d-a84e-5e4a-a43d-33eea1e54eea,983871db-adfb-543e-b438-6b00044ffb64,Antiulceroso,2026-06-29T14:26:45.094938+00:00,2026-06-01,4,57.88598290372009,58.78854751586914,70.59532770489649,aditivo,1.0,v1.0.0
e8aeb018-f679-5670-b210-de4f62ff2111,26f7241d-a84e-5e4a-a43d-33eea1e54eea,983871db-adfb-543e-b438-6b00044ffb64,Antiulceroso,2026-06-29T14:26:45.094938+00:00,2026-06-08,5,57.88598290372009,59.40989303588867,71.88058130014312,aditivo,1.0,v1.0.0
e8aeb018-f679-5670-b210-de4f62ff2111,26f7241d-a84e-5e4a-a43d-33eea1e54eea,983871db-adfb-543e-b438-6b00044ffb64,Antiulceroso,2026-06-29T14:26:45.094938+00:00,2026-06-15,6,57.88598290372009,59.40989303588867,71.64484627399997,aditivo,1.0,v1.0.0
e8aeb018-f679-5670-b210-de4f62ff2111,26f7241d-a84e-5e4a-a43d-33eea1e54eea,983871db-adfb-543e-b438-6b00044ffb64,Antiulceroso,2026-06-29T14:26:45.094938+00:00,2026-06-22,7,57.88598290372009,59.40989303588867,71.63913520215459,aditivo,1.0,v1.0.0
e8aeb018-f679-5670-b210-de4f62ff2111,26f7241d-a84e-5e4a-a43d-33eea1e54eea,983871db-adfb-543e-b438-6b00044ffb64,Antiulceroso,2026-06-29T14:26:45.094938+00:00,2026-06-29,8,57.88598290372009,59.40989303588867,72.08411185061274,aditivo,1.0,v1.0.0
e8aeb018-f679-5670-b210-de4f62ff2111,26f7241d-a84e-5e4a-a43d-33eea1e54eea,983871db-adfb-543e-b438-6b00044ffb64,Antiulceroso,2026-06-29T14:26:45.094938+00:00,2026-07-06,9,57.88598290372009,59.40989303588867,72.26244895686331,aditivo,1.0,v1.0.0
e8aeb018-f679-5670-b210-de4f62ff2111,26f7241d-a84e-5e4a-a43d-33eea1e54eea,983871db-adfb-543e-b438-6b00044ffb64,Antiulceroso,2026-06-29T14:26:45.094938+00:00,2026-07-13,10,57.88598290372009,59.40989303588867,71.72132187461428,aditivo,1.0,v1.0.0
e8aeb018-f679-5670-b210-de4f62ff2111,26f7241d-a84e-5e4a-a43d-33eea1e54eea,983871db-adfb-543e-b438-6b00044ffb64,Antiulceroso,2026-06-29T14:26:45.094938+00:00,2026-07-20,11,57.88598290372009,59.40989303588867,71.1911912101767,aditivo,1.0,v1.0.0
e8aeb018-f679-5670-b210-de4f62ff2111,26f7241d-a84e-5e4a-a43d-33eea1e54eea,983871db-adfb-543e-b438-6b00044ffb64,Antiulceroso,2026-06-29T14:26:45.094938+00:00,2026-07-27,12,57.88598290372009,59.40989303588867,70.89575338795775,aditivo,1.0,v1.0.0
e8aeb018-f679-5670-b210-de4f62ff2111,26f7241d-a84e-5e4a-a43d-33eea1e54eea,9928e9a1-d9fc-5fdd-86c2-8909352fd7fe,Antiinflamatorio,2026-06-29T14:26:45.094938+00:00,2026-05-11,1,31.20734314259679,38.829837799072266,31.20734314259679,sarima,0.0,v1.0.0
e8aeb018-f679-5670-b210-de4f62ff2111,26f7241d-a84e-5e4a-a43d-33eea1e54eea,9928e9a1-d9fc-5fdd-86c2-8909352fd7fe,Antiinflamatorio,2026-06-29T14:26:45.094938+00:00,2026-05-18,2,32.674080411000915,37.18598175048828,32.674080411000915,sarima,0.0,v1.0.0
e8aeb018-f679-5670-b210-de4f62ff2111,26f7241d-a84e-5e4a-a43d-33eea1e54eea,9928e9a1-d9fc-5fdd-86c2-8909352fd7fe,Antiinflamatorio,2026-06-29T14:26:45.094938+00:00,2026-05-25,3,35.431356929471555,35.78748321533203,35.431356929471555,sarima,0.0,v1.0.0
e8aeb018-f679-5670-b210-de4f62ff2111,26f7241d-a84e-5e4a-a43d-33eea1e54eea,9928e9a1-d9fc-5fdd-86c2-8909352fd7fe,Antiinflamatorio,2026-06-29T14:26:45.094938+00:00,2026-06-01,4,35.16798718276837,36.226844787597656,35.16798718276837,sarima,0.0,v1.0.0
e8aeb018-f679-5670-b210-de4f62ff2111,26f7241d-a84e-5e4a-a43d-33eea1e54eea,9928e9a1-d9fc-5fdd-86c2-8909352fd7fe,Antiinflamatorio,2026-06-29T14:26:45.094938+00:00,2026-06-08,5,34.964031504249995,35.831748962402344,34.964031504249995,sarima,0.0,v1.0.0
e8aeb018-f679-5670-b210-de4f62ff2111,26f7241d-a84e-5e4a-a43d-33eea1e54eea,9928e9a1-d9fc-5fdd-86c2-8909352fd7fe,Antiinflamatorio,2026-06-29T14:26:45.094938+00:00,2026-06-15,6,34.91882427558177,35.907291412353516,34.91882427558177,sarima,0.0,v1.0.0
e8aeb018-f679-5670-b210-de4f62ff2111,26f7241d-a84e-5e4a-a43d-33eea1e54eea,9928e9a1-d9fc-5fdd-86c2-8909352fd7fe,Antiinflamatorio,2026-06-29T14:26:45.094938+00:00,2026-06-22,7,34.872272992299834,36.6400260925293,34.872272992299834,sarima,0.0,v1.0.0
e8aeb018-f679-5670-b210-de4f62ff2111,26f7241d-a84e-5e4a-a43d-33eea1e54eea,9928e9a1-d9fc-5fdd-86c2-8909352fd7fe,Antiinflamatorio,2026-06-29T14:26:45.094938+00:00,2026-06-29,8,34.872272992299834,36.6400260925293,34.872272992299834,sarima,0.0,v1.0.0
e8aeb018-f679-5670-b210-de4f62ff2111,26f7241d-a84e-5e4a-a43d-33eea1e54eea,9928e9a1-d9fc-5fdd-86c2-8909352fd7fe,Antiinflamatorio,2026-06-29T14:26:45.094938+00:00,2026-07-06,9,34.872272992299834,36.54193878173828,34.872272992299834,sarima,0.0,v1.0.0
e8aeb018-f679-5670-b210-de4f62ff2111,26f7241d-a84e-5e4a-a43d-33eea1e54eea,9928e9a1-d9fc-5fdd-86c2-8909352fd7fe,Antiinflamatorio,2026-06-29T14:26:45.094938+00:00,2026-07-13,10,34.872272992299834,36.49555206298828,34.872272992299834,sarima,0.0,v1.0.0
e8aeb018-f679-5670-b210-de4f62ff2111,26f7241d-a84e-5e4a-a43d-33eea1e54eea,9928e9a1-d9fc-5fdd-86c2-8909352fd7fe,Antiinflamatorio,2026-06-29T14:26:45.094938+00:00,2026-07-20,11,34.872272992299834,36.49555206298828,34.872272992299834,sarima,0.0,v1.0.0
e8aeb018-f679-5670-b210-de4f62ff2111,26f7241d-a84e-5e4a-a43d-33eea1e54eea,9928e9a1-d9fc-5fdd-86c2-8909352fd7fe,Antiinflamatorio,2026-06-29T14:26:45.094938+00:00,2026-07-27,12,34.872272992299834,36.46072006225586,34.872272992299834,sarima,0.0,v1.0.0
e8aeb018-f679-5670-b210-de4f62ff2111,26f7241d-a84e-5e4a-a43d-33eea1e54eea,afe9d181-1c64-5cca-b4b7-a9fa24eceeea,Antihipertensivo,2026-06-29T14:26:45.094938+00:00,2026-05-11,1,44.06309255080454,42.48820495605469,48.64977756813734,aditivo,0.6,v1.0.0
e8aeb018-f679-5670-b210-de4f62ff2111,26f7241d-a84e-5e4a-a43d-33eea1e54eea,afe9d181-1c64-5cca-b4b7-a9fa24eceeea,Antihipertensivo,2026-06-29T14:26:45.094938+00:00,2026-05-18,2,58.79454041730973,41.81568908691406,59.08909314813256,aditivo,0.6,v1.0.0
e8aeb018-f679-5670-b210-de4f62ff2111,26f7241d-a84e-5e4a-a43d-33eea1e54eea,afe9d181-1c64-5cca-b4b7-a9fa24eceeea,Antihipertensivo,2026-06-29T14:26:45.094938+00:00,2026-05-25,3,37.21992181786289,44.17879867553711,41.840235275256504,aditivo,0.6,v1.0.0
e8aeb018-f679-5670-b210-de4f62ff2111,26f7241d-a84e-5e4a-a43d-33eea1e54eea,afe9d181-1c64-5cca-b4b7-a9fa24eceeea,Antihipertensivo,2026-06-29T14:26:45.094938+00:00,2026-06-01,4,39.22510005700816,43.90523910522461,43.91429715632604,aditivo,0.6,v1.0.0
e8aeb018-f679-5670-b210-de4f62ff2111,26f7241d-a84e-5e4a-a43d-33eea1e54eea,afe9d181-1c64-5cca-b4b7-a9fa24eceeea,Antihipertensivo,2026-06-29T14:26:45.094938+00:00,2026-06-08,5,43.23046140573932,42.54939270019531,47.64867743481561,aditivo,0.6,v1.0.0
e8aeb018-f679-5670-b210-de4f62ff2111,26f7241d-a84e-5e4a-a43d-33eea1e54eea,afe9d181-1c64-5cca-b4b7-a9fa24eceeea,Antihipertensivo,2026-06-29T14:26:45.094938+00:00,2026-06-15,6,43.23046140573932,42.54939270019531,47.79579520347824,aditivo,0.6,v1.0.0
e8aeb018-f679-5670-b210-de4f62ff2111,26f7241d-a84e-5e4a-a43d-33eea1e54eea,afe9d181-1c64-5cca-b4b7-a9fa24eceeea,Antihipertensivo,2026-06-29T14:26:45.094938+00:00,2026-06-22,7,43.23046140573932,41.942222595214844,47.43362469021858,aditivo,0.6,v1.0.0
e8aeb018-f679-5670-b210-de4f62ff2111,26f7241d-a84e-5e4a-a43d-33eea1e54eea,afe9d181-1c64-5cca-b4b7-a9fa24eceeea,Antihipertensivo,2026-06-29T14:26:45.094938+00:00,2026-06-29,8,43.23046140573932,42.270538330078125,47.61931694862108,aditivo,0.6,v1.0.0
e8aeb018-f679-5670-b210-de4f62ff2111,26f7241d-a84e-5e4a-a43d-33eea1e54eea,afe9d181-1c64-5cca-b4b7-a9fa24eceeea,Antihipertensivo,2026-06-29T14:26:45.094938+00:00,2026-07-06,9,43.23046140573932,42.47303009033203,47.69031772351494,aditivo,0.6,v1.0.0
e8aeb018-f679-5670-b210-de4f62ff2111,26f7241d-a84e-5e4a-a43d-33eea1e54eea,afe9d181-1c64-5cca-b4b7-a9fa24eceeea,Antihipertensivo,2026-06-29T14:26:45.094938+00:00,2026-07-13,10,43.23046140573932,42.47303009033203,47.46016028049622,aditivo,0.6,v1.0.0
e8aeb018-f679-5670-b210-de4f62ff2111,26f7241d-a84e-5e4a-a43d-33eea1e54eea,afe9d181-1c64-5cca-b4b7-a9fa24eceeea,Antihipertensivo,2026-06-29T14:26:45.094938+00:00,2026-07-20,11,43.23046140573932,41.22345733642578,47.706096411450496,aditivo,0.6,v1.0.0
e8aeb018-f679-5670-b210-de4f62ff2111,26f7241d-a84e-5e4a-a43d-33eea1e54eea,afe9d181-1c64-5cca-b4b7-a9fa24eceeea,Antihipertensivo,2026-06-29T14:26:45.094938+00:00,2026-07-27,12,43.23046140573932,42.47303009033203,47.39945500998501,aditivo,0.6,v1.0.0
e8aeb018-f679-5670-b210-de4f62ff2111,26f7241d-a84e-5e4a-a43d-33eea1e54eea,c0cf5e5c-b5c9-585a-8e79-d9830bc954f6,Antibiótico,2026-06-29T14:26:45.094938+00:00,2026-05-11,1,38.539569224633986,39.72981643676758,38.539569224633986,sarima,0.0,v1.0.0
e8aeb018-f679-5670-b210-de4f62ff2111,26f7241d-a84e-5e4a-a43d-33eea1e54eea,c0cf5e5c-b5c9-585a-8e79-d9830bc954f6,Antibiótico,2026-06-29T14:26:45.094938+00:00,2026-05-18,2,38.77785990056114,38.466819763183594,38.77785990056114,sarima,0.0,v1.0.0
e8aeb018-f679-5670-b210-de4f62ff2111,26f7241d-a84e-5e4a-a43d-33eea1e54eea,c0cf5e5c-b5c9-585a-8e79-d9830bc954f6,Antibiótico,2026-06-29T14:26:45.094938+00:00,2026-05-25,3,38.98764348198578,38.36066436767578,38.98764348198578,sarima,0.0,v1.0.0
e8aeb018-f679-5670-b210-de4f62ff2111,26f7241d-a84e-5e4a-a43d-33eea1e54eea,c0cf5e5c-b5c9-585a-8e79-d9830bc954f6,Antibiótico,2026-06-29T14:26:45.094938+00:00,2026-06-01,4,39.17220074609625,38.832088470458984,39.17220074609625,sarima,0.0,v1.0.0
e8aeb018-f679-5670-b210-de4f62ff2111,26f7241d-a84e-5e4a-a43d-33eea1e54eea,c0cf5e5c-b5c9-585a-8e79-d9830bc954f6,Antibiótico,2026-06-29T14:26:45.094938+00:00,2026-06-08,5,39.33446541229714,38.832088470458984,39.33446541229714,sarima,0.0,v1.0.0
e8aeb018-f679-5670-b210-de4f62ff2111,26f7241d-a84e-5e4a-a43d-33eea1e54eea,c0cf5e5c-b5c9-585a-8e79-d9830bc954f6,Antibiótico,2026-06-29T14:26:45.094938+00:00,2026-06-15,6,39.477053480461535,39.96528244018555,39.477053480461535,sarima,0.0,v1.0.0
e8aeb018-f679-5670-b210-de4f62ff2111,26f7241d-a84e-5e4a-a43d-33eea1e54eea,c0cf5e5c-b5c9-585a-8e79-d9830bc954f6,Antibiótico,2026-06-29T14:26:45.094938+00:00,2026-06-22,7,39.6022919970186,40.301353454589844,39.6022919970186,sarima,0.0,v1.0.0
e8aeb018-f679-5670-b210-de4f62ff2111,26f7241d-a84e-5e4a-a43d-33eea1e54eea,c0cf5e5c-b5c9-585a-8e79-d9830bc954f6,Antibiótico,2026-06-29T14:26:45.094938+00:00,2026-06-29,8,39.71224665285948,40.25032043457031,39.71224665285948,sarima,0.0,v1.0.0
e8aeb018-f679-5670-b210-de4f62ff2111,26f7241d-a84e-5e4a-a43d-33eea1e54eea,c0cf5e5c-b5c9-585a-8e79-d9830bc954f6,Antibiótico,2026-06-29T14:26:45.094938+00:00,2026-07-06,9,39.80874783022539,41.96117401123047,39.80874783022539,sarima,0.0,v1.0.0
e8aeb018-f679-5670-b210-de4f62ff2111,26f7241d-a84e-5e4a-a43d-33eea1e54eea,c0cf5e5c-b5c9-585a-8e79-d9830bc954f6,Antibiótico,2026-06-29T14:26:45.094938+00:00,2026-07-13,10,39.89341487530981,41.86349105834961,39.89341487530981,sarima,0.0,v1.0.0
e8aeb018-f679-5670-b210-de4f62ff2111,26f7241d-a84e-5e4a-a43d-33eea1e54eea,c0cf5e5c-b5c9-585a-8e79-d9830bc954f6,Antibiótico,2026-06-29T14:26:45.094938+00:00,2026-07-20,11,39.96767849055627,41.69007110595703,39.96767849055627,sarima,0.0,v1.0.0
e8aeb018-f679-5670-b210-de4f62ff2111,26f7241d-a84e-5e4a-a43d-33eea1e54eea,c0cf5e5c-b5c9-585a-8e79-d9830bc954f6,Antibiótico,2026-06-29T14:26:45.094938+00:00,2026-07-27,12,40.03280122490819,41.69007110595703,40.03280122490819,sarima,0.0,v1.0.0
e8aeb018-f679-5670-b210-de4f62ff2111,26f7241d-a84e-5e4a-a43d-33eea1e54eea,cd81184b-b6f1-563c-b463-36a69ddfb598,Vitamina,2026-06-29T14:26:45.094938+00:00,2026-05-11,1,78.42725342714324,72.71977233886719,80.24397245257728,aditivo,0.5,v1.0.0
e8aeb018-f679-5670-b210-de4f62ff2111,26f7241d-a84e-5e4a-a43d-33eea1e54eea,cd81184b-b6f1-563c-b463-36a69ddfb598,Vitamina,2026-06-29T14:26:45.094938+00:00,2026-05-18,2,78.42725342714324,72.71977233886719,80.15954491233298,aditivo,0.5,v1.0.0
e8aeb018-f679-5670-b210-de4f62ff2111,26f7241d-a84e-5e4a-a43d-33eea1e54eea,cd81184b-b6f1-563c-b463-36a69ddfb598,Vitamina,2026-06-29T14:26:45.094938+00:00,2026-05-25,3,78.42725342714324,74.75244903564453,80.39797509152565,aditivo,0.5,v1.0.0
e8aeb018-f679-5670-b210-de4f62ff2111,26f7241d-a84e-5e4a-a43d-33eea1e54eea,cd81184b-b6f1-563c-b463-36a69ddfb598,Vitamina,2026-06-29T14:26:45.094938+00:00,2026-06-01,4,78.42725342714324,73.43132781982422,80.6152772066042,aditivo,0.5,v1.0.0
e8aeb018-f679-5670-b210-de4f62ff2111,26f7241d-a84e-5e4a-a43d-33eea1e54eea,cd81184b-b6f1-563c-b463-36a69ddfb598,Vitamina,2026-06-29T14:26:45.094938+00:00,2026-06-08,5,78.42725342714324,73.1380386352539,80.69949506282,aditivo,0.5,v1.0.0
e8aeb018-f679-5670-b210-de4f62ff2111,26f7241d-a84e-5e4a-a43d-33eea1e54eea,cd81184b-b6f1-563c-b463-36a69ddfb598,Vitamina,2026-06-29T14:26:45.094938+00:00,2026-06-15,6,78.42725342714324,73.1380386352539,80.69964073776814,aditivo,0.5,v1.0.0
e8aeb018-f679-5670-b210-de4f62ff2111,26f7241d-a84e-5e4a-a43d-33eea1e54eea,cd81184b-b6f1-563c-b463-36a69ddfb598,Vitamina,2026-06-29T14:26:45.094938+00:00,2026-06-22,7,78.42725342714324,73.43132781982422,80.77292041810777,aditivo,0.5,v1.0.0
e8aeb018-f679-5670-b210-de4f62ff2111,26f7241d-a84e-5e4a-a43d-33eea1e54eea,cd81184b-b6f1-563c-b463-36a69ddfb598,Vitamina,2026-06-29T14:26:45.094938+00:00,2026-06-29,8,78.42725342714324,73.1380386352539,80.77308272217584,aditivo,0.5,v1.0.0
e8aeb018-f679-5670-b210-de4f62ff2111,26f7241d-a84e-5e4a-a43d-33eea1e54eea,cd81184b-b6f1-563c-b463-36a69ddfb598,Vitamina,2026-06-29T14:26:45.094938+00:00,2026-07-06,9,78.42725342714324,73.1380386352539,80.82825399521877,aditivo,0.5,v1.0.0
e8aeb018-f679-5670-b210-de4f62ff2111,26f7241d-a84e-5e4a-a43d-33eea1e54eea,cd81184b-b6f1-563c-b463-36a69ddfb598,Vitamina,2026-06-29T14:26:45.094938+00:00,2026-07-13,10,78.42725342714324,73.1380386352539,80.65452279808036,aditivo,0.5,v1.0.0
e8aeb018-f679-5670-b210-de4f62ff2111,26f7241d-a84e-5e4a-a43d-33eea1e54eea,cd81184b-b6f1-563c-b463-36a69ddfb598,Vitamina,2026-06-29T14:26:45.094938+00:00,2026-07-20,11,78.42725342714324,73.1380386352539,80.46275641096312,aditivo,0.5,v1.0.0
e8aeb018-f679-5670-b210-de4f62ff2111,26f7241d-a84e-5e4a-a43d-33eea1e54eea,cd81184b-b6f1-563c-b463-36a69ddfb598,Vitamina,2026-06-29T14:26:45.094938+00:00,2026-07-27,12,78.42725342714324,73.1380386352539,80.46283015557923,aditivo,0.5,v1.0.0
e8aeb018-f679-5670-b210-de4f62ff2111,26f7241d-a84e-5e4a-a43d-33eea1e54eea,d0ae6d2d-e561-56b3-a2c1-113c1c56ae81,Hipolipemiante,2026-06-29T14:26:45.094938+00:00,2026-05-11,1,54.1714303104792,53.08831787109375,54.1714303104792,sarima,0.0,v1.0.0
e8aeb018-f679-5670-b210-de4f62ff2111,26f7241d-a84e-5e4a-a43d-33eea1e54eea,d0ae6d2d-e561-56b3-a2c1-113c1c56ae81,Hipolipemiante,2026-06-29T14:26:45.094938+00:00,2026-05-18,2,54.1714303104792,53.19649124145508,54.1714303104792,sarima,0.0,v1.0.0
e8aeb018-f679-5670-b210-de4f62ff2111,26f7241d-a84e-5e4a-a43d-33eea1e54eea,d0ae6d2d-e561-56b3-a2c1-113c1c56ae81,Hipolipemiante,2026-06-29T14:26:45.094938+00:00,2026-05-25,3,54.1714303104792,53.19649124145508,54.1714303104792,sarima,0.0,v1.0.0
e8aeb018-f679-5670-b210-de4f62ff2111,26f7241d-a84e-5e4a-a43d-33eea1e54eea,d0ae6d2d-e561-56b3-a2c1-113c1c56ae81,Hipolipemiante,2026-06-29T14:26:45.094938+00:00,2026-06-01,4,54.1714303104792,53.19649124145508,54.1714303104792,sarima,0.0,v1.0.0
e8aeb018-f679-5670-b210-de4f62ff2111,26f7241d-a84e-5e4a-a43d-33eea1e54eea,d0ae6d2d-e561-56b3-a2c1-113c1c56ae81,Hipolipemiante,2026-06-29T14:26:45.094938+00:00,2026-06-08,5,54.1714303104792,53.08831787109375,54.1714303104792,sarima,0.0,v1.0.0
e8aeb018-f679-5670-b210-de4f62ff2111,26f7241d-a84e-5e4a-a43d-33eea1e54eea,d0ae6d2d-e561-56b3-a2c1-113c1c56ae81,Hipolipemiante,2026-06-29T14:26:45.094938+00:00,2026-06-15,6,54.1714303104792,53.08831787109375,54.1714303104792,sarima,0.0,v1.0.0
e8aeb018-f679-5670-b210-de4f62ff2111,26f7241d-a84e-5e4a-a43d-33eea1e54eea,d0ae6d2d-e561-56b3-a2c1-113c1c56ae81,Hipolipemiante,2026-06-29T14:26:45.094938+00:00,2026-06-22,7,54.1714303104792,53.08831787109375,54.1714303104792,sarima,0.0,v1.0.0
e8aeb018-f679-5670-b210-de4f62ff2111,26f7241d-a84e-5e4a-a43d-33eea1e54eea,d0ae6d2d-e561-56b3-a2c1-113c1c56ae81,Hipolipemiante,2026-06-29T14:26:45.094938+00:00,2026-06-29,8,54.1714303104792,53.08831787109375,54.1714303104792,sarima,0.0,v1.0.0
e8aeb018-f679-5670-b210-de4f62ff2111,26f7241d-a84e-5e4a-a43d-33eea1e54eea,d0ae6d2d-e561-56b3-a2c1-113c1c56ae81,Hipolipemiante,2026-06-29T14:26:45.094938+00:00,2026-07-06,9,54.1714303104792,53.08831787109375,54.1714303104792,sarima,0.0,v1.0.0
e8aeb018-f679-5670-b210-de4f62ff2111,26f7241d-a84e-5e4a-a43d-33eea1e54eea,d0ae6d2d-e561-56b3-a2c1-113c1c56ae81,Hipolipemiante,2026-06-29T14:26:45.094938+00:00,2026-07-13,10,54.1714303104792,53.08831787109375,54.1714303104792,sarima,0.0,v1.0.0
e8aeb018-f679-5670-b210-de4f62ff2111,26f7241d-a84e-5e4a-a43d-33eea1e54eea,d0ae6d2d-e561-56b3-a2c1-113c1c56ae81,Hipolipemiante,2026-06-29T14:26:45.094938+00:00,2026-07-20,11,54.1714303104792,53.08831787109375,54.1714303104792,sarima,0.0,v1.0.0
e8aeb018-f679-5670-b210-de4f62ff2111,26f7241d-a84e-5e4a-a43d-33eea1e54eea,d0ae6d2d-e561-56b3-a2c1-113c1c56ae81,Hipolipemiante,2026-06-29T14:26:45.094938+00:00,2026-07-27,12,54.1714303104792,53.08831787109375,54.1714303104792,sarima,0.0,v1.0.0
e8aeb018-f679-5670-b210-de4f62ff2111,26f7241d-a84e-5e4a-a43d-33eea1e54eea,d2f08f15-f9f2-5f65-a740-b05896774467,Antiulceroso,2026-06-29T14:26:45.094938+00:00,2026-05-11,1,68.72638867774337,63.49060821533203,71.93328242515837,aditivo,1.0,v1.0.0
e8aeb018-f679-5670-b210-de4f62ff2111,26f7241d-a84e-5e4a-a43d-33eea1e54eea,d2f08f15-f9f2-5f65-a740-b05896774467,Antiulceroso,2026-06-29T14:26:45.094938+00:00,2026-05-18,2,68.72638867774337,63.61949920654297,71.77333604228156,aditivo,1.0,v1.0.0
e8aeb018-f679-5670-b210-de4f62ff2111,26f7241d-a84e-5e4a-a43d-33eea1e54eea,d2f08f15-f9f2-5f65-a740-b05896774467,Antiulceroso,2026-06-29T14:26:45.094938+00:00,2026-05-25,3,68.72638867774337,63.70915985107422,71.92173726706456,aditivo,1.0,v1.0.0
e8aeb018-f679-5670-b210-de4f62ff2111,26f7241d-a84e-5e4a-a43d-33eea1e54eea,d2f08f15-f9f2-5f65-a740-b05896774467,Antiulceroso,2026-06-29T14:26:45.094938+00:00,2026-06-01,4,68.72638867774337,64.49163818359375,72.34175861397442,aditivo,1.0,v1.0.0
e8aeb018-f679-5670-b210-de4f62ff2111,26f7241d-a84e-5e4a-a43d-33eea1e54eea,d2f08f15-f9f2-5f65-a740-b05896774467,Antiulceroso,2026-06-29T14:26:45.094938+00:00,2026-06-08,5,68.72638867774337,64.49163818359375,72.43931694209607,aditivo,1.0,v1.0.0
e8aeb018-f679-5670-b210-de4f62ff2111,26f7241d-a84e-5e4a-a43d-33eea1e54eea,d2f08f15-f9f2-5f65-a740-b05896774467,Antiulceroso,2026-06-29T14:26:45.094938+00:00,2026-06-15,6,68.72638867774337,64.49163818359375,72.44014663250569,aditivo,1.0,v1.0.0
e8aeb018-f679-5670-b210-de4f62ff2111,26f7241d-a84e-5e4a-a43d-33eea1e54eea,d2f08f15-f9f2-5f65-a740-b05896774467,Antiulceroso,2026-06-29T14:26:45.094938+00:00,2026-06-22,7,68.72638867774337,64.49163818359375,72.95215127766843,aditivo,1.0,v1.0.0
e8aeb018-f679-5670-b210-de4f62ff2111,26f7241d-a84e-5e4a-a43d-33eea1e54eea,d2f08f15-f9f2-5f65-a740-b05896774467,Antiulceroso,2026-06-29T14:26:45.094938+00:00,2026-06-29,8,68.72638867774337,64.49163818359375,72.95330281743497,aditivo,1.0,v1.0.0
e8aeb018-f679-5670-b210-de4f62ff2111,26f7241d-a84e-5e4a-a43d-33eea1e54eea,d2f08f15-f9f2-5f65-a740-b05896774467,Antiulceroso,2026-06-29T14:26:45.094938+00:00,2026-07-06,9,68.72638867774337,64.49163818359375,72.95443730366372,aditivo,1.0,v1.0.0
e8aeb018-f679-5670-b210-de4f62ff2111,26f7241d-a84e-5e4a-a43d-33eea1e54eea,d2f08f15-f9f2-5f65-a740-b05896774467,Antiulceroso,2026-06-29T14:26:45.094938+00:00,2026-07-13,10,68.72638867774337,64.49163818359375,72.95555511618645,aditivo,1.0,v1.0.0
e8aeb018-f679-5670-b210-de4f62ff2111,26f7241d-a84e-5e4a-a43d-33eea1e54eea,d2f08f15-f9f2-5f65-a740-b05896774467,Antiulceroso,2026-06-29T14:26:45.094938+00:00,2026-07-20,11,68.72638867774337,64.49163818359375,72.83525000537043,aditivo,1.0,v1.0.0
e8aeb018-f679-5670-b210-de4f62ff2111,26f7241d-a84e-5e4a-a43d-33eea1e54eea,d2f08f15-f9f2-5f65-a740-b05896774467,Antiulceroso,2026-06-29T14:26:45.094938+00:00,2026-07-27,12,68.72638867774337,64.49163818359375,72.83625162940882,aditivo,1.0,v1.0.0
e8aeb018-f679-5670-b210-de4f62ff2111,26f7241d-a84e-5e4a-a43d-33eea1e54eea,d3961f5a-3ea7-53d3-89f4-78b65b0c0c6b,Analgésico,2026-06-29T14:26:45.094938+00:00,2026-05-11,1,155.65870542011774,109.53764343261719,164.29640727231944,aditivo,1.5,v1.0.0
e8aeb018-f679-5670-b210-de4f62ff2111,26f7241d-a84e-5e4a-a43d-33eea1e54eea,d3961f5a-3ea7-53d3-89f4-78b65b0c0c6b,Analgésico,2026-06-29T14:26:45.094938+00:00,2026-05-18,2,152.3337698162504,116.5357666015625,187.10068876835123,aditivo,1.5,v1.0.0
e8aeb018-f679-5670-b210-de4f62ff2111,26f7241d-a84e-5e4a-a43d-33eea1e54eea,d3961f5a-3ea7-53d3-89f4-78b65b0c0c6b,Analgésico,2026-06-29T14:26:45.094938+00:00,2026-05-25,3,146.31678913758924,120.69158172607422,184.6483164747088,aditivo,1.5,v1.0.0
e8aeb018-f679-5670-b210-de4f62ff2111,26f7241d-a84e-5e4a-a43d-33eea1e54eea,d3961f5a-3ea7-53d3-89f4-78b65b0c0c6b,Analgésico,2026-06-29T14:26:45.094938+00:00,2026-06-01,4,143.96087370480927,115.92244720458984,185.42760724264187,aditivo,1.5,v1.0.0
e8aeb018-f679-5670-b210-de4f62ff2111,26f7241d-a84e-5e4a-a43d-33eea1e54eea,d3961f5a-3ea7-53d3-89f4-78b65b0c0c6b,Analgésico,2026-06-29T14:26:45.094938+00:00,2026-06-08,5,141.5125926246891,115.92244720458984,185.1053798448392,aditivo,1.5,v1.0.0
e8aeb018-f679-5670-b210-de4f62ff2111,26f7241d-a84e-5e4a-a43d-33eea1e54eea,d3961f5a-3ea7-53d3-89f4-78b65b0c0c6b,Analgésico,2026-06-29T14:26:45.094938+00:00,2026-06-15,6,140.20636815318952,115.92244720458984,183.24404508615987,aditivo,1.5,v1.0.0
e8aeb018-f679-5670-b210-de4f62ff2111,26f7241d-a84e-5e4a-a43d-33eea1e54eea,d3961f5a-3ea7-53d3-89f4-78b65b0c0c6b,Analgésico,2026-06-29T14:26:45.094938+00:00,2026-06-22,7,139.11332222897283,114.9119644165039,183.42282728488223,aditivo,1.5,v1.0.0
e8aeb018-f679-5670-b210-de4f62ff2111,26f7241d-a84e-5e4a-a43d-33eea1e54eea,d3961f5a-3ea7-53d3-89f4-78b65b0c0c6b,Analgésico,2026-06-29T14:26:45.094938+00:00,2026-06-29,8,138.4391778552817,115.92244720458984,183.7456621698677,aditivo,1.5,v1.0.0
e8aeb018-f679-5670-b210-de4f62ff2111,26f7241d-a84e-5e4a-a43d-33eea1e54eea,d3961f5a-3ea7-53d3-89f4-78b65b0c0c6b,Analgésico,2026-06-29T14:26:45.094938+00:00,2026-07-06,9,137.92645789509433,115.92244720458984,183.32792433332688,aditivo,1.5,v1.0.0
e8aeb018-f679-5670-b210-de4f62ff2111,26f7241d-a84e-5e4a-a43d-33eea1e54eea,d3961f5a-3ea7-53d3-89f4-78b65b0c0c6b,Analgésico,2026-06-29T14:26:45.094938+00:00,2026-07-13,10,137.58786924629374,112.16015625,184.62540319182256,aditivo,1.5,v1.0.0
e8aeb018-f679-5670-b210-de4f62ff2111,26f7241d-a84e-5e4a-a43d-33eea1e54eea,d3961f5a-3ea7-53d3-89f4-78b65b0c0c6b,Analgésico,2026-06-29T14:26:45.094938+00:00,2026-07-20,11,137.3413242304674,109.2750473022461,152.60942874319122,aditivo,1.5,v1.0.0
e8aeb018-f679-5670-b210-de4f62ff2111,26f7241d-a84e-5e4a-a43d-33eea1e54eea,d3961f5a-3ea7-53d3-89f4-78b65b0c0c6b,Analgésico,2026-06-29T14:26:45.094938+00:00,2026-07-27,12,137.17319933276787,108.46379089355469,145.5544710249635,aditivo,1.5,v1.0.0
e8aeb018-f679-5670-b210-de4f62ff2111,26f7241d-a84e-5e4a-a43d-33eea1e54eea,d9506935-1215-5499-93c0-8bdd86ab9418,Analgésico,2026-06-29T14:26:45.094938+00:00,2026-05-11,1,15.541425788406578,18.260175704956055,18.81563044252594,aditivo,1.5,v1.0.0
e8aeb018-f679-5670-b210-de4f62ff2111,26f7241d-a84e-5e4a-a43d-33eea1e54eea,d9506935-1215-5499-93c0-8bdd86ab9418,Analgésico,2026-06-29T14:26:45.094938+00:00,2026-05-18,2,15.040662716008605,17.300310134887695,18.318580483225553,aditivo,1.5,v1.0.0
e8aeb018-f679-5670-b210-de4f62ff2111,26f7241d-a84e-5e4a-a43d-33eea1e54eea,d9506935-1215-5499-93c0-8bdd86ab9418,Analgésico,2026-06-29T14:26:45.094938+00:00,2026-05-25,3,14.921440076241906,17.198814392089844,18.414142713716505,aditivo,1.5,v1.0.0
e8aeb018-f679-5670-b210-de4f62ff2111,26f7241d-a84e-5e4a-a43d-33eea1e54eea,d9506935-1215-5499-93c0-8bdd86ab9418,Analgésico,2026-06-29T14:26:45.094938+00:00,2026-06-01,4,14.887095901272932,16.85844612121582,18.49914466604454,aditivo,1.5,v1.0.0
e8aeb018-f679-5670-b210-de4f62ff2111,26f7241d-a84e-5e4a-a43d-33eea1e54eea,d9506935-1215-5499-93c0-8bdd86ab9418,Analgésico,2026-06-29T14:26:45.094938+00:00,2026-06-08,5,14.889703559531748,17.476173400878906,18.82506594773759,aditivo,1.5,v1.0.0
e8aeb018-f679-5670-b210-de4f62ff2111,26f7241d-a84e-5e4a-a43d-33eea1e54eea,d9506935-1215-5499-93c0-8bdd86ab9418,Analgésico,2026-06-29T14:26:45.094938+00:00,2026-06-15,6,14.371947958029605,17.327058792114258,17.99122230200756,aditivo,1.5,v1.0.0
e8aeb018-f679-5670-b210-de4f62ff2111,26f7241d-a84e-5e4a-a43d-33eea1e54eea,d9506935-1215-5499-93c0-8bdd86ab9418,Analgésico,2026-06-29T14:26:45.094938+00:00,2026-06-22,7,17.33003400209755,17.28224754333496,20.692668337391936,aditivo,1.5,v1.0.0
e8aeb018-f679-5670-b210-de4f62ff2111,26f7241d-a84e-5e4a-a43d-33eea1e54eea,d9506935-1215-5499-93c0-8bdd86ab9418,Analgésico,2026-06-29T14:26:45.094938+00:00,2026-06-29,8,15.167343224952354,16.973413467407227,18.75356248841248,aditivo,1.5,v1.0.0
e8aeb018-f679-5670-b210-de4f62ff2111,26f7241d-a84e-5e4a-a43d-33eea1e54eea,d9506935-1215-5499-93c0-8bdd86ab9418,Analgésico,2026-06-29T14:26:45.094938+00:00,2026-07-06,9,14.613449814317246,17.472209930419922,18.20318400891876,aditivo,1.5,v1.0.0
e8aeb018-f679-5670-b210-de4f62ff2111,26f7241d-a84e-5e4a-a43d-33eea1e54eea,d9506935-1215-5499-93c0-8bdd86ab9418,Analgésico,2026-06-29T14:26:45.094938+00:00,2026-07-13,10,15.320391655109585,16.90024185180664,18.912687815277437,aditivo,1.5,v1.0.0
e8aeb018-f679-5670-b210-de4f62ff2111,26f7241d-a84e-5e4a-a43d-33eea1e54eea,d9506935-1215-5499-93c0-8bdd86ab9418,Analgésico,2026-06-29T14:26:45.094938+00:00,2026-07-20,11,14.31455996604038,17.466123580932617,17.757186820591222,aditivo,1.5,v1.0.0
e8aeb018-f679-5670-b210-de4f62ff2111,26f7241d-a84e-5e4a-a43d-33eea1e54eea,d9506935-1215-5499-93c0-8bdd86ab9418,Analgésico,2026-06-29T14:26:45.094938+00:00,2026-07-27,12,16.58690507713727,17.086044311523438,19.770856561493638,aditivo,1.5,v1.0.0
e8aeb018-f679-5670-b210-de4f62ff2111,43616d97-2221-569d-82eb-bcc14bcd6344,012857cc-907f-5e7d-b8fb-796d2c9f1621,Suplemento,2026-06-29T14:26:45.094938+00:00,2026-05-11,1,41.90651740418716,41.57542419433594,41.90651740418716,sarima,0.0,v1.0.0
e8aeb018-f679-5670-b210-de4f62ff2111,43616d97-2221-569d-82eb-bcc14bcd6344,012857cc-907f-5e7d-b8fb-796d2c9f1621,Suplemento,2026-06-29T14:26:45.094938+00:00,2026-05-18,2,41.85909679041562,41.2594108581543,41.85909679041562,sarima,0.0,v1.0.0
e8aeb018-f679-5670-b210-de4f62ff2111,43616d97-2221-569d-82eb-bcc14bcd6344,012857cc-907f-5e7d-b8fb-796d2c9f1621,Suplemento,2026-06-29T14:26:45.094938+00:00,2026-05-25,3,42.01608264901811,41.16636657714844,42.01608264901811,sarima,0.0,v1.0.0
e8aeb018-f679-5670-b210-de4f62ff2111,43616d97-2221-569d-82eb-bcc14bcd6344,012857cc-907f-5e7d-b8fb-796d2c9f1621,Suplemento,2026-06-29T14:26:45.094938+00:00,2026-06-01,4,42.01608264901811,41.16636657714844,42.01608264901811,sarima,0.0,v1.0.0
e8aeb018-f679-5670-b210-de4f62ff2111,43616d97-2221-569d-82eb-bcc14bcd6344,012857cc-907f-5e7d-b8fb-796d2c9f1621,Suplemento,2026-06-29T14:26:45.094938+00:00,2026-06-08,5,42.01608264901811,40.662288665771484,42.01608264901811,sarima,0.0,v1.0.0
e8aeb018-f679-5670-b210-de4f62ff2111,43616d97-2221-569d-82eb-bcc14bcd6344,012857cc-907f-5e7d-b8fb-796d2c9f1621,Suplemento,2026-06-29T14:26:45.094938+00:00,2026-06-15,6,42.01608264901811,41.16660690307617,42.01608264901811,sarima,0.0,v1.0.0
e8aeb018-f679-5670-b210-de4f62ff2111,43616d97-2221-569d-82eb-bcc14bcd6344,012857cc-907f-5e7d-b8fb-796d2c9f1621,Suplemento,2026-06-29T14:26:45.094938+00:00,2026-06-22,7,42.01608264901811,41.16660690307617,42.01608264901811,sarima,0.0,v1.0.0
e8aeb018-f679-5670-b210-de4f62ff2111,43616d97-2221-569d-82eb-bcc14bcd6344,012857cc-907f-5e7d-b8fb-796d2c9f1621,Suplemento,2026-06-29T14:26:45.094938+00:00,2026-06-29,8,42.01608264901811,41.16660690307617,42.01608264901811,sarima,0.0,v1.0.0
e8aeb018-f679-5670-b210-de4f62ff2111,43616d97-2221-569d-82eb-bcc14bcd6344,012857cc-907f-5e7d-b8fb-796d2c9f1621,Suplemento,2026-06-29T14:26:45.094938+00:00,2026-07-06,9,42.01608264901811,41.16660690307617,42.01608264901811,sarima,0.0,v1.0.0
e8aeb018-f679-5670-b210-de4f62ff2111,43616d97-2221-569d-82eb-bcc14bcd6344,012857cc-907f-5e7d-b8fb-796d2c9f1621,Suplemento,2026-06-29T14:26:45.094938+00:00,2026-07-13,10,42.01608264901811,41.16660690307617,42.01608264901811,sarima,0.0,v1.0.0
e8aeb018-f679-5670-b210-de4f62ff2111,43616d97-2221-569d-82eb-bcc14bcd6344,012857cc-907f-5e7d-b8fb-796d2c9f1621,Suplemento,2026-06-29T14:26:45.094938+00:00,2026-07-20,11,42.01608264901811,40.70243835449219,42.01608264901811,sarima,0.0,v1.0.0
e8aeb018-f679-5670-b210-de4f62ff2111,43616d97-2221-569d-82eb-bcc14bcd6344,012857cc-907f-5e7d-b8fb-796d2c9f1621,Suplemento,2026-06-29T14:26:45.094938+00:00,2026-07-27,12,42.01608264901811,40.70243835449219,42.01608264901811,sarima,0.0,v1.0.0
e8aeb018-f679-5670-b210-de4f62ff2111,43616d97-2221-569d-82eb-bcc14bcd6344,042e2e80-f954-5df4-97be-29dd428cc598,Antiinflamatorio,2026-06-29T14:26:45.094938+00:00,2026-05-11,1,49.68680086400203,40.27043533325195,49.68680086400203,sarima,0.0,v1.0.0
e8aeb018-f679-5670-b210-de4f62ff2111,43616d97-2221-569d-82eb-bcc14bcd6344,042e2e80-f954-5df4-97be-29dd428cc598,Antiinflamatorio,2026-06-29T14:26:45.094938+00:00,2026-05-18,2,42.56738206393905,40.27513885498047,42.56738206393905,sarima,0.0,v1.0.0
e8aeb018-f679-5670-b210-de4f62ff2111,43616d97-2221-569d-82eb-bcc14bcd6344,042e2e80-f954-5df4-97be-29dd428cc598,Antiinflamatorio,2026-06-29T14:26:45.094938+00:00,2026-05-25,3,40.413204079004515,41.94179153442383,40.413204079004515,sarima,0.0,v1.0.0
e8aeb018-f679-5670-b210-de4f62ff2111,43616d97-2221-569d-82eb-bcc14bcd6344,042e2e80-f954-5df4-97be-29dd428cc598,Antiinflamatorio,2026-06-29T14:26:45.094938+00:00,2026-06-01,4,39.71557776722235,41.363033294677734,39.71557776722235,sarima,0.0,v1.0.0
e8aeb018-f679-5670-b210-de4f62ff2111,43616d97-2221-569d-82eb-bcc14bcd6344,042e2e80-f954-5df4-97be-29dd428cc598,Antiinflamatorio,2026-06-29T14:26:45.094938+00:00,2026-06-08,5,39.48449043165646,42.027671813964844,39.48449043165646,sarima,0.0,v1.0.0
e8aeb018-f679-5670-b210-de4f62ff2111,43616d97-2221-569d-82eb-bcc14bcd6344,042e2e80-f954-5df4-97be-29dd428cc598,Antiinflamatorio,2026-06-29T14:26:45.094938+00:00,2026-06-15,6,39.40736305038004,42.027671813964844,39.40736305038004,sarima,0.0,v1.0.0
e8aeb018-f679-5670-b210-de4f62ff2111,43616d97-2221-569d-82eb-bcc14bcd6344,042e2e80-f954-5df4-97be-29dd428cc598,Antiinflamatorio,2026-06-29T14:26:45.094938+00:00,2026-06-22,7,39.38155597913879,41.94179153442383,39.38155597913879,sarima,0.0,v1.0.0
e8aeb018-f679-5670-b210-de4f62ff2111,43616d97-2221-569d-82eb-bcc14bcd6344,042e2e80-f954-5df4-97be-29dd428cc598,Antiinflamatorio,2026-06-29T14:26:45.094938+00:00,2026-06-29,8,39.3729135363671,40.69237518310547,39.3729135363671,sarima,0.0,v1.0.0
e8aeb018-f679-5670-b210-de4f62ff2111,43616d97-2221-569d-82eb-bcc14bcd6344,042e2e80-f954-5df4-97be-29dd428cc598,Antiinflamatorio,2026-06-29T14:26:45.094938+00:00,2026-07-06,9,39.370018477036325,41.94179153442383,39.370018477036325,sarima,0.0,v1.0.0
e8aeb018-f679-5670-b210-de4f62ff2111,43616d97-2221-569d-82eb-bcc14bcd6344,042e2e80-f954-5df4-97be-29dd428cc598,Antiinflamatorio,2026-06-29T14:26:45.094938+00:00,2026-07-13,10,39.36904859327741,41.94179153442383,39.36904859327741,sarima,0.0,v1.0.0
e8aeb018-f679-5670-b210-de4f62ff2111,43616d97-2221-569d-82eb-bcc14bcd6344,042e2e80-f954-5df4-97be-29dd428cc598,Antiinflamatorio,2026-06-29T14:26:45.094938+00:00,2026-07-20,11,39.36872365884903,41.58941650390625,39.36872365884903,sarima,0.0,v1.0.0
e8aeb018-f679-5670-b210-de4f62ff2111,43616d97-2221-569d-82eb-bcc14bcd6344,042e2e80-f954-5df4-97be-29dd428cc598,Antiinflamatorio,2026-06-29T14:26:45.094938+00:00,2026-07-27,12,39.36861479682536,41.58941650390625,39.36861479682536,sarima,0.0,v1.0.0
e8aeb018-f679-5670-b210-de4f62ff2111,43616d97-2221-569d-82eb-bcc14bcd6344,058c6382-bde2-59d1-93ff-20c6161a4736,Antibiótico,2026-06-29T14:26:45.094938+00:00,2026-05-11,1,31.79625487967212,38.16055679321289,31.79625487967212,sarima,0.0,v1.0.0
e8aeb018-f679-5670-b210-de4f62ff2111,43616d97-2221-569d-82eb-bcc14bcd6344,058c6382-bde2-59d1-93ff-20c6161a4736,Antibiótico,2026-06-29T14:26:45.094938+00:00,2026-05-18,2,31.79625487967212,38.02583694458008,31.79625487967212,sarima,0.0,v1.0.0
e8aeb018-f679-5670-b210-de4f62ff2111,43616d97-2221-569d-82eb-bcc14bcd6344,058c6382-bde2-59d1-93ff-20c6161a4736,Antibiótico,2026-06-29T14:26:45.094938+00:00,2026-05-25,3,31.79625487967212,38.1550178527832,31.79625487967212,sarima,0.0,v1.0.0
e8aeb018-f679-5670-b210-de4f62ff2111,43616d97-2221-569d-82eb-bcc14bcd6344,058c6382-bde2-59d1-93ff-20c6161a4736,Antibiótico,2026-06-29T14:26:45.094938+00:00,2026-06-01,4,31.79625487967212,37.14383316040039,31.79625487967212,sarima,0.0,v1.0.0
e8aeb018-f679-5670-b210-de4f62ff2111,43616d97-2221-569d-82eb-bcc14bcd6344,058c6382-bde2-59d1-93ff-20c6161a4736,Antibiótico,2026-06-29T14:26:45.094938+00:00,2026-06-08,5,31.79625487967212,36.72003173828125,31.79625487967212,sarima,0.0,v1.0.0
e8aeb018-f679-5670-b210-de4f62ff2111,43616d97-2221-569d-82eb-bcc14bcd6344,058c6382-bde2-59d1-93ff-20c6161a4736,Antibiótico,2026-06-29T14:26:45.094938+00:00,2026-06-15,6,31.79625487967212,36.33220672607422,31.79625487967212,sarima,0.0,v1.0.0
e8aeb018-f679-5670-b210-de4f62ff2111,43616d97-2221-569d-82eb-bcc14bcd6344,058c6382-bde2-59d1-93ff-20c6161a4736,Antibiótico,2026-06-29T14:26:45.094938+00:00,2026-06-22,7,31.79625487967212,36.72003173828125,31.79625487967212,sarima,0.0,v1.0.0
e8aeb018-f679-5670-b210-de4f62ff2111,43616d97-2221-569d-82eb-bcc14bcd6344,058c6382-bde2-59d1-93ff-20c6161a4736,Antibiótico,2026-06-29T14:26:45.094938+00:00,2026-06-29,8,31.79625487967212,36.72003173828125,31.79625487967212,sarima,0.0,v1.0.0
e8aeb018-f679-5670-b210-de4f62ff2111,43616d97-2221-569d-82eb-bcc14bcd6344,058c6382-bde2-59d1-93ff-20c6161a4736,Antibiótico,2026-06-29T14:26:45.094938+00:00,2026-07-06,9,31.79625487967212,36.59222412109375,31.79625487967212,sarima,0.0,v1.0.0
e8aeb018-f679-5670-b210-de4f62ff2111,43616d97-2221-569d-82eb-bcc14bcd6344,058c6382-bde2-59d1-93ff-20c6161a4736,Antibiótico,2026-06-29T14:26:45.094938+00:00,2026-07-13,10,31.79625487967212,36.87326431274414,31.79625487967212,sarima,0.0,v1.0.0
e8aeb018-f679-5670-b210-de4f62ff2111,43616d97-2221-569d-82eb-bcc14bcd6344,058c6382-bde2-59d1-93ff-20c6161a4736,Antibiótico,2026-06-29T14:26:45.094938+00:00,2026-07-20,11,31.79625487967212,36.45923614501953,31.79625487967212,sarima,0.0,v1.0.0
e8aeb018-f679-5670-b210-de4f62ff2111,43616d97-2221-569d-82eb-bcc14bcd6344,058c6382-bde2-59d1-93ff-20c6161a4736,Antibiótico,2026-06-29T14:26:45.094938+00:00,2026-07-27,12,31.79625487967212,36.15386962890625,31.79625487967212,sarima,0.0,v1.0.0
e8aeb018-f679-5670-b210-de4f62ff2111,43616d97-2221-569d-82eb-bcc14bcd6344,07371b94-955f-52a4-9bf9-f0a6ad2b4fa8,Antibiótico,2026-06-29T14:26:45.094938+00:00,2026-05-11,1,54.559640025900414,56.10068130493164,54.559640025900414,sarima,0.0,v1.0.0
e8aeb018-f679-5670-b210-de4f62ff2111,43616d97-2221-569d-82eb-bcc14bcd6344,07371b94-955f-52a4-9bf9-f0a6ad2b4fa8,Antibiótico,2026-06-29T14:26:45.094938+00:00,2026-05-18,2,56.96754991873333,56.26168441772461,56.96754991873333,sarima,0.0,v1.0.0
e8aeb018-f679-5670-b210-de4f62ff2111,43616d97-2221-569d-82eb-bcc14bcd6344,07371b94-955f-52a4-9bf9-f0a6ad2b4fa8,Antibiótico,2026-06-29T14:26:45.094938+00:00,2026-05-25,3,55.70830981563942,56.460697174072266,55.70830981563942,sarima,0.0,v1.0.0
e8aeb018-f679-5670-b210-de4f62ff2111,43616d97-2221-569d-82eb-bcc14bcd6344,07371b94-955f-52a4-9bf9-f0a6ad2b4fa8,Antibiótico,2026-06-29T14:26:45.094938+00:00,2026-06-01,4,56.11228796104211,56.57561492919922,56.11228796104211,sarima,0.0,v1.0.0
e8aeb018-f679-5670-b210-de4f62ff2111,43616d97-2221-569d-82eb-bcc14bcd6344,07371b94-955f-52a4-9bf9-f0a6ad2b4fa8,Antibiótico,2026-06-29T14:26:45.094938+00:00,2026-06-08,5,55.84166732916585,56.460697174072266,55.84166732916585,sarima,0.0,v1.0.0
e8aeb018-f679-5670-b210-de4f62ff2111,43616d97-2221-569d-82eb-bcc14bcd6344,07371b94-955f-52a4-9bf9-f0a6ad2b4fa8,Antibiótico,2026-06-29T14:26:45.094938+00:00,2026-06-15,6,55.89382059796384,56.460697174072266,55.89382059796384,sarima,0.0,v1.0.0
e8aeb018-f679-5670-b210-de4f62ff2111,43616d97-2221-569d-82eb-bcc14bcd6344,07371b94-955f-52a4-9bf9-f0a6ad2b4fa8,Antibiótico,2026-06-29T14:26:45.094938+00:00,2026-06-22,7,55.826570109446195,56.460697174072266,55.826570109446195,sarima,0.0,v1.0.0
e8aeb018-f679-5670-b210-de4f62ff2111,43616d97-2221-569d-82eb-bcc14bcd6344,07371b94-955f-52a4-9bf9-f0a6ad2b4fa8,Antibiótico,2026-06-29T14:26:45.094938+00:00,2026-06-29,8,55.82516281684776,56.460697174072266,55.82516281684776,sarima,0.0,v1.0.0
e8aeb018-f679-5670-b210-de4f62ff2111,43616d97-2221-569d-82eb-bcc14bcd6344,07371b94-955f-52a4-9bf9-f0a6ad2b4fa8,Antibiótico,2026-06-29T14:26:45.094938+00:00,2026-07-06,9,55.80480967241956,56.460697174072266,55.80480967241956,sarima,0.0,v1.0.0
e8aeb018-f679-5670-b210-de4f62ff2111,43616d97-2221-569d-82eb-bcc14bcd6344,07371b94-955f-52a4-9bf9-f0a6ad2b4fa8,Antibiótico,2026-06-29T14:26:45.094938+00:00,2026-07-13,10,55.7992690421354,56.460697174072266,55.7992690421354,sarima,0.0,v1.0.0
e8aeb018-f679-5670-b210-de4f62ff2111,43616d97-2221-569d-82eb-bcc14bcd6344,07371b94-955f-52a4-9bf9-f0a6ad2b4fa8,Antibiótico,2026-06-29T14:26:45.094938+00:00,2026-07-20,11,55.791819186567736,56.460697174072266,55.791819186567736,sarima,0.0,v1.0.0
e8aeb018-f679-5670-b210-de4f62ff2111,43616d97-2221-569d-82eb-bcc14bcd6344,07371b94-955f-52a4-9bf9-f0a6ad2b4fa8,Antibiótico,2026-06-29T14:26:45.094938+00:00,2026-07-27,12,55.7882955085156,56.460697174072266,55.7882955085156,sarima,0.0,v1.0.0
e8aeb018-f679-5670-b210-de4f62ff2111,43616d97-2221-569d-82eb-bcc14bcd6344,0ec23038-d3ab-588c-bbd6-1f5c744cdde1,Vitamina,2026-06-29T14:26:45.094938+00:00,2026-05-11,1,141.9002242405841,63.948707580566406,141.42535778858567,aditivo,0.5,v1.0.0
e8aeb018-f679-5670-b210-de4f62ff2111,43616d97-2221-569d-82eb-bcc14bcd6344,0ec23038-d3ab-588c-bbd6-1f5c744cdde1,Vitamina,2026-06-29T14:26:45.094938+00:00,2026-05-18,2,61.59661884287836,62.614112854003906,76.03736364374232,aditivo,0.5,v1.0.0
e8aeb018-f679-5670-b210-de4f62ff2111,43616d97-2221-569d-82eb-bcc14bcd6344,0ec23038-d3ab-588c-bbd6-1f5c744cdde1,Vitamina,2026-06-29T14:26:45.094938+00:00,2026-05-25,3,61.59661884287836,60.40909957885742,72.86226248224511,aditivo,0.5,v1.0.0
e8aeb018-f679-5670-b210-de4f62ff2111,43616d97-2221-569d-82eb-bcc14bcd6344,0ec23038-d3ab-588c-bbd6-1f5c744cdde1,Vitamina,2026-06-29T14:26:45.094938+00:00,2026-06-01,4,61.59661884287836,64.64568328857422,74.33147647865226,aditivo,0.5,v1.0.0
e8aeb018-f679-5670-b210-de4f62ff2111,43616d97-2221-569d-82eb-bcc14bcd6344,0ec23038-d3ab-588c-bbd6-1f5c744cdde1,Vitamina,2026-06-29T14:26:45.094938+00:00,2026-06-08,5,61.59661884287836,63.654571533203125,73.47295263159782,aditivo,0.5,v1.0.0
e8aeb018-f679-5670-b210-de4f62ff2111,43616d97-2221-569d-82eb-bcc14bcd6344,0ec23038-d3ab-588c-bbd6-1f5c744cdde1,Vitamina,2026-06-29T14:26:45.094938+00:00,2026-06-15,6,61.59661884287836,64.17971801757812,76.16306867173506,aditivo,0.5,v1.0.0
e8aeb018-f679-5670-b210-de4f62ff2111,43616d97-2221-569d-82eb-bcc14bcd6344,0ec23038-d3ab-588c-bbd6-1f5c744cdde1,Vitamina,2026-06-29T14:26:45.094938+00:00,2026-06-22,7,61.59661884287836,60.570594787597656,73.27845017817158,aditivo,0.5,v1.0.0
e8aeb018-f679-5670-b210-de4f62ff2111,43616d97-2221-569d-82eb-bcc14bcd6344,0ec23038-d3ab-588c-bbd6-1f5c744cdde1,Vitamina,2026-06-29T14:26:45.094938+00:00,2026-06-29,8,61.59661884287836,60.87382888793945,73.64831897651034,aditivo,0.5,v1.0.0
e8aeb018-f679-5670-b210-de4f62ff2111,43616d97-2221-569d-82eb-bcc14bcd6344,0ec23038-d3ab-588c-bbd6-1f5c744cdde1,Vitamina,2026-06-29T14:26:45.094938+00:00,2026-07-06,9,61.59661884287836,60.87382888793945,73.39895836714136,aditivo,0.5,v1.0.0
e8aeb018-f679-5670-b210-de4f62ff2111,43616d97-2221-569d-82eb-bcc14bcd6344,0ec23038-d3ab-588c-bbd6-1f5c744cdde1,Vitamina,2026-06-29T14:26:45.094938+00:00,2026-07-13,10,61.59661884287836,60.89775848388672,72.5069414595409,aditivo,0.5,v1.0.0
e8aeb018-f679-5670-b210-de4f62ff2111,43616d97-2221-569d-82eb-bcc14bcd6344,0ec23038-d3ab-588c-bbd6-1f5c744cdde1,Vitamina,2026-06-29T14:26:45.094938+00:00,2026-07-20,11,61.59661884287836,60.89775848388672,72.48926557901592,aditivo,0.5,v1.0.0
e8aeb018-f679-5670-b210-de4f62ff2111,43616d97-2221-569d-82eb-bcc14bcd6344,0ec23038-d3ab-588c-bbd6-1f5c744cdde1,Vitamina,2026-06-29T14:26:45.094938+00:00,2026-07-27,12,61.59661884287836,60.89775848388672,72.6672907168508,aditivo,0.5,v1.0.0
e8aeb018-f679-5670-b210-de4f62ff2111,43616d97-2221-569d-82eb-bcc14bcd6344,1ca3438e-9e23-58f0-a35f-f15f7a23beb9,Antifúngico,2026-06-29T14:26:45.094938+00:00,2026-05-11,1,39.650813968046336,37.977317810058594,41.53015589869705,aditivo,1.5,v1.0.0
e8aeb018-f679-5670-b210-de4f62ff2111,43616d97-2221-569d-82eb-bcc14bcd6344,1ca3438e-9e23-58f0-a35f-f15f7a23beb9,Antifúngico,2026-06-29T14:26:45.094938+00:00,2026-05-18,2,39.650813968046336,37.977317810058594,41.92128674418825,aditivo,1.5,v1.0.0
e8aeb018-f679-5670-b210-de4f62ff2111,43616d97-2221-569d-82eb-bcc14bcd6344,1ca3438e-9e23-58f0-a35f-f15f7a23beb9,Antifúngico,2026-06-29T14:26:45.094938+00:00,2026-05-25,3,39.650813968046336,37.484825134277344,42.23211378863233,aditivo,1.5,v1.0.0
e8aeb018-f679-5670-b210-de4f62ff2111,43616d97-2221-569d-82eb-bcc14bcd6344,1ca3438e-9e23-58f0-a35f-f15f7a23beb9,Antifúngico,2026-06-29T14:26:45.094938+00:00,2026-06-01,4,39.650813968046336,37.922515869140625,44.59946218459503,aditivo,1.5,v1.0.0
e8aeb018-f679-5670-b210-de4f62ff2111,43616d97-2221-569d-82eb-bcc14bcd6344,1ca3438e-9e23-58f0-a35f-f15f7a23beb9,Antifúngico,2026-06-29T14:26:45.094938+00:00,2026-06-08,5,39.650813968046336,38.11707305908203,42.14159427533902,aditivo,1.5,v1.0.0
e8aeb018-f679-5670-b210-de4f62ff2111,43616d97-2221-569d-82eb-bcc14bcd6344,1ca3438e-9e23-58f0-a35f-f15f7a23beb9,Antifúngico,2026-06-29T14:26:45.094938+00:00,2026-06-15,6,39.650813968046336,38.347923278808594,42.27896589316461,aditivo,1.5,v1.0.0
e8aeb018-f679-5670-b210-de4f62ff2111,43616d97-2221-569d-82eb-bcc14bcd6344,1ca3438e-9e23-58f0-a35f-f15f7a23beb9,Antifúngico,2026-06-29T14:26:45.094938+00:00,2026-06-22,7,39.650813968046336,38.42661666870117,42.55775795904903,aditivo,1.5,v1.0.0
e8aeb018-f679-5670-b210-de4f62ff2111,43616d97-2221-569d-82eb-bcc14bcd6344,1ca3438e-9e23-58f0-a35f-f15f7a23beb9,Antifúngico,2026-06-29T14:26:45.094938+00:00,2026-06-29,8,39.650813968046336,38.584495544433594,45.009591608666824,aditivo,1.5,v1.0.0
e8aeb018-f679-5670-b210-de4f62ff2111,43616d97-2221-569d-82eb-bcc14bcd6344,1ca3438e-9e23-58f0-a35f-f15f7a23beb9,Antifúngico,2026-06-29T14:26:45.094938+00:00,2026-07-06,9,39.650813968046336,41.58941650390625,42.648036964569826,aditivo,1.5,v1.0.0
e8aeb018-f679-5670-b210-de4f62ff2111,43616d97-2221-569d-82eb-bcc14bcd6344,1ca3438e-9e23-58f0-a35f-f15f7a23beb9,Antifúngico,2026-06-29T14:26:45.094938+00:00,2026-07-13,10,39.650813968046336,41.58941650390625,42.647434112283264,aditivo,1.5,v1.0.0
e8aeb018-f679-5670-b210-de4f62ff2111,43616d97-2221-569d-82eb-bcc14bcd6344,1ca3438e-9e23-58f0-a35f-f15f7a23beb9,Antifúngico,2026-06-29T14:26:45.094938+00:00,2026-07-20,11,39.650813968046336,41.674591064453125,42.403231542631765,aditivo,1.5,v1.0.0
e8aeb018-f679-5670-b210-de4f62ff2111,43616d97-2221-569d-82eb-bcc14bcd6344,1ca3438e-9e23-58f0-a35f-f15f7a23beb9,Antifúngico,2026-06-29T14:26:45.094938+00:00,2026-07-27,12,39.650813968046336,41.674591064453125,42.402579360640686,aditivo,1.5,v1.0.0
e8aeb018-f679-5670-b210-de4f62ff2111,43616d97-2221-569d-82eb-bcc14bcd6344,1e9605fd-5682-52b6-8f05-e8a92dd44513,Antivertiginoso,2026-06-29T14:26:45.094938+00:00,2026-05-11,1,11.948951015365912,19.801088333129883,13.338249915528213,aditivo,0.3,v1.0.0
e8aeb018-f679-5670-b210-de4f62ff2111,43616d97-2221-569d-82eb-bcc14bcd6344,1e9605fd-5682-52b6-8f05-e8a92dd44513,Antivertiginoso,2026-06-29T14:26:45.094938+00:00,2026-05-18,2,13.940301224187388,18.479705810546875,15.109781672928053,aditivo,0.3,v1.0.0
e8aeb018-f679-5670-b210-de4f62ff2111,43616d97-2221-569d-82eb-bcc14bcd6344,1e9605fd-5682-52b6-8f05-e8a92dd44513,Antivertiginoso,2026-06-29T14:26:45.094938+00:00,2026-05-25,3,16.384024463673477,18.08316993713379,17.42839494303758,aditivo,0.3,v1.0.0
e8aeb018-f679-5670-b210-de4f62ff2111,43616d97-2221-569d-82eb-bcc14bcd6344,1e9605fd-5682-52b6-8f05-e8a92dd44513,Antivertiginoso,2026-06-29T14:26:45.094938+00:00,2026-06-01,4,16.384024463673477,17.4941463470459,17.323607345705113,aditivo,0.3,v1.0.0
e8aeb018-f679-5670-b210-de4f62ff2111,43616d97-2221-569d-82eb-bcc14bcd6344,1e9605fd-5682-52b6-8f05-e8a92dd44513,Antivertiginoso,2026-06-29T14:26:45.094938+00:00,2026-06-08,5,16.384024463673477,16.874317169189453,17.34957268761082,aditivo,0.3,v1.0.0
e8aeb018-f679-5670-b210-de4f62ff2111,43616d97-2221-569d-82eb-bcc14bcd6344,1e9605fd-5682-52b6-8f05-e8a92dd44513,Antivertiginoso,2026-06-29T14:26:45.094938+00:00,2026-06-15,6,16.384024463673477,17.391048431396484,17.35082530143884,aditivo,0.3,v1.0.0
e8aeb018-f679-5670-b210-de4f62ff2111,43616d97-2221-569d-82eb-bcc14bcd6344,1e9605fd-5682-52b6-8f05-e8a92dd44513,Antivertiginoso,2026-06-29T14:26:45.094938+00:00,2026-06-22,7,16.384024463673477,17.327068328857422,17.36077511638378,aditivo,0.3,v1.0.0
e8aeb018-f679-5670-b210-de4f62ff2111,43616d97-2221-569d-82eb-bcc14bcd6344,1e9605fd-5682-52b6-8f05-e8a92dd44513,Antivertiginoso,2026-06-29T14:26:45.094938+00:00,2026-06-29,8,16.384024463673477,17.327068328857422,17.359804169361666,aditivo,0.3,v1.0.0
e8aeb018-f679-5670-b210-de4f62ff2111,43616d97-2221-569d-82eb-bcc14bcd6344,1e9605fd-5682-52b6-8f05-e8a92dd44513,Antivertiginoso,2026-06-29T14:26:45.094938+00:00,2026-07-06,9,16.384024463673477,16.99584197998047,17.358847682843777,aditivo,0.3,v1.0.0
e8aeb018-f679-5670-b210-de4f62ff2111,43616d97-2221-569d-82eb-bcc14bcd6344,1e9605fd-5682-52b6-8f05-e8a92dd44513,Antivertiginoso,2026-06-29T14:26:45.094938+00:00,2026-07-13,10,16.384024463673477,16.59307861328125,17.293707540436063,aditivo,0.3,v1.0.0
e8aeb018-f679-5670-b210-de4f62ff2111,43616d97-2221-569d-82eb-bcc14bcd6344,1e9605fd-5682-52b6-8f05-e8a92dd44513,Antivertiginoso,2026-06-29T14:26:45.094938+00:00,2026-07-20,11,16.384024463673477,16.59307861328125,17.292818133897295,aditivo,0.3,v1.0.0
e8aeb018-f679-5670-b210-de4f62ff2111,43616d97-2221-569d-82eb-bcc14bcd6344,1e9605fd-5682-52b6-8f05-e8a92dd44513,Antivertiginoso,2026-06-29T14:26:45.094938+00:00,2026-07-27,12,16.384024463673477,17.032203674316406,17.291941698345028,aditivo,0.3,v1.0.0
e8aeb018-f679-5670-b210-de4f62ff2111,43616d97-2221-569d-82eb-bcc14bcd6344,2082733c-4e17-51fe-bc8c-bf33d3ec5d7e,Antiulceroso,2026-06-29T14:26:45.094938+00:00,2026-05-11,1,51.629919347008396,49.26242446899414,54.70013900632305,aditivo,1.0,v1.0.0
e8aeb018-f679-5670-b210-de4f62ff2111,43616d97-2221-569d-82eb-bcc14bcd6344,2082733c-4e17-51fe-bc8c-bf33d3ec5d7e,Antiulceroso,2026-06-29T14:26:45.094938+00:00,2026-05-18,2,51.629919347008396,49.26242446899414,54.93744710225021,aditivo,1.0,v1.0.0
e8aeb018-f679-5670-b210-de4f62ff2111,43616d97-2221-569d-82eb-bcc14bcd6344,2082733c-4e17-51fe-bc8c-bf33d3ec5d7e,Antiulceroso,2026-06-29T14:26:45.094938+00:00,2026-05-25,3,51.629919347008396,48.8170051574707,54.423176481264306,aditivo,1.0,v1.0.0
e8aeb018-f679-5670-b210-de4f62ff2111,43616d97-2221-569d-82eb-bcc14bcd6344,2082733c-4e17-51fe-bc8c-bf33d3ec5d7e,Antiulceroso,2026-06-29T14:26:45.094938+00:00,2026-06-01,4,51.629919347008396,48.92200469970703,54.423779884287185,aditivo,1.0,v1.0.0
e8aeb018-f679-5670-b210-de4f62ff2111,43616d97-2221-569d-82eb-bcc14bcd6344,2082733c-4e17-51fe-bc8c-bf33d3ec5d7e,Antiulceroso,2026-06-29T14:26:45.094938+00:00,2026-06-08,5,51.629919347008396,49.162105560302734,54.108599112102205,aditivo,1.0,v1.0.0
e8aeb018-f679-5670-b210-de4f62ff2111,43616d97-2221-569d-82eb-bcc14bcd6344,2082733c-4e17-51fe-bc8c-bf33d3ec5d7e,Antiulceroso,2026-06-29T14:26:45.094938+00:00,2026-06-15,6,51.629919347008396,49.162105560302734,54.10900273948686,aditivo,1.0,v1.0.0
e8aeb018-f679-5670-b210-de4f62ff2111,43616d97-2221-569d-82eb-bcc14bcd6344,2082733c-4e17-51fe-bc8c-bf33d3ec5d7e,Antiulceroso,2026-06-29T14:26:45.094938+00:00,2026-06-22,7,51.629919347008396,49.162105560302734,54.522157063190875,aditivo,1.0,v1.0.0
e8aeb018-f679-5670-b210-de4f62ff2111,43616d97-2221-569d-82eb-bcc14bcd6344,2082733c-4e17-51fe-bc8c-bf33d3ec5d7e,Antiulceroso,2026-06-29T14:26:45.094938+00:00,2026-06-29,8,51.629919347008396,49.162105560302734,54.522786982125076,aditivo,1.0,v1.0.0
e8aeb018-f679-5670-b210-de4f62ff2111,43616d97-2221-569d-82eb-bcc14bcd6344,2082733c-4e17-51fe-bc8c-bf33d3ec5d7e,Antiulceroso,2026-06-29T14:26:45.094938+00:00,2026-07-06,9,51.629919347008396,49.162105560302734,54.52340754627727,aditivo,1.0,v1.0.0
e8aeb018-f679-5670-b210-de4f62ff2111,43616d97-2221-569d-82eb-bcc14bcd6344,2082733c-4e17-51fe-bc8c-bf33d3ec5d7e,Antiulceroso,2026-06-29T14:26:45.094938+00:00,2026-07-13,10,51.629919347008396,49.162105560302734,54.52401896439028,aditivo,1.0,v1.0.0
e8aeb018-f679-5670-b210-de4f62ff2111,43616d97-2221-569d-82eb-bcc14bcd6344,2082733c-4e17-51fe-bc8c-bf33d3ec5d7e,Antiulceroso,2026-06-29T14:26:45.094938+00:00,2026-07-20,11,51.629919347008396,49.162105560302734,54.32782945154312,aditivo,1.0,v1.0.0
e8aeb018-f679-5670-b210-de4f62ff2111,43616d97-2221-569d-82eb-bcc14bcd6344,2082733c-4e17-51fe-bc8c-bf33d3ec5d7e,Antiulceroso,2026-06-29T14:26:45.094938+00:00,2026-07-27,12,51.629919347008396,49.37404251098633,54.29571351589126,aditivo,1.0,v1.0.0
e8aeb018-f679-5670-b210-de4f62ff2111,43616d97-2221-569d-82eb-bcc14bcd6344,22231140-3780-5fe8-a7d4-d33f61d15111,Corticosteroide,2026-06-29T14:26:45.094938+00:00,2026-05-11,1,26.55007043371744,29.218135833740234,26.55007043371744,sarima,0.0,v1.0.0
e8aeb018-f679-5670-b210-de4f62ff2111,43616d97-2221-569d-82eb-bcc14bcd6344,22231140-3780-5fe8-a7d4-d33f61d15111,Corticosteroide,2026-06-29T14:26:45.094938+00:00,2026-05-18,2,26.45353194766504,29.175817489624023,26.45353194766504,sarima,0.0,v1.0.0
e8aeb018-f679-5670-b210-de4f62ff2111,43616d97-2221-569d-82eb-bcc14bcd6344,22231140-3780-5fe8-a7d4-d33f61d15111,Corticosteroide,2026-06-29T14:26:45.094938+00:00,2026-05-25,3,26.366920853241275,30.9386043548584,26.366920853241275,sarima,0.0,v1.0.0
e8aeb018-f679-5670-b210-de4f62ff2111,43616d97-2221-569d-82eb-bcc14bcd6344,22231140-3780-5fe8-a7d4-d33f61d15111,Corticosteroide,2026-06-29T14:26:45.094938+00:00,2026-06-01,4,26.28919040378928,31.505298614501953,26.28919040378928,sarima,0.0,v1.0.0
e8aeb018-f679-5670-b210-de4f62ff2111,43616d97-2221-569d-82eb-bcc14bcd6344,22231140-3780-5fe8-a7d4-d33f61d15111,Corticosteroide,2026-06-29T14:26:45.094938+00:00,2026-06-08,5,26.21940911226679,30.217147827148438,26.21940911226679,sarima,0.0,v1.0.0
e8aeb018-f679-5670-b210-de4f62ff2111,43616d97-2221-569d-82eb-bcc14bcd6344,22231140-3780-5fe8-a7d4-d33f61d15111,Corticosteroide,2026-06-29T14:26:45.094938+00:00,2026-06-15,6,26.156747148258294,30.634654998779297,26.156747148258294,sarima,0.0,v1.0.0
e8aeb018-f679-5670-b210-de4f62ff2111,43616d97-2221-569d-82eb-bcc14bcd6344,22231140-3780-5fe8-a7d4-d33f61d15111,Corticosteroide,2026-06-29T14:26:45.094938+00:00,2026-06-22,7,26.100464505839405,30.52372169494629,26.100464505839405,sarima,0.0,v1.0.0
e8aeb018-f679-5670-b210-de4f62ff2111,43616d97-2221-569d-82eb-bcc14bcd6344,22231140-3780-5fe8-a7d4-d33f61d15111,Corticosteroide,2026-06-29T14:26:45.094938+00:00,2026-06-29,8,26.049900683016666,30.066795349121094,26.049900683016666,sarima,0.0,v1.0.0
e8aeb018-f679-5670-b210-de4f62ff2111,43616d97-2221-569d-82eb-bcc14bcd6344,22231140-3780-5fe8-a7d4-d33f61d15111,Corticosteroide,2026-06-29T14:26:45.094938+00:00,2026-07-06,9,26.004465656151734,30.145906448364258,26.004465656151734,sarima,0.0,v1.0.0
e8aeb018-f679-5670-b210-de4f62ff2111,43616d97-2221-569d-82eb-bcc14bcd6344,22231140-3780-5fe8-a7d4-d33f61d15111,Corticosteroide,2026-06-29T14:26:45.094938+00:00,2026-07-13,10,25.96363196769546,30.23891830444336,25.96363196769546,sarima,0.0,v1.0.0
e8aeb018-f679-5670-b210-de4f62ff2111,43616d97-2221-569d-82eb-bcc14bcd6344,22231140-3780-5fe8-a7d4-d33f61d15111,Corticosteroide,2026-06-29T14:26:45.094938+00:00,2026-07-20,11,25.92692777423543,30.145906448364258,25.92692777423543,sarima,0.0,v1.0.0
e8aeb018-f679-5670-b210-de4f62ff2111,43616d97-2221-569d-82eb-bcc14bcd6344,22231140-3780-5fe8-a7d4-d33f61d15111,Corticosteroide,2026-06-29T14:26:45.094938+00:00,2026-07-27,12,25.893930725509957,29.855812072753906,25.893930725509957,sarima,0.0,v1.0.0
e8aeb018-f679-5670-b210-de4f62ff2111,43616d97-2221-569d-82eb-bcc14bcd6344,2897aac2-f219-5167-b800-73fac27f6b85,Broncodilatador,2026-06-29T14:26:45.094938+00:00,2026-05-11,1,41.68857177156466,42.601661682128906,46.527118559384874,aditivo,0.8,v1.0.0
e8aeb018-f679-5670-b210-de4f62ff2111,43616d97-2221-569d-82eb-bcc14bcd6344,2897aac2-f219-5167-b800-73fac27f6b85,Broncodilatador,2026-06-29T14:26:45.094938+00:00,2026-05-18,2,41.25524807862625,42.66802215576172,43.97363699190314,aditivo,0.8,v1.0.0
e8aeb018-f679-5670-b210-de4f62ff2111,43616d97-2221-569d-82eb-bcc14bcd6344,2897aac2-f219-5167-b800-73fac27f6b85,Broncodilatador,2026-06-29T14:26:45.094938+00:00,2026-05-25,3,40.86967188824976,42.56230926513672,45.715789277726564,aditivo,0.8,v1.0.0
e8aeb018-f679-5670-b210-de4f62ff2111,43616d97-2221-569d-82eb-bcc14bcd6344,2897aac2-f219-5167-b800-73fac27f6b85,Broncodilatador,2026-06-29T14:26:45.094938+00:00,2026-06-01,4,40.52624437603852,42.46572494506836,43.1576237744961,aditivo,0.8,v1.0.0
e8aeb018-f679-5670-b210-de4f62ff2111,43616d97-2221-569d-82eb-bcc14bcd6344,2897aac2-f219-5167-b800-73fac27f6b85,Broncodilatador,2026-06-29T14:26:45.094938+00:00,2026-06-08,5,40.22008772865922,42.46572494506836,42.852389016199794,aditivo,0.8,v1.0.0
e8aeb018-f679-5670-b210-de4f62ff2111,43616d97-2221-569d-82eb-bcc14bcd6344,2897aac2-f219-5167-b800-73fac27f6b85,Broncodilatador,2026-06-29T14:26:45.094938+00:00,2026-06-15,6,39.946940328251344,42.35797882080078,42.57999723601883,aditivo,0.8,v1.0.0
e8aeb018-f679-5670-b210-de4f62ff2111,43616d97-2221-569d-82eb-bcc14bcd6344,2897aac2-f219-5167-b800-73fac27f6b85,Broncodilatador,2026-06-29T14:26:45.094938+00:00,2026-06-22,7,39.703069299504406,42.35797882080078,41.881044506393586,aditivo,0.8,v1.0.0
e8aeb018-f679-5670-b210-de4f62ff2111,43616d97-2221-569d-82eb-bcc14bcd6344,2897aac2-f219-5167-b800-73fac27f6b85,Broncodilatador,2026-06-29T14:26:45.094938+00:00,2026-06-29,8,39.48519718089742,41.797218322753906,41.48258979341142,aditivo,0.8,v1.0.0
e8aeb018-f679-5670-b210-de4f62ff2111,43616d97-2221-569d-82eb-bcc14bcd6344,2897aac2-f219-5167-b800-73fac27f6b85,Broncodilatador,2026-06-29T14:26:45.094938+00:00,2026-07-06,9,39.290440147152104,41.882808685302734,41.059549890758795,aditivo,0.8,v1.0.0
e8aeb018-f679-5670-b210-de4f62ff2111,43616d97-2221-569d-82eb-bcc14bcd6344,2897aac2-f219-5167-b800-73fac27f6b85,Broncodilatador,2026-06-29T14:26:45.094938+00:00,2026-07-13,10,39.11625572764927,41.86349105834961,42.88932442793232,aditivo,0.8,v1.0.0
e8aeb018-f679-5670-b210-de4f62ff2111,43616d97-2221-569d-82eb-bcc14bcd6344,2897aac2-f219-5167-b800-73fac27f6b85,Broncodilatador,2026-06-29T14:26:45.094938+00:00,2026-07-20,11,38.960398370470806,41.69007110595703,40.39022615792813,aditivo,0.8,v1.0.0
e8aeb018-f679-5670-b210-de4f62ff2111,43616d97-2221-569d-82eb-bcc14bcd6344,2897aac2-f219-5167-b800-73fac27f6b85,Broncodilatador,2026-06-29T14:26:45.094938+00:00,2026-07-27,12,38.82088152010993,41.17972946166992,40.250456771592056,aditivo,0.8,v1.0.0
e8aeb018-f679-5670-b210-de4f62ff2111,43616d97-2221-569d-82eb-bcc14bcd6344,2933d8b7-2438-521b-b38d-d3a5224f87fc,Analgésico,2026-06-29T14:26:45.094938+00:00,2026-05-11,1,97.63506777354701,73.27986145019531,97.10566069867329,aditivo,1.5,v1.0.0
e8aeb018-f679-5670-b210-de4f62ff2111,43616d97-2221-569d-82eb-bcc14bcd6344,2933d8b7-2438-521b-b38d-d3a5224f87fc,Analgésico,2026-06-29T14:26:45.094938+00:00,2026-05-18,2,82.18692659641628,74.67313385009766,89.28105965216578,aditivo,1.5,v1.0.0
e8aeb018-f679-5670-b210-de4f62ff2111,43616d97-2221-569d-82eb-bcc14bcd6344,2933d8b7-2438-521b-b38d-d3a5224f87fc,Analgésico,2026-06-29T14:26:45.094938+00:00,2026-05-25,3,77.22320168620129,75.8648452758789,86.52964849922316,aditivo,1.5,v1.0.0
e8aeb018-f679-5670-b210-de4f62ff2111,43616d97-2221-569d-82eb-bcc14bcd6344,2933d8b7-2438-521b-b38d-d3a5224f87fc,Analgésico,2026-06-29T14:26:45.094938+00:00,2026-06-01,4,84.37772961430579,85.32147216796875,100.68937678207979,aditivo,1.5,v1.0.0
e8aeb018-f679-5670-b210-de4f62ff2111,43616d97-2221-569d-82eb-bcc14bcd6344,2933d8b7-2438-521b-b38d-d3a5224f87fc,Analgésico,2026-06-29T14:26:45.094938+00:00,2026-06-08,5,83.56351580989731,85.32147216796875,104.50245918969512,aditivo,1.5,v1.0.0
e8aeb018-f679-5670-b210-de4f62ff2111,43616d97-2221-569d-82eb-bcc14bcd6344,2933d8b7-2438-521b-b38d-d3a5224f87fc,Analgésico,2026-06-29T14:26:45.094938+00:00,2026-06-15,6,78.50603271847693,82.29035186767578,104.82712306659968,aditivo,1.5,v1.0.0
e8aeb018-f679-5670-b210-de4f62ff2111,43616d97-2221-569d-82eb-bcc14bcd6344,2933d8b7-2438-521b-b38d-d3a5224f87fc,Analgésico,2026-06-29T14:26:45.094938+00:00,2026-06-22,7,76.23925365544268,83.567138671875,103.29538988119674,aditivo,1.5,v1.0.0
e8aeb018-f679-5670-b210-de4f62ff2111,43616d97-2221-569d-82eb-bcc14bcd6344,2933d8b7-2438-521b-b38d-d3a5224f87fc,Analgésico,2026-06-29T14:26:45.094938+00:00,2026-06-29,8,79.78561829560688,86.64472198486328,107.41383295056164,aditivo,1.5,v1.0.0
e8aeb018-f679-5670-b210-de4f62ff2111,43616d97-2221-569d-82eb-bcc14bcd6344,2933d8b7-2438-521b-b38d-d3a5224f87fc,Analgésico,2026-06-29T14:26:45.094938+00:00,2026-07-06,9,77.02774216600432,86.64472198486328,104.71730511562231,aditivo,1.5,v1.0.0
e8aeb018-f679-5670-b210-de4f62ff2111,43616d97-2221-569d-82eb-bcc14bcd6344,2933d8b7-2438-521b-b38d-d3a5224f87fc,Analgésico,2026-06-29T14:26:45.094938+00:00,2026-07-13,10,72.78740852282746,86.64472198486328,100.53060741553709,aditivo,1.5,v1.0.0
e8aeb018-f679-5670-b210-de4f62ff2111,43616d97-2221-569d-82eb-bcc14bcd6344,2933d8b7-2438-521b-b38d-d3a5224f87fc,Analgésico,2026-06-29T14:26:45.094938+00:00,2026-07-20,11,77.87280016918473,78.98101043701172,89.29932898795151,aditivo,1.5,v1.0.0
e8aeb018-f679-5670-b210-de4f62ff2111,43616d97-2221-569d-82eb-bcc14bcd6344,2933d8b7-2438-521b-b38d-d3a5224f87fc,Analgésico,2026-06-29T14:26:45.094938+00:00,2026-07-27,12,77.72482040165305,77.72866821289062,86.92722913368631,aditivo,1.5,v1.0.0
e8aeb018-f679-5670-b210-de4f62ff2111,43616d97-2221-569d-82eb-bcc14bcd6344,2eb3a104-e572-583a-afa0-156ee0dc4cce,Antihipertensivo,2026-06-29T14:26:45.094938+00:00,2026-05-11,1,64.82692005488006,59.18442153930664,66.5342379473239,aditivo,0.6,v1.0.0
e8aeb018-f679-5670-b210-de4f62ff2111,43616d97-2221-569d-82eb-bcc14bcd6344,2eb3a104-e572-583a-afa0-156ee0dc4cce,Antihipertensivo,2026-06-29T14:26:45.094938+00:00,2026-05-18,2,59.825878076091044,58.989620208740234,61.75576137075691,aditivo,0.6,v1.0.0
e8aeb018-f679-5670-b210-de4f62ff2111,43616d97-2221-569d-82eb-bcc14bcd6344,2eb3a104-e572-583a-afa0-156ee0dc4cce,Antihipertensivo,2026-06-29T14:26:45.094938+00:00,2026-05-25,3,57.68161202631996,59.11687469482422,59.696924976929466,aditivo,0.6,v1.0.0
e8aeb018-f679-5670-b210-de4f62ff2111,43616d97-2221-569d-82eb-bcc14bcd6344,2eb3a104-e572-583a-afa0-156ee0dc4cce,Antihipertensivo,2026-06-29T14:26:45.094938+00:00,2026-06-01,4,58.54432313338441,58.98970413208008,60.473148079988256,aditivo,0.6,v1.0.0
e8aeb018-f679-5670-b210-de4f62ff2111,43616d97-2221-569d-82eb-bcc14bcd6344,2eb3a104-e572-583a-afa0-156ee0dc4cce,Antihipertensivo,2026-06-29T14:26:45.094938+00:00,2026-06-08,5,59.528409660823655,58.98970413208008,63.24977169803342,aditivo,0.6,v1.0.0
e8aeb018-f679-5670-b210-de4f62ff2111,43616d97-2221-569d-82eb-bcc14bcd6344,2eb3a104-e572-583a-afa0-156ee0dc4cce,Antihipertensivo,2026-06-29T14:26:45.094938+00:00,2026-06-15,6,59.605943940730405,58.86996841430664,61.53428779519503,aditivo,0.6,v1.0.0
e8aeb018-f679-5670-b210-de4f62ff2111,43616d97-2221-569d-82eb-bcc14bcd6344,2eb3a104-e572-583a-afa0-156ee0dc4cce,Antihipertensivo,2026-06-29T14:26:45.094938+00:00,2026-06-22,7,59.50347291697627,58.86996841430664,61.500395729993805,aditivo,0.6,v1.0.0
e8aeb018-f679-5670-b210-de4f62ff2111,43616d97-2221-569d-82eb-bcc14bcd6344,2eb3a104-e572-583a-afa0-156ee0dc4cce,Antihipertensivo,2026-06-29T14:26:45.094938+00:00,2026-06-29,8,59.50347291697627,58.86996841430664,61.500068484866105,aditivo,0.6,v1.0.0
e8aeb018-f679-5670-b210-de4f62ff2111,43616d97-2221-569d-82eb-bcc14bcd6344,2eb3a104-e572-583a-afa0-156ee0dc4cce,Antihipertensivo,2026-06-29T14:26:45.094938+00:00,2026-07-06,9,59.50347291697627,58.86996841430664,61.690849964285675,aditivo,0.6,v1.0.0
e8aeb018-f679-5670-b210-de4f62ff2111,43616d97-2221-569d-82eb-bcc14bcd6344,2eb3a104-e572-583a-afa0-156ee0dc4cce,Antihipertensivo,2026-06-29T14:26:45.094938+00:00,2026-07-13,10,59.50347291697627,58.86996841430664,61.754561177325456,aditivo,0.6,v1.0.0
e8aeb018-f679-5670-b210-de4f62ff2111,43616d97-2221-569d-82eb-bcc14bcd6344,2eb3a104-e572-583a-afa0-156ee0dc4cce,Antihipertensivo,2026-06-29T14:26:45.094938+00:00,2026-07-20,11,59.50347291697627,59.07294464111328,61.53829913270787,aditivo,0.6,v1.0.0
e8aeb018-f679-5670-b210-de4f62ff2111,43616d97-2221-569d-82eb-bcc14bcd6344,2eb3a104-e572-583a-afa0-156ee0dc4cce,Antihipertensivo,2026-06-29T14:26:45.094938+00:00,2026-07-27,12,59.50347291697627,59.07294464111328,61.53799353216859,aditivo,0.6,v1.0.0
e8aeb018-f679-5670-b210-de4f62ff2111,43616d97-2221-569d-82eb-bcc14bcd6344,38adf7ba-476e-5e6b-9163-781a13538253,Antihistamínico,2026-06-29T14:26:45.094938+00:00,2026-05-11,1,76.45905779448037,80.37125396728516,76.45905779448037,sarima,0.0,v1.0.0
e8aeb018-f679-5670-b210-de4f62ff2111,43616d97-2221-569d-82eb-bcc14bcd6344,38adf7ba-476e-5e6b-9163-781a13538253,Antihistamínico,2026-06-29T14:26:45.094938+00:00,2026-05-18,2,78.01436882606188,80.53388214111328,78.01436882606188,sarima,0.0,v1.0.0
e8aeb018-f679-5670-b210-de4f62ff2111,43616d97-2221-569d-82eb-bcc14bcd6344,38adf7ba-476e-5e6b-9163-781a13538253,Antihistamínico,2026-06-29T14:26:45.094938+00:00,2026-05-25,3,79.46463049728912,77.8770523071289,79.46463049728912,sarima,0.0,v1.0.0
e8aeb018-f679-5670-b210-de4f62ff2111,43616d97-2221-569d-82eb-bcc14bcd6344,38adf7ba-476e-5e6b-9163-781a13538253,Antihistamínico,2026-06-29T14:26:45.094938+00:00,2026-06-01,4,80.81474945392277,77.8770523071289,80.81474945392277,sarima,0.0,v1.0.0
e8aeb018-f679-5670-b210-de4f62ff2111,43616d97-2221-569d-82eb-bcc14bcd6344,38adf7ba-476e-5e6b-9163-781a13538253,Antihistamínico,2026-06-29T14:26:45.094938+00:00,2026-06-08,5,82.06977947179831,79.06968688964844,82.06977947179831,sarima,0.0,v1.0.0
e8aeb018-f679-5670-b210-de4f62ff2111,43616d97-2221-569d-82eb-bcc14bcd6344,38adf7ba-476e-5e6b-9163-781a13538253,Antihistamínico,2026-06-29T14:26:45.094938+00:00,2026-06-15,6,83.23483701017679,78.69673919677734,83.23483701017679,sarima,0.0,v1.0.0
e8aeb018-f679-5670-b210-de4f62ff2111,43616d97-2221-569d-82eb-bcc14bcd6344,38adf7ba-476e-5e6b-9163-781a13538253,Antihistamínico,2026-06-29T14:26:45.094938+00:00,2026-06-22,7,84.31503142587476,79.21609497070312,84.31503142587476,sarima,0.0,v1.0.0
e8aeb018-f679-5670-b210-de4f62ff2111,43616d97-2221-569d-82eb-bcc14bcd6344,38adf7ba-476e-5e6b-9163-781a13538253,Antihistamínico,2026-06-29T14:26:45.094938+00:00,2026-06-29,8,85.31540824650055,79.29546356201172,85.31540824650055,sarima,0.0,v1.0.0
e8aeb018-f679-5670-b210-de4f62ff2111,43616d97-2221-569d-82eb-bcc14bcd6344,38adf7ba-476e-5e6b-9163-781a13538253,Antihistamínico,2026-06-29T14:26:45.094938+00:00,2026-07-06,9,86.24090392919543,79.29546356201172,86.24090392919543,sarima,0.0,v1.0.0
e8aeb018-f679-5670-b210-de4f62ff2111,43616d97-2221-569d-82eb-bcc14bcd6344,38adf7ba-476e-5e6b-9163-781a13538253,Antihistamínico,2026-06-29T14:26:45.094938+00:00,2026-07-13,10,87.09631060349916,81.8157958984375,87.09631060349916,sarima,0.0,v1.0.0
e8aeb018-f679-5670-b210-de4f62ff2111,43616d97-2221-569d-82eb-bcc14bcd6344,38adf7ba-476e-5e6b-9163-781a13538253,Antihistamínico,2026-06-29T14:26:45.094938+00:00,2026-07-20,11,87.88624939787711,81.4300537109375,87.88624939787711,sarima,0.0,v1.0.0
e8aeb018-f679-5670-b210-de4f62ff2111,43616d97-2221-569d-82eb-bcc14bcd6344,38adf7ba-476e-5e6b-9163-781a13538253,Antihistamínico,2026-06-29T14:26:45.094938+00:00,2026-07-27,12,88.61515106710529,81.8157958984375,88.61515106710529,sarima,0.0,v1.0.0
e8aeb018-f679-5670-b210-de4f62ff2111,43616d97-2221-569d-82eb-bcc14bcd6344,4d9429b6-2ebf-5b5d-ac48-f779d5a1e270,Antibiótico,2026-06-29T14:26:45.094938+00:00,2026-05-11,1,16.899884034346865,20.95768165588379,16.899884034346865,sarima,0.0,v1.0.0
e8aeb018-f679-5670-b210-de4f62ff2111,43616d97-2221-569d-82eb-bcc14bcd6344,4d9429b6-2ebf-5b5d-ac48-f779d5a1e270,Antibiótico,2026-06-29T14:26:45.094938+00:00,2026-05-18,2,18.46771284840224,20.68183135986328,18.46771284840224,sarima,0.0,v1.0.0
e8aeb018-f679-5670-b210-de4f62ff2111,43616d97-2221-569d-82eb-bcc14bcd6344,4d9429b6-2ebf-5b5d-ac48-f779d5a1e270,Antibiótico,2026-06-29T14:26:45.094938+00:00,2026-05-25,3,18.46771284840224,20.699596405029297,18.46771284840224,sarima,0.0,v1.0.0
e8aeb018-f679-5670-b210-de4f62ff2111,43616d97-2221-569d-82eb-bcc14bcd6344,4d9429b6-2ebf-5b5d-ac48-f779d5a1e270,Antibiótico,2026-06-29T14:26:45.094938+00:00,2026-06-01,4,18.46771284840224,20.71757698059082,18.46771284840224,sarima,0.0,v1.0.0
e8aeb018-f679-5670-b210-de4f62ff2111,43616d97-2221-569d-82eb-bcc14bcd6344,4d9429b6-2ebf-5b5d-ac48-f779d5a1e270,Antibiótico,2026-06-29T14:26:45.094938+00:00,2026-06-08,5,18.46771284840224,19.970762252807617,18.46771284840224,sarima,0.0,v1.0.0
e8aeb018-f679-5670-b210-de4f62ff2111,43616d97-2221-569d-82eb-bcc14bcd6344,4d9429b6-2ebf-5b5d-ac48-f779d5a1e270,Antibiótico,2026-06-29T14:26:45.094938+00:00,2026-06-15,6,18.46771284840224,20.296768188476562,18.46771284840224,sarima,0.0,v1.0.0
e8aeb018-f679-5670-b210-de4f62ff2111,43616d97-2221-569d-82eb-bcc14bcd6344,4d9429b6-2ebf-5b5d-ac48-f779d5a1e270,Antibiótico,2026-06-29T14:26:45.094938+00:00,2026-06-22,7,18.46771284840224,20.118696212768555,18.46771284840224,sarima,0.0,v1.0.0
e8aeb018-f679-5670-b210-de4f62ff2111,43616d97-2221-569d-82eb-bcc14bcd6344,4d9429b6-2ebf-5b5d-ac48-f779d5a1e270,Antibiótico,2026-06-29T14:26:45.094938+00:00,2026-06-29,8,18.46771284840224,19.287240982055664,18.46771284840224,sarima,0.0,v1.0.0
e8aeb018-f679-5670-b210-de4f62ff2111,43616d97-2221-569d-82eb-bcc14bcd6344,4d9429b6-2ebf-5b5d-ac48-f779d5a1e270,Antibiótico,2026-06-29T14:26:45.094938+00:00,2026-07-06,9,18.46771284840224,19.244150161743164,18.46771284840224,sarima,0.0,v1.0.0
e8aeb018-f679-5670-b210-de4f62ff2111,43616d97-2221-569d-82eb-bcc14bcd6344,4d9429b6-2ebf-5b5d-ac48-f779d5a1e270,Antibiótico,2026-06-29T14:26:45.094938+00:00,2026-07-13,10,18.46771284840224,19.565994262695312,18.46771284840224,sarima,0.0,v1.0.0
e8aeb018-f679-5670-b210-de4f62ff2111,43616d97-2221-569d-82eb-bcc14bcd6344,4d9429b6-2ebf-5b5d-ac48-f779d5a1e270,Antibiótico,2026-06-29T14:26:45.094938+00:00,2026-07-20,11,18.46771284840224,19.565994262695312,18.46771284840224,sarima,0.0,v1.0.0
e8aeb018-f679-5670-b210-de4f62ff2111,43616d97-2221-569d-82eb-bcc14bcd6344,4d9429b6-2ebf-5b5d-ac48-f779d5a1e270,Antibiótico,2026-06-29T14:26:45.094938+00:00,2026-07-27,12,18.46771284840224,19.365739822387695,18.46771284840224,sarima,0.0,v1.0.0
e8aeb018-f679-5670-b210-de4f62ff2111,43616d97-2221-569d-82eb-bcc14bcd6344,5bbfdec8-65ae-59e6-b211-5eccb5b765fa,Analgésico,2026-06-29T14:26:45.094938+00:00,2026-05-11,1,78.36565644884234,73.5838851928711,83.96246916327877,aditivo,1.5,v1.0.0
e8aeb018-f679-5670-b210-de4f62ff2111,43616d97-2221-569d-82eb-bcc14bcd6344,5bbfdec8-65ae-59e6-b211-5eccb5b765fa,Analgésico,2026-06-29T14:26:45.094938+00:00,2026-05-18,2,78.12586628195304,74.6290512084961,86.66976685663333,aditivo,1.5,v1.0.0
e8aeb018-f679-5670-b210-de4f62ff2111,43616d97-2221-569d-82eb-bcc14bcd6344,5bbfdec8-65ae-59e6-b211-5eccb5b765fa,Analgésico,2026-06-29T14:26:45.094938+00:00,2026-05-25,3,77.91809506350927,75.10247802734375,84.26684054978733,aditivo,1.5,v1.0.0
e8aeb018-f679-5670-b210-de4f62ff2111,43616d97-2221-569d-82eb-bcc14bcd6344,5bbfdec8-65ae-59e6-b211-5eccb5b765fa,Analgésico,2026-06-29T14:26:45.094938+00:00,2026-06-01,4,77.73800059448185,77.53863525390625,88.35452011011812,aditivo,1.5,v1.0.0
e8aeb018-f679-5670-b210-de4f62ff2111,43616d97-2221-569d-82eb-bcc14bcd6344,5bbfdec8-65ae-59e6-b211-5eccb5b765fa,Analgésico,2026-06-29T14:26:45.094938+00:00,2026-06-08,5,77.58184583167625,80.22948455810547,91.91647549567445,aditivo,1.5,v1.0.0
e8aeb018-f679-5670-b210-de4f62ff2111,43616d97-2221-569d-82eb-bcc14bcd6344,5bbfdec8-65ae-59e6-b211-5eccb5b765fa,Analgésico,2026-06-29T14:26:45.094938+00:00,2026-06-15,6,77.44641060732307,81.7464828491211,96.16048434678252,aditivo,1.5,v1.0.0
e8aeb018-f679-5670-b210-de4f62ff2111,43616d97-2221-569d-82eb-bcc14bcd6344,5bbfdec8-65ae-59e6-b211-5eccb5b765fa,Analgésico,2026-06-29T14:26:45.094938+00:00,2026-06-22,7,77.32891716346869,75.8648452758789,88.53814083574593,aditivo,1.5,v1.0.0
e8aeb018-f679-5670-b210-de4f62ff2111,43616d97-2221-569d-82eb-bcc14bcd6344,5bbfdec8-65ae-59e6-b211-5eccb5b765fa,Analgésico,2026-06-29T14:26:45.094938+00:00,2026-06-29,8,77.22696712393628,75.10247802734375,86.58086866785304,aditivo,1.5,v1.0.0
e8aeb018-f679-5670-b210-de4f62ff2111,43616d97-2221-569d-82eb-bcc14bcd6344,5bbfdec8-65ae-59e6-b211-5eccb5b765fa,Analgésico,2026-06-29T14:26:45.094938+00:00,2026-07-06,9,77.13848798285947,76.3803939819336,85.94065967870085,aditivo,1.5,v1.0.0
e8aeb018-f679-5670-b210-de4f62ff2111,43616d97-2221-569d-82eb-bcc14bcd6344,5bbfdec8-65ae-59e6-b211-5eccb5b765fa,Analgésico,2026-06-29T14:26:45.094938+00:00,2026-07-13,10,77.0616875477422,76.7596664428711,85.86821148764234,aditivo,1.5,v1.0.0
e8aeb018-f679-5670-b210-de4f62ff2111,43616d97-2221-569d-82eb-bcc14bcd6344,5bbfdec8-65ae-59e6-b211-5eccb5b765fa,Analgésico,2026-06-29T14:26:45.094938+00:00,2026-07-20,11,76.9950150593174,74.80260467529297,84.24426621582435,aditivo,1.5,v1.0.0
e8aeb018-f679-5670-b210-de4f62ff2111,43616d97-2221-569d-82eb-bcc14bcd6344,5bbfdec8-65ae-59e6-b211-5eccb5b765fa,Analgésico,2026-06-29T14:26:45.094938+00:00,2026-07-27,12,76.9371279371722,74.80260467529297,82.05398698482763,aditivo,1.5,v1.0.0
e8aeb018-f679-5670-b210-de4f62ff2111,43616d97-2221-569d-82eb-bcc14bcd6344,6baabed2-52d7-5cb7-bf74-86c7cb3e4f07,Suplemento,2026-06-29T14:26:45.094938+00:00,2026-05-11,1,52.10093125403507,51.78791809082031,52.10093125403507,sarima,0.0,v1.0.0
e8aeb018-f679-5670-b210-de4f62ff2111,43616d97-2221-569d-82eb-bcc14bcd6344,6baabed2-52d7-5cb7-bf74-86c7cb3e4f07,Suplemento,2026-06-29T14:26:45.094938+00:00,2026-05-18,2,52.10093125403507,50.46924591064453,52.10093125403507,sarima,0.0,v1.0.0
e8aeb018-f679-5670-b210-de4f62ff2111,43616d97-2221-569d-82eb-bcc14bcd6344,6baabed2-52d7-5cb7-bf74-86c7cb3e4f07,Suplemento,2026-06-29T14:26:45.094938+00:00,2026-05-25,3,52.10093125403507,51.78791809082031,52.10093125403507,sarima,0.0,v1.0.0
e8aeb018-f679-5670-b210-de4f62ff2111,43616d97-2221-569d-82eb-bcc14bcd6344,6baabed2-52d7-5cb7-bf74-86c7cb3e4f07,Suplemento,2026-06-29T14:26:45.094938+00:00,2026-06-01,4,52.10093125403507,51.78791809082031,52.10093125403507,sarima,0.0,v1.0.0
e8aeb018-f679-5670-b210-de4f62ff2111,43616d97-2221-569d-82eb-bcc14bcd6344,6baabed2-52d7-5cb7-bf74-86c7cb3e4f07,Suplemento,2026-06-29T14:26:45.094938+00:00,2026-06-08,5,52.10093125403507,51.78791809082031,52.10093125403507,sarima,0.0,v1.0.0
e8aeb018-f679-5670-b210-de4f62ff2111,43616d97-2221-569d-82eb-bcc14bcd6344,6baabed2-52d7-5cb7-bf74-86c7cb3e4f07,Suplemento,2026-06-29T14:26:45.094938+00:00,2026-06-15,6,52.10093125403507,48.924171447753906,52.10093125403507,sarima,0.0,v1.0.0
e8aeb018-f679-5670-b210-de4f62ff2111,43616d97-2221-569d-82eb-bcc14bcd6344,6baabed2-52d7-5cb7-bf74-86c7cb3e4f07,Suplemento,2026-06-29T14:26:45.094938+00:00,2026-06-22,7,52.10093125403507,48.924171447753906,52.10093125403507,sarima,0.0,v1.0.0
e8aeb018-f679-5670-b210-de4f62ff2111,43616d97-2221-569d-82eb-bcc14bcd6344,6baabed2-52d7-5cb7-bf74-86c7cb3e4f07,Suplemento,2026-06-29T14:26:45.094938+00:00,2026-06-29,8,52.10093125403507,48.924171447753906,52.10093125403507,sarima,0.0,v1.0.0
e8aeb018-f679-5670-b210-de4f62ff2111,43616d97-2221-569d-82eb-bcc14bcd6344,6baabed2-52d7-5cb7-bf74-86c7cb3e4f07,Suplemento,2026-06-29T14:26:45.094938+00:00,2026-07-06,9,52.10093125403507,48.924171447753906,52.10093125403507,sarima,0.0,v1.0.0
e8aeb018-f679-5670-b210-de4f62ff2111,43616d97-2221-569d-82eb-bcc14bcd6344,6baabed2-52d7-5cb7-bf74-86c7cb3e4f07,Suplemento,2026-06-29T14:26:45.094938+00:00,2026-07-13,10,52.10093125403507,48.924171447753906,52.10093125403507,sarima,0.0,v1.0.0
e8aeb018-f679-5670-b210-de4f62ff2111,43616d97-2221-569d-82eb-bcc14bcd6344,6baabed2-52d7-5cb7-bf74-86c7cb3e4f07,Suplemento,2026-06-29T14:26:45.094938+00:00,2026-07-20,11,52.10093125403507,48.924171447753906,52.10093125403507,sarima,0.0,v1.0.0
e8aeb018-f679-5670-b210-de4f62ff2111,43616d97-2221-569d-82eb-bcc14bcd6344,6baabed2-52d7-5cb7-bf74-86c7cb3e4f07,Suplemento,2026-06-29T14:26:45.094938+00:00,2026-07-27,12,52.10093125403507,48.924171447753906,52.10093125403507,sarima,0.0,v1.0.0
e8aeb018-f679-5670-b210-de4f62ff2111,43616d97-2221-569d-82eb-bcc14bcd6344,6d807393-f4ab-5f76-b544-251eeda27ba3,Antiinflamatorio,2026-06-29T14:26:45.094938+00:00,2026-05-11,1,88.83116791945919,76.50102996826172,88.83116791945919,sarima,0.0,v1.0.0
e8aeb018-f679-5670-b210-de4f62ff2111,43616d97-2221-569d-82eb-bcc14bcd6344,6d807393-f4ab-5f76-b544-251eeda27ba3,Antiinflamatorio,2026-06-29T14:26:45.094938+00:00,2026-05-18,2,82.04872671023081,74.05331420898438,82.04872671023081,sarima,0.0,v1.0.0
e8aeb018-f679-5670-b210-de4f62ff2111,43616d97-2221-569d-82eb-bcc14bcd6344,6d807393-f4ab-5f76-b544-251eeda27ba3,Antiinflamatorio,2026-06-29T14:26:45.094938+00:00,2026-05-25,3,82.8790071596407,74.80516815185547,82.8790071596407,sarima,0.0,v1.0.0
e8aeb018-f679-5670-b210-de4f62ff2111,43616d97-2221-569d-82eb-bcc14bcd6344,6d807393-f4ab-5f76-b544-251eeda27ba3,Antiinflamatorio,2026-06-29T14:26:45.094938+00:00,2026-06-01,4,82.45421390969828,73.757568359375,82.45421390969828,sarima,0.0,v1.0.0
e8aeb018-f679-5670-b210-de4f62ff2111,43616d97-2221-569d-82eb-bcc14bcd6344,6d807393-f4ab-5f76-b544-251eeda27ba3,Antiinflamatorio,2026-06-29T14:26:45.094938+00:00,2026-06-08,5,83.34219033898006,73.757568359375,83.34219033898006,sarima,0.0,v1.0.0
e8aeb018-f679-5670-b210-de4f62ff2111,43616d97-2221-569d-82eb-bcc14bcd6344,6d807393-f4ab-5f76-b544-251eeda27ba3,Antiinflamatorio,2026-06-29T14:26:45.094938+00:00,2026-06-15,6,83.34219033898006,73.757568359375,83.34219033898006,sarima,0.0,v1.0.0
e8aeb018-f679-5670-b210-de4f62ff2111,43616d97-2221-569d-82eb-bcc14bcd6344,6d807393-f4ab-5f76-b544-251eeda27ba3,Antiinflamatorio,2026-06-29T14:26:45.094938+00:00,2026-06-22,7,83.34219033898006,73.757568359375,83.34219033898006,sarima,0.0,v1.0.0
e8aeb018-f679-5670-b210-de4f62ff2111,43616d97-2221-569d-82eb-bcc14bcd6344,6d807393-f4ab-5f76-b544-251eeda27ba3,Antiinflamatorio,2026-06-29T14:26:45.094938+00:00,2026-06-29,8,83.34219033898006,73.757568359375,83.34219033898006,sarima,0.0,v1.0.0
e8aeb018-f679-5670-b210-de4f62ff2111,43616d97-2221-569d-82eb-bcc14bcd6344,6d807393-f4ab-5f76-b544-251eeda27ba3,Antiinflamatorio,2026-06-29T14:26:45.094938+00:00,2026-07-06,9,83.34219033898006,73.757568359375,83.34219033898006,sarima,0.0,v1.0.0
e8aeb018-f679-5670-b210-de4f62ff2111,43616d97-2221-569d-82eb-bcc14bcd6344,6d807393-f4ab-5f76-b544-251eeda27ba3,Antiinflamatorio,2026-06-29T14:26:45.094938+00:00,2026-07-13,10,83.34219033898006,73.757568359375,83.34219033898006,sarima,0.0,v1.0.0
e8aeb018-f679-5670-b210-de4f62ff2111,43616d97-2221-569d-82eb-bcc14bcd6344,6d807393-f4ab-5f76-b544-251eeda27ba3,Antiinflamatorio,2026-06-29T14:26:45.094938+00:00,2026-07-20,11,83.34219033898006,73.757568359375,83.34219033898006,sarima,0.0,v1.0.0
e8aeb018-f679-5670-b210-de4f62ff2111,43616d97-2221-569d-82eb-bcc14bcd6344,6d807393-f4ab-5f76-b544-251eeda27ba3,Antiinflamatorio,2026-06-29T14:26:45.094938+00:00,2026-07-27,12,83.34219033898006,73.757568359375,83.34219033898006,sarima,0.0,v1.0.0
e8aeb018-f679-5670-b210-de4f62ff2111,43616d97-2221-569d-82eb-bcc14bcd6344,82cd11ba-d1a0-58b1-b14f-edd741f36e87,Antibiótico,2026-06-29T14:26:45.094938+00:00,2026-05-11,1,68.25782740668669,69.09735870361328,68.25782740668669,sarima,0.0,v1.0.0
e8aeb018-f679-5670-b210-de4f62ff2111,43616d97-2221-569d-82eb-bcc14bcd6344,82cd11ba-d1a0-58b1-b14f-edd741f36e87,Antibiótico,2026-06-29T14:26:45.094938+00:00,2026-05-18,2,77.04263457014096,73.23368835449219,77.04263457014096,sarima,0.0,v1.0.0
e8aeb018-f679-5670-b210-de4f62ff2111,43616d97-2221-569d-82eb-bcc14bcd6344,82cd11ba-d1a0-58b1-b14f-edd741f36e87,Antibiótico,2026-06-29T14:26:45.094938+00:00,2026-05-25,3,70.27783323978925,70.91525268554688,70.27783323978925,sarima,0.0,v1.0.0
e8aeb018-f679-5670-b210-de4f62ff2111,43616d97-2221-569d-82eb-bcc14bcd6344,82cd11ba-d1a0-58b1-b14f-edd741f36e87,Antibiótico,2026-06-29T14:26:45.094938+00:00,2026-06-01,4,72.81656424053479,69.09735870361328,72.81656424053479,sarima,0.0,v1.0.0
e8aeb018-f679-5670-b210-de4f62ff2111,43616d97-2221-569d-82eb-bcc14bcd6344,82cd11ba-d1a0-58b1-b14f-edd741f36e87,Antibiótico,2026-06-29T14:26:45.094938+00:00,2026-06-08,5,70.2950744672925,68.62747955322266,70.2950744672925,sarima,0.0,v1.0.0
e8aeb018-f679-5670-b210-de4f62ff2111,43616d97-2221-569d-82eb-bcc14bcd6344,82cd11ba-d1a0-58b1-b14f-edd741f36e87,Antibiótico,2026-06-29T14:26:45.094938+00:00,2026-06-15,6,70.88769536208171,68.62747955322266,70.88769536208171,sarima,0.0,v1.0.0
e8aeb018-f679-5670-b210-de4f62ff2111,43616d97-2221-569d-82eb-bcc14bcd6344,82cd11ba-d1a0-58b1-b14f-edd741f36e87,Antibiótico,2026-06-29T14:26:45.094938+00:00,2026-06-22,7,69.8482359618138,68.62747955322266,69.8482359618138,sarima,0.0,v1.0.0
e8aeb018-f679-5670-b210-de4f62ff2111,43616d97-2221-569d-82eb-bcc14bcd6344,82cd11ba-d1a0-58b1-b14f-edd741f36e87,Antibiótico,2026-06-29T14:26:45.094938+00:00,2026-06-29,8,69.8782707294911,68.62747955322266,69.8782707294911,sarima,0.0,v1.0.0
e8aeb018-f679-5670-b210-de4f62ff2111,43616d97-2221-569d-82eb-bcc14bcd6344,82cd11ba-d1a0-58b1-b14f-edd741f36e87,Antibiótico,2026-06-29T14:26:45.094938+00:00,2026-07-06,9,69.39511411970834,67.19879150390625,69.39511411970834,sarima,0.0,v1.0.0
e8aeb018-f679-5670-b210-de4f62ff2111,43616d97-2221-569d-82eb-bcc14bcd6344,82cd11ba-d1a0-58b1-b14f-edd741f36e87,Antibiótico,2026-06-29T14:26:45.094938+00:00,2026-07-13,10,69.29298056583276,67.19879150390625,69.29298056583276,sarima,0.0,v1.0.0
e8aeb018-f679-5670-b210-de4f62ff2111,43616d97-2221-569d-82eb-bcc14bcd6344,82cd11ba-d1a0-58b1-b14f-edd741f36e87,Antibiótico,2026-06-29T14:26:45.094938+00:00,2026-07-20,11,69.03957978578602,67.19879150390625,69.03957978578602,sarima,0.0,v1.0.0
e8aeb018-f679-5670-b210-de4f62ff2111,43616d97-2221-569d-82eb-bcc14bcd6344,82cd11ba-d1a0-58b1-b14f-edd741f36e87,Antibiótico,2026-06-29T14:26:45.094938+00:00,2026-07-27,12,68.93003115242034,67.19879150390625,68.93003115242034,sarima,0.0,v1.0.0
e8aeb018-f679-5670-b210-de4f62ff2111,43616d97-2221-569d-82eb-bcc14bcd6344,87b859e0-789a-56e6-b1ba-4fe76221d3bf,Antihistamínico,2026-06-29T14:26:45.094938+00:00,2026-05-11,1,75.46614321927508,56.06526565551758,75.46614321927508,sarima,0.0,v1.0.0
e8aeb018-f679-5670-b210-de4f62ff2111,43616d97-2221-569d-82eb-bcc14bcd6344,87b859e0-789a-56e6-b1ba-4fe76221d3bf,Antihistamínico,2026-06-29T14:26:45.094938+00:00,2026-05-18,2,60.67697907610373,56.065185546875,60.67697907610373,sarima,0.0,v1.0.0
e8aeb018-f679-5670-b210-de4f62ff2111,43616d97-2221-569d-82eb-bcc14bcd6344,87b859e0-789a-56e6-b1ba-4fe76221d3bf,Antihistamínico,2026-06-29T14:26:45.094938+00:00,2026-05-25,3,57.84865802083837,54.78541946411133,57.84865802083837,sarima,0.0,v1.0.0
e8aeb018-f679-5670-b210-de4f62ff2111,43616d97-2221-569d-82eb-bcc14bcd6344,87b859e0-789a-56e6-b1ba-4fe76221d3bf,Antihistamínico,2026-06-29T14:26:45.094938+00:00,2026-06-01,4,57.84865802083837,56.06526565551758,57.84865802083837,sarima,0.0,v1.0.0
e8aeb018-f679-5670-b210-de4f62ff2111,43616d97-2221-569d-82eb-bcc14bcd6344,87b859e0-789a-56e6-b1ba-4fe76221d3bf,Antihistamínico,2026-06-29T14:26:45.094938+00:00,2026-06-08,5,57.84865802083837,56.06526565551758,57.84865802083837,sarima,0.0,v1.0.0
e8aeb018-f679-5670-b210-de4f62ff2111,43616d97-2221-569d-82eb-bcc14bcd6344,87b859e0-789a-56e6-b1ba-4fe76221d3bf,Antihistamínico,2026-06-29T14:26:45.094938+00:00,2026-06-15,6,57.84865802083837,56.06526565551758,57.84865802083837,sarima,0.0,v1.0.0
e8aeb018-f679-5670-b210-de4f62ff2111,43616d97-2221-569d-82eb-bcc14bcd6344,87b859e0-789a-56e6-b1ba-4fe76221d3bf,Antihistamínico,2026-06-29T14:26:45.094938+00:00,2026-06-22,7,57.84865802083837,56.005409240722656,57.84865802083837,sarima,0.0,v1.0.0
e8aeb018-f679-5670-b210-de4f62ff2111,43616d97-2221-569d-82eb-bcc14bcd6344,87b859e0-789a-56e6-b1ba-4fe76221d3bf,Antihistamínico,2026-06-29T14:26:45.094938+00:00,2026-06-29,8,57.84865802083837,56.005409240722656,57.84865802083837,sarima,0.0,v1.0.0
e8aeb018-f679-5670-b210-de4f62ff2111,43616d97-2221-569d-82eb-bcc14bcd6344,87b859e0-789a-56e6-b1ba-4fe76221d3bf,Antihistamínico,2026-06-29T14:26:45.094938+00:00,2026-07-06,9,57.84865802083837,56.005409240722656,57.84865802083837,sarima,0.0,v1.0.0
e8aeb018-f679-5670-b210-de4f62ff2111,43616d97-2221-569d-82eb-bcc14bcd6344,87b859e0-789a-56e6-b1ba-4fe76221d3bf,Antihistamínico,2026-06-29T14:26:45.094938+00:00,2026-07-13,10,57.84865802083837,56.005409240722656,57.84865802083837,sarima,0.0,v1.0.0
e8aeb018-f679-5670-b210-de4f62ff2111,43616d97-2221-569d-82eb-bcc14bcd6344,87b859e0-789a-56e6-b1ba-4fe76221d3bf,Antihistamínico,2026-06-29T14:26:45.094938+00:00,2026-07-20,11,57.84865802083837,56.005409240722656,57.84865802083837,sarima,0.0,v1.0.0
e8aeb018-f679-5670-b210-de4f62ff2111,43616d97-2221-569d-82eb-bcc14bcd6344,87b859e0-789a-56e6-b1ba-4fe76221d3bf,Antihistamínico,2026-06-29T14:26:45.094938+00:00,2026-07-27,12,57.84865802083837,55.895179748535156,57.84865802083837,sarima,0.0,v1.0.0
e8aeb018-f679-5670-b210-de4f62ff2111,43616d97-2221-569d-82eb-bcc14bcd6344,94e18241-54bd-5516-b36f-94ab6e323aca,Antihistamínico,2026-06-29T14:26:45.094938+00:00,2026-05-11,1,53.3742729280533,52.30820083618164,53.3742729280533,sarima,0.0,v1.0.0
e8aeb018-f679-5670-b210-de4f62ff2111,43616d97-2221-569d-82eb-bcc14bcd6344,94e18241-54bd-5516-b36f-94ab6e323aca,Antihistamínico,2026-06-29T14:26:45.094938+00:00,2026-05-18,2,54.063559609367644,53.46910858154297,54.063559609367644,sarima,0.0,v1.0.0
e8aeb018-f679-5670-b210-de4f62ff2111,43616d97-2221-569d-82eb-bcc14bcd6344,94e18241-54bd-5516-b36f-94ab6e323aca,Antihistamínico,2026-06-29T14:26:45.094938+00:00,2026-05-25,3,53.1953283606295,51.39274597167969,53.1953283606295,sarima,0.0,v1.0.0
e8aeb018-f679-5670-b210-de4f62ff2111,43616d97-2221-569d-82eb-bcc14bcd6344,94e18241-54bd-5516-b36f-94ab6e323aca,Antihistamínico,2026-06-29T14:26:45.094938+00:00,2026-06-01,4,53.0869521235853,51.39274597167969,53.0869521235853,sarima,0.0,v1.0.0
e8aeb018-f679-5670-b210-de4f62ff2111,43616d97-2221-569d-82eb-bcc14bcd6344,94e18241-54bd-5516-b36f-94ab6e323aca,Antihistamínico,2026-06-29T14:26:45.094938+00:00,2026-06-08,5,53.12245293070067,51.615264892578125,53.12245293070067,sarima,0.0,v1.0.0
e8aeb018-f679-5670-b210-de4f62ff2111,43616d97-2221-569d-82eb-bcc14bcd6344,94e18241-54bd-5516-b36f-94ab6e323aca,Antihistamínico,2026-06-29T14:26:45.094938+00:00,2026-06-15,6,53.025875158571054,52.017539978027344,53.025875158571054,sarima,0.0,v1.0.0
e8aeb018-f679-5670-b210-de4f62ff2111,43616d97-2221-569d-82eb-bcc14bcd6344,94e18241-54bd-5516-b36f-94ab6e323aca,Antihistamínico,2026-06-29T14:26:45.094938+00:00,2026-06-22,7,52.941699936056395,51.83750534057617,52.941699936056395,sarima,0.0,v1.0.0
e8aeb018-f679-5670-b210-de4f62ff2111,43616d97-2221-569d-82eb-bcc14bcd6344,94e18241-54bd-5516-b36f-94ab6e323aca,Antihistamínico,2026-06-29T14:26:45.094938+00:00,2026-06-29,8,52.86831894142899,51.83750534057617,52.86831894142899,sarima,0.0,v1.0.0
e8aeb018-f679-5670-b210-de4f62ff2111,43616d97-2221-569d-82eb-bcc14bcd6344,94e18241-54bd-5516-b36f-94ab6e323aca,Antihistamínico,2026-06-29T14:26:45.094938+00:00,2026-07-06,9,52.804336112876655,51.83750534057617,52.804336112876655,sarima,0.0,v1.0.0
e8aeb018-f679-5670-b210-de4f62ff2111,43616d97-2221-569d-82eb-bcc14bcd6344,94e18241-54bd-5516-b36f-94ab6e323aca,Antihistamínico,2026-06-29T14:26:45.094938+00:00,2026-07-13,10,52.74853876277037,51.83750534057617,52.74853876277037,sarima,0.0,v1.0.0
e8aeb018-f679-5670-b210-de4f62ff2111,43616d97-2221-569d-82eb-bcc14bcd6344,94e18241-54bd-5516-b36f-94ab6e323aca,Antihistamínico,2026-06-29T14:26:45.094938+00:00,2026-07-20,11,52.699872826290324,51.83750534057617,52.699872826290324,sarima,0.0,v1.0.0
e8aeb018-f679-5670-b210-de4f62ff2111,43616d97-2221-569d-82eb-bcc14bcd6344,94e18241-54bd-5516-b36f-94ab6e323aca,Antihistamínico,2026-06-29T14:26:45.094938+00:00,2026-07-27,12,52.65742160630966,51.83750534057617,52.65742160630966,sarima,0.0,v1.0.0
e8aeb018-f679-5670-b210-de4f62ff2111,43616d97-2221-569d-82eb-bcc14bcd6344,97d26d91-c562-5f27-9ebd-285e89c8f4bf,Antidiabético,2026-06-29T14:26:45.094938+00:00,2026-05-11,1,69.40828621774055,68.96675109863281,69.40828621774055,sarima,0.0,v1.0.0
e8aeb018-f679-5670-b210-de4f62ff2111,43616d97-2221-569d-82eb-bcc14bcd6344,97d26d91-c562-5f27-9ebd-285e89c8f4bf,Antidiabético,2026-06-29T14:26:45.094938+00:00,2026-05-18,2,73.736815141738,69.36959838867188,73.736815141738,sarima,0.0,v1.0.0
e8aeb018-f679-5670-b210-de4f62ff2111,43616d97-2221-569d-82eb-bcc14bcd6344,97d26d91-c562-5f27-9ebd-285e89c8f4bf,Antidiabético,2026-06-29T14:26:45.094938+00:00,2026-05-25,3,72.96029782849716,70.55123901367188,72.96029782849716,sarima,0.0,v1.0.0
e8aeb018-f679-5670-b210-de4f62ff2111,43616d97-2221-569d-82eb-bcc14bcd6344,97d26d91-c562-5f27-9ebd-285e89c8f4bf,Antidiabético,2026-06-29T14:26:45.094938+00:00,2026-06-01,4,73.09564965100772,70.90194702148438,73.09564965100772,sarima,0.0,v1.0.0
e8aeb018-f679-5670-b210-de4f62ff2111,43616d97-2221-569d-82eb-bcc14bcd6344,97d26d91-c562-5f27-9ebd-285e89c8f4bf,Antidiabético,2026-06-29T14:26:45.094938+00:00,2026-06-08,5,73.07193714841634,74.26852416992188,73.07193714841634,sarima,0.0,v1.0.0
e8aeb018-f679-5670-b210-de4f62ff2111,43616d97-2221-569d-82eb-bcc14bcd6344,97d26d91-c562-5f27-9ebd-285e89c8f4bf,Antidiabético,2026-06-29T14:26:45.094938+00:00,2026-06-15,6,73.07608770051438,69.36959838867188,73.07608770051438,sarima,0.0,v1.0.0
e8aeb018-f679-5670-b210-de4f62ff2111,43616d97-2221-569d-82eb-bcc14bcd6344,97d26d91-c562-5f27-9ebd-285e89c8f4bf,Antidiabético,2026-06-29T14:26:45.094938+00:00,2026-06-22,7,73.07536108992439,69.76885223388672,73.07536108992439,sarima,0.0,v1.0.0
e8aeb018-f679-5670-b210-de4f62ff2111,43616d97-2221-569d-82eb-bcc14bcd6344,97d26d91-c562-5f27-9ebd-285e89c8f4bf,Antidiabético,2026-06-29T14:26:45.094938+00:00,2026-06-29,8,73.07548828953519,69.76885223388672,73.07548828953519,sarima,0.0,v1.0.0
e8aeb018-f679-5670-b210-de4f62ff2111,43616d97-2221-569d-82eb-bcc14bcd6344,97d26d91-c562-5f27-9ebd-285e89c8f4bf,Antidiabético,2026-06-29T14:26:45.094938+00:00,2026-07-06,9,73.07546602201234,69.36959838867188,73.07546602201234,sarima,0.0,v1.0.0
e8aeb018-f679-5670-b210-de4f62ff2111,43616d97-2221-569d-82eb-bcc14bcd6344,97d26d91-c562-5f27-9ebd-285e89c8f4bf,Antidiabético,2026-06-29T14:26:45.094938+00:00,2026-07-13,10,73.07546992015445,69.36959838867188,73.07546992015445,sarima,0.0,v1.0.0
e8aeb018-f679-5670-b210-de4f62ff2111,43616d97-2221-569d-82eb-bcc14bcd6344,97d26d91-c562-5f27-9ebd-285e89c8f4bf,Antidiabético,2026-06-29T14:26:45.094938+00:00,2026-07-20,11,73.0754692377474,69.36959838867188,73.0754692377474,sarima,0.0,v1.0.0
e8aeb018-f679-5670-b210-de4f62ff2111,43616d97-2221-569d-82eb-bcc14bcd6344,97d26d91-c562-5f27-9ebd-285e89c8f4bf,Antidiabético,2026-06-29T14:26:45.094938+00:00,2026-07-27,12,73.07546935720931,69.36959838867188,73.07546935720931,sarima,0.0,v1.0.0
e8aeb018-f679-5670-b210-de4f62ff2111,43616d97-2221-569d-82eb-bcc14bcd6344,983871db-adfb-543e-b438-6b00044ffb64,Antiulceroso,2026-06-29T14:26:45.094938+00:00,2026-05-11,1,60.86633587907199,57.64876937866211,75.66087493306452,aditivo,1.0,v1.0.0
e8aeb018-f679-5670-b210-de4f62ff2111,43616d97-2221-569d-82eb-bcc14bcd6344,983871db-adfb-543e-b438-6b00044ffb64,Antiulceroso,2026-06-29T14:26:45.094938+00:00,2026-05-18,2,57.172914715716125,58.467567443847656,70.72467294494565,aditivo,1.0,v1.0.0
e8aeb018-f679-5670-b210-de4f62ff2111,43616d97-2221-569d-82eb-bcc14bcd6344,983871db-adfb-543e-b438-6b00044ffb64,Antiulceroso,2026-06-29T14:26:45.094938+00:00,2026-05-25,3,55.50539649690841,56.491477966308594,67.2295430446208,aditivo,1.0,v1.0.0
e8aeb018-f679-5670-b210-de4f62ff2111,43616d97-2221-569d-82eb-bcc14bcd6344,983871db-adfb-543e-b438-6b00044ffb64,Antiulceroso,2026-06-29T14:26:45.094938+00:00,2026-06-01,4,54.73425048664513,56.20871353149414,66.59595288513646,aditivo,1.0,v1.0.0
e8aeb018-f679-5670-b210-de4f62ff2111,43616d97-2221-569d-82eb-bcc14bcd6344,983871db-adfb-543e-b438-6b00044ffb64,Antiulceroso,2026-06-29T14:26:45.094938+00:00,2026-06-08,5,54.373574254074796,56.95664596557617,68.51247545901049,aditivo,1.0,v1.0.0
e8aeb018-f679-5670-b210-de4f62ff2111,43616d97-2221-569d-82eb-bcc14bcd6344,983871db-adfb-543e-b438-6b00044ffb64,Antiulceroso,2026-06-29T14:26:45.094938+00:00,2026-06-15,6,54.20397720907252,56.23138427734375,68.11962127624778,aditivo,1.0,v1.0.0
e8aeb018-f679-5670-b210-de4f62ff2111,43616d97-2221-569d-82eb-bcc14bcd6344,983871db-adfb-543e-b438-6b00044ffb64,Antiulceroso,2026-06-29T14:26:45.094938+00:00,2026-06-22,7,54.12402792306806,56.23138427734375,68.75743385525936,aditivo,1.0,v1.0.0
e8aeb018-f679-5670-b210-de4f62ff2111,43616d97-2221-569d-82eb-bcc14bcd6344,983871db-adfb-543e-b438-6b00044ffb64,Antiulceroso,2026-06-29T14:26:45.094938+00:00,2026-06-29,8,54.08629430905596,56.23138427734375,68.41925284567796,aditivo,1.0,v1.0.0
e8aeb018-f679-5670-b210-de4f62ff2111,43616d97-2221-569d-82eb-bcc14bcd6344,983871db-adfb-543e-b438-6b00044ffb64,Antiulceroso,2026-06-29T14:26:45.094938+00:00,2026-07-06,9,54.06847517081737,56.23138427734375,68.3964094675109,aditivo,1.0,v1.0.0
e8aeb018-f679-5670-b210-de4f62ff2111,43616d97-2221-569d-82eb-bcc14bcd6344,983871db-adfb-543e-b438-6b00044ffb64,Antiulceroso,2026-06-29T14:26:45.094938+00:00,2026-07-13,10,54.0600581093891,56.23138427734375,67.78542339195296,aditivo,1.0,v1.0.0
e8aeb018-f679-5670-b210-de4f62ff2111,43616d97-2221-569d-82eb-bcc14bcd6344,983871db-adfb-543e-b438-6b00044ffb64,Antiulceroso,2026-06-29T14:26:45.094938+00:00,2026-07-20,11,54.05608172034808,56.23138427734375,67.20623528950017,aditivo,1.0,v1.0.0
e8aeb018-f679-5670-b210-de4f62ff2111,43616d97-2221-569d-82eb-bcc14bcd6344,983871db-adfb-543e-b438-6b00044ffb64,Antiulceroso,2026-06-29T14:26:45.094938+00:00,2026-07-27,12,54.05420308269234,56.475467681884766,67.34061749944934,aditivo,1.0,v1.0.0
e8aeb018-f679-5670-b210-de4f62ff2111,43616d97-2221-569d-82eb-bcc14bcd6344,9928e9a1-d9fc-5fdd-86c2-8909352fd7fe,Antiinflamatorio,2026-06-29T14:26:45.094938+00:00,2026-05-11,1,35.90050944424689,38.205238342285156,35.90050944424689,sarima,0.0,v1.0.0
e8aeb018-f679-5670-b210-de4f62ff2111,43616d97-2221-569d-82eb-bcc14bcd6344,9928e9a1-d9fc-5fdd-86c2-8909352fd7fe,Antiinflamatorio,2026-06-29T14:26:45.094938+00:00,2026-05-18,2,35.90050944424689,37.522804260253906,35.90050944424689,sarima,0.0,v1.0.0
e8aeb018-f679-5670-b210-de4f62ff2111,43616d97-2221-569d-82eb-bcc14bcd6344,9928e9a1-d9fc-5fdd-86c2-8909352fd7fe,Antiinflamatorio,2026-06-29T14:26:45.094938+00:00,2026-05-25,3,35.90050944424689,38.989933013916016,35.90050944424689,sarima,0.0,v1.0.0
e8aeb018-f679-5670-b210-de4f62ff2111,43616d97-2221-569d-82eb-bcc14bcd6344,9928e9a1-d9fc-5fdd-86c2-8909352fd7fe,Antiinflamatorio,2026-06-29T14:26:45.094938+00:00,2026-06-01,4,35.90050944424689,36.540740966796875,35.90050944424689,sarima,0.0,v1.0.0
e8aeb018-f679-5670-b210-de4f62ff2111,43616d97-2221-569d-82eb-bcc14bcd6344,9928e9a1-d9fc-5fdd-86c2-8909352fd7fe,Antiinflamatorio,2026-06-29T14:26:45.094938+00:00,2026-06-08,5,35.90050944424689,37.68665313720703,35.90050944424689,sarima,0.0,v1.0.0
e8aeb018-f679-5670-b210-de4f62ff2111,43616d97-2221-569d-82eb-bcc14bcd6344,9928e9a1-d9fc-5fdd-86c2-8909352fd7fe,Antiinflamatorio,2026-06-29T14:26:45.094938+00:00,2026-06-15,6,35.90050944424689,37.36656951904297,35.90050944424689,sarima,0.0,v1.0.0
e8aeb018-f679-5670-b210-de4f62ff2111,43616d97-2221-569d-82eb-bcc14bcd6344,9928e9a1-d9fc-5fdd-86c2-8909352fd7fe,Antiinflamatorio,2026-06-29T14:26:45.094938+00:00,2026-06-22,7,35.90050944424689,37.236568450927734,35.90050944424689,sarima,0.0,v1.0.0
e8aeb018-f679-5670-b210-de4f62ff2111,43616d97-2221-569d-82eb-bcc14bcd6344,9928e9a1-d9fc-5fdd-86c2-8909352fd7fe,Antiinflamatorio,2026-06-29T14:26:45.094938+00:00,2026-06-29,8,35.90050944424689,36.2257080078125,35.90050944424689,sarima,0.0,v1.0.0
e8aeb018-f679-5670-b210-de4f62ff2111,43616d97-2221-569d-82eb-bcc14bcd6344,9928e9a1-d9fc-5fdd-86c2-8909352fd7fe,Antiinflamatorio,2026-06-29T14:26:45.094938+00:00,2026-07-06,9,35.90050944424689,37.335060119628906,35.90050944424689,sarima,0.0,v1.0.0
e8aeb018-f679-5670-b210-de4f62ff2111,43616d97-2221-569d-82eb-bcc14bcd6344,9928e9a1-d9fc-5fdd-86c2-8909352fd7fe,Antiinflamatorio,2026-06-29T14:26:45.094938+00:00,2026-07-13,10,35.90050944424689,37.47115707397461,35.90050944424689,sarima,0.0,v1.0.0
e8aeb018-f679-5670-b210-de4f62ff2111,43616d97-2221-569d-82eb-bcc14bcd6344,9928e9a1-d9fc-5fdd-86c2-8909352fd7fe,Antiinflamatorio,2026-06-29T14:26:45.094938+00:00,2026-07-20,11,35.90050944424689,37.28769302368164,35.90050944424689,sarima,0.0,v1.0.0
e8aeb018-f679-5670-b210-de4f62ff2111,43616d97-2221-569d-82eb-bcc14bcd6344,9928e9a1-d9fc-5fdd-86c2-8909352fd7fe,Antiinflamatorio,2026-06-29T14:26:45.094938+00:00,2026-07-27,12,35.90050944424689,37.28769302368164,35.90050944424689,sarima,0.0,v1.0.0
e8aeb018-f679-5670-b210-de4f62ff2111,43616d97-2221-569d-82eb-bcc14bcd6344,afe9d181-1c64-5cca-b4b7-a9fa24eceeea,Antihipertensivo,2026-06-29T14:26:45.094938+00:00,2026-05-11,1,36.350914027287764,41.93891525268555,41.99079719362129,aditivo,0.6,v1.0.0
e8aeb018-f679-5670-b210-de4f62ff2111,43616d97-2221-569d-82eb-bcc14bcd6344,afe9d181-1c64-5cca-b4b7-a9fa24eceeea,Antihipertensivo,2026-06-29T14:26:45.094938+00:00,2026-05-18,2,100.24483245234758,39.91236877441406,99.05038493431081,aditivo,0.6,v1.0.0
e8aeb018-f679-5670-b210-de4f62ff2111,43616d97-2221-569d-82eb-bcc14bcd6344,afe9d181-1c64-5cca-b4b7-a9fa24eceeea,Antihipertensivo,2026-06-29T14:26:45.094938+00:00,2026-05-25,3,36.52767151238462,42.190765380859375,42.67470258312612,aditivo,0.6,v1.0.0
e8aeb018-f679-5670-b210-de4f62ff2111,43616d97-2221-569d-82eb-bcc14bcd6344,afe9d181-1c64-5cca-b4b7-a9fa24eceeea,Antihipertensivo,2026-06-29T14:26:45.094938+00:00,2026-06-01,4,36.7842684397923,42.10462951660156,42.35212225152596,aditivo,0.6,v1.0.0
e8aeb018-f679-5670-b210-de4f62ff2111,43616d97-2221-569d-82eb-bcc14bcd6344,afe9d181-1c64-5cca-b4b7-a9fa24eceeea,Antihipertensivo,2026-06-29T14:26:45.094938+00:00,2026-06-08,5,39.91068191991431,42.190834045410156,45.394602514429906,aditivo,0.6,v1.0.0
e8aeb018-f679-5670-b210-de4f62ff2111,43616d97-2221-569d-82eb-bcc14bcd6344,afe9d181-1c64-5cca-b4b7-a9fa24eceeea,Antihipertensivo,2026-06-29T14:26:45.094938+00:00,2026-06-15,6,39.91068191991431,41.274559020996094,45.38260155926063,aditivo,0.6,v1.0.0
e8aeb018-f679-5670-b210-de4f62ff2111,43616d97-2221-569d-82eb-bcc14bcd6344,afe9d181-1c64-5cca-b4b7-a9fa24eceeea,Antihipertensivo,2026-06-29T14:26:45.094938+00:00,2026-06-22,7,39.91068191991431,41.233394622802734,44.53450800903951,aditivo,0.6,v1.0.0
e8aeb018-f679-5670-b210-de4f62ff2111,43616d97-2221-569d-82eb-bcc14bcd6344,afe9d181-1c64-5cca-b4b7-a9fa24eceeea,Antihipertensivo,2026-06-29T14:26:45.094938+00:00,2026-06-29,8,39.91068191991431,41.233394622802734,44.58148407568874,aditivo,0.6,v1.0.0
e8aeb018-f679-5670-b210-de4f62ff2111,43616d97-2221-569d-82eb-bcc14bcd6344,afe9d181-1c64-5cca-b4b7-a9fa24eceeea,Antihipertensivo,2026-06-29T14:26:45.094938+00:00,2026-07-06,9,39.91068191991431,41.733978271484375,44.267277820172325,aditivo,0.6,v1.0.0
e8aeb018-f679-5670-b210-de4f62ff2111,43616d97-2221-569d-82eb-bcc14bcd6344,afe9d181-1c64-5cca-b4b7-a9fa24eceeea,Antihipertensivo,2026-06-29T14:26:45.094938+00:00,2026-07-13,10,39.91068191991431,41.3485221862793,44.1192331737617,aditivo,0.6,v1.0.0
e8aeb018-f679-5670-b210-de4f62ff2111,43616d97-2221-569d-82eb-bcc14bcd6344,afe9d181-1c64-5cca-b4b7-a9fa24eceeea,Antihipertensivo,2026-06-29T14:26:45.094938+00:00,2026-07-20,11,39.91068191991431,40.02287673950195,43.97553594650691,aditivo,0.6,v1.0.0
e8aeb018-f679-5670-b210-de4f62ff2111,43616d97-2221-569d-82eb-bcc14bcd6344,afe9d181-1c64-5cca-b4b7-a9fa24eceeea,Antihipertensivo,2026-06-29T14:26:45.094938+00:00,2026-07-27,12,39.91068191991431,40.02287673950195,43.79450148977674,aditivo,0.6,v1.0.0
e8aeb018-f679-5670-b210-de4f62ff2111,43616d97-2221-569d-82eb-bcc14bcd6344,c0cf5e5c-b5c9-585a-8e79-d9830bc954f6,Antibiótico,2026-06-29T14:26:45.094938+00:00,2026-05-11,1,35.443070077760076,38.6480712890625,35.443070077760076,sarima,0.0,v1.0.0
e8aeb018-f679-5670-b210-de4f62ff2111,43616d97-2221-569d-82eb-bcc14bcd6344,c0cf5e5c-b5c9-585a-8e79-d9830bc954f6,Antibiótico,2026-06-29T14:26:45.094938+00:00,2026-05-18,2,35.86325613742999,38.709163665771484,35.86325613742999,sarima,0.0,v1.0.0
e8aeb018-f679-5670-b210-de4f62ff2111,43616d97-2221-569d-82eb-bcc14bcd6344,c0cf5e5c-b5c9-585a-8e79-d9830bc954f6,Antibiótico,2026-06-29T14:26:45.094938+00:00,2026-05-25,3,36.237839574359526,38.12648391723633,36.237839574359526,sarima,0.0,v1.0.0
e8aeb018-f679-5670-b210-de4f62ff2111,43616d97-2221-569d-82eb-bcc14bcd6344,c0cf5e5c-b5c9-585a-8e79-d9830bc954f6,Antibiótico,2026-06-29T14:26:45.094938+00:00,2026-06-01,4,36.57134459754386,38.6949348449707,36.57134459754386,sarima,0.0,v1.0.0
e8aeb018-f679-5670-b210-de4f62ff2111,43616d97-2221-569d-82eb-bcc14bcd6344,c0cf5e5c-b5c9-585a-8e79-d9830bc954f6,Antibiótico,2026-06-29T14:26:45.094938+00:00,2026-06-08,5,36.86794270514212,40.17696762084961,36.86794270514212,sarima,0.0,v1.0.0
e8aeb018-f679-5670-b210-de4f62ff2111,43616d97-2221-569d-82eb-bcc14bcd6344,c0cf5e5c-b5c9-585a-8e79-d9830bc954f6,Antibiótico,2026-06-29T14:26:45.094938+00:00,2026-06-15,6,37.13145698619758,40.04115295410156,37.13145698619758,sarima,0.0,v1.0.0
e8aeb018-f679-5670-b210-de4f62ff2111,43616d97-2221-569d-82eb-bcc14bcd6344,c0cf5e5c-b5c9-585a-8e79-d9830bc954f6,Antibiótico,2026-06-29T14:26:45.094938+00:00,2026-06-22,7,37.365373304734035,40.26948165893555,37.365373304734035,sarima,0.0,v1.0.0
e8aeb018-f679-5670-b210-de4f62ff2111,43616d97-2221-569d-82eb-bcc14bcd6344,c0cf5e5c-b5c9-585a-8e79-d9830bc954f6,Antibiótico,2026-06-29T14:26:45.094938+00:00,2026-06-29,8,37.572856184646376,40.27204132080078,37.572856184646376,sarima,0.0,v1.0.0
e8aeb018-f679-5670-b210-de4f62ff2111,43616d97-2221-569d-82eb-bcc14bcd6344,c0cf5e5c-b5c9-585a-8e79-d9830bc954f6,Antibiótico,2026-06-29T14:26:45.094938+00:00,2026-07-06,9,37.75676769447067,40.27204132080078,37.75676769447067,sarima,0.0,v1.0.0
e8aeb018-f679-5670-b210-de4f62ff2111,43616d97-2221-569d-82eb-bcc14bcd6344,c0cf5e5c-b5c9-585a-8e79-d9830bc954f6,Antibiótico,2026-06-29T14:26:45.094938+00:00,2026-07-13,10,37.91968802911718,40.56431579589844,37.91968802911718,sarima,0.0,v1.0.0
e8aeb018-f679-5670-b210-de4f62ff2111,43616d97-2221-569d-82eb-bcc14bcd6344,c0cf5e5c-b5c9-585a-8e79-d9830bc954f6,Antibiótico,2026-06-29T14:26:45.094938+00:00,2026-07-20,11,38.063936809765465,40.73316192626953,38.063936809765465,sarima,0.0,v1.0.0
e8aeb018-f679-5670-b210-de4f62ff2111,43616d97-2221-569d-82eb-bcc14bcd6344,c0cf5e5c-b5c9-585a-8e79-d9830bc954f6,Antibiótico,2026-06-29T14:26:45.094938+00:00,2026-07-27,12,38.191594383171655,40.41856002807617,38.191594383171655,sarima,0.0,v1.0.0
e8aeb018-f679-5670-b210-de4f62ff2111,43616d97-2221-569d-82eb-bcc14bcd6344,cd81184b-b6f1-563c-b463-36a69ddfb598,Vitamina,2026-06-29T14:26:45.094938+00:00,2026-05-11,1,71.67567692647873,69.22924041748047,73.49218681817385,aditivo,0.5,v1.0.0
e8aeb018-f679-5670-b210-de4f62ff2111,43616d97-2221-569d-82eb-bcc14bcd6344,cd81184b-b6f1-563c-b463-36a69ddfb598,Vitamina,2026-06-29T14:26:45.094938+00:00,2026-05-18,2,71.67567692647873,69.36959838867188,73.5696347934944,aditivo,0.5,v1.0.0
e8aeb018-f679-5670-b210-de4f62ff2111,43616d97-2221-569d-82eb-bcc14bcd6344,cd81184b-b6f1-563c-b463-36a69ddfb598,Vitamina,2026-06-29T14:26:45.094938+00:00,2026-05-25,3,71.67567692647873,69.36959838867188,73.34985245080216,aditivo,0.5,v1.0.0
e8aeb018-f679-5670-b210-de4f62ff2111,43616d97-2221-569d-82eb-bcc14bcd6344,cd81184b-b6f1-563c-b463-36a69ddfb598,Vitamina,2026-06-29T14:26:45.094938+00:00,2026-06-01,4,71.67567692647873,69.36959838867188,73.56950831762578,aditivo,0.5,v1.0.0
e8aeb018-f679-5670-b210-de4f62ff2111,43616d97-2221-569d-82eb-bcc14bcd6344,cd81184b-b6f1-563c-b463-36a69ddfb598,Vitamina,2026-06-29T14:26:45.094938+00:00,2026-06-08,5,71.67567692647873,69.36959838867188,73.62015134149175,aditivo,0.5,v1.0.0
e8aeb018-f679-5670-b210-de4f62ff2111,43616d97-2221-569d-82eb-bcc14bcd6344,cd81184b-b6f1-563c-b463-36a69ddfb598,Vitamina,2026-06-29T14:26:45.094938+00:00,2026-06-15,6,71.67567692647873,69.36959838867188,73.5974723561331,aditivo,0.5,v1.0.0
e8aeb018-f679-5670-b210-de4f62ff2111,43616d97-2221-569d-82eb-bcc14bcd6344,cd81184b-b6f1-563c-b463-36a69ddfb598,Vitamina,2026-06-29T14:26:45.094938+00:00,2026-06-22,7,71.67567692647873,69.36959838867188,73.66482724804267,aditivo,0.5,v1.0.0
e8aeb018-f679-5670-b210-de4f62ff2111,43616d97-2221-569d-82eb-bcc14bcd6344,cd81184b-b6f1-563c-b463-36a69ddfb598,Vitamina,2026-06-29T14:26:45.094938+00:00,2026-06-29,8,71.67567692647873,69.36959838867188,73.66480724987159,aditivo,0.5,v1.0.0
e8aeb018-f679-5670-b210-de4f62ff2111,43616d97-2221-569d-82eb-bcc14bcd6344,cd81184b-b6f1-563c-b463-36a69ddfb598,Vitamina,2026-06-29T14:26:45.094938+00:00,2026-07-06,9,71.67567692647873,69.36959838867188,73.7274269811296,aditivo,0.5,v1.0.0
e8aeb018-f679-5670-b210-de4f62ff2111,43616d97-2221-569d-82eb-bcc14bcd6344,cd81184b-b6f1-563c-b463-36a69ddfb598,Vitamina,2026-06-29T14:26:45.094938+00:00,2026-07-13,10,71.67567692647873,69.36959838867188,74.01509607255966,aditivo,0.5,v1.0.0
e8aeb018-f679-5670-b210-de4f62ff2111,43616d97-2221-569d-82eb-bcc14bcd6344,cd81184b-b6f1-563c-b463-36a69ddfb598,Vitamina,2026-06-29T14:26:45.094938+00:00,2026-07-20,11,71.67567692647873,69.36959838867188,73.59070407487573,aditivo,0.5,v1.0.0
e8aeb018-f679-5670-b210-de4f62ff2111,43616d97-2221-569d-82eb-bcc14bcd6344,cd81184b-b6f1-563c-b463-36a69ddfb598,Vitamina,2026-06-29T14:26:45.094938+00:00,2026-07-27,12,71.67567692647873,69.36959838867188,73.59067099567206,aditivo,0.5,v1.0.0
e8aeb018-f679-5670-b210-de4f62ff2111,43616d97-2221-569d-82eb-bcc14bcd6344,d0ae6d2d-e561-56b3-a2c1-113c1c56ae81,Hipolipemiante,2026-06-29T14:26:45.094938+00:00,2026-05-11,1,49.69289744342075,52.15359878540039,49.69289744342075,sarima,0.0,v1.0.0
e8aeb018-f679-5670-b210-de4f62ff2111,43616d97-2221-569d-82eb-bcc14bcd6344,d0ae6d2d-e561-56b3-a2c1-113c1c56ae81,Hipolipemiante,2026-06-29T14:26:45.094938+00:00,2026-05-18,2,52.1502469878485,52.25990295410156,52.1502469878485,sarima,0.0,v1.0.0
e8aeb018-f679-5670-b210-de4f62ff2111,43616d97-2221-569d-82eb-bcc14bcd6344,d0ae6d2d-e561-56b3-a2c1-113c1c56ae81,Hipolipemiante,2026-06-29T14:26:45.094938+00:00,2026-05-25,3,52.1502469878485,52.25990295410156,52.1502469878485,sarima,0.0,v1.0.0
e8aeb018-f679-5670-b210-de4f62ff2111,43616d97-2221-569d-82eb-bcc14bcd6344,d0ae6d2d-e561-56b3-a2c1-113c1c56ae81,Hipolipemiante,2026-06-29T14:26:45.094938+00:00,2026-06-01,4,52.1502469878485,52.004974365234375,52.1502469878485,sarima,0.0,v1.0.0
e8aeb018-f679-5670-b210-de4f62ff2111,43616d97-2221-569d-82eb-bcc14bcd6344,d0ae6d2d-e561-56b3-a2c1-113c1c56ae81,Hipolipemiante,2026-06-29T14:26:45.094938+00:00,2026-06-08,5,52.1502469878485,51.67890167236328,52.1502469878485,sarima,0.0,v1.0.0
e8aeb018-f679-5670-b210-de4f62ff2111,43616d97-2221-569d-82eb-bcc14bcd6344,d0ae6d2d-e561-56b3-a2c1-113c1c56ae81,Hipolipemiante,2026-06-29T14:26:45.094938+00:00,2026-06-15,6,52.1502469878485,51.67890167236328,52.1502469878485,sarima,0.0,v1.0.0
e8aeb018-f679-5670-b210-de4f62ff2111,43616d97-2221-569d-82eb-bcc14bcd6344,d0ae6d2d-e561-56b3-a2c1-113c1c56ae81,Hipolipemiante,2026-06-29T14:26:45.094938+00:00,2026-06-22,7,52.1502469878485,51.67890167236328,52.1502469878485,sarima,0.0,v1.0.0
e8aeb018-f679-5670-b210-de4f62ff2111,43616d97-2221-569d-82eb-bcc14bcd6344,d0ae6d2d-e561-56b3-a2c1-113c1c56ae81,Hipolipemiante,2026-06-29T14:26:45.094938+00:00,2026-06-29,8,52.1502469878485,51.67890167236328,52.1502469878485,sarima,0.0,v1.0.0
e8aeb018-f679-5670-b210-de4f62ff2111,43616d97-2221-569d-82eb-bcc14bcd6344,d0ae6d2d-e561-56b3-a2c1-113c1c56ae81,Hipolipemiante,2026-06-29T14:26:45.094938+00:00,2026-07-06,9,52.1502469878485,51.67890167236328,52.1502469878485,sarima,0.0,v1.0.0
e8aeb018-f679-5670-b210-de4f62ff2111,43616d97-2221-569d-82eb-bcc14bcd6344,d0ae6d2d-e561-56b3-a2c1-113c1c56ae81,Hipolipemiante,2026-06-29T14:26:45.094938+00:00,2026-07-13,10,52.1502469878485,51.67890167236328,52.1502469878485,sarima,0.0,v1.0.0
e8aeb018-f679-5670-b210-de4f62ff2111,43616d97-2221-569d-82eb-bcc14bcd6344,d0ae6d2d-e561-56b3-a2c1-113c1c56ae81,Hipolipemiante,2026-06-29T14:26:45.094938+00:00,2026-07-20,11,52.1502469878485,51.67890167236328,52.1502469878485,sarima,0.0,v1.0.0
e8aeb018-f679-5670-b210-de4f62ff2111,43616d97-2221-569d-82eb-bcc14bcd6344,d0ae6d2d-e561-56b3-a2c1-113c1c56ae81,Hipolipemiante,2026-06-29T14:26:45.094938+00:00,2026-07-27,12,52.1502469878485,51.67890167236328,52.1502469878485,sarima,0.0,v1.0.0
e8aeb018-f679-5670-b210-de4f62ff2111,43616d97-2221-569d-82eb-bcc14bcd6344,d2f08f15-f9f2-5f65-a740-b05896774467,Antiulceroso,2026-06-29T14:26:45.094938+00:00,2026-05-11,1,63.34192696979245,60.982704162597656,66.72087488004702,aditivo,1.0,v1.0.0
e8aeb018-f679-5670-b210-de4f62ff2111,43616d97-2221-569d-82eb-bcc14bcd6344,d2f08f15-f9f2-5f65-a740-b05896774467,Antiulceroso,2026-06-29T14:26:45.094938+00:00,2026-05-18,2,63.34192696979245,61.10657501220703,66.76149502672905,aditivo,1.0,v1.0.0
e8aeb018-f679-5670-b210-de4f62ff2111,43616d97-2221-569d-82eb-bcc14bcd6344,d2f08f15-f9f2-5f65-a740-b05896774467,Antiulceroso,2026-06-29T14:26:45.094938+00:00,2026-05-25,3,63.34192696979245,60.98261642456055,66.76229675303084,aditivo,1.0,v1.0.0
e8aeb018-f679-5670-b210-de4f62ff2111,43616d97-2221-569d-82eb-bcc14bcd6344,d2f08f15-f9f2-5f65-a740-b05896774467,Antiulceroso,2026-06-29T14:26:45.094938+00:00,2026-06-01,4,63.34192696979245,60.98261642456055,66.76308608898202,aditivo,1.0,v1.0.0
e8aeb018-f679-5670-b210-de4f62ff2111,43616d97-2221-569d-82eb-bcc14bcd6344,d2f08f15-f9f2-5f65-a740-b05896774467,Antiulceroso,2026-06-29T14:26:45.094938+00:00,2026-06-08,5,63.34192696979245,61.732120513916016,66.76386332212438,aditivo,1.0,v1.0.0
e8aeb018-f679-5670-b210-de4f62ff2111,43616d97-2221-569d-82eb-bcc14bcd6344,d2f08f15-f9f2-5f65-a740-b05896774467,Antiulceroso,2026-06-29T14:26:45.094938+00:00,2026-06-15,6,63.34192696979245,61.732120513916016,66.76462873113252,aditivo,1.0,v1.0.0
e8aeb018-f679-5670-b210-de4f62ff2111,43616d97-2221-569d-82eb-bcc14bcd6344,d2f08f15-f9f2-5f65-a740-b05896774467,Antiulceroso,2026-06-29T14:26:45.094938+00:00,2026-06-22,7,63.34192696979245,61.732120513916016,66.9544424888477,aditivo,1.0,v1.0.0
e8aeb018-f679-5670-b210-de4f62ff2111,43616d97-2221-569d-82eb-bcc14bcd6344,d2f08f15-f9f2-5f65-a740-b05896774467,Antiulceroso,2026-06-29T14:26:45.094938+00:00,2026-06-29,8,63.34192696979245,61.935829162597656,66.84499135857037,aditivo,1.0,v1.0.0
e8aeb018-f679-5670-b210-de4f62ff2111,43616d97-2221-569d-82eb-bcc14bcd6344,d2f08f15-f9f2-5f65-a740-b05896774467,Antiulceroso,2026-06-29T14:26:45.094938+00:00,2026-07-06,9,63.34192696979245,61.732120513916016,67.2383067814366,aditivo,1.0,v1.0.0
e8aeb018-f679-5670-b210-de4f62ff2111,43616d97-2221-569d-82eb-bcc14bcd6344,d2f08f15-f9f2-5f65-a740-b05896774467,Antiulceroso,2026-06-29T14:26:45.094938+00:00,2026-07-13,10,63.34192696979245,61.732120513916016,67.2393399844565,aditivo,1.0,v1.0.0
e8aeb018-f679-5670-b210-de4f62ff2111,43616d97-2221-569d-82eb-bcc14bcd6344,d2f08f15-f9f2-5f65-a740-b05896774467,Antiulceroso,2026-06-29T14:26:45.094938+00:00,2026-07-20,11,63.34192696979245,61.935829162597656,66.71697181256404,aditivo,1.0,v1.0.0
e8aeb018-f679-5670-b210-de4f62ff2111,43616d97-2221-569d-82eb-bcc14bcd6344,d2f08f15-f9f2-5f65-a740-b05896774467,Antiulceroso,2026-06-29T14:26:45.094938+00:00,2026-07-27,12,63.34192696979245,61.935829162597656,66.71763768158844,aditivo,1.0,v1.0.0
e8aeb018-f679-5670-b210-de4f62ff2111,43616d97-2221-569d-82eb-bcc14bcd6344,d3961f5a-3ea7-53d3-89f4-78b65b0c0c6b,Analgésico,2026-06-29T14:26:45.094938+00:00,2026-05-11,1,147.9647785120568,113.83342742919922,168.73804818863746,aditivo,1.5,v1.0.0
e8aeb018-f679-5670-b210-de4f62ff2111,43616d97-2221-569d-82eb-bcc14bcd6344,d3961f5a-3ea7-53d3-89f4-78b65b0c0c6b,Analgésico,2026-06-29T14:26:45.094938+00:00,2026-05-18,2,146.78630596865858,119.83016204833984,180.57725033012844,aditivo,1.5,v1.0.0
e8aeb018-f679-5670-b210-de4f62ff2111,43616d97-2221-569d-82eb-bcc14bcd6344,d3961f5a-3ea7-53d3-89f4-78b65b0c0c6b,Analgésico,2026-06-29T14:26:45.094938+00:00,2026-05-25,3,144.0326244516422,120.69158172607422,183.54049321566123,aditivo,1.5,v1.0.0
e8aeb018-f679-5670-b210-de4f62ff2111,43616d97-2221-569d-82eb-bcc14bcd6344,d3961f5a-3ea7-53d3-89f4-78b65b0c0c6b,Analgésico,2026-06-29T14:26:45.094938+00:00,2026-06-01,4,142.7574186768974,117.37370300292969,184.86634110209576,aditivo,1.5,v1.0.0
e8aeb018-f679-5670-b210-de4f62ff2111,43616d97-2221-569d-82eb-bcc14bcd6344,d3961f5a-3ea7-53d3-89f4-78b65b0c0c6b,Analgésico,2026-06-29T14:26:45.094938+00:00,2026-06-08,5,141.50216961446012,115.92244720458984,185.76184373421145,aditivo,1.5,v1.0.0
e8aeb018-f679-5670-b210-de4f62ff2111,43616d97-2221-569d-82eb-bcc14bcd6344,d3961f5a-3ea7-53d3-89f4-78b65b0c0c6b,Analgésico,2026-06-29T14:26:45.094938+00:00,2026-06-15,6,140.69361242880854,115.92244720458984,184.38458878202718,aditivo,1.5,v1.0.0
e8aeb018-f679-5670-b210-de4f62ff2111,43616d97-2221-569d-82eb-bcc14bcd6344,d3961f5a-3ea7-53d3-89f4-78b65b0c0c6b,Analgésico,2026-06-29T14:26:45.094938+00:00,2026-06-22,7,140.0399386788166,114.9119644165039,185.0181306845755,aditivo,1.5,v1.0.0
e8aeb018-f679-5670-b210-de4f62ff2111,43616d97-2221-569d-82eb-bcc14bcd6344,d3961f5a-3ea7-53d3-89f4-78b65b0c0c6b,Analgésico,2026-06-29T14:26:45.094938+00:00,2026-06-29,8,139.57287301109127,115.92244720458984,185.5602546446014,aditivo,1.5,v1.0.0
e8aeb018-f679-5670-b210-de4f62ff2111,43616d97-2221-569d-82eb-bcc14bcd6344,d3961f5a-3ea7-53d3-89f4-78b65b0c0c6b,Analgésico,2026-06-29T14:26:45.094938+00:00,2026-07-06,9,139.2154644120755,115.92244720458984,185.29698395677795,aditivo,1.5,v1.0.0
e8aeb018-f679-5670-b210-de4f62ff2111,43616d97-2221-569d-82eb-bcc14bcd6344,d3961f5a-3ea7-53d3-89f4-78b65b0c0c6b,Analgésico,2026-06-29T14:26:45.094938+00:00,2026-07-13,10,138.95172147653668,115.92244720458984,185.12532575998213,aditivo,1.5,v1.0.0
e8aeb018-f679-5670-b210-de4f62ff2111,43616d97-2221-569d-82eb-bcc14bcd6344,d3961f5a-3ea7-53d3-89f4-78b65b0c0c6b,Analgésico,2026-06-29T14:26:45.094938+00:00,2026-07-20,11,138.7530194004871,112.30048370361328,154.24741177223612,aditivo,1.5,v1.0.0
e8aeb018-f679-5670-b210-de4f62ff2111,43616d97-2221-569d-82eb-bcc14bcd6344,d3961f5a-3ea7-53d3-89f4-78b65b0c0c6b,Analgésico,2026-06-29T14:26:45.094938+00:00,2026-07-27,12,138.60490023801879,109.4111099243164,150.18302304685582,aditivo,1.5,v1.0.0
e8aeb018-f679-5670-b210-de4f62ff2111,43616d97-2221-569d-82eb-bcc14bcd6344,d9506935-1215-5499-93c0-8bdd86ab9418,Analgésico,2026-06-29T14:26:45.094938+00:00,2026-05-11,1,14.522255742212252,18.232423782348633,17.572365473200264,aditivo,1.5,v1.0.0
e8aeb018-f679-5670-b210-de4f62ff2111,43616d97-2221-569d-82eb-bcc14bcd6344,d9506935-1215-5499-93c0-8bdd86ab9418,Analgésico,2026-06-29T14:26:45.094938+00:00,2026-05-18,2,13.890811168351346,17.43733024597168,16.847786185622702,aditivo,1.5,v1.0.0
e8aeb018-f679-5670-b210-de4f62ff2111,43616d97-2221-569d-82eb-bcc14bcd6344,d9506935-1215-5499-93c0-8bdd86ab9418,Analgésico,2026-06-29T14:26:45.094938+00:00,2026-05-25,3,13.890811168351346,16.731460571289062,16.75949900401954,aditivo,1.5,v1.0.0
e8aeb018-f679-5670-b210-de4f62ff2111,43616d97-2221-569d-82eb-bcc14bcd6344,d9506935-1215-5499-93c0-8bdd86ab9418,Analgésico,2026-06-29T14:26:45.094938+00:00,2026-06-01,4,13.890811168351346,16.731460571289062,17.088455328640286,aditivo,1.5,v1.0.0
e8aeb018-f679-5670-b210-de4f62ff2111,43616d97-2221-569d-82eb-bcc14bcd6344,d9506935-1215-5499-93c0-8bdd86ab9418,Analgésico,2026-06-29T14:26:45.094938+00:00,2026-06-08,5,13.890811168351346,17.137392044067383,17.092311481871096,aditivo,1.5,v1.0.0
e8aeb018-f679-5670-b210-de4f62ff2111,43616d97-2221-569d-82eb-bcc14bcd6344,d9506935-1215-5499-93c0-8bdd86ab9418,Analgésico,2026-06-29T14:26:45.094938+00:00,2026-06-15,6,13.890811168351346,16.673856735229492,17.09611388338914,aditivo,1.5,v1.0.0
e8aeb018-f679-5670-b210-de4f62ff2111,43616d97-2221-569d-82eb-bcc14bcd6344,d9506935-1215-5499-93c0-8bdd86ab9418,Analgésico,2026-06-29T14:26:45.094938+00:00,2026-06-22,7,13.890811168351346,17.00845718383789,17.137752410203895,aditivo,1.5,v1.0.0
e8aeb018-f679-5670-b210-de4f62ff2111,43616d97-2221-569d-82eb-bcc14bcd6344,d9506935-1215-5499-93c0-8bdd86ab9418,Analgésico,2026-06-29T14:26:45.094938+00:00,2026-06-29,8,13.890811168351346,16.673856735229492,17.103624927959046,aditivo,1.5,v1.0.0
e8aeb018-f679-5670-b210-de4f62ff2111,43616d97-2221-569d-82eb-bcc14bcd6344,d9506935-1215-5499-93c0-8bdd86ab9418,Analgésico,2026-06-29T14:26:45.094938+00:00,2026-07-06,9,13.890811168351346,16.72663688659668,17.107272524773084,aditivo,1.5,v1.0.0
e8aeb018-f679-5670-b210-de4f62ff2111,43616d97-2221-569d-82eb-bcc14bcd6344,d9506935-1215-5499-93c0-8bdd86ab9418,Analgésico,2026-06-29T14:26:45.094938+00:00,2026-07-13,10,13.890811168351346,16.673856735229492,17.110870817730643,aditivo,1.5,v1.0.0
e8aeb018-f679-5670-b210-de4f62ff2111,43616d97-2221-569d-82eb-bcc14bcd6344,d9506935-1215-5499-93c0-8bdd86ab9418,Analgésico,2026-06-29T14:26:45.094938+00:00,2026-07-20,11,13.890811168351346,16.673856735229492,17.031319445365913,aditivo,1.5,v1.0.0
e8aeb018-f679-5670-b210-de4f62ff2111,43616d97-2221-569d-82eb-bcc14bcd6344,d9506935-1215-5499-93c0-8bdd86ab9418,Analgésico,2026-06-29T14:26:45.094938+00:00,2026-07-27,12,13.890811168351346,16.78760528564453,17.034601531055124,aditivo,1.5,v1.0.0
e8aeb018-f679-5670-b210-de4f62ff2111,7fb983e8-6848-5425-97a2-14da72722d0f,012857cc-907f-5e7d-b8fb-796d2c9f1621,Suplemento,2026-06-29T14:26:45.094938+00:00,2026-05-11,1,37.337482843920675,41.33766174316406,37.337482843920675,sarima,0.0,v1.0.0
e8aeb018-f679-5670-b210-de4f62ff2111,7fb983e8-6848-5425-97a2-14da72722d0f,012857cc-907f-5e7d-b8fb-796d2c9f1621,Suplemento,2026-06-29T14:26:45.094938+00:00,2026-05-18,2,37.337482843920675,41.01850128173828,37.337482843920675,sarima,0.0,v1.0.0
e8aeb018-f679-5670-b210-de4f62ff2111,7fb983e8-6848-5425-97a2-14da72722d0f,012857cc-907f-5e7d-b8fb-796d2c9f1621,Suplemento,2026-06-29T14:26:45.094938+00:00,2026-05-25,3,37.337482843920675,38.7464714050293,37.337482843920675,sarima,0.0,v1.0.0
e8aeb018-f679-5670-b210-de4f62ff2111,7fb983e8-6848-5425-97a2-14da72722d0f,012857cc-907f-5e7d-b8fb-796d2c9f1621,Suplemento,2026-06-29T14:26:45.094938+00:00,2026-06-01,4,37.337482843920675,39.265071868896484,37.337482843920675,sarima,0.0,v1.0.0
e8aeb018-f679-5670-b210-de4f62ff2111,7fb983e8-6848-5425-97a2-14da72722d0f,012857cc-907f-5e7d-b8fb-796d2c9f1621,Suplemento,2026-06-29T14:26:45.094938+00:00,2026-06-08,5,37.337482843920675,39.48908233642578,37.337482843920675,sarima,0.0,v1.0.0
e8aeb018-f679-5670-b210-de4f62ff2111,7fb983e8-6848-5425-97a2-14da72722d0f,012857cc-907f-5e7d-b8fb-796d2c9f1621,Suplemento,2026-06-29T14:26:45.094938+00:00,2026-06-15,6,37.337482843920675,39.48908233642578,37.337482843920675,sarima,0.0,v1.0.0
e8aeb018-f679-5670-b210-de4f62ff2111,7fb983e8-6848-5425-97a2-14da72722d0f,012857cc-907f-5e7d-b8fb-796d2c9f1621,Suplemento,2026-06-29T14:26:45.094938+00:00,2026-06-22,7,37.337482843920675,39.34585189819336,37.337482843920675,sarima,0.0,v1.0.0
e8aeb018-f679-5670-b210-de4f62ff2111,7fb983e8-6848-5425-97a2-14da72722d0f,012857cc-907f-5e7d-b8fb-796d2c9f1621,Suplemento,2026-06-29T14:26:45.094938+00:00,2026-06-29,8,37.337482843920675,39.295997619628906,37.337482843920675,sarima,0.0,v1.0.0
e8aeb018-f679-5670-b210-de4f62ff2111,7fb983e8-6848-5425-97a2-14da72722d0f,012857cc-907f-5e7d-b8fb-796d2c9f1621,Suplemento,2026-06-29T14:26:45.094938+00:00,2026-07-06,9,37.337482843920675,39.40318298339844,37.337482843920675,sarima,0.0,v1.0.0
e8aeb018-f679-5670-b210-de4f62ff2111,7fb983e8-6848-5425-97a2-14da72722d0f,012857cc-907f-5e7d-b8fb-796d2c9f1621,Suplemento,2026-06-29T14:26:45.094938+00:00,2026-07-13,10,37.337482843920675,39.43905258178711,37.337482843920675,sarima,0.0,v1.0.0
e8aeb018-f679-5670-b210-de4f62ff2111,7fb983e8-6848-5425-97a2-14da72722d0f,012857cc-907f-5e7d-b8fb-796d2c9f1621,Suplemento,2026-06-29T14:26:45.094938+00:00,2026-07-20,11,37.337482843920675,39.295997619628906,37.337482843920675,sarima,0.0,v1.0.0
e8aeb018-f679-5670-b210-de4f62ff2111,7fb983e8-6848-5425-97a2-14da72722d0f,012857cc-907f-5e7d-b8fb-796d2c9f1621,Suplemento,2026-06-29T14:26:45.094938+00:00,2026-07-27,12,37.337482843920675,39.603328704833984,37.337482843920675,sarima,0.0,v1.0.0
e8aeb018-f679-5670-b210-de4f62ff2111,7fb983e8-6848-5425-97a2-14da72722d0f,042e2e80-f954-5df4-97be-29dd428cc598,Antiinflamatorio,2026-06-29T14:26:45.094938+00:00,2026-05-11,1,37.16033675868421,39.87370300292969,37.16033675868421,sarima,0.0,v1.0.0
e8aeb018-f679-5670-b210-de4f62ff2111,7fb983e8-6848-5425-97a2-14da72722d0f,042e2e80-f954-5df4-97be-29dd428cc598,Antiinflamatorio,2026-06-29T14:26:45.094938+00:00,2026-05-18,2,37.16033675868421,39.09838104248047,37.16033675868421,sarima,0.0,v1.0.0
e8aeb018-f679-5670-b210-de4f62ff2111,7fb983e8-6848-5425-97a2-14da72722d0f,042e2e80-f954-5df4-97be-29dd428cc598,Antiinflamatorio,2026-06-29T14:26:45.094938+00:00,2026-05-25,3,37.16033675868421,38.13478469848633,37.16033675868421,sarima,0.0,v1.0.0
e8aeb018-f679-5670-b210-de4f62ff2111,7fb983e8-6848-5425-97a2-14da72722d0f,042e2e80-f954-5df4-97be-29dd428cc598,Antiinflamatorio,2026-06-29T14:26:45.094938+00:00,2026-06-01,4,37.16033675868421,36.54655075073242,37.16033675868421,sarima,0.0,v1.0.0
e8aeb018-f679-5670-b210-de4f62ff2111,7fb983e8-6848-5425-97a2-14da72722d0f,042e2e80-f954-5df4-97be-29dd428cc598,Antiinflamatorio,2026-06-29T14:26:45.094938+00:00,2026-06-08,5,37.16033675868421,38.73471450805664,37.16033675868421,sarima,0.0,v1.0.0
e8aeb018-f679-5670-b210-de4f62ff2111,7fb983e8-6848-5425-97a2-14da72722d0f,042e2e80-f954-5df4-97be-29dd428cc598,Antiinflamatorio,2026-06-29T14:26:45.094938+00:00,2026-06-15,6,37.16033675868421,39.209449768066406,37.16033675868421,sarima,0.0,v1.0.0
e8aeb018-f679-5670-b210-de4f62ff2111,7fb983e8-6848-5425-97a2-14da72722d0f,042e2e80-f954-5df4-97be-29dd428cc598,Antiinflamatorio,2026-06-29T14:26:45.094938+00:00,2026-06-22,7,37.16033675868421,39.37028884887695,37.16033675868421,sarima,0.0,v1.0.0
e8aeb018-f679-5670-b210-de4f62ff2111,7fb983e8-6848-5425-97a2-14da72722d0f,042e2e80-f954-5df4-97be-29dd428cc598,Antiinflamatorio,2026-06-29T14:26:45.094938+00:00,2026-06-29,8,37.16033675868421,39.20695877075195,37.16033675868421,sarima,0.0,v1.0.0
e8aeb018-f679-5670-b210-de4f62ff2111,7fb983e8-6848-5425-97a2-14da72722d0f,042e2e80-f954-5df4-97be-29dd428cc598,Antiinflamatorio,2026-06-29T14:26:45.094938+00:00,2026-07-06,9,37.16033675868421,39.35219955444336,37.16033675868421,sarima,0.0,v1.0.0
e8aeb018-f679-5670-b210-de4f62ff2111,7fb983e8-6848-5425-97a2-14da72722d0f,042e2e80-f954-5df4-97be-29dd428cc598,Antiinflamatorio,2026-06-29T14:26:45.094938+00:00,2026-07-13,10,37.16033675868421,38.59415054321289,37.16033675868421,sarima,0.0,v1.0.0
e8aeb018-f679-5670-b210-de4f62ff2111,7fb983e8-6848-5425-97a2-14da72722d0f,042e2e80-f954-5df4-97be-29dd428cc598,Antiinflamatorio,2026-06-29T14:26:45.094938+00:00,2026-07-20,11,37.16033675868421,39.209449768066406,37.16033675868421,sarima,0.0,v1.0.0
e8aeb018-f679-5670-b210-de4f62ff2111,7fb983e8-6848-5425-97a2-14da72722d0f,042e2e80-f954-5df4-97be-29dd428cc598,Antiinflamatorio,2026-06-29T14:26:45.094938+00:00,2026-07-27,12,37.16033675868421,39.073204040527344,37.16033675868421,sarima,0.0,v1.0.0
e8aeb018-f679-5670-b210-de4f62ff2111,7fb983e8-6848-5425-97a2-14da72722d0f,058c6382-bde2-59d1-93ff-20c6161a4736,Antibiótico,2026-06-29T14:26:45.094938+00:00,2026-05-11,1,26.93215061232371,35.24940872192383,26.93215061232371,sarima,0.0,v1.0.0
e8aeb018-f679-5670-b210-de4f62ff2111,7fb983e8-6848-5425-97a2-14da72722d0f,058c6382-bde2-59d1-93ff-20c6161a4736,Antibiótico,2026-06-29T14:26:45.094938+00:00,2026-05-18,2,30.08826475456723,33.43061447143555,30.08826475456723,sarima,0.0,v1.0.0
e8aeb018-f679-5670-b210-de4f62ff2111,7fb983e8-6848-5425-97a2-14da72722d0f,058c6382-bde2-59d1-93ff-20c6161a4736,Antibiótico,2026-06-29T14:26:45.094938+00:00,2026-05-25,3,29.320945559490966,34.81067657470703,29.320945559490966,sarima,0.0,v1.0.0
e8aeb018-f679-5670-b210-de4f62ff2111,7fb983e8-6848-5425-97a2-14da72722d0f,058c6382-bde2-59d1-93ff-20c6161a4736,Antibiótico,2026-06-29T14:26:45.094938+00:00,2026-06-01,4,29.38644909631182,34.616363525390625,29.38644909631182,sarima,0.0,v1.0.0
e8aeb018-f679-5670-b210-de4f62ff2111,7fb983e8-6848-5425-97a2-14da72722d0f,058c6382-bde2-59d1-93ff-20c6161a4736,Antibiótico,2026-06-29T14:26:45.094938+00:00,2026-06-08,5,30.569466112973572,35.72832489013672,30.569466112973572,sarima,0.0,v1.0.0
e8aeb018-f679-5670-b210-de4f62ff2111,7fb983e8-6848-5425-97a2-14da72722d0f,058c6382-bde2-59d1-93ff-20c6161a4736,Antibiótico,2026-06-29T14:26:45.094938+00:00,2026-06-15,6,28.12025285368239,36.22067642211914,28.12025285368239,sarima,0.0,v1.0.0
e8aeb018-f679-5670-b210-de4f62ff2111,7fb983e8-6848-5425-97a2-14da72722d0f,058c6382-bde2-59d1-93ff-20c6161a4736,Antibiótico,2026-06-29T14:26:45.094938+00:00,2026-06-22,7,30.117342532649594,36.34242248535156,30.117342532649594,sarima,0.0,v1.0.0
e8aeb018-f679-5670-b210-de4f62ff2111,7fb983e8-6848-5425-97a2-14da72722d0f,058c6382-bde2-59d1-93ff-20c6161a4736,Antibiótico,2026-06-29T14:26:45.094938+00:00,2026-06-29,8,31.021432110300253,35.8011589050293,31.021432110300253,sarima,0.0,v1.0.0
e8aeb018-f679-5670-b210-de4f62ff2111,7fb983e8-6848-5425-97a2-14da72722d0f,058c6382-bde2-59d1-93ff-20c6161a4736,Antibiótico,2026-06-29T14:26:45.094938+00:00,2026-07-06,9,29.686867285635834,36.49412155151367,29.686867285635834,sarima,0.0,v1.0.0
e8aeb018-f679-5670-b210-de4f62ff2111,7fb983e8-6848-5425-97a2-14da72722d0f,058c6382-bde2-59d1-93ff-20c6161a4736,Antibiótico,2026-06-29T14:26:45.094938+00:00,2026-07-13,10,31.146667625274517,36.34242248535156,31.146667625274517,sarima,0.0,v1.0.0
e8aeb018-f679-5670-b210-de4f62ff2111,7fb983e8-6848-5425-97a2-14da72722d0f,058c6382-bde2-59d1-93ff-20c6161a4736,Antibiótico,2026-06-29T14:26:45.094938+00:00,2026-07-20,11,27.23846883284432,36.62606430053711,27.23846883284432,sarima,0.0,v1.0.0
e8aeb018-f679-5670-b210-de4f62ff2111,7fb983e8-6848-5425-97a2-14da72722d0f,058c6382-bde2-59d1-93ff-20c6161a4736,Antibiótico,2026-06-29T14:26:45.094938+00:00,2026-07-27,12,29.70041796789101,36.73543167114258,29.70041796789101,sarima,0.0,v1.0.0
e8aeb018-f679-5670-b210-de4f62ff2111,7fb983e8-6848-5425-97a2-14da72722d0f,07371b94-955f-52a4-9bf9-f0a6ad2b4fa8,Antibiótico,2026-06-29T14:26:45.094938+00:00,2026-05-11,1,60.49315504859438,49.99534225463867,60.49315504859438,sarima,0.0,v1.0.0
e8aeb018-f679-5670-b210-de4f62ff2111,7fb983e8-6848-5425-97a2-14da72722d0f,07371b94-955f-52a4-9bf9-f0a6ad2b4fa8,Antibiótico,2026-06-29T14:26:45.094938+00:00,2026-05-18,2,53.73304914793367,52.352996826171875,53.73304914793367,sarima,0.0,v1.0.0
e8aeb018-f679-5670-b210-de4f62ff2111,7fb983e8-6848-5425-97a2-14da72722d0f,07371b94-955f-52a4-9bf9-f0a6ad2b4fa8,Antibiótico,2026-06-29T14:26:45.094938+00:00,2026-05-25,3,54.87370658981744,53.78354263305664,54.87370658981744,sarima,0.0,v1.0.0
e8aeb018-f679-5670-b210-de4f62ff2111,7fb983e8-6848-5425-97a2-14da72722d0f,07371b94-955f-52a4-9bf9-f0a6ad2b4fa8,Antibiótico,2026-06-29T14:26:45.094938+00:00,2026-06-01,4,53.55225301605073,60.678646087646484,53.55225301605073,sarima,0.0,v1.0.0
e8aeb018-f679-5670-b210-de4f62ff2111,7fb983e8-6848-5425-97a2-14da72722d0f,07371b94-955f-52a4-9bf9-f0a6ad2b4fa8,Antibiótico,2026-06-29T14:26:45.094938+00:00,2026-06-08,5,53.5467798262822,60.801998138427734,53.5467798262822,sarima,0.0,v1.0.0
e8aeb018-f679-5670-b210-de4f62ff2111,7fb983e8-6848-5425-97a2-14da72722d0f,07371b94-955f-52a4-9bf9-f0a6ad2b4fa8,Antibiótico,2026-06-29T14:26:45.094938+00:00,2026-06-15,6,53.22873918992226,51.94824981689453,53.22873918992226,sarima,0.0,v1.0.0
e8aeb018-f679-5670-b210-de4f62ff2111,7fb983e8-6848-5425-97a2-14da72722d0f,07371b94-955f-52a4-9bf9-f0a6ad2b4fa8,Antibiótico,2026-06-29T14:26:45.094938+00:00,2026-06-22,7,53.1596093102568,51.94824981689453,53.1596093102568,sarima,0.0,v1.0.0
e8aeb018-f679-5670-b210-de4f62ff2111,7fb983e8-6848-5425-97a2-14da72722d0f,07371b94-955f-52a4-9bf9-f0a6ad2b4fa8,Antibiótico,2026-06-29T14:26:45.094938+00:00,2026-06-29,8,53.06781302078853,51.94824981689453,53.06781302078853,sarima,0.0,v1.0.0
e8aeb018-f679-5670-b210-de4f62ff2111,7fb983e8-6848-5425-97a2-14da72722d0f,07371b94-955f-52a4-9bf9-f0a6ad2b4fa8,Antibiótico,2026-06-29T14:26:45.094938+00:00,2026-07-06,9,53.03141283185608,51.94824981689453,53.03141283185608,sarima,0.0,v1.0.0
e8aeb018-f679-5670-b210-de4f62ff2111,7fb983e8-6848-5425-97a2-14da72722d0f,07371b94-955f-52a4-9bf9-f0a6ad2b4fa8,Antibiótico,2026-06-29T14:26:45.094938+00:00,2026-07-13,10,53.001324656882566,51.76845169067383,53.001324656882566,sarima,0.0,v1.0.0
e8aeb018-f679-5670-b210-de4f62ff2111,7fb983e8-6848-5425-97a2-14da72722d0f,07371b94-955f-52a4-9bf9-f0a6ad2b4fa8,Antibiótico,2026-06-29T14:26:45.094938+00:00,2026-07-20,11,52.98603834550511,51.76845169067383,52.98603834550511,sarima,0.0,v1.0.0
e8aeb018-f679-5670-b210-de4f62ff2111,7fb983e8-6848-5425-97a2-14da72722d0f,07371b94-955f-52a4-9bf9-f0a6ad2b4fa8,Antibiótico,2026-06-29T14:26:45.094938+00:00,2026-07-27,12,52.9754492599122,51.76845169067383,52.9754492599122,sarima,0.0,v1.0.0
e8aeb018-f679-5670-b210-de4f62ff2111,7fb983e8-6848-5425-97a2-14da72722d0f,0ec23038-d3ab-588c-bbd6-1f5c744cdde1,Vitamina,2026-06-29T14:26:45.094938+00:00,2026-05-11,1,66.18531062835687,61.50700759887695,77.06487643403823,aditivo,0.5,v1.0.0
e8aeb018-f679-5670-b210-de4f62ff2111,7fb983e8-6848-5425-97a2-14da72722d0f,0ec23038-d3ab-588c-bbd6-1f5c744cdde1,Vitamina,2026-06-29T14:26:45.094938+00:00,2026-05-18,2,79.50381294027576,63.1873779296875,85.70805223205478,aditivo,0.5,v1.0.0
e8aeb018-f679-5670-b210-de4f62ff2111,7fb983e8-6848-5425-97a2-14da72722d0f,0ec23038-d3ab-588c-bbd6-1f5c744cdde1,Vitamina,2026-06-29T14:26:45.094938+00:00,2026-05-25,3,61.03071762712421,60.87382888793945,71.00023018875997,aditivo,0.5,v1.0.0
e8aeb018-f679-5670-b210-de4f62ff2111,7fb983e8-6848-5425-97a2-14da72722d0f,0ec23038-d3ab-588c-bbd6-1f5c744cdde1,Vitamina,2026-06-29T14:26:45.094938+00:00,2026-06-01,4,61.03071762712421,59.91328430175781,70.73220170231797,aditivo,0.5,v1.0.0
e8aeb018-f679-5670-b210-de4f62ff2111,7fb983e8-6848-5425-97a2-14da72722d0f,0ec23038-d3ab-588c-bbd6-1f5c744cdde1,Vitamina,2026-06-29T14:26:45.094938+00:00,2026-06-08,5,61.03071762712421,60.89775848388672,71.8659515059648,aditivo,0.5,v1.0.0
e8aeb018-f679-5670-b210-de4f62ff2111,7fb983e8-6848-5425-97a2-14da72722d0f,0ec23038-d3ab-588c-bbd6-1f5c744cdde1,Vitamina,2026-06-29T14:26:45.094938+00:00,2026-06-15,6,61.03071762712421,60.89775848388672,71.85101480293514,aditivo,0.5,v1.0.0
e8aeb018-f679-5670-b210-de4f62ff2111,7fb983e8-6848-5425-97a2-14da72722d0f,0ec23038-d3ab-588c-bbd6-1f5c744cdde1,Vitamina,2026-06-29T14:26:45.094938+00:00,2026-06-22,7,61.03071762712421,60.89775848388672,71.83629529966936,aditivo,0.5,v1.0.0
e8aeb018-f679-5670-b210-de4f62ff2111,7fb983e8-6848-5425-97a2-14da72722d0f,0ec23038-d3ab-588c-bbd6-1f5c744cdde1,Vitamina,2026-06-29T14:26:45.094938+00:00,2026-06-29,8,61.03071762712421,60.89775848388672,71.67366758251073,aditivo,0.5,v1.0.0
e8aeb018-f679-5670-b210-de4f62ff2111,7fb983e8-6848-5425-97a2-14da72722d0f,0ec23038-d3ab-588c-bbd6-1f5c744cdde1,Vitamina,2026-06-29T14:26:45.094938+00:00,2026-07-06,9,61.03071762712421,60.89775848388672,71.80734842128686,aditivo,0.5,v1.0.0
e8aeb018-f679-5670-b210-de4f62ff2111,7fb983e8-6848-5425-97a2-14da72722d0f,0ec23038-d3ab-588c-bbd6-1f5c744cdde1,Vitamina,2026-06-29T14:26:45.094938+00:00,2026-07-13,10,61.03071762712421,60.89775848388672,70.974031576979,aditivo,0.5,v1.0.0
e8aeb018-f679-5670-b210-de4f62ff2111,7fb983e8-6848-5425-97a2-14da72722d0f,0ec23038-d3ab-588c-bbd6-1f5c744cdde1,Vitamina,2026-06-29T14:26:45.094938+00:00,2026-07-20,11,61.03071762712421,60.89775848388672,70.96048631127584,aditivo,0.5,v1.0.0
e8aeb018-f679-5670-b210-de4f62ff2111,7fb983e8-6848-5425-97a2-14da72722d0f,0ec23038-d3ab-588c-bbd6-1f5c744cdde1,Vitamina,2026-06-29T14:26:45.094938+00:00,2026-07-27,12,61.03071762712421,60.89775848388672,70.94713161784736,aditivo,0.5,v1.0.0
e8aeb018-f679-5670-b210-de4f62ff2111,7fb983e8-6848-5425-97a2-14da72722d0f,1ca3438e-9e23-58f0-a35f-f15f7a23beb9,Antifúngico,2026-06-29T14:26:45.094938+00:00,2026-05-11,1,39.171373927417804,36.873687744140625,41.58636734125538,aditivo,1.5,v1.0.0
e8aeb018-f679-5670-b210-de4f62ff2111,7fb983e8-6848-5425-97a2-14da72722d0f,1ca3438e-9e23-58f0-a35f-f15f7a23beb9,Antifúngico,2026-06-29T14:26:45.094938+00:00,2026-05-18,2,51.545802111047806,36.87002944946289,53.4090339248008,aditivo,1.5,v1.0.0
e8aeb018-f679-5670-b210-de4f62ff2111,7fb983e8-6848-5425-97a2-14da72722d0f,1ca3438e-9e23-58f0-a35f-f15f7a23beb9,Antifúngico,2026-06-29T14:26:45.094938+00:00,2026-05-25,3,36.67937716569298,36.80300521850586,38.927104808020395,aditivo,1.5,v1.0.0
e8aeb018-f679-5670-b210-de4f62ff2111,7fb983e8-6848-5425-97a2-14da72722d0f,1ca3438e-9e23-58f0-a35f-f15f7a23beb9,Antifúngico,2026-06-29T14:26:45.094938+00:00,2026-06-01,4,33.523811634808204,36.62764358520508,38.80775015495719,aditivo,1.5,v1.0.0
e8aeb018-f679-5670-b210-de4f62ff2111,7fb983e8-6848-5425-97a2-14da72722d0f,1ca3438e-9e23-58f0-a35f-f15f7a23beb9,Antifúngico,2026-06-29T14:26:45.094938+00:00,2026-06-08,5,33.332319201080466,36.778533935546875,38.756210804865766,aditivo,1.5,v1.0.0
e8aeb018-f679-5670-b210-de4f62ff2111,7fb983e8-6848-5425-97a2-14da72722d0f,1ca3438e-9e23-58f0-a35f-f15f7a23beb9,Antifúngico,2026-06-29T14:26:45.094938+00:00,2026-06-15,6,34.97136582209463,36.778533935546875,38.667137194892064,aditivo,1.5,v1.0.0
e8aeb018-f679-5670-b210-de4f62ff2111,7fb983e8-6848-5425-97a2-14da72722d0f,1ca3438e-9e23-58f0-a35f-f15f7a23beb9,Antifúngico,2026-06-29T14:26:45.094938+00:00,2026-06-22,7,49.0300138546592,36.2923698425293,50.130589344680644,aditivo,1.5,v1.0.0
e8aeb018-f679-5670-b210-de4f62ff2111,7fb983e8-6848-5425-97a2-14da72722d0f,1ca3438e-9e23-58f0-a35f-f15f7a23beb9,Antifúngico,2026-06-29T14:26:45.094938+00:00,2026-06-29,8,36.67546092197354,36.962074279785156,39.71080653411197,aditivo,1.5,v1.0.0
e8aeb018-f679-5670-b210-de4f62ff2111,7fb983e8-6848-5425-97a2-14da72722d0f,1ca3438e-9e23-58f0-a35f-f15f7a23beb9,Antifúngico,2026-06-29T14:26:45.094938+00:00,2026-07-06,9,33.13481871461629,36.962074279785156,38.41265992202426,aditivo,1.5,v1.0.0
e8aeb018-f679-5670-b210-de4f62ff2111,7fb983e8-6848-5425-97a2-14da72722d0f,1ca3438e-9e23-58f0-a35f-f15f7a23beb9,Antifúngico,2026-06-29T14:26:45.094938+00:00,2026-07-13,10,46.40321803304421,40.76066207885742,51.04399408300841,aditivo,1.5,v1.0.0
e8aeb018-f679-5670-b210-de4f62ff2111,7fb983e8-6848-5425-97a2-14da72722d0f,1ca3438e-9e23-58f0-a35f-f15f7a23beb9,Antifúngico,2026-06-29T14:26:45.094938+00:00,2026-07-20,11,39.10489660533189,40.69506072998047,42.28385720633727,aditivo,1.5,v1.0.0
e8aeb018-f679-5670-b210-de4f62ff2111,7fb983e8-6848-5425-97a2-14da72722d0f,1ca3438e-9e23-58f0-a35f-f15f7a23beb9,Antifúngico,2026-06-29T14:26:45.094938+00:00,2026-07-27,12,36.29088141562357,40.508689880371094,39.873481703625444,aditivo,1.5,v1.0.0
e8aeb018-f679-5670-b210-de4f62ff2111,7fb983e8-6848-5425-97a2-14da72722d0f,1e9605fd-5682-52b6-8f05-e8a92dd44513,Antivertiginoso,2026-06-29T14:26:45.094938+00:00,2026-05-11,1,13.790356796668808,18.491270065307617,14.860838406385456,aditivo,0.3,v1.0.0
e8aeb018-f679-5670-b210-de4f62ff2111,7fb983e8-6848-5425-97a2-14da72722d0f,1e9605fd-5682-52b6-8f05-e8a92dd44513,Antivertiginoso,2026-06-29T14:26:45.094938+00:00,2026-05-18,2,14.858116794018478,17.85043716430664,15.843610584154716,aditivo,0.3,v1.0.0
e8aeb018-f679-5670-b210-de4f62ff2111,7fb983e8-6848-5425-97a2-14da72722d0f,1e9605fd-5682-52b6-8f05-e8a92dd44513,Antivertiginoso,2026-06-29T14:26:45.094938+00:00,2026-05-25,3,15.467193246049522,17.137392044067383,16.47849325117474,aditivo,0.3,v1.0.0
e8aeb018-f679-5670-b210-de4f62ff2111,7fb983e8-6848-5425-97a2-14da72722d0f,1e9605fd-5682-52b6-8f05-e8a92dd44513,Antivertiginoso,2026-06-29T14:26:45.094938+00:00,2026-06-01,4,15.806195381368248,16.82451820373535,16.719959376513863,aditivo,0.3,v1.0.0
e8aeb018-f679-5670-b210-de4f62ff2111,7fb983e8-6848-5425-97a2-14da72722d0f,1e9605fd-5682-52b6-8f05-e8a92dd44513,Antivertiginoso,2026-06-29T14:26:45.094938+00:00,2026-06-08,5,15.992384546684946,16.731460571289062,16.903020030367877,aditivo,0.3,v1.0.0
e8aeb018-f679-5670-b210-de4f62ff2111,7fb983e8-6848-5425-97a2-14da72722d0f,1e9605fd-5682-52b6-8f05-e8a92dd44513,Antivertiginoso,2026-06-29T14:26:45.094938+00:00,2026-06-15,6,16.093910898353602,16.673856735229492,17.005837124592325,aditivo,0.3,v1.0.0
e8aeb018-f679-5670-b210-de4f62ff2111,7fb983e8-6848-5425-97a2-14da72722d0f,1e9605fd-5682-52b6-8f05-e8a92dd44513,Antivertiginoso,2026-06-29T14:26:45.094938+00:00,2026-06-22,7,16.14905653992257,17.13245964050293,17.070702453433967,aditivo,0.3,v1.0.0
e8aeb018-f679-5670-b210-de4f62ff2111,7fb983e8-6848-5425-97a2-14da72722d0f,1e9605fd-5682-52b6-8f05-e8a92dd44513,Antivertiginoso,2026-06-29T14:26:45.094938+00:00,2026-06-29,8,16.178946719555615,16.800430297851562,17.06105246640564,aditivo,0.3,v1.0.0
e8aeb018-f679-5670-b210-de4f62ff2111,7fb983e8-6848-5425-97a2-14da72722d0f,1e9605fd-5682-52b6-8f05-e8a92dd44513,Antivertiginoso,2026-06-29T14:26:45.094938+00:00,2026-07-06,9,16.195129420570506,17.07847023010254,17.076478115222884,aditivo,0.3,v1.0.0
e8aeb018-f679-5670-b210-de4f62ff2111,7fb983e8-6848-5425-97a2-14da72722d0f,1e9605fd-5682-52b6-8f05-e8a92dd44513,Antivertiginoso,2026-06-29T14:26:45.094938+00:00,2026-07-13,10,16.20388542392294,16.673856735229492,17.065358931119178,aditivo,0.3,v1.0.0
e8aeb018-f679-5670-b210-de4f62ff2111,7fb983e8-6848-5425-97a2-14da72722d0f,1e9605fd-5682-52b6-8f05-e8a92dd44513,Antivertiginoso,2026-06-29T14:26:45.094938+00:00,2026-07-20,11,16.20862147249799,16.673856735229492,17.05947689538281,aditivo,0.3,v1.0.0
e8aeb018-f679-5670-b210-de4f62ff2111,7fb983e8-6848-5425-97a2-14da72722d0f,1e9605fd-5682-52b6-8f05-e8a92dd44513,Antivertiginoso,2026-06-29T14:26:45.094938+00:00,2026-07-27,12,16.21118269995816,17.194822311401367,17.0613380022656,aditivo,0.3,v1.0.0
e8aeb018-f679-5670-b210-de4f62ff2111,7fb983e8-6848-5425-97a2-14da72722d0f,2082733c-4e17-51fe-bc8c-bf33d3ec5d7e,Antiulceroso,2026-06-29T14:26:45.094938+00:00,2026-05-11,1,46.58226329415552,46.08563995361328,49.54012071250657,aditivo,1.0,v1.0.0
e8aeb018-f679-5670-b210-de4f62ff2111,7fb983e8-6848-5425-97a2-14da72722d0f,2082733c-4e17-51fe-bc8c-bf33d3ec5d7e,Antiulceroso,2026-06-29T14:26:45.094938+00:00,2026-05-18,2,46.58226329415552,46.1798095703125,49.5412156846393,aditivo,1.0,v1.0.0
e8aeb018-f679-5670-b210-de4f62ff2111,7fb983e8-6848-5425-97a2-14da72722d0f,2082733c-4e17-51fe-bc8c-bf33d3ec5d7e,Antiulceroso,2026-06-29T14:26:45.094938+00:00,2026-05-25,3,46.58226329415552,46.1798095703125,49.542293684240065,aditivo,1.0,v1.0.0
e8aeb018-f679-5670-b210-de4f62ff2111,7fb983e8-6848-5425-97a2-14da72722d0f,2082733c-4e17-51fe-bc8c-bf33d3ec5d7e,Antiulceroso,2026-06-29T14:26:45.094938+00:00,2026-06-01,4,46.58226329415552,45.855228424072266,49.33959761526055,aditivo,1.0,v1.0.0
e8aeb018-f679-5670-b210-de4f62ff2111,7fb983e8-6848-5425-97a2-14da72722d0f,2082733c-4e17-51fe-bc8c-bf33d3ec5d7e,Antiulceroso,2026-06-29T14:26:45.094938+00:00,2026-06-08,5,46.58226329415552,45.7617073059082,49.3404776255071,aditivo,1.0,v1.0.0
e8aeb018-f679-5670-b210-de4f62ff2111,7fb983e8-6848-5425-97a2-14da72722d0f,2082733c-4e17-51fe-bc8c-bf33d3ec5d7e,Antiulceroso,2026-06-29T14:26:45.094938+00:00,2026-06-15,6,46.58226329415552,45.7617073059082,49.05465052832195,aditivo,1.0,v1.0.0
e8aeb018-f679-5670-b210-de4f62ff2111,7fb983e8-6848-5425-97a2-14da72722d0f,2082733c-4e17-51fe-bc8c-bf33d3ec5d7e,Antiulceroso,2026-06-29T14:26:45.094938+00:00,2026-06-22,7,46.58226329415552,45.7617073059082,49.17116488301576,aditivo,1.0,v1.0.0
e8aeb018-f679-5670-b210-de4f62ff2111,7fb983e8-6848-5425-97a2-14da72722d0f,2082733c-4e17-51fe-bc8c-bf33d3ec5d7e,Antiulceroso,2026-06-29T14:26:45.094938+00:00,2026-06-29,8,46.58226329415552,45.7617073059082,49.171882840780995,aditivo,1.0,v1.0.0
e8aeb018-f679-5670-b210-de4f62ff2111,7fb983e8-6848-5425-97a2-14da72722d0f,2082733c-4e17-51fe-bc8c-bf33d3ec5d7e,Antiulceroso,2026-06-29T14:26:45.094938+00:00,2026-07-06,9,46.58226329415552,45.66513442993164,49.17259013631967,aditivo,1.0,v1.0.0
e8aeb018-f679-5670-b210-de4f62ff2111,7fb983e8-6848-5425-97a2-14da72722d0f,2082733c-4e17-51fe-bc8c-bf33d3ec5d7e,Antiulceroso,2026-06-29T14:26:45.094938+00:00,2026-07-13,10,46.58226329415552,45.66513442993164,49.173287007548964,aditivo,1.0,v1.0.0
e8aeb018-f679-5670-b210-de4f62ff2111,7fb983e8-6848-5425-97a2-14da72722d0f,2082733c-4e17-51fe-bc8c-bf33d3ec5d7e,Antiulceroso,2026-06-29T14:26:45.094938+00:00,2026-07-20,11,46.58226329415552,45.66513442993164,48.99778013496679,aditivo,1.0,v1.0.0
e8aeb018-f679-5670-b210-de4f62ff2111,7fb983e8-6848-5425-97a2-14da72722d0f,2082733c-4e17-51fe-bc8c-bf33d3ec5d7e,Antiulceroso,2026-06-29T14:26:45.094938+00:00,2026-07-27,12,46.58226329415552,45.66513442993164,48.99834398928981,aditivo,1.0,v1.0.0
e8aeb018-f679-5670-b210-de4f62ff2111,7fb983e8-6848-5425-97a2-14da72722d0f,22231140-3780-5fe8-a7d4-d33f61d15111,Corticosteroide,2026-06-29T14:26:45.094938+00:00,2026-05-11,1,22.726503895321876,27.47866439819336,22.726503895321876,sarima,0.0,v1.0.0
e8aeb018-f679-5670-b210-de4f62ff2111,7fb983e8-6848-5425-97a2-14da72722d0f,22231140-3780-5fe8-a7d4-d33f61d15111,Corticosteroide,2026-06-29T14:26:45.094938+00:00,2026-05-18,2,24.028544887413698,26.416847229003906,24.028544887413698,sarima,0.0,v1.0.0
e8aeb018-f679-5670-b210-de4f62ff2111,7fb983e8-6848-5425-97a2-14da72722d0f,22231140-3780-5fe8-a7d4-d33f61d15111,Corticosteroide,2026-06-29T14:26:45.094938+00:00,2026-05-25,3,24.595719043773112,26.121610641479492,24.595719043773112,sarima,0.0,v1.0.0
e8aeb018-f679-5670-b210-de4f62ff2111,7fb983e8-6848-5425-97a2-14da72722d0f,22231140-3780-5fe8-a7d4-d33f61d15111,Corticosteroide,2026-06-29T14:26:45.094938+00:00,2026-06-01,4,23.97313886462147,26.384811401367188,23.97313886462147,sarima,0.0,v1.0.0
e8aeb018-f679-5670-b210-de4f62ff2111,7fb983e8-6848-5425-97a2-14da72722d0f,22231140-3780-5fe8-a7d4-d33f61d15111,Corticosteroide,2026-06-29T14:26:45.094938+00:00,2026-06-08,5,22.697695973924684,25.808523178100586,22.697695973924684,sarima,0.0,v1.0.0
e8aeb018-f679-5670-b210-de4f62ff2111,7fb983e8-6848-5425-97a2-14da72722d0f,22231140-3780-5fe8-a7d4-d33f61d15111,Corticosteroide,2026-06-29T14:26:45.094938+00:00,2026-06-15,6,23.9002849308353,24.92723274230957,23.9002849308353,sarima,0.0,v1.0.0
e8aeb018-f679-5670-b210-de4f62ff2111,7fb983e8-6848-5425-97a2-14da72722d0f,22231140-3780-5fe8-a7d4-d33f61d15111,Corticosteroide,2026-06-29T14:26:45.094938+00:00,2026-06-22,7,24.22212921228553,24.445499420166016,24.22212921228553,sarima,0.0,v1.0.0
e8aeb018-f679-5670-b210-de4f62ff2111,7fb983e8-6848-5425-97a2-14da72722d0f,22231140-3780-5fe8-a7d4-d33f61d15111,Corticosteroide,2026-06-29T14:26:45.094938+00:00,2026-06-29,8,23.776657246261948,24.060245513916016,23.776657246261948,sarima,0.0,v1.0.0
e8aeb018-f679-5670-b210-de4f62ff2111,7fb983e8-6848-5425-97a2-14da72722d0f,22231140-3780-5fe8-a7d4-d33f61d15111,Corticosteroide,2026-06-29T14:26:45.094938+00:00,2026-07-06,9,22.668527043962825,24.593347549438477,22.668527043962825,sarima,0.0,v1.0.0
e8aeb018-f679-5670-b210-de4f62ff2111,7fb983e8-6848-5425-97a2-14da72722d0f,22231140-3780-5fe8-a7d4-d33f61d15111,Corticosteroide,2026-06-29T14:26:45.094938+00:00,2026-07-13,10,25.387524087308588,24.610939025878906,25.387524087308588,sarima,0.0,v1.0.0
e8aeb018-f679-5670-b210-de4f62ff2111,7fb983e8-6848-5425-97a2-14da72722d0f,22231140-3780-5fe8-a7d4-d33f61d15111,Corticosteroide,2026-06-29T14:26:45.094938+00:00,2026-07-20,11,25.08286664987981,24.26679801940918,25.08286664987981,sarima,0.0,v1.0.0
e8aeb018-f679-5670-b210-de4f62ff2111,7fb983e8-6848-5425-97a2-14da72722d0f,22231140-3780-5fe8-a7d4-d33f61d15111,Corticosteroide,2026-06-29T14:26:45.094938+00:00,2026-07-27,12,25.49124909503308,24.52989959716797,25.49124909503308,sarima,0.0,v1.0.0
e8aeb018-f679-5670-b210-de4f62ff2111,7fb983e8-6848-5425-97a2-14da72722d0f,2897aac2-f219-5167-b800-73fac27f6b85,Broncodilatador,2026-06-29T14:26:45.094938+00:00,2026-05-11,1,31.760511471959056,38.74456024169922,37.4707716738164,aditivo,0.8,v1.0.0
e8aeb018-f679-5670-b210-de4f62ff2111,7fb983e8-6848-5425-97a2-14da72722d0f,2897aac2-f219-5167-b800-73fac27f6b85,Broncodilatador,2026-06-29T14:26:45.094938+00:00,2026-05-18,2,31.612966955805163,39.09659957885742,37.22911048094775,aditivo,0.8,v1.0.0
e8aeb018-f679-5670-b210-de4f62ff2111,7fb983e8-6848-5425-97a2-14da72722d0f,2897aac2-f219-5167-b800-73fac27f6b85,Broncodilatador,2026-06-29T14:26:45.094938+00:00,2026-05-25,3,33.08766900871337,41.006263732910156,40.48988103510508,aditivo,0.8,v1.0.0
e8aeb018-f679-5670-b210-de4f62ff2111,7fb983e8-6848-5425-97a2-14da72722d0f,2897aac2-f219-5167-b800-73fac27f6b85,Broncodilatador,2026-06-29T14:26:45.094938+00:00,2026-06-01,4,34.492020567985094,40.979331970214844,41.27891018019802,aditivo,0.8,v1.0.0
e8aeb018-f679-5670-b210-de4f62ff2111,7fb983e8-6848-5425-97a2-14da72722d0f,2897aac2-f219-5167-b800-73fac27f6b85,Broncodilatador,2026-06-29T14:26:45.094938+00:00,2026-06-08,5,33.39921599367947,40.33694839477539,41.02846750330754,aditivo,0.8,v1.0.0
e8aeb018-f679-5670-b210-de4f62ff2111,7fb983e8-6848-5425-97a2-14da72722d0f,2897aac2-f219-5167-b800-73fac27f6b85,Broncodilatador,2026-06-29T14:26:45.094938+00:00,2026-06-15,6,33.41823062988993,41.13097381591797,41.05077947827051,aditivo,0.8,v1.0.0
e8aeb018-f679-5670-b210-de4f62ff2111,7fb983e8-6848-5425-97a2-14da72722d0f,2897aac2-f219-5167-b800-73fac27f6b85,Broncodilatador,2026-06-29T14:26:45.094938+00:00,2026-06-22,7,33.43582986582934,42.21796798706055,38.982101315627546,aditivo,0.8,v1.0.0
e8aeb018-f679-5670-b210-de4f62ff2111,7fb983e8-6848-5425-97a2-14da72722d0f,2897aac2-f219-5167-b800-73fac27f6b85,Broncodilatador,2026-06-29T14:26:45.094938+00:00,2026-06-29,8,33.45211841102942,42.30440139770508,41.08805440823285,aditivo,0.8,v1.0.0
e8aeb018-f679-5670-b210-de4f62ff2111,7fb983e8-6848-5425-97a2-14da72722d0f,2897aac2-f219-5167-b800-73fac27f6b85,Broncodilatador,2026-06-29T14:26:45.094938+00:00,2026-07-06,9,33.467193322455266,42.30440139770508,39.015910424458546,aditivo,0.8,v1.0.0
e8aeb018-f679-5670-b210-de4f62ff2111,7fb983e8-6848-5425-97a2-14da72722d0f,2897aac2-f219-5167-b800-73fac27f6b85,Broncodilatador,2026-06-29T14:26:45.094938+00:00,2026-07-13,10,33.48114455020736,42.393531799316406,41.12047073211403,aditivo,0.8,v1.0.0
e8aeb018-f679-5670-b210-de4f62ff2111,7fb983e8-6848-5425-97a2-14da72722d0f,2897aac2-f219-5167-b800-73fac27f6b85,Broncodilatador,2026-06-29T14:26:45.094938+00:00,2026-07-20,11,33.49405544629343,41.92782974243164,39.39314180641541,aditivo,0.8,v1.0.0
e8aeb018-f679-5670-b210-de4f62ff2111,7fb983e8-6848-5425-97a2-14da72722d0f,2897aac2-f219-5167-b800-73fac27f6b85,Broncodilatador,2026-06-29T14:26:45.094938+00:00,2026-07-27,12,33.50600323867373,41.797218322753906,37.406690089277554,aditivo,0.8,v1.0.0
e8aeb018-f679-5670-b210-de4f62ff2111,7fb983e8-6848-5425-97a2-14da72722d0f,2933d8b7-2438-521b-b38d-d3a5224f87fc,Analgésico,2026-06-29T14:26:45.094938+00:00,2026-05-11,1,75.74998969327754,73.6365737915039,83.50056635149737,aditivo,1.5,v1.0.0
e8aeb018-f679-5670-b210-de4f62ff2111,7fb983e8-6848-5425-97a2-14da72722d0f,2933d8b7-2438-521b-b38d-d3a5224f87fc,Analgésico,2026-06-29T14:26:45.094938+00:00,2026-05-18,2,75.61204378516123,73.87893676757812,82.82549889807522,aditivo,1.5,v1.0.0
e8aeb018-f679-5670-b210-de4f62ff2111,7fb983e8-6848-5425-97a2-14da72722d0f,2933d8b7-2438-521b-b38d-d3a5224f87fc,Analgésico,2026-06-29T14:26:45.094938+00:00,2026-05-25,3,75.49147070882913,75.94383239746094,83.03117821052084,aditivo,1.5,v1.0.0
e8aeb018-f679-5670-b210-de4f62ff2111,7fb983e8-6848-5425-97a2-14da72722d0f,2933d8b7-2438-521b-b38d-d3a5224f87fc,Analgésico,2026-06-29T14:26:45.094938+00:00,2026-06-01,4,75.38606040785979,74.6290512084961,84.44252760568402,aditivo,1.5,v1.0.0
e8aeb018-f679-5670-b210-de4f62ff2111,7fb983e8-6848-5425-97a2-14da72722d0f,2933d8b7-2438-521b-b38d-d3a5224f87fc,Analgésico,2026-06-29T14:26:45.094938+00:00,2026-06-08,5,75.29388913037232,79.3769760131836,94.13930187571407,aditivo,1.5,v1.0.0
e8aeb018-f679-5670-b210-de4f62ff2111,7fb983e8-6848-5425-97a2-14da72722d0f,2933d8b7-2438-521b-b38d-d3a5224f87fc,Analgésico,2026-06-29T14:26:45.094938+00:00,2026-06-15,6,75.21328114546078,80.22948455810547,100.30759391471443,aditivo,1.5,v1.0.0
e8aeb018-f679-5670-b210-de4f62ff2111,7fb983e8-6848-5425-97a2-14da72722d0f,2933d8b7-2438-521b-b38d-d3a5224f87fc,Analgésico,2026-06-29T14:26:45.094938+00:00,2026-06-22,7,75.14277585181559,80.22948455810547,102.00868163710436,aditivo,1.5,v1.0.0
e8aeb018-f679-5670-b210-de4f62ff2111,7fb983e8-6848-5425-97a2-14da72722d0f,2933d8b7-2438-521b-b38d-d3a5224f87fc,Analgésico,2026-06-29T14:26:45.094938+00:00,2026-06-29,8,75.08109945803106,78.51457214355469,98.85485131177899,aditivo,1.5,v1.0.0
e8aeb018-f679-5670-b210-de4f62ff2111,7fb983e8-6848-5425-97a2-14da72722d0f,2933d8b7-2438-521b-b38d-d3a5224f87fc,Analgésico,2026-06-29T14:26:45.094938+00:00,2026-07-06,9,75.02714055206452,83.82452392578125,102.50143758827328,aditivo,1.5,v1.0.0
e8aeb018-f679-5670-b210-de4f62ff2111,7fb983e8-6848-5425-97a2-14da72722d0f,2933d8b7-2438-521b-b38d-d3a5224f87fc,Analgésico,2026-06-29T14:26:45.094938+00:00,2026-07-13,10,74.97992898941366,83.82452392578125,102.51569871063926,aditivo,1.5,v1.0.0
e8aeb018-f679-5670-b210-de4f62ff2111,7fb983e8-6848-5425-97a2-14da72722d0f,2933d8b7-2438-521b-b38d-d3a5224f87fc,Analgésico,2026-06-29T14:26:45.094938+00:00,2026-07-20,11,74.93861762117602,83.82452392578125,102.53497285537642,aditivo,1.5,v1.0.0
e8aeb018-f679-5670-b210-de4f62ff2111,7fb983e8-6848-5425-97a2-14da72722d0f,2933d8b7-2438-521b-b38d-d3a5224f87fc,Analgésico,2026-06-29T14:26:45.094938+00:00,2026-07-27,12,74.90246645839771,78.2802963256836,85.77882841830318,aditivo,1.5,v1.0.0
e8aeb018-f679-5670-b210-de4f62ff2111,7fb983e8-6848-5425-97a2-14da72722d0f,2eb3a104-e572-583a-afa0-156ee0dc4cce,Antihipertensivo,2026-06-29T14:26:45.094938+00:00,2026-05-11,1,51.94913953181687,58.09827423095703,54.28962954506881,aditivo,0.6,v1.0.0
e8aeb018-f679-5670-b210-de4f62ff2111,7fb983e8-6848-5425-97a2-14da72722d0f,2eb3a104-e572-583a-afa0-156ee0dc4cce,Antihipertensivo,2026-06-29T14:26:45.094938+00:00,2026-05-18,2,53.272612413642214,58.10700988769531,55.23091055941773,aditivo,0.6,v1.0.0
e8aeb018-f679-5670-b210-de4f62ff2111,7fb983e8-6848-5425-97a2-14da72722d0f,2eb3a104-e572-583a-afa0-156ee0dc4cce,Antihipertensivo,2026-06-29T14:26:45.094938+00:00,2026-05-25,3,57.13530834835429,58.35076904296875,59.19393218319621,aditivo,0.6,v1.0.0
e8aeb018-f679-5670-b210-de4f62ff2111,7fb983e8-6848-5425-97a2-14da72722d0f,2eb3a104-e572-583a-afa0-156ee0dc4cce,Antihipertensivo,2026-06-29T14:26:45.094938+00:00,2026-06-01,4,57.13530834835429,58.2252197265625,60.56181983384884,aditivo,0.6,v1.0.0
e8aeb018-f679-5670-b210-de4f62ff2111,7fb983e8-6848-5425-97a2-14da72722d0f,2eb3a104-e572-583a-afa0-156ee0dc4cce,Antihipertensivo,2026-06-29T14:26:45.094938+00:00,2026-06-08,5,57.13530834835429,58.10700988769531,59.281132039578424,aditivo,0.6,v1.0.0
e8aeb018-f679-5670-b210-de4f62ff2111,7fb983e8-6848-5425-97a2-14da72722d0f,2eb3a104-e572-583a-afa0-156ee0dc4cce,Antihipertensivo,2026-06-29T14:26:45.094938+00:00,2026-06-15,6,57.13530834835429,58.10700988769531,59.28095234807696,aditivo,0.6,v1.0.0
e8aeb018-f679-5670-b210-de4f62ff2111,7fb983e8-6848-5425-97a2-14da72722d0f,2eb3a104-e572-583a-afa0-156ee0dc4cce,Antihipertensivo,2026-06-29T14:26:45.094938+00:00,2026-06-22,7,57.13530834835429,58.10700988769531,59.2592492975059,aditivo,0.6,v1.0.0
e8aeb018-f679-5670-b210-de4f62ff2111,7fb983e8-6848-5425-97a2-14da72722d0f,2eb3a104-e572-583a-afa0-156ee0dc4cce,Antihipertensivo,2026-06-29T14:26:45.094938+00:00,2026-06-29,8,57.13530834835429,58.10700988769531,59.25907089428326,aditivo,0.6,v1.0.0
e8aeb018-f679-5670-b210-de4f62ff2111,7fb983e8-6848-5425-97a2-14da72722d0f,2eb3a104-e572-583a-afa0-156ee0dc4cce,Antihipertensivo,2026-06-29T14:26:45.094938+00:00,2026-07-06,9,57.13530834835429,58.10700988769531,59.297869109348575,aditivo,0.6,v1.0.0
e8aeb018-f679-5670-b210-de4f62ff2111,7fb983e8-6848-5425-97a2-14da72722d0f,2eb3a104-e572-583a-afa0-156ee0dc4cce,Antihipertensivo,2026-06-29T14:26:45.094938+00:00,2026-07-13,10,57.13530834835429,58.10700988769531,59.23666153208903,aditivo,0.6,v1.0.0
e8aeb018-f679-5670-b210-de4f62ff2111,7fb983e8-6848-5425-97a2-14da72722d0f,2eb3a104-e572-583a-afa0-156ee0dc4cce,Antihipertensivo,2026-06-29T14:26:45.094938+00:00,2026-07-20,11,57.13530834835429,58.10700988769531,59.12528857631874,aditivo,0.6,v1.0.0
e8aeb018-f679-5670-b210-de4f62ff2111,7fb983e8-6848-5425-97a2-14da72722d0f,2eb3a104-e572-583a-afa0-156ee0dc4cce,Antihipertensivo,2026-06-29T14:26:45.094938+00:00,2026-07-27,12,57.13530834835429,58.10700988769531,59.125097995668625,aditivo,0.6,v1.0.0
e8aeb018-f679-5670-b210-de4f62ff2111,7fb983e8-6848-5425-97a2-14da72722d0f,38adf7ba-476e-5e6b-9163-781a13538253,Antihistamínico,2026-06-29T14:26:45.094938+00:00,2026-05-11,1,77.54862317142326,71.81739044189453,77.54862317142326,sarima,0.0,v1.0.0
e8aeb018-f679-5670-b210-de4f62ff2111,7fb983e8-6848-5425-97a2-14da72722d0f,38adf7ba-476e-5e6b-9163-781a13538253,Antihistamínico,2026-06-29T14:26:45.094938+00:00,2026-05-18,2,78.42620339866686,73.93097686767578,78.42620339866686,sarima,0.0,v1.0.0
e8aeb018-f679-5670-b210-de4f62ff2111,7fb983e8-6848-5425-97a2-14da72722d0f,38adf7ba-476e-5e6b-9163-781a13538253,Antihistamínico,2026-06-29T14:26:45.094938+00:00,2026-05-25,3,79.24462770384451,71.81739044189453,79.24462770384451,sarima,0.0,v1.0.0
e8aeb018-f679-5670-b210-de4f62ff2111,7fb983e8-6848-5425-97a2-14da72722d0f,38adf7ba-476e-5e6b-9163-781a13538253,Antihistamínico,2026-06-29T14:26:45.094938+00:00,2026-06-01,4,80.00725371618057,71.81739044189453,80.00725371618057,sarima,0.0,v1.0.0
e8aeb018-f679-5670-b210-de4f62ff2111,7fb983e8-6848-5425-97a2-14da72722d0f,38adf7ba-476e-5e6b-9163-781a13538253,Antihistamínico,2026-06-29T14:26:45.094938+00:00,2026-06-08,5,80.71734443970357,71.81739044189453,80.71734443970357,sarima,0.0,v1.0.0
e8aeb018-f679-5670-b210-de4f62ff2111,7fb983e8-6848-5425-97a2-14da72722d0f,38adf7ba-476e-5e6b-9163-781a13538253,Antihistamínico,2026-06-29T14:26:45.094938+00:00,2026-06-15,6,81.37805427349873,71.81739044189453,81.37805427349873,sarima,0.0,v1.0.0
e8aeb018-f679-5670-b210-de4f62ff2111,7fb983e8-6848-5425-97a2-14da72722d0f,38adf7ba-476e-5e6b-9163-781a13538253,Antihistamínico,2026-06-29T14:26:45.094938+00:00,2026-06-22,7,81.99241862891239,71.81739044189453,81.99241862891239,sarima,0.0,v1.0.0
e8aeb018-f679-5670-b210-de4f62ff2111,7fb983e8-6848-5425-97a2-14da72722d0f,38adf7ba-476e-5e6b-9163-781a13538253,Antihistamínico,2026-06-29T14:26:45.094938+00:00,2026-06-29,8,82.56334661958593,71.81739044189453,82.56334661958593,sarima,0.0,v1.0.0
e8aeb018-f679-5670-b210-de4f62ff2111,7fb983e8-6848-5425-97a2-14da72722d0f,38adf7ba-476e-5e6b-9163-781a13538253,Antihistamínico,2026-06-29T14:26:45.094938+00:00,2026-07-06,9,83.09361635281101,71.81739044189453,83.09361635281101,sarima,0.0,v1.0.0
e8aeb018-f679-5670-b210-de4f62ff2111,7fb983e8-6848-5425-97a2-14da72722d0f,38adf7ba-476e-5e6b-9163-781a13538253,Antihistamínico,2026-06-29T14:26:45.094938+00:00,2026-07-13,10,83.58587240192341,72.15814971923828,83.58587240192341,sarima,0.0,v1.0.0
e8aeb018-f679-5670-b210-de4f62ff2111,7fb983e8-6848-5425-97a2-14da72722d0f,38adf7ba-476e-5e6b-9163-781a13538253,Antihistamínico,2026-06-29T14:26:45.094938+00:00,2026-07-20,11,84.04262508823975,71.81739044189453,84.04262508823975,sarima,0.0,v1.0.0
e8aeb018-f679-5670-b210-de4f62ff2111,7fb983e8-6848-5425-97a2-14da72722d0f,38adf7ba-476e-5e6b-9163-781a13538253,Antihistamínico,2026-06-29T14:26:45.094938+00:00,2026-07-27,12,84.46625124669777,71.81739044189453,84.46625124669777,sarima,0.0,v1.0.0
e8aeb018-f679-5670-b210-de4f62ff2111,7fb983e8-6848-5425-97a2-14da72722d0f,4d9429b6-2ebf-5b5d-ac48-f779d5a1e270,Antibiótico,2026-06-29T14:26:45.094938+00:00,2026-05-11,1,18.676453468040766,20.28484535217285,18.676453468040766,sarima,0.0,v1.0.0
e8aeb018-f679-5670-b210-de4f62ff2111,7fb983e8-6848-5425-97a2-14da72722d0f,4d9429b6-2ebf-5b5d-ac48-f779d5a1e270,Antibiótico,2026-06-29T14:26:45.094938+00:00,2026-05-18,2,20.221294932052146,20.13225555419922,20.221294932052146,sarima,0.0,v1.0.0
e8aeb018-f679-5670-b210-de4f62ff2111,7fb983e8-6848-5425-97a2-14da72722d0f,4d9429b6-2ebf-5b5d-ac48-f779d5a1e270,Antibiótico,2026-06-29T14:26:45.094938+00:00,2026-05-25,3,18.564282618705064,20.323549270629883,18.564282618705064,sarima,0.0,v1.0.0
e8aeb018-f679-5670-b210-de4f62ff2111,7fb983e8-6848-5425-97a2-14da72722d0f,4d9429b6-2ebf-5b5d-ac48-f779d5a1e270,Antibiótico,2026-06-29T14:26:45.094938+00:00,2026-06-01,4,17.08027034502622,19.59195899963379,17.08027034502622,sarima,0.0,v1.0.0
e8aeb018-f679-5670-b210-de4f62ff2111,7fb983e8-6848-5425-97a2-14da72722d0f,4d9429b6-2ebf-5b5d-ac48-f779d5a1e270,Antibiótico,2026-06-29T14:26:45.094938+00:00,2026-06-08,5,17.82260653227064,18.791431427001953,17.82260653227064,sarima,0.0,v1.0.0
e8aeb018-f679-5670-b210-de4f62ff2111,7fb983e8-6848-5425-97a2-14da72722d0f,4d9429b6-2ebf-5b5d-ac48-f779d5a1e270,Antibiótico,2026-06-29T14:26:45.094938+00:00,2026-06-15,6,17.595584953034503,18.776119232177734,17.595584953034503,sarima,0.0,v1.0.0
e8aeb018-f679-5670-b210-de4f62ff2111,7fb983e8-6848-5425-97a2-14da72722d0f,4d9429b6-2ebf-5b5d-ac48-f779d5a1e270,Antibiótico,2026-06-29T14:26:45.094938+00:00,2026-06-22,7,19.105486493964488,18.109216690063477,19.105486493964488,sarima,0.0,v1.0.0
e8aeb018-f679-5670-b210-de4f62ff2111,7fb983e8-6848-5425-97a2-14da72722d0f,4d9429b6-2ebf-5b5d-ac48-f779d5a1e270,Antibiótico,2026-06-29T14:26:45.094938+00:00,2026-06-29,8,20.31072155499723,18.10318946838379,20.31072155499723,sarima,0.0,v1.0.0
e8aeb018-f679-5670-b210-de4f62ff2111,7fb983e8-6848-5425-97a2-14da72722d0f,4d9429b6-2ebf-5b5d-ac48-f779d5a1e270,Antibiótico,2026-06-29T14:26:45.094938+00:00,2026-07-06,9,17.884911700362913,18.804481506347656,17.884911700362913,sarima,0.0,v1.0.0
e8aeb018-f679-5670-b210-de4f62ff2111,7fb983e8-6848-5425-97a2-14da72722d0f,4d9429b6-2ebf-5b5d-ac48-f779d5a1e270,Antibiótico,2026-06-29T14:26:45.094938+00:00,2026-07-13,10,18.49863663174183,18.745513916015625,18.49863663174183,sarima,0.0,v1.0.0
e8aeb018-f679-5670-b210-de4f62ff2111,7fb983e8-6848-5425-97a2-14da72722d0f,4d9429b6-2ebf-5b5d-ac48-f779d5a1e270,Antibiótico,2026-06-29T14:26:45.094938+00:00,2026-07-20,11,17.835942042843477,18.838516235351562,17.835942042843477,sarima,0.0,v1.0.0
e8aeb018-f679-5670-b210-de4f62ff2111,7fb983e8-6848-5425-97a2-14da72722d0f,4d9429b6-2ebf-5b5d-ac48-f779d5a1e270,Antibiótico,2026-06-29T14:26:45.094938+00:00,2026-07-27,12,17.856765972142945,18.828624725341797,17.856765972142945,sarima,0.0,v1.0.0
e8aeb018-f679-5670-b210-de4f62ff2111,7fb983e8-6848-5425-97a2-14da72722d0f,5bbfdec8-65ae-59e6-b211-5eccb5b765fa,Analgésico,2026-06-29T14:26:45.094938+00:00,2026-05-11,1,72.6731157263438,68.68939208984375,79.58355091336084,aditivo,1.5,v1.0.0
e8aeb018-f679-5670-b210-de4f62ff2111,7fb983e8-6848-5425-97a2-14da72722d0f,5bbfdec8-65ae-59e6-b211-5eccb5b765fa,Analgésico,2026-06-29T14:26:45.094938+00:00,2026-05-18,2,69.80331382031076,68.3896713256836,75.84017036931893,aditivo,1.5,v1.0.0
e8aeb018-f679-5670-b210-de4f62ff2111,7fb983e8-6848-5425-97a2-14da72722d0f,5bbfdec8-65ae-59e6-b211-5eccb5b765fa,Analgésico,2026-06-29T14:26:45.094938+00:00,2026-05-25,3,70.18450369053751,69.90068054199219,75.62465179146868,aditivo,1.5,v1.0.0
e8aeb018-f679-5670-b210-de4f62ff2111,7fb983e8-6848-5425-97a2-14da72722d0f,5bbfdec8-65ae-59e6-b211-5eccb5b765fa,Analgésico,2026-06-29T14:26:45.094938+00:00,2026-06-01,4,69.82658347752991,68.3896713256836,74.92672454568543,aditivo,1.5,v1.0.0
e8aeb018-f679-5670-b210-de4f62ff2111,7fb983e8-6848-5425-97a2-14da72722d0f,5bbfdec8-65ae-59e6-b211-5eccb5b765fa,Analgésico,2026-06-29T14:26:45.094938+00:00,2026-06-08,5,69.82411064593377,67.9981918334961,76.22658914710064,aditivo,1.5,v1.0.0
e8aeb018-f679-5670-b210-de4f62ff2111,7fb983e8-6848-5425-97a2-14da72722d0f,5bbfdec8-65ae-59e6-b211-5eccb5b765fa,Analgésico,2026-06-29T14:26:45.094938+00:00,2026-06-15,6,69.77042137797164,69.84329986572266,75.41050146452221,aditivo,1.5,v1.0.0
e8aeb018-f679-5670-b210-de4f62ff2111,7fb983e8-6848-5425-97a2-14da72722d0f,5bbfdec8-65ae-59e6-b211-5eccb5b765fa,Analgésico,2026-06-29T14:26:45.094938+00:00,2026-06-22,7,69.76114653534502,69.84329986572266,75.33743576343852,aditivo,1.5,v1.0.0
e8aeb018-f679-5670-b210-de4f62ff2111,7fb983e8-6848-5425-97a2-14da72722d0f,5bbfdec8-65ae-59e6-b211-5eccb5b765fa,Analgésico,2026-06-29T14:26:45.094938+00:00,2026-06-29,8,69.75159663775196,69.84329986572266,75.32938845634169,aditivo,1.5,v1.0.0
e8aeb018-f679-5670-b210-de4f62ff2111,7fb983e8-6848-5425-97a2-14da72722d0f,5bbfdec8-65ae-59e6-b211-5eccb5b765fa,Analgésico,2026-06-29T14:26:45.094938+00:00,2026-07-06,9,69.74862755632725,69.84329986572266,75.59291121258143,aditivo,1.5,v1.0.0
e8aeb018-f679-5670-b210-de4f62ff2111,7fb983e8-6848-5425-97a2-14da72722d0f,5bbfdec8-65ae-59e6-b211-5eccb5b765fa,Analgésico,2026-06-29T14:26:45.094938+00:00,2026-07-13,10,69.74670926700128,69.84329986572266,75.82227772964917,aditivo,1.5,v1.0.0
e8aeb018-f679-5670-b210-de4f62ff2111,7fb983e8-6848-5425-97a2-14da72722d0f,5bbfdec8-65ae-59e6-b211-5eccb5b765fa,Analgésico,2026-06-29T14:26:45.094938+00:00,2026-07-20,11,69.74594768059124,69.84329986572266,75.15285775710939,aditivo,1.5,v1.0.0
e8aeb018-f679-5670-b210-de4f62ff2111,7fb983e8-6848-5425-97a2-14da72722d0f,5bbfdec8-65ae-59e6-b211-5eccb5b765fa,Analgésico,2026-06-29T14:26:45.094938+00:00,2026-07-27,12,69.74553491041087,69.84329986572266,75.30394971584447,aditivo,1.5,v1.0.0
e8aeb018-f679-5670-b210-de4f62ff2111,7fb983e8-6848-5425-97a2-14da72722d0f,6baabed2-52d7-5cb7-bf74-86c7cb3e4f07,Suplemento,2026-06-29T14:26:45.094938+00:00,2026-05-11,1,46.146381048843004,44.94889831542969,46.146381048843004,sarima,0.0,v1.0.0
e8aeb018-f679-5670-b210-de4f62ff2111,7fb983e8-6848-5425-97a2-14da72722d0f,6baabed2-52d7-5cb7-bf74-86c7cb3e4f07,Suplemento,2026-06-29T14:26:45.094938+00:00,2026-05-18,2,45.97844768202833,44.94571304321289,45.97844768202833,sarima,0.0,v1.0.0
e8aeb018-f679-5670-b210-de4f62ff2111,7fb983e8-6848-5425-97a2-14da72722d0f,6baabed2-52d7-5cb7-bf74-86c7cb3e4f07,Suplemento,2026-06-29T14:26:45.094938+00:00,2026-05-25,3,45.945123640526575,44.94571304321289,45.945123640526575,sarima,0.0,v1.0.0
e8aeb018-f679-5670-b210-de4f62ff2111,7fb983e8-6848-5425-97a2-14da72722d0f,6baabed2-52d7-5cb7-bf74-86c7cb3e4f07,Suplemento,2026-06-29T14:26:45.094938+00:00,2026-06-01,4,45.938499603387896,44.854007720947266,45.938499603387896,sarima,0.0,v1.0.0
e8aeb018-f679-5670-b210-de4f62ff2111,7fb983e8-6848-5425-97a2-14da72722d0f,6baabed2-52d7-5cb7-bf74-86c7cb3e4f07,Suplemento,2026-06-29T14:26:45.094938+00:00,2026-06-08,5,45.937182451516726,44.854007720947266,45.937182451516726,sarima,0.0,v1.0.0
e8aeb018-f679-5670-b210-de4f62ff2111,7fb983e8-6848-5425-97a2-14da72722d0f,6baabed2-52d7-5cb7-bf74-86c7cb3e4f07,Suplemento,2026-06-29T14:26:45.094938+00:00,2026-06-15,6,45.93692052565694,44.854007720947266,45.93692052565694,sarima,0.0,v1.0.0
e8aeb018-f679-5670-b210-de4f62ff2111,7fb983e8-6848-5425-97a2-14da72722d0f,6baabed2-52d7-5cb7-bf74-86c7cb3e4f07,Suplemento,2026-06-29T14:26:45.094938+00:00,2026-06-22,7,45.936868438967416,44.854007720947266,45.936868438967416,sarima,0.0,v1.0.0
e8aeb018-f679-5670-b210-de4f62ff2111,7fb983e8-6848-5425-97a2-14da72722d0f,6baabed2-52d7-5cb7-bf74-86c7cb3e4f07,Suplemento,2026-06-29T14:26:45.094938+00:00,2026-06-29,8,45.93685808095811,43.792442321777344,45.93685808095811,sarima,0.0,v1.0.0
e8aeb018-f679-5670-b210-de4f62ff2111,7fb983e8-6848-5425-97a2-14da72722d0f,6baabed2-52d7-5cb7-bf74-86c7cb3e4f07,Suplemento,2026-06-29T14:26:45.094938+00:00,2026-07-06,9,45.93685602115329,43.662960052490234,45.93685602115329,sarima,0.0,v1.0.0
e8aeb018-f679-5670-b210-de4f62ff2111,7fb983e8-6848-5425-97a2-14da72722d0f,6baabed2-52d7-5cb7-bf74-86c7cb3e4f07,Suplemento,2026-06-29T14:26:45.094938+00:00,2026-07-13,10,45.93685561153824,43.662960052490234,45.93685561153824,sarima,0.0,v1.0.0
e8aeb018-f679-5670-b210-de4f62ff2111,7fb983e8-6848-5425-97a2-14da72722d0f,6baabed2-52d7-5cb7-bf74-86c7cb3e4f07,Suplemento,2026-06-29T14:26:45.094938+00:00,2026-07-20,11,45.93685553008176,43.662960052490234,45.93685553008176,sarima,0.0,v1.0.0
e8aeb018-f679-5670-b210-de4f62ff2111,7fb983e8-6848-5425-97a2-14da72722d0f,6baabed2-52d7-5cb7-bf74-86c7cb3e4f07,Suplemento,2026-06-29T14:26:45.094938+00:00,2026-07-27,12,45.93685551388323,43.662960052490234,45.93685551388323,sarima,0.0,v1.0.0
e8aeb018-f679-5670-b210-de4f62ff2111,7fb983e8-6848-5425-97a2-14da72722d0f,6d807393-f4ab-5f76-b544-251eeda27ba3,Antiinflamatorio,2026-06-29T14:26:45.094938+00:00,2026-05-11,1,76.31222668610052,73.51087188720703,76.31222668610052,sarima,0.0,v1.0.0
e8aeb018-f679-5670-b210-de4f62ff2111,7fb983e8-6848-5425-97a2-14da72722d0f,6d807393-f4ab-5f76-b544-251eeda27ba3,Antiinflamatorio,2026-06-29T14:26:45.094938+00:00,2026-05-18,2,82.05734957102155,77.99754333496094,82.05734957102155,sarima,0.0,v1.0.0
e8aeb018-f679-5670-b210-de4f62ff2111,7fb983e8-6848-5425-97a2-14da72722d0f,6d807393-f4ab-5f76-b544-251eeda27ba3,Antiinflamatorio,2026-06-29T14:26:45.094938+00:00,2026-05-25,3,73.20337216755078,77.99754333496094,73.20337216755078,sarima,0.0,v1.0.0
e8aeb018-f679-5670-b210-de4f62ff2111,7fb983e8-6848-5425-97a2-14da72722d0f,6d807393-f4ab-5f76-b544-251eeda27ba3,Antiinflamatorio,2026-06-29T14:26:45.094938+00:00,2026-06-01,4,88.61477724638947,81.0367202758789,88.61477724638947,sarima,0.0,v1.0.0
e8aeb018-f679-5670-b210-de4f62ff2111,7fb983e8-6848-5425-97a2-14da72722d0f,6d807393-f4ab-5f76-b544-251eeda27ba3,Antiinflamatorio,2026-06-29T14:26:45.094938+00:00,2026-06-08,5,78.08444607810884,78.44574737548828,78.08444607810884,sarima,0.0,v1.0.0
e8aeb018-f679-5670-b210-de4f62ff2111,7fb983e8-6848-5425-97a2-14da72722d0f,6d807393-f4ab-5f76-b544-251eeda27ba3,Antiinflamatorio,2026-06-29T14:26:45.094938+00:00,2026-06-15,6,78.08444607810884,79.92943572998047,78.08444607810884,sarima,0.0,v1.0.0
e8aeb018-f679-5670-b210-de4f62ff2111,7fb983e8-6848-5425-97a2-14da72722d0f,6d807393-f4ab-5f76-b544-251eeda27ba3,Antiinflamatorio,2026-06-29T14:26:45.094938+00:00,2026-06-22,7,78.08444607810884,73.43132781982422,78.08444607810884,sarima,0.0,v1.0.0
e8aeb018-f679-5670-b210-de4f62ff2111,7fb983e8-6848-5425-97a2-14da72722d0f,6d807393-f4ab-5f76-b544-251eeda27ba3,Antiinflamatorio,2026-06-29T14:26:45.094938+00:00,2026-06-29,8,78.08444607810884,73.1380386352539,78.08444607810884,sarima,0.0,v1.0.0
e8aeb018-f679-5670-b210-de4f62ff2111,7fb983e8-6848-5425-97a2-14da72722d0f,6d807393-f4ab-5f76-b544-251eeda27ba3,Antiinflamatorio,2026-06-29T14:26:45.094938+00:00,2026-07-06,9,78.08444607810884,73.1380386352539,78.08444607810884,sarima,0.0,v1.0.0
e8aeb018-f679-5670-b210-de4f62ff2111,7fb983e8-6848-5425-97a2-14da72722d0f,6d807393-f4ab-5f76-b544-251eeda27ba3,Antiinflamatorio,2026-06-29T14:26:45.094938+00:00,2026-07-13,10,78.08444607810884,73.1380386352539,78.08444607810884,sarima,0.0,v1.0.0
e8aeb018-f679-5670-b210-de4f62ff2111,7fb983e8-6848-5425-97a2-14da72722d0f,6d807393-f4ab-5f76-b544-251eeda27ba3,Antiinflamatorio,2026-06-29T14:26:45.094938+00:00,2026-07-20,11,78.08444607810884,73.1380386352539,78.08444607810884,sarima,0.0,v1.0.0
e8aeb018-f679-5670-b210-de4f62ff2111,7fb983e8-6848-5425-97a2-14da72722d0f,6d807393-f4ab-5f76-b544-251eeda27ba3,Antiinflamatorio,2026-06-29T14:26:45.094938+00:00,2026-07-27,12,78.08444607810884,73.1380386352539,78.08444607810884,sarima,0.0,v1.0.0
e8aeb018-f679-5670-b210-de4f62ff2111,7fb983e8-6848-5425-97a2-14da72722d0f,82cd11ba-d1a0-58b1-b14f-edd741f36e87,Antibiótico,2026-06-29T14:26:45.094938+00:00,2026-05-11,1,67.77479731451965,64.82221221923828,67.77479731451965,sarima,0.0,v1.0.0
e8aeb018-f679-5670-b210-de4f62ff2111,7fb983e8-6848-5425-97a2-14da72722d0f,82cd11ba-d1a0-58b1-b14f-edd741f36e87,Antibiótico,2026-06-29T14:26:45.094938+00:00,2026-05-18,2,67.49600496584252,68.50514221191406,67.49600496584252,sarima,0.0,v1.0.0
e8aeb018-f679-5670-b210-de4f62ff2111,7fb983e8-6848-5425-97a2-14da72722d0f,82cd11ba-d1a0-58b1-b14f-edd741f36e87,Antibiótico,2026-06-29T14:26:45.094938+00:00,2026-05-25,3,67.23863725177667,62.91241455078125,67.23863725177667,sarima,0.0,v1.0.0
e8aeb018-f679-5670-b210-de4f62ff2111,7fb983e8-6848-5425-97a2-14da72722d0f,82cd11ba-d1a0-58b1-b14f-edd741f36e87,Antibiótico,2026-06-29T14:26:45.094938+00:00,2026-06-01,4,67.00097963576998,62.27851104736328,67.00097963576998,sarima,0.0,v1.0.0
e8aeb018-f679-5670-b210-de4f62ff2111,7fb983e8-6848-5425-97a2-14da72722d0f,82cd11ba-d1a0-58b1-b14f-edd741f36e87,Antibiótico,2026-06-29T14:26:45.094938+00:00,2026-06-08,5,66.78146435885475,62.27851104736328,66.78146435885475,sarima,0.0,v1.0.0
e8aeb018-f679-5670-b210-de4f62ff2111,7fb983e8-6848-5425-97a2-14da72722d0f,82cd11ba-d1a0-58b1-b14f-edd741f36e87,Antibiótico,2026-06-29T14:26:45.094938+00:00,2026-06-15,6,66.57865655644544,61.92859649658203,66.57865655644544,sarima,0.0,v1.0.0
e8aeb018-f679-5670-b210-de4f62ff2111,7fb983e8-6848-5425-97a2-14da72722d0f,82cd11ba-d1a0-58b1-b14f-edd741f36e87,Antibiótico,2026-06-29T14:26:45.094938+00:00,2026-06-22,7,66.39124186336396,63.5775146484375,66.39124186336396,sarima,0.0,v1.0.0
e8aeb018-f679-5670-b210-de4f62ff2111,7fb983e8-6848-5425-97a2-14da72722d0f,82cd11ba-d1a0-58b1-b14f-edd741f36e87,Antibiótico,2026-06-29T14:26:45.094938+00:00,2026-06-29,8,66.21801532542867,63.78721618652344,66.21801532542867,sarima,0.0,v1.0.0
e8aeb018-f679-5670-b210-de4f62ff2111,7fb983e8-6848-5425-97a2-14da72722d0f,82cd11ba-d1a0-58b1-b14f-edd741f36e87,Antibiótico,2026-06-29T14:26:45.094938+00:00,2026-07-06,9,66.05787146080193,63.78721618652344,66.05787146080193,sarima,0.0,v1.0.0
e8aeb018-f679-5670-b210-de4f62ff2111,7fb983e8-6848-5425-97a2-14da72722d0f,82cd11ba-d1a0-58b1-b14f-edd741f36e87,Antibiótico,2026-06-29T14:26:45.094938+00:00,2026-07-13,10,65.90979533542095,63.78721618652344,65.90979533542095,sarima,0.0,v1.0.0
e8aeb018-f679-5670-b210-de4f62ff2111,7fb983e8-6848-5425-97a2-14da72722d0f,82cd11ba-d1a0-58b1-b14f-edd741f36e87,Antibiótico,2026-06-29T14:26:45.094938+00:00,2026-07-20,11,65.77285453484077,63.78721618652344,65.77285453484077,sarima,0.0,v1.0.0
e8aeb018-f679-5670-b210-de4f62ff2111,7fb983e8-6848-5425-97a2-14da72722d0f,82cd11ba-d1a0-58b1-b14f-edd741f36e87,Antibiótico,2026-06-29T14:26:45.094938+00:00,2026-07-27,12,65.64619193019414,63.78721618652344,65.64619193019414,sarima,0.0,v1.0.0
e8aeb018-f679-5670-b210-de4f62ff2111,7fb983e8-6848-5425-97a2-14da72722d0f,87b859e0-789a-56e6-b1ba-4fe76221d3bf,Antihistamínico,2026-06-29T14:26:45.094938+00:00,2026-05-11,1,59.21686299475584,55.39616012573242,59.21686299475584,sarima,0.0,v1.0.0
e8aeb018-f679-5670-b210-de4f62ff2111,7fb983e8-6848-5425-97a2-14da72722d0f,87b859e0-789a-56e6-b1ba-4fe76221d3bf,Antihistamínico,2026-06-29T14:26:45.094938+00:00,2026-05-18,2,60.74828119932769,55.276859283447266,60.74828119932769,sarima,0.0,v1.0.0
e8aeb018-f679-5670-b210-de4f62ff2111,7fb983e8-6848-5425-97a2-14da72722d0f,87b859e0-789a-56e6-b1ba-4fe76221d3bf,Antihistamínico,2026-06-29T14:26:45.094938+00:00,2026-05-25,3,58.507193927604504,55.40038299560547,58.507193927604504,sarima,0.0,v1.0.0
e8aeb018-f679-5670-b210-de4f62ff2111,7fb983e8-6848-5425-97a2-14da72722d0f,87b859e0-789a-56e6-b1ba-4fe76221d3bf,Antihistamínico,2026-06-29T14:26:45.094938+00:00,2026-06-01,4,59.92402218458976,55.803340911865234,59.92402218458976,sarima,0.0,v1.0.0
e8aeb018-f679-5670-b210-de4f62ff2111,7fb983e8-6848-5425-97a2-14da72722d0f,87b859e0-789a-56e6-b1ba-4fe76221d3bf,Antihistamínico,2026-06-29T14:26:45.094938+00:00,2026-06-08,5,59.150534631278234,55.5658073425293,59.150534631278234,sarima,0.0,v1.0.0
e8aeb018-f679-5670-b210-de4f62ff2111,7fb983e8-6848-5425-97a2-14da72722d0f,87b859e0-789a-56e6-b1ba-4fe76221d3bf,Antihistamínico,2026-06-29T14:26:45.094938+00:00,2026-06-15,6,59.150534631278234,55.5658073425293,59.150534631278234,sarima,0.0,v1.0.0
e8aeb018-f679-5670-b210-de4f62ff2111,7fb983e8-6848-5425-97a2-14da72722d0f,87b859e0-789a-56e6-b1ba-4fe76221d3bf,Antihistamínico,2026-06-29T14:26:45.094938+00:00,2026-06-22,7,59.150534631278234,55.61948013305664,59.150534631278234,sarima,0.0,v1.0.0
e8aeb018-f679-5670-b210-de4f62ff2111,7fb983e8-6848-5425-97a2-14da72722d0f,87b859e0-789a-56e6-b1ba-4fe76221d3bf,Antihistamínico,2026-06-29T14:26:45.094938+00:00,2026-06-29,8,59.150534631278234,55.61948013305664,59.150534631278234,sarima,0.0,v1.0.0
e8aeb018-f679-5670-b210-de4f62ff2111,7fb983e8-6848-5425-97a2-14da72722d0f,87b859e0-789a-56e6-b1ba-4fe76221d3bf,Antihistamínico,2026-06-29T14:26:45.094938+00:00,2026-07-06,9,59.150534631278234,55.9463996887207,59.150534631278234,sarima,0.0,v1.0.0
e8aeb018-f679-5670-b210-de4f62ff2111,7fb983e8-6848-5425-97a2-14da72722d0f,87b859e0-789a-56e6-b1ba-4fe76221d3bf,Antihistamínico,2026-06-29T14:26:45.094938+00:00,2026-07-13,10,59.150534631278234,55.9463996887207,59.150534631278234,sarima,0.0,v1.0.0
e8aeb018-f679-5670-b210-de4f62ff2111,7fb983e8-6848-5425-97a2-14da72722d0f,87b859e0-789a-56e6-b1ba-4fe76221d3bf,Antihistamínico,2026-06-29T14:26:45.094938+00:00,2026-07-20,11,59.150534631278234,55.9463996887207,59.150534631278234,sarima,0.0,v1.0.0
e8aeb018-f679-5670-b210-de4f62ff2111,7fb983e8-6848-5425-97a2-14da72722d0f,87b859e0-789a-56e6-b1ba-4fe76221d3bf,Antihistamínico,2026-06-29T14:26:45.094938+00:00,2026-07-27,12,59.150534631278234,55.9463996887207,59.150534631278234,sarima,0.0,v1.0.0
e8aeb018-f679-5670-b210-de4f62ff2111,7fb983e8-6848-5425-97a2-14da72722d0f,94e18241-54bd-5516-b36f-94ab6e323aca,Antihistamínico,2026-06-29T14:26:45.094938+00:00,2026-05-11,1,57.10546479816012,42.58713150024414,57.10546479816012,sarima,0.0,v1.0.0
e8aeb018-f679-5670-b210-de4f62ff2111,7fb983e8-6848-5425-97a2-14da72722d0f,94e18241-54bd-5516-b36f-94ab6e323aca,Antihistamínico,2026-06-29T14:26:45.094938+00:00,2026-05-18,2,41.23386842262648,42.84727478027344,41.23386842262648,sarima,0.0,v1.0.0
e8aeb018-f679-5670-b210-de4f62ff2111,7fb983e8-6848-5425-97a2-14da72722d0f,94e18241-54bd-5516-b36f-94ab6e323aca,Antihistamínico,2026-06-29T14:26:45.094938+00:00,2026-05-25,3,45.286412182614804,42.30569076538086,45.286412182614804,sarima,0.0,v1.0.0
e8aeb018-f679-5670-b210-de4f62ff2111,7fb983e8-6848-5425-97a2-14da72722d0f,94e18241-54bd-5516-b36f-94ab6e323aca,Antihistamínico,2026-06-29T14:26:45.094938+00:00,2026-06-01,4,45.44776606162229,42.58713150024414,45.44776606162229,sarima,0.0,v1.0.0
e8aeb018-f679-5670-b210-de4f62ff2111,7fb983e8-6848-5425-97a2-14da72722d0f,94e18241-54bd-5516-b36f-94ab6e323aca,Antihistamínico,2026-06-29T14:26:45.094938+00:00,2026-06-08,5,48.2887877808473,41.42914962768555,48.2887877808473,sarima,0.0,v1.0.0
e8aeb018-f679-5670-b210-de4f62ff2111,7fb983e8-6848-5425-97a2-14da72722d0f,94e18241-54bd-5516-b36f-94ab6e323aca,Antihistamínico,2026-06-29T14:26:45.094938+00:00,2026-06-15,6,48.2887877808473,41.55576705932617,48.2887877808473,sarima,0.0,v1.0.0
e8aeb018-f679-5670-b210-de4f62ff2111,7fb983e8-6848-5425-97a2-14da72722d0f,94e18241-54bd-5516-b36f-94ab6e323aca,Antihistamínico,2026-06-29T14:26:45.094938+00:00,2026-06-22,7,48.2887877808473,41.55576705932617,48.2887877808473,sarima,0.0,v1.0.0
e8aeb018-f679-5670-b210-de4f62ff2111,7fb983e8-6848-5425-97a2-14da72722d0f,94e18241-54bd-5516-b36f-94ab6e323aca,Antihistamínico,2026-06-29T14:26:45.094938+00:00,2026-06-29,8,48.2887877808473,41.80738067626953,48.2887877808473,sarima,0.0,v1.0.0
e8aeb018-f679-5670-b210-de4f62ff2111,7fb983e8-6848-5425-97a2-14da72722d0f,94e18241-54bd-5516-b36f-94ab6e323aca,Antihistamínico,2026-06-29T14:26:45.094938+00:00,2026-07-06,9,48.2887877808473,41.51578140258789,48.2887877808473,sarima,0.0,v1.0.0
e8aeb018-f679-5670-b210-de4f62ff2111,7fb983e8-6848-5425-97a2-14da72722d0f,94e18241-54bd-5516-b36f-94ab6e323aca,Antihistamínico,2026-06-29T14:26:45.094938+00:00,2026-07-13,10,48.2887877808473,40.79393005371094,48.2887877808473,sarima,0.0,v1.0.0
e8aeb018-f679-5670-b210-de4f62ff2111,7fb983e8-6848-5425-97a2-14da72722d0f,94e18241-54bd-5516-b36f-94ab6e323aca,Antihistamínico,2026-06-29T14:26:45.094938+00:00,2026-07-20,11,48.2887877808473,43.09567642211914,48.2887877808473,sarima,0.0,v1.0.0
e8aeb018-f679-5670-b210-de4f62ff2111,7fb983e8-6848-5425-97a2-14da72722d0f,94e18241-54bd-5516-b36f-94ab6e323aca,Antihistamínico,2026-06-29T14:26:45.094938+00:00,2026-07-27,12,48.2887877808473,43.35029983520508,48.2887877808473,sarima,0.0,v1.0.0
e8aeb018-f679-5670-b210-de4f62ff2111,7fb983e8-6848-5425-97a2-14da72722d0f,97d26d91-c562-5f27-9ebd-285e89c8f4bf,Antidiabético,2026-06-29T14:26:45.094938+00:00,2026-05-11,1,70.22272870877192,65.12408447265625,70.22272870877192,sarima,0.0,v1.0.0
e8aeb018-f679-5670-b210-de4f62ff2111,7fb983e8-6848-5425-97a2-14da72722d0f,97d26d91-c562-5f27-9ebd-285e89c8f4bf,Antidiabético,2026-06-29T14:26:45.094938+00:00,2026-05-18,2,70.22272870877192,65.12408447265625,70.22272870877192,sarima,0.0,v1.0.0
e8aeb018-f679-5670-b210-de4f62ff2111,7fb983e8-6848-5425-97a2-14da72722d0f,97d26d91-c562-5f27-9ebd-285e89c8f4bf,Antidiabético,2026-06-29T14:26:45.094938+00:00,2026-05-25,3,70.22272870877192,65.12408447265625,70.22272870877192,sarima,0.0,v1.0.0
e8aeb018-f679-5670-b210-de4f62ff2111,7fb983e8-6848-5425-97a2-14da72722d0f,97d26d91-c562-5f27-9ebd-285e89c8f4bf,Antidiabético,2026-06-29T14:26:45.094938+00:00,2026-06-01,4,70.22272870877192,65.12408447265625,70.22272870877192,sarima,0.0,v1.0.0
e8aeb018-f679-5670-b210-de4f62ff2111,7fb983e8-6848-5425-97a2-14da72722d0f,97d26d91-c562-5f27-9ebd-285e89c8f4bf,Antidiabético,2026-06-29T14:26:45.094938+00:00,2026-06-08,5,70.22272870877192,65.12408447265625,70.22272870877192,sarima,0.0,v1.0.0
e8aeb018-f679-5670-b210-de4f62ff2111,7fb983e8-6848-5425-97a2-14da72722d0f,97d26d91-c562-5f27-9ebd-285e89c8f4bf,Antidiabético,2026-06-29T14:26:45.094938+00:00,2026-06-15,6,70.22272870877192,65.12408447265625,70.22272870877192,sarima,0.0,v1.0.0
e8aeb018-f679-5670-b210-de4f62ff2111,7fb983e8-6848-5425-97a2-14da72722d0f,97d26d91-c562-5f27-9ebd-285e89c8f4bf,Antidiabético,2026-06-29T14:26:45.094938+00:00,2026-06-22,7,70.22272870877192,65.12408447265625,70.22272870877192,sarima,0.0,v1.0.0
e8aeb018-f679-5670-b210-de4f62ff2111,7fb983e8-6848-5425-97a2-14da72722d0f,97d26d91-c562-5f27-9ebd-285e89c8f4bf,Antidiabético,2026-06-29T14:26:45.094938+00:00,2026-06-29,8,70.22272870877192,65.12408447265625,70.22272870877192,sarima,0.0,v1.0.0
e8aeb018-f679-5670-b210-de4f62ff2111,7fb983e8-6848-5425-97a2-14da72722d0f,97d26d91-c562-5f27-9ebd-285e89c8f4bf,Antidiabético,2026-06-29T14:26:45.094938+00:00,2026-07-06,9,70.22272870877192,65.12408447265625,70.22272870877192,sarima,0.0,v1.0.0
e8aeb018-f679-5670-b210-de4f62ff2111,7fb983e8-6848-5425-97a2-14da72722d0f,97d26d91-c562-5f27-9ebd-285e89c8f4bf,Antidiabético,2026-06-29T14:26:45.094938+00:00,2026-07-13,10,70.22272870877192,65.12408447265625,70.22272870877192,sarima,0.0,v1.0.0
e8aeb018-f679-5670-b210-de4f62ff2111,7fb983e8-6848-5425-97a2-14da72722d0f,97d26d91-c562-5f27-9ebd-285e89c8f4bf,Antidiabético,2026-06-29T14:26:45.094938+00:00,2026-07-20,11,70.22272870877192,65.12408447265625,70.22272870877192,sarima,0.0,v1.0.0
e8aeb018-f679-5670-b210-de4f62ff2111,7fb983e8-6848-5425-97a2-14da72722d0f,97d26d91-c562-5f27-9ebd-285e89c8f4bf,Antidiabético,2026-06-29T14:26:45.094938+00:00,2026-07-27,12,70.22272870877192,65.12408447265625,70.22272870877192,sarima,0.0,v1.0.0
e8aeb018-f679-5670-b210-de4f62ff2111,7fb983e8-6848-5425-97a2-14da72722d0f,983871db-adfb-543e-b438-6b00044ffb64,Antiulceroso,2026-06-29T14:26:45.094938+00:00,2026-05-11,1,287.43161036177446,59.535240173339844,285.449940445995,aditivo,1.0,v1.0.0
e8aeb018-f679-5670-b210-de4f62ff2111,7fb983e8-6848-5425-97a2-14da72722d0f,983871db-adfb-543e-b438-6b00044ffb64,Antiulceroso,2026-06-29T14:26:45.094938+00:00,2026-05-18,2,72.79779270240546,60.55585861206055,88.14942899638272,aditivo,1.0,v1.0.0
e8aeb018-f679-5670-b210-de4f62ff2111,7fb983e8-6848-5425-97a2-14da72722d0f,983871db-adfb-543e-b438-6b00044ffb64,Antiulceroso,2026-06-29T14:26:45.094938+00:00,2026-05-25,3,57.096404399101274,55.81899642944336,72.22076956612153,aditivo,1.0,v1.0.0
e8aeb018-f679-5670-b210-de4f62ff2111,7fb983e8-6848-5425-97a2-14da72722d0f,983871db-adfb-543e-b438-6b00044ffb64,Antiulceroso,2026-06-29T14:26:45.094938+00:00,2026-06-01,4,57.096404399101274,64.58085632324219,74.22917772286414,aditivo,1.0,v1.0.0
e8aeb018-f679-5670-b210-de4f62ff2111,7fb983e8-6848-5425-97a2-14da72722d0f,983871db-adfb-543e-b438-6b00044ffb64,Antiulceroso,2026-06-29T14:26:45.094938+00:00,2026-06-08,5,57.096404399101274,67.44975280761719,74.9707167678038,aditivo,1.0,v1.0.0
e8aeb018-f679-5670-b210-de4f62ff2111,7fb983e8-6848-5425-97a2-14da72722d0f,983871db-adfb-543e-b438-6b00044ffb64,Antiulceroso,2026-06-29T14:26:45.094938+00:00,2026-06-15,6,57.096404399101274,61.46651840209961,73.53863261522933,aditivo,1.0,v1.0.0
e8aeb018-f679-5670-b210-de4f62ff2111,7fb983e8-6848-5425-97a2-14da72722d0f,983871db-adfb-543e-b438-6b00044ffb64,Antiulceroso,2026-06-29T14:26:45.094938+00:00,2026-06-22,7,57.096404399101274,61.46651840209961,73.92920551746617,aditivo,1.0,v1.0.0
e8aeb018-f679-5670-b210-de4f62ff2111,7fb983e8-6848-5425-97a2-14da72722d0f,983871db-adfb-543e-b438-6b00044ffb64,Antiulceroso,2026-06-29T14:26:45.094938+00:00,2026-06-29,8,57.096404399101274,56.026588439941406,65.48993283407523,aditivo,1.0,v1.0.0
e8aeb018-f679-5670-b210-de4f62ff2111,7fb983e8-6848-5425-97a2-14da72722d0f,983871db-adfb-543e-b438-6b00044ffb64,Antiulceroso,2026-06-29T14:26:45.094938+00:00,2026-07-06,9,57.096404399101274,56.026588439941406,65.48544135694237,aditivo,1.0,v1.0.0
e8aeb018-f679-5670-b210-de4f62ff2111,7fb983e8-6848-5425-97a2-14da72722d0f,983871db-adfb-543e-b438-6b00044ffb64,Antiulceroso,2026-06-29T14:26:45.094938+00:00,2026-07-13,10,57.096404399101274,56.04864501953125,65.12440258662485,aditivo,1.0,v1.0.0
e8aeb018-f679-5670-b210-de4f62ff2111,7fb983e8-6848-5425-97a2-14da72722d0f,983871db-adfb-543e-b438-6b00044ffb64,Antiulceroso,2026-06-29T14:26:45.094938+00:00,2026-07-20,11,57.096404399101274,56.04864501953125,64.99888762777047,aditivo,1.0,v1.0.0
e8aeb018-f679-5670-b210-de4f62ff2111,7fb983e8-6848-5425-97a2-14da72722d0f,983871db-adfb-543e-b438-6b00044ffb64,Antiulceroso,2026-06-29T14:26:45.094938+00:00,2026-07-27,12,57.096404399101274,55.93486022949219,66.06955254747933,aditivo,1.0,v1.0.0
e8aeb018-f679-5670-b210-de4f62ff2111,7fb983e8-6848-5425-97a2-14da72722d0f,9928e9a1-d9fc-5fdd-86c2-8909352fd7fe,Antiinflamatorio,2026-06-29T14:26:45.094938+00:00,2026-05-11,1,25.54110004470242,37.67209243774414,25.54110004470242,sarima,0.0,v1.0.0
e8aeb018-f679-5670-b210-de4f62ff2111,7fb983e8-6848-5425-97a2-14da72722d0f,9928e9a1-d9fc-5fdd-86c2-8909352fd7fe,Antiinflamatorio,2026-06-29T14:26:45.094938+00:00,2026-05-18,2,28.49143347753877,37.672607421875,28.49143347753877,sarima,0.0,v1.0.0
e8aeb018-f679-5670-b210-de4f62ff2111,7fb983e8-6848-5425-97a2-14da72722d0f,9928e9a1-d9fc-5fdd-86c2-8909352fd7fe,Antiinflamatorio,2026-06-29T14:26:45.094938+00:00,2026-05-25,3,34.34341867150945,37.248321533203125,34.34341867150945,sarima,0.0,v1.0.0
e8aeb018-f679-5670-b210-de4f62ff2111,7fb983e8-6848-5425-97a2-14da72722d0f,9928e9a1-d9fc-5fdd-86c2-8909352fd7fe,Antiinflamatorio,2026-06-29T14:26:45.094938+00:00,2026-06-01,4,34.34341867150945,36.459835052490234,34.34341867150945,sarima,0.0,v1.0.0
e8aeb018-f679-5670-b210-de4f62ff2111,7fb983e8-6848-5425-97a2-14da72722d0f,9928e9a1-d9fc-5fdd-86c2-8909352fd7fe,Antiinflamatorio,2026-06-29T14:26:45.094938+00:00,2026-06-08,5,34.34341867150945,35.93775177001953,34.34341867150945,sarima,0.0,v1.0.0
e8aeb018-f679-5670-b210-de4f62ff2111,7fb983e8-6848-5425-97a2-14da72722d0f,9928e9a1-d9fc-5fdd-86c2-8909352fd7fe,Antiinflamatorio,2026-06-29T14:26:45.094938+00:00,2026-06-15,6,34.34341867150945,36.3867073059082,34.34341867150945,sarima,0.0,v1.0.0
e8aeb018-f679-5670-b210-de4f62ff2111,7fb983e8-6848-5425-97a2-14da72722d0f,9928e9a1-d9fc-5fdd-86c2-8909352fd7fe,Antiinflamatorio,2026-06-29T14:26:45.094938+00:00,2026-06-22,7,34.34341867150945,37.84852600097656,34.34341867150945,sarima,0.0,v1.0.0
e8aeb018-f679-5670-b210-de4f62ff2111,7fb983e8-6848-5425-97a2-14da72722d0f,9928e9a1-d9fc-5fdd-86c2-8909352fd7fe,Antiinflamatorio,2026-06-29T14:26:45.094938+00:00,2026-06-29,8,34.34341867150945,38.171173095703125,34.34341867150945,sarima,0.0,v1.0.0
e8aeb018-f679-5670-b210-de4f62ff2111,7fb983e8-6848-5425-97a2-14da72722d0f,9928e9a1-d9fc-5fdd-86c2-8909352fd7fe,Antiinflamatorio,2026-06-29T14:26:45.094938+00:00,2026-07-06,9,34.34341867150945,38.19319152832031,34.34341867150945,sarima,0.0,v1.0.0
e8aeb018-f679-5670-b210-de4f62ff2111,7fb983e8-6848-5425-97a2-14da72722d0f,9928e9a1-d9fc-5fdd-86c2-8909352fd7fe,Antiinflamatorio,2026-06-29T14:26:45.094938+00:00,2026-07-13,10,34.34341867150945,38.19319152832031,34.34341867150945,sarima,0.0,v1.0.0
e8aeb018-f679-5670-b210-de4f62ff2111,7fb983e8-6848-5425-97a2-14da72722d0f,9928e9a1-d9fc-5fdd-86c2-8909352fd7fe,Antiinflamatorio,2026-06-29T14:26:45.094938+00:00,2026-07-20,11,34.34341867150945,37.87751007080078,34.34341867150945,sarima,0.0,v1.0.0
e8aeb018-f679-5670-b210-de4f62ff2111,7fb983e8-6848-5425-97a2-14da72722d0f,9928e9a1-d9fc-5fdd-86c2-8909352fd7fe,Antiinflamatorio,2026-06-29T14:26:45.094938+00:00,2026-07-27,12,34.34341867150945,37.83720779418945,34.34341867150945,sarima,0.0,v1.0.0
e8aeb018-f679-5670-b210-de4f62ff2111,7fb983e8-6848-5425-97a2-14da72722d0f,afe9d181-1c64-5cca-b4b7-a9fa24eceeea,Antihipertensivo,2026-06-29T14:26:45.094938+00:00,2026-05-11,1,53.25310722212778,39.88699722290039,53.329874993076075,aditivo,0.6,v1.0.0
e8aeb018-f679-5670-b210-de4f62ff2111,7fb983e8-6848-5425-97a2-14da72722d0f,afe9d181-1c64-5cca-b4b7-a9fa24eceeea,Antihipertensivo,2026-06-29T14:26:45.094938+00:00,2026-05-18,2,35.12381388287279,39.50664520263672,37.95028782481807,aditivo,0.6,v1.0.0
e8aeb018-f679-5670-b210-de4f62ff2111,7fb983e8-6848-5425-97a2-14da72722d0f,afe9d181-1c64-5cca-b4b7-a9fa24eceeea,Antihipertensivo,2026-06-29T14:26:45.094938+00:00,2026-05-25,3,42.045562806904904,39.817970275878906,44.74202323913674,aditivo,0.6,v1.0.0
e8aeb018-f679-5670-b210-de4f62ff2111,7fb983e8-6848-5425-97a2-14da72722d0f,afe9d181-1c64-5cca-b4b7-a9fa24eceeea,Antihipertensivo,2026-06-29T14:26:45.094938+00:00,2026-06-01,4,28.276998323039518,38.10676574707031,32.61991932679103,aditivo,0.6,v1.0.0
e8aeb018-f679-5670-b210-de4f62ff2111,7fb983e8-6848-5425-97a2-14da72722d0f,afe9d181-1c64-5cca-b4b7-a9fa24eceeea,Antihipertensivo,2026-06-29T14:26:45.094938+00:00,2026-06-08,5,45.77323560561219,37.93196487426758,48.61246884200407,aditivo,0.6,v1.0.0
e8aeb018-f679-5670-b210-de4f62ff2111,7fb983e8-6848-5425-97a2-14da72722d0f,afe9d181-1c64-5cca-b4b7-a9fa24eceeea,Antihipertensivo,2026-06-29T14:26:45.094938+00:00,2026-06-15,6,32.5849792037106,37.389774322509766,36.27136370651185,aditivo,0.6,v1.0.0
e8aeb018-f679-5670-b210-de4f62ff2111,7fb983e8-6848-5425-97a2-14da72722d0f,afe9d181-1c64-5cca-b4b7-a9fa24eceeea,Antihipertensivo,2026-06-29T14:26:45.094938+00:00,2026-06-22,7,45.361072385031164,38.083988189697266,47.636290225916866,aditivo,0.6,v1.0.0
e8aeb018-f679-5670-b210-de4f62ff2111,7fb983e8-6848-5425-97a2-14da72722d0f,afe9d181-1c64-5cca-b4b7-a9fa24eceeea,Antihipertensivo,2026-06-29T14:26:45.094938+00:00,2026-06-29,8,32.87554639239242,37.88024139404297,36.557125239550494,aditivo,0.6,v1.0.0
e8aeb018-f679-5670-b210-de4f62ff2111,7fb983e8-6848-5425-97a2-14da72722d0f,afe9d181-1c64-5cca-b4b7-a9fa24eceeea,Antihipertensivo,2026-06-29T14:26:45.094938+00:00,2026-07-06,9,44.973992316707495,37.8542594909668,47.559786779247816,aditivo,0.6,v1.0.0
e8aeb018-f679-5670-b210-de4f62ff2111,7fb983e8-6848-5425-97a2-14da72722d0f,afe9d181-1c64-5cca-b4b7-a9fa24eceeea,Antihipertensivo,2026-06-29T14:26:45.094938+00:00,2026-07-13,10,33.153110522273494,38.12110900878906,37.26711636178607,aditivo,0.6,v1.0.0
e8aeb018-f679-5670-b210-de4f62ff2111,7fb983e8-6848-5425-97a2-14da72722d0f,afe9d181-1c64-5cca-b4b7-a9fa24eceeea,Antihipertensivo,2026-06-29T14:26:45.094938+00:00,2026-07-20,11,44.6103036724372,38.12110900878906,47.5824924872844,aditivo,0.6,v1.0.0
e8aeb018-f679-5670-b210-de4f62ff2111,7fb983e8-6848-5425-97a2-14da72722d0f,afe9d181-1c64-5cca-b4b7-a9fa24eceeea,Antihipertensivo,2026-06-29T14:26:45.094938+00:00,2026-07-27,12,33.41813626154577,37.65343475341797,36.93893407172412,aditivo,0.6,v1.0.0
e8aeb018-f679-5670-b210-de4f62ff2111,7fb983e8-6848-5425-97a2-14da72722d0f,c0cf5e5c-b5c9-585a-8e79-d9830bc954f6,Antibiótico,2026-06-29T14:26:45.094938+00:00,2026-05-11,1,30.319781941165843,36.87467956542969,30.319781941165843,sarima,0.0,v1.0.0
e8aeb018-f679-5670-b210-de4f62ff2111,7fb983e8-6848-5425-97a2-14da72722d0f,c0cf5e5c-b5c9-585a-8e79-d9830bc954f6,Antibiótico,2026-06-29T14:26:45.094938+00:00,2026-05-18,2,30.968447181983038,36.70292282104492,30.968447181983038,sarima,0.0,v1.0.0
e8aeb018-f679-5670-b210-de4f62ff2111,7fb983e8-6848-5425-97a2-14da72722d0f,c0cf5e5c-b5c9-585a-8e79-d9830bc954f6,Antibiótico,2026-06-29T14:26:45.094938+00:00,2026-05-25,3,31.51798447739735,36.642860412597656,31.51798447739735,sarima,0.0,v1.0.0
e8aeb018-f679-5670-b210-de4f62ff2111,7fb983e8-6848-5425-97a2-14da72722d0f,c0cf5e5c-b5c9-585a-8e79-d9830bc954f6,Antibiótico,2026-06-29T14:26:45.094938+00:00,2026-06-01,4,31.982072325031886,36.9991569519043,31.982072325031886,sarima,0.0,v1.0.0
e8aeb018-f679-5670-b210-de4f62ff2111,7fb983e8-6848-5425-97a2-14da72722d0f,c0cf5e5c-b5c9-585a-8e79-d9830bc954f6,Antibiótico,2026-06-29T14:26:45.094938+00:00,2026-06-08,5,32.37296823878041,37.56786346435547,32.37296823878041,sarima,0.0,v1.0.0
e8aeb018-f679-5670-b210-de4f62ff2111,7fb983e8-6848-5425-97a2-14da72722d0f,c0cf5e5c-b5c9-585a-8e79-d9830bc954f6,Antibiótico,2026-06-29T14:26:45.094938+00:00,2026-06-15,6,32.70149626525262,37.41181945800781,32.70149626525262,sarima,0.0,v1.0.0
e8aeb018-f679-5670-b210-de4f62ff2111,7fb983e8-6848-5425-97a2-14da72722d0f,c0cf5e5c-b5c9-585a-8e79-d9830bc954f6,Antibiótico,2026-06-29T14:26:45.094938+00:00,2026-06-22,7,32.97710571881629,37.56786346435547,32.97710571881629,sarima,0.0,v1.0.0
e8aeb018-f679-5670-b210-de4f62ff2111,7fb983e8-6848-5425-97a2-14da72722d0f,c0cf5e5c-b5c9-585a-8e79-d9830bc954f6,Antibiótico,2026-06-29T14:26:45.094938+00:00,2026-06-29,8,33.207971334773916,37.275936126708984,33.207971334773916,sarima,0.0,v1.0.0
e8aeb018-f679-5670-b210-de4f62ff2111,7fb983e8-6848-5425-97a2-14da72722d0f,c0cf5e5c-b5c9-585a-8e79-d9830bc954f6,Antibiótico,2026-06-29T14:26:45.094938+00:00,2026-07-06,9,33.4011141294856,37.546993255615234,33.4011141294856,sarima,0.0,v1.0.0
e8aeb018-f679-5670-b210-de4f62ff2111,7fb983e8-6848-5425-97a2-14da72722d0f,c0cf5e5c-b5c9-585a-8e79-d9830bc954f6,Antibiótico,2026-06-29T14:26:45.094938+00:00,2026-07-13,10,33.562529125521785,37.703582763671875,33.562529125521785,sarima,0.0,v1.0.0
e8aeb018-f679-5670-b210-de4f62ff2111,7fb983e8-6848-5425-97a2-14da72722d0f,c0cf5e5c-b5c9-585a-8e79-d9830bc954f6,Antibiótico,2026-06-29T14:26:45.094938+00:00,2026-07-20,11,33.697311114700184,37.703582763671875,33.697311114700184,sarima,0.0,v1.0.0
e8aeb018-f679-5670-b210-de4f62ff2111,7fb983e8-6848-5425-97a2-14da72722d0f,c0cf5e5c-b5c9-585a-8e79-d9830bc954f6,Antibiótico,2026-06-29T14:26:45.094938+00:00,2026-07-27,12,33.809773182526115,37.95267868041992,33.809773182526115,sarima,0.0,v1.0.0
e8aeb018-f679-5670-b210-de4f62ff2111,7fb983e8-6848-5425-97a2-14da72722d0f,cd81184b-b6f1-563c-b463-36a69ddfb598,Vitamina,2026-06-29T14:26:45.094938+00:00,2026-05-11,1,67.63383799810317,65.48851013183594,69.5617962541912,aditivo,0.5,v1.0.0
e8aeb018-f679-5670-b210-de4f62ff2111,7fb983e8-6848-5425-97a2-14da72722d0f,cd81184b-b6f1-563c-b463-36a69ddfb598,Vitamina,2026-06-29T14:26:45.094938+00:00,2026-05-18,2,67.63383799810317,68.69819641113281,69.8258806052499,aditivo,0.5,v1.0.0
e8aeb018-f679-5670-b210-de4f62ff2111,7fb983e8-6848-5425-97a2-14da72722d0f,cd81184b-b6f1-563c-b463-36a69ddfb598,Vitamina,2026-06-29T14:26:45.094938+00:00,2026-05-25,3,67.63383799810317,71.07836151123047,71.92713177768555,aditivo,0.5,v1.0.0
e8aeb018-f679-5670-b210-de4f62ff2111,7fb983e8-6848-5425-97a2-14da72722d0f,cd81184b-b6f1-563c-b463-36a69ddfb598,Vitamina,2026-06-29T14:26:45.094938+00:00,2026-06-01,4,67.63383799810317,69.64801025390625,71.79878759576104,aditivo,0.5,v1.0.0
e8aeb018-f679-5670-b210-de4f62ff2111,7fb983e8-6848-5425-97a2-14da72722d0f,cd81184b-b6f1-563c-b463-36a69ddfb598,Vitamina,2026-06-29T14:26:45.094938+00:00,2026-06-08,5,67.63383799810317,64.50775146484375,69.21103622350111,aditivo,0.5,v1.0.0
e8aeb018-f679-5670-b210-de4f62ff2111,7fb983e8-6848-5425-97a2-14da72722d0f,cd81184b-b6f1-563c-b463-36a69ddfb598,Vitamina,2026-06-29T14:26:45.094938+00:00,2026-06-15,6,67.63383799810317,64.50775146484375,69.21093292359598,aditivo,0.5,v1.0.0
e8aeb018-f679-5670-b210-de4f62ff2111,7fb983e8-6848-5425-97a2-14da72722d0f,cd81184b-b6f1-563c-b463-36a69ddfb598,Vitamina,2026-06-29T14:26:45.094938+00:00,2026-06-22,7,67.63383799810317,64.13817596435547,69.23675171360946,aditivo,0.5,v1.0.0
e8aeb018-f679-5670-b210-de4f62ff2111,7fb983e8-6848-5425-97a2-14da72722d0f,cd81184b-b6f1-563c-b463-36a69ddfb598,Vitamina,2026-06-29T14:26:45.094938+00:00,2026-06-29,8,67.63383799810317,64.13817596435547,69.23665447757726,aditivo,0.5,v1.0.0
e8aeb018-f679-5670-b210-de4f62ff2111,7fb983e8-6848-5425-97a2-14da72722d0f,cd81184b-b6f1-563c-b463-36a69ddfb598,Vitamina,2026-06-29T14:26:45.094938+00:00,2026-07-06,9,67.63383799810317,64.13817596435547,69.23655870901594,aditivo,0.5,v1.0.0
e8aeb018-f679-5670-b210-de4f62ff2111,7fb983e8-6848-5425-97a2-14da72722d0f,cd81184b-b6f1-563c-b463-36a69ddfb598,Vitamina,2026-06-29T14:26:45.094938+00:00,2026-07-13,10,67.63383799810317,64.13817596435547,69.12087064066661,aditivo,0.5,v1.0.0
e8aeb018-f679-5670-b210-de4f62ff2111,7fb983e8-6848-5425-97a2-14da72722d0f,cd81184b-b6f1-563c-b463-36a69ddfb598,Vitamina,2026-06-29T14:26:45.094938+00:00,2026-07-20,11,67.63383799810317,64.13817596435547,68.99139818888999,aditivo,0.5,v1.0.0
e8aeb018-f679-5670-b210-de4f62ff2111,7fb983e8-6848-5425-97a2-14da72722d0f,cd81184b-b6f1-563c-b463-36a69ddfb598,Vitamina,2026-06-29T14:26:45.094938+00:00,2026-07-27,12,67.63383799810317,64.13817596435547,69.3593197009658,aditivo,0.5,v1.0.0
e8aeb018-f679-5670-b210-de4f62ff2111,7fb983e8-6848-5425-97a2-14da72722d0f,d0ae6d2d-e561-56b3-a2c1-113c1c56ae81,Hipolipemiante,2026-06-29T14:26:45.094938+00:00,2026-05-11,1,45.02381683101922,44.94889831542969,45.02381683101922,sarima,0.0,v1.0.0
e8aeb018-f679-5670-b210-de4f62ff2111,7fb983e8-6848-5425-97a2-14da72722d0f,d0ae6d2d-e561-56b3-a2c1-113c1c56ae81,Hipolipemiante,2026-06-29T14:26:45.094938+00:00,2026-05-18,2,45.02381683101922,45.295040130615234,45.02381683101922,sarima,0.0,v1.0.0
e8aeb018-f679-5670-b210-de4f62ff2111,7fb983e8-6848-5425-97a2-14da72722d0f,d0ae6d2d-e561-56b3-a2c1-113c1c56ae81,Hipolipemiante,2026-06-29T14:26:45.094938+00:00,2026-05-25,3,45.02381683101922,45.13783645629883,45.02381683101922,sarima,0.0,v1.0.0
e8aeb018-f679-5670-b210-de4f62ff2111,7fb983e8-6848-5425-97a2-14da72722d0f,d0ae6d2d-e561-56b3-a2c1-113c1c56ae81,Hipolipemiante,2026-06-29T14:26:45.094938+00:00,2026-06-01,4,45.02381683101922,44.74351501464844,45.02381683101922,sarima,0.0,v1.0.0
e8aeb018-f679-5670-b210-de4f62ff2111,7fb983e8-6848-5425-97a2-14da72722d0f,d0ae6d2d-e561-56b3-a2c1-113c1c56ae81,Hipolipemiante,2026-06-29T14:26:45.094938+00:00,2026-06-08,5,45.02381683101922,44.94889831542969,45.02381683101922,sarima,0.0,v1.0.0
e8aeb018-f679-5670-b210-de4f62ff2111,7fb983e8-6848-5425-97a2-14da72722d0f,d0ae6d2d-e561-56b3-a2c1-113c1c56ae81,Hipolipemiante,2026-06-29T14:26:45.094938+00:00,2026-06-15,6,45.02381683101922,44.94889831542969,45.02381683101922,sarima,0.0,v1.0.0
e8aeb018-f679-5670-b210-de4f62ff2111,7fb983e8-6848-5425-97a2-14da72722d0f,d0ae6d2d-e561-56b3-a2c1-113c1c56ae81,Hipolipemiante,2026-06-29T14:26:45.094938+00:00,2026-06-22,7,45.02381683101922,44.94889831542969,45.02381683101922,sarima,0.0,v1.0.0
e8aeb018-f679-5670-b210-de4f62ff2111,7fb983e8-6848-5425-97a2-14da72722d0f,d0ae6d2d-e561-56b3-a2c1-113c1c56ae81,Hipolipemiante,2026-06-29T14:26:45.094938+00:00,2026-06-29,8,45.02381683101922,43.75538635253906,45.02381683101922,sarima,0.0,v1.0.0
e8aeb018-f679-5670-b210-de4f62ff2111,7fb983e8-6848-5425-97a2-14da72722d0f,d0ae6d2d-e561-56b3-a2c1-113c1c56ae81,Hipolipemiante,2026-06-29T14:26:45.094938+00:00,2026-07-06,9,45.02381683101922,43.75538635253906,45.02381683101922,sarima,0.0,v1.0.0
e8aeb018-f679-5670-b210-de4f62ff2111,7fb983e8-6848-5425-97a2-14da72722d0f,d0ae6d2d-e561-56b3-a2c1-113c1c56ae81,Hipolipemiante,2026-06-29T14:26:45.094938+00:00,2026-07-13,10,45.02381683101922,43.75538635253906,45.02381683101922,sarima,0.0,v1.0.0
e8aeb018-f679-5670-b210-de4f62ff2111,7fb983e8-6848-5425-97a2-14da72722d0f,d0ae6d2d-e561-56b3-a2c1-113c1c56ae81,Hipolipemiante,2026-06-29T14:26:45.094938+00:00,2026-07-20,11,45.02381683101922,43.75538635253906,45.02381683101922,sarima,0.0,v1.0.0
e8aeb018-f679-5670-b210-de4f62ff2111,7fb983e8-6848-5425-97a2-14da72722d0f,d0ae6d2d-e561-56b3-a2c1-113c1c56ae81,Hipolipemiante,2026-06-29T14:26:45.094938+00:00,2026-07-27,12,45.02381683101922,43.75538635253906,45.02381683101922,sarima,0.0,v1.0.0
e8aeb018-f679-5670-b210-de4f62ff2111,7fb983e8-6848-5425-97a2-14da72722d0f,d2f08f15-f9f2-5f65-a740-b05896774467,Antiulceroso,2026-06-29T14:26:45.094938+00:00,2026-05-11,1,58.259714025983094,59.283164978027344,61.044273599204104,aditivo,1.0,v1.0.0
e8aeb018-f679-5670-b210-de4f62ff2111,7fb983e8-6848-5425-97a2-14da72722d0f,d2f08f15-f9f2-5f65-a740-b05896774467,Antiulceroso,2026-06-29T14:26:45.094938+00:00,2026-05-18,2,58.259714025983094,59.53630828857422,61.3996540897913,aditivo,1.0,v1.0.0
e8aeb018-f679-5670-b210-de4f62ff2111,7fb983e8-6848-5425-97a2-14da72722d0f,d2f08f15-f9f2-5f65-a740-b05896774467,Antiulceroso,2026-06-29T14:26:45.094938+00:00,2026-05-25,3,58.259714025983094,59.41548156738281,61.400431354299975,aditivo,1.0,v1.0.0
e8aeb018-f679-5670-b210-de4f62ff2111,7fb983e8-6848-5425-97a2-14da72722d0f,d2f08f15-f9f2-5f65-a740-b05896774467,Antiulceroso,2026-06-29T14:26:45.094938+00:00,2026-06-01,4,58.259714025983094,59.41548156738281,61.401196606504996,aditivo,1.0,v1.0.0
e8aeb018-f679-5670-b210-de4f62ff2111,7fb983e8-6848-5425-97a2-14da72722d0f,d2f08f15-f9f2-5f65-a740-b05896774467,Antiulceroso,2026-06-29T14:26:45.094938+00:00,2026-06-08,5,58.259714025983094,59.41548156738281,61.40195012517487,aditivo,1.0,v1.0.0
e8aeb018-f679-5670-b210-de4f62ff2111,7fb983e8-6848-5425-97a2-14da72722d0f,d2f08f15-f9f2-5f65-a740-b05896774467,Antiulceroso,2026-06-29T14:26:45.094938+00:00,2026-06-15,6,58.259714025983094,59.41548156738281,61.366081893799326,aditivo,1.0,v1.0.0
e8aeb018-f679-5670-b210-de4f62ff2111,7fb983e8-6848-5425-97a2-14da72722d0f,d2f08f15-f9f2-5f65-a740-b05896774467,Antiulceroso,2026-06-29T14:26:45.094938+00:00,2026-06-22,7,58.259714025983094,59.41548156738281,61.836032795284794,aditivo,1.0,v1.0.0
e8aeb018-f679-5670-b210-de4f62ff2111,7fb983e8-6848-5425-97a2-14da72722d0f,d2f08f15-f9f2-5f65-a740-b05896774467,Antiulceroso,2026-06-29T14:26:45.094938+00:00,2026-06-29,8,58.259714025983094,59.41548156738281,61.837051493712934,aditivo,1.0,v1.0.0
e8aeb018-f679-5670-b210-de4f62ff2111,7fb983e8-6848-5425-97a2-14da72722d0f,d2f08f15-f9f2-5f65-a740-b05896774467,Antiulceroso,2026-06-29T14:26:45.094938+00:00,2026-07-06,9,58.259714025983094,59.41548156738281,61.83805510589514,aditivo,1.0,v1.0.0
e8aeb018-f679-5670-b210-de4f62ff2111,7fb983e8-6848-5425-97a2-14da72722d0f,d2f08f15-f9f2-5f65-a740-b05896774467,Antiulceroso,2026-06-29T14:26:45.094938+00:00,2026-07-13,10,58.259714025983094,59.41548156738281,61.478449507751996,aditivo,1.0,v1.0.0
e8aeb018-f679-5670-b210-de4f62ff2111,7fb983e8-6848-5425-97a2-14da72722d0f,d2f08f15-f9f2-5f65-a740-b05896774467,Antiulceroso,2026-06-29T14:26:45.094938+00:00,2026-07-20,11,58.259714025983094,59.41548156738281,61.35920162845799,aditivo,1.0,v1.0.0
e8aeb018-f679-5670-b210-de4f62ff2111,7fb983e8-6848-5425-97a2-14da72722d0f,d2f08f15-f9f2-5f65-a740-b05896774467,Antiulceroso,2026-06-29T14:26:45.094938+00:00,2026-07-27,12,58.259714025983094,59.41548156738281,61.35984776332805,aditivo,1.0,v1.0.0
e8aeb018-f679-5670-b210-de4f62ff2111,7fb983e8-6848-5425-97a2-14da72722d0f,d3961f5a-3ea7-53d3-89f4-78b65b0c0c6b,Analgésico,2026-06-29T14:26:45.094938+00:00,2026-05-11,1,110.38536277362826,100.31926727294922,121.81815260625443,aditivo,1.5,v1.0.0
e8aeb018-f679-5670-b210-de4f62ff2111,7fb983e8-6848-5425-97a2-14da72722d0f,d3961f5a-3ea7-53d3-89f4-78b65b0c0c6b,Analgésico,2026-06-29T14:26:45.094938+00:00,2026-05-18,2,106.75187925447841,101.77666473388672,118.18139673349376,aditivo,1.5,v1.0.0
e8aeb018-f679-5670-b210-de4f62ff2111,7fb983e8-6848-5425-97a2-14da72722d0f,d3961f5a-3ea7-53d3-89f4-78b65b0c0c6b,Analgésico,2026-06-29T14:26:45.094938+00:00,2026-05-25,3,98.63929270692554,104.36973571777344,111.50123355041114,aditivo,1.5,v1.0.0
e8aeb018-f679-5670-b210-de4f62ff2111,7fb983e8-6848-5425-97a2-14da72722d0f,d3961f5a-3ea7-53d3-89f4-78b65b0c0c6b,Analgésico,2026-06-29T14:26:45.094938+00:00,2026-06-01,4,112.96920765476555,111.26952362060547,143.91146502862532,aditivo,1.5,v1.0.0
e8aeb018-f679-5670-b210-de4f62ff2111,7fb983e8-6848-5425-97a2-14da72722d0f,d3961f5a-3ea7-53d3-89f4-78b65b0c0c6b,Analgésico,2026-06-29T14:26:45.094938+00:00,2026-06-08,5,103.59622607302228,117.78421020507812,144.69444758647506,aditivo,1.5,v1.0.0
e8aeb018-f679-5670-b210-de4f62ff2111,7fb983e8-6848-5425-97a2-14da72722d0f,d3961f5a-3ea7-53d3-89f4-78b65b0c0c6b,Analgésico,2026-06-29T14:26:45.094938+00:00,2026-06-15,6,111.60518751488988,119.0318832397461,152.75039369257604,aditivo,1.5,v1.0.0
e8aeb018-f679-5670-b210-de4f62ff2111,7fb983e8-6848-5425-97a2-14da72722d0f,d3961f5a-3ea7-53d3-89f4-78b65b0c0c6b,Analgésico,2026-06-29T14:26:45.094938+00:00,2026-06-22,7,108.09464279079529,117.9945297241211,150.34431128990016,aditivo,1.5,v1.0.0
e8aeb018-f679-5670-b210-de4f62ff2111,7fb983e8-6848-5425-97a2-14da72722d0f,d3961f5a-3ea7-53d3-89f4-78b65b0c0c6b,Analgésico,2026-06-29T14:26:45.094938+00:00,2026-06-29,8,108.19794499526671,119.0318832397461,149.90096351638044,aditivo,1.5,v1.0.0
e8aeb018-f679-5670-b210-de4f62ff2111,7fb983e8-6848-5425-97a2-14da72722d0f,d3961f5a-3ea7-53d3-89f4-78b65b0c0c6b,Analgésico,2026-06-29T14:26:45.094938+00:00,2026-07-06,9,120.99386908378422,118.7293701171875,160.31512518951558,aditivo,1.5,v1.0.0
e8aeb018-f679-5670-b210-de4f62ff2111,7fb983e8-6848-5425-97a2-14da72722d0f,d3961f5a-3ea7-53d3-89f4-78b65b0c0c6b,Analgésico,2026-06-29T14:26:45.094938+00:00,2026-07-13,10,108.45245149161568,118.7293701171875,146.9293738833496,aditivo,1.5,v1.0.0
e8aeb018-f679-5670-b210-de4f62ff2111,7fb983e8-6848-5425-97a2-14da72722d0f,d3961f5a-3ea7-53d3-89f4-78b65b0c0c6b,Analgésico,2026-06-29T14:26:45.094938+00:00,2026-07-20,11,106.25285195285106,118.7293701171875,145.69844085183647,aditivo,1.5,v1.0.0
e8aeb018-f679-5670-b210-de4f62ff2111,7fb983e8-6848-5425-97a2-14da72722d0f,d3961f5a-3ea7-53d3-89f4-78b65b0c0c6b,Analgésico,2026-06-29T14:26:45.094938+00:00,2026-07-27,12,115.38121379669704,118.0352783203125,154.86925900711216,aditivo,1.5,v1.0.0
e8aeb018-f679-5670-b210-de4f62ff2111,7fb983e8-6848-5425-97a2-14da72722d0f,d9506935-1215-5499-93c0-8bdd86ab9418,Analgésico,2026-06-29T14:26:45.094938+00:00,2026-05-11,1,12.745544742230527,18.43752670288086,15.452250230313366,aditivo,1.5,v1.0.0
e8aeb018-f679-5670-b210-de4f62ff2111,7fb983e8-6848-5425-97a2-14da72722d0f,d9506935-1215-5499-93c0-8bdd86ab9418,Analgésico,2026-06-29T14:26:45.094938+00:00,2026-05-18,2,11.975068975208309,17.190256118774414,14.749788459317461,aditivo,1.5,v1.0.0
e8aeb018-f679-5670-b210-de4f62ff2111,7fb983e8-6848-5425-97a2-14da72722d0f,d9506935-1215-5499-93c0-8bdd86ab9418,Analgésico,2026-06-29T14:26:45.094938+00:00,2026-05-25,3,15.322988681649893,17.380014419555664,18.08410242535639,aditivo,1.5,v1.0.0
e8aeb018-f679-5670-b210-de4f62ff2111,7fb983e8-6848-5425-97a2-14da72722d0f,d9506935-1215-5499-93c0-8bdd86ab9418,Analgésico,2026-06-29T14:26:45.094938+00:00,2026-06-01,4,13.053640250068257,17.09304428100586,16.114212897907652,aditivo,1.5,v1.0.0
e8aeb018-f679-5670-b210-de4f62ff2111,7fb983e8-6848-5425-97a2-14da72722d0f,d9506935-1215-5499-93c0-8bdd86ab9418,Analgésico,2026-06-29T14:26:45.094938+00:00,2026-06-08,5,13.025805279690237,17.09304428100586,16.361151399812975,aditivo,1.5,v1.0.0
e8aeb018-f679-5670-b210-de4f62ff2111,7fb983e8-6848-5425-97a2-14da72722d0f,d9506935-1215-5499-93c0-8bdd86ab9418,Analgésico,2026-06-29T14:26:45.094938+00:00,2026-06-15,6,13.363982614761321,16.673856735229492,16.396324659972546,aditivo,1.5,v1.0.0
e8aeb018-f679-5670-b210-de4f62ff2111,7fb983e8-6848-5425-97a2-14da72722d0f,d9506935-1215-5499-93c0-8bdd86ab9418,Analgésico,2026-06-29T14:26:45.094938+00:00,2026-06-22,7,13.942815265605988,16.74610137939453,16.979077345360377,aditivo,1.5,v1.0.0
e8aeb018-f679-5670-b210-de4f62ff2111,7fb983e8-6848-5425-97a2-14da72722d0f,d9506935-1215-5499-93c0-8bdd86ab9418,Analgésico,2026-06-29T14:26:45.094938+00:00,2026-06-29,8,15.165602985242124,17.07847023010254,17.986615515429495,aditivo,1.5,v1.0.0
e8aeb018-f679-5670-b210-de4f62ff2111,7fb983e8-6848-5425-97a2-14da72722d0f,d9506935-1215-5499-93c0-8bdd86ab9418,Analgésico,2026-06-29T14:26:45.094938+00:00,2026-07-06,9,11.116141821425103,16.673856735229492,14.278653873621256,aditivo,1.5,v1.0.0
e8aeb018-f679-5670-b210-de4f62ff2111,7fb983e8-6848-5425-97a2-14da72722d0f,d9506935-1215-5499-93c0-8bdd86ab9418,Analgésico,2026-06-29T14:26:45.094938+00:00,2026-07-13,10,13.260729265585768,16.673856735229492,16.308485600572233,aditivo,1.5,v1.0.0
e8aeb018-f679-5670-b210-de4f62ff2111,7fb983e8-6848-5425-97a2-14da72722d0f,d9506935-1215-5499-93c0-8bdd86ab9418,Analgésico,2026-06-29T14:26:45.094938+00:00,2026-07-20,11,14.140648494427133,16.7474308013916,17.11328913312162,aditivo,1.5,v1.0.0
e8aeb018-f679-5670-b210-de4f62ff2111,7fb983e8-6848-5425-97a2-14da72722d0f,d9506935-1215-5499-93c0-8bdd86ab9418,Analgésico,2026-06-29T14:26:45.094938+00:00,2026-07-27,12,13.70435587476538,16.84072494506836,16.630121302751657,aditivo,1.5,v1.0.0
e8aeb018-f679-5670-b210-de4f62ff2111,8ecedccf-c230-516b-bbc2-108f7a6fbe63,012857cc-907f-5e7d-b8fb-796d2c9f1621,Suplemento,2026-06-29T14:26:45.094938+00:00,2026-05-11,1,39.641730153265016,38.705631256103516,39.641730153265016,sarima,0.0,v1.0.0
e8aeb018-f679-5670-b210-de4f62ff2111,8ecedccf-c230-516b-bbc2-108f7a6fbe63,012857cc-907f-5e7d-b8fb-796d2c9f1621,Suplemento,2026-06-29T14:26:45.094938+00:00,2026-05-18,2,39.641730153265016,38.48595428466797,39.641730153265016,sarima,0.0,v1.0.0
e8aeb018-f679-5670-b210-de4f62ff2111,8ecedccf-c230-516b-bbc2-108f7a6fbe63,012857cc-907f-5e7d-b8fb-796d2c9f1621,Suplemento,2026-06-29T14:26:45.094938+00:00,2026-05-25,3,39.641730153265016,40.899436950683594,39.641730153265016,sarima,0.0,v1.0.0
e8aeb018-f679-5670-b210-de4f62ff2111,8ecedccf-c230-516b-bbc2-108f7a6fbe63,012857cc-907f-5e7d-b8fb-796d2c9f1621,Suplemento,2026-06-29T14:26:45.094938+00:00,2026-06-01,4,39.641730153265016,39.3484001159668,39.641730153265016,sarima,0.0,v1.0.0
e8aeb018-f679-5670-b210-de4f62ff2111,8ecedccf-c230-516b-bbc2-108f7a6fbe63,012857cc-907f-5e7d-b8fb-796d2c9f1621,Suplemento,2026-06-29T14:26:45.094938+00:00,2026-06-08,5,39.641730153265016,39.603328704833984,39.641730153265016,sarima,0.0,v1.0.0
e8aeb018-f679-5670-b210-de4f62ff2111,8ecedccf-c230-516b-bbc2-108f7a6fbe63,012857cc-907f-5e7d-b8fb-796d2c9f1621,Suplemento,2026-06-29T14:26:45.094938+00:00,2026-06-15,6,39.641730153265016,39.48908233642578,39.641730153265016,sarima,0.0,v1.0.0
e8aeb018-f679-5670-b210-de4f62ff2111,8ecedccf-c230-516b-bbc2-108f7a6fbe63,012857cc-907f-5e7d-b8fb-796d2c9f1621,Suplemento,2026-06-29T14:26:45.094938+00:00,2026-06-22,7,39.641730153265016,39.48908233642578,39.641730153265016,sarima,0.0,v1.0.0
e8aeb018-f679-5670-b210-de4f62ff2111,8ecedccf-c230-516b-bbc2-108f7a6fbe63,012857cc-907f-5e7d-b8fb-796d2c9f1621,Suplemento,2026-06-29T14:26:45.094938+00:00,2026-06-29,8,39.641730153265016,39.34585189819336,39.641730153265016,sarima,0.0,v1.0.0
e8aeb018-f679-5670-b210-de4f62ff2111,8ecedccf-c230-516b-bbc2-108f7a6fbe63,012857cc-907f-5e7d-b8fb-796d2c9f1621,Suplemento,2026-06-29T14:26:45.094938+00:00,2026-07-06,9,39.641730153265016,40.70243835449219,39.641730153265016,sarima,0.0,v1.0.0
e8aeb018-f679-5670-b210-de4f62ff2111,8ecedccf-c230-516b-bbc2-108f7a6fbe63,012857cc-907f-5e7d-b8fb-796d2c9f1621,Suplemento,2026-06-29T14:26:45.094938+00:00,2026-07-13,10,39.641730153265016,40.79747772216797,39.641730153265016,sarima,0.0,v1.0.0
e8aeb018-f679-5670-b210-de4f62ff2111,8ecedccf-c230-516b-bbc2-108f7a6fbe63,012857cc-907f-5e7d-b8fb-796d2c9f1621,Suplemento,2026-06-29T14:26:45.094938+00:00,2026-07-20,11,39.641730153265016,40.9672737121582,39.641730153265016,sarima,0.0,v1.0.0
e8aeb018-f679-5670-b210-de4f62ff2111,8ecedccf-c230-516b-bbc2-108f7a6fbe63,012857cc-907f-5e7d-b8fb-796d2c9f1621,Suplemento,2026-06-29T14:26:45.094938+00:00,2026-07-27,12,39.641730153265016,40.70243835449219,39.641730153265016,sarima,0.0,v1.0.0
e8aeb018-f679-5670-b210-de4f62ff2111,8ecedccf-c230-516b-bbc2-108f7a6fbe63,042e2e80-f954-5df4-97be-29dd428cc598,Antiinflamatorio,2026-06-29T14:26:45.094938+00:00,2026-05-11,1,38.33854086288246,40.88669204711914,38.33854086288246,sarima,0.0,v1.0.0
e8aeb018-f679-5670-b210-de4f62ff2111,8ecedccf-c230-516b-bbc2-108f7a6fbe63,042e2e80-f954-5df4-97be-29dd428cc598,Antiinflamatorio,2026-06-29T14:26:45.094938+00:00,2026-05-18,2,38.33854086288246,40.6562385559082,38.33854086288246,sarima,0.0,v1.0.0
e8aeb018-f679-5670-b210-de4f62ff2111,8ecedccf-c230-516b-bbc2-108f7a6fbe63,042e2e80-f954-5df4-97be-29dd428cc598,Antiinflamatorio,2026-06-29T14:26:45.094938+00:00,2026-05-25,3,38.33854086288246,40.81954574584961,38.33854086288246,sarima,0.0,v1.0.0
e8aeb018-f679-5670-b210-de4f62ff2111,8ecedccf-c230-516b-bbc2-108f7a6fbe63,042e2e80-f954-5df4-97be-29dd428cc598,Antiinflamatorio,2026-06-29T14:26:45.094938+00:00,2026-06-01,4,38.33854086288246,39.495513916015625,38.33854086288246,sarima,0.0,v1.0.0
e8aeb018-f679-5670-b210-de4f62ff2111,8ecedccf-c230-516b-bbc2-108f7a6fbe63,042e2e80-f954-5df4-97be-29dd428cc598,Antiinflamatorio,2026-06-29T14:26:45.094938+00:00,2026-06-08,5,38.33854086288246,39.46468734741211,38.33854086288246,sarima,0.0,v1.0.0
e8aeb018-f679-5670-b210-de4f62ff2111,8ecedccf-c230-516b-bbc2-108f7a6fbe63,042e2e80-f954-5df4-97be-29dd428cc598,Antiinflamatorio,2026-06-29T14:26:45.094938+00:00,2026-06-15,6,38.33854086288246,39.30097198486328,38.33854086288246,sarima,0.0,v1.0.0
e8aeb018-f679-5670-b210-de4f62ff2111,8ecedccf-c230-516b-bbc2-108f7a6fbe63,042e2e80-f954-5df4-97be-29dd428cc598,Antiinflamatorio,2026-06-29T14:26:45.094938+00:00,2026-06-22,7,38.33854086288246,40.508689880371094,38.33854086288246,sarima,0.0,v1.0.0
e8aeb018-f679-5670-b210-de4f62ff2111,8ecedccf-c230-516b-bbc2-108f7a6fbe63,042e2e80-f954-5df4-97be-29dd428cc598,Antiinflamatorio,2026-06-29T14:26:45.094938+00:00,2026-06-29,8,38.33854086288246,40.508689880371094,38.33854086288246,sarima,0.0,v1.0.0
e8aeb018-f679-5670-b210-de4f62ff2111,8ecedccf-c230-516b-bbc2-108f7a6fbe63,042e2e80-f954-5df4-97be-29dd428cc598,Antiinflamatorio,2026-06-29T14:26:45.094938+00:00,2026-07-06,9,38.33854086288246,39.30097198486328,38.33854086288246,sarima,0.0,v1.0.0
e8aeb018-f679-5670-b210-de4f62ff2111,8ecedccf-c230-516b-bbc2-108f7a6fbe63,042e2e80-f954-5df4-97be-29dd428cc598,Antiinflamatorio,2026-06-29T14:26:45.094938+00:00,2026-07-13,10,38.33854086288246,39.30097198486328,38.33854086288246,sarima,0.0,v1.0.0
e8aeb018-f679-5670-b210-de4f62ff2111,8ecedccf-c230-516b-bbc2-108f7a6fbe63,042e2e80-f954-5df4-97be-29dd428cc598,Antiinflamatorio,2026-06-29T14:26:45.094938+00:00,2026-07-20,11,38.33854086288246,39.327579498291016,38.33854086288246,sarima,0.0,v1.0.0
e8aeb018-f679-5670-b210-de4f62ff2111,8ecedccf-c230-516b-bbc2-108f7a6fbe63,042e2e80-f954-5df4-97be-29dd428cc598,Antiinflamatorio,2026-06-29T14:26:45.094938+00:00,2026-07-27,12,38.33854086288246,39.15840530395508,38.33854086288246,sarima,0.0,v1.0.0
e8aeb018-f679-5670-b210-de4f62ff2111,8ecedccf-c230-516b-bbc2-108f7a6fbe63,058c6382-bde2-59d1-93ff-20c6161a4736,Antibiótico,2026-06-29T14:26:45.094938+00:00,2026-05-11,1,30.56390751501282,35.69021987915039,30.56390751501282,sarima,0.0,v1.0.0
e8aeb018-f679-5670-b210-de4f62ff2111,8ecedccf-c230-516b-bbc2-108f7a6fbe63,058c6382-bde2-59d1-93ff-20c6161a4736,Antibiótico,2026-06-29T14:26:45.094938+00:00,2026-05-18,2,30.56390751501282,35.37873458862305,30.56390751501282,sarima,0.0,v1.0.0
e8aeb018-f679-5670-b210-de4f62ff2111,8ecedccf-c230-516b-bbc2-108f7a6fbe63,058c6382-bde2-59d1-93ff-20c6161a4736,Antibiótico,2026-06-29T14:26:45.094938+00:00,2026-05-25,3,30.56390751501282,36.41441345214844,30.56390751501282,sarima,0.0,v1.0.0
e8aeb018-f679-5670-b210-de4f62ff2111,8ecedccf-c230-516b-bbc2-108f7a6fbe63,058c6382-bde2-59d1-93ff-20c6161a4736,Antibiótico,2026-06-29T14:26:45.094938+00:00,2026-06-01,4,30.56390751501282,36.949241638183594,30.56390751501282,sarima,0.0,v1.0.0
e8aeb018-f679-5670-b210-de4f62ff2111,8ecedccf-c230-516b-bbc2-108f7a6fbe63,058c6382-bde2-59d1-93ff-20c6161a4736,Antibiótico,2026-06-29T14:26:45.094938+00:00,2026-06-08,5,30.56390751501282,36.59222412109375,30.56390751501282,sarima,0.0,v1.0.0
e8aeb018-f679-5670-b210-de4f62ff2111,8ecedccf-c230-516b-bbc2-108f7a6fbe63,058c6382-bde2-59d1-93ff-20c6161a4736,Antibiótico,2026-06-29T14:26:45.094938+00:00,2026-06-15,6,30.56390751501282,36.04733657836914,30.56390751501282,sarima,0.0,v1.0.0
e8aeb018-f679-5670-b210-de4f62ff2111,8ecedccf-c230-516b-bbc2-108f7a6fbe63,058c6382-bde2-59d1-93ff-20c6161a4736,Antibiótico,2026-06-29T14:26:45.094938+00:00,2026-06-22,7,30.56390751501282,36.63254928588867,30.56390751501282,sarima,0.0,v1.0.0
e8aeb018-f679-5670-b210-de4f62ff2111,8ecedccf-c230-516b-bbc2-108f7a6fbe63,058c6382-bde2-59d1-93ff-20c6161a4736,Antibiótico,2026-06-29T14:26:45.094938+00:00,2026-06-29,8,30.56390751501282,36.45923614501953,30.56390751501282,sarima,0.0,v1.0.0
e8aeb018-f679-5670-b210-de4f62ff2111,8ecedccf-c230-516b-bbc2-108f7a6fbe63,058c6382-bde2-59d1-93ff-20c6161a4736,Antibiótico,2026-06-29T14:26:45.094938+00:00,2026-07-06,9,30.56390751501282,36.45923614501953,30.56390751501282,sarima,0.0,v1.0.0
e8aeb018-f679-5670-b210-de4f62ff2111,8ecedccf-c230-516b-bbc2-108f7a6fbe63,058c6382-bde2-59d1-93ff-20c6161a4736,Antibiótico,2026-06-29T14:26:45.094938+00:00,2026-07-13,10,30.56390751501282,36.74493408203125,30.56390751501282,sarima,0.0,v1.0.0
e8aeb018-f679-5670-b210-de4f62ff2111,8ecedccf-c230-516b-bbc2-108f7a6fbe63,058c6382-bde2-59d1-93ff-20c6161a4736,Antibiótico,2026-06-29T14:26:45.094938+00:00,2026-07-20,11,30.56390751501282,36.760498046875,30.56390751501282,sarima,0.0,v1.0.0
e8aeb018-f679-5670-b210-de4f62ff2111,8ecedccf-c230-516b-bbc2-108f7a6fbe63,058c6382-bde2-59d1-93ff-20c6161a4736,Antibiótico,2026-06-29T14:26:45.094938+00:00,2026-07-27,12,30.56390751501282,36.962799072265625,30.56390751501282,sarima,0.0,v1.0.0
e8aeb018-f679-5670-b210-de4f62ff2111,8ecedccf-c230-516b-bbc2-108f7a6fbe63,07371b94-955f-52a4-9bf9-f0a6ad2b4fa8,Antibiótico,2026-06-29T14:26:45.094938+00:00,2026-05-11,1,56.77022244718791,55.39944076538086,56.77022244718791,sarima,0.0,v1.0.0
e8aeb018-f679-5670-b210-de4f62ff2111,8ecedccf-c230-516b-bbc2-108f7a6fbe63,07371b94-955f-52a4-9bf9-f0a6ad2b4fa8,Antibiótico,2026-06-29T14:26:45.094938+00:00,2026-05-18,2,56.445181528329385,61.40747833251953,56.445181528329385,sarima,0.0,v1.0.0
e8aeb018-f679-5670-b210-de4f62ff2111,8ecedccf-c230-516b-bbc2-108f7a6fbe63,07371b94-955f-52a4-9bf9-f0a6ad2b4fa8,Antibiótico,2026-06-29T14:26:45.094938+00:00,2026-05-25,3,56.1501616370376,55.39952087402344,56.1501616370376,sarima,0.0,v1.0.0
e8aeb018-f679-5670-b210-de4f62ff2111,8ecedccf-c230-516b-bbc2-108f7a6fbe63,07371b94-955f-52a4-9bf9-f0a6ad2b4fa8,Antibiótico,2026-06-29T14:26:45.094938+00:00,2026-06-01,4,55.882263621196586,55.0549201965332,55.882263621196586,sarima,0.0,v1.0.0
e8aeb018-f679-5670-b210-de4f62ff2111,8ecedccf-c230-516b-bbc2-108f7a6fbe63,07371b94-955f-52a4-9bf9-f0a6ad2b4fa8,Antibiótico,2026-06-29T14:26:45.094938+00:00,2026-06-08,5,55.6388893246379,53.528865814208984,55.6388893246379,sarima,0.0,v1.0.0
e8aeb018-f679-5670-b210-de4f62ff2111,8ecedccf-c230-516b-bbc2-108f7a6fbe63,07371b94-955f-52a4-9bf9-f0a6ad2b4fa8,Antibiótico,2026-06-29T14:26:45.094938+00:00,2026-06-15,6,55.41770691770244,53.26145935058594,55.41770691770244,sarima,0.0,v1.0.0
e8aeb018-f679-5670-b210-de4f62ff2111,8ecedccf-c230-516b-bbc2-108f7a6fbe63,07371b94-955f-52a4-9bf9-f0a6ad2b4fa8,Antibiótico,2026-06-29T14:26:45.094938+00:00,2026-06-22,7,55.21662075634417,53.26145935058594,55.21662075634417,sarima,0.0,v1.0.0
e8aeb018-f679-5670-b210-de4f62ff2111,8ecedccf-c230-516b-bbc2-108f7a6fbe63,07371b94-955f-52a4-9bf9-f0a6ad2b4fa8,Antibiótico,2026-06-29T14:26:45.094938+00:00,2026-06-29,8,55.033745098511204,53.26145935058594,55.033745098511204,sarima,0.0,v1.0.0
e8aeb018-f679-5670-b210-de4f62ff2111,8ecedccf-c230-516b-bbc2-108f7a6fbe63,07371b94-955f-52a4-9bf9-f0a6ad2b4fa8,Antibiótico,2026-06-29T14:26:45.094938+00:00,2026-07-06,9,54.867381117499235,53.26145935058594,54.867381117499235,sarima,0.0,v1.0.0
e8aeb018-f679-5670-b210-de4f62ff2111,8ecedccf-c230-516b-bbc2-108f7a6fbe63,07371b94-955f-52a4-9bf9-f0a6ad2b4fa8,Antibiótico,2026-06-29T14:26:45.094938+00:00,2026-07-13,10,54.715996742918314,53.26145935058594,54.715996742918314,sarima,0.0,v1.0.0
e8aeb018-f679-5670-b210-de4f62ff2111,8ecedccf-c230-516b-bbc2-108f7a6fbe63,07371b94-955f-52a4-9bf9-f0a6ad2b4fa8,Antibiótico,2026-06-29T14:26:45.094938+00:00,2026-07-20,11,54.57820893472344,53.26145935058594,54.57820893472344,sarima,0.0,v1.0.0
e8aeb018-f679-5670-b210-de4f62ff2111,8ecedccf-c230-516b-bbc2-108f7a6fbe63,07371b94-955f-52a4-9bf9-f0a6ad2b4fa8,Antibiótico,2026-06-29T14:26:45.094938+00:00,2026-07-27,12,54.45276805750695,53.26145935058594,54.45276805750695,sarima,0.0,v1.0.0
e8aeb018-f679-5670-b210-de4f62ff2111,8ecedccf-c230-516b-bbc2-108f7a6fbe63,0ec23038-d3ab-588c-bbd6-1f5c744cdde1,Vitamina,2026-06-29T14:26:45.094938+00:00,2026-05-11,1,61.14233372970051,64.75928497314453,71.50958510352797,aditivo,0.5,v1.0.0
e8aeb018-f679-5670-b210-de4f62ff2111,8ecedccf-c230-516b-bbc2-108f7a6fbe63,0ec23038-d3ab-588c-bbd6-1f5c744cdde1,Vitamina,2026-06-29T14:26:45.094938+00:00,2026-05-18,2,66.5795022568186,61.63850021362305,76.73006529019503,aditivo,0.5,v1.0.0
e8aeb018-f679-5670-b210-de4f62ff2111,8ecedccf-c230-516b-bbc2-108f7a6fbe63,0ec23038-d3ab-588c-bbd6-1f5c744cdde1,Vitamina,2026-06-29T14:26:45.094938+00:00,2026-05-25,3,66.5795022568186,61.97134017944336,76.0451030061449,aditivo,0.5,v1.0.0
e8aeb018-f679-5670-b210-de4f62ff2111,8ecedccf-c230-516b-bbc2-108f7a6fbe63,0ec23038-d3ab-588c-bbd6-1f5c744cdde1,Vitamina,2026-06-29T14:26:45.094938+00:00,2026-06-01,4,66.5795022568186,61.946990966796875,76.04620343725662,aditivo,0.5,v1.0.0
e8aeb018-f679-5670-b210-de4f62ff2111,8ecedccf-c230-516b-bbc2-108f7a6fbe63,0ec23038-d3ab-588c-bbd6-1f5c744cdde1,Vitamina,2026-06-29T14:26:45.094938+00:00,2026-06-08,5,66.5795022568186,62.72833251953125,76.02690900356566,aditivo,0.5,v1.0.0
e8aeb018-f679-5670-b210-de4f62ff2111,8ecedccf-c230-516b-bbc2-108f7a6fbe63,0ec23038-d3ab-588c-bbd6-1f5c744cdde1,Vitamina,2026-06-29T14:26:45.094938+00:00,2026-06-15,6,66.5795022568186,62.72833251953125,76.14459296091,aditivo,0.5,v1.0.0
e8aeb018-f679-5670-b210-de4f62ff2111,8ecedccf-c230-516b-bbc2-108f7a6fbe63,0ec23038-d3ab-588c-bbd6-1f5c744cdde1,Vitamina,2026-06-29T14:26:45.094938+00:00,2026-06-22,7,66.5795022568186,62.72833251953125,76.13383075169237,aditivo,0.5,v1.0.0
e8aeb018-f679-5670-b210-de4f62ff2111,8ecedccf-c230-516b-bbc2-108f7a6fbe63,0ec23038-d3ab-588c-bbd6-1f5c744cdde1,Vitamina,2026-06-29T14:26:45.094938+00:00,2026-06-29,8,66.5795022568186,62.416011810302734,76.12322522494877,aditivo,0.5,v1.0.0
e8aeb018-f679-5670-b210-de4f62ff2111,8ecedccf-c230-516b-bbc2-108f7a6fbe63,0ec23038-d3ab-588c-bbd6-1f5c744cdde1,Vitamina,2026-06-29T14:26:45.094938+00:00,2026-07-06,9,66.5795022568186,62.72833251953125,76.16350526392314,aditivo,0.5,v1.0.0
e8aeb018-f679-5670-b210-de4f62ff2111,8ecedccf-c230-516b-bbc2-108f7a6fbe63,0ec23038-d3ab-588c-bbd6-1f5c744cdde1,Vitamina,2026-06-29T14:26:45.094938+00:00,2026-07-13,10,66.5795022568186,62.72833251953125,75.83887519777153,aditivo,0.5,v1.0.0
e8aeb018-f679-5670-b210-de4f62ff2111,8ecedccf-c230-516b-bbc2-108f7a6fbe63,0ec23038-d3ab-588c-bbd6-1f5c744cdde1,Vitamina,2026-06-29T14:26:45.094938+00:00,2026-07-20,11,66.5795022568186,62.72833251953125,75.73679882969186,aditivo,0.5,v1.0.0
e8aeb018-f679-5670-b210-de4f62ff2111,8ecedccf-c230-516b-bbc2-108f7a6fbe63,0ec23038-d3ab-588c-bbd6-1f5c744cdde1,Vitamina,2026-06-29T14:26:45.094938+00:00,2026-07-27,12,66.5795022568186,62.72833251953125,75.72688742398887,aditivo,0.5,v1.0.0
e8aeb018-f679-5670-b210-de4f62ff2111,8ecedccf-c230-516b-bbc2-108f7a6fbe63,1ca3438e-9e23-58f0-a35f-f15f7a23beb9,Antifúngico,2026-06-29T14:26:45.094938+00:00,2026-05-11,1,39.91234750674399,36.8195915222168,41.84058397010103,aditivo,1.5,v1.0.0
e8aeb018-f679-5670-b210-de4f62ff2111,8ecedccf-c230-516b-bbc2-108f7a6fbe63,1ca3438e-9e23-58f0-a35f-f15f7a23beb9,Antifúngico,2026-06-29T14:26:45.094938+00:00,2026-05-18,2,39.36330266758044,37.12343978881836,41.38390996551247,aditivo,1.5,v1.0.0
e8aeb018-f679-5670-b210-de4f62ff2111,8ecedccf-c230-516b-bbc2-108f7a6fbe63,1ca3438e-9e23-58f0-a35f-f15f7a23beb9,Antifúngico,2026-06-29T14:26:45.094938+00:00,2026-05-25,3,39.378264314748385,35.32524871826172,40.40927581884124,aditivo,1.5,v1.0.0
e8aeb018-f679-5670-b210-de4f62ff2111,8ecedccf-c230-516b-bbc2-108f7a6fbe63,1ca3438e-9e23-58f0-a35f-f15f7a23beb9,Antifúngico,2026-06-29T14:26:45.094938+00:00,2026-06-01,4,39.377853840470735,37.01893997192383,43.084550036098534,aditivo,1.5,v1.0.0
e8aeb018-f679-5670-b210-de4f62ff2111,8ecedccf-c230-516b-bbc2-108f7a6fbe63,1ca3438e-9e23-58f0-a35f-f15f7a23beb9,Antifúngico,2026-06-29T14:26:45.094938+00:00,2026-06-08,5,39.377865099788416,36.64908981323242,40.952852277321156,aditivo,1.5,v1.0.0
e8aeb018-f679-5670-b210-de4f62ff2111,8ecedccf-c230-516b-bbc2-108f7a6fbe63,1ca3438e-9e23-58f0-a35f-f15f7a23beb9,Antifúngico,2026-06-29T14:26:45.094938+00:00,2026-06-15,6,39.37786479094354,36.67527389526367,41.79697789064349,aditivo,1.5,v1.0.0
e8aeb018-f679-5670-b210-de4f62ff2111,8ecedccf-c230-516b-bbc2-108f7a6fbe63,1ca3438e-9e23-58f0-a35f-f15f7a23beb9,Antifúngico,2026-06-29T14:26:45.094938+00:00,2026-06-22,7,39.3778647994152,36.67527389526367,42.068220545536064,aditivo,1.5,v1.0.0
e8aeb018-f679-5670-b210-de4f62ff2111,8ecedccf-c230-516b-bbc2-108f7a6fbe63,1ca3438e-9e23-58f0-a35f-f15f7a23beb9,Antifúngico,2026-06-29T14:26:45.094938+00:00,2026-06-29,8,39.377864799182824,37.16535568237305,44.34278262951154,aditivo,1.5,v1.0.0
e8aeb018-f679-5670-b210-de4f62ff2111,8ecedccf-c230-516b-bbc2-108f7a6fbe63,1ca3438e-9e23-58f0-a35f-f15f7a23beb9,Antifúngico,2026-06-29T14:26:45.094938+00:00,2026-07-06,9,39.37786479918919,37.12445831298828,41.91388775217716,aditivo,1.5,v1.0.0
e8aeb018-f679-5670-b210-de4f62ff2111,8ecedccf-c230-516b-bbc2-108f7a6fbe63,1ca3438e-9e23-58f0-a35f-f15f7a23beb9,Antifúngico,2026-06-29T14:26:45.094938+00:00,2026-07-13,10,39.37786479918901,40.65475845336914,42.398925818034705,aditivo,1.5,v1.0.0
e8aeb018-f679-5670-b210-de4f62ff2111,8ecedccf-c230-516b-bbc2-108f7a6fbe63,1ca3438e-9e23-58f0-a35f-f15f7a23beb9,Antifúngico,2026-06-29T14:26:45.094938+00:00,2026-07-20,11,39.37786479918903,40.738067626953125,42.162015034876866,aditivo,1.5,v1.0.0
e8aeb018-f679-5670-b210-de4f62ff2111,8ecedccf-c230-516b-bbc2-108f7a6fbe63,1ca3438e-9e23-58f0-a35f-f15f7a23beb9,Antifúngico,2026-06-29T14:26:45.094938+00:00,2026-07-27,12,39.37786479918903,40.15679931640625,45.06181888062423,aditivo,1.5,v1.0.0
e8aeb018-f679-5670-b210-de4f62ff2111,8ecedccf-c230-516b-bbc2-108f7a6fbe63,1e9605fd-5682-52b6-8f05-e8a92dd44513,Antivertiginoso,2026-06-29T14:26:45.094938+00:00,2026-05-11,1,20.169110666637376,19.106159210205078,20.879264493272434,aditivo,0.3,v1.0.0
e8aeb018-f679-5670-b210-de4f62ff2111,8ecedccf-c230-516b-bbc2-108f7a6fbe63,1e9605fd-5682-52b6-8f05-e8a92dd44513,Antivertiginoso,2026-06-29T14:26:45.094938+00:00,2026-05-18,2,14.016333757656659,17.753002166748047,14.824009396961204,aditivo,0.3,v1.0.0
e8aeb018-f679-5670-b210-de4f62ff2111,8ecedccf-c230-516b-bbc2-108f7a6fbe63,1e9605fd-5682-52b6-8f05-e8a92dd44513,Antivertiginoso,2026-06-29T14:26:45.094938+00:00,2026-05-25,3,20.00934228370619,17.8607177734375,20.345127535507576,aditivo,0.3,v1.0.0
e8aeb018-f679-5670-b210-de4f62ff2111,8ecedccf-c230-516b-bbc2-108f7a6fbe63,1e9605fd-5682-52b6-8f05-e8a92dd44513,Antivertiginoso,2026-06-29T14:26:45.094938+00:00,2026-06-01,4,14.127998919783796,17.41277503967285,14.803593911831255,aditivo,0.3,v1.0.0
e8aeb018-f679-5670-b210-de4f62ff2111,8ecedccf-c230-516b-bbc2-108f7a6fbe63,1e9605fd-5682-52b6-8f05-e8a92dd44513,Antivertiginoso,2026-06-29T14:26:45.094938+00:00,2026-06-08,5,19.857673618848796,16.909181594848633,20.623840688856514,aditivo,0.3,v1.0.0
e8aeb018-f679-5670-b210-de4f62ff2111,8ecedccf-c230-516b-bbc2-108f7a6fbe63,1e9605fd-5682-52b6-8f05-e8a92dd44513,Antivertiginoso,2026-06-29T14:26:45.094938+00:00,2026-06-15,6,14.23556825237262,17.07847023010254,15.093378492361941,aditivo,0.3,v1.0.0
e8aeb018-f679-5670-b210-de4f62ff2111,8ecedccf-c230-516b-bbc2-108f7a6fbe63,1e9605fd-5682-52b6-8f05-e8a92dd44513,Antivertiginoso,2026-06-29T14:26:45.094938+00:00,2026-06-22,7,19.713647475885413,16.909181594848633,20.459720945484605,aditivo,0.3,v1.0.0
e8aeb018-f679-5670-b210-de4f62ff2111,8ecedccf-c230-516b-bbc2-108f7a6fbe63,1e9605fd-5682-52b6-8f05-e8a92dd44513,Antivertiginoso,2026-06-29T14:26:45.094938+00:00,2026-06-29,8,14.339159226652699,16.673856735229492,15.196081840048961,aditivo,0.3,v1.0.0
e8aeb018-f679-5670-b210-de4f62ff2111,8ecedccf-c230-516b-bbc2-108f7a6fbe63,1e9605fd-5682-52b6-8f05-e8a92dd44513,Antivertiginoso,2026-06-29T14:26:45.094938+00:00,2026-07-06,9,19.57683644633727,16.962663650512695,20.23923475009988,aditivo,0.3,v1.0.0
e8aeb018-f679-5670-b210-de4f62ff2111,8ecedccf-c230-516b-bbc2-108f7a6fbe63,1e9605fd-5682-52b6-8f05-e8a92dd44513,Antivertiginoso,2026-06-29T14:26:45.094938+00:00,2026-07-13,10,14.43888881438387,17.212873458862305,15.294910537197273,aditivo,0.3,v1.0.0
e8aeb018-f679-5670-b210-de4f62ff2111,8ecedccf-c230-516b-bbc2-108f7a6fbe63,1e9605fd-5682-52b6-8f05-e8a92dd44513,Antivertiginoso,2026-06-29T14:26:45.094938+00:00,2026-07-20,11,19.446840639242282,17.319183349609375,20.19547818786939,aditivo,0.3,v1.0.0
e8aeb018-f679-5670-b210-de4f62ff2111,8ecedccf-c230-516b-bbc2-108f7a6fbe63,1e9605fd-5682-52b6-8f05-e8a92dd44513,Antivertiginoso,2026-06-29T14:26:45.094938+00:00,2026-07-27,12,14.534873185324694,16.84072494506836,15.394056244058628,aditivo,0.3,v1.0.0
e8aeb018-f679-5670-b210-de4f62ff2111,8ecedccf-c230-516b-bbc2-108f7a6fbe63,2082733c-4e17-51fe-bc8c-bf33d3ec5d7e,Antiulceroso,2026-06-29T14:26:45.094938+00:00,2026-05-11,1,48.92170155860582,47.573673248291016,51.56807697686033,aditivo,1.0,v1.0.0
e8aeb018-f679-5670-b210-de4f62ff2111,8ecedccf-c230-516b-bbc2-108f7a6fbe63,2082733c-4e17-51fe-bc8c-bf33d3ec5d7e,Antiulceroso,2026-06-29T14:26:45.094938+00:00,2026-05-18,2,48.92170155860582,47.578975677490234,51.56866072373186,aditivo,1.0,v1.0.0
e8aeb018-f679-5670-b210-de4f62ff2111,8ecedccf-c230-516b-bbc2-108f7a6fbe63,2082733c-4e17-51fe-bc8c-bf33d3ec5d7e,Antiulceroso,2026-06-29T14:26:45.094938+00:00,2026-05-25,3,48.92170155860582,47.476802825927734,51.56923537686277,aditivo,1.0,v1.0.0
e8aeb018-f679-5670-b210-de4f62ff2111,8ecedccf-c230-516b-bbc2-108f7a6fbe63,2082733c-4e17-51fe-bc8c-bf33d3ec5d7e,Antiulceroso,2026-06-29T14:26:45.094938+00:00,2026-06-01,4,48.92170155860582,47.910240173339844,52.18446979309991,aditivo,1.0,v1.0.0
e8aeb018-f679-5670-b210-de4f62ff2111,8ecedccf-c230-516b-bbc2-108f7a6fbe63,2082733c-4e17-51fe-bc8c-bf33d3ec5d7e,Antiulceroso,2026-06-29T14:26:45.094938+00:00,2026-06-08,5,48.92170155860582,47.37668991088867,51.57061341476959,aditivo,1.0,v1.0.0
e8aeb018-f679-5670-b210-de4f62ff2111,8ecedccf-c230-516b-bbc2-108f7a6fbe63,2082733c-4e17-51fe-bc8c-bf33d3ec5d7e,Antiulceroso,2026-06-29T14:26:45.094938+00:00,2026-06-15,6,48.92170155860582,47.37668991088867,51.625652831388265,aditivo,1.0,v1.0.0
e8aeb018-f679-5670-b210-de4f62ff2111,8ecedccf-c230-516b-bbc2-108f7a6fbe63,2082733c-4e17-51fe-bc8c-bf33d3ec5d7e,Antiulceroso,2026-06-29T14:26:45.094938+00:00,2026-06-22,7,48.92170155860582,47.37668991088867,51.6635636659584,aditivo,1.0,v1.0.0
e8aeb018-f679-5670-b210-de4f62ff2111,8ecedccf-c230-516b-bbc2-108f7a6fbe63,2082733c-4e17-51fe-bc8c-bf33d3ec5d7e,Antiulceroso,2026-06-29T14:26:45.094938+00:00,2026-06-29,8,48.92170155860582,47.37668991088867,51.664150833360196,aditivo,1.0,v1.0.0
e8aeb018-f679-5670-b210-de4f62ff2111,8ecedccf-c230-516b-bbc2-108f7a6fbe63,2082733c-4e17-51fe-bc8c-bf33d3ec5d7e,Antiulceroso,2026-06-29T14:26:45.094938+00:00,2026-07-06,9,48.92170155860582,47.37668991088867,51.66472928087321,aditivo,1.0,v1.0.0
e8aeb018-f679-5670-b210-de4f62ff2111,8ecedccf-c230-516b-bbc2-108f7a6fbe63,2082733c-4e17-51fe-bc8c-bf33d3ec5d7e,Antiulceroso,2026-06-29T14:26:45.094938+00:00,2026-07-13,10,48.92170155860582,47.37668991088867,51.63441149936749,aditivo,1.0,v1.0.0
e8aeb018-f679-5670-b210-de4f62ff2111,8ecedccf-c230-516b-bbc2-108f7a6fbe63,2082733c-4e17-51fe-bc8c-bf33d3ec5d7e,Antiulceroso,2026-06-29T14:26:45.094938+00:00,2026-07-20,11,48.92170155860582,47.37668991088867,51.479291425223636,aditivo,1.0,v1.0.0
e8aeb018-f679-5670-b210-de4f62ff2111,8ecedccf-c230-516b-bbc2-108f7a6fbe63,2082733c-4e17-51fe-bc8c-bf33d3ec5d7e,Antiulceroso,2026-06-29T14:26:45.094938+00:00,2026-07-27,12,48.92170155860582,47.37668991088867,51.479736535770435,aditivo,1.0,v1.0.0
e8aeb018-f679-5670-b210-de4f62ff2111,8ecedccf-c230-516b-bbc2-108f7a6fbe63,22231140-3780-5fe8-a7d4-d33f61d15111,Corticosteroide,2026-06-29T14:26:45.094938+00:00,2026-05-11,1,24.711540930121917,27.982688903808594,24.711540930121917,sarima,0.0,v1.0.0
e8aeb018-f679-5670-b210-de4f62ff2111,8ecedccf-c230-516b-bbc2-108f7a6fbe63,22231140-3780-5fe8-a7d4-d33f61d15111,Corticosteroide,2026-06-29T14:26:45.094938+00:00,2026-05-18,2,24.752578159149696,29.417434692382812,24.752578159149696,sarima,0.0,v1.0.0
e8aeb018-f679-5670-b210-de4f62ff2111,8ecedccf-c230-516b-bbc2-108f7a6fbe63,22231140-3780-5fe8-a7d4-d33f61d15111,Corticosteroide,2026-06-29T14:26:45.094938+00:00,2026-05-25,3,24.7902006980725,29.203290939331055,24.7902006980725,sarima,0.0,v1.0.0
e8aeb018-f679-5670-b210-de4f62ff2111,8ecedccf-c230-516b-bbc2-108f7a6fbe63,22231140-3780-5fe8-a7d4-d33f61d15111,Corticosteroide,2026-06-29T14:26:45.094938+00:00,2026-06-01,4,24.82468822494011,29.747140884399414,24.82468822494011,sarima,0.0,v1.0.0
e8aeb018-f679-5670-b210-de4f62ff2111,8ecedccf-c230-516b-bbc2-108f7a6fbe63,22231140-3780-5fe8-a7d4-d33f61d15111,Corticosteroide,2026-06-29T14:26:45.094938+00:00,2026-06-08,5,24.856298234793318,29.021753311157227,24.856298234793318,sarima,0.0,v1.0.0
e8aeb018-f679-5670-b210-de4f62ff2111,8ecedccf-c230-516b-bbc2-108f7a6fbe63,22231140-3780-5fe8-a7d4-d33f61d15111,Corticosteroide,2026-06-29T14:26:45.094938+00:00,2026-06-15,6,24.88526768044571,29.56902313232422,24.88526768044571,sarima,0.0,v1.0.0
e8aeb018-f679-5670-b210-de4f62ff2111,8ecedccf-c230-516b-bbc2-108f7a6fbe63,22231140-3780-5fe8-a7d4-d33f61d15111,Corticosteroide,2026-06-29T14:26:45.094938+00:00,2026-06-22,7,24.911814511827377,28.688249588012695,24.911814511827377,sarima,0.0,v1.0.0
e8aeb018-f679-5670-b210-de4f62ff2111,8ecedccf-c230-516b-bbc2-108f7a6fbe63,22231140-3780-5fe8-a7d4-d33f61d15111,Corticosteroide,2026-06-29T14:26:45.094938+00:00,2026-06-29,8,24.93613911661601,29.397598266601562,24.93613911661601,sarima,0.0,v1.0.0
e8aeb018-f679-5670-b210-de4f62ff2111,8ecedccf-c230-516b-bbc2-108f7a6fbe63,22231140-3780-5fe8-a7d4-d33f61d15111,Corticosteroide,2026-06-29T14:26:45.094938+00:00,2026-07-06,9,24.958425665553204,28.65804100036621,24.958425665553204,sarima,0.0,v1.0.0
e8aeb018-f679-5670-b210-de4f62ff2111,8ecedccf-c230-516b-bbc2-108f7a6fbe63,22231140-3780-5fe8-a7d4-d33f61d15111,Corticosteroide,2026-06-29T14:26:45.094938+00:00,2026-07-13,10,24.97884336632322,28.535091400146484,24.97884336632322,sarima,0.0,v1.0.0
e8aeb018-f679-5670-b210-de4f62ff2111,8ecedccf-c230-516b-bbc2-108f7a6fbe63,22231140-3780-5fe8-a7d4-d33f61d15111,Corticosteroide,2026-06-29T14:26:45.094938+00:00,2026-07-20,11,24.997547630194532,28.623294830322266,24.997547630194532,sarima,0.0,v1.0.0
e8aeb018-f679-5670-b210-de4f62ff2111,8ecedccf-c230-516b-bbc2-108f7a6fbe63,22231140-3780-5fe8-a7d4-d33f61d15111,Corticosteroide,2026-06-29T14:26:45.094938+00:00,2026-07-27,12,25.014681155820906,29.353450775146484,25.014681155820906,sarima,0.0,v1.0.0
e8aeb018-f679-5670-b210-de4f62ff2111,8ecedccf-c230-516b-bbc2-108f7a6fbe63,2897aac2-f219-5167-b800-73fac27f6b85,Broncodilatador,2026-06-29T14:26:45.094938+00:00,2026-05-11,1,40.62138382200453,41.333045959472656,45.64974613688007,aditivo,0.8,v1.0.0
e8aeb018-f679-5670-b210-de4f62ff2111,8ecedccf-c230-516b-bbc2-108f7a6fbe63,2897aac2-f219-5167-b800-73fac27f6b85,Broncodilatador,2026-06-29T14:26:45.094938+00:00,2026-05-18,2,40.193274584248606,42.61406326293945,43.21950404183709,aditivo,0.8,v1.0.0
e8aeb018-f679-5670-b210-de4f62ff2111,8ecedccf-c230-516b-bbc2-108f7a6fbe63,2897aac2-f219-5167-b800-73fac27f6b85,Broncodilatador,2026-06-29T14:26:45.094938+00:00,2026-05-25,3,39.7994196064464,42.791236877441406,45.11003745811482,aditivo,0.8,v1.0.0
e8aeb018-f679-5670-b210-de4f62ff2111,8ecedccf-c230-516b-bbc2-108f7a6fbe63,2897aac2-f219-5167-b800-73fac27f6b85,Broncodilatador,2026-06-29T14:26:45.094938+00:00,2026-06-01,4,39.43682216919133,42.21796798706055,42.370540858608024,aditivo,0.8,v1.0.0
e8aeb018-f679-5670-b210-de4f62ff2111,8ecedccf-c230-516b-bbc2-108f7a6fbe63,2897aac2-f219-5167-b800-73fac27f6b85,Broncodilatador,2026-06-29T14:26:45.094938+00:00,2026-06-08,5,39.10278248599259,42.44721984863281,44.32508747437313,aditivo,0.8,v1.0.0
e8aeb018-f679-5670-b210-de4f62ff2111,8ecedccf-c230-516b-bbc2-108f7a6fbe63,2897aac2-f219-5167-b800-73fac27f6b85,Broncodilatador,2026-06-29T14:26:45.094938+00:00,2026-06-15,6,38.79486371558155,42.44721984863281,44.022337143187954,aditivo,0.8,v1.0.0
e8aeb018-f679-5670-b210-de4f62ff2111,8ecedccf-c230-516b-bbc2-108f7a6fbe63,2897aac2-f219-5167-b800-73fac27f6b85,Broncodilatador,2026-06-29T14:26:45.094938+00:00,2026-06-22,7,38.5108624421184,42.27143859863281,41.34590929636858,aditivo,0.8,v1.0.0
e8aeb018-f679-5670-b210-de4f62ff2111,8ecedccf-c230-516b-bbc2-108f7a6fbe63,2897aac2-f219-5167-b800-73fac27f6b85,Broncodilatador,2026-06-29T14:26:45.094938+00:00,2026-06-29,8,38.24878296352502,41.457374572753906,42.82039987528491,aditivo,0.8,v1.0.0
e8aeb018-f679-5670-b210-de4f62ff2111,8ecedccf-c230-516b-bbc2-108f7a6fbe63,2897aac2-f219-5167-b800-73fac27f6b85,Broncodilatador,2026-06-29T14:26:45.094938+00:00,2026-07-06,9,38.006814835188784,41.37016677856445,40.79117698035563,aditivo,0.8,v1.0.0
e8aeb018-f679-5670-b210-de4f62ff2111,8ecedccf-c230-516b-bbc2-108f7a6fbe63,2897aac2-f219-5167-b800-73fac27f6b85,Broncodilatador,2026-06-29T14:26:45.094938+00:00,2026-07-13,10,37.783313204526344,41.797218322753906,40.02181574170571,aditivo,0.8,v1.0.0
e8aeb018-f679-5670-b210-de4f62ff2111,8ecedccf-c230-516b-bbc2-108f7a6fbe63,2897aac2-f219-5167-b800-73fac27f6b85,Broncodilatador,2026-06-29T14:26:45.094938+00:00,2026-07-20,11,37.57678154489285,41.882808685302734,39.579509738663205,aditivo,0.8,v1.0.0
e8aeb018-f679-5670-b210-de4f62ff2111,8ecedccf-c230-516b-bbc2-108f7a6fbe63,2897aac2-f219-5167-b800-73fac27f6b85,Broncodilatador,2026-06-29T14:26:45.094938+00:00,2026-07-27,12,37.38585645789676,41.775447845458984,39.181629620494704,aditivo,0.8,v1.0.0
e8aeb018-f679-5670-b210-de4f62ff2111,8ecedccf-c230-516b-bbc2-108f7a6fbe63,2933d8b7-2438-521b-b38d-d3a5224f87fc,Analgésico,2026-06-29T14:26:45.094938+00:00,2026-05-11,1,77.73168329354881,74.00704956054688,85.05910925708945,aditivo,1.5,v1.0.0
e8aeb018-f679-5670-b210-de4f62ff2111,8ecedccf-c230-516b-bbc2-108f7a6fbe63,2933d8b7-2438-521b-b38d-d3a5224f87fc,Analgésico,2026-06-29T14:26:45.094938+00:00,2026-05-18,2,77.5127753391729,74.00704956054688,83.80307231672333,aditivo,1.5,v1.0.0
e8aeb018-f679-5670-b210-de4f62ff2111,8ecedccf-c230-516b-bbc2-108f7a6fbe63,2933d8b7-2438-521b-b38d-d3a5224f87fc,Analgésico,2026-06-29T14:26:45.094938+00:00,2026-05-25,3,77.32142558253064,76.45326232910156,85.0177548324649,aditivo,1.5,v1.0.0
e8aeb018-f679-5670-b210-de4f62ff2111,8ecedccf-c230-516b-bbc2-108f7a6fbe63,2933d8b7-2438-521b-b38d-d3a5224f87fc,Analgésico,2026-06-29T14:26:45.094938+00:00,2026-06-01,4,77.15411072110656,74.30377960205078,84.87467227527016,aditivo,1.5,v1.0.0
e8aeb018-f679-5670-b210-de4f62ff2111,8ecedccf-c230-516b-bbc2-108f7a6fbe63,2933d8b7-2438-521b-b38d-d3a5224f87fc,Analgésico,2026-06-29T14:26:45.094938+00:00,2026-06-08,5,77.00777039442498,77.99535369873047,91.63065949369968,aditivo,1.5,v1.0.0
e8aeb018-f679-5670-b210-de4f62ff2111,8ecedccf-c230-516b-bbc2-108f7a6fbe63,2933d8b7-2438-521b-b38d-d3a5224f87fc,Analgésico,2026-06-29T14:26:45.094938+00:00,2026-06-15,6,76.8797434945286,75.10247802734375,84.61338776450908,aditivo,1.5,v1.0.0
e8aeb018-f679-5670-b210-de4f62ff2111,8ecedccf-c230-516b-bbc2-108f7a6fbe63,2933d8b7-2438-521b-b38d-d3a5224f87fc,Analgésico,2026-06-29T14:26:45.094938+00:00,2026-06-22,7,76.76771388241303,75.10247802734375,85.7181155428588,aditivo,1.5,v1.0.0
e8aeb018-f679-5670-b210-de4f62ff2111,8ecedccf-c230-516b-bbc2-108f7a6fbe63,2933d8b7-2438-521b-b38d-d3a5224f87fc,Analgésico,2026-06-29T14:26:45.094938+00:00,2026-06-29,8,76.66966398103857,75.10247802734375,85.54509458332157,aditivo,1.5,v1.0.0
e8aeb018-f679-5670-b210-de4f62ff2111,8ecedccf-c230-516b-bbc2-108f7a6fbe63,2933d8b7-2438-521b-b38d-d3a5224f87fc,Analgésico,2026-06-29T14:26:45.094938+00:00,2026-07-06,9,76.58383499329835,76.3803939819336,85.79608686982468,aditivo,1.5,v1.0.0
e8aeb018-f679-5670-b210-de4f62ff2111,8ecedccf-c230-516b-bbc2-108f7a6fbe63,2933d8b7-2438-521b-b38d-d3a5224f87fc,Analgésico,2026-06-29T14:26:45.094938+00:00,2026-07-13,10,76.50869271495765,75.10247802734375,84.47804007321614,aditivo,1.5,v1.0.0
e8aeb018-f679-5670-b210-de4f62ff2111,8ecedccf-c230-516b-bbc2-108f7a6fbe63,2933d8b7-2438-521b-b38d-d3a5224f87fc,Analgésico,2026-06-29T14:26:45.094938+00:00,2026-07-20,11,76.44289809048749,74.80260467529297,83.0353127788264,aditivo,1.5,v1.0.0
e8aeb018-f679-5670-b210-de4f62ff2111,8ecedccf-c230-516b-bbc2-108f7a6fbe63,2933d8b7-2438-521b-b38d-d3a5224f87fc,Analgésico,2026-06-29T14:26:45.094938+00:00,2026-07-27,12,76.38528180336013,74.80260467529297,82.48476372046126,aditivo,1.5,v1.0.0
e8aeb018-f679-5670-b210-de4f62ff2111,8ecedccf-c230-516b-bbc2-108f7a6fbe63,2eb3a104-e572-583a-afa0-156ee0dc4cce,Antihipertensivo,2026-06-29T14:26:45.094938+00:00,2026-05-11,1,57.17993394030625,58.016380310058594,59.05029041657682,aditivo,0.6,v1.0.0
e8aeb018-f679-5670-b210-de4f62ff2111,8ecedccf-c230-516b-bbc2-108f7a6fbe63,2eb3a104-e572-583a-afa0-156ee0dc4cce,Antihipertensivo,2026-06-29T14:26:45.094938+00:00,2026-05-18,2,56.71358438824558,57.78111267089844,58.36562109361289,aditivo,0.6,v1.0.0
e8aeb018-f679-5670-b210-de4f62ff2111,8ecedccf-c230-516b-bbc2-108f7a6fbe63,2eb3a104-e572-583a-afa0-156ee0dc4cce,Antihipertensivo,2026-06-29T14:26:45.094938+00:00,2026-05-25,3,56.71358438824558,57.78111267089844,58.500457288232994,aditivo,0.6,v1.0.0
e8aeb018-f679-5670-b210-de4f62ff2111,8ecedccf-c230-516b-bbc2-108f7a6fbe63,2eb3a104-e572-583a-afa0-156ee0dc4cce,Antihipertensivo,2026-06-29T14:26:45.094938+00:00,2026-06-01,4,56.71358438824558,57.8986701965332,58.67887270144313,aditivo,0.6,v1.0.0
e8aeb018-f679-5670-b210-de4f62ff2111,8ecedccf-c230-516b-bbc2-108f7a6fbe63,2eb3a104-e572-583a-afa0-156ee0dc4cce,Antihipertensivo,2026-06-29T14:26:45.094938+00:00,2026-06-08,5,56.71358438824558,57.98040008544922,58.755068971510354,aditivo,0.6,v1.0.0
e8aeb018-f679-5670-b210-de4f62ff2111,8ecedccf-c230-516b-bbc2-108f7a6fbe63,2eb3a104-e572-583a-afa0-156ee0dc4cce,Antihipertensivo,2026-06-29T14:26:45.094938+00:00,2026-06-15,6,56.71358438824558,57.98040008544922,59.19002924751175,aditivo,0.6,v1.0.0
e8aeb018-f679-5670-b210-de4f62ff2111,8ecedccf-c230-516b-bbc2-108f7a6fbe63,2eb3a104-e572-583a-afa0-156ee0dc4cce,Antihipertensivo,2026-06-29T14:26:45.094938+00:00,2026-06-22,7,56.71358438824558,57.98040008544922,60.55715101330341,aditivo,0.6,v1.0.0
e8aeb018-f679-5670-b210-de4f62ff2111,8ecedccf-c230-516b-bbc2-108f7a6fbe63,2eb3a104-e572-583a-afa0-156ee0dc4cce,Antihipertensivo,2026-06-29T14:26:45.094938+00:00,2026-06-29,8,56.71358438824558,57.98040008544922,58.82071275818889,aditivo,0.6,v1.0.0
e8aeb018-f679-5670-b210-de4f62ff2111,8ecedccf-c230-516b-bbc2-108f7a6fbe63,2eb3a104-e572-583a-afa0-156ee0dc4cce,Antihipertensivo,2026-06-29T14:26:45.094938+00:00,2026-07-06,9,56.71358438824558,58.10700988769531,59.02089555052508,aditivo,0.6,v1.0.0
e8aeb018-f679-5670-b210-de4f62ff2111,8ecedccf-c230-516b-bbc2-108f7a6fbe63,2eb3a104-e572-583a-afa0-156ee0dc4cce,Antihipertensivo,2026-06-29T14:26:45.094938+00:00,2026-07-13,10,56.71358438824558,58.10700988769531,58.869849496504095,aditivo,0.6,v1.0.0
e8aeb018-f679-5670-b210-de4f62ff2111,8ecedccf-c230-516b-bbc2-108f7a6fbe63,2eb3a104-e572-583a-afa0-156ee0dc4cce,Antihipertensivo,2026-06-29T14:26:45.094938+00:00,2026-07-20,11,56.71358438824558,58.10700988769531,58.82253745386451,aditivo,0.6,v1.0.0
e8aeb018-f679-5670-b210-de4f62ff2111,8ecedccf-c230-516b-bbc2-108f7a6fbe63,2eb3a104-e572-583a-afa0-156ee0dc4cce,Antihipertensivo,2026-06-29T14:26:45.094938+00:00,2026-07-27,12,56.71358438824558,58.10700988769531,58.822022922896636,aditivo,0.6,v1.0.0
e8aeb018-f679-5670-b210-de4f62ff2111,8ecedccf-c230-516b-bbc2-108f7a6fbe63,38adf7ba-476e-5e6b-9163-781a13538253,Antihistamínico,2026-06-29T14:26:45.094938+00:00,2026-05-11,1,81.21436282257487,75.13623809814453,81.21436282257487,sarima,0.0,v1.0.0
e8aeb018-f679-5670-b210-de4f62ff2111,8ecedccf-c230-516b-bbc2-108f7a6fbe63,38adf7ba-476e-5e6b-9163-781a13538253,Antihistamínico,2026-06-29T14:26:45.094938+00:00,2026-05-18,2,82.115166078022,72.9886474609375,82.115166078022,sarima,0.0,v1.0.0
e8aeb018-f679-5670-b210-de4f62ff2111,8ecedccf-c230-516b-bbc2-108f7a6fbe63,38adf7ba-476e-5e6b-9163-781a13538253,Antihistamínico,2026-06-29T14:26:45.094938+00:00,2026-05-25,3,82.9432332120789,72.9886474609375,82.9432332120789,sarima,0.0,v1.0.0
e8aeb018-f679-5670-b210-de4f62ff2111,8ecedccf-c230-516b-bbc2-108f7a6fbe63,38adf7ba-476e-5e6b-9163-781a13538253,Antihistamínico,2026-06-29T14:26:45.094938+00:00,2026-06-01,4,83.70372289162201,72.56221008300781,83.70372289162201,sarima,0.0,v1.0.0
e8aeb018-f679-5670-b210-de4f62ff2111,8ecedccf-c230-516b-bbc2-108f7a6fbe63,38adf7ba-476e-5e6b-9163-781a13538253,Antihistamínico,2026-06-29T14:26:45.094938+00:00,2026-06-08,5,84.40155360949693,72.21957397460938,84.40155360949693,sarima,0.0,v1.0.0
e8aeb018-f679-5670-b210-de4f62ff2111,8ecedccf-c230-516b-bbc2-108f7a6fbe63,38adf7ba-476e-5e6b-9163-781a13538253,Antihistamínico,2026-06-29T14:26:45.094938+00:00,2026-06-15,6,85.04139054413498,72.21957397460938,85.04139054413498,sarima,0.0,v1.0.0
e8aeb018-f679-5670-b210-de4f62ff2111,8ecedccf-c230-516b-bbc2-108f7a6fbe63,38adf7ba-476e-5e6b-9163-781a13538253,Antihistamínico,2026-06-29T14:26:45.094938+00:00,2026-06-22,7,85.62763865647383,72.56221008300781,85.62763865647383,sarima,0.0,v1.0.0
e8aeb018-f679-5670-b210-de4f62ff2111,8ecedccf-c230-516b-bbc2-108f7a6fbe63,38adf7ba-476e-5e6b-9163-781a13538253,Antihistamínico,2026-06-29T14:26:45.094938+00:00,2026-06-29,8,86.16444081055688,73.869873046875,86.16444081055688,sarima,0.0,v1.0.0
e8aeb018-f679-5670-b210-de4f62ff2111,8ecedccf-c230-516b-bbc2-108f7a6fbe63,38adf7ba-476e-5e6b-9163-781a13538253,Antihistamínico,2026-06-29T14:26:45.094938+00:00,2026-07-06,9,86.65567987601307,73.869873046875,86.65567987601307,sarima,0.0,v1.0.0
e8aeb018-f679-5670-b210-de4f62ff2111,8ecedccf-c230-516b-bbc2-108f7a6fbe63,38adf7ba-476e-5e6b-9163-781a13538253,Antihistamínico,2026-06-29T14:26:45.094938+00:00,2026-07-13,10,87.10498392716292,74.2202377319336,87.10498392716292,sarima,0.0,v1.0.0
e8aeb018-f679-5670-b210-de4f62ff2111,8ecedccf-c230-516b-bbc2-108f7a6fbe63,38adf7ba-476e-5e6b-9163-781a13538253,Antihistamínico,2026-06-29T14:26:45.094938+00:00,2026-07-20,11,87.51573379379656,73.869873046875,87.51573379379656,sarima,0.0,v1.0.0
e8aeb018-f679-5670-b210-de4f62ff2111,8ecedccf-c230-516b-bbc2-108f7a6fbe63,38adf7ba-476e-5e6b-9163-781a13538253,Antihistamínico,2026-06-29T14:26:45.094938+00:00,2026-07-27,12,87.89107234270146,74.51780700683594,87.89107234270146,sarima,0.0,v1.0.0
e8aeb018-f679-5670-b210-de4f62ff2111,8ecedccf-c230-516b-bbc2-108f7a6fbe63,4d9429b6-2ebf-5b5d-ac48-f779d5a1e270,Antibiótico,2026-06-29T14:26:45.094938+00:00,2026-05-11,1,19.29352010678415,20.618980407714844,19.29352010678415,sarima,0.0,v1.0.0
e8aeb018-f679-5670-b210-de4f62ff2111,8ecedccf-c230-516b-bbc2-108f7a6fbe63,4d9429b6-2ebf-5b5d-ac48-f779d5a1e270,Antibiótico,2026-06-29T14:26:45.094938+00:00,2026-05-18,2,19.951171462341577,19.973857879638672,19.951171462341577,sarima,0.0,v1.0.0
e8aeb018-f679-5670-b210-de4f62ff2111,8ecedccf-c230-516b-bbc2-108f7a6fbe63,4d9429b6-2ebf-5b5d-ac48-f779d5a1e270,Antibiótico,2026-06-29T14:26:45.094938+00:00,2026-05-25,3,18.521604218382222,19.387727737426758,18.521604218382222,sarima,0.0,v1.0.0
e8aeb018-f679-5670-b210-de4f62ff2111,8ecedccf-c230-516b-bbc2-108f7a6fbe63,4d9429b6-2ebf-5b5d-ac48-f779d5a1e270,Antibiótico,2026-06-29T14:26:45.094938+00:00,2026-06-01,4,18.521604218382222,19.680618286132812,18.521604218382222,sarima,0.0,v1.0.0
e8aeb018-f679-5670-b210-de4f62ff2111,8ecedccf-c230-516b-bbc2-108f7a6fbe63,4d9429b6-2ebf-5b5d-ac48-f779d5a1e270,Antibiótico,2026-06-29T14:26:45.094938+00:00,2026-06-08,5,18.521604218382222,19.32549285888672,18.521604218382222,sarima,0.0,v1.0.0
e8aeb018-f679-5670-b210-de4f62ff2111,8ecedccf-c230-516b-bbc2-108f7a6fbe63,4d9429b6-2ebf-5b5d-ac48-f779d5a1e270,Antibiótico,2026-06-29T14:26:45.094938+00:00,2026-06-15,6,18.521604218382222,19.131671905517578,18.521604218382222,sarima,0.0,v1.0.0
e8aeb018-f679-5670-b210-de4f62ff2111,8ecedccf-c230-516b-bbc2-108f7a6fbe63,4d9429b6-2ebf-5b5d-ac48-f779d5a1e270,Antibiótico,2026-06-29T14:26:45.094938+00:00,2026-06-22,7,18.521604218382222,18.769590377807617,18.521604218382222,sarima,0.0,v1.0.0
e8aeb018-f679-5670-b210-de4f62ff2111,8ecedccf-c230-516b-bbc2-108f7a6fbe63,4d9429b6-2ebf-5b5d-ac48-f779d5a1e270,Antibiótico,2026-06-29T14:26:45.094938+00:00,2026-06-29,8,18.521604218382222,19.39179039001465,18.521604218382222,sarima,0.0,v1.0.0
e8aeb018-f679-5670-b210-de4f62ff2111,8ecedccf-c230-516b-bbc2-108f7a6fbe63,4d9429b6-2ebf-5b5d-ac48-f779d5a1e270,Antibiótico,2026-06-29T14:26:45.094938+00:00,2026-07-06,9,18.521604218382222,19.00436019897461,18.521604218382222,sarima,0.0,v1.0.0
e8aeb018-f679-5670-b210-de4f62ff2111,8ecedccf-c230-516b-bbc2-108f7a6fbe63,4d9429b6-2ebf-5b5d-ac48-f779d5a1e270,Antibiótico,2026-06-29T14:26:45.094938+00:00,2026-07-13,10,18.521604218382222,18.94479751586914,18.521604218382222,sarima,0.0,v1.0.0
e8aeb018-f679-5670-b210-de4f62ff2111,8ecedccf-c230-516b-bbc2-108f7a6fbe63,4d9429b6-2ebf-5b5d-ac48-f779d5a1e270,Antibiótico,2026-06-29T14:26:45.094938+00:00,2026-07-20,11,18.521604218382222,18.94479751586914,18.521604218382222,sarima,0.0,v1.0.0
e8aeb018-f679-5670-b210-de4f62ff2111,8ecedccf-c230-516b-bbc2-108f7a6fbe63,4d9429b6-2ebf-5b5d-ac48-f779d5a1e270,Antibiótico,2026-06-29T14:26:45.094938+00:00,2026-07-27,12,18.521604218382222,18.918807983398438,18.521604218382222,sarima,0.0,v1.0.0
e8aeb018-f679-5670-b210-de4f62ff2111,8ecedccf-c230-516b-bbc2-108f7a6fbe63,5bbfdec8-65ae-59e6-b211-5eccb5b765fa,Analgésico,2026-06-29T14:26:45.094938+00:00,2026-05-11,1,76.36327894312794,75.05815124511719,84.55294918313473,aditivo,1.5,v1.0.0
e8aeb018-f679-5670-b210-de4f62ff2111,8ecedccf-c230-516b-bbc2-108f7a6fbe63,5bbfdec8-65ae-59e6-b211-5eccb5b765fa,Analgésico,2026-06-29T14:26:45.094938+00:00,2026-05-18,2,76.36327894312794,74.30377960205078,84.05328073430296,aditivo,1.5,v1.0.0
e8aeb018-f679-5670-b210-de4f62ff2111,8ecedccf-c230-516b-bbc2-108f7a6fbe63,5bbfdec8-65ae-59e6-b211-5eccb5b765fa,Analgésico,2026-06-29T14:26:45.094938+00:00,2026-05-25,3,76.36327894312794,75.8648452758789,84.3027991215243,aditivo,1.5,v1.0.0
e8aeb018-f679-5670-b210-de4f62ff2111,8ecedccf-c230-516b-bbc2-108f7a6fbe63,5bbfdec8-65ae-59e6-b211-5eccb5b765fa,Analgésico,2026-06-29T14:26:45.094938+00:00,2026-06-01,4,76.36327894312794,75.3549575805664,83.90543490245605,aditivo,1.5,v1.0.0
e8aeb018-f679-5670-b210-de4f62ff2111,8ecedccf-c230-516b-bbc2-108f7a6fbe63,5bbfdec8-65ae-59e6-b211-5eccb5b765fa,Analgésico,2026-06-29T14:26:45.094938+00:00,2026-06-08,5,76.36327894312794,74.30377960205078,83.90875140137952,aditivo,1.5,v1.0.0
e8aeb018-f679-5670-b210-de4f62ff2111,8ecedccf-c230-516b-bbc2-108f7a6fbe63,5bbfdec8-65ae-59e6-b211-5eccb5b765fa,Analgésico,2026-06-29T14:26:45.094938+00:00,2026-06-15,6,76.36327894312794,74.30377960205078,83.9120185391044,aditivo,1.5,v1.0.0
e8aeb018-f679-5670-b210-de4f62ff2111,8ecedccf-c230-516b-bbc2-108f7a6fbe63,5bbfdec8-65ae-59e6-b211-5eccb5b765fa,Analgésico,2026-06-29T14:26:45.094938+00:00,2026-06-22,7,76.36327894312794,74.00704956054688,84.13332455654648,aditivo,1.5,v1.0.0
e8aeb018-f679-5670-b210-de4f62ff2111,8ecedccf-c230-516b-bbc2-108f7a6fbe63,5bbfdec8-65ae-59e6-b211-5eccb5b765fa,Analgésico,2026-06-29T14:26:45.094938+00:00,2026-06-29,8,76.36327894312794,74.00704956054688,83.93782427995829,aditivo,1.5,v1.0.0
e8aeb018-f679-5670-b210-de4f62ff2111,8ecedccf-c230-516b-bbc2-108f7a6fbe63,5bbfdec8-65ae-59e6-b211-5eccb5b765fa,Analgésico,2026-06-29T14:26:45.094938+00:00,2026-07-06,9,76.36327894312794,74.00704956054688,83.94097072105933,aditivo,1.5,v1.0.0
e8aeb018-f679-5670-b210-de4f62ff2111,8ecedccf-c230-516b-bbc2-108f7a6fbe63,5bbfdec8-65ae-59e6-b211-5eccb5b765fa,Analgésico,2026-06-29T14:26:45.094938+00:00,2026-07-13,10,76.36327894312794,74.00704956054688,82.8822814076492,aditivo,1.5,v1.0.0
e8aeb018-f679-5670-b210-de4f62ff2111,8ecedccf-c230-516b-bbc2-108f7a6fbe63,5bbfdec8-65ae-59e6-b211-5eccb5b765fa,Analgésico,2026-06-29T14:26:45.094938+00:00,2026-07-20,11,76.36327894312794,74.00704956054688,82.44093777370284,aditivo,1.5,v1.0.0
e8aeb018-f679-5670-b210-de4f62ff2111,8ecedccf-c230-516b-bbc2-108f7a6fbe63,5bbfdec8-65ae-59e6-b211-5eccb5b765fa,Analgésico,2026-06-29T14:26:45.094938+00:00,2026-07-27,12,76.36327894312794,74.00704956054688,82.44250011066258,aditivo,1.5,v1.0.0
e8aeb018-f679-5670-b210-de4f62ff2111,8ecedccf-c230-516b-bbc2-108f7a6fbe63,6baabed2-52d7-5cb7-bf74-86c7cb3e4f07,Suplemento,2026-06-29T14:26:45.094938+00:00,2026-05-11,1,51.10364124580018,47.509220123291016,51.10364124580018,sarima,0.0,v1.0.0
e8aeb018-f679-5670-b210-de4f62ff2111,8ecedccf-c230-516b-bbc2-108f7a6fbe63,6baabed2-52d7-5cb7-bf74-86c7cb3e4f07,Suplemento,2026-06-29T14:26:45.094938+00:00,2026-05-18,2,48.99916217187857,47.84198760986328,48.99916217187857,sarima,0.0,v1.0.0
e8aeb018-f679-5670-b210-de4f62ff2111,8ecedccf-c230-516b-bbc2-108f7a6fbe63,6baabed2-52d7-5cb7-bf74-86c7cb3e4f07,Suplemento,2026-06-29T14:26:45.094938+00:00,2026-05-25,3,49.39497907913072,47.476802825927734,49.39497907913072,sarima,0.0,v1.0.0
e8aeb018-f679-5670-b210-de4f62ff2111,8ecedccf-c230-516b-bbc2-108f7a6fbe63,6baabed2-52d7-5cb7-bf74-86c7cb3e4f07,Suplemento,2026-06-29T14:26:45.094938+00:00,2026-06-01,4,49.319034320169116,47.476802825927734,49.319034320169116,sarima,0.0,v1.0.0
e8aeb018-f679-5670-b210-de4f62ff2111,8ecedccf-c230-516b-bbc2-108f7a6fbe63,6baabed2-52d7-5cb7-bf74-86c7cb3e4f07,Suplemento,2026-06-29T14:26:45.094938+00:00,2026-06-08,5,49.3335505114572,47.476802825927734,49.3335505114572,sarima,0.0,v1.0.0
e8aeb018-f679-5670-b210-de4f62ff2111,8ecedccf-c230-516b-bbc2-108f7a6fbe63,6baabed2-52d7-5cb7-bf74-86c7cb3e4f07,Suplemento,2026-06-29T14:26:45.094938+00:00,2026-06-15,6,49.33077384891537,47.37668991088867,49.33077384891537,sarima,0.0,v1.0.0
e8aeb018-f679-5670-b210-de4f62ff2111,8ecedccf-c230-516b-bbc2-108f7a6fbe63,6baabed2-52d7-5cb7-bf74-86c7cb3e4f07,Suplemento,2026-06-29T14:26:45.094938+00:00,2026-06-22,7,49.33130489618321,47.37668991088867,49.33130489618321,sarima,0.0,v1.0.0
e8aeb018-f679-5670-b210-de4f62ff2111,8ecedccf-c230-516b-bbc2-108f7a6fbe63,6baabed2-52d7-5cb7-bf74-86c7cb3e4f07,Suplemento,2026-06-29T14:26:45.094938+00:00,2026-06-29,8,49.331203328675166,47.37668991088867,49.331203328675166,sarima,0.0,v1.0.0
e8aeb018-f679-5670-b210-de4f62ff2111,8ecedccf-c230-516b-bbc2-108f7a6fbe63,6baabed2-52d7-5cb7-bf74-86c7cb3e4f07,Suplemento,2026-06-29T14:26:45.094938+00:00,2026-07-06,9,49.3312227542647,47.37668991088867,49.3312227542647,sarima,0.0,v1.0.0
e8aeb018-f679-5670-b210-de4f62ff2111,8ecedccf-c230-516b-bbc2-108f7a6fbe63,6baabed2-52d7-5cb7-bf74-86c7cb3e4f07,Suplemento,2026-06-29T14:26:45.094938+00:00,2026-07-13,10,49.331219038963404,47.37668991088867,49.331219038963404,sarima,0.0,v1.0.0
e8aeb018-f679-5670-b210-de4f62ff2111,8ecedccf-c230-516b-bbc2-108f7a6fbe63,6baabed2-52d7-5cb7-bf74-86c7cb3e4f07,Suplemento,2026-06-29T14:26:45.094938+00:00,2026-07-20,11,49.33121974954473,47.37668991088867,49.33121974954473,sarima,0.0,v1.0.0
e8aeb018-f679-5670-b210-de4f62ff2111,8ecedccf-c230-516b-bbc2-108f7a6fbe63,6baabed2-52d7-5cb7-bf74-86c7cb3e4f07,Suplemento,2026-06-29T14:26:45.094938+00:00,2026-07-27,12,49.33121961364032,47.37668991088867,49.33121961364032,sarima,0.0,v1.0.0
e8aeb018-f679-5670-b210-de4f62ff2111,8ecedccf-c230-516b-bbc2-108f7a6fbe63,6d807393-f4ab-5f76-b544-251eeda27ba3,Antiinflamatorio,2026-06-29T14:26:45.094938+00:00,2026-05-11,1,83.3993568605546,73.54448699951172,83.3993568605546,sarima,0.0,v1.0.0
e8aeb018-f679-5670-b210-de4f62ff2111,8ecedccf-c230-516b-bbc2-108f7a6fbe63,6d807393-f4ab-5f76-b544-251eeda27ba3,Antiinflamatorio,2026-06-29T14:26:45.094938+00:00,2026-05-18,2,77.5984800570113,73.83938598632812,77.5984800570113,sarima,0.0,v1.0.0
e8aeb018-f679-5670-b210-de4f62ff2111,8ecedccf-c230-516b-bbc2-108f7a6fbe63,6d807393-f4ab-5f76-b544-251eeda27ba3,Antiinflamatorio,2026-06-29T14:26:45.094938+00:00,2026-05-25,3,84.2040645915096,76.28013610839844,84.2040645915096,sarima,0.0,v1.0.0
e8aeb018-f679-5670-b210-de4f62ff2111,8ecedccf-c230-516b-bbc2-108f7a6fbe63,6d807393-f4ab-5f76-b544-251eeda27ba3,Antiinflamatorio,2026-06-29T14:26:45.094938+00:00,2026-06-01,4,82.54818338703394,74.58910369873047,82.54818338703394,sarima,0.0,v1.0.0
e8aeb018-f679-5670-b210-de4f62ff2111,8ecedccf-c230-516b-bbc2-108f7a6fbe63,6d807393-f4ab-5f76-b544-251eeda27ba3,Antiinflamatorio,2026-06-29T14:26:45.094938+00:00,2026-06-08,5,81.33535039632484,76.15579223632812,81.33535039632484,sarima,0.0,v1.0.0
e8aeb018-f679-5670-b210-de4f62ff2111,8ecedccf-c230-516b-bbc2-108f7a6fbe63,6d807393-f4ab-5f76-b544-251eeda27ba3,Antiinflamatorio,2026-06-29T14:26:45.094938+00:00,2026-06-15,6,81.17282691992497,73.83938598632812,81.17282691992497,sarima,0.0,v1.0.0
e8aeb018-f679-5670-b210-de4f62ff2111,8ecedccf-c230-516b-bbc2-108f7a6fbe63,6d807393-f4ab-5f76-b544-251eeda27ba3,Antiinflamatorio,2026-06-29T14:26:45.094938+00:00,2026-06-22,7,81.1508911795896,73.54448699951172,81.1508911795896,sarima,0.0,v1.0.0
e8aeb018-f679-5670-b210-de4f62ff2111,8ecedccf-c230-516b-bbc2-108f7a6fbe63,6d807393-f4ab-5f76-b544-251eeda27ba3,Antiinflamatorio,2026-06-29T14:26:45.094938+00:00,2026-06-29,8,81.14792764651027,73.54448699951172,81.14792764651027,sarima,0.0,v1.0.0
e8aeb018-f679-5670-b210-de4f62ff2111,8ecedccf-c230-516b-bbc2-108f7a6fbe63,6d807393-f4ab-5f76-b544-251eeda27ba3,Antiinflamatorio,2026-06-29T14:26:45.094938+00:00,2026-07-06,9,81.14752721874883,73.54448699951172,81.14752721874883,sarima,0.0,v1.0.0
e8aeb018-f679-5670-b210-de4f62ff2111,8ecedccf-c230-516b-bbc2-108f7a6fbe63,6d807393-f4ab-5f76-b544-251eeda27ba3,Antiinflamatorio,2026-06-29T14:26:45.094938+00:00,2026-07-13,10,81.14747311264402,73.54448699951172,81.14747311264402,sarima,0.0,v1.0.0
e8aeb018-f679-5670-b210-de4f62ff2111,8ecedccf-c230-516b-bbc2-108f7a6fbe63,6d807393-f4ab-5f76-b544-251eeda27ba3,Antiinflamatorio,2026-06-29T14:26:45.094938+00:00,2026-07-20,11,81.1474658017683,73.54448699951172,81.1474658017683,sarima,0.0,v1.0.0
e8aeb018-f679-5670-b210-de4f62ff2111,8ecedccf-c230-516b-bbc2-108f7a6fbe63,6d807393-f4ab-5f76-b544-251eeda27ba3,Antiinflamatorio,2026-06-29T14:26:45.094938+00:00,2026-07-27,12,81.14746481391457,73.54448699951172,81.14746481391457,sarima,0.0,v1.0.0
e8aeb018-f679-5670-b210-de4f62ff2111,8ecedccf-c230-516b-bbc2-108f7a6fbe63,82cd11ba-d1a0-58b1-b14f-edd741f36e87,Antibiótico,2026-06-29T14:26:45.094938+00:00,2026-05-11,1,65.27997272183671,68.74028778076172,65.27997272183671,sarima,0.0,v1.0.0
e8aeb018-f679-5670-b210-de4f62ff2111,8ecedccf-c230-516b-bbc2-108f7a6fbe63,82cd11ba-d1a0-58b1-b14f-edd741f36e87,Antibiótico,2026-06-29T14:26:45.094938+00:00,2026-05-18,2,65.40032659524516,69.1418228149414,65.40032659524516,sarima,0.0,v1.0.0
e8aeb018-f679-5670-b210-de4f62ff2111,8ecedccf-c230-516b-bbc2-108f7a6fbe63,82cd11ba-d1a0-58b1-b14f-edd741f36e87,Antibiótico,2026-06-29T14:26:45.094938+00:00,2026-05-25,3,65.51261025078726,73.26445770263672,65.51261025078726,sarima,0.0,v1.0.0
e8aeb018-f679-5670-b210-de4f62ff2111,8ecedccf-c230-516b-bbc2-108f7a6fbe63,82cd11ba-d1a0-58b1-b14f-edd741f36e87,Antibiótico,2026-06-29T14:26:45.094938+00:00,2026-06-01,4,65.61735222515142,74.02490234375,65.61735222515142,sarima,0.0,v1.0.0
e8aeb018-f679-5670-b210-de4f62ff2111,8ecedccf-c230-516b-bbc2-108f7a6fbe63,82cd11ba-d1a0-58b1-b14f-edd741f36e87,Antibiótico,2026-06-29T14:26:45.094938+00:00,2026-06-08,5,65.71504811651948,75.426025390625,65.71504811651948,sarima,0.0,v1.0.0
e8aeb018-f679-5670-b210-de4f62ff2111,8ecedccf-c230-516b-bbc2-108f7a6fbe63,82cd11ba-d1a0-58b1-b14f-edd741f36e87,Antibiótico,2026-06-29T14:26:45.094938+00:00,2026-06-15,6,65.80616241111392,69.1418228149414,65.80616241111392,sarima,0.0,v1.0.0
e8aeb018-f679-5670-b210-de4f62ff2111,8ecedccf-c230-516b-bbc2-108f7a6fbe63,82cd11ba-d1a0-58b1-b14f-edd741f36e87,Antibiótico,2026-06-29T14:26:45.094938+00:00,2026-06-22,7,65.89113024011418,69.1418228149414,65.89113024011418,sarima,0.0,v1.0.0
e8aeb018-f679-5670-b210-de4f62ff2111,8ecedccf-c230-516b-bbc2-108f7a6fbe63,82cd11ba-d1a0-58b1-b14f-edd741f36e87,Antibiótico,2026-06-29T14:26:45.094938+00:00,2026-06-29,8,65.97035906469726,69.1418228149414,65.97035906469726,sarima,0.0,v1.0.0
e8aeb018-f679-5670-b210-de4f62ff2111,8ecedccf-c230-516b-bbc2-108f7a6fbe63,82cd11ba-d1a0-58b1-b14f-edd741f36e87,Antibiótico,2026-06-29T14:26:45.094938+00:00,2026-07-06,9,66.04423028797116,68.40210723876953,66.04423028797116,sarima,0.0,v1.0.0
e8aeb018-f679-5670-b210-de4f62ff2111,8ecedccf-c230-516b-bbc2-108f7a6fbe63,82cd11ba-d1a0-58b1-b14f-edd741f36e87,Antibiótico,2026-06-29T14:26:45.094938+00:00,2026-07-13,10,66.11310079341746,68.62747955322266,66.11310079341746,sarima,0.0,v1.0.0
e8aeb018-f679-5670-b210-de4f62ff2111,8ecedccf-c230-516b-bbc2-108f7a6fbe63,82cd11ba-d1a0-58b1-b14f-edd741f36e87,Antibiótico,2026-06-29T14:26:45.094938+00:00,2026-07-20,11,66.17730441015252,68.62747955322266,66.17730441015252,sarima,0.0,v1.0.0
e8aeb018-f679-5670-b210-de4f62ff2111,8ecedccf-c230-516b-bbc2-108f7a6fbe63,82cd11ba-d1a0-58b1-b14f-edd741f36e87,Antibiótico,2026-06-29T14:26:45.094938+00:00,2026-07-27,12,66.23715330588881,68.62747955322266,66.23715330588881,sarima,0.0,v1.0.0
e8aeb018-f679-5670-b210-de4f62ff2111,8ecedccf-c230-516b-bbc2-108f7a6fbe63,87b859e0-789a-56e6-b1ba-4fe76221d3bf,Antihistamínico,2026-06-29T14:26:45.094938+00:00,2026-05-11,1,41.29693235898249,55.02280044555664,41.29693235898249,sarima,0.0,v1.0.0
e8aeb018-f679-5670-b210-de4f62ff2111,8ecedccf-c230-516b-bbc2-108f7a6fbe63,87b859e0-789a-56e6-b1ba-4fe76221d3bf,Antihistamínico,2026-06-29T14:26:45.094938+00:00,2026-05-18,2,59.46077691829709,54.79906463623047,59.46077691829709,sarima,0.0,v1.0.0
e8aeb018-f679-5670-b210-de4f62ff2111,8ecedccf-c230-516b-bbc2-108f7a6fbe63,87b859e0-789a-56e6-b1ba-4fe76221d3bf,Antihistamínico,2026-06-29T14:26:45.094938+00:00,2026-05-25,3,61.934263095971346,54.98025894165039,61.934263095971346,sarima,0.0,v1.0.0
e8aeb018-f679-5670-b210-de4f62ff2111,8ecedccf-c230-516b-bbc2-108f7a6fbe63,87b859e0-789a-56e6-b1ba-4fe76221d3bf,Antihistamínico,2026-06-29T14:26:45.094938+00:00,2026-06-01,4,57.317493543856514,54.921539306640625,57.317493543856514,sarima,0.0,v1.0.0
e8aeb018-f679-5670-b210-de4f62ff2111,8ecedccf-c230-516b-bbc2-108f7a6fbe63,87b859e0-789a-56e6-b1ba-4fe76221d3bf,Antihistamínico,2026-06-29T14:26:45.094938+00:00,2026-06-08,5,56.87441592623586,54.921539306640625,56.87441592623586,sarima,0.0,v1.0.0
e8aeb018-f679-5670-b210-de4f62ff2111,8ecedccf-c230-516b-bbc2-108f7a6fbe63,87b859e0-789a-56e6-b1ba-4fe76221d3bf,Antihistamínico,2026-06-29T14:26:45.094938+00:00,2026-06-15,6,57.2672859843709,55.03337860107422,57.2672859843709,sarima,0.0,v1.0.0
e8aeb018-f679-5670-b210-de4f62ff2111,8ecedccf-c230-516b-bbc2-108f7a6fbe63,87b859e0-789a-56e6-b1ba-4fe76221d3bf,Antihistamínico,2026-06-29T14:26:45.094938+00:00,2026-06-22,7,57.2672859843709,55.03337860107422,57.2672859843709,sarima,0.0,v1.0.0
e8aeb018-f679-5670-b210-de4f62ff2111,8ecedccf-c230-516b-bbc2-108f7a6fbe63,87b859e0-789a-56e6-b1ba-4fe76221d3bf,Antihistamínico,2026-06-29T14:26:45.094938+00:00,2026-06-29,8,57.2672859843709,54.921539306640625,57.2672859843709,sarima,0.0,v1.0.0
e8aeb018-f679-5670-b210-de4f62ff2111,8ecedccf-c230-516b-bbc2-108f7a6fbe63,87b859e0-789a-56e6-b1ba-4fe76221d3bf,Antihistamínico,2026-06-29T14:26:45.094938+00:00,2026-07-06,9,57.2672859843709,57.66725540161133,57.2672859843709,sarima,0.0,v1.0.0
e8aeb018-f679-5670-b210-de4f62ff2111,8ecedccf-c230-516b-bbc2-108f7a6fbe63,87b859e0-789a-56e6-b1ba-4fe76221d3bf,Antihistamínico,2026-06-29T14:26:45.094938+00:00,2026-07-13,10,57.2672859843709,57.66725540161133,57.2672859843709,sarima,0.0,v1.0.0
e8aeb018-f679-5670-b210-de4f62ff2111,8ecedccf-c230-516b-bbc2-108f7a6fbe63,87b859e0-789a-56e6-b1ba-4fe76221d3bf,Antihistamínico,2026-06-29T14:26:45.094938+00:00,2026-07-20,11,57.2672859843709,57.66725540161133,57.2672859843709,sarima,0.0,v1.0.0
e8aeb018-f679-5670-b210-de4f62ff2111,8ecedccf-c230-516b-bbc2-108f7a6fbe63,87b859e0-789a-56e6-b1ba-4fe76221d3bf,Antihistamínico,2026-06-29T14:26:45.094938+00:00,2026-07-27,12,57.2672859843709,57.66725540161133,57.2672859843709,sarima,0.0,v1.0.0
e8aeb018-f679-5670-b210-de4f62ff2111,8ecedccf-c230-516b-bbc2-108f7a6fbe63,94e18241-54bd-5516-b36f-94ab6e323aca,Antihistamínico,2026-06-29T14:26:45.094938+00:00,2026-05-11,1,51.512825737202185,44.700965881347656,51.512825737202185,sarima,0.0,v1.0.0
e8aeb018-f679-5670-b210-de4f62ff2111,8ecedccf-c230-516b-bbc2-108f7a6fbe63,94e18241-54bd-5516-b36f-94ab6e323aca,Antihistamínico,2026-06-29T14:26:45.094938+00:00,2026-05-18,2,51.27743877738176,43.09567642211914,51.27743877738176,sarima,0.0,v1.0.0
e8aeb018-f679-5670-b210-de4f62ff2111,8ecedccf-c230-516b-bbc2-108f7a6fbe63,94e18241-54bd-5516-b36f-94ab6e323aca,Antihistamínico,2026-06-29T14:26:45.094938+00:00,2026-05-25,3,51.06745968556057,43.96894454956055,51.06745968556057,sarima,0.0,v1.0.0
e8aeb018-f679-5670-b210-de4f62ff2111,8ecedccf-c230-516b-bbc2-108f7a6fbe63,94e18241-54bd-5516-b36f-94ab6e323aca,Antihistamínico,2026-06-29T14:26:45.094938+00:00,2026-06-01,4,50.88006282294618,44.24824142456055,50.88006282294618,sarima,0.0,v1.0.0
e8aeb018-f679-5670-b210-de4f62ff2111,8ecedccf-c230-516b-bbc2-108f7a6fbe63,94e18241-54bd-5516-b36f-94ab6e323aca,Antihistamínico,2026-06-29T14:26:45.094938+00:00,2026-06-08,5,50.712753119563956,44.99824523925781,50.712753119563956,sarima,0.0,v1.0.0
e8aeb018-f679-5670-b210-de4f62ff2111,8ecedccf-c230-516b-bbc2-108f7a6fbe63,94e18241-54bd-5516-b36f-94ab6e323aca,Antihistamínico,2026-06-29T14:26:45.094938+00:00,2026-06-15,6,50.56332424540968,43.47119903564453,50.56332424540968,sarima,0.0,v1.0.0
e8aeb018-f679-5670-b210-de4f62ff2111,8ecedccf-c230-516b-bbc2-108f7a6fbe63,94e18241-54bd-5516-b36f-94ab6e323aca,Antihistamínico,2026-06-29T14:26:45.094938+00:00,2026-06-22,7,50.42982266623772,43.47119903564453,50.42982266623772,sarima,0.0,v1.0.0
e8aeb018-f679-5670-b210-de4f62ff2111,8ecedccf-c230-516b-bbc2-108f7a6fbe63,94e18241-54bd-5516-b36f-94ab6e323aca,Antihistamínico,2026-06-29T14:26:45.094938+00:00,2026-06-29,8,50.31051665022031,43.47119903564453,50.31051665022031,sarima,0.0,v1.0.0
e8aeb018-f679-5670-b210-de4f62ff2111,8ecedccf-c230-516b-bbc2-108f7a6fbe63,94e18241-54bd-5516-b36f-94ab6e323aca,Antihistamínico,2026-06-29T14:26:45.094938+00:00,2026-07-06,9,50.2038694578304,43.814552307128906,50.2038694578304,sarima,0.0,v1.0.0
e8aeb018-f679-5670-b210-de4f62ff2111,8ecedccf-c230-516b-bbc2-108f7a6fbe63,94e18241-54bd-5516-b36f-94ab6e323aca,Antihistamínico,2026-06-29T14:26:45.094938+00:00,2026-07-13,10,50.10851608092418,43.814552307128906,50.10851608092418,sarima,0.0,v1.0.0
e8aeb018-f679-5670-b210-de4f62ff2111,8ecedccf-c230-516b-bbc2-108f7a6fbe63,94e18241-54bd-5516-b36f-94ab6e323aca,Antihistamínico,2026-06-29T14:26:45.094938+00:00,2026-07-20,11,50.02324300497776,43.59492492675781,50.02324300497776,sarima,0.0,v1.0.0
e8aeb018-f679-5670-b210-de4f62ff2111,8ecedccf-c230-516b-bbc2-108f7a6fbe63,94e18241-54bd-5516-b36f-94ab6e323aca,Antihistamínico,2026-06-29T14:26:45.094938+00:00,2026-07-27,12,49.94697055608257,46.499488830566406,49.94697055608257,sarima,0.0,v1.0.0
e8aeb018-f679-5670-b210-de4f62ff2111,8ecedccf-c230-516b-bbc2-108f7a6fbe63,97d26d91-c562-5f27-9ebd-285e89c8f4bf,Antidiabético,2026-06-29T14:26:45.094938+00:00,2026-05-11,1,72.79301690840374,69.36959838867188,72.79301690840374,sarima,0.0,v1.0.0
e8aeb018-f679-5670-b210-de4f62ff2111,8ecedccf-c230-516b-bbc2-108f7a6fbe63,97d26d91-c562-5f27-9ebd-285e89c8f4bf,Antidiabético,2026-06-29T14:26:45.094938+00:00,2026-05-18,2,72.79301690840374,69.36959838867188,72.79301690840374,sarima,0.0,v1.0.0
e8aeb018-f679-5670-b210-de4f62ff2111,8ecedccf-c230-516b-bbc2-108f7a6fbe63,97d26d91-c562-5f27-9ebd-285e89c8f4bf,Antidiabético,2026-06-29T14:26:45.094938+00:00,2026-05-25,3,72.79301690840374,69.36959838867188,72.79301690840374,sarima,0.0,v1.0.0
e8aeb018-f679-5670-b210-de4f62ff2111,8ecedccf-c230-516b-bbc2-108f7a6fbe63,97d26d91-c562-5f27-9ebd-285e89c8f4bf,Antidiabético,2026-06-29T14:26:45.094938+00:00,2026-06-01,4,72.79301690840374,69.36959838867188,72.79301690840374,sarima,0.0,v1.0.0
e8aeb018-f679-5670-b210-de4f62ff2111,8ecedccf-c230-516b-bbc2-108f7a6fbe63,97d26d91-c562-5f27-9ebd-285e89c8f4bf,Antidiabético,2026-06-29T14:26:45.094938+00:00,2026-06-08,5,72.79301690840374,69.36959838867188,72.79301690840374,sarima,0.0,v1.0.0
e8aeb018-f679-5670-b210-de4f62ff2111,8ecedccf-c230-516b-bbc2-108f7a6fbe63,97d26d91-c562-5f27-9ebd-285e89c8f4bf,Antidiabético,2026-06-29T14:26:45.094938+00:00,2026-06-15,6,72.79301690840374,69.36959838867188,72.79301690840374,sarima,0.0,v1.0.0
e8aeb018-f679-5670-b210-de4f62ff2111,8ecedccf-c230-516b-bbc2-108f7a6fbe63,97d26d91-c562-5f27-9ebd-285e89c8f4bf,Antidiabético,2026-06-29T14:26:45.094938+00:00,2026-06-22,7,72.79301690840374,69.36959838867188,72.79301690840374,sarima,0.0,v1.0.0
e8aeb018-f679-5670-b210-de4f62ff2111,8ecedccf-c230-516b-bbc2-108f7a6fbe63,97d26d91-c562-5f27-9ebd-285e89c8f4bf,Antidiabético,2026-06-29T14:26:45.094938+00:00,2026-06-29,8,72.79301690840374,69.36959838867188,72.79301690840374,sarima,0.0,v1.0.0
e8aeb018-f679-5670-b210-de4f62ff2111,8ecedccf-c230-516b-bbc2-108f7a6fbe63,97d26d91-c562-5f27-9ebd-285e89c8f4bf,Antidiabético,2026-06-29T14:26:45.094938+00:00,2026-07-06,9,72.79301690840374,69.36959838867188,72.79301690840374,sarima,0.0,v1.0.0
e8aeb018-f679-5670-b210-de4f62ff2111,8ecedccf-c230-516b-bbc2-108f7a6fbe63,97d26d91-c562-5f27-9ebd-285e89c8f4bf,Antidiabético,2026-06-29T14:26:45.094938+00:00,2026-07-13,10,72.79301690840374,69.36959838867188,72.79301690840374,sarima,0.0,v1.0.0
e8aeb018-f679-5670-b210-de4f62ff2111,8ecedccf-c230-516b-bbc2-108f7a6fbe63,97d26d91-c562-5f27-9ebd-285e89c8f4bf,Antidiabético,2026-06-29T14:26:45.094938+00:00,2026-07-20,11,72.79301690840374,69.36959838867188,72.79301690840374,sarima,0.0,v1.0.0
e8aeb018-f679-5670-b210-de4f62ff2111,8ecedccf-c230-516b-bbc2-108f7a6fbe63,97d26d91-c562-5f27-9ebd-285e89c8f4bf,Antidiabético,2026-06-29T14:26:45.094938+00:00,2026-07-27,12,72.79301690840374,69.36959838867188,72.79301690840374,sarima,0.0,v1.0.0
e8aeb018-f679-5670-b210-de4f62ff2111,8ecedccf-c230-516b-bbc2-108f7a6fbe63,983871db-adfb-543e-b438-6b00044ffb64,Antiulceroso,2026-06-29T14:26:45.094938+00:00,2026-05-11,1,59.575258596140934,58.1766357421875,72.15715027411174,aditivo,1.0,v1.0.0
e8aeb018-f679-5670-b210-de4f62ff2111,8ecedccf-c230-516b-bbc2-108f7a6fbe63,983871db-adfb-543e-b438-6b00044ffb64,Antiulceroso,2026-06-29T14:26:45.094938+00:00,2026-05-18,2,46.47575091262103,55.418243408203125,59.477669294736955,aditivo,1.0,v1.0.0
e8aeb018-f679-5670-b210-de4f62ff2111,8ecedccf-c230-516b-bbc2-108f7a6fbe63,983871db-adfb-543e-b438-6b00044ffb64,Antiulceroso,2026-06-29T14:26:45.094938+00:00,2026-05-25,3,168.4726197570883,54.53728103637695,165.64443972695284,aditivo,1.0,v1.0.0
e8aeb018-f679-5670-b210-de4f62ff2111,8ecedccf-c230-516b-bbc2-108f7a6fbe63,983871db-adfb-543e-b438-6b00044ffb64,Antiulceroso,2026-06-29T14:26:45.094938+00:00,2026-06-01,4,52.79171225265478,56.236515045166016,68.637712036618,aditivo,1.0,v1.0.0
e8aeb018-f679-5670-b210-de4f62ff2111,8ecedccf-c230-516b-bbc2-108f7a6fbe63,983871db-adfb-543e-b438-6b00044ffb64,Antiulceroso,2026-06-29T14:26:45.094938+00:00,2026-06-08,5,50.52419268248478,56.236515045166016,65.08668244679855,aditivo,1.0,v1.0.0
e8aeb018-f679-5670-b210-de4f62ff2111,8ecedccf-c230-516b-bbc2-108f7a6fbe63,983871db-adfb-543e-b438-6b00044ffb64,Antiulceroso,2026-06-29T14:26:45.094938+00:00,2026-06-15,6,54.01897881382097,57.16522979736328,69.03221860324638,aditivo,1.0,v1.0.0
e8aeb018-f679-5670-b210-de4f62ff2111,8ecedccf-c230-516b-bbc2-108f7a6fbe63,983871db-adfb-543e-b438-6b00044ffb64,Antiulceroso,2026-06-29T14:26:45.094938+00:00,2026-06-22,7,54.01897881382097,57.747737884521484,68.46622873105072,aditivo,1.0,v1.0.0
e8aeb018-f679-5670-b210-de4f62ff2111,8ecedccf-c230-516b-bbc2-108f7a6fbe63,983871db-adfb-543e-b438-6b00044ffb64,Antiulceroso,2026-06-29T14:26:45.094938+00:00,2026-06-29,8,54.01897881382097,56.15009307861328,67.29707092218305,aditivo,1.0,v1.0.0
e8aeb018-f679-5670-b210-de4f62ff2111,8ecedccf-c230-516b-bbc2-108f7a6fbe63,983871db-adfb-543e-b438-6b00044ffb64,Antiulceroso,2026-06-29T14:26:45.094938+00:00,2026-07-06,9,54.01897881382097,60.09619903564453,72.69751029892892,aditivo,1.0,v1.0.0
e8aeb018-f679-5670-b210-de4f62ff2111,8ecedccf-c230-516b-bbc2-108f7a6fbe63,983871db-adfb-543e-b438-6b00044ffb64,Antiulceroso,2026-06-29T14:26:45.094938+00:00,2026-07-13,10,54.01897881382097,56.15009307861328,65.95956673214656,aditivo,1.0,v1.0.0
e8aeb018-f679-5670-b210-de4f62ff2111,8ecedccf-c230-516b-bbc2-108f7a6fbe63,983871db-adfb-543e-b438-6b00044ffb64,Antiulceroso,2026-06-29T14:26:45.094938+00:00,2026-07-20,11,54.01897881382097,55.87001037597656,65.8855696712831,aditivo,1.0,v1.0.0
e8aeb018-f679-5670-b210-de4f62ff2111,8ecedccf-c230-516b-bbc2-108f7a6fbe63,983871db-adfb-543e-b438-6b00044ffb64,Antiulceroso,2026-06-29T14:26:45.094938+00:00,2026-07-27,12,54.01897881382097,56.17219543457031,65.88059384599413,aditivo,1.0,v1.0.0
e8aeb018-f679-5670-b210-de4f62ff2111,8ecedccf-c230-516b-bbc2-108f7a6fbe63,9928e9a1-d9fc-5fdd-86c2-8909352fd7fe,Antiinflamatorio,2026-06-29T14:26:45.094938+00:00,2026-05-11,1,38.518046086195355,38.87949752807617,38.518046086195355,sarima,0.0,v1.0.0
e8aeb018-f679-5670-b210-de4f62ff2111,8ecedccf-c230-516b-bbc2-108f7a6fbe63,9928e9a1-d9fc-5fdd-86c2-8909352fd7fe,Antiinflamatorio,2026-06-29T14:26:45.094938+00:00,2026-05-18,2,32.11851569797885,37.07868194580078,32.11851569797885,sarima,0.0,v1.0.0
e8aeb018-f679-5670-b210-de4f62ff2111,8ecedccf-c230-516b-bbc2-108f7a6fbe63,9928e9a1-d9fc-5fdd-86c2-8909352fd7fe,Antiinflamatorio,2026-06-29T14:26:45.094938+00:00,2026-05-25,3,37.90307389536778,37.40974426269531,37.90307389536778,sarima,0.0,v1.0.0
e8aeb018-f679-5670-b210-de4f62ff2111,8ecedccf-c230-516b-bbc2-108f7a6fbe63,9928e9a1-d9fc-5fdd-86c2-8909352fd7fe,Antiinflamatorio,2026-06-29T14:26:45.094938+00:00,2026-06-01,4,32.59523523600685,39.13298416137695,32.59523523600685,sarima,0.0,v1.0.0
e8aeb018-f679-5670-b210-de4f62ff2111,8ecedccf-c230-516b-bbc2-108f7a6fbe63,9928e9a1-d9fc-5fdd-86c2-8909352fd7fe,Antiinflamatorio,2026-06-29T14:26:45.094938+00:00,2026-06-08,5,37.399726623339454,38.09015655517578,37.399726623339454,sarima,0.0,v1.0.0
e8aeb018-f679-5670-b210-de4f62ff2111,8ecedccf-c230-516b-bbc2-108f7a6fbe63,9928e9a1-d9fc-5fdd-86c2-8909352fd7fe,Antiinflamatorio,2026-06-29T14:26:45.094938+00:00,2026-06-15,6,32.99627675752918,37.67466354370117,32.99627675752918,sarima,0.0,v1.0.0
e8aeb018-f679-5670-b210-de4f62ff2111,8ecedccf-c230-516b-bbc2-108f7a6fbe63,9928e9a1-d9fc-5fdd-86c2-8909352fd7fe,Antiinflamatorio,2026-06-29T14:26:45.094938+00:00,2026-06-22,7,36.98673799124153,37.5120964050293,36.98673799124153,sarima,0.0,v1.0.0
e8aeb018-f679-5670-b210-de4f62ff2111,8ecedccf-c230-516b-bbc2-108f7a6fbe63,9928e9a1-d9fc-5fdd-86c2-8909352fd7fe,Antiinflamatorio,2026-06-29T14:26:45.094938+00:00,2026-06-29,8,33.33290634032124,38.26936721801758,33.33290634032124,sarima,0.0,v1.0.0
e8aeb018-f679-5670-b210-de4f62ff2111,8ecedccf-c230-516b-bbc2-108f7a6fbe63,9928e9a1-d9fc-5fdd-86c2-8909352fd7fe,Antiinflamatorio,2026-06-29T14:26:45.094938+00:00,2026-07-06,9,36.64720106669841,37.41977310180664,36.64720106669841,sarima,0.0,v1.0.0
e8aeb018-f679-5670-b210-de4f62ff2111,8ecedccf-c230-516b-bbc2-108f7a6fbe63,9928e9a1-d9fc-5fdd-86c2-8909352fd7fe,Antiinflamatorio,2026-06-29T14:26:45.094938+00:00,2026-07-13,10,33.61494925530336,38.24706268310547,33.61494925530336,sarima,0.0,v1.0.0
e8aeb018-f679-5670-b210-de4f62ff2111,8ecedccf-c230-516b-bbc2-108f7a6fbe63,9928e9a1-d9fc-5fdd-86c2-8909352fd7fe,Antiinflamatorio,2026-06-29T14:26:45.094938+00:00,2026-07-20,11,36.36758292178641,38.22734069824219,36.36758292178641,sarima,0.0,v1.0.0
e8aeb018-f679-5670-b210-de4f62ff2111,8ecedccf-c230-516b-bbc2-108f7a6fbe63,9928e9a1-d9fc-5fdd-86c2-8909352fd7fe,Antiinflamatorio,2026-06-29T14:26:45.094938+00:00,2026-07-27,12,33.850895895306515,38.8983268737793,33.850895895306515,sarima,0.0,v1.0.0
e8aeb018-f679-5670-b210-de4f62ff2111,8ecedccf-c230-516b-bbc2-108f7a6fbe63,afe9d181-1c64-5cca-b4b7-a9fa24eceeea,Antihipertensivo,2026-06-29T14:26:45.094938+00:00,2026-05-11,1,38.96413576676369,39.48050308227539,43.42665645553589,aditivo,0.6,v1.0.0
e8aeb018-f679-5670-b210-de4f62ff2111,8ecedccf-c230-516b-bbc2-108f7a6fbe63,afe9d181-1c64-5cca-b4b7-a9fa24eceeea,Antihipertensivo,2026-06-29T14:26:45.094938+00:00,2026-05-18,2,38.96413576676369,38.204734802246094,44.043035530908725,aditivo,0.6,v1.0.0
e8aeb018-f679-5670-b210-de4f62ff2111,8ecedccf-c230-516b-bbc2-108f7a6fbe63,afe9d181-1c64-5cca-b4b7-a9fa24eceeea,Antihipertensivo,2026-06-29T14:26:45.094938+00:00,2026-05-25,3,38.96413576676369,38.504478454589844,43.69784936001601,aditivo,0.6,v1.0.0
e8aeb018-f679-5670-b210-de4f62ff2111,8ecedccf-c230-516b-bbc2-108f7a6fbe63,afe9d181-1c64-5cca-b4b7-a9fa24eceeea,Antihipertensivo,2026-06-29T14:26:45.094938+00:00,2026-06-01,4,38.96413576676369,38.070011138916016,43.81739005371578,aditivo,0.6,v1.0.0
e8aeb018-f679-5670-b210-de4f62ff2111,8ecedccf-c230-516b-bbc2-108f7a6fbe63,afe9d181-1c64-5cca-b4b7-a9fa24eceeea,Antihipertensivo,2026-06-29T14:26:45.094938+00:00,2026-06-08,5,38.96413576676369,37.86164093017578,43.45594305761014,aditivo,0.6,v1.0.0
e8aeb018-f679-5670-b210-de4f62ff2111,8ecedccf-c230-516b-bbc2-108f7a6fbe63,afe9d181-1c64-5cca-b4b7-a9fa24eceeea,Antihipertensivo,2026-06-29T14:26:45.094938+00:00,2026-06-15,6,38.96413576676369,38.070011138916016,43.45216386523183,aditivo,0.6,v1.0.0
e8aeb018-f679-5670-b210-de4f62ff2111,8ecedccf-c230-516b-bbc2-108f7a6fbe63,afe9d181-1c64-5cca-b4b7-a9fa24eceeea,Antihipertensivo,2026-06-29T14:26:45.094938+00:00,2026-06-22,7,38.96413576676369,38.070011138916016,43.38983904738588,aditivo,0.6,v1.0.0
e8aeb018-f679-5670-b210-de4f62ff2111,8ecedccf-c230-516b-bbc2-108f7a6fbe63,afe9d181-1c64-5cca-b4b7-a9fa24eceeea,Antihipertensivo,2026-06-29T14:26:45.094938+00:00,2026-06-29,8,38.96413576676369,38.070011138916016,43.45688898547189,aditivo,0.6,v1.0.0
e8aeb018-f679-5670-b210-de4f62ff2111,8ecedccf-c230-516b-bbc2-108f7a6fbe63,afe9d181-1c64-5cca-b4b7-a9fa24eceeea,Antihipertensivo,2026-06-29T14:26:45.094938+00:00,2026-07-06,9,38.96413576676369,38.16387176513672,43.453272812482965,aditivo,0.6,v1.0.0
e8aeb018-f679-5670-b210-de4f62ff2111,8ecedccf-c230-516b-bbc2-108f7a6fbe63,afe9d181-1c64-5cca-b4b7-a9fa24eceeea,Antihipertensivo,2026-06-29T14:26:45.094938+00:00,2026-07-13,10,38.96413576676369,38.252845764160156,43.18586601450534,aditivo,0.6,v1.0.0
e8aeb018-f679-5670-b210-de4f62ff2111,8ecedccf-c230-516b-bbc2-108f7a6fbe63,afe9d181-1c64-5cca-b4b7-a9fa24eceeea,Antihipertensivo,2026-06-29T14:26:45.094938+00:00,2026-07-20,11,38.96413576676369,38.04349899291992,43.01240986781449,aditivo,0.6,v1.0.0
e8aeb018-f679-5670-b210-de4f62ff2111,8ecedccf-c230-516b-bbc2-108f7a6fbe63,afe9d181-1c64-5cca-b4b7-a9fa24eceeea,Antihipertensivo,2026-06-29T14:26:45.094938+00:00,2026-07-27,12,38.96413576676369,38.52243423461914,43.00901289607049,aditivo,0.6,v1.0.0
e8aeb018-f679-5670-b210-de4f62ff2111,8ecedccf-c230-516b-bbc2-108f7a6fbe63,c0cf5e5c-b5c9-585a-8e79-d9830bc954f6,Antibiótico,2026-06-29T14:26:45.094938+00:00,2026-05-11,1,36.730566158864505,40.170310974121094,36.730566158864505,sarima,0.0,v1.0.0
e8aeb018-f679-5670-b210-de4f62ff2111,8ecedccf-c230-516b-bbc2-108f7a6fbe63,c0cf5e5c-b5c9-585a-8e79-d9830bc954f6,Antibiótico,2026-06-29T14:26:45.094938+00:00,2026-05-18,2,36.327404853739004,39.37149429321289,36.327404853739004,sarima,0.0,v1.0.0
e8aeb018-f679-5670-b210-de4f62ff2111,8ecedccf-c230-516b-bbc2-108f7a6fbe63,c0cf5e5c-b5c9-585a-8e79-d9830bc954f6,Antibiótico,2026-06-29T14:26:45.094938+00:00,2026-05-25,3,36.699458155429376,39.52864456176758,36.699458155429376,sarima,0.0,v1.0.0
e8aeb018-f679-5670-b210-de4f62ff2111,8ecedccf-c230-516b-bbc2-108f7a6fbe63,c0cf5e5c-b5c9-585a-8e79-d9830bc954f6,Antibiótico,2026-06-29T14:26:45.094938+00:00,2026-06-01,4,36.90379198601333,39.630802154541016,36.90379198601333,sarima,0.0,v1.0.0
e8aeb018-f679-5670-b210-de4f62ff2111,8ecedccf-c230-516b-bbc2-108f7a6fbe63,c0cf5e5c-b5c9-585a-8e79-d9830bc954f6,Antibiótico,2026-06-29T14:26:45.094938+00:00,2026-06-08,5,37.09301692661834,40.32310104370117,37.09301692661834,sarima,0.0,v1.0.0
e8aeb018-f679-5670-b210-de4f62ff2111,8ecedccf-c230-516b-bbc2-108f7a6fbe63,c0cf5e5c-b5c9-585a-8e79-d9830bc954f6,Antibiótico,2026-06-29T14:26:45.094938+00:00,2026-06-15,6,37.249770052221,40.26948165893555,37.249770052221,sarima,0.0,v1.0.0
e8aeb018-f679-5670-b210-de4f62ff2111,8ecedccf-c230-516b-bbc2-108f7a6fbe63,c0cf5e5c-b5c9-585a-8e79-d9830bc954f6,Antibiótico,2026-06-29T14:26:45.094938+00:00,2026-06-22,7,37.382104946188825,40.27204132080078,37.382104946188825,sarima,0.0,v1.0.0
e8aeb018-f679-5670-b210-de4f62ff2111,8ecedccf-c230-516b-bbc2-108f7a6fbe63,c0cf5e5c-b5c9-585a-8e79-d9830bc954f6,Antibiótico,2026-06-29T14:26:45.094938+00:00,2026-06-29,8,37.4933529274684,40.41856002807617,37.4933529274684,sarima,0.0,v1.0.0
e8aeb018-f679-5670-b210-de4f62ff2111,8ecedccf-c230-516b-bbc2-108f7a6fbe63,c0cf5e5c-b5c9-585a-8e79-d9830bc954f6,Antibiótico,2026-06-29T14:26:45.094938+00:00,2026-07-06,9,37.58688830966515,40.27204132080078,37.58688830966515,sarima,0.0,v1.0.0
e8aeb018-f679-5670-b210-de4f62ff2111,8ecedccf-c230-516b-bbc2-108f7a6fbe63,c0cf5e5c-b5c9-585a-8e79-d9830bc954f6,Antibiótico,2026-06-29T14:26:45.094938+00:00,2026-07-13,10,37.6654878680161,40.41856002807617,37.6654878680161,sarima,0.0,v1.0.0
e8aeb018-f679-5670-b210-de4f62ff2111,8ecedccf-c230-516b-bbc2-108f7a6fbe63,c0cf5e5c-b5c9-585a-8e79-d9830bc954f6,Antibiótico,2026-06-29T14:26:45.094938+00:00,2026-07-20,11,37.73151425013653,40.41856002807617,37.73151425013653,sarima,0.0,v1.0.0
e8aeb018-f679-5670-b210-de4f62ff2111,8ecedccf-c230-516b-bbc2-108f7a6fbe63,c0cf5e5c-b5c9-585a-8e79-d9830bc954f6,Antibiótico,2026-06-29T14:26:45.094938+00:00,2026-07-27,12,37.78696174049994,40.41856002807617,37.78696174049994,sarima,0.0,v1.0.0
e8aeb018-f679-5670-b210-de4f62ff2111,8ecedccf-c230-516b-bbc2-108f7a6fbe63,cd81184b-b6f1-563c-b463-36a69ddfb598,Vitamina,2026-06-29T14:26:45.094938+00:00,2026-05-11,1,69.57977631730012,64.74555206298828,71.598377423371,aditivo,0.5,v1.0.0
e8aeb018-f679-5670-b210-de4f62ff2111,8ecedccf-c230-516b-bbc2-108f7a6fbe63,cd81184b-b6f1-563c-b463-36a69ddfb598,Vitamina,2026-06-29T14:26:45.094938+00:00,2026-05-18,2,69.57977631730012,65.12408447265625,71.66819061294908,aditivo,0.5,v1.0.0
e8aeb018-f679-5670-b210-de4f62ff2111,8ecedccf-c230-516b-bbc2-108f7a6fbe63,cd81184b-b6f1-563c-b463-36a69ddfb598,Vitamina,2026-06-29T14:26:45.094938+00:00,2026-05-25,3,69.57977631730012,65.12408447265625,71.60157961065522,aditivo,0.5,v1.0.0
e8aeb018-f679-5670-b210-de4f62ff2111,8ecedccf-c230-516b-bbc2-108f7a6fbe63,cd81184b-b6f1-563c-b463-36a69ddfb598,Vitamina,2026-06-29T14:26:45.094938+00:00,2026-06-01,4,69.57977631730012,69.01057434082031,72.42971825041774,aditivo,0.5,v1.0.0
e8aeb018-f679-5670-b210-de4f62ff2111,8ecedccf-c230-516b-bbc2-108f7a6fbe63,cd81184b-b6f1-563c-b463-36a69ddfb598,Vitamina,2026-06-29T14:26:45.094938+00:00,2026-06-08,5,69.57977631730012,70.16830444335938,73.81923144446031,aditivo,0.5,v1.0.0
e8aeb018-f679-5670-b210-de4f62ff2111,8ecedccf-c230-516b-bbc2-108f7a6fbe63,cd81184b-b6f1-563c-b463-36a69ddfb598,Vitamina,2026-06-29T14:26:45.094938+00:00,2026-06-15,6,69.57977631730012,65.49925231933594,71.44838170496263,aditivo,0.5,v1.0.0
e8aeb018-f679-5670-b210-de4f62ff2111,8ecedccf-c230-516b-bbc2-108f7a6fbe63,cd81184b-b6f1-563c-b463-36a69ddfb598,Vitamina,2026-06-29T14:26:45.094938+00:00,2026-06-22,7,69.57977631730012,65.49925231933594,71.38664768717638,aditivo,0.5,v1.0.0
e8aeb018-f679-5670-b210-de4f62ff2111,8ecedccf-c230-516b-bbc2-108f7a6fbe63,cd81184b-b6f1-563c-b463-36a69ddfb598,Vitamina,2026-06-29T14:26:45.094938+00:00,2026-06-29,8,69.57977631730012,65.49925231933594,71.40859305226763,aditivo,0.5,v1.0.0
e8aeb018-f679-5670-b210-de4f62ff2111,8ecedccf-c230-516b-bbc2-108f7a6fbe63,cd81184b-b6f1-563c-b463-36a69ddfb598,Vitamina,2026-06-29T14:26:45.094938+00:00,2026-07-06,9,69.57977631730012,65.12408447265625,71.46180107093141,aditivo,0.5,v1.0.0
e8aeb018-f679-5670-b210-de4f62ff2111,8ecedccf-c230-516b-bbc2-108f7a6fbe63,cd81184b-b6f1-563c-b463-36a69ddfb598,Vitamina,2026-06-29T14:26:45.094938+00:00,2026-07-13,10,69.57977631730012,65.12408447265625,71.48376007316425,aditivo,0.5,v1.0.0
e8aeb018-f679-5670-b210-de4f62ff2111,8ecedccf-c230-516b-bbc2-108f7a6fbe63,cd81184b-b6f1-563c-b463-36a69ddfb598,Vitamina,2026-06-29T14:26:45.094938+00:00,2026-07-20,11,69.57977631730012,65.12408447265625,71.35095159832247,aditivo,0.5,v1.0.0
e8aeb018-f679-5670-b210-de4f62ff2111,8ecedccf-c230-516b-bbc2-108f7a6fbe63,cd81184b-b6f1-563c-b463-36a69ddfb598,Vitamina,2026-06-29T14:26:45.094938+00:00,2026-07-27,12,69.57977631730012,65.12408447265625,71.35090353958576,aditivo,0.5,v1.0.0
e8aeb018-f679-5670-b210-de4f62ff2111,8ecedccf-c230-516b-bbc2-108f7a6fbe63,d0ae6d2d-e561-56b3-a2c1-113c1c56ae81,Hipolipemiante,2026-06-29T14:26:45.094938+00:00,2026-05-11,1,47.799765839708,44.55644226074219,47.799765839708,sarima,0.0,v1.0.0
e8aeb018-f679-5670-b210-de4f62ff2111,8ecedccf-c230-516b-bbc2-108f7a6fbe63,d0ae6d2d-e561-56b3-a2c1-113c1c56ae81,Hipolipemiante,2026-06-29T14:26:45.094938+00:00,2026-05-18,2,47.799765839708,44.66291427612305,47.799765839708,sarima,0.0,v1.0.0
e8aeb018-f679-5670-b210-de4f62ff2111,8ecedccf-c230-516b-bbc2-108f7a6fbe63,d0ae6d2d-e561-56b3-a2c1-113c1c56ae81,Hipolipemiante,2026-06-29T14:26:45.094938+00:00,2026-05-25,3,47.799765839708,44.571773529052734,47.799765839708,sarima,0.0,v1.0.0
e8aeb018-f679-5670-b210-de4f62ff2111,8ecedccf-c230-516b-bbc2-108f7a6fbe63,d0ae6d2d-e561-56b3-a2c1-113c1c56ae81,Hipolipemiante,2026-06-29T14:26:45.094938+00:00,2026-06-01,4,47.799765839708,44.39841079711914,47.799765839708,sarima,0.0,v1.0.0
e8aeb018-f679-5670-b210-de4f62ff2111,8ecedccf-c230-516b-bbc2-108f7a6fbe63,d0ae6d2d-e561-56b3-a2c1-113c1c56ae81,Hipolipemiante,2026-06-29T14:26:45.094938+00:00,2026-06-08,5,47.799765839708,44.571773529052734,47.799765839708,sarima,0.0,v1.0.0
e8aeb018-f679-5670-b210-de4f62ff2111,8ecedccf-c230-516b-bbc2-108f7a6fbe63,d0ae6d2d-e561-56b3-a2c1-113c1c56ae81,Hipolipemiante,2026-06-29T14:26:45.094938+00:00,2026-06-15,6,47.799765839708,44.703887939453125,47.799765839708,sarima,0.0,v1.0.0
e8aeb018-f679-5670-b210-de4f62ff2111,8ecedccf-c230-516b-bbc2-108f7a6fbe63,d0ae6d2d-e561-56b3-a2c1-113c1c56ae81,Hipolipemiante,2026-06-29T14:26:45.094938+00:00,2026-06-22,7,47.799765839708,44.703887939453125,47.799765839708,sarima,0.0,v1.0.0
e8aeb018-f679-5670-b210-de4f62ff2111,8ecedccf-c230-516b-bbc2-108f7a6fbe63,d0ae6d2d-e561-56b3-a2c1-113c1c56ae81,Hipolipemiante,2026-06-29T14:26:45.094938+00:00,2026-06-29,8,47.799765839708,44.703887939453125,47.799765839708,sarima,0.0,v1.0.0
e8aeb018-f679-5670-b210-de4f62ff2111,8ecedccf-c230-516b-bbc2-108f7a6fbe63,d0ae6d2d-e561-56b3-a2c1-113c1c56ae81,Hipolipemiante,2026-06-29T14:26:45.094938+00:00,2026-07-06,9,47.799765839708,45.78705596923828,47.799765839708,sarima,0.0,v1.0.0
e8aeb018-f679-5670-b210-de4f62ff2111,8ecedccf-c230-516b-bbc2-108f7a6fbe63,d0ae6d2d-e561-56b3-a2c1-113c1c56ae81,Hipolipemiante,2026-06-29T14:26:45.094938+00:00,2026-07-13,10,47.799765839708,45.78705596923828,47.799765839708,sarima,0.0,v1.0.0
e8aeb018-f679-5670-b210-de4f62ff2111,8ecedccf-c230-516b-bbc2-108f7a6fbe63,d0ae6d2d-e561-56b3-a2c1-113c1c56ae81,Hipolipemiante,2026-06-29T14:26:45.094938+00:00,2026-07-20,11,47.799765839708,45.78705596923828,47.799765839708,sarima,0.0,v1.0.0
e8aeb018-f679-5670-b210-de4f62ff2111,8ecedccf-c230-516b-bbc2-108f7a6fbe63,d0ae6d2d-e561-56b3-a2c1-113c1c56ae81,Hipolipemiante,2026-06-29T14:26:45.094938+00:00,2026-07-27,12,47.799765839708,45.78705596923828,47.799765839708,sarima,0.0,v1.0.0
e8aeb018-f679-5670-b210-de4f62ff2111,8ecedccf-c230-516b-bbc2-108f7a6fbe63,d2f08f15-f9f2-5f65-a740-b05896774467,Antiulceroso,2026-06-29T14:26:45.094938+00:00,2026-05-11,1,63.09827135156202,61.480934143066406,66.11741219958878,aditivo,1.0,v1.0.0
e8aeb018-f679-5670-b210-de4f62ff2111,8ecedccf-c230-516b-bbc2-108f7a6fbe63,d2f08f15-f9f2-5f65-a740-b05896774467,Antiulceroso,2026-06-29T14:26:45.094938+00:00,2026-05-18,2,63.10625428110575,61.605804443359375,66.510684617165,aditivo,1.0,v1.0.0
e8aeb018-f679-5670-b210-de4f62ff2111,8ecedccf-c230-516b-bbc2-108f7a6fbe63,d2f08f15-f9f2-5f65-a740-b05896774467,Antiulceroso,2026-06-29T14:26:45.094938+00:00,2026-05-25,3,63.11226869838589,61.605804443359375,66.51751607717438,aditivo,1.0,v1.0.0
e8aeb018-f679-5670-b210-de4f62ff2111,8ecedccf-c230-516b-bbc2-108f7a6fbe63,d2f08f15-f9f2-5f65-a740-b05896774467,Antiulceroso,2026-06-29T14:26:45.094938+00:00,2026-06-01,4,63.11679989722458,60.857810974121094,66.5228542082754,aditivo,1.0,v1.0.0
e8aeb018-f679-5670-b210-de4f62ff2111,8ecedccf-c230-516b-bbc2-108f7a6fbe63,d2f08f15-f9f2-5f65-a740-b05896774467,Antiulceroso,2026-06-29T14:26:45.094938+00:00,2026-06-08,5,63.120213585605214,61.605804443359375,66.48738038901668,aditivo,1.0,v1.0.0
e8aeb018-f679-5670-b210-de4f62ff2111,8ecedccf-c230-516b-bbc2-108f7a6fbe63,d2f08f15-f9f2-5f65-a740-b05896774467,Antiulceroso,2026-06-29T14:26:45.094938+00:00,2026-06-15,6,63.122785331114244,61.40316390991211,66.53040546790423,aditivo,1.0,v1.0.0
e8aeb018-f679-5670-b210-de4f62ff2111,8ecedccf-c230-516b-bbc2-108f7a6fbe63,d2f08f15-f9f2-5f65-a740-b05896774467,Antiulceroso,2026-06-29T14:26:45.094938+00:00,2026-06-22,7,63.12472276595891,61.605804443359375,66.61154210203418,aditivo,1.0,v1.0.0
e8aeb018-f679-5670-b210-de4f62ff2111,8ecedccf-c230-516b-bbc2-108f7a6fbe63,d2f08f15-f9f2-5f65-a740-b05896774467,Antiulceroso,2026-06-29T14:26:45.094938+00:00,2026-06-29,8,63.12618232764892,61.935829162597656,66.65352721220482,aditivo,1.0,v1.0.0
e8aeb018-f679-5670-b210-de4f62ff2111,8ecedccf-c230-516b-bbc2-108f7a6fbe63,d2f08f15-f9f2-5f65-a740-b05896774467,Antiulceroso,2026-06-29T14:26:45.094938+00:00,2026-07-06,9,63.127281877609974,61.935829162597656,66.65545528098605,aditivo,1.0,v1.0.0
e8aeb018-f679-5670-b210-de4f62ff2111,8ecedccf-c230-516b-bbc2-108f7a6fbe63,d2f08f15-f9f2-5f65-a740-b05896774467,Antiulceroso,2026-06-29T14:26:45.094938+00:00,2026-07-13,10,63.12811021133122,61.935829162597656,66.61737064371503,aditivo,1.0,v1.0.0
e8aeb018-f679-5670-b210-de4f62ff2111,8ecedccf-c230-516b-bbc2-108f7a6fbe63,d2f08f15-f9f2-5f65-a740-b05896774467,Antiulceroso,2026-06-29T14:26:45.094938+00:00,2026-07-20,11,63.12873422500404,61.935829162597656,66.37880789442666,aditivo,1.0,v1.0.0
e8aeb018-f679-5670-b210-de4f62ff2111,8ecedccf-c230-516b-bbc2-108f7a6fbe63,d2f08f15-f9f2-5f65-a740-b05896774467,Antiulceroso,2026-06-29T14:26:45.094938+00:00,2026-07-27,12,63.12920431570083,61.935829162597656,66.41965034404168,aditivo,1.0,v1.0.0
e8aeb018-f679-5670-b210-de4f62ff2111,8ecedccf-c230-516b-bbc2-108f7a6fbe63,d3961f5a-3ea7-53d3-89f4-78b65b0c0c6b,Analgésico,2026-06-29T14:26:45.094938+00:00,2026-05-11,1,125.33075132954096,110.47240447998047,135.505775675785,aditivo,1.5,v1.0.0
e8aeb018-f679-5670-b210-de4f62ff2111,8ecedccf-c230-516b-bbc2-108f7a6fbe63,d3961f5a-3ea7-53d3-89f4-78b65b0c0c6b,Analgésico,2026-06-29T14:26:45.094938+00:00,2026-05-18,2,125.8839945730236,109.53764343261719,134.30316529142252,aditivo,1.5,v1.0.0
e8aeb018-f679-5670-b210-de4f62ff2111,8ecedccf-c230-516b-bbc2-108f7a6fbe63,d3961f5a-3ea7-53d3-89f4-78b65b0c0c6b,Analgésico,2026-06-29T14:26:45.094938+00:00,2026-05-25,3,126.385006593207,120.69158172607422,158.74585613482532,aditivo,1.5,v1.0.0
e8aeb018-f679-5670-b210-de4f62ff2111,8ecedccf-c230-516b-bbc2-108f7a6fbe63,d3961f5a-3ea7-53d3-89f4-78b65b0c0c6b,Analgésico,2026-06-29T14:26:45.094938+00:00,2026-06-01,4,126.83853347651491,120.69158172607422,159.2219841988846,aditivo,1.5,v1.0.0
e8aeb018-f679-5670-b210-de4f62ff2111,8ecedccf-c230-516b-bbc2-108f7a6fbe63,d3961f5a-3ea7-53d3-89f4-78b65b0c0c6b,Analgésico,2026-06-29T14:26:45.094938+00:00,2026-06-08,5,127.24892480539904,120.69158172607422,168.5401236808081,aditivo,1.5,v1.0.0
e8aeb018-f679-5670-b210-de4f62ff2111,8ecedccf-c230-516b-bbc2-108f7a6fbe63,d3961f5a-3ea7-53d3-89f4-78b65b0c0c6b,Analgésico,2026-06-29T14:26:45.094938+00:00,2026-06-15,6,127.6201600903544,120.69158172607422,169.2775699200428,aditivo,1.5,v1.0.0
e8aeb018-f679-5670-b210-de4f62ff2111,8ecedccf-c230-516b-bbc2-108f7a6fbe63,d3961f5a-3ea7-53d3-89f4-78b65b0c0c6b,Analgésico,2026-06-29T14:26:45.094938+00:00,2026-06-22,7,127.95587481744022,119.63988494873047,170.82500758672444,aditivo,1.5,v1.0.0
e8aeb018-f679-5670-b210-de4f62ff2111,8ecedccf-c230-516b-bbc2-108f7a6fbe63,d3961f5a-3ea7-53d3-89f4-78b65b0c0c6b,Analgésico,2026-06-29T14:26:45.094938+00:00,2026-06-29,8,128.259385768159,120.69158172607422,172.07704744104967,aditivo,1.5,v1.0.0
e8aeb018-f679-5670-b210-de4f62ff2111,8ecedccf-c230-516b-bbc2-108f7a6fbe63,d3961f5a-3ea7-53d3-89f4-78b65b0c0c6b,Analgésico,2026-06-29T14:26:45.094938+00:00,2026-07-06,9,128.5337153651183,120.69158172607422,172.42972947924784,aditivo,1.5,v1.0.0
e8aeb018-f679-5670-b210-de4f62ff2111,8ecedccf-c230-516b-bbc2-108f7a6fbe63,d3961f5a-3ea7-53d3-89f4-78b65b0c0c6b,Analgésico,2026-06-29T14:26:45.094938+00:00,2026-07-13,10,128.78161487436225,117.37370300292969,172.75563399802388,aditivo,1.5,v1.0.0
e8aeb018-f679-5670-b210-de4f62ff2111,8ecedccf-c230-516b-bbc2-108f7a6fbe63,d3961f5a-3ea7-53d3-89f4-78b65b0c0c6b,Analgésico,2026-06-29T14:26:45.094938+00:00,2026-07-20,11,129.0055863567547,117.37370300292969,174.55178927590825,aditivo,1.5,v1.0.0
e8aeb018-f679-5670-b210-de4f62ff2111,8ecedccf-c230-516b-bbc2-108f7a6fbe63,d3961f5a-3ea7-53d3-89f4-78b65b0c0c6b,Analgésico,2026-06-29T14:26:45.094938+00:00,2026-07-27,12,129.20790330904276,116.68746948242188,174.83749940872383,aditivo,1.5,v1.0.0
e8aeb018-f679-5670-b210-de4f62ff2111,8ecedccf-c230-516b-bbc2-108f7a6fbe63,d9506935-1215-5499-93c0-8bdd86ab9418,Analgésico,2026-06-29T14:26:45.094938+00:00,2026-05-11,1,13.622908364637464,18.10791778564453,16.417841738245706,aditivo,1.5,v1.0.0
e8aeb018-f679-5670-b210-de4f62ff2111,8ecedccf-c230-516b-bbc2-108f7a6fbe63,d9506935-1215-5499-93c0-8bdd86ab9418,Analgésico,2026-06-29T14:26:45.094938+00:00,2026-05-18,2,13.75014383416819,17.068864822387695,16.60073805413069,aditivo,1.5,v1.0.0
e8aeb018-f679-5670-b210-de4f62ff2111,8ecedccf-c230-516b-bbc2-108f7a6fbe63,d9506935-1215-5499-93c0-8bdd86ab9418,Analgésico,2026-06-29T14:26:45.094938+00:00,2026-05-25,3,13.633205403152628,16.805273056030273,16.487214107740076,aditivo,1.5,v1.0.0
e8aeb018-f679-5670-b210-de4f62ff2111,8ecedccf-c230-516b-bbc2-108f7a6fbe63,d9506935-1215-5499-93c0-8bdd86ab9418,Analgésico,2026-06-29T14:26:45.094938+00:00,2026-06-01,4,13.740607576777826,17.137392044067383,16.863457941523283,aditivo,1.5,v1.0.0
e8aeb018-f679-5670-b210-de4f62ff2111,8ecedccf-c230-516b-bbc2-108f7a6fbe63,d9506935-1215-5499-93c0-8bdd86ab9418,Analgésico,2026-06-29T14:26:45.094938+00:00,2026-06-08,5,13.641902755390724,16.731460571289062,16.805734826839014,aditivo,1.5,v1.0.0
e8aeb018-f679-5670-b210-de4f62ff2111,8ecedccf-c230-516b-bbc2-108f7a6fbe63,d9506935-1215-5499-93c0-8bdd86ab9418,Analgésico,2026-06-29T14:26:45.094938+00:00,2026-06-15,6,13.732562840152147,17.03426742553711,16.90034298621967,aditivo,1.5,v1.0.0
e8aeb018-f679-5670-b210-de4f62ff2111,8ecedccf-c230-516b-bbc2-108f7a6fbe63,d9506935-1215-5499-93c0-8bdd86ab9418,Analgésico,2026-06-29T14:26:45.094938+00:00,2026-06-22,7,13.649248195738,17.03426742553711,16.821075327985245,aditivo,1.5,v1.0.0
e8aeb018-f679-5670-b210-de4f62ff2111,8ecedccf-c230-516b-bbc2-108f7a6fbe63,d9506935-1215-5499-93c0-8bdd86ab9418,Analgésico,2026-06-29T14:26:45.094938+00:00,2026-06-29,8,13.725775711648113,16.673856735229492,16.90145444214557,aditivo,1.5,v1.0.0
e8aeb018-f679-5670-b210-de4f62ff2111,8ecedccf-c230-516b-bbc2-108f7a6fbe63,d9506935-1215-5499-93c0-8bdd86ab9418,Analgésico,2026-06-29T14:26:45.094938+00:00,2026-07-06,9,13.655451334828612,16.7474308013916,16.797953850645477,aditivo,1.5,v1.0.0
e8aeb018-f679-5670-b210-de4f62ff2111,8ecedccf-c230-516b-bbc2-108f7a6fbe63,d9506935-1215-5499-93c0-8bdd86ab9418,Analgésico,2026-06-29T14:26:45.094938+00:00,2026-07-13,10,13.720049144013243,16.673856735229492,16.86620460079572,aditivo,1.5,v1.0.0
e8aeb018-f679-5670-b210-de4f62ff2111,8ecedccf-c230-516b-bbc2-108f7a6fbe63,d9506935-1215-5499-93c0-8bdd86ab9418,Analgésico,2026-06-29T14:26:45.094938+00:00,2026-07-20,11,13.660689436109925,17.07847023010254,16.729353323745087,aditivo,1.5,v1.0.0
e8aeb018-f679-5670-b210-de4f62ff2111,8ecedccf-c230-516b-bbc2-108f7a6fbe63,d9506935-1215-5499-93c0-8bdd86ab9418,Analgésico,2026-06-29T14:26:45.094938+00:00,2026-07-27,12,13.715217093291606,16.78760528564453,16.787225494666544,aditivo,1.5,v1.0.0
e8aeb018-f679-5670-b210-de4f62ff2111,d6f21f11-7533-52dd-a4dc-2fb8e260c02c,012857cc-907f-5e7d-b8fb-796d2c9f1621,Suplemento,2026-06-29T14:26:45.094938+00:00,2026-05-11,1,35.67939976826115,39.25127029418945,35.67939976826115,sarima,0.0,v1.0.0
e8aeb018-f679-5670-b210-de4f62ff2111,d6f21f11-7533-52dd-a4dc-2fb8e260c02c,012857cc-907f-5e7d-b8fb-796d2c9f1621,Suplemento,2026-06-29T14:26:45.094938+00:00,2026-05-18,2,35.33728623494484,39.108036041259766,35.33728623494484,sarima,0.0,v1.0.0
e8aeb018-f679-5670-b210-de4f62ff2111,d6f21f11-7533-52dd-a4dc-2fb8e260c02c,012857cc-907f-5e7d-b8fb-796d2c9f1621,Suplemento,2026-06-29T14:26:45.094938+00:00,2026-05-25,3,34.52622779163886,39.30454635620117,34.52622779163886,sarima,0.0,v1.0.0
e8aeb018-f679-5670-b210-de4f62ff2111,d6f21f11-7533-52dd-a4dc-2fb8e260c02c,012857cc-907f-5e7d-b8fb-796d2c9f1621,Suplemento,2026-06-29T14:26:45.094938+00:00,2026-06-01,4,35.31558863105605,38.35381317138672,35.31558863105605,sarima,0.0,v1.0.0
e8aeb018-f679-5670-b210-de4f62ff2111,d6f21f11-7533-52dd-a4dc-2fb8e260c02c,012857cc-907f-5e7d-b8fb-796d2c9f1621,Suplemento,2026-06-29T14:26:45.094938+00:00,2026-06-08,5,35.59106761326665,37.606040954589844,35.59106761326665,sarima,0.0,v1.0.0
e8aeb018-f679-5670-b210-de4f62ff2111,d6f21f11-7533-52dd-a4dc-2fb8e260c02c,012857cc-907f-5e7d-b8fb-796d2c9f1621,Suplemento,2026-06-29T14:26:45.094938+00:00,2026-06-15,6,35.59106761326665,37.46946716308594,35.59106761326665,sarima,0.0,v1.0.0
e8aeb018-f679-5670-b210-de4f62ff2111,d6f21f11-7533-52dd-a4dc-2fb8e260c02c,012857cc-907f-5e7d-b8fb-796d2c9f1621,Suplemento,2026-06-29T14:26:45.094938+00:00,2026-06-22,7,35.59106761326665,37.863033294677734,35.59106761326665,sarima,0.0,v1.0.0
e8aeb018-f679-5670-b210-de4f62ff2111,d6f21f11-7533-52dd-a4dc-2fb8e260c02c,012857cc-907f-5e7d-b8fb-796d2c9f1621,Suplemento,2026-06-29T14:26:45.094938+00:00,2026-06-29,8,35.59106761326665,37.79621124267578,35.59106761326665,sarima,0.0,v1.0.0
e8aeb018-f679-5670-b210-de4f62ff2111,d6f21f11-7533-52dd-a4dc-2fb8e260c02c,012857cc-907f-5e7d-b8fb-796d2c9f1621,Suplemento,2026-06-29T14:26:45.094938+00:00,2026-07-06,9,35.59106761326665,37.75407409667969,35.59106761326665,sarima,0.0,v1.0.0
e8aeb018-f679-5670-b210-de4f62ff2111,d6f21f11-7533-52dd-a4dc-2fb8e260c02c,012857cc-907f-5e7d-b8fb-796d2c9f1621,Suplemento,2026-06-29T14:26:45.094938+00:00,2026-07-13,10,35.59106761326665,37.75407409667969,35.59106761326665,sarima,0.0,v1.0.0
e8aeb018-f679-5670-b210-de4f62ff2111,d6f21f11-7533-52dd-a4dc-2fb8e260c02c,012857cc-907f-5e7d-b8fb-796d2c9f1621,Suplemento,2026-06-29T14:26:45.094938+00:00,2026-07-20,11,35.59106761326665,37.78847885131836,35.59106761326665,sarima,0.0,v1.0.0
e8aeb018-f679-5670-b210-de4f62ff2111,d6f21f11-7533-52dd-a4dc-2fb8e260c02c,012857cc-907f-5e7d-b8fb-796d2c9f1621,Suplemento,2026-06-29T14:26:45.094938+00:00,2026-07-27,12,35.59106761326665,37.900020599365234,35.59106761326665,sarima,0.0,v1.0.0
e8aeb018-f679-5670-b210-de4f62ff2111,d6f21f11-7533-52dd-a4dc-2fb8e260c02c,042e2e80-f954-5df4-97be-29dd428cc598,Antiinflamatorio,2026-06-29T14:26:45.094938+00:00,2026-05-11,1,35.07440476649938,38.255794525146484,35.07440476649938,sarima,0.0,v1.0.0
e8aeb018-f679-5670-b210-de4f62ff2111,d6f21f11-7533-52dd-a4dc-2fb8e260c02c,042e2e80-f954-5df4-97be-29dd428cc598,Antiinflamatorio,2026-06-29T14:26:45.094938+00:00,2026-05-18,2,35.07440476649938,38.2595100402832,35.07440476649938,sarima,0.0,v1.0.0
e8aeb018-f679-5670-b210-de4f62ff2111,d6f21f11-7533-52dd-a4dc-2fb8e260c02c,042e2e80-f954-5df4-97be-29dd428cc598,Antiinflamatorio,2026-06-29T14:26:45.094938+00:00,2026-05-25,3,35.07440476649938,37.876564025878906,35.07440476649938,sarima,0.0,v1.0.0
e8aeb018-f679-5670-b210-de4f62ff2111,d6f21f11-7533-52dd-a4dc-2fb8e260c02c,042e2e80-f954-5df4-97be-29dd428cc598,Antiinflamatorio,2026-06-29T14:26:45.094938+00:00,2026-06-01,4,35.07440476649938,38.15646743774414,35.07440476649938,sarima,0.0,v1.0.0
e8aeb018-f679-5670-b210-de4f62ff2111,d6f21f11-7533-52dd-a4dc-2fb8e260c02c,042e2e80-f954-5df4-97be-29dd428cc598,Antiinflamatorio,2026-06-29T14:26:45.094938+00:00,2026-06-08,5,35.07440476649938,38.1540412902832,35.07440476649938,sarima,0.0,v1.0.0
e8aeb018-f679-5670-b210-de4f62ff2111,d6f21f11-7533-52dd-a4dc-2fb8e260c02c,042e2e80-f954-5df4-97be-29dd428cc598,Antiinflamatorio,2026-06-29T14:26:45.094938+00:00,2026-06-15,6,35.07440476649938,38.31309509277344,35.07440476649938,sarima,0.0,v1.0.0
e8aeb018-f679-5670-b210-de4f62ff2111,d6f21f11-7533-52dd-a4dc-2fb8e260c02c,042e2e80-f954-5df4-97be-29dd428cc598,Antiinflamatorio,2026-06-29T14:26:45.094938+00:00,2026-06-22,7,35.07440476649938,37.16877746582031,35.07440476649938,sarima,0.0,v1.0.0
e8aeb018-f679-5670-b210-de4f62ff2111,d6f21f11-7533-52dd-a4dc-2fb8e260c02c,042e2e80-f954-5df4-97be-29dd428cc598,Antiinflamatorio,2026-06-29T14:26:45.094938+00:00,2026-06-29,8,35.07440476649938,36.64036560058594,35.07440476649938,sarima,0.0,v1.0.0
e8aeb018-f679-5670-b210-de4f62ff2111,d6f21f11-7533-52dd-a4dc-2fb8e260c02c,042e2e80-f954-5df4-97be-29dd428cc598,Antiinflamatorio,2026-06-29T14:26:45.094938+00:00,2026-07-06,9,35.07440476649938,37.03375244140625,35.07440476649938,sarima,0.0,v1.0.0
e8aeb018-f679-5670-b210-de4f62ff2111,d6f21f11-7533-52dd-a4dc-2fb8e260c02c,042e2e80-f954-5df4-97be-29dd428cc598,Antiinflamatorio,2026-06-29T14:26:45.094938+00:00,2026-07-13,10,35.07440476649938,36.90488052368164,35.07440476649938,sarima,0.0,v1.0.0
e8aeb018-f679-5670-b210-de4f62ff2111,d6f21f11-7533-52dd-a4dc-2fb8e260c02c,042e2e80-f954-5df4-97be-29dd428cc598,Antiinflamatorio,2026-06-29T14:26:45.094938+00:00,2026-07-20,11,35.07440476649938,37.16877746582031,35.07440476649938,sarima,0.0,v1.0.0
e8aeb018-f679-5670-b210-de4f62ff2111,d6f21f11-7533-52dd-a4dc-2fb8e260c02c,042e2e80-f954-5df4-97be-29dd428cc598,Antiinflamatorio,2026-06-29T14:26:45.094938+00:00,2026-07-27,12,35.07440476649938,37.414432525634766,35.07440476649938,sarima,0.0,v1.0.0
e8aeb018-f679-5670-b210-de4f62ff2111,d6f21f11-7533-52dd-a4dc-2fb8e260c02c,058c6382-bde2-59d1-93ff-20c6161a4736,Antibiótico,2026-06-29T14:26:45.094938+00:00,2026-05-11,1,28.977386754527362,32.71633529663086,28.977386754527362,sarima,0.0,v1.0.0
e8aeb018-f679-5670-b210-de4f62ff2111,d6f21f11-7533-52dd-a4dc-2fb8e260c02c,058c6382-bde2-59d1-93ff-20c6161a4736,Antibiótico,2026-06-29T14:26:45.094938+00:00,2026-05-18,2,28.359832175051668,32.743099212646484,28.359832175051668,sarima,0.0,v1.0.0
e8aeb018-f679-5670-b210-de4f62ff2111,d6f21f11-7533-52dd-a4dc-2fb8e260c02c,058c6382-bde2-59d1-93ff-20c6161a4736,Antibiótico,2026-06-29T14:26:45.094938+00:00,2026-05-25,3,28.359832175051668,32.33590316772461,28.359832175051668,sarima,0.0,v1.0.0
e8aeb018-f679-5670-b210-de4f62ff2111,d6f21f11-7533-52dd-a4dc-2fb8e260c02c,058c6382-bde2-59d1-93ff-20c6161a4736,Antibiótico,2026-06-29T14:26:45.094938+00:00,2026-06-01,4,28.359832175051668,32.50071716308594,28.359832175051668,sarima,0.0,v1.0.0
e8aeb018-f679-5670-b210-de4f62ff2111,d6f21f11-7533-52dd-a4dc-2fb8e260c02c,058c6382-bde2-59d1-93ff-20c6161a4736,Antibiótico,2026-06-29T14:26:45.094938+00:00,2026-06-08,5,28.359832175051668,34.053382873535156,28.359832175051668,sarima,0.0,v1.0.0
e8aeb018-f679-5670-b210-de4f62ff2111,d6f21f11-7533-52dd-a4dc-2fb8e260c02c,058c6382-bde2-59d1-93ff-20c6161a4736,Antibiótico,2026-06-29T14:26:45.094938+00:00,2026-06-15,6,28.359832175051668,34.34626388549805,28.359832175051668,sarima,0.0,v1.0.0
e8aeb018-f679-5670-b210-de4f62ff2111,d6f21f11-7533-52dd-a4dc-2fb8e260c02c,058c6382-bde2-59d1-93ff-20c6161a4736,Antibiótico,2026-06-29T14:26:45.094938+00:00,2026-06-22,7,28.359832175051668,34.2775993347168,28.359832175051668,sarima,0.0,v1.0.0
e8aeb018-f679-5670-b210-de4f62ff2111,d6f21f11-7533-52dd-a4dc-2fb8e260c02c,058c6382-bde2-59d1-93ff-20c6161a4736,Antibiótico,2026-06-29T14:26:45.094938+00:00,2026-06-29,8,28.359832175051668,34.2032585144043,28.359832175051668,sarima,0.0,v1.0.0
e8aeb018-f679-5670-b210-de4f62ff2111,d6f21f11-7533-52dd-a4dc-2fb8e260c02c,058c6382-bde2-59d1-93ff-20c6161a4736,Antibiótico,2026-06-29T14:26:45.094938+00:00,2026-07-06,9,28.359832175051668,34.148284912109375,28.359832175051668,sarima,0.0,v1.0.0
e8aeb018-f679-5670-b210-de4f62ff2111,d6f21f11-7533-52dd-a4dc-2fb8e260c02c,058c6382-bde2-59d1-93ff-20c6161a4736,Antibiótico,2026-06-29T14:26:45.094938+00:00,2026-07-13,10,28.359832175051668,33.7990837097168,28.359832175051668,sarima,0.0,v1.0.0
e8aeb018-f679-5670-b210-de4f62ff2111,d6f21f11-7533-52dd-a4dc-2fb8e260c02c,058c6382-bde2-59d1-93ff-20c6161a4736,Antibiótico,2026-06-29T14:26:45.094938+00:00,2026-07-20,11,28.359832175051668,34.41635513305664,28.359832175051668,sarima,0.0,v1.0.0
e8aeb018-f679-5670-b210-de4f62ff2111,d6f21f11-7533-52dd-a4dc-2fb8e260c02c,058c6382-bde2-59d1-93ff-20c6161a4736,Antibiótico,2026-06-29T14:26:45.094938+00:00,2026-07-27,12,28.359832175051668,34.64429473876953,28.359832175051668,sarima,0.0,v1.0.0
e8aeb018-f679-5670-b210-de4f62ff2111,d6f21f11-7533-52dd-a4dc-2fb8e260c02c,07371b94-955f-52a4-9bf9-f0a6ad2b4fa8,Antibiótico,2026-06-29T14:26:45.094938+00:00,2026-05-11,1,52.93712847519516,49.420963287353516,52.93712847519516,sarima,0.0,v1.0.0
e8aeb018-f679-5670-b210-de4f62ff2111,d6f21f11-7533-52dd-a4dc-2fb8e260c02c,07371b94-955f-52a4-9bf9-f0a6ad2b4fa8,Antibiótico,2026-06-29T14:26:45.094938+00:00,2026-05-18,2,51.87499255938765,48.51969528198242,51.87499255938765,sarima,0.0,v1.0.0
e8aeb018-f679-5670-b210-de4f62ff2111,d6f21f11-7533-52dd-a4dc-2fb8e260c02c,07371b94-955f-52a4-9bf9-f0a6ad2b4fa8,Antibiótico,2026-06-29T14:26:45.094938+00:00,2026-05-25,3,51.48889939084547,58.085845947265625,51.48889939084547,sarima,0.0,v1.0.0
e8aeb018-f679-5670-b210-de4f62ff2111,d6f21f11-7533-52dd-a4dc-2fb8e260c02c,07371b94-955f-52a4-9bf9-f0a6ad2b4fa8,Antibiótico,2026-06-29T14:26:45.094938+00:00,2026-06-01,4,51.045939304216986,46.63695526123047,51.045939304216986,sarima,0.0,v1.0.0
e8aeb018-f679-5670-b210-de4f62ff2111,d6f21f11-7533-52dd-a4dc-2fb8e260c02c,07371b94-955f-52a4-9bf9-f0a6ad2b4fa8,Antibiótico,2026-06-29T14:26:45.094938+00:00,2026-06-08,5,50.653577135490785,46.11356735229492,50.653577135490785,sarima,0.0,v1.0.0
e8aeb018-f679-5670-b210-de4f62ff2111,d6f21f11-7533-52dd-a4dc-2fb8e260c02c,07371b94-955f-52a4-9bf9-f0a6ad2b4fa8,Antibiótico,2026-06-29T14:26:45.094938+00:00,2026-06-15,6,50.29161884232902,46.01953125,50.29161884232902,sarima,0.0,v1.0.0
e8aeb018-f679-5670-b210-de4f62ff2111,d6f21f11-7533-52dd-a4dc-2fb8e260c02c,07371b94-955f-52a4-9bf9-f0a6ad2b4fa8,Antibiótico,2026-06-29T14:26:45.094938+00:00,2026-06-22,7,49.95977378701378,46.01953125,49.95977378701378,sarima,0.0,v1.0.0
e8aeb018-f679-5670-b210-de4f62ff2111,d6f21f11-7533-52dd-a4dc-2fb8e260c02c,07371b94-955f-52a4-9bf9-f0a6ad2b4fa8,Antibiótico,2026-06-29T14:26:45.094938+00:00,2026-06-29,8,49.65503717656293,46.01953125,49.65503717656293,sarima,0.0,v1.0.0
e8aeb018-f679-5670-b210-de4f62ff2111,d6f21f11-7533-52dd-a4dc-2fb8e260c02c,07371b94-955f-52a4-9bf9-f0a6ad2b4fa8,Antibiótico,2026-06-29T14:26:45.094938+00:00,2026-07-06,9,49.375114153287264,46.01953125,49.375114153287264,sarima,0.0,v1.0.0
e8aeb018-f679-5670-b210-de4f62ff2111,d6f21f11-7533-52dd-a4dc-2fb8e260c02c,07371b94-955f-52a4-9bf9-f0a6ad2b4fa8,Antibiótico,2026-06-29T14:26:45.094938+00:00,2026-07-13,10,49.117863255358046,46.01953125,49.117863255358046,sarima,0.0,v1.0.0
e8aeb018-f679-5670-b210-de4f62ff2111,d6f21f11-7533-52dd-a4dc-2fb8e260c02c,07371b94-955f-52a4-9bf9-f0a6ad2b4fa8,Antibiótico,2026-06-29T14:26:45.094938+00:00,2026-07-20,11,48.881353499909096,46.01953125,48.881353499909096,sarima,0.0,v1.0.0
e8aeb018-f679-5670-b210-de4f62ff2111,d6f21f11-7533-52dd-a4dc-2fb8e260c02c,07371b94-955f-52a4-9bf9-f0a6ad2b4fa8,Antibiótico,2026-06-29T14:26:45.094938+00:00,2026-07-27,12,48.66383091785657,46.01953125,48.66383091785657,sarima,0.0,v1.0.0
e8aeb018-f679-5670-b210-de4f62ff2111,d6f21f11-7533-52dd-a4dc-2fb8e260c02c,0ec23038-d3ab-588c-bbd6-1f5c744cdde1,Vitamina,2026-06-29T14:26:45.094938+00:00,2026-05-11,1,51.29328716652098,60.462738037109375,61.305100017232775,aditivo,0.5,v1.0.0
e8aeb018-f679-5670-b210-de4f62ff2111,d6f21f11-7533-52dd-a4dc-2fb8e260c02c,0ec23038-d3ab-588c-bbd6-1f5c744cdde1,Vitamina,2026-06-29T14:26:45.094938+00:00,2026-05-18,2,58.85900252805617,59.721622467041016,67.91161222497821,aditivo,0.5,v1.0.0
e8aeb018-f679-5670-b210-de4f62ff2111,d6f21f11-7533-52dd-a4dc-2fb8e260c02c,0ec23038-d3ab-588c-bbd6-1f5c744cdde1,Vitamina,2026-06-29T14:26:45.094938+00:00,2026-05-25,3,58.85900252805617,60.333683013916016,67.52751258098725,aditivo,0.5,v1.0.0
e8aeb018-f679-5670-b210-de4f62ff2111,d6f21f11-7533-52dd-a4dc-2fb8e260c02c,0ec23038-d3ab-588c-bbd6-1f5c744cdde1,Vitamina,2026-06-29T14:26:45.094938+00:00,2026-06-01,4,58.85900252805617,62.40116500854492,67.62545773903497,aditivo,0.5,v1.0.0
e8aeb018-f679-5670-b210-de4f62ff2111,d6f21f11-7533-52dd-a4dc-2fb8e260c02c,0ec23038-d3ab-588c-bbd6-1f5c744cdde1,Vitamina,2026-06-29T14:26:45.094938+00:00,2026-06-08,5,58.85900252805617,60.298248291015625,66.31740855590893,aditivo,0.5,v1.0.0
e8aeb018-f679-5670-b210-de4f62ff2111,d6f21f11-7533-52dd-a4dc-2fb8e260c02c,0ec23038-d3ab-588c-bbd6-1f5c744cdde1,Vitamina,2026-06-29T14:26:45.094938+00:00,2026-06-15,6,58.85900252805617,60.35740661621094,66.49718067268502,aditivo,0.5,v1.0.0
e8aeb018-f679-5670-b210-de4f62ff2111,d6f21f11-7533-52dd-a4dc-2fb8e260c02c,0ec23038-d3ab-588c-bbd6-1f5c744cdde1,Vitamina,2026-06-29T14:26:45.094938+00:00,2026-06-22,7,58.85900252805617,60.35740661621094,66.32823524993563,aditivo,0.5,v1.0.0
e8aeb018-f679-5670-b210-de4f62ff2111,d6f21f11-7533-52dd-a4dc-2fb8e260c02c,0ec23038-d3ab-588c-bbd6-1f5c744cdde1,Vitamina,2026-06-29T14:26:45.094938+00:00,2026-06-29,8,58.85900252805617,60.35740661621094,66.31898999022803,aditivo,0.5,v1.0.0
e8aeb018-f679-5670-b210-de4f62ff2111,d6f21f11-7533-52dd-a4dc-2fb8e260c02c,0ec23038-d3ab-588c-bbd6-1f5c744cdde1,Vitamina,2026-06-29T14:26:45.094938+00:00,2026-07-06,9,58.85900252805617,60.35740661621094,66.20462522102932,aditivo,0.5,v1.0.0
e8aeb018-f679-5670-b210-de4f62ff2111,d6f21f11-7533-52dd-a4dc-2fb8e260c02c,0ec23038-d3ab-588c-bbd6-1f5c744cdde1,Vitamina,2026-06-29T14:26:45.094938+00:00,2026-07-13,10,58.85900252805617,60.35740661621094,65.7717872898013,aditivo,0.5,v1.0.0
e8aeb018-f679-5670-b210-de4f62ff2111,d6f21f11-7533-52dd-a4dc-2fb8e260c02c,0ec23038-d3ab-588c-bbd6-1f5c744cdde1,Vitamina,2026-06-29T14:26:45.094938+00:00,2026-07-20,11,58.85900252805617,60.35740661621094,65.54977144106402,aditivo,0.5,v1.0.0
e8aeb018-f679-5670-b210-de4f62ff2111,d6f21f11-7533-52dd-a4dc-2fb8e260c02c,0ec23038-d3ab-588c-bbd6-1f5c744cdde1,Vitamina,2026-06-29T14:26:45.094938+00:00,2026-07-27,12,58.85900252805617,60.056705474853516,65.2322611926972,aditivo,0.5,v1.0.0
e8aeb018-f679-5670-b210-de4f62ff2111,d6f21f11-7533-52dd-a4dc-2fb8e260c02c,1ca3438e-9e23-58f0-a35f-f15f7a23beb9,Antifúngico,2026-06-29T14:26:45.094938+00:00,2026-05-11,1,34.97578359826202,37.99243927001953,36.87684404872069,aditivo,1.5,v1.0.0
e8aeb018-f679-5670-b210-de4f62ff2111,d6f21f11-7533-52dd-a4dc-2fb8e260c02c,1ca3438e-9e23-58f0-a35f-f15f7a23beb9,Antifúngico,2026-06-29T14:26:45.094938+00:00,2026-05-18,2,34.97578359826202,37.774024963378906,36.59105137211134,aditivo,1.5,v1.0.0
e8aeb018-f679-5670-b210-de4f62ff2111,d6f21f11-7533-52dd-a4dc-2fb8e260c02c,1ca3438e-9e23-58f0-a35f-f15f7a23beb9,Antifúngico,2026-06-29T14:26:45.094938+00:00,2026-05-25,3,34.97578359826202,37.68745803833008,36.79678531013478,aditivo,1.5,v1.0.0
e8aeb018-f679-5670-b210-de4f62ff2111,d6f21f11-7533-52dd-a4dc-2fb8e260c02c,1ca3438e-9e23-58f0-a35f-f15f7a23beb9,Antifúngico,2026-06-29T14:26:45.094938+00:00,2026-06-01,4,34.97578359826202,37.917850494384766,37.54895901156972,aditivo,1.5,v1.0.0
e8aeb018-f679-5670-b210-de4f62ff2111,d6f21f11-7533-52dd-a4dc-2fb8e260c02c,1ca3438e-9e23-58f0-a35f-f15f7a23beb9,Antifúngico,2026-06-29T14:26:45.094938+00:00,2026-06-08,5,34.97578359826202,39.26921844482422,39.57611215663396,aditivo,1.5,v1.0.0
e8aeb018-f679-5670-b210-de4f62ff2111,d6f21f11-7533-52dd-a4dc-2fb8e260c02c,1ca3438e-9e23-58f0-a35f-f15f7a23beb9,Antifúngico,2026-06-29T14:26:45.094938+00:00,2026-06-15,6,34.97578359826202,38.829002380371094,37.54962022521114,aditivo,1.5,v1.0.0
e8aeb018-f679-5670-b210-de4f62ff2111,d6f21f11-7533-52dd-a4dc-2fb8e260c02c,1ca3438e-9e23-58f0-a35f-f15f7a23beb9,Antifúngico,2026-06-29T14:26:45.094938+00:00,2026-06-22,7,34.97578359826202,38.96441650390625,37.791494282464164,aditivo,1.5,v1.0.0
e8aeb018-f679-5670-b210-de4f62ff2111,d6f21f11-7533-52dd-a4dc-2fb8e260c02c,1ca3438e-9e23-58f0-a35f-f15f7a23beb9,Antifúngico,2026-06-29T14:26:45.094938+00:00,2026-06-29,8,34.97578359826202,39.24992752075195,37.88807693155458,aditivo,1.5,v1.0.0
e8aeb018-f679-5670-b210-de4f62ff2111,d6f21f11-7533-52dd-a4dc-2fb8e260c02c,1ca3438e-9e23-58f0-a35f-f15f7a23beb9,Antifúngico,2026-06-29T14:26:45.094938+00:00,2026-07-06,9,34.97578359826202,39.25595474243164,38.332006190033475,aditivo,1.5,v1.0.0
e8aeb018-f679-5670-b210-de4f62ff2111,d6f21f11-7533-52dd-a4dc-2fb8e260c02c,1ca3438e-9e23-58f0-a35f-f15f7a23beb9,Antifúngico,2026-06-29T14:26:45.094938+00:00,2026-07-13,10,34.97578359826202,39.392818450927734,38.33226642227924,aditivo,1.5,v1.0.0
e8aeb018-f679-5670-b210-de4f62ff2111,d6f21f11-7533-52dd-a4dc-2fb8e260c02c,1ca3438e-9e23-58f0-a35f-f15f7a23beb9,Antifúngico,2026-06-29T14:26:45.094938+00:00,2026-07-20,11,34.97578359826202,39.392818450927734,37.67739334976966,aditivo,1.5,v1.0.0
e8aeb018-f679-5670-b210-de4f62ff2111,d6f21f11-7533-52dd-a4dc-2fb8e260c02c,1ca3438e-9e23-58f0-a35f-f15f7a23beb9,Antifúngico,2026-06-29T14:26:45.094938+00:00,2026-07-27,12,34.97578359826202,39.41468811035156,40.19746129093073,aditivo,1.5,v1.0.0
e8aeb018-f679-5670-b210-de4f62ff2111,d6f21f11-7533-52dd-a4dc-2fb8e260c02c,1e9605fd-5682-52b6-8f05-e8a92dd44513,Antivertiginoso,2026-06-29T14:26:45.094938+00:00,2026-05-11,1,25.00178731803622,18.729421615600586,25.503778318062686,aditivo,0.3,v1.0.0
e8aeb018-f679-5670-b210-de4f62ff2111,d6f21f11-7533-52dd-a4dc-2fb8e260c02c,1e9605fd-5682-52b6-8f05-e8a92dd44513,Antivertiginoso,2026-06-29T14:26:45.094938+00:00,2026-05-18,2,21.02108599440389,17.993925094604492,21.75338114035025,aditivo,0.3,v1.0.0
e8aeb018-f679-5670-b210-de4f62ff2111,d6f21f11-7533-52dd-a4dc-2fb8e260c02c,1e9605fd-5682-52b6-8f05-e8a92dd44513,Antivertiginoso,2026-06-29T14:26:45.094938+00:00,2026-05-25,3,19.047129036511286,17.648296356201172,19.79642580507953,aditivo,0.3,v1.0.0
e8aeb018-f679-5670-b210-de4f62ff2111,d6f21f11-7533-52dd-a4dc-2fb8e260c02c,1e9605fd-5682-52b6-8f05-e8a92dd44513,Antivertiginoso,2026-06-29T14:26:45.094938+00:00,2026-06-01,4,22.482784265359324,17.060346603393555,23.037154218973814,aditivo,0.3,v1.0.0
e8aeb018-f679-5670-b210-de4f62ff2111,d6f21f11-7533-52dd-a4dc-2fb8e260c02c,1e9605fd-5682-52b6-8f05-e8a92dd44513,Antivertiginoso,2026-06-29T14:26:45.094938+00:00,2026-06-08,5,17.907159049043013,17.23694610595703,18.72762455718975,aditivo,0.3,v1.0.0
e8aeb018-f679-5670-b210-de4f62ff2111,d6f21f11-7533-52dd-a4dc-2fb8e260c02c,1e9605fd-5682-52b6-8f05-e8a92dd44513,Antivertiginoso,2026-06-29T14:26:45.094938+00:00,2026-06-15,6,16.10459888029171,17.553834915161133,16.943024429980646,aditivo,0.3,v1.0.0
e8aeb018-f679-5670-b210-de4f62ff2111,d6f21f11-7533-52dd-a4dc-2fb8e260c02c,1e9605fd-5682-52b6-8f05-e8a92dd44513,Antivertiginoso,2026-06-29T14:26:45.094938+00:00,2026-06-22,7,15.028437068477647,17.466123580932617,15.879635032562119,aditivo,0.3,v1.0.0
e8aeb018-f679-5670-b210-de4f62ff2111,d6f21f11-7533-52dd-a4dc-2fb8e260c02c,1e9605fd-5682-52b6-8f05-e8a92dd44513,Antivertiginoso,2026-06-29T14:26:45.094938+00:00,2026-06-29,8,16.448285231633907,16.96624183654785,17.252181499402045,aditivo,0.3,v1.0.0
e8aeb018-f679-5670-b210-de4f62ff2111,d6f21f11-7533-52dd-a4dc-2fb8e260c02c,1e9605fd-5682-52b6-8f05-e8a92dd44513,Antivertiginoso,2026-06-29T14:26:45.094938+00:00,2026-07-06,9,14.904825004135041,17.206579208374023,15.708424791048106,aditivo,0.3,v1.0.0
e8aeb018-f679-5670-b210-de4f62ff2111,d6f21f11-7533-52dd-a4dc-2fb8e260c02c,1e9605fd-5682-52b6-8f05-e8a92dd44513,Antivertiginoso,2026-06-29T14:26:45.094938+00:00,2026-07-13,10,16.0495026758681,17.07847023010254,16.795753801420663,aditivo,0.3,v1.0.0
e8aeb018-f679-5670-b210-de4f62ff2111,d6f21f11-7533-52dd-a4dc-2fb8e260c02c,1e9605fd-5682-52b6-8f05-e8a92dd44513,Antivertiginoso,2026-06-29T14:26:45.094938+00:00,2026-07-20,11,18.809655653583626,16.673856735229492,19.559309159819165,aditivo,0.3,v1.0.0
e8aeb018-f679-5670-b210-de4f62ff2111,d6f21f11-7533-52dd-a4dc-2fb8e260c02c,1e9605fd-5682-52b6-8f05-e8a92dd44513,Antivertiginoso,2026-06-29T14:26:45.094938+00:00,2026-07-27,12,17.855036358743735,16.84072494506836,18.581191959922016,aditivo,0.3,v1.0.0
e8aeb018-f679-5670-b210-de4f62ff2111,d6f21f11-7533-52dd-a4dc-2fb8e260c02c,2082733c-4e17-51fe-bc8c-bf33d3ec5d7e,Antiulceroso,2026-06-29T14:26:45.094938+00:00,2026-05-11,1,43.08121639236628,44.97299575805664,45.76301254090681,aditivo,1.0,v1.0.0
e8aeb018-f679-5670-b210-de4f62ff2111,d6f21f11-7533-52dd-a4dc-2fb8e260c02c,2082733c-4e17-51fe-bc8c-bf33d3ec5d7e,Antiulceroso,2026-06-29T14:26:45.094938+00:00,2026-05-18,2,43.08121639236628,43.698974609375,45.41873065834195,aditivo,1.0,v1.0.0
e8aeb018-f679-5670-b210-de4f62ff2111,d6f21f11-7533-52dd-a4dc-2fb8e260c02c,2082733c-4e17-51fe-bc8c-bf33d3ec5d7e,Antiulceroso,2026-06-29T14:26:45.094938+00:00,2026-05-25,3,43.08121639236628,44.7580451965332,45.419186989329965,aditivo,1.0,v1.0.0
e8aeb018-f679-5670-b210-de4f62ff2111,d6f21f11-7533-52dd-a4dc-2fb8e260c02c,2082733c-4e17-51fe-bc8c-bf33d3ec5d7e,Antiulceroso,2026-06-29T14:26:45.094938+00:00,2026-06-01,4,43.08121639236628,43.65890121459961,46.16046379970244,aditivo,1.0,v1.0.0
e8aeb018-f679-5670-b210-de4f62ff2111,d6f21f11-7533-52dd-a4dc-2fb8e260c02c,2082733c-4e17-51fe-bc8c-bf33d3ec5d7e,Antiulceroso,2026-06-29T14:26:45.094938+00:00,2026-06-08,5,43.08121639236628,43.698974609375,45.39313889624699,aditivo,1.0,v1.0.0
e8aeb018-f679-5670-b210-de4f62ff2111,d6f21f11-7533-52dd-a4dc-2fb8e260c02c,2082733c-4e17-51fe-bc8c-bf33d3ec5d7e,Antiulceroso,2026-06-29T14:26:45.094938+00:00,2026-06-15,6,43.08121639236628,43.569766998291016,45.81507888925038,aditivo,1.0,v1.0.0
e8aeb018-f679-5670-b210-de4f62ff2111,d6f21f11-7533-52dd-a4dc-2fb8e260c02c,2082733c-4e17-51fe-bc8c-bf33d3ec5d7e,Antiulceroso,2026-06-29T14:26:45.094938+00:00,2026-06-22,7,43.08121639236628,43.698974609375,45.50250096345333,aditivo,1.0,v1.0.0
e8aeb018-f679-5670-b210-de4f62ff2111,d6f21f11-7533-52dd-a4dc-2fb8e260c02c,2082733c-4e17-51fe-bc8c-bf33d3ec5d7e,Antiulceroso,2026-06-29T14:26:45.094938+00:00,2026-06-29,8,43.08121639236628,44.75832748413086,45.50296888431123,aditivo,1.0,v1.0.0
e8aeb018-f679-5670-b210-de4f62ff2111,d6f21f11-7533-52dd-a4dc-2fb8e260c02c,2082733c-4e17-51fe-bc8c-bf33d3ec5d7e,Antiulceroso,2026-06-29T14:26:45.094938+00:00,2026-07-06,9,43.08121639236628,43.477718353271484,45.5034298561835,aditivo,1.0,v1.0.0
e8aeb018-f679-5670-b210-de4f62ff2111,d6f21f11-7533-52dd-a4dc-2fb8e260c02c,2082733c-4e17-51fe-bc8c-bf33d3ec5d7e,Antiulceroso,2026-06-29T14:26:45.094938+00:00,2026-07-13,10,43.08121639236628,43.477718353271484,45.50388403412997,aditivo,1.0,v1.0.0
e8aeb018-f679-5670-b210-de4f62ff2111,d6f21f11-7533-52dd-a4dc-2fb8e260c02c,2082733c-4e17-51fe-bc8c-bf33d3ec5d7e,Antiulceroso,2026-06-29T14:26:45.094938+00:00,2026-07-20,11,43.08121639236628,43.477718353271484,45.339599711497506,aditivo,1.0,v1.0.0
e8aeb018-f679-5670-b210-de4f62ff2111,d6f21f11-7533-52dd-a4dc-2fb8e260c02c,2082733c-4e17-51fe-bc8c-bf33d3ec5d7e,Antiulceroso,2026-06-29T14:26:45.094938+00:00,2026-07-27,12,43.08121639236628,43.477718353271484,45.33994826488393,aditivo,1.0,v1.0.0
e8aeb018-f679-5670-b210-de4f62ff2111,d6f21f11-7533-52dd-a4dc-2fb8e260c02c,22231140-3780-5fe8-a7d4-d33f61d15111,Corticosteroide,2026-06-29T14:26:45.094938+00:00,2026-05-11,1,22.904939731785394,25.351152420043945,22.904939731785394,sarima,0.0,v1.0.0
e8aeb018-f679-5670-b210-de4f62ff2111,d6f21f11-7533-52dd-a4dc-2fb8e260c02c,22231140-3780-5fe8-a7d4-d33f61d15111,Corticosteroide,2026-06-29T14:26:45.094938+00:00,2026-05-18,2,22.78839553312927,25.50425148010254,22.78839553312927,sarima,0.0,v1.0.0
e8aeb018-f679-5670-b210-de4f62ff2111,d6f21f11-7533-52dd-a4dc-2fb8e260c02c,22231140-3780-5fe8-a7d4-d33f61d15111,Corticosteroide,2026-06-29T14:26:45.094938+00:00,2026-05-25,3,22.6830127805518,25.19142723083496,22.6830127805518,sarima,0.0,v1.0.0
e8aeb018-f679-5670-b210-de4f62ff2111,d6f21f11-7533-52dd-a4dc-2fb8e260c02c,22231140-3780-5fe8-a7d4-d33f61d15111,Corticosteroide,2026-06-29T14:26:45.094938+00:00,2026-06-01,4,22.587681849110062,24.928747177124023,22.587681849110062,sarima,0.0,v1.0.0
e8aeb018-f679-5670-b210-de4f62ff2111,d6f21f11-7533-52dd-a4dc-2fb8e260c02c,22231140-3780-5fe8-a7d4-d33f61d15111,Corticosteroide,2026-06-29T14:26:45.094938+00:00,2026-06-08,5,22.50141050192655,24.23371124267578,22.50141050192655,sarima,0.0,v1.0.0
e8aeb018-f679-5670-b210-de4f62ff2111,d6f21f11-7533-52dd-a4dc-2fb8e260c02c,22231140-3780-5fe8-a7d4-d33f61d15111,Corticosteroide,2026-06-29T14:26:45.094938+00:00,2026-06-15,6,22.423310265656717,23.822677612304688,22.423310265656717,sarima,0.0,v1.0.0
e8aeb018-f679-5670-b210-de4f62ff2111,d6f21f11-7533-52dd-a4dc-2fb8e260c02c,22231140-3780-5fe8-a7d4-d33f61d15111,Corticosteroide,2026-06-29T14:26:45.094938+00:00,2026-06-22,7,22.352584585810106,23.896806716918945,22.352584585810106,sarima,0.0,v1.0.0
e8aeb018-f679-5670-b210-de4f62ff2111,d6f21f11-7533-52dd-a4dc-2fb8e260c02c,22231140-3780-5fe8-a7d4-d33f61d15111,Corticosteroide,2026-06-29T14:26:45.094938+00:00,2026-06-29,8,22.288518498305468,23.822677612304688,22.288518498305468,sarima,0.0,v1.0.0
e8aeb018-f679-5670-b210-de4f62ff2111,d6f21f11-7533-52dd-a4dc-2fb8e260c02c,22231140-3780-5fe8-a7d4-d33f61d15111,Corticosteroide,2026-06-29T14:26:45.094938+00:00,2026-07-06,9,22.230469597335688,23.822677612304688,22.230469597335688,sarima,0.0,v1.0.0
e8aeb018-f679-5670-b210-de4f62ff2111,d6f21f11-7533-52dd-a4dc-2fb8e260c02c,22231140-3780-5fe8-a7d4-d33f61d15111,Corticosteroide,2026-06-29T14:26:45.094938+00:00,2026-07-13,10,22.17786011538296,24.297088623046875,22.17786011538296,sarima,0.0,v1.0.0
e8aeb018-f679-5670-b210-de4f62ff2111,d6f21f11-7533-52dd-a4dc-2fb8e260c02c,22231140-3780-5fe8-a7d4-d33f61d15111,Corticosteroide,2026-06-29T14:26:45.094938+00:00,2026-07-20,11,22.130169960604828,23.827062606811523,22.130169960604828,sarima,0.0,v1.0.0
e8aeb018-f679-5670-b210-de4f62ff2111,d6f21f11-7533-52dd-a4dc-2fb8e260c02c,22231140-3780-5fe8-a7d4-d33f61d15111,Corticosteroide,2026-06-29T14:26:45.094938+00:00,2026-07-27,12,22.086930581035492,24.535932540893555,22.086930581035492,sarima,0.0,v1.0.0
e8aeb018-f679-5670-b210-de4f62ff2111,d6f21f11-7533-52dd-a4dc-2fb8e260c02c,2897aac2-f219-5167-b800-73fac27f6b85,Broncodilatador,2026-06-29T14:26:45.094938+00:00,2026-05-11,1,32.54610970263746,37.210205078125,39.07236868299307,aditivo,0.8,v1.0.0
e8aeb018-f679-5670-b210-de4f62ff2111,d6f21f11-7533-52dd-a4dc-2fb8e260c02c,2897aac2-f219-5167-b800-73fac27f6b85,Broncodilatador,2026-06-29T14:26:45.094938+00:00,2026-05-18,2,32.35948065568375,39.057655334472656,37.97554176471623,aditivo,0.8,v1.0.0
e8aeb018-f679-5670-b210-de4f62ff2111,d6f21f11-7533-52dd-a4dc-2fb8e260c02c,2897aac2-f219-5167-b800-73fac27f6b85,Broncodilatador,2026-06-29T14:26:45.094938+00:00,2026-05-25,3,32.185757488920125,38.624237060546875,37.94658728006253,aditivo,0.8,v1.0.0
e8aeb018-f679-5670-b210-de4f62ff2111,d6f21f11-7533-52dd-a4dc-2fb8e260c02c,2897aac2-f219-5167-b800-73fac27f6b85,Broncodilatador,2026-06-29T14:26:45.094938+00:00,2026-06-01,4,32.02399172906343,40.62104797363281,38.342902726404276,aditivo,0.8,v1.0.0
e8aeb018-f679-5670-b210-de4f62ff2111,d6f21f11-7533-52dd-a4dc-2fb8e260c02c,2897aac2-f219-5167-b800-73fac27f6b85,Broncodilatador,2026-06-29T14:26:45.094938+00:00,2026-06-08,5,31.873311527856174,43.272735595703125,40.089249576917275,aditivo,0.8,v1.0.0
e8aeb018-f679-5670-b210-de4f62ff2111,d6f21f11-7533-52dd-a4dc-2fb8e260c02c,2897aac2-f219-5167-b800-73fac27f6b85,Broncodilatador,2026-06-29T14:26:45.094938+00:00,2026-06-15,6,31.73291463937568,39.76561737060547,37.58182902152219,aditivo,0.8,v1.0.0
e8aeb018-f679-5670-b210-de4f62ff2111,d6f21f11-7533-52dd-a4dc-2fb8e260c02c,2897aac2-f219-5167-b800-73fac27f6b85,Broncodilatador,2026-06-29T14:26:45.094938+00:00,2026-06-22,7,31.602062136986163,41.130008697509766,37.30213706366208,aditivo,0.8,v1.0.0
e8aeb018-f679-5670-b210-de4f62ff2111,d6f21f11-7533-52dd-a4dc-2fb8e260c02c,2897aac2-f219-5167-b800-73fac27f6b85,Broncodilatador,2026-06-29T14:26:45.094938+00:00,2026-06-29,8,31.480072781397105,39.98602294921875,37.183863871501686,aditivo,0.8,v1.0.0
e8aeb018-f679-5670-b210-de4f62ff2111,d6f21f11-7533-52dd-a4dc-2fb8e260c02c,2897aac2-f219-5167-b800-73fac27f6b85,Broncodilatador,2026-06-29T14:26:45.094938+00:00,2026-07-06,9,31.366317963064752,39.847145080566406,37.07361882569312,aditivo,0.8,v1.0.0
e8aeb018-f679-5670-b210-de4f62ff2111,d6f21f11-7533-52dd-a4dc-2fb8e260c02c,2897aac2-f219-5167-b800-73fac27f6b85,Broncodilatador,2026-06-29T14:26:45.094938+00:00,2026-07-13,10,31.260217152242532,39.76561737060547,36.540858105677245,aditivo,0.8,v1.0.0
e8aeb018-f679-5670-b210-de4f62ff2111,d6f21f11-7533-52dd-a4dc-2fb8e260c02c,2897aac2-f219-5167-b800-73fac27f6b85,Broncodilatador,2026-06-29T14:26:45.094938+00:00,2026-07-20,11,31.161233798615577,38.73444747924805,36.10492114660468,aditivo,0.8,v1.0.0
e8aeb018-f679-5670-b210-de4f62ff2111,d6f21f11-7533-52dd-a4dc-2fb8e260c02c,2897aac2-f219-5167-b800-73fac27f6b85,Broncodilatador,2026-06-29T14:26:45.094938+00:00,2026-07-27,12,31.068871629866642,38.73659133911133,34.162756337713176,aditivo,0.8,v1.0.0
e8aeb018-f679-5670-b210-de4f62ff2111,d6f21f11-7533-52dd-a4dc-2fb8e260c02c,2933d8b7-2438-521b-b38d-d3a5224f87fc,Analgésico,2026-06-29T14:26:45.094938+00:00,2026-05-11,1,75.09871233409667,65.68263244628906,82.17613005665913,aditivo,1.5,v1.0.0
e8aeb018-f679-5670-b210-de4f62ff2111,d6f21f11-7533-52dd-a4dc-2fb8e260c02c,2933d8b7-2438-521b-b38d-d3a5224f87fc,Analgésico,2026-06-29T14:26:45.094938+00:00,2026-05-18,2,74.40682967834671,70.76945495605469,89.47829694656717,aditivo,1.5,v1.0.0
e8aeb018-f679-5670-b210-de4f62ff2111,d6f21f11-7533-52dd-a4dc-2fb8e260c02c,2933d8b7-2438-521b-b38d-d3a5224f87fc,Analgésico,2026-06-29T14:26:45.094938+00:00,2026-05-25,3,73.79304391578262,77.14922332763672,94.2693288446462,aditivo,1.5,v1.0.0
e8aeb018-f679-5670-b210-de4f62ff2111,d6f21f11-7533-52dd-a4dc-2fb8e260c02c,2933d8b7-2438-521b-b38d-d3a5224f87fc,Analgésico,2026-06-29T14:26:45.094938+00:00,2026-06-01,4,73.24804397643722,74.83290100097656,96.16974446698333,aditivo,1.5,v1.0.0
e8aeb018-f679-5670-b210-de4f62ff2111,d6f21f11-7533-52dd-a4dc-2fb8e260c02c,2933d8b7-2438-521b-b38d-d3a5224f87fc,Analgésico,2026-06-29T14:26:45.094938+00:00,2026-06-08,5,72.76372688038856,74.83290100097656,95.99889054808972,aditivo,1.5,v1.0.0
e8aeb018-f679-5670-b210-de4f62ff2111,d6f21f11-7533-52dd-a4dc-2fb8e260c02c,2933d8b7-2438-521b-b38d-d3a5224f87fc,Analgésico,2026-06-29T14:26:45.094938+00:00,2026-06-15,6,72.33302214614551,76.38998413085938,96.39946945223262,aditivo,1.5,v1.0.0
e8aeb018-f679-5670-b210-de4f62ff2111,d6f21f11-7533-52dd-a4dc-2fb8e260c02c,2933d8b7-2438-521b-b38d-d3a5224f87fc,Analgésico,2026-06-29T14:26:45.094938+00:00,2026-06-22,7,71.94974519508833,75.95465850830078,96.67289311513804,aditivo,1.5,v1.0.0
e8aeb018-f679-5670-b210-de4f62ff2111,d6f21f11-7533-52dd-a4dc-2fb8e260c02c,2933d8b7-2438-521b-b38d-d3a5224f87fc,Analgésico,2026-06-29T14:26:45.094938+00:00,2026-06-29,8,71.60847435198646,79.20637512207031,96.85049078284172,aditivo,1.5,v1.0.0
e8aeb018-f679-5670-b210-de4f62ff2111,d6f21f11-7533-52dd-a4dc-2fb8e260c02c,2933d8b7-2438-521b-b38d-d3a5224f87fc,Analgésico,2026-06-29T14:26:45.094938+00:00,2026-07-06,9,71.30444715288098,77.76077270507812,96.61046858903106,aditivo,1.5,v1.0.0
e8aeb018-f679-5670-b210-de4f62ff2111,d6f21f11-7533-52dd-a4dc-2fb8e260c02c,2933d8b7-2438-521b-b38d-d3a5224f87fc,Analgésico,2026-06-29T14:26:45.094938+00:00,2026-07-13,10,71.03347253521653,73.67405700683594,81.1988135534026,aditivo,1.5,v1.0.0
e8aeb018-f679-5670-b210-de4f62ff2111,d6f21f11-7533-52dd-a4dc-2fb8e260c02c,2933d8b7-2438-521b-b38d-d3a5224f87fc,Analgésico,2026-06-29T14:26:45.094938+00:00,2026-07-20,11,70.7918561600048,72.93341827392578,79.08648998589439,aditivo,1.5,v1.0.0
e8aeb018-f679-5670-b210-de4f62ff2111,d6f21f11-7533-52dd-a4dc-2fb8e260c02c,2933d8b7-2438-521b-b38d-d3a5224f87fc,Analgésico,2026-06-29T14:26:45.094938+00:00,2026-07-27,12,70.57633664607982,72.50481414794922,77.11016784848545,aditivo,1.5,v1.0.0
e8aeb018-f679-5670-b210-de4f62ff2111,d6f21f11-7533-52dd-a4dc-2fb8e260c02c,2eb3a104-e572-583a-afa0-156ee0dc4cce,Antihipertensivo,2026-06-29T14:26:45.094938+00:00,2026-05-11,1,49.13819894799861,51.26460266113281,50.990232827297596,aditivo,0.6,v1.0.0
e8aeb018-f679-5670-b210-de4f62ff2111,d6f21f11-7533-52dd-a4dc-2fb8e260c02c,2eb3a104-e572-583a-afa0-156ee0dc4cce,Antihipertensivo,2026-06-29T14:26:45.094938+00:00,2026-05-18,2,56.613971530749666,50.9050407409668,58.27520838351335,aditivo,0.6,v1.0.0
e8aeb018-f679-5670-b210-de4f62ff2111,d6f21f11-7533-52dd-a4dc-2fb8e260c02c,2eb3a104-e572-583a-afa0-156ee0dc4cce,Antihipertensivo,2026-06-29T14:26:45.094938+00:00,2026-05-25,3,51.430790192318455,51.3691291809082,53.26335228766976,aditivo,0.6,v1.0.0
e8aeb018-f679-5670-b210-de4f62ff2111,d6f21f11-7533-52dd-a4dc-2fb8e260c02c,2eb3a104-e572-583a-afa0-156ee0dc4cce,Antihipertensivo,2026-06-29T14:26:45.094938+00:00,2026-06-01,4,51.63876551731673,51.26460266113281,53.491016721644336,aditivo,0.6,v1.0.0
e8aeb018-f679-5670-b210-de4f62ff2111,d6f21f11-7533-52dd-a4dc-2fb8e260c02c,2eb3a104-e572-583a-afa0-156ee0dc4cce,Antihipertensivo,2026-06-29T14:26:45.094938+00:00,2026-06-08,5,52.37602976059437,51.3691291809082,54.26324257527691,aditivo,0.6,v1.0.0
e8aeb018-f679-5670-b210-de4f62ff2111,d6f21f11-7533-52dd-a4dc-2fb8e260c02c,2eb3a104-e572-583a-afa0-156ee0dc4cce,Antihipertensivo,2026-06-29T14:26:45.094938+00:00,2026-06-15,6,52.37602976059437,51.3691291809082,54.20839305254871,aditivo,0.6,v1.0.0
e8aeb018-f679-5670-b210-de4f62ff2111,d6f21f11-7533-52dd-a4dc-2fb8e260c02c,2eb3a104-e572-583a-afa0-156ee0dc4cce,Antihipertensivo,2026-06-29T14:26:45.094938+00:00,2026-06-22,7,52.37602976059437,51.19166946411133,54.26758195201709,aditivo,0.6,v1.0.0
e8aeb018-f679-5670-b210-de4f62ff2111,d6f21f11-7533-52dd-a4dc-2fb8e260c02c,2eb3a104-e572-583a-afa0-156ee0dc4cce,Antihipertensivo,2026-06-29T14:26:45.094938+00:00,2026-06-29,8,52.37602976059437,51.26460266113281,54.322626344593274,aditivo,0.6,v1.0.0
e8aeb018-f679-5670-b210-de4f62ff2111,d6f21f11-7533-52dd-a4dc-2fb8e260c02c,2eb3a104-e572-583a-afa0-156ee0dc4cce,Antihipertensivo,2026-06-29T14:26:45.094938+00:00,2026-07-06,9,52.37602976059437,51.26460266113281,54.28765315976062,aditivo,0.6,v1.0.0
e8aeb018-f679-5670-b210-de4f62ff2111,d6f21f11-7533-52dd-a4dc-2fb8e260c02c,2eb3a104-e572-583a-afa0-156ee0dc4cce,Antihipertensivo,2026-06-29T14:26:45.094938+00:00,2026-07-13,10,52.37602976059437,51.26460266113281,54.28775074585781,aditivo,0.6,v1.0.0
e8aeb018-f679-5670-b210-de4f62ff2111,d6f21f11-7533-52dd-a4dc-2fb8e260c02c,2eb3a104-e572-583a-afa0-156ee0dc4cce,Antihipertensivo,2026-06-29T14:26:45.094938+00:00,2026-07-20,11,52.37602976059437,51.26460266113281,54.14797854199011,aditivo,0.6,v1.0.0
e8aeb018-f679-5670-b210-de4f62ff2111,d6f21f11-7533-52dd-a4dc-2fb8e260c02c,2eb3a104-e572-583a-afa0-156ee0dc4cce,Antihipertensivo,2026-06-29T14:26:45.094938+00:00,2026-07-27,12,52.37602976059437,51.26460266113281,54.16790418433491,aditivo,0.6,v1.0.0
e8aeb018-f679-5670-b210-de4f62ff2111,d6f21f11-7533-52dd-a4dc-2fb8e260c02c,38adf7ba-476e-5e6b-9163-781a13538253,Antihistamínico,2026-06-29T14:26:45.094938+00:00,2026-05-11,1,76.77936797273021,72.05896759033203,76.77936797273021,sarima,0.0,v1.0.0
e8aeb018-f679-5670-b210-de4f62ff2111,d6f21f11-7533-52dd-a4dc-2fb8e260c02c,38adf7ba-476e-5e6b-9163-781a13538253,Antihistamínico,2026-06-29T14:26:45.094938+00:00,2026-05-18,2,77.7521005059749,73.93097686767578,77.7521005059749,sarima,0.0,v1.0.0
e8aeb018-f679-5670-b210-de4f62ff2111,d6f21f11-7533-52dd-a4dc-2fb8e260c02c,38adf7ba-476e-5e6b-9163-781a13538253,Antihistamínico,2026-06-29T14:26:45.094938+00:00,2026-05-25,3,78.62305101052688,71.81739044189453,78.62305101052688,sarima,0.0,v1.0.0
e8aeb018-f679-5670-b210-de4f62ff2111,d6f21f11-7533-52dd-a4dc-2fb8e260c02c,38adf7ba-476e-5e6b-9163-781a13538253,Antihistamínico,2026-06-29T14:26:45.094938+00:00,2026-06-01,4,79.40181937830275,71.81739044189453,79.40181937830275,sarima,0.0,v1.0.0
e8aeb018-f679-5670-b210-de4f62ff2111,d6f21f11-7533-52dd-a4dc-2fb8e260c02c,38adf7ba-476e-5e6b-9163-781a13538253,Antihistamínico,2026-06-29T14:26:45.094938+00:00,2026-06-08,5,80.09733236813913,71.81739044189453,80.09733236813913,sarima,0.0,v1.0.0
e8aeb018-f679-5670-b210-de4f62ff2111,d6f21f11-7533-52dd-a4dc-2fb8e260c02c,38adf7ba-476e-5e6b-9163-781a13538253,Antihistamínico,2026-06-29T14:26:45.094938+00:00,2026-06-15,6,80.71783536135699,71.81739044189453,80.71783536135699,sarima,0.0,v1.0.0
e8aeb018-f679-5670-b210-de4f62ff2111,d6f21f11-7533-52dd-a4dc-2fb8e260c02c,38adf7ba-476e-5e6b-9163-781a13538253,Antihistamínico,2026-06-29T14:26:45.094938+00:00,2026-06-22,7,81.27090132678691,71.81739044189453,81.27090132678691,sarima,0.0,v1.0.0
e8aeb018-f679-5670-b210-de4f62ff2111,d6f21f11-7533-52dd-a4dc-2fb8e260c02c,38adf7ba-476e-5e6b-9163-781a13538253,Antihistamínico,2026-06-29T14:26:45.094938+00:00,2026-06-29,8,81.76345216712966,71.81739044189453,81.76345216712966,sarima,0.0,v1.0.0
e8aeb018-f679-5670-b210-de4f62ff2111,d6f21f11-7533-52dd-a4dc-2fb8e260c02c,38adf7ba-476e-5e6b-9163-781a13538253,Antihistamínico,2026-06-29T14:26:45.094938+00:00,2026-07-06,9,82.20178859657916,71.81739044189453,82.20178859657916,sarima,0.0,v1.0.0
e8aeb018-f679-5670-b210-de4f62ff2111,d6f21f11-7533-52dd-a4dc-2fb8e260c02c,38adf7ba-476e-5e6b-9163-781a13538253,Antihistamínico,2026-06-29T14:26:45.094938+00:00,2026-07-13,10,82.59162552848096,71.81739044189453,82.59162552848096,sarima,0.0,v1.0.0
e8aeb018-f679-5670-b210-de4f62ff2111,d6f21f11-7533-52dd-a4dc-2fb8e260c02c,38adf7ba-476e-5e6b-9163-781a13538253,Antihistamínico,2026-06-29T14:26:45.094938+00:00,2026-07-20,11,82.93813064152441,72.15814971923828,82.93813064152441,sarima,0.0,v1.0.0
e8aeb018-f679-5670-b210-de4f62ff2111,d6f21f11-7533-52dd-a4dc-2fb8e260c02c,38adf7ba-476e-5e6b-9163-781a13538253,Antihistamínico,2026-06-29T14:26:45.094938+00:00,2026-07-27,12,83.24596435797231,71.81739044189453,83.24596435797231,sarima,0.0,v1.0.0
e8aeb018-f679-5670-b210-de4f62ff2111,d6f21f11-7533-52dd-a4dc-2fb8e260c02c,4d9429b6-2ebf-5b5d-ac48-f779d5a1e270,Antibiótico,2026-06-29T14:26:45.094938+00:00,2026-05-11,1,16.853508884704276,19.545381546020508,16.853508884704276,sarima,0.0,v1.0.0
e8aeb018-f679-5670-b210-de4f62ff2111,d6f21f11-7533-52dd-a4dc-2fb8e260c02c,4d9429b6-2ebf-5b5d-ac48-f779d5a1e270,Antibiótico,2026-06-29T14:26:45.094938+00:00,2026-05-18,2,17.441831791802628,18.33751678466797,17.441831791802628,sarima,0.0,v1.0.0
e8aeb018-f679-5670-b210-de4f62ff2111,d6f21f11-7533-52dd-a4dc-2fb8e260c02c,4d9429b6-2ebf-5b5d-ac48-f779d5a1e270,Antibiótico,2026-06-29T14:26:45.094938+00:00,2026-05-25,3,17.441831791802628,18.498138427734375,17.441831791802628,sarima,0.0,v1.0.0
e8aeb018-f679-5670-b210-de4f62ff2111,d6f21f11-7533-52dd-a4dc-2fb8e260c02c,4d9429b6-2ebf-5b5d-ac48-f779d5a1e270,Antibiótico,2026-06-29T14:26:45.094938+00:00,2026-06-01,4,17.441831791802628,17.833250045776367,17.441831791802628,sarima,0.0,v1.0.0
e8aeb018-f679-5670-b210-de4f62ff2111,d6f21f11-7533-52dd-a4dc-2fb8e260c02c,4d9429b6-2ebf-5b5d-ac48-f779d5a1e270,Antibiótico,2026-06-29T14:26:45.094938+00:00,2026-06-08,5,17.441831791802628,17.652774810791016,17.441831791802628,sarima,0.0,v1.0.0
e8aeb018-f679-5670-b210-de4f62ff2111,d6f21f11-7533-52dd-a4dc-2fb8e260c02c,4d9429b6-2ebf-5b5d-ac48-f779d5a1e270,Antibiótico,2026-06-29T14:26:45.094938+00:00,2026-06-15,6,17.441831791802628,17.592178344726562,17.441831791802628,sarima,0.0,v1.0.0
e8aeb018-f679-5670-b210-de4f62ff2111,d6f21f11-7533-52dd-a4dc-2fb8e260c02c,4d9429b6-2ebf-5b5d-ac48-f779d5a1e270,Antibiótico,2026-06-29T14:26:45.094938+00:00,2026-06-22,7,17.441831791802628,17.16185760498047,17.441831791802628,sarima,0.0,v1.0.0
e8aeb018-f679-5670-b210-de4f62ff2111,d6f21f11-7533-52dd-a4dc-2fb8e260c02c,4d9429b6-2ebf-5b5d-ac48-f779d5a1e270,Antibiótico,2026-06-29T14:26:45.094938+00:00,2026-06-29,8,17.441831791802628,17.27873992919922,17.441831791802628,sarima,0.0,v1.0.0
e8aeb018-f679-5670-b210-de4f62ff2111,d6f21f11-7533-52dd-a4dc-2fb8e260c02c,4d9429b6-2ebf-5b5d-ac48-f779d5a1e270,Antibiótico,2026-06-29T14:26:45.094938+00:00,2026-07-06,9,17.441831791802628,17.624792098999023,17.441831791802628,sarima,0.0,v1.0.0
e8aeb018-f679-5670-b210-de4f62ff2111,d6f21f11-7533-52dd-a4dc-2fb8e260c02c,4d9429b6-2ebf-5b5d-ac48-f779d5a1e270,Antibiótico,2026-06-29T14:26:45.094938+00:00,2026-07-13,10,17.441831791802628,17.641530990600586,17.441831791802628,sarima,0.0,v1.0.0
e8aeb018-f679-5670-b210-de4f62ff2111,d6f21f11-7533-52dd-a4dc-2fb8e260c02c,4d9429b6-2ebf-5b5d-ac48-f779d5a1e270,Antibiótico,2026-06-29T14:26:45.094938+00:00,2026-07-20,11,17.441831791802628,17.451786041259766,17.441831791802628,sarima,0.0,v1.0.0
e8aeb018-f679-5670-b210-de4f62ff2111,d6f21f11-7533-52dd-a4dc-2fb8e260c02c,4d9429b6-2ebf-5b5d-ac48-f779d5a1e270,Antibiótico,2026-06-29T14:26:45.094938+00:00,2026-07-27,12,17.441831791802628,17.01296615600586,17.441831791802628,sarima,0.0,v1.0.0
e8aeb018-f679-5670-b210-de4f62ff2111,d6f21f11-7533-52dd-a4dc-2fb8e260c02c,5bbfdec8-65ae-59e6-b211-5eccb5b765fa,Analgésico,2026-06-29T14:26:45.094938+00:00,2026-05-11,1,76.5669917807493,64.12361145019531,76.98757978126783,aditivo,1.5,v1.0.0
e8aeb018-f679-5670-b210-de4f62ff2111,d6f21f11-7533-52dd-a4dc-2fb8e260c02c,5bbfdec8-65ae-59e6-b211-5eccb5b765fa,Analgésico,2026-06-29T14:26:45.094938+00:00,2026-05-18,2,68.18109509742666,64.81671905517578,73.65118287160907,aditivo,1.5,v1.0.0
e8aeb018-f679-5670-b210-de4f62ff2111,d6f21f11-7533-52dd-a4dc-2fb8e260c02c,5bbfdec8-65ae-59e6-b211-5eccb5b765fa,Analgésico,2026-06-29T14:26:45.094938+00:00,2026-05-25,3,66.66194679511084,64.91109466552734,72.46008472137858,aditivo,1.5,v1.0.0
e8aeb018-f679-5670-b210-de4f62ff2111,d6f21f11-7533-52dd-a4dc-2fb8e260c02c,5bbfdec8-65ae-59e6-b211-5eccb5b765fa,Analgésico,2026-06-29T14:26:45.094938+00:00,2026-06-01,4,66.66194679511084,65.12512969970703,73.9498385545709,aditivo,1.5,v1.0.0
e8aeb018-f679-5670-b210-de4f62ff2111,d6f21f11-7533-52dd-a4dc-2fb8e260c02c,5bbfdec8-65ae-59e6-b211-5eccb5b765fa,Analgésico,2026-06-29T14:26:45.094938+00:00,2026-06-08,5,66.66194679511084,65.78754425048828,73.92877962856421,aditivo,1.5,v1.0.0
e8aeb018-f679-5670-b210-de4f62ff2111,d6f21f11-7533-52dd-a4dc-2fb8e260c02c,5bbfdec8-65ae-59e6-b211-5eccb5b765fa,Analgésico,2026-06-29T14:26:45.094938+00:00,2026-06-15,6,66.66194679511084,65.12512969970703,73.38240083787808,aditivo,1.5,v1.0.0
e8aeb018-f679-5670-b210-de4f62ff2111,d6f21f11-7533-52dd-a4dc-2fb8e260c02c,5bbfdec8-65ae-59e6-b211-5eccb5b765fa,Analgésico,2026-06-29T14:26:45.094938+00:00,2026-06-22,7,66.66194679511084,65.50030517578125,73.57550138825385,aditivo,1.5,v1.0.0
e8aeb018-f679-5670-b210-de4f62ff2111,d6f21f11-7533-52dd-a4dc-2fb8e260c02c,5bbfdec8-65ae-59e6-b211-5eccb5b765fa,Analgésico,2026-06-29T14:26:45.094938+00:00,2026-06-29,8,66.66194679511084,65.12512969970703,73.57875301488905,aditivo,1.5,v1.0.0
e8aeb018-f679-5670-b210-de4f62ff2111,d6f21f11-7533-52dd-a4dc-2fb8e260c02c,5bbfdec8-65ae-59e6-b211-5eccb5b765fa,Analgésico,2026-06-29T14:26:45.094938+00:00,2026-07-06,9,66.66194679511084,65.12512969970703,73.26547700815706,aditivo,1.5,v1.0.0
e8aeb018-f679-5670-b210-de4f62ff2111,d6f21f11-7533-52dd-a4dc-2fb8e260c02c,5bbfdec8-65ae-59e6-b211-5eccb5b765fa,Analgésico,2026-06-29T14:26:45.094938+00:00,2026-07-13,10,66.66194679511084,65.12512969970703,73.26826276062403,aditivo,1.5,v1.0.0
e8aeb018-f679-5670-b210-de4f62ff2111,d6f21f11-7533-52dd-a4dc-2fb8e260c02c,5bbfdec8-65ae-59e6-b211-5eccb5b765fa,Analgésico,2026-06-29T14:26:45.094938+00:00,2026-07-20,11,66.66194679511084,65.12512969970703,72.07192349710972,aditivo,1.5,v1.0.0
e8aeb018-f679-5670-b210-de4f62ff2111,d6f21f11-7533-52dd-a4dc-2fb8e260c02c,5bbfdec8-65ae-59e6-b211-5eccb5b765fa,Analgésico,2026-06-29T14:26:45.094938+00:00,2026-07-27,12,66.66194679511084,65.12512969970703,71.96043333172749,aditivo,1.5,v1.0.0
e8aeb018-f679-5670-b210-de4f62ff2111,d6f21f11-7533-52dd-a4dc-2fb8e260c02c,6baabed2-52d7-5cb7-bf74-86c7cb3e4f07,Suplemento,2026-06-29T14:26:45.094938+00:00,2026-05-11,1,42.907266895898445,43.65890121459961,42.907266895898445,sarima,0.0,v1.0.0
e8aeb018-f679-5670-b210-de4f62ff2111,d6f21f11-7533-52dd-a4dc-2fb8e260c02c,6baabed2-52d7-5cb7-bf74-86c7cb3e4f07,Suplemento,2026-06-29T14:26:45.094938+00:00,2026-05-18,2,42.907266895898445,43.477718353271484,42.907266895898445,sarima,0.0,v1.0.0
e8aeb018-f679-5670-b210-de4f62ff2111,d6f21f11-7533-52dd-a4dc-2fb8e260c02c,6baabed2-52d7-5cb7-bf74-86c7cb3e4f07,Suplemento,2026-06-29T14:26:45.094938+00:00,2026-05-25,3,42.907266895898445,43.36746597290039,42.907266895898445,sarima,0.0,v1.0.0
e8aeb018-f679-5670-b210-de4f62ff2111,d6f21f11-7533-52dd-a4dc-2fb8e260c02c,6baabed2-52d7-5cb7-bf74-86c7cb3e4f07,Suplemento,2026-06-29T14:26:45.094938+00:00,2026-06-01,4,42.907266895898445,43.566673278808594,42.907266895898445,sarima,0.0,v1.0.0
e8aeb018-f679-5670-b210-de4f62ff2111,d6f21f11-7533-52dd-a4dc-2fb8e260c02c,6baabed2-52d7-5cb7-bf74-86c7cb3e4f07,Suplemento,2026-06-29T14:26:45.094938+00:00,2026-06-08,5,42.907266895898445,42.91556167602539,42.907266895898445,sarima,0.0,v1.0.0
e8aeb018-f679-5670-b210-de4f62ff2111,d6f21f11-7533-52dd-a4dc-2fb8e260c02c,6baabed2-52d7-5cb7-bf74-86c7cb3e4f07,Suplemento,2026-06-29T14:26:45.094938+00:00,2026-06-15,6,42.907266895898445,42.91556167602539,42.907266895898445,sarima,0.0,v1.0.0
e8aeb018-f679-5670-b210-de4f62ff2111,d6f21f11-7533-52dd-a4dc-2fb8e260c02c,6baabed2-52d7-5cb7-bf74-86c7cb3e4f07,Suplemento,2026-06-29T14:26:45.094938+00:00,2026-06-22,7,42.907266895898445,42.91556167602539,42.907266895898445,sarima,0.0,v1.0.0
e8aeb018-f679-5670-b210-de4f62ff2111,d6f21f11-7533-52dd-a4dc-2fb8e260c02c,6baabed2-52d7-5cb7-bf74-86c7cb3e4f07,Suplemento,2026-06-29T14:26:45.094938+00:00,2026-06-29,8,42.907266895898445,42.91556167602539,42.907266895898445,sarima,0.0,v1.0.0
e8aeb018-f679-5670-b210-de4f62ff2111,d6f21f11-7533-52dd-a4dc-2fb8e260c02c,6baabed2-52d7-5cb7-bf74-86c7cb3e4f07,Suplemento,2026-06-29T14:26:45.094938+00:00,2026-07-06,9,42.907266895898445,42.91556167602539,42.907266895898445,sarima,0.0,v1.0.0
e8aeb018-f679-5670-b210-de4f62ff2111,d6f21f11-7533-52dd-a4dc-2fb8e260c02c,6baabed2-52d7-5cb7-bf74-86c7cb3e4f07,Suplemento,2026-06-29T14:26:45.094938+00:00,2026-07-13,10,42.907266895898445,42.91556167602539,42.907266895898445,sarima,0.0,v1.0.0
e8aeb018-f679-5670-b210-de4f62ff2111,d6f21f11-7533-52dd-a4dc-2fb8e260c02c,6baabed2-52d7-5cb7-bf74-86c7cb3e4f07,Suplemento,2026-06-29T14:26:45.094938+00:00,2026-07-20,11,42.907266895898445,42.91556167602539,42.907266895898445,sarima,0.0,v1.0.0
e8aeb018-f679-5670-b210-de4f62ff2111,d6f21f11-7533-52dd-a4dc-2fb8e260c02c,6baabed2-52d7-5cb7-bf74-86c7cb3e4f07,Suplemento,2026-06-29T14:26:45.094938+00:00,2026-07-27,12,42.907266895898445,42.91556167602539,42.907266895898445,sarima,0.0,v1.0.0
e8aeb018-f679-5670-b210-de4f62ff2111,d6f21f11-7533-52dd-a4dc-2fb8e260c02c,6d807393-f4ab-5f76-b544-251eeda27ba3,Antiinflamatorio,2026-06-29T14:26:45.094938+00:00,2026-05-11,1,63.42852195364732,68.24304962158203,63.42852195364732,sarima,0.0,v1.0.0
e8aeb018-f679-5670-b210-de4f62ff2111,d6f21f11-7533-52dd-a4dc-2fb8e260c02c,6d807393-f4ab-5f76-b544-251eeda27ba3,Antiinflamatorio,2026-06-29T14:26:45.094938+00:00,2026-05-18,2,64.22833510182258,67.96701049804688,64.22833510182258,sarima,0.0,v1.0.0
e8aeb018-f679-5670-b210-de4f62ff2111,d6f21f11-7533-52dd-a4dc-2fb8e260c02c,6d807393-f4ab-5f76-b544-251eeda27ba3,Antiinflamatorio,2026-06-29T14:26:45.094938+00:00,2026-05-25,3,64.9503339580235,67.96701049804688,64.9503339580235,sarima,0.0,v1.0.0
e8aeb018-f679-5670-b210-de4f62ff2111,d6f21f11-7533-52dd-a4dc-2fb8e260c02c,6d807393-f4ab-5f76-b544-251eeda27ba3,Antiinflamatorio,2026-06-29T14:26:45.094938+00:00,2026-06-01,4,65.6012699528595,69.00192260742188,65.6012699528595,sarima,0.0,v1.0.0
e8aeb018-f679-5670-b210-de4f62ff2111,d6f21f11-7533-52dd-a4dc-2fb8e260c02c,6d807393-f4ab-5f76-b544-251eeda27ba3,Antiinflamatorio,2026-06-29T14:26:45.094938+00:00,2026-06-08,5,66.18747927754957,69.1418228149414,66.18747927754957,sarima,0.0,v1.0.0
e8aeb018-f679-5670-b210-de4f62ff2111,d6f21f11-7533-52dd-a4dc-2fb8e260c02c,6d807393-f4ab-5f76-b544-251eeda27ba3,Antiinflamatorio,2026-06-29T14:26:45.094938+00:00,2026-06-15,6,66.71486980408437,69.1418228149414,66.71486980408437,sarima,0.0,v1.0.0
e8aeb018-f679-5670-b210-de4f62ff2111,d6f21f11-7533-52dd-a4dc-2fb8e260c02c,6d807393-f4ab-5f76-b544-251eeda27ba3,Antiinflamatorio,2026-06-29T14:26:45.094938+00:00,2026-06-22,7,67.18891958065325,69.1418228149414,67.18891958065325,sarima,0.0,v1.0.0
e8aeb018-f679-5670-b210-de4f62ff2111,d6f21f11-7533-52dd-a4dc-2fb8e260c02c,6d807393-f4ab-5f76-b544-251eeda27ba3,Antiinflamatorio,2026-06-29T14:26:45.094938+00:00,2026-06-29,8,67.61468402757626,69.1418228149414,67.61468402757626,sarima,0.0,v1.0.0
e8aeb018-f679-5670-b210-de4f62ff2111,d6f21f11-7533-52dd-a4dc-2fb8e260c02c,6d807393-f4ab-5f76-b544-251eeda27ba3,Antiinflamatorio,2026-06-29T14:26:45.094938+00:00,2026-07-06,9,67.99680948062007,69.1418228149414,67.99680948062007,sarima,0.0,v1.0.0
e8aeb018-f679-5670-b210-de4f62ff2111,d6f21f11-7533-52dd-a4dc-2fb8e260c02c,6d807393-f4ab-5f76-b544-251eeda27ba3,Antiinflamatorio,2026-06-29T14:26:45.094938+00:00,2026-07-13,10,68.33955118235671,69.36959838867188,68.33955118235671,sarima,0.0,v1.0.0
e8aeb018-f679-5670-b210-de4f62ff2111,d6f21f11-7533-52dd-a4dc-2fb8e260c02c,6d807393-f4ab-5f76-b544-251eeda27ba3,Antiinflamatorio,2026-06-29T14:26:45.094938+00:00,2026-07-20,11,68.64679420981737,69.36959838867188,68.64679420981737,sarima,0.0,v1.0.0
e8aeb018-f679-5670-b210-de4f62ff2111,d6f21f11-7533-52dd-a4dc-2fb8e260c02c,6d807393-f4ab-5f76-b544-251eeda27ba3,Antiinflamatorio,2026-06-29T14:26:45.094938+00:00,2026-07-27,12,68.92207615267598,69.1418228149414,68.92207615267598,sarima,0.0,v1.0.0
e8aeb018-f679-5670-b210-de4f62ff2111,d6f21f11-7533-52dd-a4dc-2fb8e260c02c,82cd11ba-d1a0-58b1-b14f-edd741f36e87,Antibiótico,2026-06-29T14:26:45.094938+00:00,2026-05-11,1,60.63249185767901,58.544891357421875,60.63249185767901,sarima,0.0,v1.0.0
e8aeb018-f679-5670-b210-de4f62ff2111,d6f21f11-7533-52dd-a4dc-2fb8e260c02c,82cd11ba-d1a0-58b1-b14f-edd741f36e87,Antibiótico,2026-06-29T14:26:45.094938+00:00,2026-05-18,2,60.51037452135375,58.769248962402344,60.51037452135375,sarima,0.0,v1.0.0
e8aeb018-f679-5670-b210-de4f62ff2111,d6f21f11-7533-52dd-a4dc-2fb8e260c02c,82cd11ba-d1a0-58b1-b14f-edd741f36e87,Antibiótico,2026-06-29T14:26:45.094938+00:00,2026-05-25,3,60.39788300391996,58.8887825012207,60.39788300391996,sarima,0.0,v1.0.0
e8aeb018-f679-5670-b210-de4f62ff2111,d6f21f11-7533-52dd-a4dc-2fb8e260c02c,82cd11ba-d1a0-58b1-b14f-edd741f36e87,Antibiótico,2026-06-29T14:26:45.094938+00:00,2026-06-01,4,60.29424332650416,58.8887825012207,60.29424332650416,sarima,0.0,v1.0.0
e8aeb018-f679-5670-b210-de4f62ff2111,d6f21f11-7533-52dd-a4dc-2fb8e260c02c,82cd11ba-d1a0-58b1-b14f-edd741f36e87,Antibiótico,2026-06-29T14:26:45.094938+00:00,2026-06-08,5,60.19874599503074,58.769248962402344,60.19874599503074,sarima,0.0,v1.0.0
e8aeb018-f679-5670-b210-de4f62ff2111,d6f21f11-7533-52dd-a4dc-2fb8e260c02c,82cd11ba-d1a0-58b1-b14f-edd741f36e87,Antibiótico,2026-06-29T14:26:45.094938+00:00,2026-06-15,6,60.110740298222716,58.769248962402344,60.110740298222716,sarima,0.0,v1.0.0
e8aeb018-f679-5670-b210-de4f62ff2111,d6f21f11-7533-52dd-a4dc-2fb8e260c02c,82cd11ba-d1a0-58b1-b14f-edd741f36e87,Antibiótico,2026-06-29T14:26:45.094938+00:00,2026-06-22,7,60.0296291569329,58.769248962402344,60.0296291569329,sarima,0.0,v1.0.0
e8aeb018-f679-5670-b210-de4f62ff2111,d6f21f11-7533-52dd-a4dc-2fb8e260c02c,82cd11ba-d1a0-58b1-b14f-edd741f36e87,Antibiótico,2026-06-29T14:26:45.094938+00:00,2026-06-29,8,59.95486446500532,58.769248962402344,59.95486446500532,sarima,0.0,v1.0.0
e8aeb018-f679-5670-b210-de4f62ff2111,d6f21f11-7533-52dd-a4dc-2fb8e260c02c,82cd11ba-d1a0-58b1-b14f-edd741f36e87,Antibiótico,2026-06-29T14:26:45.094938+00:00,2026-07-06,9,59.88594286919905,58.769248962402344,59.88594286919905,sarima,0.0,v1.0.0
e8aeb018-f679-5670-b210-de4f62ff2111,d6f21f11-7533-52dd-a4dc-2fb8e260c02c,82cd11ba-d1a0-58b1-b14f-edd741f36e87,Antibiótico,2026-06-29T14:26:45.094938+00:00,2026-07-13,10,59.82240194203572,58.769248962402344,59.82240194203572,sarima,0.0,v1.0.0
e8aeb018-f679-5670-b210-de4f62ff2111,d6f21f11-7533-52dd-a4dc-2fb8e260c02c,82cd11ba-d1a0-58b1-b14f-edd741f36e87,Antibiótico,2026-06-29T14:26:45.094938+00:00,2026-07-20,11,59.76381670690785,58.769248962402344,59.76381670690785,sarima,0.0,v1.0.0
e8aeb018-f679-5670-b210-de4f62ff2111,d6f21f11-7533-52dd-a4dc-2fb8e260c02c,82cd11ba-d1a0-58b1-b14f-edd741f36e87,Antibiótico,2026-06-29T14:26:45.094938+00:00,2026-07-27,12,59.709796479532876,58.769248962402344,59.709796479532876,sarima,0.0,v1.0.0
e8aeb018-f679-5670-b210-de4f62ff2111,d6f21f11-7533-52dd-a4dc-2fb8e260c02c,87b859e0-789a-56e6-b1ba-4fe76221d3bf,Antihistamínico,2026-06-29T14:26:45.094938+00:00,2026-05-11,1,54.00996354553976,54.320762634277344,54.00996354553976,sarima,0.0,v1.0.0
e8aeb018-f679-5670-b210-de4f62ff2111,d6f21f11-7533-52dd-a4dc-2fb8e260c02c,87b859e0-789a-56e6-b1ba-4fe76221d3bf,Antihistamínico,2026-06-29T14:26:45.094938+00:00,2026-05-18,2,56.630394532609884,53.97955322265625,56.630394532609884,sarima,0.0,v1.0.0
e8aeb018-f679-5670-b210-de4f62ff2111,d6f21f11-7533-52dd-a4dc-2fb8e260c02c,87b859e0-789a-56e6-b1ba-4fe76221d3bf,Antihistamínico,2026-06-29T14:26:45.094938+00:00,2026-05-25,3,56.630394532609884,54.089508056640625,56.630394532609884,sarima,0.0,v1.0.0
e8aeb018-f679-5670-b210-de4f62ff2111,d6f21f11-7533-52dd-a4dc-2fb8e260c02c,87b859e0-789a-56e6-b1ba-4fe76221d3bf,Antihistamínico,2026-06-29T14:26:45.094938+00:00,2026-06-01,4,56.630394532609884,54.1418342590332,56.630394532609884,sarima,0.0,v1.0.0
e8aeb018-f679-5670-b210-de4f62ff2111,d6f21f11-7533-52dd-a4dc-2fb8e260c02c,87b859e0-789a-56e6-b1ba-4fe76221d3bf,Antihistamínico,2026-06-29T14:26:45.094938+00:00,2026-06-08,5,56.630394532609884,54.03174591064453,56.630394532609884,sarima,0.0,v1.0.0
e8aeb018-f679-5670-b210-de4f62ff2111,d6f21f11-7533-52dd-a4dc-2fb8e260c02c,87b859e0-789a-56e6-b1ba-4fe76221d3bf,Antihistamínico,2026-06-29T14:26:45.094938+00:00,2026-06-15,6,56.630394532609884,54.03174591064453,56.630394532609884,sarima,0.0,v1.0.0
e8aeb018-f679-5670-b210-de4f62ff2111,d6f21f11-7533-52dd-a4dc-2fb8e260c02c,87b859e0-789a-56e6-b1ba-4fe76221d3bf,Antihistamínico,2026-06-29T14:26:45.094938+00:00,2026-06-22,7,56.630394532609884,54.03174591064453,56.630394532609884,sarima,0.0,v1.0.0
e8aeb018-f679-5670-b210-de4f62ff2111,d6f21f11-7533-52dd-a4dc-2fb8e260c02c,87b859e0-789a-56e6-b1ba-4fe76221d3bf,Antihistamínico,2026-06-29T14:26:45.094938+00:00,2026-06-29,8,56.630394532609884,54.03174591064453,56.630394532609884,sarima,0.0,v1.0.0
e8aeb018-f679-5670-b210-de4f62ff2111,d6f21f11-7533-52dd-a4dc-2fb8e260c02c,87b859e0-789a-56e6-b1ba-4fe76221d3bf,Antihistamínico,2026-06-29T14:26:45.094938+00:00,2026-07-06,9,56.630394532609884,54.03174591064453,56.630394532609884,sarima,0.0,v1.0.0
e8aeb018-f679-5670-b210-de4f62ff2111,d6f21f11-7533-52dd-a4dc-2fb8e260c02c,87b859e0-789a-56e6-b1ba-4fe76221d3bf,Antihistamínico,2026-06-29T14:26:45.094938+00:00,2026-07-13,10,56.630394532609884,53.90596008300781,56.630394532609884,sarima,0.0,v1.0.0
e8aeb018-f679-5670-b210-de4f62ff2111,d6f21f11-7533-52dd-a4dc-2fb8e260c02c,87b859e0-789a-56e6-b1ba-4fe76221d3bf,Antihistamínico,2026-06-29T14:26:45.094938+00:00,2026-07-20,11,56.630394532609884,53.90596008300781,56.630394532609884,sarima,0.0,v1.0.0
e8aeb018-f679-5670-b210-de4f62ff2111,d6f21f11-7533-52dd-a4dc-2fb8e260c02c,87b859e0-789a-56e6-b1ba-4fe76221d3bf,Antihistamínico,2026-06-29T14:26:45.094938+00:00,2026-07-27,12,56.630394532609884,53.90596008300781,56.630394532609884,sarima,0.0,v1.0.0
e8aeb018-f679-5670-b210-de4f62ff2111,d6f21f11-7533-52dd-a4dc-2fb8e260c02c,94e18241-54bd-5516-b36f-94ab6e323aca,Antihistamínico,2026-06-29T14:26:45.094938+00:00,2026-05-11,1,41.65663960331578,40.89335632324219,41.65663960331578,sarima,0.0,v1.0.0
e8aeb018-f679-5670-b210-de4f62ff2111,d6f21f11-7533-52dd-a4dc-2fb8e260c02c,94e18241-54bd-5516-b36f-94ab6e323aca,Antihistamínico,2026-06-29T14:26:45.094938+00:00,2026-05-18,2,42.7128695631055,40.89335632324219,42.7128695631055,sarima,0.0,v1.0.0
e8aeb018-f679-5670-b210-de4f62ff2111,d6f21f11-7533-52dd-a4dc-2fb8e260c02c,94e18241-54bd-5516-b36f-94ab6e323aca,Antihistamínico,2026-06-29T14:26:45.094938+00:00,2026-05-25,3,44.40873710659324,39.382652282714844,44.40873710659324,sarima,0.0,v1.0.0
e8aeb018-f679-5670-b210-de4f62ff2111,d6f21f11-7533-52dd-a4dc-2fb8e260c02c,94e18241-54bd-5516-b36f-94ab6e323aca,Antihistamínico,2026-06-29T14:26:45.094938+00:00,2026-06-01,4,46.278323749446834,39.45222473144531,46.278323749446834,sarima,0.0,v1.0.0
e8aeb018-f679-5670-b210-de4f62ff2111,d6f21f11-7533-52dd-a4dc-2fb8e260c02c,94e18241-54bd-5516-b36f-94ab6e323aca,Antihistamínico,2026-06-29T14:26:45.094938+00:00,2026-06-08,5,45.39515735967125,39.1910285949707,45.39515735967125,sarima,0.0,v1.0.0
e8aeb018-f679-5670-b210-de4f62ff2111,d6f21f11-7533-52dd-a4dc-2fb8e260c02c,94e18241-54bd-5516-b36f-94ab6e323aca,Antihistamínico,2026-06-29T14:26:45.094938+00:00,2026-06-15,6,45.45896679802016,39.1910285949707,45.45896679802016,sarima,0.0,v1.0.0
e8aeb018-f679-5670-b210-de4f62ff2111,d6f21f11-7533-52dd-a4dc-2fb8e260c02c,94e18241-54bd-5516-b36f-94ab6e323aca,Antihistamínico,2026-06-29T14:26:45.094938+00:00,2026-06-22,7,45.514193956208366,39.371482849121094,45.514193956208366,sarima,0.0,v1.0.0
e8aeb018-f679-5670-b210-de4f62ff2111,d6f21f11-7533-52dd-a4dc-2fb8e260c02c,94e18241-54bd-5516-b36f-94ab6e323aca,Antihistamínico,2026-06-29T14:26:45.094938+00:00,2026-06-29,8,45.561984835184504,39.371482849121094,45.561984835184504,sarima,0.0,v1.0.0
e8aeb018-f679-5670-b210-de4f62ff2111,d6f21f11-7533-52dd-a4dc-2fb8e260c02c,94e18241-54bd-5516-b36f-94ab6e323aca,Antihistamínico,2026-06-29T14:26:45.094938+00:00,2026-07-06,9,45.603334511950706,39.371482849121094,45.603334511950706,sarima,0.0,v1.0.0
e8aeb018-f679-5670-b210-de4f62ff2111,d6f21f11-7533-52dd-a4dc-2fb8e260c02c,94e18241-54bd-5516-b36f-94ab6e323aca,Antihistamínico,2026-06-29T14:26:45.094938+00:00,2026-07-13,10,45.639106480726056,39.64875411987305,45.639106480726056,sarima,0.0,v1.0.0
e8aeb018-f679-5670-b210-de4f62ff2111,d6f21f11-7533-52dd-a4dc-2fb8e260c02c,94e18241-54bd-5516-b36f-94ab6e323aca,Antihistamínico,2026-06-29T14:26:45.094938+00:00,2026-07-20,11,45.67004965299372,39.64875411987305,45.67004965299372,sarima,0.0,v1.0.0
e8aeb018-f679-5670-b210-de4f62ff2111,d6f21f11-7533-52dd-a4dc-2fb8e260c02c,94e18241-54bd-5516-b36f-94ab6e323aca,Antihistamínico,2026-06-29T14:26:45.094938+00:00,2026-07-27,12,45.69681326367185,39.8226318359375,45.69681326367185,sarima,0.0,v1.0.0
e8aeb018-f679-5670-b210-de4f62ff2111,d6f21f11-7533-52dd-a4dc-2fb8e260c02c,97d26d91-c562-5f27-9ebd-285e89c8f4bf,Antidiabético,2026-06-29T14:26:45.094938+00:00,2026-05-11,1,64.40689237898839,63.079124450683594,64.40689237898839,sarima,0.0,v1.0.0
e8aeb018-f679-5670-b210-de4f62ff2111,d6f21f11-7533-52dd-a4dc-2fb8e260c02c,97d26d91-c562-5f27-9ebd-285e89c8f4bf,Antidiabético,2026-06-29T14:26:45.094938+00:00,2026-05-18,2,64.55989692096352,62.95131301879883,64.55989692096352,sarima,0.0,v1.0.0
e8aeb018-f679-5670-b210-de4f62ff2111,d6f21f11-7533-52dd-a4dc-2fb8e260c02c,97d26d91-c562-5f27-9ebd-285e89c8f4bf,Antidiabético,2026-06-29T14:26:45.094938+00:00,2026-05-25,3,64.55069184304456,62.95131301879883,64.55069184304456,sarima,0.0,v1.0.0
e8aeb018-f679-5670-b210-de4f62ff2111,d6f21f11-7533-52dd-a4dc-2fb8e260c02c,97d26d91-c562-5f27-9ebd-285e89c8f4bf,Antidiabético,2026-06-29T14:26:45.094938+00:00,2026-06-01,4,64.55124499591726,62.95131301879883,64.55124499591726,sarima,0.0,v1.0.0
e8aeb018-f679-5670-b210-de4f62ff2111,d6f21f11-7533-52dd-a4dc-2fb8e260c02c,97d26d91-c562-5f27-9ebd-285e89c8f4bf,Antidiabético,2026-06-29T14:26:45.094938+00:00,2026-06-08,5,64.55121175344946,62.95131301879883,64.55121175344946,sarima,0.0,v1.0.0
e8aeb018-f679-5670-b210-de4f62ff2111,d6f21f11-7533-52dd-a4dc-2fb8e260c02c,97d26d91-c562-5f27-9ebd-285e89c8f4bf,Antidiabético,2026-06-29T14:26:45.094938+00:00,2026-06-15,6,64.55121375119198,62.95131301879883,64.55121375119198,sarima,0.0,v1.0.0
e8aeb018-f679-5670-b210-de4f62ff2111,d6f21f11-7533-52dd-a4dc-2fb8e260c02c,97d26d91-c562-5f27-9ebd-285e89c8f4bf,Antidiabético,2026-06-29T14:26:45.094938+00:00,2026-06-22,7,64.55121363113543,62.95131301879883,64.55121363113543,sarima,0.0,v1.0.0
e8aeb018-f679-5670-b210-de4f62ff2111,d6f21f11-7533-52dd-a4dc-2fb8e260c02c,97d26d91-c562-5f27-9ebd-285e89c8f4bf,Antidiabético,2026-06-29T14:26:45.094938+00:00,2026-06-29,8,64.55121363835032,62.95131301879883,64.55121363835032,sarima,0.0,v1.0.0
e8aeb018-f679-5670-b210-de4f62ff2111,d6f21f11-7533-52dd-a4dc-2fb8e260c02c,97d26d91-c562-5f27-9ebd-285e89c8f4bf,Antidiabético,2026-06-29T14:26:45.094938+00:00,2026-07-06,9,64.55121363791675,61.606998443603516,64.55121363791675,sarima,0.0,v1.0.0
e8aeb018-f679-5670-b210-de4f62ff2111,d6f21f11-7533-52dd-a4dc-2fb8e260c02c,97d26d91-c562-5f27-9ebd-285e89c8f4bf,Antidiabético,2026-06-29T14:26:45.094938+00:00,2026-07-13,10,64.55121363794282,61.810298919677734,64.55121363794282,sarima,0.0,v1.0.0
e8aeb018-f679-5670-b210-de4f62ff2111,d6f21f11-7533-52dd-a4dc-2fb8e260c02c,97d26d91-c562-5f27-9ebd-285e89c8f4bf,Antidiabético,2026-06-29T14:26:45.094938+00:00,2026-07-20,11,64.55121363794126,61.810298919677734,64.55121363794126,sarima,0.0,v1.0.0
e8aeb018-f679-5670-b210-de4f62ff2111,d6f21f11-7533-52dd-a4dc-2fb8e260c02c,97d26d91-c562-5f27-9ebd-285e89c8f4bf,Antidiabético,2026-06-29T14:26:45.094938+00:00,2026-07-27,12,64.55121363794132,61.810298919677734,64.55121363794132,sarima,0.0,v1.0.0
e8aeb018-f679-5670-b210-de4f62ff2111,d6f21f11-7533-52dd-a4dc-2fb8e260c02c,983871db-adfb-543e-b438-6b00044ffb64,Antiulceroso,2026-06-29T14:26:45.094938+00:00,2026-05-11,1,47.92363083531471,59.152889251708984,53.32269774388746,aditivo,1.0,v1.0.0
e8aeb018-f679-5670-b210-de4f62ff2111,d6f21f11-7533-52dd-a4dc-2fb8e260c02c,983871db-adfb-543e-b438-6b00044ffb64,Antiulceroso,2026-06-29T14:26:45.094938+00:00,2026-05-18,2,51.036430252484024,58.56391525268555,56.28428337448272,aditivo,1.0,v1.0.0
e8aeb018-f679-5670-b210-de4f62ff2111,d6f21f11-7533-52dd-a4dc-2fb8e260c02c,983871db-adfb-543e-b438-6b00044ffb64,Antiulceroso,2026-06-29T14:26:45.094938+00:00,2026-05-25,3,53.100337349920615,58.56391525268555,58.091054948917964,aditivo,1.0,v1.0.0
e8aeb018-f679-5670-b210-de4f62ff2111,d6f21f11-7533-52dd-a4dc-2fb8e260c02c,983871db-adfb-543e-b438-6b00044ffb64,Antiulceroso,2026-06-29T14:26:45.094938+00:00,2026-06-01,4,54.443676743392096,58.43791580200195,59.55604710694311,aditivo,1.0,v1.0.0
e8aeb018-f679-5670-b210-de4f62ff2111,d6f21f11-7533-52dd-a4dc-2fb8e260c02c,983871db-adfb-543e-b438-6b00044ffb64,Antiulceroso,2026-06-29T14:26:45.094938+00:00,2026-06-08,5,55.307855395376755,58.48098373413086,59.6257978771325,aditivo,1.0,v1.0.0
e8aeb018-f679-5670-b210-de4f62ff2111,d6f21f11-7533-52dd-a4dc-2fb8e260c02c,983871db-adfb-543e-b438-6b00044ffb64,Antiulceroso,2026-06-29T14:26:45.094938+00:00,2026-06-15,6,55.8597002932313,57.97753143310547,60.17501851309066,aditivo,1.0,v1.0.0
e8aeb018-f679-5670-b210-de4f62ff2111,d6f21f11-7533-52dd-a4dc-2fb8e260c02c,983871db-adfb-543e-b438-6b00044ffb64,Antiulceroso,2026-06-29T14:26:45.094938+00:00,2026-06-22,7,56.210459478814,57.68849563598633,60.641482536610695,aditivo,1.0,v1.0.0
e8aeb018-f679-5670-b210-de4f62ff2111,d6f21f11-7533-52dd-a4dc-2fb8e260c02c,983871db-adfb-543e-b438-6b00044ffb64,Antiulceroso,2026-06-29T14:26:45.094938+00:00,2026-06-29,8,56.432752591419316,58.25349426269531,61.01303297595086,aditivo,1.0,v1.0.0
e8aeb018-f679-5670-b210-de4f62ff2111,d6f21f11-7533-52dd-a4dc-2fb8e260c02c,983871db-adfb-543e-b438-6b00044ffb64,Antiulceroso,2026-06-29T14:26:45.094938+00:00,2026-07-06,9,56.57336990090871,58.25349426269531,60.51980426364153,aditivo,1.0,v1.0.0
e8aeb018-f679-5670-b210-de4f62ff2111,d6f21f11-7533-52dd-a4dc-2fb8e260c02c,983871db-adfb-543e-b438-6b00044ffb64,Antiulceroso,2026-06-29T14:26:45.094938+00:00,2026-07-13,10,56.66221723597469,58.25349426269531,60.991025949571956,aditivo,1.0,v1.0.0
e8aeb018-f679-5670-b210-de4f62ff2111,d6f21f11-7533-52dd-a4dc-2fb8e260c02c,983871db-adfb-543e-b438-6b00044ffb64,Antiulceroso,2026-06-29T14:26:45.094938+00:00,2026-07-20,11,56.71831301749737,58.25349426269531,60.80627995035537,aditivo,1.0,v1.0.0
e8aeb018-f679-5670-b210-de4f62ff2111,d6f21f11-7533-52dd-a4dc-2fb8e260c02c,983871db-adfb-543e-b438-6b00044ffb64,Antiulceroso,2026-06-29T14:26:45.094938+00:00,2026-07-27,12,56.75371391853457,58.25349426269531,60.83994815075262,aditivo,1.0,v1.0.0
e8aeb018-f679-5670-b210-de4f62ff2111,d6f21f11-7533-52dd-a4dc-2fb8e260c02c,9928e9a1-d9fc-5fdd-86c2-8909352fd7fe,Antiinflamatorio,2026-06-29T14:26:45.094938+00:00,2026-05-11,1,35.24283607020289,38.7449951171875,35.24283607020289,sarima,0.0,v1.0.0
e8aeb018-f679-5670-b210-de4f62ff2111,d6f21f11-7533-52dd-a4dc-2fb8e260c02c,9928e9a1-d9fc-5fdd-86c2-8909352fd7fe,Antiinflamatorio,2026-06-29T14:26:45.094938+00:00,2026-05-18,2,31.57054071663373,37.938907623291016,31.57054071663373,sarima,0.0,v1.0.0
e8aeb018-f679-5670-b210-de4f62ff2111,d6f21f11-7533-52dd-a4dc-2fb8e260c02c,9928e9a1-d9fc-5fdd-86c2-8909352fd7fe,Antiinflamatorio,2026-06-29T14:26:45.094938+00:00,2026-05-25,3,36.66320389268947,35.44724655151367,36.66320389268947,sarima,0.0,v1.0.0
e8aeb018-f679-5670-b210-de4f62ff2111,d6f21f11-7533-52dd-a4dc-2fb8e260c02c,9928e9a1-d9fc-5fdd-86c2-8909352fd7fe,Antiinflamatorio,2026-06-29T14:26:45.094938+00:00,2026-06-01,4,36.024499124454294,36.11355209350586,36.024499124454294,sarima,0.0,v1.0.0
e8aeb018-f679-5670-b210-de4f62ff2111,d6f21f11-7533-52dd-a4dc-2fb8e260c02c,9928e9a1-d9fc-5fdd-86c2-8909352fd7fe,Antiinflamatorio,2026-06-29T14:26:45.094938+00:00,2026-06-08,5,31.692923360784917,38.13341522216797,31.692923360784917,sarima,0.0,v1.0.0
e8aeb018-f679-5670-b210-de4f62ff2111,d6f21f11-7533-52dd-a4dc-2fb8e260c02c,9928e9a1-d9fc-5fdd-86c2-8909352fd7fe,Antiinflamatorio,2026-06-29T14:26:45.094938+00:00,2026-06-15,6,32.10282056340849,37.594242095947266,32.10282056340849,sarima,0.0,v1.0.0
e8aeb018-f679-5670-b210-de4f62ff2111,d6f21f11-7533-52dd-a4dc-2fb8e260c02c,9928e9a1-d9fc-5fdd-86c2-8909352fd7fe,Antiinflamatorio,2026-06-29T14:26:45.094938+00:00,2026-06-22,7,32.75941930660161,38.05327606201172,32.75941930660161,sarima,0.0,v1.0.0
e8aeb018-f679-5670-b210-de4f62ff2111,d6f21f11-7533-52dd-a4dc-2fb8e260c02c,9928e9a1-d9fc-5fdd-86c2-8909352fd7fe,Antiinflamatorio,2026-06-29T14:26:45.094938+00:00,2026-06-29,8,32.75941930660161,37.53486633300781,32.75941930660161,sarima,0.0,v1.0.0
e8aeb018-f679-5670-b210-de4f62ff2111,d6f21f11-7533-52dd-a4dc-2fb8e260c02c,9928e9a1-d9fc-5fdd-86c2-8909352fd7fe,Antiinflamatorio,2026-06-29T14:26:45.094938+00:00,2026-07-06,9,32.75941930660161,37.003658294677734,32.75941930660161,sarima,0.0,v1.0.0
e8aeb018-f679-5670-b210-de4f62ff2111,d6f21f11-7533-52dd-a4dc-2fb8e260c02c,9928e9a1-d9fc-5fdd-86c2-8909352fd7fe,Antiinflamatorio,2026-06-29T14:26:45.094938+00:00,2026-07-13,10,32.75941930660161,37.463470458984375,32.75941930660161,sarima,0.0,v1.0.0
e8aeb018-f679-5670-b210-de4f62ff2111,d6f21f11-7533-52dd-a4dc-2fb8e260c02c,9928e9a1-d9fc-5fdd-86c2-8909352fd7fe,Antiinflamatorio,2026-06-29T14:26:45.094938+00:00,2026-07-20,11,32.75941930660161,37.45771408081055,32.75941930660161,sarima,0.0,v1.0.0
e8aeb018-f679-5670-b210-de4f62ff2111,d6f21f11-7533-52dd-a4dc-2fb8e260c02c,9928e9a1-d9fc-5fdd-86c2-8909352fd7fe,Antiinflamatorio,2026-06-29T14:26:45.094938+00:00,2026-07-27,12,32.75941930660161,37.50473403930664,32.75941930660161,sarima,0.0,v1.0.0
e8aeb018-f679-5670-b210-de4f62ff2111,d6f21f11-7533-52dd-a4dc-2fb8e260c02c,afe9d181-1c64-5cca-b4b7-a9fa24eceeea,Antihipertensivo,2026-06-29T14:26:45.094938+00:00,2026-05-11,1,37.673365954155855,38.61061477661133,41.39941648151333,aditivo,0.6,v1.0.0
e8aeb018-f679-5670-b210-de4f62ff2111,d6f21f11-7533-52dd-a4dc-2fb8e260c02c,afe9d181-1c64-5cca-b4b7-a9fa24eceeea,Antihipertensivo,2026-06-29T14:26:45.094938+00:00,2026-05-18,2,37.07515239790234,38.37977600097656,40.79943736821704,aditivo,0.6,v1.0.0
e8aeb018-f679-5670-b210-de4f62ff2111,d6f21f11-7533-52dd-a4dc-2fb8e260c02c,afe9d181-1c64-5cca-b4b7-a9fa24eceeea,Antihipertensivo,2026-06-29T14:26:45.094938+00:00,2026-05-25,3,36.07065939247084,37.93999481201172,39.6865533439442,aditivo,0.6,v1.0.0
e8aeb018-f679-5670-b210-de4f62ff2111,d6f21f11-7533-52dd-a4dc-2fb8e260c02c,afe9d181-1c64-5cca-b4b7-a9fa24eceeea,Antihipertensivo,2026-06-29T14:26:45.094938+00:00,2026-06-01,4,38.213557038618255,37.862274169921875,41.654113884930425,aditivo,0.6,v1.0.0
e8aeb018-f679-5670-b210-de4f62ff2111,d6f21f11-7533-52dd-a4dc-2fb8e260c02c,afe9d181-1c64-5cca-b4b7-a9fa24eceeea,Antihipertensivo,2026-06-29T14:26:45.094938+00:00,2026-06-08,5,38.118208725734675,37.3976936340332,41.522482879912346,aditivo,0.6,v1.0.0
e8aeb018-f679-5670-b210-de4f62ff2111,d6f21f11-7533-52dd-a4dc-2fb8e260c02c,afe9d181-1c64-5cca-b4b7-a9fa24eceeea,Antihipertensivo,2026-06-29T14:26:45.094938+00:00,2026-06-15,6,38.20282049616486,41.2490348815918,41.53327287198332,aditivo,0.6,v1.0.0
e8aeb018-f679-5670-b210-de4f62ff2111,d6f21f11-7533-52dd-a4dc-2fb8e260c02c,afe9d181-1c64-5cca-b4b7-a9fa24eceeea,Antihipertensivo,2026-06-29T14:26:45.094938+00:00,2026-06-22,7,38.348358943980664,41.12324142456055,41.91855226102196,aditivo,0.6,v1.0.0
e8aeb018-f679-5670-b210-de4f62ff2111,d6f21f11-7533-52dd-a4dc-2fb8e260c02c,afe9d181-1c64-5cca-b4b7-a9fa24eceeea,Antihipertensivo,2026-06-29T14:26:45.094938+00:00,2026-06-29,8,38.04307431325146,41.2490348815918,41.318191510870186,aditivo,0.6,v1.0.0
e8aeb018-f679-5670-b210-de4f62ff2111,d6f21f11-7533-52dd-a4dc-2fb8e260c02c,afe9d181-1c64-5cca-b4b7-a9fa24eceeea,Antihipertensivo,2026-06-29T14:26:45.094938+00:00,2026-07-06,9,38.05625020761448,41.2490348815918,41.32993211592055,aditivo,0.6,v1.0.0
e8aeb018-f679-5670-b210-de4f62ff2111,d6f21f11-7533-52dd-a4dc-2fb8e260c02c,afe9d181-1c64-5cca-b4b7-a9fa24eceeea,Antihipertensivo,2026-06-29T14:26:45.094938+00:00,2026-07-13,10,38.04455614002245,41.2490348815918,41.22948691223071,aditivo,0.6,v1.0.0
e8aeb018-f679-5670-b210-de4f62ff2111,d6f21f11-7533-52dd-a4dc-2fb8e260c02c,afe9d181-1c64-5cca-b4b7-a9fa24eceeea,Antihipertensivo,2026-06-29T14:26:45.094938+00:00,2026-07-20,11,38.024508557398065,41.2490348815918,41.16282305435956,aditivo,0.6,v1.0.0
e8aeb018-f679-5670-b210-de4f62ff2111,d6f21f11-7533-52dd-a4dc-2fb8e260c02c,afe9d181-1c64-5cca-b4b7-a9fa24eceeea,Antihipertensivo,2026-06-29T14:26:45.094938+00:00,2026-07-27,12,38.06665859077106,41.2490348815918,41.203574338420935,aditivo,0.6,v1.0.0
e8aeb018-f679-5670-b210-de4f62ff2111,d6f21f11-7533-52dd-a4dc-2fb8e260c02c,c0cf5e5c-b5c9-585a-8e79-d9830bc954f6,Antibiótico,2026-06-29T14:26:45.094938+00:00,2026-05-11,1,31.637155417628847,35.87664794921875,31.637155417628847,sarima,0.0,v1.0.0
e8aeb018-f679-5670-b210-de4f62ff2111,d6f21f11-7533-52dd-a4dc-2fb8e260c02c,c0cf5e5c-b5c9-585a-8e79-d9830bc954f6,Antibiótico,2026-06-29T14:26:45.094938+00:00,2026-05-18,2,31.774562291917583,36.750125885009766,31.774562291917583,sarima,0.0,v1.0.0
e8aeb018-f679-5670-b210-de4f62ff2111,d6f21f11-7533-52dd-a4dc-2fb8e260c02c,c0cf5e5c-b5c9-585a-8e79-d9830bc954f6,Antibiótico,2026-06-29T14:26:45.094938+00:00,2026-05-25,3,31.88418265284232,36.94383239746094,31.88418265284232,sarima,0.0,v1.0.0
e8aeb018-f679-5670-b210-de4f62ff2111,d6f21f11-7533-52dd-a4dc-2fb8e260c02c,c0cf5e5c-b5c9-585a-8e79-d9830bc954f6,Antibiótico,2026-06-29T14:26:45.094938+00:00,2026-06-01,4,31.971567878404933,37.202388763427734,31.971567878404933,sarima,0.0,v1.0.0
e8aeb018-f679-5670-b210-de4f62ff2111,d6f21f11-7533-52dd-a4dc-2fb8e260c02c,c0cf5e5c-b5c9-585a-8e79-d9830bc954f6,Antibiótico,2026-06-29T14:26:45.094938+00:00,2026-06-08,5,32.04118527149767,37.202388763427734,32.04118527149767,sarima,0.0,v1.0.0
e8aeb018-f679-5670-b210-de4f62ff2111,d6f21f11-7533-52dd-a4dc-2fb8e260c02c,c0cf5e5c-b5c9-585a-8e79-d9830bc954f6,Antibiótico,2026-06-29T14:26:45.094938+00:00,2026-06-15,6,32.096620425779676,37.19667053222656,32.096620425779676,sarima,0.0,v1.0.0
e8aeb018-f679-5670-b210-de4f62ff2111,d6f21f11-7533-52dd-a4dc-2fb8e260c02c,c0cf5e5c-b5c9-585a-8e79-d9830bc954f6,Antibiótico,2026-06-29T14:26:45.094938+00:00,2026-06-22,7,32.14074536065052,37.332275390625,32.14074536065052,sarima,0.0,v1.0.0
e8aeb018-f679-5670-b210-de4f62ff2111,d6f21f11-7533-52dd-a4dc-2fb8e260c02c,c0cf5e5c-b5c9-585a-8e79-d9830bc954f6,Antibiótico,2026-06-29T14:26:45.094938+00:00,2026-06-29,8,32.175856815398774,37.332275390625,32.175856815398774,sarima,0.0,v1.0.0
e8aeb018-f679-5670-b210-de4f62ff2111,d6f21f11-7533-52dd-a4dc-2fb8e260c02c,c0cf5e5c-b5c9-585a-8e79-d9830bc954f6,Antibiótico,2026-06-29T14:26:45.094938+00:00,2026-07-06,9,32.20378913564329,37.19667053222656,32.20378913564329,sarima,0.0,v1.0.0
e8aeb018-f679-5670-b210-de4f62ff2111,d6f21f11-7533-52dd-a4dc-2fb8e260c02c,c0cf5e5c-b5c9-585a-8e79-d9830bc954f6,Antibiótico,2026-06-29T14:26:45.094938+00:00,2026-07-13,10,32.22600588479415,37.37339401245117,32.22600588479415,sarima,0.0,v1.0.0
e8aeb018-f679-5670-b210-de4f62ff2111,d6f21f11-7533-52dd-a4dc-2fb8e260c02c,c0cf5e5c-b5c9-585a-8e79-d9830bc954f6,Antibiótico,2026-06-29T14:26:45.094938+00:00,2026-07-20,11,32.243673856702664,37.48799133300781,32.243673856702664,sarima,0.0,v1.0.0
e8aeb018-f679-5670-b210-de4f62ff2111,d6f21f11-7533-52dd-a4dc-2fb8e260c02c,c0cf5e5c-b5c9-585a-8e79-d9830bc954f6,Antibiótico,2026-06-29T14:26:45.094938+00:00,2026-07-27,12,32.257722661939766,37.4425048828125,32.257722661939766,sarima,0.0,v1.0.0
e8aeb018-f679-5670-b210-de4f62ff2111,d6f21f11-7533-52dd-a4dc-2fb8e260c02c,cd81184b-b6f1-563c-b463-36a69ddfb598,Vitamina,2026-06-29T14:26:45.094938+00:00,2026-05-11,1,59.989174405264976,60.146034240722656,61.61154741435039,aditivo,0.5,v1.0.0
e8aeb018-f679-5670-b210-de4f62ff2111,d6f21f11-7533-52dd-a4dc-2fb8e260c02c,cd81184b-b6f1-563c-b463-36a69ddfb598,Vitamina,2026-06-29T14:26:45.094938+00:00,2026-05-18,2,59.989174405264976,60.146034240722656,61.6115616220087,aditivo,0.5,v1.0.0
e8aeb018-f679-5670-b210-de4f62ff2111,d6f21f11-7533-52dd-a4dc-2fb8e260c02c,cd81184b-b6f1-563c-b463-36a69ddfb598,Vitamina,2026-06-29T14:26:45.094938+00:00,2026-05-25,3,59.989174405264976,60.3445930480957,61.6115756053407,aditivo,0.5,v1.0.0
e8aeb018-f679-5670-b210-de4f62ff2111,d6f21f11-7533-52dd-a4dc-2fb8e260c02c,cd81184b-b6f1-563c-b463-36a69ddfb598,Vitamina,2026-06-29T14:26:45.094938+00:00,2026-06-01,4,59.989174405264976,59.61166763305664,61.611589369640534,aditivo,0.5,v1.0.0
e8aeb018-f679-5670-b210-de4f62ff2111,d6f21f11-7533-52dd-a4dc-2fb8e260c02c,cd81184b-b6f1-563c-b463-36a69ddfb598,Vitamina,2026-06-29T14:26:45.094938+00:00,2026-06-08,5,59.989174405264976,59.41548156738281,61.59270441991132,aditivo,0.5,v1.0.0
e8aeb018-f679-5670-b210-de4f62ff2111,d6f21f11-7533-52dd-a4dc-2fb8e260c02c,cd81184b-b6f1-563c-b463-36a69ddfb598,Vitamina,2026-06-29T14:26:45.094938+00:00,2026-06-15,6,59.989174405264976,59.41548156738281,61.61161236945849,aditivo,0.5,v1.0.0
e8aeb018-f679-5670-b210-de4f62ff2111,d6f21f11-7533-52dd-a4dc-2fb8e260c02c,cd81184b-b6f1-563c-b463-36a69ddfb598,Vitamina,2026-06-29T14:26:45.094938+00:00,2026-06-22,7,59.989174405264976,59.41548156738281,61.66785546530755,aditivo,0.5,v1.0.0
e8aeb018-f679-5670-b210-de4f62ff2111,d6f21f11-7533-52dd-a4dc-2fb8e260c02c,cd81184b-b6f1-563c-b463-36a69ddfb598,Vitamina,2026-06-29T14:26:45.094938+00:00,2026-06-29,8,59.989174405264976,59.41548156738281,61.66788067877582,aditivo,0.5,v1.0.0
e8aeb018-f679-5670-b210-de4f62ff2111,d6f21f11-7533-52dd-a4dc-2fb8e260c02c,cd81184b-b6f1-563c-b463-36a69ddfb598,Vitamina,2026-06-29T14:26:45.094938+00:00,2026-07-06,9,59.989174405264976,59.41548156738281,61.66790551255516,aditivo,0.5,v1.0.0
e8aeb018-f679-5670-b210-de4f62ff2111,d6f21f11-7533-52dd-a4dc-2fb8e260c02c,cd81184b-b6f1-563c-b463-36a69ddfb598,Vitamina,2026-06-29T14:26:45.094938+00:00,2026-07-13,10,59.989174405264976,59.41548156738281,61.66792997519638,aditivo,0.5,v1.0.0
e8aeb018-f679-5670-b210-de4f62ff2111,d6f21f11-7533-52dd-a4dc-2fb8e260c02c,cd81184b-b6f1-563c-b463-36a69ddfb598,Vitamina,2026-06-29T14:26:45.094938+00:00,2026-07-20,11,59.989174405264976,59.41548156738281,61.553824752794505,aditivo,0.5,v1.0.0
e8aeb018-f679-5670-b210-de4f62ff2111,d6f21f11-7533-52dd-a4dc-2fb8e260c02c,cd81184b-b6f1-563c-b463-36a69ddfb598,Vitamina,2026-06-29T14:26:45.094938+00:00,2026-07-27,12,59.989174405264976,59.41548156738281,61.55382523280093,aditivo,0.5,v1.0.0
e8aeb018-f679-5670-b210-de4f62ff2111,d6f21f11-7533-52dd-a4dc-2fb8e260c02c,d0ae6d2d-e561-56b3-a2c1-113c1c56ae81,Hipolipemiante,2026-06-29T14:26:45.094938+00:00,2026-05-11,1,42.86614298535526,41.463741302490234,42.86614298535526,sarima,0.0,v1.0.0
e8aeb018-f679-5670-b210-de4f62ff2111,d6f21f11-7533-52dd-a4dc-2fb8e260c02c,d0ae6d2d-e561-56b3-a2c1-113c1c56ae81,Hipolipemiante,2026-06-29T14:26:45.094938+00:00,2026-05-18,2,42.86614298535526,41.52943801879883,42.86614298535526,sarima,0.0,v1.0.0
e8aeb018-f679-5670-b210-de4f62ff2111,d6f21f11-7533-52dd-a4dc-2fb8e260c02c,d0ae6d2d-e561-56b3-a2c1-113c1c56ae81,Hipolipemiante,2026-06-29T14:26:45.094938+00:00,2026-05-25,3,42.86614298535526,41.56320571899414,42.86614298535526,sarima,0.0,v1.0.0
e8aeb018-f679-5670-b210-de4f62ff2111,d6f21f11-7533-52dd-a4dc-2fb8e260c02c,d0ae6d2d-e561-56b3-a2c1-113c1c56ae81,Hipolipemiante,2026-06-29T14:26:45.094938+00:00,2026-06-01,4,42.86614298535526,41.48698043823242,42.86614298535526,sarima,0.0,v1.0.0
e8aeb018-f679-5670-b210-de4f62ff2111,d6f21f11-7533-52dd-a4dc-2fb8e260c02c,d0ae6d2d-e561-56b3-a2c1-113c1c56ae81,Hipolipemiante,2026-06-29T14:26:45.094938+00:00,2026-06-08,5,42.86614298535526,42.91556167602539,42.86614298535526,sarima,0.0,v1.0.0
e8aeb018-f679-5670-b210-de4f62ff2111,d6f21f11-7533-52dd-a4dc-2fb8e260c02c,d0ae6d2d-e561-56b3-a2c1-113c1c56ae81,Hipolipemiante,2026-06-29T14:26:45.094938+00:00,2026-06-15,6,42.86614298535526,42.98101043701172,42.86614298535526,sarima,0.0,v1.0.0
e8aeb018-f679-5670-b210-de4f62ff2111,d6f21f11-7533-52dd-a4dc-2fb8e260c02c,d0ae6d2d-e561-56b3-a2c1-113c1c56ae81,Hipolipemiante,2026-06-29T14:26:45.094938+00:00,2026-06-22,7,42.86614298535526,42.98101043701172,42.86614298535526,sarima,0.0,v1.0.0
e8aeb018-f679-5670-b210-de4f62ff2111,d6f21f11-7533-52dd-a4dc-2fb8e260c02c,d0ae6d2d-e561-56b3-a2c1-113c1c56ae81,Hipolipemiante,2026-06-29T14:26:45.094938+00:00,2026-06-29,8,42.86614298535526,42.98101043701172,42.86614298535526,sarima,0.0,v1.0.0
e8aeb018-f679-5670-b210-de4f62ff2111,d6f21f11-7533-52dd-a4dc-2fb8e260c02c,d0ae6d2d-e561-56b3-a2c1-113c1c56ae81,Hipolipemiante,2026-06-29T14:26:45.094938+00:00,2026-07-06,9,42.86614298535526,42.98101043701172,42.86614298535526,sarima,0.0,v1.0.0
e8aeb018-f679-5670-b210-de4f62ff2111,d6f21f11-7533-52dd-a4dc-2fb8e260c02c,d0ae6d2d-e561-56b3-a2c1-113c1c56ae81,Hipolipemiante,2026-06-29T14:26:45.094938+00:00,2026-07-13,10,42.86614298535526,42.91556167602539,42.86614298535526,sarima,0.0,v1.0.0
e8aeb018-f679-5670-b210-de4f62ff2111,d6f21f11-7533-52dd-a4dc-2fb8e260c02c,d0ae6d2d-e561-56b3-a2c1-113c1c56ae81,Hipolipemiante,2026-06-29T14:26:45.094938+00:00,2026-07-20,11,42.86614298535526,42.98101043701172,42.86614298535526,sarima,0.0,v1.0.0
e8aeb018-f679-5670-b210-de4f62ff2111,d6f21f11-7533-52dd-a4dc-2fb8e260c02c,d0ae6d2d-e561-56b3-a2c1-113c1c56ae81,Hipolipemiante,2026-06-29T14:26:45.094938+00:00,2026-07-27,12,42.86614298535526,42.91556167602539,42.86614298535526,sarima,0.0,v1.0.0
e8aeb018-f679-5670-b210-de4f62ff2111,d6f21f11-7533-52dd-a4dc-2fb8e260c02c,d2f08f15-f9f2-5f65-a740-b05896774467,Antiulceroso,2026-06-29T14:26:45.094938+00:00,2026-05-11,1,55.675534810243896,54.68588638305664,58.79524922117404,aditivo,1.0,v1.0.0
e8aeb018-f679-5670-b210-de4f62ff2111,d6f21f11-7533-52dd-a4dc-2fb8e260c02c,d2f08f15-f9f2-5f65-a740-b05896774467,Antiulceroso,2026-06-29T14:26:45.094938+00:00,2026-05-18,2,55.675534810243896,54.79725646972656,58.736753764694456,aditivo,1.0,v1.0.0
e8aeb018-f679-5670-b210-de4f62ff2111,d6f21f11-7533-52dd-a4dc-2fb8e260c02c,d2f08f15-f9f2-5f65-a740-b05896774467,Antiulceroso,2026-06-29T14:26:45.094938+00:00,2026-05-25,3,55.675534810243896,54.79725646972656,58.675838504768336,aditivo,1.0,v1.0.0
e8aeb018-f679-5670-b210-de4f62ff2111,d6f21f11-7533-52dd-a4dc-2fb8e260c02c,d2f08f15-f9f2-5f65-a740-b05896774467,Antiulceroso,2026-06-29T14:26:45.094938+00:00,2026-06-01,4,55.675534810243896,54.68588638305664,58.6765781084825,aditivo,1.0,v1.0.0
e8aeb018-f679-5670-b210-de4f62ff2111,d6f21f11-7533-52dd-a4dc-2fb8e260c02c,d2f08f15-f9f2-5f65-a740-b05896774467,Antiulceroso,2026-06-29T14:26:45.094938+00:00,2026-06-08,5,55.675534810243896,54.68588638305664,58.67730637192726,aditivo,1.0,v1.0.0
e8aeb018-f679-5670-b210-de4f62ff2111,d6f21f11-7533-52dd-a4dc-2fb8e260c02c,d2f08f15-f9f2-5f65-a740-b05896774467,Antiulceroso,2026-06-29T14:26:45.094938+00:00,2026-06-15,6,55.675534810243896,54.68588638305664,58.338740669514884,aditivo,1.0,v1.0.0
e8aeb018-f679-5670-b210-de4f62ff2111,d6f21f11-7533-52dd-a4dc-2fb8e260c02c,d2f08f15-f9f2-5f65-a740-b05896774467,Antiulceroso,2026-06-29T14:26:45.094938+00:00,2026-06-22,7,55.675534810243896,54.68588638305664,58.78266936317226,aditivo,1.0,v1.0.0
e8aeb018-f679-5670-b210-de4f62ff2111,d6f21f11-7533-52dd-a4dc-2fb8e260c02c,d2f08f15-f9f2-5f65-a740-b05896774467,Antiulceroso,2026-06-29T14:26:45.094938+00:00,2026-06-29,8,55.675534810243896,54.68588638305664,58.783433972067385,aditivo,1.0,v1.0.0
e8aeb018-f679-5670-b210-de4f62ff2111,d6f21f11-7533-52dd-a4dc-2fb8e260c02c,d2f08f15-f9f2-5f65-a740-b05896774467,Antiulceroso,2026-06-29T14:26:45.094938+00:00,2026-07-06,9,55.675534810243896,54.68588638305664,58.7841872259307,aditivo,1.0,v1.0.0
e8aeb018-f679-5670-b210-de4f62ff2111,d6f21f11-7533-52dd-a4dc-2fb8e260c02c,d2f08f15-f9f2-5f65-a740-b05896774467,Antiulceroso,2026-06-29T14:26:45.094938+00:00,2026-07-13,10,55.675534810243896,54.68588638305664,58.78492937813865,aditivo,1.0,v1.0.0
e8aeb018-f679-5670-b210-de4f62ff2111,d6f21f11-7533-52dd-a4dc-2fb8e260c02c,d2f08f15-f9f2-5f65-a740-b05896774467,Antiulceroso,2026-06-29T14:26:45.094938+00:00,2026-07-20,11,55.675534810243896,54.68588638305664,58.57422342447513,aditivo,1.0,v1.0.0
e8aeb018-f679-5670-b210-de4f62ff2111,d6f21f11-7533-52dd-a4dc-2fb8e260c02c,d2f08f15-f9f2-5f65-a740-b05896774467,Antiulceroso,2026-06-29T14:26:45.094938+00:00,2026-07-27,12,55.675534810243896,54.68588638305664,58.57481488864758,aditivo,1.0,v1.0.0
e8aeb018-f679-5670-b210-de4f62ff2111,d6f21f11-7533-52dd-a4dc-2fb8e260c02c,d3961f5a-3ea7-53d3-89f4-78b65b0c0c6b,Analgésico,2026-06-29T14:26:45.094938+00:00,2026-05-11,1,99.57790917392543,96.19032287597656,111.71908949340985,aditivo,1.5,v1.0.0
e8aeb018-f679-5670-b210-de4f62ff2111,d6f21f11-7533-52dd-a4dc-2fb8e260c02c,d3961f5a-3ea7-53d3-89f4-78b65b0c0c6b,Analgésico,2026-06-29T14:26:45.094938+00:00,2026-05-18,2,102.42252953928153,102.1832504272461,113.76303218453663,aditivo,1.5,v1.0.0
e8aeb018-f679-5670-b210-de4f62ff2111,d6f21f11-7533-52dd-a4dc-2fb8e260c02c,d3961f5a-3ea7-53d3-89f4-78b65b0c0c6b,Analgésico,2026-06-29T14:26:45.094938+00:00,2026-05-25,3,102.03563430649194,102.1832504272461,113.37460618328578,aditivo,1.5,v1.0.0
e8aeb018-f679-5670-b210-de4f62ff2111,d6f21f11-7533-52dd-a4dc-2fb8e260c02c,d3961f5a-3ea7-53d3-89f4-78b65b0c0c6b,Analgésico,2026-06-29T14:26:45.094938+00:00,2026-06-01,4,101.37036625560481,112.59508514404297,132.61880015519233,aditivo,1.5,v1.0.0
e8aeb018-f679-5670-b210-de4f62ff2111,d6f21f11-7533-52dd-a4dc-2fb8e260c02c,d3961f5a-3ea7-53d3-89f4-78b65b0c0c6b,Analgésico,2026-06-29T14:26:45.094938+00:00,2026-06-08,5,103.84374037974973,117.78421020507812,141.29908520873545,aditivo,1.5,v1.0.0
e8aeb018-f679-5670-b210-de4f62ff2111,d6f21f11-7533-52dd-a4dc-2fb8e260c02c,d3961f5a-3ea7-53d3-89f4-78b65b0c0c6b,Analgésico,2026-06-29T14:26:45.094938+00:00,2026-06-15,6,104.32163042451589,117.78421020507812,142.61836967987975,aditivo,1.5,v1.0.0
e8aeb018-f679-5670-b210-de4f62ff2111,d6f21f11-7533-52dd-a4dc-2fb8e260c02c,d3961f5a-3ea7-53d3-89f4-78b65b0c0c6b,Analgésico,2026-06-29T14:26:45.094938+00:00,2026-06-22,7,107.05421060110255,116.75763702392578,146.37201410713493,aditivo,1.5,v1.0.0
e8aeb018-f679-5670-b210-de4f62ff2111,d6f21f11-7533-52dd-a4dc-2fb8e260c02c,d3961f5a-3ea7-53d3-89f4-78b65b0c0c6b,Analgésico,2026-06-29T14:26:45.094938+00:00,2026-06-29,8,103.97454716819891,119.0318832397461,140.57407982773555,aditivo,1.5,v1.0.0
e8aeb018-f679-5670-b210-de4f62ff2111,d6f21f11-7533-52dd-a4dc-2fb8e260c02c,d3961f5a-3ea7-53d3-89f4-78b65b0c0c6b,Analgésico,2026-06-29T14:26:45.094938+00:00,2026-07-06,9,106.0704705040629,118.7293701171875,142.72787552553226,aditivo,1.5,v1.0.0
e8aeb018-f679-5670-b210-de4f62ff2111,d6f21f11-7533-52dd-a4dc-2fb8e260c02c,d3961f5a-3ea7-53d3-89f4-78b65b0c0c6b,Analgésico,2026-06-29T14:26:45.094938+00:00,2026-07-13,10,105.55166648802269,118.7293701171875,142.27119514736864,aditivo,1.5,v1.0.0
e8aeb018-f679-5670-b210-de4f62ff2111,d6f21f11-7533-52dd-a4dc-2fb8e260c02c,d3961f5a-3ea7-53d3-89f4-78b65b0c0c6b,Analgésico,2026-06-29T14:26:45.094938+00:00,2026-07-20,11,107.0193683558433,118.7293701171875,143.7990072947817,aditivo,1.5,v1.0.0
e8aeb018-f679-5670-b210-de4f62ff2111,d6f21f11-7533-52dd-a4dc-2fb8e260c02c,d3961f5a-3ea7-53d3-89f4-78b65b0c0c6b,Analgésico,2026-06-29T14:26:45.094938+00:00,2026-07-27,12,107.33485379655404,118.0352783203125,145.42727792029996,aditivo,1.5,v1.0.0
e8aeb018-f679-5670-b210-de4f62ff2111,d6f21f11-7533-52dd-a4dc-2fb8e260c02c,d9506935-1215-5499-93c0-8bdd86ab9418,Analgésico,2026-06-29T14:26:45.094938+00:00,2026-05-11,1,12.733884247569266,18.10791778564453,15.603627649980565,aditivo,1.5,v1.0.0
e8aeb018-f679-5670-b210-de4f62ff2111,d6f21f11-7533-52dd-a4dc-2fb8e260c02c,d9506935-1215-5499-93c0-8bdd86ab9418,Analgésico,2026-06-29T14:26:45.094938+00:00,2026-05-18,2,12.733884247569266,17.068864822387695,15.333751232254341,aditivo,1.5,v1.0.0
e8aeb018-f679-5670-b210-de4f62ff2111,d6f21f11-7533-52dd-a4dc-2fb8e260c02c,d9506935-1215-5499-93c0-8bdd86ab9418,Analgésico,2026-06-29T14:26:45.094938+00:00,2026-05-25,3,12.733884247569266,16.731460571289062,15.336724057398646,aditivo,1.5,v1.0.0
e8aeb018-f679-5670-b210-de4f62ff2111,d6f21f11-7533-52dd-a4dc-2fb8e260c02c,d9506935-1215-5499-93c0-8bdd86ab9418,Analgésico,2026-06-29T14:26:45.094938+00:00,2026-06-01,4,12.733884247569266,16.731460571289062,15.339654267005997,aditivo,1.5,v1.0.0
e8aeb018-f679-5670-b210-de4f62ff2111,d6f21f11-7533-52dd-a4dc-2fb8e260c02c,d9506935-1215-5499-93c0-8bdd86ab9418,Analgésico,2026-06-29T14:26:45.094938+00:00,2026-06-08,5,12.733884247569266,16.731460571289062,15.638634883792939,aditivo,1.5,v1.0.0
e8aeb018-f679-5670-b210-de4f62ff2111,d6f21f11-7533-52dd-a4dc-2fb8e260c02c,d9506935-1215-5499-93c0-8bdd86ab9418,Analgésico,2026-06-29T14:26:45.094938+00:00,2026-06-15,6,12.733884247569266,16.673856735229492,15.59325638603542,aditivo,1.5,v1.0.0
e8aeb018-f679-5670-b210-de4f62ff2111,d6f21f11-7533-52dd-a4dc-2fb8e260c02c,d9506935-1215-5499-93c0-8bdd86ab9418,Analgésico,2026-06-29T14:26:45.094938+00:00,2026-06-22,7,12.733884247569266,16.673856735229492,15.645842393359208,aditivo,1.5,v1.0.0
e8aeb018-f679-5670-b210-de4f62ff2111,d6f21f11-7533-52dd-a4dc-2fb8e260c02c,d9506935-1215-5499-93c0-8bdd86ab9418,Analgésico,2026-06-29T14:26:45.094938+00:00,2026-06-29,8,12.733884247569266,16.800430297851562,15.649412608976586,aditivo,1.5,v1.0.0
e8aeb018-f679-5670-b210-de4f62ff2111,d6f21f11-7533-52dd-a4dc-2fb8e260c02c,d9506935-1215-5499-93c0-8bdd86ab9418,Analgésico,2026-06-29T14:26:45.094938+00:00,2026-07-06,9,12.733884247569266,16.673856735229492,15.652934198303074,aditivo,1.5,v1.0.0
e8aeb018-f679-5670-b210-de4f62ff2111,d6f21f11-7533-52dd-a4dc-2fb8e260c02c,d9506935-1215-5499-93c0-8bdd86ab9418,Analgésico,2026-06-29T14:26:45.094938+00:00,2026-07-13,10,12.733884247569266,16.673856735229492,15.656408186991777,aditivo,1.5,v1.0.0
e8aeb018-f679-5670-b210-de4f62ff2111,d6f21f11-7533-52dd-a4dc-2fb8e260c02c,d9506935-1215-5499-93c0-8bdd86ab9418,Analgésico,2026-06-29T14:26:45.094938+00:00,2026-07-20,11,12.733884247569266,16.673856735229492,15.58440750873698,aditivo,1.5,v1.0.0
e8aeb018-f679-5670-b210-de4f62ff2111,d6f21f11-7533-52dd-a4dc-2fb8e260c02c,d9506935-1215-5499-93c0-8bdd86ab9418,Analgésico,2026-06-29T14:26:45.094938+00:00,2026-07-27,12,12.733884247569266,16.78760528564453,15.587583747904114,aditivo,1.5,v1.0.0
